 5.00000000e-13  6.39565952e-01  5.00000000e-13  1.66399305e+00 
 5.27016004e-13  6.39799770e-01  5.27016004e-13  1.64865107e+00 
 5.81048011e-13  6.41300059e-01  5.81048011e-13  1.64098132e+00 
 6.89112026e-13  6.44093105e-01  6.89112026e-13  1.71889987e+00 
 9.05240056e-13  6.47081064e-01  9.05240056e-13  1.92414511e+00 
 1.20850235e-12  6.50634426e-01  1.20850235e-12  2.06880735e+00 
 1.69978067e-12  6.55206243e-01  1.69978067e-12  2.11792774e+00 
 2.43565701e-12  6.60341504e-01  2.43565701e-12  2.10789610e+00 
 3.84945534e-12  6.63150721e-01  3.84945534e-12  2.05301638e+00 
 6.52092674e-12  6.47984073e-01  6.52092674e-12  1.86284982e+00 
 1.01219609e-11  5.92260322e-01  1.01219609e-11  1.55425696e+00 
 1.54226208e-11  4.62181859e-01  1.54226208e-11  1.10745429e+00 
 2.37458061e-11  2.15933899e-01  2.37458061e-11  5.37305806e-01 
 3.68729031e-11  2.12776904e-02  3.68729031e-11  1.50162462e-01 
 5.00000000e-11  1.27823512e-02  5.00000000e-11  8.65778313e-02 
 5.25563792e-11  1.11251515e-02  5.25563792e-11  8.14302870e-02 
 5.76691375e-11  8.39889617e-03  5.76691375e-11  7.07728256e-02 
 6.78946542e-11  4.89843436e-03  6.78946542e-11  5.14052307e-02 
 8.83456877e-11  1.41370247e-03  8.83456877e-11  2.45250022e-02 
 1.29247755e-10 -7.62253097e-05  1.29247755e-10  7.54474084e-03 
 1.64623877e-10 -9.84142690e-05  1.64623877e-10  2.30569243e-03 
 2.00000000e-10  6.49805367e-04  2.00000000e-10  1.95607873e-03 
 2.05000000e-10  3.60556072e-04  2.05000000e-10  1.74820470e-03 
 2.15000000e-10 -4.13488315e-04  2.15000000e-10  1.75099985e-03 
 2.35000000e-10 -3.87470736e-04  2.35000000e-10  1.89032587e-03 
 2.75000000e-10  3.05453594e-04  2.75000000e-10  7.47240816e-04 
 3.22470153e-10 -2.05950401e-04  3.22470153e-10 -2.05599777e-03 
 3.66542821e-10  1.36825962e-04  3.66542821e-10  9.68054182e-04 
 4.16542821e-10 -9.79191184e-05  4.16542821e-10 -2.67246120e-04 
 4.66542821e-10  7.24506951e-05  4.66542821e-10  2.64118825e-04 
 5.16542821e-10 -5.47568894e-05  5.16542821e-10 -1.59495296e-04 
 5.66542821e-10  4.24924100e-05  5.66542821e-10  1.02207551e-04 
 6.16542821e-10 -3.33530216e-05  6.16542821e-10 -5.13171419e-05 
 6.66542821e-10  2.67832993e-05  6.66542821e-10  1.19418749e-05 
 7.16542821e-10 -2.16005087e-05  7.16542821e-10  2.04832720e-05 
 7.66542821e-10  1.78320478e-05  7.66542821e-10 -4.68511392e-05 
 8.16542821e-10 -1.46898243e-05  8.16542821e-10  6.85373484e-05 
 8.66542821e-10  1.24306512e-05  8.66542821e-10 -8.62574263e-05 
 9.16542821e-10 -1.04151723e-05  9.16542821e-10  1.00781064e-04 
 9.66542821e-10  9.00801174e-06  9.66542821e-10 -1.12540618e-04 
 1.01654282e-09 -7.64164015e-06  1.01654282e-09  1.22067761e-04 
 1.06654282e-09  6.73430706e-06  1.06654282e-09 -1.29629427e-04 
 1.11654282e-09 -5.75597550e-06  1.11654282e-09  1.35620967e-04 
 1.16654282e-09  5.15310410e-06  1.16654282e-09 -1.40204372e-04 
 1.21654282e-09 -4.41591956e-06  1.21654282e-09  1.43686494e-04 
 1.26654282e-09  4.00604787e-06  1.26654282e-09 -1.46151420e-04 
 1.31654282e-09 -3.42512995e-06  1.31654282e-09  1.47873010e-04 
 1.36654282e-09  3.14313894e-06  1.36654282e-09 -1.48845001e-04 
 1.41654282e-09 -2.66797774e-06  1.41654282e-09  1.49317063e-04 
 1.46654282e-09  2.47440999e-06  1.46654282e-09 -1.49249711e-04 
 1.51654282e-09 -2.07386610e-06  1.51654282e-09  1.48855054e-04 
 1.56654282e-09  1.94392766e-06  1.56654282e-09 -1.48071702e-04 
 1.61654282e-09 -1.59810117e-06  1.61654282e-09  1.47083782e-04 
 1.66654282e-09  1.51563848e-06  1.66654282e-09 -1.45815749e-04 
 1.71654282e-09 -1.21129602e-06  1.71654282e-09  1.44429914e-04 
 1.76654282e-09  1.16534746e-06  1.76654282e-09 -1.42841962e-04 
 1.81654282e-09 -8.93326006e-07  1.81654282e-09  1.41196996e-04 
 1.86654282e-09  8.76153169e-07  1.86654282e-09 -1.39405679e-04 
 1.91654282e-09 -6.29861929e-07  1.91654282e-09  1.37599447e-04 
 1.96654282e-09  6.35800213e-07  1.96654282e-09 -1.35686525e-04 
 2.01654282e-09 -4.10334477e-07  2.01654282e-09  1.33787422e-04 
 2.06654282e-09  4.35104162e-07  2.06654282e-09 -1.31809674e-04 
 2.11654282e-09 -2.26706575e-07  2.11654282e-09  1.29864989e-04 
 2.16654282e-09  2.66987805e-07  2.16654282e-09 -1.27861365e-04 
 2.21654282e-09 -7.27106184e-08  2.21654282e-09  1.25903360e-04 
 2.26654282e-09  1.25872549e-07  2.26654282e-09 -1.23900174e-04 
 2.31654282e-09  5.66410947e-08  2.31654282e-09  1.21950502e-04 
 2.36654282e-09  7.28143608e-09  2.36654282e-09 -1.19965185e-04 
 2.41654282e-09  1.65381238e-07  2.41654282e-09  1.18038065e-04 
 2.46654282e-09 -9.24290345e-08  2.46654282e-09 -1.16081862e-04 
 2.51654282e-09  2.56810530e-07  2.51654282e-09  1.14186365e-04 
 2.56654282e-09 -1.76255972e-07  2.56654282e-09 -1.12266266e-04 
 2.61654282e-09  3.33655950e-07  2.61654282e-09  1.10407936e-04 
 2.66654282e-09 -2.46684892e-07  2.66654282e-09 -1.08528041e-04 
 2.71654282e-09  3.98186495e-07  2.71654282e-09  1.06710045e-04 
 2.76654282e-09 -3.05789859e-07  2.76654282e-09 -1.04872531e-04 
 2.81654282e-09  4.52300184e-07  2.81654282e-09  1.03096467e-04 
 2.86654282e-09 -3.55309453e-07  2.86654282e-09 -1.01302254e-04 
 2.91654282e-09  4.97590973e-07  2.91654282e-09  9.95687062e-05 
 2.96654282e-09 -3.96706071e-07  2.96654282e-09 -9.78179240e-05 
 3.01654282e-09  5.35401406e-07  3.01654282e-09  9.61268453e-05 
 3.06654282e-09 -4.31212851e-07  3.06654282e-09 -9.44191432e-05 
 3.11654282e-09  5.66864657e-07  3.11654282e-09  9.27701143e-05 
 3.16654282e-09 -4.59871496e-07  3.16654282e-09 -9.11048711e-05 
 3.21654282e-09  5.92938641e-07  3.21654282e-09  8.94972684e-05 
 3.26654282e-09 -4.83563076e-07  3.26654282e-09 -8.78737277e-05 
 3.31654282e-09  6.14433946e-07  3.31654282e-09  8.63068321e-05 
 3.36654282e-09 -5.03033433e-07  3.36654282e-09 -8.47241868e-05 
 3.41654282e-09  6.32036974e-07  3.41654282e-09  8.31972501e-05 
 3.46654282e-09 -5.18914388e-07  3.46654282e-09 -8.16546927e-05 
 3.51654282e-09  6.46329334e-07  3.51654282e-09  8.01669764e-05 
 3.56654282e-09 -5.31741257e-07  3.56654282e-09 -7.86637265e-05 
 3.61654282e-09  6.57803812e-07  3.61654282e-09  7.72145208e-05 
 3.66654282e-09 -5.41967765e-07  3.66654282e-09 -7.57498379e-05 
 3.71654282e-09  6.66878125e-07  3.71654282e-09  7.43384701e-05 
 3.76654282e-09 -5.49978461e-07  3.76654282e-09 -7.29116558e-05 
 3.81654282e-09  6.73906357e-07  3.81654282e-09  7.15374905e-05 
 3.86654282e-09 -5.56099388e-07  3.86654282e-09 -7.01478870e-05 
 3.91654282e-09  6.79188723e-07  3.91654282e-09  6.88103224e-05 
 3.96654282e-09 -5.60606936e-07  3.96654282e-09 -6.74573067e-05 
 4.01654282e-09  6.82979704e-07  4.01654282e-09  6.61557686e-05 
 4.06654282e-09 -5.63735484e-07  4.06654282e-09 -6.48387457e-05 
 4.11654282e-09  6.85495171e-07  4.11654282e-09  6.35726811e-05 
 4.16654282e-09 -5.65683835e-07  4.16654282e-09 -6.22910772e-05 
 4.21654282e-09  6.86918216e-07  4.21654282e-09  6.10599478e-05 
 4.26654282e-09 -5.66620646e-07  4.26654282e-09 -5.98132033e-05 
 4.31654282e-09  6.87404267e-07  4.31654282e-09  5.86164793e-05 
 4.36654282e-09 -5.66689141e-07  4.36654282e-09 -5.74040436e-05 
 4.41654282e-09  6.87085249e-07  4.41654282e-09  5.62411987e-05 
 4.46654282e-09 -5.66010885e-07  4.46654282e-09 -5.50625246e-05 
 4.51654282e-09  6.86073302e-07  4.51654282e-09  5.39330318e-05 
 4.56654282e-09 -5.64689350e-07  4.56654282e-09 -5.27875720e-05 
 4.61654282e-09  6.84463843e-07  4.61654282e-09  5.16909002e-05 
 4.66654282e-09 -5.62812531e-07  4.66654282e-09 -5.05781038e-05 
 4.71654282e-09  6.82338114e-07  4.71654282e-09  4.95137156e-05 
 4.76654282e-09 -5.60455448e-07  4.76654282e-09 -4.84330262e-05 
 4.81654282e-09  6.79765358e-07  4.81654282e-09  4.74003758e-05 
 4.86654282e-09 -5.57682111e-07  4.86654282e-09 -4.63512299e-05 
 4.91654282e-09  6.76804827e-07  4.91654282e-09  4.53497625e-05 
 4.96654282e-09 -5.54547302e-07  4.96654282e-09 -4.43315887e-05 
 5.01654282e-09  6.73507186e-07  5.01654282e-09  4.33607400e-05 
 5.06654282e-09 -5.51097971e-07  5.06654282e-09 -4.23729585e-05 
 5.11654282e-09  6.69915933e-07  5.11654282e-09  4.14321545e-05 
 5.16654282e-09 -5.47374418e-07  5.16654282e-09 -4.04741776e-05 
 5.21654282e-09  6.66068491e-07  5.21654282e-09  3.95628353e-05 
 5.26654282e-09 -5.43411424e-07  5.26654282e-09 -3.86340673e-05 
 5.31654282e-09  6.61997175e-07  5.31654282e-09  3.77515955e-05 
 5.36654282e-09 -5.39239023e-07  5.36654282e-09 -3.68514340e-05 
 5.41654282e-09  6.57729916e-07  5.41654282e-09  3.59972339e-05 
 5.46654282e-09 -5.34883253e-07  5.46654282e-09 -3.51250704e-05 
 5.51654282e-09  6.53291042e-07  5.51654282e-09  3.42985369e-05 
 5.56654282e-09 -5.30366821e-07  5.56654282e-09 -3.34537579e-05 
 5.61654282e-09  6.48701742e-07  5.61654282e-09  3.26542807e-05 
 5.66654282e-09 -5.25709538e-07  5.66654282e-09 -3.18362689e-05 
 5.71654282e-09  6.43980567e-07  5.71654282e-09  3.10632340e-05 
 5.76654282e-09 -5.20928806e-07  5.76654282e-09 -3.02713694e-05 
 5.81654282e-09  6.39143862e-07  5.81654282e-09  2.95241600e-05 
 5.86654282e-09 -5.16039974e-07  5.86654282e-09 -2.87578213e-05 
 5.91654282e-09  6.34206030e-07  5.91654282e-09  2.80358193e-05 
 5.96654282e-09 -5.11056599e-07  5.96654282e-09 -2.72943850e-05 
 6.01654282e-09  6.29179926e-07  6.01654282e-09  2.65969721e-05 
 6.06654282e-09 -5.05990834e-07  6.06654282e-09 -2.58798216e-05 
 6.11654282e-09  6.24076946e-07  6.11654282e-09  2.52063809e-05 
 6.16654282e-09 -5.00853444e-07  6.16654282e-09 -2.45128956e-05 
 6.21654282e-09  6.18907340e-07  6.21654282e-09  2.38628123e-05 
 6.26654282e-09 -4.95654139e-07  6.26654282e-09 -2.31923769e-05 
 6.31654282e-09  6.13680306e-07  6.31654282e-09  2.25650395e-05 
 6.36654282e-09 -4.90401705e-07  6.36654282e-09 -2.19170429e-05 
 6.41654282e-09  6.08404233e-07  6.41654282e-09  2.13118442e-05 
 6.46654282e-09 -4.85104084e-07  6.46654282e-09 -2.06856803e-05 
 6.51654282e-09  6.03086648e-07  6.51654282e-09  2.01020185e-05 
 6.56654282e-09 -4.79768461e-07  6.56654282e-09 -1.94970873e-05 
 6.61654282e-09  5.97734429e-07  6.61654282e-09  1.89343668e-05 
 6.66654282e-09 -4.74401451e-07  6.66654282e-09 -1.83500749e-05 
 6.71654282e-09  5.92353934e-07  6.71654282e-09  1.78077070e-05 
 6.76654282e-09 -4.69009125e-07  6.76654282e-09 -1.72434686e-05 
 6.81654282e-09  5.86950971e-07  6.81654282e-09  1.67208721e-05 
 6.86654282e-09 -4.63597053e-07  6.86654282e-09 -1.61761096e-05 
 6.91654282e-09  5.81530889e-07  6.91654282e-09  1.56727118e-05 
 6.96654282e-09 -4.58170403e-07  6.96654282e-09 -1.51468562e-05 
 7.01654282e-09  5.76098647e-07  7.01654282e-09  1.46620932e-05 
 7.06654282e-09 -4.52733908e-07  7.06654282e-09 -1.41545848e-05 
 7.11654282e-09  5.70658836e-07  7.11654282e-09  1.36879020e-05 
 7.16654282e-09 -4.47292018e-07  7.16654282e-09 -1.31981908e-05 
 7.21654282e-09  5.65215711e-07  7.21654282e-09  1.27490433e-05 
 7.26654282e-09 -4.41848838e-07  7.26654282e-09 -1.22765893e-05 
 7.31654282e-09  5.59773246e-07  7.31654282e-09  1.18444424e-05 
 7.36654282e-09 -4.36408200e-07  7.36654282e-09 -1.13887162e-05 
 7.41654282e-09  5.54335167e-07  7.41654282e-09  1.09730457e-05 
 7.46654282e-09 -4.30973709e-07  7.46654282e-09 -1.05335283e-05 
 7.51654282e-09  5.48904935e-07  7.51654282e-09  1.01338207e-05 
 7.56654282e-09 -4.25548710e-07  7.56654282e-09 -9.71000411e-06 
 7.61654282e-09  5.43485797e-07  7.61654282e-09  9.32575699e-06 
 7.66654282e-09 -4.20136356e-07  7.66654282e-09 -8.91714424e-06 
 7.71654282e-09  5.38080779e-07  7.71654282e-09  8.54786602e-06 
 7.76654282e-09 -4.14739554e-07  7.76654282e-09 -8.15397144e-06 
 7.81654282e-09  5.32692733e-07  7.81654282e-09  7.79918197e-06 
 7.86654282e-09 -4.09361074e-07  7.86654282e-09 -7.41953117e-06 
 7.91654282e-09  5.27324318e-07  7.91654282e-09  7.07876142e-06 
 7.96654282e-09 -4.04003513e-07  7.96654282e-09 -6.71289137e-06 
 8.01654282e-09  5.21978074e-07  8.01654282e-09  6.38568383e-06 
 8.06654282e-09 -3.98669308e-07  8.06654282e-09 -6.03314285e-06 
 8.11654282e-09  5.16656315e-07  8.11654282e-09  5.71905129e-06 
 8.16654282e-09 -3.93360699e-07  8.16654282e-09 -5.37939911e-06 
 8.21654282e-09  5.11361256e-07  8.21654282e-09  5.07798868e-06 
 8.26654282e-09 -3.88079830e-07  8.26654282e-09 -4.75079640e-06 
 8.31654282e-09  5.06094963e-07  8.31654282e-09  4.46164357e-06 
 8.36654282e-09 -3.82828748e-07  8.36654282e-09 -4.14649354e-06 
 8.41654282e-09  5.00859401e-07  8.41654282e-09  3.86918600e-06 
 8.46654282e-09 -3.77609265e-07  8.46654282e-09 -3.56567183e-06 
 8.51654282e-09  4.95656316e-07  8.51654282e-09  3.29980847e-06 
 8.56654282e-09 -3.72423156e-07  8.56654282e-09 -3.00753485e-06 
 8.61654282e-09  4.90487465e-07  8.61654282e-09  2.75272559e-06 
 8.66654282e-09 -3.67272076e-07  8.66654282e-09 -2.47130826e-06 
 8.71654282e-09  4.85354424e-07  8.71654282e-09  2.22717396e-06 
 8.76654282e-09 -3.62157550e-07  8.76654282e-09 -1.95623947e-06 
 8.81654282e-09  4.80258654e-07  8.81654282e-09  1.72241177e-06 
 8.86654282e-09 -3.57081005e-07  8.86654282e-09 -1.46159742e-06 
 8.91654282e-09  4.75201541e-07  8.91654282e-09  1.23771863e-06 
 8.96654282e-09 -3.52043777e-07  8.96654282e-09 -9.86672265e-07 
 9.01654282e-09  4.70184402e-07  9.01654282e-09  7.72395163e-07 
 9.06654282e-09 -3.47047127e-07  9.06654282e-09 -5.30775029e-07 
 9.11654282e-09  4.65208422e-07  9.11654282e-09  3.25762725e-07 
 9.16654282e-09 -3.42092196e-07  9.16654282e-09 -9.32372832e-08 
 9.21654282e-09  4.60274699e-07  9.21654282e-09 -1.02837067e-07 
 9.26654282e-09 -3.37180050e-07  9.26654282e-09  3.26589342e-07 
 9.31654282e-09  4.55384286e-07  9.31654282e-09 -5.14042537e-07 
 9.36654282e-09 -3.32311686e-07  9.36654282e-09  7.29333343e-07 
 9.41654282e-09  4.50538077e-07  9.41654282e-09 -9.08472512e-07 
 9.46654282e-09 -3.27487978e-07  9.46654282e-09  1.11560388e-06 
 9.51654282e-09  4.45737001e-07  9.51654282e-09 -1.28672663e-06 
 9.56654282e-09 -3.22709811e-07  9.56654282e-09  1.48599121e-06 
 9.61654282e-09  4.40981841e-07  9.61654282e-09 -1.64938574e-06 
 9.66654282e-09 -3.17977930e-07  9.66654282e-09  1.84106692e-06 
 9.71654282e-09  4.36273321e-07  9.71654282e-09 -1.99701235e-06 
 9.76654282e-09 -3.13293040e-07  9.76654282e-09  2.18138453e-06 
 9.81654282e-09  4.31612125e-07  9.81654282e-09 -2.33015103e-06 
 9.86654282e-09 -3.08655765e-07  9.86654282e-09  2.50747979e-06 
 9.91654282e-09  4.26998840e-07  9.91654282e-09 -2.64932892e-06 
 9.95827141e-09 -3.03614515e-07  9.95827141e-09  2.85010748e-06 
 1.00000000e-08  4.21534991e-07  1.00000000e-08 -3.01410772e-06 
 1.00050000e-08 -9.20939329e-06  1.00050000e-08 -7.52495307e-05 
 1.00150000e-08  8.97791282e-06  1.00150000e-08  1.74530493e-05 
 1.00350000e-08  7.71195741e-07  1.00350000e-08  2.38700216e-05 
 1.00750000e-08 -3.80027615e-06  1.00750000e-08  9.45065736e-06 
 1.01250000e-08  2.23950476e-05  1.01250000e-08  1.42532934e-04 
 1.01625000e-08  3.02076412e-06  1.01625000e-08  1.30644039e-04 
 1.02000000e-08 -2.97634186e-04  1.02000000e-08 -1.76234419e-04 
 1.02050000e-08 -2.77833481e-04  1.02050000e-08 -4.10986312e-04 
 1.02150000e-08  1.15143597e-04  1.02150000e-08 -8.47083311e-04 
 1.02350000e-08  5.56182138e-04  1.02350000e-08 -1.13888144e-03 
 1.02717511e-08 -4.40921103e-04  1.02717511e-08  1.50282208e-04 
 1.03128007e-08  2.51360004e-04  1.03128007e-08  1.03198860e-03 
 1.03571893e-08 -1.15439103e-04  1.03571893e-08  1.75151391e-04 
 1.04071893e-08  3.61601044e-05  1.04071893e-08 -4.62324569e-04 
 1.04571893e-08  1.74375021e-05  1.04571893e-08  2.28429381e-04 
 1.05071893e-08 -5.14213606e-05  1.05071893e-08 -2.47559080e-04 
 1.05571893e-08  7.31463387e-05  1.05571893e-08  2.49460293e-04 
 1.06071893e-08 -8.54862175e-05  1.06071893e-08 -2.55259780e-04 
 1.06571893e-08  9.21290909e-05  1.06571893e-08  2.64116815e-04 
 1.07071893e-08 -9.40965492e-05  1.07071893e-08 -2.66628133e-04 
 1.07571893e-08  9.35489043e-05  1.07571893e-08  2.70958954e-04 
 1.08071893e-08 -9.05455614e-05  1.08071893e-08 -2.70692804e-04 
 1.08571893e-08  8.66736880e-05  1.08571893e-08  2.71313603e-04 
 1.09071893e-08 -8.15852411e-05  1.09071893e-08 -2.69184959e-04 
 1.09571893e-08  7.63871608e-05  1.09571893e-08  2.67349291e-04 
 1.10071893e-08 -7.06498182e-05  1.10071893e-08 -2.63619500e-04 
 1.10571893e-08  6.52094672e-05  1.10571893e-08  2.60259933e-04 
 1.11071893e-08 -5.95700021e-05  1.11071893e-08 -2.55618277e-04 
 1.11571893e-08  5.44197902e-05  1.11571893e-08  2.51269444e-04 
 1.12071893e-08 -4.92349649e-05  1.12071893e-08 -2.46034506e-04 
 1.12571893e-08  4.46193221e-05  1.12571893e-08  2.41099087e-04 
 1.13071893e-08 -4.00336937e-05  1.13071893e-08 -2.35548365e-04 
 1.13571893e-08  3.60355683e-05  1.13571893e-08  2.30305719e-04 
 1.14071893e-08 -3.20786559e-05  1.14071893e-08 -2.24636931e-04 
 1.14571893e-08  2.86951450e-05  1.14571893e-08  2.19279888e-04 
 1.15071893e-08 -2.53369566e-05  1.15071893e-08 -2.13630160e-04 
 1.15571893e-08  2.25224732e-05  1.15571893e-08  2.08289960e-04 
 1.16071893e-08 -1.97051655e-05  1.16071893e-08 -2.02751556e-04 
 1.16571893e-08  1.73958670e-05  1.16571893e-08  1.97515378e-04 
 1.17071893e-08 -1.50515388e-05  1.17071893e-08 -1.92147828e-04 
 1.17571893e-08  1.31788434e-05  1.17571893e-08  1.87071411e-04 
 1.18071893e-08 -1.12392214e-05  1.18071893e-08 -1.81910695e-04 
 1.18571893e-08  9.73696207e-06  1.18571893e-08  1.77027506e-04 
 1.19071893e-08 -8.13835270e-06  1.19071893e-08 -1.72092908e-04 
 1.19571893e-08  6.94624514e-06  1.19571893e-08  1.67420803e-04 
 1.20071893e-08 -5.63175266e-06  1.20071893e-08 -1.62719993e-04 
 1.20571893e-08  4.69675844e-06  1.20571893e-08  1.58266058e-04 
 1.21071893e-08 -3.61695683e-06  1.21071893e-08 -1.53798807e-04 
 1.21571893e-08  2.89348202e-06  1.21571893e-08  1.49562851e-04 
 1.22071893e-08 -2.00624783e-06  1.22071893e-08 -1.45323737e-04 
 1.22571893e-08  1.45573050e-06  1.22571893e-08  1.41300805e-04 
 1.23071893e-08 -7.25654385e-07  1.23071893e-08 -1.37281150e-04 
 1.23571893e-08  3.15865790e-07  1.23571893e-08  1.33463310e-04 
 1.24071893e-08  2.86514256e-07  1.24071893e-08 -1.29652551e-04 
 1.24571893e-08 -5.82268959e-07  1.24571893e-08  1.26030156e-04 
 1.25071893e-08  1.08127512e-06  1.25071893e-08 -1.22416803e-04 
 1.25571893e-08 -1.28495386e-06  1.25571893e-08  1.18979357e-04 
 1.26071893e-08  1.70054229e-06  1.26071893e-08 -1.15551646e-04 
 1.26571893e-08 -1.83010758e-06  1.26571893e-08  1.12288406e-04 
 1.27071893e-08  2.17857227e-06  1.27071893e-08 -1.09034730e-04 
 1.27571893e-08 -2.24865316e-06  1.27571893e-08  1.05935091e-04 
 1.28071893e-08  2.54324533e-06  1.28071893e-08 -1.02844275e-04 
 1.28571893e-08 -2.56571283e-06  1.28571893e-08  9.98980196e-05 
 1.29071893e-08  2.81717402e-06  1.29071893e-08 -9.69594865e-05 
 1.29571893e-08 -2.80163192e-06  1.29571893e-08  9.41569332e-05 
 1.30071893e-08  3.01864562e-06  1.30071893e-08 -9.13607837e-05 
 1.30571893e-08 -2.97284357e-06  1.30571893e-08  8.86928638e-05 
 1.31071893e-08  3.16241331e-06  1.31071893e-08 -8.60299121e-05 
 1.31571893e-08 -3.09259099e-06  1.31571893e-08  8.34881973e-05 
 1.32071893e-08  3.26035413e-06  1.32071893e-08 -8.09499669e-05 
 1.32571893e-08 -3.17152556e-06  1.32571893e-08  7.85266668e-05 
 1.33071893e-08  3.32201187e-06  1.33071893e-08 -7.61053647e-05 
 1.33571893e-08 -3.21819918e-06  1.33571893e-08  7.37933042e-05 
 1.34071893e-08  3.35504274e-06  1.34071893e-08 -7.14817821e-05 
 1.34571893e-08 -3.23946716e-06  1.34571893e-08  6.92743656e-05 
 1.35071893e-08  3.36557932e-06  1.35071893e-08 -6.70660730e-05 
 1.35571893e-08 -3.24081664e-06  1.35571893e-08  6.49572439e-05 
 1.36071893e-08  3.35852661e-06  1.36071893e-08 -6.28461793e-05 
 1.36571893e-08 -3.22663349e-06  1.36571893e-08  6.08303752e-05 
 1.37071893e-08  3.33780230e-06  1.37071893e-08 -5.88110364e-05 
 1.37571893e-08 -3.20041842e-06  1.37571893e-08  5.68831456e-05 
 1.38071893e-08  3.30653106e-06  1.38071893e-08 -5.49504824e-05 
 1.38571893e-08 -3.16496157e-06  1.38571893e-08  5.31058012e-05 
 1.39071893e-08  3.26720150e-06  1.39071893e-08 -5.12551705e-05 
 1.39571893e-08 -3.12248360e-06  1.39571893e-08  4.94893632e-05 
 1.40071893e-08  3.22179254e-06  1.40071893e-08 -4.77164881e-05 
 1.40571893e-08 -3.07474897e-06  1.40571893e-08  4.60255506e-05 
 1.41071893e-08  3.17187517e-06  1.41071893e-08 -4.43264825e-05 
 1.41571893e-08 -3.02315721e-06  1.41571893e-08  4.27067085e-05 
 1.42071893e-08  3.11869419e-06  1.42071893e-08 -4.10777933e-05 
 1.42571893e-08 -2.96881624e-06  1.42571893e-08  3.95257443e-05 
 1.43071893e-08  3.06323384e-06  1.43071893e-08 -3.79635923e-05 
 1.43571893e-08 -2.91260096e-06  1.43571893e-08  3.64760703e-05 
 1.44071893e-08  3.00627026e-06  1.44071893e-08 -3.49775291e-05 
 1.44571893e-08 -2.85520049e-06  1.44571893e-08  3.35515528e-05 
 1.45071893e-08  2.94841385e-06  1.45071893e-08 -3.21136833e-05 
 1.45571893e-08 -2.79715587e-06  1.45571893e-08  3.07464667e-05 
 1.46071893e-08  2.89014275e-06  1.46071893e-08 -2.93665224e-05 
 1.46571893e-08 -2.73889008e-06  1.46571893e-08  2.80554557e-05 
 1.47071893e-08  2.83183002e-06  1.47071893e-08 -2.67308635e-05 
 1.47571893e-08 -2.68073235e-06  1.47571893e-08  2.54734969e-05 
 1.48071893e-08  2.77376500e-06  1.48071893e-08 -2.42018412e-05 
 1.48571893e-08 -2.62293725e-06  1.48571893e-08  2.29958699e-05 
 1.49071893e-08  2.71617065e-06  1.49071893e-08 -2.17748780e-05 
 1.49571893e-08 -2.56570018e-06  1.49571893e-08  2.06181290e-05 
 1.50071893e-08  2.65921723e-06  1.50071893e-08 -1.94456583e-05 
 1.50571893e-08 -2.50916958e-06  1.50571893e-08  1.83360798e-05 
 1.51071893e-08  2.60303322e-06  1.51071893e-08 -1.72101067e-05 
 1.51571893e-08 -2.45345672e-06  1.51571893e-08  1.61457571e-05 
 1.52071893e-08  2.54771409e-06  1.52071893e-08 -1.50643669e-05 
 1.52571893e-08 -2.39864352e-06  1.52571893e-08  1.40434065e-05 
 1.53071893e-08  2.49332932e-06  1.53071893e-08 -1.30047848e-05 
 1.53571893e-08 -2.34478877e-06  1.53571893e-08  1.20254677e-05 
 1.54071893e-08  2.43992779e-06  1.54071893e-08 -1.10278926e-05 
 1.54571893e-08 -2.29193299e-06  1.54571893e-08  1.00885593e-05 
 1.55071893e-08  2.38754226e-06  1.55071893e-08 -9.13039448e-06 
 1.55571893e-08 -2.24010240e-06  1.55571893e-08  8.22946632e-06 
 1.56071893e-08  2.33619286e-06  1.56071893e-08 -7.30915482e-06 
 1.56571893e-08 -2.18931210e-06  1.56571893e-08  6.44512771e-06 
 1.57071893e-08  2.28588988e-06  1.57071893e-08 -5.56118645e-06 
 1.57571893e-08 -2.13956839e-06  1.57571893e-08  4.73262619e-06 
 1.58071893e-08  2.23663593e-06  1.58071893e-08 -3.88364101e-06 
 1.58571893e-08 -2.09087092e-06  1.58571893e-08  3.08917868e-06 
 1.59071893e-08  2.18842773e-06  1.59071893e-08 -2.27379986e-06 
 1.59571893e-08 -2.04321406e-06  1.59571893e-08  1.51212774e-06 
 1.60071893e-08  2.14125741e-06  1.60071893e-08 -7.29065967e-07 
 1.60571893e-08 -1.99658824e-06  1.60571893e-08 -1.06622983e-09 
 1.61071893e-08  2.09511370e-06  1.61071893e-08  7.53043479e-07 
 1.61571893e-08 -1.95098092e-06  1.61571893e-08 -1.45283191e-06 
 1.62071893e-08  2.04998278e-06  1.62071893e-08  2.17490375e-06 
 1.62571893e-08 -1.90637732e-06  1.62571893e-08 -2.84549352e-06 
 1.63071893e-08  2.00584887e-06  1.63071893e-08  3.53878870e-06 
 1.63571893e-08 -1.86276100e-06  1.63571893e-08 -4.18127674e-06 
 1.64071893e-08  1.96269483e-06  1.64071893e-08  4.84687642e-06 
 1.64571893e-08 -1.82011439e-06  1.64571893e-08 -5.46231407e-06 
 1.65071893e-08  1.92050252e-06  1.65071893e-08  6.10125432e-06 
 1.65571893e-08 -1.77841905e-06  1.65571893e-08 -6.69064966e-06 
 1.66071893e-08  1.87925321e-06  1.66071893e-08  7.30392395e-06 
 1.66571893e-08 -1.73765613e-06  1.66571893e-08 -7.86824406e-06 
 1.67071893e-08  1.83892780e-06  1.67071893e-08  8.45680532e-06 
 1.67571893e-08 -1.69780646e-06  1.67571893e-08 -8.99697834e-06 
 1.68071893e-08  1.79950698e-06  1.68071893e-08  9.56174112e-06 
 1.68571893e-08 -1.65885077e-06  1.68571893e-08 -1.00786582e-05 
 1.69071893e-08  1.76097143e-06  1.69071893e-08  1.06205004e-05 
 1.69571893e-08 -1.62076981e-06  1.69571893e-08 -1.11150172e-05 
 1.70071893e-08  1.72330187e-06  1.70071893e-08  1.16347821e-05 
 1.70571893e-08 -1.58354443e-06  1.70571893e-08 -1.21077209e-05 
 1.71071893e-08  1.68647923e-06  1.71071893e-08  1.26062184e-05 
 1.71571893e-08 -1.54715572e-06  1.71571893e-08 -1.30583693e-05 
 1.72071893e-08  1.65048466e-06  1.72071893e-08  1.35363778e-05 
 1.72571893e-08 -1.51158502e-06  1.72571893e-08 -1.39685004e-05 
 1.73071893e-08  1.61529959e-06  1.73071893e-08  1.44267681e-05 
 1.73571893e-08 -1.47681393e-06  1.73571893e-08 -1.48395927e-05 
 1.74071893e-08  1.58090577e-06  1.74071893e-08  1.52788389e-05 
 1.74571893e-08 -1.44282445e-06  1.74571893e-08 -1.56730680e-05 
 1.75071893e-08  1.54728532e-06  1.75071893e-08  1.60939847e-05 
 1.75571893e-08 -1.40959886e-06  1.75571893e-08 -1.64702939e-05 
 1.76071893e-08  1.51442066e-06  1.76071893e-08  1.68735466e-05 
 1.76571893e-08 -1.37711983e-06  1.76571893e-08 -1.72325861e-05 
 1.77071893e-08  1.48229463e-06  1.77071893e-08  1.76188151e-05 
 1.77571893e-08 -1.34537043e-06  1.77571893e-08 -1.79612105e-05 
 1.78071893e-08  1.45089042e-06  1.78071893e-08  1.83310321e-05 
 1.78571893e-08 -1.31433405e-06  1.78571893e-08 -1.86573858e-05 
 1.79071893e-08  1.42019164e-06  1.79071893e-08  1.90113931e-05 
 1.79571893e-08 -1.28399452e-06  1.79571893e-08 -1.93222848e-05 
 1.80071893e-08  1.39018220e-06  1.80071893e-08  1.96610490e-05 
 1.80571893e-08 -1.25433595e-06  1.80571893e-08 -1.99570370e-05 
 1.81071893e-08  1.36084646e-06  1.81071893e-08  2.02811078e-05 
 1.81571893e-08 -1.22534292e-06  1.81571893e-08 -2.05627297e-05 
 1.82071893e-08  1.33216909e-06  1.82071893e-08  2.08726367e-05 
 1.82571893e-08 -1.19700030e-06  1.82571893e-08 -2.11404105e-05 
 1.83071893e-08  1.30413513e-06  1.83071893e-08  2.14366636e-05 
 1.83571893e-08 -1.16929334e-06  1.83571893e-08 -2.16910882e-05 
 1.84071893e-08  1.27673001e-06  1.84071893e-08  2.19741788e-05 
 1.84571893e-08 -1.14220764e-06  1.84571893e-08 -2.22157347e-05 
 1.85071893e-08  1.24993944e-06  1.85071893e-08  2.24861361e-05 
 1.85571893e-08 -1.11572914e-06  1.85571893e-08 -2.27152865e-05 
 1.86071893e-08  1.22374957e-06  1.86071893e-08  2.29734549e-05 
 1.86571893e-08 -1.08984413e-06  1.86571893e-08 -2.31906462e-05 
 1.87071893e-08  1.19814679e-06  1.87071893e-08  2.34370211e-05 
 1.87571893e-08 -1.06453919e-06  1.87571893e-08 -2.36426834e-05 
 1.88071893e-08  1.17311783e-06  1.88071893e-08  2.38776885e-05 
 1.88571893e-08 -1.03980126e-06  1.88571893e-08 -2.40722364e-05 
 1.89071893e-08  1.14864979e-06  1.89071893e-08  2.42962801e-05 
 1.89571893e-08 -1.01561755e-06  1.89571893e-08 -2.44801133e-05 
 1.90071893e-08  1.12473000e-06  1.90071893e-08  2.46935893e-05 
 1.90571893e-08 -9.91975623e-07  1.90571893e-08 -2.48670933e-05 
 1.91071893e-08  1.10134614e-06  1.91071893e-08  2.50703811e-05 
 1.91571893e-08 -9.68863266e-07  1.91571893e-08 -2.52339275e-05 
 1.92071893e-08  1.07848617e-06  1.92071893e-08  2.54273932e-05 
 1.92571893e-08 -9.46268614e-07  1.92571893e-08 -2.55813403e-05 
 1.93071893e-08  1.05613832e-06  1.93071893e-08  2.57653367e-05 
 1.93571893e-08 -9.24180033e-07  1.93571893e-08 -2.59100301e-05 
 1.94071893e-08  1.03429112e-06  1.94071893e-08  2.60848977e-05 
 1.94571893e-08 -9.02586235e-07  1.94571893e-08 -2.62206706e-05 
 1.95071893e-08  1.01293336e-06  1.95071893e-08  2.63867377e-05 
 1.95571893e-08 -8.81476117e-07  1.95571893e-08 -2.65139117e-05 
 1.96071893e-08  9.92054087e-07  1.96071893e-08  2.66714949e-05 
 1.96571893e-08 -8.60838900e-07  1.96571893e-08 -2.67903801e-05 
 1.97071893e-08  9.71642627e-07  1.97071893e-08  2.69397849e-05 
 1.97571893e-08 -8.40663995e-07  1.97571893e-08 -2.70506805e-05 
 1.98071893e-08  9.51688493e-07  1.98071893e-08  2.71922016e-05 
 1.98571893e-08 -8.20941099e-07  1.98571893e-08 -2.72953962e-05 
 1.99071893e-08  9.32181535e-07  1.99071893e-08  2.74293180e-05 
 1.99535947e-08 -8.00921939e-07  1.99535947e-08 -2.75336950e-05 
 2.00000000e-08  9.11652827e-07  2.00000000e-08  2.76683200e-05 
 2.00050000e-08  1.75216386e-05  2.00050000e-08  2.19200946e-04 
 2.00150000e-08 -7.95402331e-06  2.00150000e-08  1.26885313e-05 
 2.00350000e-08 -9.69279248e-06  2.00350000e-08 -8.48908600e-05 
 2.00750000e-08  1.02522361e-05  2.00750000e-08 -6.45122781e-05 
 2.01250000e-08 -4.12104247e-05  2.01250000e-08 -1.29575376e-04 
 2.01625000e-08 -7.32771752e-05  2.01625000e-08 -3.61381243e-04 
 2.02000000e-08  5.81338530e-04  2.02000000e-08  3.47772257e-04 
 2.02050000e-08  3.42181393e-04  2.02050000e-08  1.97889634e-04 
 2.02150000e-08 -3.90784805e-04  2.02150000e-08  4.48385050e-04 
 2.02350000e-08 -3.96771133e-04  2.02350000e-08  1.04059836e-03 
 2.02750000e-08  3.15873157e-04  2.02750000e-08  1.30511223e-03 
 2.03174808e-08 -2.05015024e-04  2.03174808e-08 -2.48768204e-03 
 2.03623555e-08  1.37179028e-04  2.03623555e-08  6.21193531e-04 
 2.04123555e-08 -9.83076342e-05  2.04123555e-08 -9.56119744e-05 
 2.04623555e-08  7.28115255e-05  2.04623555e-08  1.76634205e-04 
 2.05123555e-08 -5.50359869e-05  2.05123555e-08 -9.26336338e-05 
 2.05623555e-08  4.26440355e-05  2.05623555e-08  4.71985488e-05 
 2.06123555e-08 -3.33686707e-05  2.06123555e-08 -7.18752922e-06 
 2.06623555e-08  2.66652857e-05  2.06623555e-08 -2.17243503e-05 
 2.07123555e-08 -2.13623103e-05  2.07123555e-08  4.38455310e-05 
 2.07623555e-08  1.74837948e-05  2.07623555e-08 -6.04935309e-05 
 2.08123555e-08 -1.42527019e-05  2.08123555e-08  7.31666933e-05 
 2.08623555e-08  1.19133345e-05  2.08623555e-08 -8.27052607e-05 
 2.09123555e-08 -9.83268166e-06  2.09123555e-08  8.98938722e-05 
 2.09623555e-08  8.36892060e-06  2.09623555e-08 -9.51352492e-05 
 2.10123555e-08 -6.95671017e-06  2.10123555e-08  9.89234507e-05 
 2.10623555e-08  6.01065619e-06  2.10623555e-08 -1.01447502e-04 
 2.11123555e-08 -5.00143298e-06  2.11123555e-08  1.03052610e-04 
 2.11623555e-08  4.37324788e-06  2.11623555e-08 -1.03818599e-04 
 2.12123555e-08 -3.61649371e-06  2.12123555e-08  1.04006168e-04 
 2.12623555e-08  3.19141842e-06  2.12623555e-08 -1.03633610e-04 
 2.13123555e-08 -2.59939762e-06  2.13123555e-08  1.02907969e-04 
 2.13623555e-08  2.30958718e-06  2.13623555e-08 -1.01810416e-04 
 2.14123555e-08 -1.82958113e-06  2.14123555e-08  1.00511240e-04 
 2.14623555e-08  1.63360168e-06  2.14623555e-08 -9.89683849e-05 
 2.15123555e-08 -1.23283230e-06  2.15123555e-08  9.73258433e-05 
 2.15623555e-08  1.10445292e-06  2.15623555e-08 -9.55268972e-05 
 2.16123555e-08 -7.61767797e-07  2.16123555e-08  9.36962922e-05 
 2.16623555e-08  6.83735245e-07  2.16623555e-08 -9.17681853e-05 
 2.17123555e-08 -3.84947649e-07  2.17123555e-08  8.98530658e-05 
 2.17623555e-08  3.45468056e-07  2.17623555e-08 -8.78796266e-05 
 2.18123555e-08 -8.06961871e-08  2.18123555e-08  8.59477197e-05 
 2.18623555e-08  7.14058707e-08  2.18623555e-08 -8.39830068e-05 
 2.19123555e-08  1.66479590e-07  2.19123555e-08  8.20773569e-05 
 2.19623555e-08 -1.51712307e-07  2.19623555e-08 -8.01550037e-05 
 2.20123555e-08  3.68017116e-07  2.20123555e-08  7.83017919e-05 
 2.20623555e-08 -3.33818721e-07  2.20623555e-08 -7.64415648e-05 
 2.21123555e-08  5.32596981e-07  2.21123555e-08  7.46555918e-05 
 2.21623555e-08 -4.82542956e-07  2.21623555e-08 -7.28679777e-05 
 2.22123555e-08  6.66960158e-07  2.22123555e-08  7.11564914e-05 
 2.22623555e-08 -6.03868000e-07  2.22623555e-08 -6.94458889e-05 
 2.23123555e-08  7.76439150e-07  2.23123555e-08  6.78112388e-05 
 2.23623555e-08 -7.02563779e-07  2.23623555e-08 -6.61781614e-05 
 2.24123555e-08  8.65314791e-07  2.24123555e-08  6.46196232e-05 
 2.24623555e-08 -7.82482987e-07  2.24623555e-08 -6.30622055e-05 
 2.25123555e-08  9.37063476e-07  2.25123555e-08  6.15772215e-05 
 2.25623555e-08 -8.46769360e-07  2.25623555e-08 -6.00922348e-05 
 2.26123555e-08  9.94533859e-07  2.26123555e-08  5.86772446e-05 
 2.26623555e-08 -8.98008569e-07  2.26623555e-08 -5.72607706e-05 
 2.27123555e-08  1.04007666e-06  2.27123555e-08  5.59117568e-05 
 2.27623555e-08 -9.38340450e-07  2.27623555e-08 -5.45596243e-05 
 2.28123555e-08  1.07564214e-06  2.28123555e-08  5.32724603e-05 
 2.28623555e-08 -9.69544296e-07  2.28623555e-08 -5.19805182e-05 
 2.29123555e-08  1.10285514e-06  2.29123555e-08  5.07511824e-05 
 2.29623555e-08 -9.93105002e-07  2.29623555e-08 -4.95154622e-05 
 2.30123555e-08  1.12307368e-06  2.30123555e-08  4.83401601e-05 
 2.30623555e-08 -1.01026524e-06  2.30623555e-08 -4.71569638e-05 
 2.31123555e-08  1.13743551e-06  2.31123555e-08  4.60321898e-05 
 2.31623555e-08 -1.02206712e-06  2.31623555e-08 -4.48981294e-05 
 2.32123555e-08  1.14689556e-06  2.32123555e-08  4.38206904e-05 
 2.32623555e-08 -1.02938590e-06  2.32623555e-08 -4.27326962e-05 
 2.33123555e-08  1.15225629e-06  2.33123555e-08  4.16997091e-05 
 2.33623555e-08 -1.03295750e-06  2.33623555e-08 -4.06550193e-05 
 2.34123555e-08  1.15419277e-06  2.34123555e-08  3.96638952e-05 
 2.34623555e-08 -1.03340113e-06  2.34623555e-08 -3.86600343e-05 
 2.35123555e-08  1.15327304e-06  2.35123555e-08  3.77084542e-05 
 2.35623555e-08 -1.03123803e-06  2.35623555e-08 -3.67432061e-05 
 2.36123555e-08  1.14997545e-06  2.36123555e-08  3.58290935e-05 
 2.36623555e-08 -1.02690714e-06  2.36623555e-08 -3.49004733e-05 
 2.37123555e-08  1.14470281e-06  2.37123555e-08  3.40219656e-05 
 2.37623555e-08 -1.02077810e-06  2.37623555e-08 -3.31281907e-05 
 2.38123555e-08  1.13779427e-06  2.38123555e-08  3.22836123e-05 
 2.38623555e-08 -1.01316205e-06  2.38623555e-08 -3.14230761e-05 
 2.39123555e-08  1.12953540e-06  2.39123555e-08  3.06109125e-05 
 2.39623555e-08 -1.00432110e-06  2.39623555e-08 -2.97821602e-05 
 2.40123555e-08  1.12016663e-06  2.40123555e-08  2.90010357e-05 
 2.40623555e-08 -9.94475781e-07  2.40623555e-08 -2.82027420e-05 
 2.41123555e-08  1.10989033e-06  2.41123555e-08  2.74513996e-05 
 2.41623555e-08 -9.83811737e-07  2.41623555e-08 -2.66823502e-05 
 2.42123555e-08  1.09887675e-06  2.42123555e-08  2.59596335e-05 
 2.42623555e-08 -9.72485136e-07  2.42623555e-08 -2.52187085e-05 
 2.43123555e-08  1.08726916e-06  2.43123555e-08  2.45235473e-05 
 2.43623555e-08 -9.60627377e-07  2.43623555e-08 -2.38097070e-05 
 2.44123555e-08  1.07518803e-06  2.44123555e-08  2.31411039e-05 
 2.44623555e-08 -9.48348907e-07  2.44623555e-08 -2.24533772e-05 
 2.45123555e-08  1.06273467e-06  2.45123555e-08  2.18103973e-05 
 2.45623555e-08 -9.35742620e-07  2.45623555e-08 -2.11478713e-05 
 2.46123555e-08  1.04999420e-06  2.46123555e-08  2.05296329e-05 
 2.46623555e-08 -9.22886569e-07  2.46623555e-08 -1.98914450e-05 
 2.47123555e-08  1.03703823e-06  2.47123555e-08  1.92971121e-05 
 2.47623555e-08 -9.09846368e-07  2.47623555e-08 -1.86824427e-05 
 2.48123555e-08  1.02392686e-06  2.48123555e-08  1.81112191e-05 
 2.48623555e-08 -8.96677162e-07  2.48623555e-08 -1.75192861e-05 
 2.49123555e-08  1.01071068e-06  2.49123555e-08  1.69704099e-05 
 2.49623555e-08 -8.83425258e-07  2.49623555e-08 -1.64004643e-05 
 2.50123555e-08  9.97432104e-07  2.50123555e-08  1.58732040e-05 
 2.50623555e-08 -8.70129570e-07  2.50623555e-08 -1.53245256e-05 
 2.51123555e-08  9.84126821e-07  2.51123555e-08  1.48181768e-05 
 2.51623555e-08 -8.56822807e-07  2.51623555e-08 -1.42900712e-05 
 2.52123555e-08  9.70824780e-07  2.52123555e-08  1.38039537e-05 
 2.52623555e-08 -8.43532376e-07  2.52623555e-08 -1.32957502e-05 
 2.53123555e-08  9.57551121e-07  2.53123555e-08  1.28292057e-05 
 2.53623555e-08 -8.30281358e-07  2.53623555e-08 -1.23402550e-05 
 2.54123555e-08  9.44326976e-07  2.54123555e-08  1.18926457e-05 
 2.54623555e-08 -8.17089123e-07  2.54623555e-08 -1.14223181e-05 
 2.55123555e-08  9.31170119e-07  2.55123555e-08  1.09930249e-05 
 2.55623555e-08 -8.03971910e-07  2.55623555e-08 -1.05407092e-05 
 2.56123555e-08  9.18095394e-07  2.56123555e-08  1.01291309e-05 
 2.56623555e-08 -7.90943337e-07  2.56623555e-08 -9.69423343e-06 
 2.57123555e-08  9.05115303e-07  2.57123555e-08  9.29978530e-06 
 2.57623555e-08 -7.78014866e-07  2.57623555e-08 -8.88172893e-06 
 2.58123555e-08  8.92240308e-07  2.58123555e-08  8.50384249e-06 
 2.58623555e-08 -7.65196056e-07  2.58623555e-08 -8.10206590e-06 
 2.59123555e-08  8.79479167e-07  2.59123555e-08  7.74018807e-06 
 2.59623555e-08 -7.52494914e-07  2.59623555e-08 -7.35414529e-06 
 2.60123555e-08  8.66839221e-07  2.60123555e-08  7.00773796e-06 
 2.60623555e-08 -7.39918159e-07  2.60623555e-08 -6.63689783e-06 
 2.61123555e-08  8.54326560e-07  2.61123555e-08  6.30543735e-06 
 2.61623555e-08 -7.27471333e-07  2.61623555e-08 -5.94928319e-06 
 2.62123555e-08  8.41946270e-07  2.62123555e-08  5.63226016e-06 
 2.62623555e-08 -7.15159090e-07  2.62623555e-08 -5.29028936e-06 
 2.63123555e-08  8.29702577e-07  2.63123555e-08  4.98720829e-06 
 2.63623555e-08 -7.02985241e-07  2.63623555e-08 -4.65893210e-06 
 2.64123555e-08  8.17598942e-07  2.64123555e-08  4.36931101e-06 
 2.64623555e-08 -6.90952928e-07  2.64623555e-08 -4.05425420e-06 
 2.65123555e-08  8.05638182e-07  2.65123555e-08  3.77762464e-06 
 2.65623555e-08 -6.79064718e-07  2.65623555e-08 -3.47532531e-06 
 2.66123555e-08  7.93822603e-07  2.66123555e-08  3.21123186e-06 
 2.66623555e-08 -6.67322624e-07  2.66623555e-08 -2.92124119e-06 
 2.67123555e-08  7.82154052e-07  2.67123555e-08  2.66924141e-06 
 2.67623555e-08 -6.55728335e-07  2.67623555e-08 -2.39112344e-06 
 2.68123555e-08  7.70633957e-07  2.68123555e-08  2.15078761e-06 
 2.68623555e-08 -6.44283088e-07  2.68623555e-08 -1.88411905e-06 
 2.69123555e-08  7.59263426e-07  2.69123555e-08  1.65502998e-06 
 2.69623555e-08 -6.32987828e-07  2.69623555e-08 -1.39939989e-06 
 2.70123555e-08  7.48043269e-07  2.70123555e-08  1.18115269e-06 
 2.70623555e-08 -6.21843226e-07  2.70623555e-08 -9.36162461e-07 
 2.71123555e-08  7.36973985e-07  2.71123555e-08  7.28364312e-07 
 2.71623555e-08 -6.10849696e-07  2.71623555e-08 -4.93627267e-07 
 2.72123555e-08  7.26055962e-07  2.72123555e-08  2.95897275e-07 
 2.72623555e-08 -6.00007492e-07  2.72623555e-08 -7.10385230e-08 
 2.73123555e-08  7.15289257e-07  2.73123555e-08 -1.16992570e-07 
 2.73623555e-08 -5.89316600e-07  2.73623555e-08  3.32336379e-07 
 2.74123555e-08  7.04673848e-07  2.74123555e-08 -5.11026401e-07 
 2.74623555e-08 -5.78776898e-07  2.74623555e-08  7.17207217e-07 
 2.75123555e-08  6.94209506e-07  2.75123555e-08 -8.86902775e-07 
 2.75623555e-08 -5.68388132e-07  2.75623555e-08  1.08426151e-06 
 2.76123555e-08  6.83895922e-07  2.76123555e-08 -1.24529821e-06 
 2.76623555e-08 -5.58149877e-07  2.76623555e-08  1.43416488e-06 
 2.77123555e-08  6.73732618e-07  2.77123555e-08 -1.58686757e-06 
 2.77623555e-08 -5.48061646e-07  2.77623555e-08  1.76756157e-06 
 2.78123555e-08  6.63719057e-07  2.78123555e-08 -1.91224462e-06 
 2.78623555e-08 -5.38122833e-07  2.78623555e-08  2.08507497e-06 
 2.79123555e-08  6.53854543e-07  2.79123555e-08 -2.22204244e-06 
 2.79623555e-08 -5.28332675e-07  2.79623555e-08  2.38730796e-06 
 2.80123555e-08  6.44138317e-07  2.80123555e-08 -2.51685391e-06 
 2.80623555e-08 -5.18690410e-07  2.80623555e-08  2.67484354e-06 
 2.81123555e-08  6.34569575e-07  2.81123555e-08 -2.79725222e-06 
 2.81623555e-08 -5.09195178e-07  2.81623555e-08  2.94824526e-06 
 2.82123555e-08  6.25147379e-07  2.82123555e-08 -3.06379134e-06 
 2.82623555e-08 -4.99846011e-07  2.82623555e-08  3.20805759e-06 
 2.83123555e-08  6.15870808e-07  2.83123555e-08 -3.31700649e-06 
 2.83623555e-08 -4.90641986e-07  2.83623555e-08  3.45480664e-06 
 2.84123555e-08  6.06738849e-07  2.84123555e-08 -3.55741464e-06 
 2.84623555e-08 -4.81582002e-07  2.84623555e-08  3.68900042e-06 
 2.85123555e-08  5.97750365e-07  2.85123555e-08 -3.78551505e-06 
 2.85623555e-08 -4.72664952e-07  2.85623555e-08  3.91112951e-06 
 2.86123555e-08  5.88904268e-07  2.86123555e-08 -4.00178968e-06 
 2.86623555e-08 -4.63889687e-07  2.86623555e-08  4.12166736e-06 
 2.87123555e-08  5.80199385e-07  2.87123555e-08 -4.20670361e-06 
 2.87623555e-08 -4.55255068e-07  2.87623555e-08  4.32107090e-06 
 2.88123555e-08  5.71634514e-07  2.88123555e-08 -4.40070572e-06 
 2.88623555e-08 -4.46759814e-07  2.88623555e-08  4.50978096e-06 
 2.89123555e-08  5.63208419e-07  2.89123555e-08 -4.58422893e-06 
 2.89623555e-08 -4.38402702e-07  2.89623555e-08  4.68822276e-06 
 2.90123555e-08  5.54919798e-07  2.90123555e-08 -4.75769085e-06 
 2.90623555e-08 -4.30182412e-07  2.90623555e-08  4.85680635e-06 
 2.91123555e-08  5.46767360e-07  2.91123555e-08 -4.92149406e-06 
 2.91623555e-08 -4.22097643e-07  2.91623555e-08  5.01592704e-06 
 2.92123555e-08  5.38749767e-07  2.92123555e-08 -5.07602671e-06 
 2.92623555e-08 -4.14147022e-07  2.92623555e-08  5.16596589e-06 
 2.93123555e-08  5.30865635e-07  2.93123555e-08 -5.22166290e-06 
 2.93623555e-08 -4.06329195e-07  2.93623555e-08  5.30729017e-06 
 2.94123555e-08  5.23113635e-07  2.94123555e-08 -5.35876310e-06 
 2.94623555e-08 -3.98642782e-07  2.94623555e-08  5.44025364e-06 
 2.95123555e-08  5.15492312e-07  2.95123555e-08 -5.48767462e-06 
 2.95623555e-08 -3.91086343e-07  2.95623555e-08  5.56519727e-06 
 2.96123555e-08  5.08000268e-07  2.96123555e-08 -5.60873198e-06 
 2.96623555e-08 -3.83658449e-07  2.96623555e-08  5.68244929e-06 
 2.97123555e-08  5.00636069e-07  2.97123555e-08 -5.72225737e-06 
 2.97623555e-08 -3.76357696e-07  2.97623555e-08  5.79232588e-06 
 2.98123555e-08  4.93398259e-07  2.98123555e-08 -5.82856100e-06 
 2.98623555e-08 -3.69182585e-07  2.98623555e-08  5.89513145e-06 
 2.99123555e-08  4.86285379e-07  2.99123555e-08 -5.92794155e-06 
 2.99561777e-08 -3.61639330e-07  2.99561777e-08  5.99768035e-06 
 3.00000000e-08  4.78320495e-07  3.00000000e-08 -6.03324515e-06 
 3.00050000e-08 -9.19540110e-06  3.00050000e-08 -7.55772162e-05 
 3.00150000e-08  8.97132368e-06  3.00150000e-08  1.76501391e-05 
 3.00350000e-08  7.64185178e-07  3.00350000e-08  2.37211174e-05 
 3.00750000e-08 -3.79195002e-06  3.00750000e-08  9.65848392e-06 
 3.01250000e-08  2.23545571e-05  3.01250000e-08  1.42535070e-04 
 3.01625000e-08  2.97971752e-06  3.01625000e-08  1.30966008e-04 
 3.02000000e-08 -2.94886183e-04  3.02000000e-08 -1.77530326e-04 
 3.02050000e-08 -2.75275090e-04  3.02050000e-08 -4.12268157e-04 
 3.02150000e-08  1.17426119e-04  3.02150000e-08 -8.49231408e-04 
 3.02350000e-08  5.59420116e-04  3.02350000e-08 -1.14426882e-03 
 3.02717503e-08 -4.47929338e-04  3.02717503e-08  1.48450615e-04 
 3.03128373e-08  2.60079860e-04  3.03128373e-08  1.17403500e-03 
 3.03572653e-08 -1.25807765e-04  3.03572653e-08 -3.13812340e-05 
 3.04072653e-08  4.57381852e-05  3.04072653e-08 -3.33445760e-04 
 3.04572653e-08  8.14009892e-06  3.04572653e-08  1.56089544e-04 
 3.05072653e-08 -4.31742669e-05  3.05072653e-08 -1.83407155e-04 
 3.05572653e-08  6.55371264e-05  3.05572653e-08  1.84681545e-04 
 3.06072653e-08 -7.88474455e-05  3.06072653e-08 -1.97612562e-04 
 3.06572653e-08  8.61311009e-05  3.06572653e-08  2.06261084e-04 
 3.07072653e-08 -8.89032990e-05  3.07072653e-08 -2.13752497e-04 
 3.07572653e-08  8.88968262e-05  3.07572653e-08  2.19103070e-04 
 3.08072653e-08 -8.65328335e-05  3.08072653e-08 -2.22704645e-04 
 3.08572653e-08  8.31053425e-05  3.08572653e-08  2.24884508e-04 
 3.09072653e-08 -7.85160652e-05  3.09072653e-08 -2.25702679e-04 
 3.09572653e-08  7.36621780e-05  3.09572653e-08  2.25469085e-04 
 3.10072653e-08 -6.83144580e-05  3.10072653e-08 -2.24300938e-04 
 3.10572653e-08  6.31424267e-05  3.10572653e-08  2.22441498e-04 
 3.11072653e-08 -5.78021486e-05  3.11072653e-08 -2.19870307e-04 
 3.11572653e-08  5.28581285e-05  3.11572653e-08  2.16875158e-04 
 3.12072653e-08 -4.79056837e-05  3.12072653e-08 -2.13388713e-04 
 3.12572653e-08  4.34476925e-05  3.12572653e-08  2.09652526e-04 
 3.13072653e-08 -3.90429954e-05  3.13072653e-08 -2.05588219e-04 
 3.13572653e-08  3.51649961e-05  3.13572653e-08  2.01401286e-04 
 3.14072653e-08 -3.13493801e-05  3.14072653e-08 -1.97005271e-04 
 3.14572653e-08  2.80570932e-05  3.14572653e-08  1.92576911e-04 
 3.15072653e-08 -2.48095999e-05  3.15072653e-08 -1.88025516e-04 
 3.15572653e-08  2.20641177e-05  3.15572653e-08  1.83504548e-04 
 3.16072653e-08 -1.93338191e-05  3.16072653e-08 -1.78921816e-04 
 3.16572653e-08  1.70764526e-05  3.16572653e-08  1.74412002e-04 
 3.17072653e-08 -1.48007546e-05  3.17072653e-08 -1.69883208e-04 
 3.17572653e-08  1.29668928e-05  3.17572653e-08  1.65455021e-04 
 3.18072653e-08 -1.10816057e-05  3.18072653e-08 -1.61036959e-04 
 3.18572653e-08  9.60813988e-06  3.18572653e-08  1.56736516e-04 
 3.19072653e-08 -8.05272143e-06  3.19072653e-08 -1.52465270e-04 
 3.19572653e-08  6.88172294e-06  3.19572653e-08  1.48321052e-04 
 3.20072653e-08 -5.60171510e-06  3.20072653e-08 -1.44217827e-04 
 3.20572653e-08  4.68196072e-06  3.20572653e-08  1.40245716e-04 
 3.21072653e-08 -3.62982778e-06  3.21072653e-08 -1.36321175e-04 
 3.21572653e-08  2.91712237e-06  3.21572653e-08  1.32528192e-04 
 3.22072653e-08 -2.05220993e-06  3.22072653e-08 -1.28785674e-04 
 3.22572653e-08  1.50906936e-06  3.22572653e-08  1.25172735e-04 
 3.23072653e-08 -7.97111847e-07  3.23072653e-08 -1.21610607e-04 
 3.23572653e-08  3.92137500e-07  3.23572653e-08  1.18174541e-04 
 3.24072653e-08  1.95435060e-07  3.24072653e-08 -1.14787917e-04 
 3.24572653e-08 -4.88299316e-07  3.24572653e-08  1.11522927e-04 
 3.25072653e-08  9.75112412e-07  3.25072653e-08 -1.08304895e-04 
 3.25572653e-08 -1.17733376e-06  3.25572653e-08  1.05203602e-04 
 3.26072653e-08  1.58279873e-06  3.26072653e-08 -1.02146103e-04 
 3.26572653e-08 -1.71196338e-06  3.26572653e-08  9.92002839e-05 
 3.27072653e-08  2.05194770e-06  3.27072653e-08 -9.62947225e-05 
 3.27572653e-08 -2.12239699e-06  3.27572653e-08  9.34958213e-05 
 3.28072653e-08  2.40981758e-06  3.28072653e-08 -9.07334820e-05 
 3.28572653e-08 -2.43320328e-06  3.28572653e-08  8.80729547e-05 
 3.29072653e-08  2.67853954e-06  3.29072653e-08 -8.54452794e-05 
 3.29572653e-08 -2.66429915e-06  3.29572653e-08  8.29148187e-05 
 3.30072653e-08  2.87602867e-06  3.30072653e-08 -8.04135818e-05 
 3.30572653e-08 -2.83178649e-06  3.30572653e-08  7.80052565e-05 
 3.31072653e-08  3.01675110e-06  3.31072653e-08 -7.56226689e-05 
 3.31572653e-08 -2.94865290e-06  3.31572653e-08  7.33290023e-05 
 3.32072653e-08  3.11236273e-06  3.32072653e-08 -7.10577644e-05 
 3.32572653e-08 -3.02535293e-06  3.32572653e-08  6.88717706e-05 
 3.33072653e-08  3.17223757e-06  3.33072653e-08 -6.67050911e-05 
 3.33572653e-08 -3.07028725e-06  3.33572653e-08  6.46202833e-05 
 3.34072653e-08  3.20390181e-06  3.34072653e-08 -6.25518751e-05 
 3.34572653e-08 -3.09019538e-06  3.34572653e-08  6.05622543e-05 
 3.35072653e-08  3.21338882e-06  3.35072653e-08 -5.85863156e-05 
 3.35572653e-08 -3.09047608e-06  3.35572653e-08  5.66863483e-05 
 3.36072653e-08  3.20552823e-06  3.36072653e-08 -5.47975354e-05 
 3.36572653e-08 -3.07544800e-06  3.36572653e-08  5.29821241e-05 
 3.37072653e-08  3.18418071e-06  3.37072653e-08 -5.11755187e-05 
 3.37572653e-08 -3.04856096e-06  3.37572653e-08  4.94399695e-05 
 3.38072653e-08  3.15242809e-06  3.38072653e-08 -4.77110447e-05 
 3.38572653e-08 -3.01256691e-06  3.38572653e-08  4.60510336e-05 
 3.39072653e-08  3.11272695e-06  3.39072653e-08 -4.43956198e-05 
 3.39572653e-08 -2.96965776e-06  3.39572653e-08  4.28071598e-05 
 3.40072653e-08  3.06703243e-06  3.40072653e-08 -4.12214116e-05 
 3.40572653e-08 -2.92157670e-06  3.40572653e-08  3.97008211e-05 
 3.41072653e-08  3.01689809e-06  3.41072653e-08 -3.81811866e-05 
 3.41572653e-08 -2.86970751e-06  3.41572653e-08  3.67250602e-05 
 3.42072653e-08  2.96355599e-06  3.42072653e-08 -3.52682520e-05 
 3.42572653e-08 -2.81514660e-06  3.42572653e-08  3.38734332e-05 
 3.43072653e-08  2.90798119e-06  3.43072653e-08 -3.24764025e-05 
 3.43572653e-08 -2.75876052e-06  3.43572653e-08  3.11399596e-05 
 3.44072653e-08  2.85094338e-06  3.44072653e-08 -2.97998726e-05 
 3.44572653e-08 -2.70123242e-06  3.44572653e-08  2.85190761e-05 
 3.45072653e-08  2.79304838e-06  3.45072653e-08 -2.72332925e-05 
 3.45572653e-08 -2.64309902e-06  3.45572653e-08  2.60055956e-05 
 3.46072653e-08  2.73477126e-06  3.46072653e-08 -2.47716502e-05 
 3.46572653e-08 -2.58478036e-06  3.46572653e-08  2.35946711e-05 
 3.47072653e-08  2.67648290e-06  3.47072653e-08 -2.24102563e-05 
 3.47572653e-08 -2.52660351e-06  3.47572653e-08  2.12817626e-05 
 3.48072653e-08  2.61847132e-06  3.48072653e-08 -2.01447138e-05 
 3.48572653e-08 -2.46882161e-06  3.48572653e-08  1.90626087e-05 
 3.49072653e-08  2.56095855e-06  3.49072653e-08 -1.79708914e-05 
 3.49572653e-08 -2.41162898e-06  3.49572653e-08  1.69332007e-05 
 3.50072653e-08  2.50411420e-06  3.50072653e-08 -1.58848984e-05 
 3.50572653e-08 -2.35517329e-06  3.50572653e-08  1.48897608e-05 
 3.51072653e-08  2.44806645e-06  3.51072653e-08 -1.38830648e-05 
 3.51572653e-08 -2.29956531e-06  3.51572653e-08  1.29287213e-05 
 3.52072653e-08  2.39291046e-06  3.52072653e-08 -1.19619217e-05 
 3.52572653e-08 -2.24488639e-06  3.52572653e-08  1.10467076e-05 
 3.53072653e-08  2.33871541e-06  3.53072653e-08 -1.01181849e-05 
 3.53572653e-08 -2.19119485e-06  3.53572653e-08  9.24052219e-06 
 3.54072653e-08  2.28552997e-06  3.54072653e-08 -8.34874041e-06 
 3.54572653e-08 -2.13853085e-06  3.54572653e-08  7.50713091e-06 
 3.55072653e-08  2.23338663e-06  3.55072653e-08 -6.65063118e-06 
 3.55572653e-08 -2.08692009e-06  3.55572653e-08  5.84365059e-06 
 3.56072653e-08  2.18230519e-06  3.56072653e-08 -5.02104534e-06 
 3.56572653e-08 -2.03637715e-06  3.56572653e-08  4.24733811e-06 
 3.57072653e-08  2.13229555e-06  3.57072653e-08 -3.45730607e-06 
 3.57572653e-08 -1.98690782e-06  3.57572653e-08  2.71558040e-06 
 3.58072653e-08  2.08335988e-06  3.58072653e-08 -1.95686206e-06 
 3.58572653e-08 -1.93851110e-06  3.58572653e-08  1.24588578e-06 
 3.59072653e-08  2.03549440e-06  3.59072653e-08 -5.17279221e-07 
 3.59572653e-08 -1.89118079e-06  3.59572653e-08 -1.64124131e-07 
 3.60072653e-08  1.98869073e-06  3.60072653e-08  8.63766801e-07 
 3.60572653e-08 -1.84490659e-06  3.60572653e-08 -1.51672147e-06 
 3.61072653e-08  1.94293698e-06  3.61072653e-08  2.18849757e-06 
 3.61572653e-08 -1.79967525e-06  3.61572653e-08 -2.81407870e-06 
 3.62072653e-08  1.89821864e-06  3.62072653e-08  3.45903791e-06 
 3.62572653e-08 -1.75547121e-06  3.62572653e-08 -4.05827450e-06 
 3.63072653e-08  1.85451926e-06  3.63072653e-08  4.67742171e-06 
 3.63572653e-08 -1.71227723e-06  3.63572653e-08 -5.25129914e-06 
 3.64072653e-08  1.81182096e-06  3.64072653e-08  5.84559688e-06 
 3.64572653e-08 -1.67007492e-06  3.64572653e-08 -6.39505937e-06 
 3.65072653e-08  1.77010489e-06  3.65072653e-08  6.96543021e-06 
 3.65572653e-08 -1.62884507e-06  3.65572653e-08 -7.49138306e-06 
 3.66072653e-08  1.72935155e-06  3.66072653e-08  8.03871162e-06 
 3.66572653e-08 -1.58856795e-06  3.66572653e-08 -8.54202317e-06 
 3.67072653e-08  1.68954103e-06  3.67072653e-08  9.06715826e-06 
 3.67572653e-08 -1.54922353e-06  3.67572653e-08 -9.54866185e-06 
 3.68072653e-08  1.65065323e-06  3.68072653e-08  1.00524181e-05 
 3.68572653e-08 -1.51079170e-06  3.68572653e-08 -1.05129138e-05 
 3.69072653e-08  1.61266802e-06  3.69072653e-08  1.09960736e-05 
 3.69572653e-08 -1.47325233e-06  3.69572653e-08 -1.14363297e-05 
 3.70072653e-08  1.57556534e-06  3.70072653e-08  1.18996443e-05 
 3.70572653e-08 -1.43658544e-06  3.70572653e-08 -1.23203992e-05 
 3.71072653e-08  1.53932528e-06  3.71072653e-08  1.27645908e-05 
 3.71572653e-08 -1.40077127e-06  3.71572653e-08 -1.31665539e-05 
 3.72072653e-08  1.50392824e-06  3.72072653e-08  1.35923166e-05 
 3.72572653e-08 -1.36579034e-06  3.72572653e-08 -1.39761699e-05 
 3.73072653e-08  1.46935485e-06  3.73072653e-08  1.43841711e-05 
 3.73572653e-08 -1.33162343e-06  3.73572653e-08 -1.47505707e-05 
 3.74072653e-08  1.43558607e-06  3.74072653e-08  1.51414522e-05 
 3.74572653e-08 -1.29825172e-06  3.74572653e-08 -1.54910291e-05 
 3.75072653e-08  1.40260325e-06  3.75072653e-08  1.58654084e-05 
 3.75572653e-08 -1.26565669e-06  3.75572653e-08 -1.61987695e-05 
 3.76072653e-08  1.37038810e-06  3.76072653e-08  1.65572409e-05 
 3.76572653e-08 -1.23382030e-06  3.76572653e-08 -1.68749706e-05 
 3.77072653e-08  1.33892272e-06  3.77072653e-08  1.72181059e-05 
 3.77572653e-08 -1.20272481e-06  3.77572653e-08 -1.75207665e-05 
 3.78072653e-08  1.30818958e-06  3.78072653e-08  1.78491163e-05 
 3.78572653e-08 -1.17235289e-06  3.78572653e-08 -1.81372492e-05 
 3.79072653e-08  1.27817153e-06  3.79072653e-08  1.84513437e-05 
 3.79572653e-08 -1.14268762e-06  3.79572653e-08 -1.87254703e-05 
 3.80072653e-08  1.24885190e-06  3.80072653e-08  1.90258200e-05 
 3.80572653e-08 -1.11371252e-06  3.80572653e-08 -1.92864425e-05 
 3.81072653e-08  1.22021435e-06  3.81072653e-08  1.95735392e-05 
 3.81572653e-08 -1.08541141e-06  3.81572653e-08 -1.98211412e-05 
 3.82072653e-08  1.19224290e-06  3.82072653e-08  2.00954588e-05 
 3.82572653e-08 -1.05776853e-06  3.82572653e-08 -2.03305064e-05 
 3.83072653e-08  1.16492200e-06  3.83072653e-08  2.05925012e-05 
 3.83572653e-08 -1.03076851e-06  3.83572653e-08 -2.08154435e-05 
 3.84072653e-08  1.13823643e-06  3.84072653e-08  2.10655557e-05 
 3.84572653e-08 -1.00439635e-06  3.84572653e-08 -2.12768254e-05 
 3.85072653e-08  1.11217141e-06  3.85072653e-08  2.15154790e-05 
 3.85572653e-08 -9.78637393e-07  3.85572653e-08 -2.17154933e-05 
 3.86072653e-08  1.08671242e-06  3.86072653e-08  2.19430969e-05 
 3.86572653e-08 -9.53477354e-07  3.86572653e-08 -2.21322580e-05 
 3.87072653e-08  1.06184537e-06  3.87072653e-08  2.23492059e-05 
 3.87572653e-08 -9.28902281e-07  3.87572653e-08 -2.25279014e-05 
 3.88072653e-08  1.03755649e-06  3.88072653e-08  2.27345735e-05 
 3.88572653e-08 -9.04898572e-07  3.88572653e-08 -2.29031774e-05 
 3.89072653e-08  1.01383231e-06  3.89072653e-08  2.30999401e-05 
 3.89572653e-08 -8.81452956e-07  3.89572653e-08 -2.32588129e-05 
 3.90072653e-08  9.90659735e-07  3.90072653e-08  2.34460196e-05 
 3.90572653e-08 -8.58552470e-07  3.90572653e-08 -2.35955090e-05 
 3.91072653e-08  9.68025974e-07  3.91072653e-08  2.37735007e-05 
 3.91572653e-08 -8.36184472e-07  3.91572653e-08 -2.39139420e-05 
 3.92072653e-08  9.45918526e-07  3.92072653e-08  2.40830475e-05 
 3.92572653e-08 -8.14336649e-07  3.92572653e-08 -2.42147643e-05 
 3.93072653e-08  9.24325198e-07  3.93072653e-08  2.43753008e-05 
 3.93572653e-08 -7.92996933e-07  3.93572653e-08 -2.44986053e-05 
 3.94072653e-08  9.03234117e-07  3.94072653e-08  2.46508789e-05 
 3.94572653e-08 -7.72153583e-07  3.94572653e-08 -2.47660722e-05 
 3.95072653e-08  8.82633651e-07  3.95072653e-08  2.49103783e-05 
 3.95572653e-08 -7.51795137e-07  3.95572653e-08 -2.50177511e-05 
 3.96072653e-08  8.62512502e-07  3.96072653e-08  2.51543747e-05 
 3.96572653e-08 -7.31910434e-07  3.96572653e-08 -2.52542073e-05 
 3.97072653e-08  8.42859605e-07  3.97072653e-08  2.53834235e-05 
 3.97572653e-08 -7.12488515e-07  3.97572653e-08 -2.54759866e-05 
 3.98072653e-08  8.23664171e-07  3.98072653e-08  2.55980609e-05 
 3.98572653e-08 -6.93518749e-07  3.98572653e-08 -2.56836158e-05 
 3.99072653e-08  8.04915650e-07  3.99072653e-08  2.57988044e-05 
 3.99536327e-08 -6.74273715e-07  3.99536327e-08 -2.58849332e-05 
 4.00000000e-08  7.85187274e-07  4.00000000e-08  2.60002807e-05 
 4.00050000e-08  1.75190466e-05  4.00050000e-08  2.19009442e-04 
 4.00150000e-08 -7.95260006e-06  4.00150000e-08  1.27490795e-05 
 4.00350000e-08 -9.69309781e-06  4.00350000e-08 -8.47906365e-05 
 4.00750000e-08  1.02522417e-05  4.00750000e-08 -6.45273897e-05 
 4.01250000e-08 -4.12060010e-05  4.01250000e-08 -1.29457830e-04 
 4.01625000e-08 -7.32719108e-05  4.01625000e-08 -3.60571674e-04 
 4.02000000e-08  5.80946627e-04  4.02000000e-08  3.45078642e-04 
 4.02050000e-08  3.41748013e-04  4.02050000e-08  1.95095980e-04 
 4.02150000e-08 -3.90968958e-04  4.02150000e-08  4.49595669e-04 
 4.02350000e-08 -3.96120799e-04  4.02350000e-08  1.04202307e-03 
 4.02750000e-08  3.15688904e-04  4.02750000e-08  1.30486720e-03 
 4.03174797e-08 -2.04979977e-04  4.03174797e-08 -2.48775121e-03 
 4.03623535e-08  1.37191911e-04  4.03623535e-08  6.20942467e-04 
 4.04123535e-08 -9.83372093e-05  4.04123535e-08 -9.54933955e-05 
 4.04623535e-08  7.28477292e-05  4.04623535e-08  1.76519077e-04 
 4.05123535e-08 -5.50745384e-05  4.05123535e-08 -9.25422892e-05 
 4.05623535e-08  4.26829527e-05  4.05623535e-08  4.71223395e-05 
 4.06123535e-08 -3.34069145e-05  4.06123535e-08 -7.12468486e-06 
 4.06623535e-08  2.67022831e-05  4.06623535e-08 -2.17761081e-05 
 4.07123535e-08 -2.13977197e-05  4.07123535e-08  4.38877835e-05 
 4.07623535e-08  1.75174125e-05  4.07623535e-08 -6.05275542e-05 
 4.08123535e-08 -1.42844423e-05  4.08123535e-08  7.31935692e-05 
 4.08623535e-08  1.19431542e-05  4.08623535e-08 -8.27258921e-05 
 4.09123535e-08 -9.86060008e-06  4.09123535e-08  8.99090498e-05 
 4.09623535e-08  8.39497373e-06  4.09623535e-08 -9.51456398e-05 
 4.10123535e-08 -6.98096438e-06  4.10123535e-08  9.89296627e-05 
 4.10623535e-08  6.03318244e-06  4.10623535e-08 -1.01450048e-04 
 4.11123535e-08 -5.02231613e-06  4.11123535e-08  1.03051957e-04 
 4.11623535e-08  4.39257168e-06  4.11623535e-08 -1.03815142e-04 
 4.12123535e-08 -3.63434743e-06  4.12123535e-08  1.04000266e-04 
 4.12623535e-08  3.20788764e-06  4.12623535e-08 -1.03625566e-04 
 4.13123535e-08 -2.61456914e-06  4.13123535e-08  1.02898058e-04 
 4.13623535e-08  2.32354304e-06  4.13623535e-08 -1.01798868e-04 
 4.14123535e-08 -1.84240247e-06  4.14123535e-08  1.00498264e-04 
 4.14623535e-08  1.64536454e-06  4.14623535e-08 -9.89541574e-05 
 4.15123535e-08 -1.24361068e-06  4.15123535e-08  9.73105220e-05 
 4.15623535e-08  1.11431583e-06  4.15623535e-08 -9.55106156e-05 
 4.16123535e-08 -7.70781739e-07  4.16123535e-08  9.36791702e-05 
 4.16623535e-08  6.91961928e-07  4.16623535e-08 -9.17503244e-05 
 4.17123535e-08 -3.92446076e-07  4.17123535e-08  8.98345570e-05 
 4.17623535e-08  3.52292825e-07  4.17623535e-08 -8.78605478e-05 
 4.18123535e-08 -8.68991874e-08  4.18123535e-08  8.59281405e-05 
 4.18623535e-08  7.70349808e-08  4.18623535e-08 -8.39629872e-05 
 4.19123535e-08  1.61379086e-07  4.19123535e-08  8.20569509e-05 
 4.19561767e-08 -1.61271170e-07  4.19561767e-08 -7.98684835e-05 
 4.20000000e-08  3.89284575e-07  4.20000000e-08  7.77585218e-05 
 4.20050000e-08 -1.01804133e-07  4.20050000e-08  4.68241229e-06 
 4.20150000e-08  1.14129781e-07  4.20150000e-08 -4.58780380e-06 
 4.20350000e-08  4.26172983e-08  4.20350000e-08  4.30075791e-06 
 4.20750000e-08  7.05351367e-08  4.20750000e-08 -4.05325407e-06 
 4.21250000e-08  5.00832438e-08  4.21250000e-08  3.90983196e-06 
 4.21625000e-08  7.36627153e-08  4.21625000e-08 -3.72978669e-06 
 4.22000000e-08  2.00410997e-07  4.22000000e-08  3.58775979e-06 
 4.22050000e-08  7.05478199e-07  4.22050000e-08  3.05642425e-07 
 4.22150000e-08 -4.00874054e-07  4.22150000e-08  2.22306201e-07 
 4.22350000e-08 -3.51447878e-06  4.22350000e-08  6.03271693e-08 
 4.22750000e-08  6.82102207e-06  4.22750000e-08 -2.32956588e-07 
 4.23250000e-08 -8.43438542e-06  4.23250000e-08  1.14615374e-06 
 4.23750000e-08  8.84288799e-06  4.23750000e-08 -6.06549076e-06 
 4.24250000e-08 -7.79611651e-06  4.24250000e-08  1.41158848e-05 
 4.24750000e-08  6.35205193e-06  4.24750000e-08 -1.88630461e-05 
 4.25250000e-08 -4.52380256e-06  4.25250000e-08  1.87648923e-05 
 4.25750000e-08  3.09008552e-06  4.25750000e-08 -1.74735891e-05 
 4.26250000e-08 -1.69301490e-06  4.26250000e-08  1.69051039e-05 
 4.26750000e-08  8.35646316e-07  4.26750000e-08 -1.67069205e-05 
 4.27250000e-08 -3.81232903e-09  4.27250000e-08  1.66368770e-05 
 4.27750000e-08 -3.69565080e-07  4.27750000e-08 -1.65151015e-05 
 4.28250000e-08  8.17521478e-07  4.28250000e-08  1.63741209e-05 
 4.28750000e-08 -9.01292539e-07  4.28750000e-08 -1.61494748e-05 
 4.29250000e-08  1.13841462e-06  4.29250000e-08  1.59126475e-05 
 4.29750000e-08 -1.07295896e-06  4.29750000e-08 -1.56088953e-05 
 4.30250000e-08  1.20706778e-06  4.30250000e-08  1.53104171e-05 
 4.30750000e-08 -1.07227383e-06  4.30750000e-08 -1.49605315e-05 
 4.31250000e-08  1.16108728e-06  4.31250000e-08  1.46291531e-05 
 4.31750000e-08 -9.97873477e-07  4.31750000e-08 -1.42573663e-05 
 4.32250000e-08  1.06995220e-06  4.32250000e-08  1.39131770e-05 
 4.32750000e-08 -8.97978996e-07  4.32750000e-08 -1.35359748e-05 
 4.33250000e-08  9.66664650e-07  4.33250000e-08  1.31923653e-05 
 4.33750000e-08 -7.94839451e-07  4.33750000e-08 -1.28204741e-05 
 4.34250000e-08  8.65959925e-07  4.34250000e-08  1.24860501e-05 
 4.34750000e-08 -6.97982942e-07  4.34750000e-08 -1.21261300e-05 
 4.35250000e-08  7.73780470e-07  4.35250000e-08  1.18059128e-05 
 4.35750000e-08 -6.10910716e-07  4.35750000e-08 -1.14618266e-05 
 4.36250000e-08  6.91977120e-07  4.36250000e-08  1.11585399e-05 
 4.36750000e-08 -5.34363919e-07  4.36750000e-08 -1.08321181e-05 
 4.37250000e-08  6.20561277e-07  4.37250000e-08  1.05468779e-05 
 4.37750000e-08 -4.67884508e-07  4.37750000e-08 -1.02386544e-05 
 4.38250000e-08  5.58782018e-07  4.38250000e-08  9.97153343e-06 
 4.38750000e-08 -4.10547920e-07  4.38750000e-08 -9.68121375e-06 
 4.39250000e-08  5.05621210e-07  4.39250000e-08  9.43163713e-06 
 4.39750000e-08 -3.61296159e-07  4.39750000e-08 -9.15843021e-06 
 4.40250000e-08  4.60016596e-07  4.40250000e-08  8.92545082e-06 
 4.40750000e-08 -3.19085937e-07  4.40750000e-08 -8.66829671e-06 
 4.41250000e-08  4.20958613e-07  4.41250000e-08  8.45078243e-06 
 4.41750000e-08 -2.82950645e-07  4.41750000e-08 -8.20850451e-06 
 4.42250000e-08  3.87529022e-07  4.42250000e-08  8.00526110e-06 
 4.42750000e-08 -2.52022970e-07  4.42750000e-08 -7.77666444e-06 
 4.43250000e-08  3.58912105e-07  4.43250000e-08  7.58651332e-06 
 4.43750000e-08 -2.25538480e-07  4.43750000e-08 -7.37044498e-06 
 4.44250000e-08  3.34393665e-07  4.44250000e-08  7.19226908e-06 
 4.44750000e-08 -2.02831519e-07  4.44750000e-08 -6.98765237e-06 
 4.45250000e-08  3.13354498e-07  4.45250000e-08  6.82042081e-06 
 4.45750000e-08 -1.83327120e-07  4.45750000e-08 -6.62627182e-06 
 4.46250000e-08  2.95261565e-07  4.46250000e-08  6.46905010e-06 
 4.46750000e-08 -1.66531806e-07  4.46750000e-08 -6.28448288e-06 
 4.47250000e-08  2.79658616e-07  4.47250000e-08  6.13643414e-06 
 4.47750000e-08 -1.52024257e-07  4.47750000e-08 -5.96065880e-06 
 4.48250000e-08  2.66156995e-07  4.48250000e-08  5.82103946e-06 
 4.48750000e-08 -1.39446286e-07  4.48750000e-08 -5.65335613e-06 
 4.49250000e-08  2.54426898e-07  4.49250000e-08  5.52150864e-06 
 4.49750000e-08 -1.28494501e-07  4.49750000e-08 -5.36129924e-06 
 4.50250000e-08  2.44189443e-07  4.50250000e-08  5.23664336e-06 
 4.50750000e-08 -1.18912728e-07  4.50750000e-08 -5.08336262e-06 
 4.51250000e-08  2.35209474e-07  4.51250000e-08  4.96538628e-06 
 4.51750000e-08 -1.10485218e-07  4.51750000e-08 -4.81855269e-06 
 4.52250000e-08  2.27289156e-07  4.52250000e-08  4.70680329e-06 
 4.52750000e-08 -1.03030702e-07  4.52750000e-08 -4.56599071e-06 
 4.53250000e-08  2.20262459e-07  4.53250000e-08  4.46006695e-06 
 4.53750000e-08 -9.63971113e-08  4.53750000e-08 -4.32489674e-06 
 4.54250000e-08  2.13990171e-07  4.54250000e-08  4.22444126e-06 
 4.54750000e-08 -9.04570901e-08  4.54750000e-08 -4.09457549e-06 
 4.55250000e-08  2.08355817e-07  4.55250000e-08  3.99926852e-06 
 4.55750000e-08 -8.51041340e-08  4.55750000e-08 -3.87440396e-06 
 4.56250000e-08  2.03261996e-07  4.56250000e-08  3.78395769e-06 
 4.56750000e-08 -8.02491390e-08  4.56750000e-08 -3.66382060e-06 
 4.57250000e-08  1.98627278e-07  4.57250000e-08  3.57797454e-06 
 4.57750000e-08 -7.58177542e-08  4.57750000e-08 -3.46231642e-06 
 4.58250000e-08  1.94383676e-07  4.58250000e-08  3.38083324e-06 
 4.58750000e-08 -7.17477962e-08  4.58750000e-08 -3.26942704e-06 
 4.59250000e-08  1.90474385e-07  4.59250000e-08  3.19208935e-06 
 4.59750000e-08 -6.79873291e-08  4.59750000e-08 -3.08472648e-06 
 4.60250000e-08  1.86851931e-07  4.60250000e-08  3.01133389e-06 
 4.60750000e-08 -6.44930134e-08  4.60750000e-08 -2.90782154e-06 
 4.61250000e-08  1.83476675e-07  4.61250000e-08  2.83818844e-06 
 4.61750000e-08 -6.12285644e-08  4.61750000e-08 -2.73834756e-06 
 4.62250000e-08  1.80315441e-07  4.62250000e-08  2.67230111e-06 
 4.62750000e-08 -5.81636093e-08  4.62750000e-08 -2.57596460e-06 
 4.63250000e-08  1.77340422e-07  4.63250000e-08  2.51334312e-06 
 4.63750000e-08 -5.52727364e-08  4.63750000e-08 -2.42035442e-06 
 4.64250000e-08  1.74528337e-07  4.64250000e-08  2.36100612e-06 
 4.64750000e-08 -5.25345681e-08  4.64750000e-08 -2.27121788e-06 
 4.65250000e-08  1.71859613e-07  4.65250000e-08  2.21499969e-06 
 4.65750000e-08 -4.99312094e-08  4.65750000e-08 -2.12827289e-06 
 4.66250000e-08  1.69317849e-07  4.66250000e-08  2.07504964e-06 
 4.66750000e-08 -4.74475705e-08  4.66750000e-08 -1.99125268e-06 
 4.67250000e-08  1.66889120e-07  4.67250000e-08  1.94089624e-06 
 4.67750000e-08 -4.50708339e-08  4.67750000e-08 -1.85990429e-06 
 4.68250000e-08  1.64561686e-07  4.68250000e-08  1.81229295e-06 
 4.68750000e-08 -4.27902425e-08  4.68750000e-08 -1.73398736e-06 
 4.69250000e-08  1.62325640e-07  4.69250000e-08  1.68900534e-06 
 4.69750000e-08 -4.05966581e-08  4.69750000e-08 -1.61327306e-06 
 4.70250000e-08  1.60172572e-07  4.70250000e-08  1.57081007e-06 
 4.70750000e-08 -3.84822925e-08  4.70750000e-08 -1.49754335e-06 
 4.71250000e-08  1.58095243e-07  4.71250000e-08  1.45749405e-06 
 4.71750000e-08 -3.64404736e-08  4.71750000e-08 -1.38659001e-06 
 4.72250000e-08  1.56087502e-07  4.72250000e-08  1.34885384e-06 
 4.72750000e-08 -3.44655059e-08  4.72750000e-08 -1.28021414e-06 
 4.73250000e-08  1.54144058e-07  4.73250000e-08  1.24469493e-06 
 4.73750000e-08 -3.25524593e-08  4.73750000e-08 -1.17822553e-06 
 4.74250000e-08  1.52260353e-07  4.74250000e-08  1.14483132e-06 
 4.74750000e-08 -3.06970965e-08  4.74750000e-08 -1.08044220e-06 
 4.75250000e-08  1.50432401e-07  4.75250000e-08  1.04908490e-06 
 4.75750000e-08 -2.88957112e-08  4.75750000e-08 -9.86689930e-07 
 4.76250000e-08  1.48656774e-07  4.76250000e-08  9.57285212e-07 
 4.76750000e-08 -2.71450957e-08  4.76750000e-08 -8.96801818e-07 
 4.77250000e-08  1.46930456e-07  4.77250000e-08  8.69268855e-07 
 4.77750000e-08 -2.54424088e-08  4.77750000e-08 -8.10617941e-07 
 4.78250000e-08  1.45250770e-07  4.78250000e-08  7.84879312e-07 
 4.78750000e-08 -2.37851572e-08  4.78750000e-08 -7.27985071e-07 
 4.79250000e-08  1.43615412e-07  4.79250000e-08  7.03966571e-07 
 4.79750000e-08 -2.21711665e-08  4.79750000e-08 -6.48756357e-07 
 4.80250000e-08  1.42022265e-07  4.80250000e-08  6.26386761e-07 
 4.80750000e-08 -2.05984062e-08  4.80750000e-08 -5.72790879e-07 
 4.81250000e-08  1.40469454e-07  4.81250000e-08  5.52002012e-07 
 4.81750000e-08 -1.90651369e-08  4.81750000e-08 -4.99953654e-07 
 4.82250000e-08  1.38955326e-07  4.82250000e-08  4.80680075e-07 
 4.82750000e-08 -1.75697583e-08  4.82750000e-08 -4.30115192e-07 
 4.83250000e-08  1.37478332e-07  4.83250000e-08  4.12294174e-07 
 4.83750000e-08 -1.61108063e-08  4.83750000e-08 -3.63151325e-07 
 4.84250000e-08  1.36037085e-07  4.84250000e-08  3.46722686e-07 
 4.84750000e-08 -1.46869710e-08  4.84750000e-08 -2.98942946e-07 
 4.85250000e-08  1.34630356e-07  4.85250000e-08  2.83848989e-07 
 4.85750000e-08 -1.32970416e-08  4.85750000e-08 -2.37375899e-07 
 4.86250000e-08  1.33256938e-07  4.86250000e-08  2.23561299e-07 
 4.86750000e-08 -1.19398988e-08  4.86750000e-08 -1.78340645e-07 
 4.87250000e-08  1.31915795e-07  4.87250000e-08  1.65752343e-07 
 4.87750000e-08 -1.06144896e-08  4.87750000e-08 -1.21732196e-07 
 4.88250000e-08  1.30605909e-07  4.88250000e-08  1.10319331e-07 
 4.88750000e-08 -9.31989379e-09  4.88750000e-08 -6.74498540e-08 
 4.89250000e-08  1.29326347e-07  4.89250000e-08  5.71636060e-08 
 4.89750000e-08 -8.05516957e-09  4.89750000e-08 -1.53970364e-08 
 4.90250000e-08  1.28076255e-07  4.90250000e-08  6.19062812e-09 
 4.90750000e-08 -6.81948508e-09  4.90750000e-08  3.45188310e-08 
 4.91250000e-08  1.26854775e-07  4.91250000e-08 -4.26902502e-08 
 4.91750000e-08 -5.61202928e-09  4.91750000e-08  8.23865541e-08 
 4.92250000e-08  1.25661142e-07  4.92250000e-08 -8.95659906e-08 
 4.92750000e-08 -4.43203756e-09  4.92750000e-08  1.28291182e-07 
 4.93250000e-08  1.24494618e-07  4.93250000e-08 -1.34519856e-07 
 4.93750000e-08 -3.27881133e-09  4.93750000e-08  1.72314344e-07 
 4.94250000e-08  1.23354526e-07  4.94250000e-08 -1.77631809e-07 
 4.94750000e-08 -2.15167721e-09  4.94750000e-08  2.14534287e-07 
 4.95250000e-08  1.22240168e-07  4.95250000e-08 -2.18978418e-07 
 4.95750000e-08 -1.04994998e-09  4.95750000e-08  2.55025995e-07 
 4.96250000e-08  1.21150923e-07  4.96250000e-08 -2.58633098e-07 
 4.96750000e-08  2.69686218e-11  4.96750000e-08  2.93861278e-07 
 4.97250000e-08  1.20086182e-07  4.97250000e-08 -2.96666204e-07 
 4.97750000e-08  1.07967738e-09  4.97750000e-08  3.31109128e-07 
 4.98250000e-08  1.19045327e-07  4.98250000e-08 -3.33145225e-07 
 4.98750000e-08  2.10882257e-09  4.98750000e-08  3.66835492e-07 
 4.99250000e-08  1.18027778e-07  4.99250000e-08 -3.68134724e-07 
 4.99625000e-08  3.28038388e-09  4.99625000e-08  4.06678238e-07 
 5.00000000e-08  1.16706408e-07  5.00000000e-08 -4.12578409e-07 
 5.00050000e-08 -9.21264786e-06  5.00050000e-08 -7.56922515e-05 
 5.00150000e-08  8.99693071e-06  5.00150000e-08  1.77649155e-05 
 5.00350000e-08  7.51359269e-07  5.00350000e-08  2.36571853e-05 
 5.00750000e-08 -3.79178438e-06  5.00750000e-08  9.70858191e-06 
 5.01250000e-08  2.23715540e-05  5.01250000e-08  1.42525438e-04 
 5.01625000e-08  2.94518710e-06  5.01625000e-08  1.30987057e-04 
 5.02000000e-08 -2.94766131e-04  5.02000000e-08 -1.77763853e-04 
 5.02050000e-08 -2.75673226e-04  5.02050000e-08 -4.12360402e-04 
 5.02150000e-08  1.18986244e-04  5.02150000e-08 -8.49633385e-04 
 5.02350000e-08  5.60310821e-04  5.02350000e-08 -1.14638115e-03 
 5.02717453e-08 -4.50978082e-04  5.02717453e-08  1.37105463e-04 
 5.03134017e-08  2.65629414e-04  5.03134017e-08  1.21549412e-03 
 5.03581830e-08 -1.30838344e-04  5.03581830e-08 -1.04271455e-04 
 5.04081830e-08  4.91212905e-05  5.04081830e-08 -2.84713238e-04 
 5.04581830e-08  6.10455495e-06  5.04581830e-08  1.24560526e-04 
 5.05081830e-08 -4.21380090e-05  5.05081830e-08 -1.56069079e-04 
 5.05581830e-08  6.52133751e-05  5.05581830e-08  1.61119541e-04 
 5.06081830e-08 -7.90161990e-05  5.06081830e-08 -1.76895738e-04 
 5.06581830e-08  8.66226488e-05  5.06581830e-08  1.87818441e-04 
 5.07081830e-08 -8.95953858e-05  5.07081830e-08 -1.97221093e-04 
 5.07581830e-08  8.96973341e-05  5.07581830e-08  2.04178157e-04 
 5.08081830e-08 -8.73746089e-05  5.08081830e-08 -2.09160650e-04 
 5.08581830e-08  8.39443877e-05  5.08581830e-08  2.12526982e-04 
 5.09081830e-08 -7.93202383e-05  5.09081830e-08 -2.14381820e-04 
 5.09581830e-08  7.44138565e-05  5.09581830e-08  2.15074463e-04 
 5.10081830e-08 -6.89973468e-05  5.10081830e-08 -2.14688200e-04 
 5.10581830e-08  6.37540071e-05  5.10581830e-08  2.13541308e-04 
 5.11081830e-08 -5.83417163e-05  5.11081830e-08 -2.11610082e-04 
 5.11581830e-08  5.33268529e-05  5.11581830e-08  2.09185552e-04 
 5.12081830e-08 -4.83081567e-05  5.12081830e-08 -2.06216968e-04 
 5.12581830e-08  4.37882425e-05  5.12581830e-08  2.02947930e-04 
 5.13081830e-08 -3.93279666e-05  5.13081830e-08 -1.99310722e-04 
 5.13581830e-08  3.53996309e-05  5.13581830e-08  1.95512403e-04 
 5.14081830e-08 -3.15400844e-05  5.14081830e-08 -1.91474374e-04 
 5.14581830e-08  2.82089038e-05  5.14581830e-08  1.87374258e-04 
 5.15081830e-08 -2.49282249e-05  5.15081830e-08 -1.83127334e-04 
 5.15581830e-08  2.21538896e-05  5.15581830e-08  1.78887504e-04 
 5.16081830e-08 -1.93994871e-05  5.16081830e-08 -1.74567185e-04 
 5.16581830e-08  1.71214925e-05  5.16581830e-08  1.70301215e-04 
 5.17081830e-08 -1.48289502e-05  5.17081830e-08 -1.66001310e-04 
 5.17581830e-08  1.29808887e-05  5.17581830e-08  1.61787029e-04 
 5.18081830e-08 -1.10843287e-05  5.18081830e-08 -1.57570767e-04 
 5.18581830e-08  9.60150943e-06  5.18581830e-08  1.53459861e-04 
 5.19081830e-08 -8.03895415e-06  5.19081830e-08 -1.49368225e-04 
 5.19581830e-08  6.86214418e-06  5.19581830e-08  1.45393440e-04 
 5.20081830e-08 -5.57797926e-06  5.20081830e-08 -1.41451399e-04 
 5.20581830e-08  4.65492713e-06  5.20581830e-08  1.37631910e-04 
 5.21081830e-08 -3.60072002e-06  5.21081830e-08 -1.33853053e-04 
 5.21581830e-08  2.88644618e-06  5.21581830e-08  1.30198447e-04 
 5.22081830e-08 -2.02086717e-06  5.22081830e-08 -1.26588403e-04 
 5.22581830e-08  1.47730514e-06  5.22581830e-08  1.23101620e-04 
 5.23081830e-08 -7.65593072e-07  5.23081830e-08 -1.19660570e-04 
 5.23581830e-08  3.60922237e-07  5.23581830e-08  1.16340050e-04 
 5.24081830e-08  2.25848029e-07  5.24081830e-08 -1.13064556e-04 
 5.24581830e-08 -5.17982441e-07  5.24581830e-08  1.09905798e-04 
 5.25081830e-08  1.00368474e-06  5.25081830e-08 -1.06790125e-04 
 5.25581830e-08 -1.20495591e-06  5.25581830e-08  1.03786804e-04 
 5.26081830e-08  1.60917054e-06  5.26081830e-08 -1.00823855e-04 
 5.26581830e-08 -1.73730259e-06  5.26581830e-08  9.79686183e-05 
 5.27081830e-08  2.07600812e-06  5.27081830e-08 -9.51505936e-05 
 5.27581830e-08 -2.14543119e-06  5.27581830e-08  9.24356119e-05 
 5.28081830e-08  2.43161439e-06  5.28081830e-08 -8.97544657e-05 
 5.28581830e-08 -2.45403439e-06  5.28581830e-08  8.71718082e-05 
 5.29081830e-08  2.69821550e-06  5.29081830e-08 -8.46195510e-05 
 5.29581830e-08 -2.68310005e-06  5.29581830e-08  8.21614352e-05 
 5.30081830e-08  2.89377778e-06  5.30081830e-08 -7.97303306e-05 
 5.30581830e-08 -2.84876502e-06  5.30581830e-08  7.73892797e-05 
 5.31081830e-08  3.03278909e-06  5.31081830e-08 -7.50719638e-05 
 5.31581830e-08 -2.96402803e-06  5.31581830e-08  7.28408989e-05 
 5.32081830e-08  3.12690804e-06  5.32081830e-08 -7.06304463e-05 
 5.32581830e-08 -3.03933975e-06  5.32581830e-08  6.85027332e-05 
 5.33081830e-08  3.18549957e-06  5.33081830e-08 -6.63926846e-05 
 5.33581830e-08 -3.08308785e-06  5.33581830e-08  6.43621505e-05 
 5.34081830e-08  3.21607403e-06  5.34081830e-08 -6.23465164e-05 
 5.34581830e-08 -3.10199392e-06  5.34581830e-08  6.04074446e-05 
 5.35081830e-08  3.22464547e-06  5.35081830e-08 -5.84806920e-05 
 5.35581830e-08 -3.10143667e-06  5.35581830e-08  5.66278052e-05 
 5.36081830e-08  3.21602315e-06  5.36081830e-08 -5.47848343e-05 
 5.36581830e-08 -3.08571435e-06  5.36581830e-08  5.30132685e-05 
 5.37081830e-08  3.19404761e-06  5.37081830e-08 -5.12493842e-05 
 5.37581830e-08 -3.05825716e-06  5.37581830e-08  4.95546597e-05 
 5.38081830e-08  3.16178172e-06  5.38081830e-08 -4.78655399e-05 
 5.38581830e-08 -3.02179881e-06  5.38581830e-08  4.62435298e-05 
 5.39081830e-08  3.12166463e-06  5.39081830e-08 -4.46251941e-05 
 5.39581830e-08 -2.97851470e-06  5.39581830e-08  4.30720937e-05 
 5.40081830e-08  3.07563588e-06  5.40081830e-08 -4.15208716e-05 
 5.40581830e-08 -2.93013332e-06  5.40581830e-08  4.00331683e-05 
 5.41081830e-08  3.02523526e-06  5.41081830e-08 -3.85456702e-05 
 5.41581830e-08 -2.87802563e-06  5.41581830e-08  3.71201155e-05 
 5.42081830e-08  2.97168289e-06  5.42081830e-08 -3.56932052e-05 
 5.42581830e-08 -2.82327689e-06  5.42581830e-08  3.43267891e-05 
 5.43081830e-08  2.91594349e-06  5.43081830e-08 -3.29575585e-05 
 5.43581830e-08 -2.76674409e-06  5.43581830e-08  3.16474858e-05 
 5.44081830e-08  2.85877793e-06  5.44081830e-08 -3.03332324e-05 
 5.44581830e-08 -2.70910225e-06  5.44581830e-08  2.90769011e-05 
 5.45081830e-08  2.80078456e-06  5.45081830e-08 -2.78151077e-05 
 5.45581830e-08 -2.65088126e-06  5.45581830e-08  2.66100904e-05 
 5.46081830e-08  2.74243213e-06  5.46081830e-08 -2.53984064e-05 
 5.46581830e-08 -2.59249536e-06  5.46581830e-08  2.42424330e-05 
 5.47081830e-08  2.68408631e-06  5.47081830e-08 -2.30786587e-05 
 5.47581830e-08 -2.53426683e-06  5.47581830e-08  2.19696013e-05 
 5.48081830e-08  2.62603064e-06  5.48081830e-08 -2.08516732e-05 
 5.48581830e-08 -2.47644477e-06  5.48581830e-08  1.97875330e-05 
 5.49081830e-08  2.56848359e-06  5.49081830e-08 -1.87135109e-05 
 5.49581830e-08 -2.41922025e-06  5.49581830e-08  1.76924061e-05 
 5.50081830e-08  2.51161180e-06  5.50081830e-08 -1.66604624e-05 
 5.50581830e-08 -2.36273826e-06  5.50581830e-08  1.56806177e-05 
 5.51081830e-08  2.45554097e-06  5.51081830e-08 -1.46890271e-05 
 5.51581830e-08 -2.30710730e-06  5.51581830e-08  1.37487647e-05 
 5.52081830e-08  2.40036428e-06  5.52081830e-08 -1.27958954e-05 
 5.52581830e-08 -2.25240699e-06  5.52581830e-08  1.18936267e-05 
 5.53081830e-08  2.34614934e-06  5.53081830e-08 -1.09779326e-05 
 5.53581830e-08 -2.19869426e-06  5.53581830e-08  1.01121510e-05 
 5.54081830e-08  2.29294356e-06  5.54081830e-08 -9.23216539e-06 
 5.54581830e-08 -2.14600807e-06  5.54581830e-08  8.40143982e-06 
 5.55081830e-08  2.24077840e-06  5.55081830e-08 -7.55576841e-06 
 5.55581830e-08 -2.09437326e-06  5.55581830e-08  6.75873770e-06 
 5.56081830e-08  2.18967289e-06  5.56081830e-08 -5.94605395e-06 
 5.56581830e-08 -2.04380374e-06  5.56581830e-08  5.18142172e-06 
 5.57081830e-08  2.13963635e-06  5.57081830e-08 -4.40046153e-06 
 5.57581830e-08 -1.99430480e-06  5.57581830e-08  3.66699173e-06 
 5.58081830e-08  2.09067054e-06  5.58081830e-08 -2.91654940e-06 
 5.58581830e-08 -1.94587508e-06  5.58581830e-08  2.21306215e-06 
 5.59081830e-08  2.04277132e-06  5.59081830e-08 -1.49198633e-06 
 5.59581830e-08 -1.89850806e-06  5.59581830e-08  8.17354337e-07 
 5.60081830e-08  1.99593014e-06  5.60081830e-08 -1.24544627e-07 
 5.60581830e-08 -1.85219334e-06  5.60581830e-08 -5.22310144e-07 
 5.61081830e-08  1.95013495e-06  5.61081830e-08  1.18790635e-06 
 5.61581830e-08 -1.80691755e-06  5.61581830e-08 -1.80801566e-06 
 5.62081830e-08  1.90537121e-06  5.62081830e-08  2.44740609e-06 
 5.62581830e-08 -1.76266510e-06  5.62581830e-08 -3.04175805e-06 
 5.63081830e-08  1.86162249e-06  5.63081830e-08  3.65590808e-06 
 5.63581830e-08 -1.71941880e-06  5.63581830e-08 -4.22544977e-06 
 5.64081830e-08  1.81887091e-06  5.64081830e-08  4.81528483e-06 
 5.64581830e-08 -1.67716032e-06  5.64581830e-08 -5.36092440e-06 
 5.65081830e-08  1.77709775e-06  5.65081830e-08  5.92733215e-06 
 5.65581830e-08 -1.63587054e-06  5.65581830e-08 -6.44994101e-06 
 5.66081830e-08  1.73628358e-06  5.66081830e-08  6.99377335e-06 
 5.66581830e-08 -1.59552985e-06  5.66581830e-08 -7.49418799e-06 
 5.67081830e-08  1.69640866e-06  5.67081830e-08  8.01626287e-06 
 5.67581830e-08 -1.55611839e-06  5.67581830e-08 -8.49528673e-06 
 5.68081830e-08  1.65745303e-06  5.68081830e-08  8.99638981e-06 
 5.68581830e-08 -1.51761615e-06  5.68581830e-08 -9.45479477e-06 
 5.69081830e-08  1.61939669e-06  5.69081830e-08  9.93568113e-06 
 5.69581830e-08 -1.48000318e-06  5.69581830e-08 -1.03742092e-05 
 5.70081830e-08  1.58221975e-06  5.70081830e-08  1.08356047e-05 
 5.70581830e-08 -1.44325969e-06  5.70581830e-08 -1.12549692e-05 
 5.71081830e-08  1.54590253e-06  5.71081830e-08  1.16975718e-05 
 5.71581830e-08 -1.40736611e-06  5.71581830e-08 -1.20984590e-05 
 5.72081830e-08  1.51042554e-06  5.72081830e-08  1.25229403e-05 
 5.72581830e-08 -1.37230307e-06  5.72581830e-08 -1.29060104e-05 
 5.73081830e-08  1.47576960e-06  5.73081830e-08  1.33130164e-05 
 5.73581830e-08 -1.33805159e-06  5.73581830e-08 -1.36789048e-05 
 5.74081830e-08  1.44191590e-06  5.74081830e-08  1.40690575e-05 
 5.74581830e-08 -1.30459300e-06  5.74581830e-08 -1.44183758e-05 
 5.75081830e-08  1.40884591e-06  5.75081830e-08  1.47922739e-05 
 5.75581830e-08 -1.27190897e-06  5.75581830e-08 -1.51256110e-05 
 5.76081830e-08  1.37654152e-06  5.76081830e-08  1.54838312e-05 
 5.76581830e-08 -1.23998161e-06  5.76581830e-08 -1.58017543e-05 
 5.77081830e-08  1.34498499e-06  5.77081830e-08  1.61448520e-05 
 5.77581830e-08 -1.20879333e-06  5.77581830e-08 -1.64479075e-05 
 5.78081830e-08  1.31415900e-06  5.78081830e-08  1.67764177e-05 
 5.78581830e-08 -1.17832703e-06  5.78581830e-08 -1.70651320e-05 
 5.79081830e-08  1.28404658e-06  5.79081830e-08  1.73795703e-05 
 5.79581830e-08 -1.14856594e-06  5.79581830e-08 -1.76544506e-05 
 5.80081830e-08  1.25463113e-06  5.80081830e-08  1.79553140e-05 
 5.80581830e-08 -1.11949364e-06  5.80581830e-08 -1.82168493e-05 
 5.81081830e-08  1.22589648e-06  5.81081830e-08  1.85046166e-05 
 5.81581830e-08 -1.09109417e-06  5.81581830e-08 -1.87532783e-05 
 5.82081830e-08  1.19782684e-06  5.82081830e-08  1.90284113e-05 
 5.82581830e-08 -1.06335191e-06  5.82581830e-08 -1.92646538e-05 
 5.83081830e-08  1.17040677e-06  5.83081830e-08  1.95275978e-05 
 5.83581830e-08 -1.03625164e-06  5.83581830e-08 -1.97518592e-05 
 5.84081830e-08  1.14362123e-06  5.84081830e-08  2.00030435e-05 
 5.84581830e-08 -1.00977844e-06  5.84581830e-08 -2.02157465e-05 
 5.85081830e-08  1.11745548e-06  5.85081830e-08  2.04555853e-05 
 5.85581830e-08 -9.83917830e-07  5.85581830e-08 -2.06571375e-05 
 5.86081830e-08  1.09189523e-06  5.86081830e-08  2.08860302e-05 
 5.86581830e-08 -9.58655630e-07  5.86581830e-08 -2.10768247e-05 
 5.87081830e-08  1.06692642e-06  5.87081830e-08  2.12951567e-05 
 5.87581830e-08 -9.33977985e-07  5.87581830e-08 -2.14755729e-05 
 5.88081830e-08  1.04253543e-06  5.88081830e-08  2.16837161e-05 
 5.88581830e-08 -9.09871428e-07  5.88581830e-08 -2.18541200e-05 
 5.89081830e-08  1.01870891e-06  5.89081830e-08  2.20524333e-05 
 5.89581830e-08 -8.86322765e-07  5.89581830e-08 -2.22131781e-05 
 5.90081830e-08  9.95433835e-07  5.90081830e-08  2.24020076e-05 
 5.90581830e-08 -8.63319167e-07  5.90581830e-08 -2.25534341e-05 
 5.91081830e-08  9.72697536e-07  5.91081830e-08  2.27331141e-05 
 5.91581830e-08 -8.40848067e-07  5.91581830e-08 -2.28755514e-05 
 5.92081830e-08  9.50487591e-07  5.92081830e-08  2.30464045e-05 
 5.92581830e-08 -8.18897221e-07  5.92581830e-08 -2.31801701e-05 
 5.93081830e-08  9.28791909e-07  5.93081830e-08  2.33425077e-05 
 5.93581830e-08 -7.97454685e-07  5.93581830e-08 -2.34679082e-05 
 5.94081830e-08  9.07598679e-07  5.94081830e-08  2.36220309e-05 
 5.94581830e-08 -7.76508796e-07  5.94581830e-08 -2.37393622e-05 
 5.95081830e-08  8.86896386e-07  5.95081830e-08  2.38855604e-05 
 5.95581830e-08 -7.56048141e-07  5.95581830e-08 -2.39951082e-05 
 5.96081830e-08  8.66673746e-07  5.96081830e-08  2.41336621e-05 
 5.96581830e-08 -7.36061622e-07  5.96581830e-08 -2.42357024e-05 
 5.97081830e-08  8.46919800e-07  5.97081830e-08  2.43668826e-05 
 5.97581830e-08 -7.16538384e-07  5.97581830e-08 -2.44616818e-05 
 5.98081830e-08  8.27623823e-07  5.98081830e-08  2.45857498e-05 
 5.98581830e-08 -6.97467823e-07  5.98581830e-08 -2.46735652e-05 
 5.99081830e-08  8.08775322e-07  5.99081830e-08  2.47907734e-05 
 5.99540915e-08 -6.78019611e-07  5.99540915e-08 -2.48803828e-05 
 6.00000000e-08  7.88744078e-07  6.00000000e-08  2.49988971e-05 
 6.00050000e-08  1.75486408e-05  6.00050000e-08  2.19334087e-04 
 6.00150000e-08 -7.98482125e-06  6.00150000e-08  1.23731077e-05 
 6.00350000e-08 -9.70615911e-06  6.00350000e-08 -8.47378612e-05 
 6.00750000e-08  1.02897030e-05  6.00750000e-08 -6.45377033e-05 
 6.01250000e-08 -4.12880709e-05  6.01250000e-08 -1.29418808e-04 
 6.01625000e-08 -7.33699380e-05  6.01625000e-08 -3.60835904e-04 
 6.02000000e-08  5.82269398e-04  6.02000000e-08  3.45171719e-04 
 6.02050000e-08  3.39984782e-04  6.02050000e-08  1.95771080e-04 
 6.02150000e-08 -3.94860342e-04  6.02150000e-08  4.53364262e-04 
 6.02350000e-08 -3.92377669e-04  6.02350000e-08  1.05527600e-03 
 6.02750000e-08  3.13596984e-04  6.02750000e-08  1.29165854e-03 
 6.03181873e-08 -2.05427725e-04  6.03181873e-08 -2.51127585e-03 
 6.03636180e-08  1.38416056e-04  6.03636180e-08  6.98285474e-04 
 6.04136180e-08 -9.93132829e-05  6.04136180e-08 -1.46933815e-04 
 6.04636180e-08  7.36383444e-05  6.04636180e-08  2.15362665e-04 
 6.05136180e-08 -5.57232493e-05  6.05136180e-08 -1.31105660e-04 
 6.05636180e-08  4.32218809e-05  6.05636180e-08  8.47436104e-05 
 6.06136180e-08 -3.38596478e-05  6.06136180e-08 -4.44692197e-05 
 6.06636180e-08  2.70884003e-05  6.06636180e-08  1.52231608e-05 
 6.07136180e-08 -2.17330171e-05  6.07136180e-08  7.25268111e-06 
 6.07636180e-08  1.78144336e-05  6.07636180e-08 -2.43209926e-05 
 6.08136180e-08 -1.45532778e-05  6.08136180e-08  3.74552461e-05 
 6.08636180e-08  1.21911037e-05  6.08636180e-08 -4.75128311e-05 
 6.09136180e-08 -1.00930936e-05  6.09136180e-08  5.52492304e-05 
 6.09636180e-08  8.61568189e-06  6.09636180e-08 -6.10826232e-05 
 6.10136180e-08 -7.19237403e-06  6.10136180e-08  6.54793526e-05 
 6.10636180e-08  6.23681511e-06  6.10636180e-08 -6.86433719e-05 
 6.11136180e-08 -5.21907643e-06  6.11136180e-08  7.08949899e-05 
 6.11636180e-08  4.58291024e-06  6.11636180e-08 -7.23281951e-05 
 6.12136180e-08 -3.81845844e-06  6.12136180e-08  7.31818639e-05 
 6.12636180e-08  3.38579565e-06  6.12636180e-08 -7.34875601e-05 
 6.13136180e-08 -2.78623525e-06  6.13136180e-08  7.34335216e-05 
 6.13636180e-08  2.48889581e-06  6.13636180e-08 -7.30131835e-05 
 6.14136180e-08 -2.00139347e-06  6.14136180e-08  7.23808045e-05 
 6.14636180e-08  1.79796664e-06  6.14636180e-08 -7.15055096e-05 
 6.15136180e-08 -1.38984814e-06  6.15136180e-08  7.05177220e-05 
 6.15636180e-08  1.25424646e-06  6.15636180e-08 -6.93707951e-05 
 6.16136180e-08 -9.04515294e-07  6.16136180e-08  6.81780388e-05 
 6.16636180e-08  8.19636281e-07  6.16636180e-08 -6.68825907e-05 
 6.17136180e-08 -5.14240829e-07  6.17136180e-08  6.55853298e-05 
 6.17636180e-08  4.68404637e-07  6.17636180e-08 -6.42228902e-05 
 6.18136180e-08 -1.97553878e-07  6.18136180e-08  6.28870646e-05 
 6.18636180e-08  1.82464393e-07  6.18636180e-08 -6.15104859e-05 
 6.19136180e-08  6.09251597e-08  6.19136180e-08  6.01782774e-05 
 6.19568090e-08 -6.79347481e-08  6.19568090e-08 -5.86113405e-05 
 6.20000000e-08  3.02358004e-07  6.20000000e-08  5.71059340e-05 
 6.20050000e-08  2.45176622e-04  6.20050000e-08  3.03690226e-03 
 6.20150000e-08  1.96888772e-04  6.20150000e-08  3.40224309e-03 
 6.20350000e-08 -2.19058685e-05  6.20350000e-08  1.11689064e-03 
 6.20750000e-08  7.21619528e-05  6.20750000e-08  5.96713560e-04 
 6.21250000e-08 -2.58441115e-05  6.21250000e-08  4.10343666e-04 
 6.21625000e-08 -1.65121250e-05  6.21625000e-08  5.63299935e-04 
 6.22000000e-08 -6.52062055e-06  6.22000000e-08 -3.52558257e-03 
 6.22050000e-08 -1.86935839e-04  6.22050000e-08 -2.58616689e-03 
 6.22150000e-08 -1.85443771e-04  6.22150000e-08 -1.72965163e-03 
 6.22350000e-08 -2.45827032e-05  6.22350000e-08 -1.12825197e-03 
 6.22671417e-08 -2.84428258e-05  6.22671417e-08 -5.43394083e-04 
 6.23171417e-08  4.06253488e-06  6.23171417e-08 -1.42947293e-04 
 6.23671417e-08  1.17076295e-05  6.23671417e-08 -4.77913455e-05 
 6.24171417e-08 -1.75091334e-05  6.24171417e-08 -8.69022001e-05 
 6.24671417e-08  1.59029359e-05  6.24671417e-08  1.18407787e-04 
 6.25171417e-08 -1.07175588e-05  6.25171417e-08 -1.20212923e-04 
 6.25671417e-08  5.07422581e-06  6.25671417e-08  1.08443538e-04 
 6.26171417e-08  2.65657404e-07  6.26171417e-08 -1.08375854e-04 
 6.26671417e-08 -4.36875127e-06  6.26671417e-08  1.05727429e-04 
 6.27171417e-08  7.66449427e-06  6.27171417e-08 -1.04589916e-04 
 6.27671417e-08 -9.78984470e-06  6.27671417e-08  1.02909159e-04 
 6.28171417e-08  1.13919563e-05  6.28171417e-08 -1.01250947e-04 
 6.28671417e-08 -1.21581552e-05  6.28671417e-08  9.93745622e-05 
 6.29171417e-08  1.27131333e-05  6.29171417e-08 -9.73793426e-05 
 6.29671417e-08 -1.26945773e-05  6.29671417e-08  9.52913528e-05 
 6.30171417e-08  1.26765189e-05  6.30171417e-08 -9.31148063e-05 
 6.30671417e-08 -1.22470374e-05  6.30671417e-08  9.09290687e-05 
 6.31171417e-08  1.19450435e-05  6.31171417e-08 -8.86897536e-05 
 6.31671417e-08 -1.13257972e-05  6.31671417e-08  8.64898435e-05 
 6.32171417e-08  1.09039812e-05  6.32171417e-08 -8.42694188e-05 
 6.32671417e-08 -1.02176187e-05  6.32671417e-08  8.21147821e-05 
 6.33171417e-08  9.76655759e-06  6.33171417e-08 -7.99597530e-05 
 6.33671417e-08 -9.07901016e-06  6.33671417e-08  7.78844237e-05 
 6.34171417e-08  8.64639648e-06  6.34171417e-08 -7.58196065e-05 
 6.34671417e-08 -7.99135873e-06  6.34671417e-08  7.38405979e-05 
 6.35171417e-08  7.60057102e-06  6.35171417e-08 -7.18769071e-05 
 6.35671417e-08 -6.99353766e-06  6.35671417e-08  7.00003889e-05 
 6.36171417e-08  6.65428751e-06  6.36171417e-08 -6.81402232e-05 
 6.36671417e-08 -6.10058314e-06  6.36671417e-08  6.63658599e-05 
 6.37171417e-08  5.81500901e-06  6.37171417e-08 -6.46067007e-05 
 6.37671417e-08 -5.31439236e-06  6.37671417e-08  6.29305270e-05 
 6.38171417e-08  5.08056279e-06  6.38171417e-08 -6.12672552e-05 
 6.38671417e-08 -4.62988054e-06  6.38671417e-08  5.96835050e-05 
 6.39171417e-08  4.44381740e-06  6.39171417e-08 -5.81098417e-05 
 6.39671417e-08 -4.03853844e-06  6.39671417e-08  5.66120680e-05 
 6.40171417e-08  3.89538508e-06  6.40171417e-08 -5.51214363e-05 
 6.40671417e-08 -3.53048362e-06  6.40671417e-08  5.37031654e-05 
 6.41171417e-08  3.42517312e-06  6.41171417e-08 -5.22891770e-05 
 6.41671417e-08 -3.09562839e-06  6.41671417e-08  5.09442640e-05 
 6.42171417e-08  3.02325542e-06  6.42171417e-08 -4.96009701e-05 
 6.42671417e-08 -2.72432321e-06  6.42671417e-08  4.83237702e-05 
 6.43171417e-08  2.68033898e-06  6.43171417e-08 -4.70457675e-05 
 6.43671417e-08 -2.40768668e-06  6.43671417e-08  4.58311947e-05 
 6.44171417e-08  2.38798825e-06  6.44171417e-08 -4.46136474e-05 
 6.44671417e-08 -2.13774842e-06  6.44671417e-08  4.34571698e-05 
 6.45171417e-08  2.13870537e-06  6.45171417e-08 -4.22957844e-05 
 6.45671417e-08 -1.90748160e-06  6.45671417e-08  4.11933861e-05 
 6.46171417e-08  1.92592612e-06  6.46171417e-08 -4.00843628e-05 
 6.46671417e-08 -1.71077157e-06  6.46671417e-08  3.90324902e-05 
 6.47171417e-08  1.74396900e-06  6.47171417e-08 -3.79724658e-05 
 6.47671417e-08 -1.54235095e-06  6.47671417e-08  3.69679697e-05 
 6.48171417e-08  1.58796003e-06  6.48171417e-08 -3.59539599e-05 
 6.48671417e-08 -1.39771784e-06  6.48671417e-08  3.49940394e-05 
 6.49171417e-08  1.45374770e-06  6.49171417e-08 -3.40233839e-05 
 6.49671417e-08 -1.27304922e-06  6.49671417e-08  3.31055356e-05 
 6.50171417e-08  1.33781607e-06  6.50171417e-08 -3.21758503e-05 
 6.50671417e-08 -1.16511553e-06  6.50671417e-08  3.12978226e-05 
 6.51171417e-08  1.23720184e-06  6.51171417e-08 -3.04069569e-05 
 6.51671417e-08 -1.07120047e-06  6.51671417e-08  2.95667120e-05 
 6.52171417e-08  1.14941733e-06  6.52171417e-08 -2.87127137e-05 
 6.52671417e-08 -9.89027616e-07  6.52671417e-08  2.79083947e-05 
 6.53171417e-08  1.07238115e-06  6.53171417e-08 -2.70894795e-05 
 6.53671417e-08 -9.16695223e-07  6.53671417e-08  2.63193834e-05 
 6.54171417e-08  1.00435671e-06  6.54171417e-08 -2.55339103e-05 
 6.54671417e-08 -8.52618430e-07  6.54671417e-08  2.47964656e-05 
 6.55171417e-08  9.43898343e-07  6.55171417e-08 -2.40429163e-05 
 6.55671417e-08 -7.95479257e-07  6.55671417e-08  2.33366646e-05 
 6.56171417e-08  8.89805101e-07  6.56171417e-08 -2.26136268e-05 
 6.56671417e-08 -7.44183663e-07  6.56671417e-08  2.19372075e-05 
 6.57171417e-08  8.41080607e-07  6.57171417e-08 -2.12433610e-05 
 6.57671417e-08 -6.97824627e-07  6.57671417e-08  2.05954991e-05 
 6.58171417e-08  7.96899349e-07  6.58171417e-08 -1.99296046e-05 
 6.58671417e-08 -6.55650940e-07  6.58671417e-08  1.93091002e-05 
 6.59171417e-08  7.56577893e-07  6.59171417e-08 -1.86699896e-05 
 6.59671417e-08 -6.17040822e-07  6.59671417e-08  1.80757101e-05 
 6.60171417e-08  7.19550599e-07  6.60171417e-08 -1.74622793e-05 
 6.60671417e-08 -5.81479820e-07  6.60671417e-08  1.68931518e-05 
 6.61171417e-08  6.85349497e-07  6.61171417e-08 -1.63043539e-05 
 6.61671417e-08 -5.48542220e-07  6.61671417e-08  1.57593598e-05 
 6.62171417e-08  6.53587332e-07  6.62171417e-08 -1.51942002e-05 
 6.62671417e-08 -5.17875619e-07  6.62671417e-08  1.46723704e-05 
 6.63171417e-08  6.23943291e-07  6.63171417e-08 -1.41299017e-05 
 6.63671417e-08 -4.89187913e-07  6.63671417e-08  1.36303121e-05 
 6.64171417e-08  5.96151364e-07  6.64171417e-08 -1.31096309e-05 
 6.64671417e-08 -4.62236808e-07  6.64671417e-08  1.26313996e-05 
 6.65171417e-08  5.69990697e-07  6.65171417e-08 -1.21316428e-05 
 6.65671417e-08 -4.36820844e-07  6.65671417e-08  1.16739263e-05 
 6.66171417e-08  5.45277499e-07  6.66171417e-08 -1.11942685e-05 
 6.66671417e-08 -4.12772246e-07  6.66671417e-08  1.07562599e-05 
 6.67171417e-08  5.21858420e-07  6.67171417e-08 -1.02959110e-05 
 6.67671417e-08 -3.89950753e-07  6.67671417e-08  9.87683700e-06 
 6.68171417e-08  4.99605123e-07  6.68171417e-08 -9.43503978e-06 
 6.68671417e-08 -3.68238819e-07  6.68671417e-08  9.03415925e-06 
 6.69171417e-08  4.78409779e-07  6.69171417e-08 -8.61018771e-06 
 6.69671417e-08 -3.47537404e-07  6.69671417e-08  8.22678965e-06 
 6.70171417e-08  4.58181359e-07  6.70171417e-08 -7.81994718e-06 
 6.70671417e-08 -3.27762770e-07  6.70671417e-08  7.45334904e-06 
 6.71171417e-08  4.38842699e-07  6.71171417e-08 -7.06296699e-06 
 6.71671417e-08 -3.08843682e-07  6.71671417e-08  6.71251340e-06 
 6.72171417e-08  4.20327929e-07  6.72171417e-08 -6.33794953e-06 
 6.72671417e-08 -2.90719165e-07  6.72671417e-08  6.00301090e-06 
 6.73171417e-08  4.02580522e-07  6.73171417e-08 -5.64364819e-06 
 6.73671417e-08 -2.73336691e-07  6.73671417e-08  5.32361947e-06 
 6.74171417e-08  3.85551594e-07  6.74171417e-08 -4.97886501e-06 
 6.74671417e-08 -2.56650703e-07  6.74671417e-08  4.67316468e-06 
 6.75171417e-08  3.69198606e-07  6.75171417e-08 -4.34244845e-06 
 6.75671417e-08 -2.40621388e-07  6.75671417e-08  4.05051734e-06 
 6.76171417e-08  3.53484165e-07  6.76171417e-08 -3.73329133e-06 
 6.76671417e-08 -2.25213581e-07  6.76671417e-08  3.45459178e-06 
 6.77171417e-08  3.38375235e-07  6.77171417e-08 -3.15032903e-06 
 6.77671417e-08 -2.10396153e-07  6.77671417e-08  2.88434390e-06 
 6.78171417e-08  3.23842323e-07  6.78171417e-08 -2.59253752e-06 
 6.78671417e-08 -1.96141145e-07  6.78671417e-08  2.33876948e-06 
 6.79171417e-08  3.09858916e-07  6.79171417e-08 -2.05893195e-06 
 6.79671417e-08 -1.82423331e-07  6.79671417e-08  1.81690251e-06 
 6.80171417e-08  2.96400971e-07  6.80171417e-08 -1.54856491e-06 
 6.80671417e-08 -1.69219764e-07  6.80671417e-08  1.31781376e-06 
 6.81171417e-08  2.83446566e-07  6.81171417e-08 -1.06052484e-06 
 6.81671417e-08 -1.56509445e-07  6.81671417e-08  8.40609222e-07 
 6.82171417e-08  2.70975481e-07  6.82171417e-08 -5.93935034e-07 
 6.82671417e-08 -1.44272910e-07  6.82671417e-08  3.84428885e-07 
 6.83171417e-08  2.58969023e-07  6.83171417e-08 -1.47951794e-07 
 6.83671417e-08 -1.32492152e-07  6.83671417e-08 -5.15548010e-08 
 6.84171417e-08  2.47409762e-07  6.84171417e-08  2.78236492e-07 
 6.84671417e-08 -1.21150297e-07  6.84671417e-08 -4.68137886e-07 
 6.85171417e-08  2.36281364e-07  6.85171417e-08  6.85410696e-07 
 6.85671417e-08 -1.10231502e-07  6.85671417e-08 -8.66086245e-07 
 6.86171417e-08  2.25568450e-07  6.86171417e-08  1.07432209e-06 
 6.86671417e-08 -9.97207924e-08  6.86671417e-08 -1.24613686e-06 
 6.87171417e-08  2.15256449e-07  6.87171417e-08  1.44569343e-06 
 6.87671417e-08 -8.96040388e-08  6.87671417e-08 -1.60899857e-06 
 6.88171417e-08  2.05331579e-07  6.88171417e-08  1.80022008e-06 
 6.88671417e-08 -7.98677102e-08  6.88671417e-08 -1.95535342e-06 
 6.89171417e-08  1.95780624e-07  6.89171417e-08  2.13857095e-06 
 6.89671417e-08 -7.04989592e-08  6.89671417e-08 -2.28585752e-06 
 6.90171417e-08  1.86591008e-07  6.90171417e-08  2.46138955e-06 
 6.90671417e-08 -6.14854435e-08  6.90671417e-08 -2.60114193e-06 
 6.91171417e-08  1.77750666e-07  6.91171417e-08  2.76929488e-06 
 6.91671417e-08 -5.28153780e-08  6.91671417e-08 -2.90181381e-06 
 6.92171417e-08  1.69248059e-07  6.92171417e-08  3.06288232e-06 
 6.92671417e-08 -4.44773862e-08  6.92671417e-08 -3.18845703e-06 
 6.93171417e-08  1.61071969e-07  6.93171417e-08  3.34272455e-06 
 6.93671417e-08 -3.64605231e-08  6.93671417e-08 -3.46163322e-06 
 6.94171417e-08  1.53211751e-07  6.94171417e-08  3.60937240e-06 
 6.94671417e-08 -2.87543040e-08  6.94671417e-08 -3.72188255e-06 
 6.95171417e-08  1.45656976e-07  6.95171417e-08  3.86335551e-06 
 6.95671417e-08 -2.13484833e-08  6.95671417e-08 -3.96972447e-06 
 6.96171417e-08  1.38397702e-07  6.96171417e-08  4.10518338e-06 
 6.96671417e-08 -1.42333038e-08  6.96671417e-08 -4.20565852e-06 
 6.97171417e-08  1.31424263e-07  6.97171417e-08  4.33534574e-06 
 6.97671417e-08 -7.39923686e-09  6.97671417e-08 -4.43016500e-06 
 6.98171417e-08  1.24727278e-07  6.98171417e-08  4.55431369e-06 
 6.98671417e-08 -8.37058423e-10  6.98671417e-08 -4.64370577e-06 
 6.99171417e-08  1.18297735e-07  6.99171417e-08  4.76254003e-06 
 6.99585708e-08  6.09903895e-09  6.99585708e-08 -4.86714434e-06 
 7.00000000e-08  1.10881668e-07  7.00000000e-08  5.00016237e-06 
 7.00050000e-08 -1.13064817e-05  7.00050000e-08 -9.38427798e-05 
 7.00150000e-08  8.08109100e-06  7.00150000e-08  9.54630702e-06 
 7.00350000e-08  3.53880555e-06  7.00350000e-08  2.48753058e-05 
 7.00750000e-08 -5.42886644e-06  7.00750000e-08  2.32852656e-05 
 7.01250000e-08  3.34186270e-05  7.01250000e-08  2.18301499e-04 
 7.01625000e-08  1.55545233e-05  7.01625000e-08  2.53362553e-04 
 7.02000000e-08 -4.39499633e-04  7.02000000e-08 -1.92829416e-04 
 7.02050000e-08 -4.43470961e-04  7.02050000e-08 -4.95108792e-04 
 7.02150000e-08  6.61248820e-06  7.02150000e-08 -1.09947814e-03 
 7.02350000e-08  7.48978723e-04  7.02350000e-08 -1.64282660e-03 
 7.02711729e-08 -4.10781608e-04  7.02711729e-08 -4.77558704e-04 
 7.03146952e-08  1.96704244e-04  7.03146952e-08  1.88690342e-03 
 7.03605872e-08 -7.51478520e-05  7.03605872e-08 -3.61514615e-05 
 7.04105872e-08  7.55363452e-06  7.04105872e-08 -9.74497628e-05 
 7.04605872e-08  3.55623244e-05  7.04605872e-08 -1.43451909e-04 
 7.05105872e-08 -6.27880947e-05  7.05105872e-08  2.96398631e-05 
 7.05605872e-08  7.95969205e-05  7.05605872e-08 -4.29141864e-05 
 7.06105872e-08 -8.89902692e-05  7.06105872e-08  7.98957351e-06 
 7.06605872e-08  9.34610398e-05  7.06605872e-08  5.92175836e-06 
 7.07105872e-08 -9.41786902e-05  7.07105872e-08 -2.37108079e-05 
 7.07605872e-08  9.26445002e-05  7.07605872e-08  3.65198205e-05 
 7.08105872e-08 -8.91489262e-05  7.08105872e-08 -4.80280999e-05 
 7.08605872e-08  8.48559186e-05  7.08605872e-08  5.73437907e-05 
 7.09105872e-08 -7.96133950e-05  7.09105872e-08 -6.51450422e-05 
 7.09605872e-08  7.42743686e-05  7.09605872e-08  7.15575751e-05 
 7.10105872e-08 -6.85559359e-05  7.10105872e-08 -7.67746313e-05 
 7.10605872e-08  6.31069012e-05  7.10605872e-08  8.10162377e-05 
 7.11105872e-08 -5.75658185e-05  7.11105872e-08 -8.43570494e-05 
 7.11605872e-08  5.24751830e-05  7.11605872e-08  8.70010390e-05 
 7.12105872e-08 -4.74220602e-05  7.12105872e-08 -8.89707274e-05 
 7.12605872e-08  4.28960283e-05  7.12605872e-08  9.04445314e-05 
 7.13105872e-08 -3.84506256e-05  7.13105872e-08 -9.14138340e-05 
 7.13605872e-08  3.45511379e-05  7.13605872e-08  9.20348237e-05 
 7.14105872e-08 -3.07298493e-05  7.14105872e-08 -9.22781540e-05 
 7.14605872e-08  2.74426841e-05  7.14605872e-08  9.22821115e-05 
 7.15105872e-08 -2.42089987e-05  7.15105872e-08 -9.20030815e-05 
 7.15605872e-08  2.14828483e-05  7.15605872e-08  9.15651310e-05 
 7.16105872e-08 -1.87761974e-05  7.16105872e-08 -9.09147682e-05 
 7.16605872e-08  1.65447532e-05  7.16605872e-08  9.01647727e-05 
 7.17105872e-08 -1.42966697e-05  7.17105872e-08 -8.92548699e-05 
 7.17605872e-08  1.24907507e-05  7.17605872e-08  8.82888567e-05 
 7.18105872e-08 -1.06335812e-05  7.18105872e-08 -8.72018864e-05 
 7.18605872e-08  9.18745172e-06  7.18605872e-08  8.60905826e-05 
 7.19105872e-08 -7.65872181e-06  7.19105872e-08 -8.48871119e-05 
 7.19605872e-08  6.51305218e-06  7.19605872e-08  8.36823478e-05 
 7.20105872e-08 -5.25733249e-06  7.20105872e-08 -8.24066032e-05 
 7.20605872e-08  4.36025745e-06  7.20605872e-08  8.11461233e-05 
 7.21105872e-08 -3.32962901e-06  7.21105872e-08 -7.98301715e-05 
 7.21605872e-08  2.63676752e-06  7.21605872e-08  7.85412514e-05 
 7.22105872e-08 -1.79053900e-06  7.22105872e-08 -7.72081394e-05 
 7.22605872e-08  1.26448215e-06  7.22605872e-08  7.59103002e-05 
 7.23105872e-08 -5.68543049e-07  7.23105872e-08 -7.45764109e-05 
 7.23605872e-08  1.78105157e-07  7.23605872e-08  7.32834548e-05 
 7.24105872e-08  3.95864725e-07  7.24105872e-08 -7.19602696e-05 
 7.24605872e-08 -6.76465673e-07  7.24605872e-08  7.06818020e-05 
 7.25105872e-08  1.15180635e-06  7.25105872e-08 -6.93772173e-05 
 7.25605872e-08 -1.34374762e-06  7.25605872e-08  6.81197809e-05 
 7.26105872e-08  1.73958397e-06  7.26105872e-08 -6.68390872e-05 
 7.26605872e-08 -1.86017209e-06  7.26605872e-08  6.56070054e-05 
 7.27105872e-08  2.19210295e-06  7.27105872e-08 -6.43536133e-05 
 7.27605872e-08 -2.25542289e-06  7.27605872e-08  6.31496142e-05 
 7.28105872e-08  2.53612327e-06  7.28105872e-08 -6.19255904e-05 
 7.28605872e-08 -2.55359951e-06  7.28605872e-08  6.07512661e-05 
 7.29105872e-08  2.79333674e-06  7.29105872e-08 -5.95577268e-05 
 7.29605872e-08 -2.77420957e-06  7.29605872e-08  5.84138702e-05 
 7.30105872e-08  2.98127877e-06  7.30105872e-08 -5.72512692e-05 
 7.30605872e-08 -2.93300384e-06  7.30605872e-08  5.61381196e-05 
 7.31105872e-08  3.11409164e-06  7.31105872e-08 -5.50064560e-05 
 7.31605872e-08 -3.04267212e-06  7.31605872e-08  5.39238760e-05 
 7.32105872e-08  3.20315782e-06  7.32105872e-08 -5.28228450e-05 
 7.32605872e-08 -3.11341829e-06  7.32605872e-08  5.17704484e-05 
 7.33105872e-08  3.25762186e-06  7.33105872e-08 -5.06995480e-05 
 7.33605872e-08 -3.15343322e-06  7.33605872e-08  4.96767895e-05 
 7.34105872e-08  3.28481818e-06  7.34105872e-08 -4.86353963e-05 
 7.34605872e-08 -3.16928125e-06  7.34605872e-08  4.76416351e-05 
 7.35105872e-08  3.29062023e-06  7.35105872e-08 -4.66290567e-05 
 7.35605872e-08 -3.16621521e-06  7.35605872e-08  4.56636005e-05 
 7.36105872e-08  3.27972445e-06  7.36105872e-08 -4.46791111e-05 
 7.36605872e-08 -3.14843215e-06  7.36605872e-08  4.37412452e-05 
 7.37105872e-08  3.25588054e-06  7.37105872e-08 -4.27841100e-05 
 7.37605872e-08 -3.11928063e-06  7.37605872e-08  4.18731175e-05 
 7.38105872e-08  3.22207781e-06  7.38105872e-08 -4.09426079e-05 
 7.38605872e-08 -3.08142806e-06  7.38605872e-08  4.00577815e-05 
 7.39105872e-08  3.18069564e-06  7.39105872e-08 -3.91531846e-05 
 7.39605872e-08 -3.03699584e-06  7.39605872e-08  3.82938345e-05 
 7.40105872e-08  3.13362472e-06  7.40105872e-08 -3.74144585e-05 
 7.40605872e-08 -2.98766816e-06  7.40605872e-08  3.65799162e-05 
 7.41105872e-08  3.08236456e-06  7.41105872e-08 -3.57250932e-05 
 7.41605872e-08 -2.93477938e-06  7.41605872e-08  3.49147132e-05 
 7.42105872e-08  3.02810199e-06  7.42105872e-08 -3.40838001e-05 
 7.42605872e-08 -2.87938440e-06  7.42605872e-08  3.32969604e-05 
 7.43105872e-08  2.97177411e-06  7.43105872e-08 -3.24893378e-05 
 7.43605872e-08 -2.82231510e-06  7.43605872e-08  3.17254392e-05 
 7.44105872e-08  2.91411873e-06  7.44105872e-08 -3.09405113e-05 
 7.44605872e-08 -2.76422527e-06  7.44605872e-08  3.01989762e-05 
 7.45105872e-08  2.85571482e-06  7.45105872e-08 -2.94361688e-05 
 7.45605872e-08 -2.70562712e-06  7.45605872e-08  2.87164396e-05 
 7.46105872e-08  2.79701495e-06  7.46105872e-08 -2.79751987e-05 
 7.46605872e-08 -2.64692003e-06  7.46605872e-08  2.72767366e-05 
 7.47105872e-08  2.73837106e-06  7.47105872e-08 -2.65565269e-05 
 7.47605872e-08 -2.58841370e-06  7.47605872e-08  2.58788101e-05 
 7.48105872e-08  2.68005530e-06  7.48105872e-08 -2.51791131e-05 
 7.48605872e-08 -2.53034674e-06  7.48605872e-08  2.45216358e-05 
 7.49105872e-08  2.62227636e-06  7.49105872e-08 -2.38419488e-05 
 7.49605872e-08 -2.47290130e-06  7.49605872e-08  2.32042193e-05 
 7.50105872e-08  2.56519279e-06  7.50105872e-08 -2.25440539e-05 
 7.50605872e-08 -2.41621491e-06  7.50605872e-08  2.19255940e-05 
 7.51105872e-08  2.50892340e-06  7.51105872e-08 -2.12844750e-05 
 7.51605872e-08 -2.36038980e-06  7.51605872e-08  2.06848189e-05 
 7.52105872e-08  2.45355570e-06  7.52105872e-08 -2.00622834e-05 
 7.52605872e-08 -2.30550039e-06  7.52605872e-08  1.94809765e-05 
 7.53105872e-08  2.39915253e-06  7.53105872e-08 -1.88765730e-05 
 7.53605872e-08 -2.25159925e-06  7.53605872e-08  1.83131716e-05 
 7.54105872e-08  2.34575730e-06  7.54105872e-08 -1.77264593e-05 
 7.54605872e-08 -2.19872173e-06  7.54605872e-08  1.71805296e-05 
 7.55105872e-08  2.29339827e-06  7.55105872e-08 -1.66110778e-05 
 7.55605872e-08 -2.14688984e-06  7.55605872e-08  1.60821956e-05 
 7.56105872e-08  2.24209187e-06  7.56105872e-08 -1.55295831e-05 
 7.56605872e-08 -2.09611503e-06  7.56605872e-08  1.50173335e-05 
 7.57105872e-08  2.19184523e-06  7.57105872e-08 -1.44811482e-05 
 7.57605872e-08 -2.04640074e-06  7.57605872e-08  1.39851248e-05 
 7.58105872e-08  2.14265846e-06  7.58105872e-08 -1.34649635e-05 
 7.58605872e-08 -1.99774410e-06  7.58605872e-08  1.29847684e-05 
 7.59105872e-08  2.09452617e-06  7.59105872e-08 -1.24802363e-05 
 7.59605872e-08 -1.95013753e-06  7.59605872e-08  1.20154798e-05 
 7.60105872e-08  2.04743876e-06  7.60105872e-08 -1.15261903e-05 
 7.60605872e-08 -1.90356976e-06  7.60605872e-08  1.10764906e-05 
 7.61105872e-08  2.00138360e-06  7.61105872e-08 -1.06020652e-05 
 7.61605872e-08 -1.85802686e-06  7.61605872e-08  1.01670482e-05 
 7.62105872e-08  1.95634561e-06  7.62105872e-08 -9.70711605e-06 
 7.62605872e-08 -1.81349293e-06  7.62605872e-08  9.28641540e-06 
 7.63105872e-08  1.91230811e-06  7.63105872e-08 -8.84061337e-06 
 7.63605872e-08 -1.76995055e-06  7.63605872e-08  8.43387010e-06 
 7.64105872e-08  1.86925320e-06  7.64105872e-08 -8.00184252e-06 
 7.64605872e-08 -1.72738143e-06  7.64605872e-08  7.60870497e-06 
 7.65105872e-08  1.82716216e-06  7.65105872e-08 -7.19010353e-06 
 7.65605872e-08 -1.68576655e-06  7.65605872e-08  6.81022728e-06 
 7.66105872e-08  1.78601579e-06  7.66105872e-08 -6.40471094e-06 
 7.66605872e-08 -1.64508654e-06  7.66605872e-08  6.03775863e-06 
 7.67105872e-08  1.74579451e-06  7.67105872e-08 -5.64499344e-06 
 7.67605872e-08 -1.60532177e-06  7.67605872e-08  5.29063484e-06 
 7.68105872e-08  1.70647879e-06  7.68105872e-08 -4.91029388e-06 
 7.68605872e-08 -1.56645273e-06  7.68605872e-08  4.56820557e-06 
 7.69105872e-08  1.66804907e-06  7.69105872e-08 -4.19996885e-06 
 7.69605872e-08 -1.52845986e-06  7.69605872e-08  3.86983422e-06 
 7.70105872e-08  1.63048590e-06  7.70105872e-08 -3.51338854e-06 
 7.70605872e-08 -1.49132387e-06  7.70605872e-08  3.19489777e-06 
 7.71105872e-08  1.59377006e-06  7.71105872e-08 -2.84993674e-06 
 7.71605872e-08 -1.45502569e-06  7.71605872e-08  2.54278663e-06 
 7.72105872e-08  1.55788268e-06  7.72105872e-08 -2.20901034e-06 
 7.72605872e-08 -1.41954655e-06  7.72605872e-08  1.91290421e-06 
 7.73105872e-08  1.52280509e-06  7.73105872e-08 -1.59001939e-06 
 7.73605872e-08 -1.38486798e-06  7.73605872e-08  1.30466707e-06 
 7.74105872e-08  1.48851906e-06  7.74105872e-08 -9.92386854e-07 
 7.74605872e-08 -1.35097194e-06  7.74605872e-08  7.17504484e-07 
 7.75105872e-08  1.45500667e-06  7.75105872e-08 -4.15548341e-07 
 7.75605872e-08 -1.31784066e-06  7.75605872e-08  1.50858327e-07 
 7.76105872e-08  1.42225037e-06  7.76105872e-08  1.41048033e-07 
 7.76605872e-08 -1.28545682e-06  7.76605872e-08 -3.95817060e-07 
 7.77105872e-08  1.39023302e-06  7.77105872e-08  6.77941788e-07 
 7.77605872e-08 -1.25380349e-06  7.77605872e-08 -9.23055130e-07 
 7.78105872e-08  1.35893789e-06  7.78105872e-08  1.19566032e-06 
 7.78605872e-08 -1.22286409e-06  7.78605872e-08 -1.43137735e-06 
 7.79105872e-08  1.32834858e-06  7.79105872e-08  1.69471917e-06 
 7.79605872e-08 -1.19262242e-06  7.79605872e-08 -1.92129328e-06 
 7.80105872e-08  1.29844907e-06  7.80105872e-08  2.17562203e-06 
 7.80605872e-08 -1.16306271e-06  7.80605872e-08 -2.39330089e-06 
 7.81105872e-08  1.26922383e-06  7.81105872e-08  2.63886111e-06 
 7.81605872e-08 -1.13416950e-06  7.81605872e-08 -2.84788668e-06 
 7.82105872e-08  1.24065749e-06  7.82105872e-08  3.08491728e-06 
 7.82605872e-08 -1.10592771e-06  7.82605872e-08 -3.28552587e-06 
 7.83105872e-08  1.21273523e-06  7.83105872e-08  3.51426024e-06 
 7.83605872e-08 -1.07832266e-06  7.83605872e-08 -3.70668277e-06 
 7.84105872e-08  1.18544249e-06  7.84105872e-08  3.92734878e-06 
 7.84605872e-08 -1.05133998e-06  7.84605872e-08 -4.11181065e-06 
 7.85105872e-08  1.15876511e-06  7.85105872e-08  4.32463089e-06 
 7.85605872e-08 -1.02496561e-06  7.85605872e-08 -4.50135226e-06 
 7.86105872e-08  1.13268917e-06  7.86105872e-08  4.70654396e-06 
 7.86605872e-08 -9.99185912e-07  7.86605872e-08 -4.87573980e-06 
 7.87105872e-08  1.10720119e-06  7.87105872e-08  5.07351517e-06 
 7.87605872e-08 -9.73987506e-07  7.87605872e-08 -5.23539528e-06 
 7.88105872e-08  1.08228800e-06  7.88105872e-08  5.42596140e-06 
 7.88605872e-08 -9.49357376e-07  7.88605872e-08 -5.58073063e-06 
 7.89105872e-08  1.05793666e-06  7.89105872e-08  5.76428957e-06 
 7.89605872e-08 -9.25282712e-07  7.89605872e-08 -5.91214786e-06 
 7.90105872e-08  1.03413458e-06  7.90105872e-08  6.08889698e-06 
 7.90605872e-08 -9.01751165e-07  7.90605872e-08 -6.23003935e-06 
 7.91105872e-08  1.01086954e-06  7.91105872e-08  6.40017108e-06 
 7.91605872e-08 -8.78750559e-07  7.91605872e-08 -6.53478794e-06 
 7.92105872e-08  9.88129452e-07  7.92105872e-08  6.69849012e-06 
 7.92605872e-08 -8.56269028e-07  7.92605872e-08 -6.82676727e-06 
 7.93105872e-08  9.65902669e-07  7.93105872e-08  6.98422317e-06 
 7.93605872e-08 -8.34294994e-07  7.93605872e-08 -7.10634171e-06 
 7.94105872e-08  9.44177673e-07  7.94105872e-08  7.25773008e-06 
 7.94605872e-08 -8.12817154e-07  7.94605872e-08 -7.37386683e-06 
 7.95105872e-08  9.22943359e-07  7.95105872e-08  7.51936207e-06 
 7.95605872e-08 -7.91824438e-07  7.95605872e-08 -7.62968946e-06 
 7.96105872e-08  9.02188760e-07  7.96105872e-08  7.76946162e-06 
 7.96605872e-08 -7.71306088e-07  7.96605872e-08 -7.87414775e-06 
 7.97105872e-08  8.81903202e-07  7.97105872e-08  8.00836274e-06 
 7.97605872e-08 -7.51251527e-07  7.97605872e-08 -8.10757163e-06 
 7.98105872e-08  8.62076317e-07  7.98105872e-08  8.23639116e-06 
 7.98605872e-08 -7.31650496e-07  7.98605872e-08 -8.33028268e-06 
 7.99105872e-08  8.42697870e-07  7.99105872e-08  8.45386446e-06 
 7.99552936e-08 -7.11372329e-07  7.99552936e-08 -8.55484587e-06 
 8.00000000e-08  8.21543814e-07  8.00000000e-08  8.68496743e-06 
 8.00050000e-08  2.12645306e-05  8.00050000e-08  2.67520624e-04 
 8.00150000e-08 -4.57204021e-06  8.00150000e-08  4.67261347e-05 
 8.00350000e-08 -1.40835389e-05  8.00350000e-08 -8.13017486e-05 
 8.00750000e-08  1.06805807e-05  8.00750000e-08 -1.12060986e-04 
 8.01250000e-08 -5.86404143e-05  8.01250000e-08 -2.12681842e-04 
 8.01625000e-08 -1.25264854e-04  8.01625000e-08 -5.65063789e-04 
 8.02000000e-08  8.23816480e-04  8.02000000e-08  3.27407911e-04 
 8.02050000e-08  5.92175898e-04  8.02050000e-08  1.85206571e-04 
 8.02150000e-08 -2.64395482e-04  8.02150000e-08  5.51297492e-04 
 8.02350000e-08 -5.94024017e-04  8.02350000e-08  1.47420274e-03 
 8.02750000e-08  2.79430046e-04  8.02750000e-08  2.17702932e-03 
 8.03188618e-08 -1.60061255e-04  8.03188618e-08 -2.98217019e-03 
 8.03647274e-08  1.05754886e-04  8.03647274e-08  2.90560236e-04 
 8.04147274e-08 -7.68407862e-05  8.04147274e-08 -1.77696383e-04 
 8.04647274e-08  5.79382201e-05  8.04647274e-08  3.02498938e-04 
 8.05147274e-08 -4.44828484e-05  8.05147274e-08 -1.49814457e-04 
 8.05647274e-08  3.49205071e-05  8.05647274e-08  1.20882807e-04 
 8.06147274e-08 -2.75844724e-05  8.06147274e-08 -7.09100577e-05 
 8.06647274e-08  2.22509053e-05  8.06647274e-08  4.18276522e-05 
 8.07147274e-08 -1.79451966e-05  8.07147274e-08 -1.69117488e-05 
 8.07647274e-08  1.48187622e-05  8.07647274e-08 -1.57170672e-06 
 8.08147274e-08 -1.21526902e-05  8.08147274e-08  1.62606689e-05 
 8.08647274e-08  1.02483725e-05  8.08647274e-08 -2.77314201e-05 
 8.09147274e-08 -8.50295161e-06  8.09147274e-08  3.68065067e-05 
 8.09647274e-08  7.30091332e-06  8.09647274e-08 -4.39165234e-05 
 8.10147274e-08 -6.09346731e-06  8.10147274e-08  4.95130487e-05 
 8.10647274e-08  5.30936385e-06  8.10647274e-08 -5.38149556e-05 
 8.11147274e-08 -4.42874261e-06  8.11147274e-08  5.71348683e-05 
 8.11647274e-08  3.90376355e-06  8.11647274e-08 -5.95762446e-05 
 8.12147274e-08 -3.23032391e-06  8.12147274e-08  6.13751192e-05 
 8.12647274e-08  2.87323812e-06  8.12647274e-08 -6.25700258e-05 
 8.13147274e-08 -2.33710315e-06  8.13147274e-08  6.33489488e-05 
 8.13647274e-08  2.09373091e-06  8.13647274e-08 -6.37108778e-05 
 8.14147274e-08 -1.65261153e-06  8.14147274e-08  6.38112143e-05 
 8.14647274e-08  1.48953030e-06  8.14647274e-08 -6.36235482e-05 
 8.15147274e-08 -1.11679709e-06  8.15147274e-08  6.32801879e-05 
 8.15647274e-08  1.01252487e-06  8.15647274e-08 -6.27380008e-05 
 8.16147274e-08 -6.90697512e-07  8.16147274e-08  6.21125489e-05 
 8.16647274e-08  6.30840769e-07  8.16647274e-08 -6.13496481e-05 
 8.17147274e-08 -3.47967004e-07  8.17147274e-08  6.05525769e-05 
 8.17647274e-08  3.22511014e-07  8.17647274e-08 -5.96615589e-05 
 8.18147274e-08 -7.01213415e-08  8.18147274e-08  5.87649303e-05 
 8.18647274e-08  7.17799172e-08  8.18647274e-08 -5.78041683e-05 
 8.19147274e-08  1.56402160e-07  8.19147274e-08  5.68630847e-05 
 8.19573637e-08 -1.48868498e-07  8.19573637e-08 -5.57052674e-05 
 8.20000000e-08  3.70092672e-07  8.20000000e-08  5.45807648e-05 
 8.20050000e-08 -7.59348135e-08  8.20050000e-08  2.91729698e-06 
 8.20150000e-08  8.38698164e-08  8.20150000e-08 -3.33265236e-06 
 8.20350000e-08  6.11013709e-08  8.20350000e-08  3.02447324e-06 
 8.20750000e-08  6.41543317e-08  8.20750000e-08 -2.75756293e-06 
 8.21250000e-08  4.56992538e-08  8.21250000e-08  2.65421513e-06 
 8.21625000e-08  8.52527115e-08  8.21625000e-08 -2.54669150e-06 
 8.22000000e-08  4.70663065e-07  8.22000000e-08  2.43437209e-06 
 8.22050000e-08  1.63656622e-06  8.22050000e-08  2.70202719e-07 
 8.22150000e-08 -5.06816077e-06  8.22150000e-08  6.61218163e-07 
 8.22350000e-08 -1.59224721e-05  8.22350000e-08  1.67065708e-07 
 8.22750000e-08  3.46796087e-05  8.22750000e-08 -3.08295488e-07 
 8.23250000e-08 -3.93372881e-05  8.23250000e-08 -2.85372976e-07 
 8.23750000e-08  3.25049522e-05  8.23750000e-08 -2.80956743e-05 
 8.24250000e-08 -2.20423085e-05  8.24250000e-08  8.16985015e-05 
 8.24750000e-08  1.33992648e-05  8.24750000e-08 -8.75825207e-05 
 8.25250000e-08 -6.91586580e-06  8.25250000e-08  5.76102212e-05 
 8.25750000e-08  2.66955749e-06  8.25750000e-08 -4.94691206e-05 
 8.26250000e-08  3.85650888e-07  8.26250000e-08  5.02450702e-05 
 8.26750000e-08 -2.22216566e-06  8.26750000e-08 -4.76588026e-05 
 8.27250000e-08  3.64084953e-06  8.27250000e-08  4.61987188e-05 
 8.27750000e-08 -4.37303421e-06  8.27750000e-08 -4.43427212e-05 
 8.28250000e-08  5.04125515e-06  8.28250000e-08  4.26178760e-05 
 8.28750000e-08 -5.25652774e-06  8.28750000e-08 -4.08970626e-05 
 8.29250000e-08  5.56321786e-06  8.29250000e-08  3.92679871e-05 
 8.29750000e-08 -5.52153029e-06  8.29750000e-08 -3.76897080e-05 
 8.30250000e-08  5.64303838e-06  8.30250000e-08  3.62206319e-05 
 8.30750000e-08 -5.46620240e-06  8.30750000e-08 -3.48074379e-05 
 8.31250000e-08  5.48827352e-06  8.31250000e-08  3.35090017e-05 
 8.31750000e-08 -5.23787466e-06  8.31750000e-08 -3.22629696e-05 
 8.32250000e-08  5.20560997e-06  8.32250000e-08  3.11285075e-05 
 8.32750000e-08 -4.91534193e-06  8.32750000e-08 -3.00393186e-05 
 8.33250000e-08  4.85437013e-06  8.33250000e-08  2.90543995e-05 
 8.33750000e-08 -4.54407318e-06  8.33750000e-08 -2.81059360e-05 
 8.34250000e-08  4.46997535e-06  8.34250000e-08  2.72528960e-05 
 8.34750000e-08 -4.15204741e-06  8.34750000e-08 -2.64270470e-05 
 8.35250000e-08  4.07477631e-06  8.35250000e-08  2.56875773e-05 
 8.35750000e-08 -3.75726603e-06  8.35750000e-08 -2.49663522e-05 
 8.36250000e-08  3.68334640e-06  8.36250000e-08  2.43229627e-05 
 8.36750000e-08 -3.37153377e-06  8.36750000e-08 -2.36895392e-05 
 8.37250000e-08  3.30526514e-06  8.37250000e-08  2.31265083e-05 
 8.37750000e-08 -3.00257751e-06  8.37750000e-08 -2.25659270e-05 
 8.38250000e-08  2.94664989e-06  8.38250000e-08  2.20690158e-05 
 8.38750000e-08 -2.65524753e-06  8.38750000e-08 -2.15683325e-05 
 8.39250000e-08  2.61128638e-06  8.39250000e-08  2.11255441e-05 
 8.39750000e-08 -2.33235212e-06  8.39750000e-08 -2.06737141e-05 
 8.40250000e-08  2.30117071e-06  8.40250000e-08  2.02749039e-05 
 8.40750000e-08 -2.03520019e-06  8.40750000e-08 -1.98626609e-05 
 8.41250000e-08  2.01703198e-06  8.41250000e-08  1.94994042e-05 
 8.41750000e-08 -1.76403382e-06  8.41750000e-08 -1.91191035e-05 
 8.42250000e-08  1.75870340e-06  8.42250000e-08  1.87844919e-05 
 8.42750000e-08 -1.51834610e-06  8.42750000e-08 -1.84299011e-05 
 8.43250000e-08  1.52539636e-06  8.43250000e-08  1.81183326e-05 
 8.43750000e-08 -1.29711847e-06  8.43750000e-08 -1.77844249e-05 
 8.44250000e-08  1.31590659e-06  8.44250000e-08  1.74914035e-05 
 8.44750000e-08 -1.09900003e-06  8.44750000e-08 -1.71741638e-05 
 8.45250000e-08  1.12876969e-06  8.45250000e-08  1.68961157e-05 
 8.45750000e-08 -9.22441905e-07  8.45750000e-08 -1.65923674e-05 
 8.46250000e-08  9.62376865e-07  8.46250000e-08  1.63264782e-05 
 8.46750000e-08 -7.65796853e-07  8.46750000e-08 -1.60337310e-05 
 8.47250000e-08  8.15060247e-07  8.47250000e-08  1.57778045e-05 
 8.47750000e-08 -6.27391709e-07  8.47750000e-08 -1.54941246e-05 
 8.48250000e-08  6.85154056e-07  8.48250000e-08  1.52464638e-05 
 8.48750000e-08 -5.05578694e-07  8.48750000e-08 -1.49703638e-05 
 8.49250000e-08  5.71037203e-07  8.49250000e-08  1.47296705e-05 
 8.49750000e-08 -3.98770769e-07  8.49750000e-08 -1.44600190e-05 
 8.50250000e-08  4.71162355e-07  8.50250000e-08  1.42253111e-05 
 8.50750000e-08 -3.05464721e-07  8.50750000e-08 -1.39612573e-05 
 8.51250000e-08  3.84073778e-07  8.51250000e-08  1.37318015e-05 
 8.51750000e-08 -2.24254926e-07  8.51750000e-08 -1.34727145e-05 
 8.52250000e-08  3.08417729e-07  8.52250000e-08  1.32479714e-05 
 8.52750000e-08 -1.53840573e-07  8.52750000e-08 -1.29933910e-05 
 8.53250000e-08  2.42946849e-07  8.53250000e-08  1.27729711e-05 
 8.53750000e-08 -9.30278463e-08  8.53750000e-08 -1.25225687e-05 
 8.54250000e-08  1.86520497e-07  8.54250000e-08  1.23061972e-05 
 8.54750000e-08 -4.07286423e-08  8.54750000e-08 -1.20597442e-05 
 8.55250000e-08  1.38102154e-07  8.55250000e-08  1.18472337e-05 
 8.55750000e-08  4.04311459e-09  8.55750000e-08 -1.16045771e-05 
 8.56250000e-08  9.67549540e-08  8.56250000e-08  1.13958051e-05 
 8.56750000e-08  4.21764830e-08  8.56750000e-08 -1.11568482e-05 
 8.57250000e-08  6.16360510e-08  8.57250000e-08  1.09517407e-05 
 8.57750000e-08  7.44698118e-08  8.57750000e-08 -1.07164278e-05 
 8.58250000e-08  3.19899135e-08  8.58250000e-08  1.05149456e-05 
 8.58750000e-08  1.01637434e-07  8.58750000e-08 -1.02832507e-05 
 8.59250000e-08  7.14174316e-09  8.59250000e-08  1.00853791e-05 
 8.59750000e-08  1.24316323e-07  8.59750000e-08 -9.85729651e-06 
 8.60250000e-08 -1.35093286e-08  8.60250000e-08  9.66303800e-06 
 8.60750000e-08  1.43072995e-07  8.60750000e-08 -9.43857591e-06 
 8.61250000e-08 -3.04970746e-08  8.61250000e-08  9.24794370e-06 
 8.61750000e-08  1.58409969e-07  8.61750000e-08 -9.02711878e-06 
 8.62250000e-08 -4.42943583e-08  8.62250000e-08  8.84013257e-06 
 8.62750000e-08  1.70772029e-07  8.62750000e-08 -8.62296617e-06 
 8.63250000e-08 -5.53193223e-08  8.63250000e-08  8.43964869e-06 
 8.63750000e-08  1.80552079e-07  8.63750000e-08 -8.22616390e-06 
 8.64250000e-08 -6.39409405e-08  8.64250000e-08  8.04653865e-06 
 8.64750000e-08  1.88096469e-07  8.64750000e-08 -7.83675829e-06 
 8.65250000e-08 -7.04842608e-08  8.65250000e-08  7.66084746e-06 
 8.65750000e-08  1.93710116e-07  8.65750000e-08 -7.45479245e-06 
 8.66250000e-08 -7.52351550e-08  8.66250000e-08  7.28261589e-06 
 8.66750000e-08  1.97660936e-07  8.66750000e-08 -7.08030436e-06 
 8.67250000e-08 -7.84446030e-08  8.67250000e-08  6.91187859e-06 
 8.67750000e-08  2.00183954e-07  8.67750000e-08 -6.71332498e-06 
 8.68250000e-08 -8.03326642e-08  8.68250000e-08  6.54866269e-06 
 8.68750000e-08  2.01485179e-07  8.68750000e-08 -6.35387741e-06 
 8.69250000e-08 -8.10920572e-08  8.69250000e-08  6.19298699e-06 
 8.69750000e-08  2.01744812e-07  8.69750000e-08 -6.00197620e-06 
 8.70250000e-08 -8.08912606e-08  8.70250000e-08  5.84486173e-06 
 8.70750000e-08  2.01120336e-07  8.70750000e-08 -5.65762708e-06 
 8.71250000e-08 -7.98774364e-08  8.71250000e-08  5.50428815e-06 
 8.71750000e-08  1.99749174e-07  8.71750000e-08 -5.32082686e-06 
 8.72250000e-08 -7.81788495e-08  8.72250000e-08  5.17125858e-06 
 8.72750000e-08  1.97751055e-07  8.72750000e-08 -4.99156355e-06 
 8.73250000e-08 -7.59072570e-08  8.73250000e-08  4.84575678e-06 
 8.73750000e-08  1.95230232e-07  8.73750000e-08 -4.66981659e-06 
 8.74250000e-08 -7.31598592e-08  8.74250000e-08  4.52775796e-06 
 8.74750000e-08  1.92277322e-07  8.74750000e-08 -4.35555716e-06 
 8.75250000e-08 -7.00210507e-08  8.75250000e-08  4.21722926e-06 
 8.75750000e-08  1.88970876e-07  8.75750000e-08 -4.04874848e-06 
 8.76250000e-08 -6.65639707e-08  8.76250000e-08  3.91413018e-06 
 8.76750000e-08  1.85378985e-07  8.76750000e-08 -3.74934631e-06 
 8.77250000e-08 -6.28520237e-08  8.77250000e-08  3.61841280e-06 
 8.77750000e-08  1.81560628e-07  8.77750000e-08 -3.45729932e-06 
 8.78250000e-08 -5.89399623e-08  8.78250000e-08  3.33002243e-06 
 8.78750000e-08  1.77566650e-07  8.78750000e-08 -3.17254946e-06 
 8.79250000e-08 -5.48750403e-08  8.79250000e-08  3.04889788e-06 
 8.79750000e-08  1.73440898e-07  8.79750000e-08 -2.89503257e-06 
 8.80250000e-08 -5.06978784e-08  8.80250000e-08  2.77497197e-06 
 8.80750000e-08  1.69221064e-07  8.80750000e-08 -2.62467862e-06 
 8.81250000e-08 -4.64434497e-08  8.81250000e-08  2.50817203e-06 
 8.81750000e-08  1.64939476e-07  8.81750000e-08 -2.36141228e-06 
 8.82250000e-08 -4.21416238e-08  8.82250000e-08  2.24842019e-06 
 8.82750000e-08  1.60623813e-07  8.82750000e-08 -2.10515335e-06 
 8.83250000e-08 -3.78180164e-08  8.83250000e-08  1.99563383e-06 
 8.83750000e-08  1.56297662e-07  8.83750000e-08 -1.85581700e-06 
 8.84250000e-08 -3.34943328e-08  8.84250000e-08  1.74972616e-06 
 8.84750000e-08  1.51981038e-07  8.84750000e-08 -1.61331430e-06 
 8.85250000e-08 -2.91889994e-08  8.85250000e-08  1.51060628e-06 
 8.85750000e-08  1.47690887e-07  8.85750000e-08 -1.37755268e-06 
 8.86250000e-08 -2.49176196e-08  8.86250000e-08  1.27817986e-06 
 8.86750000e-08  1.43441546e-07  8.86750000e-08 -1.14843608e-06 
 8.87250000e-08 -2.06932754e-08  8.87250000e-08  1.05234928e-06 
 8.87750000e-08  1.39244890e-07  8.87750000e-08 -9.25865463e-07 
 8.88250000e-08 -1.65268128e-08  8.88250000e-08  8.33014144e-07 
 8.88750000e-08  1.35110871e-07  8.88750000e-08 -7.09739071e-07 
 8.89250000e-08 -1.24272742e-08  8.89250000e-08  6.20071413e-07 
 8.89750000e-08  1.31047659e-07  8.89750000e-08 -4.99952783e-07 
 8.90250000e-08 -8.40204531e-09  8.90250000e-08  4.13415981e-07 
 8.90750000e-08  1.27061886e-07  8.90750000e-08 -2.96400447e-07 
 8.91250000e-08 -4.45703644e-09  8.91250000e-08  2.12940501e-07 
 8.91750000e-08  1.23158798e-07  8.91750000e-08 -9.89739869e-08 
 8.92250000e-08 -5.97016117e-10  8.92250000e-08  1.85373090e-08 
 8.92750000e-08  1.19342847e-07  8.92750000e-08  9.24355087e-08 
 8.93250000e-08  3.17407292e-09  8.93250000e-08 -1.69905583e-07 
 8.93750000e-08  1.15617266e-07  8.93750000e-08  2.77939757e-07 
 8.94250000e-08  6.85358988e-09  8.94250000e-08 -3.52498429e-07 
 8.94750000e-08  1.11984291e-07  8.94750000e-08  4.57650031e-07 
 8.95250000e-08  1.04395989e-08  8.95250000e-08 -5.29353447e-07 
 8.95750000e-08  1.08445609e-07  8.95750000e-08  6.31678791e-07 
 8.96250000e-08  1.39306960e-08  8.96250000e-08 -7.00583434e-07 
 8.96750000e-08  1.05002296e-07  8.96750000e-08  8.00139221e-07 
 8.97250000e-08  1.73260698e-08  8.97250000e-08 -8.66301799e-07 
 8.97750000e-08  1.01654922e-07  8.97750000e-08  9.63144721e-07 
 8.98250000e-08  2.06254510e-08  8.98250000e-08 -1.02662208e-06 
 8.98750000e-08  9.84035156e-08  8.98750000e-08  1.12080893e-06 
 8.99250000e-08  2.38289187e-08  8.99250000e-08 -1.18165787e-06 
 8.99625000e-08  9.47312001e-08  8.99625000e-08  1.29815251e-06 
 9.00000000e-08  2.79518425e-08  9.00000000e-08 -1.38035074e-06 
 9.00050000e-08 -1.12962089e-05  9.00050000e-08 -9.33869813e-05 
 9.00150000e-08  8.07096700e-06  9.00150000e-08  9.17025945e-06 
 9.00350000e-08  3.52038171e-06  9.00350000e-08  2.51871475e-05 
 9.00750000e-08 -5.39722755e-06  9.00750000e-08  2.29661817e-05 
 9.01250000e-08  3.32584594e-05  9.01250000e-08  2.18351193e-04 
 9.01625000e-08  1.42315330e-05  9.01625000e-08  2.37578197e-04 
 9.02000000e-08 -4.60765821e-04  9.02000000e-08 -2.41657148e-04 
 9.02050000e-08 -4.52502887e-04  9.02050000e-08 -5.25723261e-04 
 9.02150000e-08  6.09374472e-05  9.02150000e-08 -1.10905465e-03 
 9.02350000e-08  7.80018034e-04  9.02350000e-08 -1.79403208e-03 
 9.02733063e-08 -4.68996923e-04  9.02733063e-08 -4.25025723e-04 
 9.03157184e-08  2.13279276e-04  9.03157184e-08  2.45544573e-03 
 9.03601500e-08 -7.11530930e-05  9.03601500e-08 -4.76084189e-04 
 9.04101500e-08  4.45370415e-06  9.04101500e-08  1.08679387e-04 
 9.04601500e-08  3.89316072e-05  9.04601500e-08 -3.20237478e-04 
 9.05101500e-08 -7.09286055e-05  9.05101500e-08  1.04804504e-04 
 9.05601500e-08  9.25853723e-05  9.05601500e-08 -6.71553734e-05 
 9.06101500e-08 -1.04773289e-04  9.06101500e-08  4.25742140e-05 
 9.06601500e-08  1.09981366e-04  9.06601500e-08 -1.81929849e-05 
 9.07101500e-08 -1.10017078e-04  9.07101500e-08 -1.75215782e-05 
 9.07601500e-08  1.06909912e-04  9.07601500e-08  3.62201489e-05 
 9.08101500e-08 -1.01474821e-04  9.08101500e-08 -5.58491936e-05 
 9.08601500e-08  9.50273152e-05  9.08601500e-08  7.05183180e-05 
 9.09101500e-08 -8.77008060e-05  9.09101500e-08 -8.25899190e-05 
 9.09601500e-08  8.03928520e-05  9.09601500e-08  9.25756815e-05 
 9.10101500e-08 -7.28881363e-05  9.10101500e-08 -1.00400351e-04 
 9.10601500e-08  6.58663838e-05  9.10601500e-08  1.06888530e-04 
 9.11101500e-08 -5.89440917e-05  9.11101500e-08 -1.11905349e-04 
 9.11601500e-08  5.26882269e-05  9.11601500e-08  1.15965707e-04 
 9.12101500e-08 -4.66361773e-05  9.12101500e-08 -1.19035068e-04 
 9.12601500e-08  4.12965347e-05  9.12601500e-08  1.21418541e-04 
 9.13101500e-08 -3.61711970e-05  9.13101500e-08 -1.23122470e-04 
 9.13601500e-08  3.17392304e-05  9.13601500e-08  1.24341738e-04 
 9.14101500e-08 -2.74884648e-05  9.14101500e-08 -1.25086482e-04 
 9.14601500e-08  2.38840450e-05  9.14601500e-08  1.25494105e-04 
 9.15101500e-08 -2.04101518e-05  9.15101500e-08 -1.25565379e-04 
 9.15601500e-08  1.75264742e-05  9.15601500e-08  1.25406166e-04 
 9.16101500e-08 -1.47184243e-05  9.16101500e-08 -1.25005371e-04 
 9.16601500e-08  1.24447448e-05  9.16601500e-08  1.24450489e-04 
 9.17101500e-08 -1.01941544e-05  9.17101500e-08 -1.23719721e-04 
 9.17601500e-08  8.42673569e-06  9.17601500e-08  1.22889350e-04 
 9.18101500e-08 -6.63517805e-06  9.18101500e-08 -1.21928904e-04 
 9.18601500e-08  5.28193951e-06  9.18601500e-08  1.20907621e-04 
 9.19101500e-08 -3.86365613e-06  9.19101500e-08 -1.19788291e-04 
 9.19601500e-08  2.84550318e-06  9.19601500e-08  1.18635691e-04 
 9.20101500e-08 -1.72772682e-06  9.20101500e-08 -1.17407453e-04 
 9.20601500e-08  9.78190501e-07  9.20601500e-08  1.16165556e-04 
 9.21101500e-08 -1.00296423e-07  9.21101500e-08 -1.14863695e-04 
 9.21601500e-08 -4.35617394e-07  9.21601500e-08  1.13562153e-04 
 9.22101500e-08  1.12346560e-06  9.22101500e-08 -1.12211601e-04 
 9.22601500e-08 -1.49067962e-06  9.22601500e-08  1.10874501e-04 
 9.23101500e-08  2.02914682e-06  9.23101500e-08 -1.09483961e-04 
 9.23601500e-08 -2.26402343e-06  9.23601500e-08  1.08127692e-04 
 9.24101500e-08  2.68578301e-06  9.24101500e-08 -1.06720391e-04 
 9.24601500e-08 -2.81771031e-06  9.24601500e-08  1.05349917e-04 
 9.25101500e-08  3.14892542e-06  9.25101500e-08 -1.03933747e-04 
 9.25601500e-08 -3.20130950e-06  9.25601500e-08  1.02556868e-04 
 9.26101500e-08  3.46283951e-06  9.26101500e-08 -1.01138187e-04 
 9.26601500e-08 -3.45428208e-06  9.26601500e-08  9.97604231e-05 
 9.27101500e-08  3.66255414e-06  9.27101500e-08 -9.83462177e-05 
 9.27601500e-08 -3.60784136e-06  9.27601500e-08  9.69688650e-05 
 9.28101500e-08  3.77604105e-06  9.28101500e-08 -9.55581307e-05 
 9.28601500e-08 -3.68650446e-06  9.28601500e-08  9.41898606e-05 
 9.29101500e-08  3.82479612e-06  9.29101500e-08 -9.27872145e-05 
 9.29601500e-08 -3.70957312e-06  9.29601500e-08  9.14275539e-05 
 9.30101500e-08  3.82587258e-06  9.30101500e-08 -9.00351748e-05 
 9.30601500e-08 -3.69194478e-06  9.30601500e-08  8.86859659e-05 
 9.31101500e-08  3.79239966e-06  9.31101500e-08 -8.73054485e-05 
 9.31601500e-08 -3.64516860e-06  9.31601500e-08  8.59682153e-05 
 9.32101500e-08  3.73451363e-06  9.32101500e-08 -8.46008941e-05 
 9.32601500e-08 -3.57812107e-06  9.32601500e-08  8.32769105e-05 
 9.33101500e-08  3.65997216e-06  9.33101500e-08 -8.19239110e-05 
 9.33601500e-08 -3.49756700e-06  9.33601500e-08  8.06142662e-05 
 9.34101500e-08  3.57466093e-06  9.34101500e-08 -7.92765579e-05 
 9.34601500e-08 -3.40861416e-06  9.34601500e-08  7.79822018e-05 
 9.35101500e-08  3.48300047e-06  9.35101500e-08 -7.66606349e-05 
 9.35601500e-08 -3.31507633e-06  9.35601500e-08  7.53824084e-05 
 9.36101500e-08  3.38826985e-06  9.36101500e-08 -7.40777379e-05 
 9.36601500e-08 -3.21976182e-06  9.36601500e-08  7.28163919e-05 
 9.37101500e-08  3.29286343e-06  9.37101500e-08 -7.15292934e-05 
 9.37601500e-08 -3.12470161e-06  9.37601500e-08  7.02855021e-05 
 9.38101500e-08  3.19849365e-06  9.38101500e-08 -6.90165814e-05 
 9.38601500e-08 -3.03132942e-06  9.38601500e-08  6.77909502e-05 
 9.39101500e-08  3.10635078e-06  9.39101500e-08 -6.65407500e-05 
 9.39601500e-08 -2.94062338e-06  9.39601500e-08  6.53338213e-05 
 9.40101500e-08  3.01722831e-06  9.40101500e-08 -6.41028259e-05 
 9.40601500e-08 -2.85321678e-06  9.40601500e-08  6.29150826e-05 
 9.41101500e-08  2.93162094e-06  9.41101500e-08 -6.17037207e-05 
 9.41601500e-08 -2.76948487e-06  9.41601500e-08  6.05355896e-05 
 9.42101500e-08  2.84980098e-06  9.42101500e-08 -5.93442368e-05 
 9.42601500e-08 -2.68961185e-06  9.42601500e-08  5.81960905e-05 
 9.43101500e-08  2.77187755e-06  9.43101500e-08 -5.70250716e-05 
 9.43601500e-08 -2.61364308e-06  9.43601500e-08  5.58972311e-05 
 9.44101500e-08  2.69784210e-06  9.44101500e-08 -5.47468220e-05 
 9.44601500e-08 -2.54152495e-06  9.44601500e-08  5.36395585e-05 
 9.45101500e-08  2.62760351e-06  9.45101500e-08 -5.25099883e-05 
 9.45601500e-08 -2.47313549e-06  9.45601500e-08  5.14235256e-05 
 9.46101500e-08  2.56101470e-06  9.46101500e-08 -5.03149783e-05 
 9.46601500e-08 -2.40830761e-06  9.46601500e-08  4.92494950e-05 
 9.47101500e-08  2.49789277e-06  9.47101500e-08 -4.81621121e-05 
 9.47601500e-08 -2.34684626e-06  9.47601500e-08  4.71177434e-05 
 9.48101500e-08  2.43803383e-06  9.48101500e-08 -4.60516258e-05 
 9.48601500e-08 -2.28854164e-06  9.48601500e-08  4.50284666e-05 
 9.49101500e-08  2.38122434e-06  9.49101500e-08 -4.39836770e-05 
 9.49601500e-08 -2.23317843e-06  9.49601500e-08  4.29817838e-05 
 9.50101500e-08  2.32724894e-06  9.50101500e-08 -4.19583488e-05 
 9.50601500e-08 -2.18054267e-06  9.50601500e-08  4.09777419e-05 
 9.51101500e-08  2.27589617e-06  9.51101500e-08 -3.99756545e-05 
 9.51601500e-08 -2.13042644e-06  9.51601500e-08  3.90163209e-05 
 9.52101500e-08  2.22696245e-06  9.52101500e-08 -3.80355426e-05 
 9.52601500e-08 -2.08263110e-06  9.52601500e-08  3.70974379e-05 
 9.53101500e-08  2.18025457e-06  9.53101500e-08 -3.61379011e-05 
 9.53601500e-08 -2.03696932e-06  9.53601500e-08  3.52209519e-05 
 9.54101500e-08  2.13559122e-06  9.54101500e-08 -3.42825619e-05 
 9.54601500e-08 -1.99326607e-06  9.54601500e-08  3.33866683e-05 
 9.55101500e-08  2.09280391e-06  9.55101500e-08 -3.24693054e-05 
 9.55601500e-08 -1.95135934e-06  9.55601500e-08  3.15943428e-05 
 9.56101500e-08  2.05173701e-06  9.56101500e-08 -3.06978647e-05 
 9.56601500e-08 -1.91109998e-06  9.56601500e-08  2.98436859e-05 
 9.57101500e-08  2.01224781e-06  9.57101500e-08 -2.89679292e-05 
 9.57601500e-08 -1.87235162e-06  9.57601500e-08  2.81343665e-05 
 9.58101500e-08  1.97420609e-06  9.58101500e-08 -2.72791489e-05 
 9.58601500e-08 -1.83499000e-06  9.58601500e-08  2.64660159e-05 
 9.59101500e-08  1.93749337e-06  9.59101500e-08 -2.56311378e-05 
 9.59601500e-08 -1.79890232e-06  9.59601500e-08  2.48382311e-05 
 9.60101500e-08  1.90200243e-06  9.60101500e-08 -2.40234773e-05 
 9.60601500e-08 -1.76398669e-06  9.60601500e-08  2.32505785e-05 
 9.61101500e-08  1.86763636e-06  9.61101500e-08 -2.24557198e-05 
 9.61601500e-08 -1.73015107e-06  9.61601500e-08  2.17025965e-05 
 9.62101500e-08  1.83430789e-06  9.62101500e-08 -2.09273913e-05 
 9.62601500e-08 -1.69731271e-06  9.62601500e-08  2.01937990e-05 
 9.63101500e-08  1.80193859e-06  9.63101500e-08 -1.94379943e-05 
 9.63601500e-08 -1.66539730e-06  9.63601500e-08  1.87236777e-05 
 9.64101500e-08  1.77045798e-06  9.64101500e-08 -1.79870110e-05 
 9.64601500e-08 -1.63433812e-06  9.64601500e-08  1.72917052e-05 
 9.65101500e-08  1.73980302e-06  9.65101500e-08 -1.65739050e-05 
 9.65601500e-08 -1.60407550e-06  9.65601500e-08  1.58973369e-05 
 9.66101500e-08  1.70991717e-06  9.66101500e-08 -1.51981244e-05 
 9.66601500e-08 -1.57455598e-06  9.66601500e-08  1.45400133e-05 
 9.67101500e-08  1.68074991e-06  9.67101500e-08 -1.38591034e-05 
 9.67601500e-08 -1.54573177e-06  9.67601500e-08  1.32191628e-05 
 9.68101500e-08  1.65225608e-06  9.68101500e-08 -1.25562646e-05 
 9.68601500e-08 -1.51756025e-06  9.68601500e-08  1.19342026e-05 
 9.69101500e-08  1.62439536e-06  9.69101500e-08 -1.12890207e-05 
 9.69601500e-08 -1.49000326e-06  9.69601500e-08  1.06845410e-05 
 9.70101500e-08  1.59713168e-06  9.70101500e-08 -1.00567764e-05 
 9.70601500e-08 -1.46302671e-06  9.70601500e-08  9.46957907e-06 
 9.71101500e-08  1.57043287e-06  9.71101500e-08 -8.85892973e-06 
 9.71601500e-08 -1.43660022e-06  9.71601500e-08  8.28871226e-06 
 9.72101500e-08  1.54427012e-06  9.72101500e-08 -7.69487381e-06 
 9.72601500e-08 -1.41069651e-06  9.72601500e-08  7.14133149e-06 
 9.73101500e-08  1.51861770e-06  9.73101500e-08 -6.56399798e-06 
 9.73601500e-08 -1.38529131e-06  9.73601500e-08  6.02682464e-06 
 9.74101500e-08  1.49345263e-06  9.74101500e-08 -5.46568911e-06 
 9.74601500e-08 -1.36036281e-06  9.74601500e-08  4.94457780e-06 
 9.75101500e-08  1.46875427e-06  9.75101500e-08 -4.39933284e-06 
 9.75601500e-08 -1.33589151e-06  9.75601500e-08  3.89397624e-06 
 9.76101500e-08  1.44450410e-06  9.76101500e-08 -3.36431441e-06 
 9.76601500e-08 -1.31185983e-06  9.76601500e-08  2.87440540e-06 
 9.77101500e-08  1.42068555e-06  9.77101500e-08 -2.36001987e-06 
 9.77601500e-08 -1.28825210e-06  9.77601500e-08  1.88525199e-06 
 9.78101500e-08  1.39728365e-06  9.78101500e-08 -1.38583682e-06 
 9.78601500e-08 -1.26505404e-06  9.78601500e-08  9.25904658e-07 
 9.79101500e-08  1.37428493e-06  9.79101500e-08 -4.41155207e-07 
 9.79601500e-08 -1.24225295e-06  9.79601500e-08 -4.24524477e-09 
 9.80101500e-08  1.35167719e-06  9.80101500e-08  4.74631901e-07 
 9.80601500e-08 -1.21983711e-06  9.80601500e-08 -9.05802828e-07 
 9.81101500e-08  1.32944939e-06  9.81101500e-08  1.36212765e-06 
 9.81601500e-08 -1.19779609e-06  9.81601500e-08 -1.77936917e-06 
 9.82101500e-08  1.30759151e-06  9.82101500e-08  2.22193078e-06 
 9.82601500e-08 -1.17612028e-06  9.82601500e-08 -2.62554062e-06 
 9.83101500e-08  1.28609439e-06  9.83101500e-08  3.05463516e-06 
 9.83601500e-08 -1.15480089e-06  9.83601500e-08 -3.44490843e-06 
 9.84101500e-08  1.26494962e-06  9.84101500e-08  3.86082922e-06 
 9.84601500e-08 -1.13382997e-06  9.84601500e-08 -4.23805815e-06 
 9.85101500e-08  1.24414954e-06  9.85101500e-08  4.64109548e-06 
 9.85601500e-08 -1.11320003e-06  9.85601500e-08 -5.00556924e-06 
 9.86101500e-08  1.22368704e-06  9.86101500e-08  5.39601026e-06 
 9.86601500e-08 -1.09290438e-06  9.86601500e-08 -5.74801474e-06 
 9.87101500e-08  1.20355556e-06  9.87101500e-08  6.12614316e-06 
 9.87601500e-08 -1.07293655e-06  9.87601500e-08 -6.46596083e-06 
 9.88101500e-08  1.18374893e-06  9.88101500e-08  6.83205692e-06 
 9.88601500e-08 -1.05329067e-06  9.88601500e-08 -7.15996668e-06 
 9.89101500e-08  1.16426146e-06  9.89101500e-08  7.51430702e-06 
 9.89601500e-08 -1.03396121e-06  9.89601500e-08 -7.83058411e-06 
 9.90101500e-08  1.14508779e-06  9.90101500e-08  8.17344147e-06 
 9.90601500e-08 -1.01494300e-06  9.90601500e-08 -8.47835727e-06 
 9.91101500e-08  1.12622286e-06  9.91101500e-08  8.81000059e-06 
 9.91601500e-08 -9.96231024e-07  9.91601500e-08 -9.10382255e-06 
 9.92101500e-08  1.10766185e-06  9.92101500e-08  9.42451684e-06 
 9.92601500e-08 -9.77820689e-07  9.92601500e-08 -9.70750844e-06 
 9.93101500e-08  1.08940022e-06  9.93101500e-08  1.00175146e-05 
 9.93601500e-08 -9.59707516e-07  9.93601500e-08 -1.02899353e-05 
 9.94101500e-08  1.07143363e-06  9.94101500e-08  1.05895101e-05 
 9.94601500e-08 -9.41887270e-07  9.94601500e-08 -1.08516151e-05 
 9.95101500e-08  1.05375788e-06  9.95101500e-08  1.11410114e-05 
 9.95601500e-08 -9.24355766e-07  9.95601500e-08 -1.13930518e-05 
 9.96101500e-08  1.03636891e-06  9.96101500e-08  1.16725179e-05 
 9.96601500e-08 -9.07109124e-07  9.96601500e-08 -1.19147407e-05 
 9.97101500e-08  1.01926289e-06  9.97101500e-08  1.21845209e-05 
 9.97601500e-08 -8.90143490e-07  9.97601500e-08 -1.24171686e-05 
 9.98101500e-08  1.00243600e-06  9.98101500e-08  1.26775029e-05 
 9.98601500e-08 -8.73455131e-07  9.98601500e-08 -1.29008140e-05 
 9.99101500e-08  9.85884591e-07  9.99101500e-08  1.31519381e-05 
 9.99550750e-08 -8.56121363e-07  9.99550750e-08 -1.33918960e-05 
 1.00000000e-07  9.67782913e-07  1.00000000e-07  1.36587334e-05 
 1.00005000e-07  2.08614613e-05  1.00005000e-07  2.61841202e-04 
 1.00015000e-07 -4.46462859e-06  1.00015000e-07  4.50317180e-05 
 1.00035000e-07 -1.36913755e-05  1.00035000e-07 -7.75997883e-05 
 1.00075000e-07  1.02983024e-05  1.00075000e-07 -1.10359610e-04 
 1.00125000e-07 -5.64929401e-05  1.00125000e-07 -2.05726079e-04 
 1.00162500e-07 -1.49141770e-05  1.00162500e-07 -5.88111806e-04 
 1.00200000e-07  2.56904597e-03  1.00200000e-07  7.93502217e-04 
 1.00205000e-07  1.74687030e-03  1.00205000e-07  1.48962585e-03 
 1.00215000e-07 -3.89664571e-03  1.00215000e-07  3.06332577e-03 
 1.00235000e-07 -1.74031737e-02  1.00235000e-07  5.48508076e-03 
 1.00275000e-07  6.01341882e-02  1.00275000e-07  3.09390656e-03 
 1.00325000e-07  1.03898530e+00  1.00325000e-07 -2.88593455e-02 
 1.00375000e-07  1.25473704e+00  1.00375000e-07 -5.29550681e-02 
 1.00425000e-07  1.15390437e+00  1.00425000e-07  7.28168382e-02 
 1.00475000e-07  1.23639153e+00  1.00475000e-07  1.09681761e+00 
 1.00525000e-07  1.16974445e+00  1.00525000e-07  2.83398188e+00 
 1.00575000e-07  1.22420967e+00  1.00575000e-07  3.24882708e+00 
 1.00625000e-07  1.17998450e+00  1.00625000e-07  3.24186468e+00 
 1.00675000e-07  1.21614959e+00  1.00675000e-07  3.28682823e+00 
 1.00725000e-07  1.18668963e+00  1.00725000e-07  3.28288929e+00 
 1.00775000e-07  1.21080224e+00  1.00775000e-07  3.29576310e+00 
 1.00825000e-07  1.19110921e+00  1.00825000e-07  3.29489167e+00 
 1.00875000e-07  1.20724745e+00  1.00875000e-07  3.29862908e+00 
 1.00925000e-07  1.19403594e+00  1.00925000e-07  3.29858052e+00 
 1.00975000e-07  1.20487951e+00  1.00975000e-07  3.29940067e+00 
 1.01025000e-07  1.19598148e+00  1.01025000e-07  3.29979334e+00 
 1.01075000e-07  1.20329871e+00  1.01075000e-07  3.29955426e+00 
 1.01125000e-07  1.19727914e+00  1.01125000e-07  3.30022903e+00 
 1.01175000e-07  1.20224087e+00  1.01175000e-07  3.29954870e+00 
 1.01225000e-07  1.19815116e+00  1.01225000e-07  3.30040276e+00 
 1.01275000e-07  1.20153424e+00  1.01275000e-07  3.29951877e+00 
 1.01325000e-07  1.19873202e+00  1.01325000e-07  3.30047563e+00 
 1.01375000e-07  1.20105477e+00  1.01375000e-07  3.29949677e+00 
 1.01425000e-07  1.19912387e+00  1.01425000e-07  3.30050384e+00 
 1.01475000e-07  1.20073133e+00  1.01475000e-07  3.29948927e+00 
 1.01525000e-07  1.19938924e+00  1.01525000e-07  3.30050869e+00 
 1.01575000e-07  1.20051213e+00  1.01575000e-07  3.29949419e+00 
 1.01625000e-07  1.19956973e+00  1.01625000e-07  3.30049995e+00 
 1.01675000e-07  1.20036279e+00  1.01675000e-07  3.29950812e+00 
 1.01725000e-07  1.19969314e+00  1.01725000e-07  3.30048293e+00 
 1.01775000e-07  1.20026042e+00  1.01775000e-07  3.29952806e+00 
 1.01825000e-07  1.19977805e+00  1.01825000e-07  3.30046089e+00 
 1.01875000e-07  1.20018975e+00  1.01875000e-07  3.29955168e+00 
 1.01925000e-07  1.19983693e+00  1.01925000e-07  3.30043602e+00 
 1.01962500e-07  1.20013387e+00  1.01962500e-07  3.29958170e+00 
 1.02000000e-07  1.19988904e+00  1.02000000e-07  3.30040100e+00 
 1.02005000e-07  1.19953085e+00  1.02005000e-07  3.29842241e+00 
 1.02015000e-07  1.19936501e+00  1.02015000e-07  3.29700691e+00 
 1.02035000e-07  1.19979179e+00  1.02035000e-07  3.29713020e+00 
 1.02075000e-07  1.19980852e+00  1.02075000e-07  3.29964840e+00 
 1.02125000e-07  1.20497049e+00  1.02125000e-07  3.32597143e+00 
 1.02162500e-07  1.21926668e+00  1.02162500e-07  3.35971772e+00 
 1.02200000e-07  1.21535740e+00  1.02200000e-07  3.38432843e+00 
 1.02205000e-07  1.19068155e+00  1.02205000e-07  3.38149773e+00 
 1.02215000e-07  1.05965356e+00  1.02215000e-07  3.36212480e+00 
 1.02235000e-07  4.38855269e-01  1.02235000e-07  3.27846088e+00 
 1.02275000e-07 -1.96952561e-02  1.02275000e-07  2.81778319e+00 
 1.02322123e-07  2.02644041e-02  1.02322123e-07  5.17646495e-01 
 1.02372123e-07 -1.60350903e-02  1.02372123e-07 -8.46749827e-02 
 1.02422123e-07  1.44379571e-02  1.02422123e-07  8.50681253e-02 
 1.02472123e-07 -1.27968608e-02  1.02472123e-07 -4.77898319e-02 
 1.02522123e-07  1.16308384e-02  1.02522123e-07  3.85186021e-02 
 1.02572123e-07 -1.04170945e-02  1.02572123e-07 -2.56638535e-02 
 1.02622123e-07  9.46260177e-03  1.02622123e-07  1.88789668e-02 
 1.02672123e-07 -8.49241143e-03  1.02672123e-07 -1.36809738e-02 
 1.02722123e-07  7.70609175e-03  1.02722123e-07  1.00129791e-02 
 1.02772123e-07 -6.92728832e-03  1.02772123e-07 -7.35967144e-03 
 1.02822123e-07  6.28196863e-03  1.02822123e-07  5.38961135e-03 
 1.02872123e-07 -5.65640302e-03  1.02872123e-07 -3.93855084e-03 
 1.02922123e-07  5.12830823e-03  1.02922123e-07  2.83048133e-03 
 1.02972123e-07 -4.62508473e-03  1.02972123e-07 -1.99234654e-03 
 1.03022123e-07  4.19366555e-03  1.03022123e-07  1.33756630e-03 
 1.03072123e-07 -3.78812998e-03  1.03072123e-07 -8.28948731e-04 
 1.03122123e-07  3.43605486e-03  1.03122123e-07  4.24579596e-04 
 1.03172123e-07 -3.10866497e-03  1.03172123e-07 -1.03035314e-04 
 1.03222123e-07  2.82151579e-03  1.03222123e-07 -1.55447716e-04 
 1.03272123e-07 -2.55677970e-03  1.03272123e-07  3.64845157e-04 
 1.03322123e-07  2.32265488e-03  1.03322123e-07 -5.33815546e-04 
 1.03372123e-07 -2.11102887e-03  1.03372123e-07  6.71599256e-04 
 1.03422123e-07  1.91536404e-03  1.03422123e-07 -7.85357020e-04 
 1.03472123e-07 -1.74473681e-03  1.03472123e-07  8.74712122e-04 
 1.03522123e-07  1.58699851e-03  1.03522123e-07 -9.50611891e-04 
 1.03572123e-07 -1.44701754e-03  1.03572123e-07  1.00792794e-03 
 1.03622123e-07  1.31955500e-03  1.03622123e-07 -1.05748051e-03 
 1.03672123e-07 -1.20479201e-03  1.03672123e-07  1.09254347e-03 
 1.03722123e-07  1.10158320e-03  1.03722123e-07 -1.12334487e-03 
 1.03772123e-07 -1.00751868e-03  1.03772123e-07  1.14265214e-03 
 1.03822123e-07  9.23793548e-04  1.03822123e-07 -1.15988243e-03 
 1.03872123e-07 -8.46686058e-04  1.03872123e-07  1.16788779e-03 
 1.03922123e-07  7.78649779e-04  1.03922123e-07 -1.17518417e-03 
 1.03972123e-07 -7.15414744e-04  1.03972123e-07  1.17501966e-03 
 1.04022123e-07  6.60036820e-04  1.04022123e-07 -1.17499619e-03 
 1.04072123e-07 -6.08139114e-04  1.04072123e-07  1.16890960e-03 
 1.04122123e-07  5.62991640e-04  1.04122123e-07 -1.16348000e-03 
 1.04172123e-07 -5.20352662e-04  1.04172123e-07  1.15311057e-03 
 1.04222123e-07  4.83485269e-04  1.04222123e-07 -1.14369653e-03 
 1.04272123e-07 -4.48403832e-04  1.04272123e-07  1.13025496e-03 
 1.04322123e-07  4.18246232e-04  1.04322123e-07 -1.11792492e-03 
 1.04372123e-07 -3.89331962e-04  1.04372123e-07  1.10231425e-03 
 1.04422123e-07  3.64617499e-04  1.04422123e-07 -1.08787860e-03 
 1.04472123e-07 -3.40735245e-04  1.04472123e-07  1.07077752e-03 
 1.04522123e-07  3.20440577e-04  1.04522123e-07 -1.05485528e-03 
 1.04572123e-07 -3.00664291e-04  1.04572123e-07  1.03677672e-03 
 1.04622123e-07  2.83961557e-04  1.04622123e-07 -1.01984326e-03 
 1.04672123e-07 -2.67536220e-04  1.04672123e-07  1.00117625e-03 
 1.04722123e-07  2.53754957e-04  1.04722123e-07 -9.83597969e-04 
 1.04772123e-07 -2.40065248e-04  1.04772123e-07  9.64638143e-04 
 1.04822123e-07  2.28661959e-04  1.04822123e-07 -9.46698049e-04 
 1.04872123e-07 -2.17206553e-04  1.04872123e-07  9.27670022e-04 
 1.04922123e-07  2.07740314e-04  1.04922123e-07 -9.09586801e-04 
 1.04972123e-07 -1.98110835e-04  1.04972123e-07  8.90660839e-04 
 1.05022123e-07  1.90223697e-04  1.05022123e-07 -8.72603267e-04 
 1.05072123e-07 -1.82087518e-04  1.05072123e-07  8.53907811e-04 
 1.05122123e-07  1.75488722e-04  1.05122123e-07 -8.36005708e-04 
 1.05172123e-07 -1.68574917e-04  1.05172123e-07  8.17636861e-04 
 1.05222123e-07  1.63028165e-04  1.05222123e-07 -7.99989506e-04 
 1.05272123e-07 -1.57116053e-04  1.05272123e-07  7.82018272e-04 
 1.05322123e-07  1.52429222e-04  1.05322123e-07 -7.64700907e-04 
 1.05372123e-07 -1.47339027e-04  1.05372123e-07  7.47178754e-04 
 1.05422123e-07  1.43355850e-04  1.05422123e-07 -7.30247640e-04 
 1.05472123e-07 -1.38941097e-04  1.05472123e-07  7.13210797e-04 
 1.05522123e-07  1.35534423e-04  1.05522123e-07 -6.96707173e-04 
 1.05572123e-07 -1.31675742e-04  1.05572123e-07  6.80179965e-04 
 1.05622123e-07  1.28742077e-04  1.05622123e-07 -6.64133157e-04 
 1.05672123e-07 -1.25342156e-04  1.05672123e-07  6.48130612e-04 
 1.05722123e-07  1.22797234e-04  1.05722123e-07 -6.32560488e-04 
 1.05772123e-07 -1.19776721e-04  1.05772123e-07  6.17090369e-04 
 1.05822123e-07  1.17551909e-04  1.05822123e-07 -6.02009291e-04 
 1.05872123e-07 -1.14846063e-04  1.05872123e-07  5.87073702e-04 
 1.05922123e-07  1.12885443e-04  1.05922123e-07 -5.72488070e-04 
 1.05972123e-07 -1.10441422e-04  1.05972123e-07  5.58084715e-04 
 1.06022123e-07  1.08699416e-04  1.06022123e-07 -5.43996209e-04 
 1.06072123e-07 -1.06474062e-04  1.06072123e-07  5.30119393e-04 
 1.06122123e-07  1.04913508e-04  1.06122123e-07 -5.16525960e-04 
 1.06172123e-07 -1.02871549e-04  1.06172123e-07  5.03167376e-04 
 1.06222123e-07  1.01462132e-04  1.06222123e-07 -4.90064030e-04 
 1.06272123e-07 -9.95747155e-05  1.06272123e-07  4.77213392e-04 
 1.06322123e-07  9.82916951e-05  1.06322123e-07 -4.64592852e-04 
 1.06372123e-07 -9.65351957e-05  1.06372123e-07  4.52238390e-04 
 1.06422123e-07  9.53583676e-05  1.06422123e-07 -4.40091599e-04 
 1.06472123e-07 -9.37134200e-05  1.06472123e-07  4.28220459e-04 
 1.06522123e-07  9.26262739e-05  1.06522123e-07 -4.16537001e-04 
 1.06572123e-07 -9.10769821e-05  1.06572123e-07  4.05135561e-04 
 1.06622123e-07  9.00660150e-05  1.06622123e-07 -3.93904003e-04 
 1.06672123e-07 -8.85993102e-05  1.06672123e-07  3.82958130e-04 
 1.06722123e-07  8.76534684e-05  1.06722123e-07 -3.72166291e-04 
 1.06772123e-07 -8.62585866e-05  1.06772123e-07  3.61661539e-04 
 1.06822123e-07  8.53688110e-05  1.06822123e-07 -3.51296718e-04 
 1.06872123e-07 -8.40368674e-05  1.06872123e-07  3.41218492e-04 
 1.06922123e-07  8.31957237e-05  1.06922123e-07 -3.31267647e-04 
 1.06972123e-07 -8.19193665e-05  1.06972123e-07  3.21601329e-04 
 1.07022123e-07  8.11207439e-05  1.07022123e-07 -3.12051225e-04 
 1.07072123e-07 -7.98938723e-05  1.07072123e-07  3.02782275e-04 
 1.07122123e-07  7.91327388e-05  1.07122123e-07 -2.93619602e-04 
 1.07172123e-07 -7.79502736e-05  1.07172123e-07  2.84733642e-04 
 1.07222123e-07  7.72224759e-05  1.07222123e-07 -2.75945111e-04 
 1.07272123e-07 -7.60801726e-05  1.07272123e-07  2.67427982e-04 
 1.07322123e-07  7.53822739e-05  1.07322123e-07 -2.59000404e-04 
 1.07372123e-07 -7.42765704e-05  1.07372123e-07  2.50838221e-04 
 1.07422123e-07  7.36057183e-05  1.07422123e-07 -2.42758568e-04 
 1.07472123e-07 -7.25336110e-05  1.07472123e-07  2.34937754e-04 
 1.07522123e-07  7.18874295e-05  1.07522123e-07 -2.27193208e-04 
 1.07572123e-07 -7.08463727e-05  1.07572123e-07  2.19700523e-04 
 1.07622123e-07  7.02228743e-05  1.07622123e-07 -2.12278516e-04 
 1.07672123e-07 -6.92106973e-05  1.07672123e-07  2.05101079e-04 
 1.07722123e-07  6.86082124e-05  1.07722123e-07 -1.97989324e-04 
 1.07772123e-07 -6.76230530e-05  1.07772123e-07  1.91114623e-04 
 1.07822123e-07  6.70401708e-05  1.07822123e-07 -1.84301136e-04 
 1.07872123e-07 -6.60804203e-05  1.07872123e-07  1.77717045e-04 
 1.07922123e-07  6.55159422e-05  1.07922123e-07 -1.71190163e-04 
 1.07972123e-07 -6.45802012e-05  1.07972123e-07  1.64884939e-04 
 1.08022123e-07  6.40331017e-05  1.08022123e-07 -1.58633332e-04 
 1.08072123e-07 -6.31201433e-05  1.08072123e-07  1.52595624e-04 
 1.08122123e-07  6.25895390e-05  1.08122123e-07 -1.46608303e-04 
 1.08172123e-07 -6.16982797e-05  1.08172123e-07  1.40827148e-04 
 1.08222123e-07  6.11834037e-05  1.08222123e-07 -1.35093472e-04 
 1.08272123e-07 -6.03128785e-05  1.08272123e-07  1.29558293e-04 
 1.08322123e-07  5.98130592e-05  1.08322123e-07 -1.24067967e-04 
 1.08372123e-07 -5.89624025e-05  1.08372123e-07  1.18768569e-04 
 1.08422123e-07  5.84770473e-05  1.08422123e-07 -1.13511648e-04 
 1.08472123e-07 -5.76454763e-05  1.08472123e-07  1.08438209e-04 
 1.08522123e-07  5.71740570e-05  1.08522123e-07 -1.03405093e-04 
 1.08572123e-07 -5.63608585e-05  1.08572123e-07  9.85481616e-05 
 1.08622123e-07  5.59029008e-05  1.08622123e-07 -9.37295928e-05 
 1.08672123e-07 -5.51074207e-05  1.08672123e-07  8.90800771e-05 
 1.08722123e-07  5.46624945e-05  1.08722123e-07 -8.44671357e-05 
 1.08772123e-07 -5.38841284e-05  1.08772123e-07  8.00162948e-05 
 1.08822123e-07  5.34518407e-05  1.08822123e-07 -7.56003918e-05 
 1.08872123e-07 -5.26900271e-05  1.08872123e-07  7.13398271e-05 
 1.08922123e-07  5.22700156e-05  1.08922123e-07 -6.71126980e-05 
 1.08972123e-07 -5.15242295e-05  1.08972123e-07  6.30343438e-05 
 1.09022123e-07  5.11161578e-05  1.09022123e-07 -5.89880409e-05 
 1.09072123e-07 -5.03859061e-05  1.09072123e-07  5.50841540e-05 
 1.09122123e-07  4.99894597e-05  1.09122123e-07 -5.12110386e-05 
 1.09172123e-07 -4.92742769e-05  1.09172123e-07  4.74741888e-05 
 1.09222123e-07  4.88891598e-05  1.09222123e-07 -4.37669226e-05 
 1.09272123e-07 -4.81886046e-05  1.09272123e-07  4.01899823e-05 
 1.09322123e-07  4.78145367e-05  1.09322123e-07 -3.66415190e-05 
 1.09372123e-07 -4.71281895e-05  1.09372123e-07  3.32176530e-05 
 1.09422123e-07  4.67649041e-05  1.09422123e-07 -2.98212292e-05 
 1.09472123e-07 -4.60923643e-05  1.09472123e-07  2.65438851e-05 
 1.09522123e-07  4.57396067e-05  1.09522123e-07 -2.32930117e-05 
 1.09572123e-07 -4.50804911e-05  1.09572123e-07  2.01559093e-05 
 1.09622123e-07  4.47380170e-05  1.09622123e-07 -1.70443623e-05 
 1.09672123e-07 -4.40919577e-05  1.09672123e-07  1.40414844e-05 
 1.09722123e-07  4.37595318e-05  1.09722123e-07 -1.10632960e-05 
 1.09772123e-07 -4.31261754e-05  1.09772123e-07  8.18887823e-06 
 1.09822123e-07  4.28035706e-05  1.09822123e-07 -5.33832800e-06 
 1.09872123e-07 -4.21825767e-05  1.09872123e-07  2.58684974e-06 
 1.09922123e-07  4.18695732e-05  1.09922123e-07  1.41544175e-07 
 1.09961061e-07 -4.11313149e-05  1.09961061e-07 -3.51816657e-06 
 1.10000000e-07  4.07016455e-05  1.10000000e-07  6.83597941e-06 
 1.10005000e-07 -8.14140581e-06  1.10005000e-07 -8.16167170e-05 
 1.10015000e-07  7.95690503e-06  1.10015000e-07  2.37255586e-05 
 1.10035000e-07  1.78505448e-06  1.10035000e-07  1.79812097e-05 
 1.10075000e-07 -4.80051999e-06  1.10075000e-07  1.48706207e-05 
 1.10125000e-07  2.34395322e-05  1.10125000e-07  1.36513881e-04 
 1.10162500e-07  2.13088522e-06  1.10162500e-07  1.34780109e-04 
 1.10200000e-07 -3.28826517e-04  1.10200000e-07 -1.76893758e-04 
 1.10205000e-07 -3.63557291e-04  1.10205000e-07 -4.06367373e-04 
 1.10215000e-07 -1.66140651e-05  1.10215000e-07 -8.55632198e-04 
 1.10235000e-07  5.97518217e-04  1.10235000e-07 -1.41598538e-03 
 1.10271733e-07 -4.17019522e-04  1.10271733e-07  7.08764454e-05 
 1.10313800e-07  3.08448755e-04  1.10313800e-07  1.39768571e-03 
 1.10358980e-07 -1.62261693e-04  1.10358980e-07 -1.58854949e-04 
 1.10408980e-07  7.35208352e-05  1.10408980e-07 -3.99224540e-04 
 1.10458980e-07 -1.08210437e-05  1.10458980e-07  2.91311478e-04 
 1.10508980e-07 -2.89307673e-05  1.10508980e-07 -1.87118722e-04 
 1.10558980e-07  5.54122823e-05  1.10558980e-07  2.30559424e-04 
 1.10608980e-07 -7.10767321e-05  1.10608980e-07 -2.14184439e-04 
 1.10658980e-07  8.05329650e-05  1.10658980e-07  2.31878506e-04 
 1.10708980e-07 -8.46236552e-05  1.10708980e-07 -2.30302535e-04 
 1.10758980e-07  8.58760596e-05  1.10758980e-07  2.37885177e-04 
 1.10808980e-07 -8.43447577e-05  1.10808980e-07 -2.37357046e-04 
 1.10858980e-07  8.17196067e-05  1.10858980e-07  2.40158932e-04 
 1.10908980e-07 -7.76375673e-05  1.10908980e-07 -2.38676351e-04 
 1.10958980e-07  7.33187364e-05  1.10958980e-07  2.38558420e-04 
 1.11008980e-07 -6.82814728e-05  1.11008980e-07 -2.35844372e-04 
 1.11058980e-07  6.34563303e-05  1.11058980e-07  2.33929097e-04 
 1.11108980e-07 -5.83011171e-05  1.11108980e-07 -2.30259106e-04 
 1.11158980e-07  5.35811998e-05  1.11158980e-07  2.26978207e-04 
 1.11208980e-07 -4.87305481e-05  1.11208980e-07 -2.22581247e-04 
 1.11258980e-07  4.44140182e-05  1.11258980e-07  2.18610317e-04 
 1.11308980e-07 -4.00569722e-05  1.11308980e-07 -2.13832895e-04 
 1.11358980e-07  3.62620975e-05  1.11358980e-07  2.09432525e-04 
 1.11408980e-07 -3.24606078e-05  1.11408980e-07 -2.04425956e-04 
 1.11458980e-07  2.92122740e-05  1.11458980e-07  1.99758465e-04 
 1.11508980e-07 -2.59551339e-05  1.11508980e-07 -1.94689033e-04 
 1.11558980e-07  2.32278240e-05  1.11558980e-07  1.89944071e-04 
 1.11608980e-07 -2.04729160e-05  1.11608980e-07 -1.84917296e-04 
 1.11658980e-07  1.82166848e-05  1.11658980e-07  1.80200809e-04 
 1.11708980e-07 -1.59074501e-05  1.11708980e-07 -1.75288172e-04 
 1.11758980e-07  1.40638178e-05  1.11758980e-07  1.70671238e-04 
 1.11808980e-07 -1.21402599e-05  1.11808980e-07 -1.65919198e-04 
 1.11858980e-07  1.06504180e-05  1.11858980e-07  1.61447477e-04 
 1.11908980e-07 -9.05487467e-06  1.11908980e-07 -1.56884013e-04 
 1.11958980e-07  7.86388865e-06  1.11958980e-07  1.52584925e-04 
 1.12008980e-07 -6.54384383e-06  1.12008980e-07 -1.48224711e-04 
 1.12058980e-07  5.60255099e-06  1.12058980e-07  1.44112775e-04 
 1.12108980e-07 -4.51174140e-06  1.12108980e-07 -1.39961129e-04 
 1.12158980e-07  3.77733869e-06  1.12158980e-07  1.36041899e-04 
 1.12208980e-07 -2.87590594e-06  1.12208980e-07 -1.32097738e-04 
 1.12258980e-07  2.31182316e-06  1.12258980e-07  1.28370685e-04 
 1.12308980e-07 -1.56596049e-06  1.12308980e-07 -1.24628701e-04 
 1.12358980e-07  1.14137188e-06  1.12358980e-07  1.21089292e-04 
 1.12408980e-07 -5.22731819e-07  1.12408980e-07 -1.17541530e-04 
 1.12458980e-07  2.11912394e-07  1.12458980e-07  1.14182730e-04 
 1.12508980e-07  3.03071276e-07  1.12508980e-07 -1.10819710e-04 
 1.12558980e-07 -5.21427125e-07  1.12558980e-07  1.07633036e-04 
 1.12608980e-07  9.52216723e-07  1.12608980e-07 -1.04444547e-04 
 1.12658980e-07 -1.09565069e-06  1.12658980e-07  1.01420805e-04 
 1.12708980e-07  1.45823657e-06  1.12708980e-07 -9.83964442e-05 
 1.12758980e-07 -1.54112439e-06  1.12758980e-07  9.55262340e-05 
 1.12808980e-07  1.84859070e-06  1.12808980e-07 -9.26557647e-05 
 1.12858980e-07 -1.88266995e-06  1.12858980e-07  8.99298111e-05 
 1.12908980e-07  2.14568793e-06  1.12908980e-07 -8.72033909e-05 
 1.12958980e-07 -2.14051345e-06  1.12958980e-07  8.46127568e-05 
 1.13008980e-07  2.36776345e-06  1.13008980e-07 -8.20210732e-05 
 1.13058980e-07 -2.33109412e-06  1.13058980e-07  7.95572849e-05 
 1.13108980e-07  2.52962182e-06  1.13108980e-07 -7.70916246e-05 
 1.13158980e-07 -2.46774545e-06  1.13158980e-07  7.47467377e-05 
 1.13208980e-07  2.64325965e-06  1.13208980e-07 -7.23990125e-05 
 1.13258980e-07 -2.56126314e-06  1.13258980e-07  7.01656373e-05 
 1.13308980e-07  2.71838258e-06  1.13308980e-07 -6.79283794e-05 
 1.13358980e-07 -2.62037538e-06  1.13358980e-07  6.57996782e-05 
 1.13408980e-07  2.76283229e-06  1.13408980e-07 -6.36660176e-05 
 1.13458980e-07 -2.65213004e-06  1.13458980e-07  6.16356859e-05 
 1.13508980e-07  2.78293713e-06  1.13508980e-07 -5.95993153e-05 
 1.13558980e-07 -2.66221196e-06  1.13558980e-07  5.76615515e-05 
 1.13608980e-07  2.78379888e-06  1.13608980e-07 -5.57166863e-05 
 1.13658980e-07 -2.65520208e-06  1.13658980e-07  5.38661563e-05 
 1.13708980e-07  2.76952662e-06  1.13708980e-07 -5.20074917e-05 
 1.13758980e-07 -2.63478844e-06  1.13758980e-07  5.02392914e-05 
 1.13808980e-07  2.74342690e-06  1.13808980e-07 -4.84619594e-05 
 1.13858980e-07 -2.60393756e-06  1.13858980e-07  4.67715770e-05 
 1.13908980e-07  2.70815812e-06  1.13908980e-07 -4.50711053e-05 
 1.13958980e-07 -2.56503348e-06  1.13958980e-07  4.34543846e-05 
 1.14008980e-07  2.66585564e-06  1.14008980e-07 -4.18266578e-05 
 1.14058980e-07 -2.51999029e-06  1.14058980e-07  4.02797641e-05 
 1.14108980e-07  2.61823283e-06  1.14108980e-07 -3.87209879e-05 
 1.14158980e-07 -2.47034310e-06  1.14158980e-07  3.72403763e-05 
 1.14208980e-07  2.56666297e-06  1.14208980e-07 -3.57470451e-05 
 1.14258980e-07 -2.41732153e-06  1.14258980e-07  3.43294316e-05 
 1.14308980e-07  2.51224527e-06  1.14308980e-07 -3.28982989e-05 
 1.14358980e-07 -2.36190915e-06  1.14358980e-07  3.15406343e-05 
 1.14408980e-07  2.45585805e-06  1.14408980e-07 -3.01686865e-05 
 1.14458980e-07 -2.30489120e-06  1.14458980e-07  2.88681331e-05 
 1.14508980e-07  2.39820189e-06  1.14508980e-07 -2.75525660e-05 
 1.14558980e-07 -2.24689331e-06  1.14558980e-07  2.63064769e-05 
 1.14608980e-07  2.33983405e-06  1.14608980e-07 -2.50446749e-05 
 1.14658980e-07 -2.18841252e-06  1.14658980e-07  2.38505752e-05 
 1.14708980e-07  2.28119664e-06  1.14708980e-07 -2.26400931e-05 
 1.14758980e-07 -2.12984246e-06  1.14758980e-07  2.14956636e-05 
 1.14808980e-07  2.22263890e-06  1.14808980e-07 -2.03342101e-05 
 1.14858980e-07 -2.07149342e-06  1.14858980e-07  1.92372732e-05 
 1.14908980e-07  2.16443546e-06  1.14908980e-07 -1.81226966e-05 
 1.14958980e-07 -2.01360874e-06  1.14958980e-07  1.70712031e-05 
 1.15008980e-07  2.10680085e-06  1.15008980e-07 -1.60014789e-05 
 1.15058980e-07 -1.95637780e-06  1.15058980e-07  1.49934968e-05 
 1.15108980e-07  2.04990136e-06  1.15108980e-07 -1.39667161e-05 
 1.15158980e-07 -1.89994673e-06  1.15158980e-07  1.30004207e-05 
 1.15208980e-07  1.99386445e-06  1.15208980e-07 -1.20147810e-05 
 1.15258980e-07 -1.84442682e-06  1.15258980e-07  1.10884460e-05 
 1.15308980e-07  1.93878643e-06  1.15308980e-07 -1.01422417e-05 
 1.15358980e-07 -1.78990136e-06  1.15358980e-07  9.25423126e-06 
 1.15408980e-07  1.88473854e-06  1.15408980e-07 -8.34584655e-06 
 1.15458980e-07 -1.73643131e-06  1.15458980e-07  7.49460861e-06 
 1.15508980e-07  1.83177205e-06  1.15508980e-07 -6.62251031e-06 
 1.15558980e-07 -1.68405958e-06  1.15558980e-07  5.80657008e-06 
 1.15608980e-07  1.77992205e-06  1.15608980e-07 -4.96930157e-06 
 1.15658980e-07 -1.63281470e-06  1.15658980e-07  4.18725609e-06 
 1.15708980e-07  1.72921088e-06  1.15708980e-07 -3.38343183e-06 
 1.15758980e-07 -1.58271375e-06  1.15758980e-07  2.63394507e-06 
 1.15808980e-07  1.67965062e-06  1.15808980e-07 -1.86224568e-06 
 1.15858980e-07 -1.53376467e-06  1.15858980e-07  1.14404403e-06 
 1.15908980e-07  1.63124525e-06  1.15908980e-07 -4.03211879e-07 
 1.15958980e-07 -1.48596814e-06  1.15958980e-07 -2.84919905e-07 
 1.16008980e-07  1.58399223e-06  1.16008980e-07  9.96084627e-07 
 1.16058980e-07 -1.43931906e-06  1.16058980e-07 -1.65530703e-06 
 1.16108980e-07  1.53788401e-06  1.16108980e-07  2.33795002e-06 
 1.16158980e-07 -1.39380788e-06  1.16158980e-07 -2.96937210e-06 
 1.16208980e-07  1.49290899e-06  1.16208980e-07  3.62458812e-06 
 1.16258980e-07 -1.34942145e-06  1.16258980e-07 -4.22927056e-06 
 1.16308980e-07  1.44905252e-06  1.16308980e-07  4.85810647e-06 
 1.16358980e-07 -1.30614395e-06  1.16358980e-07 -5.43706422e-06 
 1.16408980e-07  1.40629758e-06  1.16408980e-07  6.04052178e-06 
 1.16458980e-07 -1.26395750e-06  1.16458980e-07 -6.59472673e-06 
 1.16508980e-07  1.36462536e-06  1.16508980e-07  7.17376495e-06 
 1.16558980e-07 -1.22284259e-06  1.16558980e-07 -7.70414814e-06 
 1.16608980e-07  1.32401560e-06  1.16608980e-07  8.25968574e-06 
 1.16658980e-07 -1.18277860e-06  1.16658980e-07 -8.76713963e-06 
 1.16708980e-07  1.28444724e-06  1.16708980e-07  9.30005709e-06 
 1.16758980e-07 -1.14374411e-06  1.16758980e-07 -9.78543742e-06 
 1.16808980e-07  1.24589845e-06  1.16808980e-07  1.02965790e-05 
 1.16858980e-07 -1.10571713e-06  1.16858980e-07 -1.07607067e-05 
 1.16908980e-07  1.20834700e-06  1.16908980e-07  1.12508822e-05 
 1.16958980e-07 -1.06867539e-06  1.16958980e-07 -1.16945451e-05 
 1.17008980e-07  1.17177049e-06  1.17008980e-07  1.21645317e-05 
 1.17058980e-07 -1.03259643e-06  1.17058980e-07 -1.25884863e-05 
 1.17108980e-07  1.13614637e-06  1.17108980e-07  1.30390299e-05 
 1.17158980e-07 -9.97457796e-07  1.17158980e-07 -1.34440025e-05 
 1.17208980e-07  1.10145218e-06  1.17208980e-07  1.38758196e-05 
 1.17258980e-07 -9.63237146e-07  1.17258980e-07 -1.42625079e-05 
 1.17308980e-07  1.06766560e-06  1.17308980e-07  1.46762867e-05 
 1.17358980e-07 -9.29912285e-07  1.17358980e-07 -1.50453613e-05 
 1.17408980e-07  1.03476454e-06  1.17408980e-07  1.54417629e-05 
 1.17458980e-07 -8.97461351e-07  1.17458980e-07 -1.57938684e-05 
 1.17508980e-07  1.00272721e-06  1.17508980e-07  1.61735283e-05 
 1.17558980e-07 -8.65862676e-07  1.17558980e-07 -1.65092842e-05 
 1.17608980e-07  9.71532118e-07  1.17608980e-07  1.68728135e-05 
 1.17658980e-07 -8.35095049e-07  1.17658980e-07 -1.71928158e-05 
 1.17708980e-07  9.41158171e-07  1.17708980e-07  1.75408019e-05 
 1.17758980e-07 -8.05137562e-07  1.17758980e-07 -1.78456237e-05 
 1.17808980e-07  9.11584655e-07  1.17808980e-07  1.81786318e-05 
 1.17858980e-07 -7.75969761e-07  1.17858980e-07 -1.84688246e-05 
 1.17908980e-07  8.82791269e-07  1.17908980e-07  1.87873983e-05 
 1.17958980e-07 -7.47571574e-07  1.17958980e-07 -1.90634927e-05 
 1.18008980e-07  8.54758131e-07  1.18008980e-07  1.93681552e-05 
 1.18058980e-07 -7.19923380e-07  1.18058980e-07 -1.96306619e-05 
 1.18108980e-07  8.27465835e-07  1.18108980e-07  1.99219166e-05 
 1.18158980e-07 -6.93005995e-07  1.18158980e-07 -2.01713272e-05 
 1.18208980e-07  8.00895365e-07  1.18208980e-07  2.04496588e-05 
 1.18258980e-07 -6.66800653e-07  1.18258980e-07 -2.06864467e-05 
 1.18308980e-07  7.75028160e-07  1.18308980e-07  2.09523219e-05 
 1.18358980e-07 -6.41289046e-07  1.18358980e-07 -2.11769428e-05 
 1.18408980e-07  7.49846105e-07  1.18408980e-07  2.14308109e-05 
 1.18458980e-07 -6.16453293e-07  1.18458980e-07 -2.16437039e-05 
 1.18508980e-07  7.25331533e-07  1.18508980e-07  2.18859976e-05 
 1.18558980e-07 -5.92275976e-07  1.18558980e-07 -2.20875855e-05 
 1.18608980e-07  7.01467221e-07  1.18608980e-07  2.23187217e-05 
 1.18658980e-07 -5.68740090e-07  1.18658980e-07 -2.25094119e-05 
 1.18708980e-07  6.78236344e-07  1.18708980e-07  2.27297921e-05 
 1.18758980e-07 -5.45829042e-07  1.18758980e-07 -2.29099771e-05 
 1.18808980e-07  6.55622510e-07  1.18808980e-07  2.31199884e-05 
 1.18858980e-07 -5.23526678e-07  1.18858980e-07 -2.32900465e-05 
 1.18908980e-07  6.33609758e-07  1.18908980e-07  2.34900617e-05 
 1.18958980e-07 -5.01817240e-07  1.18958980e-07 -2.36503573e-05 
 1.19008980e-07  6.12182522e-07  1.19008980e-07  2.38407358e-05 
 1.19058980e-07 -4.80685397e-07  1.19058980e-07 -2.39916205e-05 
 1.19108980e-07  5.91325636e-07  1.19108980e-07  2.41727087e-05 
 1.19158980e-07 -4.60116165e-07  1.19158980e-07 -2.43145211e-05 
 1.19208980e-07  5.71024316e-07  1.19208980e-07  2.44866529e-05 
 1.19258980e-07 -4.40095007e-07  1.19258980e-07 -2.46197197e-05 
 1.19308980e-07  5.51264195e-07  1.19308980e-07  2.47832171e-05 
 1.19358980e-07 -4.20607701e-07  1.19358980e-07 -2.49078532e-05 
 1.19408980e-07  5.32031226e-07  1.19408980e-07  2.50630266e-05 
 1.19458980e-07 -4.01640460e-07  1.19458980e-07 -2.51795356e-05 
 1.19508980e-07  5.13311811e-07  1.19508980e-07  2.53266845e-05 
 1.19558980e-07 -3.83179828e-07  1.19558980e-07 -2.54353593e-05 
 1.19608980e-07  4.95092615e-07  1.19608980e-07  2.55747723e-05 
 1.19658980e-07 -3.65212684e-07  1.19658980e-07 -2.56758953e-05 
 1.19708980e-07  4.77360717e-07  1.19708980e-07  2.58078510e-05 
 1.19758980e-07 -3.47726243e-07  1.19758980e-07 -2.59016948e-05 
 1.19808980e-07  4.60103468e-07  1.19808980e-07  2.60264617e-05 
 1.19858980e-07 -3.30708090e-07  1.19858980e-07 -2.61132891e-05 
 1.19908980e-07  4.43308632e-07  1.19908980e-07  2.62311265e-05 
 1.19954490e-07 -3.13340472e-07  1.19954490e-07 -2.63206112e-05 
 1.20000000e-07  4.25376018e-07  1.20000000e-07  2.64405103e-05 
 1.20005000e-07  1.75377030e-05  1.20005000e-07  2.19354074e-04 
 1.20015000e-07 -7.96968850e-06  1.20015000e-07  1.26343111e-05 
 1.20035000e-07 -9.70120755e-06  1.20035000e-07 -8.49102099e-05 
 1.20075000e-07  1.02693177e-05  1.20075000e-07 -6.45626636e-05 
 1.20125000e-07 -4.12472153e-05  1.20125000e-07 -1.29568652e-04 
 1.20162500e-07 -7.33619294e-05  1.20162500e-07 -3.61522415e-04 
 1.20200000e-07  5.81921598e-04  1.20200000e-07  3.48088818e-04 
 1.20205000e-07  3.42259399e-04  1.20205000e-07  1.98067620e-04 
 1.20215000e-07 -3.91782138e-04  1.20215000e-07  4.48519239e-04 
 1.20235000e-07 -3.96559858e-04  1.20235000e-07  1.04089949e-03 
 1.20275000e-07  3.16033517e-04  1.20275000e-07  1.30525907e-03 
 1.20317481e-07 -2.05287465e-04  1.20317481e-07 -2.48873720e-03 
 1.20362355e-07  1.37450232e-04  1.20362355e-07  6.21996555e-04 
 1.20412355e-07 -9.85524474e-05  1.20412355e-07 -9.58929542e-05 
 1.20462355e-07  7.30277373e-05  1.20462355e-07  1.76882751e-04 
 1.20512355e-07 -5.52262327e-05  1.20512355e-07 -9.29325443e-05 
 1.20562355e-07  4.28123548e-05  1.20562355e-07  4.74675989e-05 
 1.20612355e-07 -3.35185227e-05  1.20612355e-07 -7.43429090e-06 
 1.20662355e-07  2.67996773e-05  1.20662355e-07 -2.15090334e-05 
 1.20712355e-07 -2.14836127e-05  1.20712355e-07  4.36615205e-05 
 1.20762355e-07  1.75938697e-05  1.20762355e-07 -6.03402723e-05 
 1.20812355e-07 -1.43531565e-05  1.20812355e-07  7.30418820e-05 
 1.20862355e-07  1.20053698e-05  1.20862355e-07 -8.26061392e-05 
 1.20912355e-07 -9.91734266e-06  1.20912355e-07  8.98173063e-05 
 1.20962355e-07  8.44701229e-06  1.20962355e-07 -9.50781006e-05 
 1.21012355e-07 -7.02892900e-06  1.21012355e-07  9.88826844e-05 
 1.21062355e-07  6.07755421e-06  1.21062355e-07 -1.01420305e-04 
 1.21112355e-07 -5.06349174e-06  1.21112355e-07  1.03036447e-04 
 1.21162355e-07  4.43086097e-06  1.21162355e-07 -1.03811211e-04 
 1.21212355e-07 -3.67001090e-06  1.21212355e-07  1.04005608e-04 
 1.21262355e-07  3.24113506e-06  1.21262355e-07 -1.03638187e-04 
 1.21312355e-07 -2.64558234e-06  1.21312355e-07  1.02916273e-04 
 1.21362355e-07  2.35247397e-06  1.21362355e-07 -1.01821246e-04 
 1.21412355e-07 -1.86938752e-06  1.21412355e-07  1.00523627e-04 
 1.21462355e-07  1.67052193e-06  1.21462355e-07 -9.89815157e-05 
 1.21512355e-07 -1.26705004e-06  1.21512355e-07  9.73390854e-05 
 1.21562355e-07  1.13613517e-06  1.21562355e-07 -9.55397306e-05 
 1.21612355e-07 -7.91074040e-07  1.21612355e-07  9.37083310e-05 
 1.21662355e-07  7.10812196e-07  1.21662355e-07 -9.17791215e-05 
 1.21712355e-07 -4.09936090e-07  1.21712355e-07  8.98626881e-05 
 1.21762355e-07  3.68498382e-07  1.21762355e-07 -8.78877760e-05 
 1.21812355e-07 -1.01893624e-07  1.21812355e-07  8.59543047e-05 
 1.21862355e-07  9.08868082e-08  1.21862355e-07 -8.39879694e-05 
 1.21912355e-07  1.48603509e-07  1.21912355e-07  8.20806854e-05 
 1.21956178e-07 -1.49649928e-07  1.21956178e-07 -7.98907089e-05 
 1.22000000e-07  3.78739520e-07  1.22000000e-07  7.77792384e-05 
 1.22005000e-07 -1.00894911e-07  1.22005000e-07  4.78295973e-06 
 1.22015000e-07  1.06559290e-07  1.22015000e-07 -4.78972528e-06 
 1.22035000e-07  5.10214834e-08  1.22035000e-07  4.43958450e-06 
 1.22075000e-07  6.39628550e-08  1.22075000e-07 -4.13541226e-06 
 1.22125000e-07  5.38355661e-08  1.22125000e-07  3.96632507e-06 
 1.22162500e-07  7.29791241e-08  1.22162500e-07 -3.80920742e-06 
 1.22200000e-07  2.92074180e-07  1.22200000e-07  3.82890972e-06 
 1.22205000e-07  1.35025398e-08  1.22205000e-07  1.55215424e-06 
 1.22215000e-07 -1.57430304e-06  1.22215000e-07 -3.26028816e-07 
 1.22235000e-07 -2.45261871e-07  1.22235000e-07 -5.53341367e-07 
 1.22275000e-07  2.90618361e-06  1.22275000e-07  1.29338445e-06 
 1.22317182e-07 -4.77285556e-06  1.22317182e-07 -6.15685346e-06 
 1.22363266e-07  5.55260714e-06  1.22363266e-07  1.10922808e-05 
 1.22413266e-07 -5.16077391e-06  1.22413266e-07 -1.01227441e-05 
 1.22463266e-07  4.54102858e-06  1.22463266e-07  5.94013684e-06 
 1.22513266e-07 -3.51018326e-06  1.22513266e-07 -3.08807656e-06 
 1.22563266e-07  2.73460388e-06  1.22563266e-07  1.86244202e-06 
 1.22613266e-07 -1.82167394e-06  1.22613266e-07 -1.13845690e-06 
 1.22663266e-07  1.28538338e-06  1.22663266e-07  6.58427291e-07 
 1.22713266e-07 -6.42526074e-07  1.22713266e-07 -2.46931876e-07 
 1.22763266e-07  3.60759781e-07  1.22763266e-07 -6.55531178e-08 
 1.22813266e-07  6.21297477e-08  1.22813266e-07  3.56057646e-07 
 1.22863266e-07 -1.63122850e-07  1.22863266e-07 -5.68405220e-07 
 1.22913266e-07  4.42074247e-07  1.22913266e-07  7.72949957e-07 
 1.22963266e-07 -4.30835954e-07  1.22963266e-07 -9.11262720e-07 
 1.23013266e-07  6.23639859e-07  1.23013266e-07  1.05239533e-06 
 1.23063266e-07 -5.47079768e-07  1.23063266e-07 -1.13674998e-06 
 1.23113266e-07  6.90898910e-07  1.23113266e-07  1.23225761e-06 
 1.23163266e-07 -5.78021976e-07  1.23163266e-07 -1.27820857e-06 
 1.23213266e-07  6.95257267e-07  1.23213266e-07  1.34152892e-06 
 1.23263266e-07 -5.63236144e-07  1.23263266e-07 -1.36060600e-06 
 1.23313266e-07  6.66975799e-07  1.23313266e-07  1.40157455e-06 
 1.23363266e-07 -5.25733658e-07  1.23363266e-07 -1.40213000e-06 
 1.23413266e-07  6.23464306e-07  1.23413266e-07  1.42780956e-06 
 1.23463266e-07 -4.78616959e-07  1.23463266e-07 -1.41579435e-06 
 1.23513266e-07  5.74523977e-07  1.23513266e-07  1.43118165e-06 
 1.23563266e-07 -4.29163529e-07  1.23563266e-07 -1.41077807e-06 
 1.23613266e-07  5.25506532e-07  1.23613266e-07  1.41936278e-06 
 1.23663266e-07 -3.81258777e-07  1.23663266e-07 -1.39347430e-06 
 1.23713266e-07  4.79182838e-07  1.23713266e-07  1.39766510e-06 
 1.23763266e-07 -3.36828619e-07  1.23763266e-07 -1.36828429e-06 
 1.23813266e-07  4.36840242e-07  1.23813266e-07  1.36972494e-06 
 1.23863266e-07 -2.96679972e-07  1.23863266e-07 -1.33820401e-06 
 1.23913266e-07  3.98926092e-07  1.23913266e-07  1.33800372e-06 
 1.23963266e-07 -2.60993231e-07  1.23963266e-07 -1.30524993e-06 
 1.24013266e-07  3.65424691e-07  1.24013266e-07  1.30414868e-06 
 1.24063266e-07 -2.29610830e-07  1.24063266e-07 -1.27076380e-06 
 1.24113266e-07  3.36077900e-07  1.24113266e-07  1.26924946e-06 
 1.24163266e-07 -2.02205567e-07  1.24163266e-07 -1.23562776e-06 
 1.24213266e-07  3.10513446e-07  1.24213266e-07  1.23401800e-06 
 1.24263266e-07 -1.78378264e-07  1.24263266e-07 -1.20041458e-06 
 1.24313266e-07  2.88318839e-07  1.24313266e-07  1.19891359e-06 
 1.24363266e-07 -1.57713210e-07  1.24363266e-07 -1.16549125e-06 
 1.24413266e-07  2.69082656e-07  1.24413266e-07  1.16422840e-06 
 1.24463266e-07 -1.39808823e-07  1.24463266e-07 -1.13108963e-06 
 1.24513266e-07  2.52416963e-07  1.24513266e-07  1.13014578e-06 
 1.24563266e-07 -1.24293334e-07  1.24563266e-07 -1.09735399e-06 
 1.24613266e-07  2.37967871e-07  1.24613266e-07  1.09677872e-06 
 1.24663266e-07 -1.10831767e-07  1.24663266e-07 -1.06437253e-06 
 1.24713266e-07  2.25419740e-07  1.24713266e-07  1.06419572e-06 
 1.24763266e-07 -9.91278066e-08  1.24763266e-07 -1.03219802e-06 
 1.24813266e-07  2.14495270e-07  1.24813266e-07  1.03243711e-06 
 1.24863266e-07 -8.89227147e-08  1.24863266e-07 -1.00086102e-06 
 1.24913266e-07  2.04953648e-07  1.24913266e-07  1.00152570e-06 
 1.24963266e-07 -7.99927937e-08  1.24963266e-07 -9.70378206e-07 
 1.25013266e-07  1.96587461e-07  1.25013266e-07  9.71473310e-07 
 1.25063266e-07 -7.21460140e-08  1.25063266e-07 -9.40757485e-07 
 1.25113266e-07  1.89219175e-07  1.25113266e-07  9.42284757e-07 
 1.25163266e-07 -6.52185435e-08  1.25163266e-07 -9.12001179e-07 
 1.25213266e-07  1.82697735e-07  1.25213266e-07  9.13960192e-07 
 1.25263266e-07 -5.90711673e-08  1.25263266e-07 -8.84107626e-07 
 1.25313266e-07  1.76894986e-07  1.25313266e-07  8.86496451e-07 
 1.25363266e-07 -5.35860211e-08  1.25363266e-07 -8.57072341e-07 
 1.25413266e-07  1.71702627e-07  1.25413266e-07  8.59887860e-07 
 1.25463266e-07 -4.86636731e-08  1.25463266e-07 -8.30888521e-07 
 1.25513266e-07  1.67029336e-07  1.25513266e-07  8.34126534e-07 
 1.25563266e-07 -4.42202833e-08  1.25563266e-07 -8.05547351e-07 
 1.25613266e-07  1.62798262e-07  1.25613266e-07  8.09202828e-07 
 1.25663266e-07 -4.01853996e-08  1.25663266e-07 -7.81038246e-07 
 1.25713266e-07  1.58944792e-07  1.25713266e-07  7.85105227e-07 
 1.25763266e-07 -3.64998380e-08  1.25763266e-07 -7.57348956e-07 
 1.25813266e-07  1.55414716e-07  1.25813266e-07  7.61820726e-07 
 1.25863266e-07 -3.31138952e-08  1.25863266e-07 -7.34465636e-07 
 1.25913266e-07  1.52162507e-07  1.25913266e-07  7.39334803e-07 
 1.25963266e-07 -2.99858905e-08  1.25963266e-07 -7.12373187e-07 
 1.26013266e-07  1.49149965e-07  1.26013266e-07  7.17631627e-07 
 1.26063266e-07 -2.70808360e-08  1.26063266e-07 -6.91055077e-07 
 1.26113266e-07  1.46345062e-07  1.26113266e-07  6.96694171e-07 
 1.26163266e-07 -2.43693787e-08  1.26163266e-07 -6.70493761e-07 
 1.26213266e-07  1.43720886e-07  1.26213266e-07  6.76504363e-07 
 1.26263266e-07 -2.18268371e-08  1.26263266e-07 -6.50670772e-07 
 1.26313266e-07  1.41254788e-07  1.26313266e-07  6.57043343e-07 
 1.26363266e-07 -1.94324490e-08  1.26363266e-07 -6.31566820e-07 
 1.26413266e-07  1.38927757e-07  1.26413266e-07  6.38291461e-07 
 1.26463266e-07 -1.71687655e-08  1.26463266e-07 -6.13162014e-07 
 1.26513266e-07  1.36723735e-07  1.26513266e-07  6.20228624e-07 
 1.26563266e-07 -1.50210609e-08  1.26563266e-07 -5.95436019e-07 
 1.26613266e-07  1.34629220e-07  1.26613266e-07  6.02834285e-07 
 1.26663266e-07 -1.29768548e-08  1.26663266e-07 -5.78368162e-07 
 1.26713266e-07  1.32632699e-07  1.26713266e-07  5.86087684e-07 
 1.26763266e-07 -1.10255881e-08  1.26763266e-07 -5.61937608e-07 
 1.26813266e-07  1.30724439e-07  1.26813266e-07  5.69967904e-07 
 1.26863266e-07 -9.15828760e-09  1.26863266e-07 -5.46123403e-07 
 1.26913266e-07  1.28896188e-07  1.26913266e-07  5.54454089e-07 
 1.26963266e-07 -7.36733281e-09  1.26963266e-07 -5.30904789e-07 
 1.27013266e-07  1.27140879e-07  1.27013266e-07  5.39525477e-07 
 1.27063266e-07 -5.64614029e-09  1.27063266e-07 -5.16261015e-07 
 1.27113266e-07  1.25452408e-07  1.27113266e-07  5.25161395e-07 
 1.27163266e-07 -3.98911155e-09  1.27163266e-07 -5.02171579e-07 
 1.27213266e-07  1.23825609e-07  1.27213266e-07  5.11341573e-07 
 1.27263266e-07 -2.39141733e-09  1.27263266e-07 -4.88616397e-07 
 1.27313266e-07  1.22255954e-07  1.27313266e-07  4.98046045e-07 
 1.27363266e-07 -8.48825378e-10  1.27363266e-07 -4.75575600e-07 
 1.27413266e-07  1.20739520e-07  1.27413266e-07  4.85255137e-07 
 1.27463266e-07  6.42302732e-10  1.27463266e-07 -4.63029825e-07 
 1.27513266e-07  1.19272892e-07  1.27513266e-07  4.72949741e-07 
 1.27563266e-07  2.08517049e-09  1.27563266e-07 -4.50960111e-07 
 1.27613266e-07  1.17853082e-07  1.27613266e-07  4.61111107e-07 
 1.27663266e-07  3.48257182e-09  1.27663266e-07 -4.39348002e-07 
 1.27713266e-07  1.16477464e-07  1.27713266e-07  4.49721023e-07 
 1.27763266e-07  4.83700553e-09  1.27763266e-07 -4.28175550e-07 
 1.27813266e-07  1.15143654e-07  1.27813266e-07  4.38761813e-07 
 1.27863266e-07  6.15069404e-09  1.27863266e-07 -4.17425281e-07 
 1.27913266e-07  1.13849602e-07  1.27913266e-07  4.28216283e-07 
 1.27963266e-07  7.42559732e-09  1.27963266e-07 -4.07080347e-07 
 1.28013266e-07  1.12593400e-07  1.28013266e-07  4.18067807e-07 
 1.28063266e-07  8.66349970e-09  1.28063266e-07 -3.97124325e-07 
 1.28113266e-07  1.11373386e-07  1.28113266e-07  4.08300308e-07 
 1.28163266e-07  9.86601102e-09  1.28163266e-07 -3.87541436e-07 
 1.28213266e-07  1.10187992e-07  1.28213266e-07  3.98898202e-07 
 1.28263266e-07  1.10346345e-08  1.28263266e-07 -3.78316357e-07 
 1.28313266e-07  1.09035834e-07  1.28313266e-07  3.89846479e-07 
 1.28363266e-07  1.21706484e-08  1.28363266e-07 -3.69434374e-07 
 1.28413266e-07  1.07915640e-07  1.28413266e-07  3.81130653e-07 
 1.28463266e-07  1.32753115e-08  1.28463266e-07 -3.60881241e-07 
 1.28513266e-07  1.06826219e-07  1.28513266e-07  3.72736800e-07 
 1.28563266e-07  1.43497601e-08  1.28563266e-07 -3.52643306e-07 
 1.28613266e-07  1.05766478e-07  1.28613266e-07  3.64651447e-07 
 1.28663266e-07  1.53950502e-08  1.28663266e-07 -3.44707325e-07 
 1.28713266e-07  1.04735397e-07  1.28713266e-07  3.56861689e-07 
 1.28763266e-07  1.64121674e-08  1.28763266e-07 -3.37060658e-07 
 1.28813266e-07  1.03732009e-07  1.28813266e-07  3.49355066e-07 
 1.28863266e-07  1.74020365e-08  1.28863266e-07 -3.29691115e-07 
 1.28913266e-07  1.02755437e-07  1.28913266e-07  3.42119667e-07 
 1.28963266e-07  1.83655198e-08  1.28963266e-07 -3.22586979e-07 
 1.29013266e-07  1.01804838e-07  1.29013266e-07  3.35143981e-07 
 1.29063266e-07  1.93034378e-08  1.29063266e-07 -3.15736973e-07 
 1.29113266e-07  1.00879400e-07  1.29113266e-07  3.28416965e-07 
 1.29163266e-07  2.02165761e-08  1.29163266e-07 -3.09130328e-07 
 1.29213266e-07  9.99783850e-08  1.29213266e-07  3.21928088e-07 
 1.29263266e-07  2.11056501e-08  1.29263266e-07 -3.02756687e-07 
 1.29313266e-07  9.91010673e-08  1.29313266e-07  3.15667188e-07 
 1.29363266e-07  2.19713848e-08  1.29363266e-07 -2.96606098e-07 
 1.29413266e-07  9.82467607e-08  1.29413266e-07  3.09624518e-07 
 1.29463266e-07  2.28144218e-08  1.29463266e-07 -2.90669009e-07 
 1.29513266e-07  9.74148185e-08  1.29513266e-07  3.03790732e-07 
 1.29563266e-07  2.36354181e-08  1.29563266e-07 -2.84936293e-07 
 1.29613266e-07  9.66046109e-08  1.29613266e-07  2.98156907e-07 
 1.29663266e-07  2.44350037e-08  1.29663266e-07 -2.79399204e-07 
 1.29713266e-07  9.58155144e-08  1.29713266e-07  2.92714429e-07 
 1.29763266e-07  2.52137467e-08  1.29763266e-07 -2.74049319e-07 
 1.29813266e-07  9.50469742e-08  1.29813266e-07  2.87455151e-07 
 1.29863266e-07  2.59722109e-08  1.29863266e-07 -2.68878646e-07 
 1.29913266e-07  9.42984487e-08  1.29913266e-07  2.82371151e-07 
 1.29956633e-07  2.67666443e-08  1.29956633e-07 -2.63503962e-07 
 1.30000000e-07  9.34595348e-08  1.30000000e-07  2.76717270e-07 
 1.30005000e-07 -9.22281757e-06  1.30005000e-07 -7.57602665e-05 
 1.30015000e-07  9.01229698e-06  1.30015000e-07  1.78219293e-05 
 1.30035000e-07  7.44844014e-07  1.30035000e-07  2.36312419e-05 
 1.30075000e-07 -3.79085703e-06  1.30075000e-07  9.73842410e-06 
 1.30125000e-07  2.23850764e-05  1.30125000e-07  1.42527188e-04 
 1.30162500e-07  2.93924432e-06  1.30162500e-07  1.31000304e-04 
 1.30200000e-07 -2.95274400e-04  1.30200000e-07 -1.77841965e-04 
 1.30205000e-07 -2.76110135e-04  1.30205000e-07 -4.12457288e-04 
 1.30215000e-07  1.19041417e-04  1.30215000e-07 -8.49820897e-04 
 1.30235000e-07  5.61201931e-04  1.30235000e-07 -1.14628423e-03 
 1.30271745e-07 -4.51612208e-04  1.30271745e-07  1.37591994e-04 
 1.30313402e-07  2.66067532e-04  1.30313402e-07  1.21534329e-03 
 1.30358184e-07 -1.31064226e-04  1.30358184e-07 -1.05144506e-04 
 1.30408184e-07  4.91961466e-05  1.30408184e-07 -2.83444781e-04 
 1.30458184e-07  6.13849047e-06  1.30458184e-07  1.23078777e-04 
 1.30508184e-07 -4.22441256e-05  1.30508184e-07 -1.54662025e-04 
 1.30558184e-07  6.53649455e-05  1.30558184e-07  1.59900989e-04 
 1.30608184e-07 -7.91941412e-05  1.30608184e-07 -1.75840191e-04 
 1.30658184e-07  8.68138577e-05  1.30658184e-07  1.86912504e-04 
 1.30708184e-07 -8.97906471e-05  1.30708184e-07 -1.96438854e-04 
 1.30758184e-07  8.98908513e-05  1.30758184e-07  2.03503289e-04 
 1.30808184e-07 -8.75616382e-05  1.30808184e-07 -2.08574846e-04 
 1.30858184e-07  8.41229269e-05  1.30858184e-07  2.12017722e-04 
 1.30908184e-07 -7.94881460e-05  1.30908184e-07 -2.13937411e-04 
 1.30958184e-07  7.45706528e-05  1.30958184e-07  2.14685897e-04 
 1.31008184e-07 -6.91423150e-05  1.31008184e-07 -2.14346243e-04 
 1.31058184e-07  6.38875204e-05  1.31058184e-07  2.13239917e-04 
 1.31108184e-07 -5.84637338e-05  1.31108184e-07 -2.11342409e-04 
 1.31158184e-07  5.34381433e-05  1.31158184e-07  2.08947260e-04 
 1.31208184e-07 -4.84089976e-05  1.31208184e-07 -2.06002706e-04 
 1.31258184e-07  4.38795692e-05  1.31258184e-07  2.02754747e-04 
 1.31308184e-07 -3.94101650e-05  1.31308184e-07 -1.99134420e-04 
 1.31358184e-07  3.54736742e-05  1.31358184e-07  1.95351057e-04 
 1.31408184e-07 -3.16063569e-05  1.31408184e-07 -1.91324663e-04 
 1.31458184e-07  2.82683474e-05  1.31458184e-07  1.87235026e-04 
 1.31508184e-07 -2.49811692e-05  1.31508184e-07 -1.82995929e-04 
 1.31558184e-07  2.22012115e-05  1.31558184e-07  1.78763338e-04 
 1.31608184e-07 -1.94414408e-05  1.31608184e-07 -1.74448119e-04 
 1.31658184e-07  1.71588763e-05  1.31658184e-07  1.70187079e-04 
 1.31708184e-07 -1.48619392e-05  1.31708184e-07 -1.65890353e-04 
 1.31758184e-07  1.30102016e-05  1.31758184e-07  1.61679385e-04 
 1.31808184e-07 -1.11100659e-05  1.31808184e-07 -1.57464977e-04 
 1.31858184e-07  9.62431495e-06  1.31858184e-07  1.53356278e-04 
 1.31908184e-07 -8.05886280e-06  1.31908184e-07 -1.49265608e-04 
 1.31958184e-07  6.87973288e-06  1.31958184e-07  1.45292297e-04 
 1.32008184e-07 -5.59322714e-06  1.32008184e-07 -1.41350651e-04 
 1.32058184e-07  4.66835251e-06  1.32058184e-07  1.37532170e-04 
 1.32108184e-07 -3.61225603e-06  1.32108184e-07 -1.33753361e-04 
 1.32158184e-07  2.89656105e-06  1.32158184e-07  1.30099487e-04 
 1.32208184e-07 -2.02945686e-06  1.32208184e-07 -1.26489302e-04 
 1.32258184e-07  1.48479542e-06  1.32258184e-07  1.23003106e-04 
 1.32308184e-07 -7.71850331e-07  1.32308184e-07 -1.19561835e-04 
 1.32358184e-07  3.66336552e-07  1.32358184e-07  1.16241845e-04 
 1.32408184e-07  2.21433337e-07  1.32408184e-07 -1.12966123e-04 
 1.32458184e-07 -5.14207230e-07  1.32458184e-07  1.09807895e-04 
 1.32508184e-07  1.00072342e-06  1.32508184e-07 -1.06692032e-04 
 1.32558184e-07 -1.20247341e-06  1.32558184e-07  1.03689279e-04 
 1.32608184e-07  1.60735457e-06  1.32608184e-07 -1.00726204e-04 
 1.32658184e-07 -1.73583913e-06  1.32658184e-07  9.78715940e-05 
 1.32708184e-07  2.07509464e-06  1.32708184e-07 -9.50535226e-05 
 1.32758184e-07 -2.14477140e-06  1.32758184e-07  9.23392354e-05 
 1.32808184e-07  2.43141261e-06  1.32808184e-07 -8.96581270e-05 
 1.32858184e-07 -2.45400931e-06  1.32858184e-07  8.70762347e-05 
 1.32908184e-07  2.69857603e-06  1.32908184e-07 -8.45240996e-05 
 1.32958184e-07 -2.68357765e-06  1.32958184e-07  8.20668179e-05 
 1.33008184e-07  2.89458413e-06  1.33008184e-07 -7.96359158e-05 
 1.33058184e-07 -2.84964252e-06  1.33058184e-07  7.72957631e-05 
 1.33108184e-07  3.03395074e-06  1.33108184e-07 -7.49787241e-05 
 1.33158184e-07 -2.96522570e-06  1.33158184e-07  7.27486152e-05 
 1.33208184e-07  3.12835488e-06  1.33208184e-07 -7.05385065e-05 
 1.33258184e-07 -3.04079592e-06  1.33258184e-07  6.84118002e-05 
 1.33308184e-07  3.18717756e-06  1.33308184e-07 -6.63021553e-05 
 1.33358184e-07 -3.08475506e-06  1.33358184e-07  6.42726714e-05 
 1.33408184e-07  3.21794158e-06  1.33408184e-07 -6.22574930e-05 
 1.33458184e-07 -3.10383574e-06  1.33458184e-07  6.03195081e-05 
 1.33508184e-07  3.22667077e-06  1.33508184e-07 -5.83932561e-05 
 1.33558184e-07 -3.10342523e-06  1.33558184e-07  5.65414860e-05 
 1.33608184e-07  3.21818191e-06  1.33608184e-07 -5.46990542e-05 
 1.33658184e-07 -3.08782840e-06  1.33658184e-07  5.29286290e-05 
 1.33708184e-07  3.19632133e-06  1.33708184e-07 -5.11653162e-05 
 1.33758184e-07 -3.06048051e-06  1.33758184e-07  4.94717507e-05 
 1.33808184e-07  3.16415627e-06  1.33808184e-07 -4.77832294e-05 
 1.33858184e-07 -3.02411908e-06  1.33858184e-07  4.61623921e-05 
 1.33908184e-07  3.12412925e-06  1.33908184e-07 -4.45446770e-05 
 1.33958184e-07 -2.98092245e-06  1.33958184e-07  4.29927589e-05 
 1.34008184e-07  3.07818236e-06  1.34008184e-07 -4.14421754e-05 
 1.34058184e-07 -2.93262127e-06  1.34058184e-07  3.99556602e-05 
 1.34108184e-07  3.02785721e-06  1.34108184e-07 -3.84688151e-05 
 1.34158184e-07 -2.88058810e-06  1.34158184e-07  3.70444511e-05 
 1.34208184e-07  2.97437532e-06  1.34208184e-07 -3.56182049e-05 
 1.34258184e-07 -2.82590939e-06  1.34258184e-07  3.42529795e-05 
 1.34308184e-07  2.91870240e-06  1.34308184e-07 -3.28844214e-05 
 1.34358184e-07 -2.76944298e-06  1.34358184e-07  3.15755369e-05 
 1.34408184e-07  2.86160004e-06  1.34408184e-07 -3.02619620e-05 
 1.34458184e-07 -2.71186447e-06  1.34458184e-07  2.90068145e-05 
 1.34508184e-07  2.80366705e-06  1.34508184e-07 -2.77457036e-05 
 1.34558184e-07 -2.65370415e-06  1.34558184e-07  2.65418640e-05 
 1.34608184e-07  2.74537255e-06  1.34608184e-07 -2.53308647e-05 
 1.34658184e-07 -2.59537652e-06  1.34658184e-07  2.41760614e-05 
 1.34708184e-07  2.68708236e-06  1.34708184e-07 -2.30129724e-05 
 1.34758184e-07 -2.53720403e-06  1.34758184e-07  2.19050764e-05 
 1.34808184e-07  2.62908023e-06  1.34808184e-07 -2.07878329e-05 
 1.34858184e-07 -2.47943589e-06  1.34858184e-07  1.97248442e-05 
 1.34908184e-07  2.57158461e-06  1.34908184e-07 -1.86515049e-05 
 1.34958184e-07 -2.42226320e-06  1.34958184e-07  1.76315409e-05 
 1.35008184e-07  2.51476221e-06  1.35008184e-07 -1.66002771e-05 
 1.35058184e-07 -2.36583095e-06  1.35058184e-07  1.56215618e-05 
 1.35108184e-07  2.45873870e-06  1.35108184e-07 -1.46306472e-05 
 1.35158184e-07 -2.31024763e-06  1.35158184e-07  1.36915021e-05 
 1.35208184e-07  2.40360729e-06  1.35208184e-07 -1.27393042e-05 
 1.35258184e-07 -2.25559290e-06  1.35258184e-07  1.18381402e-05 
 1.35308184e-07  2.34943556e-06  1.35308184e-07 -1.09231124e-05 
 1.35358184e-07 -2.20192357e-06  1.35358184e-07  1.00584223e-05 
 1.35408184e-07  2.29627083e-06  1.35408184e-07 -9.17909707e-06 
 1.35458184e-07 -2.14927862e-06  1.35458184e-07  8.34944949e-06 
 1.35508184e-07  2.24414458e-06  1.35508184e-07 -7.50443210e-06 
 1.35558184e-07 -2.09768289e-06  1.35558184e-07  6.70846550e-06 
 1.35608184e-07  2.19307583e-06  1.35608184e-07 -5.89642886e-06 
 1.35658184e-07 -2.04715025e-06  1.35658184e-07  5.13284659e-06 
 1.35708184e-07  2.14307387e-06  1.35708184e-07 -4.35252622e-06 
 1.35758184e-07 -1.99768596e-06  1.35758184e-07  3.62009196e-06 
 1.35808184e-07  2.09414042e-06  1.35808184e-07 -2.87028171e-06 
 1.35858184e-07 -1.94928865e-06  1.35858184e-07  2.16781535e-06 
 1.35908184e-07  2.04627137e-06  1.35908184e-07 -1.44736358e-06 
 1.35958184e-07 -1.90195182e-06  1.35958184e-07  7.73737652e-07 
 1.36008184e-07  1.99945815e-06  1.36008184e-07 -8.15436198e-08 
 1.36058184e-07 -1.85566511e-06  1.36058184e-07 -5.64320055e-07 
 1.36108184e-07  1.95368880e-06  1.36108184e-07  1.22930924e-06 
 1.36158184e-07 -1.81041514e-06  1.36158184e-07 -1.84844252e-06 
 1.36208184e-07  1.90894870e-06  1.36208184e-07  2.48723482e-06 
 1.36258184e-07 -1.76618630e-06  1.36258184e-07 -3.08062600e-06 
 1.36308184e-07  1.86522146e-06  1.36308184e-07  3.69418705e-06 
 1.36358184e-07 -1.72296149e-06  1.36358184e-07 -4.26278319e-06 
 1.36408184e-07  1.82248928e-06  1.36408184e-07  4.85203860e-06 
 1.36458184e-07 -1.68072237e-06  1.36458184e-07 -5.39674800e-06 
 1.36508184e-07  1.78073344e-06  1.36508184e-07  5.96258563e-06 
 1.36558184e-07 -1.63944990e-06  1.36558184e-07 -6.48427968e-06 
 1.36608184e-07  1.73993457e-06  1.36608184e-07  7.02755156e-06 
 1.36658184e-07 -1.59912446e-06  1.36658184e-07 -7.52706682e-06 
 1.36708184e-07  1.70007294e-06  1.36708184e-07  8.04859101e-06 
 1.36758184e-07 -1.55972626e-06  1.36758184e-07 -8.52673088e-06 
 1.36808184e-07  1.66112863e-06  1.36808184e-07  9.02729323e-06 
 1.36858184e-07 -1.52123530e-06  1.36858184e-07 -9.48482962e-06 
 1.36908184e-07  1.62308170e-06  1.36908184e-07  9.96518529e-06 
 1.36958184e-07 -1.48363174e-06  1.36958184e-07 -1.04028601e-05 
 1.37008184e-07  1.58591232e-06  1.37008184e-07  1.08637350e-05 
 1.37058184e-07 -1.44689579e-06  1.37058184e-07 -1.12822617e-05 
 1.37108184e-07  1.54960085e-06  1.37108184e-07  1.17243539e-05 
 1.37158184e-07 -1.41100795e-06  1.37158184e-07 -1.21244185e-05 
 1.37208184e-07  1.51412786e-06  1.37208184e-07  1.25483995e-05 
 1.37258184e-07 -1.37594894e-06  1.37258184e-07 -1.29306623e-05 
 1.37308184e-07  1.47947424e-06  1.37308184e-07  1.33371784e-05 
 1.37358184e-07 -1.34169977e-06  1.37358184e-07 -1.37022745e-05 
 1.37408184e-07  1.44562117e-06  1.37408184e-07  1.40919475e-05 
 1.37458184e-07 -1.30824184e-06  1.37458184e-07 -1.44404886e-05 
 1.37508184e-07  1.41255024e-06  1.37508184e-07  1.48139174e-05 
 1.37558184e-07 -1.27555691e-06  1.37558184e-07 -1.51464922e-05 
 1.37608184e-07  1.38024335e-06  1.37608184e-07  1.55042533e-05 
 1.37658184e-07 -1.24362707e-06  1.37658184e-07 -1.58214290e-05 
 1.37708184e-07  1.34868283e-06  1.37708184e-07  1.61640778e-05 
 1.37758184e-07 -1.21243487e-06  1.37758184e-07 -1.64664006e-05 
 1.37808184e-07  1.31785141e-06  1.37808184e-07  1.67944722e-05 
 1.37858184e-07 -1.18196322e-06  1.37858184e-07 -1.70824683e-05 
 1.37908184e-07  1.28773217e-06  1.37908184e-07  1.73964782e-05 
 1.37958184e-07 -1.15219537e-06  1.37958184e-07 -1.76706549e-05 
 1.38008184e-07  1.25830859e-06  1.38008184e-07  1.79710998e-05 
 1.38058184e-07 -1.12311504e-06  1.38058184e-07 -1.82319458e-05 
 1.38108184e-07  1.22956454e-06  1.38108184e-07  1.85193048e-05 
 1.38158184e-07 -1.09470627e-06  1.38158184e-07 -1.87672913e-05 
 1.38208184e-07  1.20148425e-06  1.38208184e-07  1.90420259e-05 
 1.38258184e-07 -1.06695347e-06  1.38258184e-07 -1.92776072e-05 
 1.38308184e-07  1.17405234e-06  1.38308184e-07  1.95401627e-05 
 1.38358184e-07 -1.03984147e-06  1.38358184e-07 -1.97637768e-05 
 1.38408184e-07  1.14725383e-06  1.38408184e-07  2.00145824e-05 
 1.38458184e-07 -1.01335546e-06  1.38458184e-07 -2.02266517e-05 
 1.38508184e-07  1.12107404e-06  1.38508184e-07  2.04661215e-05 
 1.38558184e-07 -9.87480939e-07  1.38558184e-07 -2.06670534e-05 
 1.38608184e-07  1.09549869e-06  1.38608184e-07  2.08955868e-05 
 1.38658184e-07 -9.62203808e-07  1.38658184e-07 -2.10857743e-05 
 1.38708184e-07  1.07051381e-06  1.38708184e-07  2.13037564e-05 
 1.38758184e-07 -9.37510245e-07  1.38758184e-07 -2.14835787e-05 
 1.38808184e-07  1.04610577e-06  1.38808184e-07  2.16913815e-05 
 1.38858184e-07 -9.13386826e-07  1.38858184e-07 -2.18612044e-05 
 1.38908184e-07  1.02226132e-06  1.38908184e-07  2.20591863e-05 
 1.38958184e-07 -8.89820409e-07  1.38958184e-07 -2.22193628e-05 
 1.39008184e-07  9.98967436e-07  1.39008184e-07  2.24078702e-05 
 1.39058184e-07 -8.66798202e-07  1.39058184e-07 -2.25587409e-05 
 1.39108184e-07  9.76211511e-07  1.39108184e-07  2.27381078e-05 
 1.39158184e-07 -8.44307668e-07  1.39158184e-07 -2.28800016e-05 
 1.39208184e-07  9.53981145e-07  1.39208184e-07  2.30505504e-05 
 1.39258184e-07 -8.22336619e-07  1.39258184e-07 -2.31837846e-05 
 1.39308184e-07  9.32264309e-07  1.39308184e-07  2.33458266e-05 
 1.39358184e-07 -8.00873146e-07  1.39358184e-07 -2.34707075e-05 
 1.39408184e-07  9.11049210e-07  1.39408184e-07  2.36245432e-05 
 1.39458184e-07 -7.79905612e-07  1.39458184e-07 -2.37413667e-05 
 1.39508184e-07  8.90324371e-07  1.39508184e-07  2.38872863e-05 
 1.39558184e-07 -7.59422660e-07  1.39558184e-07 -2.39963378e-05 
 1.39608184e-07  8.70078565e-07  1.39608184e-07  2.41346213e-05 
 1.39658184e-07 -7.39413216e-07  1.39658184e-07 -2.42361766e-05 
 1.39708184e-07  8.50300861e-07  1.39708184e-07  2.43670946e-05 
 1.39758184e-07 -7.19866471e-07  1.39758184e-07 -2.44614198e-05 
 1.39808184e-07  8.30980540e-07  1.39808184e-07  2.45852335e-05 
 1.39858184e-07 -7.00771833e-07  1.39858184e-07 -2.46725858e-05 
 1.39908184e-07  8.12107188e-07  1.39908184e-07  2.47895476e-05 
 1.39954092e-07 -6.81297747e-07  1.39954092e-07 -2.48786754e-05 
 1.40000000e-07  7.92048020e-07  1.40000000e-07  2.49969226e-05 
 1.40005000e-07  1.75689117e-05  1.40005000e-07  2.19519104e-04 
 1.40015000e-07 -8.00425608e-06  1.40015000e-07  1.23226905e-05 
 1.40035000e-07 -9.71146481e-06  1.40035000e-07 -8.48079340e-05 
 1.40075000e-07  1.03038065e-05  1.40075000e-07 -6.45618652e-05 
 1.40125000e-07 -4.13238969e-05  1.40125000e-07 -1.29469536e-04 
 1.40162500e-07 -7.34598322e-05  1.40162500e-07 -3.61234206e-04 
 1.40200000e-07  5.83081832e-04  1.40200000e-07  3.46370517e-04 
 1.40205000e-07  3.40301195e-04  1.40205000e-07  1.96811697e-04 
 1.40215000e-07 -3.95781609e-04  1.40215000e-07  4.53031695e-04 
 1.40235000e-07 -3.92520273e-04  1.40235000e-07  1.05514887e-03 
 1.40275000e-07  3.13853133e-04  1.40275000e-07  1.29179703e-03 
 1.40318188e-07 -2.05717172e-04  1.40318188e-07 -2.51221306e-03 
 1.40363619e-07  1.38681417e-04  1.40363619e-07  6.99176276e-04 
 1.40413619e-07 -9.95448876e-05  1.40413619e-07 -1.47251289e-04 
 1.40463619e-07  7.38387024e-05  1.40463619e-07  2.15640032e-04 
 1.40513619e-07 -5.58968808e-05  1.40513619e-07 -1.31423709e-04 
 1.40563619e-07  4.33736124e-05  1.40563619e-07  8.50269421e-05 
 1.40613619e-07 -3.39932921e-05  1.40613619e-07 -4.47249453e-05 
 1.40663619e-07  2.72071253e-05  1.40663619e-07  1.54429141e-05 
 1.40713619e-07 -2.18392749e-05  1.40713619e-07  7.06846007e-06 
 1.40763619e-07  1.79101293e-05  1.40763619e-07 -2.41714022e-05 
 1.40813619e-07 -1.46400336e-05  1.40813619e-07  3.73377153e-05 
 1.40863619e-07  1.22701318e-05  1.40863619e-07 -4.74243461e-05 
 1.40913619e-07 -1.01654356e-05  1.40913619e-07  5.51864134e-05 
 1.40963619e-07  8.68213874e-06  1.40963619e-07 -6.10420995e-05 
 1.41013619e-07 -7.25362932e-06  1.41013619e-07  6.54578567e-05 
 1.41063619e-07  6.29340697e-06  1.41063619e-07 -6.86378672e-05 
 1.41113619e-07 -5.27146636e-06  1.41113619e-07  7.09027264e-05 
 1.41163619e-07  4.63147087e-06  1.41163619e-07 -7.23467076e-05 
 1.41213619e-07 -3.86351453e-06  1.41213619e-07  7.32090113e-05 
 1.41263619e-07  3.42761731e-06  1.41263619e-07 -7.35214652e-05 
 1.41313619e-07 -2.82506358e-06  1.41313619e-07  7.34726045e-05 
 1.41363619e-07  2.52493765e-06  1.41363619e-07 -7.30560792e-05 
 1.41413619e-07 -2.03483830e-06  1.41413619e-07  7.24263961e-05 
 1.41463619e-07  1.82898175e-06  1.41463619e-07 -7.15528429e-05 
 1.41513619e-07 -1.41859012e-06  1.41513619e-07  7.05660387e-05 
 1.41563619e-07  1.28085672e-06  1.41563619e-07 -6.94194535e-05 
 1.41613619e-07 -9.29128227e-07  1.41613619e-07  6.82265468e-05 
 1.41663619e-07  8.42375080e-07  1.41663619e-07 -6.69305361e-05 
 1.41713619e-07 -5.35223571e-07  1.41713619e-07  6.56324121e-05 
 1.41763619e-07  4.87740549e-07  1.41763619e-07 -6.42688611e-05 
 1.41813619e-07 -2.15347951e-07  1.41813619e-07  6.29317577e-05 
 1.41863619e-07  1.98814220e-07  1.41863619e-07 -6.15537672e-05 
 1.41913619e-07  4.59258180e-08  1.41913619e-07  6.02200722e-05 
 1.41956809e-07 -5.43909343e-08  1.41956809e-07 -5.86513378e-05 
 1.42000000e-07  2.90158537e-07  1.42000000e-07  5.71441176e-05 
 1.42005000e-07  2.45193806e-04  1.42005000e-07  3.03557447e-03 
 1.42015000e-07  1.96851910e-04  1.42015000e-07  3.40226888e-03 
 1.42035000e-07 -2.18917991e-05  1.42035000e-07  1.11758359e-03 
 1.42075000e-07  7.18791883e-05  1.42075000e-07  5.63429399e-04 
 1.42125000e-07 -3.24404050e-05  1.42125000e-07  4.45152509e-04 
 1.42162500e-07  7.60831436e-06  1.42162500e-07  5.98873420e-04 
 1.42200000e-07 -3.48204243e-05  1.42200000e-07 -3.56289912e-03 
 1.42205000e-07 -1.95754042e-04  1.42205000e-07 -2.60444138e-03 
 1.42215000e-07 -1.82130928e-04  1.42215000e-07 -1.73077755e-03 
 1.42235000e-07 -3.06745031e-05  1.42235000e-07 -1.13937542e-03 
 1.42275000e-07 -1.70881684e-05  1.42275000e-07 -4.41396988e-04 
 1.42325000e-07 -1.14349529e-06  1.42325000e-07 -1.17925798e-04 
 1.42375000e-07  1.49731782e-05  1.42375000e-07 -4.29113074e-05 
 1.42425000e-07 -1.89035234e-05  1.42425000e-07 -7.85241752e-05 
 1.42475000e-07  1.57366184e-05  1.42475000e-07  1.17362955e-04 
 1.42525000e-07 -9.40051659e-06  1.42525000e-07 -1.22191938e-04 
 1.42575000e-07  2.97985094e-06  1.42575000e-07  1.11001578e-04 
 1.42625000e-07  2.84454662e-06  1.42625000e-07 -1.10206444e-04 
 1.42675000e-07 -7.21714081e-06  1.42675000e-07  1.07306538e-04 
 1.42725000e-07  1.06270652e-05  1.42725000e-07 -1.05899373e-04 
 1.42775000e-07 -1.27597308e-05  1.42775000e-07  1.04097372e-04 
 1.42825000e-07  1.42951877e-05  1.42825000e-07 -1.02355052e-04 
 1.42875000e-07 -1.49468447e-05  1.42875000e-07  1.00439307e-04 
 1.42925000e-07  1.53565000e-05  1.42925000e-07 -9.84214382e-05 
 1.42975000e-07 -1.51752326e-05  1.42975000e-07  9.63251434e-05 
 1.43025000e-07  1.49852769e-05  1.43025000e-07 -9.41486952e-05 
 1.43075000e-07 -1.43832778e-05  1.43075000e-07  9.19594030e-05 
 1.43125000e-07  1.39092878e-05  1.43125000e-07 -8.97267181e-05 
 1.43175000e-07 -1.31239698e-05  1.43175000e-07  8.75294935e-05 
 1.43225000e-07  1.25424710e-05  1.43225000e-07 -8.53174580e-05 
 1.43275000e-07 -1.17053764e-05  1.43275000e-07  8.31639012e-05 
 1.43325000e-07  1.11121591e-05  1.43325000e-07 -8.10126857e-05 
 1.43375000e-07 -1.02918871e-05  1.43375000e-07  7.89368588e-05 
 1.43425000e-07  9.73559229e-06  1.43425000e-07 -7.68721772e-05 
 1.43475000e-07 -8.96597381e-06  1.43475000e-07  7.48922542e-05 
 1.43525000e-07  8.46928932e-06  1.43525000e-07 -7.29262183e-05 
 1.43575000e-07 -7.76478448e-06  1.43575000e-07  7.10462474e-05 
 1.43625000e-07  7.33594322e-06  1.43625000e-07 -6.91813852e-05 
 1.43675000e-07 -6.70018035e-06  1.43675000e-07  6.74013622e-05 
 1.43725000e-07  6.33950594e-06  1.43725000e-07 -6.56354742e-05 
 1.43775000e-07 -5.77037320e-06  1.43775000e-07  6.39517572e-05 
 1.43825000e-07  5.47406146e-06  1.43825000e-07 -6.22800426e-05 
 1.43875000e-07 -4.96656499e-06  1.43875000e-07  6.06871766e-05 
 1.43925000e-07  4.72885347e-06  1.43925000e-07 -5.91036530e-05 
 1.43975000e-07 -4.27675179e-06  1.43975000e-07  5.75954717e-05 
 1.44025000e-07  4.09115606e-06  1.44025000e-07 -5.60938233e-05 
 1.44075000e-07 -3.68788615e-06  1.44075000e-07  5.46640952e-05 
 1.44125000e-07  3.54789344e-06  1.44125000e-07 -5.32381555e-05 
 1.44175000e-07 -3.18708269e-06  1.44175000e-07  5.18809400e-05 
 1.44225000e-07  3.08652647e-06  1.44225000e-07 -5.05249450e-05 
 1.44275000e-07 -2.76225971e-06  1.44275000e-07  4.92347659e-05 
 1.44325000e-07  2.69550551e-06  1.44325000e-07 -4.79434652e-05 
 1.44375000e-07 -2.40244745e-06  1.44375000e-07  4.67153759e-05 
 1.44425000e-07  2.36446704e-06  1.44425000e-07 -4.54840592e-05 
 1.44475000e-07 -2.09789913e-06  1.44475000e-07  4.43136426e-05 
 1.44525000e-07  2.08427948e-06  1.44525000e-07 -4.31381205e-05 
 1.44575000e-07 -1.84008793e-06  1.44575000e-07  4.20214561e-05 
 1.44625000e-07  1.84700384e-06  1.44625000e-07 -4.08980152e-05 
 1.44675000e-07 -1.62164086e-06  1.44675000e-07  3.98316293e-05 
 1.44725000e-07  1.64580829e-06  1.44725000e-07 -3.87569795e-05 
 1.44775000e-07 -1.43624016e-06  1.44775000e-07  3.77377907e-05 
 1.44825000e-07  1.47486094e-06  1.44825000e-07 -3.67090097e-05 
 1.44875000e-07 -1.27851105e-06  1.44875000e-07  3.57342753e-05 
 1.44925000e-07  1.32921569e-06  1.44925000e-07 -3.47487566e-05 
 1.44975000e-07 -1.14390808e-06  1.44975000e-07  3.38160237e-05 
 1.45025000e-07  1.20470036e-06  1.45025000e-07 -3.28714300e-05 
 1.45075000e-07 -1.02860577e-06  1.45075000e-07  3.19784915e-05 
 1.45125000e-07  1.09781098e-06  1.45125000e-07 -3.10727139e-05 
 1.45175000e-07 -9.29397727e-07  1.45175000e-07  3.02175714e-05 
 1.45225000e-07  1.00561597e-06  1.45225000e-07 -2.93486943e-05 
 1.45275000e-07 -8.43605704e-07  1.45275000e-07  2.85295260e-05 
 1.45325000e-07  9.25670429e-07  1.45325000e-07 -2.76957984e-05 
 1.45375000e-07 -7.68999199e-07  1.45375000e-07  2.69109331e-05 
 1.45425000e-07  8.55940605e-07  1.45425000e-07 -2.61107435e-05 
 1.45475000e-07 -7.03725048e-07  1.45475000e-07  2.53586382e-05 
 1.45525000e-07  7.94738818e-07  1.45525000e-07 -2.45904954e-05 
 1.45575000e-07 -6.46246903e-07  1.45575000e-07  2.38697172e-05 
 1.45625000e-07  7.40667080e-07  1.45625000e-07 -2.31322330e-05 
 1.45675000e-07 -5.95293154e-07  1.45675000e-07  2.24414447e-05 
 1.45725000e-07  6.92569101e-07  1.45725000e-07 -2.17333208e-05 
 1.45775000e-07 -5.49812760e-07  1.45775000e-07  2.10712682e-05 
 1.45825000e-07  6.49489816e-07  1.45825000e-07 -2.03912846e-05 
 1.45875000e-07 -5.08937956e-07  1.45875000e-07  1.97567869e-05 
 1.45925000e-07  6.10640912e-07  1.45925000e-07 -1.91037934e-05 
 1.45975000e-07 -4.71952836e-07  1.45975000e-07  1.84957344e-05 
 1.46025000e-07  5.75372253e-07  1.46025000e-07 -1.78686427e-05 
 1.46075000e-07 -4.38266929e-07  1.46075000e-07  1.72859645e-05 
 1.46125000e-07  5.43147673e-07  1.46125000e-07 -1.66837417e-05 
 1.46175000e-07 -4.07393390e-07  1.46175000e-07  1.61254391e-05 
 1.46225000e-07  5.13525004e-07  1.46225000e-07 -1.55471026e-05 
 1.46275000e-07 -3.78930630e-07  1.46275000e-07  1.50122180e-05 
 1.46325000e-07  4.86139483e-07  1.46325000e-07 -1.44568314e-05 
 1.46375000e-07 -3.52547245e-07  1.46375000e-07  1.39444509e-05 
 1.46425000e-07  4.60689935e-07  1.46425000e-07 -1.34111200e-05 
 1.46475000e-07 -3.27969381e-07  1.46475000e-07  1.29203703e-05 
 1.46525000e-07  4.36927298e-07  1.46525000e-07 -1.24082400e-05 
 1.46575000e-07 -3.04970557e-07  1.46575000e-07  1.19382851e-05 
 1.46625000e-07  4.14645394e-07  1.46625000e-07 -1.14465367e-05 
 1.46675000e-07 -2.83362890e-07  1.46675000e-07  1.09965757e-05 
 1.46725000e-07  3.93673106e-07  1.46725000e-07 -1.05244246e-05 
 1.46775000e-07 -2.62990400e-07  1.46775000e-07  1.00936892e-05 
 1.46825000e-07  3.73867970e-07  1.46825000e-07 -9.64038267e-06 
 1.46875000e-07 -2.43722981e-07  1.46875000e-07  9.22813578e-06 
 1.46925000e-07  3.55111150e-07  1.46925000e-07 -8.79295109e-06 
 1.46975000e-07 -2.25451848e-07  1.46975000e-07  8.39848456e-06 
 1.47025000e-07  3.37302918e-07  1.47025000e-07 -7.98072769e-06 
 1.47075000e-07 -2.08085581e-07  1.47075000e-07  7.60336101e-06 
 1.47125000e-07  3.20359429e-07  1.47125000e-07 -7.20236479e-06 
 1.47175000e-07 -1.91547079e-07  1.47175000e-07  6.84144381e-06 
 1.47225000e-07  3.04209586e-07  1.47225000e-07 -6.45656678e-06 
 1.47275000e-07 -1.75770809e-07  1.47275000e-07  6.11146229e-06 
 1.47325000e-07  2.88792956e-07  1.47325000e-07 -5.74208749e-06 
 1.47375000e-07 -1.60700848e-07  1.47375000e-07  5.41219415e-06 
 1.47425000e-07  2.74057695e-07  1.47425000e-07 -5.05772804e-06 
 1.47475000e-07 -1.46289071e-07  1.47475000e-07  4.74246330e-06 
 1.47525000e-07  2.59959060e-07  1.47525000e-07 -4.40233455e-06 
 1.47575000e-07 -1.32493867e-07  1.47575000e-07  4.10113774e-06 
 1.47625000e-07  2.46458244e-07  1.47625000e-07 -3.77479653e-06 
 1.47675000e-07 -1.19278890e-07  1.47675000e-07  3.48712785e-06 
 1.47725000e-07  2.33521173e-07  1.47725000e-07 -3.17404482e-06 
 1.47775000e-07 -1.06612138e-07  1.47775000e-07  2.89938457e-06 
 1.47825000e-07  2.21117662e-07  1.47825000e-07 -2.59905003e-06 
 1.47875000e-07 -9.44651779e-08  1.47875000e-07  2.33689771e-06 
 1.47925000e-07  2.09220971e-07  1.47925000e-07 -2.04882089e-06 
 1.47975000e-07 -8.28126796e-08  1.47975000e-07  1.79869465e-06 
 1.48025000e-07  1.97806991e-07  1.48025000e-07 -1.52240294e-06 
 1.48075000e-07 -7.16317309e-08  1.48075000e-07  1.28383865e-06 
 1.48125000e-07  1.86853894e-07  1.48125000e-07 -1.01887690e-06 
 1.48175000e-07 -6.09014907e-08  1.48175000e-07  7.91427581e-07 
 1.48225000e-07  1.76341825e-07  1.48225000e-07 -5.37357520e-07 
 1.48275000e-07 -5.06029495e-08  1.48275000e-07  3.20592724e-07 
 1.48325000e-07  1.66252453e-07  1.48325000e-07 -7.69921383e-08 
 1.48375000e-07 -4.07184874e-08  1.48375000e-07 -1.29502757e-07 
 1.48425000e-07  1.56568872e-07  1.48425000e-07  3.63040335e-07 
 1.48475000e-07 -3.12318241e-08  1.48475000e-07 -5.59664535e-07 
 1.48525000e-07  1.47275339e-07  1.48525000e-07  7.83530646e-07 
 1.48575000e-07 -2.21276798e-08  1.48575000e-07 -9.70668721e-07 
 1.48625000e-07  1.38357051e-07  1.48625000e-07  1.18524040e-06 
 1.48675000e-07 -1.33917408e-08  1.48675000e-07 -1.36326261e-06 
 1.48725000e-07  1.29800135e-07  1.48725000e-07  1.56890295e-06 
 1.48775000e-07 -5.01054518e-09  1.48775000e-07 -1.73816590e-06 
 1.48825000e-07  1.21591493e-07  1.48825000e-07  1.93522449e-06 
 1.48875000e-07  3.02868779e-09  1.48875000e-07 -2.09607155e-06 
 1.48925000e-07  1.13718650e-07  1.48925000e-07  2.28488509e-06 
 1.48975000e-07  1.07381668e-08  1.48975000e-07 -2.43764684e-06 
 1.49025000e-07  1.06169697e-07  1.49025000e-07  2.61853951e-06 
 1.49075000e-07  1.81294468e-08  1.49075000e-07 -2.76353429e-06 
 1.49125000e-07  9.89333516e-08  1.49125000e-07  2.93681810e-06 
 1.49175000e-07  2.52136131e-08  1.49175000e-07 -3.07435238e-06 
 1.49225000e-07  9.19987471e-08  1.49225000e-07  3.24032784e-06 
 1.49275000e-07  3.20012825e-08  1.49275000e-07 -3.37069663e-06 
 1.49325000e-07  8.53554567e-08  1.49325000e-07  3.52965296e-06 
 1.49375000e-07  3.85027188e-08  1.49375000e-07 -3.65314028e-06 
 1.49425000e-07  7.89934781e-08  1.49425000e-07  3.80535586e-06 
 1.49475000e-07  4.47276988e-08  1.49475000e-07 -3.92223502e-06 
 1.49525000e-07  7.29031800e-08  1.49525000e-07  4.06797785e-06 
 1.49575000e-07  5.06856692e-08  1.49575000e-07 -4.17851200e-06 
 1.49625000e-07  6.70752700e-08  1.49625000e-07  4.31803999e-06 
 1.49675000e-07  5.63857742e-08  1.49675000e-07 -4.42248233e-06 
 1.49725000e-07  6.15007844e-08  1.49725000e-07  4.55604367e-06 
 1.49775000e-07  6.18368307e-08  1.49775000e-07 -4.65463783e-06 
 1.49825000e-07  5.61710852e-08  1.49825000e-07  4.78247134e-06 
 1.49875000e-07  6.70472949e-08  1.49875000e-07 -4.87545182e-06 
 1.49925000e-07  5.10777835e-08  1.49925000e-07  4.99778736e-06 
 1.49962500e-07  7.28332211e-08  1.49962500e-07 -5.11934515e-06 
 1.50000000e-07  4.46403493e-08  1.50000000e-07  5.26836882e-06 
 1.50005000e-07 -1.13091795e-05  1.50005000e-07 -9.38460348e-05 
 1.50015000e-07  8.08270545e-06  1.50015000e-07  9.55308924e-06 
 1.50035000e-07  3.53839097e-06  1.50035000e-07  2.48677275e-05 
 1.50075000e-07 -5.42834095e-06  1.50075000e-07  2.32904132e-05 
 1.50125000e-07  3.34223501e-05  1.50125000e-07  2.18287668e-04 
 1.50162500e-07  1.55631306e-05  1.50162500e-07  2.53362225e-04 
 1.50200000e-07 -4.39852643e-04  1.50200000e-07 -1.92792921e-04 
 1.50205000e-07 -4.43805746e-04  1.50205000e-07 -4.95073702e-04 
 1.50215000e-07  6.26334330e-06  1.50215000e-07 -1.09940323e-03 
 1.50235000e-07  7.49424368e-04  1.50235000e-07 -1.64261378e-03 
 1.50271173e-07 -4.10680446e-04  1.50271173e-07 -4.77422149e-04 
 1.50314695e-07  1.96595906e-04  1.50314695e-07  1.88667913e-03 
 1.50360588e-07 -7.50399414e-05  1.50360588e-07 -3.64387356e-05 
 1.50410588e-07  7.45451217e-06  1.50410588e-07 -9.69526401e-05 
 1.50460588e-07  3.56504029e-05  1.50460588e-07 -1.44031008e-04 
 1.50510588e-07 -6.28649355e-05  1.50510588e-07  3.01549064e-05 
 1.50560588e-07  7.96633191e-05  1.50560588e-07 -4.33843131e-05 
 1.50610588e-07 -8.90471150e-05  1.50610588e-07  8.40925798e-06 
 1.50660588e-07  9.35095963e-05  1.50660588e-07  5.54281908e-06 
 1.50710588e-07 -9.42199035e-05  1.50710588e-07 -2.33677937e-05 
 1.50760588e-07  9.26795713e-05  1.50760588e-07  3.62078903e-05 
 1.50810588e-07 -8.91786251e-05  1.50810588e-07 -4.77428522e-05 
 1.50860588e-07  8.48811996e-05  1.50860588e-07  5.70822449e-05 
 1.50910588e-07 -7.96348710e-05  1.50910588e-07 -6.49042542e-05 
 1.50960588e-07  7.42927718e-05  1.50960588e-07  7.13353935e-05 
 1.51010588e-07 -6.85716753e-05  1.51010588e-07 -7.65687963e-05 
 1.51060588e-07  6.31205416e-05  1.51060588e-07  8.08252470e-05 
 1.51110588e-07 -5.75776043e-05  1.51110588e-07 -8.41790948e-05 
 1.51160588e-07  5.24855482e-05  1.51160588e-07  8.68350575e-05 
 1.51210588e-07 -4.74311269e-05  1.51210588e-07 -8.88152409e-05 
 1.51260588e-07  4.29041341e-05  1.51260588e-07  9.02987948e-05 
 1.51310588e-07 -3.84578069e-05  1.51310588e-07 -9.12766207e-05 
 1.51360588e-07  3.45576646e-05  1.51360588e-07  9.19056285e-05 
 1.51410588e-07 -3.07357004e-05  1.51410588e-07 -9.21559457e-05 
 1.51460588e-07  2.74480831e-05  1.51460588e-07  9.21665690e-05 
 1.51510588e-07 -2.42138878e-05  1.51510588e-07 -9.18933265e-05 
 1.51560588e-07  2.14874202e-05  1.51560588e-07  9.14609847e-05 
 1.51610588e-07 -1.87803710e-05  1.51610588e-07 -9.08154726e-05 
 1.51660588e-07  1.65487010e-05  1.51660588e-07  9.00702586e-05 
 1.51710588e-07 -1.43002967e-05  1.51710588e-07 -8.91644736e-05 
 1.51760588e-07  1.24942159e-05  1.51760588e-07  8.82025932e-05 
 1.51810588e-07 -1.06367815e-05  1.51810588e-07 -8.71191660e-05 
 1.51860588e-07  9.19053702e-06  1.51860588e-07  8.60114844e-05 
 1.51910588e-07 -7.66158426e-06  1.51910588e-07 -8.48111041e-05 
 1.51960588e-07  6.51583537e-06  1.51960588e-07  8.36095579e-05 
 1.52010588e-07 -5.25992595e-06  1.52010588e-07 -8.23365448e-05 
 1.52060588e-07  4.36279990e-06  1.52060588e-07  8.10789603e-05 
 1.52110588e-07 -3.33200857e-06  1.52110588e-07 -7.97654528e-05 
 1.52160588e-07  2.63911905e-06  1.52160588e-07  7.84791679e-05 
 1.52210588e-07 -1.79274996e-06  1.52210588e-07 -7.71482678e-05 
 1.52260588e-07  1.26668402e-06  1.52260588e-07  7.58528510e-05 
 1.52310588e-07 -5.70622973e-07  1.52310588e-07 -7.45209828e-05 
 1.52360588e-07  1.80191628e-07  1.52360588e-07  7.32302726e-05 
 1.52410588e-07  3.93884563e-07  1.52410588e-07 -7.19089494e-05 
 1.52460588e-07 -6.74466067e-07  1.52460588e-07  7.06325783e-05 
 1.52510588e-07  1.14990008e-06  1.52510588e-07 -6.93297204e-05 
 1.52560588e-07 -1.34181150e-06  1.52560588e-07  6.80742521e-05 
 1.52610588e-07  1.73773049e-06  1.52610588e-07 -6.67951682e-05 
 1.52660588e-07 -1.85828041e-06  1.52660588e-07  6.55649420e-05 
 1.52710588e-07  2.19028512e-06  1.52710588e-07 -6.43130565e-05 
 1.52760588e-07 -2.25356036e-06  1.52760588e-07  6.31108124e-05 
 1.52810588e-07  2.53432760e-06  1.52810588e-07 -6.18882028e-05 
 1.52860588e-07 -2.55175420e-06  1.52860588e-07  6.07155422e-05 
 1.52910588e-07  2.79155275e-06  1.52910588e-07 -5.95233331e-05 
 1.52960588e-07 -2.77237234e-06  1.52960588e-07  5.83810562e-05 
 1.53010588e-07  2.97949854e-06  1.53010588e-07 -5.72197075e-05 
 1.53060588e-07 -2.93116789e-06  1.53060588e-07  5.61080594e-05 
 1.53110588e-07  3.11230941e-06  1.53110588e-07 -5.49775756e-05 
 1.53160588e-07 -3.04083257e-06  1.53160588e-07  5.38964236e-05 
 1.53210588e-07  3.20136957e-06  1.53210588e-07 -5.27965040e-05 
 1.53260588e-07 -3.11157192e-06  1.53260588e-07  5.17454656e-05 
 1.53310588e-07  3.25582503e-06  1.53310588e-07 -5.06756118e-05 
 1.53360588e-07 -3.15157800e-06  1.53360588e-07  4.96541451e-05 
 1.53410588e-07  3.28301128e-06  1.53410588e-07 -4.86137366e-05 
 1.53460588e-07 -3.16741616e-06  1.53460588e-07  4.76212036e-05 
 1.53510588e-07  3.28880268e-06  1.53510588e-07 -4.66095508e-05 
 1.53560588e-07 -3.16434003e-06  1.53560588e-07  4.56452616e-05 
 1.53610588e-07  3.27789634e-06  1.53610588e-07 -4.46616411e-05 
 1.53660588e-07 -3.14654722e-06  1.53660588e-07  4.37248837e-05 
 1.53710588e-07  3.25404244e-06  1.53710588e-07 -4.27685629e-05 
 1.53760588e-07 -3.11738673e-06  1.53760588e-07  4.18586223e-05 
 1.53810588e-07  3.22023070e-06  1.53810588e-07 -4.09288746e-05 
 1.53860588e-07 -3.07952629e-06  1.53860588e-07  4.00450458e-05 
 1.53910588e-07  3.17884072e-06  1.53910588e-07 -3.91411605e-05 
 1.53960588e-07 -3.03508749e-06  1.53960588e-07  3.82827555e-05 
 1.54010588e-07  3.13176338e-06  1.54010588e-07 -3.74040427e-05 
 1.54060588e-07 -2.98575465e-06  1.54060588e-07  3.65703950e-05 
 1.54110588e-07  3.08049827e-06  1.54110588e-07 -3.57161887e-05 
 1.54160588e-07 -2.93286223e-06  1.54160588e-07  3.49066549e-05 
 1.54210588e-07  3.02623230e-06  1.54210588e-07 -3.40763136e-05 
 1.54260588e-07 -2.87746517e-06  1.54260588e-07  3.32902733e-05 
 1.54310588e-07  2.96990253e-06  1.54310588e-07 -3.24831798e-05 
 1.54360588e-07 -2.82039523e-06  1.54360588e-07  3.17200358e-05 
 1.54410588e-07  2.91224681e-06  1.54410588e-07 -3.09355958e-05 
 1.54460588e-07 -2.76230635e-06  1.54460588e-07  3.01947722e-05 
 1.54510588e-07  2.85384405e-06  1.54510588e-07 -2.94324133e-05 
 1.54560588e-07 -2.70371060e-06  1.54560588e-07  2.87133543e-05 
 1.54610588e-07  2.79514681e-06  1.54610588e-07 -2.79725242e-05 
 1.54660588e-07 -2.64500735e-06  1.54660588e-07  2.72746927e-05 
 1.54710588e-07  2.73650695e-06  1.54710588e-07 -2.65548578e-05 
 1.54760588e-07 -2.58650619e-06  1.54760588e-07  2.58777337e-05 
 1.54810588e-07  2.67819654e-06  1.54810588e-07 -2.51783771e-05 
 1.54860588e-07 -2.52844573e-06  1.54860588e-07  2.45214561e-05 
 1.54910588e-07  2.62042422e-06  1.54910588e-07 -2.38420766e-05 
 1.54960588e-07 -2.47100797e-06  1.54960588e-07  2.32048689e-05 
 1.55010588e-07  2.56334842e-06  1.55010588e-07 -2.25449797e-05 
 1.55060588e-07 -2.41433043e-06  1.55060588e-07  2.19270086e-05 
 1.55110588e-07  2.50708801e-06  1.55110588e-07 -2.12861361e-05 
 1.55160588e-07 -2.35851529e-06  1.55160588e-07  2.06869371e-05 
 1.55210588e-07  2.45173030e-06  1.55210588e-07 -2.00646198e-05 
 1.55260588e-07 -2.30363681e-06  1.55260588e-07  1.94837399e-05 
 1.55310588e-07  2.39733812e-06  1.55310588e-07 -1.88795277e-05 
 1.55360588e-07 -2.24974761e-06  1.55360588e-07  1.83165247e-05 
 1.55410588e-07  2.34395484e-06  1.55410588e-07 -1.77299782e-05 
 1.55460588e-07 -2.19688293e-06  1.55460588e-07  1.71844197e-05 
 1.55510588e-07  2.29160865e-06  1.55510588e-07 -1.66151095e-05 
 1.55560588e-07 -2.14506471e-06  1.55560588e-07  1.60865727e-05 
 1.55610588e-07  2.24031587e-06  1.55610588e-07 -1.55340789e-05 
 1.55660588e-07 -2.09430437e-06  1.55660588e-07  1.50221501e-05 
 1.55710588e-07  2.19008363e-06  1.55710588e-07 -1.44860620e-05 
 1.55760588e-07 -2.04460526e-06  1.55760588e-07  1.39903360e-05 
 1.55810588e-07  2.14091200e-06  1.55810588e-07 -1.34702515e-05 
 1.55860588e-07 -1.99596452e-06  1.55860588e-07  1.29903318e-05 
 1.55910588e-07  2.09279548e-06  1.55910588e-07 -1.24858572e-05 
 1.55960588e-07 -1.94837443e-06  1.55960588e-07  1.20213552e-05 
 1.56010588e-07  2.04572445e-06  1.56010588e-07 -1.15321052e-05 
 1.56060588e-07 -1.90182376e-06  1.56060588e-07  1.10826402e-05 
 1.56110588e-07  1.99968626e-06  1.56110588e-07 -1.06082373e-05 
 1.56160588e-07 -1.85629851e-06  1.56160588e-07  1.01734363e-05 
 1.56210588e-07  1.95466577e-06  1.56210588e-07 -9.71351068e-06 
 1.56260588e-07 -1.81178269e-06  1.56260588e-07  9.29300852e-06 
 1.56310588e-07  1.91064623e-06  1.56310588e-07 -8.84719798e-06 
 1.56360588e-07 -1.76825893e-06  1.56360588e-07  8.44063656e-06 
 1.56410588e-07  1.86760973e-06  1.56410588e-07 -8.00858651e-06 
 1.56460588e-07 -1.72570879e-06  1.56460588e-07  7.61561524e-06 
 1.56510588e-07  1.82553749e-06  1.56510588e-07 -7.19697828e-06 
 1.56560588e-07 -1.68411326e-06  1.56560588e-07  6.81725359e-06 
 1.56610588e-07  1.78441025e-06  1.56610588e-07 -6.41168951e-06 
 1.56660588e-07 -1.64345295e-06  1.56660588e-07  6.04487508e-06 
 1.56710588e-07  1.74420851e-06  1.56710588e-07 -5.65205082e-06 
 1.56760588e-07 -1.60370826e-06  1.56760588e-07  5.29781711e-06 
 1.56810588e-07  1.70491262e-06  1.56810588e-07 -4.91740658e-06 
 1.56860588e-07 -1.56485954e-06  1.56860588e-07  4.57543109e-06 
 1.56910588e-07  1.66650299e-06  1.56910588e-07 -4.20711507e-06 
 1.56960588e-07 -1.52688726e-06  1.56960588e-07  3.87708199e-06 
 1.57010588e-07  1.62896014e-06  1.57010588e-07 -3.52054802e-06 
 1.57060588e-07 -1.48977208e-06  1.57060588e-07  3.20214827e-06 
 1.57110588e-07  1.59226486e-06  1.57110588e-07 -2.85709064e-06 
 1.57160588e-07 -1.45349487e-06  1.57160588e-07  2.55002171e-06 
 1.57210588e-07  1.55639819e-06  1.57210588e-07 -2.21614128e-06 
 1.57260588e-07 -1.41803688e-06  1.57260588e-07  1.92010727e-06 
 1.57310588e-07  1.52134148e-06  1.57310588e-07 -1.59711132e-06 
 1.57360588e-07 -1.38337961e-06  1.57360588e-07  1.31182265e-06 
 1.57410588e-07  1.48707644e-06  1.57410588e-07 -9.99425001e-07 
 1.57460588e-07 -1.34950494e-06  1.57460588e-07  7.24598460e-07 
 1.57510588e-07  1.45358518e-06  1.57510588e-07 -4.22519174e-07 
 1.57560588e-07 -1.31639520e-06  1.57560588e-07  1.57877760e-07 
 1.57610588e-07  1.42085010e-06  1.57610588e-07  1.34156927e-07 
 1.57660588e-07 -1.28403293e-06  1.57660588e-07 -3.88883953e-07 
 1.57710588e-07  1.38885403e-06  1.57710588e-07  6.71141633e-07 
 1.57760588e-07 -1.25240123e-06  1.57760588e-07 -9.16219115e-07 
 1.57810588e-07  1.35758023e-06  1.57810588e-07  1.18896136e-06 
 1.57860588e-07 -1.22148350e-06  1.57860588e-07 -1.42464808e-06 
 1.57910588e-07  1.32701228e-06  1.57910588e-07  1.68813060e-06 
 1.57960588e-07 -1.19126354e-06  1.57960588e-07 -1.91467949e-06 
 1.58010588e-07  1.29713418e-06  1.58010588e-07  2.16915214e-06 
 1.58060588e-07 -1.16172553e-06  1.58060588e-07 -2.38681038e-06 
 1.58110588e-07  1.26793028e-06  1.58110588e-07  2.63251722e-06 
 1.58160588e-07 -1.13285398e-06  1.58160588e-07 -2.84152631e-06 
 1.58210588e-07  1.23938530e-06  1.58210588e-07  3.07870585e-06 
 1.58260588e-07 -1.10463382e-06  1.58260588e-07 -3.27930175e-06 
 1.58310588e-07  1.21148433e-06  1.58310588e-07  3.50818701e-06 
 1.58360588e-07 -1.07705036e-06  1.58360588e-07 -3.70060013e-06 
 1.58410588e-07  1.18421286e-06  1.58410588e-07  3.92141856e-06 
 1.58460588e-07 -1.05008918e-06  1.58460588e-07 -4.10587401e-06 
 1.58510588e-07  1.15755663e-06  1.58510588e-07  4.31884790e-06 
 1.58560588e-07 -1.02373627e-06  1.58560588e-07 -4.49556545e-06 
 1.58610588e-07  1.13150183e-06  1.58610588e-07  4.70091171e-06 
 1.58660588e-07 -9.97977927e-07  1.58660588e-07 -4.87010596e-06 
 1.58710588e-07  1.10603487e-06  1.58710588e-07  5.06803643e-06 
 1.58760588e-07 -9.72800784e-07  1.58760588e-07 -5.22991692e-06 
 1.58810588e-07  1.08114260e-06  1.58810588e-07  5.42063845e-06 
 1.58860588e-07 -9.48191784e-07  1.58860588e-07 -5.57540966e-06 
 1.58910588e-07  1.05681205e-06  1.58910588e-07  5.75912403e-06 
 1.58960588e-07 -9.24138166e-07  1.58960588e-07 -5.90698564e-06 
 1.59010588e-07  1.03303066e-06  1.59010588e-07  6.08388989e-06 
 1.59060588e-07 -9.00627496e-07  1.59060588e-07 -6.22503667e-06 
 1.59110588e-07  1.00978614e-06  1.59110588e-07  6.39532307e-06 
 1.59160588e-07 -8.77647639e-07  1.59160588e-07 -6.52994519e-06 
 1.59210588e-07  9.87066483e-07  1.59210588e-07  6.69380132e-06 
 1.59260588e-07 -8.55186704e-07  1.59260588e-07 -6.82208424e-06 
 1.59310588e-07  9.64859914e-07  1.59310588e-07  6.97969317e-06 
 1.59360588e-07 -8.33233122e-07  1.59360588e-07 -7.10181793e-06 
 1.59410588e-07  9.43155074e-07  1.59410588e-07  7.25335820e-06 
 1.59460588e-07 -8.11775572e-07  1.59460588e-07 -7.36950129e-06 
 1.59510588e-07  9.21940679e-07  1.59510588e-07  7.51514712e-06 
 1.59560588e-07 -7.90802968e-07  1.59560588e-07 -7.62548077e-06 
 1.59610588e-07  9.01205815e-07  1.59610588e-07  7.76540204e-06 
 1.59660588e-07 -7.70304518e-07  1.59660588e-07 -7.87009425e-06 
 1.59710588e-07  8.80939855e-07  1.59710588e-07  8.00445670e-06 
 1.59760588e-07 -7.50269729e-07  1.59760588e-07 -8.10367128e-06 
 1.59810588e-07  8.61132358e-07  1.59810588e-07  8.23263648e-06 
 1.59860588e-07 -7.30688242e-07  1.59860588e-07 -8.32653317e-06 
 1.59910588e-07  8.41773129e-07  1.59910588e-07  8.45025869e-06 
 1.59955294e-07 -7.10430499e-07  1.59955294e-07 -8.55125394e-06 
 1.60000000e-07  8.20640192e-07  1.60000000e-07  8.68152635e-06 
 1.60005000e-07  2.12649502e-05  1.60005000e-07  2.67563777e-04 
 1.60015000e-07 -4.57212503e-06  1.60015000e-07  4.67089048e-05 
 1.60035000e-07 -1.40837288e-05  1.60035000e-07 -8.13081053e-05 
 1.60075000e-07  1.06808131e-05  1.60075000e-07 -1.12073719e-04 
 1.60125000e-07 -5.86423428e-05  1.60125000e-07 -2.12697107e-04 
 1.60162500e-07 -1.25266086e-04  1.60162500e-07 -5.65293202e-04 
 1.60200000e-07  8.24038531e-04  1.60200000e-07  3.28035464e-04 
 1.60205000e-07  5.92452115e-04  1.60205000e-07  1.85836182e-04 
 1.60215000e-07 -2.64204525e-04  1.60215000e-07  5.51086573e-04 
 1.60235000e-07 -5.94327638e-04  1.60235000e-07  1.47389064e-03 
 1.60275000e-07  2.79416844e-04  1.60275000e-07  2.17693804e-03 
 1.60318862e-07 -1.60049886e-04  1.60318862e-07 -2.98205389e-03 
 1.60364728e-07  1.05739094e-04  1.60364728e-07  2.90595150e-04 
 1.60414728e-07 -7.68231342e-05  1.60414728e-07 -1.77656209e-04 
 1.60464728e-07  5.79196680e-05  1.60464728e-07  3.02491106e-04 
 1.60514728e-07 -4.44640483e-05  1.60514728e-07 -1.49797523e-04 
 1.60564728e-07  3.49018999e-05  1.60564728e-07  1.20873075e-04 
 1.60614728e-07 -2.75663826e-05  1.60614728e-07 -7.09020109e-05 
 1.60664728e-07  2.22335468e-05  1.60664728e-07  4.18227732e-05 
 1.60714728e-07 -1.79320270e-05  1.60714728e-07 -1.69110523e-05 
 1.60764728e-07  1.48036189e-05  1.60764728e-07 -1.57361104e-06 
 1.60814728e-07 -1.21384424e-05  1.60814728e-07  1.62561959e-05 
 1.60864728e-07  1.02348816e-05  1.60864728e-07 -2.77245530e-05 
 1.60914728e-07 -8.49028477e-06  1.60914728e-07  3.67989325e-05 
 1.60964728e-07  7.28909553e-06  1.60964728e-07 -4.39053671e-05 
 1.61014728e-07 -6.08248852e-06  1.61014728e-07  4.94995004e-05 
 1.61064728e-07  5.29920055e-06  1.61064728e-07 -5.37990425e-05 
 1.61114728e-07 -4.41935976e-06  1.61114728e-07  5.71169183e-05 
 1.61164728e-07  3.89512323e-06  1.61164728e-07 -5.95564254e-05 
 1.61214728e-07 -3.22238410e-06  1.61214728e-07  6.13535685e-05 
 1.61264728e-07  2.86595731e-06  1.61264728e-07 -6.25468629e-05 
 1.61314728e-07 -2.33043887e-06  1.61314728e-07  6.33242608e-05 
 1.61364728e-07  2.08764249e-06  1.61364728e-07 -6.36847599e-05 
 1.61414728e-07 -1.64705878e-06  1.61414728e-07  6.37837391e-05 
 1.61464728e-07  1.48447532e-06  1.61464728e-07 -6.35948027e-05 
 1.61514728e-07 -1.11220311e-06  1.61514728e-07  6.32502402e-05 
 1.61564728e-07  1.00835748e-06  1.61564728e-07 -6.27069347e-05 
 1.61614728e-07 -6.86923751e-07  1.61614728e-07  6.20804301e-05 
 1.61664728e-07  6.27429956e-07  1.61664728e-07 -6.13165580e-05 
 1.61714728e-07 -3.44889993e-07  1.61714728e-07  6.05185790e-05 
 1.61764728e-07  3.19722843e-07  1.61764728e-07 -5.96251046e-05 
 1.61814728e-07 -6.75982297e-08  1.61814728e-07  5.87303297e-05 
 1.61864728e-07  6.95193661e-08  1.61864728e-07 -5.77682690e-05 
 1.61914728e-07  1.58409598e-07  1.61914728e-07  5.68263973e-05 
 1.61957364e-07 -1.50616311e-07  1.61957364e-07 -5.56677968e-05 
 1.62000000e-07  3.71612047e-07  1.62000000e-07  5.45426945e-05 
 1.62005000e-07 -7.06856289e-08  1.62005000e-07  3.09980441e-06 
 1.62015000e-07  7.11860859e-08  1.62015000e-07 -3.65397011e-06 
 1.62035000e-07  7.13783496e-08  1.62035000e-07  3.20283308e-06 
 1.62075000e-07  5.87807536e-08  1.62075000e-07 -2.84926190e-06 
 1.62125000e-07  4.55008969e-08  1.62125000e-07  2.72826675e-06 
 1.62162500e-07  8.85591877e-08  1.62162500e-07 -2.70448907e-06 
 1.62200000e-07  7.52233248e-07  1.62200000e-07  2.95135384e-06 
 1.62205000e-07 -6.32521667e-07  1.62205000e-07  2.70698749e-06 
 1.62215000e-07 -1.35869776e-05  1.62215000e-07  3.69816922e-07 
 1.62235000e-07 -1.27246104e-06  1.62235000e-07 -9.88689684e-07 
 1.62275000e-07  2.38392192e-05  1.62275000e-07 -4.84965890e-07 
 1.62325000e-07 -3.56646659e-05  1.62325000e-07 -2.60189182e-05 
 1.62370376e-07  3.57431207e-05  1.62370376e-07  7.08283099e-05 
 1.62420376e-07 -2.98117939e-05  1.62420376e-07 -5.73466508e-05 
 1.62470376e-07  2.34978215e-05  1.62470376e-07  2.01427302e-05 
 1.62520376e-07 -1.76690574e-05  1.62520376e-07 -1.48659621e-05 
 1.62570376e-07  1.30601085e-05  1.62570376e-07  1.76167614e-05 
 1.62620376e-07 -9.10938312e-06  1.62620376e-07 -1.57933149e-05 
 1.62670376e-07  6.15876128e-06  1.62670376e-07  1.51728842e-05 
 1.62720376e-07 -3.58361671e-06  1.62720376e-07 -1.40513621e-05 
 1.62770376e-07  1.74948924e-06  1.62770376e-07  1.31094968e-05 
 1.62820376e-07 -7.75249543e-08  1.62820376e-07 -1.21936101e-05 
 1.62870376e-07 -1.02635256e-06  1.62870376e-07  1.13912841e-05 
 1.62920376e-07  2.10618553e-06  1.62920376e-07 -1.06485416e-05 
 1.62970376e-07 -2.72913951e-06  1.62970376e-07  1.00135120e-05 
 1.63020376e-07  3.41748793e-06  1.63020376e-07 -9.42393219e-06 
 1.63070376e-07 -3.72138304e-06  1.63070376e-07  8.93202728e-06 
 1.63120376e-07  4.14945406e-06  1.63120376e-07 -8.47005681e-06 
 1.63170376e-07 -4.24095659e-06  1.63170376e-07  8.09397704e-06 
 1.63220376e-07  4.49581140e-06  1.63220376e-07 -7.73480311e-06 
 1.63270376e-07 -4.44618992e-06  1.63270376e-07  7.45057889e-06 
 1.63320376e-07  4.58636660e-06  1.63320376e-07 -7.17260540e-06 
 1.63370376e-07 -4.44384375e-06  1.63370376e-07  6.96024726e-06 
 1.63420376e-07  4.50917942e-06  1.63420376e-07 -6.74549105e-06 
 1.63470376e-07 -4.30675337e-06  1.63470376e-07  6.58866433e-06 
 1.63520376e-07  4.32463765e-06  1.63520376e-07 -6.42246756e-06 
 1.63570376e-07 -4.08509043e-06  1.63570376e-07  6.30798465e-06 
 1.63620376e-07  4.07449215e-06  1.63620376e-07 -6.17855171e-06 
 1.63670376e-07 -3.81363609e-06  1.63670376e-07  6.09586288e-06 
 1.63720376e-07  3.78773223e-06  1.63720376e-07 -5.99379073e-06 
 1.63770376e-07 -3.51654681e-06  1.63770376e-07  5.93452508e-06 
 1.63820376e-07  3.48449262e-06  1.63820376e-07 -5.85237834e-06 
 1.63870376e-07 -3.21052542e-06  1.63870376e-07  5.80995854e-06 
 1.63920376e-07  3.17859931e-06  1.63920376e-07 -5.74191547e-06 
 1.63970376e-07 -2.90705164e-06  1.63970376e-07  5.71118162e-06 
 1.64020376e-07  2.87940824e-06  1.64020376e-07 -5.65270792e-06 
 1.64070376e-07 -2.61368277e-06  1.64070376e-07  5.62969766e-06 
 1.64120376e-07  2.59306618e-06  1.64120376e-07 -5.57732436e-06 
 1.64170376e-07 -2.33533499e-06  1.64170376e-07  5.55899953e-06 
 1.64220376e-07  2.32343302e-06  1.64220376e-07 -5.51008446e-06 
 1.64270376e-07 -2.07496539e-06  1.64270376e-07  5.49415577e-06 
 1.64320376e-07  2.07269803e-06  1.64320376e-07 -5.44672259e-06 
 1.64370376e-07 -1.83411440e-06  1.64370376e-07  5.43149216e-06 
 1.64420376e-07  1.84185428e-06  1.64420376e-07 -5.38408964e-06 
 1.64470376e-07 -1.61331629e-06  1.64470376e-07  5.36832467e-06 
 1.64520376e-07  1.63105214e-06  1.64520376e-07 -5.31991310e-06 
 1.64570376e-07 -1.41240276e-06  1.64570376e-07  5.30274395e-06 
 1.64620376e-07  1.43986011e-06  1.64620376e-07 -5.25260352e-06 
 1.64670376e-07 -1.23072748e-06  1.64670376e-07  5.23344199e-06 
 1.64720376e-07  1.26745791e-06  1.64720376e-07 -5.18109971e-06 
 1.64770376e-07 -1.06733179e-06  1.64770376e-07  5.15957337e-06 
 1.64820376e-07  1.11277853e-06  1.64820376e-07 -5.10474485e-06 
 1.64870376e-07 -9.21066507e-07  1.64870376e-07  5.08064561e-06 
 1.64920376e-07  9.74612621e-07  1.64920376e-07 -5.02318880e-06 
 1.64970376e-07 -7.90681016e-07  1.64970376e-07  4.99643167e-06 
 1.65020376e-07  8.51684066e-07  1.65020376e-07 -4.93631083e-06 
 1.65070376e-07 -6.74887148e-07  1.65070376e-07  4.90690211e-06 
 1.65120376e-07  7.42703812e-07  1.65120376e-07 -4.84415941e-06 
 1.65170376e-07 -5.72404559e-07  1.65170376e-07  4.81217158e-06 
 1.65220376e-07  6.46407834e-07  1.65220376e-07 -4.74690516e-06 
 1.65270376e-07 -4.81991802e-07  1.65270376e-07  4.71245771e-06 
 1.65320376e-07  5.61582395e-07  1.65320376e-07 -4.64480469e-06 
 1.65370376e-07 -4.02467031e-07  1.65370376e-07  4.60804926e-06 
 1.65420376e-07  4.87080641e-07  1.65420376e-07 -4.53817294e-06 
 1.65470376e-07 -3.32720724e-07  1.65470376e-07  4.49928195e-06 
 1.65520376e-07  4.21832064e-07  1.65520376e-07 -4.42736197e-06 
 1.65570376e-07 -2.71722573e-07  1.65570376e-07  4.38652031e-06 
 1.65620376e-07  3.64847240e-07  1.65620376e-07 -4.31274511e-06 
 1.65670376e-07 -2.18524408e-07  1.65670376e-07  4.27014358e-06 
 1.65720376e-07  3.15219116e-07  1.65720376e-07 -4.19470519e-06 
 1.65770376e-07 -1.72259823e-07  1.65770376e-07  4.15053594e-06 
 1.65820376e-07  2.72121418e-07  1.65820376e-07 -4.07362577e-06 
 1.65870376e-07 -1.32142014e-07  1.65870376e-07  4.02807882e-06 
 1.65920376e-07  2.34805828e-07  1.65920376e-07 -3.94988485e-06 
 1.65970376e-07 -9.74600823e-08  1.65970376e-07  3.90314567e-06 
 1.66020376e-07  2.02597767e-07  1.66020376e-07 -3.82385042e-06 
 1.66070376e-07 -6.75745395e-08  1.66070376e-07  3.77609826e-06 
 1.66120376e-07  1.74891517e-07  1.66120376e-07 -3.69587735e-06 
 1.66170376e-07 -4.19121956e-08  1.66170376e-07  3.64728408e-06 
 1.66220376e-07  1.51145192e-07  1.66220376e-07 -3.56630546e-06 
 1.66270376e-07 -1.99611575e-08  1.66270376e-07  3.51703487e-06 
 1.66320376e-07  1.30875507e-07  1.66320376e-07 -3.43545804e-06 
 1.66370376e-07 -1.26541860e-09  1.66370376e-07  3.38566547e-06 
 1.66420376e-07  1.13652531e-07  1.66420376e-07 -3.30364145e-06 
 1.66470376e-07  1.45801055e-08  1.66470376e-07  3.25347356e-06 
 1.66520376e-07  9.90947371e-08  1.66520376e-07 -3.17114463e-06 
 1.66570376e-07  2.79345547e-08  1.66570376e-07  3.12073944e-06 
 1.66620376e-07  8.68642928e-08  1.66620376e-07 -3.03823927e-06 
 1.66670376e-07  3.91155542e-08  1.66670376e-07  2.98772624e-06 
 1.66720376e-07  7.66626692e-08  1.66720376e-07 -2.90518008e-06 
 1.66770376e-07  4.84036234e-08  1.66770376e-07  2.85468029e-06 
 1.66820376e-07  6.82264276e-08  1.66820376e-07 -2.77220507e-06 
 1.66870376e-07  5.60460008e-08  1.66870376e-07  2.72183153e-06 
 1.66920376e-07  6.13235329e-08  1.66920376e-07 -2.63953628e-06 
 1.66970376e-07  6.22603541e-08  1.66970376e-07  2.58939407e-06 
 1.67020376e-07  5.57499280e-08  1.67020376e-07 -2.50738009e-06 
 1.67070376e-07  6.72380026e-08  1.67070376e-07  2.45756685e-06 
 1.67120376e-07  5.13263238e-08  1.67120376e-07 -2.37592803e-06 
 1.67170376e-07  7.11468247e-08  1.67170376e-07  2.32653414e-06 
 1.67220376e-07  4.78954944e-08  1.67220376e-07 -2.24535738e-06 
 1.67270376e-07  7.41340699e-08  1.67270376e-07  2.19646631e-06 
 1.67320376e-07  4.53196292e-08  1.67320376e-07 -2.11583173e-06 
 1.67370376e-07  7.63286696e-08  1.67370376e-07  2.06752044e-06 
 1.67420376e-07  4.34781628e-08  1.67420376e-07 -1.98750175e-06 
 1.67470376e-07  7.78433517e-08  1.67470376e-07  1.93984084e-06 
 1.67520376e-07  4.22656320e-08  1.67520376e-07 -1.86050566e-06 
 1.67570376e-07  7.87767176e-08  1.67570376e-07  1.81355984e-06 
 1.67620376e-07  4.15899757e-08  1.67620376e-07 -1.73496994e-06 
 1.67670376e-07  7.92147057e-08  1.67670376e-07  1.68879822e-06 
 1.67720376e-07  4.13709139e-08  1.67720376e-07 -1.61100992e-06 
 1.67770376e-07  7.92323246e-08  1.67770376e-07  1.56566598e-06 
 1.67820376e-07  4.15384215e-08  1.67820376e-07 -1.48873034e-06 
 1.67870376e-07  7.88948901e-08  1.67870376e-07  1.44426279e-06 
 1.67920376e-07  4.20316035e-08  1.67920376e-07 -1.36822592e-06 
 1.67970376e-07  7.82591874e-08  1.67970376e-07  1.32467849e-06 
 1.68020376e-07  4.27974991e-08  1.68020376e-07 -1.24958188e-06 
 1.68070376e-07  7.73745978e-08  1.68070376e-07  1.20699380e-06 
 1.68120376e-07  4.37900927e-08  1.68120376e-07 -1.13287440e-06 
 1.68170376e-07  7.62839840e-08  1.68170376e-07  1.09128063e-06 
 1.68220376e-07  4.49694386e-08  1.68220376e-07 -1.01817136e-06 
 1.68270376e-07  7.50244945e-08  1.68270376e-07  9.77602681e-07 
 1.68320376e-07  4.63010553e-08  1.68320376e-07 -9.05532417e-07 
 1.68370376e-07  7.36282351e-08  1.68370376e-07  8.66015913e-07 
 1.68420376e-07  4.77550001e-08  1.68420376e-07 -7.95009833e-07 
 1.68470376e-07  7.21230475e-08  1.68470376e-07  7.56568952e-07 
 1.68520376e-07  4.93054697e-08  1.68520376e-07 -6.86648755e-07 
 1.68570376e-07  7.05328570e-08  1.68570376e-07  6.49303474e-07 
 1.68620376e-07  5.09302053e-08  1.68620376e-07 -5.80487588e-07 
 1.68670376e-07  6.88783641e-08  1.68670376e-07  5.44254798e-07 
 1.68720376e-07  5.26100630e-08  1.68720376e-07 -4.76558524e-07 
 1.68770376e-07  6.71772506e-08  1.68770376e-07  4.41452072e-07 
 1.68820376e-07  5.43285704e-08  1.68820376e-07 -3.74887848e-07 
 1.68870376e-07  6.54448476e-08  1.68870376e-07  3.40918766e-07 
 1.68920376e-07  5.60716552e-08  1.68920376e-07 -2.75496282e-07 
 1.68970376e-07  6.36940853e-08  1.68970376e-07  2.42673027e-07 
 1.69020376e-07  5.78273037e-08  1.69020376e-07 -1.78399469e-07 
 1.69070376e-07  6.19361176e-08  1.69070376e-07  1.46727963e-07 
 1.69120376e-07  5.95852531e-08  1.69120376e-07 -8.36081296e-08 
 1.69170376e-07  6.01803490e-08  1.69170376e-07  5.30921064e-08 
 1.69220376e-07  6.13368554e-08  1.69220376e-07  8.87142992e-09 
 1.69270376e-07  5.84347640e-08  1.69270376e-07 -3.82304671e-08 
 1.69320376e-07  6.30747394e-08  1.69320376e-07  9.90371469e-08 
 1.69370376e-07  5.67061071e-08  1.69370376e-07 -1.27239628e-07 
 1.69420376e-07  6.47927479e-08  1.69420376e-07  1.86890874e-07 
 1.69470376e-07  5.50000055e-08  1.69470376e-07 -2.13939096e-07 
 1.69520376e-07  6.64857787e-08  1.69520376e-07  2.72438037e-07 
 1.69570376e-07  5.33211560e-08  1.69570376e-07 -2.98335987e-07 
 1.69620376e-07  6.81495109e-08  1.69620376e-07  3.55687448e-07 
 1.69670376e-07  5.16734045e-08  1.69670376e-07 -3.80440736e-07 
 1.69720376e-07  6.97804616e-08  1.69720376e-07  4.36651032e-07 
 1.69770376e-07  5.00599099e-08  1.69770376e-07 -4.60266671e-07 
 1.69820376e-07  7.13758826e-08  1.69820376e-07  5.15343537e-07 
 1.69870376e-07  4.84832072e-08  1.69870376e-07 -5.37829928e-07 
 1.69920376e-07  7.29333753e-08  1.69920376e-07  5.91782381e-07 
 1.69960188e-07  4.67514525e-08  1.69960188e-07 -6.22625832e-07 
 1.70000000e-07  7.48331467e-08  1.70000000e-07  6.84621012e-07 
 1.70005000e-07 -1.12951317e-05  1.70005000e-07 -9.36465105e-05 
 1.70015000e-07  8.06930452e-06  1.70015000e-07  9.41066795e-06 
 1.70035000e-07  3.52282217e-06  1.70035000e-07  2.49566090e-05 
 1.70075000e-07 -5.39955938e-06  1.70075000e-07  2.31900608e-05 
 1.70125000e-07  3.32637504e-05  1.70125000e-07  2.18124915e-04 
 1.70162500e-07  1.42349097e-05  1.70162500e-07  2.37790570e-04 
 1.70200000e-07 -4.61014239e-04  1.70200000e-07 -2.41842238e-04 
 1.70205000e-07 -4.52768231e-04  1.70205000e-07 -5.25697993e-04 
 1.70215000e-07  6.06888264e-05  1.70215000e-07 -1.10899252e-03 
 1.70235000e-07  7.80377266e-04  1.70235000e-07 -1.79388663e-03 
 1.70273306e-07 -4.68966786e-04  1.70273306e-07 -4.24927781e-04 
 1.70315719e-07  2.13249795e-04  1.70315719e-07  2.45515918e-03 
 1.70360150e-07 -7.12133725e-05  1.70360150e-07 -4.75992748e-04 
 1.70410150e-07  4.62312186e-06  1.70410150e-07  1.08663089e-04 
 1.70460150e-07  3.86867884e-05  1.70460150e-07 -3.20220150e-04 
 1.70510150e-07 -7.06548521e-05  1.70510150e-07  1.04620293e-04 
 1.70560150e-07  9.23208181e-05  1.70560150e-07 -6.68642352e-05 
 1.70610150e-07 -1.04539931e-04  1.70610150e-07  4.22673546e-05 
 1.70660150e-07  1.09790129e-04  1.70660150e-07 -1.78949155e-05 
 1.70710150e-07 -1.09870847e-04  1.70710150e-07 -1.78118015e-05 
 1.70760150e-07  1.06806872e-04  1.70760150e-07  3.64985562e-05 
 1.70810150e-07 -1.01410968e-04  1.70810150e-07 -5.61149741e-05 
 1.70860150e-07  9.49973578e-05  1.70860150e-07  7.07710030e-05 
 1.70910150e-07 -8.76995030e-05  1.70910150e-07 -8.28293573e-05 
 1.70960150e-07  8.04150301e-05  1.70960150e-07  9.28022906e-05 
 1.71010150e-07 -7.29292541e-05  1.71010150e-07 -1.00614434e-04 
 1.71060150e-07  6.59223837e-05  1.71060150e-07  1.07090791e-04 
 1.71110150e-07 -5.90115408e-05  1.71110150e-07 -1.12096293e-04 
 1.71160150e-07  5.27642300e-05  1.71160150e-07  1.16146118e-04 
 1.71210150e-07 -4.67183039e-05  1.71210150e-07 -1.19205502e-04 
 1.71260150e-07  4.13828284e-05  1.71260150e-07  1.21579773e-04 
 1.71310150e-07 -3.62600018e-05  1.71310150e-07 -1.23275028e-04 
 1.71360150e-07  3.18292781e-05  1.71360150e-07  1.24486345e-04 
 1.71410150e-07 -2.75786580e-05  1.71410150e-07 -1.25223604e-04 
 1.71460150e-07  2.39735969e-05  1.71460150e-07  1.25624394e-04 
 1.71510150e-07 -2.04983543e-05  1.71510150e-07 -1.25689228e-04 
 1.71560150e-07  1.76128684e-05  1.71560150e-07  1.25524152e-04 
 1.71610150e-07 -1.48025681e-05  1.71610150e-07 -1.25117813e-04 
 1.71660150e-07  1.25263998e-05  1.71660150e-07  1.24557894e-04 
 1.71710150e-07 -1.02730575e-05  1.71710150e-07 -1.23822340e-04 
 1.71760150e-07  8.50279481e-06  1.71760150e-07  1.22987624e-04 
 1.71810150e-07 -6.70824957e-06  1.71810150e-07 -1.22023025e-04 
 1.71860150e-07  5.35202739e-06  1.71860150e-07  1.20997975e-04 
 1.71910150e-07 -3.93069540e-06  1.71910150e-07 -1.19875019e-04 
 1.71960150e-07  2.90955958e-06  1.71960150e-07  1.18719131e-04 
 1.72010150e-07 -1.78878631e-06  1.72010150e-07 -1.17487703e-04 
 1.72060150e-07  1.03635756e-06  1.72060150e-07  1.16242915e-04 
 1.72110150e-07 -1.55589002e-07  1.72110150e-07 -1.14938225e-04 
 1.72160150e-07 -3.83071795e-07  1.72160150e-07  1.13634123e-04 
 1.72210150e-07  1.07363002e-06  1.72210150e-07 -1.12281042e-04 
 1.72260150e-07 -1.44341584e-06  1.72260150e-07  1.10941675e-04 
 1.72310150e-07  1.98440159e-06  1.72310150e-07 -1.09548842e-04 
 1.72360150e-07 -2.22165983e-06  1.72360150e-07  1.08190515e-04 
 1.72410150e-07  2.64574205e-06  1.72410150e-07 -1.06781147e-04 
 1.72460150e-07 -2.77985308e-06  1.72460150e-07  1.05408808e-04 
 1.72510150e-07  3.11319401e-06  1.72510150e-07 -1.03990749e-04 
 1.72560150e-07 -3.16756647e-06  1.72560150e-07  1.02612171e-04 
 1.72610150e-07  3.43103055e-06  1.72610150e-07 -1.01191753e-04 
 1.72660150e-07 -3.42427328e-06  1.72660150e-07  9.98124307e-05 
 1.72710150e-07  3.63429705e-06  1.72710150e-07 -9.83966260e-05 
 1.72760150e-07 -3.58120529e-06  1.72760150e-07  9.70178355e-05 
 1.72810150e-07  3.75098386e-06  1.72810150e-07 -9.56056110e-05 
 1.72860150e-07 -3.66290317e-06  1.72860150e-07  9.42360127e-05 
 1.72910150e-07  3.80261356e-06  1.72910150e-07 -9.28319824e-05 
 1.72960150e-07 -3.68869232e-06  1.72960150e-07  9.14710893e-05 
 1.73010150e-07  3.80626275e-06  1.73010150e-07 -9.00774175e-05 
 1.73060150e-07 -3.67349538e-06  1.73060150e-07  8.87270625e-05 
 1.73110150e-07  3.77508614e-06  1.73110150e-07 -8.73453354e-05 
 1.73160150e-07 -3.62888669e-06  1.73160150e-07  8.60070344e-05 
 1.73210150e-07  3.71924481e-06  1.73210150e-07 -8.46385795e-05 
 1.73260150e-07 -3.56376715e-06  1.73260150e-07  8.33135999e-05 
 1.73310150e-07  3.64652027e-06  1.73310150e-07 -8.19595366e-05 
 1.73360150e-07 -3.48492466e-06  1.73360150e-07  8.06489623e-05 
 1.73410150e-07  3.56282049e-06  1.73410150e-07 -7.93102551e-05 
 1.73460150e-07 -3.39748851e-06  1.73460150e-07  7.80150312e-05 
 1.73510150e-07  3.47258682e-06  1.73510150e-07 -7.66925260e-05 
 1.73560150e-07 -3.30529259e-06  1.73560150e-07  7.54134895e-05 
 1.73610150e-07  3.37911760e-06  1.73610150e-07 -7.41079376e-05 
 1.73660150e-07 -3.21116358e-06  1.73660150e-07  7.28458358e-05 
 1.73710150e-07  3.28482473e-06  1.73710150e-07 -7.15579093e-05 
 1.73760150e-07 -3.11714924e-06  1.73760150e-07  7.03134134e-05 
 1.73810150e-07  3.19143676e-06  1.73810150e-07 -6.90437152e-05 
 1.73860150e-07 -3.02469867e-06  1.73860150e-07  6.78174277e-05 
 1.73910150e-07  3.10015848e-06  1.73910150e-07 -6.65664979e-05 
 1.73960150e-07 -2.93480373e-06  1.73960150e-07  6.53589585e-05 
 1.74010150e-07  3.01179650e-06  1.74010150e-07 -6.41272786e-05 
 1.74060150e-07 -2.84811025e-06  1.74060150e-07  6.29389680e-05 
 1.74110150e-07  2.92685735e-06  1.74110150e-07 -6.17269644e-05 
 1.74160150e-07 -2.76500459e-06  1.74160150e-07  6.05583068e-05 
 1.74210150e-07  2.84562396e-06  1.74210150e-07 -5.93663530e-05 
 1.74260150e-07 -2.68568102e-06  1.74260150e-07  5.82177190e-05 
 1.74310150e-07  2.76821481e-06  1.74310150e-07 -5.70461376e-05 
 1.74360150e-07 -2.61019382e-06  1.74360150e-07  5.59178460e-05 
 1.74410150e-07  2.69462992e-06  1.74410150e-07 -5.47669108e-05 
 1.74460150e-07 -2.53849738e-06  1.74460150e-07  5.36592309e-05 
 1.74510150e-07  2.62478567e-06  1.74510150e-07 -5.25291689e-05 
 1.74560150e-07 -2.47047688e-06  1.74560150e-07  5.14423226e-05 
 1.74610150e-07  2.55854167e-06  1.74610150e-07 -5.03333161e-05 
 1.74660150e-07 -2.40597140e-06  1.74660150e-07  4.92674801e-05 
 1.74710150e-07  2.49572093e-06  1.74710150e-07 -4.81796686e-05 
 1.74760150e-07 -2.34479164e-06  1.74760150e-07  4.71349764e-05 
 1.74810150e-07  2.43612489e-06  1.74810150e-07 -4.60684592e-05 
 1.74860150e-07 -2.28673267e-06  1.74860150e-07  4.50450038e-05 
 1.74910150e-07  2.37954464e-06  1.74910150e-07 -4.39998419e-05 
 1.74960150e-07 -2.23158360e-06  1.74960150e-07  4.29976781e-05 
 1.75010150e-07  2.32576895e-06  1.75010150e-07 -4.19738964e-05 
 1.75060150e-07 -2.17913431e-06  1.75060150e-07  4.09930430e-05 
 1.75110150e-07  2.27459002e-06  1.75110150e-07 -3.99906329e-05 
 1.75160150e-07 -2.12918036e-06  1.75160150e-07  3.90310754e-05 
 1.75210150e-07  2.22580748e-06  1.75210150e-07 -3.80499968e-05 
 1.75260150e-07 -2.08152610e-06  1.75260150e-07  3.71116892e-05 
 1.75310150e-07  2.17923094e-06  1.75310150e-07 -3.61518731e-05 
 1.75360150e-07 -2.03598683e-06  1.75360150e-07  3.52347407e-05 
 1.75410150e-07  2.13468165e-06  1.75410150e-07 -3.42960909e-05 
 1.75460150e-07 -1.99238996e-06  1.75460150e-07  3.34000323e-05 
 1.75510150e-07  2.09199323e-06  1.75510150e-07 -3.24824278e-05 
 1.75560150e-07 -1.95057544e-06  1.75560150e-07  3.16073171e-05 
 1.75610150e-07  2.05101207e-06  1.75610150e-07 -3.07106143e-05 
 1.75660150e-07 -1.91039603e-06  1.75660150e-07  2.98563031e-05 
 1.75710150e-07  2.01159715e-06  1.75710150e-07 -2.89803373e-05 
 1.75760150e-07 -1.87171691e-06  1.75760150e-07  2.81466565e-05 
 1.75810150e-07  1.97361971e-06  1.75810150e-07 -2.72912444e-05 
 1.75860150e-07 -1.83441522e-06  1.75860150e-07  2.64780065e-05 
 1.75910150e-07  1.93696263e-06  1.75910150e-07 -2.56429471e-05 
 1.75960150e-07 -1.79837944e-06  1.75960150e-07  2.48499478e-05 
 1.76010150e-07  1.90151981e-06  1.76010150e-07 -2.40350250e-05 
 1.76060150e-07 -1.76350867e-06  1.76060150e-07  2.32620445e-05 
 1.76110150e-07  1.86719538e-06  1.76110150e-07 -2.24670280e-05 
 1.76160150e-07 -1.72971193e-06  1.76160150e-07  2.17138331e-05 
 1.76210150e-07  1.83390294e-06  1.76210150e-07 -2.09384802e-05 
 1.76260150e-07 -1.69690719e-06  1.76260150e-07  2.02048255e-05 
 1.76310150e-07  1.80156479e-06  1.76310150e-07 -1.94488824e-05 
 1.76360150e-07 -1.66502092e-06  1.76360150e-07  1.87345116e-05 
 1.76410150e-07  1.77011122e-06  1.76410150e-07 -1.79977149e-05 
 1.76460150e-07 -1.63398700e-06  1.76460150e-07  1.73023623e-05 
 1.76510150e-07  1.73947967e-06  1.76510150e-07 -1.65844396e-05 
 1.76560150e-07 -1.60374637e-06  1.76560150e-07  1.59078312e-05 
 1.76610150e-07  1.70961424e-06  1.76610150e-07 -1.52085031e-05 
 1.76660150e-07 -1.57424601e-06  1.76660150e-07  1.45503575e-05 
 1.76710150e-07  1.68046476e-06  1.76710150e-07 -1.38693379e-05 
 1.76760150e-07 -1.54543860e-06  1.76760150e-07  1.32293679e-05 
 1.76810150e-07  1.65198655e-06  1.76810150e-07 -1.25663653e-05 
 1.76860150e-07 -1.51728180e-06  1.76860150e-07  1.19442782e-05 
 1.76910150e-07  1.62413953e-06  1.76910150e-07 -1.12989967e-05 
 1.76960150e-07 -1.48973779e-06  1.76960150e-07  1.06944956e-05 
 1.77010150e-07  1.59688797e-06  1.77010150e-07 -1.00666354e-05 
 1.77060150e-07 -1.46277282e-06  1.77060150e-07  9.47941997e-06 
 1.77110150e-07  1.57019996e-06  1.77110150e-07 -8.86867843e-06 
 1.77160150e-07 -1.43635666e-06  1.77160150e-07  8.29844544e-06 
 1.77210150e-07  1.54404691e-06  1.77210150e-07 -7.70451770e-06 
 1.77260150e-07 -1.41046230e-06  1.77260150e-07  7.15096194e-06 
 1.77310150e-07  1.51840330e-06  1.77310150e-07 -6.57354156e-06 
 1.77360150e-07 -1.38506561e-06  1.77360150e-07  6.03635640e-06 
 1.77410150e-07  1.49324627e-06  1.77410150e-07 -5.47513591e-06 
 1.77460150e-07 -1.36014495e-06  1.77460150e-07  4.95401396e-06 
 1.77510150e-07  1.46855532e-06  1.77510150e-07 -4.40868551e-06 
 1.77560150e-07 -1.33568090e-06  1.77560150e-07  3.90331898e-06 
 1.77610150e-07  1.44431210e-06  1.77610150e-07 -3.37357482e-06 
 1.77660150e-07 -1.31165608e-06  1.77660150e-07  2.88365622e-06 
 1.77710150e-07  1.42050012e-06  1.77710150e-07 -2.36918906e-06 
 1.77760150e-07 -1.28805487e-06  1.77760150e-07  1.89441162e-06 
 1.77810150e-07  1.39710446e-06  1.77810150e-07 -1.39491515e-06 
 1.77860150e-07 -1.26486305e-06  1.77860150e-07  9.34973078e-07 
 1.77910150e-07  1.37411175e-06  1.77910150e-07 -4.50142380e-07 
 1.77960150e-07 -1.24206796e-06  1.77960150e-07  4.73140210e-09 
 1.78010150e-07  1.35150988e-06  1.78010150e-07  4.65736737e-07 
 1.78060150e-07 -1.21965806e-06  1.78060150e-07 -8.96919091e-07 
 1.78110150e-07  1.32928784e-06  1.78110150e-07  1.35332591e-06 
 1.78160150e-07 -1.19762284e-06  1.78160150e-07 -1.77058001e-06 
 1.78210150e-07  1.30743562e-06  1.78210150e-07  2.21322439e-06 
 1.78260150e-07 -1.17595277e-06  1.78260150e-07 -2.61684822e-06 
 1.78310150e-07  1.28594413e-06  1.78310150e-07  3.04602651e-06 
 1.78360150e-07 -1.15463914e-06  1.78360150e-07 -3.43631536e-06 
 1.78410150e-07  1.26480498e-06  1.78410150e-07  3.85232106e-06 
 1.78460150e-07 -1.13367390e-06  1.78460150e-07 -4.22956732e-06 
 1.78510150e-07  1.24401053e-06  1.78510150e-07  4.63269094e-06 
 1.78560150e-07 -1.11304974e-06  1.78560150e-07 -4.99718396e-06 
 1.78610150e-07  1.22355367e-06  1.78610150e-07  5.38771277e-06 
 1.78660150e-07 -1.09275981e-06  1.78660150e-07 -5.73973858e-06 
 1.78710150e-07  1.20342786e-06  1.78710150e-07  6.11795647e-06 
 1.78760150e-07 -1.07279782e-06  1.78760150e-07 -6.45779770e-06 
 1.78810150e-07  1.18362699e-06  1.78810150e-07  6.82398505e-06 
 1.78860150e-07 -1.05315778e-06  1.78860150e-07 -7.15192072e-06 
 1.78910150e-07  1.16414531e-06  1.78910150e-07  7.50635416e-06 
 1.78960150e-07 -1.03383427e-06  1.78960150e-07 -7.82265955e-06 
 1.79010150e-07  1.14497750e-06  1.79010150e-07  8.16561202e-06 
 1.79060150e-07 -1.01482201e-06  1.79060150e-07 -8.47055860e-06 
 1.79110150e-07  1.12611846e-06  1.79110150e-07  8.80229911e-06 
 1.79160150e-07 -9.96116062e-07  1.79160150e-07 -9.09615441e-06 
 1.79210150e-07  1.10756341e-06  1.79210150e-07  9.41694802e-06 
 1.79260150e-07 -9.77711827e-07  1.79260150e-07 -9.69997561e-06 
 1.79310150e-07  1.08930783e-06  1.79310150e-07  1.00100832e-05 
 1.79360150e-07 -9.59604810e-07  1.79360150e-07 -1.02825425e-05 
 1.79410150e-07  1.07134730e-06  1.79410150e-07  1.05822211e-05 
 1.79460150e-07 -9.41790714e-07  1.79460150e-07 -1.08443675e-05 
 1.79510150e-07  1.05367764e-06  1.79510150e-07  1.11338696e-05 
 1.79560150e-07 -9.24265448e-07  1.79560150e-07 -1.13859541e-05 
 1.79610150e-07  1.03629484e-06  1.79610150e-07  1.16655284e-05 
 1.79660150e-07 -9.07025078e-07  1.79660150e-07 -1.19077980e-05 
 1.79710150e-07  1.01919502e-06  1.79710150e-07  1.21776887e-05 
 1.79760150e-07 -8.90065738e-07  1.79760150e-07 -1.24103859e-05 
 1.79810150e-07  1.00237435e-06  1.79810150e-07  1.26708330e-05 
 1.79860150e-07 -8.73383708e-07  1.79860150e-07 -1.28941962e-05 
 1.79910150e-07  9.85829183e-07  1.79910150e-07  1.31454354e-05 
 1.79955075e-07 -8.56056575e-07  1.79955075e-07 -1.33854590e-05 
 1.80000000e-07  9.67734367e-07  1.80000000e-07  1.36524250e-05 
 1.80005000e-07  2.08618110e-05  1.80005000e-07  2.61866468e-04 
 1.80015000e-07 -4.46473309e-06  1.80015000e-07  4.50243211e-05 
 1.80035000e-07 -1.36915878e-05  1.80035000e-07 -7.76093017e-05 
 1.80075000e-07  1.02986071e-05  1.80075000e-07 -1.10360568e-04 
 1.80125000e-07 -5.64944582e-05  1.80125000e-07 -2.05740734e-04 
 1.80162500e-07 -1.49179450e-05  1.80162500e-07 -5.88229552e-04 
 1.80200000e-07  2.56925918e-03  1.80200000e-07  7.93820473e-04 
 1.80205000e-07  1.74715098e-03  1.80205000e-07  1.49000365e-03 
 1.80215000e-07 -3.89614286e-03  1.80215000e-07  3.06323330e-03 
 1.80235000e-07 -1.74022152e-02  1.80235000e-07  5.48490696e-03 
 1.80275000e-07  6.01238303e-02  1.80275000e-07  3.09373084e-03 
 1.80325000e-07  1.03900618e+00  1.80325000e-07 -2.88594011e-02 
 1.80375000e-07  1.25475201e+00  1.80375000e-07 -5.29550883e-02 
 1.80425000e-07  1.15389372e+00  1.80425000e-07  7.28188289e-02 
 1.80475000e-07  1.23639587e+00  1.80475000e-07  1.09679755e+00 
 1.80525000e-07  1.16974202e+00  1.80525000e-07  2.83398620e+00 
 1.80575000e-07  1.22420965e+00  1.80575000e-07  3.24886538e+00 
 1.80625000e-07  1.17998540e+00  1.80625000e-07  3.24185582e+00 
 1.80675000e-07  1.21614782e+00  1.80675000e-07  3.28683845e+00 
 1.80725000e-07  1.18669168e+00  1.80725000e-07  3.28288457e+00 
 1.80775000e-07  1.21080000e+00  1.80775000e-07  3.29576842e+00 
 1.80825000e-07  1.19111142e+00  1.80825000e-07  3.29488823e+00 
 1.80875000e-07  1.20724532e+00  1.80875000e-07  3.29863248e+00 
 1.80925000e-07  1.19403792e+00  1.80925000e-07  3.29857792e+00 
 1.80975000e-07  1.20487770e+00  1.80975000e-07  3.29940305e+00 
 1.81025000e-07  1.19598310e+00  1.81025000e-07  3.29979138e+00 
 1.81075000e-07  1.20329727e+00  1.81075000e-07  3.29955599e+00 
 1.81125000e-07  1.19728042e+00  1.81125000e-07  3.30022758e+00 
 1.81175000e-07  1.20223975e+00  1.81175000e-07  3.29954994e+00 
 1.81225000e-07  1.19815212e+00  1.81225000e-07  3.30040171e+00 
 1.81275000e-07  1.20153340e+00  1.81275000e-07  3.29951965e+00 
 1.81325000e-07  1.19873275e+00  1.81325000e-07  3.30047491e+00 
 1.81375000e-07  1.20105415e+00  1.81375000e-07  3.29949736e+00 
 1.81425000e-07  1.19912441e+00  1.81425000e-07  3.30050336e+00 
 1.81475000e-07  1.20073087e+00  1.81475000e-07  3.29948965e+00 
 1.81525000e-07  1.19938964e+00  1.81525000e-07  3.30050841e+00 
 1.81575000e-07  1.20051179e+00  1.81575000e-07  3.29949439e+00 
 1.81625000e-07  1.19957002e+00  1.81625000e-07  3.30049982e+00 
 1.81675000e-07  1.20036253e+00  1.81675000e-07  3.29950819e+00 
 1.81725000e-07  1.19969335e+00  1.81725000e-07  3.30048291e+00 
 1.81775000e-07  1.20026023e+00  1.81775000e-07  3.29952802e+00 
 1.81825000e-07  1.19977822e+00  1.81825000e-07  3.30046097e+00 
 1.81875000e-07  1.20018961e+00  1.81875000e-07  3.29955156e+00 
 1.81925000e-07  1.19983706e+00  1.81925000e-07  3.30043618e+00 
 1.81962500e-07  1.20013377e+00  1.81962500e-07  3.29958150e+00 
 1.82000000e-07  1.19988912e+00  1.82000000e-07  3.30040122e+00 
 1.82005000e-07  1.19953075e+00  1.82005000e-07  3.29842135e+00 
 1.82015000e-07  1.19936528e+00  1.82015000e-07  3.29700837e+00 
 1.82035000e-07  1.19979160e+00  1.82035000e-07  3.29712958e+00 
 1.82075000e-07  1.19980857e+00  1.82075000e-07  3.29964873e+00 
 1.82125000e-07  1.20497047e+00  1.82125000e-07  3.32597092e+00 
 1.82162500e-07  1.21926650e+00  1.82162500e-07  3.35971740e+00 
 1.82200000e-07  1.21535507e+00  1.82200000e-07  3.38433106e+00 
 1.82205000e-07  1.19067456e+00  1.82205000e-07  3.38149669e+00 
 1.82215000e-07  1.05962696e+00  1.82215000e-07  3.36212195e+00 
 1.82235000e-07  4.38859464e-01  1.82235000e-07  3.27846005e+00 
 1.82275000e-07 -1.96797531e-02  1.82275000e-07  2.81776986e+00 
 1.82322129e-07  2.02525566e-02  1.82322129e-07  5.17489522e-01 
 1.82372129e-07 -1.60293823e-02  1.82372129e-07 -8.46634642e-02 
 1.82422129e-07  1.44354529e-02  1.82422129e-07  8.50659913e-02 
 1.82472129e-07 -1.28017315e-02  1.82472129e-07 -4.78082840e-02 
 1.82522129e-07  1.16384279e-02  1.82522129e-07  3.85408483e-02 
 1.82572129e-07 -1.04287531e-02  1.82572129e-07 -2.56860056e-02 
 1.82622129e-07  9.47523997e-03  1.82622129e-07  1.88995839e-02 
 1.82672129e-07 -8.50575570e-03  1.82672129e-07 -1.37009338e-02 
 1.82722129e-07  7.71889243e-03  1.82722129e-07  1.00322665e-02 
 1.82772129e-07 -6.93879967e-03  1.82772129e-07 -7.37845379e-03 
 1.82822129e-07  6.29208140e-03  1.82822129e-07  5.40773553e-03 
 1.82872129e-07 -5.66445673e-03  1.82872129e-07 -3.95608760e-03 
 1.82922129e-07  5.13470426e-03  1.82922129e-07  2.84731331e-03 
 1.82972129e-07 -4.62939962e-03  1.82972129e-07 -2.00854263e-03 
 1.83022129e-07  4.19644085e-03  1.83022129e-07  1.35305688e-03 
 1.83072129e-07 -3.78915462e-03  1.83072129e-07 -8.43804068e-04 
 1.83122129e-07  3.43583771e-03  1.83122129e-07  4.38763170e-04 
 1.83172129e-07 -3.10713623e-03  1.83172129e-07 -1.16614505e-04 
 1.83222129e-07  2.81909061e-03  1.83222129e-07 -1.42488706e-04 
 1.83272129e-07 -2.55346478e-03  1.83272129e-07  3.52444437e-04 
 1.83322129e-07  2.31876387e-03  1.83322129e-07 -5.21976554e-04 
 1.83372129e-07 -2.10669254e-03  1.83372129e-07  6.60288358e-04 
 1.83422129e-07  1.91053885e-03  1.83422129e-07 -7.74502158e-04 
 1.83472129e-07 -1.73978735e-03  1.83472129e-07  8.64354431e-04 
 1.83522129e-07  1.58182585e-03  1.83522129e-07 -9.40664526e-04 
 1.83572129e-07 -1.44186045e-03  1.83572129e-07  9.98419831e-04 
 1.83622129e-07  1.31435843e-03  1.83622129e-07 -1.04833916e-03 
 1.83672129e-07 -1.19970910e-03  1.83672129e-07  1.08379018e-03 
 1.83722129e-07  1.09657982e-03  1.83722129e-07 -1.11491898e-03 
 1.83772129e-07 -1.00269149e-03  1.83772129e-07  1.13456976e-03 
 1.83822129e-07  9.19117215e-04  1.83822129e-07 -1.15209266e-03 
 1.83872129e-07 -8.42220572e-04  1.83872129e-07  1.16040316e-03 
 1.83922129e-07  7.74372861e-04  1.83922129e-07 -1.16796186e-03 
 1.83972129e-07 -7.11362799e-04  1.83972129e-07  1.16806970e-03 
 1.84022129e-07  6.56188302e-04  1.84022129e-07 -1.16828242e-03 
 1.84072129e-07 -6.04515379e-04  1.84072129e-07  1.16244024e-03 
 1.84122129e-07  5.59571294e-04  1.84122129e-07 -1.15722441e-03 
 1.84172129e-07 -5.17147532e-04  1.84172129e-07  1.14707563e-03 
 1.84222129e-07  4.80474279e-04  1.84222129e-07 -1.13785615e-03 
 1.84272129e-07 -4.45592841e-04  1.84272129e-07  1.12461498e-03 
 1.84322129e-07  4.15614887e-04  1.84322129e-07 -1.11246305e-03 
 1.84372129e-07 -3.86882449e-04  1.84372129e-07  1.09703548e-03 
 1.84422129e-07  3.62330589e-04  1.84422129e-07 -1.08276378e-03 
 1.84472129e-07 -3.38610927e-04  1.84472129e-07  1.06583095e-03 
 1.84522129e-07  3.18461043e-04  1.84522129e-07 -1.05006042e-03 
 1.84572129e-07 -2.98828286e-04  1.84572129e-07  1.03213725e-03 
 1.84622129e-07  2.82252867e-04  1.84622129e-07 -1.01534485e-03 
 1.84672129e-07 -2.65952951e-04  1.84672129e-07  9.96822061e-04 
 1.84722129e-07  2.52282561e-04  1.84722129e-07 -9.79375494e-04 
 1.84772129e-07 -2.38701570e-04  1.84772129e-07  9.60550071e-04 
 1.84822129e-07  2.27394097e-04  1.84822129e-07 -9.42733417e-04 
 1.84872129e-07 -2.16032329e-04  1.84872129e-07  9.23831105e-04 
 1.84922129e-07  2.06648395e-04  1.84922129e-07 -9.05863941e-04 
 1.84972129e-07 -1.97099159e-04  1.84972129e-07  8.87055940e-04 
 1.85022129e-07  1.89282384e-04  1.85022129e-07 -8.69107777e-04 
 1.85072129e-07 -1.81214697e-04  1.85072129e-07  8.50523302e-04 
 1.85122129e-07  1.74675833e-04  1.85122129e-07 -8.32724572e-04 
 1.85172129e-07 -1.67820317e-04  1.85172129e-07  8.14460374e-04 
 1.85222129e-07  1.62324471e-04  1.85222129e-07 -7.96910872e-04 
 1.85272129e-07 -1.56461858e-04  1.85272129e-07  7.79038502e-04 
 1.85322129e-07  1.51818183e-04  1.85322129e-07 -7.61813904e-04 
 1.85372129e-07 -1.46769967e-04  1.85372129e-07  7.44385295e-04 
 1.85422129e-07  1.42823331e-04  1.85422129e-07 -7.27542235e-04 
 1.85472129e-07 -1.38444157e-04  1.85472129e-07  7.10594017e-04 
 1.85522129e-07  1.35068408e-04  1.85522129e-07 -6.94174056e-04 
 1.85572129e-07 -1.31239883e-04  1.85572129e-07  6.77730903e-04 
 1.85622129e-07  1.28332395e-04  1.85622129e-07 -6.61763648e-04 
 1.85672129e-07 -1.24958055e-04  1.85672129e-07  6.45840893e-04 
 1.85722129e-07  1.22435310e-04  1.85722129e-07 -6.30346464e-04 
 1.85772129e-07 -1.19436524e-04  1.85772129e-07  6.14952142e-04 
 1.85822129e-07  1.17230528e-04  1.85822129e-07 -5.99943123e-04 
 1.85872129e-07 -1.14543175e-04  1.85872129e-07  5.85079580e-04 
 1.85922129e-07  1.12598553e-04  1.85922129e-07 -5.70562575e-04 
 1.85972129e-07 -1.10170314e-04  1.85972129e-07  5.56227737e-04 
 1.86022129e-07  1.08441948e-04  1.86022129e-07 -5.42204610e-04 
 1.86072129e-07 -1.06230108e-04  1.86072129e-07  5.28392979e-04 
 1.86122129e-07  1.04580278e-04  1.86122129e-07 -5.14847330e-04 
 1.86172129e-07 -1.02661695e-04  1.86172129e-07  5.01570785e-04 
 1.86222129e-07  1.01260875e-04  1.86222129e-07 -4.88523873e-04 
 1.86272129e-07 -9.93824122e-05  1.86272129e-07  4.75731478e-04 
 1.86322129e-07  9.81071560e-05  1.86322129e-07 -4.63167018e-04 
 1.86372129e-07 -9.63585606e-05  1.86372129e-07  4.50868440e-04 
 1.86422129e-07  9.51885460e-05  1.86422129e-07 -4.38775379e-04 
 1.86472129e-07 -9.35505546e-05  1.86472129e-07  4.26957646e-04 
 1.86522129e-07  9.24694031e-05  1.86522129e-07 -4.15325543e-04 
 1.86572129e-07 -9.09262620e-05  1.86572129e-07  4.03975067e-04 
 1.86622129e-07  8.99205982e-05  1.86622129e-07 -3.92792538e-04 
 1.86672129e-07 -8.84593624e-05  1.86672129e-07  3.81895266e-04 
 1.86722129e-07  8.75182402e-05  1.86722129e-07 -3.71150217e-04 
 1.86772129e-07 -8.61282491e-05  1.86772129e-07  3.60691803e-04 
 1.86822129e-07  8.52426993e-05  1.86822129e-07 -3.50371626e-04 
 1.86872129e-07 -8.39151545e-05  1.86872129e-07  3.40337580e-04 
 1.86922129e-07  8.30778175e-05  1.86922129e-07 -3.30429331e-04 
 1.86972129e-07 -8.18054393e-05  1.86972129e-07  3.20805138e-04 
 1.87022129e-07  8.10102667e-05  1.87022129e-07 -3.11295676e-04 
 1.87072129e-07 -7.97870143e-05  1.87072129e-07  3.02066896e-04 
 1.87122129e-07  7.90290258e-05  1.87122129e-07 -2.92943003e-04 
 1.87172129e-07 -7.78498701e-05  1.87172129e-07  2.84095353e-04 
 1.87222129e-07  7.71249555e-05  1.87222129e-07 -2.75343828e-04 
 1.87272129e-07 -7.59856937e-05  1.87272129e-07  2.66863243e-04 
 1.87322129e-07  7.52904521e-05  1.87322129e-07 -2.58470980e-04 
 1.87372129e-07 -7.41875570e-05  1.87372129e-07  2.50343659e-04 
 1.87422129e-07  7.35191656e-05  1.87422129e-07 -2.42297711e-04 
 1.87472129e-07 -7.24496629e-05  1.87472129e-07  2.34510160e-04 
 1.87522129e-07  7.18057705e-05  1.87522129e-07 -2.26797785e-04 
 1.87572129e-07 -7.07671385e-05  1.87572129e-07  2.19336841e-04 
 1.87622129e-07  7.01457784e-05  1.87622129e-07 -2.11945543e-04 
 1.87672129e-07 -6.91358671e-05  1.87672129e-07  2.04798399e-04 
 1.87722129e-07  6.85353868e-05  1.87722129e-07 -1.97715961e-04 
 1.87772129e-07 -6.75523509e-05  1.87772129e-07  1.90870175e-04 
 1.87822129e-07  6.69713542e-05  1.87822129e-07 -1.84084678e-04 
 1.87872129e-07 -6.60135997e-05  1.87872129e-07  1.77528190e-04 
 1.87922129e-07  6.54508999e-05  1.87922129e-07 -1.71028034e-04 
 1.87972129e-07 -6.45170396e-05  1.87972129e-07  1.64749166e-04 
 1.88022129e-07  6.39716215e-05  1.88022129e-07 -1.58523080e-04 
 1.88072129e-07 -6.30604389e-05  1.88072129e-07  1.52510539e-04 
 1.88122129e-07  6.25314279e-05  1.88122129e-07 -1.46547591e-04 
 1.88172129e-07 -6.16418482e-05  1.88172129e-07  1.40790472e-04 
 1.88222129e-07  6.11284845e-05  1.88222129e-07 -1.35080075e-04 
 1.88272129e-07 -6.02595506e-05  1.88272129e-07  1.29567855e-04 
 1.88322129e-07  5.97611691e-05  1.88322129e-07 -1.24099764e-04 
 1.88372129e-07 -5.89120218e-05  1.88372129e-07  1.18822298e-04 
 1.88422129e-07  5.84280351e-05  1.88422129e-07 -1.13586618e-04 
 1.88472129e-07 -5.75978974e-05  1.88472129e-07  1.08534135e-04 
 1.88522129e-07  5.71277821e-05  1.88522129e-07 -1.03521312e-04 
 1.88572129e-07 -5.63159460e-05  1.88572129e-07  9.86844045e-05 
 1.88622129e-07  5.58592317e-05  1.88622129e-07 -9.38852257e-05 
 1.88672129e-07 -5.50650474e-05  1.88672129e-07  8.92548466e-05 
 1.88722129e-07  5.46213077e-05  1.88722129e-07 -8.46604336e-05 
 1.88772129e-07 -5.38441748e-05  1.88772129e-07  8.02278838e-05 
 1.88822129e-07  5.34130198e-05  1.88822129e-07 -7.58296875e-05 
 1.88872129e-07 -5.26523802e-05  1.88872129e-07  7.15866082e-05 
 1.88922129e-07  5.22334505e-05  1.88922129e-07 -6.73764023e-05 
 1.88972129e-07 -5.14887825e-05  1.88972129e-07  6.33147654e-05 
 1.89022129e-07  5.10817442e-05  1.89022129e-07 -5.92846384e-05 
 1.89072129e-07 -5.03525575e-05  1.89072129e-07  5.53967366e-05 
 1.89122129e-07  4.99570985e-05  1.89122129e-07 -5.15390842e-05 
 1.89172129e-07 -4.92429302e-05  1.89172129e-07  4.78175213e-05 
 1.89222129e-07  4.88587564e-05  1.89222129e-07 -4.41250382e-05 
 1.89272129e-07 -4.81591678e-05  1.89272129e-07  4.05627189e-05 
 1.89322129e-07  4.77860011e-05  1.89322129e-07 -3.70283898e-05 
 1.89372129e-07 -4.71005747e-05  1.89372129e-07  3.36185099e-05 
 1.89422129e-07  4.67381502e-05  1.89422129e-07 -3.02356013e-05 
 1.89472129e-07 -4.60664876e-05  1.89472129e-07  2.69716374e-05 
 1.89522129e-07  4.57145523e-05  1.89522129e-07 -2.37336885e-05 
 1.89572129e-07 -4.50562720e-05  1.89572129e-07  2.06093884e-05 
 1.89622129e-07  4.47145832e-05  1.89622129e-07 -1.75102020e-05 
 1.89672129e-07 -4.40693193e-05  1.89672129e-07  1.45195749e-05 
 1.89722129e-07  4.37376430e-05  1.89722129e-07 -1.15532090e-05 
 1.89772129e-07 -4.31050438e-05  1.89772129e-07  8.69051580e-06 
 1.89822129e-07  4.27831544e-05  1.89822129e-07 -5.85127430e-06 
 1.89872129e-07 -4.21628810e-05  1.89872129e-07  3.11101816e-06 
 1.89922129e-07  4.18505600e-05  1.89922129e-07 -3.93442445e-07 
 1.89961065e-07 -4.11131299e-05  1.89961065e-07 -2.96971681e-06 
 1.90000000e-07  4.06842451e-05  1.90000000e-07  6.27459150e-06 
 1.90005000e-07 -8.14292203e-06  1.90005000e-07 -8.15922545e-05 
 1.90015000e-07  7.95824500e-06  1.90015000e-07  2.37035938e-05 
 1.90035000e-07  1.78379882e-06  1.90035000e-07  1.80019810e-05 
 1.90075000e-07 -4.79930064e-06  1.90075000e-07  1.48502959e-05 
 1.90125000e-07  2.34383320e-05  1.90125000e-07  1.36533496e-04 
 1.90162500e-07  2.13208280e-06  1.90162500e-07  1.34760750e-04 
 1.90200000e-07 -3.28821834e-04  1.90200000e-07 -1.76873334e-04 
 1.90205000e-07 -3.63552135e-04  1.90205000e-07 -4.06364611e-04 
 1.90215000e-07 -1.66146009e-05  1.90215000e-07 -8.55622513e-04 
 1.90235000e-07  5.97516658e-04  1.90235000e-07 -1.41597971e-03 
 1.90271733e-07 -4.17023482e-04  1.90271733e-07  7.08558390e-05 
 1.90313800e-07  3.08450288e-04  1.90313800e-07  1.39770630e-03 
 1.90358980e-07 -1.62262148e-04  1.90358980e-07 -1.58868575e-04 
 1.90408980e-07  7.35208219e-05  1.90408980e-07 -3.99217112e-04 
 1.90458980e-07 -1.08207401e-05  1.90458980e-07  2.91308678e-04 
 1.90508980e-07 -2.89313006e-05  1.90508980e-07 -1.87123867e-04 
 1.90558980e-07  5.54130238e-05  1.90558980e-07  2.30570409e-04 
 1.90608980e-07 -7.10776629e-05  1.90608980e-07 -2.14200497e-04 
 1.90658980e-07  8.05340510e-05  1.90658980e-07  2.31898764e-04 
 1.90708980e-07 -8.46248527e-05  1.90708980e-07 -2.30326487e-04 
 1.90758980e-07  8.58773133e-05  1.90758980e-07  2.37912344e-04 
 1.90808980e-07 -8.43460109e-05  1.90808980e-07 -2.37387037e-04 
 1.90858980e-07  8.17208059e-05  1.90858980e-07  2.40191358e-04 
 1.90908980e-07 -7.76386631e-05  1.90908980e-07 -2.38710863e-04 
 1.90958980e-07  7.33196892e-05  1.90958980e-07  2.38594718e-04 
 1.91008980e-07 -6.82822529e-05  1.91008980e-07 -2.35882157e-04 
 1.91058980e-07  6.34569176e-05  1.91058980e-07  2.33968139e-04 
 1.91108980e-07 -5.83015031e-05  1.91108980e-07 -2.30299136e-04 
 1.91158980e-07  5.35813840e-05  1.91158980e-07  2.27019015e-04 
 1.91208980e-07 -4.87305374e-05  1.91208980e-07 -2.22622664e-04 
 1.91258980e-07  4.44138251e-05  1.91258980e-07  2.18652168e-04 
 1.91308980e-07 -4.00566148e-05  1.91308980e-07 -2.13875018e-04 
 1.91358980e-07  3.62615955e-05  1.91358980e-07  2.09474798e-04 
 1.91408980e-07 -3.24599849e-05  1.91408980e-07 -2.04468231e-04 
 1.91458980e-07  2.92115526e-05  1.91458980e-07  1.99800643e-04 
 1.91508980e-07 -2.59543376e-05  1.91508980e-07 -1.94731000e-04 
 1.91558980e-07  2.32269743e-05  1.91558980e-07  1.89985748e-04 
 1.91608980e-07 -2.04720338e-05  1.91608980e-07 -1.84958589e-04 
 1.91658980e-07  1.82157885e-05  1.91658980e-07  1.80241657e-04 
 1.91708980e-07 -1.59065564e-05  1.91708980e-07 -1.75328498e-04 
 1.91758980e-07  1.40629408e-05  1.91758980e-07  1.70710993e-04 
 1.91808980e-07 -1.21394117e-05  1.91808980e-07 -1.65958320e-04 
 1.91858980e-07  1.06496084e-05  1.91858980e-07  1.61485929e-04 
 1.91908980e-07 -9.05411141e-06  1.91908980e-07 -1.56921746e-04 
 1.91958980e-07  7.86317757e-06  1.91958980e-07  1.52621909e-04 
 1.92008980e-07 -6.54318884e-06  1.92008980e-07 -1.48260908e-04 
 1.92058980e-07  5.60195469e-06  1.92058980e-07  1.44148162e-04 
 1.92108980e-07 -4.51120484e-06  1.92108980e-07 -1.39995677e-04 
 1.92158980e-07  3.77686191e-06  1.92158980e-07  1.36075592e-04 
 1.92208980e-07 -2.87548786e-06  1.92208980e-07 -1.32130554e-04 
 1.92258980e-07  2.31146209e-06  1.92258980e-07  1.28402612e-04 
 1.92308980e-07 -1.56565398e-06  1.92308980e-07 -1.24659723e-04 
 1.92358980e-07  1.14111710e-06  1.92358980e-07  1.21119403e-04 
 1.92408980e-07 -5.22525530e-07  1.92408980e-07 -1.17570717e-04 
 1.92458980e-07  2.11751191e-07  1.92458980e-07  1.14210990e-04 
 1.92508980e-07  3.03190979e-07  1.92508980e-07 -1.10847037e-04 
 1.92558980e-07 -5.21508930e-07  1.92558980e-07  1.07659428e-04 
 1.92608980e-07  9.52264217e-07  1.92608980e-07 -1.04470003e-04 
 1.92658980e-07 -1.09566737e-06  1.92658980e-07  1.01445325e-04 
 1.92708980e-07  1.45822581e-06  1.92708980e-07 -9.84200297e-05 
 1.92758980e-07 -1.54108944e-06  1.92758980e-07  9.55488878e-05 
 1.92808980e-07  1.84853462e-06  1.92808980e-07 -9.26774901e-05 
 1.92858980e-07 -1.88259561e-06  1.92858980e-07  8.99506132e-05 
 1.92908980e-07  2.14559795e-06  1.92908980e-07 -8.72232753e-05 
 1.92958980e-07 -2.14041028e-06  1.92958980e-07  8.46317298e-05 
 1.93008980e-07  2.36764931e-06  1.93008980e-07 -8.20391421e-05 
 1.93058980e-07 -2.33097105e-06  1.93058980e-07  7.95744575e-05 
 1.93108980e-07  2.52949165e-06  1.93108980e-07 -7.71079098e-05 
 1.93158980e-07 -2.46760981e-06  1.93158980e-07  7.47621443e-05 
 1.93208980e-07  2.64311997e-06  1.93208980e-07 -7.24135506e-05 
 1.93258980e-07 -2.56112072e-06  1.93258980e-07  7.01793164e-05 
 1.93308980e-07  2.71823852e-06  1.93308980e-07 -6.79412109e-05 
 1.93358980e-07 -2.62023070e-06  1.93358980e-07  6.58116723e-05 
 1.93408980e-07  2.76268777e-06  1.93408980e-07 -6.36771864e-05 
 1.93458980e-07 -2.65198643e-06  1.93458980e-07  6.16460403e-05 
 1.93508980e-07  2.78279502e-06  1.93508980e-07 -5.96088680e-05 
 1.93558980e-07 -2.66207185e-06  1.93558980e-07  5.76703138e-05 
 1.93608980e-07  2.78366118e-06  1.93608980e-07 -5.57246716e-05 
 1.93658980e-07 -2.65506713e-06  1.93658980e-07  5.38733762e-05 
 1.93708980e-07  2.76939466e-06  1.93708980e-07 -5.20139599e-05 
 1.93758980e-07 -2.63465967e-06  1.93758980e-07  5.02450200e-05 
 1.93808980e-07  2.74330145e-06  1.93808980e-07 -4.84669622e-05 
 1.93858980e-07 -2.60381554e-06  1.93858980e-07  4.67758663e-05 
 1.93908980e-07  2.70803960e-06  1.93908980e-07 -4.50746951e-05 
 1.93958980e-07 -2.56491845e-06  1.93958980e-07  4.34572874e-05 
 1.94008980e-07  2.66574408e-06  1.94008980e-07 -4.18288875e-05 
 1.94058980e-07 -2.51988217e-06  1.94058980e-07  4.02813335e-05 
 1.94108980e-07  2.61812808e-06  1.94108980e-07 -3.87219110e-05 
 1.94158980e-07 -2.47024167e-06  1.94158980e-07  3.72406657e-05 
 1.94208980e-07  2.56656476e-06  1.94208980e-07 -3.57467147e-05 
 1.94258980e-07 -2.41722646e-06  1.94258980e-07  3.43284941e-05 
 1.94308980e-07  2.51215320e-06  1.94308980e-07 -3.28967681e-05 
 1.94358980e-07 -2.36181999e-06  1.94358980e-07  3.15385228e-05 
 1.94408980e-07  2.45577168e-06  1.94408980e-07 -3.01660079e-05 
 1.94458980e-07 -2.30480750e-06  1.94458980e-07  2.88649001e-05 
 1.94508980e-07  2.39812074e-06  1.94508980e-07 -2.75487919e-05 
 1.94558980e-07 -2.24681460e-06  1.94558980e-07  2.63021741e-05 
 1.94608980e-07  2.33975767e-06  1.94608980e-07 -2.50398566e-05 
 1.94658980e-07 -2.18833833e-06  1.94658980e-07  2.38452537e-05 
 1.94708980e-07  2.28112453e-06  1.94708980e-07 -2.26342812e-05 
 1.94758980e-07 -2.12977233e-06  1.94758980e-07  2.14893736e-05 
 1.94808980e-07  2.22257063e-06  1.94808980e-07 -2.03274544e-05 
 1.94858980e-07 -2.07142693e-06  1.94858980e-07  1.92300639e-05 
 1.94908980e-07  2.16437063e-06  1.94908980e-07 -1.81150459e-05 
 1.94958980e-07 -2.01354549e-06  1.94958980e-07  1.70631227e-05 
 1.95008980e-07  2.10673910e-06  1.95008980e-07 -1.59929807e-05 
 1.95058980e-07 -1.95631747e-06  1.95058980e-07  1.49845924e-05 
 1.95108980e-07  2.04984236e-06  1.95108980e-07 -1.39574171e-05 
 1.95158980e-07 -1.89988898e-06  1.95158980e-07  1.29907383e-05 
 1.95208980e-07  1.99380789e-06  1.95208980e-07 -1.20047263e-05 
 1.95258980e-07 -1.84437136e-06  1.95258980e-07  1.10780303e-05 
 1.95308980e-07  1.93873203e-06  1.95308980e-07 -1.01314757e-05 
 1.95358980e-07 -1.78984796e-06  1.95358980e-07  9.24312583e-06 
 1.95408980e-07  1.88468608e-06  1.95408980e-07 -8.33441210e-06 
 1.95458980e-07 -1.73637972e-06  1.95458980e-07  7.48285577e-06 
 1.95508980e-07  1.83172128e-06  1.95508980e-07 -6.61044909e-06 
 1.95558980e-07 -1.68400960e-06  1.95558980e-07  5.79421082e-06 
 1.95608980e-07  1.77987282e-06  1.95608980e-07 -4.95665394e-06 
 1.95658980e-07 -1.63276619e-06  1.95658980e-07  4.17433019e-06 
 1.95708980e-07  1.72916304e-06  1.95708980e-07 -3.37023692e-06 
 1.95758980e-07 -1.58266655e-06  1.95758980e-07  2.62049099e-06 
 1.95808980e-07  1.67960404e-06  1.95808980e-07 -1.84854131e-06 
 1.95858980e-07 -1.53371866e-06  1.95858980e-07  1.13009899e-06 
 1.95908980e-07  1.63119978e-06  1.95908980e-07 -3.89034693e-07 
 1.95958980e-07 -1.48592319e-06  1.95958980e-07 -2.99319964e-07 
 1.96008980e-07  1.58394778e-06  1.96008980e-07  1.01069939e-06 
 1.96058980e-07 -1.43927508e-06  1.96058980e-07 -1.67012745e-06 
 1.96108980e-07  1.53784047e-06  1.96108980e-07  2.35296828e-06 
 1.96158980e-07 -1.39376477e-06  1.96158980e-07 -2.98457946e-06 
 1.96208980e-07  1.49286630e-06  1.96208980e-07  3.63997710e-06 
 1.96258980e-07 -1.34937916e-06  1.96258980e-07 -4.24483264e-06 
 1.96308980e-07  1.44901063e-06  1.96308980e-07  4.87383455e-06 
 1.96358980e-07 -1.30610245e-06  1.96358980e-07 -5.45295009e-06 
 1.96408980e-07  1.40625644e-06  1.96408980e-07  6.05655861e-06 
 1.96458980e-07 -1.26391670e-06  1.96458980e-07 -6.61090657e-06 
 1.96508980e-07  1.36458488e-06  1.96508980e-07  7.19008133e-06 
 1.96558980e-07 -1.22280244e-06  1.96558980e-07 -7.72059337e-06 
 1.96608980e-07  1.32397577e-06  1.96608980e-07  8.27625363e-06 
 1.96658980e-07 -1.18273908e-06  1.96658980e-07 -8.78382276e-06 
 1.96708980e-07  1.28440802e-06  1.96708980e-07  9.31684957e-06 
 1.96758980e-07 -1.14370517e-06  1.96758980e-07 -9.80233207e-06 
 1.96808980e-07  1.24585979e-06  1.96808980e-07  1.03135703e-05 
 1.96858980e-07 -1.10567874e-06  1.96858980e-07 -1.07777877e-05 
 1.96908980e-07  1.20830889e-06  1.96908980e-07  1.12680476e-05 
 1.96958980e-07 -1.06863753e-06  1.96958980e-07 -1.17117883e-05 
 1.97008980e-07  1.17173290e-06  1.97008980e-07  1.21818476e-05 
 1.97058980e-07 -1.03255908e-06  1.97058980e-07 -1.26058684e-05 
 1.97108980e-07  1.13610928e-06  1.97108980e-07  1.30564736e-05 
 1.97158980e-07 -9.97420954e-07  1.97158980e-07 -1.34615015e-05 
 1.97208980e-07  1.10141558e-06  1.97208980e-07  1.38933695e-05 
 1.97258980e-07 -9.63200780e-07  1.97258980e-07 -1.42801028e-05 
 1.97308980e-07  1.06762946e-06  1.97308980e-07  1.46939222e-05 
 1.97358980e-07 -9.29876391e-07  1.97358980e-07 -1.50630318e-05 
 1.97408980e-07  1.03472886e-06  1.97408980e-07  1.54594642e-05 
 1.97458980e-07 -8.97425879e-07  1.97458980e-07 -1.58115952e-05 
 1.97508980e-07  1.00269197e-06  1.97508980e-07  1.61912767e-05 
 1.97558980e-07 -8.65827666e-07  1.97558980e-07 -1.65270491e-05 
 1.97608980e-07  9.71497326e-07  1.97608980e-07  1.68905911e-05 
 1.97658980e-07 -8.35060460e-07  1.97658980e-07 -1.72106012e-05 
 1.97708980e-07  9.41123791e-07  1.97708980e-07  1.75585917e-05 
 1.97758980e-07 -8.05103390e-07  1.97758980e-07 -1.78634130e-05 
 1.97808980e-07  9.11550689e-07  1.97808980e-07  1.81964175e-05 
 1.97858980e-07 -7.75935996e-07  1.97858980e-07 -1.84866021e-05 
 1.97908980e-07  8.82757697e-07  1.97908980e-07  1.88051646e-05 
 1.97958980e-07 -7.47538198e-07  1.97958980e-07 -1.90812433e-05 
 1.98008980e-07  8.54724950e-07  1.98008980e-07  1.93858874e-05 
 1.98058980e-07 -7.19890392e-07  1.98058980e-07 -1.96483714e-05 
 1.98108980e-07  8.27433040e-07  1.98108980e-07  1.99396009e-05 
 1.98158980e-07 -6.92973390e-07  1.98158980e-07 -2.01889822e-05 
 1.98208980e-07  8.00862942e-07  1.98208980e-07  2.04672821e-05 
 1.98258980e-07 -6.66768417e-07  1.98258980e-07 -2.07040343e-05 
 1.98308980e-07  7.74996112e-07  1.98308980e-07  2.09698716e-05 
 1.98358980e-07 -6.41257185e-07  1.98358980e-07 -2.11944510e-05 
 1.98408980e-07  7.49814418e-07  1.98408980e-07  2.14482754e-05 
 1.98458980e-07 -6.16421781e-07  1.98458980e-07 -2.16611211e-05 
 1.98508980e-07  7.25300210e-07  1.98508980e-07  2.19033657e-05 
 1.98558980e-07 -5.92244833e-07  1.98558980e-07 -2.21049010e-05 
 1.98608980e-07  7.01436254e-07  1.98608980e-07  2.23359829e-05 
 1.98658980e-07 -5.68709302e-07  1.98658980e-07 -2.25266156e-05 
 1.98708980e-07  6.78205732e-07  1.98708980e-07  2.27469366e-05 
 1.98758980e-07 -5.45798604e-07  1.98758980e-07 -2.29270594e-05 
 1.98808980e-07  6.55592241e-07  1.98808980e-07  2.31370069e-05 
 1.98858980e-07 -5.23496584e-07  1.98858980e-07 -2.33069983e-05 
 1.98908980e-07  6.33579834e-07  1.98908980e-07  2.35069454e-05 
 1.98958980e-07 -5.01787479e-07  1.98958980e-07 -2.36671702e-05 
 1.99008980e-07  6.12152924e-07  1.99008980e-07  2.38574766e-05 
 1.99058980e-07 -4.80655960e-07  1.99058980e-07 -2.40082865e-05 
 1.99108980e-07  5.91296369e-07  1.99108980e-07  2.41892988e-05 
 1.99158980e-07 -4.60087072e-07  1.99158980e-07 -2.43310329e-05 
 1.99208980e-07  5.70995377e-07  1.99208980e-07  2.45030852e-05 
 1.99258980e-07 -4.40066217e-07  1.99258980e-07 -2.46360702e-05 
 1.99308980e-07  5.51235564e-07  1.99308980e-07  2.47994849e-05 
 1.99358980e-07 -4.20579246e-07  1.99358980e-07 -2.49240360e-05 
 1.99408980e-07  5.32002944e-07  1.99408980e-07  2.50791236e-05 
 1.99458980e-07 -4.01612322e-07  1.99458980e-07 -2.51955447e-05 
 1.99508980e-07  5.13283809e-07  1.99508980e-07  2.53426049e-05 
 1.99558980e-07 -3.83151987e-07  1.99558980e-07 -2.54511890e-05 
 1.99608980e-07  4.95064925e-07  1.99608980e-07  2.55905107e-05 
 1.99658980e-07 -3.65185130e-07  1.99658980e-07 -2.56915405e-05 
 1.99708980e-07  4.77333307e-07  1.99708980e-07  2.58234024e-05 
 1.99758980e-07 -3.47698994e-07  1.99758980e-07 -2.59171507e-05 
 1.99808980e-07  4.60076377e-07  1.99808980e-07  2.60418216e-05 
 1.99858980e-07 -3.30681141e-07  1.99858980e-07 -2.61285513e-05 
 1.99908980e-07  4.43281830e-07  1.99908980e-07  2.62462907e-05 
 1.99954490e-07 -3.13313830e-07  1.99954490e-07 -2.63356658e-05 
 2.00000000e-07  4.25349541e-07  2.00000000e-07  2.64554549e-05 
 2.00005000e-07  1.75376994e-05  2.00005000e-07  2.19354018e-04 
 2.00015000e-07 -7.96967397e-06  2.00015000e-07  1.26353294e-05 
 2.00035000e-07 -9.70123071e-06  2.00035000e-07 -8.49118467e-05 
 2.00075000e-07  1.02693457e-05  2.00075000e-07 -6.45607823e-05 
 2.00125000e-07 -4.12472460e-05  2.00125000e-07 -1.29570632e-04 
 2.00162500e-07 -7.33618899e-05  2.00162500e-07 -3.61520330e-04 
 2.00200000e-07  5.81921536e-04  2.00200000e-07  3.48086587e-04 
 2.00205000e-07  3.42259465e-04  2.00205000e-07  1.98067472e-04 
 2.00215000e-07 -3.91782270e-04  2.00215000e-07  4.48519222e-04 
 2.00235000e-07 -3.96559733e-04  2.00235000e-07  1.04090023e-03 
 2.00275000e-07  3.16033454e-04  2.00275000e-07  1.30525848e-03 
 2.00317481e-07 -2.05287589e-04  2.00317481e-07 -2.48873821e-03 
 2.00362355e-07  1.37450494e-04  2.00362355e-07  6.22000215e-04 
 2.00412355e-07 -9.85528106e-05  2.00412355e-07 -9.58950704e-05 
 2.00462355e-07  7.30282090e-05  2.00462355e-07  1.76883374e-04 
 2.00512355e-07 -5.52268050e-05  2.00512355e-07 -9.29315820e-05 
 2.00562355e-07  4.28130078e-05  2.00562355e-07  4.74646160e-05 
 2.00612355e-07 -3.35192299e-05  2.00612355e-07 -7.42924230e-06 
 2.00662355e-07  2.68004103e-05  2.00662355e-07 -2.15160544e-05 
 2.00712355e-07 -2.14843441e-05  2.00712355e-07  4.36703734e-05 
 2.00762355e-07  1.75945752e-05  2.00762355e-07 -6.03508249e-05 
 2.00812355e-07 -1.43538166e-05  2.00812355e-07  7.30540240e-05 
 2.00862355e-07  1.20059693e-05  2.00862355e-07 -8.26197655e-05 
 2.00912355e-07 -9.91787130e-06  2.00912355e-07  8.98323293e-05 
 2.00962355e-07  8.44746369e-06  2.00962355e-07 -9.50944255e-05 
 2.01012355e-07 -7.02930058e-06  2.01012355e-07  9.89002313e-05 
 2.01062355e-07  6.07784593e-06  2.01062355e-07 -1.01438982e-04 
 2.01112355e-07 -5.06370593e-06  2.01112355e-07  1.03056179e-04 
 2.01162355e-07  4.43100134e-06  2.01162355e-07 -1.03831908e-04 
 2.01212355e-07 -3.67008236e-06  2.01212355e-07  1.04027200e-04 
 2.01262355e-07  3.24114308e-06  2.01262355e-07 -1.03660589e-04 
 2.01312355e-07 -2.64553283e-06  2.01312355e-07  1.02939420e-04 
 2.01362355e-07  2.35237280e-06  2.01362355e-07 -1.01845060e-04 
 2.01412355e-07 -1.86924057e-06  2.01412355e-07  1.00548047e-04 
 2.01462355e-07  1.67033484e-06  2.01462355e-07 -9.90064706e-05 
 2.01512355e-07 -1.26682820e-06  2.01512355e-07  9.73645210e-05 
 2.01562355e-07  1.13588363e-06  2.01562355e-07 -9.55655817e-05 
 2.01612355e-07 -7.90797503e-07  2.01612355e-07  9.37345494e-05 
 2.01662355e-07  7.10515002e-07  2.01662355e-07 -9.18056483e-05 
 2.01712355e-07 -4.09622214e-07  2.01712355e-07  8.98894803e-05 
 2.01762355e-07  3.68171458e-07  2.01762355e-07 -8.79147807e-05 
 2.01812355e-07 -1.01556944e-07  2.01812355e-07  8.59814838e-05 
 2.01862355e-07  9.05433838e-08  2.01862355e-07 -8.40152756e-05 
 2.01912355e-07  1.48951000e-07  2.01912355e-07  8.21080851e-05 
 2.01956178e-07 -1.49999249e-07  2.01956178e-07 -7.99181630e-05 
 2.02000000e-07  3.79087952e-07  2.02000000e-07  7.78067071e-05 
 2.02005000e-07 -1.02027023e-07  2.02005000e-07  4.70891282e-06 
 2.02015000e-07  1.11282220e-07  2.02015000e-07 -4.60687314e-06 
 2.02035000e-07  4.44779815e-08  2.02035000e-07  4.27709757e-06 
 2.02075000e-07  7.06718489e-08  2.02075000e-07 -4.00757973e-06 
 2.02125000e-07  4.84022846e-08  2.02125000e-07  3.85952792e-06 
 2.02162500e-07  7.91224152e-08  2.02162500e-07 -3.68376873e-06 
 2.02200000e-07  3.25848490e-08  2.02200000e-07  3.55168328e-06 
 2.02205000e-07  5.92329486e-08  2.02205000e-07  1.75133468e-07 
 2.02215000e-07  1.01991741e-07  2.02215000e-07  2.02848890e-07 
 2.02235000e-07  4.55325395e-09  2.02235000e-07 -2.78051162e-07 
 2.02275000e-07  1.15968225e-07  2.02275000e-07  2.39931428e-07 
 2.02325000e-07  8.85505713e-09  2.02325000e-07 -1.67393335e-07 
 2.02375000e-07  1.04784680e-07  2.02375000e-07  1.45897761e-07 
 2.02425000e-07  2.45580286e-08  2.02425000e-07 -1.03500955e-07 
 2.02475000e-07  8.67082963e-08  2.02475000e-07  9.42005812e-08 
 2.02525000e-07  4.32256135e-08  2.02525000e-07 -5.31916847e-08 
 2.02575000e-07  6.87149735e-08  2.02575000e-07  4.49799885e-08 
 2.02625000e-07  5.97406536e-08  2.02625000e-07 -5.74730524e-09 
 2.02675000e-07  5.41255826e-08  2.02675000e-07 -1.74682491e-10 
 2.02725000e-07  7.22129082e-08  2.02725000e-07  3.67020960e-08 
 2.02775000e-07  4.37881384e-08  2.02775000e-07 -3.96891781e-08 
 2.02825000e-07  8.05094609e-08  2.02825000e-07  7.31547163e-08 
 2.02875000e-07  3.73720654e-08  2.02875000e-07 -7.30447874e-08 
 2.02925000e-07  8.52402997e-08  2.02925000e-07  1.03440676e-07 
 2.02975000e-07  3.41179618e-08  2.02975000e-07 -1.00337565e-07 
 2.03025000e-07  8.72251343e-08  2.03025000e-07  1.27851664e-07 
 2.03075000e-07  3.32048693e-08  2.03075000e-07 -1.22003505e-07 
 2.03125000e-07  8.72488985e-08  2.03125000e-07  1.46926172e-07 
 2.03175000e-07  3.39058300e-08  2.03175000e-07 -1.38650664e-07 
 2.03225000e-07  8.59690887e-08  2.03225000e-07  1.61315167e-07 
 2.03275000e-07  3.56371066e-08  2.03275000e-07 -1.50951750e-07 
 2.03325000e-07  8.38960887e-08  2.03325000e-07  1.71696509e-07 
 2.03375000e-07  3.79583808e-08  2.03375000e-07 -1.59577010e-07 
 2.03425000e-07  8.14052407e-08  2.03425000e-07  1.78722968e-07 
 2.03475000e-07  4.05532631e-08  2.03475000e-07 -1.65154438e-07 
 2.03525000e-07  7.87602696e-08  2.03525000e-07  1.82992707e-07 
 2.03575000e-07  4.32045011e-08  2.03575000e-07 -1.68248945e-07 
 2.03625000e-07  7.61378608e-08  2.03625000e-07  1.85035262e-07 
 2.03675000e-07  4.57704379e-08  2.03675000e-07 -1.69353655e-07 
 2.03725000e-07  7.36496886e-08  2.03725000e-07  1.85307197e-07 
 2.03775000e-07  4.81648775e-08  2.03775000e-07 -1.68889110e-07 
 2.03825000e-07  7.13604805e-08  2.03825000e-07  1.84194091e-07 
 2.03875000e-07  5.03410602e-08  2.03875000e-07 -1.67207385e-07 
 2.03925000e-07  6.93020738e-08  2.03925000e-07  1.82016073e-07 
 2.03975000e-07  5.22794096e-08  2.03975000e-07 -1.64598386e-07 
 2.04025000e-07  6.74840837e-08  2.04025000e-07  1.79034845e-07 
 2.04075000e-07  5.39783237e-08  2.04075000e-07 -1.61297626e-07 
 2.04125000e-07  6.59017113e-08  2.04125000e-07  1.75461656e-07 
 2.04175000e-07  5.54476164e-08  2.04175000e-07 -1.57494023e-07 
 2.04225000e-07  6.45413451e-08  2.04225000e-07  1.71464940e-07 
 2.04275000e-07  5.67037327e-08  2.04275000e-07 -1.53337270e-07 
 2.04325000e-07  6.33844354e-08  2.04325000e-07  1.67177419e-07 
 2.04375000e-07  5.77666623e-08  2.04375000e-07 -1.48944765e-07 
 2.04425000e-07  6.24101909e-08  2.04425000e-07  1.62702560e-07 
 2.04475000e-07  5.86575325e-08  2.04475000e-07 -1.44407410e-07 
 2.04525000e-07  6.15974026e-08  2.04525000e-07  1.58120074e-07 
 2.04575000e-07  5.93973761e-08  2.04575000e-07 -1.39794950e-07 
 2.04625000e-07  6.09255265e-08  2.04625000e-07  1.53490742e-07 
 2.04675000e-07  6.00061139e-08  2.04675000e-07 -1.35160114e-07 
 2.04725000e-07  6.03753346e-08  2.04725000e-07  1.48860255e-07 
 2.04775000e-07  6.05021292e-08  2.04775000e-07 -1.30542407e-07 
 2.04825000e-07  5.99293387e-08  2.04825000e-07  1.44262525e-07 
 2.04875000e-07  6.09020162e-08  2.04875000e-07 -1.25970843e-07 
 2.04925000e-07  5.95718732e-08  2.04925000e-07  1.39722312e-07 
 2.04975000e-07  6.12205279e-08  2.04975000e-07 -1.21466394e-07 
 2.05025000e-07  5.92891000e-08  2.05025000e-07  1.35257347e-07 
 2.05075000e-07  6.14705566e-08  2.05075000e-07 -1.17044004e-07 
 2.05125000e-07  5.90690052e-08  2.05125000e-07  1.30880069e-07 
 2.05175000e-07  6.16633118e-08  2.05175000e-07 -1.12713879e-07 
 2.05225000e-07  5.89011806e-08  2.05225000e-07  1.26598748e-07 
 2.05275000e-07  6.18084337e-08  2.05275000e-07 -1.08482707e-07 
 2.05325000e-07  5.87767081e-08  2.05325000e-07  1.22418759e-07 
 2.05375000e-07  6.19141522e-08  2.05375000e-07 -1.04354676e-07 
 2.05425000e-07  5.86879963e-08  2.05425000e-07  1.18343212e-07 
 2.05475000e-07  6.19874441e-08  2.05475000e-07 -1.00331998e-07 
 2.05525000e-07  5.86286533e-08  2.05525000e-07  1.14373630e-07 
 2.05575000e-07  6.20342054e-08  2.05575000e-07 -9.64155847e-08 
 2.05625000e-07  5.85932344e-08  2.05625000e-07  1.10510369e-07 
 2.05675000e-07  6.20593926e-08  2.05675000e-07 -9.26053811e-08 
 2.05725000e-07  5.85772682e-08  2.05725000e-07  1.06753007e-07 
 2.05775000e-07  6.20670945e-08  2.05775000e-07 -8.89005591e-08 
 2.05825000e-07  5.85769385e-08  2.05825000e-07  1.03100396e-07 
 2.05875000e-07  6.20608415e-08  2.05875000e-07 -8.52998492e-08 
 2.05925000e-07  5.85890839e-08  2.05925000e-07  9.95512022e-08 
 2.05975000e-07  6.20434397e-08  2.05975000e-07 -8.18017412e-08 
 2.06025000e-07  5.86111228e-08  2.06025000e-07  9.61037396e-08 
 2.06075000e-07  6.20173051e-08  2.06075000e-07 -7.84044847e-08 
 2.06125000e-07  5.86409059e-08  2.06125000e-07  9.27562170e-08 
 2.06175000e-07  6.19843119e-08  2.06175000e-07 -7.51061969e-08 
 2.06225000e-07  5.86766664e-08  2.06225000e-07  8.95066827e-08 
 2.06275000e-07  6.19461453e-08  2.06275000e-07 -7.19049262e-08 
 2.06325000e-07  5.87169329e-08  2.06325000e-07  8.63531573e-08 
 2.06375000e-07  6.19040737e-08  2.06375000e-07 -6.87986969e-08 
 2.06425000e-07  5.87605294e-08  2.06425000e-07  8.32937241e-08 
 2.06475000e-07  6.18591960e-08  2.06475000e-07 -6.57855260e-08 
 2.06525000e-07  5.88064741e-08  2.06525000e-07  8.03262919e-08 
 2.06575000e-07  6.18123726e-08  2.06575000e-07 -6.28633520e-08 
 2.06625000e-07  5.88540114e-08  2.06625000e-07  7.74489055e-08 
 2.06675000e-07  6.17642846e-08  2.06675000e-07 -6.00302663e-08 
 2.06725000e-07  5.89024934e-08  2.06725000e-07  7.46596054e-08 
 2.06775000e-07  6.17155335e-08  2.06775000e-07 -5.72842688e-08 
 2.06825000e-07  5.89514098e-08  2.06825000e-07  7.19564158e-08 
 2.06875000e-07  6.16665675e-08  2.06875000e-07 -5.46234101e-08 
 2.06925000e-07  5.90003364e-08  2.06925000e-07  6.93374137e-08 
 2.06975000e-07  6.16177318e-08  2.06975000e-07 -5.20457761e-08 
 2.07025000e-07  5.90489825e-08  2.07025000e-07  6.68006502e-08 
 2.07075000e-07  6.15693532e-08  2.07075000e-07 -4.95494157e-08 
 2.07125000e-07  5.90970671e-08  2.07125000e-07  6.43442333e-08 
 2.07175000e-07  6.15216111e-08  2.07175000e-07 -4.71324612e-08 
 2.07225000e-07  5.91444083e-08  2.07225000e-07  6.19662520e-08 
 2.07275000e-07  6.14747022e-08  2.07275000e-07 -4.47929857e-08 
 2.07325000e-07  5.91908571e-08  2.07325000e-07  5.96648305e-08 
 2.07375000e-07  6.14287479e-08  2.07375000e-07 -4.25291781e-08 
 2.07425000e-07  5.92362901e-08  2.07425000e-07  5.74381613e-08 
 2.07475000e-07  6.13838579e-08  2.07475000e-07 -4.03391611e-08 
 2.07525000e-07  5.92806182e-08  2.07525000e-07  5.52843144e-08 
 2.07575000e-07  6.13401117e-08  2.07575000e-07 -3.82210452e-08 
 2.07625000e-07  5.93237669e-08  2.07625000e-07  5.32015027e-08 
 2.07675000e-07  6.12975533e-08  2.07675000e-07 -3.61730870e-08 
 2.07725000e-07  5.93657330e-08  2.07725000e-07  5.11879178e-08 
 2.07775000e-07  6.12561918e-08  2.07775000e-07 -3.41934273e-08 
 2.07825000e-07  5.94064772e-08  2.07825000e-07  4.92417243e-08 
 2.07875000e-07  6.12160762e-08  2.07875000e-07 -3.22802644e-08 
 2.07925000e-07  5.94459742e-08  2.07925000e-07  4.73611822e-08 
 2.07975000e-07  6.11771951e-08  2.07975000e-07 -3.04318832e-08 
 2.08025000e-07  5.94842271e-08  2.08025000e-07  4.55444973e-08 
 2.08075000e-07  6.11395577e-08  2.08075000e-07 -2.86464789e-08 
 2.08125000e-07  5.95212571e-08  2.08125000e-07  4.37899397e-08 
 2.08175000e-07  6.11031438e-08  2.08175000e-07 -2.69223351e-08 
 2.08225000e-07  5.95570519e-08  2.08225000e-07  4.20957793e-08 
 2.08275000e-07  6.10679561e-08  2.08275000e-07 -2.52577511e-08 
 2.08325000e-07  5.95916517e-08  2.08325000e-07  4.04603297e-08 
 2.08375000e-07  6.10339509e-08  2.08375000e-07 -2.36509877e-08 
 2.08425000e-07  5.96250537e-08  2.08425000e-07  3.88818626e-08 
 2.08475000e-07  6.10011233e-08  2.08475000e-07 -2.21004368e-08 
 2.08525000e-07  5.96573161e-08  2.08525000e-07  3.73587921e-08 
 2.08575000e-07  6.09694444e-08  2.08575000e-07 -2.06044212e-08 
 2.08625000e-07  5.96884210e-08  2.08625000e-07  3.58894511e-08 
 2.08675000e-07  6.09388917e-08  2.08675000e-07 -1.91613617e-08 
 2.08725000e-07  5.97184213e-08  2.08725000e-07  3.44722494e-08 
 2.08775000e-07  6.09094398e-08  2.08775000e-07 -1.77696375e-08 
 2.08825000e-07  5.97473486e-08  2.08825000e-07  3.31056222e-08 
 2.08875000e-07  6.08810260e-08  2.08875000e-07 -1.64277130e-08 
 2.08925000e-07  5.97752319e-08  2.08925000e-07  3.17880308e-08 
 2.08975000e-07  6.08536685e-08  2.08975000e-07 -1.51340646e-08 
 2.09025000e-07  5.98020838e-08  2.09025000e-07  3.05179194e-08 
 2.09075000e-07  6.08273054e-08  2.09075000e-07 -1.38871602e-08 
 2.09125000e-07  5.98279713e-08  2.09125000e-07  2.92938795e-08 
 2.09175000e-07  6.08019053e-08  2.09175000e-07 -1.26855783e-08 
 2.09225000e-07  5.98528724e-08  2.09225000e-07  2.81143777e-08 
 2.09275000e-07  6.07774831e-08  2.09275000e-07 -1.15278485e-08 
 2.09325000e-07  5.98768286e-08  2.09325000e-07  2.69780715e-08 
 2.09375000e-07  6.07539805e-08  2.09375000e-07 -1.04125828e-08 
 2.09425000e-07  5.98998955e-08  2.09425000e-07  2.58835059e-08 
 2.09475000e-07  6.07313477e-08  2.09475000e-07 -9.33841021e-09 
 2.09525000e-07  5.99220994e-08  2.09525000e-07  2.48293648e-08 
 2.09575000e-07  6.07095773e-08  2.09575000e-07 -8.30398095e-09 
 2.09625000e-07  5.99434297e-08  2.09625000e-07  2.38143427e-08 
 2.09675000e-07  6.06886549e-08  2.09675000e-07 -7.30800387e-09 
 2.09725000e-07  5.99639589e-08  2.09725000e-07  2.28371128e-08 
 2.09775000e-07  6.06685319e-08  2.09775000e-07 -6.34922298e-09 
 2.09825000e-07  5.99836820e-08  2.09825000e-07  2.18964428e-08 
 2.09875000e-07  6.06491890e-08  2.09875000e-07 -5.42635309e-09 
 2.09925000e-07  6.00026436e-08  2.09925000e-07  2.09910734e-08 
 2.09962500e-07  6.06275742e-08  2.09962500e-07 -4.39346298e-09 
 2.10000000e-07  6.00267824e-08  2.10000000e-07  1.98367934e-08 
 2.10005000e-07 -9.21202262e-06  2.10005000e-07 -7.57167712e-05 
 2.10015000e-07  8.99384653e-06  2.10015000e-07  1.77593531e-05 
 2.10035000e-07  7.48632243e-07  2.10035000e-07  2.36516520e-05 
 2.10075000e-07 -3.78187247e-06  2.10075000e-07  9.73143857e-06 
 2.10125000e-07  2.23541753e-05  2.10125000e-07  1.42506470e-04 
 2.10162500e-07  2.97512746e-06  2.10162500e-07  1.31017891e-04 
 2.10200000e-07 -2.94992327e-04  2.10200000e-07 -1.77690306e-04 
 2.10205000e-07 -2.75329141e-04  2.10205000e-07 -4.12425229e-04 
 2.10215000e-07  1.17753380e-04  2.10215000e-07 -8.49504465e-04 
 2.10235000e-07  5.59625087e-04  2.10235000e-07 -1.14444740e-03 
 2.10271752e-07 -4.48459150e-04  2.10271752e-07  1.48906550e-04 
 2.10312840e-07  2.60604383e-04  2.10312840e-07  1.17420419e-03 
 2.10357268e-07 -1.26175391e-04  2.10357268e-07 -3.17746255e-05 
 2.10407268e-07  4.59655723e-05  2.10407268e-07 -3.33362969e-04 
 2.10457268e-07  8.02556406e-06  2.10457268e-07  1.56034883e-04 
 2.10507268e-07 -4.31421915e-05  2.10507268e-07 -1.83317416e-04 
 2.10557268e-07  6.55626717e-05  2.10557268e-07  1.84629582e-04 
 2.10607268e-07 -7.89120906e-05  2.10607268e-07 -1.97570995e-04 
 2.10657268e-07  8.62209701e-05  2.10657268e-07  2.06237116e-04 
 2.10707268e-07 -8.90087356e-05  2.10707268e-07 -2.13739519e-04 
 2.10757268e-07  8.90107571e-05  2.10757268e-07  2.19099600e-04 
 2.10807268e-07 -8.66500350e-05  2.10807268e-07 -2.22707972e-04 
 2.10857268e-07  8.32225743e-05  2.10857268e-07  2.24892947e-04 
 2.10907268e-07 -7.86306753e-05  2.10907268e-07 -2.25714662e-04 
 2.10957268e-07  7.37725354e-05  2.10957268e-07  2.25483443e-04 
 2.11007268e-07 -6.84194543e-05  2.11007268e-07 -2.24316691e-04 
 2.11057268e-07  6.32414045e-05  2.11057268e-07  2.22457935e-04 
 2.11107268e-07 -5.78947163e-05  2.11107268e-07 -2.19886795e-04 
 2.11157268e-07  5.29441512e-05  2.11157268e-07  2.16891284e-04 
 2.11207268e-07 -4.79851885e-05  2.11207268e-07 -2.13404106e-04 
 2.11257268e-07  4.35208076e-05  2.11257268e-07  2.09666979e-04 
 2.11307268e-07 -3.91099553e-05  2.11307268e-07 -2.05601532e-04 
 2.11357268e-07  3.52260609e-05  2.11357268e-07  2.01413390e-04 
 2.11407268e-07 -3.14048740e-05  2.11407268e-07 -1.97016082e-04 
 2.11457268e-07  2.81073323e-05  2.11457268e-07  1.92586449e-04 
 2.11507268e-07 -2.48549338e-05  2.11507268e-07 -1.88033774e-04 
 2.11557268e-07  2.21048750e-05  2.11557268e-07  1.83511601e-04 
 2.11607268e-07 -1.93703403e-05  2.11607268e-07 -1.78927704e-04 
 2.11657268e-07  1.71090548e-05  2.11657268e-07  1.74416831e-04 
 2.11707268e-07 -1.48297520e-05  2.11707268e-07 -1.69887044e-04 
 2.11757268e-07  1.29925782e-05  2.11757268e-07  1.65457987e-04 
 2.11807268e-07 -1.11042594e-05  2.11807268e-07 -1.61039132e-04 
 2.11857268e-07  9.62802483e-06  2.11857268e-07  1.56738024e-04 
 2.11907268e-07 -8.07008180e-06  2.11907268e-07 -1.52466195e-04 
 2.11957268e-07  6.89679008e-06  2.11957268e-07  1.48321518e-04 
 2.12007268e-07 -5.61469797e-06  2.12007268e-07 -1.44217911e-04 
 2.12057268e-07  4.69305980e-06  2.12057268e-07  1.40245538e-04 
 2.12107268e-07 -3.63921936e-06  2.12107268e-07 -1.36320804e-04 
 2.12157268e-07  2.92497799e-06  2.12157268e-07  1.32527738e-04 
 2.12207268e-07 -2.05867649e-06  2.12207268e-07 -1.28785198e-04 
 2.12257268e-07  1.51429222e-06  2.12257268e-07  1.25172335e-04 
 2.12307268e-07 -8.01211947e-07  2.12307268e-07 -1.21610335e-04 
 2.12357268e-07  3.95236984e-07  2.12357268e-07  1.18174485e-04 
 2.12407268e-07  1.93237718e-07  2.12407268e-07 -1.14788116e-04 
 2.12457268e-07 -4.86902177e-07  2.12457268e-07  1.11523458e-04 
 2.12507268e-07  9.74436214e-07  2.12507268e-07 -1.08305790e-04 
 2.12557268e-07 -1.17729391e-06  2.12557268e-07  1.05204926e-04 
 2.12607268e-07  1.58333217e-06  2.12607268e-07 -1.02147879e-04 
 2.12657268e-07 -1.71300026e-06  2.12657268e-07  9.92025678e-05 
 2.12707268e-07  2.05343851e-06  2.12707268e-07 -9.62975278e-05 
 2.12757268e-07 -2.12428423e-06  2.12757268e-07  9.34991964e-05 
 2.12807268e-07  2.41206300e-06  2.12807268e-07 -9.07374324e-05 
 2.12857268e-07 -2.43575962e-06  2.12857268e-07  8.80775212e-05 
 2.12907268e-07  2.68137772e-06  2.12907268e-07 -8.54504609e-05 
 2.12957268e-07 -2.66738047e-06  2.12957268e-07  8.29206491e-05 
 2.13007268e-07  2.87933151e-06  2.13007268e-07 -8.04200546e-05 
 2.13057268e-07 -2.83527900e-06  2.13057268e-07  7.80123994e-05 
 2.13107268e-07  3.02041772e-06  2.13107268e-07 -7.56304707e-05 
 2.13157268e-07 -2.95246742e-06  2.13157268e-07  7.33374855e-05 
 2.13207268e-07  3.11631438e-06  2.13207268e-07 -7.10669138e-05 
 2.13257268e-07 -3.02942000e-06  2.13257268e-07  6.88816044e-05 
 2.13307268e-07  3.17641310e-06  2.13307268e-07 -6.67155905e-05 
 2.13357268e-07 -3.07455320e-06  2.13357268e-07  6.46314629e-05 
 2.13407268e-07  3.20825418e-06  2.13407268e-07 -6.25637134e-05 
 2.13457268e-07 -3.09461898e-06  2.13457268e-07  6.05747627e-05 
 2.13507268e-07  3.21788196e-06  2.13507268e-07 -5.85994706e-05 
 2.13557268e-07 -3.09502589e-06  2.13557268e-07  5.67001584e-05 
 2.13607268e-07  3.21013474e-06  2.13607268e-07 -5.48119757e-05 
 2.13657268e-07 -3.08010015e-06  2.13657268e-07  5.29972008e-05 
 2.13707268e-07  3.18887986e-06  2.13707268e-07 -5.11912056e-05 
 2.13757268e-07 -3.05329744e-06  2.13757268e-07  4.94562710e-05 
 2.13807268e-07  3.15720424e-06  2.13807268e-07 -4.77279339e-05 
 2.13857268e-07 -3.01737413e-06  2.13857268e-07  4.60685133e-05 
 2.13907268e-07  3.11756832e-06  2.13907268e-07 -4.44136624e-05 
 2.13957268e-07 -2.97452554e-06  2.13957268e-07  4.28257670e-05 
 2.14007268e-07  3.07193017e-06  2.14007268e-07 -4.12405556e-05 
 2.14057268e-07 -2.92649728e-06  2.14057268e-07  3.97205026e-05 
 2.14107268e-07  3.02184544e-06  2.14107268e-07 -3.82013778e-05 
 2.14157268e-07 -2.87467504e-06  2.14157268e-07  3.67457609e-05 
 2.14207268e-07  2.96854779e-06  2.14207268e-07 -3.52894346e-05 
 2.14257268e-07 -2.82015648e-06  2.14257268e-07  3.38950969e-05 
 2.14307268e-07  2.91301336e-06  2.14307268e-07 -3.24985200e-05 
 2.14357268e-07 -2.76380909e-06  2.14357268e-07  3.11625296e-05 
 2.14407268e-07  2.85601261e-06  2.14407268e-07 -2.98228682e-05 
 2.14457268e-07 -2.70631665e-06  2.14457268e-07  2.85424957e-05 
 2.14507268e-07  2.79815185e-06  2.14507268e-07 -2.72571098e-05 
 2.14557268e-07 -2.64821628e-06  2.14557268e-07  2.60298087e-05 
 2.14607268e-07  2.73990649e-06  2.14607268e-07 -2.47962332e-05 
 2.14657268e-07 -2.58992826e-06  2.14657268e-07  2.36196222e-05 
 2.14707268e-07  2.68164760e-06  2.14707268e-07 -2.24355501e-05 
 2.14757268e-07 -2.53177983e-06  2.14757268e-07  2.13073973e-05 
 2.14807268e-07  2.62366328e-06  2.14807268e-07 -2.01706648e-05 
 2.14857268e-07 -2.47402414e-06  2.14857268e-07  1.90888739e-05 
 2.14907268e-07  2.56617559e-06  2.14907268e-07 -1.79974469e-05 
 2.14957268e-07 -2.41685558e-06  2.14957268e-07  1.69600447e-05 
 2.15007268e-07  2.50935419e-06  2.15007268e-07 -1.59120076e-05 
 2.15057268e-07 -2.36042177e-06  2.15057268e-07  1.49171334e-05 
 2.15107268e-07  2.45332712e-06  2.15107268e-07 -1.39106783e-05 
 2.15157268e-07 -2.30483337e-06  2.15157268e-07  1.29565740e-05 
 2.15207268e-07  2.39818957e-06  2.15207268e-07 -1.19899918e-05 
 2.15257268e-07 -2.25017181e-06  2.15257268e-07  1.10749935e-05 
 2.15307268e-07  2.34401068e-06  2.15307268e-07 -1.01466656e-05 
 2.15357268e-07 -2.19649531e-06  2.15357268e-07  9.26919615e-06 
 2.15407268e-07  2.29083903e-06  2.15407268e-07 -8.37758745e-06 
 2.15457268e-07 -2.14384393e-06  2.15457268e-07  7.53614958e-06 
 2.15507268e-07  2.23870709e-06  2.15507268e-07 -6.67980201e-06 
 2.15557268e-07 -2.09224342e-06  2.15557268e-07  5.87297239e-06 
 2.15607268e-07  2.18763464e-06  2.15607268e-07 -5.05049926e-06 
 2.15657268e-07 -2.04170829e-06  2.15657268e-07  4.27692310e-06 
 2.15707268e-07  2.13763154e-06  2.15707268e-07 -3.48700401e-06 
 2.15757268e-07 -1.99224432e-06  2.15757268e-07  2.74539042e-06 
 2.15807268e-07  2.08870000e-06  2.15807268e-07 -1.98676669e-06 
 2.15857268e-07 -1.94385056e-06  2.15857268e-07  1.27588433e-06 
 2.15907268e-07  2.04083619e-06  2.15907268e-07 -5.47354886e-07 
 2.15957268e-07 -1.89652071e-06  2.15957268e-07 -1.33971878e-07 
 2.16007268e-07  1.99403174e-06  2.16007268e-07  8.33554177e-07 
 2.16057268e-07 -1.85024460e-06  2.16057268e-07 -1.48644877e-06 
 2.16107268e-07  1.94827486e-06  2.16107268e-07  2.15818038e-06 
 2.16157268e-07 -1.80500896e-06  2.16157268e-07 -2.78371722e-06 
 2.16207268e-07  1.90355099e-06  2.16207268e-07  3.42864713e-06 
 2.16257268e-07 -1.76079824e-06  2.16257268e-07 -4.02785437e-06 
 2.16307268e-07  1.85984376e-06  2.16307268e-07  4.64698667e-06 
 2.16357268e-07 -1.71759531e-06  2.16357268e-07 -5.22084902e-06 
 2.16407268e-07  1.81713533e-06  2.16407268e-07  5.81514556e-06 
 2.16457268e-07 -1.67538178e-06  2.16457268e-07 -6.36460649e-06 
 2.16507268e-07  1.77540689e-06  2.16507268e-07  6.93498909e-06 
 2.16557268e-07 -1.63413850e-06  2.16557268e-07 -7.46095321e-06 
 2.16607268e-07  1.73463902e-06  2.16607268e-07  8.00830590e-06 
 2.16657268e-07 -1.59384583e-06  2.16657268e-07 -8.51164091e-06 
 2.16707268e-07  1.69481188e-06  2.16707268e-07  9.03681181e-06 
 2.16757268e-07 -1.55448380e-06  2.16757268e-07 -9.51835036e-06 
 2.16807268e-07  1.65590541e-06  2.16807268e-07  1.00221535e-05 
 2.16857268e-07 -1.51603232e-06  2.16857268e-07 -1.04826951e-05 
 2.16907268e-07  1.61789955e-06  2.16907268e-07  1.09659121e-05 
 2.16957268e-07 -1.47847138e-06  2.16957268e-07 -1.14062244e-05 
 2.17007268e-07  1.58077432e-06  2.17007268e-07  1.18696063e-05 
 2.17057268e-07 -1.44178104e-06  2.17057268e-07 -1.22904270e-05 
 2.17107268e-07  1.54450989e-06  2.17107268e-07  1.27346952e-05 
 2.17157268e-07 -1.40594166e-06  2.17157268e-07 -1.31367333e-05 
 2.17207268e-07  1.50908672e-06  2.17207268e-07  1.35625813e-05 
 2.17257268e-07 -1.37093375e-06  2.17257268e-07 -1.39465184e-05 
 2.17307268e-07  1.47448552e-06  2.17307268e-07  1.43546132e-05 
 2.17357268e-07 -1.33673827e-06  2.17357268e-07 -1.47211047e-05 
 2.17407268e-07  1.44068734e-06  2.17407268e-07  1.51120875e-05 
 2.17457268e-07 -1.30333639e-06  2.17457268e-07 -1.54617639e-05 
 2.17507268e-07  1.40767358e-06  2.17507268e-07  1.58362518e-05 
 2.17557268e-07 -1.27070971e-06  2.17557268e-07 -1.61697197e-05 
 2.17607268e-07  1.37542601e-06  2.17607268e-07  1.65283065e-05 
 2.17657268e-07 -1.23884023e-06  2.17657268e-07 -1.68461496e-05 
 2.17707268e-07  1.34392683e-06  2.17707268e-07  1.71894067e-05 
 2.17757268e-07 -1.20771029e-06  2.17757268e-07 -1.74921871e-05 
 2.17807268e-07  1.31315856e-06  2.17807268e-07  1.78206647e-05 
 2.17857268e-07 -1.17730263e-06  2.17857268e-07 -1.81089232e-05 
 2.17907268e-07  1.28310416e-06  2.17907268e-07  1.84231511e-05 
 2.17957268e-07 -1.14760044e-06  2.17957268e-07 -1.86974088e-05 
 2.18007268e-07  1.25374698e-06  2.18007268e-07  1.89978971e-05 
 2.18057268e-07 -1.11858722e-06  2.18057268e-07 -1.92586557e-05 
 2.18107268e-07  1.22507074e-06  2.18107268e-07  1.95458958e-05 
 2.18157268e-07 -1.09024693e-06  2.18157268e-07 -1.97936387e-05 
 2.18207268e-07  1.19705959e-06  2.18207268e-07  2.00681041e-05 
 2.18257268e-07 -1.06256386e-06  2.18257268e-07 -2.03032969e-05 
 2.18307268e-07  1.16969798e-06  2.18307268e-07  2.05654438e-05 
 2.18357268e-07 -1.03552270e-06  2.18357268e-07 -2.07885353e-05 
 2.18407268e-07  1.14297079e-06  2.18407268e-07  2.10388032e-05 
 2.18457268e-07 -1.00910848e-06  2.18457268e-07 -2.12502259e-05 
 2.18507268e-07  1.11686325e-06  2.18507268e-07  2.14890387e-05 
 2.18557268e-07 -9.83306627e-07  2.18557268e-07 -2.16892094e-05 
 2.18607268e-07  1.09136096e-06  2.18607268e-07  2.19169755e-05 
 2.18657268e-07 -9.58102908e-07  2.18657268e-07 -2.21062960e-05 
 2.18707268e-07  1.06644986e-06  2.18707268e-07  2.23234092e-05 
 2.18757268e-07 -9.33483462e-07  2.18757268e-07 -2.25022670e-05 
 2.18807268e-07  1.04211622e-06  2.18807268e-07  2.27091070e-05 
 2.18857268e-07 -9.09434697e-07  2.18857268e-07 -2.28778758e-05 
 2.18907268e-07  1.01834667e-06  2.18907268e-07  2.30748087e-05 
 2.18957268e-07 -8.85943409e-07  2.18957268e-07 -2.32338487e-05 
 2.19007268e-07  9.95128111e-07  2.19007268e-07  2.34212278e-05 
 2.19057268e-07 -8.62996669e-07  2.19057268e-07 -2.35708863e-05 
 2.19107268e-07  9.72447813e-07  2.19107268e-07  2.37490523e-05 
 2.19157268e-07 -8.40581911e-07  2.19157268e-07 -2.38896646e-05 
 2.19207268e-07  9.50293343e-07  2.19207268e-07  2.40589460e-05 
 2.19257268e-07 -8.18686839e-07  2.19257268e-07 -2.41908354e-05 
 2.19307268e-07  9.28652538e-07  2.19307268e-07  2.43515492e-05 
 2.19357268e-07 -7.97299464e-07  2.19357268e-07 -2.44750277e-05 
 2.19407268e-07  9.07513586e-07  2.19407268e-07  2.46274799e-05 
 2.19457268e-07 -7.76408073e-07  2.19457268e-07 -2.47428484e-05 
 2.19507268e-07  8.86864879e-07  2.19507268e-07  2.48873340e-05 
 2.19557268e-07 -7.56001244e-07  2.19557268e-07 -2.49948829e-05 
 2.19607268e-07  8.66695175e-07  2.19607268e-07  2.51316869e-05 
 2.19657268e-07 -7.36067832e-07  2.19657268e-07 -2.52316965e-05 
 2.19707268e-07  8.46993418e-07  2.19707268e-07  2.53610937e-05 
 2.19757268e-07 -7.16596954e-07  2.19757268e-07 -2.54538344e-05 
 2.19807268e-07  8.27748883e-07  2.19807268e-07  2.55760902e-05 
 2.19857268e-07 -6.97577999e-07  2.19857268e-07 -2.56618231e-05 
 2.19907268e-07  8.08951086e-07  2.19907268e-07  2.57771936e-05 
 2.19953634e-07 -6.78281350e-07  2.19953634e-07 -2.58635181e-05 
 2.20000000e-07  7.89168706e-07  2.20000000e-07  2.59790648e-05 
 2.20005000e-07  1.75385962e-05  2.20005000e-07  2.19121214e-04 
 2.20015000e-07 -7.97182190e-06  2.20015000e-07  1.27301456e-05 
 2.20035000e-07 -9.69792874e-06  2.20035000e-07 -8.48405815e-05 
 2.20075000e-07  1.02657397e-05  2.20075000e-07 -6.45463748e-05 
 2.20125000e-07 -4.12391520e-05  2.20125000e-07 -1.29480073e-04 
 2.20162500e-07 -7.33601764e-05  2.20162500e-07 -3.60669908e-04 
 2.20200000e-07  5.81535274e-04  2.20200000e-07  3.45322165e-04 
 2.20205000e-07  3.41812459e-04  2.20205000e-07  1.95223729e-04 
 2.20215000e-07 -3.91988977e-04  2.20215000e-07  4.49748501e-04 
 2.20235000e-07 -3.95885738e-04  2.20235000e-07  1.04235516e-03 
 2.20275000e-07  3.15840033e-04  2.20275000e-07  1.30500053e-03 
 2.20317479e-07 -2.05250431e-04  2.20317479e-07 -2.48880663e-03 
 2.20362353e-07  1.37464017e-04  2.20362353e-07  6.21743938e-04 
 2.20412353e-07 -9.85840714e-05  2.20412353e-07 -9.57739350e-05 
 2.20462353e-07  7.30664631e-05  2.20462353e-07  1.76767020e-04 
 2.20512353e-07 -5.52674703e-05  2.20512353e-07 -9.28412298e-05 
 2.20562353e-07  4.28539763e-05  2.20562353e-07  4.73913059e-05 
 2.20612353e-07 -3.35594159e-05  2.20612353e-07 -7.37112325e-06 
 2.20662353e-07  2.68392324e-05  2.20662353e-07 -2.15614595e-05 
 2.20712353e-07 -2.15214686e-05  2.20712353e-07  4.37048185e-05 
 2.20762353e-07  1.76298124e-05  2.20762353e-07 -6.03757008e-05 
 2.20812353e-07 -1.43870977e-05  2.20812353e-07  7.30704917e-05 
 2.20862353e-07  1.20372654e-05  2.20862353e-07 -8.26287988e-05 
 2.20912353e-07 -9.94721481e-06  2.20912353e-07  8.98347649e-05 
 2.20962353e-07  8.47490011e-06  2.20962353e-07 -9.50909855e-05 
 2.21012353e-07 -7.05490366e-06  2.21012353e-07  9.88915697e-05 
 2.21062353e-07  6.10169123e-06  2.21062353e-07 -1.01425669e-04 
 2.21112353e-07 -5.08588135e-06  2.21112353e-07  1.03038731e-04 
 2.21162353e-07  4.45159187e-06  2.21162353e-07 -1.03810780e-04 
 2.21212353e-07 -3.68917769e-06  2.21212353e-07  1.04002802e-04 
 2.21262353e-07  3.25882822e-06  2.21262353e-07 -1.03633284e-04 
 2.21312353e-07 -2.66189379e-06  2.21312353e-07  1.02909533e-04 
 2.21362353e-07  2.36749042e-06  2.21362353e-07 -1.01812881e-04 
 2.21412353e-07 -1.88319487e-06  2.21412353e-07  1.00513833e-04 
 2.21462353e-07  1.68320065e-06  2.21462353e-07 -9.89704559e-05 
 2.21512353e-07 -1.27867858e-06  2.21512353e-07  9.73269081e-05 
 2.21562353e-07  1.14678660e-06  2.21562353e-07 -9.55265596e-05 
 2.21612353e-07 -8.00818932e-07  2.21612353e-07  9.36942794e-05 
 2.21662353e-07  7.19715981e-07  2.21662353e-07 -9.17642836e-05 
 2.21712353e-07 -4.18061482e-07  2.21712353e-07  8.98471501e-05 
 2.21762353e-07  3.75903347e-07  2.21762353e-07 -8.78716106e-05 
 2.21812353e-07 -1.08633387e-07  2.21812353e-07  8.59375783e-05 
 2.21862353e-07  9.70122458e-08  2.21862353e-07 -8.39707388e-05 
 2.21912353e-07  1.43044129e-07  2.21912353e-07  8.20630024e-05 
 2.21956177e-07 -1.44679641e-07  2.21956177e-07 -7.98726172e-05 
 2.22000000e-07  3.74305048e-07  2.22000000e-07  7.77607887e-05 
 2.22005000e-07  2.45051519e-04  2.22005000e-07  3.03446150e-03 
 2.22015000e-07  1.96922887e-04  2.22015000e-07  3.40197583e-03 
 2.22035000e-07 -2.17293698e-05  2.22035000e-07  1.12004777e-03 
 2.22075000e-07  7.16271543e-05  2.22075000e-07  5.61574564e-04 
 2.22125000e-07 -3.19030091e-05  2.22125000e-07  4.51215433e-04 
 2.22162500e-07  1.16545250e-05  2.22162500e-07  6.13105092e-04 
 2.22200000e-07 -4.98873087e-05  2.22200000e-07 -3.62338654e-03 
 2.22205000e-07 -1.96497075e-04  2.22205000e-07 -2.61421675e-03 
 2.22215000e-07 -1.71361793e-04  2.22215000e-07 -1.73695412e-03 
 2.22235000e-07 -3.19468406e-05  2.22235000e-07 -1.13202681e-03 
 2.22275000e-07 -2.43490155e-05  2.22275000e-07 -4.27813020e-04 
 2.22325000e-07  2.03666705e-05  2.22325000e-07 -1.34993251e-04 
 2.22375000e-07 -1.89563898e-05  2.22375000e-07 -3.77789714e-05 
 2.22425000e-07  1.78516424e-05  2.22425000e-07 -1.64367524e-05 
 2.22475000e-07 -1.65628875e-05  2.22475000e-07 -1.39344691e-06 
 2.22525000e-07  1.55494397e-05  2.22525000e-07 -5.37784302e-06 
 2.22575000e-07 -1.43420107e-05  2.22575000e-07  3.77111850e-06 
 2.22625000e-07  1.34254646e-05  2.22625000e-07 -5.51166298e-06 
 2.22675000e-07 -1.23200359e-05  2.22675000e-07  5.97302603e-06 
 2.22725000e-07  1.15091638e-05  2.22725000e-07 -7.00687911e-06 
 2.22775000e-07 -1.05106163e-05  2.22775000e-07  7.74442992e-06 
 2.22825000e-07  9.80629035e-06  2.22825000e-07 -8.54431838e-06 
 2.22875000e-07 -8.91278478e-06  2.22875000e-07  9.22909662e-06 
 2.22925000e-07  8.31102931e-06  2.22925000e-07 -9.84957445e-06 
 2.22975000e-07 -7.51694554e-06  2.22975000e-07  1.04010848e-05 
 2.23025000e-07  7.01090869e-06  2.23025000e-07 -1.08560343e-05 
 2.23075000e-07 -6.30845563e-06  2.23075000e-07  1.12610412e-05 
 2.23125000e-07  5.88971884e-06  2.23125000e-07 -1.15667482e-05 
 2.23175000e-07 -5.27005729e-06  2.23175000e-07  1.18360107e-05 
 2.23225000e-07  4.92956243e-06  2.23225000e-07 -1.20131207e-05 
 2.23275000e-07 -4.38356002e-06  2.23275000e-07  1.21659548e-05 
 2.23325000e-07  4.11222715e-06  2.23325000e-07 -1.22366366e-05 
 2.23375000e-07 -3.63095362e-06  2.23375000e-07  1.22942593e-05 
 2.23425000e-07  3.42007685e-06  2.23425000e-07 -1.22798434e-05 
 2.23475000e-07 -2.99511210e-06  2.23475000e-07  1.22623680e-05 
 2.23525000e-07  2.83659624e-06  2.23525000e-07 -1.21820084e-05 
 2.23575000e-07 -2.46020477e-06  2.23575000e-07  1.21071792e-05 
 2.23625000e-07  2.34668935e-06  2.23625000e-07 -1.19772981e-05 
 2.23675000e-07 -2.01190164e-06  2.23675000e-07  1.18600989e-05 
 2.23725000e-07  1.93680794e-06  2.23725000e-07 -1.16943159e-05 
 2.23775000e-07 -1.63743882e-06  2.23775000e-07  1.15470185e-05 
 2.23825000e-07  1.59496561e-06  2.23825000e-07 -1.13563427e-05 
 2.23875000e-07 -1.32559204e-06  2.23875000e-07  1.11887617e-05 
 2.23925000e-07  1.31067914e-06  2.23925000e-07 -1.09819046e-05 
 2.23975000e-07 -1.06659278e-06  2.23975000e-07  1.08017328e-05 
 2.24025000e-07  1.07486594e-06  2.24025000e-07 -1.05854573e-05 
 2.24075000e-07 -8.52012567e-07  2.24075000e-07  1.03986130e-05 
 2.24125000e-07  8.79718737e-07  2.24125000e-07 -1.01780733e-05 
 2.24175000e-07 -6.74631281e-07  2.24175000e-07  9.98902470e-06 
 2.24225000e-07  7.18570945e-07  2.24225000e-07 -9.76807350e-06 
 2.24275000e-07 -5.28302008e-07  2.24275000e-07  9.58012575e-06 
 2.24325000e-07  5.85762351e-07  2.24325000e-07 -9.36157987e-06 
 2.24375000e-07 -4.07818983e-07  2.24375000e-07  9.17711928e-06 
 2.24425000e-07  4.76510836e-07  2.24425000e-07 -8.96298311e-06 
 2.24475000e-07 -3.08793838e-07  2.24475000e-07  8.78368002e-06 
 2.24525000e-07  3.86793444e-07  2.24525000e-07 -8.57532890e-06 
 2.24575000e-07 -2.27542018e-07  2.24575000e-07  8.40230274e-06 
 2.24625000e-07  3.13238681e-07  2.24625000e-07 -8.20063125e-06 
 2.24675000e-07 -1.60980993e-07  2.24675000e-07  8.03458316e-06 
 2.24725000e-07  2.53030454e-07  2.24725000e-07 -7.84012334e-06 
 2.24775000e-07 -1.06539895e-07  2.24775000e-07  7.68144105e-06 
 2.24825000e-07  2.03823428e-07  2.24825000e-07 -7.49445532e-06 
 2.24875000e-07 -6.20806118e-08  2.24875000e-07  7.34329572e-06 
 2.24925000e-07  1.63669703e-07  2.24925000e-07 -7.16384962e-06 
 2.24975000e-07 -2.58295039e-08  2.24975000e-07  7.02020230e-06 
 2.25025000e-07  1.30955198e-07  2.25025000e-07 -6.84822045e-06 
 2.25075000e-07  3.68151785e-09  2.25075000e-07  6.71195696e-06 
 2.25125000e-07  1.04345376e-07  2.25125000e-07 -6.54726596e-06 
 2.25175000e-07  2.76650133e-08  2.25175000e-07  6.41817713e-06 
 2.25225000e-07  8.27389650e-08  2.25225000e-07 -6.26053799e-06 
 2.25275000e-07  4.71207409e-08  2.25275000e-07  6.13836197e-06 
 2.25325000e-07  6.52287944e-08  2.25325000e-07 -5.98749426e-06 
 2.25375000e-07  6.28715412e-08  2.25375000e-07  5.87193751e-06 
 2.25425000e-07  5.10687672e-08  2.25425000e-07 -5.72753759e-06 
 2.25475000e-07  7.55936831e-08  2.25475000e-07  5.61829015e-06 
 2.25525000e-07  3.96461551e-08  2.25525000e-07 -5.48004393e-06 
 2.25575000e-07  8.58421172e-08  2.25575000e-07  5.37679065e-06 
 2.25625000e-07  3.04585111e-08  2.25625000e-07 -5.24438318e-06 
 2.25675000e-07  9.40716736e-08  2.25675000e-07  5.14681141e-06 
 2.25725000e-07  2.30942036e-08  2.25725000e-07 -5.01993314e-06 
 2.25775000e-07  1.00654767e-07  2.25775000e-07  4.92773814e-06 
 2.25825000e-07  1.72164034e-08  2.25825000e-07 -4.80608960e-06 
 2.25875000e-07  1.05895941e-07  2.25875000e-07  4.71897807e-06 
 2.25925000e-07  1.25498622e-08  2.25925000e-07 -4.60227233e-06 
 2.25975000e-07  1.10043945e-07  2.25975000e-07  4.51996463e-06 
 2.26025000e-07  8.86973849e-09  2.26025000e-07 -4.40792926e-06 
 2.26075000e-07  1.13301920e-07  2.26075000e-07  4.33016051e-06 
 2.26125000e-07  5.99260871e-09  2.26125000e-07 -4.22253808e-06 
 2.26175000e-07  1.15835538e-07  2.26175000e-07  4.14905870e-06 
 2.26225000e-07  3.76885056e-09  2.26225000e-07 -4.04560714e-06 
 2.26275000e-07  1.17779823e-07  2.26275000e-07  3.97618274e-06 
 2.26325000e-07  2.07660995e-09  2.26325000e-07 -3.87667508e-06 
 2.26375000e-07  1.19244762e-07  2.26375000e-07  3.81108613e-06 
 2.26425000e-07  8.16645418e-10  2.26425000e-07 -3.71530997e-06 
 2.26475000e-07  1.20319899e-07  2.26475000e-07  3.65335115e-06 
 2.26525000e-07 -9.18470369e-11  2.26525000e-07 -3.56110795e-06 
 2.26575000e-07  1.21078153e-07  2.26575000e-07  3.50258748e-06 
 2.26625000e-07 -7.14631729e-10  2.26625000e-07 -3.41369181e-06 
 2.26675000e-07  1.21578762e-07  2.26675000e-07  3.35843055e-06 
 2.26725000e-07 -1.10509396e-09  2.26725000e-07 -3.27270920e-06 
 2.26775000e-07  1.21869957e-07  2.26775000e-07  3.22053982e-06 
 2.26825000e-07 -1.30678149e-09  2.26825000e-07 -3.13783108e-06 
 2.26875000e-07  1.21990907e-07  2.26875000e-07  3.08859721e-06 
 2.26925000e-07 -1.35497666e-09  2.26925000e-07 -3.00874983e-06 
 2.26975000e-07  1.21973546e-07  2.26975000e-07  2.96230532e-06 
 2.27025000e-07 -1.27848426e-09  2.27025000e-07 -2.88517790e-06 
 2.27075000e-07  1.21843726e-07  2.27075000e-07  2.84138591e-06 
 2.27125000e-07 -1.10060629e-09  2.27125000e-07 -2.76684598e-06 
 2.27175000e-07  1.21622531e-07  2.27175000e-07  2.72557835e-06 
 2.27225000e-07 -8.40380855e-10  2.27225000e-07 -2.65350176e-06 
 2.27275000e-07  1.21327132e-07  2.27275000e-07  2.61463821e-06 
 2.27325000e-07 -5.13259109e-10  2.27325000e-07 -2.54490848e-06 
 2.27375000e-07  1.20971394e-07  2.27375000e-07  2.50833610e-06 
 2.27425000e-07 -1.31783015e-10  2.27425000e-07 -2.44084366e-06 
 2.27475000e-07  1.20566750e-07  2.27475000e-07  2.40645629e-06 
 2.27525000e-07  2.93736778e-10  2.27525000e-07 -2.34109814e-06 
 2.27575000e-07  1.20122408e-07  2.27575000e-07  2.30879572e-06 
 2.27625000e-07  7.55017084e-10  2.27625000e-07 -2.24547474e-06 
 2.27675000e-07  1.19645909e-07  2.27675000e-07  2.21516304e-06 
 2.27725000e-07  1.24519592e-09  2.27725000e-07 -2.15378760e-06 
 2.27775000e-07  1.19143436e-07  2.27775000e-07  2.12537756e-06 
 2.27825000e-07  1.75871210e-09  2.27825000e-07 -2.06586114e-06 
 2.27875000e-07  1.18619978e-07  2.27875000e-07  2.03926860e-06 
 2.27925000e-07  2.29106490e-09  2.27925000e-07 -1.98152930e-06 
 2.27975000e-07  1.18079709e-07  2.27975000e-07  1.95667460e-06 
 2.28025000e-07  2.83842182e-09  2.28025000e-07 -1.90063494e-06 
 2.28075000e-07  1.17525991e-07  2.28075000e-07  1.87744265e-06 
 2.28125000e-07  3.39777521e-09  2.28125000e-07 -1.82302907e-06 
 2.28175000e-07  1.16961618e-07  2.28175000e-07  1.80142756e-06 
 2.28225000e-07  3.96660051e-09  2.28225000e-07 -1.74857035e-06 
 2.28275000e-07  1.16388891e-07  2.28275000e-07  1.72849164e-06 
 2.28325000e-07  4.54276206e-09  2.28325000e-07 -1.67712448e-06 
 2.28375000e-07  1.15809702e-07  2.28375000e-07  1.65850398e-06 
 2.28425000e-07  5.12457357e-09  2.28425000e-07 -1.60856388e-06 
 2.28475000e-07  1.15225631e-07  2.28475000e-07  1.59134004e-06 
 2.28525000e-07  5.71057866e-09  2.28525000e-07 -1.54276699e-06 
 2.28575000e-07  1.14637987e-07  2.28575000e-07  1.52688132e-06 
 2.28625000e-07  6.29957317e-09  2.28625000e-07 -1.47961814e-06 
 2.28675000e-07  1.14047891e-07  2.28675000e-07  1.46501483e-06 
 2.28725000e-07  6.89053579e-09  2.28725000e-07 -1.41900712e-06 
 2.28775000e-07  1.13456282e-07  2.28775000e-07  1.40563296e-06 
 2.28825000e-07  7.48260095e-09  2.28825000e-07 -1.36082871e-06 
 2.28875000e-07  1.12863912e-07  2.28875000e-07  1.34863299e-06 
 2.28925000e-07  8.07508465e-09  2.28925000e-07 -1.30498258e-06 
 2.28975000e-07  1.12271470e-07  2.28975000e-07  1.29391675e-06 
 2.29025000e-07  8.66734715e-09  2.29025000e-07 -1.25137281e-06 
 2.29075000e-07  1.11679523e-07  2.29075000e-07  1.24139062e-06 
 2.29125000e-07  9.25886381e-09  2.29125000e-07 -1.19990789e-06 
 2.29175000e-07  1.11088555e-07  2.29175000e-07  1.19096500e-06 
 2.29225000e-07  9.84915506e-09  2.29225000e-07 -1.15050020e-06 
 2.29275000e-07  1.10499019e-07  2.29275000e-07  1.14255433e-06 
 2.29325000e-07  1.04378510e-08  2.29325000e-07 -1.10306604e-06 
 2.29375000e-07  1.09911271e-07  2.29375000e-07  1.09607668e-06 
 2.29425000e-07  1.10245723e-08  2.29425000e-07 -1.05752526e-06 
 2.29475000e-07  1.09325632e-07  2.29475000e-07  1.05145364e-06 
 2.29525000e-07  1.16090373e-08  2.29525000e-07 -1.01380120e-06 
 2.29575000e-07  1.08742401e-07  2.29575000e-07  1.00861021e-06 
 2.29625000e-07  1.21909796e-08  2.29625000e-07 -9.71820408e-07 
 2.29675000e-07  1.08161813e-07  2.29675000e-07  9.67474503e-07 
 2.29725000e-07  1.27701401e-08  2.29725000e-07 -9.31512582e-07 
 2.29775000e-07  1.07584117e-07  2.29775000e-07  9.27977734e-07 
 2.29825000e-07  1.33463242e-08  2.29825000e-07 -8.92810332e-07 
 2.29875000e-07  1.07009516e-07  2.29875000e-07  8.90053891e-07 
 2.29925000e-07  1.39193091e-08  2.29925000e-07 -8.55649118e-07 
 2.29962500e-07  1.06343306e-07  2.29962500e-07  8.47712679e-07 
 2.30000000e-07  1.46780102e-08  2.30000000e-07 -8.08390186e-07 
 2.30005000e-07 -1.13154095e-05  2.30005000e-07 -9.36568946e-05 
 2.30015000e-07  8.08830971e-06  2.30015000e-07  9.38815297e-06 
 2.30035000e-07  3.53306429e-06  2.30035000e-07  2.50215668e-05 
 2.30075000e-07 -5.42312087e-06  2.30075000e-07  2.31419022e-05 
 2.30125000e-07  3.34171523e-05  2.30125000e-07  2.18432102e-04 
 2.30162500e-07  1.55684195e-05  2.30162500e-07  2.53222970e-04 
 2.30200000e-07 -4.39857973e-04  2.30200000e-07 -1.92658664e-04 
 2.30205000e-07 -4.43829007e-04  2.30205000e-07 -4.95061503e-04 
 2.30215000e-07  6.27488361e-06  2.30215000e-07 -1.09941117e-03 
 2.30235000e-07  7.49439601e-04  2.30235000e-07 -1.64260910e-03 
 2.30271173e-07 -4.10698650e-04  2.30271173e-07 -4.77428329e-04 
 2.30314696e-07  1.96611125e-04  2.30314696e-07  1.88669736e-03 
 2.30360588e-07 -7.50529716e-05  2.30360588e-07 -3.64662910e-05 
 2.30410588e-07  7.46555932e-06  2.30410588e-07 -9.69343278e-05 
 2.30460588e-07  3.56411577e-05  2.30460588e-07 -1.44044091e-04 
 2.30510588e-07 -6.28572737e-05  2.30510588e-07  3.01654807e-05 
 2.30560588e-07  7.96570482e-05  2.30560588e-07 -4.33923992e-05 
 2.30610588e-07 -8.90420280e-05  2.30610588e-07  8.41555395e-06 
 2.30660588e-07  9.35054933e-05  2.30660588e-07  5.53819258e-06 
 2.30710588e-07 -9.42165954e-05  2.30710588e-07 -2.33646159e-05 
 2.30760588e-07  9.26768846e-05  2.30760588e-07  3.62060107e-05 
 2.30810588e-07 -8.91764056e-05  2.30810588e-07 -4.77421036e-05 
 2.30860588e-07  8.48793215e-05  2.30860588e-07  5.70824689e-05 
 2.30910588e-07 -7.96332263e-05  2.30910588e-07 -6.49053004e-05 
 2.30960588e-07  7.42912794e-05  2.30960588e-07  7.13371227e-05 
 2.31010588e-07 -6.85702728e-05  2.31010588e-07 -7.65710813e-05 
 2.31060588e-07  6.31191854e-05  2.31060588e-07  8.08279730e-05 
 2.31110588e-07 -5.75762664e-05  2.31110588e-07 -8.41821577e-05 
 2.31160588e-07  5.24842125e-05  2.31160588e-07  8.68383639e-05 
 2.31210588e-07 -4.74297879e-05  2.31210588e-07 -8.88187061e-05 
 2.31260588e-07  4.29027924e-05  2.31260588e-07  9.03023433e-05 
 2.31310588e-07 -3.84564690e-05  2.31310588e-07 -9.12801837e-05 
 2.31360588e-07  3.45563395e-05  2.31360588e-07  9.19091449e-05 
 2.31410588e-07 -3.07343993e-05  2.31410588e-07 -9.21593600e-05 
 2.31460588e-07  2.74468173e-05  2.31460588e-07  9.21698321e-05 
 2.31510588e-07 -2.42126683e-05  2.31510588e-07 -9.18963945e-05 
 2.31560588e-07  2.14862573e-05  2.31560588e-07  9.14638184e-05 
 2.31610588e-07 -1.87792731e-05  2.31610588e-07 -9.08180377e-05 
 2.31660588e-07  1.65476753e-05  2.31660588e-07  9.00725245e-05 
 2.31710588e-07 -1.42993484e-05  2.31710588e-07 -8.91664144e-05 
 2.31760588e-07  1.24933487e-05  2.31760588e-07  8.82041854e-05 
 2.31810588e-07 -1.06359972e-05  2.31810588e-07 -8.71203907e-05 
 2.31860588e-07  9.18983641e-06  2.31860588e-07  8.60123242e-05 
 2.31910588e-07 -7.66096633e-06  2.31910588e-07 -8.48115460e-05 
 2.31960588e-07  6.51529839e-06  2.31960588e-07  8.36095898e-05 
 2.32010588e-07 -5.25946693e-06  2.32010588e-07 -8.23361586e-05 
 2.32060588e-07  4.36241540e-06  2.32060588e-07  8.10781482e-05 
 2.32110588e-07 -3.33169436e-06  2.32110588e-07 -7.97642110e-05 
 2.32160588e-07  2.63887065e-06  2.32160588e-07  7.84774919e-05 
 2.32210588e-07 -1.79256246e-06  2.32210588e-07 -7.71461575e-05 
 2.32260588e-07  1.26655251e-06  2.32260588e-07  7.58503049e-05 
 2.32310588e-07 -5.70542419e-07  2.32310588e-07 -7.45180037e-05 
 2.32360588e-07  1.80157136e-07  2.32360588e-07  7.32268615e-05 
 2.32410588e-07  3.93877863e-07  2.32410588e-07 -7.19051115e-05 
 2.32460588e-07 -6.74422814e-07  2.32460588e-07  7.06283166e-05 
 2.32510588e-07  1.14982467e-06  2.32510588e-07 -6.93250421e-05 
 2.32560588e-07 -1.34170808e-06  2.32560588e-07  6.80691619e-05 
 2.32610588e-07  1.73760294e-06  2.32610588e-07 -6.67896748e-05 
 2.32660588e-07 -1.85813237e-06  2.32660588e-07  6.55590514e-05 
 2.32710588e-07  2.19011989e-06  2.32710588e-07 -6.43067790e-05 
 2.32760588e-07 -2.25338100e-06  2.32760588e-07  6.31041549e-05 
 2.32810588e-07  2.53413681e-06  2.32810588e-07 -6.18811765e-05 
 2.32860588e-07 -2.55155449e-06  2.32860588e-07  6.07081550e-05 
 2.32910588e-07  2.79134628e-06  2.32910588e-07 -5.95155969e-05 
 2.32960588e-07 -2.77216108e-06  2.32960588e-07  5.83729797e-05 
 2.33010588e-07  2.97928423e-06  2.33010588e-07 -5.72113031e-05 
 2.33060588e-07 -2.93095203e-06  2.33060588e-07  5.60993362e-05 
 2.33110588e-07  3.11209328e-06  2.33110588e-07 -5.49685465e-05 
 2.33160588e-07 -3.04061733e-06  2.33160588e-07  5.38870981e-05 
 2.33210588e-07  3.20115617e-06  2.33210588e-07 -5.27868953e-05 
 2.33260588e-07 -3.11136118e-06  2.33260588e-07  5.17355833e-05 
 2.33310588e-07  3.25561761e-06  2.33310588e-07 -5.06654694e-05 
 2.33360588e-07 -3.15137448e-06  2.33360588e-07  4.96437523e-05 
 2.33410588e-07  3.28281211e-06  2.33410588e-07 -4.86031069e-05 
 2.33460588e-07 -3.16722168e-06  2.33460588e-07  4.76103468e-05 
 2.33510588e-07  3.28861313e-06  2.33510588e-07 -4.65984802e-05 
 2.33560588e-07 -3.16415563e-06  2.33560588e-07  4.56339872e-05 
 2.33610588e-07  3.27771722e-06  2.33610588e-07 -4.46501760e-05 
 2.33660588e-07 -3.14637348e-06  2.33660588e-07  4.37132378e-05 
 2.33710588e-07  3.25387408e-06  2.33710588e-07 -4.27567491e-05 
 2.33760588e-07 -3.11722375e-06  2.33760588e-07  4.18466504e-05 
 2.33810588e-07  3.22007307e-06  2.33810588e-07 -4.09167573e-05 
 2.33860588e-07 -3.07937392e-06  2.33860588e-07  4.00327926e-05 
 2.33910588e-07  3.17869350e-06  2.33910588e-07 -3.91287838e-05 
 2.33960588e-07 -3.03494532e-06  2.33960588e-07  3.82702647e-05 
 2.34010588e-07  3.13162613e-06  2.34010588e-07 -3.73914499e-05 
 2.34060588e-07 -2.98562218e-06  2.34060588e-07  3.65577093e-05 
 2.34110588e-07  3.08037042e-06  2.34110588e-07 -3.57034219e-05 
 2.34160588e-07 -2.93273888e-06  2.34160588e-07  3.48938156e-05 
 2.34210588e-07  3.02611327e-06  2.34210588e-07 -3.40634133e-05 
 2.34260588e-07 -2.87735029e-06  2.34260588e-07  3.32773207e-05 
 2.34310588e-07  2.96979165e-06  2.34310588e-07 -3.24701856e-05 
 2.34360588e-07 -2.82028820e-06  2.34360588e-07  3.17070083e-05 
 2.34410588e-07  2.91214346e-06  2.34410588e-07 -3.09225455e-05 
 2.34460588e-07 -2.76220654e-06  2.34460588e-07  3.01817071e-05 
 2.34510588e-07  2.85374761e-06  2.34510588e-07 -2.94193434e-05 
 2.34560588e-07 -2.70361737e-06  2.34560588e-07  2.87002873e-05 
 2.34610588e-07  2.79505666e-06  2.34610588e-07 -2.79594697e-05 
 2.34660588e-07 -2.64492015e-06  2.34660588e-07  2.72616579e-05 
 2.34710588e-07  2.73642257e-06  2.34710588e-07 -2.65418519e-05 
 2.34760588e-07 -2.58642450e-06  2.34760588e-07  2.58647637e-05 
 2.34810588e-07  2.67811741e-06  2.34810588e-07 -2.51654516e-05 
 2.34860588e-07 -2.52836905e-06  2.34860588e-07  2.45085818e-05 
 2.34910588e-07  2.62034988e-06  2.34910588e-07 -2.38292618e-05 
 2.34960588e-07 -2.47093586e-06  2.34960588e-07  2.31921198e-05 
 2.35010588e-07  2.56327845e-06  2.35010588e-07 -2.25323042e-05 
 2.35060588e-07 -2.41426248e-06  2.35060588e-07  2.19144124e-05 
 2.35110588e-07  2.50702200e-06  2.35110588e-07 -2.12736267e-05 
 2.35160588e-07 -2.35845113e-06  2.35160588e-07  2.06745201e-05 
 2.35210588e-07  2.45166794e-06  2.35210588e-07 -2.00523022e-05 
 2.35260588e-07 -2.30357616e-06  2.35260588e-07  1.94715269e-05 
 2.35310588e-07  2.39727910e-06  2.35310588e-07 -1.88674258e-05 
 2.35360588e-07 -2.24969013e-06  2.35360588e-07  1.83045387e-05 
 2.35410588e-07  2.34389886e-06  2.35410588e-07 -1.77181144e-05 
 2.35460588e-07 -2.19682839e-06  2.35460588e-07  1.71726825e-05 
 2.35510588e-07  2.29155548e-06  2.35510588e-07 -1.66035046e-05 
 2.35560588e-07 -2.14501285e-06  2.35560588e-07  1.60751043e-05 
 2.35610588e-07  2.24026527e-06  2.35610588e-07 -1.55227525e-05 
 2.35660588e-07 -2.09425498e-06  2.35660588e-07  1.50109694e-05 
 2.35710588e-07  2.19003544e-06  2.35710588e-07 -1.44750320e-05 
 2.35760588e-07 -2.04455820e-06  2.35760588e-07  1.39794603e-05 
 2.35810588e-07  2.14086599e-06  2.35810588e-07 -1.34595346e-05 
 2.35860588e-07 -1.99591954e-06  2.35860588e-07  1.29797769e-05 
 2.35910588e-07  2.09275152e-06  2.35910588e-07 -1.24754687e-05 
 2.35960588e-07 -1.94833147e-06  2.35960588e-07  1.20111358e-05 
 2.36010588e-07  2.04568245e-06  2.36010588e-07 -1.15220590e-05 
 2.36060588e-07 -1.90178265e-06  2.36060588e-07  1.10727697e-05 
 2.36110588e-07  1.99964601e-06  2.36110588e-07 -1.05985460e-05 
 2.36160588e-07 -1.85625912e-06  2.36160588e-07  1.01639267e-05 
 2.36210588e-07  1.95462721e-06  2.36210588e-07 -9.70418589e-06 
 2.36260588e-07 -1.81174494e-06  2.36260588e-07  9.28387058e-06 
 2.36310588e-07  1.91060926e-06  2.36310588e-07 -8.83824993e-06 
 2.36360588e-07 -1.76822269e-06  2.36360588e-07  8.43188013e-06 
 2.36410588e-07  1.86757423e-06  2.36410588e-07 -8.00002432e-06 
 2.36460588e-07 -1.72567400e-06  2.36460588e-07  7.60724872e-06 
 2.36510588e-07  1.82550339e-06  2.36510588e-07 -7.18880990e-06 
 2.36560588e-07 -1.68407984e-06  2.36560588e-07  6.80928460e-06 
 2.36610588e-07  1.78437750e-06  2.36610588e-07 -6.40392202e-06 
 2.36660588e-07 -1.64342086e-06  2.36660588e-07  6.03730998e-06 
 2.36710588e-07  1.74417703e-06  2.36710588e-07 -5.64469005e-06 
 2.36760588e-07 -1.60367737e-06  2.36760588e-07  5.29066141e-06 
 2.36810588e-07  1.70488233e-06  2.36810588e-07 -4.91045753e-06 
 2.36860588e-07 -1.56482982e-06  2.36860588e-07  4.56868920e-06 
 2.36910588e-07  1.66647383e-06  2.36910588e-07 -4.20058175e-06 
 2.36960588e-07 -1.52685865e-06  2.36960588e-07  3.87075748e-06 
 2.37010588e-07  1.62893206e-06  2.37010588e-07 -3.51443355e-06 
 2.37060588e-07 -1.48974452e-06  2.37060588e-07  3.19624388e-06 
 2.37110588e-07  1.59223781e-06  2.37110588e-07 -2.85139731e-06 
 2.37160588e-07 -1.45346833e-06  2.37160588e-07  2.54453935e-06 
 2.37210588e-07  1.55637214e-06  2.37210588e-07 -2.21087060e-06 
 2.37260588e-07 -1.41801130e-06  2.37260588e-07  1.91504794e-06 
 2.37310588e-07  1.52131637e-06  2.37310588e-07 -1.59226395e-06 
 2.37360588e-07 -1.38335497e-06  2.37360588e-07  1.30718670e-06 
 2.37410588e-07  1.48705228e-06  2.37410588e-07 -9.95000922e-07 
 2.37460588e-07 -1.34948121e-06  2.37460588e-07  7.20385537e-07 
 2.37510588e-07  1.45356186e-06  2.37510588e-07 -4.18517650e-07 
 2.37560588e-07 -1.31637229e-06  2.37560588e-07  1.54086800e-07 
 2.37610588e-07  1.42082762e-06  2.37610588e-07  1.37737295e-07 
 2.37660588e-07 -1.28401088e-06  2.37660588e-07 -3.92254735e-07 
 2.37710588e-07  1.38883238e-06  2.37710588e-07  6.74302844e-07 
 2.37760588e-07 -1.25237997e-06  2.37760588e-07 -9.19171946e-07 
 2.37810588e-07  1.35755935e-06  2.37810588e-07  1.19170604e-06 
 2.37860588e-07 -1.22146299e-06  2.37860588e-07 -1.42718585e-06 
 2.37910588e-07  1.32699214e-06  2.37910588e-07  1.69046182e-06 
 2.37960588e-07 -1.19124376e-06  2.37960588e-07 -1.91680561e-06 
 2.38010588e-07  1.29711474e-06  2.38010588e-07  2.17107358e-06 
 2.38060588e-07 -1.16170642e-06  2.38060588e-07 -2.38852871e-06 
 2.38110588e-07  1.26791151e-06  2.38110588e-07  2.63403304e-06 
 2.38160588e-07 -1.13283554e-06  2.38160588e-07 -2.84284129e-06 
 2.38210588e-07  1.23936719e-06  2.38210588e-07  3.07982068e-06 
 2.38260588e-07 -1.10461605e-06  2.38260588e-07 -3.28021820e-06 
 2.38310588e-07  1.21146688e-06  2.38310588e-07  3.50890585e-06 
 2.38360588e-07 -1.07703321e-06  2.38360588e-07 -3.70112326e-06 
 2.38410588e-07  1.18419601e-06  2.38410588e-07  3.92174688e-06 
 2.38460588e-07 -1.05007263e-06  2.38460588e-07 -4.10600949e-06 
 2.38510588e-07  1.15754039e-06  2.38510588e-07  4.31879146e-06 
 2.38560588e-07 -1.02372032e-06  2.38560588e-07 -4.49531916e-06 
 2.38610588e-07  1.13148615e-06  2.38610588e-07  4.70047665e-06 
 2.38660588e-07 -9.97962520e-07  2.38660588e-07 -4.86948428e-06 
 2.38710588e-07  1.10601974e-06  2.38710588e-07  5.06722926e-06 
 2.38760588e-07 -9.72785913e-07  2.38760588e-07 -5.22892642e-06 
 2.38810588e-07  1.08112798e-06  2.38810588e-07  5.41946581e-06 
 2.38860588e-07 -9.48177426e-07  2.38860588e-07 -5.57405721e-06 
 2.38910588e-07  1.05679795e-06  2.38910588e-07  5.75759301e-06 
 2.38960588e-07 -9.24124307e-07  2.38960588e-07 -5.90527837e-06 
 2.39010588e-07  1.03301706e-06  2.39010588e-07  6.08200770e-06 
 2.39060588e-07 -9.00614126e-07  2.39060588e-07 -6.22298199e-06 
 2.39110588e-07  1.00977300e-06  2.39110588e-07  6.39309722e-06 
 2.39160588e-07 -8.77634721e-07  2.39160588e-07 -6.52755061e-06 
 2.39210588e-07  9.87053779e-07  2.39210588e-07  6.69123946e-06 
 2.39260588e-07 -8.55174226e-07  2.39260588e-07 -6.81935758e-06 
 2.39310588e-07  9.64847654e-07  2.39310588e-07  6.97680314e-06 
 2.39360588e-07 -8.33221046e-07  2.39360588e-07 -7.09876706e-06 
 2.39410588e-07  9.43143202e-07  2.39410588e-07  7.25014801e-06 
 2.39460588e-07 -8.11763918e-07  2.39460588e-07 -7.36613433e-06 
 2.39510588e-07  9.21929226e-07  2.39510588e-07  7.51162491e-06 
 2.39560588e-07 -7.90791731e-07  2.39560588e-07 -7.62180594e-06 
 2.39610588e-07  9.01194770e-07  2.39610588e-07  7.76157614e-06 
 2.39660588e-07 -7.70293649e-07  2.39660588e-07 -7.86611991e-06 
 2.39710588e-07  8.80929175e-07  2.39710588e-07  8.00033543e-06 
 2.39760588e-07 -7.50259223e-07  2.39760588e-07 -8.09940577e-06 
 2.39810588e-07  8.61122037e-07  2.39810588e-07  8.22822832e-06 
 2.39860588e-07 -7.30678089e-07  2.39860588e-07 -8.32198501e-06 
 2.39910588e-07  8.41763139e-07  2.39910588e-07  8.44557218e-06 
 2.39955294e-07 -7.10420669e-07  2.39955294e-07 -8.54641619e-06 
 2.40000000e-07  8.20630528e-07  2.40000000e-07  8.67653950e-06 
 2.40005000e-07  2.12649438e-05  2.40005000e-07  2.67563290e-04 
 2.40015000e-07 -4.57209538e-06  2.40015000e-07  4.67114488e-05 
 2.40035000e-07 -1.40837747e-05  2.40035000e-07 -8.13117611e-05 
 2.40075000e-07  1.06808649e-05  2.40075000e-07 -1.12069666e-04 
 2.40125000e-07 -5.86423960e-05  2.40125000e-07 -2.12701229e-04 
 2.40162500e-07 -1.25266040e-04  2.40162500e-07 -5.65288272e-04 
 2.40200000e-07  8.24038502e-04  2.40200000e-07  3.28029115e-04 
 2.40205000e-07  5.92452343e-04  2.40205000e-07  1.85834075e-04 
 2.40215000e-07 -2.64204860e-04  2.40215000e-07  5.51086760e-04 
 2.40235000e-07 -5.94327582e-04  2.40235000e-07  1.47389334e-03 
 2.40275000e-07  2.79417033e-04  2.40275000e-07  2.17693855e-03 
 2.40318862e-07 -1.60050596e-04  2.40318862e-07 -2.98206152e-03 
 2.40364728e-07  1.05740041e-04  2.40364728e-07  2.90608149e-04 
 2.40414728e-07 -7.68242073e-05  2.40414728e-07 -1.77661587e-04 
 2.40464728e-07  5.79208395e-05  2.40464728e-07  3.02492682e-04 
 2.40514728e-07 -4.44652618e-05  2.40514728e-07 -1.49795083e-04 
 2.40564728e-07  3.49030973e-05  2.40564728e-07  1.20866271e-04 
 2.40614728e-07 -2.75675143e-05  2.40614728e-07 -7.08915778e-05 
 2.40664728e-07  2.22345774e-05  2.40664728e-07  4.18091155e-05 
 2.40714728e-07 -1.79296167e-05  2.40714728e-07 -1.68928338e-05 
 2.40764728e-07  1.48039964e-05  2.40764728e-07 -1.59075170e-06 
 2.40814728e-07 -1.21387676e-05  2.40814728e-07  1.62797776e-05 
 2.40864728e-07  1.02353032e-05  2.40864728e-07 -2.77505131e-05 
 2.40914728e-07 -8.49072278e-06  2.40914728e-07  3.68255227e-05 
 2.40964728e-07  7.28950566e-06  2.40964728e-07 -4.39354087e-05 
 2.41014728e-07 -6.08285023e-06  2.41014728e-07  4.95317622e-05 
 2.41064728e-07  5.29950498e-06  2.41064728e-07 -5.38334616e-05 
 2.41114728e-07 -4.41960438e-06  2.41114728e-07  5.71531430e-05 
 2.41164728e-07  3.89530884e-06  2.41164728e-07 -5.95942658e-05 
 2.41214728e-07 -3.22251362e-06  2.41214728e-07  6.13928756e-05 
 2.41264728e-07  2.86603463e-06  2.41264728e-07 -6.25875059e-05 
 2.41314728e-07 -2.33046850e-06  2.41314728e-07  6.33661504e-05 
 2.41364728e-07  2.08762909e-06  2.41364728e-07 -6.37277971e-05 
 2.41414728e-07 -1.64700701e-06  2.41414728e-07  6.38278551e-05 
 2.41464728e-07  1.48438962e-06  2.41464728e-07 -6.36399122e-05 
 2.41514728e-07 -1.11208780e-06  2.41514728e-07  6.32962827e-05 
 2.41564728e-07  1.00821661e-06  2.41564728e-07 -6.27538313e-05 
 2.41614728e-07 -6.86761072e-07  2.41614728e-07  6.21281246e-05 
 2.41664728e-07  6.27248963e-07  2.41664728e-07 -6.13649757e-05 
 2.41714728e-07 -3.44693916e-07  2.41714728e-07  6.05676668e-05 
 2.41764728e-07  3.19532543e-07  2.41764728e-07 -5.96764189e-05 
 2.41814728e-07 -6.74147886e-08  2.41814728e-07  5.87795697e-05 
 2.41864728e-07  6.93241521e-08  2.41864728e-07 -5.78185948e-05 
 2.41914728e-07  1.58627021e-07  2.41914728e-07  5.68773077e-05 
 2.41957364e-07 -1.50846671e-07  2.41957364e-07 -5.57192511e-05 
 2.42000000e-07  3.71847323e-07  2.42000000e-07  5.45945204e-05 
 2.42005000e-07 -7.26465088e-08  2.42005000e-07  2.96048714e-06 
 2.42015000e-07  7.82186954e-08  2.42015000e-07 -3.35044684e-06 
 2.42035000e-07  6.28745185e-08  2.42035000e-07  2.96824883e-06 
 2.42075000e-07  6.64866297e-08  2.42075000e-07 -2.67213449e-06 
 2.42125000e-07  4.13932852e-08  2.42125000e-07  2.56746513e-06 
 2.42162500e-07  9.64029198e-08  2.42162500e-07 -2.45812260e-06 
 2.42200000e-07  1.14366786e-08  2.42200000e-07  2.35417453e-06 
 2.42205000e-07  4.55514178e-08  2.42205000e-07  1.10619656e-08 
 2.42215000e-07  1.24796036e-07  2.42215000e-07  5.69101421e-07 
 2.42235000e-07 -5.25406518e-09  2.42235000e-07 -5.68651058e-07 
 2.42275000e-07  1.15039790e-07  2.42275000e-07  4.43365419e-07 
 2.42325000e-07  1.81846205e-08  2.42325000e-07 -3.45146834e-07 
 2.42375000e-07  8.90854327e-08  2.42375000e-07  3.27496595e-07 
 2.42425000e-07  4.40441055e-08  2.42425000e-07 -2.79987441e-07 
 2.42475000e-07  6.56985460e-08  2.42475000e-07  2.57770662e-07 
 2.42525000e-07  6.40824206e-08  2.42525000e-07 -2.04657506e-07 
 2.42575000e-07  4.91335509e-08  2.42575000e-07  1.84552451e-07 
 2.42625000e-07  7.73710301e-08  2.42625000e-07 -1.33940673e-07 
 2.42675000e-07  3.87914803e-08  2.42675000e-07  1.17304232e-07 
 2.42725000e-07  8.51392671e-08  2.42725000e-07 -7.06031699e-08 
 2.42775000e-07  3.32257788e-08  2.42775000e-07  5.80202744e-08 
 2.42825000e-07  8.88508191e-08  2.42825000e-07 -1.54813155e-08 
 2.42875000e-07  3.10527050e-08  2.42875000e-07  7.02665631e-09 
 2.42925000e-07  8.97650370e-08  2.42925000e-07  3.14558111e-08 
 2.42975000e-07  3.11536489e-08  2.42975000e-07 -3.59854289e-08 
 2.43025000e-07  8.88586379e-08  2.43025000e-07  7.07032689e-08 
 2.43075000e-07  3.26869814e-08  2.43075000e-07 -7.16543548e-08 
 2.43125000e-07  8.68489380e-08  2.43125000e-07  1.02993895e-07 
 2.43175000e-07  3.50471243e-08  2.43175000e-07 -1.00775454e-07 
 2.43225000e-07  8.42428319e-08  2.43225000e-07  1.29156993e-07 
 2.43275000e-07  3.78133198e-08  2.43275000e-07 -1.24190832e-07 
 2.43325000e-07  8.13864391e-08  2.43325000e-07  1.50030489e-07 
 2.43375000e-07  4.07035083e-08  2.43375000e-07 -1.42721365e-07 
 2.43425000e-07  7.85073955e-08  2.43425000e-07  1.66408445e-07 
 2.43475000e-07  4.35361594e-08  2.43475000e-07 -1.57127425e-07 
 2.43525000e-07  7.57483063e-08  2.43525000e-07  1.79012844e-07 
 2.43575000e-07  4.62012143e-08  2.43575000e-07 -1.68089585e-07 
 2.43625000e-07  7.31922194e-08  2.43625000e-07  1.88481190e-07 
 2.43675000e-07  4.86379726e-08  2.43675000e-07 -1.76201713e-07 
 2.43725000e-07  7.08814363e-08  2.43725000e-07  1.95364153e-07 
 2.43775000e-07  5.08191573e-08  2.43775000e-07 -1.81972314e-07 
 2.43825000e-07  6.88310270e-08  2.43825000e-07  2.00129443e-07 
 2.43875000e-07  5.27395025e-08  2.43875000e-07 -1.85830116e-07 
 2.43925000e-07  6.70385657e-08  2.43925000e-07  2.03168913e-07 
 2.43975000e-07  5.44074632e-08  2.43975000e-07 -1.88132349e-07 
 2.44025000e-07  6.54908801e-08  2.44025000e-07  2.04807431e-07 
 2.44075000e-07  5.58396933e-08  2.44075000e-07 -1.89173741e-07 
 2.44125000e-07  6.41688269e-08  2.44125000e-07  2.05311892e-07 
 2.44175000e-07  5.70571173e-08  2.44175000e-07 -1.89195536e-07 
 2.44225000e-07  6.30503127e-08  2.44225000e-07  2.04900004e-07 
 2.44275000e-07  5.80824757e-08  2.44275000e-07 -1.88394111e-07 
 2.44325000e-07  6.21124217e-08  2.44325000e-07  2.03748663e-07 
 2.44375000e-07  5.89384677e-08  2.44375000e-07 -1.86928454e-07 
 2.44425000e-07  6.13328888e-08  2.44425000e-07  2.02000720e-07 
 2.44475000e-07  5.96468587e-08  2.44475000e-07 -1.84926972e-07 
 2.44525000e-07  6.06905815e-08  2.44525000e-07  1.99771483e-07 
 2.44575000e-07  6.02278855e-08  2.44575000e-07 -1.82493080e-07 
 2.44625000e-07  6.01662669e-08  2.44625000e-07  1.97153752e-07 
 2.44675000e-07  6.06998003e-08  2.44675000e-07 -1.79710210e-07 
 2.44725000e-07  5.97426405e-08  2.44725000e-07  1.94222462e-07 
 2.44775000e-07  6.10790055e-08  2.44775000e-07 -1.76645604e-07 
 2.44825000e-07  5.94042907e-08  2.44825000e-07  1.91038143e-07 
 2.44875000e-07  6.13798499e-08  2.44875000e-07 -1.73353747e-07 
 2.44925000e-07  5.91377893e-08  2.44925000e-07  1.87649785e-07 
 2.44975000e-07  6.16149105e-08  2.44975000e-07 -1.69878892e-07 
 2.45025000e-07  5.89314716e-08  2.45025000e-07  1.84097425e-07 
 2.45075000e-07  6.17949919e-08  2.45075000e-07 -1.66257236e-07 
 2.45125000e-07  5.87753201e-08  2.45125000e-07  1.80413931e-07 
 2.45175000e-07  6.19293708e-08  2.45175000e-07 -1.62518658e-07 
 2.45225000e-07  5.86607249e-08  2.45225000e-07  1.76626445e-07 
 2.45275000e-07  6.20259727e-08  2.45275000e-07 -1.58687878e-07 
 2.45325000e-07  5.85804509e-08  2.45325000e-07  1.72757605e-07 
 2.45375000e-07  6.20915065e-08  2.45375000e-07 -1.54785752e-07 
 2.45425000e-07  5.85282520e-08  2.45425000e-07  1.68826558e-07 
 2.45475000e-07  6.21316288e-08  2.45475000e-07 -1.50829856e-07 
 2.45525000e-07  5.84989959e-08  2.45525000e-07  1.64849641e-07 
 2.45575000e-07  6.21511028e-08  2.45575000e-07 -1.46835436e-07 
 2.45625000e-07  5.84883321e-08  2.45625000e-07  1.60840994e-07 
 2.45675000e-07  6.21538766e-08  2.45675000e-07 -1.42815618e-07 
 2.45725000e-07  5.84926353e-08  2.45725000e-07  1.56812818e-07 
 2.45775000e-07  6.21432628e-08  2.45775000e-07 -1.38781825e-07 
 2.45825000e-07  5.85088398e-08  2.45825000e-07  1.52775917e-07 
 2.45875000e-07  6.21220557e-08  2.45875000e-07 -1.34744088e-07 
 2.45925000e-07  5.85345105e-08  2.45925000e-07  1.48739643e-07 
 2.45975000e-07  6.20924537e-08  2.45975000e-07 -1.30711399e-07 
 2.46025000e-07  5.85675448e-08  2.46025000e-07  1.44712465e-07 
 2.46075000e-07  6.20564101e-08  2.46075000e-07 -1.26691656e-07 
 2.46125000e-07  5.86062280e-08  2.46125000e-07  1.40701949e-07 
 2.46175000e-07  6.20154412e-08  2.46175000e-07 -1.22692028e-07 
 2.46225000e-07  5.86491763e-08  2.46225000e-07  1.36714806e-07 
 2.46275000e-07  6.19708145e-08  2.46275000e-07 -1.18718886e-07 
 2.46325000e-07  5.86952292e-08  2.46325000e-07  1.32757121e-07 
 2.46375000e-07  6.19235348e-08  2.46375000e-07 -1.14778063e-07 
 2.46425000e-07  5.87434942e-08  2.46425000e-07  1.28834438e-07 
 2.46475000e-07  6.18744921e-08  2.46475000e-07 -1.10874719e-07 
 2.46525000e-07  5.87931641e-08  2.46525000e-07  1.24951632e-07 
 2.46575000e-07  6.18243289e-08  2.46575000e-07 -1.07013563e-07 
 2.46625000e-07  5.88436777e-08  2.46625000e-07  1.21113144e-07 
 2.46675000e-07  6.17736211e-08  2.46675000e-07 -1.03198732e-07 
 2.46725000e-07  5.88944902e-08  2.46725000e-07  1.17322917e-07 
 2.46775000e-07  6.17227807e-08  2.46775000e-07 -9.94340404e-08 
 2.46825000e-07  5.89452494e-08  2.46825000e-07  1.13584570e-07 
 2.46875000e-07  6.16721937e-08  2.46875000e-07 -9.57227896e-08 
 2.46925000e-07  5.89955983e-08  2.46925000e-07  1.09901217e-07 
 2.46975000e-07  6.16221125e-08  2.46975000e-07 -9.20680173e-08 
 2.47025000e-07  5.90453669e-08  2.47025000e-07  1.06275652e-07 
 2.47075000e-07  6.15727341e-08  2.47075000e-07 -8.84722799e-08 
 2.47125000e-07  5.90942964e-08  2.47125000e-07  1.02710307e-07 
 2.47175000e-07  6.15242737e-08  2.47175000e-07 -8.49378844e-08 
 2.47225000e-07  5.91422762e-08  2.47225000e-07  9.92073533e-08 
 2.47275000e-07  6.14768247e-08  2.47275000e-07 -8.14668025e-08 
 2.47325000e-07  5.91891600e-08  2.47325000e-07  9.57685573e-08 
 2.47375000e-07  6.14304981e-08  2.47375000e-07 -7.80607408e-08 
 2.47425000e-07  5.92349098e-08  2.47425000e-07  9.23955677e-08 
 2.47475000e-07  6.13853441e-08  2.47475000e-07 -7.47210981e-08 
 2.47525000e-07  5.92794521e-08  2.47525000e-07  8.90896203e-08 
 2.47575000e-07  6.13414343e-08  2.47575000e-07 -7.14490869e-08 
 2.47625000e-07  5.93227374e-08  2.47625000e-07  8.58517625e-08 
 2.47675000e-07  6.12987781e-08  2.47675000e-07 -6.82456428e-08 
 2.47725000e-07  5.93647417e-08  2.47725000e-07  8.26828905e-08 
 2.47775000e-07  6.12574047e-08  2.47775000e-07 -6.51114770e-08 
 2.47825000e-07  5.94055087e-08  2.47825000e-07  7.95835619e-08 
 2.47875000e-07  6.12172897e-08  2.47875000e-07 -6.20471142e-08 
 2.47925000e-07  5.94449580e-08  2.47925000e-07  7.65542741e-08 
 2.47975000e-07  6.11784700e-08  2.47975000e-07 -5.90529441e-08 
 2.48025000e-07  5.94831461e-08  2.48025000e-07  7.35952442e-08 
 2.48075000e-07  6.11409172e-08  2.48075000e-07 -5.61290888e-08 
 2.48125000e-07  5.95200747e-08  2.48125000e-07  7.07065986e-08 
 2.48175000e-07  6.11046129e-08  2.48175000e-07 -5.32756472e-08 
 2.48225000e-07  5.95557642e-08  2.48225000e-07  6.78882964e-08 
 2.48275000e-07  6.10695308e-08  2.48275000e-07 -5.04924125e-08 
 2.48325000e-07  5.95902371e-08  2.48325000e-07  6.51400977e-08 
 2.48375000e-07  6.10356453e-08  2.48375000e-07 -4.77791873e-08 
 2.48425000e-07  5.96235410e-08  2.48425000e-07  6.24617282e-08 
 2.48475000e-07  6.10029435e-08  2.48475000e-07 -4.51355724e-08 
 2.48525000e-07  5.96556489e-08  2.48525000e-07  5.98527778e-08 
 2.48575000e-07  6.09714133e-08  2.48575000e-07 -4.25611167e-08 
 2.48625000e-07  5.96866172e-08  2.48625000e-07  5.73126567e-08 
 2.48675000e-07  6.09409911e-08  2.48675000e-07 -4.00552160e-08 
 2.48725000e-07  5.97164934e-08  2.48725000e-07  5.48407876e-08 
 2.48775000e-07  6.09116603e-08  2.48775000e-07 -3.76172207e-08 
 2.48825000e-07  5.97452893e-08  2.48825000e-07  5.24364804e-08 
 2.48875000e-07  6.08833957e-08  2.48875000e-07 -3.52463926e-08 
 2.48925000e-07  5.97730185e-08  2.48925000e-07  5.00989364e-08 
 2.48975000e-07  6.08561679e-08  2.48975000e-07 -3.29418761e-08 
 2.49025000e-07  5.97997787e-08  2.49025000e-07  4.78272436e-08 
 2.49075000e-07  6.08299151e-08  2.49075000e-07 -3.07028282e-08 
 2.49125000e-07  5.98255105e-08  2.49125000e-07  4.56205920e-08 
 2.49175000e-07  6.08046638e-08  2.49175000e-07 -2.85283089e-08 
 2.49225000e-07  5.98502903e-08  2.49225000e-07  4.34779622e-08 
 2.49275000e-07  6.07803388e-08  2.49275000e-07 -2.64173169e-08 
 2.49325000e-07  5.98741435e-08  2.49325000e-07  4.13983859e-08 
 2.49375000e-07  6.07569522e-08  2.49375000e-07 -2.43688868e-08 
 2.49425000e-07  5.98971128e-08  2.49425000e-07  3.93807677e-08 
 2.49475000e-07  6.07344080e-08  2.49475000e-07 -2.23818413e-08 
 2.49525000e-07  5.99192212e-08  2.49525000e-07  3.74240612e-08 
 2.49575000e-07  6.07127456e-08  2.49575000e-07 -2.04551807e-08 
 2.49625000e-07  5.99404548e-08  2.49625000e-07  3.55271590e-08 
 2.49675000e-07  6.06919014e-08  2.49675000e-07 -1.85877454e-08 
 2.49725000e-07  5.99608971e-08  2.49725000e-07  3.36889079e-08 
 2.49775000e-07  6.06718708e-08  2.49775000e-07 -1.67783935e-08 
 2.49825000e-07  5.99805369e-08  2.49825000e-07  3.19081560e-08 
 2.49875000e-07  6.06525932e-08  2.49875000e-07 -1.50259576e-08 
 2.49925000e-07  5.99994508e-08  2.49925000e-07  3.01837387e-08 
 2.49962500e-07  6.06310771e-08  2.49962500e-07 -1.30518097e-08 
 2.50000000e-07  6.00234546e-08  2.50000000e-07  2.79701274e-08 
 2.50005000e-07 -1.13136255e-05  2.50005000e-07 -9.36168361e-05 
 2.50015000e-07  8.08752731e-06  2.50015000e-07  9.34852406e-06 
 2.50035000e-07  3.53266666e-06  2.50035000e-07  2.50600119e-05 
 2.50075000e-07 -5.42283265e-06  2.50075000e-07  2.31067490e-05 
 2.50125000e-07  3.34126547e-05  2.50125000e-07  2.18475198e-04 
 2.50162500e-07  1.55606871e-05  2.50162500e-07  2.53194817e-04 
 2.50200000e-07 -4.39507237e-04  2.50200000e-07 -1.92666491e-04 
 2.50205000e-07 -4.43472730e-04  2.50205000e-07 -4.95098901e-04 
 2.50215000e-07  6.60128801e-06  2.50215000e-07 -1.09948889e-03 
 2.50235000e-07  7.48981625e-04  2.50235000e-07 -1.64281285e-03 
 2.50271173e-07 -4.10774788e-04  2.50271173e-07 -4.77559609e-04 
 2.50314695e-07  1.96696680e-04  2.50314695e-07  1.88690405e-03 
 2.50360587e-07 -7.51415142e-05  2.50360587e-07 -3.61557607e-05 
 2.50410587e-07  7.54881604e-06  2.50410587e-07 -9.74432877e-05 
 2.50460587e-07  3.55656333e-05  2.50460587e-07 -1.43460765e-04 
 2.50510587e-07 -6.27900632e-05  2.50510587e-07  2.96498096e-05 
 2.50560587e-07  7.95977711e-05  2.50560587e-07 -4.29251535e-05 
 2.50610587e-07 -8.89902303e-05  2.50610587e-07  8.00119776e-06 
 2.50660587e-07  9.34603426e-05  2.50660587e-07  5.90949151e-06 
 2.50710587e-07 -9.41775368e-05  2.50710587e-07 -2.36979763e-05 
 2.50760587e-07  9.26430746e-05  2.50760587e-07  3.65064817e-05 
 2.50810587e-07 -8.91473835e-05  2.50810587e-07 -4.80143361e-05 
 2.50860587e-07  8.48543784e-05  2.50860587e-07  5.73296915e-05 
 2.50910587e-07 -7.96119544e-05  2.50910587e-07 -6.51307020e-05 
 2.50960587e-07  7.42730963e-05  2.50960587e-07  7.15430817e-05 
 2.51010587e-07 -6.85548758e-05  2.51010587e-07 -7.67600703e-05 
 2.51060587e-07  6.31060810e-05  2.51060587e-07  8.10016852e-05 
 2.51110587e-07 -5.75652442e-05  2.51110587e-07 -8.43425780e-05 
 2.51160587e-07  5.24748537e-05  2.51160587e-07  8.69867122e-05 
 2.51210587e-07 -4.74219592e-05  2.51210587e-07 -8.89566054e-05 
 2.51260587e-07  4.28961377e-05  2.51260587e-07  9.04306668e-05 
 2.51310587e-07 -3.84509177e-05  2.51310587e-07 -9.14002763e-05 
 2.51360587e-07  3.45515877e-05  2.51360587e-07  9.20216160e-05 
 2.51410587e-07 -3.07304267e-05  2.51410587e-07 -9.22653363e-05 
 2.51460587e-07  2.74433633e-05  2.51460587e-07  9.22697186e-05 
 2.51510587e-07 -2.42097523e-05  2.51510587e-07 -9.19911448e-05 
 2.51560587e-07  2.14836539e-05  2.51560587e-07  9.15536780e-05 
 2.51610587e-07 -1.87770324e-05  2.51610587e-07 -9.09038228e-05 
 2.51660587e-07  1.65456002e-05  2.51660587e-07  9.01543563e-05 
 2.51710587e-07 -1.42975122e-05  2.51710587e-07 -8.92449994e-05 
 2.51760587e-07  1.24915764e-05  2.51760587e-07  8.82795479e-05 
 2.51810587e-07 -1.06343790e-05  2.51810587e-07 -8.71931506e-05 
 2.51860587e-07  9.18821456e-06  2.51860587e-07  8.60824307e-05 
 2.51910587e-07 -7.65944305e-06  2.51910587e-07 -8.48795502e-05 
 2.51960587e-07  6.51372864e-06  2.51960587e-07  8.36753831e-05 
 2.52010587e-07 -5.25796115e-06  2.52010587e-07 -8.24002375e-05 
 2.52060587e-07  4.36083806e-06  2.52060587e-07  8.11403600e-05 
 2.52110587e-07 -3.33016102e-06  2.52110587e-07 -7.98250087e-05 
 2.52160587e-07  2.63725275e-06  2.52160587e-07  7.85366896e-05 
 2.52210587e-07 -1.79097856e-06  2.52210587e-07 -7.72041738e-05 
 2.52260587e-07  1.26487911e-06  2.52260587e-07  7.59069286e-05 
 2.52310587e-07 -5.68899382e-07  2.52310587e-07 -7.45736260e-05 
 2.52360587e-07  1.78424551e-07  2.52360587e-07  7.32812525e-05 
 2.52410587e-07  3.95579883e-07  2.52410587e-07 -7.19586404e-05 
 2.52460587e-07 -6.76211474e-07  2.52460587e-07  7.06807400e-05 
 2.52510587e-07  1.15158041e-06  2.52510587e-07 -6.93767112e-05 
 2.52560587e-07 -1.34354616e-06  2.52560587e-07  6.81198235e-05 
 2.52610587e-07  1.73940481e-06  2.52610587e-07 -6.68396658e-05 
 2.52660587e-07 -1.86001168e-06  2.52660587e-07  6.56081117e-05 
 2.52710587e-07  2.19195944e-06  2.52710587e-07 -6.43552334e-05 
 2.52760587e-07 -2.25529316e-06  2.52760587e-07  6.31517390e-05 
 2.52810587e-07  2.53600584e-06  2.52810587e-07 -6.19282050e-05 
 2.52860587e-07 -2.55349163e-06  2.52860587e-07  6.07543606e-05 
 2.52910587e-07  2.79323735e-06  2.52910587e-07 -5.95612860e-05 
 2.52960587e-07 -2.77411634e-06  2.52960587e-07  5.84178835e-05 
 2.53010587e-07  2.98119100e-06  2.53010587e-07 -5.72557208e-05 
 2.53060587e-07 -2.93291953e-06  2.53060587e-07  5.61429986e-05 
 2.53110587e-07  3.11401041e-06  2.53110587e-07 -5.50117462e-05 
 2.53160587e-07 -3.04259232e-06  2.53160587e-07  5.39295665e-05 
 2.53210587e-07  3.20307936e-06  2.53210587e-07 -5.28289193e-05 
 2.53260587e-07 -3.11333978e-06  2.53260587e-07  5.17768952e-05 
 2.53310587e-07  3.25754343e-06  2.53310587e-07 -5.07063511e-05 
 2.53360587e-07 -3.15335370e-06  2.53360587e-07  4.96839374e-05 
 2.53410587e-07  3.28473789e-06  2.53410587e-07 -4.86428728e-05 
 2.53460587e-07 -3.16919920e-06  2.53460587e-07  4.76494288e-05 
 2.53510587e-07  3.29053691e-06  2.53510587e-07 -4.66371514e-05 
 2.53560587e-07 -3.16612973e-06  2.53560587e-07  4.56719849e-05 
 2.53610587e-07  3.27963741e-06  2.53610587e-07 -4.46877693e-05 
 2.53660587e-07 -3.14834280e-06  2.53660587e-07  4.37501662e-05 
 2.53710587e-07  3.25578950e-06  2.53710587e-07 -4.27932780e-05 
 2.53760587e-07 -3.11918724e-06  2.53760587e-07  4.18825216e-05 
 2.53810587e-07  3.22198279e-06  2.53810587e-07 -4.09522327e-05 
 2.53860587e-07 -3.08133079e-06  2.53860587e-07  4.00676163e-05 
 2.53910587e-07  3.18059687e-06  2.53910587e-07 -3.91632144e-05 
 2.53960587e-07 -3.03689497e-06  2.53960587e-07  3.83040489e-05 
 2.54010587e-07  3.13352252e-06  2.54010587e-07 -3.74248430e-05 
 2.54060587e-07 -2.98756407e-06  2.54060587e-07  3.65904605e-05 
 2.54110587e-07  3.08225934e-06  2.54110587e-07 -3.57357833e-05 
 2.54160587e-07 -2.93467249e-06  2.54160587e-07  3.49255392e-05 
 2.54210587e-07  3.02799422e-06  2.54210587e-07 -3.40947482e-05 
 2.54260587e-07 -2.87927521e-06  2.54260587e-07  3.33080213e-05 
 2.54310587e-07  2.97166424e-06  2.54310587e-07 -3.25004982e-05 
 2.54360587e-07 -2.82220403e-06  2.54360587e-07  3.17366901e-05 
 2.54410587e-07  2.91400723e-06  2.54410587e-07 -3.09518399e-05 
 2.54460587e-07 -2.76411279e-06  2.54460587e-07  3.02103737e-05 
 2.54510587e-07  2.85560212e-06  2.54510587e-07 -2.94476231e-05 
 2.54560587e-07 -2.70551368e-06  2.54560587e-07  2.87279423e-05 
 2.54610587e-07  2.79690145e-06  2.54610587e-07 -2.79867381e-05 
 2.54660587e-07 -2.64680596e-06  2.54660587e-07  2.72883046e-05 
 2.54710587e-07  2.73825713e-06  2.54710587e-07 -2.65681124e-05 
 2.54760587e-07 -2.58829937e-06  2.54760587e-07  2.58904056e-05 
 2.54810587e-07  2.67994128e-06  2.54810587e-07 -2.51907078e-05 
 2.54860587e-07 -2.53023248e-06  2.54860587e-07  2.45332225e-05 
 2.54910587e-07  2.62216253e-06  2.54910587e-07 -2.38535173e-05 
 2.54960587e-07 -2.47278735e-06  2.54960587e-07  2.32157629e-05 
 2.55010587e-07  2.56507940e-06  2.55010587e-07 -2.25555629e-05 
 2.55060587e-07 -2.41610154e-06  2.55060587e-07  2.19370620e-05 
 2.55110587e-07  2.50881070e-06  2.55110587e-07 -2.12958929e-05 
 2.55160587e-07 -2.36027721e-06  2.55160587e-07  2.06961806e-05 
 2.55210587e-07  2.45344388e-06  2.55210587e-07 -2.00735803e-05 
 2.55260587e-07 -2.30538877e-06  2.55260587e-07  1.94922029e-05 
 2.55310587e-07  2.39904174e-06  2.55310587e-07 -1.88877208e-05 
 2.55360587e-07 -2.25148873e-06  2.55360587e-07  1.83242355e-05 
 2.55410587e-07  2.34564768e-06  2.55410587e-07 -1.77374316e-05 
 2.55460587e-07 -2.19861247e-06  2.55460587e-07  1.71914055e-05 
 2.55510587e-07  2.29328997e-06  2.55510587e-07 -1.66218500e-05 
 2.55560587e-07 -2.14678193e-06  2.55560587e-07  1.60928597e-05 
 2.55610587e-07  2.24198495e-06  2.55610587e-07 -1.55401322e-05 
 2.55660587e-07 -2.09600857e-06  2.55660587e-07  1.50277636e-05 
 2.55710587e-07  2.19173980e-06  2.55710587e-07 -1.44914528e-05 
 2.55760587e-07 -2.04629578e-06  2.55760587e-07  1.39953002e-05 
 2.55810587e-07  2.14255458e-06  2.55810587e-07 -1.34750038e-05 
 2.55860587e-07 -1.99764072e-06  2.55860587e-07  1.29946702e-05 
 2.55910587e-07  2.09442387e-06  2.55910587e-07 -1.24899940e-05 
 2.55960587e-07 -1.95003576e-06  2.55960587e-07  1.20250904e-05 
 2.56010587e-07  2.04733810e-06  2.56010587e-07 -1.15356487e-05 
 2.56060587e-07 -1.90346964e-06  2.56060587e-07  1.10857940e-05 
 2.56110587e-07  2.00128460e-06  2.56110587e-07 -1.06112088e-05 
 2.56160587e-07 -1.85792844e-06  2.56160587e-07  1.01760298e-05 
 2.56210587e-07  1.95624831e-06  2.56210587e-07 -9.71593107e-06 
 2.56260587e-07 -1.81339620e-06  2.56260587e-07  9.29506189e-06 
 2.56310587e-07  1.91221253e-06  2.56310587e-07 -8.84908717e-06 
 2.56360587e-07 -1.76985557e-06  2.56360587e-07  8.44216956e-06 
 2.56410587e-07  1.86915935e-06  2.56410587e-07 -8.00996382e-06 
 2.56460587e-07 -1.72728817e-06  2.56460587e-07  7.61664670e-06 
 2.56510587e-07  1.82707004e-06  2.56510587e-07 -7.19786225e-06 
 2.56560587e-07 -1.68567502e-06  2.56560587e-07  6.81780189e-06 
 2.56610587e-07  1.78592537e-06  2.56610587e-07 -6.41209827e-06 
 2.56660587e-07 -1.64499673e-06  2.56660587e-07  6.04495789e-06 
 2.56710587e-07  1.74570585e-06  2.56710587e-07 -5.65200169e-06 
 2.56760587e-07 -1.60523371e-06  2.56760587e-07  5.29745156e-06 
 2.56810587e-07  1.70639185e-06  2.56810587e-07 -4.91691649e-06 
 2.56860587e-07 -1.56636636e-06  2.56860587e-07  4.57463372e-06 
 2.56910587e-07  1.66796382e-06  2.56910587e-07 -4.20620023e-06 
 2.56960587e-07 -1.52837521e-06  2.56960587e-07  3.87586878e-06 
 2.57010587e-07  1.63040235e-06  2.57010587e-07 -3.51922423e-06 
 2.57060587e-07 -1.49124093e-06  2.57060587e-07  3.20053474e-06 
 2.57110587e-07  1.59368822e-06  2.57110587e-07 -2.85537312e-06 
 2.57160587e-07 -1.45494444e-06  2.57160587e-07  2.54802285e-06 
 2.57210587e-07  1.55780252e-06  2.57210587e-07 -2.21404479e-06 
 2.57260587e-07 -1.41946695e-06  2.57260587e-07  1.91773751e-06 
 2.57310587e-07  1.52272657e-06  2.57310587e-07 -1.59465012e-06 
 2.57360587e-07 -1.38479004e-06  2.57360587e-07  1.30909607e-06 
 2.57410587e-07  1.48844220e-06  2.57410587e-07 -9.96612924e-07 
 2.57460587e-07 -1.35089564e-06  2.57460587e-07  7.21528624e-07 
 2.57510587e-07  1.45493142e-06  2.57510587e-07 -4.19369596e-07 
 2.57560587e-07 -1.31776596e-06  2.57560587e-07  1.54477852e-07 
 2.57610587e-07  1.42217673e-06  2.57610587e-07  1.37631074e-07 
 2.57660587e-07 -1.28538372e-06  2.57660587e-07 -3.92601270e-07 
 2.57710587e-07  1.39016095e-06  2.57710587e-07  6.74927848e-07 
 2.57760587e-07 -1.25373197e-06  2.57760587e-07 -9.20241512e-07 
 2.57810587e-07  1.35886742e-06  2.57810587e-07  1.19304748e-06 
 2.57860587e-07 -1.22279415e-06  2.57860587e-07 -1.42896360e-06 
 2.57910587e-07  1.32827963e-06  2.57910587e-07  1.69250489e-06 
 2.57960587e-07 -1.19255400e-06  2.57960587e-07 -1.91927664e-06 
 2.58010587e-07  1.29838168e-06  2.58010587e-07  2.17380318e-06 
 2.58060587e-07 -1.16299581e-06  2.58060587e-07 -2.39167792e-06 
 2.58110587e-07  1.26915790e-06  2.58110587e-07  2.63743407e-06 
 2.58160587e-07 -1.13410409e-06  2.58160587e-07 -2.84665348e-06 
 2.58210587e-07  1.24059307e-06  2.58210587e-07  3.08387790e-06 
 2.58260587e-07 -1.10586379e-06  2.58260587e-07 -3.28467808e-06 
 2.58310587e-07  1.21267226e-06  2.58310587e-07  3.51360385e-06 
 2.58360587e-07 -1.07826017e-06  2.58360587e-07 -3.70621548e-06 
 2.58410587e-07  1.18538096e-06  2.58410587e-07  3.92707032e-06 
 2.58460587e-07 -1.05127891e-06  2.58460587e-07 -4.11171860e-06 
 2.58510587e-07  1.15870497e-06  2.58510587e-07  4.32472484e-06 
 2.58560587e-07 -1.02490596e-06  2.58560587e-07 -4.50162975e-06 
 2.58610587e-07  1.13263044e-06  2.58610587e-07  4.70700453e-06 
 2.58660587e-07 -9.99127646e-07  2.58660587e-07 -4.87638084e-06 
 2.58710587e-07  1.10714386e-06  2.58710587e-07  5.07433611e-06 
 2.58760587e-07 -9.73930620e-07  2.58760587e-07 -5.23639349e-06 
 2.58810587e-07  1.08223199e-06  2.58810587e-07  5.42713621e-06 
 2.58860587e-07 -9.49301779e-07  2.58860587e-07 -5.58207932e-06 
 2.58910587e-07  1.05788197e-06  2.58910587e-07  5.76581145e-06 
 2.58960587e-07 -9.25228482e-07  2.58960587e-07 -5.91384007e-06 
 2.59010587e-07  1.03408122e-06  2.59010587e-07  6.09075878e-06 
 2.59060587e-07 -9.01698222e-07  2.59060587e-07 -6.23206793e-06 
 2.59110587e-07  1.01081744e-06  2.59110587e-07  6.40236556e-06 
 2.59160587e-07 -8.78698886e-07  2.59160587e-07 -6.53714543e-06 
 2.59210587e-07  9.88078623e-07  2.59210587e-07  6.70100975e-06 
 2.59260587e-07 -8.56218594e-07  2.59260587e-07 -6.82944602e-06 
 2.59310587e-07  9.65853072e-07  2.59310587e-07  6.98706017e-06 
 2.59360587e-07 -8.34245802e-07  2.59360587e-07 -7.10933394e-06 
 2.59410587e-07  9.44129318e-07  2.59410587e-07  7.26087658e-06 
 2.59460587e-07 -8.12769161e-07  2.59460587e-07 -7.37716458e-06 
 2.59510587e-07  9.22896164e-07  2.59510587e-07  7.52281006e-06 
 2.59560587e-07 -7.91777642e-07  2.59560587e-07 -7.63328462e-06 
 2.59610587e-07  9.02142756e-07  2.59610587e-07  7.77320292e-06 
 2.59660587e-07 -7.71260460e-07  2.59660587e-07 -7.87803207e-06 
 2.59710587e-07  8.81858371e-07  2.59710587e-07  8.01238903e-06 
 2.59760587e-07 -7.51207054e-07  2.59760587e-07 -8.11173678e-06 
 2.59810587e-07  8.62032611e-07  2.59810587e-07  8.24069407e-06 
 2.59860587e-07 -7.31607137e-07  2.59860587e-07 -8.33472025e-06 
 2.59910587e-07  8.42655271e-07  2.59910587e-07  8.45843559e-06 
 2.59955294e-07 -7.11330123e-07  2.59955294e-07 -8.55956288e-06 
 2.60000000e-07  8.21502410e-07  2.60000000e-07  8.68982868e-06 
 2.60005000e-07  2.12645291e-05  2.60005000e-07  2.67521321e-04 
 2.60015000e-07 -4.57204480e-06  2.60015000e-07  4.67235199e-05 
 2.60035000e-07 -1.40835167e-05  2.60035000e-07 -8.12981370e-05 
 2.60075000e-07  1.06805460e-05  2.60075000e-07 -1.12065082e-04 
 2.60125000e-07 -5.86403836e-05  2.60125000e-07 -2.12677826e-04 
 2.60162500e-07 -1.25264884e-04  2.60162500e-07 -5.65069858e-04 
 2.60200000e-07  8.23815445e-04  2.60200000e-07  3.27417379e-04 
 2.60205000e-07  5.92182055e-04  2.60205000e-07  1.85211716e-04 
 2.60215000e-07 -2.64382600e-04  2.60215000e-07  5.51295766e-04 
 2.60235000e-07 -5.94033281e-04  2.60235000e-07  1.47419529e-03 
 2.60275000e-07  2.79430750e-04  2.60275000e-07  2.17703115e-03 
 2.60318862e-07 -1.60059768e-04  2.60318862e-07 -2.98215989e-03 
 2.60364727e-07  1.05752714e-04  2.60364727e-07  2.90544732e-04 
 2.60414727e-07 -7.68383610e-05  2.60414727e-07 -1.77689019e-04 
 2.60464727e-07  5.79356627e-05  2.60464727e-07  3.02496206e-04 
 2.60514727e-07 -4.44802578e-05  2.60514727e-07 -1.49815615e-04 
 2.60564727e-07  3.49179628e-05  2.60564727e-07  1.20888671e-04 
 2.60614727e-07 -2.75820383e-05  2.60614727e-07 -7.09196500e-05 
 2.60664727e-07  2.22486258e-05  2.60664727e-07  4.18405872e-05 
 2.60714727e-07 -1.79464193e-05  2.60714727e-07 -1.69293296e-05 
 2.60764727e-07  1.48172585e-05  2.60764727e-07 -1.55512386e-06 
 2.60814727e-07 -1.21513033e-05  2.60814727e-07  1.62375633e-05 
 2.60864727e-07  1.02469537e-05  2.60864727e-07 -2.77058603e-05 
 2.60914727e-07 -8.50157967e-06  2.60914727e-07  3.67802423e-05 
 2.60964727e-07  7.29963094e-06  2.60964727e-07 -4.38867359e-05 
 2.61014727e-07 -6.09229258e-06  2.61014727e-07  4.94809736e-05 
 2.61064727e-07  5.30830304e-06  2.61064727e-07 -5.37806609e-05 
 2.61114727e-07 -4.42779520e-06  2.61114727e-07  5.70987108e-05 
 2.61164727e-07  3.90292577e-06  2.61164727e-07 -5.95384191e-05 
 2.61214727e-07 -3.22958968e-06  2.61214727e-07  6.13357792e-05 
 2.61264727e-07  2.87260056e-06  2.61264727e-07 -6.25293064e-05 
 2.61314727e-07 -2.33655476e-06  2.61314727e-07  6.33069433e-05 
 2.61364727e-07  2.09326423e-06  2.61364727e-07 -6.36676889e-05 
 2.61414727e-07 -1.65221917e-06  2.61414727e-07  6.37669139e-05 
 2.61464727e-07  1.48920522e-06  2.61464727e-07 -6.35782250e-05 
 2.61514727e-07 -1.11653255e-06  2.61514727e-07  6.32339050e-05 
 2.61564727e-07  1.01231458e-06  2.61564727e-07 -6.26908397e-05 
 2.61614727e-07 -6.90535546e-07  2.61614727e-07  6.20645681e-05 
 2.61664727e-07  6.30721653e-07  2.61664727e-07 -6.13009245e-05 
 2.61714727e-07 -3.47885640e-07  2.61714727e-07  6.05031656e-05 
 2.61764727e-07  3.22444738e-07  2.61764727e-07 -5.96099058e-05 
 2.61814727e-07 -7.00675636e-08  2.61814727e-07  5.87153369e-05 
 2.61864727e-07  7.17557481e-08  2.61864727e-07 -5.77534765e-05 
 2.61914727e-07  1.56387660e-07  2.61914727e-07  5.68117969e-05 
 2.61957364e-07 -1.48823442e-07  2.61957364e-07 -5.56534233e-05 
 2.62000000e-07  3.70026677e-07  2.62000000e-07  5.45285384e-05 
 2.62005000e-07 -1.76427680e-04  2.62005000e-07 -7.07645239e-04 
 2.62015000e-07 -1.78552361e-04  2.62015000e-07 -7.15617628e-04 
 2.62035000e-07 -3.04270786e-05  2.62035000e-07 -7.04615889e-04 
 2.62075000e-07 -4.65272443e-05  2.62075000e-07 -3.57074233e-03 
 2.62125000e-07 -1.48557421e-07  2.62125000e-07  1.65496311e-03 
 2.62162500e-07  6.60562940e-05  2.62162500e-07 -8.01301280e-04 
 2.62200000e-07 -7.11061802e-06  2.62200000e-07  1.19946575e-03 
 2.62205000e-07  2.52938291e-04  2.62205000e-07  3.50815335e-03 
 2.62215000e-07  1.95215692e-04  2.62215000e-07  3.53595610e-03 
 2.62235000e-07 -3.75694666e-05  2.62235000e-07  1.14518146e-03 
 2.62275000e-07  3.91039583e-05  2.62275000e-07  3.65515823e-04 
 2.62315784e-07 -3.75260142e-05  2.62315784e-07 -1.63683028e-04 
 2.62360705e-07  3.59772233e-05  2.62360705e-07  1.86321325e-04 
 2.62410705e-07 -3.40034088e-05  2.62410705e-07 -1.68589086e-04 
 2.62460705e-07  3.19322627e-05  2.62460705e-07  1.55685771e-04 
 2.62510705e-07 -2.93944337e-05  2.62510705e-07 -1.41847902e-04 
 2.62560705e-07  2.70093917e-05  2.62560705e-07  1.30765868e-04 
 2.62610705e-07 -2.44035734e-05  2.62610705e-07 -1.21081089e-04 
 2.62660705e-07  2.21427875e-05  2.62660705e-07  1.12534791e-04 
 2.62710705e-07 -1.97889918e-05  2.62710705e-07 -1.04765568e-04 
 2.62760705e-07  1.78535569e-05  2.62760705e-07  9.77702480e-05 
 2.62810705e-07 -1.58583747e-05  2.62810705e-07 -9.13569501e-05 
 2.62860705e-07  1.42870870e-05  2.62860705e-07  8.55709189e-05 
 2.62910705e-07 -1.26448633e-05  2.62910705e-07 -8.02453271e-05 
 2.62960705e-07  1.14050849e-05  2.62960705e-07  7.54381606e-05 
 2.63010705e-07 -1.00683803e-05  2.63010705e-07 -7.09944002e-05 
 2.63060705e-07  9.10610124e-06  2.63060705e-07  6.69804848e-05 
 2.63110705e-07 -8.01938830e-06  2.63110705e-07 -6.32513246e-05 
 2.63160705e-07  7.28074595e-06  2.63160705e-07  5.98800906e-05 
 2.63210705e-07 -6.39346007e-06  2.63210705e-07 -5.67302931e-05 
 2.63260705e-07  5.83208242e-06  2.63260705e-07  5.38803570e-05 
 2.63310705e-07 -5.10226052e-06  2.63310705e-07 -5.12011246e-05 
 2.63360705e-07  4.68058071e-06  2.63360705e-07  4.87750043e-05 
 2.63410705e-07 -4.07477316e-06  2.63410705e-07 -4.64790397e-05 
 2.63460705e-07  3.76315304e-06  2.63460705e-07  4.43985771e-05 
 2.63510705e-07 -3.25514107e-06  2.63510705e-07 -4.24158970e-05 
 2.63560705e-07  3.03043018e-06  2.63560705e-07  4.06184453e-05 
 2.63610705e-07 -2.59976652e-06  2.63610705e-07 -3.88929331e-05 
 2.63660705e-07  2.44391048e-06  2.63660705e-07  3.73282444e-05 
 2.63710705e-07 -2.07463451e-06  2.63710705e-07 -3.58148555e-05 
 2.63760705e-07  1.97351682e-06  2.63760705e-07  3.44425724e-05 
 2.63810705e-07 -1.65312388e-06  2.63810705e-07 -3.31050898e-05 
 2.63860705e-07  1.59565896e-06  2.63860705e-07  3.18927366e-05 
 2.63910705e-07 -1.31430595e-06  2.63910705e-07 -3.07019781e-05 
 2.63960705e-07  1.29174662e-06  2.63960705e-07  2.96233599e-05 
 2.64010705e-07 -1.04164892e-06  2.64010705e-07 -2.85557503e-05 
 2.64060705e-07  1.04706196e-06  2.64060705e-07  2.75896794e-05 
 2.64110705e-07 -8.22036698e-07  2.64110705e-07 -2.66261163e-05 
 2.64160705e-07  8.49904975e-07  2.64160705e-07  2.57554007e-05 
 2.64210705e-07 -6.45023737e-07  2.64210705e-07 -2.48803533e-05 
 2.64260705e-07  6.90942775e-07  2.64260705e-07  2.40909936e-05 
 2.64310705e-07 -5.02265659e-07  2.64310705e-07 -2.32917874e-05 
 2.64360705e-07  5.62710046e-07  2.64360705e-07  2.25723392e-05 
 2.64410705e-07 -3.87080058e-07  2.64410705e-07 -2.18385875e-05 
 2.64460705e-07  4.59222270e-07  2.64460705e-07  2.11796546e-05 
 2.64510705e-07 -2.94105245e-07  2.64510705e-07 -2.05028074e-05 
 2.64560705e-07  3.75673953e-07  2.64560705e-07  1.98966391e-05 
 2.64610705e-07 -2.19032890e-07  2.64610705e-07 -1.92696234e-05 
 2.64660705e-07  3.08201370e-07  2.64660705e-07  1.87097940e-05 
 2.64710705e-07 -1.58397208e-07  2.64710705e-07 -1.81267279e-05 
 2.64760705e-07  2.53695012e-07  2.64760705e-07  1.76078812e-05 
 2.64810705e-07 -1.09407810e-07  2.64810705e-07 -1.70638456e-05 
 2.64860705e-07  2.09650445e-07  2.64860705e-07  1.65814913e-05 
 2.64910705e-07 -6.98166448e-08  2.64910705e-07 -1.60723479e-05 
 2.64960705e-07  1.74049510e-07  2.64960705e-07  1.56226985e-05 
 2.65010705e-07 -3.78117593e-08  2.65010705e-07 -1.51449443e-05 
 2.65060705e-07  1.45265421e-07  2.65060705e-07  1.47247860e-05 
 2.65110705e-07 -1.19326672e-08  2.65110705e-07 -1.42754449e-05 
 2.65160705e-07  1.21985987e-07  2.65160705e-07  1.38820185e-05 
 2.65210705e-07  8.99981890e-09  2.65210705e-07 -1.34585239e-05 
 2.65260705e-07  1.03152724e-07  2.65260705e-07  1.30894778e-05 
 2.65310705e-07  2.59365944e-08  2.65310705e-07 -1.26896221e-05 
 2.65360705e-07  8.79108121e-08  2.65360705e-07  1.23428986e-05 
 2.65410705e-07  3.96443676e-08  2.65410705e-07 -1.19647653e-05 
 2.65460705e-07  7.55722031e-08  2.65460705e-07  1.16385933e-05 
 2.65510705e-07  5.07422942e-08  2.65510705e-07 -1.12804914e-05 
 2.65560705e-07  6.55802822e-08  2.65560705e-07  1.09733062e-05 
 2.65610705e-07  5.97300456e-08  2.65610705e-07 -1.06337533e-05 
 2.65660705e-07  5.74862411e-08  2.65660705e-07  1.03441728e-05 
 2.65710705e-07  6.70108300e-08  2.65710705e-07 -1.00218544e-05 
 2.65760705e-07  5.09277663e-08  2.65760705e-07  9.74864949e-06 
 2.65810705e-07  7.29102069e-08  2.65810705e-07 -9.44239295e-06 
 2.65860705e-07  4.56123281e-08  2.65860705e-07  9.18446433e-06 
 2.65910705e-07  7.76910676e-08  2.65910705e-07 -8.89321702e-06 
 2.65960705e-07  4.13036817e-08  2.65960705e-07  8.64957560e-06 
 2.66010705e-07  8.15652824e-08  2.66010705e-07 -8.37238181e-06 
 2.66060705e-07  3.78115062e-08  2.66060705e-07  8.14214506e-06 
 2.66110705e-07  8.47054667e-08  2.66110705e-07 -7.87814853e-06 
 2.66160705e-07  3.49803467e-08  2.66160705e-07  7.66047844e-06 
 2.66210705e-07  8.72490556e-08  2.66210705e-07 -7.40889867e-06 
 2.66260705e-07  3.26871860e-08  2.66260705e-07  7.20306458e-06 
 2.66310705e-07  8.93080480e-08  2.66310705e-07 -6.96317665e-06 
 2.66360705e-07  3.08309829e-08  2.66360705e-07  6.76849687e-06 
 2.66410705e-07  9.09729512e-08  2.66410705e-07 -6.53963884e-06 
 2.66460705e-07  2.93305373e-08  2.66460705e-07  6.35548543e-06 
 2.66510705e-07  9.23167435e-08  2.66510705e-07 -6.13704636e-06 
 2.66560705e-07  2.81201615e-08  2.66560705e-07  5.96283892e-06 
 2.66610705e-07  9.33984838e-08  2.66610705e-07 -5.75425304e-06 
 2.66660705e-07  2.71467803e-08  2.66660705e-07  5.58945331e-06 
 2.66710705e-07  9.42659149e-08  2.66710705e-07 -5.39019498e-06 
 2.66760705e-07  2.63674634e-08  2.66760705e-07  5.23430233e-06 
 2.66810705e-07  9.49576127e-08  2.66810705e-07 -5.04388190e-06 
 2.66860705e-07  2.57474822e-08  2.66860705e-07  4.89642955e-06 
 2.66910705e-07  9.55048695e-08  2.66910705e-07 -4.71438980e-06 
 2.66960705e-07  2.52586941e-08  2.66960705e-07  4.57494138e-06 
 2.67010705e-07  9.59330049e-08  2.67010705e-07 -4.40085430e-06 
 2.67060705e-07  2.48782863e-08  2.67060705e-07  4.26900108e-06 
 2.67110705e-07  9.62625102e-08  2.67110705e-07 -4.10246534e-06 
 2.67160705e-07  2.45878530e-08  2.67160705e-07  3.97782372e-06 
 2.67210705e-07  9.65100134e-08  2.67210705e-07 -3.81846224e-06 
 2.67260705e-07  2.43723508e-08  2.67260705e-07  3.70067163e-06 
 2.67310705e-07  9.66890275e-08  2.67310705e-07 -3.54812960e-06 
 2.67360705e-07  2.42196232e-08  2.67360705e-07  3.43685050e-06 
 2.67410705e-07  9.68105722e-08  2.67410705e-07 -3.29079360e-06 
 2.67460705e-07  2.41197493e-08  2.67460705e-07  3.18570593e-06 
 2.67510705e-07  9.68835568e-08  2.67510705e-07 -3.04581865e-06 
 2.67560705e-07  2.40646298e-08  2.67560705e-07  2.94662029e-06 
 2.67610705e-07  9.69152957e-08  2.67610705e-07 -2.81260471e-06 
 2.67660705e-07  2.40476963e-08  2.67660705e-07  2.71901020e-06 
 2.67710705e-07  9.69117562e-08  2.67710705e-07 -2.59058449e-06 
 2.67760705e-07  2.40635388e-08  2.67760705e-07  2.50232376e-06 
 2.67810705e-07  9.68778168e-08  2.67810705e-07 -2.37922130e-06 
 2.67860705e-07  2.41077094e-08  2.67860705e-07  2.29603875e-06 
 2.67910705e-07  9.68175333e-08  2.67910705e-07 -2.17800691e-06 
 2.67960705e-07  2.41765419e-08  2.67960705e-07  2.09966034e-06 
 2.68010705e-07  9.67342107e-08  2.68010705e-07 -1.98645972e-06 
 2.68060705e-07  2.42670317e-08  2.68060705e-07  1.91271951e-06 
 2.68110705e-07  9.66306092e-08  2.68110705e-07 -1.80412292e-06 
 2.68160705e-07  2.43766422e-08  2.68160705e-07  1.73477117e-06 
 2.68210705e-07  9.65090447e-08  2.68210705e-07 -1.63056307e-06 
 2.68260705e-07  2.45032660e-08  2.68260705e-07  1.56539301e-06 
 2.68310705e-07  9.63714153e-08  2.68310705e-07 -1.46536866e-06 
 2.68360705e-07  2.46451567e-08  2.68360705e-07  1.40418387e-06 
 2.68410705e-07  9.62193509e-08  2.68410705e-07 -1.30814873e-06 
 2.68460705e-07  2.48008227e-08  2.68460705e-07  1.25076256e-06 
 2.68510705e-07  9.60539529e-08  2.68510705e-07 -1.15853190e-06 
 2.68560705e-07  2.49692543e-08  2.68560705e-07  1.10476830e-06 
 2.68610705e-07  9.58772132e-08  2.68610705e-07 -1.01616435e-06 
 2.68660705e-07  2.51482600e-08  2.68660705e-07  9.65851564e-07 
 2.68710705e-07  9.56896377e-08  2.68710705e-07 -8.80709210e-07 
 2.68760705e-07  2.53384756e-08  2.68760705e-07  8.33690036e-07 
 2.68810705e-07  9.54915519e-08  2.68810705e-07 -7.51850622e-07 
 2.68860705e-07  2.55381577e-08  2.68860705e-07  7.07969214e-07 
 2.68910705e-07  9.52844935e-08  2.68910705e-07 -6.29280260e-07 
 2.68960705e-07  2.57466838e-08  2.68960705e-07  5.88392510e-07 
 2.69010705e-07  9.50689186e-08  2.69010705e-07 -5.12709551e-07 
 2.69060705e-07  2.59634916e-08  2.69060705e-07  4.74676994e-07 
 2.69110705e-07  9.48454107e-08  2.69110705e-07 -4.01862551e-07 
 2.69160705e-07  2.61879493e-08  2.69160705e-07  3.66553276e-07 
 2.69210705e-07  9.46145683e-08  2.69210705e-07 -2.96476345e-07 
 2.69260705e-07  2.64195539e-08  2.69260705e-07  2.63764678e-07 
 2.69310705e-07  9.43768644e-08  2.69310705e-07 -1.96300398e-07 
 2.69360705e-07  2.66578245e-08  2.69360705e-07  1.66066557e-07 
 2.69410705e-07  9.41327559e-08  2.69410705e-07 -1.01095969e-07 
 2.69460705e-07  2.69023080e-08  2.69460705e-07  7.32258527e-08 
 2.69510705e-07  9.38826819e-08  2.69510705e-07 -1.06354604e-08 
 2.69560705e-07  2.71526147e-08  2.69560705e-07 -1.49797831e-08 
 2.69610705e-07  9.36270114e-08  2.69610705e-07  7.52981301e-08 
 2.69660705e-07  2.74083840e-08  2.69660705e-07 -9.87622252e-08 
 2.69710705e-07  9.33660913e-08  2.69710705e-07  1.56911698e-07 
 2.69760705e-07  2.76692337e-08  2.69760705e-07 -1.78323617e-07 
 2.69810705e-07  9.31003134e-08  2.69810705e-07  2.34402662e-07 
 2.69860705e-07  2.79348302e-08  2.69860705e-07 -2.53856718e-07 
 2.69910705e-07  9.28299687e-08  2.69910705e-07  3.07959231e-07 
 2.69955353e-07  2.82212936e-08  2.69955353e-07 -3.29723408e-07 
 2.70000000e-07  9.25224643e-08  2.70000000e-07  3.85889783e-07 
 2.70005000e-07 -9.20332446e-06  2.70005000e-07 -7.57423816e-05 
 2.70015000e-07  8.98564499e-06  2.70015000e-07  1.78363444e-05 
 2.70035000e-07  7.54989190e-07  2.70035000e-07  2.35560230e-05 
 2.70075000e-07 -3.79102076e-06  2.70075000e-07  9.79473902e-06 
 2.70125000e-07  2.23458114e-05  2.70125000e-07  1.42312029e-04 
 2.70162500e-07  2.92100055e-06  2.70162500e-07  1.30918347e-04 
 2.70200000e-07 -2.94197215e-04  2.70200000e-07 -1.78010235e-04 
 2.70205000e-07 -2.75163256e-04  2.70205000e-07 -4.12490886e-04 
 2.70215000e-07  1.18979155e-04  2.70215000e-07 -8.49465357e-04 
 2.70235000e-07  5.59411125e-04  2.70235000e-07 -1.14587660e-03 
 2.70271745e-07 -4.50393546e-04  2.70271745e-07  1.36897790e-04 
 2.70313401e-07  2.65216042e-04  2.70313401e-07  1.21499936e-03 
 2.70358182e-07 -1.30601872e-04  2.70358182e-07 -1.03295026e-04 
 2.70408182e-07  4.90133913e-05  2.70408182e-07 -2.85183919e-04 
 2.70458182e-07  6.11839082e-06  2.70458182e-07  1.25110623e-04 
 2.70508182e-07 -4.20869806e-05  2.70508182e-07 -1.56759793e-04 
 2.70558182e-07  6.51204330e-05  2.70558182e-07  1.61676115e-04 
 2.70608182e-07 -7.88967351e-05  2.70608182e-07 -1.77381816e-04 
 2.70658182e-07  8.64885720e-05  2.70658182e-07  1.88212772e-04 
 2.70708182e-07 -8.94539622e-05  2.70708182e-07 -1.97541276e-04 
 2.70758182e-07  8.95543943e-05  2.70758182e-07  2.04433859e-04 
 2.70808182e-07 -8.72336652e-05  2.70808182e-07 -2.09360661e-04 
 2.70858182e-07  8.38080353e-05  2.70858182e-07  2.12682772e-04 
 2.70908182e-07 -7.91898699e-05  2.70908182e-07 -2.14498468e-04 
 2.70958182e-07  7.42907904e-05  2.70958182e-07  2.15161790e-04 
 2.71008182e-07 -6.88817773e-05  2.71008182e-07 -2.14749581e-04 
 2.71058182e-07  6.36465110e-05  2.71058182e-07  2.13584492e-04 
 2.71108182e-07 -5.82419287e-05  2.71108182e-07 -2.11636742e-04 
 2.71158182e-07  5.32349963e-05  2.71158182e-07  2.09201979e-04 
 2.71208182e-07 -4.82235778e-05  2.71208182e-07 -2.06223610e-04 
 2.71258182e-07  4.37109912e-05  2.71258182e-07  2.02949873e-04 
 2.71308182e-07 -3.92572693e-05  2.71308182e-07 -1.99307470e-04 
 2.71358182e-07  3.53354646e-05  2.71358182e-07  1.95508136e-04 
 2.71408182e-07 -3.14816448e-05  2.71408182e-07 -1.91467904e-04 
 2.71458182e-07  2.81561510e-05  2.71458182e-07  1.87369099e-04 
 2.71508182e-07 -2.48803698e-05  2.71508182e-07 -1.83121808e-04 
 2.71558182e-07  2.21109059e-05  2.71558182e-07  1.78884642e-04 
 2.71608182e-07 -1.93606240e-05  2.71608182e-07 -1.74564978e-04 
 2.71658182e-07  1.70867526e-05  2.71658182e-07  1.70302351e-04 
 2.71708182e-07 -1.47976302e-05  2.71708182e-07 -1.66003567e-04 
 2.71758182e-07  1.29530273e-05  2.71758182e-07  1.61792857e-04 
 2.71808182e-07 -1.10592723e-05  2.71808182e-07 -1.57577818e-04 
 2.71858182e-07  9.57933406e-06  2.71858182e-07  1.53470423e-04 
 2.71908182e-07 -8.01905425e-06  2.71908182e-07 -1.49379887e-04 
 2.71958182e-07  6.84463209e-06  2.71958182e-07  1.45408381e-04 
 2.72008182e-07 -5.56229359e-06  2.72008182e-07 -1.41467190e-04 
 2.72058182e-07  4.64121334e-06  2.72058182e-07  1.37650656e-04 
 2.72108182e-07 -3.58845635e-06  2.72108182e-07 -1.33872335e-04 
 2.72158182e-07  2.87580748e-06  2.72158182e-07  1.30220326e-04 
 2.72208182e-07 -2.01136651e-06  2.72208182e-07 -1.26610487e-04 
 2.72258182e-07  1.46914276e-06  2.72258182e-07  1.23125942e-04 
 2.72308182e-07 -7.58312198e-07  2.72308182e-07 -1.19684778e-04 
 2.72358182e-07  3.54744554e-07  2.72358182e-07  1.16366157e-04 
 2.72408182e-07  2.31353416e-07  2.72408182e-07 -1.13090260e-04 
 2.72458182e-07 -5.22576037e-07  2.72458182e-07  1.09933094e-04 
 2.72508182e-07  1.00777541e-06  2.72508182e-07 -1.06816762e-04 
 2.72558182e-07 -1.20828966e-06  2.72558182e-07  1.03814768e-04 
 2.72608182e-07  1.61213752e-06  2.72608182e-07 -1.00850944e-04 
 2.72658182e-07 -1.73963719e-06  2.72658182e-07  9.79968091e-05 
 2.72708182e-07  2.07808473e-06  2.72708182e-07 -9.51777344e-05 
 2.72758182e-07 -2.14697507e-06  2.72758182e-07  9.24636672e-05 
 2.72808182e-07  2.43298662e-06  2.72808182e-07 -8.97813322e-05 
 2.72858182e-07 -2.45495324e-06  2.72858182e-07  8.71994384e-05 
 2.72908182e-07  2.69903081e-06  2.72908182e-07 -8.46458872e-05 
 2.72958182e-07 -2.68352485e-06  2.72958182e-07  8.21884167e-05 
 2.73008182e-07  2.89415241e-06  2.73008182e-07 -7.97559423e-05 
 2.73058182e-07 -2.84879876e-06  2.73058182e-07  7.74154460e-05 
 2.73108182e-07  3.03281419e-06  2.73108182e-07 -7.50967097e-05 
 2.73158182e-07 -2.96375124e-06  2.73158182e-07  7.28661325e-05 
 2.73208182e-07  3.12665470e-06  2.73208182e-07 -7.06542300e-05 
 2.73258182e-07 -3.03881508e-06  2.73258182e-07  6.85269574e-05 
 2.73308182e-07  3.18502298e-06  2.73308182e-07 -6.64154468e-05 
 2.73358182e-07 -3.08236380e-06  2.73358182e-07  6.43853220e-05 
 2.73408182e-07  3.21541678e-06  2.73408182e-07 -6.23682275e-05 
 2.73458182e-07 -3.10110783e-06  2.73458182e-07  6.04295469e-05 
 2.73508182e-07  3.22384029e-06  2.73508182e-07 -5.85013464e-05 
 2.73558182e-07 -3.10041715e-06  2.73558182e-07  5.66488425e-05 
 2.73608182e-07  3.21509506e-06  2.73608182e-07 -5.48044445e-05 
 2.73658182e-07 -3.08458323e-06  2.73658182e-07  5.30332611e-05 
 2.73708182e-07  3.19301564e-06  2.73708182e-07 -5.12679765e-05 
 2.73758182e-07 -3.05703102e-06  2.73758182e-07  4.95736395e-05 
 2.73808182e-07  3.16066030e-06  2.73808182e-07 -4.78831506e-05 
 2.73858182e-07 -3.02049016e-06  2.73858182e-07  4.62615371e-05 
 2.73908182e-07  3.12046466e-06  2.73908182e-07 -4.46418661e-05 
 2.73958182e-07 -2.97713304e-06  2.73958182e-07  4.30891739e-05 
 2.74008182e-07  3.07436564e-06  2.74008182e-07 -4.15366520e-05 
 2.74058182e-07 -2.92868580e-06  2.74058182e-07  4.00493700e-05 
 2.74108182e-07  3.02390099e-06  2.74108182e-07 -3.85606082e-05 
 2.74158182e-07 -2.87651769e-06  2.74158182e-07  3.71354887e-05 
 2.74208182e-07  2.97028935e-06  2.74208182e-07 -3.57073505e-05 
 2.74258182e-07 -2.82171268e-06  2.74258182e-07  3.43413835e-05 
 2.74308182e-07  2.91449435e-06  2.74308182e-07 -3.29709603e-05 
 2.74358182e-07 -2.76512688e-06  2.74358182e-07  3.16613500e-05 
 2.74408182e-07  2.85727612e-06  2.74408182e-07 -3.03459382e-05 
 2.74458182e-07 -2.70743465e-06  2.74458182e-07  2.90900818e-05 
 2.74508182e-07  2.79923243e-06  2.74508182e-07 -2.78271627e-05 
 2.74558182e-07 -2.64916539e-06  2.74558182e-07  2.66226316e-05 
 2.74608182e-07  2.74083165e-06  2.74608182e-07 -2.54098532e-05 
 2.74658182e-07 -2.59073303e-06  2.74658182e-07  2.42543763e-05 
 2.74708182e-07  2.68243919e-06  2.74708182e-07 -2.30895370e-05 
 2.74758182e-07 -2.53245968e-06  2.74758182e-07  2.19809850e-05 
 2.74808182e-07  2.62433851e-06  2.74808182e-07 -2.08620197e-05 
 2.74858182e-07 -2.47459433e-06  2.74858182e-07  1.97983923e-05 
 2.74908182e-07  2.56674791e-06  2.74908182e-07 -1.87233591e-05 
 2.74958182e-07 -2.41732799e-06  2.74958182e-07  1.77027733e-05 
 2.75008182e-07  2.50983403e-06  2.75008182e-07 -1.66698429e-05 
 2.75058182e-07 -2.36080560e-06  2.75058182e-07  1.56905220e-05 
 2.75108182e-07  2.45372254e-06  2.75108182e-07 -1.46979674e-05 
 2.75158182e-07 -2.30513568e-06  2.75158182e-07  1.37582324e-05 
 2.75208182e-07  2.39850669e-06  2.75208182e-07 -1.28044204e-05 
 2.75258182e-07 -2.25039791e-06  2.75258182e-07  1.19026816e-05 
 2.75308182e-07  2.34425408e-06  2.75308182e-07 -1.09860646e-05 
 2.75358182e-07 -2.19664916e-06  2.75358182e-07  1.01208142e-05 
 2.75408182e-07  2.29101209e-06  2.75408182e-07 -9.23992406e-06 
 2.75458182e-07 -2.14392847e-06  2.75458182e-07  8.40973016e-06 
 2.75508182e-07  2.23881230e-06  2.75508182e-07 -7.56317146e-06 
 2.75558182e-07 -2.09226075e-06  2.75558182e-07  6.76667198e-06 
 2.75608182e-07  2.18767374e-06  2.75608182e-07 -5.95311699e-06 
 2.75658182e-07 -2.04165988e-06  2.75658182e-07  5.18901476e-06 
 2.75708182e-07  2.13760574e-06  2.75708182e-07 -4.40719838e-06 
 2.75758182e-07 -1.99213118e-06  2.75758182e-07  3.67425668e-06 
 2.75808182e-07  2.08861008e-06  2.75808182e-07 -2.92297226e-06 
 2.75858182e-07 -1.94367332e-06  2.75858182e-07  2.22001060e-06 
 2.75908182e-07  2.04068266e-06  2.75908182e-07 -1.49810599e-06 
 2.75958182e-07 -1.89627979e-06  2.75958182e-07  8.23996553e-07 
 2.76008182e-07  1.99381491e-06  2.76008182e-07 -1.30370593e-07 
 2.76058182e-07 -1.84994021e-06  2.76058182e-07 -5.15965058e-07 
 2.76108182e-07  1.94799481e-06  2.76108182e-07  1.18236567e-06 
 2.76158182e-07 -1.80464116e-06  2.76158182e-07 -1.80195962e-06 
 2.76208182e-07  1.90320777e-06  2.76208182e-07  2.44214317e-06 
 2.76258182e-07 -1.76036709e-06  2.76258182e-07 -3.03598390e-06 
 2.76308182e-07  1.85943738e-06  2.76308182e-07  3.65091630e-06 
 2.76358182e-07 -1.71710081e-06  2.76358182e-07 -4.21995107e-06 
 2.76408182e-07  1.81666581e-06  2.76408182e-07  4.81055819e-06 
 2.76458182e-07 -1.67482395e-06  2.76458182e-07 -5.35569536e-06 
 2.76508182e-07  1.77487422e-06  2.76508182e-07  5.92286533e-06 
 2.76558182e-07 -1.63351737e-06  2.76558182e-07 -6.44497641e-06 
 2.76608182e-07  1.73404321e-06  2.76608182e-07  6.98956142e-06 
 2.76658182e-07 -1.59316142e-06  2.76658182e-07 -7.48948300e-06 
 2.76708182e-07  1.69415300e-06  2.76708182e-07  8.01230129e-06 
 2.76758182e-07 -1.55373624e-06  2.76758182e-07 -8.49083686e-06 
 2.76808182e-07  1.65518359e-06  2.76808182e-07  8.99267445e-06 
 2.76858182e-07 -1.51522177e-06  2.76858182e-07 -9.45059595e-06 
 2.76908182e-07  1.61711498e-06  2.76908182e-07  9.93220811e-06 
 2.76958182e-07 -1.47759806e-06  2.76958182e-07 -1.03702575e-05 
 2.77008182e-07  1.57992724e-06  2.77008182e-07  1.08323702e-05 
 2.77058182e-07 -1.44084528e-06  2.77058182e-07 -1.12512608e-05 
 2.77108182e-07  1.54360064e-06  2.77108182e-07  1.16945724e-05 
 2.77158182e-07 -1.40494379e-06  2.77158182e-07 -1.20949904e-05 
 2.77208182e-07  1.50811566e-06  2.77208182e-07  1.25201725e-05 
 2.77258182e-07 -1.36987421e-06  2.77258182e-07 -1.29027781e-05 
 2.77308182e-07  1.47345309e-06  2.77308182e-07  1.33104768e-05 
 2.77358182e-07 -1.33561752e-06  2.77358182e-07 -1.36759052e-05 
 2.77408182e-07  1.43959406e-06  2.77408182e-07  1.40667428e-05 
 2.77458182e-07 -1.30215499e-06  2.77458182e-07 -1.44156056e-05 
 2.77508182e-07  1.40652002e-06  2.77508182e-07  1.47901808e-05 
 2.77558182e-07 -1.26946829e-06  2.77558182e-07 -1.51230669e-05 
 2.77608182e-07  1.37421283e-06  2.77608182e-07  1.54819565e-05 
 2.77658182e-07 -1.23753946e-06  2.77658182e-07 -1.57994328e-05 
 2.77708182e-07  1.34265471e-06  2.77708182e-07  1.61431923e-05 
 2.77758182e-07 -1.20635091e-06  2.77758182e-07 -1.64458051e-05 
 2.77808182e-07  1.31182826e-06  2.77808182e-07  1.67749696e-05 
 2.77858182e-07 -1.17588543e-06  2.77858182e-07 -1.70632454e-05 
 2.77908182e-07  1.28171649e-06  2.77908182e-07  1.73783305e-05 
 2.77958182e-07 -1.14612624e-06  2.77958182e-07 -1.76527763e-05 
 2.78008182e-07  1.25230278e-06  2.78008182e-07  1.79542790e-05 
 2.78058182e-07 -1.11705694e-06  2.78058182e-07 -1.82153837e-05 
 2.78108182e-07  1.22357095e-06  2.78108182e-07  1.85037831e-05 
 2.78158182e-07 -1.08866148e-06  2.78158182e-07 -1.87520179e-05 
 2.78208182e-07  1.19550511e-06  2.78208182e-07  1.90277758e-05 
 2.78258182e-07 -1.06092422e-06  2.78258182e-07 -1.92635950e-05 
 2.78308182e-07  1.16808980e-06  2.78308182e-07  1.95271566e-05 
 2.78358182e-07 -1.03382983e-06  2.78358182e-07 -1.97509984e-05 
 2.78408182e-07  1.14130993e-06  2.78408182e-07  2.00027932e-05 
 2.78458182e-07 -1.00736346e-06  2.78458182e-07 -2.02150799e-05 
 2.78508182e-07  1.11515077e-06  2.78508182e-07  2.04555222e-05 
 2.78558182e-07 -9.81510544e-07  2.78558182e-07 -2.06566614e-05 
 2.78608182e-07  1.08959796e-06  2.78608182e-07  2.08861506e-05 
 2.78658182e-07 -9.56256867e-07  2.78658182e-07 -2.10765354e-05 
 2.78708182e-07  1.06463741e-06  2.78708182e-07  2.12954570e-05 
 2.78758182e-07 -9.31588536e-07  2.78758182e-07 -2.14754666e-05 
 2.78808182e-07  1.04025545e-06  2.78808182e-07  2.16841925e-05 
 2.78858182e-07 -9.07492051e-07  2.78858182e-07 -2.18541929e-05 
 2.78908182e-07  1.01643873e-06  2.78908182e-07  2.20530820e-05 
 2.78958182e-07 -8.83954211e-07  2.78958182e-07 -2.22134263e-05 
 2.79008182e-07  9.93174203e-07  2.79008182e-07  2.24028249e-05 
 2.79058182e-07 -8.60962148e-07  2.79058182e-07 -2.25538538e-05 
 2.79108182e-07  9.70449119e-07  2.79108182e-07  2.27340962e-05 
 2.79158182e-07 -8.38503220e-07  2.79158182e-07 -2.28761388e-05 
 2.79208182e-07  9.48251051e-07  2.79208182e-07  2.30475476e-05 
 2.79258182e-07 -8.16565208e-07  2.79258182e-07 -2.31809212e-05 
 2.79308182e-07  9.26567857e-07  2.79308182e-07  2.33438080e-05 
 2.79358182e-07 -7.95136089e-07  2.79358182e-07 -2.34688191e-05 
 2.79408182e-07  9.05387734e-07  2.79408182e-07  2.36234846e-05 
 2.79458182e-07 -7.74204197e-07  2.79458182e-07 -2.37404291e-05 
 2.79508182e-07  8.84699101e-07  2.79508182e-07  2.38871636e-05 
 2.79558182e-07 -7.53758106e-07  2.79558182e-07 -2.39963273e-05 
 2.79608182e-07  8.64490674e-07  2.79608182e-07  2.41354112e-05 
 2.79658182e-07 -7.33786670e-07  2.79658182e-07 -2.42370698e-05 
 2.79708182e-07  8.44751460e-07  2.79708182e-07  2.43687738e-05 
 2.79758182e-07 -7.14278998e-07  2.79758182e-07 -2.44631937e-05 
 2.79808182e-07  8.25470683e-07  2.79808182e-07  2.45877793e-05 
 2.79858182e-07 -6.95224490e-07  2.79858182e-07 -2.46752179e-05 
 2.79908182e-07  8.06637878e-07  2.79908182e-07  2.47929375e-05 
 2.79954091e-07 -6.75793600e-07  2.79954091e-07 -2.48821773e-05 
 2.80000000e-07  7.86624457e-07  2.80000000e-07  2.50012019e-05 
 2.80005000e-07  1.75314485e-05  2.80005000e-07  2.19063730e-04 
 2.80015000e-07 -7.97118144e-06  2.80015000e-07  1.23841075e-05 
 2.80035000e-07 -9.70192104e-06  2.80035000e-07 -8.46245622e-05 
 2.80075000e-07  1.02798071e-05  2.80075000e-07 -6.44763397e-05 
 2.80125000e-07 -4.12491866e-05  2.80125000e-07 -1.29307256e-04 
 2.80162500e-07 -7.32719533e-05  2.80162500e-07 -3.60310141e-04 
 2.80200000e-07  5.81463221e-04  2.80200000e-07  3.44020715e-04 
 2.80205000e-07  3.39598306e-04  2.80205000e-07  1.94843738e-04 
 2.80215000e-07 -3.94187282e-04  2.80215000e-07  4.53401630e-04 
 2.80235000e-07 -3.92153625e-04  2.80235000e-07  1.05459681e-03 
 2.80275000e-07  3.13422197e-04  2.80275000e-07  1.29124757e-03 
 2.80318188e-07 -2.05229371e-04  2.80318188e-07 -2.50952469e-03 
 2.80363620e-07  1.38231601e-04  2.80363620e-07  6.96742074e-04 
 2.80413620e-07 -9.91509063e-05  2.80413620e-07 -1.45861471e-04 
 2.80463620e-07  7.34981868e-05  2.80463620e-07  2.14571466e-04 
 2.80513620e-07 -5.56023655e-05  2.80513620e-07 -1.30276938e-04 
 2.80563620e-07  4.31170581e-05  2.80563620e-07  8.40446701e-05 
 2.80613620e-07 -3.37677579e-05  2.80613620e-07 -4.38663034e-05 
 2.80663620e-07  2.70072072e-05  2.80663620e-07  1.47298630e-05 
 2.80713620e-07 -2.16603774e-05  2.80713620e-07  7.64331422e-06 
 2.80763620e-07  1.77490910e-05  2.80763620e-07 -2.46137584e-05 
 2.80813620e-07 -1.44937800e-05  2.80813620e-07  3.76602475e-05 
 2.80863620e-07  1.21367688e-05  2.80863620e-07 -4.76392230e-05 
 2.80913620e-07 -1.00429509e-05  2.80913620e-07  5.53085944e-05 
 2.80963620e-07  8.56939194e-06  2.80963620e-07 -6.10846978e-05 
 2.81013620e-07 -7.14925638e-06  2.81013620e-07  6.54350606e-05 
 2.81063620e-07  6.19673891e-06  2.81063620e-07 -6.85611885e-05 
 2.81113620e-07 -5.18153336e-06  2.81113620e-07  7.07840731e-05 
 2.81163620e-07  4.54789245e-06  2.81163620e-07 -7.21950853e-05 
 2.81213620e-07 -3.78555751e-06  2.81213620e-07  7.30336842e-05 
 2.81263620e-07  3.35507386e-06  2.81263620e-07 -7.33288885e-05 
 2.81313620e-07 -2.75734115e-06  2.81313620e-07  7.32696187e-05 
 2.81363620e-07  2.46193042e-06  2.81363620e-07 -7.28469346e-05 
 2.81413620e-07 -1.97603765e-06  2.81413620e-07  7.22159508e-05 
 2.81463620e-07  1.77434247e-06  2.81463620e-07 -7.13436042e-05 
 2.81513620e-07 -1.36765526e-06  2.81513620e-07  7.03613526e-05 
 2.81563620e-07  1.23361847e-06  2.81563620e-07 -6.92205287e-05 
 2.81613620e-07 -8.85163580e-07  2.81613620e-07  6.80356319e-05 
 2.81663620e-07  8.01701126e-07  2.81663620e-07 -6.67479157e-05 
 2.81713620e-07 -4.97441927e-07  2.81713620e-07  6.54595705e-05 
 2.81763620e-07  4.52886756e-07  2.81763620e-07 -6.41054512e-05 
 2.81813620e-07 -1.83043459e-07  2.81813620e-07  6.27787519e-05 
 2.81863620e-07  1.69109797e-07  2.81863620e-07 -6.14104050e-05 
 2.81913620e-07  7.33913566e-08  2.81913620e-07  6.00869981e-05 
 2.81956810e-07 -7.92212478e-08  2.81956810e-07 -5.85289997e-05 
 2.82000000e-07  3.12743604e-07  2.82000000e-07  5.70328396e-05 
 2.82005000e-07 -1.06028759e-07  2.82005000e-07  3.17873438e-06 
 2.82015000e-07  1.15113851e-07  2.82015000e-07 -2.95599142e-06 
 2.82035000e-07  3.71379552e-08  2.82035000e-07  2.79297645e-06 
 2.82075000e-07  8.17462388e-08  2.82075000e-07 -2.65464110e-06 
 2.82125000e-07  3.43382860e-08  2.82125000e-07  2.55810151e-06 
 2.82162500e-07  9.13527734e-08  2.82162500e-07 -2.39016640e-06 
 2.82200000e-07  3.90782317e-08  2.82200000e-07  2.31561534e-06 
 2.82205000e-07 -1.31687772e-08  2.82205000e-07 -1.09502559e-07 
 2.82215000e-07  1.32468632e-07  2.82215000e-07  2.46608919e-07 
 2.82235000e-07  2.81563056e-08  2.82235000e-07 -1.14281317e-07 
 2.82275000e-07  7.04611027e-08  2.82275000e-07  5.65843765e-08 
 2.82325000e-07  6.83268802e-08  2.82325000e-07 -8.40610637e-10 
 2.82375000e-07  3.54328655e-08  2.82375000e-07 -1.17403143e-10 
 2.82425000e-07  9.94810535e-08  2.82425000e-07  2.98976149e-08 
 2.82475000e-07  1.07945636e-08  2.82475000e-07 -2.93760091e-08 
 2.82525000e-07  1.16694576e-07  2.82525000e-07  6.12489623e-08 
 2.82575000e-07  5.54762319e-10  2.82575000e-07 -5.88886475e-08 
 2.82625000e-07  1.21069688e-07  2.82625000e-07  8.77148880e-08 
 2.82675000e-07  7.57602057e-10  2.82675000e-07 -8.21148592e-08 
 2.82725000e-07  1.17495846e-07  2.82725000e-07  1.07750341e-07 
 2.82775000e-07  6.67253892e-09  2.82775000e-07 -9.91834208e-08 
 2.82825000e-07  1.10065624e-07  2.82825000e-07  1.22081824e-07 
 2.82875000e-07  1.49772706e-08  2.82875000e-07 -1.11034558e-07 
 2.82925000e-07  1.01364984e-07  2.82925000e-07  1.31689429e-07 
 2.82975000e-07  2.37228329e-08  2.82975000e-07 -1.18638474e-07 
 2.83025000e-07  9.28207365e-08  2.83025000e-07  1.37503876e-07 
 2.83075000e-07  3.18963573e-08  2.83075000e-07 -1.22875149e-07 
 2.83125000e-07  8.51250165e-08  2.83125000e-07  1.40347150e-07 
 2.83175000e-07  3.90497917e-08  2.83175000e-07 -1.24505488e-07 
 2.83225000e-07  7.85431505e-08  2.83225000e-07  1.40917898e-07 
 2.83275000e-07  4.50523182e-08  2.83275000e-07 -1.24166641e-07 
 2.83325000e-07  7.31087539e-08  2.83325000e-07  1.39793547e-07 
 2.83375000e-07  4.99390358e-08  2.83375000e-07 -1.22378847e-07 
 2.83425000e-07  6.87396173e-08  2.83425000e-07  1.37440380e-07 
 2.83475000e-07  5.38229650e-08  2.83475000e-07 -1.19558006e-07 
 2.83525000e-07  6.53040391e-08  2.83525000e-07  1.34227490e-07 
 2.83575000e-07  5.68455975e-08  2.83575000e-07 -1.16030084e-07 
 2.83625000e-07  6.26571766e-08  2.83625000e-07  1.30441560e-07 
 2.83675000e-07  5.91505434e-08  2.83675000e-07 -1.12046126e-07 
 2.83725000e-07  6.06597711e-08  2.83725000e-07  1.26301250e-07 
 2.83775000e-07  6.08706600e-08  2.83775000e-07 -1.07795669e-07 
 2.83825000e-07  5.91867370e-08  2.83825000e-07  1.21970211e-07 
 2.83875000e-07  6.21225029e-08  2.83875000e-07 -1.03419239e-07 
 2.83925000e-07  5.81302981e-08  2.83925000e-07  1.17568310e-07 
 2.83975000e-07  6.30050441e-08  2.83975000e-07 -9.90185172e-08 
 2.84025000e-07  5.74001147e-08  2.84025000e-07  1.13181282e-07 
 2.84075000e-07  6.36003577e-08  2.84075000e-07 -9.46651944e-08 
 2.84125000e-07  5.69219410e-08  2.84125000e-07  1.08868549e-07 
 2.84175000e-07  6.39753409e-08  2.84175000e-07 -9.04081046e-08 
 2.84225000e-07  5.66357205e-08  2.84225000e-07  1.04669789e-07 
 2.84275000e-07  6.41837427e-08  2.84275000e-07 -8.62789324e-08 
 2.84325000e-07  5.64934613e-08  2.84325000e-07  1.00609758e-07 
 2.84375000e-07  6.42682759e-08  2.84375000e-07 -8.22966105e-08 
 2.84425000e-07  5.64572928e-08  2.84425000e-07  9.67025197e-08 
 2.84475000e-07  6.42624563e-08  2.84475000e-07 -7.84709654e-08 
 2.84525000e-07  5.64975950e-08  2.84525000e-07  9.29542706e-08 
 2.84575000e-07  6.41923827e-08  2.84575000e-07 -7.48053181e-08 
 2.84625000e-07  5.65914576e-08  2.84625000e-07  8.93660032e-08 
 2.84675000e-07  6.40780997e-08  2.84675000e-07 -7.12986275e-08 
 2.84725000e-07  5.67213781e-08  2.84725000e-07  8.59349700e-08 
 2.84775000e-07  6.39348542e-08  2.84775000e-07 -6.79468384e-08 
 2.84825000e-07  5.68741141e-08  2.84825000e-07  8.26561220e-08 
 2.84875000e-07  6.37741225e-08  2.84875000e-07 -6.47441421e-08 
 2.84925000e-07  5.70397671e-08  2.84925000e-07  7.95230913e-08 
 2.84975000e-07  6.36043653e-08  2.84975000e-07 -6.16837044e-08 
 2.85025000e-07  5.72111235e-08  2.85025000e-07  7.65287096e-08 
 2.85075000e-07  6.34317641e-08  2.85075000e-07 -5.87582229e-08 
 2.85125000e-07  5.73829591e-08  2.85125000e-07  7.36656067e-08 
 2.85175000e-07  6.32606512e-08  2.85175000e-07 -5.59603532e-08 
 2.85225000e-07  5.75516354e-08  2.85225000e-07  7.09265717e-08 
 2.85275000e-07  6.30940742e-08  2.85275000e-07 -5.32829063e-08 
 2.85325000e-07  5.77146818e-08  2.85325000e-07  6.83044380e-08 
 2.85375000e-07  6.29340147e-08  2.85375000e-07 -5.07190173e-08 
 2.85425000e-07  5.78705282e-08  2.85425000e-07  6.57926523e-08 
 2.85475000e-07  6.27816747e-08  2.85475000e-07 -4.82622879e-08 
 2.85525000e-07  5.80182746e-08  2.85525000e-07  6.33850166e-08 
 2.85575000e-07  6.26377224e-08  2.85575000e-07 -4.59067168e-08 
 2.85625000e-07  5.81574637e-08  2.85625000e-07  6.10757571e-08 
 2.85675000e-07  6.25023948e-08  2.85675000e-07 -4.36468625e-08 
 2.85725000e-07  5.82880448e-08  2.85725000e-07  5.88596504e-08 
 2.85775000e-07  6.23756211e-08  2.85775000e-07 -4.14776158e-08 
 2.85825000e-07  5.84101550e-08  2.85825000e-07  5.67318224e-08 
 2.85875000e-07  6.22571977e-08  2.85875000e-07 -3.93944282e-08 
 2.85925000e-07  5.85240993e-08  2.85925000e-07  5.46879161e-08 
 2.85975000e-07  6.21467566e-08  2.85975000e-07 -3.73930143e-08 
 2.86025000e-07  5.86302792e-08  2.86025000e-07  5.27238266e-08 
 2.86075000e-07  6.20438114e-08  2.86075000e-07 -3.54695384e-08 
 2.86125000e-07  5.87292124e-08  2.86125000e-07  5.08358965e-08 
 2.86175000e-07  6.19479101e-08  2.86175000e-07 -3.36204643e-08 
 2.86225000e-07  5.88213417e-08  2.86225000e-07  4.90207246e-08 
 2.86275000e-07  6.18585376e-08  2.86275000e-07 -3.18425135e-08 
 2.86325000e-07  5.89072220e-08  2.86325000e-07  4.72751395e-08 
 2.86375000e-07  6.17752006e-08  2.86375000e-07 -3.01326491e-08 
 2.86425000e-07  5.89872821e-08  2.86425000e-07  4.55962736e-08 
 2.86475000e-07  6.16974270e-08  2.86475000e-07 -2.84881264e-08 
 2.86525000e-07  5.90620326e-08  2.86525000e-07  4.39814105e-08 
 2.86575000e-07  6.16247397e-08  2.86575000e-07 -2.69063001e-08 
 2.86625000e-07  5.91319130e-08  2.86625000e-07  4.24280829e-08 
 2.86675000e-07  6.15567268e-08  2.86675000e-07 -2.53847613e-08 
 2.86725000e-07  5.91973197e-08  2.86725000e-07  4.09338308e-08 
 2.86775000e-07  6.14929995e-08  2.86775000e-07 -2.39211810e-08 
 2.86825000e-07  5.92586369e-08  2.86825000e-07  3.94965042e-08 
 2.86875000e-07  6.14331680e-08  2.86875000e-07 -2.25134446e-08 
 2.86925000e-07  5.93162268e-08  2.86925000e-07  3.81139939e-08 
 2.86975000e-07  6.13769377e-08  2.86975000e-07 -2.11594623e-08 
 2.87025000e-07  5.93703695e-08  2.87025000e-07  3.67842803e-08 
 2.87075000e-07  6.13239870e-08  2.87075000e-07 -1.98573273e-08 
 2.87125000e-07  5.94213876e-08  2.87125000e-07  3.55054852e-08 
 2.87175000e-07  6.12740381e-08  2.87175000e-07 -1.86051486e-08 
 2.87225000e-07  5.94695260e-08  2.87225000e-07  3.42757582e-08 
 2.87275000e-07  6.12268602e-08  2.87275000e-07 -1.74011483e-08 
 2.87325000e-07  5.95149914e-08  2.87325000e-07  3.30933835e-08 
 2.87375000e-07  6.11822343e-08  2.87375000e-07 -1.62436467e-08 
 2.87425000e-07  5.95580328e-08  2.87425000e-07  3.19567013e-08 
 2.87475000e-07  6.11399618e-08  2.87475000e-07 -1.51309900e-08 
 2.87525000e-07  5.95987991e-08  2.87525000e-07  3.08640594e-08 
 2.87575000e-07  6.10998673e-08  2.87575000e-07 -1.40615879e-08 
 2.87625000e-07  5.96374956e-08  2.87625000e-07  2.98139530e-08 
 2.87675000e-07  6.10617683e-08  2.87675000e-07 -1.30339298e-08 
 2.87725000e-07  5.96742398e-08  2.87725000e-07  2.88048467e-08 
 2.87775000e-07  6.10255629e-08  2.87775000e-07 -1.20465452e-08 
 2.87825000e-07  5.97091837e-08  2.87825000e-07  2.78353335e-08 
 2.87875000e-07  6.09910924e-08  2.87875000e-07 -1.10980165e-08 
 2.87925000e-07  5.97424396e-08  2.87925000e-07  2.69039805e-08 
 2.87975000e-07  6.09582465e-08  2.87975000e-07 -1.01869465e-08 
 2.88025000e-07  5.97741499e-08  2.88025000e-07  2.60094455e-08 
 2.88075000e-07  6.09269196e-08  2.88075000e-07 -9.31201749e-09 
 2.88125000e-07  5.98043812e-08  2.88125000e-07  2.51504010e-08 
 2.88175000e-07  6.08970065e-08  2.88175000e-07 -8.47192760e-09 
 2.88225000e-07  5.98332231e-08  2.88225000e-07  2.43256033e-08 
 2.88275000e-07  6.08684743e-08  2.88275000e-07 -7.66544062e-09 
 2.88325000e-07  5.98607583e-08  2.88325000e-07  2.35337923e-08 
 2.88375000e-07  6.08411779e-08  2.88375000e-07 -6.89133034e-09 
 2.88425000e-07  5.98870819e-08  2.88425000e-07  2.27738175e-08 
 2.88475000e-07  6.08150851e-08  2.88475000e-07 -6.14847129e-09 
 2.88525000e-07  5.99122322e-08  2.88525000e-07  2.20444780e-08 
 2.88575000e-07  6.07901433e-08  2.88575000e-07 -5.43562034e-09 
 2.88625000e-07  5.99362707e-08  2.88625000e-07  2.13446839e-08 
 2.88675000e-07  6.07662612e-08  2.88675000e-07 -4.75179673e-09 
 2.88725000e-07  5.99592915e-08  2.88725000e-07  2.06733319e-08 
 2.88775000e-07  6.07433832e-08  2.88775000e-07 -4.09586759e-09 
 2.88825000e-07  5.99813086e-08  2.88825000e-07  2.00293993e-08 
 2.88875000e-07  6.07215056e-08  2.88875000e-07 -3.46679496e-09 
 2.88925000e-07  6.00023864e-08  2.88925000e-07  1.94118355e-08 
 2.88975000e-07  6.07005182e-08  2.88975000e-07 -2.86362944e-09 
 2.89025000e-07  6.00225667e-08  2.89025000e-07  1.88196996e-08 
 2.89075000e-07  6.06804333e-08  2.89075000e-07 -2.28536201e-09 
 2.89125000e-07  6.00418777e-08  2.89125000e-07  1.82520035e-08 
 2.89175000e-07  6.06611913e-08  2.89175000e-07 -1.73106729e-09 
 2.89225000e-07  6.00603783e-08  2.89225000e-07  1.77078487e-08 
 2.89275000e-07  6.06427488e-08  2.89275000e-07 -1.19984500e-09 
 2.89325000e-07  6.00780762e-08  2.89325000e-07  1.71863379e-08 
 2.89375000e-07  6.06250881e-08  2.89375000e-07 -6.90832946e-10 
 2.89425000e-07  6.00950464e-08  2.89425000e-07  1.66865983e-08 
 2.89475000e-07  6.06081314e-08  2.89475000e-07 -2.03134232e-10 
 2.89525000e-07  6.01113071e-08  2.89525000e-07  1.62078100e-08 
 2.89575000e-07  6.05918881e-08  2.89575000e-07  2.64000266e-10 
 2.89625000e-07  6.01268746e-08  2.89625000e-07  1.57491897e-08 
 2.89675000e-07  6.05763286e-08  2.89675000e-07  7.11417925e-10 
 2.89725000e-07  6.01417640e-08  2.89725000e-07  1.53098933e-08 
 2.89775000e-07  6.05614280e-08  2.89775000e-07  1.13985466e-09 
 2.89825000e-07  6.01560229e-08  2.89825000e-07  1.48892569e-08 
 2.89875000e-07  6.05471492e-08  2.89875000e-07  1.55003582e-09 
 2.89925000e-07  6.01696690e-08  2.89925000e-07  1.44865167e-08 
 2.89962500e-07  6.05312968e-08  2.89962500e-07  2.00668326e-09 
 2.90000000e-07  6.01870687e-08  2.90000000e-07  1.39765381e-08 
 2.90005000e-07 -9.20461670e-06  2.90005000e-07 -7.56656873e-05 
 2.90015000e-07  8.98654628e-06  2.90015000e-07  1.77613386e-05 
 2.90035000e-07  7.53855420e-07  2.90035000e-07  2.36164813e-05 
 2.90075000e-07 -3.79012042e-06  2.90075000e-07  9.73423386e-06 
 2.90125000e-07  2.23500613e-05  2.90125000e-07  1.42412452e-04 
 2.90162500e-07  2.93316290e-06  2.90162500e-07  1.30979252e-04 
 2.90200000e-07 -2.94106158e-04  2.90200000e-07 -1.77767007e-04 
 2.90205000e-07 -2.75077290e-04  2.90205000e-07 -4.12304242e-04 
 2.90215000e-07  1.19034422e-04  2.90215000e-07 -8.49339772e-04 
 2.90235000e-07  5.59219326e-04  2.90235000e-07 -1.14614904e-03 
 2.90271745e-07 -4.50362636e-04  2.90271745e-07  1.36539254e-04 
 2.90313401e-07  2.65237384e-04  2.90313401e-07  1.21511125e-03 
 2.90358182e-07 -1.30633648e-04  2.90358182e-07 -1.03242922e-04 
 2.90408182e-07  4.90424047e-05  2.90408182e-07 -2.85250403e-04 
 2.90458182e-07  6.09449004e-06  2.90458182e-07  1.25240924e-04 
 2.90508182e-07 -4.20686804e-05  2.90508182e-07 -1.56859679e-04 
 2.90558182e-07  6.51066615e-05  2.90558182e-07  1.61771472e-04 
 2.90608182e-07 -7.88869950e-05  2.90608182e-07 -1.77464613e-04 
 2.90658182e-07  8.64816581e-05  2.90658182e-07  1.88286084e-04 
 2.90708182e-07 -8.94495156e-05  2.90708182e-07 -1.97607962e-04 
 2.90758182e-07  8.95514256e-05  2.90758182e-07  2.04492835e-04 
 2.90808182e-07 -8.72320232e-05  2.90808182e-07 -2.09415465e-04 
 2.90858182e-07  8.38069636e-05  2.90858182e-07  2.12731556e-04 
 2.90908182e-07 -7.91893832e-05  2.90908182e-07 -2.14544273e-04 
 2.90958182e-07  7.42902979e-05  2.90958182e-07  2.15202614e-04 
 2.91008182e-07 -6.88814541e-05  2.91008182e-07 -2.14788385e-04 
 2.91058182e-07  6.36458890e-05  2.91058182e-07  2.13619090e-04 
 2.91108182e-07 -5.82412810e-05  2.91108182e-07 -2.11669896e-04 
 2.91158182e-07  5.32339387e-05  2.91158182e-07  2.09231508e-04 
 2.91208182e-07 -4.82224439e-05  2.91208182e-07 -2.06252184e-04 
 2.91258182e-07  4.37094458e-05  2.91258182e-07  2.02975294e-04 
 2.91308182e-07 -3.92556746e-05  2.91308182e-07 -1.99332328e-04 
 2.91358182e-07  3.53335104e-05  2.91358182e-07  1.95530230e-04 
 2.91408182e-07 -3.14797008e-05  2.91408182e-07 -1.91489750e-04 
 2.91458182e-07  2.81539166e-05  2.91458182e-07  1.87388501e-04 
 2.91508182e-07 -2.48782106e-05  2.91508182e-07 -1.83141218e-04 
 2.91558182e-07  2.21085222e-05  2.91558182e-07  1.78901874e-04 
 2.91608182e-07 -1.93583716e-05  2.91608182e-07 -1.74582421e-04 
 2.91658182e-07  1.70843291e-05  2.91658182e-07  1.70317836e-04 
 2.91708182e-07 -1.47953803e-05  2.91708182e-07 -1.66019427e-04 
 2.91758182e-07  1.29506446e-05  2.91758182e-07  1.61806939e-04 
 2.91808182e-07 -1.10570906e-05  2.91808182e-07 -1.57592402e-04 
 2.91858182e-07  9.57704421e-06  2.91858182e-07  1.53483378e-04 
 2.91908182e-07 -8.01698069e-06  2.91908182e-07 -1.49393441e-04 
 2.91958182e-07  6.84246363e-06  2.91958182e-07  1.45420426e-04 
 2.92008182e-07 -5.56034700e-06  2.92008182e-07 -1.41479907e-04 
 2.92058182e-07  4.63917701e-06  2.92058182e-07  1.37661963e-04 
 2.92108182e-07 -3.58664079e-06  2.92108182e-07 -1.33884369e-04 
 2.92158182e-07  2.87390186e-06  2.92158182e-07  1.30231029e-04 
 2.92208182e-07 -2.00967629e-06  2.92208182e-07 -1.26621956e-04 
 2.92258182e-07  1.46735887e-06  2.92258182e-07  1.23136145e-04 
 2.92308182e-07 -7.56735978e-07  2.92308182e-07 -1.19695772e-04 
 2.92358182e-07  3.53069345e-07  2.92358182e-07  1.16375937e-04 
 2.92408182e-07  2.32829683e-07  2.92408182e-07 -1.13100846e-04 
 2.92458182e-07 -5.24157128e-07  2.92458182e-07  1.09942510e-04 
 2.92508182e-07  1.00916641e-06  2.92508182e-07 -1.06826993e-04 
 2.92558182e-07 -1.20979118e-06  2.92558182e-07  1.03823864e-04 
 2.92608182e-07  1.61345740e-06  2.92608182e-07 -1.00860856e-04 
 2.92658182e-07 -1.74107278e-06  2.92658182e-07  9.80056164e-05 
 2.92708182e-07  2.07934639e-06  2.92708182e-07 -9.51873541e-05 
 2.92758182e-07 -2.14835683e-06  2.92758182e-07  9.24722077e-05 
 2.92808182e-07  2.43420134e-06  2.92808182e-07 -8.97906788e-05 
 2.92858182e-07 -2.45629162e-06  2.92858182e-07  8.72077274e-05 
 2.92908182e-07  2.70020815e-06  2.92908182e-07 -8.46549735e-05 
 2.92958182e-07 -2.68482863e-06  2.92958182e-07  8.21964642e-05 
 2.93008182e-07  2.89530036e-06  2.93008182e-07 -7.97647766e-05 
 2.93058182e-07 -2.85007517e-06  2.93058182e-07  7.74232583e-05 
 2.93108182e-07  3.03393925e-06  2.93108182e-07 -7.51052973e-05 
 2.93158182e-07 -2.96500616e-06  2.93158182e-07  7.28737134e-05 
 2.93208182e-07  3.12776210e-06  2.93208182e-07 -7.06625738e-05 
 2.93258182e-07 -3.04005316e-06  2.93258182e-07  6.85343089e-05 
 2.93308182e-07  3.18611683e-06  2.93308182e-07 -6.64235484e-05 
 2.93358182e-07 -3.08358870e-06  2.93358182e-07  6.43924449e-05 
 2.93408182e-07  3.21650027e-06  2.93408182e-07 -6.23760878e-05 
 2.93458182e-07 -3.10232236e-06  2.93458182e-07  6.04364415e-05 
 2.93508182e-07  3.22491586e-06  2.93508182e-07 -5.85089656e-05 
 2.93558182e-07 -3.10162344e-06  2.93558182e-07  5.66555087e-05 
 2.93608182e-07  3.21616454e-06  2.93608182e-07 -5.48118230e-05 
 2.93658182e-07 -3.08578287e-06  2.93658182e-07  5.30396990e-05 
 2.93708182e-07  3.19408037e-06  2.93708182e-07 -5.12751146e-05 
 2.93758182e-07 -3.05822515e-06  2.93758182e-07  4.95798492e-05 
 2.93808182e-07  3.16172119e-06  2.93808182e-07 -4.78900489e-05 
 2.93858182e-07 -3.02167954e-06  2.93858182e-07  4.62675192e-05 
 2.93908182e-07  3.12152236e-06  2.93908182e-07 -4.46485255e-05 
 2.93958182e-07 -2.97831821e-06  2.93958182e-07  4.30949294e-05 
 2.94008182e-07  3.07542050e-06  2.94008182e-07 -4.15430739e-05 
 2.94058182e-07 -2.92986703e-06  2.94058182e-07  4.00549002e-05 
 2.94108182e-07  3.02495322e-06  2.94108182e-07 -3.85667944e-05 
 2.94158182e-07 -2.87769513e-06  2.94158182e-07  3.71407953e-05 
 2.94208182e-07  2.97133898e-06  2.94208182e-07 -3.57133033e-05 
 2.94258182e-07 -2.82288631e-06  2.94258182e-07  3.43464689e-05 
 2.94308182e-07  2.91554130e-06  2.94308182e-07 -3.29766823e-05 
 2.94358182e-07 -2.76629659e-06  2.94358182e-07  3.16662167e-05 
 2.94408182e-07  2.85832025e-06  2.94408182e-07 -3.03514325e-05 
 2.94458182e-07 -2.70860028e-06  2.94458182e-07  2.90947330e-05 
 2.94508182e-07  2.80027350e-06  2.94508182e-07 -2.78324328e-05 
 2.94558182e-07 -2.65032670e-06  2.94558182e-07  2.66270708e-05 
 2.94608182e-07  2.74186943e-06  2.94608182e-07 -2.54149030e-05 
 2.94658182e-07 -2.59188977e-06  2.94658182e-07  2.42586070e-05 
 2.94708182e-07  2.68347337e-06  2.94708182e-07 -2.30943704e-05 
 2.94758182e-07 -2.53361156e-06  2.94758182e-07  2.19850114e-05 
 2.94808182e-07  2.62536877e-06  2.94808182e-07 -2.08666411e-05 
 2.94858182e-07 -2.47574102e-06  2.94858182e-07  1.98022187e-05 
 2.94908182e-07  2.56777390e-06  2.94908182e-07 -1.87277732e-05 
 2.94958182e-07 -2.41846916e-06  2.94958182e-07  1.77064041e-05 
 2.95008182e-07  2.51085544e-06  2.95008182e-07 -1.66740543e-05 
 2.95058182e-07 -2.36194096e-06  2.95058182e-07  1.56939619e-05 
 2.95108182e-07  2.45473904e-06  2.95108182e-07 -1.47019810e-05 
 2.95158182e-07 -2.30626488e-06  2.95158182e-07  1.37614862e-05 
 2.95208182e-07  2.39951790e-06  2.95208182e-07 -1.28082412e-05 
 2.95258182e-07 -2.25152061e-06  2.95258182e-07  1.19057540e-05 
 2.95308182e-07  2.34525968e-06  2.95308182e-07 -1.09896977e-05 
 2.95358182e-07 -2.19776509e-06  2.95358182e-07  1.01237104e-05 
 2.95408182e-07  2.29201179e-06  2.95408182e-07 -9.24337472e-06 
 2.95458182e-07 -2.14503730e-06  2.95458182e-07  8.41245498e-06 
 2.95508182e-07  2.23980576e-06  2.95508182e-07 -7.56644477e-06 
 2.95558182e-07 -2.09336218e-06  2.95558182e-07  6.76923050e-06 
 2.95608182e-07  2.18866066e-06  2.95608182e-07 -5.95621812e-06 
 2.95658182e-07 -2.04275362e-06  2.95658182e-07  5.19141201e-06 
 2.95708182e-07  2.13858583e-06  2.95708182e-07 -4.41013252e-06 
 2.95758182e-07 -1.99321699e-06  2.95758182e-07  3.67649765e-06 
 2.95808182e-07  2.08958308e-06  2.95808182e-07 -2.92574455e-06 
 2.95858182e-07 -1.94475092e-06  2.95858182e-07  2.22210029e-06 
 2.95908182e-07  2.04164829e-06  2.95908182e-07 -1.50072151e-06 
 2.95958182e-07 -1.89734895e-06  2.95958182e-07  8.25939863e-07 
 2.96008182e-07  1.99477293e-06  2.96008182e-07 -1.32834398e-07 
 2.96058182e-07 -1.85100069e-06  2.96058182e-07 -5.14163261e-07 
 2.96108182e-07  1.94894499e-06  2.96108182e-07  1.18004861e-06 
 2.96158182e-07 -1.80569276e-06  2.96158182e-07 -1.80029454e-06 
 2.96208182e-07  1.90414990e-06  2.96208182e-07  2.43996797e-06 
 2.96258182e-07 -1.76140960e-06  2.96258182e-07 -3.03445082e-06 
 2.96308182e-07  1.86037124e-06  2.96308182e-07  3.64887816e-06 
 2.96358182e-07 -1.71813403e-06  2.96358182e-07 -4.21854534e-06 
 2.96408182e-07  1.81759118e-06  2.96408182e-07  4.80865239e-06 
 2.96458182e-07 -1.67584771e-06  2.96458182e-07 -5.35441248e-06 
 2.96508182e-07  1.77579094e-06  2.96508182e-07  5.92108722e-06 
 2.96558182e-07 -1.63453148e-06  2.96558182e-07 -6.44381188e-06 
 2.96608182e-07  1.73495111e-06  2.96608182e-07  6.98790652e-06 
 2.96658182e-07 -1.59416577e-06  2.96658182e-07 -7.48843256e-06 
 2.96708182e-07  1.69505192e-06  2.96708182e-07  8.01076523e-06 
 2.96758182e-07 -1.55473065e-06  2.96758182e-07 -8.48989626e-06 
 2.96808182e-07  1.65607339e-06  2.96808182e-07  8.99125286e-06 
 2.96858182e-07 -1.51620615e-06  2.96858182e-07 -9.44976103e-06 
 2.96908182e-07  1.61799554e-06  2.96908182e-07  9.93089682e-06 
 2.96958182e-07 -1.47857229e-06  2.96958182e-07 -1.03695242e-05 
 2.97008182e-07  1.58079844e-06  2.97008182e-07  1.08311652e-05 
 2.97058182e-07 -1.44180924e-06  2.97058182e-07 -1.12506254e-05 
 2.97108182e-07  1.54446236e-06  2.97108182e-07  1.16934697e-05 
 2.97158182e-07 -1.40589738e-06  2.97158182e-07 -1.20944490e-05 
 2.97208182e-07  1.50896779e-06  2.97208182e-07  1.25191682e-05 
 2.97258182e-07 -1.37081736e-06  2.97258182e-07 -1.29023269e-05 
 2.97308182e-07  1.47429557e-06  2.97308182e-07  1.33095672e-05 
 2.97358182e-07 -1.33655016e-06  2.97358182e-07 -1.36755408e-05 
 2.97408182e-07  1.44042679e-06  2.97408182e-07  1.40659243e-05 
 2.97458182e-07 -1.30307706e-06  2.97458182e-07 -1.44153244e-05 
 2.97508182e-07  1.40734296e-06  2.97508182e-07  1.47894499e-05 
 2.97558182e-07 -1.27037976e-06  2.97558182e-07 -1.51228656e-05 
 2.97608182e-07  1.37502590e-06  2.97608182e-07  1.54813097e-05 
 2.97658182e-07 -1.23844023e-06  2.97658182e-07 -1.57993082e-05 
 2.97708182e-07  1.34345786e-06  2.97708182e-07  1.61426263e-05 
 2.97758182e-07 -1.20724096e-06  2.97758182e-07 -1.64457540e-05 
 2.97808182e-07  1.31262144e-06  2.97808182e-07  1.67744814e-05 
 2.97858182e-07 -1.17676475e-06  2.97858182e-07 -1.70632647e-05 
 2.97908182e-07  1.28249969e-06  2.97908182e-07  1.73779168e-05 
 2.97958182e-07 -1.14699480e-06  2.97958182e-07 -1.76528632e-05 
 2.98008182e-07  1.25307597e-06  2.98008182e-07  1.79539369e-05 
 2.98058182e-07 -1.11791472e-06  2.98058182e-07 -1.82155353e-05 
 2.98108182e-07  1.22433409e-06  2.98108182e-07  1.85035097e-05 
 2.98158182e-07 -1.08950848e-06  2.98158182e-07 -1.87522314e-05 
 2.98208182e-07  1.19625821e-06  2.98208182e-07  1.90275683e-05 
 2.98258182e-07 -1.06176044e-06  2.98258182e-07 -1.92638678e-05 
 2.98308182e-07  1.16883287e-06  2.98308182e-07  1.95270124e-05 
 2.98358182e-07 -1.03465531e-06  2.98358182e-07 -1.97513279e-05 
 2.98408182e-07  1.14204296e-06  2.98408182e-07  2.00027096e-05 
 2.98458182e-07 -1.00817817e-06  2.98458182e-07 -2.02154637e-05 
 2.98508182e-07  1.11587375e-06  2.98508182e-07  2.04554967e-05 
 2.98558182e-07 -9.82314494e-07  2.98558182e-07 -2.06570970e-05 
 2.98608182e-07  1.09031090e-06  2.98608182e-07  2.08861808e-05 
 2.98658182e-07 -9.57050107e-07  2.98658182e-07 -2.10770206e-05 
 2.98708182e-07  1.06534036e-06  2.98708182e-07  2.12955406e-05 
 2.98758182e-07 -9.32371107e-07  2.98758182e-07 -2.14759991e-05 
 2.98808182e-07  1.04094844e-06  2.98808182e-07  2.16843273e-05 
 2.98858182e-07 -9.08263983e-07  2.98858182e-07 -2.18547707e-05 
 2.98908182e-07  1.01712177e-06  2.98908182e-07  2.20532657e-05 
 2.98958182e-07 -8.84715535e-07  2.98958182e-07 -2.22140472e-05 
 2.99008182e-07  9.93847314e-07  2.99008182e-07  2.24030554e-05 
 2.99058182e-07 -8.61712874e-07  2.99058182e-07 -2.25545159e-05 
 2.99108182e-07  9.71112345e-07  2.99108182e-07  2.27343716e-05 
 2.99158182e-07 -8.39243453e-07  2.99158182e-07 -2.28768401e-05 
 2.99208182e-07  9.48904448e-07  2.99208182e-07  2.30478659e-05 
 2.99258182e-07 -8.17294959e-07  2.99258182e-07 -2.31816600e-05 
 2.99308182e-07  9.27211468e-07  2.99308182e-07  2.33441673e-05 
 2.99358182e-07 -7.95855436e-07  2.99358182e-07 -2.34695936e-05 
 2.99408182e-07  9.06021603e-07  2.99408182e-07  2.36238831e-05 
 2.99458182e-07 -7.74913183e-07  2.99458182e-07 -2.37412376e-05 
 2.99508182e-07  8.85323268e-07  2.99508182e-07  2.38875997e-05 
 2.99558182e-07 -7.54456800e-07  2.99558182e-07 -2.39971681e-05 
 2.99608182e-07  8.65105225e-07  2.99608182e-07  2.41358831e-05 
 2.99658182e-07 -7.34475143e-07  2.99658182e-07 -2.42379414e-05 
 2.99708182e-07  8.45356440e-07  2.99708182e-07  2.43692799e-05 
 2.99758182e-07 -7.14957321e-07  2.99758182e-07 -2.44640947e-05 
 2.99808182e-07  8.26066172e-07  2.99808182e-07  2.45883182e-05 
 2.99858182e-07 -6.95892728e-07  2.99858182e-07 -2.46761466e-05 
 2.99908182e-07  8.07223927e-07  2.99908182e-07  2.47935075e-05 
 2.99954091e-07 -6.76451384e-07  2.99954091e-07 -2.48831338e-05 
 3.00000000e-07  7.87200220e-07  3.00000000e-07  2.50018041e-05 
 3.00005000e-07  1.75331554e-05  3.00005000e-07  2.19055388e-04 
 3.00015000e-07 -7.97175757e-06  3.00015000e-07  1.23966389e-05 
 3.00035000e-07 -9.70246576e-06  3.00035000e-07 -8.46173031e-05 
 3.00075000e-07  1.02805076e-05  3.00075000e-07 -6.44786857e-05 
 3.00125000e-07 -4.12553226e-05  3.00125000e-07 -1.29320824e-04 
 3.00162500e-07 -7.32893149e-05  3.00162500e-07 -3.60279109e-04 
 3.00200000e-07  5.81419415e-04  3.00200000e-07  3.43820267e-04 
 3.00205000e-07  3.39536746e-04  3.00205000e-07  1.94663784e-04 
 3.00215000e-07 -3.94226879e-04  3.00215000e-07  4.53517385e-04 
 3.00235000e-07 -3.92007533e-04  3.00235000e-07  1.05473850e-03 
 3.00275000e-07  3.13379656e-04  3.00275000e-07  1.29136920e-03 
 3.00318188e-07 -2.05227252e-04  3.00318188e-07 -2.50938379e-03 
 3.00363620e-07  1.38241664e-04  3.00363620e-07  6.96696705e-04 
 3.00413620e-07 -9.91644894e-05  3.00413620e-07 -1.46171757e-04 
 3.00463620e-07  7.35124848e-05  3.00463620e-07  2.14756116e-04 
 3.00513620e-07 -5.56165341e-05  3.00513620e-07 -1.30434732e-04 
 3.00563620e-07  4.31305806e-05  3.00563620e-07  8.41677220e-05 
 3.00613620e-07 -3.37806104e-05  3.00613620e-07 -4.39671560e-05 
 3.00663620e-07  2.70191853e-05  3.00663620e-07  1.48119881e-05 
 3.00713620e-07 -2.16715989e-05  3.00713620e-07  7.57522647e-06 
 3.00763620e-07  1.77594224e-05  3.00763620e-07 -2.45576582e-05 
 3.00813620e-07 -1.45033931e-05  3.00813620e-07  3.76132854e-05 
 3.00863620e-07  1.21455643e-05  3.00863620e-07 -4.76003422e-05 
 3.00913620e-07 -1.00511160e-05  3.00913620e-07  5.52757804e-05 
 3.00963620e-07  8.57683829e-06  3.00963620e-07 -6.10574571e-05 
 3.01013620e-07 -7.15617018e-06  3.01013620e-07  6.54118327e-05 
 3.01063620e-07  6.20303027e-06  3.01063620e-07 -6.85418248e-05 
 3.01113620e-07 -5.18738050e-06  3.01113620e-07  7.07673083e-05 
 3.01163620e-07  4.55319956e-06  3.01163620e-07 -7.21810008e-05 
 3.01213620e-07 -3.79049384e-06  3.01213620e-07  7.30212210e-05 
 3.01263620e-07  3.35953768e-06  3.01263620e-07 -7.33182884e-05 
 3.01313620e-07 -2.76149413e-06  3.01313620e-07  7.32599703e-05 
 3.01363620e-07  2.46566646e-06  3.01363620e-07 -7.28385918e-05 
 3.01413620e-07 -1.97951260e-06  3.01413620e-07  7.22081084e-05 
 3.01463620e-07  1.77744735e-06  3.01463620e-07 -7.13366934e-05 
 3.01513620e-07 -1.37054154e-06  3.01513620e-07  7.03546443e-05 
 3.01563620e-07  1.23617545e-06  3.01563620e-07 -6.92145062e-05 
 3.01613620e-07 -8.87539274e-07  3.01613620e-07  6.80296202e-05 
 3.01663620e-07  8.03783709e-07  3.01663620e-07 -6.67424322e-05 
 3.01713620e-07 -4.99376486e-07  3.01713620e-07  6.54539787e-05 
 3.01763620e-07  4.54560673e-07  3.01763620e-07 -6.41002892e-05 
 3.01813620e-07 -1.84599135e-07  3.01813620e-07  6.27734110e-05 
 3.01863620e-07  1.70433987e-07  3.01863620e-07 -6.14054353e-05 
 3.01913620e-07  7.21588197e-08  3.01913620e-07  6.00818107e-05 
 3.01956810e-07 -7.82152543e-08  3.01956810e-07 -5.85241624e-05 
 3.02000000e-07  3.11822987e-07  3.02000000e-07  5.70277756e-05 
 3.02005000e-07  2.45119183e-04  3.02005000e-07  3.03835424e-03 
 3.02015000e-07  1.96931824e-04  3.02015000e-07  3.40112538e-03 
 3.02035000e-07 -2.18351819e-05  3.02035000e-07  1.12821246e-03 
 3.02075000e-07  7.26852014e-05  3.02075000e-07  6.64267811e-04 
 3.02125000e-07 -2.20998958e-05  3.02125000e-07  2.58375863e-04 
 3.02162500e-07 -3.29203021e-05  3.02162500e-07  6.76711076e-04 
 3.02200000e-07  1.39380419e-05  3.02200000e-07 -3.60572211e-03 
 3.02205000e-07 -1.79384069e-04  3.02205000e-07 -2.59427833e-03 
 3.02215000e-07 -1.88079717e-04  3.02215000e-07 -1.71102901e-03 
 3.02235000e-07 -2.67011781e-05  3.02235000e-07 -1.13065988e-03 
 3.02275000e-07 -2.82698280e-05  3.02275000e-07 -4.30320871e-04 
 3.02325000e-07  2.41941150e-05  3.02325000e-07 -1.32782523e-04 
 3.02375000e-07 -2.22633722e-05  3.02375000e-07 -3.43480791e-05 
 3.02425000e-07  2.05535538e-05  3.02425000e-07 -1.66614544e-05 
 3.02475000e-07 -1.86877797e-05  3.02475000e-07 -3.21833933e-07 
 3.02525000e-07  1.71561861e-05  3.02525000e-07 -6.00745687e-06 
 3.02575000e-07 -1.54998028e-05  3.02575000e-07  4.38355165e-06 
 3.02625000e-07  1.41998864e-05  3.02625000e-07 -6.01261276e-06 
 3.02675000e-07 -1.27726743e-05  3.02675000e-07  6.40031194e-06 
 3.02725000e-07  1.16935267e-05  3.02725000e-07 -7.36862160e-06 
 3.02775000e-07 -1.04746854e-05  3.02775000e-07  8.04608430e-06 
 3.02825000e-07  9.59076261e-06  3.02825000e-07 -8.79517236e-06 
 3.02875000e-07 -8.55344424e-06  3.02875000e-07  9.43272655e-06 
 3.02925000e-07  7.83790623e-06  3.02925000e-07 -1.00115130e-05 
 3.02975000e-07 -6.95607583e-06  3.02975000e-07  1.05242518e-05 
 3.03025000e-07  6.38398388e-06  3.03025000e-07 -1.09437682e-05 
 3.03075000e-07 -5.63403676e-06  3.03075000e-07  1.13155553e-05 
 3.03125000e-07  5.18314212e-06  3.03125000e-07 -1.15902180e-05 
 3.03175000e-07 -4.54425742e-06  3.03175000e-07  1.18300871e-05 
 3.03225000e-07  4.19510871e-06  3.03225000e-07 -1.19793496e-05 
 3.03275000e-07 -3.64920990e-06  3.03275000e-07  1.21056119e-05 
 3.03325000e-07  3.38502189e-06  3.03325000e-07 -1.21509228e-05 
 3.03375000e-07 -2.91658835e-06  3.03375000e-07  1.21842224e-05 
 3.03425000e-07  2.72301611e-06  3.03425000e-07 -1.21464964e-05 
 3.03475000e-07 -2.31883601e-06  3.03475000e-07  1.21066288e-05 
 3.03525000e-07  2.18371468e-06  3.03525000e-07 -1.20047889e-05 
 3.03575000e-07 -1.83262023e-06  3.03575000e-07  1.19093253e-05 
 3.03625000e-07  1.74569971e-06  3.03625000e-07 -1.17596667e-05 
 3.03675000e-07 -1.43830700e-06  3.03675000e-07  1.16234955e-05 
 3.03725000e-07  1.39099809e-06  3.03725000e-07 -1.14395646e-05 
 3.03775000e-07 -1.11946252e-06  3.03775000e-07  1.12748985e-05 
 3.03825000e-07  1.10460225e-06  3.03825000e-07 -1.10676542e-05 
 3.03875000e-07 -8.62395719e-07  3.03875000e-07  1.08842625e-05 
 3.03925000e-07  8.74035920e-07  3.03925000e-07 -1.06623721e-05 
 3.03975000e-07 -6.55747813e-07  3.03975000e-07  1.04679027e-05 
 3.04025000e-07  6.88968114e-07  3.04025000e-07 -1.02380823e-05 
 3.04075000e-07 -4.90130424e-07  3.04075000e-07  1.00384037e-05 
 3.04125000e-07  5.40874788e-07  3.04125000e-07 -9.80575419e-06 
 3.04175000e-07 -3.57810387e-07  3.04175000e-07  9.60527798e-06 
 3.04225000e-07  4.22746146e-07  3.04225000e-07 -9.37359165e-06 
 3.04275000e-07 -2.52438187e-07  3.04275000e-07  9.17555931e-06 
 3.04325000e-07  3.28835341e-07  3.04325000e-07 -8.94758645e-06 
 3.04375000e-07 -1.68816008e-07  3.04375000e-07  8.75431519e-06 
 3.04425000e-07  2.54444538e-07  3.04425000e-07 -8.53198895e-06 
 3.04475000e-07 -1.02700758e-07  3.04475000e-07  8.34507609e-06 
 3.04525000e-07  1.95744061e-07  3.04525000e-07 -8.12969758e-06 
 3.04575000e-07 -5.06380635e-08  3.04575000e-07  7.95018747e-06 
 3.04625000e-07  1.49620206e-07  3.04625000e-07 -7.74257577e-06 
 3.04675000e-07 -9.82308639e-09  3.04675000e-07  7.57109384e-06 
 3.04725000e-07  1.13548070e-07  3.04725000e-07 -7.37170547e-06 
 3.04775000e-07  2.20156896e-08  3.04775000e-07  7.20856454e-06 
 3.04825000e-07  8.54853598e-08  3.04825000e-07 -7.01758786e-06 
 3.04875000e-07  4.67133585e-08  3.04875000e-07  6.86287158e-06 
 3.04925000e-07  6.37842654e-08  3.04925000e-07 -6.68030010e-06 
 3.04975000e-07  6.57485863e-08  3.04975000e-07  6.53392740e-06 
 3.05025000e-07  4.71187935e-08  3.05025000e-07 -6.35961668e-06 
 3.05075000e-07  8.03096631e-08  3.05075000e-07  6.22139155e-06 
 3.05125000e-07  3.44247602e-08  3.05125000e-07 -6.05510226e-06 
 3.05175000e-07  9.13490904e-08  3.05175000e-07  5.92475133e-06 
 3.05225000e-07  2.48502237e-08  3.05225000e-07 -5.76618213e-06 
 3.05275000e-07  9.96282489e-08  3.05275000e-07  5.64338305e-06 
 3.05325000e-07  1.77152266e-08  3.05325000e-07 -5.49219500e-06 
 3.05375000e-07  1.05753974e-07  3.05375000e-07  5.37659737e-06 
 3.05425000e-07  1.24786423e-08  3.05425000e-07 -5.23243176e-06 
 3.05475000e-07  1.10208455e-07  3.05475000e-07  5.12367254e-06 
 3.05525000e-07  8.71111834e-09  3.05525000e-07 -4.98616405e-06 
 3.05575000e-07  1.13373578e-07  3.05575000e-07  4.88387849e-06 
 3.05625000e-07  6.07329987e-09  3.05625000e-07 -4.75266437e-06 
 3.05675000e-07  1.15550723e-07  3.05675000e-07  4.65649373e-06 
 3.05725000e-07  4.29782729e-09  3.05725000e-07 -4.53122018e-06 
 3.05775000e-07  1.16976768e-07  3.05775000e-07  4.44081700e-06 
 3.05825000e-07  3.17501584e-09  3.05825000e-07 -4.32114333e-06 
 3.05875000e-07  1.17837144e-07  3.05875000e-07  4.23617478e-06 
 3.05925000e-07  2.54109420e-09  3.05925000e-07 -4.12177613e-06 
 3.05975000e-07  1.18276291e-07  3.05975000e-07  4.04192591e-06 
 3.06025000e-07  2.26885813e-09  3.06025000e-07 -3.93249457e-06 
 3.06075000e-07  1.18406068e-07  3.06075000e-07  3.85746399e-06 
 3.06125000e-07  2.26008860e-09  3.06125000e-07 -3.75271009e-06 
 3.06175000e-07  1.18312596e-07  3.06175000e-07  3.68221832e-06 
 3.06225000e-07  2.43942357e-09  3.06225000e-07 -3.58186985e-06 
 3.06275000e-07  1.18061651e-07  3.06275000e-07  3.51565371e-06 
 3.06325000e-07  2.74955440e-09  3.06325000e-07 -3.41945604e-06 
 3.06375000e-07  1.17703103e-07  3.06375000e-07  3.35726941e-06 
 3.06425000e-07  3.14724294e-09  3.06425000e-07 -3.26498466e-06 
 3.06475000e-07  1.17274269e-07  3.06475000e-07  3.20659783e-06 
 3.06525000e-07  3.60031203e-09  3.06525000e-07 -3.11800401e-06 
 3.06575000e-07  1.16802844e-07  3.06575000e-07  3.06320266e-06 
 3.06625000e-07  4.08511403e-09  3.06625000e-07 -2.97809279e-06 
 3.06675000e-07  1.16308894e-07  3.06675000e-07  2.92667706e-06 
 3.06725000e-07  4.58464975e-09  3.06725000e-07 -2.84485810e-06 
 3.06775000e-07  1.15806739e-07  3.06775000e-07  2.79664163e-06 
 3.06825000e-07  5.08694016e-09  3.06825000e-07 -2.71793360e-06 
 3.06875000e-07  1.15306328e-07  3.06875000e-07  2.67274255e-06 
 3.06925000e-07  5.58384653e-09  3.06925000e-07 -2.59697750e-06 
 3.06975000e-07  1.14814217e-07  3.06975000e-07  2.55464966e-06 
 3.07025000e-07  6.07014867e-09  3.07025000e-07 -2.48167080e-06 
 3.07075000e-07  1.14334465e-07  3.07075000e-07  2.44205462e-06 
 3.07125000e-07  6.54279318e-09  3.07125000e-07 -2.37171542e-06 
 3.07175000e-07  1.13869293e-07  3.07175000e-07  2.33466921e-06 
 3.07225000e-07  7.00027154e-09  3.07225000e-07 -2.26683264e-06 
 3.07275000e-07  1.13419628e-07  3.07275000e-07  2.23222387e-06 
 3.07325000e-07  7.44214920e-09  3.07325000e-07 -2.16676158e-06 
 3.07375000e-07  1.12985400e-07  3.07375000e-07  2.13446599e-06 
 3.07425000e-07  7.86889637e-09  3.07425000e-07 -2.07125774e-06 
 3.07475000e-07  1.12565900e-07  3.07475000e-07  2.04115886e-06 
 3.07525000e-07  8.28142470e-09  3.07525000e-07 -1.98009171e-06 
 3.07575000e-07  1.12160000e-07  3.07575000e-07  1.95208015e-06 
 3.07625000e-07  8.68103884e-09  3.07625000e-07 -1.89304808e-06 
 3.07675000e-07  1.11766301e-07  3.07675000e-07  1.86702094e-06 
 3.07725000e-07  9.06920583e-09  3.07725000e-07 -1.80992421e-06 
 3.07775000e-07  1.11383303e-07  3.07775000e-07  1.78578479e-06 
 3.07825000e-07  9.44741738e-09  3.07825000e-07 -1.73052941e-06 
 3.07875000e-07  1.11009477e-07  3.07875000e-07  1.70818644e-06 
 3.07925000e-07  9.81726386e-09  3.07925000e-07 -1.65468387e-06 
 3.07975000e-07  1.10643235e-07  3.07975000e-07  1.63405136e-06 
 3.08025000e-07  1.01802366e-08  3.08025000e-07 -1.58221803e-06 
 3.08075000e-07  1.10283159e-07  3.08075000e-07  1.56321476e-06 
 3.08125000e-07  1.05377471e-08  3.08125000e-07 -1.51297168e-06 
 3.08175000e-07  1.09927900e-07  3.08175000e-07  1.49552085e-06 
 3.08225000e-07  1.08910765e-08  3.08225000e-07 -1.44679343e-06 
 3.08275000e-07  1.09576191e-07  3.08275000e-07  1.43082244e-06 
 3.08325000e-07  1.12414180e-08  3.08325000e-07 -1.38353994e-06 
 3.08375000e-07  1.09226936e-07  3.08375000e-07  1.36898005e-06 
 3.08425000e-07  1.15898670e-08  3.08425000e-07 -1.32307555e-06 
 3.08475000e-07  1.08879083e-07  3.08475000e-07  1.30986151e-06 
 3.08525000e-07  1.19373208e-08  3.08525000e-07 -1.26527157e-06 
 3.08575000e-07  1.08531814e-07  3.08575000e-07  1.25334165e-06 
 3.08625000e-07  1.22845833e-08  3.08625000e-07 -1.21000603e-06 
 3.08675000e-07  1.08184379e-07  3.08675000e-07  1.19930152e-06 
 3.08725000e-07  1.26323737e-08  3.08725000e-07 -1.15716311e-06 
 3.08775000e-07  1.07836087e-07  3.08775000e-07  1.14762830e-06 
 3.08825000e-07  1.29812593e-08  3.08825000e-07 -1.10663277e-06 
 3.08875000e-07  1.07486491e-07  3.08875000e-07  1.09821471e-06 
 3.08925000e-07  1.33316997e-08  3.08925000e-07 -1.05831037e-06 
 3.08975000e-07  1.07135079e-07  3.08975000e-07  1.05095876e-06 
 3.09025000e-07  1.36841497e-08  3.09025000e-07 -1.01209660e-06 
 3.09075000e-07  1.06781541e-07  3.09075000e-07  1.00576348e-06 
 3.09125000e-07  1.40388829e-08  3.09125000e-07 -9.67896711e-07 
 3.09175000e-07  1.06425562e-07  3.09175000e-07  9.62536516e-07 
 3.09225000e-07  1.43961113e-08  3.09225000e-07 -9.25620679e-07 
 3.09275000e-07  1.06067018e-07  3.09275000e-07  9.21189987e-07 
 3.09325000e-07  1.47560156e-08  3.09325000e-07 -8.85182708e-07 
 3.09375000e-07  1.05705727e-07  3.09375000e-07  8.81640161e-07 
 3.09425000e-07  1.51187089e-08  3.09425000e-07 -8.46501023e-07 
 3.09475000e-07  1.05341621e-07  3.09475000e-07  8.43807198e-07 
 3.09525000e-07  1.54842334e-08  3.09525000e-07 -8.09497792e-07 
 3.09575000e-07  1.04974668e-07  3.09575000e-07  8.07615114e-07 
 3.09625000e-07  1.58525977e-08  3.09625000e-07 -7.74098651e-07 
 3.09675000e-07  1.04604893e-07  3.09675000e-07  7.72991272e-07 
 3.09725000e-07  1.62237898e-08  3.09725000e-07 -7.40232803e-07 
 3.09775000e-07  1.04232293e-07  3.09775000e-07  7.39866521e-07 
 3.09825000e-07  1.65977697e-08  3.09825000e-07 -7.07832665e-07 
 3.09875000e-07  1.03856975e-07  3.09875000e-07  7.08174887e-07 
 3.09925000e-07  1.69743897e-08  3.09925000e-07 -6.76833754e-07 
 3.09962500e-07  1.03415817e-07  3.09962500e-07  6.72928037e-07 
 3.10000000e-07  1.74805442e-08  3.10000000e-07 -6.37574288e-07 
 3.10005000e-07 -1.12917604e-05  3.10005000e-07 -9.35971419e-05 
 3.10015000e-07  8.06758146e-06  3.10015000e-07  9.35816355e-06 
 3.10035000e-07  3.52231493e-06  3.10035000e-07  2.50079699e-05 
 3.10075000e-07 -5.39906230e-06  3.10075000e-07  2.31434041e-05 
 3.10125000e-07  3.32559735e-05  3.10125000e-07  2.18185673e-04 
 3.10162500e-07  1.42223865e-05  3.10162500e-07  2.37757504e-04 
 3.10200000e-07 -4.60392695e-04  3.10200000e-07 -2.41854424e-04 
 3.10205000e-07 -4.52109279e-04  3.10205000e-07 -5.25795327e-04 
 3.10215000e-07  6.11448326e-05  3.10215000e-07 -1.10913102e-03 
 3.10235000e-07  7.79516198e-04  3.10235000e-07 -1.79419758e-03 
 3.10273306e-07 -4.68939964e-04  3.10273306e-07 -4.25181180e-04 
 3.10315719e-07  2.13300484e-04  3.10315719e-07  2.45566566e-03 
 3.10360151e-07 -7.13387223e-05  3.10360151e-07 -4.75991489e-04 
 3.10410151e-07  4.80131795e-06  3.10410151e-07  1.08561519e-04 
 3.10460151e-07  3.84764509e-05  3.10460151e-07 -3.20019739e-04 
 3.10510151e-07 -7.04349864e-05  3.10510151e-07  1.04396590e-04 
 3.10560151e-07  9.21096246e-05  3.10560151e-07 -6.65567783e-05 
 3.10610151e-07 -1.04347985e-04  3.10610151e-07  4.19706651e-05 
 3.10660151e-07  1.09622800e-04  3.10660151e-07 -1.76643079e-05 
 3.10710151e-07 -1.09729944e-04  3.10710151e-07 -1.79779738e-05 
 3.10760151e-07  1.06691777e-04  3.10760151e-07  3.66086083e-05 
 3.10810151e-07 -1.01320093e-04  3.10810151e-07 -5.61762314e-05 
 3.10860151e-07  9.49281066e-05  3.10860151e-07  7.07899964e-05 
 3.10910151e-07 -8.76493634e-05  3.10910151e-07 -8.28119774e-05 
 3.10960151e-07  8.03811335e-05  3.10960151e-07  9.27530282e-05 
 3.11010151e-07 -7.29091758e-05  3.11010151e-07 -1.00537798e-04 
 3.11060151e-07  6.59136234e-05  3.11060151e-07  1.06990233e-04 
 3.11110151e-07 -5.90121143e-05  3.11110151e-07 -1.11975370e-04 
 3.11160151e-07  5.27721734e-05  3.11160151e-07  1.16007562e-04 
 3.11210151e-07 -4.67321339e-05  3.11210151e-07 -1.19052153e-04 
 3.11260151e-07  4.14010903e-05  3.11260151e-07  1.21413773e-04 
 3.11310151e-07 -3.62816553e-05  3.11310151e-07 -1.23098645e-04 
 3.11360151e-07  3.18532853e-05  3.11360151e-07  1.24301226e-04 
 3.11410151e-07 -2.76043303e-05  3.11410151e-07 -1.25031551e-04 
 3.11460151e-07  2.40002123e-05  3.11460151e-07  1.25426647e-04 
 3.11510151e-07 -2.05254863e-05  3.11510151e-07 -1.25487213e-04 
 3.11560151e-07  1.76400235e-05  3.11560151e-07  1.25318778e-04 
 3.11610151e-07 -1.48295071e-05  3.11610151e-07 -1.24910206e-04 
 3.11660151e-07  1.25527891e-05  3.11660151e-07  1.24348699e-04 
 3.11710151e-07 -1.02987877e-05  3.11710151e-07 -1.23612446e-04 
 3.11760151e-07  8.52764141e-06  3.11760151e-07  1.22777469e-04 
 3.11810151e-07 -6.73219075e-06  3.11810151e-07 -1.21813312e-04 
 3.11860151e-07  5.37491098e-06  3.11860151e-07  1.20788978e-04 
 3.11910151e-07 -3.95255724e-06  3.11910151e-07 -1.19667300e-04 
 3.11960151e-07  2.93029458e-06  3.11960151e-07  1.18512837e-04 
 3.12010151e-07 -1.80846700e-06  3.12010151e-07 -1.17283285e-04 
 3.12060151e-07  1.05490844e-06  3.12060151e-07  1.16040425e-04 
 3.12110151e-07 -1.73104954e-07  3.12110151e-07 -1.14738030e-04 
 3.12160151e-07 -3.66648253e-07  3.12160151e-07  1.13436200e-04 
 3.12210151e-07  1.05819110e-06  3.12210151e-07 -1.12085694e-04 
 3.12260151e-07 -1.42900948e-06  3.12260151e-07  1.10748779e-04 
 3.12310151e-07  1.97091160e-06  3.12310151e-07 -1.09358749e-04 
 3.12360151e-07 -2.20913059e-06  3.12360151e-07  1.08003037e-04 
 3.12410151e-07  2.63405454e-06  3.12410151e-07 -1.06596540e-04 
 3.12460151e-07 -2.76904929e-06  3.12460151e-07  1.05226889e-04 
 3.12510151e-07  3.10315550e-06  3.12510151e-07 -1.03811745e-04 
 3.12560151e-07 -3.15833466e-06  3.12560151e-07  1.02435876e-04 
 3.12610151e-07  3.42248894e-06  3.12610151e-07 -1.01018374e-04 
 3.12660151e-07 -3.41646412e-06  3.12660151e-07  9.96417481e-05 
 3.12710151e-07  3.62710672e-06  3.12710151e-07 -9.82288152e-05 
 3.12760151e-07 -3.57467724e-06  3.12760151e-07  9.68526942e-05 
 3.12810151e-07  3.74500798e-06  3.12810151e-07 -9.54433112e-05 
 3.12860151e-07 -3.65752478e-06  3.12860151e-07  9.40763164e-05 
 3.12910151e-07  3.79772548e-06  3.12910151e-07 -9.26750561e-05 
 3.12960151e-07 -3.68434195e-06  3.12960151e-07  9.13167004e-05 
 3.13010151e-07  3.80234623e-06  3.13010151e-07 -8.99257252e-05 
 3.13060151e-07 -3.67006202e-06  3.13060151e-07  8.85778333e-05 
 3.13110151e-07  3.77203535e-06  3.13110151e-07 -8.71987234e-05 
 3.13160151e-07 -3.62626967e-06  3.13160151e-07  8.58628071e-05 
 3.13210151e-07  3.71696399e-06  3.13210151e-07 -8.44968868e-05 
 3.13260151e-07 -3.56187542e-06  3.13260151e-07  8.31742114e-05 
 3.13310151e-07  3.64492288e-06  3.13310151e-07 -8.18225991e-05 
 3.13360151e-07 -3.48367609e-06  3.13360151e-07  8.05142478e-05 
 3.13410151e-07  3.56182870e-06  3.13410151e-07 -7.91779083e-05 
 3.13460151e-07 -3.39680939e-06  3.13460151e-07  7.78848271e-05 
 3.13510151e-07  3.47213075e-06  3.13510151e-07 -7.65646076e-05 
 3.13560151e-07 -3.30511665e-06  3.13560151e-07  7.52876347e-05 
 3.13610151e-07  3.37913446e-06  3.13610151e-07 -7.39842883e-05 
 3.13660151e-07 -3.21143144e-06  3.13660151e-07  7.27241734e-05 
 3.13710151e-07  3.28525835e-06  3.13710151e-07 -7.14383744e-05 
 3.13760151e-07 -3.11780776e-06  3.13760151e-07  7.01957907e-05 
 3.13810151e-07  3.19223686e-06  3.13810151e-07 -6.89281446e-05 
 3.13860151e-07 -3.02570026e-06  3.13860151e-07  6.77036973e-05 
 3.13910151e-07  3.10128004e-06  3.13910151e-07 -6.64547469e-05 
 3.13960151e-07 -2.93610588e-06  3.13960151e-07  6.52489783e-05 
 3.14010151e-07  3.01319934e-06  3.14010151e-07 -6.40192079e-05 
 3.14060151e-07 -2.84967494e-06  3.14060151e-07  6.28326013e-05 
 3.14110151e-07  2.92850555e-06  3.14110151e-07 -6.16224399e-05 
 3.14160151e-07 -2.76679791e-06  3.14160151e-07  6.04554223e-05 
 3.14210151e-07  2.84748543e-06  3.14210151e-07 -5.92652460e-05 
 3.14260151e-07 -2.68767270e-06  3.14260151e-07  5.81181904e-05 
 3.14310151e-07  2.77026104e-06  3.14310151e-07 -5.69483247e-05 
 3.14360151e-07 -2.61235685e-06  3.14360151e-07  5.58215525e-05 
 3.14410151e-07  2.69683535e-06  3.14410151e-07 -5.46722736e-05 
 3.14460151e-07 -2.54080770e-06  3.14460151e-07  5.35660566e-05 
 3.14510151e-07  2.62712757e-06  3.14510151e-07 -5.24375939e-05 
 3.14560151e-07 -2.47291301e-06  3.14560151e-07  5.13521562e-05 
 3.14610151e-07  2.56099983e-06  3.14610151e-07 -5.02446944e-05 
 3.14660151e-07 -2.40851428e-06  3.14660151e-07  4.91802148e-05 
 3.14710151e-07  2.49827730e-06  3.14710151e-07 -4.80938958e-05 
 3.14760151e-07 -2.34742425e-06  3.14760151e-07  4.70505103e-05 
 3.14810151e-07  2.43876344e-06  3.14810151e-07 -4.59854353e-05 
 3.14860151e-07 -2.28943989e-06  3.14860151e-07  4.49632389e-05 
 3.14910151e-07  2.38225110e-06  3.14910151e-07 -4.39194711e-05 
 3.14960151e-07 -2.23435196e-06  3.14960151e-07  4.29185204e-05 
 3.15010151e-07  2.32853063e-06  3.15010151e-07 -4.18960867e-05 
 3.15060151e-07 -2.18195189e-06  3.15060151e-07  4.09164026e-05 
 3.15110151e-07  2.27739567e-06  3.15110151e-07 -3.99152962e-05 
 3.15160151e-07 -2.13203653e-06  3.15160151e-07  3.89568659e-05 
 3.15210151e-07  2.22864710e-06  3.15210151e-07 -3.79770486e-05 
 3.15260151e-07 -2.08441146e-06  3.15260151e-07  3.70398280e-05 
 3.15310151e-07  2.18209567e-06  3.15310151e-07 -3.60812323e-05 
 3.15360151e-07 -2.03889304e-06  3.15360151e-07  3.51651483e-05 
 3.15410151e-07  2.13756362e-06  3.15410151e-07 -3.42276800e-05 
 3.15460151e-07 -1.99530958e-06  3.15460151e-07  3.33326327e-05 
 3.15510151e-07  2.09488547e-06  3.15510151e-07 -3.24161724e-05 
 3.15560151e-07 -1.95350197e-06  3.15560151e-07  3.15420375e-05 
 3.15610151e-07  2.05390844e-06  3.15610151e-07 -3.06464429e-05 
 3.15660151e-07 -1.91332367e-06  3.15660151e-07  2.97930735e-05 
 3.15710151e-07  2.01449221e-06  3.15710151e-07 -2.89181816e-05 
 3.15760151e-07 -1.87464056e-06  3.15760151e-07  2.80854100e-05 
 3.15810151e-07  1.97650866e-06  3.15810151e-07 -2.72310387e-05 
 3.15860151e-07 -1.83733037e-06  3.15860151e-07  2.64186789e-05 
 3.15910151e-07  1.93984125e-06  3.15910151e-07 -2.55846288e-05 
 3.15960151e-07 -1.80128211e-06  3.15960151e-07  2.47924776e-05 
 3.16010151e-07  1.90438437e-06  3.16010151e-07 -2.39785337e-05 
 3.16060151e-07 -1.76639541e-06  3.16060151e-07  2.32063728e-05 
 3.16110151e-07  1.87004260e-06  3.16110151e-07 -2.24123061e-05 
 3.16160151e-07 -1.73257963e-06  3.16160151e-07  2.16599034e-05 
 3.16210151e-07  1.83672997e-06  3.16210151e-07 -2.08854725e-05 
 3.16260151e-07 -1.69975323e-06  3.16260151e-07  2.01525837e-05 
 3.16310151e-07  1.80436914e-06  3.16310151e-07 -1.93975360e-05 
 3.16360151e-07 -1.66784293e-06  3.16360151e-07  1.86839059e-05 
 3.16410151e-07  1.77289070e-06  3.16410151e-07 -1.79479789e-05 
 3.16460151e-07 -1.63678302e-06  3.16460151e-07  1.72533430e-05 
 3.16510151e-07  1.74223243e-06  3.16510151e-07 -1.65362656e-05 
 3.16560151e-07 -1.60651458e-06  3.16560151e-07  1.58603508e-05 
 3.16610151e-07  1.71233859e-06  3.16610151e-07 -1.51618444e-05 
 3.16660151e-07 -1.57698491e-06  3.16660151e-07  1.45043706e-05 
 3.16710151e-07  1.68315932e-06  3.16710151e-07 -1.38241502e-05 
 3.16760151e-07 -1.54814687e-06  3.16760151e-07  1.31848308e-05 
 3.16810151e-07  1.65465010e-06  3.16810151e-07 -1.25226059e-05 
 3.16860151e-07 -1.51995835e-06  3.16860151e-07  1.19011493e-05 
 3.16910151e-07  1.62677105e-06  3.16910151e-07 -1.12566248e-05 
 3.16960151e-07 -1.49238171e-06  3.16960151e-07  1.06527349e-05 
 3.17010151e-07  1.59948665e-06  3.17010151e-07 -1.00256120e-05 
 3.17060151e-07 -1.46538331e-06  3.17060151e-07  9.43898921e-06 
 3.17110151e-07  1.57276506e-06  3.17110151e-07 -8.82896602e-06 
 3.17160151e-07 -1.43893308e-06  3.17160151e-07  8.25930805e-06 
 3.17210151e-07  1.54657783e-06  3.17210151e-07 -7.66608050e-06 
 3.17260151e-07 -1.41300409e-06  3.17260151e-07  7.11308288e-06 
 3.17310151e-07  1.52089958e-06  3.17310151e-07 -6.53634531e-06 
 3.17360151e-07 -1.38757240e-06  3.17360151e-07  5.99970219e-06 
 3.17410151e-07  1.49570752e-06  3.17410151e-07 -5.43914782e-06 
 3.17460151e-07 -1.36261637e-06  3.17460151e-07  4.91855240e-06 
 3.17510151e-07  1.47098129e-06  3.17510151e-07 -4.37387412e-06 
 3.17560151e-07 -1.33811677e-06  3.17560151e-07  3.86901941e-06 
 3.17610151e-07  1.44670259e-06  3.17610151e-07 -3.33991009e-06 
 3.17660151e-07 -1.31405622e-06  3.17660151e-07  2.85048918e-06 
 3.17710151e-07  1.42285497e-06  3.17710151e-07 -2.33664220e-06 
 3.17760151e-07 -1.29041913e-06  3.17760151e-07  1.86234891e-06 
 3.17810151e-07  1.39942363e-06  3.17810151e-07 -1.36345860e-06 
 3.17860151e-07 -1.26719148e-06  3.17860151e-07  9.03987764e-07 
 3.17910151e-07  1.37639525e-06  3.17910151e-07 -4.19749754e-07 
 3.17960151e-07 -1.24436055e-06  3.17960151e-07 -2.52023635e-08 
 3.18010151e-07  1.35375772e-06  3.18010151e-07  4.95090762e-07 
 3.18060151e-07 -1.22191487e-06  3.18060151e-07 -9.25826091e-07 
 3.18110151e-07  1.33150014e-06  3.18110151e-07  1.38166554e-06 
 3.18160151e-07 -1.19984400e-06  3.18160151e-07 -1.79848396e-06 
 3.18210151e-07  1.30961250e-06  3.18210151e-07  2.24057289e-06 
 3.18260151e-07 -1.17813840e-06  3.18260151e-07 -2.64377188e-06 
 3.18310151e-07  1.28808574e-06  3.18310151e-07  3.07240610e-06 
 3.18360151e-07 -1.15678943e-06  3.18360151e-07 -3.46228046e-06 
 3.18410151e-07  1.26691154e-06  3.18410151e-07  3.87775308e-06 
 3.18460151e-07 -1.13578910e-06  3.18460151e-07 -4.25459484e-06 
 3.18510151e-07  1.24608226e-06  3.18510151e-07  4.65719588e-06 
 3.18560151e-07 -1.11513007e-06  3.18560151e-07 -5.02129393e-06 
 3.18610151e-07  1.22559083e-06  3.18610151e-07  5.41131026e-06 
 3.18660151e-07 -1.09480553e-06  3.18660151e-07 -5.76295027e-06 
 3.18710151e-07  1.20543070e-06  3.18710151e-07  6.14066541e-06 
 3.18760151e-07 -1.07480917e-06  3.18760151e-07 -6.48012956e-06 
 3.18810151e-07  1.18559577e-06  3.18810151e-07  6.84582348e-06 
 3.18860151e-07 -1.05513511e-06  3.18860151e-07 -7.17339049e-06 
 3.18910151e-07  1.16608037e-06  3.18910151e-07  7.52733953e-06 
 3.18960151e-07 -1.03577784e-06  3.18960151e-07 -7.84328432e-06 
 3.19010151e-07  1.14687912e-06  3.19010151e-07  8.18576105e-06 
 3.19060151e-07 -1.01673216e-06  3.19060151e-07 -8.49035477e-06 
 3.19110151e-07  1.12798700e-06  3.19110151e-07  8.82162786e-06 
 3.19160151e-07 -9.97993186e-07  3.19160151e-07 -9.11513780e-06 
 3.19210151e-07  1.10939924e-06  3.19210151e-07  9.43547199e-06 
 3.19260151e-07 -9.79556203e-07  3.19260151e-07 -9.71816132e-06 
 3.19310151e-07  1.09111125e-06  3.19310151e-07  1.00278173e-05 
 3.19360151e-07 -9.61416830e-07  3.19360151e-07 -1.02999453e-05 
 3.19410151e-07  1.07311869e-06  3.19410151e-07  1.05991797e-05 
 3.19460151e-07 -9.43570721e-07  3.19460151e-07 -1.08610013e-05 
 3.19510151e-07  1.05541737e-06  3.19510151e-07  1.11500665e-05 
 3.19560151e-07 -9.26013853e-07  3.19560151e-07 -1.14018326e-05 
 3.19610151e-07  1.03800330e-06  3.19610151e-07  1.16809770e-05 
 3.19660151e-07 -9.08742218e-07  3.19660151e-07 -1.19229343e-05 
 3.19710151e-07  1.02087253e-06  3.19710151e-07  1.21924018e-05 
 3.19760151e-07 -8.91751990e-07  3.19760151e-07 -1.24247927e-05 
 3.19810151e-07  1.00402133e-06  3.19810151e-07  1.26848231e-05 
 3.19860151e-07 -8.75039478e-07  3.19860151e-07 -1.29078858e-05 
 3.19910151e-07  9.87446000e-07  3.19910151e-07  1.31587146e-05 
 3.19955075e-07 -8.57680534e-07  3.19955075e-07 -1.33984042e-05 
 3.20000000e-07  9.69318075e-07  3.20000000e-07  1.36649275e-05 
 3.20005000e-07  2.08609579e-05  3.20005000e-07  2.61813306e-04 
 3.20015000e-07 -4.46432191e-06  3.20015000e-07  4.50435989e-05 
 3.20035000e-07 -1.36912981e-05  3.20035000e-07 -7.75942569e-05 
 3.20075000e-07  1.02981097e-05  3.20075000e-07 -1.10354297e-04 
 3.20125000e-07 -5.64910604e-05  3.20125000e-07 -2.05714189e-04 
 3.20162500e-07 -1.49088717e-05  3.20162500e-07 -5.87976778e-04 
 3.20200000e-07  2.56873313e-03  3.20200000e-07  7.93143925e-04 
 3.20205000e-07  1.74645337e-03  3.20205000e-07  1.48921291e-03 
 3.20215000e-07 -3.89739276e-03  3.20215000e-07  3.06344248e-03 
 3.20235000e-07 -1.74045796e-02  3.20235000e-07  5.48530698e-03 
 3.20275000e-07  6.01497924e-02  3.20275000e-07  3.09414144e-03 
 3.20325000e-07  1.03895508e+00  3.20325000e-07 -2.88593109e-02 
 3.20375000e-07  1.25471515e+00  3.20375000e-07 -5.29550174e-02 
 3.20425000e-07  1.15391996e+00  3.20425000e-07  7.28142654e-02 
 3.20475000e-07  1.23638515e+00  3.20475000e-07  1.09684960e+00 
 3.20525000e-07  1.16974801e+00  3.20525000e-07  2.83397678e+00 
 3.20575000e-07  1.22420968e+00  3.20575000e-07  3.24877125e+00 
 3.20625000e-07  1.17998321e+00  3.20625000e-07  3.24187765e+00 
 3.20675000e-07  1.21615216e+00  3.20675000e-07  3.28681332e+00 
 3.20725000e-07  1.18668667e+00  3.20725000e-07  3.28289617e+00 
 3.20775000e-07  1.21080549e+00  3.20775000e-07  3.29575536e+00 
 3.20825000e-07  1.19110600e+00  3.20825000e-07  3.29489669e+00 
 3.20875000e-07  1.20725055e+00  3.20875000e-07  3.29862413e+00 
 3.20925000e-07  1.19403306e+00  3.20925000e-07  3.29858432e+00 
 3.20975000e-07  1.20488214e+00  3.20975000e-07  3.29939719e+00 
 3.21025000e-07  1.19597911e+00  3.21025000e-07  3.29979619e+00 
 3.21075000e-07  1.20330082e+00  3.21075000e-07  3.29955175e+00 
 3.21125000e-07  1.19727729e+00  3.21125000e-07  3.30023113e+00 
 3.21175000e-07  1.20224249e+00  3.21175000e-07  3.29954689e+00 
 3.21225000e-07  1.19814974e+00  3.21225000e-07  3.30040428e+00 
 3.21275000e-07  1.20153547e+00  3.21275000e-07  3.29951750e+00 
 3.21325000e-07  1.19873096e+00  3.21325000e-07  3.30047669e+00 
 3.21375000e-07  1.20105569e+00  3.21375000e-07  3.29949591e+00 
 3.21425000e-07  1.19912309e+00  3.21425000e-07  3.30050453e+00 
 3.21475000e-07  1.20073201e+00  3.21475000e-07  3.29948873e+00 
 3.21525000e-07  1.19938866e+00  3.21525000e-07  3.30050910e+00 
 3.21575000e-07  1.20051263e+00  3.21575000e-07  3.29949390e+00 
 3.21625000e-07  1.19956930e+00  3.21625000e-07  3.30050014e+00 
 3.21675000e-07  1.20036316e+00  3.21675000e-07  3.29950802e+00 
 3.21725000e-07  1.19969282e+00  3.21725000e-07  3.30048294e+00 
 3.21775000e-07  1.20026070e+00  3.21775000e-07  3.29952812e+00 
 3.21825000e-07  1.19977782e+00  3.21825000e-07  3.30046077e+00 
 3.21875000e-07  1.20018996e+00  3.21875000e-07  3.29955186e+00 
 3.21925000e-07  1.19983676e+00  3.21925000e-07  3.30043579e+00 
 3.21962500e-07  1.20013402e+00  3.21962500e-07  3.29958198e+00 
 3.22000000e-07  1.19988892e+00  3.22000000e-07  3.30040066e+00 
 3.22005000e-07  1.19997295e+00  3.22005000e-07  3.30003295e+00 
 3.22015000e-07  1.20001148e+00  3.22015000e-07  3.29996987e+00 
 3.22035000e-07  1.19999187e+00  3.22035000e-07  3.30002779e+00 
 3.22075000e-07  1.20000685e+00  3.22075000e-07  3.29997350e+00 
 3.22125000e-07  1.19999383e+00  3.22125000e-07  3.30002553e+00 
 3.22162500e-07  1.20000520e+00  3.22162500e-07  3.29997571e+00 
 3.22200000e-07  1.19999544e+00  3.22200000e-07  3.30002318e+00 
 3.22205000e-07  1.19999888e+00  3.22205000e-07  3.30000113e+00 
 3.22215000e-07  1.20000065e+00  3.22215000e-07  3.29999926e+00 
 3.22235000e-07  1.19999947e+00  3.22235000e-07  3.30000138e+00 
 3.22275000e-07  1.20000028e+00  3.22275000e-07  3.29999840e+00 
 3.22325000e-07  1.19999974e+00  3.22325000e-07  3.30000148e+00 
 3.22375000e-07  1.20000007e+00  3.22375000e-07  3.29999862e+00 
 3.22425000e-07  1.19999989e+00  3.22425000e-07  3.30000134e+00 
 3.22475000e-07  1.19999997e+00  3.22475000e-07  3.29999867e+00 
 3.22525000e-07  1.19999995e+00  3.22525000e-07  3.30000129e+00 
 3.22575000e-07  1.19999994e+00  3.22575000e-07  3.29999871e+00 
 3.22625000e-07  1.19999996e+00  3.22625000e-07  3.30000125e+00 
 3.22675000e-07  1.19999995e+00  3.22675000e-07  3.29999876e+00 
 3.22725000e-07  1.19999994e+00  3.22725000e-07  3.30000119e+00 
 3.22775000e-07  1.19999997e+00  3.22775000e-07  3.29999882e+00 
 3.22825000e-07  1.19999993e+00  3.22825000e-07  3.30000114e+00 
 3.22875000e-07  1.19999999e+00  3.22875000e-07  3.29999888e+00 
 3.22925000e-07  1.19999991e+00  3.22925000e-07  3.30000108e+00 
 3.22975000e-07  1.20000000e+00  3.22975000e-07  3.29999894e+00 
 3.23025000e-07  1.19999990e+00  3.23025000e-07  3.30000101e+00 
 3.23075000e-07  1.20000001e+00  3.23075000e-07  3.29999900e+00 
 3.23125000e-07  1.19999990e+00  3.23125000e-07  3.30000095e+00 
 3.23175000e-07  1.20000001e+00  3.23175000e-07  3.29999906e+00 
 3.23225000e-07  1.19999989e+00  3.23225000e-07  3.30000089e+00 
 3.23275000e-07  1.20000001e+00  3.23275000e-07  3.29999912e+00 
 3.23325000e-07  1.19999990e+00  3.23325000e-07  3.30000084e+00 
 3.23375000e-07  1.20000001e+00  3.23375000e-07  3.29999918e+00 
 3.23425000e-07  1.19999990e+00  3.23425000e-07  3.30000078e+00 
 3.23475000e-07  1.20000000e+00  3.23475000e-07  3.29999923e+00 
 3.23525000e-07  1.19999990e+00  3.23525000e-07  3.30000073e+00 
 3.23575000e-07  1.20000000e+00  3.23575000e-07  3.29999928e+00 
 3.23625000e-07  1.19999991e+00  3.23625000e-07  3.30000068e+00 
 3.23675000e-07  1.19999999e+00  3.23675000e-07  3.29999933e+00 
 3.23725000e-07  1.19999991e+00  3.23725000e-07  3.30000064e+00 
 3.23775000e-07  1.19999999e+00  3.23775000e-07  3.29999937e+00 
 3.23825000e-07  1.19999992e+00  3.23825000e-07  3.30000059e+00 
 3.23875000e-07  1.19999998e+00  3.23875000e-07  3.29999941e+00 
 3.23925000e-07  1.19999992e+00  3.23925000e-07  3.30000055e+00 
 3.23975000e-07  1.19999998e+00  3.23975000e-07  3.29999945e+00 
 3.24025000e-07  1.19999992e+00  3.24025000e-07  3.30000052e+00 
 3.24075000e-07  1.19999998e+00  3.24075000e-07  3.29999949e+00 
 3.24125000e-07  1.19999993e+00  3.24125000e-07  3.30000048e+00 
 3.24175000e-07  1.19999997e+00  3.24175000e-07  3.29999952e+00 
 3.24225000e-07  1.19999993e+00  3.24225000e-07  3.30000045e+00 
 3.24275000e-07  1.19999997e+00  3.24275000e-07  3.29999955e+00 
 3.24325000e-07  1.19999993e+00  3.24325000e-07  3.30000042e+00 
 3.24375000e-07  1.19999997e+00  3.24375000e-07  3.29999958e+00 
 3.24425000e-07  1.19999994e+00  3.24425000e-07  3.30000039e+00 
 3.24475000e-07  1.19999997e+00  3.24475000e-07  3.29999961e+00 
 3.24525000e-07  1.19999994e+00  3.24525000e-07  3.30000036e+00 
 3.24575000e-07  1.19999997e+00  3.24575000e-07  3.29999964e+00 
 3.24625000e-07  1.19999994e+00  3.24625000e-07  3.30000034e+00 
 3.24675000e-07  1.19999996e+00  3.24675000e-07  3.29999966e+00 
 3.24725000e-07  1.19999994e+00  3.24725000e-07  3.30000032e+00 
 3.24775000e-07  1.19999996e+00  3.24775000e-07  3.29999968e+00 
 3.24825000e-07  1.19999994e+00  3.24825000e-07  3.30000029e+00 
 3.24875000e-07  1.19999996e+00  3.24875000e-07  3.29999970e+00 
 3.24925000e-07  1.19999994e+00  3.24925000e-07  3.30000027e+00 
 3.24975000e-07  1.19999996e+00  3.24975000e-07  3.29999972e+00 
 3.25025000e-07  1.19999994e+00  3.25025000e-07  3.30000026e+00 
 3.25075000e-07  1.19999996e+00  3.25075000e-07  3.29999974e+00 
 3.25125000e-07  1.19999994e+00  3.25125000e-07  3.30000024e+00 
 3.25175000e-07  1.19999996e+00  3.25175000e-07  3.29999976e+00 
 3.25225000e-07  1.19999995e+00  3.25225000e-07  3.30000022e+00 
 3.25275000e-07  1.19999996e+00  3.25275000e-07  3.29999977e+00 
 3.25325000e-07  1.19999995e+00  3.25325000e-07  3.30000021e+00 
 3.25375000e-07  1.19999996e+00  3.25375000e-07  3.29999979e+00 
 3.25425000e-07  1.19999995e+00  3.25425000e-07  3.30000019e+00 
 3.25475000e-07  1.19999996e+00  3.25475000e-07  3.29999980e+00 
 3.25525000e-07  1.19999995e+00  3.25525000e-07  3.30000018e+00 
 3.25575000e-07  1.19999996e+00  3.25575000e-07  3.29999981e+00 
 3.25625000e-07  1.19999995e+00  3.25625000e-07  3.30000017e+00 
 3.25675000e-07  1.19999996e+00  3.25675000e-07  3.29999983e+00 
 3.25725000e-07  1.19999995e+00  3.25725000e-07  3.30000016e+00 
 3.25775000e-07  1.19999996e+00  3.25775000e-07  3.29999984e+00 
 3.25825000e-07  1.19999995e+00  3.25825000e-07  3.30000015e+00 
 3.25875000e-07  1.19999996e+00  3.25875000e-07  3.29999985e+00 
 3.25925000e-07  1.19999995e+00  3.25925000e-07  3.30000013e+00 
 3.25975000e-07  1.19999996e+00  3.25975000e-07  3.29999986e+00 
 3.26025000e-07  1.19999995e+00  3.26025000e-07  3.30000013e+00 
 3.26075000e-07  1.19999995e+00  3.26075000e-07  3.29999987e+00 
 3.26125000e-07  1.19999995e+00  3.26125000e-07  3.30000012e+00 
 3.26175000e-07  1.19999995e+00  3.26175000e-07  3.29999987e+00 
 3.26225000e-07  1.19999995e+00  3.26225000e-07  3.30000011e+00 
 3.26275000e-07  1.19999995e+00  3.26275000e-07  3.29999988e+00 
 3.26325000e-07  1.19999995e+00  3.26325000e-07  3.30000010e+00 
 3.26375000e-07  1.19999995e+00  3.26375000e-07  3.29999989e+00 
 3.26425000e-07  1.19999995e+00  3.26425000e-07  3.30000009e+00 
 3.26475000e-07  1.19999995e+00  3.26475000e-07  3.29999990e+00 
 3.26525000e-07  1.19999995e+00  3.26525000e-07  3.30000009e+00 
 3.26575000e-07  1.19999995e+00  3.26575000e-07  3.29999990e+00 
 3.26625000e-07  1.19999995e+00  3.26625000e-07  3.30000008e+00 
 3.26675000e-07  1.19999995e+00  3.26675000e-07  3.29999991e+00 
 3.26725000e-07  1.19999995e+00  3.26725000e-07  3.30000007e+00 
 3.26775000e-07  1.19999995e+00  3.26775000e-07  3.29999992e+00 
 3.26825000e-07  1.19999995e+00  3.26825000e-07  3.30000007e+00 
 3.26875000e-07  1.19999995e+00  3.26875000e-07  3.29999992e+00 
 3.26925000e-07  1.19999995e+00  3.26925000e-07  3.30000006e+00 
 3.26975000e-07  1.19999995e+00  3.26975000e-07  3.29999993e+00 
 3.27025000e-07  1.19999995e+00  3.27025000e-07  3.30000006e+00 
 3.27075000e-07  1.19999995e+00  3.27075000e-07  3.29999993e+00 
 3.27125000e-07  1.19999995e+00  3.27125000e-07  3.30000005e+00 
 3.27175000e-07  1.19999995e+00  3.27175000e-07  3.29999994e+00 
 3.27225000e-07  1.19999995e+00  3.27225000e-07  3.30000005e+00 
 3.27275000e-07  1.19999995e+00  3.27275000e-07  3.29999994e+00 
 3.27325000e-07  1.19999995e+00  3.27325000e-07  3.30000004e+00 
 3.27375000e-07  1.19999995e+00  3.27375000e-07  3.29999995e+00 
 3.27425000e-07  1.19999995e+00  3.27425000e-07  3.30000004e+00 
 3.27475000e-07  1.19999995e+00  3.27475000e-07  3.29999995e+00 
 3.27525000e-07  1.19999995e+00  3.27525000e-07  3.30000004e+00 
 3.27575000e-07  1.19999995e+00  3.27575000e-07  3.29999995e+00 
 3.27625000e-07  1.19999995e+00  3.27625000e-07  3.30000003e+00 
 3.27675000e-07  1.19999995e+00  3.27675000e-07  3.29999996e+00 
 3.27725000e-07  1.19999995e+00  3.27725000e-07  3.30000003e+00 
 3.27775000e-07  1.19999995e+00  3.27775000e-07  3.29999996e+00 
 3.27825000e-07  1.19999995e+00  3.27825000e-07  3.30000003e+00 
 3.27875000e-07  1.19999995e+00  3.27875000e-07  3.29999996e+00 
 3.27925000e-07  1.19999995e+00  3.27925000e-07  3.30000002e+00 
 3.27975000e-07  1.19999995e+00  3.27975000e-07  3.29999997e+00 
 3.28025000e-07  1.19999995e+00  3.28025000e-07  3.30000002e+00 
 3.28075000e-07  1.19999995e+00  3.28075000e-07  3.29999997e+00 
 3.28125000e-07  1.19999995e+00  3.28125000e-07  3.30000002e+00 
 3.28175000e-07  1.19999995e+00  3.28175000e-07  3.29999997e+00 
 3.28225000e-07  1.19999995e+00  3.28225000e-07  3.30000001e+00 
 3.28275000e-07  1.19999995e+00  3.28275000e-07  3.29999997e+00 
 3.28325000e-07  1.19999995e+00  3.28325000e-07  3.30000001e+00 
 3.28375000e-07  1.19999995e+00  3.28375000e-07  3.29999998e+00 
 3.28425000e-07  1.19999995e+00  3.28425000e-07  3.30000001e+00 
 3.28475000e-07  1.19999995e+00  3.28475000e-07  3.29999998e+00 
 3.28525000e-07  1.19999995e+00  3.28525000e-07  3.30000001e+00 
 3.28575000e-07  1.19999995e+00  3.28575000e-07  3.29999998e+00 
 3.28625000e-07  1.19999995e+00  3.28625000e-07  3.30000001e+00 
 3.28675000e-07  1.19999995e+00  3.28675000e-07  3.29999998e+00 
 3.28725000e-07  1.19999995e+00  3.28725000e-07  3.30000000e+00 
 3.28775000e-07  1.19999995e+00  3.28775000e-07  3.29999998e+00 
 3.28825000e-07  1.19999995e+00  3.28825000e-07  3.30000000e+00 
 3.28875000e-07  1.19999995e+00  3.28875000e-07  3.29999998e+00 
 3.28925000e-07  1.19999995e+00  3.28925000e-07  3.30000000e+00 
 3.28975000e-07  1.19999995e+00  3.28975000e-07  3.29999999e+00 
 3.29025000e-07  1.19999995e+00  3.29025000e-07  3.30000000e+00 
 3.29075000e-07  1.19999995e+00  3.29075000e-07  3.29999999e+00 
 3.29125000e-07  1.19999995e+00  3.29125000e-07  3.30000000e+00 
 3.29175000e-07  1.19999995e+00  3.29175000e-07  3.29999999e+00 
 3.29225000e-07  1.19999995e+00  3.29225000e-07  3.30000000e+00 
 3.29275000e-07  1.19999995e+00  3.29275000e-07  3.29999999e+00 
 3.29325000e-07  1.19999995e+00  3.29325000e-07  3.30000000e+00 
 3.29375000e-07  1.19999995e+00  3.29375000e-07  3.29999999e+00 
 3.29425000e-07  1.19999995e+00  3.29425000e-07  3.29999999e+00 
 3.29475000e-07  1.19999995e+00  3.29475000e-07  3.29999999e+00 
 3.29525000e-07  1.19999995e+00  3.29525000e-07  3.29999999e+00 
 3.29575000e-07  1.19999995e+00  3.29575000e-07  3.29999999e+00 
 3.29625000e-07  1.19999995e+00  3.29625000e-07  3.29999999e+00 
 3.29675000e-07  1.19999995e+00  3.29675000e-07  3.29999999e+00 
 3.29725000e-07  1.19999995e+00  3.29725000e-07  3.29999999e+00 
 3.29775000e-07  1.19999995e+00  3.29775000e-07  3.30000000e+00 
 3.29825000e-07  1.19999995e+00  3.29825000e-07  3.29999999e+00 
 3.29875000e-07  1.19999995e+00  3.29875000e-07  3.30000000e+00 
 3.29925000e-07  1.19999995e+00  3.29925000e-07  3.29999999e+00 
 3.29962500e-07  1.19999995e+00  3.29962500e-07  3.30000000e+00 
 3.30000000e-07  1.19999995e+00  3.30000000e-07  3.29999999e+00 
 3.30005000e-07  1.19996574e+00  3.30005000e-07  3.29981797e+00 
 3.30015000e-07  1.19999519e+00  3.30015000e-07  3.29988093e+00 
 3.30035000e-07  1.20003004e+00  3.30035000e-07  3.30001836e+00 
 3.30075000e-07  1.19997908e+00  3.30075000e-07  3.30009300e+00 
 3.30125000e-07  1.20018786e+00  3.30125000e-07  3.30094389e+00 
 3.30162500e-07  1.20039056e+00  3.30162500e-07  3.30171945e+00 
 3.30200000e-07  1.19910080e+00  3.30200000e-07  3.30113573e+00 
 3.30205000e-07  1.19879157e+00  3.30205000e-07  3.30114705e+00 
 3.30215000e-07  1.19909981e+00  3.30215000e-07  3.30022505e+00 
 3.30235000e-07  1.20181157e+00  3.30235000e-07  3.29774128e+00 
 3.30275000e-07  1.19924424e+00  3.30275000e-07  3.29522703e+00 
 3.30319603e-07  1.19997773e+00  3.30319603e-07  3.30043760e+00 
 3.30366217e-07  1.20007897e+00  3.30366217e-07  3.30352402e+00 
 3.30416217e-07  1.19979143e+00  3.30416217e-07  3.29942261e+00 
 3.30466217e-07  1.20023992e+00  3.30466217e-07  3.30034104e+00 
 3.30516217e-07  1.19973909e+00  3.30516217e-07  3.29942751e+00 
 3.30566217e-07  1.20025761e+00  3.30566217e-07  3.30007232e+00 
 3.30616217e-07  1.19975149e+00  3.30616217e-07  3.29961809e+00 
 3.30666217e-07  1.20023068e+00  3.30666217e-07  3.30012273e+00 
 3.30716217e-07  1.19978799e+00  3.30716217e-07  3.29973218e+00 
 3.30766217e-07  1.20019055e+00  3.30766217e-07  3.30015713e+00 
 3.30816217e-07  1.19982943e+00  3.30816217e-07  3.29978933e+00 
 3.30866217e-07  1.20015030e+00  3.30866217e-07  3.30016359e+00 
 3.30916217e-07  1.19986762e+00  3.30916217e-07  3.29982020e+00 
 3.30966217e-07  1.20011513e+00  3.30966217e-07  3.30015759e+00 
 3.31016217e-07  1.19989971e+00  3.31016217e-07  3.29984009e+00 
 3.31066217e-07  1.20008642e+00  3.31066217e-07  3.30014751e+00 
 3.31116217e-07  1.19992527e+00  3.31116217e-07  3.29985480e+00 
 3.31166217e-07  1.20006395e+00  3.31166217e-07  3.30013687e+00 
 3.31216217e-07  1.19994497e+00  3.31216217e-07  3.29986676e+00 
 3.31266217e-07  1.20004685e+00  3.31266217e-07  3.30012685e+00 
 3.31316217e-07  1.19995980e+00  3.31316217e-07  3.29987696e+00 
 3.31366217e-07  1.20003408e+00  3.31366217e-07  3.30011775e+00 
 3.31416217e-07  1.19997078e+00  3.31416217e-07  3.29988589e+00 
 3.31466217e-07  1.20002470e+00  3.31466217e-07  3.30010954e+00 
 3.31516217e-07  1.19997881e+00  3.31516217e-07  3.29989382e+00 
 3.31566217e-07  1.20001788e+00  3.31566217e-07  3.30010216e+00 
 3.31616217e-07  1.19998461e+00  3.31616217e-07  3.29990093e+00 
 3.31666217e-07  1.20001297e+00  3.31666217e-07  3.30009548e+00 
 3.31716217e-07  1.19998877e+00  3.31716217e-07  3.29990734e+00 
 3.31766217e-07  1.20000947e+00  3.31766217e-07  3.30008943e+00 
 3.31816217e-07  1.19999173e+00  3.31816217e-07  3.29991316e+00 
 3.31866217e-07  1.20000699e+00  3.31866217e-07  3.30008392e+00 
 3.31916217e-07  1.19999381e+00  3.31916217e-07  3.29991846e+00 
 3.31966217e-07  1.20000525e+00  3.31966217e-07  3.30007888e+00 
 3.32016217e-07  1.19999528e+00  3.32016217e-07  3.29992330e+00 
 3.32066217e-07  1.20000403e+00  3.32066217e-07  3.30007427e+00 
 3.32116217e-07  1.19999629e+00  3.32116217e-07  3.29992775e+00 
 3.32166217e-07  1.20000319e+00  3.32166217e-07  3.30007002e+00 
 3.32216217e-07  1.19999700e+00  3.32216217e-07  3.29993184e+00 
 3.32266217e-07  1.20000261e+00  3.32266217e-07  3.30006611e+00 
 3.32316217e-07  1.19999748e+00  3.32316217e-07  3.29993561e+00 
 3.32366217e-07  1.20000222e+00  3.32366217e-07  3.30006249e+00 
 3.32416217e-07  1.19999780e+00  3.32416217e-07  3.29993910e+00 
 3.32466217e-07  1.20000196e+00  3.32466217e-07  3.30005914e+00 
 3.32516217e-07  1.19999802e+00  3.32516217e-07  3.29994234e+00 
 3.32566217e-07  1.20000178e+00  3.32566217e-07  3.30005603e+00 
 3.32616217e-07  1.19999816e+00  3.32616217e-07  3.29994535e+00 
 3.32666217e-07  1.20000167e+00  3.32666217e-07  3.30005314e+00 
 3.32716217e-07  1.19999825e+00  3.32716217e-07  3.29994815e+00 
 3.32766217e-07  1.20000160e+00  3.32766217e-07  3.30005044e+00 
 3.32816217e-07  1.19999831e+00  3.32816217e-07  3.29995077e+00 
 3.32866217e-07  1.20000156e+00  3.32866217e-07  3.30004791e+00 
 3.32916217e-07  1.19999834e+00  3.32916217e-07  3.29995322e+00 
 3.32966217e-07  1.20000153e+00  3.32966217e-07  3.30004555e+00 
 3.33016217e-07  1.19999836e+00  3.33016217e-07  3.29995551e+00 
 3.33066217e-07  1.20000152e+00  3.33066217e-07  3.30004333e+00 
 3.33116217e-07  1.19999837e+00  3.33116217e-07  3.29995767e+00 
 3.33166217e-07  1.20000151e+00  3.33166217e-07  3.30004124e+00 
 3.33216217e-07  1.19999838e+00  3.33216217e-07  3.29995970e+00 
 3.33266217e-07  1.20000151e+00  3.33266217e-07  3.30003927e+00 
 3.33316217e-07  1.19999838e+00  3.33316217e-07  3.29996161e+00 
 3.33366217e-07  1.20000151e+00  3.33366217e-07  3.30003741e+00 
 3.33416217e-07  1.19999838e+00  3.33416217e-07  3.29996343e+00 
 3.33466217e-07  1.20000151e+00  3.33466217e-07  3.30003565e+00 
 3.33516217e-07  1.19999838e+00  3.33516217e-07  3.29996514e+00 
 3.33566217e-07  1.20000151e+00  3.33566217e-07  3.30003398e+00 
 3.33616217e-07  1.19999839e+00  3.33616217e-07  3.29996677e+00 
 3.33666217e-07  1.20000151e+00  3.33666217e-07  3.30003240e+00 
 3.33716217e-07  1.19999839e+00  3.33716217e-07  3.29996832e+00 
 3.33766217e-07  1.20000151e+00  3.33766217e-07  3.30003089e+00 
 3.33816217e-07  1.19999839e+00  3.33816217e-07  3.29996980e+00 
 3.33866217e-07  1.20000150e+00  3.33866217e-07  3.30002945e+00 
 3.33916217e-07  1.19999839e+00  3.33916217e-07  3.29997120e+00 
 3.33966217e-07  1.20000150e+00  3.33966217e-07  3.30002808e+00 
 3.34016217e-07  1.19999840e+00  3.34016217e-07  3.29997255e+00 
 3.34066217e-07  1.20000149e+00  3.34066217e-07  3.30002676e+00 
 3.34116217e-07  1.19999841e+00  3.34116217e-07  3.29997384e+00 
 3.34166217e-07  1.20000149e+00  3.34166217e-07  3.30002550e+00 
 3.34216217e-07  1.19999841e+00  3.34216217e-07  3.29997508e+00 
 3.34266217e-07  1.20000148e+00  3.34266217e-07  3.30002429e+00 
 3.34316217e-07  1.19999842e+00  3.34316217e-07  3.29997626e+00 
 3.34366217e-07  1.20000147e+00  3.34366217e-07  3.30002313e+00 
 3.34416217e-07  1.19999843e+00  3.34416217e-07  3.29997741e+00 
 3.34466217e-07  1.20000146e+00  3.34466217e-07  3.30002201e+00 
 3.34516217e-07  1.19999844e+00  3.34516217e-07  3.29997851e+00 
 3.34566217e-07  1.20000145e+00  3.34566217e-07  3.30002093e+00 
 3.34616217e-07  1.19999845e+00  3.34616217e-07  3.29997957e+00 
 3.34666217e-07  1.20000144e+00  3.34666217e-07  3.30001989e+00 
 3.34716217e-07  1.19999846e+00  3.34716217e-07  3.29998059e+00 
 3.34766217e-07  1.20000143e+00  3.34766217e-07  3.30001888e+00 
 3.34816217e-07  1.19999847e+00  3.34816217e-07  3.29998158e+00 
 3.34866217e-07  1.20000142e+00  3.34866217e-07  3.30001791e+00 
 3.34916217e-07  1.19999848e+00  3.34916217e-07  3.29998254e+00 
 3.34966217e-07  1.20000141e+00  3.34966217e-07  3.30001697e+00 
 3.35016217e-07  1.19999849e+00  3.35016217e-07  3.29998347e+00 
 3.35066217e-07  1.20000140e+00  3.35066217e-07  3.30001605e+00 
 3.35116217e-07  1.19999850e+00  3.35116217e-07  3.29998436e+00 
 3.35166217e-07  1.20000139e+00  3.35166217e-07  3.30001517e+00 
 3.35216217e-07  1.19999852e+00  3.35216217e-07  3.29998524e+00 
 3.35266217e-07  1.20000138e+00  3.35266217e-07  3.30001431e+00 
 3.35316217e-07  1.19999853e+00  3.35316217e-07  3.29998608e+00 
 3.35366217e-07  1.20000136e+00  3.35366217e-07  3.30001348e+00 
 3.35416217e-07  1.19999854e+00  3.35416217e-07  3.29998690e+00 
 3.35466217e-07  1.20000135e+00  3.35466217e-07  3.30001267e+00 
 3.35516217e-07  1.19999855e+00  3.35516217e-07  3.29998770e+00 
 3.35566217e-07  1.20000134e+00  3.35566217e-07  3.30001188e+00 
 3.35616217e-07  1.19999857e+00  3.35616217e-07  3.29998848e+00 
 3.35666217e-07  1.20000133e+00  3.35666217e-07  3.30001111e+00 
 3.35716217e-07  1.19999858e+00  3.35716217e-07  3.29998924e+00 
 3.35766217e-07  1.20000132e+00  3.35766217e-07  3.30001037e+00 
 3.35816217e-07  1.19999859e+00  3.35816217e-07  3.29998997e+00 
 3.35866217e-07  1.20000130e+00  3.35866217e-07  3.30000964e+00 
 3.35916217e-07  1.19999860e+00  3.35916217e-07  3.29999069e+00 
 3.35966217e-07  1.20000129e+00  3.35966217e-07  3.30000894e+00 
 3.36016217e-07  1.19999861e+00  3.36016217e-07  3.29999138e+00 
 3.36066217e-07  1.20000128e+00  3.36066217e-07  3.30000825e+00 
 3.36116217e-07  1.19999863e+00  3.36116217e-07  3.29999206e+00 
 3.36166217e-07  1.20000127e+00  3.36166217e-07  3.30000758e+00 
 3.36216217e-07  1.19999864e+00  3.36216217e-07  3.29999273e+00 
 3.36266217e-07  1.20000126e+00  3.36266217e-07  3.30000693e+00 
 3.36316217e-07  1.19999865e+00  3.36316217e-07  3.29999337e+00 
 3.36366217e-07  1.20000124e+00  3.36366217e-07  3.30000629e+00 
 3.36416217e-07  1.19999866e+00  3.36416217e-07  3.29999400e+00 
 3.36466217e-07  1.20000123e+00  3.36466217e-07  3.30000567e+00 
 3.36516217e-07  1.19999867e+00  3.36516217e-07  3.29999461e+00 
 3.36566217e-07  1.20000122e+00  3.36566217e-07  3.30000506e+00 
 3.36616217e-07  1.19999869e+00  3.36616217e-07  3.29999521e+00 
 3.36666217e-07  1.20000121e+00  3.36666217e-07  3.30000447e+00 
 3.36716217e-07  1.19999870e+00  3.36716217e-07  3.29999579e+00 
 3.36766217e-07  1.20000120e+00  3.36766217e-07  3.30000390e+00 
 3.36816217e-07  1.19999871e+00  3.36816217e-07  3.29999636e+00 
 3.36866217e-07  1.20000119e+00  3.36866217e-07  3.30000334e+00 
 3.36916217e-07  1.19999872e+00  3.36916217e-07  3.29999692e+00 
 3.36966217e-07  1.20000118e+00  3.36966217e-07  3.30000279e+00 
 3.37016217e-07  1.19999873e+00  3.37016217e-07  3.29999746e+00 
 3.37066217e-07  1.20000116e+00  3.37066217e-07  3.30000226e+00 
 3.37116217e-07  1.19999874e+00  3.37116217e-07  3.29999798e+00 
 3.37166217e-07  1.20000115e+00  3.37166217e-07  3.30000174e+00 
 3.37216217e-07  1.19999875e+00  3.37216217e-07  3.29999850e+00 
 3.37266217e-07  1.20000114e+00  3.37266217e-07  3.30000123e+00 
 3.37316217e-07  1.19999876e+00  3.37316217e-07  3.29999900e+00 
 3.37366217e-07  1.20000113e+00  3.37366217e-07  3.30000074e+00 
 3.37416217e-07  1.19999877e+00  3.37416217e-07  3.29999949e+00 
 3.37466217e-07  1.20000112e+00  3.37466217e-07  3.30000026e+00 
 3.37516217e-07  1.19999879e+00  3.37516217e-07  3.29999996e+00 
 3.37566217e-07  1.20000111e+00  3.37566217e-07  3.29999979e+00 
 3.37616217e-07  1.19999880e+00  3.37616217e-07  3.30000043e+00 
 3.37666217e-07  1.20000110e+00  3.37666217e-07  3.29999933e+00 
 3.37716217e-07  1.19999881e+00  3.37716217e-07  3.30000088e+00 
 3.37766217e-07  1.20000109e+00  3.37766217e-07  3.29999888e+00 
 3.37816217e-07  1.19999882e+00  3.37816217e-07  3.30000132e+00 
 3.37866217e-07  1.20000108e+00  3.37866217e-07  3.29999845e+00 
 3.37916217e-07  1.19999883e+00  3.37916217e-07  3.30000175e+00 
 3.37966217e-07  1.20000107e+00  3.37966217e-07  3.29999802e+00 
 3.38016217e-07  1.19999884e+00  3.38016217e-07  3.30000217e+00 
 3.38066217e-07  1.20000106e+00  3.38066217e-07  3.29999761e+00 
 3.38116217e-07  1.19999885e+00  3.38116217e-07  3.30000257e+00 
 3.38166217e-07  1.20000105e+00  3.38166217e-07  3.29999721e+00 
 3.38216217e-07  1.19999886e+00  3.38216217e-07  3.30000297e+00 
 3.38266217e-07  1.20000104e+00  3.38266217e-07  3.29999682e+00 
 3.38316217e-07  1.19999887e+00  3.38316217e-07  3.30000336e+00 
 3.38366217e-07  1.20000103e+00  3.38366217e-07  3.29999644e+00 
 3.38416217e-07  1.19999888e+00  3.38416217e-07  3.30000373e+00 
 3.38466217e-07  1.20000102e+00  3.38466217e-07  3.29999607e+00 
 3.38516217e-07  1.19999889e+00  3.38516217e-07  3.30000410e+00 
 3.38566217e-07  1.20000101e+00  3.38566217e-07  3.29999571e+00 
 3.38616217e-07  1.19999890e+00  3.38616217e-07  3.30000445e+00 
 3.38666217e-07  1.20000100e+00  3.38666217e-07  3.29999536e+00 
 3.38716217e-07  1.19999891e+00  3.38716217e-07  3.30000480e+00 
 3.38766217e-07  1.20000099e+00  3.38766217e-07  3.29999501e+00 
 3.38816217e-07  1.19999891e+00  3.38816217e-07  3.30000514e+00 
 3.38866217e-07  1.20000098e+00  3.38866217e-07  3.29999468e+00 
 3.38916217e-07  1.19999892e+00  3.38916217e-07  3.30000546e+00 
 3.38966217e-07  1.20000097e+00  3.38966217e-07  3.29999436e+00 
 3.39016217e-07  1.19999893e+00  3.39016217e-07  3.30000578e+00 
 3.39066217e-07  1.20000096e+00  3.39066217e-07  3.29999405e+00 
 3.39116217e-07  1.19999894e+00  3.39116217e-07  3.30000609e+00 
 3.39166217e-07  1.20000096e+00  3.39166217e-07  3.29999374e+00 
 3.39216217e-07  1.19999895e+00  3.39216217e-07  3.30000639e+00 
 3.39266217e-07  1.20000095e+00  3.39266217e-07  3.29999344e+00 
 3.39316217e-07  1.19999896e+00  3.39316217e-07  3.30000668e+00 
 3.39366217e-07  1.20000094e+00  3.39366217e-07  3.29999316e+00 
 3.39416217e-07  1.19999897e+00  3.39416217e-07  3.30000697e+00 
 3.39466217e-07  1.20000093e+00  3.39466217e-07  3.29999288e+00 
 3.39516217e-07  1.19999898e+00  3.39516217e-07  3.30000724e+00 
 3.39566217e-07  1.20000092e+00  3.39566217e-07  3.29999261e+00 
 3.39616217e-07  1.19999899e+00  3.39616217e-07  3.30000751e+00 
 3.39666217e-07  1.20000091e+00  3.39666217e-07  3.29999234e+00 
 3.39716217e-07  1.19999899e+00  3.39716217e-07  3.30000777e+00 
 3.39766217e-07  1.20000090e+00  3.39766217e-07  3.29999209e+00 
 3.39816217e-07  1.19999900e+00  3.39816217e-07  3.30000802e+00 
 3.39866217e-07  1.20000090e+00  3.39866217e-07  3.29999184e+00 
 3.39916217e-07  1.19999901e+00  3.39916217e-07  3.30000826e+00 
 3.39958109e-07  1.20000089e+00  3.39958109e-07  3.29999158e+00 
 3.40000000e-07  1.19999902e+00  3.40000000e-07  3.30000855e+00 
 3.40005000e-07  1.20004474e+00  3.40005000e-07  3.30026365e+00 
 3.40015000e-07  1.20001859e+00  3.40015000e-07  3.30012959e+00 
 3.40035000e-07  1.19996269e+00  3.40035000e-07  3.29995563e+00 
 3.40075000e-07  1.20001528e+00  3.40075000e-07  3.29986390e+00 
 3.40125000e-07  1.19979772e+00  3.40125000e-07  3.29962114e+00 
 3.40162500e-07  1.19964616e+00  3.40162500e-07  3.29874542e+00 
 3.40200000e-07  1.20125870e+00  3.40200000e-07  3.29828438e+00 
 3.40205000e-07  1.20092438e+00  3.40205000e-07  3.29906652e+00 
 3.40215000e-07  1.19963043e+00  3.40215000e-07  3.30064056e+00 
 3.40235000e-07  1.19938221e+00  3.40235000e-07  3.30321206e+00 
 3.40275000e-07  1.20039076e+00  3.40275000e-07  3.30336218e+00 
 3.40318996e-07  1.19991231e+00  3.40318996e-07  3.29566102e+00 
 3.40365236e-07  1.20000798e+00  3.40365236e-07  3.30089366e+00 
 3.40415236e-07  1.20002575e+00  3.40415236e-07  3.30009521e+00 
 3.40465236e-07  1.19995611e+00  3.40465236e-07  3.30030313e+00 
 3.40515236e-07  1.20005164e+00  3.40515236e-07  3.29979850e+00 
 3.40565236e-07  1.19994661e+00  3.40565236e-07  3.30024634e+00 
 3.40615236e-07  1.20005129e+00  3.40615236e-07  3.29971718e+00 
 3.40665236e-07  1.19995266e+00  3.40665236e-07  3.30027246e+00 
 3.40715236e-07  1.20004224e+00  3.40715236e-07  3.29971128e+00 
 3.40765236e-07  1.19996297e+00  3.40765236e-07  3.30027402e+00 
 3.40815236e-07  1.20003172e+00  3.40815236e-07  3.29972553e+00 
 3.40865236e-07  1.19997307e+00  3.40865236e-07  3.30026192e+00 
 3.40915236e-07  1.20002239e+00  3.40915236e-07  3.29974358e+00 
 3.40965236e-07  1.19998146e+00  3.40965236e-07  3.30024613e+00 
 3.41015236e-07  1.20001499e+00  3.41015236e-07  3.29976095e+00 
 3.41065236e-07  1.19998789e+00  3.41065236e-07  3.30023042e+00 
 3.41115236e-07  1.20000947e+00  3.41115236e-07  3.29977668e+00 
 3.41165236e-07  1.19999259e+00  3.41165236e-07  3.30021585e+00 
 3.41215236e-07  1.20000550e+00  3.41215236e-07  3.29979083e+00 
 3.41265236e-07  1.19999592e+00  3.41265236e-07  3.30020252e+00 
 3.41315236e-07  1.20000272e+00  3.41315236e-07  3.29980366e+00 
 3.41365236e-07  1.19999822e+00  3.41365236e-07  3.30019029e+00 
 3.41415236e-07  1.20000082e+00  3.41415236e-07  3.29981544e+00 
 3.41465236e-07  1.19999978e+00  3.41465236e-07  3.30017898e+00 
 3.41515236e-07  1.19999955e+00  3.41515236e-07  3.29982637e+00 
 3.41565236e-07  1.20000082e+00  3.41565236e-07  3.30016842e+00 
 3.41615236e-07  1.19999871e+00  3.41615236e-07  3.29983660e+00 
 3.41665236e-07  1.20000149e+00  3.41665236e-07  3.30015850e+00 
 3.41715236e-07  1.19999818e+00  3.41715236e-07  3.29984625e+00 
 3.41765236e-07  1.20000192e+00  3.41765236e-07  3.30014911e+00 
 3.41815236e-07  1.19999784e+00  3.41815236e-07  3.29985540e+00 
 3.41865236e-07  1.20000217e+00  3.41865236e-07  3.30014018e+00 
 3.41915236e-07  1.19999765e+00  3.41915236e-07  3.29986411e+00 
 3.41957618e-07  1.20000233e+00  3.41957618e-07  3.30013093e+00 
 3.42000000e-07  1.19999753e+00  3.42000000e-07  3.29987388e+00 
 3.42005000e-07  1.19955646e+00  3.42005000e-07  3.29837666e+00 
 3.42015000e-07  1.19935275e+00  3.42015000e-07  3.29704121e+00 
 3.42035000e-07  1.19979987e+00  3.42035000e-07  3.29708971e+00 
 3.42075000e-07  1.19980253e+00  3.42075000e-07  3.29968356e+00 
 3.42125000e-07  1.20498890e+00  3.42125000e-07  3.32598399e+00 
 3.42162500e-07  1.21932781e+00  3.42162500e-07  3.35988958e+00 
 3.42200000e-07  1.21556664e+00  3.42200000e-07  3.38406437e+00 
 3.42205000e-07  1.19149268e+00  3.42205000e-07  3.38111784e+00 
 3.42215000e-07  1.06624028e+00  3.42215000e-07  3.36143539e+00 
 3.42235000e-07  4.78006778e-01  3.42235000e-07  3.27727945e+00 
 3.42266451e-07 -6.82165376e-04  3.42266451e-07  3.02078646e+00 
 3.42300497e-07  1.03099527e-02  3.42300497e-07  1.58823540e+00 
 3.42344410e-07 -5.46361691e-03  3.42344410e-07  8.41774411e-02 
 3.42389549e-07  4.91979832e-03  3.42389549e-07  1.94236767e-02 
 3.42439549e-07 -4.60810908e-03  3.42439549e-07  7.83325273e-03 
 3.42489549e-07  4.30033521e-03  3.42489549e-07  1.98913240e-03 
 3.42539549e-07 -4.00651084e-03  3.42539549e-07  2.28669753e-03 
 3.42589549e-07  3.71085036e-03  3.42589549e-07 -6.54265626e-04 
 3.42639549e-07 -3.42908368e-03  3.42639549e-07  7.71057922e-04 
 3.42689549e-07  3.16087988e-03  3.42689549e-07 -6.77341100e-04 
 3.42739549e-07 -2.90878370e-03  3.42739549e-07  6.98616218e-04 
 3.42789549e-07  2.67441140e-03  3.42789549e-07 -7.33444112e-04 
 3.42839549e-07 -2.45589396e-03  3.42839549e-07  7.84737995e-04 
 3.42889549e-07  2.25470119e-03  3.42889549e-07 -8.36471947e-04 
 3.42939549e-07 -2.06813885e-03  3.42939549e-07  8.87497513e-04 
 3.42989549e-07  1.89711409e-03  3.42989549e-07 -9.31683449e-04 
 3.43039549e-07 -1.73919722e-03  3.43039549e-07  9.70944053e-04 
 3.43089549e-07  1.59473162e-03  3.43089549e-07 -1.00202663e-03 
 3.43139549e-07 -1.46180207e-03  3.43139549e-07  1.02796388e-03 
 3.43189549e-07  1.34031650e-03  3.43189549e-07 -1.04655319e-03 
 3.43239549e-07 -1.22885290e-03  3.43239549e-07  1.06096414e-03 
 3.43289549e-07  1.12713050e-03  3.43289549e-07 -1.07017226e-03 
 3.43339549e-07 -1.03369134e-03  3.43339549e-07  1.07381451e-03 
 3.43389549e-07  9.48914813e-04  3.43389549e-07 -1.07625397e-03 
 3.43439549e-07 -8.70728264e-04  3.43439549e-07  1.07326131e-03 
 3.43489549e-07  8.00193540e-04  3.43489549e-07 -1.06987139e-03 
 3.43539549e-07 -7.34888979e-04  3.43539549e-07  1.06210047e-03 
 3.43589549e-07  6.76282471e-04  3.43589549e-07 -1.05448884e-03 
 3.43639549e-07 -6.21814514e-04  3.43639549e-07  1.04333165e-03 
 3.43689549e-07  5.73167230e-04  3.43689549e-07 -1.03270361e-03 
 3.43739549e-07 -5.27784725e-04  3.43739549e-07  1.01918914e-03 
 3.43789549e-07  4.87432541e-04  3.43789549e-07 -1.00643617e-03 
 3.43839549e-07 -4.49646023e-04  3.43839549e-07  9.91318699e-04 
 3.43889549e-07  4.16189662e-04  3.43889549e-07 -9.77098256e-04 
 3.43939549e-07 -3.84738851e-04  3.43939549e-07  9.60930333e-04 
 3.43989549e-07  3.57006133e-04  3.43989549e-07 -9.45728762e-04 
 3.44039549e-07 -3.30829214e-04  3.44039549e-07  9.28916613e-04 
 3.44089549e-07  3.07841025e-04  3.44089549e-07 -9.13095779e-04 
 3.44139549e-07 -2.86046589e-04  3.44139549e-07  8.95939645e-04 
 3.44189549e-07  2.66986965e-04  3.44189549e-07 -8.79770647e-04 
 3.44239549e-07 -2.48828933e-04  3.44239549e-07  8.62493646e-04 
 3.44289549e-07  2.33019178e-04  3.44289549e-07 -8.46180905e-04 
 3.44339549e-07 -2.17874732e-04  3.44339549e-07  8.28949573e-04 
 3.44389549e-07  2.04751243e-04  3.44389549e-07 -8.12648037e-04 
 3.44439549e-07 -1.92101639e-04  3.44439549e-07  7.95586972e-04 
 3.44489549e-07  1.81197047e-04  3.44489549e-07 -7.79414461e-04 
 3.44539549e-07 -1.70611074e-04  3.44539549e-07  7.62616839e-04 
 3.44589549e-07  1.61538298e-04  3.44589549e-07 -7.46662981e-04 
 3.44639549e-07 -1.52658122e-04  3.44639549e-07  7.30198171e-04 
 3.44689549e-07  1.45096929e-04  3.44689549e-07 -7.14530949e-04 
 3.44739549e-07 -1.37626058e-04  3.44739549e-07  6.98450101e-04 
 3.44789549e-07  1.31311787e-04  3.44789549e-07 -6.83120703e-04 
 3.44839549e-07 -1.25004882e-04  3.44839549e-07  6.67460888e-04 
 3.44889549e-07  1.19718992e-04  3.44889549e-07 -6.52507350e-04 
 3.44939549e-07 -1.14373277e-04  3.44939549e-07  6.37294678e-04 
 3.44989549e-07  1.09935463e-04  3.44989549e-07 -6.22744657e-04 
 3.45039549e-07 -1.05383512e-04  3.45039549e-07  6.07996640e-04 
 3.45089549e-07  1.01645122e-04  3.45089549e-07 -5.93869542e-04 
 3.45139549e-07 -9.77488217e-05  3.45139549e-07  5.79596916e-04 
 3.45189549e-07  9.45873801e-05  3.45189549e-07 -5.65905563e-04 
 3.45239549e-07 -9.12328856e-05  3.45239549e-07  5.52113707e-04 
 3.45289549e-07  8.85475480e-05  3.45289549e-07 -5.38865643e-04 
 3.45339549e-07 -8.56410797e-05  3.45339549e-07  5.25555686e-04 
 3.45389549e-07  8.33488544e-05  3.45389549e-07 -5.12754214e-04 
 3.45439549e-07 -8.08132058e-05  3.45439549e-07  4.99923918e-04 
 3.45489549e-07  7.88458256e-05  3.45489549e-07 -4.87568935e-04 
 3.45539549e-07 -7.66174634e-05  3.45539549e-07  4.75213400e-04 
 3.45589549e-07  7.49187958e-05  3.45589549e-07 -4.63302068e-04 
 3.45639549e-07 -7.29454567e-05  3.45639549e-07  4.51414293e-04 
 3.45689549e-07  7.14693627e-05  3.45689549e-07 -4.39941584e-04 
 3.45739549e-07 -6.97080655e-05  3.45739549e-07  4.28512927e-04 
 3.45789549e-07  6.84166301e-05  3.45789549e-07 -4.17472073e-04 
 3.45839549e-07 -6.68320325e-05  3.45839549e-07  4.06492619e-04 
 3.45889549e-07  6.56941050e-05  3.45889549e-07 -3.95875472e-04 
 3.45939549e-07 -6.42571472e-05  3.45939549e-07  3.85334340e-04 
 3.45989549e-07  6.32471371e-05  3.45989549e-07 -3.75131679e-04 
 3.46039549e-07 -6.19339230e-05  3.46039549e-07  3.65017265e-04 
 3.46089549e-07  6.10308084e-05  3.46089549e-07 -3.55219043e-04 
 3.46139549e-07 -5.98216842e-05  3.46139549e-07  3.45519227e-04 
 3.46189549e-07  5.90081943e-05  3.46189549e-07 -3.36114776e-04 
 3.46239549e-07 -5.78869899e-05  3.46239549e-07  3.26817085e-04 
 3.46289549e-07  5.71489336e-05  3.46289549e-07 -3.17795290e-04 
 3.46339549e-07 -5.61023380e-05  3.46339549e-07  3.08887040e-04 
 3.46389549e-07  5.54280509e-05  3.46389549e-07 -3.00236480e-04 
 3.46439549e-07 -5.44450996e-05  3.46439549e-07  2.91704883e-04 
 3.46489549e-07  5.38249899e-05  3.46489549e-07 -2.83413948e-04 
 3.46539549e-07 -5.28966431e-05  3.46539549e-07  2.75246210e-04 
 3.46589549e-07  5.23228184e-05  3.46589549e-07 -2.67303200e-04 
 3.46639549e-07 -5.14416149e-05  3.46639549e-07  2.59486593e-04 
 3.46689549e-07  5.09075761e-05  3.46689549e-07 -2.51879798e-04 
 3.46739549e-07 -5.00673494e-05  3.46739549e-07  2.44401722e-04 
 3.46789549e-07  4.95677391e-05  3.46789549e-07 -2.37119491e-04 
 3.46839549e-07 -4.87633844e-05  3.46839549e-07  2.29967524e-04 
 3.46889549e-07  4.82937810e-05  3.46889549e-07 -2.22998317e-04 
 3.46939549e-07 -4.75210636e-05  3.46939549e-07  2.16160258e-04 
 3.46989549e-07  4.70778123e-05  3.46989549e-07 -2.09492693e-04 
 3.47039549e-07 -4.63332115e-05  3.47039549e-07  2.02956589e-04 
 3.47089549e-07  4.59132854e-05  3.47089549e-07 -1.96579476e-04 
 3.47139549e-07 -4.51938661e-05  3.47139549e-07  1.90333652e-04 
 3.47189549e-07  4.47947530e-05  3.47189549e-07 -1.84236025e-04 
 3.47239549e-07 -4.40980605e-05  3.47239549e-07  1.78269098e-04 
 3.47289549e-07  4.37176698e-05  3.47289549e-07 -1.72440237e-04 
 3.47339549e-07 -4.30416433e-05  3.47339549e-07  1.66741135e-04 
 3.47389549e-07  4.26782300e-05  3.47389549e-07 -1.61170584e-04 
 3.47439549e-07 -4.20211328e-05  3.47439549e-07  1.55728553e-04 
 3.47489549e-07  4.16732349e-05  3.47489549e-07 -1.50406133e-04 
 3.47539549e-07 -4.10335962e-05  3.47539549e-07  1.45210746e-04 
 3.47589549e-07  4.06999839e-05  3.47589549e-07 -1.40126566e-04 
 3.47639549e-07 -4.00765517e-05  3.47639549e-07  1.35167725e-04 
 3.47689549e-07  3.97561857e-05  3.47689549e-07 -1.30312187e-04 
 3.47739549e-07 -3.91478879e-05  3.47739549e-07  1.25580126e-04 
 3.47789549e-07  3.88398852e-05  3.47789549e-07 -1.20943931e-04 
 3.47839549e-07 -3.82457983e-05  3.47839549e-07  1.16429215e-04 
 3.47889549e-07  3.79494042e-05  3.47889549e-07 -1.12003362e-04 
 3.47939549e-07 -3.73687271e-05  3.47939549e-07  1.07696884e-04 
 3.47989549e-07  3.70832924e-05  3.47989549e-07 -1.03472675e-04 
 3.48039549e-07 -3.65153255e-05  3.48039549e-07  9.93656523e-05 
 3.48089549e-07  3.62402879e-05  3.48089549e-07 -9.53346864e-05 
 3.48139549e-07 -3.56844153e-05  3.48139549e-07  9.14186565e-05 
 3.48189549e-07  3.54192840e-05  3.48189549e-07 -8.75728280e-05 
 3.48239549e-07 -3.48749596e-05  3.48239549e-07  8.38396432e-05 
 3.48289549e-07  3.46193030e-05  3.48289549e-07 -8.01711380e-05 
 3.48339549e-07 -3.40860387e-05  3.48339549e-07  7.66129581e-05 
 3.48389549e-07  3.38394741e-05  3.48389549e-07 -7.31142489e-05 
 3.48439549e-07 -3.33168304e-05  3.48439549e-07  6.97235345e-05 
 3.48489549e-07  3.30790154e-05  3.48489549e-07 -6.63873750e-05 
 3.48539549e-07 -3.25665937e-05  3.48539549e-07  6.31568795e-05 
 3.48589549e-07  3.23372197e-05  3.48589549e-07 -5.99762984e-05 
 3.48639549e-07 -3.18346552e-05  3.48639549e-07  5.68990608e-05 
 3.48689549e-07  3.16134418e-05  3.48689549e-07 -5.38673551e-05 
 3.48739549e-07 -3.11203992e-05  3.48739549e-07  5.09366912e-05 
 3.48789549e-07  3.09070894e-05  3.48789549e-07 -4.80474191e-05 
 3.48839549e-07 -3.04232578e-05  3.48839549e-07  4.52569137e-05 
 3.48889549e-07  3.02176144e-05  3.48889549e-07 -4.25038875e-05 
 3.48939549e-07 -2.97427042e-05  3.48939549e-07  3.98473858e-05 
 3.48989549e-07  2.95445068e-05  3.48989549e-07 -3.72246645e-05 
 3.49039549e-07 -2.90782465e-05  3.49039549e-07  3.46962636e-05 
 3.49089549e-07  2.88872889e-05  3.49089549e-07 -3.21981453e-05 
 3.49139549e-07 -2.84294227e-05  3.49139549e-07  2.97921855e-05 
 3.49189549e-07  2.82455108e-05  3.49189549e-07 -2.74132001e-05 
 3.49239549e-07 -2.77957967e-05  3.49239549e-07  2.51242571e-05 
 3.49289549e-07  2.76187470e-05  3.49289549e-07 -2.28591581e-05 
 3.49339549e-07 -2.71769552e-05  3.49339549e-07  2.06820343e-05 
 3.49389549e-07  2.70065930e-05  3.49389549e-07 -1.85257918e-05 
 3.49439549e-07 -2.65725044e-05  3.49439549e-07  1.64555081e-05 
 3.49489549e-07  2.64086633e-05  3.49489549e-07 -1.44033011e-05 
 3.49539549e-07 -2.59820683e-05  3.49539549e-07  1.24350891e-05 
 3.49589549e-07  2.58245886e-05  3.49589549e-07 -1.04822979e-05 
 3.49639549e-07 -2.54052863e-05  3.49639549e-07  8.61159183e-06 
 3.49689549e-07  2.52540147e-05  3.49689549e-07 -6.75379101e-06 
 3.49739549e-07 -2.48418120e-05  3.49739549e-07  4.97621995e-06 
 3.49789549e-07  2.46966007e-05  3.49789549e-07 -3.20917107e-06 
 3.49839549e-07 -2.42913117e-05  3.49839549e-07  1.52055156e-06 
 3.49889549e-07  2.41520178e-05  3.49889549e-07  1.59803881e-07 
 3.49939549e-07 -2.37534630e-05  3.49939549e-07 -1.76347510e-06 
 3.49969775e-07  2.34486053e-05  3.49969775e-07  4.37336730e-06 
 3.50000000e-07 -2.28906133e-05  3.50000000e-07 -6.84044838e-06 
 3.50005000e-07 -9.85311242e-06  3.50005000e-07 -7.21611782e-05 
 3.50015000e-07  9.57167498e-06  3.50015000e-07  1.53128416e-05 
 3.50035000e-07  2.16311826e-07  3.50035000e-07  2.59178349e-05 
 3.50075000e-07 -3.25397857e-06  3.50075000e-07  7.16449744e-06 
 3.50125000e-07  2.19114563e-05  3.50125000e-07  1.44043688e-04 
 3.50162500e-07  3.63527872e-06  3.50162500e-07  1.27487324e-04 
 3.50200000e-07 -3.30271877e-04  3.50200000e-07 -1.69841359e-04 
 3.50205000e-07 -3.63553473e-04  3.50205000e-07 -4.05974311e-04 
 3.50215000e-07 -1.65826371e-05  3.50215000e-07 -8.56042672e-04 
 3.50235000e-07  5.97462664e-04  3.50235000e-07 -1.41566985e-03 
 3.50271733e-07 -4.17003154e-04  3.50271733e-07  7.06216672e-05 
 3.50313800e-07  3.08410940e-04  3.50313800e-07  1.39795650e-03 
 3.50358979e-07 -1.62218184e-04  3.50358979e-07 -1.59131879e-04 
 3.50408979e-07  7.34779569e-05  3.50408979e-07 -3.98974867e-04 
 3.50458979e-07 -1.07802650e-05  3.50458979e-07  2.91075274e-04 
 3.50508979e-07 -2.89694541e-05  3.50508979e-07 -1.86877243e-04 
 3.50558979e-07  5.54491272e-05  3.50558979e-07  2.30327118e-04 
 3.50608979e-07 -7.11121720e-05  3.50608979e-07 -2.13959884e-04 
 3.50658979e-07  8.05672645e-05  3.50658979e-07  2.31661601e-04 
 3.50708979e-07 -8.46570939e-05  3.50708979e-07 -2.30093477e-04 
 3.50758979e-07  8.59087569e-05  3.50758979e-07  2.37683520e-04 
 3.50808979e-07 -8.43768203e-05  3.50808979e-07 -2.37162637e-04 
 3.50858979e-07  8.17511368e-05  3.50858979e-07  2.39971389e-04 
 3.50908979e-07 -7.76685691e-05  3.50908979e-07 -2.38495383e-04 
 3.50958979e-07  7.33492631e-05  3.50958979e-07  2.38383683e-04 
 3.51008979e-07 -6.83115133e-05  3.51008979e-07 -2.35675556e-04 
 3.51058979e-07  6.34859388e-05  3.51058979e-07  2.33765892e-04 
 3.51108979e-07 -5.83302631e-05  3.51108979e-07 -2.30101225e-04 
 3.51158979e-07  5.36099028e-05  3.51158979e-07  2.26825377e-04 
 3.51208979e-07 -4.87588263e-05  3.51208979e-07 -2.22433208e-04 
 3.51258979e-07  4.44419042e-05  3.51258979e-07  2.18466828e-04 
 3.51308979e-07 -4.00844737e-05  3.51308979e-07 -2.13693727e-04 
 3.51358979e-07  3.62892549e-05  3.51358979e-07  2.09297470e-04 
 3.51408979e-07 -3.24874155e-05  3.51408979e-07 -2.04294808e-04 
 3.51458979e-07  2.92387779e-05  3.51458979e-07  1.99631046e-04 
 3.51508979e-07 -2.59813336e-05  3.51508979e-07 -1.94565158e-04 
 3.51558979e-07  2.32537572e-05  3.51558979e-07  1.89823583e-04 
 3.51608979e-07 -2.04985848e-05  3.51608979e-07 -1.84800032e-04 
 3.51658979e-07  1.82421185e-05  3.51658979e-07  1.80086632e-04 
 3.51708979e-07 -1.59326511e-05  3.51708979e-07 -1.75176936e-04 
 3.51758979e-07  1.40888075e-05  3.51758979e-07  1.70562820e-04 
 3.51808979e-07 -1.21650398e-05  3.51808979e-07 -1.65813469e-04 
 3.51858979e-07  1.06750025e-05  3.51858979e-07  1.61344329e-04 
 3.51908979e-07 -9.07926405e-06  3.51908979e-07 -1.56783329e-04 
 3.51958979e-07  7.88809160e-06  3.51958979e-07  1.52486609e-04 
 3.52008979e-07 -6.56785939e-06  3.52008979e-07 -1.48128657e-04 
 3.52058979e-07  5.62638331e-06  3.52058979e-07  1.44018896e-04 
 3.52108979e-07 -4.53538874e-06  3.52108979e-07 -1.39869331e-04 
 3.52158979e-07  3.80080179e-06  3.52158979e-07  1.35952104e-04 
 3.52208979e-07 -2.89918267e-06  3.52208979e-07 -1.32009860e-04 
 3.52258979e-07  2.33491193e-06  3.52258979e-07  1.28284653e-04 
 3.52308979e-07 -1.58885916e-06  3.52308979e-07 -1.24544438e-04 
 3.52358979e-07  1.16407736e-06  3.52358979e-07  1.21006734e-04 
 3.52408979e-07 -5.45242291e-07  3.52408979e-07 -1.17460605e-04 
 3.52458979e-07  2.34223966e-07  3.52458979e-07  1.14103381e-04 
 3.52508979e-07  2.80959890e-07  3.52508979e-07 -1.10741872e-04 
 3.52558979e-07 -4.99520113e-07  3.52558979e-07  1.07556656e-04 
 3.52608979e-07  9.30514705e-07  3.52608979e-07 -1.04369567e-04 
 3.52658979e-07 -1.07415775e-06  3.52658979e-07  1.01347176e-04 
 3.52708979e-07  1.43695259e-06  3.52708979e-07 -9.83241128e-05 
 3.52758979e-07 -1.52005318e-06  3.52758979e-07  9.54551558e-05 
 3.52808979e-07  1.82773145e-06  3.52808979e-07 -9.25858912e-05 
 3.52858979e-07 -1.86202602e-06  3.52858979e-07  8.98611014e-05 
 3.52908979e-07  2.12525780e-06  3.52908979e-07 -8.71358007e-05 
 3.52958979e-07 -2.12029998e-06  3.52958979e-07  8.45462487e-05 
 3.53008979e-07  2.34776452e-06  3.53008979e-07 -8.19556066e-05 
 3.53058979e-07 -2.31131209e-06  3.53058979e-07  7.94928255e-05 
 3.53108979e-07  2.51005406e-06  3.53108979e-07 -7.70281355e-05 
 3.53158979e-07 -2.44839379e-06  3.53158979e-07  7.46841873e-05 
 3.53208979e-07  2.62412102e-06  3.53208979e-07 -7.23373671e-05 
 3.53258979e-07 -2.54233897e-06  3.53258979e-07  7.01048678e-05 
 3.53308979e-07  2.69966945e-06  3.53308979e-07 -6.78684551e-05 
 3.53358979e-07 -2.60187433e-06  3.53358979e-07  6.57405726e-05 
 3.53408979e-07  2.74453962e-06  3.53408979e-07 -6.36077023e-05 
 3.53458979e-07 -2.63404645e-06  3.53458979e-07  6.15781366e-05 
 3.53508979e-07  2.76505874e-06  3.53508979e-07 -5.95425062e-05 
 3.53558979e-07 -2.64453916e-06  3.53558979e-07  5.76054602e-05 
 3.53608979e-07  2.76632769e-06  3.53608979e-07 -5.56612893e-05 
 3.53658979e-07 -2.63793265e-06  3.53658979e-07  5.38114331e-05 
 3.53708979e-07  2.75245489e-06  3.53708979e-07 -5.19534207e-05 
 3.53758979e-07 -2.61791436e-06  3.53758979e-07  5.01858539e-05 
 3.53808979e-07  2.72674642e-06  3.53808979e-07 -4.84091356e-05 
 3.53858979e-07 -2.58745049e-06  3.53858979e-07  4.67193499e-05 
 3.53908979e-07  2.69186045e-06  3.53908979e-07 -4.50194566e-05 
 3.53958979e-07 -2.54892484e-06  3.53958979e-07  4.34032989e-05 
 3.54008979e-07  2.64993205e-06  3.54008979e-07 -4.17761183e-05 
 3.54058979e-07 -2.50425133e-06  3.54058979e-07  4.02297567e-05 
 3.54108979e-07  2.60267457e-06  3.54108979e-07 -3.86714974e-05 
 3.54158979e-07 -2.45496505e-06  3.54158979e-07  3.71913897e-05 
 3.54208979e-07  2.55146132e-06  3.54208979e-07 -3.56985485e-05 
 3.54258979e-07 -2.40229570e-06  3.54258979e-07  3.42814132e-05 
 3.54308979e-07  2.49739156e-06  3.54308979e-07 -3.28507458e-05 
 3.54358979e-07 -2.34722695e-06  3.54358979e-07  3.14935360e-05 
 3.54408979e-07  2.44134375e-06  3.54408979e-07 -3.01220310e-05 
 3.54458979e-07 -2.29054414e-06  3.54458979e-07  2.88219110e-05 
 3.54508979e-07  2.38401860e-06  3.54508979e-07 -2.75067663e-05 
 3.54558979e-07 -2.23287310e-06  3.54558979e-07  2.62610909e-05 
 3.54608979e-07  2.32597358e-06  3.54608979e-07 -2.49996926e-05 
 3.54658979e-07 -2.17471106e-06  3.54658979e-07  2.38059888e-05 
 3.54708979e-07  2.26765095e-06  3.54708979e-07 -2.25958933e-05 
 3.54758979e-07 -2.11645183e-06  3.54758979e-07  2.14518435e-05 
 3.54808979e-07  2.20940020e-06  3.54808979e-07 -2.02907611e-05 
 3.54858979e-07 -2.05840593e-06  3.54858979e-07  1.91941889e-05 
 3.54908979e-07  2.15149616e-06  3.54908979e-07 -1.80799693e-05 
 3.54958979e-07 -2.00081690e-06  3.54958979e-07  1.70288270e-05 
 3.55008979e-07  2.09415356e-06  3.55008979e-07 -1.59594467e-05 
 3.55058979e-07 -1.94387434e-06  3.55058979e-07  1.49518036e-05 
 3.55108979e-07  2.03753892e-06  3.55108979e-07 -1.39253551e-05 
 3.55158979e-07 -1.88772457e-06  3.55158979e-07  1.29593875e-05 
 3.55208979e-07  1.98177988e-06  3.55208979e-07 -1.19740691e-05 
 3.55258979e-07 -1.83247908e-06  3.55258979e-07  1.10480516e-05 
 3.55308979e-07  1.92697296e-06  3.55308979e-07 -1.01021589e-05 
 3.55358979e-07 -1.77822139e-06  3.55358979e-07  9.21445667e-06 
 3.55408979e-07  1.87318957e-06  3.55408979e-07 -8.30637469e-06 
 3.55458979e-07 -1.72501259e-06  3.55458979e-07  7.45543640e-06 
 3.55508979e-07  1.82048118e-06  3.55508979e-07 -6.58363265e-06 
 3.55558979e-07 -1.67289581e-06  3.55558979e-07  5.76798431e-06 
 3.55608979e-07  1.76888307e-06  3.55608979e-07 -4.93100294e-06 
 3.55658979e-07 -1.62189977e-06  3.55658979e-07  4.14924229e-06 
 3.55708979e-07  1.71841777e-06  3.55708979e-07 -3.34569836e-06 
 3.55758979e-07 -1.57204170e-06  3.55758979e-07  2.59648998e-06 
 3.55808979e-07  1.66909750e-06  3.55808979e-07 -1.82506470e-06 
 3.55858979e-07 -1.52332971e-06  3.55858979e-07  1.10713552e-06 
 3.55908979e-07  1.62092637e-06  3.55908979e-07 -3.66571838e-07 
 3.55958979e-07 -1.47576460e-06  3.55958979e-07 -3.21292883e-07 
 3.56008979e-07  1.57390205e-06  3.56008979e-07  1.03219436e-06 
 3.56058979e-07 -1.42934149e-06  3.56058979e-07 -1.69115464e-06 
 3.56108979e-07  1.52801711e-06  3.56108979e-07  2.37353912e-06 
 3.56158979e-07 -1.38405093e-06  3.56158979e-07 -3.00470365e-06 
 3.56208979e-07  1.48326014e-06  3.56208979e-07  3.65966556e-06 
 3.56258979e-07 -1.33987995e-06  3.56258979e-07 -4.26409458e-06 
 3.56308979e-07  1.43961656e-06  3.56308979e-07  4.89268040e-06 
 3.56358979e-07 -1.29681280e-06  3.56358979e-07 -5.47138858e-06 
 3.56408979e-07  1.39706951e-06  3.56408979e-07  6.07459976e-06 
 3.56458979e-07 -1.25483176e-06  3.56458979e-07 -6.62855871e-06 
 3.56508979e-07  1.35560029e-06  3.56508979e-07  7.20735399e-06 
 3.56558979e-07 -1.21391748e-06  3.56558979e-07 -7.73749448e-06 
 3.56608979e-07  1.31518883e-06  3.56608979e-07  8.29279232e-06 
 3.56658979e-07 -1.17404943e-06  3.56658979e-07 -8.80000656e-06 
 3.56708979e-07  1.27581412e-06  3.56708979e-07  9.33268722e-06 
 3.56758979e-07 -1.13520632e-06  3.56758979e-07 -9.81783071e-06 
 3.56808979e-07  1.23745450e-06  3.56808979e-07  1.03287383e-05 
 3.56858979e-07 -1.09736628e-06  3.56858979e-07 -1.07926318e-05 
 3.56908979e-07  1.20008781e-06  3.56908979e-07  1.12825759e-05 
 3.56958979e-07 -1.06050713e-06  3.56958979e-07 -1.17260072e-05 
 3.57008979e-07  1.16369177e-06  3.57008979e-07  1.21957648e-05 
 3.57058979e-07 -1.02460653e-06  3.57058979e-07 -1.26194900e-05 
 3.57108979e-07  1.12824394e-06  3.57108979e-07  1.30698070e-05 
 3.57158979e-07 -9.89642141e-07  3.57158979e-07 -1.34745525e-05 
 3.57208979e-07  1.09372198e-06  3.57208979e-07  1.39061451e-05 
 3.57258979e-07 -9.55591709e-07  3.57258979e-07 -1.42926085e-05 
 3.57308979e-07  1.06010366e-06  3.57308979e-07  1.47061648e-05 
 3.57358979e-07 -9.22433152e-07  3.57358979e-07 -1.50750166e-05 
 3.57408979e-07  1.02736697e-06  3.57408979e-07  1.54711977e-05 
 3.57458979e-07 -8.90144659e-07  3.57458979e-07 -1.58230822e-05 
 3.57508979e-07  9.95490230e-07  3.57508979e-07  1.62025236e-05 
 3.57558979e-07 -8.58704723e-07  3.57558979e-07 -1.65380605e-05 
 3.57608979e-07  9.64452040e-07  3.57608979e-07  1.69013730e-05 
 3.57658979e-07 -8.28092193e-07  3.57658979e-07 -1.72211581e-05 
 3.57708979e-07  9.34231423e-07  3.57708979e-07  1.75689293e-05 
 3.57758979e-07 -7.98286236e-07  3.57758979e-07 -1.78735357e-05 
 3.57808979e-07  9.04807684e-07  3.57808979e-07  1.82063306e-05 
 3.57858979e-07 -7.69266492e-07  3.57858979e-07 -1.84963097e-05 
 3.57908979e-07  8.76160662e-07  3.57908979e-07  1.88146719e-05 
 3.57958979e-07 -7.41012999e-07  3.57958979e-07 -1.90905543e-05 
 3.58008979e-07  8.48270566e-07  3.58008979e-07  1.93950070e-05 
 3.58058979e-07 -7.13506176e-07  3.58058979e-07 -1.96573033e-05 
 3.58108979e-07  8.21118011e-07  3.58108979e-07  1.99483499e-05 
 3.58158979e-07 -6.86726925e-07  3.58158979e-07 -2.01975518e-05 
 3.58208979e-07  7.94684108e-07  3.58208979e-07  2.04756770e-05 
 3.58258979e-07 -6.60656585e-07  3.58258979e-07 -2.07122578e-05 
 3.58308979e-07  7.68950356e-07  3.58308979e-07  2.09779281e-05 
 3.58358979e-07 -6.35276913e-07  3.58358979e-07 -2.12023436e-05 
 3.58408979e-07  7.43898753e-07  3.58408979e-07  2.14560084e-05 
 3.58458979e-07 -6.10570114e-07  3.58458979e-07 -2.16686975e-05 
 3.58508979e-07  7.19511658e-07  3.58508979e-07  2.19107896e-05 
 3.58558979e-07 -5.86518807e-07  3.58558979e-07 -2.21121753e-05 
 3.58608979e-07  6.95771920e-07  3.58608979e-07  2.23431114e-05 
 3.58658979e-07 -5.63106060e-07  3.58658979e-07 -2.25336009e-05 
 3.58708979e-07  6.72662781e-07  3.58708979e-07  2.27537828e-05 
 3.58758979e-07 -5.40315370e-07  3.58758979e-07 -2.29337688e-05 
 3.58808979e-07  6.50167943e-07  3.58808979e-07  2.31435832e-05 
 3.58858979e-07 -5.18130648e-07  3.58858979e-07 -2.33134439e-05 
 3.58908979e-07  6.28271504e-07  3.58908979e-07  2.35132638e-05 
 3.58958979e-07 -4.96536205e-07  3.58958979e-07 -2.36733638e-05 
 3.59008979e-07  6.06957945e-07  3.59008979e-07  2.38635486e-05 
 3.59058979e-07 -4.75516743e-07  3.59058979e-07 -2.40142392e-05 
 3.59108979e-07  5.86212186e-07  3.59108979e-07  2.41951353e-05 
 3.59158979e-07 -4.55057371e-07  3.59158979e-07 -2.43367553e-05 
 3.59208979e-07  5.66019486e-07  3.59208979e-07  2.45086968e-05 
 3.59258979e-07 -4.35143594e-07  3.59258979e-07 -2.46415728e-05 
 3.59308979e-07  5.46365527e-07  3.59308979e-07  2.48048814e-05 
 3.59358979e-07 -4.15761267e-07  3.59358979e-07 -2.49293283e-05 
 3.59408979e-07  5.27236354e-07  3.59408979e-07  2.50843147e-05 
 3.59458979e-07 -3.96896626e-07  3.59458979e-07 -2.52006362e-05 
 3.59508979e-07  5.08618387e-07  3.59508979e-07  2.53475997e-05 
 3.59558979e-07 -3.78536310e-07  3.59558979e-07 -2.54560887e-05 
 3.59608979e-07  4.90498383e-07  3.59608979e-07  2.55953179e-05 
 3.59658979e-07 -3.60667228e-07  3.59658979e-07 -2.56962569e-05 
 3.59708979e-07  4.72863429e-07  3.59708979e-07  2.58280306e-05 
 3.59758979e-07 -3.43276646e-07  3.59758979e-07 -2.59216920e-05 
 3.59808979e-07  4.55700983e-07  3.59808979e-07  2.60462786e-05 
 3.59858979e-07 -3.26352231e-07  3.59858979e-07 -2.61329253e-05 
 3.59908979e-07  4.38998824e-07  3.59908979e-07  2.62505841e-05 
 3.59954490e-07 -3.09080754e-07  3.59954490e-07 -2.63398717e-05 
 3.60000000e-07  4.21165743e-07  3.60000000e-07  2.64595760e-05 
 3.60005000e-07  1.75372526e-05  3.60005000e-07  2.19363905e-04 
 3.60015000e-07 -7.96923148e-06  3.60015000e-07  1.26328292e-05 
 3.60035000e-07 -9.70125849e-06  3.60035000e-07 -8.49158498e-05 
 3.60075000e-07  1.02692229e-05  3.60075000e-07 -6.45619886e-05 
 3.60125000e-07 -4.12467842e-05  3.60125000e-07 -1.29572519e-04 
 3.60162500e-07 -7.33602733e-05  3.60162500e-07 -3.61527081e-04 
 3.60200000e-07  5.81911176e-04  3.60200000e-07  3.48106803e-04 
 3.60205000e-07  3.42258246e-04  3.60205000e-07  1.98076667e-04 
 3.60215000e-07 -3.91764060e-04  3.60215000e-07  4.48531641e-04 
 3.60235000e-07 -3.96563130e-04  3.60235000e-07  1.04092362e-03 
 3.60275000e-07  3.16029406e-04  3.60275000e-07  1.30526615e-03 
 3.60317481e-07 -2.05281446e-04  3.60317481e-07 -2.48882108e-03 
 3.60362355e-07  1.37444709e-04  3.60362355e-07  6.22071797e-04 
 3.60412355e-07 -9.85478518e-05  3.60412355e-07 -9.59253474e-05 
 3.60462355e-07  7.30240481e-05  3.60462355e-07  1.76909018e-04 
 3.60512355e-07 -5.52233228e-05  3.60512355e-07 -9.29612872e-05 
 3.60562355e-07  4.28100697e-05  3.60562355e-07  4.74913151e-05 
 3.60612355e-07 -3.35167271e-05  3.60612355e-07 -7.45344240e-06 
 3.60662355e-07  2.67982534e-05  3.60662355e-07 -2.14951639e-05 
 3.60712355e-07 -2.14824647e-05  3.60712355e-07  4.36527720e-05 
 3.60762355e-07  1.75929209e-05  3.60762355e-07 -6.03364194e-05 
 3.60812355e-07 -1.43523448e-05  3.60812355e-07  7.30425623e-05 
 3.60862355e-07  1.20046484e-05  3.60862355e-07 -8.26109571e-05 
 3.60912355e-07 -9.91667548e-06  3.60912355e-07  8.98258550e-05 
 3.60962355e-07  8.44637350e-06  3.60962355e-07 -9.50899722e-05 
 3.61012355e-07 -7.02830027e-06  3.61012355e-07  9.88975018e-05 
 3.61062355e-07  6.07692351e-06  3.61062355e-07 -1.01437703e-04 
 3.61112355e-07 -5.06285172e-06  3.61112355e-07  1.03056107e-04 
 3.61162355e-07  4.43020784e-06  3.61162355e-07 -1.03832826e-04 
 3.61212355e-07 -3.66934348e-06  3.61212355e-07  1.04028922e-04 
 3.61262355e-07  3.24045401e-06  3.61262355e-07 -1.03662951e-04 
 3.61312355e-07 -2.64488951e-06  3.61312355e-07  1.02942286e-04 
 3.61362355e-07  2.35177196e-06  3.61362355e-07 -1.01848311e-04 
 3.61412355e-07 -1.86867935e-06  3.61412355e-07  1.00551587e-04 
 3.61462355e-07  1.66981087e-06  3.61462355e-07 -9.90102159e-05 
 3.61512355e-07 -1.26633929e-06  3.61512355e-07  9.73684055e-05 
 3.61562355e-07  1.13542784e-06  3.61562355e-07 -9.55695478e-05 
 3.61612355e-07 -7.90373042e-07  3.61612355e-07  9.37385532e-05 
 3.61662355e-07  7.10120265e-07  3.61662355e-07 -9.18096516e-05 
 3.61712355e-07 -4.09255644e-07  3.61712355e-07  8.98934550e-05 
 3.61762355e-07  3.67831617e-07  3.61762355e-07 -8.79187023e-05 
 3.61812355e-07 -1.01242431e-07  3.61812355e-07  8.59853355e-05 
 3.61862355e-07  9.02528543e-08  3.61862355e-07 -8.40190426e-05 
 3.61912355e-07  1.49218841e-07  3.61912355e-07  8.21117584e-05 
 3.61956178e-07 -1.50242644e-07  3.61956178e-07 -7.99217207e-05 
 3.62000000e-07  3.79308459e-07  3.62000000e-07  7.78101443e-05 
 3.62005000e-07 -1.03677358e-07  3.62005000e-07  4.68611373e-06 
 3.62015000e-07  1.15359505e-07  3.62015000e-07 -4.59177243e-06 
 3.62035000e-07  4.16563759e-08  3.62035000e-07  4.30455577e-06 
 3.62075000e-07  7.13872589e-08  3.62075000e-07 -4.05679831e-06 
 3.62125000e-07  4.93016375e-08  3.62125000e-07  3.91313180e-06 
 3.62162500e-07  7.43658001e-08  3.62162500e-07 -3.73278092e-06 
 3.62200000e-07  2.00315529e-07  3.62200000e-07  3.59047451e-06 
 3.62205000e-07  7.07680809e-07  3.62205000e-07  3.06174420e-07 
 3.62215000e-07 -3.13681848e-07  3.62215000e-07  2.22476100e-07 
 3.62235000e-07 -3.31301002e-06  3.62235000e-07  5.99892391e-08 
 3.62275000e-07  6.13690337e-06  3.62275000e-07 -2.32692181e-07 
 3.62325000e-07 -7.28360332e-06  3.62325000e-07  1.15440546e-06 
 3.62375000e-07  7.42251346e-06  3.62375000e-07 -5.88814935e-06 
 3.62425000e-07 -6.42298957e-06  3.62425000e-07  1.33192105e-05 
 3.62475000e-07  5.27374756e-06  3.62475000e-07 -1.76540522e-05 
 3.62525000e-07 -3.85459463e-06  3.62525000e-07  1.81790361e-05 
 3.62575000e-07  2.83595369e-06  3.62575000e-07 -1.80779228e-05 
 3.62625000e-07 -1.79877489e-06  3.62625000e-07  1.84204214e-05 
 3.62675000e-07  1.22226060e-06  3.62675000e-07 -1.87642933e-05 
 3.62725000e-07 -5.91282396e-07  3.62725000e-07  1.90528879e-05 
 3.62775000e-07  3.48753661e-07  3.62775000e-07 -1.91896288e-05 
 3.62825000e-07  2.47612166e-08  3.62825000e-07  1.92445193e-05 
 3.62875000e-07 -7.70033267e-08  3.62875000e-07 -1.91699786e-05 
 3.62925000e-07  3.13878639e-07  3.62925000e-07  1.90463861e-05 
 3.62975000e-07 -2.70035887e-07  3.62975000e-07 -1.88251136e-05 
 3.63025000e-07  4.40383298e-07  3.63025000e-07  1.85829381e-05 
 3.63075000e-07 -3.51019037e-07  3.63075000e-07 -1.82672075e-05 
 3.63125000e-07  4.90499255e-07  3.63125000e-07  1.79511484e-05 
 3.63175000e-07 -3.80346735e-07  3.63175000e-07 -1.75788979e-05 
 3.63225000e-07  5.05894373e-07  3.63225000e-07  1.72209686e-05 
 3.63275000e-07 -3.86429094e-07  3.63275000e-07 -1.68190070e-05 
 3.63325000e-07  5.05760673e-07  3.63325000e-07  1.64417819e-05 
 3.63375000e-07 -3.82135526e-07  3.63375000e-07 -1.60286898e-05 
 3.63425000e-07  4.98676773e-07  3.63425000e-07  1.56472886e-05 
 3.63475000e-07 -3.73169597e-07  3.63475000e-07 -1.52356224e-05 
 3.63525000e-07  4.88431909e-07  3.63525000e-07  1.48600767e-05 
 3.63575000e-07 -3.62050370e-07  3.63575000e-07 -1.44578367e-05 
 3.63625000e-07  4.76713076e-07  3.63625000e-07  1.40944452e-05 
 3.63675000e-07 -3.49923431e-07  3.63675000e-07 -1.37064822e-05 
 3.63725000e-07  4.64314702e-07  3.63725000e-07  1.33588924e-05 
 3.63775000e-07 -3.37355175e-07  3.63775000e-07 -1.29878502e-05 
 3.63825000e-07  4.51654068e-07  3.63825000e-07  1.26578865e-05 
 3.63875000e-07 -3.24663905e-07  3.63875000e-07 -1.23049137e-05 
 3.63925000e-07  4.38982113e-07  3.63925000e-07  1.19931835e-05 
 3.63975000e-07 -3.12053102e-07  3.63975000e-07 -1.16584474e-05 
 3.64025000e-07  4.26467309e-07  3.64025000e-07  1.13647743e-05 
 3.64075000e-07 -2.99664073e-07  3.64075000e-07 -1.10478254e-05 
 3.64125000e-07  4.14228870e-07  3.64125000e-07  1.07715546e-05 
 3.64175000e-07 -2.87597237e-07  3.64175000e-07 -1.04715809e-05 
 3.64225000e-07  4.02350730e-07  3.64225000e-07  1.02117902e-05 
 3.64275000e-07 -2.75921898e-07  3.64275000e-07 -9.92779057e-06 
 3.64325000e-07  3.90889096e-07  3.64325000e-07  9.68343201e-06 
 3.64375000e-07 -2.64682511e-07  3.64375000e-07 -9.41433096e-06 
 3.64425000e-07  3.79877889e-07  3.64425000e-07  9.18432282e-06 
 3.64475000e-07 -2.53903577e-07  3.64475000e-07 -8.92904408e-06 
 3.64525000e-07  3.69333291e-07  3.64525000e-07  8.71232884e-06 
 3.64575000e-07 -2.43594049e-07  3.64575000e-07 -8.46983963e-06 
 3.64625000e-07  3.59257985e-07  3.64625000e-07  8.26541734e-06 
 3.64675000e-07 -2.33751144e-07  3.64675000e-07 -8.03475289e-06 
 3.64725000e-07  3.49644540e-07  3.64725000e-07  7.84169858e-06 
 3.64775000e-07 -2.24363613e-07  3.64775000e-07 -7.62197367e-06 
 3.64825000e-07  3.40478552e-07  3.64825000e-07  7.43944404e-06 
 3.64875000e-07 -2.15414471e-07  3.64875000e-07 -7.22985587e-06 
 3.64925000e-07  3.31741004e-07  3.64925000e-07  7.05708917e-06 
 3.64975000e-07 -2.06883114e-07  3.64975000e-07 -6.85691493e-06 
 3.65025000e-07  3.23410092e-07  3.65025000e-07  6.69322705e-06 
 3.65075000e-07 -1.98746938e-07  3.65075000e-07 -6.50181871e-06 
 3.65125000e-07  3.15462710e-07  3.65125000e-07  6.34659694e-06 
 3.65175000e-07 -1.90982543e-07  3.65175000e-07 -6.16337444e-06 
 3.65225000e-07  3.07875395e-07  3.65225000e-07  6.01607021e-06 
 3.65275000e-07 -1.83566592e-07  3.65275000e-07 -5.84051404e-06 
 3.65325000e-07  3.00625092e-07  3.65325000e-07  5.70063577e-06 
 3.65375000e-07 -1.76476432e-07  3.65375000e-07 -5.53227983e-06 
 3.65425000e-07  2.93689588e-07  3.65425000e-07  5.39938572e-06 
 3.65475000e-07 -1.69690382e-07  3.65475000e-07 -5.23781046e-06 
 3.65525000e-07  2.87047843e-07  3.65525000e-07  5.11150208e-06 
 3.65575000e-07 -1.63188069e-07  3.65575000e-07 -4.95632831e-06 
 3.65625000e-07  2.80680164e-07  3.65625000e-07  4.83624477e-06 
 3.65675000e-07 -1.56950508e-07  3.65675000e-07 -4.68712822e-06 
 3.65725000e-07  2.74568274e-07  3.65725000e-07  4.57294099e-06 
 3.65775000e-07 -1.50960094e-07  3.65775000e-07 -4.42956748e-06 
 3.65825000e-07  2.68695256e-07  3.65825000e-07  4.32097598e-06 
 3.65875000e-07 -1.45200647e-07  3.65875000e-07 -4.18305735e-06 
 3.65925000e-07  2.63045635e-07  3.65925000e-07  4.07978519e-06 
 3.65975000e-07 -1.39657354e-07  3.65975000e-07 -3.94705577e-06 
 3.66025000e-07  2.57605225e-07  3.66025000e-07  3.84884745e-06 
 3.66075000e-07 -1.34316628e-07  3.66075000e-07 -3.72106109e-06 
 3.66125000e-07  2.52361070e-07  3.66125000e-07  3.62767931e-06 
 3.66175000e-07 -1.29166131e-07  3.66175000e-07 -3.50460689e-06 
 3.66225000e-07  2.47301390e-07  3.66225000e-07  3.41583034e-06 
 3.66275000e-07 -1.24194605e-07  3.66275000e-07 -3.29725767e-06 
 3.66325000e-07  2.42415408e-07  3.66325000e-07  3.21287895e-06 
 3.66375000e-07 -1.19391735e-07  3.66375000e-07 -3.09860503e-06 
 3.66425000e-07  2.37693297e-07  3.66425000e-07  3.01842923e-06 
 3.66475000e-07 -1.14748200e-07  3.66475000e-07 -2.90826477e-06 
 3.66525000e-07  2.33126164e-07  3.66525000e-07  2.83210800e-06 
 3.66575000e-07 -1.10255462e-07  3.66575000e-07 -2.72587421e-06 
 3.66625000e-07  2.28705854e-07  3.66625000e-07  2.65356257e-06 
 3.66675000e-07 -1.05905747e-07  3.66675000e-07 -2.55109014e-06 
 3.66725000e-07  2.24424938e-07  3.66725000e-07  2.48245871e-06 
 3.66775000e-07 -1.01691946e-07  3.66775000e-07 -2.38358688e-06 
 3.66825000e-07  2.20276591e-07  3.66825000e-07  2.31847895e-06 
 3.66875000e-07 -9.76075187e-08  3.66875000e-07 -2.22305490e-06 
 3.66925000e-07  2.16254587e-07  3.66925000e-07  2.16132132e-06 
 3.66975000e-07 -9.36465413e-08  3.66975000e-07 -2.06919943e-06 
 3.67025000e-07  2.12353234e-07  3.67025000e-07  2.01069803e-06 
 3.67075000e-07 -8.98034953e-08  3.67075000e-07 -1.92173940e-06 
 3.67125000e-07  2.08567205e-07  3.67125000e-07  1.86633447e-06 
 3.67175000e-07 -8.60733181e-08  3.67175000e-07 -1.78040647e-06 
 3.67225000e-07  2.04891694e-07  3.67225000e-07  1.72796837e-06 
 3.67275000e-07 -8.24513546e-08  3.67275000e-07 -1.64494423e-06 
 3.67325000e-07  2.01322190e-07  3.67325000e-07  1.59534894e-06 
 3.67375000e-07 -7.89332814e-08  3.67375000e-07 -1.51510742e-06 
 3.67425000e-07  1.97854512e-07  3.67425000e-07  1.46823636e-06 
 3.67475000e-07 -7.55150461e-08  3.67475000e-07 -1.39066139e-06 
 3.67525000e-07  1.94484794e-07  3.67525000e-07  1.34640096e-06 
 3.67575000e-07 -7.21929678e-08  3.67575000e-07 -1.27138141e-06 
 3.67625000e-07  1.91209448e-07  3.67625000e-07  1.22962285e-06 
 3.67675000e-07 -6.89635193e-08  3.67675000e-07 -1.15705228e-06 
 3.67725000e-07  1.88025061e-07  3.67725000e-07  1.11769140e-06 
 3.67775000e-07 -6.58234227e-08  3.67775000e-07 -1.04746779e-06 
 3.67825000e-07  1.84928505e-07  3.67825000e-07  1.01040471e-06 
 3.67875000e-07 -6.27696634e-08  3.67875000e-07 -9.42430297e-07 
 3.67925000e-07  1.81916783e-07  3.67925000e-07  9.07569312e-07 
 3.67975000e-07 -5.97993036e-08  3.67975000e-07 -8.41750434e-07 
 3.68025000e-07  1.78987093e-07  3.68025000e-07  8.08999760e-07 
 3.68075000e-07 -5.69096293e-08  3.68075000e-07 -7.45246543e-07 
 3.68125000e-07  1.76136804e-07  3.68125000e-07  7.14518223e-07 
 3.68175000e-07 -5.40981145e-08  3.68175000e-07 -6.52744540e-07 
 3.68225000e-07  1.73363435e-07  3.68225000e-07  6.23954242e-07 
 3.68275000e-07 -5.13623020e-08  3.68275000e-07 -5.64077526e-07 
 3.68325000e-07  1.70664567e-07  3.68325000e-07  5.37144380e-07 
 3.68375000e-07 -4.86998446e-08  3.68375000e-07 -4.79085457e-07 
 3.68425000e-07  1.68037980e-07  3.68425000e-07  4.53931913e-07 
 3.68475000e-07 -4.61085806e-08  3.68475000e-07 -3.97614877e-07 
 3.68525000e-07  1.65481502e-07  3.68525000e-07  3.74166607e-07 
 3.68575000e-07 -4.35863915e-08  3.68575000e-07 -3.19518671e-07 
 3.68625000e-07  1.62993073e-07  3.68625000e-07  2.97704420e-07 
 3.68675000e-07 -4.11312397e-08  3.68675000e-07 -2.44655791e-07 
 3.68725000e-07  1.60570721e-07  3.68725000e-07  2.24407196e-07 
 3.68775000e-07 -3.87412375e-08  3.68775000e-07 -1.72890996e-07 
 3.68825000e-07  1.58212621e-07  3.68825000e-07  1.54142560e-07 
 3.68875000e-07 -3.64145638e-08  3.68875000e-07 -1.04094665e-07 
 3.68925000e-07  1.55916907e-07  3.68925000e-07  8.67836107e-08 
 3.68975000e-07 -3.41494037e-08  3.68975000e-07 -3.81425006e-08 
 3.69025000e-07  1.53681869e-07  3.69025000e-07  2.22086080e-08 
 3.69075000e-07 -3.19440759e-08  3.69075000e-07  2.50845813e-08 
 3.69125000e-07  1.51505830e-07  3.69125000e-07 -3.96989788e-08 
 3.69175000e-07 -2.97969187e-08  3.69175000e-07  8.57007409e-08 
 3.69225000e-07  1.49387158e-07  3.69225000e-07 -9.90509753e-08 
 3.69275000e-07 -2.77063587e-08  3.69275000e-07  1.43815464e-07 
 3.69325000e-07  1.47324324e-07  3.69325000e-07 -1.55954516e-07 
 3.69375000e-07 -2.56708857e-08  3.69375000e-07  1.99533576e-07 
 3.69425000e-07  1.45315831e-07  3.69425000e-07 -2.10512207e-07 
 3.69475000e-07 -2.36890076e-08  3.69475000e-07  2.52955561e-07 
 3.69525000e-07  1.43360217e-07  3.69525000e-07 -2.62822485e-07 
 3.69575000e-07 -2.17593055e-08  3.69575000e-07  3.04177773e-07 
 3.69625000e-07  1.41456073e-07  3.69625000e-07 -3.12979568e-07 
 3.69675000e-07 -1.98804019e-08  3.69675000e-07  3.53292393e-07 
 3.69725000e-07  1.39602067e-07  3.69725000e-07 -3.61073772e-07 
 3.69775000e-07 -1.80509559e-08  3.69775000e-07  4.00387893e-07 
 3.69825000e-07  1.37796849e-07  3.69825000e-07 -4.07191633e-07 
 3.69875000e-07 -1.62696585e-08  3.69875000e-07  4.45548902e-07 
 3.69925000e-07  1.36039158e-07  3.69925000e-07 -4.51416020e-07 
 3.69962500e-07 -1.42506585e-08  3.69962500e-07  4.95900668e-07 
 3.70000000e-07  1.33767338e-07  3.70000000e-07 -5.07574816e-07 
 3.70005000e-07 -9.22148948e-06  3.70005000e-07 -7.57209892e-05 
 3.70015000e-07  9.01093274e-06  3.70015000e-07  1.77862107e-05 
 3.70035000e-07  7.46007075e-07  3.70035000e-07  2.36678953e-05 
 3.70075000e-07 -3.79187936e-06  3.70075000e-07  9.70317571e-06 
 3.70125000e-07  2.23858758e-05  3.70125000e-07  1.42565162e-04 
 3.70162500e-07  2.93857007e-06  3.70162500e-07  1.30965582e-04 
 3.70200000e-07 -2.95271610e-04  3.70200000e-07 -1.77817987e-04 
 3.70205000e-07 -2.76109672e-04  3.70205000e-07 -4.12467463e-04 
 3.70215000e-07  1.19035222e-04  3.70215000e-07 -8.49847393e-04 
 3.70235000e-07  5.61198508e-04  3.70235000e-07 -1.14629567e-03 
 3.70271745e-07 -4.51602869e-04  3.70271745e-07  1.37629655e-04 
 3.70313403e-07  2.66058356e-04  3.70313403e-07  1.21535034e-03 
 3.70358184e-07 -1.31057845e-04  3.70358184e-07 -1.05173531e-04 
 3.70408184e-07  4.91924382e-05  3.70408184e-07 -2.83434489e-04 
 3.70458184e-07  6.13980136e-06  3.70458184e-07  1.23070760e-04 
 3.70508184e-07 -4.22434492e-05  3.70508184e-07 -1.54650672e-04 
 3.70558184e-07  6.53627002e-05  3.70558184e-07  1.59891308e-04 
 3.70608184e-07 -7.91907160e-05  3.70608184e-07 -1.75830304e-04 
 3.70658184e-07  8.68096351e-05  3.70658184e-07  1.86903066e-04 
 3.70708184e-07 -8.97859614e-05  3.70708184e-07 -1.96429502e-04 
 3.70758184e-07  8.98860046e-05  3.70758184e-07  2.03494029e-04 
 3.70808184e-07 -8.75568882e-05  3.70808184e-07 -2.08565600e-04 
 3.70858184e-07  8.41184622e-05  3.70858184e-07  2.12008465e-04 
 3.70908184e-07 -7.94841149e-05  3.70908184e-07 -2.13928133e-04 
 3.70958184e-07  7.45671490e-05  3.70958184e-07  2.14676601e-04 
 3.71008184e-07 -6.91393868e-05  3.71008184e-07 -2.14336943e-04 
 3.71058184e-07  6.38851854e-05  3.71058184e-07  2.13230628e-04 
 3.71108184e-07 -5.84619723e-05  3.71108184e-07 -2.11333157e-04 
 3.71158184e-07  5.34369235e-05  3.71158184e-07  2.08938063e-04 
 3.71208184e-07 -4.84082639e-05  3.71208184e-07 -2.05993592e-04 
 3.71258184e-07  4.38792656e-05  3.71258184e-07  2.02745735e-04 
 3.71308184e-07 -3.94102241e-05  3.71308184e-07 -1.99125536e-04 
 3.71358184e-07  3.54740345e-05  3.71358184e-07  1.95342318e-04 
 3.71408184e-07 -3.16069546e-05  3.71408184e-07 -1.91316092e-04 
 3.71458184e-07  2.82691268e-05  3.71458184e-07  1.87226638e-04 
 3.71508184e-07 -2.49820776e-05  3.71508184e-07 -1.82987742e-04 
 3.71558184e-07  2.22022045e-05  3.71558184e-07  1.78755364e-04 
 3.71608184e-07 -1.94424793e-05  3.71608184e-07 -1.74440372e-04 
 3.71658184e-07  1.71599283e-05  3.71658184e-07  1.70179568e-04 
 3.71708184e-07 -1.48629783e-05  3.71708184e-07 -1.65883088e-04 
 3.71758184e-07  1.30112072e-05  3.71758184e-07  1.61672373e-04 
 3.71808184e-07 -1.11110225e-05  3.71808184e-07 -1.57458225e-04 
 3.71858184e-07  9.62521106e-06  3.71858184e-07  1.53349792e-04 
 3.71908184e-07 -8.05969097e-06  3.71908184e-07 -1.49259391e-04 
 3.71958184e-07  6.88048847e-06  3.71958184e-07  1.45286352e-04 
 3.72008184e-07 -5.59390835e-06  3.72008184e-07 -1.41344980e-04 
 3.72058184e-07  4.66895936e-06  3.72058184e-07  1.37526773e-04 
 3.72108184e-07 -3.61279034e-06  3.72108184e-07 -1.33748240e-04 
 3.72158184e-07  2.89702562e-06  3.72158184e-07  1.30094641e-04 
 3.72208184e-07 -2.02985558e-06  3.72208184e-07 -1.26484732e-04 
 3.72258184e-07  1.48513262e-06  3.72258184e-07  1.22998808e-04 
 3.72308184e-07 -7.72130833e-07  3.72308184e-07 -1.19557809e-04 
 3.72358184e-07  3.66565265e-07  3.72358184e-07  1.16238087e-04 
 3.72408184e-07  2.21251403e-07  3.72408184e-07 -1.12962632e-04 
 3.72458184e-07 -5.14067193e-07  3.72458184e-07  1.09804668e-04 
 3.72508184e-07  1.00062051e-06  3.72508184e-07 -1.06689065e-04 
 3.72558184e-07 -1.20240313e-06  3.72558184e-07  1.03686569e-04 
 3.72608184e-07  1.60731267e-06  3.72608184e-07 -1.00723747e-04 
 3.72658184e-07 -1.73582166e-06  3.72658184e-07  9.78693861e-05 
 3.72708184e-07  2.07509797e-06  3.72708184e-07 -9.50515597e-05 
 3.72758184e-07 -2.14479220e-06  3.72758184e-07  9.23375137e-05 
 3.72808184e-07  2.43144789e-06  3.72808184e-07 -8.96566419e-05 
 3.72858184e-07 -2.45405636e-06  3.72858184e-07  8.70749820e-05 
 3.72908184e-07  2.69863243e-06  3.72908184e-07 -8.45230746e-05 
 3.72958184e-07 -2.68364123e-06  3.72958184e-07  8.20660164e-05 
 3.73008184e-07  2.89465303e-06  3.73008184e-07 -7.96353328e-05 
 3.73058184e-07 -2.84971506e-06  3.73058184e-07  7.72953944e-05 
 3.73108184e-07  3.03402549e-06  3.73108184e-07 -7.49785646e-05 
 3.73158184e-07 -2.96530142e-06  3.73158184e-07  7.27486606e-05 
 3.73208184e-07  3.12843051e-06  3.73208184e-07 -7.05387517e-05 
 3.73258184e-07 -3.04087055e-06  3.73258184e-07  6.84122409e-05 
 3.73308184e-07  3.18725042e-06  3.73308184e-07 -6.63027863e-05 
 3.73358184e-07 -3.08482552e-06  3.73358184e-07  6.42734884e-05 
 3.73408184e-07  3.21800911e-06  3.73408184e-07 -6.22584910e-05 
 3.73458184e-07 -3.10389993e-06  3.73458184e-07  6.03206828e-05 
 3.73508184e-07  3.22673130e-06  3.73508184e-07 -5.83946025e-05 
 3.73558184e-07 -3.10348183e-06  3.73558184e-07  5.65429998e-05 
 3.73608184e-07  3.21823439e-06  3.73608184e-07 -5.47007305e-05 
 3.73658184e-07 -3.08787662e-06  3.73658184e-07  5.29304636e-05 
 3.73708184e-07  3.19636521e-06  3.73708184e-07 -5.11673042e-05 
 3.73758184e-07 -3.06052002e-06  3.73758184e-07  4.94738880e-05 
 3.73808184e-07  3.16419139e-06  3.73808184e-07 -4.77855113e-05 
 3.73858184e-07 -3.02414982e-06  3.73858184e-07  4.61648145e-05 
 3.73908184e-07  3.12415568e-06  3.73908184e-07 -4.45472354e-05 
 3.73958184e-07 -2.98094462e-06  3.73958184e-07  4.29954491e-05 
 3.74008184e-07  3.07820037e-06  3.74008184e-07 -4.14449932e-05 
 3.74058184e-07 -2.93263522e-06  3.74058184e-07  3.99586015e-05 
 3.74108184e-07  3.02786721e-06  3.74108184e-07 -3.84718757e-05 
 3.74158184e-07 -2.88059425e-06  3.74158184e-07  3.70476272e-05 
 3.74208184e-07  2.97437774e-06  3.74208184e-07 -3.56214924e-05 
 3.74258184e-07 -2.82590820e-06  3.74258184e-07  3.42563746e-05 
 3.74308184e-07  2.91869774e-06  3.74308184e-07 -3.28879201e-05 
 3.74358184e-07 -2.76943499e-06  3.74358184e-07  3.15791356e-05 
 3.74408184e-07  2.86158883e-06  3.74408184e-07 -3.02656570e-05 
 3.74458184e-07 -2.71185018e-06  3.74458184e-07  2.90106022e-05 
 3.74508184e-07  2.80364980e-06  3.74508184e-07 -2.77495803e-05 
 3.74558184e-07 -2.65368408e-06  3.74558184e-07  2.65458263e-05 
 3.74608184e-07  2.74534975e-06  3.74608184e-07 -2.53349091e-05 
 3.74658184e-07 -2.59535113e-06  3.74658184e-07  2.41801846e-05 
 3.74708184e-07  2.68705451e-06  3.74708184e-07 -2.30171711e-05 
 3.74758184e-07 -2.53717381e-06  3.74758184e-07  2.19093474e-05 
 3.74808184e-07  2.62904775e-06  3.74808184e-07 -2.07921730e-05 
 3.74858184e-07 -2.47940125e-06  3.74858184e-07  1.97292504e-05 
 3.74908184e-07  2.57154792e-06  3.74908184e-07 -1.86559740e-05 
 3.74958184e-07 -2.42222455e-06  3.74958184e-07  1.76360701e-05 
 3.75008184e-07  2.51472170e-06  3.75008184e-07 -1.66048634e-05 
 3.75058184e-07 -2.36578868e-06  3.75058184e-07  1.56262024e-05 
 3.75108184e-07  2.45869475e-06  3.75108184e-07 -1.46353394e-05 
 3.75158184e-07 -2.31020207e-06  3.75158184e-07  1.36962432e-05 
 3.75208184e-07  2.40356020e-06  3.75208184e-07 -1.27440916e-05 
 3.75258184e-07 -2.25554435e-06  3.75258184e-07  1.18429711e-05 
 3.75308184e-07  2.34938565e-06  3.75308184e-07 -1.09279845e-05 
 3.75358184e-07 -2.20187236e-06  3.75358184e-07  1.00633331e-05 
 3.75408184e-07  2.29621838e-06  3.75408184e-07 -9.18404416e-06 
 3.75458184e-07 -2.14922499e-06  3.75458184e-07  8.35443047e-06 
 3.75508184e-07  2.24408984e-06  3.75508184e-07 -7.50944481e-06 
 3.75558184e-07 -2.09762709e-06  3.75558184e-07  6.71350762e-06 
 3.75608184e-07  2.19301903e-06  3.75608184e-07 -5.90149833e-06 
 3.75658184e-07 -2.04709250e-06  3.75658184e-07  5.13794120e-06 
 3.75708184e-07  2.14301522e-06  3.75708184e-07 -4.35764406e-06 
 3.75758184e-07 -1.99762645e-06  3.75758184e-07  3.62523087e-06 
 3.75808184e-07  2.09408009e-06  3.75808184e-07 -2.87543990e-06 
 3.75858184e-07 -1.94922758e-06  3.75858184e-07  2.17299077e-06 
 3.75908184e-07  2.04620958e-06  3.75908184e-07 -1.45255454e-06 
 3.75958184e-07 -1.90188937e-06  3.75958184e-07  7.78942217e-07 
 3.76008184e-07  1.99939506e-06  3.76008184e-07 -8.67602193e-08 
 3.76058184e-07 -1.85560141e-06  3.76058184e-07 -5.59093302e-07 
 3.76108184e-07  1.95362452e-06  3.76108184e-07  1.22407380e-06 
 3.76158184e-07 -1.81035032e-06  3.76158184e-07 -1.84320021e-06 
 3.76208184e-07  1.90888339e-06  3.76208184e-07  2.48198699e-06 
 3.76258184e-07 -1.76612053e-06  3.76258184e-07 -3.07537429e-06 
 3.76308184e-07  1.86515524e-06  3.76308184e-07  3.68893277e-06 
 3.76358184e-07 -1.72289487e-06  3.76358184e-07 -4.25752798e-06 
 3.76408184e-07  1.82242226e-06  3.76408184e-07  4.84678364e-06 
 3.76458184e-07 -1.68065500e-06  3.76458184e-07 -5.39149481e-06 
 3.76508184e-07  1.78066573e-06  3.76508184e-07  5.95733531e-06 
 3.76558184e-07 -1.63938187e-06  3.76558184e-07 -6.47903370e-06 
 3.76608184e-07  1.73986625e-06  3.76608184e-07  7.02231095e-06 
 3.76658184e-07 -1.59905588e-06  3.76658184e-07 -7.52183295e-06 
 3.76708184e-07  1.70000411e-06  3.76708184e-07  8.04336487e-06 
 3.76758184e-07 -1.55965720e-06  3.76758184e-07 -8.52151373e-06 
 3.76808184e-07  1.66105937e-06  3.76808184e-07  9.02208596e-06 
 3.76858184e-07 -1.52116587e-06  3.76858184e-07 -9.47963346e-06 
 3.76908184e-07  1.62301210e-06  3.76908184e-07  9.96000105e-06 
 3.76958184e-07 -1.48356199e-06  3.76958184e-07 -1.03976890e-05 
 3.77008184e-07  1.58584245e-06  3.77008184e-07  1.08585777e-05 
 3.77058184e-07 -1.44682581e-06  3.77058184e-07 -1.12771193e-05 
 3.77108184e-07  1.54953076e-06  3.77108184e-07  1.17192272e-05 
 3.77158184e-07 -1.41093779e-06  3.77158184e-07 -1.21193085e-05 
 3.77208184e-07  1.51405763e-06  3.77208184e-07  1.25433068e-05 
 3.77258184e-07 -1.37587864e-06  3.77258184e-07 -1.29255879e-05 
 3.77308184e-07  1.47940391e-06  3.77308184e-07  1.33321228e-05 
 3.77358184e-07 -1.34162941e-06  3.77358184e-07 -1.36972387e-05 
 3.77408184e-07  1.44555079e-06  3.77408184e-07  1.40869321e-05 
 3.77458184e-07 -1.30817146e-06  3.77458184e-07 -1.44354943e-05 
 3.77508184e-07  1.41247986e-06  3.77508184e-07  1.48089448e-05 
 3.77558184e-07 -1.27548656e-06  3.77558184e-07 -1.51415421e-05 
 3.77608184e-07  1.38017303e-06  3.77608184e-07  1.54993261e-05 
 3.77658184e-07 -1.24355682e-06  3.77658184e-07 -1.58165255e-05 
 3.77708184e-07  1.34861263e-06  3.77708184e-07  1.61591984e-05 
 3.77758184e-07 -1.21236474e-06  3.77758184e-07 -1.64615459e-05 
 3.77808184e-07  1.31778135e-06  3.77808184e-07  1.67896426e-05 
 3.77858184e-07 -1.18189324e-06  3.77858184e-07 -1.70776645e-05 
 3.77908184e-07  1.28766230e-06  3.77908184e-07  1.73917004e-05 
 3.77958184e-07 -1.15212561e-06  3.77958184e-07 -1.76659038e-05 
 3.78008184e-07  1.25823892e-06  3.78008184e-07  1.79663758e-05 
 3.78058184e-07 -1.12304549e-06  3.78058184e-07 -1.82272494e-05 
 3.78108184e-07  1.22949511e-06  3.78108184e-07  1.85146361e-05 
 3.78158184e-07 -1.09463699e-06  3.78158184e-07 -1.87626510e-05 
 3.78208184e-07  1.20141511e-06  3.78208184e-07  1.90374141e-05 
 3.78258184e-07 -1.06688448e-06  3.78258184e-07 -1.92730245e-05 
 3.78308184e-07  1.17398352e-06  3.78308184e-07  1.95356091e-05 
 3.78358184e-07 -1.03977282e-06  3.78358184e-07 -1.97592529e-05 
 3.78408184e-07  1.14718533e-06  3.78408184e-07  2.00100884e-05 
 3.78458184e-07 -1.01328714e-06  3.78458184e-07 -2.02221879e-05 
 3.78508184e-07  1.12100592e-06  3.78508184e-07  2.04616880e-05 
 3.78558184e-07 -9.87413024e-07  3.78558184e-07 -2.06626507e-05 
 3.78608184e-07  1.09543095e-06  3.78608184e-07  2.08912149e-05 
 3.78658184e-07 -9.62136243e-07  3.78658184e-07 -2.10814336e-05 
 3.78708184e-07  1.07044646e-06  3.78708184e-07  2.12994470e-05 
 3.78758184e-07 -9.37443129e-07  3.78758184e-07 -2.14793009e-05 
 3.78808184e-07  1.04603887e-06  3.78808184e-07  2.16871353e-05 
 3.78858184e-07 -9.13320149e-07  3.78858184e-07 -2.18569901e-05 
 3.78908184e-07  1.02219487e-06  3.78908184e-07  2.20550041e-05 
 3.78958184e-07 -8.89754196e-07  3.78958184e-07 -2.22152128e-05 
 3.79008184e-07  9.98901463e-07  3.79008184e-07  2.24037524e-05 
 3.79058184e-07 -8.66732465e-07  3.79058184e-07 -2.25546557e-05 
 3.79108184e-07  9.76146025e-07  3.79108184e-07  2.27340550e-05 
 3.79158184e-07 -8.44242442e-07  3.79158184e-07 -2.28759815e-05 
 3.79208184e-07  9.53916174e-07  3.79208184e-07  2.30465629e-05 
 3.79258184e-07 -8.22271914e-07  3.79258184e-07 -2.31798300e-05 
 3.79308184e-07  9.32199860e-07  3.79308184e-07  2.33419048e-05 
 3.79358184e-07 -8.00808962e-07  3.79358184e-07 -2.34668188e-05 
 3.79408184e-07  9.10985289e-07  3.79408184e-07  2.36206874e-05 
 3.79458184e-07 -7.79841961e-07  3.79458184e-07 -2.37375439e-05 
 3.79508184e-07  8.90261002e-07  3.79508184e-07  2.38834965e-05 
 3.79558184e-07 -7.59359566e-07  3.79558184e-07 -2.39925811e-05 
 3.79608184e-07  8.70015760e-07  3.79608184e-07  2.41308976e-05 
 3.79658184e-07 -7.39350705e-07  3.79658184e-07 -2.42324860e-05 
 3.79708184e-07  8.50238629e-07  3.79708184e-07  2.43634371e-05 
 3.79758184e-07 -7.19804533e-07  3.79758184e-07 -2.44577955e-05 
 3.79808184e-07  8.30918906e-07  3.79808184e-07  2.45816422e-05 
 3.79858184e-07 -7.00710491e-07  3.79858184e-07 -2.46690276e-05 
 3.79908184e-07  8.12046130e-07  3.79908184e-07  2.47860223e-05 
 3.79954092e-07 -6.81237006e-07  3.79954092e-07 -2.48751862e-05 
 3.80000000e-07  7.91987604e-07  3.80000000e-07  2.49934693e-05 
 3.80005000e-07  1.75685769e-05  3.80005000e-07  2.19528824e-04 
 3.80015000e-07 -8.00394595e-06  3.80015000e-07  1.23199289e-05 
 3.80035000e-07 -9.71133857e-06  3.80035000e-07 -8.48114193e-05 
 3.80075000e-07  1.03035189e-05  3.80075000e-07 -6.45636551e-05 
 3.80125000e-07 -4.13232633e-05  3.80125000e-07 -1.29470795e-04 
 3.80162500e-07 -7.34583750e-05  3.80162500e-07 -3.61241584e-04 
 3.80200000e-07  5.83071566e-04  3.80200000e-07  3.46391342e-04 
 3.80205000e-07  3.40299861e-04  3.80205000e-07  1.96820974e-04 
 3.80215000e-07 -3.95762883e-04  3.80215000e-07  4.53044195e-04 
 3.80235000e-07 -3.92524023e-04  3.80235000e-07  1.05517223e-03 
 3.80275000e-07  3.13849149e-04  3.80275000e-07  1.29180436e-03 
 3.80318188e-07 -2.05710702e-04  3.80318188e-07 -2.51229512e-03 
 3.80363619e-07  1.38674876e-04  3.80363619e-07  6.99248736e-04 
 3.80413619e-07 -9.95388377e-05  3.80413619e-07 -1.47283730e-04 
 3.80463619e-07  7.38331851e-05  3.80463619e-07  2.15667854e-04 
 3.80513619e-07 -5.58918716e-05  3.80513619e-07 -1.31456105e-04 
 3.80563619e-07  4.33690788e-05  3.80563619e-07  8.50571616e-05 
 3.80613619e-07 -3.39892203e-05  3.80613619e-07 -4.47533916e-05 
 3.80663619e-07  2.72035016e-05  3.80663619e-07  1.54687009e-05 
 3.80713619e-07 -2.18360839e-05  3.80713619e-07  7.04540529e-06 
 3.80763619e-07  1.79073500e-05  3.80763619e-07 -2.41510542e-05 
 3.80813619e-07 -1.46376342e-05  3.80813619e-07  3.73198785e-05 
 3.80863619e-07  1.22680793e-05  3.80863619e-07 -4.74087825e-05 
 3.80913619e-07 -1.01636921e-05  3.80913619e-07  5.51728491e-05 
 3.80963619e-07  8.68066834e-06  3.80963619e-07 -6.10302688e-05 
 3.81013619e-07 -7.25239659e-06  3.81013619e-07  6.54475023e-05 
 3.81063619e-07  6.29238060e-06  3.81063619e-07 -6.86287584e-05 
 3.81113619e-07 -5.27061793e-06  3.81113619e-07  7.08946541e-05 
 3.81163619e-07  4.63077620e-06  3.81163619e-07 -7.23394917e-05 
 3.81213619e-07 -3.86295259e-06  3.81213619e-07  7.32024943e-05 
 3.81263619e-07  3.42717052e-06  3.81263619e-07 -7.35155147e-05 
 3.81313619e-07 -2.82471688e-06  3.81313619e-07  7.34671074e-05 
 3.81363619e-07  2.52467844e-06  3.81363619e-07 -7.30509424e-05 
 3.81413619e-07 -2.03465571e-06  3.81413619e-07  7.24215416e-05 
 3.81463619e-07  1.82886650e-06  3.81463619e-07 -7.15482075e-05 
 3.81513619e-07 -1.41853409e-06  3.81513619e-07  7.05615704e-05 
 3.81563619e-07  1.28085281e-06  3.81563619e-07 -6.94151110e-05 
 3.81613619e-07 -9.29170057e-07  3.81613619e-07  6.82222967e-05 
 3.81663619e-07  8.42456951e-07  3.81663619e-07 -6.69263527e-05 
 3.81713619e-07 -5.35340271e-07  3.81713619e-07  6.56282751e-05 
 3.81763619e-07  4.87887325e-07  3.81763619e-07 -6.42647556e-05 
 3.81813619e-07 -2.15520475e-07  3.81813619e-07  6.29276724e-05 
 3.81863619e-07  1.99008498e-07  3.81863619e-07 -6.15496944e-05 
 3.81913619e-07  4.57134430e-08  3.81913619e-07  6.02160067e-05 
 3.81956809e-07 -5.41616719e-08  3.81956809e-07 -5.86472784e-05 
 3.82000000e-07  2.89916406e-07  3.82000000e-07  5.71400628e-05 
 3.82005000e-07  2.45190100e-04  3.82005000e-07  3.03541438e-03 
 3.82015000e-07  1.96864533e-04  3.82015000e-07  3.40230327e-03 
 3.82035000e-07 -2.19044334e-05  3.82035000e-07  1.11760774e-03 
 3.82075000e-07  7.18944602e-05  3.82075000e-07  5.61318540e-04 
 3.82125000e-07 -3.22897758e-05  3.82125000e-07  4.45177449e-04 
 3.82162500e-07  7.04599645e-06  3.82162500e-07  6.06975565e-04 
 3.82200000e-07 -3.42366972e-05  3.82200000e-07 -3.56994386e-03 
 3.82205000e-07 -1.95780893e-04  3.82205000e-07 -2.60743690e-03 
 3.82215000e-07 -1.81542434e-04  3.82215000e-07 -1.73198192e-03 
 3.82235000e-07 -2.76130887e-05  3.82235000e-07 -1.13785056e-03 
 3.82267142e-07 -2.63284332e-05  3.82267142e-07 -5.45633058e-04 
 3.82317142e-07  2.33704207e-06  3.82317142e-07 -1.45907979e-04 
 3.82367142e-07  1.30797946e-05  3.82367142e-07 -4.73251305e-05 
 3.82417142e-07 -1.85786847e-05  3.82417142e-07 -8.77938254e-05 
 3.82467142e-07  1.67184723e-05  3.82467142e-07  1.18841727e-04 
 3.82517142e-07 -1.13216490e-05  3.82517142e-07 -1.20556235e-04 
 3.82567142e-07  5.50396896e-06  3.82567142e-07  1.08629913e-04 
 3.82617142e-07 -2.09229113e-08  3.82617142e-07 -1.08472324e-04 
 3.82667142e-07 -4.19870151e-06  3.82667142e-07  1.05744054e-04 
 3.82717142e-07  7.58853999e-06  3.82717142e-07 -1.04550588e-04 
 3.82767142e-07 -9.78911071e-06  3.82767142e-07  1.02826140e-04 
 3.82817142e-07  1.14505182e-05  3.82817142e-07 -1.01136723e-04 
 3.82867142e-07 -1.22627770e-05  3.82867142e-07  9.92375860e-05 
 3.82917142e-07  1.28526906e-05  3.82917142e-07 -9.72268716e-05 
 3.82967142e-07 -1.28599282e-05  3.82967142e-07  9.51287210e-05 
 3.83017142e-07  1.28600672e-05  3.83017142e-07 -9.29463112e-05 
 3.83067142e-07 -1.24425241e-05  3.83067142e-07  9.07578834e-05 
 3.83117142e-07  1.21474947e-05  3.83117142e-07 -8.85184348e-05 
 3.83167142e-07 -1.15310613e-05  3.83167142e-07  8.63201767e-05 
 3.83217142e-07  1.11088649e-05  3.83217142e-07 -8.41028410e-05 
 3.83267142e-07 -1.04195122e-05  3.83267142e-07  8.19522270e-05 
 3.83317142e-07  9.96351479e-06  3.83317142e-07 -7.98019600e-05 
 3.83367142e-07 -9.26949943e-06  3.83367142e-07  7.77318009e-05 
 3.83417142e-07  8.82933797e-06  3.83417142e-07 -7.56724660e-05 
 3.83467142e-07 -8.16596066e-06  3.83467142e-07  7.36990325e-05 
 3.83517142e-07  7.76634261e-06  3.83517142e-07 -7.17409737e-05 
 3.83567142e-07 -7.15018274e-06  3.83567142e-07  6.98699983e-05 
 3.83617142e-07  6.80170482e-06  3.83617142e-07 -6.80152865e-05 
 3.83667142e-07 -6.23879778e-06  3.83667142e-07  6.62461908e-05 
 3.83717142e-07  5.94416727e-06  3.83717142e-07 -6.44921330e-05 
 3.83767142e-07 -5.43471770e-06  3.83767142e-07  6.28208295e-05 
 3.83817142e-07  5.19234933e-06  3.83817142e-07 -6.11622268e-05 
 3.83867142e-07 -4.73346483e-06  3.83867142e-07  5.95829013e-05 
 3.83917142e-07  4.53957246e-06  3.83917142e-07 -5.80134525e-05 
 3.83967142e-07 -4.12685591e-06  3.83967142e-07  5.65196538e-05 
 3.84017142e-07  3.97667045e-06  3.84017142e-07 -5.50327927e-05 
 3.84067142e-07 -3.60514500e-06  3.84067142e-07  5.36180678e-05 
 3.84117142e-07  3.49361807e-06  3.84117142e-07 -5.22074346e-05 
 3.84167142e-07 -3.15825692e-06  3.84167142e-07  5.08656723e-05 
 3.84217142e-07  3.08045806e-06  3.84217142e-07 -4.95253555e-05 
 3.84267142e-07 -2.77647692e-06  3.84267142e-07  4.82509496e-05 
 3.84317142e-07  2.72780618e-06  3.84317142e-07 -4.69755857e-05 
 3.84367142e-07 -2.45081298e-06  3.84367142e-07  4.57634899e-05 
 3.84417142e-07  2.42710238e-06  3.84417142e-07 -4.45482825e-05 
 3.84467142e-07 -2.17316093e-06  3.84467142e-07  4.33940030e-05 
 3.84517142e-07  2.17070919e-06  3.84517142e-07 -4.22346955e-05 
 3.84567142e-07 -1.93635152e-06  3.84567142e-07  4.11342514e-05 
 3.84617142e-07  1.95191972e-06  3.84617142e-07 -4.00270775e-05 
 3.84667142e-07 -1.73412903e-06  3.84667142e-07  3.89769469e-05 
 3.84717142e-07  1.76491426e-06  3.84717142e-07 -3.79185733e-05 
 3.84767142e-07 -1.56109187e-06  3.84767142e-07  3.69156349e-05 
 3.84817142e-07  1.60468961e-06  3.84817142e-07 -3.59031034e-05 
 3.84867142e-07 -1.41261439e-06  3.84867142e-07  3.49445809e-05 
 3.84917142e-07  1.46697626e-06  3.84917142e-07 -3.39752544e-05 
 3.84967142e-07 -1.28476179e-06  3.84967142e-07  3.30586652e-05 
 3.85017142e-07  1.34815285e-06  3.85017142e-07 -3.21301792e-05 
 3.85067142e-07 -1.17420527e-06  3.85067142e-07  3.12532903e-05 
 3.85117142e-07  1.24516295e-06  3.85117142e-07 -3.03635113e-05 
 3.85167142e-07 -1.07814138e-06  3.85167142e-07  2.95243004e-05 
 3.85217142e-07  1.15543761e-06  3.85217142e-07 -2.86712907e-05 
 3.85267142e-07 -9.94218148e-07  3.85267142e-07  2.78679144e-05 
 3.85317142e-07  1.07682522e-06  3.85317142e-07 -2.70499022e-05 
 3.85367142e-07 -9.20468717e-07  3.85367142e-07  2.62806691e-05 
 3.85417142e-07  1.00752900e-06  3.85417142e-07 -2.54960241e-05 
 3.85467142e-07 -8.55252587e-07  3.85467142e-07  2.47593724e-05 
 3.85517142e-07  9.46051994e-07  3.85517142e-07 -2.40065854e-05 
 3.85567142e-07 -7.97204571e-07  3.85567142e-07  2.33010652e-05 
 3.85617142e-07  8.91149707e-07  3.85617142e-07 -2.25787317e-05 
 3.85667142e-07 -7.45190663e-07  3.85667142e-07  2.19029895e-05 
 3.85717142e-07  8.41789222e-07  3.85717142e-07 -2.12097960e-05 
 3.85767142e-07 -6.98270280e-07  3.85767142e-07  2.05625629e-05 
 3.85817142e-07  7.97114268e-07  3.85817142e-07 -1.98972758e-05 
 3.85867142e-07 -6.55664092e-07  3.85867142e-07  1.92773575e-05 
 3.85917142e-07  7.56415650e-07  3.85917142e-07 -1.86388136e-05 
 3.85967142e-07 -6.16726840e-07  3.85967142e-07  1.80450818e-05 
 3.86017142e-07  7.19106342e-07  3.86017142e-07 -1.74321814e-05 
 3.86067142e-07 -5.80924518e-07  3.86067142e-07  1.68635672e-05 
 3.86117142e-07  6.84700594e-07  3.86117142e-07 -1.62752670e-05 
 3.86167142e-07 -5.47815226e-07  3.86167142e-07  1.57307553e-05 
 3.86217142e-07  6.52796333e-07  3.86217142e-07 -1.51660638e-05 
 3.86267142e-07 -5.17033116e-07  3.86267142e-07  1.46446883e-05 
 3.86317142e-07  6.23060614e-07  3.86317142e-07 -1.41026609e-05 
 3.86367142e-07 -4.88275072e-07  3.86367142e-07  1.36035003e-05 
 3.86417142e-07  5.95217398e-07  3.86417142e-07 -1.30832361e-05 
 3.86467142e-07 -4.61289661e-07  3.86467142e-07  1.26054104e-05 
 3.86517142e-07  5.69037578e-07  3.86517142e-07 -1.21060484e-05 
 3.86567142e-07 -4.35868005e-07  3.86567142e-07  1.16487164e-05 
 3.86617142e-07  5.44330599e-07  3.86617142e-07 -1.11694331e-05 
 3.86667142e-07 -4.11836180e-07  3.86667142e-07  1.07317894e-05 
 3.86717142e-07  5.20937614e-07  3.86717142e-07 -1.02717962e-05 
 3.86767142e-07 -3.89048967e-07  3.86767142e-07  9.85306920e-06 
 3.86817142e-07  4.98725743e-07  3.86817142e-07 -9.41161041e-06 
 3.86867142e-07 -3.67384681e-07  3.86867142e-07  9.01106036e-06 
 3.86917142e-07  4.77583486e-07  3.86917142e-07 -8.58741130e-06 
 3.86967142e-07 -3.46741053e-07  3.86967142e-07  8.20432831e-06 
 3.87017142e-07  4.57416840e-07  3.87017142e-07 -7.79779349e-06 
 3.87067142e-07 -3.27031589e-07  3.87067142e-07  7.43149619e-06 
 3.87117142e-07  4.38146196e-07  3.87117142e-07 -7.04140799e-06 
 3.87167142e-07 -3.08182928e-07  3.87167142e-07  6.69124193e-06 
 3.87217142e-07  4.19703862e-07  3.87217142e-07 -6.31695908e-06 
 3.87267142e-07 -2.90132401e-07  3.87267142e-07  5.98229555e-06 
 3.87317142e-07  4.02031620e-07  3.87317142e-07 -5.62320187e-06 
 3.87367142e-07 -2.72825994e-07  3.87367142e-07  5.30343668e-06 
 3.87417142e-07  3.85079411e-07  3.87417142e-07 -4.95893996e-06 
 3.87467142e-07 -2.56217113e-07  3.87467142e-07  4.65349225e-06 
 3.87517142e-07  3.68803656e-07  3.87517142e-07 -4.32302321e-06 
 3.87567142e-07 -2.40264986e-07  3.87567142e-07  4.03133448e-06 
 3.87617142e-07  3.53166216e-07  3.87617142e-07 -3.71434576e-06 
 3.87667142e-07 -2.24933817e-07  3.87667142e-07  3.43587898e-06 
 3.87717142e-07  3.38133427e-07  3.87717142e-07 -3.13184412e-06 
 3.87767142e-07 -2.10191932e-07  3.87767142e-07  2.86608267e-06 
 3.87817142e-07  3.23675336e-07  3.87817142e-07 -2.57449539e-06 
 3.87867142e-07 -1.96010912e-07  3.87867142e-07  2.32094244e-06 
 3.87917142e-07  3.09765019e-07  3.87917142e-07 -2.04131565e-06 
 3.87967142e-07 -1.82365241e-07  3.87967142e-07  1.79949318e-06 
 3.88017142e-07  2.96378204e-07  3.88017142e-07 -1.53135843e-06 
 3.88067142e-07 -1.69231734e-07  3.88067142e-07  1.30080660e-06 
 3.88117142e-07  2.83492735e-07  3.88117142e-07 -1.04371311e-06 
 3.88167142e-07 -1.56589217e-07  3.88167142e-07  8.23989498e-07 
 3.88217142e-07  2.71088288e-07  3.88217142e-07 -5.77503575e-07 
 3.88267142e-07 -1.44418110e-07  3.88267142e-07  3.68182529e-07 
 3.88317142e-07  2.59146034e-07  3.88317142e-07 -1.31887006e-07 
 3.88367142e-07 -1.32700323e-07  3.88367142e-07 -6.74410346e-08 
 3.88417142e-07  2.47648497e-07  3.88417142e-07  2.93947576e-07 
 3.88467142e-07 -1.21418949e-07  3.88467142e-07 -4.83676654e-07 
 3.88517142e-07  2.36579318e-07  3.88517142e-07  7.00780398e-07 
 3.88567142e-07 -1.10558096e-07  3.88567142e-07 -8.81289614e-07 
 3.88617142e-07  2.25923115e-07  3.88617142e-07  1.08936219e-06 
 3.88667142e-07 -1.00102875e-07  3.88667142e-07 -1.26101628e-06 
 3.88717142e-07  2.15665344e-07  3.88717142e-07  1.46041513e-06 
 3.88767142e-07 -9.00390794e-08  3.88767142e-07 -1.62356501e-06 
 3.88817142e-07  2.05792168e-07  3.88817142e-07  1.81463408e-06 
 3.88867142e-07 -8.03532464e-08  3.88867142e-07 -1.96961733e-06 
 3.88917142e-07  1.96290504e-07  3.88917142e-07  2.15268744e-06 
 3.88967142e-07 -7.10325846e-08  3.88967142e-07 -2.29982879e-06 
 3.89017142e-07  1.87147808e-07  3.89017142e-07  2.47521828e-06 
 3.89067142e-07 -6.20648193e-08  3.89067142e-07 -2.61483021e-06 
 3.89117142e-07  1.78352042e-07  3.89117142e-07  2.78284515e-06 
 3.89167142e-07 -5.34381634e-08  3.89167142e-07 -2.91522811e-06 
 3.89217142e-07  1.69891728e-07  3.89217142e-07  3.07616306e-06 
 3.89267142e-07 -4.51413657e-08  3.89267142e-07 -3.20160615e-06 
 3.89317142e-07  1.61755727e-07  3.89317142e-07  3.35574432e-06 
 3.89367142e-07 -3.71635162e-08  3.89367142e-07 -3.47452548e-06 
 3.89417142e-07  1.53933456e-07  3.89417142e-07  3.62213935e-06 
 3.89467142e-07 -2.94941802e-08  3.89467142e-07 -3.73452596e-06 
 3.89517142e-07  1.46414558e-07  3.89517142e-07  3.87587749e-06 
 3.89567142e-07 -2.21232176e-08  3.89567142e-07 -3.98212671e-06 
 3.89617142e-07  1.39189096e-07  3.89617142e-07  4.11746790e-06 
 3.89667142e-07 -1.50408852e-08  3.89667142e-07 -4.21782694e-06 
 3.89717142e-07  1.32247559e-07  3.89717142e-07  4.34740001e-06 
 3.89767142e-07 -8.23775911e-09  3.89767142e-07 -4.44210667e-06 
 3.89817142e-07  1.25580595e-07  3.89817142e-07  4.56614462e-06 
 3.89867142e-07 -1.70471165e-09  3.89867142e-07 -4.65542747e-06 
 3.89917142e-07  1.19179269e-07  3.89917142e-07  4.77415428e-06 
 3.89958571e-07  5.20135461e-09  3.89958571e-07 -4.87863092e-06 
 3.90000000e-07  1.11794897e-07  3.90000000e-07  5.01152372e-06 
 3.90005000e-07 -1.13076122e-05  3.90005000e-07 -9.38396314e-05 
 3.90015000e-07  8.08121400e-06  3.90015000e-07  9.54722842e-06 
 3.90035000e-07  3.53984949e-06  3.90035000e-07  2.48733950e-05 
 3.90075000e-07 -5.42978304e-06  3.90075000e-07  2.32848610e-05 
 3.90125000e-07  3.34237750e-05  3.90125000e-07  2.18293107e-04 
 3.90162500e-07  1.55617439e-05  3.90162500e-07  2.53356965e-04 
 3.90200000e-07 -4.39851306e-04  3.90200000e-07 -1.92787855e-04 
 3.90205000e-07 -4.43828586e-04  3.90205000e-07 -4.95070241e-04 
 3.90215000e-07  6.27504916e-06  3.90215000e-07 -1.09940278e-03 
 3.90235000e-07  7.49439449e-04  3.90235000e-07 -1.64261628e-03 
 3.90271173e-07 -4.10697570e-04  3.90271173e-07 -4.77425972e-04 
 3.90314695e-07  1.96610322e-04  3.90314695e-07  1.88668218e-03 
 3.90360588e-07 -7.50525476e-05  3.90360588e-07 -3.64444466e-05 
 3.90410588e-07  7.46540716e-06  3.90410588e-07 -9.69485557e-05 
 3.90460588e-07  3.56411437e-05  3.90460588e-07 -1.44033470e-04 
 3.90510588e-07 -6.28571549e-05  3.90510588e-07  3.01557241e-05 
 3.90560588e-07  7.96568623e-05  3.90560588e-07 -4.33837434e-05 
 3.90610588e-07 -8.90417979e-05  3.90610588e-07  8.40752928e-06 
 3.90660588e-07  9.35052351e-05  3.90660588e-07  5.54561747e-06 
 3.90710588e-07 -9.42163194e-05  3.90710588e-07 -2.33715632e-05 
 3.90760588e-07  9.26765984e-05  3.90760588e-07  3.62125361e-05 
 3.90810588e-07 -8.91761145e-05  3.90810588e-07 -4.77482617e-05 
 3.90860588e-07  8.48790283e-05  3.90860588e-07  5.70883030e-05 
 3.90910588e-07 -7.96329339e-05  3.90910588e-07 -6.49108444e-05 
 3.90960588e-07  7.42909885e-05  3.90960588e-07  7.13424074e-05 
 3.91010588e-07 -6.85699845e-05  3.91010588e-07 -7.65761298e-05 
 3.91060588e-07  6.31188998e-05  3.91060588e-07  8.08328080e-05 
 3.91110588e-07 -5.75759839e-05  3.91110588e-07 -8.41867954e-05 
 3.91160588e-07  5.24839329e-05  3.91160588e-07  8.68428215e-05 
 3.91210588e-07 -4.74295114e-05  3.91210588e-07 -8.88229952e-05 
 3.91260588e-07  4.29025189e-05  3.91260588e-07  9.03064771e-05 
 3.91310588e-07 -3.84561988e-05  3.91310588e-07 -9.12841707e-05 
 3.91360588e-07  3.45560725e-05  3.91360588e-07  9.19129953e-05 
 3.91410588e-07 -3.07341358e-05  3.91410588e-07 -9.21630803e-05 
 3.91460588e-07  2.74465575e-05  3.91460588e-07  9.21734305e-05 
 3.91510588e-07 -2.42124125e-05  3.91510588e-07 -9.18998756e-05 
 3.91560588e-07  2.14860055e-05  3.91560588e-07  9.14671891e-05 
 3.91610588e-07 -1.87790258e-05  3.91610588e-07 -9.08213016e-05 
 3.91660588e-07  1.65474327e-05  3.91660588e-07  9.00756873e-05 
 3.91710588e-07 -1.42991106e-05  3.91710588e-07 -8.91694788e-05 
 3.91760588e-07  1.24931159e-05  3.91760588e-07  8.82071563e-05 
 3.91810588e-07 -1.06357695e-05  3.91810588e-07 -8.71232702e-05 
 3.91860588e-07  9.18961398e-06  3.91860588e-07  8.60151167e-05 
 3.91910588e-07 -7.66074913e-06  3.91910588e-07 -8.48142533e-05 
 3.91960588e-07  6.51508643e-06  3.91960588e-07  8.36122155e-05 
 3.92010588e-07 -5.25926019e-06  3.92010588e-07 -8.23387042e-05 
 3.92060588e-07  4.36221382e-06  3.92060588e-07  8.10806171e-05 
 3.92110588e-07 -3.33149781e-06  3.92110588e-07 -7.97666043e-05 
 3.92160588e-07  2.63867902e-06  3.92160588e-07  7.84798129e-05 
 3.92210588e-07 -1.79237559e-06  3.92210588e-07 -7.71484072e-05 
 3.92260588e-07  1.26637031e-06  3.92260588e-07  7.58524862e-05 
 3.92310588e-07 -5.70364704e-07  3.92310588e-07 -7.45201174e-05 
 3.92360588e-07  1.79983685e-07  3.92360588e-07  7.32289104e-05 
 3.92410588e-07  3.94047214e-07  3.92410588e-07 -7.19070963e-05 
 3.92460588e-07 -6.74588195e-07  3.92460588e-07  7.06302400e-05 
 3.92510588e-07  1.14998629e-06  3.92510588e-07 -6.93269047e-05 
 3.92560588e-07 -1.34186612e-06  3.92560588e-07  6.80709661e-05 
 3.92610588e-07  1.73775757e-06  3.92610588e-07 -6.67914214e-05 
 3.92660588e-07 -1.85828370e-06  3.92660588e-07  6.55607427e-05 
 3.92710588e-07  2.19026805e-06  3.92710588e-07 -6.43084154e-05 
 3.92760588e-07 -2.25352613e-06  3.92760588e-07  6.31057388e-05 
 3.92810588e-07  2.53427904e-06  3.92810588e-07 -6.18827084e-05 
 3.92860588e-07 -2.55169390e-06  3.92860588e-07  6.07096371e-05 
 3.92910588e-07  2.79148299e-06  3.92910588e-07 -5.95170296e-05 
 3.92960588e-07 -2.77229518e-06  3.92960588e-07  5.83743651e-05 
 3.93010588e-07  2.97941579e-06  3.93010588e-07 -5.72126417e-05 
 3.93060588e-07 -2.93108112e-06  3.93060588e-07  5.61006300e-05 
 3.93110588e-07  3.11221998e-06  3.93110588e-07 -5.49697958e-05 
 3.93160588e-07 -3.04074167e-06  3.93160588e-07  5.38883050e-05 
 3.93210588e-07  3.20127819e-06  3.93210588e-07 -5.27880601e-05 
 3.93260588e-07 -3.11148095e-06  3.93260588e-07  5.17367081e-05 
 3.93310588e-07  3.25573516e-06  3.93310588e-07 -5.06665542e-05 
 3.93360588e-07 -3.15148983e-06  3.93360588e-07  4.96447991e-05 
 3.93410588e-07  3.28292528e-06  3.93410588e-07 -4.86041160e-05 
 3.93460588e-07 -3.16733272e-06  3.93460588e-07  4.76113201e-05 
 3.93510588e-07  3.28872208e-06  3.93510588e-07 -4.65994178e-05 
 3.93560588e-07 -3.16426249e-06  3.93560588e-07  4.56348910e-05 
 3.93610588e-07  3.27782202e-06  3.93610588e-07 -4.46510461e-05 
 3.93660588e-07 -3.14647624e-06  3.93660588e-07  4.37140760e-05 
 3.93710588e-07  3.25397479e-06  3.93710588e-07 -4.27575556e-05 
 3.93760588e-07 -3.11732245e-06  3.93760588e-07  4.18474268e-05 
 3.93810588e-07  3.22016976e-06  3.93810588e-07 -4.09175038e-05 
 3.93860588e-07 -3.07946864e-06  3.93860588e-07  4.00335108e-05 
 3.93910588e-07  3.17878628e-06  3.93910588e-07 -3.91294738e-05 
 3.93960588e-07 -3.03503616e-06  3.93960588e-07  3.82709281e-05 
 3.94010588e-07  3.13171504e-06  3.94010588e-07 -3.73920868e-05 
 3.94060588e-07 -2.98570921e-06  3.94060588e-07  3.65583213e-05 
 3.94110588e-07  3.08045557e-06  3.94110588e-07 -3.57040089e-05 
 3.94160588e-07 -2.93282215e-06  3.94160588e-07  3.48943794e-05 
 3.94210588e-07  3.02619469e-06  3.94210588e-07 -3.40639537e-05 
 3.94260588e-07 -2.87742989e-06  3.94260588e-07  3.32778391e-05 
 3.94310588e-07  2.96986946e-06  3.94310588e-07 -3.24706821e-05 
 3.94360588e-07 -2.82036423e-06  3.94360588e-07  3.17074844e-05 
 3.94410588e-07  2.91221772e-06  3.94410588e-07 -3.09230011e-05 
 3.94460588e-07 -2.76227907e-06  3.94460588e-07  3.01821436e-05 
 3.94510588e-07  2.85381845e-06  3.94510588e-07 -2.94197607e-05 
 3.94560588e-07 -2.70368655e-06  3.94560588e-07  2.87006868e-05 
 3.94610588e-07  2.79512417e-06  3.94610588e-07 -2.79598512e-05 
 3.94660588e-07 -2.64498600e-06  3.94660588e-07  2.72620229e-05 
 3.94710588e-07  2.73648681e-06  3.94710588e-07 -2.65422001e-05 
 3.94760588e-07 -2.58648716e-06  3.94760588e-07  2.58650965e-05 
 3.94810588e-07  2.67817850e-06  3.94810588e-07 -2.51657688e-05 
 3.94860588e-07 -2.52842859e-06  3.94860588e-07  2.45088848e-05 
 3.94910588e-07  2.62040791e-06  3.94910588e-07 -2.38295502e-05 
 3.94960588e-07 -2.47099240e-06  3.94960588e-07  2.31923949e-05 
 3.95010588e-07  2.56333353e-06  3.95010588e-07 -2.25325658e-05 
 3.95060588e-07 -2.41431612e-06  3.95060588e-07  2.19146618e-05 
 3.95110588e-07  2.50707420e-06  3.95110588e-07 -2.12738636e-05 
 3.95160588e-07 -2.35850193e-06  3.95160588e-07  2.06747456e-05 
 3.95210588e-07  2.45171739e-06  3.95210588e-07 -2.00525161e-05 
 3.95260588e-07 -2.30362430e-06  3.95260588e-07  1.94717303e-05 
 3.95310588e-07  2.39732590e-06  3.95310588e-07 -1.88676184e-05 
 3.95360588e-07 -2.24973563e-06  3.95360588e-07  1.83047217e-05 
 3.95410588e-07  2.34394309e-06  3.95410588e-07 -1.77182874e-05 
 3.95460588e-07 -2.19687138e-06  3.95460588e-07  1.71728467e-05 
 3.95510588e-07  2.29159724e-06  3.95510588e-07 -1.66036597e-05 
 3.95560588e-07 -2.14505341e-06  3.95560588e-07  1.60752512e-05 
 3.95610588e-07  2.24030465e-06  3.95610588e-07 -1.55228909e-05 
 3.95660588e-07 -2.09429321e-06  3.95660588e-07  1.50111003e-05 
 3.95710588e-07  2.19007253e-06  3.95710588e-07 -1.44751551e-05 
 3.95760588e-07 -2.04459418e-06  3.95760588e-07  1.39795766e-05 
 3.95810588e-07  2.14090090e-06  3.95810588e-07 -1.34596438e-05 
 3.95860588e-07 -1.99595339e-06  3.95860588e-07  1.29798799e-05 
 3.95910588e-07  2.09278431e-06  3.95910588e-07 -1.24755651e-05 
 3.95960588e-07 -1.94836322e-06  3.95960588e-07  1.20112266e-05 
 3.96010588e-07  2.04571319e-06  3.96010588e-07 -1.15221437e-05 
 3.96060588e-07 -1.90181241e-06  3.96060588e-07  1.10728492e-05 
 3.96110588e-07  1.99967480e-06  3.96110588e-07 -1.05986200e-05 
 3.96160588e-07 -1.85628695e-06  3.96160588e-07  1.01639960e-05 
 3.96210588e-07  1.95465410e-06  3.96210588e-07 -9.70425013e-06 
 3.96260588e-07 -1.81177092e-06  3.96260588e-07  9.28393060e-06 
 3.96310588e-07  1.91063434e-06  3.96310588e-07 -8.83830530e-06 
 3.96360588e-07 -1.76824689e-06  3.96360588e-07  8.43193169e-06 
 3.96410588e-07  1.86759758e-06  3.96410588e-07 -8.00007165e-06 
 3.96460588e-07 -1.72569653e-06  3.96460588e-07  7.60729264e-06 
 3.96510588e-07  1.82552508e-06  3.96510588e-07 -7.18884992e-06 
 3.96560588e-07 -1.68410074e-06  3.96560588e-07  6.80932149e-06 
 3.96610588e-07  1.78439761e-06  3.96610588e-07 -6.40395536e-06 
 3.96660588e-07 -1.64344017e-06  3.96660588e-07  6.03734056e-06 
 3.96710588e-07  1.74419558e-06  3.96710588e-07 -5.64471737e-06 
 3.96760588e-07 -1.60369520e-06  3.96760588e-07  5.29068624e-06 
 3.96810588e-07  1.70489942e-06  3.96810588e-07 -4.91047942e-06 
 3.96860588e-07 -1.56484621e-06  3.96860588e-07  4.56870884e-06 
 3.96910588e-07  1.66648952e-06  3.96910588e-07 -4.20059869e-06 
 3.96960588e-07 -1.52687365e-06  3.96960588e-07  3.87077245e-06 
 3.97010588e-07  1.62894640e-06  3.97010588e-07 -3.51444605e-06 
 3.97060588e-07 -1.48975821e-06  3.97060588e-07  3.19625462e-06 
 3.97110588e-07  1.59225087e-06  3.97110588e-07 -2.85140579e-06 
 3.97160588e-07 -1.45348076e-06  3.97160588e-07  2.54454623e-06 
 3.97210588e-07  1.55638396e-06  3.97210588e-07 -2.21087539e-06 
 3.97260588e-07 -1.41802253e-06  3.97260588e-07  1.91505131e-06 
 3.97310588e-07  1.52132701e-06  3.97310588e-07 -1.59226544e-06 
 3.97360588e-07 -1.38336501e-06  3.97360588e-07  1.30718695e-06 
 3.97410588e-07  1.48706176e-06  3.97410588e-07 -9.94999406e-07 
 3.97460588e-07 -1.34949015e-06  3.97460588e-07  7.20382889e-07 
 3.97510588e-07  1.45357026e-06  3.97510588e-07 -4.18513368e-07 
 3.97560588e-07 -1.31638017e-06  3.97560588e-07  1.54081527e-07 
 3.97610588e-07  1.42083500e-06  3.97610588e-07  1.37744045e-07 
 3.97660588e-07 -1.28401774e-06  3.97660588e-07 -3.92262377e-07 
 3.97710588e-07  1.38883875e-06  3.97710588e-07  6.74311906e-07 
 3.97760588e-07 -1.25238588e-06  3.97760588e-07 -9.19181811e-07 
 3.97810588e-07  1.35756478e-06  3.97810588e-07  1.19171723e-06 
 3.97860588e-07 -1.22146796e-06  3.97860588e-07 -1.42719778e-06 
 3.97910588e-07  1.32699667e-06  3.97910588e-07  1.69047500e-06 
 3.97960588e-07 -1.19124786e-06  3.97960588e-07 -1.91681945e-06 
 3.98010588e-07  1.29711842e-06  3.98010588e-07  2.17108861e-06 
 3.98060588e-07 -1.16170969e-06  3.98060588e-07 -2.38854437e-06 
 3.98110588e-07  1.26791437e-06  3.98110588e-07  2.63404980e-06 
 3.98160588e-07 -1.13283803e-06  3.98160588e-07 -2.84285863e-06 
 3.98210588e-07  1.23936930e-06  3.98210588e-07  3.07983914e-06 
 3.98260588e-07 -1.10461777e-06  3.98260588e-07 -3.28023719e-06 
 3.98310588e-07  1.21146821e-06  3.98310588e-07  3.50892587e-06 
 3.98360588e-07 -1.07703416e-06  3.98360588e-07 -3.70114381e-06 
 3.98410588e-07  1.18419662e-06  3.98410588e-07  3.92176845e-06 
 3.98460588e-07 -1.05007290e-06  3.98460588e-07 -4.10603152e-06 
 3.98510588e-07  1.15754032e-06  3.98510588e-07  4.31881450e-06 
 3.98560588e-07 -1.02371992e-06  3.98560588e-07 -4.49534270e-06 
 3.98610588e-07  1.13148544e-06  3.98610588e-07  4.70050118e-06 
 3.98660588e-07 -9.97961506e-07  3.98660588e-07 -4.86950927e-06 
 3.98710588e-07  1.10601842e-06  3.98710588e-07  5.06725521e-06 
 3.98760588e-07 -9.72784303e-07  3.98760588e-07 -5.22895287e-06 
 3.98810588e-07  1.08112607e-06  3.98810588e-07  5.41949322e-06 
 3.98860588e-07 -9.48175250e-07  3.98860588e-07 -5.57408510e-06 
 3.98910588e-07  1.05679552e-06  3.98910588e-07  5.75762188e-06 
 3.98960588e-07 -9.24121617e-07  3.98960588e-07 -5.90530773e-06 
 3.99010588e-07  1.03301410e-06  3.99010588e-07  6.08203803e-06 
 3.99060588e-07 -9.00610924e-07  3.99060588e-07 -6.22301281e-06 
 3.99110588e-07  1.00976955e-06  3.99110588e-07  6.39312904e-06 
 3.99160588e-07 -8.77631019e-07  3.99160588e-07 -6.52758295e-06 
 3.99210588e-07  9.87049849e-07  3.99210588e-07  6.69127275e-06 
 3.99260588e-07 -8.55170077e-07  3.99260588e-07 -6.81939141e-06 
 3.99310588e-07  9.64843291e-07  3.99310588e-07  6.97683800e-06 
 3.99360588e-07 -8.33216473e-07  3.99360588e-07 -7.09880246e-06 
 3.99410588e-07  9.43138422e-07  3.99410588e-07  7.25018440e-06 
 3.99460588e-07 -8.11758937e-07  3.99460588e-07 -7.36617130e-06 
 3.99510588e-07  9.21924045e-07  3.99510588e-07  7.51166290e-06 
 3.99560588e-07 -7.90786349e-07  3.99560588e-07 -7.62184451e-06 
 3.99610588e-07  9.01189222e-07  3.99610588e-07  7.76161573e-06 
 3.99660588e-07 -7.70287961e-07  3.99660588e-07 -7.86616008e-06 
 3.99710588e-07  8.80923303e-07  3.99710588e-07  8.00037666e-06 
 3.99760588e-07 -7.50253173e-07  3.99760588e-07 -8.09944762e-06 
 3.99810588e-07  8.61115820e-07  3.99810588e-07  8.22827126e-06 
 3.99860588e-07 -7.30671722e-07  3.99860588e-07 -8.32202862e-06 
 3.99910588e-07  8.41756621e-07  3.99910588e-07  8.44561684e-06 
 3.99955294e-07 -7.10414010e-07  3.99955294e-07 -8.54646130e-06 
 4.00000000e-07  8.20623730e-07  4.00000000e-07  8.67658553e-06 
 4.00005000e-07  2.12649441e-05  4.00005000e-07  2.67563401e-04 
 4.00015000e-07 -4.57209564e-06  4.00015000e-07  4.67114168e-05 
 4.00035000e-07 -1.40837745e-05  4.00035000e-07 -8.13117938e-05 
 4.00075000e-07  1.06808647e-05  4.00075000e-07 -1.12069687e-04 
 4.00125000e-07 -5.86423959e-05  4.00125000e-07 -2.12701279e-04 
 4.00162500e-07 -1.25266040e-04  4.00162500e-07 -5.65288873e-04 
 4.00200000e-07  8.24038495e-04  4.00200000e-07  3.28030770e-04 
 4.00205000e-07  5.92452335e-04  4.00205000e-07  1.85835760e-04 
 4.00215000e-07 -2.64204863e-04  4.00215000e-07  5.51086226e-04 
 4.00235000e-07 -5.94327574e-04  4.00235000e-07  1.47389261e-03 
 4.00275000e-07  2.79417032e-04  4.00275000e-07  2.17693830e-03 
 4.00318862e-07 -1.60050596e-04  4.00318862e-07 -2.98206137e-03 
 4.00364728e-07  1.05740041e-04  4.00364728e-07  2.90608424e-04 
 4.00414728e-07 -7.68242073e-05  4.00414728e-07 -1.77661586e-04 
 4.00464728e-07  5.79208404e-05  4.00464728e-07  3.02492709e-04 
 4.00514728e-07 -4.44652642e-05  4.00514728e-07 -1.49795055e-04 
 4.00564728e-07  3.49031014e-05  4.00564728e-07  1.20866226e-04 
 4.00614728e-07 -2.75675200e-05  4.00614728e-07 -7.08915259e-05 
 4.00664728e-07  2.22345844e-05  4.00664728e-07  4.18090721e-05 
 4.00714728e-07 -1.79296245e-05  4.00714728e-07 -1.68928040e-05 
 4.00764728e-07  1.48040045e-05  4.00764728e-07 -1.59076737e-06 
 4.00814728e-07 -1.21387754e-05  4.00814728e-07  1.62797812e-05 
 4.00864728e-07  1.02353102e-05  4.00864728e-07 -2.77505075e-05 
 4.00914728e-07 -8.49072874e-06  4.00914728e-07  3.68255108e-05 
 4.00964728e-07  7.28951028e-06  4.00964728e-07 -4.39353929e-05 
 4.01014728e-07 -6.08285338e-06  4.01014728e-07  4.95317445e-05 
 4.01064728e-07  5.29950658e-06  4.01064728e-07 -5.38334436e-05 
 4.01114728e-07 -4.41960450e-06  4.01114728e-07  5.71531260e-05 
 4.01164728e-07  3.89530761e-06  4.01164728e-07 -5.95942509e-05 
 4.01214728e-07 -3.22251119e-06  4.01214728e-07  6.13928636e-05 
 4.01264728e-07  2.86603119e-06  4.01264728e-07 -6.25874975e-05 
 4.01314728e-07 -2.33046424e-06  4.01314728e-07  6.33661460e-05 
 4.01364728e-07  2.08762419e-06  4.01364728e-07 -6.37277973e-05 
 4.01414728e-07 -1.64700167e-06  4.01414728e-07  6.38278601e-05 
 4.01464728e-07  1.48438403e-06  4.01464728e-07 -6.36399223e-05 
 4.01514728e-07 -1.11208208e-06  4.01514728e-07  6.32962979e-05 
 4.01564728e-07  1.00821089e-06  4.01564728e-07 -6.27538518e-05 
 4.01614728e-07 -6.86755497e-07  4.01614728e-07  6.21281503e-05 
 4.01664728e-07  6.27243615e-07  4.01664728e-07 -6.13650067e-05 
 4.01714728e-07 -3.44688840e-07  4.01714728e-07  6.05677028e-05 
 4.01764728e-07  3.19527822e-07  4.01764728e-07 -5.96764599e-05 
 4.01814728e-07 -6.74104681e-08  4.01814728e-07  5.87796155e-05 
 4.01864728e-07  6.93202536e-08  4.01864728e-07 -5.78186452e-05 
 4.01914728e-07  1.58630489e-07  4.01914728e-07  5.68773624e-05 
 4.01957364e-07 -1.50849616e-07  4.01957364e-07 -5.57193106e-05 
 4.02000000e-07  3.71849733e-07  4.02000000e-07  5.45945843e-05 
 4.02005000e-07 -7.55531647e-08  4.02005000e-07  2.91768771e-06 
 4.02015000e-07  8.36169786e-08  4.02015000e-07 -3.33297554e-06 
 4.02035000e-07  6.12990562e-08  4.02035000e-07  3.02479662e-06 
 4.02075000e-07  6.39833424e-08  4.02075000e-07 -2.75788718e-06 
 4.02125000e-07  4.58501805e-08  4.02125000e-07  2.65453625e-06 
 4.02162500e-07  8.51203371e-08  4.02162500e-07 -2.54700797e-06 
 4.02200000e-07  4.71048742e-07  4.02200000e-07  2.43469009e-06 
 4.02205000e-07  1.63714285e-06  4.02205000e-07  2.70199945e-07 
 4.02215000e-07 -5.07021493e-06  4.02215000e-07  6.61225185e-07 
 4.02235000e-07 -1.59289537e-05  4.02235000e-07  1.66980794e-07 
 4.02275000e-07  3.46903722e-05  4.02275000e-07 -3.08224050e-07 
 4.02325000e-07 -3.93452970e-05  4.02325000e-07 -2.85487165e-07 
 4.02375000e-07  3.25089221e-05  4.02375000e-07 -2.80936620e-05 
 4.02425000e-07 -2.20445272e-05  4.02425000e-07  8.16953890e-05 
 4.02475000e-07  1.34007792e-05  4.02475000e-07 -8.75823489e-05 
 4.02525000e-07 -6.91703807e-06  4.02525000e-07  5.76122683e-05 
 4.02575000e-07  2.67049777e-06  4.02575000e-07 -4.94713575e-05 
 4.02625000e-07  3.84908913e-07  4.02625000e-07  5.02475505e-05 
 4.02675000e-07 -2.22160512e-06  4.02675000e-07 -4.76613916e-05 
 4.02725000e-07  3.64045424e-06  4.02725000e-07  4.62014100e-05 
 4.02775000e-07 -4.37278571e-06  4.02775000e-07 -4.43454775e-05 
 4.02825000e-07  5.04113377e-06  4.02825000e-07  4.26206698e-05 
 4.02875000e-07 -5.25651390e-06  4.02875000e-07 -4.08998707e-05 
 4.02925000e-07  5.56329298e-06  4.02925000e-07  3.92707874e-05 
 4.02975000e-07 -5.52167757e-06  4.02975000e-07 -3.76924846e-05 
 4.03025000e-07  5.64324289e-06  4.03025000e-07  3.62233708e-05 
 4.03075000e-07 -5.46645121e-06  4.03075000e-07 -3.48101291e-05 
 4.03125000e-07  5.48855557e-06  4.03125000e-07  3.35116376e-05 
 4.03175000e-07 -5.23818067e-06  4.03175000e-07 -3.22655451e-05 
 4.03225000e-07  5.20593213e-06  4.03225000e-07  3.11310190e-05 
 4.03275000e-07 -4.91567391e-06  4.03275000e-07 -3.00417642e-05 
 4.03325000e-07  4.85470672e-06  4.03325000e-07  2.90567786e-05 
 4.03375000e-07 -4.54441016e-06  4.03375000e-07 -2.81082489e-05 
 4.03425000e-07  4.47030940e-06  4.03425000e-07  2.72551436e-05 
 4.03475000e-07 -4.15237595e-06  4.03475000e-07 -2.64292308e-05 
 4.03525000e-07  4.07509726e-06  4.03525000e-07  2.56896992e-05 
 4.03575000e-07 -3.75757791e-06  4.03575000e-07 -2.49684143e-05 
 4.03625000e-07  3.68364810e-06  4.03625000e-07  2.43249673e-05 
 4.03675000e-07 -3.37182450e-06  4.03675000e-07 -2.36914886e-05 
 4.03725000e-07  3.30554441e-06  4.03725000e-07  2.31284050e-05 
 4.03775000e-07 -3.00284503e-06  4.03775000e-07 -2.25677732e-05 
 4.03825000e-07  2.94690558e-06  4.03825000e-07  2.20708139e-05 
 4.03875000e-07 -2.65549138e-06  4.03875000e-07 -2.15700846e-05 
 4.03925000e-07  2.61151857e-06  4.03925000e-07  2.11272524e-05 
 4.03975000e-07 -2.33257287e-06  4.03975000e-07 -2.06753804e-05 
 4.04025000e-07  2.30138033e-06  4.04025000e-07  2.02765302e-05 
 4.04075000e-07 -2.03539898e-06  4.04075000e-07 -1.98642488e-05 
 4.04125000e-07  2.01722034e-06  4.04125000e-07  1.95009554e-05 
 4.04175000e-07 -1.76421216e-06  4.04175000e-07 -1.91206195e-05 
 4.04225000e-07  1.75887215e-06  4.04225000e-07  1.87859740e-05 
 4.04275000e-07 -1.51850566e-06  4.04275000e-07 -1.84313507e-05 
 4.04325000e-07  1.52554718e-06  4.04325000e-07  1.81197508e-05 
 4.04375000e-07 -1.29726096e-06  4.04375000e-07 -1.77858128e-05 
 4.04425000e-07  1.31604118e-06  4.04425000e-07  1.74927622e-05 
 4.04475000e-07 -1.09912712e-06  4.04475000e-07 -1.71754942e-05 
 4.04525000e-07  1.12888969e-06  4.04525000e-07  1.68974188e-05 
 4.04575000e-07 -9.22555201e-07  4.04575000e-07 -1.65936439e-05 
 4.04625000e-07  9.62483808e-07  4.04625000e-07  1.63277288e-05 
 4.04675000e-07 -7.65897818e-07  4.04675000e-07 -1.60349566e-05 
 4.04725000e-07  8.15155572e-07  4.04725000e-07  1.57790057e-05 
 4.04775000e-07 -6.27481699e-07  4.04775000e-07 -1.54953020e-05 
 4.04825000e-07  6.85239046e-07  4.04825000e-07  1.52476181e-05 
 4.04875000e-07 -5.05658970e-07  4.04875000e-07 -1.49714955e-05 
 4.04925000e-07  5.71113065e-07  4.04925000e-07  1.47307802e-05 
 4.04975000e-07 -3.98842491e-07  4.04975000e-07 -1.44611072e-05 
 4.05025000e-07  4.71230180e-07  4.05025000e-07  1.42263784e-05 
 4.05075000e-07 -3.05528897e-07  4.05075000e-07 -1.39623041e-05 
 4.05125000e-07  3.84134533e-07  4.05125000e-07  1.37328283e-05 
 4.05175000e-07 -2.24312467e-07  4.05175000e-07 -1.34737217e-05 
 4.05225000e-07  3.08472288e-07  4.05225000e-07  1.32489595e-05 
 4.05275000e-07 -1.53892318e-07  4.05275000e-07 -1.29943604e-05 
 4.05325000e-07  2.42995956e-07  4.05325000e-07  1.27739221e-05 
 4.05375000e-07 -9.30744850e-08  4.05375000e-07 -1.25235018e-05 
 4.05425000e-07  1.86564814e-07  4.05425000e-07  1.23071129e-05 
 4.05475000e-07 -4.07707833e-08  4.05475000e-07 -1.20606427e-05 
 4.05525000e-07  1.38142280e-07  4.05525000e-07  1.18481154e-05 
 4.05575000e-07  4.00485255e-09  4.05575000e-07 -1.16054424e-05 
 4.05625000e-07  9.67914699e-08  4.05625000e-07  1.13966544e-05 
 4.05675000e-07  4.21416051e-08  4.05675000e-07 -1.11576817e-05 
 4.05725000e-07  6.16694011e-08  4.05725000e-07  1.09525588e-05 
 4.05775000e-07  7.44379107e-08  4.05775000e-07 -1.07172308e-05 
 4.05825000e-07  3.20204785e-08  4.05825000e-07  1.05157338e-05 
 4.05875000e-07  1.01608096e-07  4.05875000e-07 -1.02840243e-05 
 4.05925000e-07  7.16993365e-09  4.05925000e-07  1.00861386e-05 
 4.05975000e-07  1.24289231e-07  4.05975000e-07 -9.85804202e-06 
 4.06025000e-07 -1.34832378e-08  4.06025000e-07  9.66376983e-06 
 4.06075000e-07  1.43047811e-07  4.06075000e-07 -9.43929432e-06 
 4.06125000e-07 -3.04727569e-08  4.06125000e-07  9.24864896e-06 
 4.06175000e-07  1.58386461e-07  4.06175000e-07 -9.02781115e-06 
 4.06225000e-07 -4.42716006e-08  4.06225000e-07  8.84081225e-06 
 4.06275000e-07  1.70749964e-07  4.06275000e-07 -8.62363340e-06 
 4.06325000e-07 -5.52978884e-08  4.06325000e-07  8.44030372e-06 
 4.06375000e-07  1.80531242e-07  4.06375000e-07 -8.22680690e-06 
 4.06425000e-07 -6.39206707e-08  4.06425000e-07  8.04716984e-06 
 4.06475000e-07  1.88076712e-07  4.06475000e-07 -7.83737786e-06 
 4.06525000e-07 -7.04649681e-08  4.06525000e-07  7.66145562e-06 
 4.06575000e-07  1.93691247e-07  4.06575000e-07 -7.45538938e-06 
 4.06625000e-07 -7.52166606e-08  4.06625000e-07  7.28320178e-06 
 4.06675000e-07  1.97642807e-07  4.06675000e-07 -7.08087934e-06 
 4.06725000e-07 -7.84268027e-08  4.06725000e-07  6.91244287e-06 
 4.06775000e-07  2.00166462e-07  4.06775000e-07 -6.71387869e-06 
 4.06825000e-07 -8.03154344e-08  4.06825000e-07  6.54920600e-06 
 4.06875000e-07  2.01468202e-07  4.06875000e-07 -6.35441049e-06 
 4.06925000e-07 -8.10753103e-08  4.06925000e-07  6.19350998e-06 
 4.06975000e-07  2.01728281e-07  4.06975000e-07 -6.00248921e-06 
 4.07025000e-07 -8.08749216e-08  4.07025000e-07  5.84536491e-06 
 4.07075000e-07  2.01104154e-07  4.07075000e-07 -5.65812053e-06 
 4.07125000e-07 -7.98614073e-08  4.07125000e-07  5.50477203e-06 
 4.07175000e-07  1.99733283e-07  4.07175000e-07 -5.32130130e-06 
 4.07225000e-07 -7.81630874e-08  4.07225000e-07  5.17172370e-06 
 4.07275000e-07  1.97735404e-07  4.07275000e-07 -4.99201942e-06 
 4.07325000e-07 -7.58916906e-08  4.07325000e-07  4.84620352e-06 
 4.07375000e-07  1.95214755e-07  4.07375000e-07 -4.67025434e-06 
 4.07425000e-07 -7.31444372e-08  4.07425000e-07  4.52818679e-06 
 4.07475000e-07  1.92261947e-07  4.07475000e-07 -4.35597719e-06 
 4.07525000e-07 -7.00057093e-08  4.07525000e-07  4.21764061e-06 
 4.07575000e-07  1.88955572e-07  4.07575000e-07 -4.04915118e-06 
 4.07625000e-07 -6.65487135e-08  4.07625000e-07  3.91452436e-06 
 4.07675000e-07  1.85363739e-07  4.07675000e-07 -3.74973206e-06 
 4.07725000e-07 -6.28367761e-08  4.07725000e-07  3.61879021e-06 
 4.07775000e-07  1.81545390e-07  4.07775000e-07 -3.45766843e-06 
 4.07825000e-07 -5.89247183e-08  4.07825000e-07  3.33038338e-06 
 4.07875000e-07  1.77551386e-07  4.07875000e-07 -3.17290231e-06 
 4.07925000e-07 -5.48597386e-08  4.07925000e-07  3.04924271e-06 
 4.07975000e-07  1.73425585e-07  4.07975000e-07 -2.89536945e-06 
 4.08025000e-07 -5.06825452e-08  4.08025000e-07  2.77530101e-06 
 4.08075000e-07  1.69205681e-07  4.08075000e-07 -2.62499987e-06 
 4.08125000e-07 -4.64280020e-08  4.08125000e-07  2.50848555e-06 
 4.08175000e-07  1.64923973e-07  4.08175000e-07 -2.36171816e-06 
 4.08225000e-07 -4.21260854e-08  4.08225000e-07  2.24871848e-06 
 4.08275000e-07  1.60608230e-07  4.08275000e-07 -2.10544414e-06 
 4.08325000e-07 -3.78023622e-08  4.08325000e-07  1.99591722e-06 
 4.08375000e-07  1.56281944e-07  4.08375000e-07 -1.85609298e-06 
 4.08425000e-07 -3.34785455e-08  4.08425000e-07  1.74999487e-06 
 4.08475000e-07  1.51965182e-07  4.08475000e-07 -1.61357577e-06 
 4.08525000e-07 -2.91730931e-08  4.08525000e-07  1.51086061e-06 
 4.08575000e-07  1.47674927e-07  4.08575000e-07 -1.37779992e-06 
 4.08625000e-07 -2.49015703e-08  4.08625000e-07  1.27842005e-06 
 4.08675000e-07  1.43425399e-07  4.08675000e-07 -1.14866928e-06 
 4.08725000e-07 -2.06770509e-08  4.08725000e-07  1.05257559e-06 
 4.08775000e-07  1.39228597e-07  4.08775000e-07 -9.26084911e-07 
 4.08825000e-07 -1.65104276e-08  4.08825000e-07  8.33226801e-07 
 4.08875000e-07  1.35094394e-07  4.08875000e-07 -7.09945022e-07 
 4.08925000e-07 -1.24107223e-08  4.08925000e-07  6.20270737e-07 
 4.08975000e-07  1.31031000e-07  4.08975000e-07 -5.00145492e-07 
 4.09025000e-07 -8.38528739e-09  4.09025000e-07  4.13602132e-07 
 4.09075000e-07  1.27045051e-07  4.09075000e-07 -2.96580172e-07 
 4.09125000e-07 -4.44011457e-09  4.09125000e-07  2.13113819e-07 
 4.09175000e-07  1.23141796e-07  4.09175000e-07 -9.91409078e-08 
 4.09225000e-07 -5.79914908e-10  4.09225000e-07  1.86979798e-08 
 4.09275000e-07  1.19325658e-07  4.09275000e-07  9.22810766e-08 
 4.09325000e-07  3.19135347e-09  4.09325000e-07 -1.69757327e-07 
 4.09375000e-07  1.15599889e-07  4.09375000e-07  2.77797600e-07 
 4.09425000e-07  6.87107578e-09  4.09425000e-07 -3.52362329e-07 
 4.09475000e-07  1.11966714e-07  4.09475000e-07  4.57519910e-07 
 4.09525000e-07  1.04572755e-08  4.09525000e-07 -5.29229227e-07 
 4.09575000e-07  1.08427824e-07  4.09575000e-07  6.31560459e-07 
 4.09625000e-07  1.39485782e-08  4.09625000e-07 -7.00470927e-07 
 4.09675000e-07  1.04984320e-07  4.09675000e-07  8.00032458e-07 
 4.09725000e-07  1.73441589e-08  4.09725000e-07 -8.66200709e-07 
 4.09775000e-07  1.01636736e-07  4.09775000e-07  9.63049246e-07 
 4.09825000e-07  2.06437176e-08  4.09825000e-07 -1.02653215e-06 
 4.09875000e-07  9.83851639e-08  4.09875000e-07  1.12072455e-06 
 4.09925000e-07  2.38473649e-08  4.09925000e-07 -1.18157893e-06 
 4.09962500e-07  9.47126099e-08  4.09962500e-07  1.29808072e-06 
 4.10000000e-07  2.79705561e-08  4.10000000e-07 -1.38028600e-06 
 4.10005000e-07 -1.12969867e-05  4.10005000e-07 -9.33849647e-05 
 4.10015000e-07  8.07103711e-06  4.10015000e-07  9.17108096e-06 
 4.10035000e-07  3.52113423e-06  4.10035000e-07  2.51856617e-05 
 4.10075000e-07 -5.39788925e-06  4.10075000e-07  2.29660380e-05 
 4.10125000e-07  3.32620917e-05  4.10125000e-07  2.18345200e-04 
 4.10162500e-07  1.42365539e-05  4.10162500e-07  2.37574517e-04 
 4.10200000e-07 -4.61015846e-04  4.10200000e-07 -2.41628998e-04 
 4.10205000e-07 -4.52769035e-04  4.10205000e-07 -5.25696223e-04 
 4.10215000e-07  6.06901872e-05  4.10215000e-07 -1.10900241e-03 
 4.10235000e-07  7.80376506e-04  4.10235000e-07 -1.79387413e-03 
 4.10273306e-07 -4.68967228e-04  4.10273306e-07 -4.24934841e-04 
 4.10315719e-07  2.13250994e-04  4.10315719e-07  2.45517018e-03 
 4.10360151e-07 -7.12151568e-05  4.10360151e-07 -4.76009167e-04 
 4.10410151e-07  4.62551561e-06  4.10410151e-07  1.08679938e-04 
 4.10460151e-07  3.86835996e-05  4.10460151e-07 -3.20240604e-04 
 4.10510151e-07 -7.06507643e-05  4.10510151e-07  1.04645182e-04 
 4.10560151e-07  9.23159413e-05  4.10560151e-07 -6.68910225e-05 
 4.10610151e-07 -1.04534528e-04  4.10610151e-07  4.22933509e-05 
 4.10660151e-07  1.09784593e-04  4.10660151e-07 -1.79191587e-05 
 4.10710151e-07 -1.09865586e-04  4.10710151e-07 -1.77891663e-05 
 4.10760151e-07  1.06802258e-04  4.10760151e-07  3.64777354e-05 
 4.10810151e-07 -1.01407277e-04  4.10810151e-07 -5.60963499e-05 
 4.10860151e-07  9.49947453e-05  4.10860151e-07  7.07547829e-05 
 4.10910151e-07 -8.76980242e-05  4.10910151e-07 -8.28155771e-05 
 4.10960151e-07  8.04146392e-05  4.10960151e-07  9.27909163e-05 
 4.11010151e-07 -7.29298501e-05  4.11010151e-07 -1.00605386e-04 
 4.11060151e-07  6.59238170e-05  4.11060151e-07  1.07083968e-04 
 4.11110151e-07 -5.90136502e-05  4.11110151e-07 -1.12091588e-04 
 4.11160151e-07  5.27668466e-05  4.11160151e-07  1.16143421e-04 
 4.11210151e-07 -4.67212720e-05  4.11210151e-07 -1.19204702e-04 
 4.11260151e-07  4.13860057e-05  4.11260151e-07  1.21580760e-04 
 4.11310151e-07 -3.62632674e-05  4.11310151e-07 -1.23277698e-04 
 4.11360151e-07  3.18325315e-05  4.11360151e-07  1.24490591e-04 
 4.11410151e-07 -2.75818197e-05  4.11410151e-07 -1.25229327e-04 
 4.11460151e-07  2.39766065e-05  4.11460151e-07  1.25631495e-04 
 4.11510151e-07 -2.05011683e-05  4.11510151e-07 -1.25697614e-04 
 4.11560151e-07  1.76154583e-05  4.11560151e-07  1.25533732e-04 
 4.11610151e-07 -1.48049169e-05  4.11610151e-07 -1.25128503e-04 
 4.11660151e-07  1.25285013e-05  4.11660151e-07  1.24569609e-04 
 4.11710151e-07 -1.02749124e-05  4.11710151e-07 -1.23835005e-04 
 4.11760151e-07  8.50441066e-06  4.11760151e-07  1.23001163e-04 
 4.11810151e-07 -6.70963765e-06  4.11810151e-07 -1.22037368e-04 
 4.11860151e-07  5.35320238e-06  4.11860151e-07  1.21013054e-04 
 4.11910151e-07 -3.93167361e-06  4.11910151e-07 -1.19890773e-04 
 4.11960151e-07  2.91035866e-06  4.11960151e-07  1.18735498e-04 
 4.12010151e-07 -1.78942408e-06  4.12010151e-07 -1.17504628e-04 
 4.12060151e-07  1.03685170e-06  4.12060151e-07  1.16260343e-04 
 4.12110151e-07 -1.55956581e-07  4.12110151e-07 -1.14956107e-04 
 4.12160151e-07 -3.82814520e-07  4.12160151e-07  1.13652408e-04 
 4.12210151e-07  1.07346786e-06  4.12210151e-07 -1.12299687e-04 
 4.12260151e-07 -1.44333479e-06  4.12260151e-07  1.10960637e-04 
 4.12310151e-07  1.98438889e-06  4.12310151e-07 -1.09568076e-04 
 4.12360151e-07 -2.22170388e-06  4.12360151e-07  1.08209988e-04 
 4.12410151e-07  2.64583253e-06  4.12410151e-07 -1.06800816e-04 
 4.12460151e-07 -2.77998083e-06  4.12460151e-07  1.05428643e-04 
 4.12510151e-07  3.11335102e-06  4.12510151e-07 -1.04010714e-04 
 4.12560151e-07 -3.16774569e-06  4.12560151e-07  1.02632236e-04 
 4.12610151e-07  3.43122596e-06  4.12610151e-07 -1.01211886e-04 
 4.12660151e-07 -3.42447968e-06  4.12660151e-07  9.98326056e-05 
 4.12710151e-07  3.63451008e-06  4.12710151e-07 -9.84168132e-05 
 4.12760151e-07 -3.58142128e-06  4.12760151e-07  9.70380105e-05 
 4.12810151e-07  3.75119980e-06  4.12810151e-07 -9.56257469e-05 
 4.12860151e-07 -3.66311653e-06  4.12860151e-07  9.42560895e-05 
 4.12910151e-07  3.80282236e-06  4.12910151e-07 -9.28519741e-05 
 4.12960151e-07 -3.68889497e-06  4.12960151e-07  9.14909779e-05 
 4.13010151e-07  3.80645808e-06  4.13010151e-07 -9.00971797e-05 
 4.13060151e-07 -3.67368249e-06  4.13060151e-07  8.87466818e-05 
 4.13110151e-07  3.77526445e-06  4.13110151e-07 -8.73647907e-05 
 4.13160151e-07 -3.62905580e-06  4.13160151e-07  8.60263107e-05 
 4.13210151e-07  3.71940453e-06  4.13210151e-07 -8.46576576e-05 
 4.13260151e-07 -3.56391743e-06  4.13260151e-07  8.33324665e-05 
 4.13310151e-07  3.64666121e-06  4.13310151e-07 -8.19781742e-05 
 4.13360151e-07 -3.48505645e-06  4.13360151e-07  8.06673587e-05 
 4.13410151e-07  3.56294342e-06  4.13410151e-07 -7.93283948e-05 
 4.13460151e-07 -3.39760292e-06  4.13460151e-07  7.80329033e-05 
 4.13510151e-07  3.47269310e-06  4.13510151e-07 -7.67101163e-05 
 4.13560151e-07 -3.30539115e-06  4.13560151e-07  7.54307882e-05 
 4.13610151e-07  3.37920887e-06  4.13610151e-07 -7.41249322e-05 
 4.13660151e-07 -3.21124805e-06  4.13660151e-07  7.28625175e-05 
 4.13710151e-07  3.28490286e-06  4.13710151e-07 -7.15742671e-05 
 4.13760151e-07 -3.11722148e-06  4.13760151e-07  7.03294392e-05 
 4.13810151e-07  3.19150355e-06  4.13810151e-07 -6.90593994e-05 
 4.13860151e-07 -3.02476046e-06  4.13860151e-07  6.78327633e-05 
 4.13910151e-07  3.10021568e-06  4.13910151e-07 -6.65814763e-05 
 4.13960151e-07 -2.93485676e-06  4.13960151e-07  6.53735736e-05 
 4.14010151e-07  3.01184576e-06  4.14010151e-07 -6.41415231e-05 
 4.14060151e-07 -2.84815610e-06  4.14060151e-07  6.29528364e-05 
 4.14110151e-07  2.92690014e-06  4.14110151e-07 -6.17404505e-05 
 4.14160151e-07 -2.76504464e-06  4.14160151e-07  6.05714060e-05 
 4.14210151e-07  2.84566156e-06  4.14210151e-07 -5.93790600e-05 
 4.14260151e-07 -2.68571647e-06  4.14260151e-07  5.82300299e-05 
 4.14310151e-07  2.76824838e-06  4.14310151e-07 -5.70580481e-05 
 4.14360151e-07 -2.61022574e-06  4.14360151e-07  5.59293529e-05 
 4.14410151e-07  2.69466041e-06  4.14410151e-07 -5.47780106e-05 
 4.14460151e-07 -2.53852668e-06  4.14460151e-07  5.36699211e-05 
 4.14510151e-07  2.62481394e-06  4.14510151e-07 -5.25394468e-05 
 4.14560151e-07 -2.47050427e-06  4.14560151e-07  5.14521863e-05 
 4.14610151e-07  2.55856836e-06  4.14610151e-07 -5.03427636e-05 
 4.14660151e-07 -2.40599752e-06  4.14660151e-07  4.92765099e-05 
 4.14710151e-07  2.49574660e-06  4.14710151e-07 -4.81882798e-05 
 4.14760151e-07 -2.34481697e-06  4.14760151e-07  4.71431679e-05 
 4.14810151e-07  2.43614998e-06  4.14810151e-07 -4.60762307e-05 
 4.14860151e-07 -2.28675761e-06  4.14860151e-07  4.50523547e-05 
 4.14910151e-07  2.37956949e-06  4.14910151e-07 -4.40067724e-05 
 4.14960151e-07 -2.23160843e-06  4.14960151e-07  4.30041882e-05 
 4.15010151e-07  2.32579384e-06  4.15010151e-07 -4.19799869e-05 
 4.15060151e-07 -2.17915930e-06  4.15060151e-07  4.09987144e-05 
 4.15110151e-07  2.27461513e-06  4.15110151e-07 -3.99958863e-05 
 4.15160151e-07 -2.12920564e-06  4.15160151e-07  3.90359117e-05 
 4.15210151e-07  2.22583296e-06  4.15210151e-07 -3.80544178e-05 
 4.15260151e-07 -2.08155179e-06  4.15260151e-07  3.71156962e-05 
 4.15310151e-07  2.17925687e-06  4.15310151e-07 -3.61554681e-05 
 4.15360151e-07 -2.03601300e-06  4.15360151e-07  3.52379255e-05 
 4.15410151e-07  2.13470806e-06  4.15410151e-07 -3.42988679e-05 
 4.15460151e-07 -1.99241662e-06  4.15460151e-07  3.34024036e-05 
 4.15510151e-07  2.09202014e-06  4.15510151e-07 -3.24843962e-05 
 4.15560151e-07 -1.95060261e-06  4.15560151e-07  3.16088850e-05 
 4.15610151e-07  2.05103951e-06  4.15610151e-07 -3.07117848e-05 
 4.15660151e-07 -1.91042372e-06  4.15660151e-07  2.98570789e-05 
 4.15710151e-07  2.01162507e-06  4.15710151e-07 -2.89807219e-05 
 4.15760151e-07 -1.87174505e-06  4.15760151e-07  2.81466528e-05 
 4.15810151e-07  1.97364806e-06  4.15810151e-07 -2.72908560e-05 
 4.15860151e-07 -1.83444376e-06  4.15860151e-07  2.64772368e-05 
 4.15910151e-07  1.93699138e-06  4.15910151e-07 -2.56418000e-05 
 4.15960151e-07 -1.79840835e-06  4.15960151e-07  2.48484267e-05 
 4.16010151e-07  1.90154888e-06  4.16010151e-07 -2.40331340e-05 
 4.16060151e-07 -1.76353788e-06  4.16060151e-07  2.32597873e-05 
 4.16110151e-07  1.86722470e-06  4.16110151e-07 -2.24644090e-05 
 4.16160151e-07 -1.72974132e-06  4.16160151e-07  2.17108561e-05 
 4.16210151e-07  1.83393244e-06  4.16210151e-07 -2.09351497e-05 
 4.16260151e-07 -1.69693676e-06  4.16260151e-07  2.02011455e-05 
 4.16310151e-07  1.80159442e-06  4.16310151e-07 -1.94448576e-05 
 4.16360151e-07 -1.66505057e-06  4.16360151e-07  1.87301462e-05 
 4.16410151e-07  1.77014089e-06  4.16410151e-07 -1.79930136e-05 
 4.16460151e-07 -1.63401669e-06  4.16460151e-07  1.72973294e-05 
 4.16510151e-07  1.73950934e-06  4.16510151e-07 -1.65790801e-05 
 4.16560151e-07 -1.60377599e-06  4.16560151e-07  1.59021495e-05 
 4.16610151e-07  1.70964381e-06  4.16610151e-07 -1.52025040e-05 
 4.16660151e-07 -1.57427552e-06  4.16660151e-07  1.45440458e-05 
 4.16710151e-07  1.68049420e-06  4.16710151e-07 -1.38627185e-05 
 4.16760151e-07 -1.54546794e-06  4.16760151e-07  1.32224456e-05 
 4.16810151e-07  1.65201578e-06  4.16810151e-07 -1.25591450e-05 
 4.16860151e-07 -1.51731090e-06  4.16860151e-07  1.19367649e-05 
 4.16910151e-07  1.62416849e-06  4.16910151e-07 -1.12911952e-05 
 4.16960151e-07 -1.48976661e-06  4.16960151e-07  1.06864110e-05 
 4.17010151e-07  1.59691663e-06  4.17010151e-07 -1.00582727e-05 
 4.17060151e-07 -1.46280132e-06  4.17060151e-07  9.47078413e-06 
 4.17110151e-07  1.57022828e-06  4.17110151e-07 -8.85977449e-06 
 4.17160151e-07 -1.43638477e-06  4.17160151e-07  8.28927847e-06 
 4.17210151e-07  1.54407484e-06  4.17210151e-07 -7.69509273e-06 
 4.17260151e-07 -1.41049002e-06  4.17260151e-07  7.14128408e-06 
 4.17310151e-07  1.51843078e-06  4.17310151e-07 -6.56361582e-06 
 4.17360151e-07 -1.38509285e-06  4.17360151e-07  6.02618795e-06 
 4.17410151e-07  1.49327328e-06  4.17410151e-07 -5.46472973e-06 
 4.17460151e-07 -1.36017170e-06  4.17460151e-07  4.94337517e-06 
 4.17510151e-07  1.46858184e-06  4.17510151e-07 -4.39781912e-06 
 4.17560151e-07 -1.33570717e-06  4.17560151e-07  3.89223013e-06 
 4.17610151e-07  1.44433810e-06  4.17610151e-07 -3.36226841e-06 
 4.17660151e-07 -1.31168180e-06  4.17660151e-07  2.87213751e-06 
 4.17710151e-07  1.42052552e-06  4.17710151e-07 -2.35746283e-06 
 4.17760151e-07 -1.28807999e-06  4.17760151e-07  1.88248310e-06 
 4.17810151e-07  1.39712932e-06  4.17810151e-07 -1.38278915e-06 
 4.17860151e-07 -1.26488761e-06  4.17860151e-07  9.22654766e-07 
 4.17910151e-07  1.37413602e-06  4.17910151e-07 -4.37636486e-07 
 4.17960151e-07 -1.24209193e-06  4.17960151e-07 -7.95691035e-09 
 4.18010151e-07  1.35153353e-06  4.18010151e-07  4.78602784e-07 
 4.18060151e-07 -1.21968139e-06  4.18060151e-07 -9.09957789e-07 
 4.18110151e-07  1.32931086e-06  4.18110151e-07  1.36653263e-06 
 4.18160151e-07 -1.19764556e-06  4.18160151e-07 -1.78394963e-06 
 4.18210151e-07  1.30745802e-06  4.18210151e-07  2.22675239e-06 
 4.18260151e-07 -1.17597485e-06  4.18260151e-07 -2.63052954e-06 
 4.18310151e-07  1.28596587e-06  4.18310151e-07  3.05985673e-06 
 4.18360151e-07 -1.15466055e-06  4.18360151e-07 -3.45028944e-06 
 4.18410151e-07  1.26482609e-06  4.18410151e-07  3.86643466e-06 
 4.18460151e-07 -1.13369469e-06  4.18460151e-07 -4.24381545e-06 
 4.18510151e-07  1.24403100e-06  4.18510151e-07  4.64706937e-06 
 4.18560151e-07 -1.11306989e-06  4.18560151e-07 -5.01168775e-06 
 4.18610151e-07  1.22357349e-06  4.18610151e-07  5.40233775e-06 
 4.18660151e-07 -1.09277930e-06  4.18660151e-07 -5.75447992e-06 
 4.18710151e-07  1.20344702e-06  4.18710151e-07  6.13281005e-06 
 4.18760151e-07 -1.07281663e-06  4.18760151e-07 -6.47275871e-06 
 4.18810151e-07  1.18364548e-06  4.18810151e-07  6.83904951e-06 
 4.18860151e-07 -1.05317596e-06  4.18860151e-07 -7.16708390e-06 
 4.18910151e-07  1.16416316e-06  4.18910151e-07  7.52161219e-06 
 4.18960151e-07 -1.03385178e-06  4.18960151e-07 -7.83800777e-06 
 4.19010151e-07  1.14499470e-06  4.19010151e-07  8.18104667e-06 
 4.19060151e-07 -1.01483888e-06  4.19060151e-07 -8.48607504e-06 
 4.19110151e-07  1.12613503e-06  4.19110151e-07  8.81789367e-06 
 4.19160151e-07 -9.96132328e-07  4.19160151e-07 -9.11182261e-06 
 4.19210151e-07  1.10757936e-06  4.19210151e-07  9.43268623e-06 
 4.19260151e-07 -9.77727445e-07  4.19260151e-07 -9.71577939e-06 
 4.19310151e-07  1.08932311e-06  4.19310151e-07  1.00259491e-05 
 4.19360151e-07 -9.59619791e-07  4.19360151e-07 -1.02984662e-05 
 4.19410151e-07  1.07136199e-06  4.19410151e-07  1.05981992e-05 
 4.19460151e-07 -9.41805090e-07  4.19460151e-07 -1.08603956e-05 
 4.19510151e-07  1.05369171e-06  4.19510151e-07  1.11499446e-05 
 4.19560151e-07 -9.24279224e-07  4.19560151e-07 -1.14020718e-05 
 4.19610151e-07  1.03630832e-06  4.19610151e-07  1.16816855e-05 
 4.19660151e-07 -9.07038238e-07  4.19660151e-07 -1.19239904e-05 
 4.19710151e-07  1.01920789e-06  4.19710151e-07  1.21939134e-05 
 4.19760151e-07 -8.90078320e-07  4.19760151e-07 -1.24266390e-05 
 4.19810151e-07  1.00238663e-06  4.19810151e-07  1.26871113e-05 
 4.19860151e-07 -8.73395703e-07  4.19860151e-07 -1.29104960e-05 
 4.19910151e-07  9.85840885e-07  4.19910151e-07  1.31617537e-05 
 4.19955075e-07 -8.56067965e-07  4.19955075e-07 -1.34017938e-05 
 4.20000000e-07  9.67745441e-07  4.20000000e-07  1.36687727e-05 
 4.20005000e-07  2.08618373e-05  4.20005000e-07  2.61867463e-04 
 4.20015000e-07 -4.46484868e-06  4.20015000e-07  4.50208874e-05 
 4.20035000e-07 -1.36914205e-05  4.20035000e-07 -7.76051032e-05 
 4.20075000e-07  1.02984313e-05  4.20075000e-07 -1.10364635e-04 
 4.20125000e-07 -5.64942984e-05  4.20125000e-07 -2.05736956e-04 
 4.20162500e-07 -1.49180247e-05  4.20162500e-07 -5.88233018e-04 
 4.20200000e-07  2.56925914e-03  4.20200000e-07  7.93824207e-04 
 4.20205000e-07  1.74715077e-03  4.20205000e-07  1.49000217e-03 
 4.20215000e-07 -3.89614206e-03  4.20215000e-07  3.06323637e-03 
 4.20235000e-07 -1.74022168e-02  4.20235000e-07  5.48490318e-03 
 4.20275000e-07  6.01238475e-02  4.20275000e-07  3.09373406e-03 
 4.20325000e-07  1.03900618e+00  4.20325000e-07 -2.88594022e-02 
 4.20375000e-07  1.25475200e+00  4.20375000e-07 -5.29550858e-02 
 4.20425000e-07  1.15389373e+00  4.20425000e-07  7.28188129e-02 
 4.20475000e-07  1.23639587e+00  4.20475000e-07  1.09679740e+00 
 4.20525000e-07  1.16974203e+00  4.20525000e-07  2.83398613e+00 
 4.20575000e-07  1.22420964e+00  4.20575000e-07  3.24886538e+00 
 4.20625000e-07  1.17998540e+00  4.20625000e-07  3.24185581e+00 
 4.20675000e-07  1.21614782e+00  4.20675000e-07  3.28683845e+00 
 4.20725000e-07  1.18669168e+00  4.20725000e-07  3.28288457e+00 
 4.20775000e-07  1.21080000e+00  4.20775000e-07  3.29576842e+00 
 4.20825000e-07  1.19111142e+00  4.20825000e-07  3.29488823e+00 
 4.20875000e-07  1.20724532e+00  4.20875000e-07  3.29863248e+00 
 4.20925000e-07  1.19403792e+00  4.20925000e-07  3.29857792e+00 
 4.20975000e-07  1.20487770e+00  4.20975000e-07  3.29940305e+00 
 4.21025000e-07  1.19598310e+00  4.21025000e-07  3.29979138e+00 
 4.21075000e-07  1.20329727e+00  4.21075000e-07  3.29955598e+00 
 4.21125000e-07  1.19728042e+00  4.21125000e-07  3.30022758e+00 
 4.21175000e-07  1.20223975e+00  4.21175000e-07  3.29954994e+00 
 4.21225000e-07  1.19815212e+00  4.21225000e-07  3.30040172e+00 
 4.21275000e-07  1.20153340e+00  4.21275000e-07  3.29951964e+00 
 4.21325000e-07  1.19873275e+00  4.21325000e-07  3.30047491e+00 
 4.21375000e-07  1.20105415e+00  4.21375000e-07  3.29949736e+00 
 4.21425000e-07  1.19912441e+00  4.21425000e-07  3.30050336e+00 
 4.21475000e-07  1.20073087e+00  4.21475000e-07  3.29948965e+00 
 4.21525000e-07  1.19938964e+00  4.21525000e-07  3.30050841e+00 
 4.21575000e-07  1.20051179e+00  4.21575000e-07  3.29949439e+00 
 4.21625000e-07  1.19957002e+00  4.21625000e-07  3.30049982e+00 
 4.21675000e-07  1.20036253e+00  4.21675000e-07  3.29950818e+00 
 4.21725000e-07  1.19969335e+00  4.21725000e-07  3.30048292e+00 
 4.21775000e-07  1.20026023e+00  4.21775000e-07  3.29952801e+00 
 4.21825000e-07  1.19977822e+00  4.21825000e-07  3.30046098e+00 
 4.21875000e-07  1.20018961e+00  4.21875000e-07  3.29955156e+00 
 4.21925000e-07  1.19983706e+00  4.21925000e-07  3.30043618e+00 
 4.21962500e-07  1.20013377e+00  4.21962500e-07  3.29958150e+00 
 4.22000000e-07  1.19988912e+00  4.22000000e-07  3.30040123e+00 
 4.22005000e-07  1.19953087e+00  4.22005000e-07  3.29842236e+00 
 4.22015000e-07  1.19936500e+00  4.22015000e-07  3.29700693e+00 
 4.22035000e-07  1.19979179e+00  4.22035000e-07  3.29713018e+00 
 4.22075000e-07  1.19980851e+00  4.22075000e-07  3.29964839e+00 
 4.22125000e-07  1.20497048e+00  4.22125000e-07  3.32597153e+00 
 4.22162500e-07  1.21926674e+00  4.22162500e-07  3.35971746e+00 
 4.22200000e-07  1.21535701e+00  4.22200000e-07  3.38432869e+00 
 4.22205000e-07  1.19068062e+00  4.22205000e-07  3.38149779e+00 
 4.22215000e-07  1.05965301e+00  4.22215000e-07  3.36212482e+00 
 4.22235000e-07  4.38862516e-01  4.22235000e-07  3.27846098e+00 
 4.22275000e-07 -1.96934228e-02  4.22275000e-07  2.81778285e+00 
 4.22322123e-07  2.02628817e-02  4.22322123e-07  5.17635799e-01 
 4.22372123e-07 -1.60335602e-02  4.22372123e-07 -8.46745080e-02 
 4.22422123e-07  1.44364497e-02  4.22422123e-07  8.50672447e-02 
 4.22472123e-07 -1.27954273e-02  4.22472123e-07 -4.77889661e-02 
 4.22522123e-07  1.16295180e-02  4.22522123e-07  3.85176986e-02 
 4.22572123e-07 -1.04159838e-02  4.22572123e-07 -2.56629656e-02 
 4.22622123e-07  9.46164469e-03  4.22622123e-07  1.88780751e-02 
 4.22672123e-07 -8.49168527e-03  4.22672123e-07 -1.36800850e-02 
 4.22722123e-07  7.70551311e-03  4.22722123e-07  1.00121050e-02 
 4.22772123e-07 -6.92690201e-03  4.22772123e-07 -7.35880966e-03 
 4.22822123e-07  6.28170112e-03  4.22822123e-07  5.38877084e-03 
 4.22872123e-07 -5.65627512e-03  4.22872123e-07 -3.93772871e-03 
 4.22922123e-07  5.12826560e-03  4.22922123e-07  2.82968354e-03 
 4.22972123e-07 -4.62513444e-03  4.22972123e-07 -1.99157016e-03 
 4.23022123e-07  4.19377066e-03  4.23022123e-07  1.33681515e-03 
 4.23072123e-07 -3.78829091e-03  4.23072123e-07 -8.28219955e-04 
 4.23122123e-07  3.43624769e-03  4.23122123e-07  4.23875540e-04 
 4.23172123e-07 -3.10888758e-03  4.23172123e-07 -1.02353331e-04 
 4.23222123e-07  2.82175318e-03  4.23222123e-07 -1.56106243e-04 
 4.23272123e-07 -2.55702924e-03  4.23272123e-07  3.65482624e-04 
 4.23322123e-07  2.32290747e-03  4.23322123e-07 -5.34431187e-04 
 4.23372123e-07 -2.11128052e-03  4.23372123e-07  6.72194104e-04 
 4.23422123e-07  1.91561440e-03  4.23422123e-07 -7.85934180e-04 
 4.23472123e-07 -1.74497870e-03  4.23472123e-07  8.75268860e-04 
 4.23522123e-07  1.58723294e-03  4.23522123e-07 -9.51152179e-04 
 4.23572123e-07 -1.44724087e-03  4.23572123e-07  1.00844972e-03 
 4.23622123e-07  1.31976764e-03  4.23622123e-07 -1.05798710e-03 
 4.23672123e-07 -1.20499235e-03  4.23672123e-07  1.09303327e-03 
 4.23722123e-07  1.10177150e-03  4.23722123e-07 -1.12382066e-03 
 4.23772123e-07 -1.00769446e-03  4.23772123e-07  1.14311267e-03 
 4.23822123e-07  9.23957103e-04  4.23822123e-07 -1.16033004e-03 
 4.23872123e-07 -8.46837527e-04  4.23872123e-07  1.16832147e-03 
 4.23922123e-07  7.78789544e-04  4.23922123e-07 -1.17560589e-03 
 4.23972123e-07 -7.15543249e-04  4.23972123e-07  1.17542863e-03 
 4.24022123e-07  6.60154519e-04  4.24022123e-07 -1.17539407e-03 
 4.24072123e-07 -6.08246588e-04  4.24072123e-07  1.16929573e-03 
 4.24122123e-07  5.63089384e-04  4.24122123e-07 -1.16385579e-03 
 4.24172123e-07 -5.20441303e-04  4.24172123e-07  1.15347550e-03 
 4.24222123e-07  4.83565307e-04  4.24222123e-07 -1.14405178e-03 
 4.24272123e-07 -4.48475888e-04  4.24272123e-07  1.13060010e-03 
 4.24322123e-07  4.18310787e-04  4.24322123e-07 -1.11826099e-03 
 4.24372123e-07 -3.89389605e-04  4.24372123e-07  1.10264087e-03 
 4.24422123e-07  3.64668672e-04  4.24422123e-07 -1.08819667e-03 
 4.24472123e-07 -3.40780494e-04  4.24472123e-07  1.07108673e-03 
 4.24522123e-07  3.20480295e-04  4.24522123e-07 -1.05515640e-03 
 4.24572123e-07 -3.00698976e-04  4.24572123e-07  1.03706948e-03 
 4.24622123e-07  2.83991547e-04  4.24622123e-07 -1.02012834e-03 
 4.24672123e-07 -2.67561967e-04  4.24672123e-07  1.00145344e-03 
 4.24722123e-07  2.53776745e-04  4.24722123e-07 -9.83867857e-04 
 4.24772123e-07 -2.40083483e-04  4.24772123e-07  9.64900550e-04 
 4.24822123e-07  2.28676874e-04  4.24822123e-07 -9.46953490e-04 
 4.24872123e-07 -2.17218512e-04  4.24872123e-07  9.27918353e-04 
 4.24922123e-07  2.07749502e-04  4.24922123e-07 -9.09828477e-04 
 4.24972123e-07 -1.98117580e-04  4.24972123e-07  8.90895744e-04 
 4.25022123e-07  1.90228139e-04  4.25022123e-07 -8.72831803e-04 
 4.25072123e-07 -1.82089952e-04  4.25072123e-07  8.54129889e-04 
 4.25122123e-07  1.75489250e-04  4.25122123e-07 -8.36221685e-04 
 4.25172123e-07 -1.68573805e-04  4.25172123e-07  8.17846667e-04 
 4.25222123e-07  1.63025483e-04  4.25222123e-07 -8.00193463e-04 
 4.25272123e-07 -1.57112039e-04  4.25272123e-07  7.82216327e-04 
 4.25322123e-07  1.52423921e-04  4.25322123e-07 -7.64893349e-04 
 4.25372123e-07 -1.47332653e-04  4.25372123e-07  7.47365545e-04 
 4.25422123e-07  1.43348424e-04  4.25422123e-07 -7.30429042e-04 
 4.25472123e-07 -1.38932815e-04  4.25472123e-07  7.13386785e-04 
 4.25522123e-07  1.35525285e-04  4.25522123e-07 -6.96877984e-04 
 4.25572123e-07 -1.31665926e-04  4.25572123e-07  6.80345588e-04 
 4.25622123e-07  1.28731569e-04  4.25622123e-07 -6.64293805e-04 
 4.25672123e-07 -1.25331119e-04  4.25672123e-07  6.48286284e-04 
 4.25722123e-07  1.22785642e-04  4.25722123e-07 -6.32711380e-04 
 4.25772123e-07 -1.19764721e-04  4.25772123e-07  6.17236487e-04 
 4.25822123e-07  1.17539466e-04  4.25822123e-07 -6.02150815e-04 
 4.25872123e-07 -1.14833314e-04  4.25872123e-07  5.87210646e-04 
 4.25922123e-07  1.12872343e-04  4.25922123e-07 -5.72620599e-04 
 4.25972123e-07 -1.10428099e-04  4.25972123e-07  5.58212848e-04 
 4.26022123e-07  1.08685818e-04  4.26022123e-07 -5.44120098e-04 
 4.26072123e-07 -1.06460309e-04  4.26072123e-07  5.30239063e-04 
 4.26122123e-07  1.04899544e-04  4.26122123e-07 -5.16641552e-04 
 4.26172123e-07 -1.02857485e-04  4.26172123e-07  5.03278920e-04 
 4.26222123e-07  1.01447910e-04  4.26222123e-07 -4.90171655e-04 
 4.26272123e-07 -9.95604375e-05  4.26272123e-07  4.77317130e-04 
 4.26322123e-07  9.82773015e-05  4.26322123e-07 -4.64692825e-04 
 4.26372123e-07 -9.65207830e-05  4.26372123e-07  4.52334632e-04 
 4.26422123e-07  9.53438747e-05  4.26422123e-07 -4.40184224e-04 
 4.26472123e-07 -9.36989375e-05  4.26472123e-07  4.28309503e-04 
 4.26522123e-07  9.26117401e-05  4.26522123e-07 -4.16622571e-04 
 4.26572123e-07 -9.10624826e-05  4.26572123e-07  4.05217695e-04 
 4.26622123e-07  9.00514881e-05  4.26622123e-07 -3.93982800e-04 
 4.26672123e-07 -8.85848367e-05  4.26672123e-07  3.83033629e-04 
 4.26722123e-07  8.76389870e-05  4.26722123e-07 -3.72238586e-04 
 4.26772123e-07 -8.62441739e-05  4.26772123e-07  3.61730670e-04 
 4.26822123e-07  8.53544065e-05  4.26822123e-07 -3.51362773e-04 
 4.26872123e-07 -8.40225438e-05  4.26872123e-07  3.41281511e-04 
 4.26922123e-07  8.31814214e-05  4.26922123e-07 -3.31327713e-04 
 4.26972123e-07 -8.19051547e-05  4.26972123e-07  3.21658482e-04 
 4.27022123e-07  8.11065643e-05  4.27022123e-07 -3.12105545e-04 
 4.27072123e-07 -7.98797907e-05  4.27072123e-07  3.02833801e-04 
 4.27122123e-07  7.91186982e-05  4.27122123e-07 -2.93668409e-04 
 4.27172123e-07 -7.79363367e-05  4.27172123e-07  2.84779768e-04 
 4.27222123e-07  7.72085873e-05  4.27222123e-07 -2.75988629e-04 
 4.27272123e-07 -7.60663922e-05  4.27272123e-07  2.67468929e-04 
 4.27322123e-07  7.53685478e-05  4.27322123e-07 -2.59038850e-04 
 4.27372123e-07 -7.42629557e-05  4.27372123e-07  2.50874202e-04 
 4.27422123e-07  7.35921627e-05  4.27422123e-07 -2.42792150e-04 
 4.27472123e-07 -7.25201693e-05  4.27472123e-07  2.34968973e-04 
 4.27522123e-07  7.18740508e-05  4.27522123e-07 -2.27222126e-04 
 4.27572123e-07 -7.08331094e-05  4.27572123e-07  2.19727176e-04 
 4.27622123e-07  7.02096774e-05  4.27622123e-07 -2.12302964e-04 
 4.27672123e-07 -6.91976168e-05  4.27672123e-07  2.05123355e-04 
 4.27722123e-07  6.85952008e-05  4.27722123e-07 -1.98009487e-04 
 4.27772123e-07 -6.76101583e-05  4.27772123e-07  1.91132706e-04 
 4.27822123e-07  6.70273472e-05  4.27822123e-07 -1.84317193e-04 
 4.27872123e-07 -6.60677137e-05  4.27872123e-07  1.77731108e-04 
 4.27922123e-07  6.55033083e-05  4.27922123e-07 -1.71202285e-04 
 4.27972123e-07 -6.45676841e-05  4.27972123e-07  1.64895151e-04 
 4.28022123e-07  6.40206587e-05  4.28022123e-07 -1.58641685e-04 
 4.28072123e-07 -6.31078167e-05  4.28072123e-07  1.52602147e-04 
 4.28122123e-07  6.25772875e-05  4.28122123e-07 -1.46613047e-04 
 4.28172123e-07 -6.16861438e-05  4.28172123e-07  1.40830139e-04 
 4.28222123e-07  6.11713437e-05  4.28222123e-07 -1.35094758e-04 
 4.28272123e-07 -6.03009332e-05  4.28272123e-07  1.29557901e-04 
 4.28322123e-07  5.98011905e-05  4.28322123e-07 -1.24065944e-04 
 4.28372123e-07 -5.89506475e-05  4.28372123e-07  1.18764938e-04 
 4.28422123e-07  5.84653692e-05  4.28422123e-07 -1.13506455e-04 
 4.28472123e-07 -5.76339108e-05  4.28472123e-07  1.08431478e-04 
 4.28522123e-07  5.71625687e-05  4.28522123e-07 -1.03396867e-04 
 4.28572123e-07 -5.63494816e-05  4.28572123e-07  9.85384641e-05 
 4.28622123e-07  5.58916013e-05  4.28622123e-07 -9.37184654e-05 
 4.28672123e-07 -5.50962312e-05  4.28672123e-07  8.90675408e-05 
 4.28722123e-07  5.46513824e-05  4.28722123e-07 -8.44532318e-05 
 4.28772123e-07 -5.38731251e-05  4.28772123e-07  8.00010428e-05 
 4.28822123e-07  5.34409147e-05  4.28822123e-07 -7.55838319e-05 
 4.28872123e-07 -5.26792084e-05  4.28872123e-07  7.13219776e-05 
 4.28922123e-07  5.22592740e-05  4.28922123e-07 -6.70935980e-05 
 4.28972123e-07 -5.15135939e-05  4.28972123e-07  6.30140104e-05 
 4.29022123e-07  5.11055991e-05  4.29022123e-07 -5.89665122e-05 
 4.29072123e-07 -5.03754519e-05  4.29072123e-07  5.50614459e-05 
 4.29122123e-07  4.99790822e-05  4.29122123e-07 -5.11871882e-05 
 4.29172123e-07 -4.92640024e-05  4.29172123e-07  4.74492108e-05 
 4.29222123e-07  4.88789615e-05  4.29222123e-07 -4.37408532e-05 
 4.29272123e-07 -4.81785080e-05  4.29272123e-07  4.01628351e-05 
 4.29322123e-07  4.78045158e-05  4.29322123e-07 -3.66133293e-05 
 4.29372123e-07 -4.71182688e-05  4.29372123e-07  3.31884333e-05 
 4.29422123e-07  4.67550587e-05  4.29422123e-07 -2.97910140e-05 
 4.29472123e-07 -4.60826176e-05  4.29472123e-07  2.65126856e-05 
 4.29522123e-07  4.57299348e-05  4.29522123e-07 -2.32608618e-05 
 4.29572123e-07 -4.50709164e-05  4.29572123e-07  2.01228193e-05 
 4.29622123e-07  4.47285165e-05  4.29622123e-07 -1.70103651e-05 
 4.29672123e-07 -4.40825530e-05  4.29672123e-07  1.40065894e-05 
 4.29722123e-07  4.37502008e-05  4.29722123e-07 -1.10275354e-05 
 4.29772123e-07 -4.31169387e-05  4.29772123e-07  8.15226042e-06 
 4.29822123e-07  4.27944070e-05  4.29822123e-07 -5.30088445e-06 
 4.29872123e-07 -4.21735058e-05  4.29872123e-07  2.54858797e-06 
 4.29922123e-07  4.18605747e-05  4.29922123e-07  1.80593426e-07 
 4.29961062e-07 -4.11224272e-05  4.29961062e-07 -3.55823441e-06 
 4.30000000e-07  4.06928489e-05  4.30000000e-07  6.87702306e-06 
 4.30005000e-07 -8.14160450e-06  4.30005000e-07 -8.16184566e-05 
 4.30015000e-07  7.95709609e-06  4.30015000e-07  2.37270994e-05 
 4.30035000e-07  1.78486672e-06  4.30035000e-07  1.79797598e-05 
 4.30075000e-07 -4.80033386e-06  4.30075000e-07  1.48720272e-05 
 4.30125000e-07  2.34393478e-05  4.30125000e-07  1.36512508e-04 
 4.30162500e-07  2.13106470e-06  4.30162500e-07  1.34781441e-04 
 4.30200000e-07 -3.28827364e-04  4.30200000e-07 -1.76895053e-04 
 4.30205000e-07 -3.63557902e-04  4.30205000e-07 -4.06367448e-04 
 4.30215000e-07 -1.66140357e-05  4.30215000e-07 -8.55632141e-04 
 4.30235000e-07  5.97518417e-04  4.30235000e-07 -1.41598545e-03 
 4.30271733e-07 -4.17019047e-04  4.30271733e-07  7.08765127e-05 
 4.30313800e-07  3.08448557e-04  4.30313800e-07  1.39768560e-03 
 4.30358980e-07 -1.62261618e-04  4.30358980e-07 -1.58854791e-04 
 4.30408980e-07  7.35208054e-05  4.30408980e-07 -3.99224670e-04 
 4.30458980e-07 -1.08210323e-05  4.30458980e-07  2.91311582e-04 
 4.30508980e-07 -2.89307724e-05  4.30508980e-07 -1.87118811e-04 
 4.30558980e-07  5.54122856e-05  4.30558980e-07  2.30559504e-04 
 4.30608980e-07 -7.10767349e-05  4.30608980e-07 -2.14184511e-04 
 4.30658980e-07  8.05329674e-05  4.30658980e-07  2.31878571e-04 
 4.30708980e-07 -8.46236570e-05  4.30708980e-07 -2.30302594e-04 
 4.30758980e-07  8.58760604e-05  4.30758980e-07  2.37885231e-04 
 4.30808980e-07 -8.43447574e-05  4.30808980e-07 -2.37357096e-04 
 4.30858980e-07  8.17196053e-05  4.30858980e-07  2.40158977e-04 
 4.30908980e-07 -7.76375647e-05  4.30908980e-07 -2.38676393e-04 
 4.30958980e-07  7.33187329e-05  4.30958980e-07  2.38558459e-04 
 4.31008980e-07 -6.82814684e-05  4.31008980e-07 -2.35844409e-04 
 4.31058980e-07  6.34563254e-05  4.31058980e-07  2.33929131e-04 
 4.31108980e-07 -5.83011118e-05  4.31108980e-07 -2.30259138e-04 
 4.31158980e-07  5.35811944e-05  4.31158980e-07  2.26978238e-04 
 4.31208980e-07 -4.87305426e-05  4.31208980e-07 -2.22581277e-04 
 4.31258980e-07  4.44140129e-05  4.31258980e-07  2.18610345e-04 
 4.31308980e-07 -4.00569671e-05  4.31308980e-07 -2.13832922e-04 
 4.31358980e-07  3.62620927e-05  4.31358980e-07  2.09432551e-04 
 4.31408980e-07 -3.24606034e-05  4.31408980e-07 -2.04425981e-04 
 4.31458980e-07  2.92122701e-05  4.31458980e-07  1.99758489e-04 
 4.31508980e-07 -2.59551304e-05  4.31508980e-07 -1.94689057e-04 
 4.31558980e-07  2.32278210e-05  4.31558980e-07  1.89944094e-04 
 4.31608980e-07 -2.04729135e-05  4.31608980e-07 -1.84917319e-04 
 4.31658980e-07  1.82166827e-05  4.31658980e-07  1.80200832e-04 
 4.31708980e-07 -1.59074485e-05  4.31708980e-07 -1.75288194e-04 
 4.31758980e-07  1.40638165e-05  4.31758980e-07  1.70671259e-04 
 4.31808980e-07 -1.21402590e-05  4.31808980e-07 -1.65919219e-04 
 4.31858980e-07  1.06504174e-05  4.31858980e-07  1.61447498e-04 
 4.31908980e-07 -9.05487433e-06  4.31908980e-07 -1.56884034e-04 
 4.31958980e-07  7.86388855e-06  4.31958980e-07  1.52584945e-04 
 4.32008980e-07 -6.54384391e-06  4.32008980e-07 -1.48224731e-04 
 4.32058980e-07  5.60255123e-06  4.32058980e-07  1.44112795e-04 
 4.32108980e-07 -4.51174176e-06  4.32108980e-07 -1.39961148e-04 
 4.32158980e-07  3.77733914e-06  4.32158980e-07  1.36041918e-04 
 4.32208980e-07 -2.87590644e-06  4.32208980e-07 -1.32097758e-04 
 4.32258980e-07  2.31182370e-06  4.32258980e-07  1.28370704e-04 
 4.32308980e-07 -1.56596105e-06  4.32308980e-07 -1.24628720e-04 
 4.32358980e-07  1.14137244e-06  4.32358980e-07  1.21089311e-04 
 4.32408980e-07 -5.22732353e-07  4.32408980e-07 -1.17541548e-04 
 4.32458980e-07  2.11912878e-07  4.32458980e-07  1.14182748e-04 
 4.32508980e-07  3.03070845e-07  4.32508980e-07 -1.10819727e-04 
 4.32558980e-07 -5.21426751e-07  4.32558980e-07  1.07633053e-04 
 4.32608980e-07  9.52216423e-07  4.32608980e-07 -1.04444564e-04 
 4.32658980e-07 -1.09565046e-06  4.32658980e-07  1.01420822e-04 
 4.32708980e-07  1.45823641e-06  4.32708980e-07 -9.83964608e-05 
 4.32758980e-07 -1.54112431e-06  4.32758980e-07  9.55262503e-05 
 4.32808980e-07  1.84859070e-06  4.32808980e-07 -9.26557807e-05 
 4.32858980e-07 -1.88267005e-06  4.32858980e-07  8.99298269e-05 
 4.32908980e-07  2.14568813e-06  4.32908980e-07 -8.72034065e-05 
 4.32958980e-07 -2.14051373e-06  4.32958980e-07  8.46127721e-05 
 4.33008980e-07  2.36776382e-06  4.33008980e-07 -8.20210882e-05 
 4.33058980e-07 -2.33109457e-06  4.33058980e-07  7.95572996e-05 
 4.33108980e-07  2.52962237e-06  4.33108980e-07 -7.70916390e-05 
 4.33158980e-07 -2.46774607e-06  4.33158980e-07  7.47467519e-05 
 4.33208980e-07  2.64326035e-06  4.33208980e-07 -7.23990264e-05 
 4.33258980e-07 -2.56126392e-06  4.33258980e-07  7.01656509e-05 
 4.33308980e-07  2.71838341e-06  4.33308980e-07 -6.79283928e-05 
 4.33358980e-07 -2.62037629e-06  4.33358980e-07  6.57996914e-05 
 4.33408980e-07  2.76283326e-06  4.33408980e-07 -6.36660305e-05 
 4.33458980e-07 -2.65213109e-06  4.33458980e-07  6.16356985e-05 
 4.33508980e-07  2.78293823e-06  4.33508980e-07 -5.95993277e-05 
 4.33558980e-07 -2.66221311e-06  4.33558980e-07  5.76615636e-05 
 4.33608980e-07  2.78380008e-06  4.33608980e-07 -5.57166982e-05 
 4.33658980e-07 -2.65520333e-06  4.33658980e-07  5.38661679e-05 
 4.33708980e-07  2.76952792e-06  4.33708980e-07 -5.20075031e-05 
 4.33758980e-07 -2.63478978e-06  4.33758980e-07  5.02393026e-05 
 4.33808980e-07  2.74342828e-06  4.33808980e-07 -4.84619703e-05 
 4.33858980e-07 -2.60393898e-06  4.33858980e-07  4.67715877e-05 
 4.33908980e-07  2.70815959e-06  4.33908980e-07 -4.50711157e-05 
 4.33958980e-07 -2.56503497e-06  4.33958980e-07  4.34543949e-05 
 4.34008980e-07  2.66585717e-06  4.34008980e-07 -4.18266678e-05 
 4.34058980e-07 -2.51999187e-06  4.34058980e-07  4.02797739e-05 
 4.34108980e-07  2.61823442e-06  4.34108980e-07 -3.87209975e-05 
 4.34158980e-07 -2.47034471e-06  4.34158980e-07  3.72403857e-05 
 4.34208980e-07  2.56666461e-06  4.34208980e-07 -3.57470543e-05 
 4.34258980e-07 -2.41732320e-06  4.34258980e-07  3.43294406e-05 
 4.34308980e-07  2.51224694e-06  4.34308980e-07 -3.28983077e-05 
 4.34358980e-07 -2.36191085e-06  4.34358980e-07  3.15406430e-05 
 4.34408980e-07  2.45585977e-06  4.34408980e-07 -3.01686949e-05 
 4.34458980e-07 -2.30489294e-06  4.34458980e-07  2.88681414e-05 
 4.34508980e-07  2.39820365e-06  4.34508980e-07 -2.75525741e-05 
 4.34558980e-07 -2.24689508e-06  4.34558980e-07  2.63064848e-05 
 4.34608980e-07  2.33983585e-06  4.34608980e-07 -2.50446827e-05 
 4.34658980e-07 -2.18841433e-06  4.34658980e-07  2.38505828e-05 
 4.34708980e-07  2.28119845e-06  4.34708980e-07 -2.26401005e-05 
 4.34758980e-07 -2.12984429e-06  4.34758980e-07  2.14956709e-05 
 4.34808980e-07  2.22264075e-06  4.34808980e-07 -2.03342172e-05 
 4.34858980e-07 -2.07149527e-06  4.34858980e-07  1.92372802e-05 
 4.34908980e-07  2.16443730e-06  4.34908980e-07 -1.81227035e-05 
 4.34958980e-07 -2.01361060e-06  4.34958980e-07  1.70712099e-05 
 4.35008980e-07  2.10680273e-06  4.35008980e-07 -1.60014855e-05 
 4.35058980e-07 -1.95637969e-06  4.35058980e-07  1.49935033e-05 
 4.35108980e-07  2.04990327e-06  4.35108980e-07 -1.39667225e-05 
 4.35158980e-07 -1.89994864e-06  4.35158980e-07  1.30004270e-05 
 4.35208980e-07  1.99386637e-06  4.35208980e-07 -1.20147871e-05 
 4.35258980e-07 -1.84442874e-06  4.35258980e-07  1.10884520e-05 
 4.35308980e-07  1.93878835e-06  4.35308980e-07 -1.01422476e-05 
 4.35358980e-07 -1.78990329e-06  4.35358980e-07  9.25423707e-06 
 4.35408980e-07  1.88474049e-06  4.35408980e-07 -8.34585226e-06 
 4.35458980e-07 -1.73643326e-06  4.35458980e-07  7.49461421e-06 
 4.35508980e-07  1.83177398e-06  4.35508980e-07 -6.62251582e-06 
 4.35558980e-07 -1.68406151e-06  4.35558980e-07  5.80657547e-06 
 4.35608980e-07  1.77992399e-06  4.35608980e-07 -4.96930689e-06 
 4.35658980e-07 -1.63281665e-06  4.35658980e-07  4.18726131e-06 
 4.35708980e-07  1.72921284e-06  4.35708980e-07 -3.38343696e-06 
 4.35758980e-07 -1.58271571e-06  4.35758980e-07  2.63395012e-06 
 4.35808980e-07  1.67965259e-06  4.35808980e-07 -1.86225063e-06 
 4.35858980e-07 -1.53376665e-06  4.35858980e-07  1.14404891e-06 
 4.35908980e-07  1.63124722e-06  4.35908980e-07 -4.03216693e-07 
 4.35958980e-07 -1.48597011e-06  4.35958980e-07 -2.84915146e-07 
 4.36008980e-07  1.58399420e-06  4.36008980e-07  9.96079938e-07 
 4.36058980e-07 -1.43932102e-06  4.36058980e-07 -1.65530243e-06 
 4.36108980e-07  1.53788596e-06  4.36108980e-07  2.33794549e-06 
 4.36158980e-07 -1.39380984e-06  4.36158980e-07 -2.96936762e-06 
 4.36208980e-07  1.49291095e-06  4.36208980e-07  3.62458370e-06 
 4.36258980e-07 -1.34942341e-06  4.36258980e-07 -4.22926619e-06 
 4.36308980e-07  1.44905449e-06  4.36308980e-07  4.85810217e-06 
 4.36358980e-07 -1.30614592e-06  4.36358980e-07 -5.43705998e-06 
 4.36408980e-07  1.40629955e-06  4.36408980e-07  6.04051759e-06 
 4.36458980e-07 -1.26395947e-06  4.36458980e-07 -6.59472259e-06 
 4.36508980e-07  1.36462733e-06  4.36508980e-07  7.17376085e-06 
 4.36558980e-07 -1.22284457e-06  4.36558980e-07 -7.70414410e-06 
 4.36608980e-07  1.32401757e-06  4.36608980e-07  8.25968176e-06 
 4.36658980e-07 -1.18278055e-06  4.36658980e-07 -8.76713570e-06 
 4.36708980e-07  1.28444919e-06  4.36708980e-07  9.30005319e-06 
 4.36758980e-07 -1.14374607e-06  4.36758980e-07 -9.78543356e-06 
 4.36808980e-07  1.24590042e-06  4.36808980e-07  1.02965752e-05 
 4.36858980e-07 -1.10571909e-06  4.36858980e-07 -1.07607029e-05 
 4.36908980e-07  1.20834896e-06  4.36908980e-07  1.12508785e-05 
 4.36958980e-07 -1.06867733e-06  4.36958980e-07 -1.16945414e-05 
 4.37008980e-07  1.17177244e-06  4.37008980e-07  1.21645281e-05 
 4.37058980e-07 -1.03259837e-06  4.37058980e-07 -1.25884827e-05 
 4.37108980e-07  1.13614831e-06  4.37108980e-07  1.30390263e-05 
 4.37158980e-07 -9.97459737e-07  4.37158980e-07 -1.34439989e-05 
 4.37208980e-07  1.10145412e-06  4.37208980e-07  1.38758161e-05 
 4.37258980e-07 -9.63239081e-07  4.37258980e-07 -1.42625044e-05 
 4.37308980e-07  1.06766753e-06  4.37308980e-07  1.46762832e-05 
 4.37358980e-07 -9.29914227e-07  4.37358980e-07 -1.50453579e-05 
 4.37408980e-07  1.03476648e-06  4.37408980e-07  1.54417595e-05 
 4.37458980e-07 -8.97463272e-07  4.37458980e-07 -1.57938650e-05 
 4.37508980e-07  1.00272913e-06  4.37508980e-07  1.61735249e-05 
 4.37558980e-07 -8.65864593e-07  4.37558980e-07 -1.65092809e-05 
 4.37608980e-07  9.71534046e-07  4.37608980e-07  1.68728102e-05 
 4.37658980e-07 -8.35096973e-07  4.37658980e-07 -1.71928125e-05 
 4.37708980e-07  9.41160085e-07  4.37708980e-07  1.75407986e-05 
 4.37758980e-07 -8.05139472e-07  4.37758980e-07 -1.78456205e-05 
 4.37808980e-07  9.11586560e-07  4.37808980e-07  1.81786286e-05 
 4.37858980e-07 -7.75971660e-07  4.37858980e-07 -1.84688214e-05 
 4.37908980e-07  8.82793166e-07  4.37908980e-07  1.87873951e-05 
 4.37958980e-07 -7.47573471e-07  4.37958980e-07 -1.90634895e-05 
 4.38008980e-07  8.54760015e-07  4.38008980e-07  1.93681520e-05 
 4.38058980e-07 -7.19925251e-07  4.38058980e-07 -1.96306587e-05 
 4.38108980e-07  8.27467700e-07  4.38108980e-07  1.99219135e-05 
 4.38158980e-07 -6.93007860e-07  4.38158980e-07 -2.01713241e-05 
 4.38208980e-07  8.00897221e-07  4.38208980e-07  2.04496558e-05 
 4.38258980e-07 -6.66802492e-07  4.38258980e-07 -2.06864436e-05 
 4.38308980e-07  7.75029994e-07  4.38308980e-07  2.09523189e-05 
 4.38358980e-07 -6.41290881e-07  4.38358980e-07 -2.11769398e-05 
 4.38408980e-07  7.49847948e-07  4.38408980e-07  2.14308079e-05 
 4.38458980e-07 -6.16455142e-07  4.38458980e-07 -2.16437009e-05 
 4.38508980e-07  7.25333378e-07  4.38508980e-07  2.18859946e-05 
 4.38558980e-07 -5.92277814e-07  4.38558980e-07 -2.20875825e-05 
 4.38608980e-07  7.01469052e-07  4.38608980e-07  2.23187187e-05 
 4.38658980e-07 -5.68741914e-07  4.38658980e-07 -2.25094089e-05 
 4.38708980e-07  6.78238166e-07  4.38708980e-07  2.27297892e-05 
 4.38758980e-07 -5.45830858e-07  4.38758980e-07 -2.29099742e-05 
 4.38808980e-07  6.55624319e-07  4.38808980e-07  2.31199855e-05 
 4.38858980e-07 -5.23528479e-07  4.38858980e-07 -2.32900436e-05 
 4.38908980e-07  6.33611552e-07  4.38908980e-07  2.34900588e-05 
 4.38958980e-07 -5.01819035e-07  4.38958980e-07 -2.36503545e-05 
 4.39008980e-07  6.12184305e-07  4.39008980e-07  2.38407330e-05 
 4.39058980e-07 -4.80687167e-07  4.39058980e-07 -2.39916177e-05 
 4.39108980e-07  5.91327403e-07  4.39108980e-07  2.41727059e-05 
 4.39158980e-07 -4.60117933e-07  4.39158980e-07 -2.43145183e-05 
 4.39208980e-07  5.71026086e-07  4.39208980e-07  2.44866501e-05 
 4.39258980e-07 -4.40096765e-07  4.39258980e-07 -2.46197170e-05 
 4.39308980e-07  5.51265937e-07  4.39308980e-07  2.47832144e-05 
 4.39358980e-07 -4.20609454e-07  4.39358980e-07 -2.49078504e-05 
 4.39408980e-07  5.32032987e-07  4.39408980e-07  2.50630239e-05 
 4.39458980e-07 -4.01642208e-07  4.39458980e-07 -2.51795329e-05 
 4.39508980e-07  5.13313539e-07  4.39508980e-07  2.53266817e-05 
 4.39558980e-07 -3.83181546e-07  4.39558980e-07 -2.54353565e-05 
 4.39608980e-07  4.95094327e-07  4.39608980e-07  2.55747696e-05 
 4.39658980e-07 -3.65214386e-07  4.39658980e-07 -2.56758926e-05 
 4.39708980e-07  4.77362423e-07  4.39708980e-07  2.58078483e-05 
 4.39758980e-07 -3.47727956e-07  4.39758980e-07 -2.59016921e-05 
 4.39808980e-07  4.60105177e-07  4.39808980e-07  2.60264591e-05 
 4.39858980e-07 -3.30709795e-07  4.39858980e-07 -2.61132865e-05 
 4.39908980e-07  4.43310328e-07  4.39908980e-07  2.62311239e-05 
 4.39954490e-07 -3.13342152e-07  4.39954490e-07 -2.63206085e-05 
 4.40000000e-07  4.25377685e-07  4.40000000e-07  2.64405077e-05 
 4.40005000e-07  1.75377023e-05  4.40005000e-07  2.19354073e-04 
 4.40015000e-07 -7.96968789e-06  4.40015000e-07  1.26343109e-05 
 4.40035000e-07 -9.70120716e-06  4.40035000e-07 -8.49102087e-05 
 4.40075000e-07  1.02693169e-05  4.40075000e-07 -6.45626644e-05 
 4.40125000e-07 -4.12472137e-05  4.40125000e-07 -1.29568650e-04 
 4.40162500e-07 -7.33619265e-05  4.40162500e-07 -3.61522415e-04 
 4.40200000e-07  5.81921576e-04  4.40200000e-07  3.48088817e-04 
 4.40205000e-07  3.42259395e-04  4.40205000e-07  1.98067619e-04 
 4.40215000e-07 -3.91782096e-04  4.40215000e-07  4.48519237e-04 
 4.40235000e-07 -3.96559866e-04  4.40235000e-07  1.04089948e-03 
 4.40275000e-07  3.16033507e-04  4.40275000e-07  1.30525906e-03 
 4.40317481e-07 -2.05287450e-04  4.40317481e-07 -2.48873719e-03 
 4.40362355e-07  1.37450217e-04  4.40362355e-07  6.21996548e-04 
 4.40412355e-07 -9.85524340e-05  4.40412355e-07 -9.58929508e-05 
 4.40462355e-07  7.30277251e-05  4.40462355e-07  1.76882749e-04 
 4.40512355e-07 -5.52262212e-05  4.40512355e-07 -9.29325417e-05 
 4.40562355e-07  4.28123438e-05  4.40562355e-07  4.74675973e-05 
 4.40612355e-07 -3.35185119e-05  4.40612355e-07 -7.43429035e-06 
 4.40662355e-07  2.67996665e-05  4.40662355e-07 -2.15090328e-05 
 4.40712355e-07 -2.14836020e-05  4.40712355e-07  4.36615187e-05 
 4.40762355e-07  1.75938589e-05  4.40762355e-07 -6.03402694e-05 
 4.40812355e-07 -1.43531457e-05  4.40812355e-07  7.30418781e-05 
 4.40862355e-07  1.20053591e-05  4.40862355e-07 -8.26061343e-05 
 4.40912355e-07 -9.91733197e-06  4.40912355e-07  8.98173006e-05 
 4.40962355e-07  8.44700169e-06  4.40962355e-07 -9.50780941e-05 
 4.41012355e-07 -7.02891854e-06  4.41012355e-07  9.88826772e-05 
 4.41062355e-07  6.07754391e-06  4.41062355e-07 -1.01420297e-04 
 4.41112355e-07 -5.06348164e-06  4.41112355e-07  1.03036439e-04 
 4.41162355e-07  4.43085109e-06  4.41162355e-07 -1.03811202e-04 
 4.41212355e-07 -3.67000125e-06  4.41212355e-07  1.04005599e-04 
 4.41262355e-07  3.24112567e-06  4.41262355e-07 -1.03638178e-04 
 4.41312355e-07 -2.64557326e-06  4.41312355e-07  1.02916264e-04 
 4.41362355e-07  2.35246518e-06  4.41362355e-07 -1.01821237e-04 
 4.41412355e-07 -1.86937903e-06  4.41412355e-07  1.00523617e-04 
 4.41462355e-07  1.67051375e-06  4.41462355e-07 -9.89815059e-05 
 4.41512355e-07 -1.26704218e-06  4.41512355e-07  9.73390755e-05 
 4.41562355e-07  1.13612763e-06  4.41562355e-07 -9.55397207e-05 
 4.41612355e-07 -7.91066812e-07  4.41612355e-07  9.37083212e-05 
 4.41662355e-07  7.10805276e-07  4.41662355e-07 -9.17791117e-05 
 4.41712355e-07 -4.09929472e-07  4.41712355e-07  8.98626784e-05 
 4.41762355e-07  3.68492056e-07  4.41762355e-07 -8.78877663e-05 
 4.41812355e-07 -1.01887600e-07  4.41812355e-07  8.59542951e-05 
 4.41862355e-07  9.08810859e-08  4.41862355e-07 -8.39879599e-05 
 4.41912355e-07  1.48608940e-07  4.41912355e-07  8.20806761e-05 
 4.41956178e-07 -1.49655057e-07  4.41956178e-07 -7.98906998e-05 
 4.42000000e-07  3.78744371e-07  4.42000000e-07  7.77792294e-05 
 4.42005000e-07 -1.00893856e-07  4.42005000e-07  4.78296022e-06 
 4.42015000e-07  1.06556593e-07  4.42015000e-07 -4.78972780e-06 
 4.42035000e-07  5.10253753e-08  4.42035000e-07  4.43958756e-06 
 4.42075000e-07  6.39584721e-08  4.42075000e-07 -4.13541516e-06 
 4.42125000e-07  5.38401467e-08  4.42125000e-07  3.96632771e-06 
 4.42162500e-07  7.29745047e-08  4.42162500e-07 -3.80920977e-06 
 4.42200000e-07  2.92095238e-07  4.42200000e-07  3.82891200e-06 
 4.42205000e-07  1.34766080e-08  4.42205000e-07  1.55215764e-06 
 4.42215000e-07 -1.57234291e-06  4.42215000e-07 -3.26031857e-07 
 4.42235000e-07 -2.37470583e-07  4.42235000e-07 -5.53337917e-07 
 4.42275000e-07  2.88361593e-06  4.42275000e-07  1.29338714e-06 
 4.42317182e-07 -4.73511194e-06  4.42317182e-07 -6.15679672e-06 
 4.42363266e-07  5.50956115e-06  4.42363266e-07  1.10926444e-05 
 4.42413266e-07 -5.12271189e-06  4.42413266e-07 -1.01247583e-05 
 4.42463266e-07  4.51404242e-06  4.42463266e-07  5.94380806e-06 
 4.42513266e-07 -3.49624883e-06  4.42513266e-07 -3.09144148e-06 
 4.42563266e-07  2.73290409e-06  4.42563266e-07  1.86426466e-06 
 4.42613266e-07 -1.83004050e-06  4.42613266e-07 -1.13906837e-06 
 4.42663266e-07  1.30127355e-06  4.42663266e-07  6.58323367e-07 
 4.42713266e-07 -6.63559620e-07  4.42713266e-07 -2.46349281e-07 
 4.42763266e-07  3.84942046e-07  4.42763266e-07 -6.64816565e-08 
 4.42813266e-07  3.63587827e-08  4.42813266e-07  3.57257840e-07 
 4.42863266e-07 -1.36926024e-07  4.42863266e-07 -5.69824425e-07 
 4.42913266e-07  4.16279645e-07  4.42913266e-07  7.74547451e-07 
 4.42963266e-07 -4.06012010e-07  4.42963266e-07 -9.13004374e-07 
 4.43013266e-07  6.00154444e-07  4.43013266e-07  1.05425225e-06 
 4.43063266e-07 -5.25155160e-07  4.43063266e-07 -1.13869718e-06 
 4.43113266e-07  6.70650001e-07  4.43113266e-07  1.23427359e-06 
 4.43163266e-07 -5.59488855e-07  4.43163266e-07 -1.28027481e-06 
 4.43213266e-07  6.78427093e-07  4.43213266e-07  1.34362960e-06 
 4.43263266e-07 -5.48060957e-07  4.43263266e-07 -1.36272765e-06 
 4.43313266e-07  6.53384308e-07  4.43313266e-07  1.40370580e-06 
 4.43363266e-07 -5.13640491e-07  4.43363266e-07 -1.40426120e-06 
 4.43413266e-07  6.12776212e-07  4.43413266e-07  1.42993273e-06 
 4.43463266e-07 -4.69237366e-07  4.43463266e-07 -1.41790284e-06 
 4.43513266e-07  5.66356157e-07  4.43513266e-07  1.43326996e-06 
 4.43563266e-07 -4.22112685e-07  4.43563266e-07 -1.41284179e-06 
 4.43613266e-07  5.19481270e-07  4.43613266e-07  1.42139831e-06 
 4.43663266e-07 -3.76171950e-07  4.43663266e-07 -1.39547877e-06 
 4.43713266e-07  4.74952226e-07  4.43713266e-07  1.39963634e-06 
 4.43763266e-07 -3.33377034e-07  4.43763266e-07 -1.37022061e-06 
 4.43813266e-07  4.34095749e-07  4.43813266e-07  1.37162509e-06 
 4.43863266e-07 -2.94575721e-07  4.43863266e-07 -1.34006714e-06 
 4.43913266e-07  3.97400298e-07  4.43913266e-07  1.33982930e-06 
 4.43963266e-07 -2.59988886e-07  4.43963266e-07 -1.30703769e-06 
 4.44013266e-07  3.64889407e-07  4.44013266e-07  1.30589857e-06 
 4.44063266e-07 -2.29496492e-07  4.44063266e-07 -1.27247591e-06 
 4.44113266e-07  3.36340513e-07  4.44113266e-07  1.27092406e-06 
 4.44163266e-07 -2.02804867e-07  4.44163266e-07 -1.23726523e-06 
 4.44213266e-07  3.11412716e-07  4.44213266e-07  1.23561879e-06 
 4.44263266e-07 -1.79543996e-07  4.44263266e-07 -1.20197921e-06 
 4.44313266e-07  2.89720623e-07  4.44313266e-07  1.20044266e-06 
 4.44363266e-07 -1.59323387e-07  4.44363266e-07 -1.16698541e-06 
 4.44413266e-07  2.70876127e-07  4.44413266e-07  1.16568833e-06 
 4.44463266e-07 -1.41762791e-07  4.44463266e-07 -1.13251595e-06 
 4.44513266e-07  2.54510824e-07  4.44513266e-07  1.13153920e-06 
 4.44563266e-07 -1.26508424e-07  4.44563266e-07 -1.09871521e-06 
 4.44613266e-07  2.40287356e-07  4.44613266e-07  1.09810845e-06 
 4.44663266e-07 -1.13240422e-07  4.44663266e-07 -1.06567145e-06 
 4.44713266e-07  2.27903843e-07  4.44713266e-07  1.06546449e-06 
 4.44763266e-07 -1.01675006e-07  4.44763266e-07 -1.03343734e-06 
 4.44813266e-07  2.17094478e-07  4.44813266e-07  1.03364764e-06 
 4.44863266e-07 -9.15639266e-08  4.44863266e-07 -1.00204339e-06 
 4.44913266e-07  2.07627936e-07  4.44913266e-07  1.00268057e-06 
 4.44963266e-07 -8.26920983e-08  4.44963266e-07 -9.71506152e-07 
 4.45013266e-07  1.99304592e-07  4.45013266e-07  9.72574970e-07 
 4.45063266e-07 -7.48745628e-08  4.45063266e-07 -9.41833468e-07 
 4.45113266e-07  1.91953407e-07  4.45113266e-07  9.43335616e-07 
 4.45163266e-07 -6.79533168e-08  4.45163266e-07 -9.13027454e-07 
 4.45213266e-07  1.85428510e-07  4.45213266e-07  9.14962426e-07 
 4.45263266e-07 -6.17939027e-08  4.45263266e-07 -8.85086352e-07 
 4.45313266e-07  1.79606137e-07  4.45313266e-07  8.87452182e-07 
 4.45363266e-07 -5.62824200e-08  4.45363266e-07 -8.58005580e-07 
 4.45413266e-07  1.74381483e-07  4.45413266e-07  8.60799091e-07 
 4.45463266e-07 -5.13225367e-08  4.45463266e-07 -8.31778227e-07 
 4.45513266e-07  1.69666076e-07  4.45513266e-07  8.34995163e-07 
 4.45563266e-07 -4.68330272e-08  4.45563266e-07 -8.06395331e-07 
 4.45613266e-07  1.65385414e-07  4.45613266e-07  8.10030616e-07 
 4.45663266e-07 -4.27455457e-08  4.45663266e-07 -7.81846281e-07 
 4.45713266e-07  1.61476741e-07  4.45713266e-07  7.85893906e-07 
 4.45763266e-07 -3.90025696e-08  4.45763266e-07 -7.58118671e-07 
 4.45813266e-07  1.57887372e-07  4.45813266e-07  7.62571888e-07 
 4.45863266e-07 -3.55557481e-08  4.45863266e-07 -7.35198624e-07 
 4.45913266e-07  1.54572971e-07  4.45913266e-07  7.40049968e-07 
 4.45963266e-07 -3.23645019e-08  4.45963266e-07 -7.13070897e-07 
 4.46013266e-07  1.51496354e-07  4.46013266e-07  7.18312264e-07 
 4.46063266e-07 -2.93947068e-08  4.46063266e-07 -6.91718967e-07 
 4.46113266e-07  1.48626230e-07  4.46113266e-07  6.97341660e-07 
 4.46163266e-07 -2.66177220e-08  4.46163266e-07 -6.71125186e-07 
 4.46213266e-07  1.45936347e-07  4.46213266e-07  6.77120039e-07 
 4.46263266e-07 -2.40094023e-08  4.46263266e-07 -6.51271019e-07 
 4.46313266e-07  1.43404512e-07  4.46313266e-07  6.57628481e-07 
 4.46363266e-07 -2.15494179e-08  4.46363266e-07 -6.32137154e-07 
 4.46413266e-07  1.41012117e-07  4.46413266e-07  6.38847279e-07 
 4.46463266e-07 -1.92206972e-08  4.46463266e-07 -6.13703614e-07 
 4.46513266e-07  1.38743444e-07  4.46513266e-07  6.20756275e-07 
 4.46563266e-07 -1.70087378e-08  4.46563266e-07 -5.95950001e-07 
 4.46613266e-07  1.36585127e-07  4.46613266e-07  6.03334873e-07 
 4.46663266e-07 -1.49012623e-08  4.46663266e-07 -5.78855632e-07 
 4.46713266e-07  1.34525901e-07  4.46713266e-07  5.86562280e-07 
 4.46763266e-07 -1.28879105e-08  4.46763266e-07 -5.62399576e-07 
 4.46813266e-07  1.32556191e-07  4.46813266e-07  5.70417541e-07 
 4.46863266e-07 -1.09597971e-08  4.46863266e-07 -5.46560957e-07 
 4.46913266e-07  1.30667781e-07  4.46913266e-07  5.54879780e-07 
 4.46963266e-07 -9.10934211e-09  4.46963266e-07 -5.31318837e-07 
 4.47013266e-07  1.28853681e-07  4.47013266e-07  5.39928079e-07 
 4.47063266e-07 -7.33009291e-09  4.47063266e-07 -5.16652444e-07 
 4.47113266e-07  1.27107870e-07  4.47113266e-07  5.25541891e-07 
 4.47163266e-07 -5.61643162e-09  4.47163266e-07 -5.02541346e-07 
 4.47213266e-07  1.25425153e-07  4.47213266e-07  5.11700813e-07 
 4.47263266e-07 -3.96355831e-09  4.47263266e-07 -4.88965303e-07 
 4.47313266e-07  1.23801069e-07  4.47313266e-07  4.98384850e-07 
 4.47363266e-07 -2.36726654e-09  4.47363266e-07 -4.75904505e-07 
 4.47413266e-07  1.22231667e-07  4.47413266e-07  4.85574344e-07 
 4.47463266e-07 -8.23929987e-10  4.47463266e-07 -4.63339497e-07 
 4.47513266e-07  1.20713562e-07  4.47513266e-07  4.73250071e-07 
 4.47563266e-07  6.69701773e-10  4.47563266e-07 -4.51251287e-07 
 4.47613266e-07  1.19243708e-07  4.47613266e-07  4.61393323e-07 
 4.47663266e-07  2.11644620e-09  4.47663266e-07 -4.39621448e-07 
 4.47713266e-07  1.17819450e-07  4.47713266e-07  4.49985849e-07 
 4.47763266e-07  3.51879664e-09  4.47763266e-07 -4.28431943e-07 
 4.47813266e-07  1.16438445e-07  4.47813266e-07  4.39009960e-07 
 4.47863266e-07  4.87899118e-09  4.47863266e-07 -4.17665330e-07 
 4.47913266e-07  1.15098547e-07  4.47913266e-07  4.28448360e-07 
 4.47963266e-07  6.19905427e-09  4.47963266e-07 -4.07304617e-07 
 4.48013266e-07  1.13797873e-07  4.48013266e-07  4.18284461e-07 
 4.48063266e-07  7.48076839e-09  4.48063266e-07 -3.97333507e-07 
 4.48113266e-07  1.12534704e-07  4.48113266e-07  4.08502151e-07 
 4.48163266e-07  8.72578915e-09  4.48163266e-07 -3.87736085e-07 
 4.48213266e-07  1.11307466e-07  4.48213266e-07  3.99085812e-07 
 4.48263266e-07  9.93560487e-09  4.48263266e-07 -3.78497075e-07 
 4.48313266e-07  1.10114722e-07  4.48313266e-07  3.90020420e-07 
 4.48363266e-07  1.11115825e-08  4.48363266e-07 -3.69601699e-07 
 4.48413266e-07  1.08955178e-07  4.48413266e-07  3.81291493e-07 
 4.48463266e-07  1.22550093e-08  4.48463266e-07 -3.61035707e-07 
 4.48513266e-07  1.07827596e-07  4.48513266e-07  3.72884993e-07 
 4.48563266e-07  1.33670184e-08  4.48563266e-07 -3.52785367e-07 
 4.48613266e-07  1.06730868e-07  4.48613266e-07  3.64787531e-07 
 4.48663266e-07  1.44487308e-08  4.48663266e-07 -3.44837518e-07 
 4.48713266e-07  1.05663928e-07  4.48713266e-07  3.56986132e-07 
 4.48763266e-07  1.55011314e-08  4.48763266e-07 -3.37179467e-07 
 4.48813266e-07  1.04625818e-07  4.48813266e-07  3.49468346e-07 
 4.48863266e-07  1.65252031e-08  4.48863266e-07 -3.29798967e-07 
 4.48913266e-07  1.03615563e-07  4.48913266e-07  3.42222179e-07 
 4.48963266e-07  1.75218407e-08  4.48963266e-07 -3.22684265e-07 
 4.49013266e-07  1.02632336e-07  4.49013266e-07  3.35236162e-07 
 4.49063266e-07  1.84918660e-08  4.49063266e-07 -3.15824180e-07 
 4.49113266e-07  1.01675308e-07  4.49113266e-07  3.28499270e-07 
 4.49163266e-07  1.94360880e-08  4.49163266e-07 -3.09207814e-07 
 4.49213266e-07  1.00743682e-07  4.49213266e-07  3.22000841e-07 
 4.49263266e-07  2.03552925e-08  4.49263266e-07 -3.02824806e-07 
 4.49313266e-07  9.98367294e-08  4.49313266e-07  3.15730778e-07 
 4.49363266e-07  2.12501920e-08  4.49363266e-07 -2.96665233e-07 
 4.49413266e-07  9.89537029e-08  4.49413266e-07  3.09679317e-07 
 4.49463266e-07  2.21214961e-08  4.49463266e-07 -2.90719547e-07 
 4.49513266e-07  9.80939610e-08  4.49513266e-07  3.03837063e-07 
 4.49563266e-07  2.29698513e-08  4.49563266e-07 -2.84978521e-07 
 4.49613266e-07  9.72568261e-08  4.49613266e-07  2.98195133e-07 
 4.49663266e-07  2.37959186e-08  4.49663266e-07 -2.79433496e-07 
 4.49713266e-07  9.64416710e-08  4.49713266e-07  2.92744859e-07 
 4.49763266e-07  2.46003063e-08  4.49763266e-07 -2.74075962e-07 
 4.49813266e-07  9.56479029e-08  4.49813266e-07  2.87478058e-07 
 4.49863266e-07  2.53835937e-08  4.49863266e-07 -2.68897917e-07 
 4.49913266e-07  9.48749577e-08  4.49913266e-07  2.82386869e-07 
 4.49956633e-07  2.62038642e-08  4.49956633e-07 -2.63515645e-07 
 4.50000000e-07  9.40088408e-08  4.50000000e-07  2.76725016e-07 
 4.50005000e-07 -9.22278935e-06  4.50005000e-07 -7.57602582e-05 
 4.50015000e-07  9.01227063e-06  4.50015000e-07  1.78219218e-05 
 4.50035000e-07  7.44868982e-07  4.50035000e-07  2.36312488e-05 
 4.50075000e-07 -3.79088127e-06  4.50075000e-07  9.73841729e-06 
 4.50125000e-07  2.23850999e-05  4.50125000e-07  1.42527194e-04 
 4.50162500e-07  2.93922117e-06  4.50162500e-07  1.31000297e-04 
 4.50200000e-07 -2.95274372e-04  4.50200000e-07 -1.77841958e-04 
 4.50205000e-07 -2.76110134e-04  4.50205000e-07 -4.12457287e-04 
 4.50215000e-07  1.19041402e-04  4.50215000e-07 -8.49820895e-04 
 4.50235000e-07  5.61201925e-04  4.50235000e-07 -1.14628423e-03 
 4.50271745e-07 -4.51612189e-04  4.50271745e-07  1.37591991e-04 
 4.50313402e-07  2.66067514e-04  4.50313402e-07  1.21534329e-03 
 4.50358184e-07 -1.31064213e-04  4.50358184e-07 -1.05144504e-04 
 4.50408184e-07  4.91961386e-05  4.50408184e-07 -2.83444781e-04 
 4.50458184e-07  6.13849433e-06  4.50458184e-07  1.23078776e-04 
 4.50508184e-07 -4.22441264e-05  4.50508184e-07 -1.54662025e-04 
 4.50558184e-07  6.53649442e-05  4.50558184e-07  1.59900988e-04 
 4.50608184e-07 -7.91941385e-05  4.50608184e-07 -1.75840190e-04 
 4.50658184e-07  8.68138539e-05  4.50658184e-07  1.86912503e-04 
 4.50708184e-07 -8.97906427e-05  4.50708184e-07 -1.96438853e-04 
 4.50758184e-07  8.98908466e-05  4.50758184e-07  2.03503287e-04 
 4.50808184e-07 -8.75616332e-05  4.50808184e-07 -2.08574845e-04 
 4.50858184e-07  8.41229219e-05  4.50858184e-07  2.12017721e-04 
 4.50908184e-07 -7.94881410e-05  4.50908184e-07 -2.13937409e-04 
 4.50958184e-07  7.45706478e-05  4.50958184e-07  2.14685896e-04 
 4.51008184e-07 -6.91423102e-05  4.51008184e-07 -2.14346242e-04 
 4.51058184e-07  6.38875157e-05  4.51058184e-07  2.13239916e-04 
 4.51108184e-07 -5.84637294e-05  4.51108184e-07 -2.11342408e-04 
 4.51158184e-07  5.34381390e-05  4.51158184e-07  2.08947259e-04 
 4.51208184e-07 -4.84089935e-05  4.51208184e-07 -2.06002705e-04 
 4.51258184e-07  4.38795654e-05  4.51258184e-07  2.02754746e-04 
 4.51308184e-07 -3.94101614e-05  4.51308184e-07 -1.99134419e-04 
 4.51358184e-07  3.54736708e-05  4.51358184e-07  1.95351056e-04 
 4.51408184e-07 -3.16063537e-05  4.51408184e-07 -1.91324662e-04 
 4.51458184e-07  2.82683444e-05  4.51458184e-07  1.87235025e-04 
 4.51508184e-07 -2.49811664e-05  4.51508184e-07 -1.82995928e-04 
 4.51558184e-07  2.22012089e-05  4.51558184e-07  1.78763338e-04 
 4.51608184e-07 -1.94414384e-05  4.51608184e-07 -1.74448118e-04 
 4.51658184e-07  1.71588741e-05  4.51658184e-07  1.70187078e-04 
 4.51708184e-07 -1.48619371e-05  4.51708184e-07 -1.65890352e-04 
 4.51758184e-07  1.30101997e-05  4.51758184e-07  1.61679384e-04 
 4.51808184e-07 -1.11100642e-05  4.51808184e-07 -1.57464976e-04 
 4.51858184e-07  9.62431336e-06  4.51858184e-07  1.53356278e-04 
 4.51908184e-07 -8.05886134e-06  4.51908184e-07 -1.49265607e-04 
 4.51958184e-07  6.87973153e-06  4.51958184e-07  1.45292296e-04 
 4.52008184e-07 -5.59322589e-06  4.52008184e-07 -1.41350650e-04 
 4.52058184e-07  4.66835137e-06  4.52058184e-07  1.37532169e-04 
 4.52108184e-07 -3.61225499e-06  4.52108184e-07 -1.33753360e-04 
 4.52158184e-07  2.89656009e-06  4.52158184e-07  1.30099486e-04 
 4.52208184e-07 -2.02945597e-06  4.52208184e-07 -1.26489302e-04 
 4.52258184e-07  1.48479460e-06  4.52258184e-07  1.23003105e-04 
 4.52308184e-07 -7.71849585e-07  4.52308184e-07 -1.19561835e-04 
 4.52358184e-07  3.66335866e-07  4.52358184e-07  1.16241844e-04 
 4.52408184e-07  2.21433963e-07  4.52408184e-07 -1.12966123e-04 
 4.52458184e-07 -5.14207806e-07  4.52458184e-07  1.09807895e-04 
 4.52508184e-07  1.00072395e-06  4.52508184e-07 -1.06692032e-04 
 4.52558184e-07 -1.20247390e-06  4.52558184e-07  1.03689279e-04 
 4.52608184e-07  1.60735502e-06  4.52608184e-07 -1.00726204e-04 
 4.52658184e-07 -1.73583955e-06  4.52658184e-07  9.78715935e-05 
 4.52708184e-07  2.07509503e-06  4.52708184e-07 -9.50535221e-05 
 4.52758184e-07 -2.14477175e-06  4.52758184e-07  9.23392349e-05 
 4.52808184e-07  2.43141294e-06  4.52808184e-07 -8.96581265e-05 
 4.52858184e-07 -2.45400961e-06  4.52858184e-07  8.70762342e-05 
 4.52908184e-07  2.69857632e-06  4.52908184e-07 -8.45240991e-05 
 4.52958184e-07 -2.68357791e-06  4.52958184e-07  8.20668174e-05 
 4.53008184e-07  2.89458437e-06  4.53008184e-07 -7.96359153e-05 
 4.53058184e-07 -2.84964274e-06  4.53058184e-07  7.72957627e-05 
 4.53108184e-07  3.03395094e-06  4.53108184e-07 -7.49787236e-05 
 4.53158184e-07 -2.96522589e-06  4.53158184e-07  7.27486147e-05 
 4.53208184e-07  3.12835506e-06  4.53208184e-07 -7.05385061e-05 
 4.53258184e-07 -3.04079608e-06  4.53258184e-07  6.84117998e-05 
 4.53308184e-07  3.18717770e-06  4.53308184e-07 -6.63021548e-05 
 4.53358184e-07 -3.08475520e-06  4.53358184e-07  6.42726709e-05 
 4.53408184e-07  3.21794171e-06  4.53408184e-07 -6.22574926e-05 
 4.53458184e-07 -3.10383585e-06  4.53458184e-07  6.03195076e-05 
 4.53508184e-07  3.22667088e-06  4.53508184e-07 -5.83932557e-05 
 4.53558184e-07 -3.10342533e-06  4.53558184e-07  5.65414856e-05 
 4.53608184e-07  3.21818200e-06  4.53608184e-07 -5.46990538e-05 
 4.53658184e-07 -3.08782848e-06  4.53658184e-07  5.29286286e-05 
 4.53708184e-07  3.19632139e-06  4.53708184e-07 -5.11653158e-05 
 4.53758184e-07 -3.06048056e-06  4.53758184e-07  4.94717503e-05 
 4.53808184e-07  3.16415632e-06  4.53808184e-07 -4.77832291e-05 
 4.53858184e-07 -3.02411912e-06  4.53858184e-07  4.61623917e-05 
 4.53908184e-07  3.12412929e-06  4.53908184e-07 -4.45446767e-05 
 4.53958184e-07 -2.98092248e-06  4.53958184e-07  4.29927585e-05 
 4.54008184e-07  3.07818239e-06  4.54008184e-07 -4.14421751e-05 
 4.54058184e-07 -2.93262129e-06  4.54058184e-07  3.99556598e-05 
 4.54108184e-07  3.02785723e-06  4.54108184e-07 -3.84688147e-05 
 4.54158184e-07 -2.88058812e-06  4.54158184e-07  3.70444508e-05 
 4.54208184e-07  2.97437532e-06  4.54208184e-07 -3.56182045e-05 
 4.54258184e-07 -2.82590939e-06  4.54258184e-07  3.42529792e-05 
 4.54308184e-07  2.91870239e-06  4.54308184e-07 -3.28844211e-05 
 4.54358184e-07 -2.76944297e-06  4.54358184e-07  3.15755365e-05 
 4.54408184e-07  2.86160002e-06  4.54408184e-07 -3.02619617e-05 
 4.54458184e-07 -2.71186445e-06  4.54458184e-07  2.90068142e-05 
 4.54508184e-07  2.80366704e-06  4.54508184e-07 -2.77457033e-05 
 4.54558184e-07 -2.65370413e-06  4.54558184e-07  2.65418637e-05 
 4.54608184e-07  2.74537252e-06  4.54608184e-07 -2.53308644e-05 
 4.54658184e-07 -2.59537648e-06  4.54658184e-07  2.41760611e-05 
 4.54708184e-07  2.68708232e-06  4.54708184e-07 -2.30129721e-05 
 4.54758184e-07 -2.53720398e-06  4.54758184e-07  2.19050761e-05 
 4.54808184e-07  2.62908018e-06  4.54808184e-07 -2.07878326e-05 
 4.54858184e-07 -2.47943585e-06  4.54858184e-07  1.97248439e-05 
 4.54908184e-07  2.57158457e-06  4.54908184e-07 -1.86515046e-05 
 4.54958184e-07 -2.42226314e-06  4.54958184e-07  1.76315406e-05 
 4.55008184e-07  2.51476215e-06  4.55008184e-07 -1.66002768e-05 
 4.55058184e-07 -2.36583089e-06  4.55058184e-07  1.56215615e-05 
 4.55108184e-07  2.45873865e-06  4.55108184e-07 -1.46306469e-05 
 4.55158184e-07 -2.31024757e-06  4.55158184e-07  1.36915018e-05 
 4.55208184e-07  2.40360724e-06  4.55208184e-07 -1.27393040e-05 
 4.55258184e-07 -2.25559283e-06  4.55258184e-07  1.18381399e-05 
 4.55308184e-07  2.34943549e-06  4.55308184e-07 -1.09231121e-05 
 4.55358184e-07 -2.20192350e-06  4.55358184e-07  1.00584221e-05 
 4.55408184e-07  2.29627076e-06  4.55408184e-07 -9.17909681e-06 
 4.55458184e-07 -2.14927854e-06  4.55458184e-07  8.34944922e-06 
 4.55508184e-07  2.24414450e-06  4.55508184e-07 -7.50443184e-06 
 4.55558184e-07 -2.09768281e-06  4.55558184e-07  6.70846525e-06 
 4.55608184e-07  2.19307574e-06  4.55608184e-07 -5.89642860e-06 
 4.55658184e-07 -2.04715015e-06  4.55658184e-07  5.13284634e-06 
 4.55708184e-07  2.14307377e-06  4.55708184e-07 -4.35252597e-06 
 4.55758184e-07 -1.99768585e-06  4.55758184e-07  3.62009172e-06 
 4.55808184e-07  2.09414031e-06  4.55808184e-07 -2.87028148e-06 
 4.55858184e-07 -1.94928854e-06  4.55858184e-07  2.16781512e-06 
 4.55908184e-07  2.04627127e-06  4.55908184e-07 -1.44736336e-06 
 4.55958184e-07 -1.90195172e-06  4.55958184e-07  7.73737430e-07 
 4.56008184e-07  1.99945805e-06  4.56008184e-07 -8.15434011e-08 
 4.56058184e-07 -1.85566500e-06  4.56058184e-07 -5.64320267e-07 
 4.56108184e-07  1.95368868e-06  4.56108184e-07  1.22930945e-06 
 4.56158184e-07 -1.81041501e-06  4.56158184e-07 -1.84844274e-06 
 4.56208184e-07  1.90894859e-06  4.56208184e-07  2.48723503e-06 
 4.56258184e-07 -1.76618619e-06  4.56258184e-07 -3.08062620e-06 
 4.56308184e-07  1.86522134e-06  4.56308184e-07  3.69418724e-06 
 4.56358184e-07 -1.72296137e-06  4.56358184e-07 -4.26278339e-06 
 4.56408184e-07  1.82248915e-06  4.56408184e-07  4.85203880e-06 
 4.56458184e-07 -1.68072225e-06  4.56458184e-07 -5.39674819e-06 
 4.56508184e-07  1.78073332e-06  4.56508184e-07  5.96258581e-06 
 4.56558184e-07 -1.63944977e-06  4.56558184e-07 -6.48427986e-06 
 4.56608184e-07  1.73993445e-06  4.56608184e-07  7.02755175e-06 
 4.56658184e-07 -1.59912434e-06  4.56658184e-07 -7.52706700e-06 
 4.56708184e-07  1.70007281e-06  4.56708184e-07  8.04859119e-06 
 4.56758184e-07 -1.55972612e-06  4.56758184e-07 -8.52673105e-06 
 4.56808184e-07  1.66112849e-06  4.56808184e-07  9.02729341e-06 
 4.56858184e-07 -1.52123517e-06  4.56858184e-07 -9.48482979e-06 
 4.56908184e-07  1.62308156e-06  4.56908184e-07  9.96518545e-06 
 4.56958184e-07 -1.48363161e-06  4.56958184e-07 -1.04028603e-05 
 4.57008184e-07  1.58591219e-06  4.57008184e-07  1.08637352e-05 
 4.57058184e-07 -1.44689566e-06  4.57058184e-07 -1.12822618e-05 
 4.57108184e-07  1.54960071e-06  4.57108184e-07  1.17243540e-05 
 4.57158184e-07 -1.41100782e-06  4.57158184e-07 -1.21244187e-05 
 4.57208184e-07  1.51412773e-06  4.57208184e-07  1.25483997e-05 
 4.57258184e-07 -1.37594880e-06  4.57258184e-07 -1.29306624e-05 
 4.57308184e-07  1.47947410e-06  4.57308184e-07  1.33371785e-05 
 4.57358184e-07 -1.34169963e-06  4.57358184e-07 -1.37022746e-05 
 4.57408184e-07  1.44562103e-06  4.57408184e-07  1.40919477e-05 
 4.57458184e-07 -1.30824170e-06  4.57458184e-07 -1.44404887e-05 
 4.57508184e-07  1.41255009e-06  4.57508184e-07  1.48139175e-05 
 4.57558184e-07 -1.27555676e-06  4.57558184e-07 -1.51464923e-05 
 4.57608184e-07  1.38024321e-06  4.57608184e-07  1.55042535e-05 
 4.57658184e-07 -1.24362694e-06  4.57658184e-07 -1.58214291e-05 
 4.57708184e-07  1.34868270e-06  4.57708184e-07  1.61640780e-05 
 4.57758184e-07 -1.21243474e-06  4.57758184e-07 -1.64664007e-05 
 4.57808184e-07  1.31785129e-06  4.57808184e-07  1.67944723e-05 
 4.57858184e-07 -1.18196309e-06  4.57858184e-07 -1.70824684e-05 
 4.57908184e-07  1.28773203e-06  4.57908184e-07  1.73964783e-05 
 4.57958184e-07 -1.15219523e-06  4.57958184e-07 -1.76706550e-05 
 4.58008184e-07  1.25830845e-06  4.58008184e-07  1.79710999e-05 
 4.58058184e-07 -1.12311490e-06  4.58058184e-07 -1.82319459e-05 
 4.58108184e-07  1.22956439e-06  4.58108184e-07  1.85193049e-05 
 4.58158184e-07 -1.09470611e-06  4.58158184e-07 -1.87672914e-05 
 4.58208184e-07  1.20148410e-06  4.58208184e-07  1.90420260e-05 
 4.58258184e-07 -1.06695333e-06  4.58258184e-07 -1.92776073e-05 
 4.58308184e-07  1.17405219e-06  4.58308184e-07  1.95401628e-05 
 4.58358184e-07 -1.03984133e-06  4.58358184e-07 -1.97637769e-05 
 4.58408184e-07  1.14725368e-06  4.58408184e-07  2.00145825e-05 
 4.58458184e-07 -1.01335531e-06  4.58458184e-07 -2.02266518e-05 
 4.58508184e-07  1.12107390e-06  4.58508184e-07  2.04661216e-05 
 4.58558184e-07 -9.87480793e-07  4.58558184e-07 -2.06670535e-05 
 4.58608184e-07  1.09549854e-06  4.58608184e-07  2.08955868e-05 
 4.58658184e-07 -9.62203659e-07  4.58658184e-07 -2.10857743e-05 
 4.58708184e-07  1.07051366e-06  4.58708184e-07  2.13037565e-05 
 4.58758184e-07 -9.37510098e-07  4.58758184e-07 -2.14835788e-05 
 4.58808184e-07  1.04610563e-06  4.58808184e-07  2.16913816e-05 
 4.58858184e-07 -9.13386677e-07  4.58858184e-07 -2.18612044e-05 
 4.58908184e-07  1.02226117e-06  4.58908184e-07  2.20591864e-05 
 4.58958184e-07 -8.89820259e-07  4.58958184e-07 -2.22193629e-05 
 4.59008184e-07  9.98967286e-07  4.59008184e-07  2.24078703e-05 
 4.59058184e-07 -8.66798048e-07  4.59058184e-07 -2.25587410e-05 
 4.59108184e-07  9.76211358e-07  4.59108184e-07  2.27381079e-05 
 4.59158184e-07 -8.44307515e-07  4.59158184e-07 -2.28800017e-05 
 4.59208184e-07  9.53981001e-07  4.59208184e-07  2.30505505e-05 
 4.59258184e-07 -8.22336477e-07  4.59258184e-07 -2.31837847e-05 
 4.59308184e-07  9.32264162e-07  4.59308184e-07  2.33458267e-05 
 4.59358184e-07 -8.00873004e-07  4.59358184e-07 -2.34707076e-05 
 4.59408184e-07  9.11049070e-07  4.59408184e-07  2.36245433e-05 
 4.59458184e-07 -7.79905476e-07  4.59458184e-07 -2.37413668e-05 
 4.59508184e-07  8.90324237e-07  4.59508184e-07  2.38872863e-05 
 4.59558184e-07 -7.59422524e-07  4.59558184e-07 -2.39963378e-05 
 4.59608184e-07  8.70078429e-07  4.59608184e-07  2.41346213e-05 
 4.59658184e-07 -7.39413080e-07  4.59658184e-07 -2.42361766e-05 
 4.59708184e-07  8.50300720e-07  4.59708184e-07  2.43670946e-05 
 4.59758184e-07 -7.19866327e-07  4.59758184e-07 -2.44614199e-05 
 4.59808184e-07  8.30980401e-07  4.59808184e-07  2.45852336e-05 
 4.59858184e-07 -7.00771695e-07  4.59858184e-07 -2.46725859e-05 
 4.59908184e-07  8.12107048e-07  4.59908184e-07  2.47895476e-05 
 4.59954092e-07 -6.81297605e-07  4.59954092e-07 -2.48786754e-05 
 4.60000000e-07  7.92047874e-07  4.60000000e-07  2.49969227e-05 
 4.60005000e-07  1.75689110e-05  4.60005000e-07  2.19519103e-04 
 4.60015000e-07 -8.00425531e-06  4.60015000e-07  1.23226907e-05 
 4.60035000e-07 -9.71146466e-06  4.60035000e-07 -8.48079335e-05 
 4.60075000e-07  1.03038061e-05  4.60075000e-07 -6.45618651e-05 
 4.60125000e-07 -4.13238957e-05  4.60125000e-07 -1.29469536e-04 
 4.60162500e-07 -7.34598288e-05  4.60162500e-07 -3.61234205e-04 
 4.60200000e-07  5.83081809e-04  4.60200000e-07  3.46370514e-04 
 4.60205000e-07  3.40301192e-04  4.60205000e-07  1.96811696e-04 
 4.60215000e-07 -3.95781568e-04  4.60215000e-07  4.53031693e-04 
 4.60235000e-07 -3.92520279e-04  4.60235000e-07  1.05514887e-03 
 4.60275000e-07  3.13853123e-04  4.60275000e-07  1.29179703e-03 
 4.60318188e-07 -2.05717156e-04  4.60318188e-07 -2.51221305e-03 
 4.60363619e-07  1.38681403e-04  4.60363619e-07  6.99176269e-04 
 4.60413619e-07 -9.95448759e-05  4.60413619e-07 -1.47251286e-04 
 4.60463619e-07  7.38386927e-05  4.60463619e-07  2.15640030e-04 
 4.60513619e-07 -5.58968730e-05  4.60513619e-07 -1.31423706e-04 
 4.60563619e-07  4.33736059e-05  4.60563619e-07  8.50269393e-05 
 4.60613619e-07 -3.39932867e-05  4.60613619e-07 -4.47249429e-05 
 4.60663619e-07  2.72071208e-05  4.60663619e-07  1.54429119e-05 
 4.60713619e-07 -2.18392710e-05  4.60713619e-07  7.06846193e-06 
 4.60763619e-07  1.79101260e-05  4.60763619e-07 -2.41714037e-05 
 4.60813619e-07 -1.46400306e-05  4.60813619e-07  3.73377165e-05 
 4.60863619e-07  1.22701291e-05  4.60863619e-07 -4.74243471e-05 
 4.60913619e-07 -1.01654332e-05  4.60913619e-07  5.51864141e-05 
 4.60963619e-07  8.68213657e-06  4.60963619e-07 -6.10421001e-05 
 4.61013619e-07 -7.25362732e-06  4.61013619e-07  6.54578571e-05 
 4.61063619e-07  6.29340512e-06  4.61063619e-07 -6.86378674e-05 
 4.61113619e-07 -5.27146464e-06  4.61113619e-07  7.09027265e-05 
 4.61163619e-07  4.63146926e-06  4.61163619e-07 -7.23467076e-05 
 4.61213619e-07 -3.86351301e-06  4.61213619e-07  7.32090112e-05 
 4.61263619e-07  3.42761588e-06  4.61263619e-07 -7.35214651e-05 
 4.61313619e-07 -2.82506223e-06  4.61313619e-07  7.34726043e-05 
 4.61363619e-07  2.52493639e-06  4.61363619e-07 -7.30560789e-05 
 4.61413619e-07 -2.03483711e-06  4.61413619e-07  7.24263958e-05 
 4.61463619e-07  1.82898063e-06  4.61463619e-07 -7.15528425e-05 
 4.61513619e-07 -1.41858905e-06  4.61513619e-07  7.05660384e-05 
 4.61563619e-07  1.28085571e-06  4.61563619e-07 -6.94194531e-05 
 4.61613619e-07 -9.29127276e-07  4.61613619e-07  6.82265464e-05 
 4.61663619e-07  8.42374195e-07  4.61663619e-07 -6.69305357e-05 
 4.61713619e-07 -5.35222733e-07  4.61713619e-07  6.56324118e-05 
 4.61763619e-07  4.87739752e-07  4.61763619e-07 -6.42688607e-05 
 4.61813619e-07 -2.15347217e-07  4.61813619e-07  6.29317574e-05 
 4.61863619e-07  1.98813554e-07  4.61863619e-07 -6.15537669e-05 
 4.61913619e-07  4.59264270e-08  4.61913619e-07  6.02200719e-05 
 4.61956809e-07 -5.43914839e-08  4.61956809e-07 -5.86513375e-05 
 4.62000000e-07  2.90159048e-07  4.62000000e-07  5.71441173e-05 
 4.62005000e-07  2.45193806e-04  4.62005000e-07  3.03557448e-03 
 4.62015000e-07  1.96851911e-04  4.62015000e-07  3.40226888e-03 
 4.62035000e-07 -2.18917997e-05  4.62035000e-07  1.11758359e-03 
 4.62075000e-07  7.18792058e-05  4.62075000e-07  5.63429547e-04 
 4.62125000e-07 -3.24400029e-05  4.62125000e-07  4.45152496e-04 
 4.62162500e-07  7.60691688e-06  4.62162500e-07  5.98872812e-04 
 4.62200000e-07 -3.48189331e-05  4.62200000e-07 -3.56289848e-03 
 4.62205000e-07 -1.95753396e-04  4.62205000e-07 -2.60444118e-03 
 4.62215000e-07 -1.82131062e-04  4.62215000e-07 -1.73077760e-03 
 4.62235000e-07 -3.06743965e-05  4.62235000e-07 -1.13937533e-03 
 4.62275000e-07 -1.70882340e-05  4.62275000e-07 -4.41397006e-04 
 4.62325000e-07 -1.14344875e-06  4.62325000e-07 -1.17925758e-04 
 4.62375000e-07  1.49731483e-05  4.62375000e-07 -4.29113299e-05 
 4.62425000e-07 -1.89035070e-05  4.62425000e-07 -7.85241539e-05 
 4.62475000e-07  1.57366126e-05  4.62475000e-07  1.17362938e-04 
 4.62525000e-07 -9.40051900e-06  4.62525000e-07 -1.22191925e-04 
 4.62575000e-07  2.97985948e-06  4.62575000e-07  1.11001567e-04 
 4.62625000e-07  2.84453359e-06  4.62625000e-07 -1.10206435e-04 
 4.62675000e-07 -7.21712463e-06  4.62675000e-07  1.07306531e-04 
 4.62725000e-07  1.06270469e-05  4.62725000e-07 -1.05899366e-04 
 4.62775000e-07 -1.27597112e-05  4.62775000e-07  1.04097367e-04 
 4.62825000e-07  1.42951676e-05  4.62825000e-07 -1.02355047e-04 
 4.62875000e-07 -1.49468244e-05  4.62875000e-07  1.00439303e-04 
 4.62925000e-07  1.53564800e-05  4.62925000e-07 -9.84214347e-05 
 4.62975000e-07 -1.51752132e-05  4.62975000e-07  9.63251402e-05 
 4.63025000e-07  1.49852583e-05  4.63025000e-07 -9.41486923e-05 
 4.63075000e-07 -1.43832601e-05  4.63075000e-07  9.19594003e-05 
 4.63125000e-07  1.39092711e-05  4.63125000e-07 -8.97267156e-05 
 4.63175000e-07 -1.31239542e-05  4.63175000e-07  8.75294910e-05 
 4.63225000e-07  1.25424565e-05  4.63225000e-07 -8.53174557e-05 
 4.63275000e-07 -1.17053630e-05  4.63275000e-07  8.31638989e-05 
 4.63325000e-07  1.11121468e-05  4.63325000e-07 -8.10126835e-05 
 4.63375000e-07 -1.02918758e-05  4.63375000e-07  7.89368566e-05 
 4.63425000e-07  9.73558199e-06  4.63425000e-07 -7.68721750e-05 
 4.63475000e-07 -8.96596445e-06  4.63475000e-07  7.48922520e-05 
 4.63525000e-07  8.46928085e-06  4.63525000e-07 -7.29262162e-05 
 4.63575000e-07 -7.76477684e-06  4.63575000e-07  7.10462453e-05 
 4.63625000e-07  7.33593637e-06  4.63625000e-07 -6.91813832e-05 
 4.63675000e-07 -6.70017420e-06  4.63675000e-07  6.74013602e-05 
 4.63725000e-07  6.33950044e-06  4.63725000e-07 -6.56354722e-05 
 4.63775000e-07 -5.77036830e-06  4.63775000e-07  6.39517552e-05 
 4.63825000e-07  5.47405711e-06  4.63825000e-07 -6.22800406e-05 
 4.63875000e-07 -4.96656114e-06  4.63875000e-07  6.06871746e-05 
 4.63925000e-07  4.72885010e-06  4.63925000e-07 -5.91036511e-05 
 4.63975000e-07 -4.27674883e-06  4.63975000e-07  5.75954698e-05 
 4.64025000e-07  4.09115345e-06  4.64025000e-07 -5.60938214e-05 
 4.64075000e-07 -3.68788388e-06  4.64075000e-07  5.46640934e-05 
 4.64125000e-07  3.54789147e-06  4.64125000e-07 -5.32381537e-05 
 4.64175000e-07 -3.18708099e-06  4.64175000e-07  5.18809382e-05 
 4.64225000e-07  3.08652500e-06  4.64225000e-07 -5.05249433e-05 
 4.64275000e-07 -2.76225845e-06  4.64275000e-07  4.92347642e-05 
 4.64325000e-07  2.69550445e-06  4.64325000e-07 -4.79434635e-05 
 4.64375000e-07 -2.40244657e-06  4.64375000e-07  4.67153742e-05 
 4.64425000e-07  2.36446628e-06  4.64425000e-07 -4.54840576e-05 
 4.64475000e-07 -2.09789849e-06  4.64475000e-07  4.43136410e-05 
 4.64525000e-07  2.08427896e-06  4.64525000e-07 -4.31381189e-05 
 4.64575000e-07 -1.84008751e-06  4.64575000e-07  4.20214546e-05 
 4.64625000e-07  1.84700353e-06  4.64625000e-07 -4.08980137e-05 
 4.64675000e-07 -1.62164065e-06  4.64675000e-07  3.98316278e-05 
 4.64725000e-07  1.64580812e-06  4.64725000e-07 -3.87569781e-05 
 4.64775000e-07 -1.43624003e-06  4.64775000e-07  3.77377893e-05 
 4.64825000e-07  1.47486087e-06  4.64825000e-07 -3.67090083e-05 
 4.64875000e-07 -1.27851104e-06  4.64875000e-07  3.57342740e-05 
 4.64925000e-07  1.32921570e-06  4.64925000e-07 -3.47487553e-05 
 4.64975000e-07 -1.14390812e-06  4.64975000e-07  3.38160224e-05 
 4.65025000e-07  1.20470042e-06  4.65025000e-07 -3.28714288e-05 
 4.65075000e-07 -1.02860585e-06  4.65075000e-07  3.19784903e-05 
 4.65125000e-07  1.09781107e-06  4.65125000e-07 -3.10727127e-05 
 4.65175000e-07 -9.29397823e-07  4.65175000e-07  3.02175701e-05 
 4.65225000e-07  1.00561610e-06  4.65225000e-07 -2.93486932e-05 
 4.65275000e-07 -8.43605829e-07  4.65275000e-07  2.85295249e-05 
 4.65325000e-07  9.25670552e-07  4.65325000e-07 -2.76957973e-05 
 4.65375000e-07 -7.68999343e-07  4.65375000e-07  2.69109320e-05 
 4.65425000e-07  8.55940764e-07  4.65425000e-07 -2.61107425e-05 
 4.65475000e-07 -7.03725204e-07  4.65475000e-07  2.53586372e-05 
 4.65525000e-07  7.94738973e-07  4.65525000e-07 -2.45904943e-05 
 4.65575000e-07 -6.46247057e-07  4.65575000e-07  2.38697162e-05 
 4.65625000e-07  7.40667230e-07  4.65625000e-07 -2.31322320e-05 
 4.65675000e-07 -5.95293312e-07  4.65675000e-07  2.24414438e-05 
 4.65725000e-07  6.92569253e-07  4.65725000e-07 -2.17333198e-05 
 4.65775000e-07 -5.49812896e-07  4.65775000e-07  2.10712673e-05 
 4.65825000e-07  6.49489959e-07  4.65825000e-07 -2.03912838e-05 
 4.65875000e-07 -5.08938103e-07  4.65875000e-07  1.97567860e-05 
 4.65925000e-07  6.10641042e-07  4.65925000e-07 -1.91037926e-05 
 4.65975000e-07 -4.71952965e-07  4.65975000e-07  1.84957336e-05 
 4.66025000e-07  5.75372384e-07  4.66025000e-07 -1.78686419e-05 
 4.66075000e-07 -4.38267054e-07  4.66075000e-07  1.72859638e-05 
 4.66125000e-07  5.43147800e-07  4.66125000e-07 -1.66837409e-05 
 4.66175000e-07 -4.07393519e-07  4.66175000e-07  1.61254384e-05 
 4.66225000e-07  5.13525135e-07  4.66225000e-07 -1.55471019e-05 
 4.66275000e-07 -3.78930750e-07  4.66275000e-07  1.50122173e-05 
 4.66325000e-07  4.86139596e-07  4.66325000e-07 -1.44568307e-05 
 4.66375000e-07 -3.52547342e-07  4.66375000e-07  1.39444502e-05 
 4.66425000e-07  4.60690031e-07  4.66425000e-07 -1.34111193e-05 
 4.66475000e-07 -3.27969476e-07  4.66475000e-07  1.29203696e-05 
 4.66525000e-07  4.36927378e-07  4.66525000e-07 -1.24082394e-05 
 4.66575000e-07 -3.04970643e-07  4.66575000e-07  1.19382845e-05 
 4.66625000e-07  4.14645491e-07  4.66625000e-07 -1.14465362e-05 
 4.66675000e-07 -2.83362974e-07  4.66675000e-07  1.09965751e-05 
 4.66725000e-07  3.93673172e-07  4.66725000e-07 -1.05244240e-05 
 4.66775000e-07 -2.62990475e-07  4.66775000e-07  1.00936887e-05 
 4.66825000e-07  3.73868060e-07  4.66825000e-07 -9.64038215e-06 
 4.66875000e-07 -2.43723054e-07  4.66875000e-07  9.22813528e-06 
 4.66925000e-07  3.55111211e-07  4.66925000e-07 -8.79295062e-06 
 4.66975000e-07 -2.25451921e-07  4.66975000e-07  8.39848410e-06 
 4.67025000e-07  3.37302991e-07  4.67025000e-07 -7.98072723e-06 
 4.67075000e-07 -2.08085642e-07  4.67075000e-07  7.60336057e-06 
 4.67125000e-07  3.20359472e-07  4.67125000e-07 -7.20236435e-06 
 4.67175000e-07 -1.91547111e-07  4.67175000e-07  6.84144338e-06 
 4.67225000e-07  3.04209619e-07  4.67225000e-07 -6.45656636e-06 
 4.67275000e-07 -1.75770844e-07  4.67275000e-07  6.11146188e-06 
 4.67325000e-07  2.88792989e-07  4.67325000e-07 -5.74208712e-06 
 4.67375000e-07 -1.60700877e-07  4.67375000e-07  5.41219378e-06 
 4.67425000e-07  2.74057724e-07  4.67425000e-07 -5.05772767e-06 
 4.67475000e-07 -1.46289113e-07  4.67475000e-07  4.74246294e-06 
 4.67525000e-07  2.59959110e-07  4.67525000e-07 -4.40233420e-06 
 4.67575000e-07 -1.32493913e-07  4.67575000e-07  4.10113740e-06 
 4.67625000e-07  2.46458280e-07  4.67625000e-07 -3.77479620e-06 
 4.67675000e-07 -1.19278918e-07  4.67675000e-07  3.48712755e-06 
 4.67725000e-07  2.33521195e-07  4.67725000e-07 -3.17404452e-06 
 4.67775000e-07 -1.06612154e-07  4.67775000e-07  2.89938426e-06 
 4.67825000e-07  2.21117678e-07  4.67825000e-07 -2.59904974e-06 
 4.67875000e-07 -9.44651888e-08  4.67875000e-07  2.33689744e-06 
 4.67925000e-07  2.09220990e-07  4.67925000e-07 -2.04882063e-06 
 4.67975000e-07 -8.28127160e-08  4.67975000e-07  1.79869441e-06 
 4.68025000e-07  1.97807031e-07  4.68025000e-07 -1.52240269e-06 
 4.68075000e-07 -7.16317480e-08  4.68075000e-07  1.28383842e-06 
 4.68125000e-07  1.86853900e-07  4.68125000e-07 -1.01887668e-06 
 4.68175000e-07 -6.09014982e-08  4.68175000e-07  7.91427367e-07 
 4.68225000e-07  1.76341831e-07  4.68225000e-07 -5.37357301e-07 
 4.68275000e-07 -5.06029670e-08  4.68275000e-07  3.20592490e-07 
 4.68325000e-07  1.66252473e-07  4.68325000e-07 -7.69919331e-08 
 4.68375000e-07 -4.07185051e-08  4.68375000e-07 -1.29502942e-07 
 4.68425000e-07  1.56568890e-07  4.68425000e-07  3.63040517e-07 
 4.68475000e-07 -3.12318310e-08  4.68475000e-07 -5.59664714e-07 
 4.68525000e-07  1.47275342e-07  4.68525000e-07  7.83530819e-07 
 4.68575000e-07 -2.21276882e-08  4.68575000e-07 -9.70668887e-07 
 4.68625000e-07  1.38357052e-07  4.68625000e-07  1.18524055e-06 
 4.68675000e-07 -1.33917478e-08  4.68675000e-07 -1.36326277e-06 
 4.68725000e-07  1.29800156e-07  4.68725000e-07  1.56890310e-06 
 4.68775000e-07 -5.01056248e-09  4.68775000e-07 -1.73816604e-06 
 4.68825000e-07  1.21591499e-07  4.68825000e-07  1.93522462e-06 
 4.68875000e-07  3.02870098e-09  4.68875000e-07 -2.09607166e-06 
 4.68925000e-07  1.13718635e-07  4.68925000e-07  2.28488522e-06 
 4.68975000e-07  1.07381719e-08  4.68975000e-07 -2.43764697e-06 
 4.69025000e-07  1.06169698e-07  4.69025000e-07  2.61853961e-06 
 4.69075000e-07  1.81294444e-08  4.69075000e-07 -2.76353440e-06 
 4.69125000e-07  9.89333530e-08  4.69125000e-07  2.93681820e-06 
 4.69175000e-07  2.52136144e-08  4.69175000e-07 -3.07435247e-06 
 4.69225000e-07  9.19987421e-08  4.69225000e-07  3.24032793e-06 
 4.69275000e-07  3.20012969e-08  4.69275000e-07 -3.37069672e-06 
 4.69325000e-07  8.53554537e-08  4.69325000e-07  3.52965304e-06 
 4.69375000e-07  3.85027278e-08  4.69375000e-07 -3.65314035e-06 
 4.69425000e-07  7.89934623e-08  4.69425000e-07  3.80535592e-06 
 4.69475000e-07  4.47277034e-08  4.69475000e-07 -3.92223509e-06 
 4.69525000e-07  7.29031675e-08  4.69525000e-07  4.06797790e-06 
 4.69575000e-07  5.06856742e-08  4.69575000e-07 -4.17851206e-06 
 4.69625000e-07  6.70752700e-08  4.69625000e-07  4.31804005e-06 
 4.69675000e-07  5.63857895e-08  4.69675000e-07 -4.42248237e-06 
 4.69725000e-07  6.15007636e-08  4.69725000e-07  4.55604371e-06 
 4.69775000e-07  6.18368445e-08  4.69775000e-07 -4.65463787e-06 
 4.69825000e-07  5.61710601e-08  4.69825000e-07  4.78247139e-06 
 4.69875000e-07  6.70473206e-08  4.69875000e-07 -4.87545186e-06 
 4.69925000e-07  5.10777627e-08  4.69925000e-07  4.99778738e-06 
 4.69962500e-07  7.28332427e-08  4.69962500e-07 -5.11934517e-06 
 4.70000000e-07  4.46403366e-08  4.70000000e-07  5.26836882e-06 
 4.70005000e-07 -1.13091795e-05  4.70005000e-07 -9.38460348e-05 
 4.70015000e-07  8.08270544e-06  4.70015000e-07  9.55308923e-06 
 4.70035000e-07  3.53839098e-06  4.70035000e-07  2.48677275e-05 
 4.70075000e-07 -5.42834096e-06  4.70075000e-07  2.32904132e-05 
 4.70125000e-07  3.34223501e-05  4.70125000e-07  2.18287668e-04 
 4.70162500e-07  1.55631306e-05  4.70162500e-07  2.53362225e-04 
 4.70200000e-07 -4.39852643e-04  4.70200000e-07 -1.92792921e-04 
 4.70205000e-07 -4.43805746e-04  4.70205000e-07 -4.95073702e-04 
 4.70215000e-07  6.26334333e-06  4.70215000e-07 -1.09940323e-03 
 4.70235000e-07  7.49424368e-04  4.70235000e-07 -1.64261378e-03 
 4.70271173e-07 -4.10680446e-04  4.70271173e-07 -4.77422149e-04 
 4.70314695e-07  1.96595906e-04  4.70314695e-07  1.88667913e-03 
 4.70360588e-07 -7.50399414e-05  4.70360588e-07 -3.64387357e-05 
 4.70410588e-07  7.45451218e-06  4.70410588e-07 -9.69526401e-05 
 4.70460588e-07  3.56504029e-05  4.70460588e-07 -1.44031008e-04 
 4.70510588e-07 -6.28649355e-05  4.70510588e-07  3.01549064e-05 
 4.70560588e-07  7.96633191e-05  4.70560588e-07 -4.33843131e-05 
 4.70610588e-07 -8.90471150e-05  4.70610588e-07  8.40925799e-06 
 4.70660588e-07  9.35095963e-05  4.70660588e-07  5.54281908e-06 
 4.70710588e-07 -9.42199035e-05  4.70710588e-07 -2.33677937e-05 
 4.70760588e-07  9.26795714e-05  4.70760588e-07  3.62078903e-05 
 4.70810588e-07 -8.91786251e-05  4.70810588e-07 -4.77428522e-05 
 4.70860588e-07  8.48811996e-05  4.70860588e-07  5.70822449e-05 
 4.70910588e-07 -7.96348710e-05  4.70910588e-07 -6.49042542e-05 
 4.70960588e-07  7.42927718e-05  4.70960588e-07  7.13353935e-05 
 4.71010588e-07 -6.85716753e-05  4.71010588e-07 -7.65687963e-05 
 4.71060588e-07  6.31205416e-05  4.71060588e-07  8.08252470e-05 
 4.71110588e-07 -5.75776043e-05  4.71110588e-07 -8.41790948e-05 
 4.71160588e-07  5.24855482e-05  4.71160588e-07  8.68350575e-05 
 4.71210588e-07 -4.74311269e-05  4.71210588e-07 -8.88152408e-05 
 4.71260588e-07  4.29041341e-05  4.71260588e-07  9.02987947e-05 
 4.71310588e-07 -3.84578069e-05  4.71310588e-07 -9.12766207e-05 
 4.71360588e-07  3.45576646e-05  4.71360588e-07  9.19056285e-05 
 4.71410588e-07 -3.07357004e-05  4.71410588e-07 -9.21559457e-05 
 4.71460588e-07  2.74480831e-05  4.71460588e-07  9.21665690e-05 
 4.71510588e-07 -2.42138878e-05  4.71510588e-07 -9.18933266e-05 
 4.71560588e-07  2.14874202e-05  4.71560588e-07  9.14609847e-05 
 4.71610588e-07 -1.87803710e-05  4.71610588e-07 -9.08154726e-05 
 4.71660588e-07  1.65487010e-05  4.71660588e-07  9.00702586e-05 
 4.71710588e-07 -1.43002967e-05  4.71710588e-07 -8.91644736e-05 
 4.71760588e-07  1.24942159e-05  4.71760588e-07  8.82025932e-05 
 4.71810588e-07 -1.06367815e-05  4.71810588e-07 -8.71191660e-05 
 4.71860588e-07  9.19053702e-06  4.71860588e-07  8.60114844e-05 
 4.71910588e-07 -7.66158425e-06  4.71910588e-07 -8.48111041e-05 
 4.71960588e-07  6.51583537e-06  4.71960588e-07  8.36095579e-05 
 4.72010588e-07 -5.25992595e-06  4.72010588e-07 -8.23365448e-05 
 4.72060588e-07  4.36279989e-06  4.72060588e-07  8.10789603e-05 
 4.72110588e-07 -3.33200856e-06  4.72110588e-07 -7.97654528e-05 
 4.72160588e-07  2.63911905e-06  4.72160588e-07  7.84791679e-05 
 4.72210588e-07 -1.79274996e-06  4.72210588e-07 -7.71482678e-05 
 4.72260588e-07  1.26668403e-06  4.72260588e-07  7.58528510e-05 
 4.72310588e-07 -5.70622983e-07  4.72310588e-07 -7.45209828e-05 
 4.72360588e-07  1.80191632e-07  4.72360588e-07  7.32302726e-05 
 4.72410588e-07  3.93884567e-07  4.72410588e-07 -7.19089494e-05 
 4.72460588e-07 -6.74466073e-07  4.72460588e-07  7.06325783e-05 
 4.72510588e-07  1.14990008e-06  4.72510588e-07 -6.93297204e-05 
 4.72560588e-07 -1.34181151e-06  4.72560588e-07  6.80742521e-05 
 4.72610588e-07  1.73773050e-06  4.72610588e-07 -6.67951682e-05 
 4.72660588e-07 -1.85828041e-06  4.72660588e-07  6.55649419e-05 
 4.72710588e-07  2.19028512e-06  4.72710588e-07 -6.43130565e-05 
 4.72760588e-07 -2.25356036e-06  4.72760588e-07  6.31108124e-05 
 4.72810588e-07  2.53432759e-06  4.72810588e-07 -6.18882028e-05 
 4.72860588e-07 -2.55175421e-06  4.72860588e-07  6.07155422e-05 
 4.72910588e-07  2.79155274e-06  4.72910588e-07 -5.95233331e-05 
 4.72960588e-07 -2.77237233e-06  4.72960588e-07  5.83810562e-05 
 4.73010588e-07  2.97949855e-06  4.73010588e-07 -5.72197075e-05 
 4.73060588e-07 -2.93116790e-06  4.73060588e-07  5.61080594e-05 
 4.73110588e-07  3.11230941e-06  4.73110588e-07 -5.49775756e-05 
 4.73160588e-07 -3.04083257e-06  4.73160588e-07  5.38964236e-05 
 4.73210588e-07  3.20136956e-06  4.73210588e-07 -5.27965040e-05 
 4.73260588e-07 -3.11157191e-06  4.73260588e-07  5.17454656e-05 
 4.73310588e-07  3.25582502e-06  4.73310588e-07 -5.06756118e-05 
 4.73360588e-07 -3.15157800e-06  4.73360588e-07  4.96541451e-05 
 4.73410588e-07  3.28301128e-06  4.73410588e-07 -4.86137366e-05 
 4.73460588e-07 -3.16741617e-06  4.73460588e-07  4.76212036e-05 
 4.73510588e-07  3.28880267e-06  4.73510588e-07 -4.66095508e-05 
 4.73560588e-07 -3.16434002e-06  4.73560588e-07  4.56452616e-05 
 4.73610588e-07  3.27789633e-06  4.73610588e-07 -4.46616411e-05 
 4.73660588e-07 -3.14654721e-06  4.73660588e-07  4.37248837e-05 
 4.73710588e-07  3.25404242e-06  4.73710588e-07 -4.27685629e-05 
 4.73760588e-07 -3.11738673e-06  4.73760588e-07  4.18586223e-05 
 4.73810588e-07  3.22023070e-06  4.73810588e-07 -4.09288746e-05 
 4.73860588e-07 -3.07952629e-06  4.73860588e-07  4.00450458e-05 
 4.73910588e-07  3.17884072e-06  4.73910588e-07 -3.91411605e-05 
 4.73960588e-07 -3.03508749e-06  4.73960588e-07  3.82827555e-05 
 4.74010588e-07  3.13176337e-06  4.74010588e-07 -3.74040427e-05 
 4.74060588e-07 -2.98575465e-06  4.74060588e-07  3.65703950e-05 
 4.74110588e-07  3.08049826e-06  4.74110588e-07 -3.57161887e-05 
 4.74160588e-07 -2.93286222e-06  4.74160588e-07  3.49066549e-05 
 4.74210588e-07  3.02623229e-06  4.74210588e-07 -3.40763136e-05 
 4.74260588e-07 -2.87746517e-06  4.74260588e-07  3.32902734e-05 
 4.74310588e-07  2.96990254e-06  4.74310588e-07 -3.24831798e-05 
 4.74360588e-07 -2.82039524e-06  4.74360588e-07  3.17200358e-05 
 4.74410588e-07  2.91224680e-06  4.74410588e-07 -3.09355958e-05 
 4.74460588e-07 -2.76230636e-06  4.74460588e-07  3.01947722e-05 
 4.74510588e-07  2.85384407e-06  4.74510588e-07 -2.94324133e-05 
 4.74560588e-07 -2.70371062e-06  4.74560588e-07  2.87133543e-05 
 4.74610588e-07  2.79514682e-06  4.74610588e-07 -2.79725242e-05 
 4.74660588e-07 -2.64500734e-06  4.74660588e-07  2.72746927e-05 
 4.74710588e-07  2.73650695e-06  4.74710588e-07 -2.65548577e-05 
 4.74760588e-07 -2.58650620e-06  4.74760588e-07  2.58777337e-05 
 4.74810588e-07  2.67819654e-06  4.74810588e-07 -2.51783771e-05 
 4.74860588e-07 -2.52844571e-06  4.74860588e-07  2.45214561e-05 
 4.74910588e-07  2.62042421e-06  4.74910588e-07 -2.38420766e-05 
 4.74960588e-07 -2.47100796e-06  4.74960588e-07  2.32048689e-05 
 4.75010588e-07  2.56334841e-06  4.75010588e-07 -2.25449797e-05 
 4.75060588e-07 -2.41433043e-06  4.75060588e-07  2.19270086e-05 
 4.75110588e-07  2.50708801e-06  4.75110588e-07 -2.12861361e-05 
 4.75160588e-07 -2.35851528e-06  4.75160588e-07  2.06869371e-05 
 4.75210588e-07  2.45173031e-06  4.75210588e-07 -2.00646198e-05 
 4.75260588e-07 -2.30363682e-06  4.75260588e-07  1.94837399e-05 
 4.75310588e-07  2.39733812e-06  4.75310588e-07 -1.88795277e-05 
 4.75360588e-07 -2.24974760e-06  4.75360588e-07  1.83165247e-05 
 4.75410588e-07  2.34395483e-06  4.75410588e-07 -1.77299782e-05 
 4.75460588e-07 -2.19688293e-06  4.75460588e-07  1.71844197e-05 
 4.75510588e-07  2.29160865e-06  4.75510588e-07 -1.66151095e-05 
 4.75560588e-07 -2.14506472e-06  4.75560588e-07  1.60865727e-05 
 4.75610588e-07  2.24031588e-06  4.75610588e-07 -1.55340789e-05 
 4.75660588e-07 -2.09430438e-06  4.75660588e-07  1.50221501e-05 
 4.75710588e-07  2.19008364e-06  4.75710588e-07 -1.44860620e-05 
 4.75760588e-07 -2.04460527e-06  4.75760588e-07  1.39903360e-05 
 4.75810588e-07  2.14091200e-06  4.75810588e-07 -1.34702515e-05 
 4.75860588e-07 -1.99596452e-06  4.75860588e-07  1.29903318e-05 
 4.75910588e-07  2.09279549e-06  4.75910588e-07 -1.24858572e-05 
 4.75960588e-07 -1.94837443e-06  4.75960588e-07  1.20213552e-05 
 4.76010588e-07  2.04572445e-06  4.76010588e-07 -1.15321052e-05 
 4.76060588e-07 -1.90182375e-06  4.76060588e-07  1.10826402e-05 
 4.76110588e-07  1.99968626e-06  4.76110588e-07 -1.06082373e-05 
 4.76160588e-07 -1.85629852e-06  4.76160588e-07  1.01734363e-05 
 4.76210588e-07  1.95466577e-06  4.76210588e-07 -9.71351068e-06 
 4.76260588e-07 -1.81178269e-06  4.76260588e-07  9.29300852e-06 
 4.76310588e-07  1.91064623e-06  4.76310588e-07 -8.84719798e-06 
 4.76360588e-07 -1.76825892e-06  4.76360588e-07  8.44063657e-06 
 4.76410588e-07  1.86760973e-06  4.76410588e-07 -8.00858652e-06 
 4.76460588e-07 -1.72570878e-06  4.76460588e-07  7.61561525e-06 
 4.76510588e-07  1.82553749e-06  4.76510588e-07 -7.19697828e-06 
 4.76560588e-07 -1.68411328e-06  4.76560588e-07  6.81725360e-06 
 4.76610588e-07  1.78441026e-06  4.76610588e-07 -6.41168951e-06 
 4.76660588e-07 -1.64345296e-06  4.76660588e-07  6.04487508e-06 
 4.76710588e-07  1.74420851e-06  4.76710588e-07 -5.65205082e-06 
 4.76760588e-07 -1.60370826e-06  4.76760588e-07  5.29781711e-06 
 4.76810588e-07  1.70491262e-06  4.76810588e-07 -4.91740658e-06 
 4.76860588e-07 -1.56485954e-06  4.76860588e-07  4.57543109e-06 
 4.76910588e-07  1.66650299e-06  4.76910588e-07 -4.20711507e-06 
 4.76960588e-07 -1.52688726e-06  4.76960588e-07  3.87708198e-06 
 4.77010588e-07  1.62896014e-06  4.77010588e-07 -3.52054802e-06 
 4.77060588e-07 -1.48977208e-06  4.77060588e-07  3.20214827e-06 
 4.77110588e-07  1.59226487e-06  4.77110588e-07 -2.85709063e-06 
 4.77160588e-07 -1.45349487e-06  4.77160588e-07  2.55002171e-06 
 4.77210588e-07  1.55639819e-06  4.77210588e-07 -2.21614128e-06 
 4.77260588e-07 -1.41803688e-06  4.77260588e-07  1.92010727e-06 
 4.77310588e-07  1.52134147e-06  4.77310588e-07 -1.59711133e-06 
 4.77360588e-07 -1.38337959e-06  4.77360588e-07  1.31182266e-06 
 4.77410588e-07  1.48707643e-06  4.77410588e-07 -9.99425010e-07 
 4.77460588e-07 -1.34950493e-06  4.77460588e-07  7.24598454e-07 
 4.77510588e-07  1.45358517e-06  4.77510588e-07 -4.22519171e-07 
 4.77560588e-07 -1.31639519e-06  4.77560588e-07  1.57877757e-07 
 4.77610588e-07  1.42085009e-06  4.77610588e-07  1.34156926e-07 
 4.77660588e-07 -1.28403293e-06  4.77660588e-07 -3.88883948e-07 
 4.77710588e-07  1.38885403e-06  4.77710588e-07  6.71141631e-07 
 4.77760588e-07 -1.25240123e-06  4.77760588e-07 -9.16219117e-07 
 4.77810588e-07  1.35758023e-06  4.77810588e-07  1.18896138e-06 
 4.77860588e-07 -1.22148352e-06  4.77860588e-07 -1.42464808e-06 
 4.77910588e-07  1.32701229e-06  4.77910588e-07  1.68813060e-06 
 4.77960588e-07 -1.19126355e-06  4.77960588e-07 -1.91467950e-06 
 4.78010588e-07  1.29713418e-06  4.78010588e-07  2.16915212e-06 
 4.78060588e-07 -1.16172553e-06  4.78060588e-07 -2.38681038e-06 
 4.78110588e-07  1.26793029e-06  4.78110588e-07  2.63251722e-06 
 4.78160588e-07 -1.13285398e-06  4.78160588e-07 -2.84152631e-06 
 4.78210588e-07  1.23938530e-06  4.78210588e-07  3.07870586e-06 
 4.78260588e-07 -1.10463383e-06  4.78260588e-07 -3.27930175e-06 
 4.78310588e-07  1.21148433e-06  4.78310588e-07  3.50818702e-06 
 4.78360588e-07 -1.07705035e-06  4.78360588e-07 -3.70060013e-06 
 4.78410588e-07  1.18421285e-06  4.78410588e-07  3.92141855e-06 
 4.78460588e-07 -1.05008917e-06  4.78460588e-07 -4.10587401e-06 
 4.78510588e-07  1.15755664e-06  4.78510588e-07  4.31884791e-06 
 4.78560588e-07 -1.02373627e-06  4.78560588e-07 -4.49556544e-06 
 4.78610588e-07  1.13150182e-06  4.78610588e-07  4.70091171e-06 
 4.78660588e-07 -9.97977924e-07  4.78660588e-07 -4.87010596e-06 
 4.78710588e-07  1.10603487e-06  4.78710588e-07  5.06803643e-06 
 4.78760588e-07 -9.72800783e-07  4.78760588e-07 -5.22991692e-06 
 4.78810588e-07  1.08114260e-06  4.78810588e-07  5.42063845e-06 
 4.78860588e-07 -9.48191787e-07  4.78860588e-07 -5.57540967e-06 
 4.78910588e-07  1.05681205e-06  4.78910588e-07  5.75912403e-06 
 4.78960588e-07 -9.24138165e-07  4.78960588e-07 -5.90698564e-06 
 4.79010588e-07  1.03303066e-06  4.79010588e-07  6.08388989e-06 
 4.79060588e-07 -9.00627498e-07  4.79060588e-07 -6.22503667e-06 
 4.79110588e-07  1.00978614e-06  4.79110588e-07  6.39532308e-06 
 4.79160588e-07 -8.77647643e-07  4.79160588e-07 -6.52994519e-06 
 4.79210588e-07  9.87066480e-07  4.79210588e-07  6.69380132e-06 
 4.79260588e-07 -8.55186708e-07  4.79260588e-07 -6.82208424e-06 
 4.79310588e-07  9.64859942e-07  4.79310588e-07  6.97969317e-06 
 4.79360588e-07 -8.33233132e-07  4.79360588e-07 -7.10181792e-06 
 4.79410588e-07  9.43155065e-07  4.79410588e-07  7.25335820e-06 
 4.79460588e-07 -8.11775557e-07  4.79460588e-07 -7.36950128e-06 
 4.79510588e-07  9.21940654e-07  4.79510588e-07  7.51514711e-06 
 4.79560588e-07 -7.90802957e-07  4.79560588e-07 -7.62548077e-06 
 4.79610588e-07  9.01205817e-07  4.79610588e-07  7.76540206e-06 
 4.79660588e-07 -7.70304527e-07  4.79660588e-07 -7.87009426e-06 
 4.79710588e-07  8.80939863e-07  4.79710588e-07  8.00445671e-06 
 4.79760588e-07 -7.50269734e-07  4.79760588e-07 -8.10367128e-06 
 4.79810588e-07  8.61132357e-07  4.79810588e-07  8.23263648e-06 
 4.79860588e-07 -7.30688223e-07  4.79860588e-07 -8.32653316e-06 
 4.79910588e-07  8.41773119e-07  4.79910588e-07  8.45025868e-06 
 4.79955294e-07 -7.10430494e-07  4.79955294e-07 -8.55125393e-06 
 4.80000000e-07  8.20640184e-07  4.80000000e-07  8.68152635e-06 
 4.80005000e-07  2.12649502e-05  4.80005000e-07  2.67563777e-04 
 4.80015000e-07 -4.57212502e-06  4.80015000e-07  4.67089048e-05 
 4.80035000e-07 -1.40837288e-05  4.80035000e-07 -8.13081053e-05 
 4.80075000e-07  1.06808131e-05  4.80075000e-07 -1.12073719e-04 
 4.80125000e-07 -5.86423427e-05  4.80125000e-07 -2.12697107e-04 
 4.80162500e-07 -1.25266086e-04  4.80162500e-07 -5.65293202e-04 
 4.80200000e-07  8.24038531e-04  4.80200000e-07  3.28035464e-04 
 4.80205000e-07  5.92452115e-04  4.80205000e-07  1.85836182e-04 
 4.80215000e-07 -2.64204525e-04  4.80215000e-07  5.51086573e-04 
 4.80235000e-07 -5.94327638e-04  4.80235000e-07  1.47389064e-03 
 4.80275000e-07  2.79416844e-04  4.80275000e-07  2.17693804e-03 
 4.80318862e-07 -1.60049886e-04  4.80318862e-07 -2.98205389e-03 
 4.80364728e-07  1.05739094e-04  4.80364728e-07  2.90595150e-04 
 4.80414728e-07 -7.68231342e-05  4.80414728e-07 -1.77656209e-04 
 4.80464728e-07  5.79196680e-05  4.80464728e-07  3.02491106e-04 
 4.80514728e-07 -4.44640483e-05  4.80514728e-07 -1.49797523e-04 
 4.80564728e-07  3.49018999e-05  4.80564728e-07  1.20873075e-04 
 4.80614728e-07 -2.75663826e-05  4.80614728e-07 -7.09020109e-05 
 4.80664728e-07  2.22335468e-05  4.80664728e-07  4.18227732e-05 
 4.80714728e-07 -1.79320270e-05  4.80714728e-07 -1.69110523e-05 
 4.80764728e-07  1.48036189e-05  4.80764728e-07 -1.57361103e-06 
 4.80814728e-07 -1.21384424e-05  4.80814728e-07  1.62561958e-05 
 4.80864728e-07  1.02348816e-05  4.80864728e-07 -2.77245530e-05 
 4.80914728e-07 -8.49028477e-06  4.80914728e-07  3.67989325e-05 
 4.80964728e-07  7.28909552e-06  4.80964728e-07 -4.39053671e-05 
 4.81014728e-07 -6.08248852e-06  4.81014728e-07  4.94995004e-05 
 4.81064728e-07  5.29920055e-06  4.81064728e-07 -5.37990425e-05 
 4.81114728e-07 -4.41935976e-06  4.81114728e-07  5.71169183e-05 
 4.81164728e-07  3.89512323e-06  4.81164728e-07 -5.95564254e-05 
 4.81214728e-07 -3.22238410e-06  4.81214728e-07  6.13535686e-05 
 4.81264728e-07  2.86595730e-06  4.81264728e-07 -6.25468629e-05 
 4.81314728e-07 -2.33043886e-06  4.81314728e-07  6.33242608e-05 
 4.81364728e-07  2.08764248e-06  4.81364728e-07 -6.36847599e-05 
 4.81414728e-07 -1.64705878e-06  4.81414728e-07  6.37837391e-05 
 4.81464728e-07  1.48447532e-06  4.81464728e-07 -6.35948027e-05 
 4.81514728e-07 -1.11220311e-06  4.81514728e-07  6.32502402e-05 
 4.81564728e-07  1.00835748e-06  4.81564728e-07 -6.27069347e-05 
 4.81614728e-07 -6.86923751e-07  4.81614728e-07  6.20804301e-05 
 4.81664728e-07  6.27429956e-07  4.81664728e-07 -6.13165580e-05 
 4.81714728e-07 -3.44890007e-07  4.81714728e-07  6.05185790e-05 
 4.81764728e-07  3.19722853e-07  4.81764728e-07 -5.96251046e-05 
 4.81814728e-07 -6.75982381e-08  4.81814728e-07  5.87303297e-05 
 4.81864728e-07  6.95193752e-08  4.81864728e-07 -5.77682690e-05 
 4.81914728e-07  1.58409600e-07  4.81914728e-07  5.68263973e-05 
 4.81957364e-07 -1.50616316e-07  4.81957364e-07 -5.56677968e-05 
 4.82000000e-07  3.71612056e-07  4.82000000e-07  5.45426945e-05 
 4.82005000e-07 -7.06856416e-08  4.82005000e-07  3.09980441e-06 
 4.82015000e-07  7.11860722e-08  4.82015000e-07 -3.65397011e-06 
 4.82035000e-07  7.13783649e-08  4.82035000e-07  3.20283307e-06 
 4.82075000e-07  5.87807396e-08  4.82075000e-07 -2.84926187e-06 
 4.82125000e-07  4.55009008e-08  4.82125000e-07  2.72826675e-06 
 4.82162500e-07  8.85591984e-08  4.82162500e-07 -2.70448907e-06 
 4.82200000e-07  7.52233238e-07  4.82200000e-07  2.95135384e-06 
 4.82205000e-07 -6.32521674e-07  4.82205000e-07  2.70698750e-06 
 4.82215000e-07 -1.35869776e-05  4.82215000e-07  3.69816935e-07 
 4.82235000e-07 -1.27246104e-06  4.82235000e-07 -9.88689680e-07 
 4.82275000e-07  2.38392192e-05  4.82275000e-07 -4.84965905e-07 
 4.82325000e-07 -3.56646659e-05  4.82325000e-07 -2.60189182e-05 
 4.82370376e-07  3.57431208e-05  4.82370376e-07  7.08283099e-05 
 4.82420376e-07 -2.98117939e-05  4.82420376e-07 -5.73466508e-05 
 4.82470376e-07  2.34978215e-05  4.82470376e-07  2.01427302e-05 
 4.82520376e-07 -1.76690574e-05  4.82520376e-07 -1.48659621e-05 
 4.82570376e-07  1.30601085e-05  4.82570376e-07  1.76167614e-05 
 4.82620376e-07 -9.10938312e-06  4.82620376e-07 -1.57933149e-05 
 4.82670376e-07  6.15876129e-06  4.82670376e-07  1.51728842e-05 
 4.82720376e-07 -3.58361671e-06  4.82720376e-07 -1.40513621e-05 
 4.82770376e-07  1.74948923e-06  4.82770376e-07  1.31094968e-05 
 4.82820376e-07 -7.75249582e-08  4.82820376e-07 -1.21936101e-05 
 4.82870376e-07 -1.02635257e-06  4.82870376e-07  1.13912842e-05 
 4.82920376e-07  2.10618554e-06  4.82920376e-07 -1.06485416e-05 
 4.82970376e-07 -2.72913951e-06  4.82970376e-07  1.00135120e-05 
 4.83020376e-07  3.41748793e-06  4.83020376e-07 -9.42393220e-06 
 4.83070376e-07 -3.72138304e-06  4.83070376e-07  8.93202730e-06 
 4.83120376e-07  4.14945406e-06  4.83120376e-07 -8.47005680e-06 
 4.83170376e-07 -4.24095660e-06  4.83170376e-07  8.09397703e-06 
 4.83220376e-07  4.49581141e-06  4.83220376e-07 -7.73480311e-06 
 4.83270376e-07 -4.44618992e-06  4.83270376e-07  7.45057889e-06 
 4.83320376e-07  4.58636660e-06  4.83320376e-07 -7.17260541e-06 
 4.83370376e-07 -4.44384375e-06  4.83370376e-07  6.96024726e-06 
 4.83420376e-07  4.50917942e-06  4.83420376e-07 -6.74549105e-06 
 4.83470376e-07 -4.30675337e-06  4.83470376e-07  6.58866433e-06 
 4.83520376e-07  4.32463765e-06  4.83520376e-07 -6.42246755e-06 
 4.83570376e-07 -4.08509043e-06  4.83570376e-07  6.30798465e-06 
 4.83620376e-07  4.07449215e-06  4.83620376e-07 -6.17855171e-06 
 4.83670376e-07 -3.81363608e-06  4.83670376e-07  6.09586288e-06 
 4.83720376e-07  3.78773222e-06  4.83720376e-07 -5.99379073e-06 
 4.83770376e-07 -3.51654681e-06  4.83770376e-07  5.93452508e-06 
 4.83820376e-07  3.48449262e-06  4.83820376e-07 -5.85237834e-06 
 4.83870376e-07 -3.21052542e-06  4.83870376e-07  5.80995855e-06 
 4.83920376e-07  3.17859931e-06  4.83920376e-07 -5.74191547e-06 
 4.83970376e-07 -2.90705164e-06  4.83970376e-07  5.71118160e-06 
 4.84020376e-07  2.87940825e-06  4.84020376e-07 -5.65270789e-06 
 4.84070376e-07 -2.61368279e-06  4.84070376e-07  5.62969766e-06 
 4.84120376e-07  2.59306618e-06  4.84120376e-07 -5.57732438e-06 
 4.84170376e-07 -2.33533499e-06  4.84170376e-07  5.55899954e-06 
 4.84220376e-07  2.32343302e-06  4.84220376e-07 -5.51008445e-06 
 4.84270376e-07 -2.07496538e-06  4.84270376e-07  5.49415578e-06 
 4.84320376e-07  2.07269803e-06  4.84320376e-07 -5.44672259e-06 
 4.84370376e-07 -1.83411440e-06  4.84370376e-07  5.43149215e-06 
 4.84420376e-07  1.84185428e-06  4.84420376e-07 -5.38408964e-06 
 4.84470376e-07 -1.61331629e-06  4.84470376e-07  5.36832467e-06 
 4.84520376e-07  1.63105214e-06  4.84520376e-07 -5.31991309e-06 
 4.84570376e-07 -1.41240276e-06  4.84570376e-07  5.30274397e-06 
 4.84620376e-07  1.43986011e-06  4.84620376e-07 -5.25260353e-06 
 4.84670376e-07 -1.23072748e-06  4.84670376e-07  5.23344198e-06 
 4.84720376e-07  1.26745791e-06  4.84720376e-07 -5.18109971e-06 
 4.84770376e-07 -1.06733179e-06  4.84770376e-07  5.15957339e-06 
 4.84820376e-07  1.11277853e-06  4.84820376e-07 -5.10474485e-06 
 4.84870376e-07 -9.21066503e-07  4.84870376e-07  5.08064560e-06 
 4.84920376e-07  9.74612615e-07  4.84920376e-07 -5.02318880e-06 
 4.84970376e-07 -7.90681015e-07  4.84970376e-07  4.99643168e-06 
 4.85020376e-07  8.51684065e-07  4.85020376e-07 -4.93631083e-06 
 4.85070376e-07 -6.74887159e-07  4.85070376e-07  4.90690211e-06 
 4.85120376e-07  7.42703821e-07  4.85120376e-07 -4.84415942e-06 
 4.85170376e-07 -5.72404558e-07  4.85170376e-07  4.81217161e-06 
 4.85220376e-07  6.46407827e-07  4.85220376e-07 -4.74690516e-06 
 4.85270376e-07 -4.81991801e-07  4.85270376e-07  4.71245772e-06 
 4.85320376e-07  5.61582396e-07  4.85320376e-07 -4.64480471e-06 
 4.85370376e-07 -4.02467021e-07  4.85370376e-07  4.60804925e-06 
 4.85420376e-07  4.87080629e-07  4.85420376e-07 -4.53817293e-06 
 4.85470376e-07 -3.32720707e-07  4.85470376e-07  4.49928195e-06 
 4.85520376e-07  4.21832057e-07  4.85520376e-07 -4.42736196e-06 
 4.85570376e-07 -2.71722585e-07  4.85570376e-07  4.38652030e-06 
 4.85620376e-07  3.64847246e-07  4.85620376e-07 -4.31274513e-06 
 4.85670376e-07 -2.18524397e-07  4.85670376e-07  4.27014358e-06 
 4.85720376e-07  3.15219117e-07  4.85720376e-07 -4.19470520e-06 
 4.85770376e-07 -1.72259824e-07  4.85770376e-07  4.15053594e-06 
 4.85820376e-07  2.72121404e-07  4.85820376e-07 -4.07362577e-06 
 4.85870376e-07 -1.32142013e-07  4.85870376e-07  4.02807881e-06 
 4.85920376e-07  2.34805836e-07  4.85920376e-07 -3.94988484e-06 
 4.85970376e-07 -9.74600824e-08  4.85970376e-07  3.90314567e-06 
 4.86020376e-07  2.02597764e-07  4.86020376e-07 -3.82385042e-06 
 4.86070376e-07 -6.75745450e-08  4.86070376e-07  3.77609826e-06 
 4.86120376e-07  1.74891518e-07  4.86120376e-07 -3.69587735e-06 
 4.86170376e-07 -4.19121995e-08  4.86170376e-07  3.64728409e-06 
 4.86220376e-07  1.51145203e-07  4.86220376e-07 -3.56630545e-06 
 4.86270376e-07 -1.99611626e-08  4.86270376e-07  3.51703487e-06 
 4.86320376e-07  1.30875507e-07  4.86320376e-07 -3.43545806e-06 
 4.86370376e-07 -1.26541853e-09  4.86370376e-07  3.38566547e-06 
 4.86420376e-07  1.13652535e-07  4.86420376e-07 -3.30364144e-06 
 4.86470376e-07  1.45801047e-08  4.86470376e-07  3.25347356e-06 
 4.86520376e-07  9.90947377e-08  4.86520376e-07 -3.17114463e-06 
 4.86570376e-07  2.79345519e-08  4.86570376e-07  3.12073944e-06 
 4.86620376e-07  8.68642985e-08  4.86620376e-07 -3.03823927e-06 
 4.86670376e-07  3.91155579e-08  4.86670376e-07  2.98772624e-06 
 4.86720376e-07  7.66626700e-08  4.86720376e-07 -2.90518008e-06 
 4.86770376e-07  4.84036153e-08  4.86770376e-07  2.85468029e-06 
 4.86820376e-07  6.82264305e-08  4.86820376e-07 -2.77220507e-06 
 4.86870376e-07  5.60460072e-08  4.86870376e-07  2.72183153e-06 
 4.86920376e-07  6.13235204e-08  4.86920376e-07 -2.63953628e-06 
 4.86970376e-07  6.22603574e-08  4.86970376e-07  2.58939407e-06 
 4.87020376e-07  5.57499358e-08  4.87020376e-07 -2.50738009e-06 
 4.87070376e-07  6.72379951e-08  4.87070376e-07  2.45756685e-06 
 4.87120376e-07  5.13263197e-08  4.87120376e-07 -2.37592803e-06 
 4.87170376e-07  7.11468381e-08  4.87170376e-07  2.32653414e-06 
 4.87220376e-07  4.78954803e-08  4.87220376e-07 -2.24535738e-06 
 4.87270376e-07  7.41340706e-08  4.87270376e-07  2.19646631e-06 
 4.87320376e-07  4.53196316e-08  4.87320376e-07 -2.11583173e-06 
 4.87370376e-07  7.63286730e-08  4.87370376e-07  2.06752044e-06 
 4.87420376e-07  4.34781571e-08  4.87420376e-07 -1.98750175e-06 
 4.87470376e-07  7.78433604e-08  4.87470376e-07  1.93984084e-06 
 4.87520376e-07  4.22656232e-08  4.87520376e-07 -1.86050565e-06 
 4.87570376e-07  7.87767151e-08  4.87570376e-07  1.81355984e-06 
 4.87620376e-07  4.15899809e-08  4.87620376e-07 -1.73496995e-06 
 4.87670376e-07  7.92147007e-08  4.87670376e-07  1.68879822e-06 
 4.87720376e-07  4.13709215e-08  4.87720376e-07 -1.61100990e-06 
 4.87770376e-07  7.92323254e-08  4.87770376e-07  1.56566598e-06 
 4.87820376e-07  4.15384293e-08  4.87820376e-07 -1.48873035e-06 
 4.87870376e-07  7.88948729e-08  4.87870376e-07  1.44426279e-06 
 4.87920376e-07  4.20316062e-08  4.87920376e-07 -1.36822593e-06 
 4.87970376e-07  7.82591968e-08  4.87970376e-07  1.32467849e-06 
 4.88020376e-07  4.27974958e-08  4.88020376e-07 -1.24958188e-06 
 4.88070376e-07  7.73745954e-08  4.88070376e-07  1.20699380e-06 
 4.88120376e-07  4.37900837e-08  4.88120376e-07 -1.13287441e-06 
 4.88170376e-07  7.62840048e-08  4.88170376e-07  1.09128063e-06 
 4.88220376e-07  4.49694373e-08  4.88220376e-07 -1.01817135e-06 
 4.88270376e-07  7.50244810e-08  4.88270376e-07  9.77602674e-07 
 4.88320376e-07  4.63010590e-08  4.88320376e-07 -9.05532414e-07 
 4.88370376e-07  7.36282362e-08  4.88370376e-07  8.66015917e-07 
 4.88420376e-07  4.77549980e-08  4.88420376e-07 -7.95009830e-07 
 4.88470376e-07  7.21230563e-08  4.88470376e-07  7.56568937e-07 
 4.88520376e-07  4.93054617e-08  4.88520376e-07 -6.86648752e-07 
 4.88570376e-07  7.05328569e-08  4.88570376e-07  6.49303470e-07 
 4.88620376e-07  5.09302003e-08  4.88620376e-07 -5.80487587e-07 
 4.88670376e-07  6.88783634e-08  4.88670376e-07  5.44254818e-07 
 4.88720376e-07  5.26100601e-08  4.88720376e-07 -4.76558529e-07 
 4.88770376e-07  6.71772600e-08  4.88770376e-07  4.41452061e-07 
 4.88820376e-07  5.43285718e-08  4.88820376e-07 -3.74887846e-07 
 4.88870376e-07  6.54448394e-08  4.88870376e-07  3.40918785e-07 
 4.88920376e-07  5.60716632e-08  4.88920376e-07 -2.75496288e-07 
 4.88970376e-07  6.36940774e-08  4.88970376e-07  2.42673010e-07 
 4.89020376e-07  5.78273120e-08  4.89020376e-07 -1.78399464e-07 
 4.89070376e-07  6.19361224e-08  4.89070376e-07  1.46727968e-07 
 4.89120376e-07  5.95852484e-08  4.89120376e-07 -8.36081294e-08 
 4.89170376e-07  6.01803347e-08  4.89170376e-07  5.30921084e-08 
 4.89220376e-07  6.13368615e-08  4.89220376e-07  8.87143076e-09 
 4.89270376e-07  5.84347699e-08  4.89270376e-07 -3.82304712e-08 
 4.89320376e-07  6.30747414e-08  4.89320376e-07  9.90371398e-08 
 4.89370376e-07  5.67061135e-08  4.89370376e-07 -1.27239627e-07 
 4.89420376e-07  6.47927380e-08  4.89420376e-07  1.86890872e-07 
 4.89470376e-07  5.50000090e-08  4.89470376e-07 -2.13939081e-07 
 4.89520376e-07  6.64857737e-08  4.89520376e-07  2.72438045e-07 
 4.89570376e-07  5.33211571e-08  4.89570376e-07 -2.98336000e-07 
 4.89620376e-07  6.81495154e-08  4.89620376e-07  3.55687446e-07 
 4.89670376e-07  5.16733962e-08  4.89670376e-07 -3.80440738e-07 
 4.89720376e-07  6.97804660e-08  4.89720376e-07  4.36651020e-07 
 4.89770376e-07  5.00599178e-08  4.89770376e-07 -4.60266655e-07 
 4.89820376e-07  7.13758817e-08  4.89820376e-07  5.15343534e-07 
 4.89870376e-07  4.84831986e-08  4.89870376e-07 -5.37829931e-07 
 4.89920376e-07  7.29333766e-08  4.89920376e-07  5.91782385e-07 
 4.89960188e-07  4.67514454e-08  4.89960188e-07 -6.22625824e-07 
 4.90000000e-07  7.48331349e-08  4.90000000e-07  6.84621004e-07 
 4.90005000e-07 -1.12951317e-05  4.90005000e-07 -9.36465105e-05 
 4.90015000e-07  8.06930454e-06  4.90015000e-07  9.41066795e-06 
 4.90035000e-07  3.52282216e-06  4.90035000e-07  2.49566089e-05 
 4.90075000e-07 -5.39955937e-06  4.90075000e-07  2.31900608e-05 
 4.90125000e-07  3.32637505e-05  4.90125000e-07  2.18124915e-04 
 4.90162500e-07  1.42349098e-05  4.90162500e-07  2.37790570e-04 
 4.90200000e-07 -4.61014239e-04  4.90200000e-07 -2.41842238e-04 
 4.90205000e-07 -4.52768231e-04  4.90205000e-07 -5.25697993e-04 
 4.90215000e-07  6.06888264e-05  4.90215000e-07 -1.10899252e-03 
 4.90235000e-07  7.80377266e-04  4.90235000e-07 -1.79388663e-03 
 4.90273306e-07 -4.68966786e-04  4.90273306e-07 -4.24927781e-04 
 4.90315719e-07  2.13249795e-04  4.90315719e-07  2.45515918e-03 
 4.90360150e-07 -7.12133725e-05  4.90360150e-07 -4.75992748e-04 
 4.90410150e-07  4.62312182e-06  4.90410150e-07  1.08663089e-04 
 4.90460150e-07  3.86867885e-05  4.90460150e-07 -3.20220150e-04 
 4.90510150e-07 -7.06548521e-05  4.90510150e-07  1.04620293e-04 
 4.90560150e-07  9.23208182e-05  4.90560150e-07 -6.68642352e-05 
 4.90610150e-07 -1.04539931e-04  4.90610150e-07  4.22673546e-05 
 4.90660150e-07  1.09790129e-04  4.90660150e-07 -1.78949155e-05 
 4.90710150e-07 -1.09870847e-04  4.90710150e-07 -1.78118016e-05 
 4.90760150e-07  1.06806872e-04  4.90760150e-07  3.64985562e-05 
 4.90810150e-07 -1.01410968e-04  4.90810150e-07 -5.61149741e-05 
 4.90860150e-07  9.49973578e-05  4.90860150e-07  7.07710030e-05 
 4.90910150e-07 -8.76995030e-05  4.90910150e-07 -8.28293573e-05 
 4.90960150e-07  8.04150301e-05  4.90960150e-07  9.28022906e-05 
 4.91010150e-07 -7.29292541e-05  4.91010150e-07 -1.00614434e-04 
 4.91060150e-07  6.59223837e-05  4.91060150e-07  1.07090791e-04 
 4.91110150e-07 -5.90115408e-05  4.91110150e-07 -1.12096293e-04 
 4.91160150e-07  5.27642300e-05  4.91160150e-07  1.16146118e-04 
 4.91210150e-07 -4.67183039e-05  4.91210150e-07 -1.19205502e-04 
 4.91260150e-07  4.13828284e-05  4.91260150e-07  1.21579773e-04 
 4.91310150e-07 -3.62600018e-05  4.91310150e-07 -1.23275028e-04 
 4.91360150e-07  3.18292781e-05  4.91360150e-07  1.24486345e-04 
 4.91410150e-07 -2.75786580e-05  4.91410150e-07 -1.25223604e-04 
 4.91460150e-07  2.39735968e-05  4.91460150e-07  1.25624394e-04 
 4.91510150e-07 -2.04983543e-05  4.91510150e-07 -1.25689228e-04 
 4.91560150e-07  1.76128684e-05  4.91560150e-07  1.25524152e-04 
 4.91610150e-07 -1.48025681e-05  4.91610150e-07 -1.25117813e-04 
 4.91660150e-07  1.25263998e-05  4.91660150e-07  1.24557894e-04 
 4.91710150e-07 -1.02730574e-05  4.91710150e-07 -1.23822340e-04 
 4.91760150e-07  8.50279479e-06  4.91760150e-07  1.22987624e-04 
 4.91810150e-07 -6.70824956e-06  4.91810150e-07 -1.22023025e-04 
 4.91860150e-07  5.35202738e-06  4.91860150e-07  1.20997975e-04 
 4.91910150e-07 -3.93069539e-06  4.91910150e-07 -1.19875019e-04 
 4.91960150e-07  2.90955956e-06  4.91960150e-07  1.18719131e-04 
 4.92010150e-07 -1.78878630e-06  4.92010150e-07 -1.17487703e-04 
 4.92060150e-07  1.03635755e-06  4.92060150e-07  1.16242915e-04 
 4.92110150e-07 -1.55588987e-07  4.92110150e-07 -1.14938225e-04 
 4.92160150e-07 -3.83071809e-07  4.92160150e-07  1.13634123e-04 
 4.92210150e-07  1.07363003e-06  4.92210150e-07 -1.12281042e-04 
 4.92260150e-07 -1.44341584e-06  4.92260150e-07  1.10941675e-04 
 4.92310150e-07  1.98440161e-06  4.92310150e-07 -1.09548842e-04 
 4.92360150e-07 -2.22165984e-06  4.92360150e-07  1.08190515e-04 
 4.92410150e-07  2.64574207e-06  4.92410150e-07 -1.06781147e-04 
 4.92460150e-07 -2.77985308e-06  4.92460150e-07  1.05408808e-04 
 4.92510150e-07  3.11319401e-06  4.92510150e-07 -1.03990749e-04 
 4.92560150e-07 -3.16756648e-06  4.92560150e-07  1.02612171e-04 
 4.92610150e-07  3.43103055e-06  4.92610150e-07 -1.01191753e-04 
 4.92660150e-07 -3.42427328e-06  4.92660150e-07  9.98124307e-05 
 4.92710150e-07  3.63429704e-06  4.92710150e-07 -9.83966260e-05 
 4.92760150e-07 -3.58120528e-06  4.92760150e-07  9.70178355e-05 
 4.92810150e-07  3.75098386e-06  4.92810150e-07 -9.56056110e-05 
 4.92860150e-07 -3.66290317e-06  4.92860150e-07  9.42360127e-05 
 4.92910150e-07  3.80261356e-06  4.92910150e-07 -9.28319824e-05 
 4.92960150e-07 -3.68869232e-06  4.92960150e-07  9.14710893e-05 
 4.93010150e-07  3.80626275e-06  4.93010150e-07 -9.00774175e-05 
 4.93060150e-07 -3.67349538e-06  4.93060150e-07  8.87270625e-05 
 4.93110150e-07  3.77508613e-06  4.93110150e-07 -8.73453354e-05 
 4.93160150e-07 -3.62888669e-06  4.93160150e-07  8.60070344e-05 
 4.93210150e-07  3.71924482e-06  4.93210150e-07 -8.46385795e-05 
 4.93260150e-07 -3.56376716e-06  4.93260150e-07  8.33135999e-05 
 4.93310150e-07  3.64652027e-06  4.93310150e-07 -8.19595366e-05 
 4.93360150e-07 -3.48492467e-06  4.93360150e-07  8.06489623e-05 
 4.93410150e-07  3.56282049e-06  4.93410150e-07 -7.93102551e-05 
 4.93460150e-07 -3.39748852e-06  4.93460150e-07  7.80150312e-05 
 4.93510150e-07  3.47258683e-06  4.93510150e-07 -7.66925260e-05 
 4.93560150e-07 -3.30529261e-06  4.93560150e-07  7.54134894e-05 
 4.93610150e-07  3.37911761e-06  4.93610150e-07 -7.41079376e-05 
 4.93660150e-07 -3.21116359e-06  4.93660150e-07  7.28458358e-05 
 4.93710150e-07  3.28482474e-06  4.93710150e-07 -7.15579093e-05 
 4.93760150e-07 -3.11714924e-06  4.93760150e-07  7.03134134e-05 
 4.93810150e-07  3.19143676e-06  4.93810150e-07 -6.90437152e-05 
 4.93860150e-07 -3.02469867e-06  4.93860150e-07  6.78174277e-05 
 4.93910150e-07  3.10015848e-06  4.93910150e-07 -6.65664979e-05 
 4.93960150e-07 -2.93480372e-06  4.93960150e-07  6.53589585e-05 
 4.94010150e-07  3.01179650e-06  4.94010150e-07 -6.41272786e-05 
 4.94060150e-07 -2.84811025e-06  4.94060150e-07  6.29389680e-05 
 4.94110150e-07  2.92685735e-06  4.94110150e-07 -6.17269644e-05 
 4.94160150e-07 -2.76500460e-06  4.94160150e-07  6.05583068e-05 
 4.94210150e-07  2.84562396e-06  4.94210150e-07 -5.93663530e-05 
 4.94260150e-07 -2.68568101e-06  4.94260150e-07  5.82177190e-05 
 4.94310150e-07  2.76821481e-06  4.94310150e-07 -5.70461376e-05 
 4.94360150e-07 -2.61019382e-06  4.94360150e-07  5.59178460e-05 
 4.94410150e-07  2.69462992e-06  4.94410150e-07 -5.47669108e-05 
 4.94460150e-07 -2.53849738e-06  4.94460150e-07  5.36592309e-05 
 4.94510150e-07  2.62478567e-06  4.94510150e-07 -5.25291689e-05 
 4.94560150e-07 -2.47047688e-06  4.94560150e-07  5.14423226e-05 
 4.94610150e-07  2.55854168e-06  4.94610150e-07 -5.03333161e-05 
 4.94660150e-07 -2.40597141e-06  4.94660150e-07  4.92674800e-05 
 4.94710150e-07  2.49572093e-06  4.94710150e-07 -4.81796686e-05 
 4.94760150e-07 -2.34479164e-06  4.94760150e-07  4.71349764e-05 
 4.94810150e-07  2.43612488e-06  4.94810150e-07 -4.60684592e-05 
 4.94860150e-07 -2.28673267e-06  4.94860150e-07  4.50450038e-05 
 4.94910150e-07  2.37954465e-06  4.94910150e-07 -4.39998419e-05 
 4.94960150e-07 -2.23158360e-06  4.94960150e-07  4.29976781e-05 
 4.95010150e-07  2.32576894e-06  4.95010150e-07 -4.19738964e-05 
 4.95060150e-07 -2.17913431e-06  4.95060150e-07  4.09930430e-05 
 4.95110150e-07  2.27459002e-06  4.95110150e-07 -3.99906329e-05 
 4.95160150e-07 -2.12918036e-06  4.95160150e-07  3.90310754e-05 
 4.95210150e-07  2.22580748e-06  4.95210150e-07 -3.80499968e-05 
 4.95260150e-07 -2.08152609e-06  4.95260150e-07  3.71116892e-05 
 4.95310150e-07  2.17923094e-06  4.95310150e-07 -3.61518731e-05 
 4.95360150e-07 -2.03598683e-06  4.95360150e-07  3.52347407e-05 
 4.95410150e-07  2.13468163e-06  4.95410150e-07 -3.42960909e-05 
 4.95460150e-07 -1.99238994e-06  4.95460150e-07  3.34000323e-05 
 4.95510150e-07  2.09199322e-06  4.95510150e-07 -3.24824278e-05 
 4.95560150e-07 -1.95057542e-06  4.95560150e-07  3.16073171e-05 
 4.95610150e-07  2.05101207e-06  4.95610150e-07 -3.07106143e-05 
 4.95660150e-07 -1.91039604e-06  4.95660150e-07  2.98563031e-05 
 4.95710150e-07  2.01159716e-06  4.95710150e-07 -2.89803373e-05 
 4.95760150e-07 -1.87171691e-06  4.95760150e-07  2.81466565e-05 
 4.95810150e-07  1.97361971e-06  4.95810150e-07 -2.72912443e-05 
 4.95860150e-07 -1.83441523e-06  4.95860150e-07  2.64780065e-05 
 4.95910150e-07  1.93696264e-06  4.95910150e-07 -2.56429471e-05 
 4.95960150e-07 -1.79837943e-06  4.95960150e-07  2.48499478e-05 
 4.96010150e-07  1.90151982e-06  4.96010150e-07 -2.40350250e-05 
 4.96060150e-07 -1.76350867e-06  4.96060150e-07  2.32620445e-05 
 4.96110150e-07  1.86719538e-06  4.96110150e-07 -2.24670280e-05 
 4.96160150e-07 -1.72971192e-06  4.96160150e-07  2.17138331e-05 
 4.96210150e-07  1.83390294e-06  4.96210150e-07 -2.09384802e-05 
 4.96260150e-07 -1.69690720e-06  4.96260150e-07  2.02048255e-05 
 4.96310150e-07  1.80156480e-06  4.96310150e-07 -1.94488824e-05 
 4.96360150e-07 -1.66502091e-06  4.96360150e-07  1.87345116e-05 
 4.96410150e-07  1.77011121e-06  4.96410150e-07 -1.79977149e-05 
 4.96460150e-07 -1.63398702e-06  4.96460150e-07  1.73023623e-05 
 4.96510150e-07  1.73947968e-06  4.96510150e-07 -1.65844396e-05 
 4.96560150e-07 -1.60374636e-06  4.96560150e-07  1.59078312e-05 
 4.96610150e-07  1.70961423e-06  4.96610150e-07 -1.52085030e-05 
 4.96660150e-07 -1.57424601e-06  4.96660150e-07  1.45503575e-05 
 4.96710150e-07  1.68046477e-06  4.96710150e-07 -1.38693379e-05 
 4.96760150e-07 -1.54543859e-06  4.96760150e-07  1.32293679e-05 
 4.96810150e-07  1.65198654e-06  4.96810150e-07 -1.25663653e-05 
 4.96860150e-07 -1.51728181e-06  4.96860150e-07  1.19442782e-05 
 4.96910150e-07  1.62413954e-06  4.96910150e-07 -1.12989967e-05 
 4.96960150e-07 -1.48973780e-06  4.96960150e-07  1.06944956e-05 
 4.97010150e-07  1.59688798e-06  4.97010150e-07 -1.00666354e-05 
 4.97060150e-07 -1.46277281e-06  4.97060150e-07  9.47941998e-06 
 4.97110150e-07  1.57019995e-06  4.97110150e-07 -8.86867843e-06 
 4.97160150e-07 -1.43635665e-06  4.97160150e-07  8.29844545e-06 
 4.97210150e-07  1.54404692e-06  4.97210150e-07 -7.70451772e-06 
 4.97260150e-07 -1.41046230e-06  4.97260150e-07  7.15096194e-06 
 4.97310150e-07  1.51840329e-06  4.97310150e-07 -6.57354155e-06 
 4.97360150e-07 -1.38506560e-06  4.97360150e-07  6.03635639e-06 
 4.97410150e-07  1.49324627e-06  4.97410150e-07 -5.47513590e-06 
 4.97460150e-07 -1.36014494e-06  4.97460150e-07  4.95401395e-06 
 4.97510150e-07  1.46855533e-06  4.97510150e-07 -4.40868551e-06 
 4.97560150e-07 -1.33568091e-06  4.97560150e-07  3.90331898e-06 
 4.97610150e-07  1.44431211e-06  4.97610150e-07 -3.37357482e-06 
 4.97660150e-07 -1.31165609e-06  4.97660150e-07  2.88365623e-06 
 4.97710150e-07  1.42050012e-06  4.97710150e-07 -2.36918906e-06 
 4.97760150e-07 -1.28805486e-06  4.97760150e-07  1.89441162e-06 
 4.97810150e-07  1.39710445e-06  4.97810150e-07 -1.39491515e-06 
 4.97860150e-07 -1.26486305e-06  4.97860150e-07  9.34973079e-07 
 4.97910150e-07  1.37411175e-06  4.97910150e-07 -4.50142394e-07 
 4.97960150e-07 -1.24206796e-06  4.97960150e-07  4.73140271e-09 
 4.98010150e-07  1.35150988e-06  4.98010150e-07  4.65736749e-07 
 4.98060150e-07 -1.21965806e-06  4.98060150e-07 -8.96919090e-07 
 4.98110150e-07  1.32928784e-06  4.98110150e-07  1.35332591e-06 
 4.98160150e-07 -1.19762284e-06  4.98160150e-07 -1.77058000e-06 
 4.98210150e-07  1.30743563e-06  4.98210150e-07  2.21322439e-06 
 4.98260150e-07 -1.17595278e-06  4.98260150e-07 -2.61684821e-06 
 4.98310150e-07  1.28594413e-06  4.98310150e-07  3.04602650e-06 
 4.98360150e-07 -1.15463913e-06  4.98360150e-07 -3.43631536e-06 
 4.98410150e-07  1.26480499e-06  4.98410150e-07  3.85232106e-06 
 4.98460150e-07 -1.13367392e-06  4.98460150e-07 -4.22956731e-06 
 4.98510150e-07  1.24401053e-06  4.98510150e-07  4.63269095e-06 
 4.98560150e-07 -1.11304973e-06  4.98560150e-07 -4.99718396e-06 
 4.98610150e-07  1.22355368e-06  4.98610150e-07  5.38771276e-06 
 4.98660150e-07 -1.09275980e-06  4.98660150e-07 -5.73973858e-06 
 4.98710150e-07  1.20342786e-06  4.98710150e-07  6.11795647e-06 
 4.98760150e-07 -1.07279782e-06  4.98760150e-07 -6.45779771e-06 
 4.98810150e-07  1.18362699e-06  4.98810150e-07  6.82398505e-06 
 4.98860150e-07 -1.05315779e-06  4.98860150e-07 -7.15192072e-06 
 4.98910150e-07  1.16414532e-06  4.98910150e-07  7.50635416e-06 
 4.98960150e-07 -1.03383427e-06  4.98960150e-07 -7.82265955e-06 
 4.99010150e-07  1.14497750e-06  4.99010150e-07  8.16561202e-06 
 4.99060150e-07 -1.01482201e-06  4.99060150e-07 -8.47055860e-06 
 4.99110150e-07  1.12611845e-06  4.99110150e-07  8.80229911e-06 
 4.99160150e-07 -9.96116065e-07  4.99160150e-07 -9.09615440e-06 
 4.99210150e-07  1.10756342e-06  4.99210150e-07  9.41694802e-06 
 4.99260150e-07 -9.77711827e-07  4.99260150e-07 -9.69997561e-06 
 4.99310150e-07  1.08930782e-06  4.99310150e-07  1.00100832e-05 
 4.99360150e-07 -9.59604796e-07  4.99360150e-07 -1.02825426e-05 
 4.99410150e-07  1.07134728e-06  4.99410150e-07  1.05822211e-05 
 4.99460150e-07 -9.41790705e-07  4.99460150e-07 -1.08443675e-05 
 4.99510150e-07  1.05367765e-06  4.99510150e-07  1.11338696e-05 
 4.99560150e-07 -9.24265451e-07  4.99560150e-07 -1.13859541e-05 
 4.99610150e-07  1.03629485e-06  4.99610150e-07  1.16655284e-05 
 4.99660150e-07 -9.07025082e-07  4.99660150e-07 -1.19077980e-05 
 4.99710150e-07  1.01919502e-06  4.99710150e-07  1.21776887e-05 
 4.99760150e-07 -8.90065741e-07  4.99760150e-07 -1.24103859e-05 
 4.99810150e-07  1.00237434e-06  4.99810150e-07  1.26708330e-05 
 4.99860150e-07 -8.73383698e-07  4.99860150e-07 -1.28941962e-05 
 4.99910150e-07  9.85829177e-07  4.99910150e-07  1.31454354e-05 
 4.99955075e-07 -8.56056580e-07  4.99955075e-07 -1.33854590e-05 
 5.00000000e-07  9.67734386e-07  5.00000000e-07  1.36524250e-05 
 5.00005000e-07  2.08618110e-05  5.00005000e-07  2.61866468e-04 
 5.00015000e-07 -4.46473309e-06  5.00015000e-07  4.50243211e-05 
 5.00035000e-07 -1.36915878e-05  5.00035000e-07 -7.76093016e-05 
 5.00075000e-07  1.02986071e-05  5.00075000e-07 -1.10360568e-04 
 5.00125000e-07 -5.64944582e-05  5.00125000e-07 -2.05740734e-04 
 5.00162500e-07 -1.49179450e-05  5.00162500e-07 -5.88229552e-04 
 5.00200000e-07  2.56925918e-03  5.00200000e-07  7.93820473e-04 
 5.00205000e-07  1.74715098e-03  5.00205000e-07  1.49000365e-03 
 5.00215000e-07 -3.89614286e-03  5.00215000e-07  3.06323330e-03 
 5.00235000e-07 -1.74022152e-02  5.00235000e-07  5.48490696e-03 
 5.00275000e-07  6.01238303e-02  5.00275000e-07  3.09373084e-03 
 5.00325000e-07  1.03900618e+00  5.00325000e-07 -2.88594011e-02 
 5.00375000e-07  1.25475201e+00  5.00375000e-07 -5.29550883e-02 
 5.00425000e-07  1.15389372e+00  5.00425000e-07  7.28188289e-02 
 5.00475000e-07  1.23639587e+00  5.00475000e-07  1.09679755e+00 
 5.00525000e-07  1.16974202e+00  5.00525000e-07  2.83398620e+00 
 5.00575000e-07  1.22420965e+00  5.00575000e-07  3.24886538e+00 
 5.00625000e-07  1.17998540e+00  5.00625000e-07  3.24185582e+00 
 5.00675000e-07  1.21614782e+00  5.00675000e-07  3.28683845e+00 
 5.00725000e-07  1.18669168e+00  5.00725000e-07  3.28288457e+00 
 5.00775000e-07  1.21080000e+00  5.00775000e-07  3.29576842e+00 
 5.00825000e-07  1.19111142e+00  5.00825000e-07  3.29488823e+00 
 5.00875000e-07  1.20724532e+00  5.00875000e-07  3.29863248e+00 
 5.00925000e-07  1.19403792e+00  5.00925000e-07  3.29857792e+00 
 5.00975000e-07  1.20487770e+00  5.00975000e-07  3.29940305e+00 
 5.01025000e-07  1.19598310e+00  5.01025000e-07  3.29979138e+00 
 5.01075000e-07  1.20329727e+00  5.01075000e-07  3.29955599e+00 
 5.01125000e-07  1.19728042e+00  5.01125000e-07  3.30022758e+00 
 5.01175000e-07  1.20223975e+00  5.01175000e-07  3.29954994e+00 
 5.01225000e-07  1.19815212e+00  5.01225000e-07  3.30040171e+00 
 5.01275000e-07  1.20153340e+00  5.01275000e-07  3.29951965e+00 
 5.01325000e-07  1.19873275e+00  5.01325000e-07  3.30047491e+00 
 5.01375000e-07  1.20105415e+00  5.01375000e-07  3.29949736e+00 
 5.01425000e-07  1.19912441e+00  5.01425000e-07  3.30050336e+00 
 5.01475000e-07  1.20073087e+00  5.01475000e-07  3.29948965e+00 
 5.01525000e-07  1.19938964e+00  5.01525000e-07  3.30050841e+00 
 5.01575000e-07  1.20051179e+00  5.01575000e-07  3.29949439e+00 
 5.01625000e-07  1.19957002e+00  5.01625000e-07  3.30049982e+00 
 5.01675000e-07  1.20036253e+00  5.01675000e-07  3.29950819e+00 
 5.01725000e-07  1.19969335e+00  5.01725000e-07  3.30048291e+00 
 5.01775000e-07  1.20026023e+00  5.01775000e-07  3.29952802e+00 
 5.01825000e-07  1.19977822e+00  5.01825000e-07  3.30046097e+00 
 5.01875000e-07  1.20018961e+00  5.01875000e-07  3.29955156e+00 
 5.01925000e-07  1.19983706e+00  5.01925000e-07  3.30043618e+00 
 5.01962500e-07  1.20013377e+00  5.01962500e-07  3.29958150e+00 
 5.02000000e-07  1.19988912e+00  5.02000000e-07  3.30040122e+00 
 5.02005000e-07  1.19953075e+00  5.02005000e-07  3.29842135e+00 
 5.02015000e-07  1.19936528e+00  5.02015000e-07  3.29700837e+00 
 5.02035000e-07  1.19979160e+00  5.02035000e-07  3.29712958e+00 
 5.02075000e-07  1.19980857e+00  5.02075000e-07  3.29964873e+00 
 5.02125000e-07  1.20497047e+00  5.02125000e-07  3.32597092e+00 
 5.02162500e-07  1.21926650e+00  5.02162500e-07  3.35971740e+00 
 5.02200000e-07  1.21535507e+00  5.02200000e-07  3.38433106e+00 
 5.02205000e-07  1.19067456e+00  5.02205000e-07  3.38149669e+00 
 5.02215000e-07  1.05962696e+00  5.02215000e-07  3.36212195e+00 
 5.02235000e-07  4.38859464e-01  5.02235000e-07  3.27846005e+00 
 5.02275000e-07 -1.96797531e-02  5.02275000e-07  2.81776986e+00 
 5.02322129e-07  2.02525566e-02  5.02322129e-07  5.17489522e-01 
 5.02372129e-07 -1.60293823e-02  5.02372129e-07 -8.46634642e-02 
 5.02422129e-07  1.44354529e-02  5.02422129e-07  8.50659913e-02 
 5.02472129e-07 -1.28017315e-02  5.02472129e-07 -4.78082840e-02 
 5.02522129e-07  1.16384279e-02  5.02522129e-07  3.85408483e-02 
 5.02572129e-07 -1.04287531e-02  5.02572129e-07 -2.56860056e-02 
 5.02622129e-07  9.47523997e-03  5.02622129e-07  1.88995839e-02 
 5.02672129e-07 -8.50575570e-03  5.02672129e-07 -1.37009338e-02 
 5.02722129e-07  7.71889243e-03  5.02722129e-07  1.00322665e-02 
 5.02772129e-07 -6.93879967e-03  5.02772129e-07 -7.37845379e-03 
 5.02822129e-07  6.29208140e-03  5.02822129e-07  5.40773553e-03 
 5.02872129e-07 -5.66445673e-03  5.02872129e-07 -3.95608760e-03 
 5.02922129e-07  5.13470426e-03  5.02922129e-07  2.84731331e-03 
 5.02972129e-07 -4.62939962e-03  5.02972129e-07 -2.00854263e-03 
 5.03022129e-07  4.19644085e-03  5.03022129e-07  1.35305688e-03 
 5.03072129e-07 -3.78915462e-03  5.03072129e-07 -8.43804068e-04 
 5.03122129e-07  3.43583771e-03  5.03122129e-07  4.38763170e-04 
 5.03172129e-07 -3.10713623e-03  5.03172129e-07 -1.16614505e-04 
 5.03222129e-07  2.81909061e-03  5.03222129e-07 -1.42488706e-04 
 5.03272129e-07 -2.55346478e-03  5.03272129e-07  3.52444437e-04 
 5.03322129e-07  2.31876387e-03  5.03322129e-07 -5.21976554e-04 
 5.03372129e-07 -2.10669254e-03  5.03372129e-07  6.60288358e-04 
 5.03422129e-07  1.91053885e-03  5.03422129e-07 -7.74502158e-04 
 5.03472129e-07 -1.73978735e-03  5.03472129e-07  8.64354431e-04 
 5.03522129e-07  1.58182585e-03  5.03522129e-07 -9.40664526e-04 
 5.03572129e-07 -1.44186045e-03  5.03572129e-07  9.98419831e-04 
 5.03622129e-07  1.31435843e-03  5.03622129e-07 -1.04833916e-03 
 5.03672129e-07 -1.19970910e-03  5.03672129e-07  1.08379019e-03 
 5.03722129e-07  1.09657982e-03  5.03722129e-07 -1.11491898e-03 
 5.03772129e-07 -1.00269149e-03  5.03772129e-07  1.13456976e-03 
 5.03822129e-07  9.19117215e-04  5.03822129e-07 -1.15209266e-03 
 5.03872129e-07 -8.42220572e-04  5.03872129e-07  1.16040316e-03 
 5.03922129e-07  7.74372861e-04  5.03922129e-07 -1.16796186e-03 
 5.03972129e-07 -7.11362799e-04  5.03972129e-07  1.16806970e-03 
 5.04022129e-07  6.56188302e-04  5.04022129e-07 -1.16828242e-03 
 5.04072129e-07 -6.04515379e-04  5.04072129e-07  1.16244024e-03 
 5.04122129e-07  5.59571294e-04  5.04122129e-07 -1.15722441e-03 
 5.04172129e-07 -5.17147532e-04  5.04172129e-07  1.14707563e-03 
 5.04222129e-07  4.80474279e-04  5.04222129e-07 -1.13785615e-03 
 5.04272129e-07 -4.45592841e-04  5.04272129e-07  1.12461498e-03 
 5.04322129e-07  4.15614887e-04  5.04322129e-07 -1.11246305e-03 
 5.04372129e-07 -3.86882449e-04  5.04372129e-07  1.09703548e-03 
 5.04422129e-07  3.62330589e-04  5.04422129e-07 -1.08276378e-03 
 5.04472129e-07 -3.38610927e-04  5.04472129e-07  1.06583095e-03 
 5.04522129e-07  3.18461043e-04  5.04522129e-07 -1.05006042e-03 
 5.04572129e-07 -2.98828286e-04  5.04572129e-07  1.03213725e-03 
 5.04622129e-07  2.82252867e-04  5.04622129e-07 -1.01534485e-03 
 5.04672129e-07 -2.65952951e-04  5.04672129e-07  9.96822061e-04 
 5.04722129e-07  2.52282561e-04  5.04722129e-07 -9.79375494e-04 
 5.04772129e-07 -2.38701570e-04  5.04772129e-07  9.60550071e-04 
 5.04822129e-07  2.27394097e-04  5.04822129e-07 -9.42733417e-04 
 5.04872129e-07 -2.16032329e-04  5.04872129e-07  9.23831105e-04 
 5.04922129e-07  2.06648395e-04  5.04922129e-07 -9.05863941e-04 
 5.04972129e-07 -1.97099159e-04  5.04972129e-07  8.87055940e-04 
 5.05022129e-07  1.89282384e-04  5.05022129e-07 -8.69107777e-04 
 5.05072129e-07 -1.81214697e-04  5.05072129e-07  8.50523302e-04 
 5.05122129e-07  1.74675833e-04  5.05122129e-07 -8.32724572e-04 
 5.05172129e-07 -1.67820317e-04  5.05172129e-07  8.14460374e-04 
 5.05222129e-07  1.62324471e-04  5.05222129e-07 -7.96910872e-04 
 5.05272129e-07 -1.56461858e-04  5.05272129e-07  7.79038502e-04 
 5.05322129e-07  1.51818183e-04  5.05322129e-07 -7.61813904e-04 
 5.05372129e-07 -1.46769967e-04  5.05372129e-07  7.44385295e-04 
 5.05422129e-07  1.42823331e-04  5.05422129e-07 -7.27542235e-04 
 5.05472129e-07 -1.38444157e-04  5.05472129e-07  7.10594017e-04 
 5.05522129e-07  1.35068408e-04  5.05522129e-07 -6.94174056e-04 
 5.05572129e-07 -1.31239884e-04  5.05572129e-07  6.77730903e-04 
 5.05622129e-07  1.28332395e-04  5.05622129e-07 -6.61763648e-04 
 5.05672129e-07 -1.24958055e-04  5.05672129e-07  6.45840893e-04 
 5.05722129e-07  1.22435310e-04  5.05722129e-07 -6.30346464e-04 
 5.05772129e-07 -1.19436524e-04  5.05772129e-07  6.14952142e-04 
 5.05822129e-07  1.17230528e-04  5.05822129e-07 -5.99943123e-04 
 5.05872129e-07 -1.14543175e-04  5.05872129e-07  5.85079580e-04 
 5.05922129e-07  1.12598553e-04  5.05922129e-07 -5.70562575e-04 
 5.05972129e-07 -1.10170314e-04  5.05972129e-07  5.56227737e-04 
 5.06022129e-07  1.08441948e-04  5.06022129e-07 -5.42204610e-04 
 5.06072129e-07 -1.06230108e-04  5.06072129e-07  5.28392979e-04 
 5.06122129e-07  1.04580278e-04  5.06122129e-07 -5.14847330e-04 
 5.06172129e-07 -1.02661695e-04  5.06172129e-07  5.01570785e-04 
 5.06222129e-07  1.01260875e-04  5.06222129e-07 -4.88523873e-04 
 5.06272129e-07 -9.93824122e-05  5.06272129e-07  4.75731478e-04 
 5.06322129e-07  9.81071560e-05  5.06322129e-07 -4.63167018e-04 
 5.06372129e-07 -9.63585606e-05  5.06372129e-07  4.50868440e-04 
 5.06422129e-07  9.51885460e-05  5.06422129e-07 -4.38775379e-04 
 5.06472129e-07 -9.35505546e-05  5.06472129e-07  4.26957646e-04 
 5.06522129e-07  9.24694031e-05  5.06522129e-07 -4.15325543e-04 
 5.06572129e-07 -9.09262620e-05  5.06572129e-07  4.03975067e-04 
 5.06622129e-07  8.99205982e-05  5.06622129e-07 -3.92792538e-04 
 5.06672129e-07 -8.84593624e-05  5.06672129e-07  3.81895266e-04 
 5.06722129e-07  8.75182402e-05  5.06722129e-07 -3.71150217e-04 
 5.06772129e-07 -8.61282491e-05  5.06772129e-07  3.60691803e-04 
 5.06822129e-07  8.52426993e-05  5.06822129e-07 -3.50371626e-04 
 5.06872129e-07 -8.39151545e-05  5.06872129e-07  3.40337580e-04 
 5.06922129e-07  8.30778175e-05  5.06922129e-07 -3.30429331e-04 
 5.06972129e-07 -8.18054393e-05  5.06972129e-07  3.20805138e-04 
 5.07022129e-07  8.10102667e-05  5.07022129e-07 -3.11295676e-04 
 5.07072129e-07 -7.97870143e-05  5.07072129e-07  3.02066896e-04 
 5.07122129e-07  7.90290258e-05  5.07122129e-07 -2.92943003e-04 
 5.07172129e-07 -7.78498701e-05  5.07172129e-07  2.84095354e-04 
 5.07222129e-07  7.71249555e-05  5.07222129e-07 -2.75343828e-04 
 5.07272129e-07 -7.59856937e-05  5.07272129e-07  2.66863243e-04 
 5.07322129e-07  7.52904521e-05  5.07322129e-07 -2.58470980e-04 
 5.07372129e-07 -7.41875570e-05  5.07372129e-07  2.50343659e-04 
 5.07422129e-07  7.35191656e-05  5.07422129e-07 -2.42297711e-04 
 5.07472129e-07 -7.24496629e-05  5.07472129e-07  2.34510160e-04 
 5.07522129e-07  7.18057705e-05  5.07522129e-07 -2.26797785e-04 
 5.07572129e-07 -7.07671385e-05  5.07572129e-07  2.19336841e-04 
 5.07622129e-07  7.01457784e-05  5.07622129e-07 -2.11945543e-04 
 5.07672129e-07 -6.91358671e-05  5.07672129e-07  2.04798399e-04 
 5.07722129e-07  6.85353868e-05  5.07722129e-07 -1.97715961e-04 
 5.07772129e-07 -6.75523509e-05  5.07772129e-07  1.90870175e-04 
 5.07822129e-07  6.69713542e-05  5.07822129e-07 -1.84084678e-04 
 5.07872129e-07 -6.60135997e-05  5.07872129e-07  1.77528190e-04 
 5.07922129e-07  6.54508999e-05  5.07922129e-07 -1.71028034e-04 
 5.07972129e-07 -6.45170396e-05  5.07972129e-07  1.64749166e-04 
 5.08022129e-07  6.39716216e-05  5.08022129e-07 -1.58523080e-04 
 5.08072129e-07 -6.30604389e-05  5.08072129e-07  1.52510539e-04 
 5.08122129e-07  6.25314279e-05  5.08122129e-07 -1.46547591e-04 
 5.08172129e-07 -6.16418482e-05  5.08172129e-07  1.40790472e-04 
 5.08222129e-07  6.11284845e-05  5.08222129e-07 -1.35080075e-04 
 5.08272129e-07 -6.02595506e-05  5.08272129e-07  1.29567855e-04 
 5.08322129e-07  5.97611691e-05  5.08322129e-07 -1.24099764e-04 
 5.08372129e-07 -5.89120218e-05  5.08372129e-07  1.18822298e-04 
 5.08422129e-07  5.84280351e-05  5.08422129e-07 -1.13586618e-04 
 5.08472129e-07 -5.75978974e-05  5.08472129e-07  1.08534135e-04 
 5.08522129e-07  5.71277821e-05  5.08522129e-07 -1.03521312e-04 
 5.08572129e-07 -5.63159460e-05  5.08572129e-07  9.86844045e-05 
 5.08622129e-07  5.58592317e-05  5.08622129e-07 -9.38852257e-05 
 5.08672129e-07 -5.50650474e-05  5.08672129e-07  8.92548466e-05 
 5.08722129e-07  5.46213077e-05  5.08722129e-07 -8.46604335e-05 
 5.08772129e-07 -5.38441748e-05  5.08772129e-07  8.02278838e-05 
 5.08822129e-07  5.34130198e-05  5.08822129e-07 -7.58296875e-05 
 5.08872129e-07 -5.26523802e-05  5.08872129e-07  7.15866082e-05 
 5.08922129e-07  5.22334505e-05  5.08922129e-07 -6.73764023e-05 
 5.08972129e-07 -5.14887825e-05  5.08972129e-07  6.33147654e-05 
 5.09022129e-07  5.10817442e-05  5.09022129e-07 -5.92846384e-05 
 5.09072129e-07 -5.03525575e-05  5.09072129e-07  5.53967366e-05 
 5.09122129e-07  4.99570985e-05  5.09122129e-07 -5.15390842e-05 
 5.09172129e-07 -4.92429302e-05  5.09172129e-07  4.78175213e-05 
 5.09222129e-07  4.88587564e-05  5.09222129e-07 -4.41250382e-05 
 5.09272129e-07 -4.81591678e-05  5.09272129e-07  4.05627189e-05 
 5.09322129e-07  4.77860011e-05  5.09322129e-07 -3.70283898e-05 
 5.09372129e-07 -4.71005747e-05  5.09372129e-07  3.36185099e-05 
 5.09422129e-07  4.67381502e-05  5.09422129e-07 -3.02356013e-05 
 5.09472129e-07 -4.60664876e-05  5.09472129e-07  2.69716374e-05 
 5.09522129e-07  4.57145523e-05  5.09522129e-07 -2.37336885e-05 
 5.09572129e-07 -4.50562720e-05  5.09572129e-07  2.06093884e-05 
 5.09622129e-07  4.47145832e-05  5.09622129e-07 -1.75102021e-05 
 5.09672129e-07 -4.40693193e-05  5.09672129e-07  1.45195749e-05 
 5.09722129e-07  4.37376430e-05  5.09722129e-07 -1.15532090e-05 
 5.09772129e-07 -4.31050438e-05  5.09772129e-07  8.69051580e-06 
 5.09822129e-07  4.27831545e-05  5.09822129e-07 -5.85127429e-06 
 5.09872129e-07 -4.21628810e-05  5.09872129e-07  3.11101816e-06 
 5.09922129e-07  4.18505600e-05  5.09922129e-07 -3.93442443e-07 
 5.09961065e-07 -4.11131299e-05  5.09961065e-07 -2.96971682e-06 
 5.10000000e-07  4.06842451e-05  5.10000000e-07  6.27459151e-06 
 5.10005000e-07 -8.14292204e-06  5.10005000e-07 -8.15922545e-05 
 5.10015000e-07  7.95824499e-06  5.10015000e-07  2.37035938e-05 
 5.10035000e-07  1.78379884e-06  5.10035000e-07  1.80019810e-05 
 5.10075000e-07 -4.79930066e-06  5.10075000e-07  1.48502959e-05 
 5.10125000e-07  2.34383320e-05  5.10125000e-07  1.36533496e-04 
 5.10162500e-07  2.13208281e-06  5.10162500e-07  1.34760750e-04 
 5.10200000e-07 -3.28821834e-04  5.10200000e-07 -1.76873334e-04 
 5.10205000e-07 -3.63552135e-04  5.10205000e-07 -4.06364611e-04 
 5.10215000e-07 -1.66146009e-05  5.10215000e-07 -8.55622513e-04 
 5.10235000e-07  5.97516658e-04  5.10235000e-07 -1.41597971e-03 
 5.10271733e-07 -4.17023482e-04  5.10271733e-07  7.08558390e-05 
 5.10313800e-07  3.08450288e-04  5.10313800e-07  1.39770630e-03 
 5.10358980e-07 -1.62262148e-04  5.10358980e-07 -1.58868575e-04 
 5.10408980e-07  7.35208219e-05  5.10408980e-07 -3.99217112e-04 
 5.10458980e-07 -1.08207401e-05  5.10458980e-07  2.91308678e-04 
 5.10508980e-07 -2.89313006e-05  5.10508980e-07 -1.87123867e-04 
 5.10558980e-07  5.54130238e-05  5.10558980e-07  2.30570409e-04 
 5.10608980e-07 -7.10776629e-05  5.10608980e-07 -2.14200497e-04 
 5.10658980e-07  8.05340510e-05  5.10658980e-07  2.31898764e-04 
 5.10708980e-07 -8.46248527e-05  5.10708980e-07 -2.30326487e-04 
 5.10758980e-07  8.58773133e-05  5.10758980e-07  2.37912344e-04 
 5.10808980e-07 -8.43460109e-05  5.10808980e-07 -2.37387037e-04 
 5.10858980e-07  8.17208059e-05  5.10858980e-07  2.40191358e-04 
 5.10908980e-07 -7.76386631e-05  5.10908980e-07 -2.38710863e-04 
 5.10958980e-07  7.33196892e-05  5.10958980e-07  2.38594718e-04 
 5.11008980e-07 -6.82822529e-05  5.11008980e-07 -2.35882157e-04 
 5.11058980e-07  6.34569176e-05  5.11058980e-07  2.33968139e-04 
 5.11108980e-07 -5.83015031e-05  5.11108980e-07 -2.30299136e-04 
 5.11158980e-07  5.35813840e-05  5.11158980e-07  2.27019015e-04 
 5.11208980e-07 -4.87305374e-05  5.11208980e-07 -2.22622664e-04 
 5.11258980e-07  4.44138251e-05  5.11258980e-07  2.18652168e-04 
 5.11308980e-07 -4.00566148e-05  5.11308980e-07 -2.13875018e-04 
 5.11358980e-07  3.62615956e-05  5.11358980e-07  2.09474798e-04 
 5.11408980e-07 -3.24599849e-05  5.11408980e-07 -2.04468231e-04 
 5.11458980e-07  2.92115526e-05  5.11458980e-07  1.99800643e-04 
 5.11508980e-07 -2.59543376e-05  5.11508980e-07 -1.94731000e-04 
 5.11558980e-07  2.32269743e-05  5.11558980e-07  1.89985748e-04 
 5.11608980e-07 -2.04720338e-05  5.11608980e-07 -1.84958589e-04 
 5.11658980e-07  1.82157884e-05  5.11658980e-07  1.80241657e-04 
 5.11708980e-07 -1.59065564e-05  5.11708980e-07 -1.75328498e-04 
 5.11758980e-07  1.40629408e-05  5.11758980e-07  1.70710993e-04 
 5.11808980e-07 -1.21394117e-05  5.11808980e-07 -1.65958320e-04 
 5.11858980e-07  1.06496084e-05  5.11858980e-07  1.61485929e-04 
 5.11908980e-07 -9.05411141e-06  5.11908980e-07 -1.56921746e-04 
 5.11958980e-07  7.86317756e-06  5.11958980e-07  1.52621909e-04 
 5.12008980e-07 -6.54318884e-06  5.12008980e-07 -1.48260908e-04 
 5.12058980e-07  5.60195469e-06  5.12058980e-07  1.44148162e-04 
 5.12108980e-07 -4.51120484e-06  5.12108980e-07 -1.39995677e-04 
 5.12158980e-07  3.77686191e-06  5.12158980e-07  1.36075592e-04 
 5.12208980e-07 -2.87548785e-06  5.12208980e-07 -1.32130554e-04 
 5.12258980e-07  2.31146209e-06  5.12258980e-07  1.28402612e-04 
 5.12308980e-07 -1.56565399e-06  5.12308980e-07 -1.24659723e-04 
 5.12358980e-07  1.14111712e-06  5.12358980e-07  1.21119403e-04 
 5.12408980e-07 -5.22525552e-07  5.12408980e-07 -1.17570717e-04 
 5.12458980e-07  2.11751204e-07  5.12458980e-07  1.14210990e-04 
 5.12508980e-07  3.03190982e-07  5.12508980e-07 -1.10847037e-04 
 5.12558980e-07 -5.21508935e-07  5.12558980e-07  1.07659428e-04 
 5.12608980e-07  9.52264216e-07  5.12608980e-07 -1.04470003e-04 
 5.12658980e-07 -1.09566737e-06  5.12658980e-07  1.01445325e-04 
 5.12708980e-07  1.45822581e-06  5.12708980e-07 -9.84200297e-05 
 5.12758980e-07 -1.54108945e-06  5.12758980e-07  9.55488878e-05 
 5.12808980e-07  1.84853462e-06  5.12808980e-07 -9.26774901e-05 
 5.12858980e-07 -1.88259561e-06  5.12858980e-07  8.99506132e-05 
 5.12908980e-07  2.14559794e-06  5.12908980e-07 -8.72232752e-05 
 5.12958980e-07 -2.14041027e-06  5.12958980e-07  8.46317298e-05 
 5.13008980e-07  2.36764931e-06  5.13008980e-07 -8.20391421e-05 
 5.13058980e-07 -2.33097105e-06  5.13058980e-07  7.95744575e-05 
 5.13108980e-07  2.52949165e-06  5.13108980e-07 -7.71079098e-05 
 5.13158980e-07 -2.46760980e-06  5.13158980e-07  7.47621443e-05 
 5.13208980e-07  2.64311996e-06  5.13208980e-07 -7.24135506e-05 
 5.13258980e-07 -2.56112072e-06  5.13258980e-07  7.01793164e-05 
 5.13308980e-07  2.71823852e-06  5.13308980e-07 -6.79412109e-05 
 5.13358980e-07 -2.62023069e-06  5.13358980e-07  6.58116723e-05 
 5.13408980e-07  2.76268777e-06  5.13408980e-07 -6.36771864e-05 
 5.13458980e-07 -2.65198643e-06  5.13458980e-07  6.16460403e-05 
 5.13508980e-07  2.78279503e-06  5.13508980e-07 -5.96088680e-05 
 5.13558980e-07 -2.66207186e-06  5.13558980e-07  5.76703138e-05 
 5.13608980e-07  2.78366119e-06  5.13608980e-07 -5.57246716e-05 
 5.13658980e-07 -2.65506714e-06  5.13658980e-07  5.38733762e-05 
 5.13708980e-07  2.76939466e-06  5.13708980e-07 -5.20139599e-05 
 5.13758980e-07 -2.63465966e-06  5.13758980e-07  5.02450200e-05 
 5.13808980e-07  2.74330144e-06  5.13808980e-07 -4.84669622e-05 
 5.13858980e-07 -2.60381553e-06  5.13858980e-07  4.67758663e-05 
 5.13908980e-07  2.70803959e-06  5.13908980e-07 -4.50746951e-05 
 5.13958980e-07 -2.56491844e-06  5.13958980e-07  4.34572874e-05 
 5.14008980e-07  2.66574408e-06  5.14008980e-07 -4.18288875e-05 
 5.14058980e-07 -2.51988218e-06  5.14058980e-07  4.02813335e-05 
 5.14108980e-07  2.61812809e-06  5.14108980e-07 -3.87219110e-05 
 5.14158980e-07 -2.47024167e-06  5.14158980e-07  3.72406657e-05 
 5.14208980e-07  2.56656477e-06  5.14208980e-07 -3.57467147e-05 
 5.14258980e-07 -2.41722646e-06  5.14258980e-07  3.43284941e-05 
 5.14308980e-07  2.51215319e-06  5.14308980e-07 -3.28967681e-05 
 5.14358980e-07 -2.36181999e-06  5.14358980e-07  3.15385228e-05 
 5.14408980e-07  2.45577168e-06  5.14408980e-07 -3.01660079e-05 
 5.14458980e-07 -2.30480750e-06  5.14458980e-07  2.88649001e-05 
 5.14508980e-07  2.39812074e-06  5.14508980e-07 -2.75487919e-05 
 5.14558980e-07 -2.24681460e-06  5.14558980e-07  2.63021741e-05 
 5.14608980e-07  2.33975766e-06  5.14608980e-07 -2.50398566e-05 
 5.14658980e-07 -2.18833832e-06  5.14658980e-07  2.38452537e-05 
 5.14708980e-07  2.28112452e-06  5.14708980e-07 -2.26342812e-05 
 5.14758980e-07 -2.12977232e-06  5.14758980e-07  2.14893736e-05 
 5.14808980e-07  2.22257063e-06  5.14808980e-07 -2.03274544e-05 
 5.14858980e-07 -2.07142694e-06  5.14858980e-07  1.92300639e-05 
 5.14908980e-07  2.16437063e-06  5.14908980e-07 -1.81150459e-05 
 5.14958980e-07 -2.01354550e-06  5.14958980e-07  1.70631227e-05 
 5.15008980e-07  2.10673910e-06  5.15008980e-07 -1.59929807e-05 
 5.15058980e-07 -1.95631747e-06  5.15058980e-07  1.49845924e-05 
 5.15108980e-07  2.04984236e-06  5.15108980e-07 -1.39574171e-05 
 5.15158980e-07 -1.89988898e-06  5.15158980e-07  1.29907383e-05 
 5.15208980e-07  1.99380789e-06  5.15208980e-07 -1.20047263e-05 
 5.15258980e-07 -1.84437137e-06  5.15258980e-07  1.10780303e-05 
 5.15308980e-07  1.93873203e-06  5.15308980e-07 -1.01314757e-05 
 5.15358980e-07 -1.78984796e-06  5.15358980e-07  9.24312584e-06 
 5.15408980e-07  1.88468608e-06  5.15408980e-07 -8.33441211e-06 
 5.15458980e-07 -1.73637972e-06  5.15458980e-07  7.48285577e-06 
 5.15508980e-07  1.83172129e-06  5.15508980e-07 -6.61044909e-06 
 5.15558980e-07 -1.68400961e-06  5.15558980e-07  5.79421082e-06 
 5.15608980e-07  1.77987282e-06  5.15608980e-07 -4.95665393e-06 
 5.15658980e-07 -1.63276619e-06  5.15658980e-07  4.17433018e-06 
 5.15708980e-07  1.72916304e-06  5.15708980e-07 -3.37023692e-06 
 5.15758980e-07 -1.58266656e-06  5.15758980e-07  2.62049099e-06 
 5.15808980e-07  1.67960404e-06  5.15808980e-07 -1.84854132e-06 
 5.15858980e-07 -1.53371866e-06  5.15858980e-07  1.13009900e-06 
 5.15908980e-07  1.63119978e-06  5.15908980e-07 -3.89034694e-07 
 5.15958980e-07 -1.48592320e-06  5.15958980e-07 -2.99319963e-07 
 5.16008980e-07  1.58394779e-06  5.16008980e-07  1.01069939e-06 
 5.16058980e-07 -1.43927508e-06  5.16058980e-07 -1.67012746e-06 
 5.16108980e-07  1.53784047e-06  5.16108980e-07  2.35296828e-06 
 5.16158980e-07 -1.39376478e-06  5.16158980e-07 -2.98457946e-06 
 5.16208980e-07  1.49286631e-06  5.16208980e-07  3.63997710e-06 
 5.16258980e-07 -1.34937917e-06  5.16258980e-07 -4.24483265e-06 
 5.16308980e-07  1.44901064e-06  5.16308980e-07  4.87383456e-06 
 5.16358980e-07 -1.30610245e-06  5.16358980e-07 -5.45295009e-06 
 5.16408980e-07  1.40625644e-06  5.16408980e-07  6.05655861e-06 
 5.16458980e-07 -1.26391670e-06  5.16458980e-07 -6.61090658e-06 
 5.16508980e-07  1.36458488e-06  5.16508980e-07  7.19008134e-06 
 5.16558980e-07 -1.22280245e-06  5.16558980e-07 -7.72059337e-06 
 5.16608980e-07  1.32397577e-06  5.16608980e-07  8.27625363e-06 
 5.16658980e-07 -1.18273907e-06  5.16658980e-07 -8.78382275e-06 
 5.16708980e-07  1.28440801e-06  5.16708980e-07  9.31684957e-06 
 5.16758980e-07 -1.14370516e-06  5.16758980e-07 -9.80233208e-06 
 5.16808980e-07  1.24585979e-06  5.16808980e-07  1.03135703e-05 
 5.16858980e-07 -1.10567874e-06  5.16858980e-07 -1.07777877e-05 
 5.16908980e-07  1.20830889e-06  5.16908980e-07  1.12680476e-05 
 5.16958980e-07 -1.06863755e-06  5.16958980e-07 -1.17117883e-05 
 5.17008980e-07  1.17173291e-06  5.17008980e-07  1.21818476e-05 
 5.17058980e-07 -1.03255909e-06  5.17058980e-07 -1.26058684e-05 
 5.17108980e-07  1.13610928e-06  5.17108980e-07  1.30564736e-05 
 5.17158980e-07 -9.97420952e-07  5.17158980e-07 -1.34615015e-05 
 5.17208980e-07  1.10141557e-06  5.17208980e-07  1.38933695e-05 
 5.17258980e-07 -9.63200781e-07  5.17258980e-07 -1.42801028e-05 
 5.17308980e-07  1.06762947e-06  5.17308980e-07  1.46939222e-05 
 5.17358980e-07 -9.29876392e-07  5.17358980e-07 -1.50630318e-05 
 5.17408980e-07  1.03472886e-06  5.17408980e-07  1.54594642e-05 
 5.17458980e-07 -8.97425879e-07  5.17458980e-07 -1.58115952e-05 
 5.17508980e-07  1.00269197e-06  5.17508980e-07  1.61912767e-05 
 5.17558980e-07 -8.65827669e-07  5.17558980e-07 -1.65270491e-05 
 5.17608980e-07  9.71497326e-07  5.17608980e-07  1.68905911e-05 
 5.17658980e-07 -8.35060452e-07  5.17658980e-07 -1.72106012e-05 
 5.17708980e-07  9.41123781e-07  5.17708980e-07  1.75585917e-05 
 5.17758980e-07 -8.05103385e-07  5.17758980e-07 -1.78634130e-05 
 5.17808980e-07  9.11550688e-07  5.17808980e-07  1.81964175e-05 
 5.17858980e-07 -7.75935991e-07  5.17858980e-07 -1.84866021e-05 
 5.17908980e-07  8.82757695e-07  5.17908980e-07  1.88051646e-05 
 5.17958980e-07 -7.47538198e-07  5.17958980e-07 -1.90812433e-05 
 5.18008980e-07  8.54724947e-07  5.18008980e-07  1.93858874e-05 
 5.18058980e-07 -7.19890394e-07  5.18058980e-07 -1.96483714e-05 
 5.18108980e-07  8.27433043e-07  5.18108980e-07  1.99396009e-05 
 5.18158980e-07 -6.92973388e-07  5.18158980e-07 -2.01889822e-05 
 5.18208980e-07  8.00862945e-07  5.18208980e-07  2.04672821e-05 
 5.18258980e-07 -6.66768423e-07  5.18258980e-07 -2.07040343e-05 
 5.18308980e-07  7.74996116e-07  5.18308980e-07  2.09698716e-05 
 5.18358980e-07 -6.41257190e-07  5.18358980e-07 -2.11944510e-05 
 5.18408980e-07  7.49814419e-07  5.18408980e-07  2.14482754e-05 
 5.18458980e-07 -6.16421780e-07  5.18458980e-07 -2.16611211e-05 
 5.18508980e-07  7.25300208e-07  5.18508980e-07  2.19033657e-05 
 5.18558980e-07 -5.92244827e-07  5.18558980e-07 -2.21049010e-05 
 5.18608980e-07  7.01436251e-07  5.18608980e-07  2.23359829e-05 
 5.18658980e-07 -5.68709306e-07  5.18658980e-07 -2.25266156e-05 
 5.18708980e-07  6.78205732e-07  5.18708980e-07  2.27469366e-05 
 5.18758980e-07 -5.45798601e-07  5.18758980e-07 -2.29270594e-05 
 5.18808980e-07  6.55592238e-07  5.18808980e-07  2.31370069e-05 
 5.18858980e-07 -5.23496578e-07  5.18858980e-07 -2.33069983e-05 
 5.18908980e-07  6.33579826e-07  5.18908980e-07  2.35069454e-05 
 5.18958980e-07 -5.01787475e-07  5.18958980e-07 -2.36671702e-05 
 5.19008980e-07  6.12152923e-07  5.19008980e-07  2.38574766e-05 
 5.19058980e-07 -4.80655957e-07  5.19058980e-07 -2.40082865e-05 
 5.19108980e-07  5.91296367e-07  5.19108980e-07  2.41892988e-05 
 5.19158980e-07 -4.60087075e-07  5.19158980e-07 -2.43310329e-05 
 5.19208980e-07  5.70995383e-07  5.19208980e-07  2.45030852e-05 
 5.19258980e-07 -4.40066224e-07  5.19258980e-07 -2.46360702e-05 
 5.19308980e-07  5.51235572e-07  5.19308980e-07  2.47994849e-05 
 5.19358980e-07 -4.20579250e-07  5.19358980e-07 -2.49240360e-05 
 5.19408980e-07  5.32002938e-07  5.19408980e-07  2.50791236e-05 
 5.19458980e-07 -4.01612323e-07  5.19458980e-07 -2.51955447e-05 
 5.19508980e-07  5.13283819e-07  5.19508980e-07  2.53426049e-05 
 5.19558980e-07 -3.83151987e-07  5.19558980e-07 -2.54511890e-05 
 5.19608980e-07  4.95064922e-07  5.19608980e-07  2.55905107e-05 
 5.19658980e-07 -3.65185130e-07  5.19658980e-07 -2.56915405e-05 
 5.19708980e-07  4.77333303e-07  5.19708980e-07  2.58234024e-05 
 5.19758980e-07 -3.47698987e-07  5.19758980e-07 -2.59171507e-05 
 5.19808980e-07  4.60076373e-07  5.19808980e-07  2.60418216e-05 
 5.19858980e-07 -3.30681143e-07  5.19858980e-07 -2.61285513e-05 
 5.19908980e-07  4.43281830e-07  5.19908980e-07  2.62462907e-05 
 5.19954490e-07 -3.13313829e-07  5.19954490e-07 -2.63356658e-05 
 5.20000000e-07  4.25349541e-07  5.20000000e-07  2.64554549e-05 
 5.20005000e-07  1.75376994e-05  5.20005000e-07  2.19354018e-04 
 5.20015000e-07 -7.96967398e-06  5.20015000e-07  1.26353295e-05 
 5.20035000e-07 -9.70123071e-06  5.20035000e-07 -8.49118467e-05 
 5.20075000e-07  1.02693457e-05  5.20075000e-07 -6.45607823e-05 
 5.20125000e-07 -4.12472460e-05  5.20125000e-07 -1.29570632e-04 
 5.20162500e-07 -7.33618898e-05  5.20162500e-07 -3.61520330e-04 
 5.20200000e-07  5.81921536e-04  5.20200000e-07  3.48086587e-04 
 5.20205000e-07  3.42259465e-04  5.20205000e-07  1.98067472e-04 
 5.20215000e-07 -3.91782270e-04  5.20215000e-07  4.48519222e-04 
 5.20235000e-07 -3.96559733e-04  5.20235000e-07  1.04090023e-03 
 5.20275000e-07  3.16033454e-04  5.20275000e-07  1.30525848e-03 
 5.20317481e-07 -2.05287589e-04  5.20317481e-07 -2.48873821e-03 
 5.20362355e-07  1.37450494e-04  5.20362355e-07  6.22000215e-04 
 5.20412355e-07 -9.85528106e-05  5.20412355e-07 -9.58950704e-05 
 5.20462355e-07  7.30282090e-05  5.20462355e-07  1.76883374e-04 
 5.20512355e-07 -5.52268050e-05  5.20512355e-07 -9.29315820e-05 
 5.20562355e-07  4.28130078e-05  5.20562355e-07  4.74646160e-05 
 5.20612355e-07 -3.35192299e-05  5.20612355e-07 -7.42924230e-06 
 5.20662355e-07  2.68004103e-05  5.20662355e-07 -2.15160544e-05 
 5.20712355e-07 -2.14843441e-05  5.20712355e-07  4.36703734e-05 
 5.20762355e-07  1.75945752e-05  5.20762355e-07 -6.03508249e-05 
 5.20812355e-07 -1.43538165e-05  5.20812355e-07  7.30540240e-05 
 5.20862355e-07  1.20059693e-05  5.20862355e-07 -8.26197655e-05 
 5.20912355e-07 -9.91787130e-06  5.20912355e-07  8.98323293e-05 
 5.20962355e-07  8.44746368e-06  5.20962355e-07 -9.50944255e-05 
 5.21012355e-07 -7.02930057e-06  5.21012355e-07  9.89002313e-05 
 5.21062355e-07  6.07784592e-06  5.21062355e-07 -1.01438982e-04 
 5.21112355e-07 -5.06370593e-06  5.21112355e-07  1.03056179e-04 
 5.21162355e-07  4.43100134e-06  5.21162355e-07 -1.03831908e-04 
 5.21212355e-07 -3.67008236e-06  5.21212355e-07  1.04027200e-04 
 5.21262355e-07  3.24114307e-06  5.21262355e-07 -1.03660589e-04 
 5.21312355e-07 -2.64553282e-06  5.21312355e-07  1.02939420e-04 
 5.21362355e-07  2.35237280e-06  5.21362355e-07 -1.01845060e-04 
 5.21412355e-07 -1.86924057e-06  5.21412355e-07  1.00548047e-04 
 5.21462355e-07  1.67033485e-06  5.21462355e-07 -9.90064706e-05 
 5.21512355e-07 -1.26682821e-06  5.21512355e-07  9.73645210e-05 
 5.21562355e-07  1.13588363e-06  5.21562355e-07 -9.55655817e-05 
 5.21612355e-07 -7.90797506e-07  5.21612355e-07  9.37345494e-05 
 5.21662355e-07  7.10515000e-07  5.21662355e-07 -9.18056483e-05 
 5.21712355e-07 -4.09622210e-07  5.21712355e-07  8.98894803e-05 
 5.21762355e-07  3.68171456e-07  5.21762355e-07 -8.79147807e-05 
 5.21812355e-07 -1.01556939e-07  5.21812355e-07  8.59814838e-05 
 5.21862355e-07  9.05433756e-08  5.21862355e-07 -8.40152756e-05 
 5.21912355e-07  1.48951004e-07  5.21912355e-07  8.21080851e-05 
 5.21956178e-07 -1.49999249e-07  5.21956178e-07 -7.99181630e-05 
 5.22000000e-07  3.79087951e-07  5.22000000e-07  7.78067071e-05 
 5.22005000e-07 -1.02027014e-07  5.22005000e-07  4.70891281e-06 
 5.22015000e-07  1.11282222e-07  5.22015000e-07 -4.60687315e-06 
 5.22035000e-07  4.44779742e-08  5.22035000e-07  4.27709757e-06 
 5.22075000e-07  7.06718539e-08  5.22075000e-07 -4.00757973e-06 
 5.22125000e-07  4.84022788e-08  5.22125000e-07  3.85952792e-06 
 5.22162500e-07  7.91224208e-08  5.22162500e-07 -3.68376873e-06 
 5.22200000e-07  3.25848408e-08  5.22200000e-07  3.55168328e-06 
 5.22205000e-07  5.92329446e-08  5.22205000e-07  1.75133468e-07 
 5.22215000e-07  1.01991756e-07  5.22215000e-07  2.02848884e-07 
 5.22235000e-07  4.55325300e-09  5.22235000e-07 -2.78051165e-07 
 5.22275000e-07  1.15968216e-07  5.22275000e-07  2.39931425e-07 
 5.22325000e-07  8.85506544e-09  5.22325000e-07 -1.67393333e-07 
 5.22375000e-07  1.04784674e-07  5.22375000e-07  1.45897759e-07 
 5.22425000e-07  2.45580341e-08  5.22425000e-07 -1.03500952e-07 
 5.22475000e-07  8.67082949e-08  5.22475000e-07  9.42005902e-08 
 5.22525000e-07  4.32256181e-08  5.22525000e-07 -5.31916868e-08 
 5.22575000e-07  6.87149632e-08  5.22575000e-07  4.49799760e-08 
 5.22625000e-07  5.97406623e-08  5.22625000e-07 -5.74729531e-09 
 5.22675000e-07  5.41255751e-08  5.22675000e-07 -1.74687320e-10 
 5.22725000e-07  7.22129130e-08  5.22725000e-07  3.67020935e-08 
 5.22775000e-07  4.37881403e-08  5.22775000e-07 -3.96891732e-08 
 5.22825000e-07  8.05094578e-08  5.22825000e-07  7.31547222e-08 
 5.22875000e-07  3.73720571e-08  5.22875000e-07 -7.30447943e-08 
 5.22925000e-07  8.52403116e-08  5.22925000e-07  1.03440676e-07 
 5.22975000e-07  3.41179525e-08  5.22975000e-07 -1.00337556e-07 
 5.23025000e-07  8.72251341e-08  5.23025000e-07  1.27851657e-07 
 5.23075000e-07  3.32048795e-08  5.23075000e-07 -1.22003507e-07 
 5.23125000e-07  8.72488929e-08  5.23125000e-07  1.46926172e-07 
 5.23175000e-07  3.39058259e-08  5.23175000e-07 -1.38650666e-07 
 5.23225000e-07  8.59690947e-08  5.23225000e-07  1.61315163e-07 
 5.23275000e-07  3.56371068e-08  5.23275000e-07 -1.50951749e-07 
 5.23325000e-07  8.38960950e-08  5.23325000e-07  1.71696510e-07 
 5.23375000e-07  3.79583747e-08  5.23375000e-07 -1.59577010e-07 
 5.23425000e-07  8.14052409e-08  5.23425000e-07  1.78722964e-07 
 5.23475000e-07  4.05532650e-08  5.23475000e-07 -1.65154439e-07 
 5.23525000e-07  7.87602659e-08  5.23525000e-07  1.82992714e-07 
 5.23575000e-07  4.32045020e-08  5.23575000e-07 -1.68248945e-07 
 5.23625000e-07  7.61378553e-08  5.23625000e-07  1.85035258e-07 
 5.23675000e-07  4.57704423e-08  5.23675000e-07 -1.69353651e-07 
 5.23725000e-07  7.36496906e-08  5.23725000e-07  1.85307196e-07 
 5.23775000e-07  4.81648794e-08  5.23775000e-07 -1.68889109e-07 
 5.23825000e-07  7.13604733e-08  5.23825000e-07  1.84194089e-07 
 5.23875000e-07  5.03410765e-08  5.23875000e-07 -1.67207383e-07 
 5.23925000e-07  6.93020542e-08  5.23925000e-07  1.82016072e-07 
 5.23975000e-07  5.22794234e-08  5.23975000e-07 -1.64598385e-07 
 5.24025000e-07  6.74840767e-08  5.24025000e-07  1.79034836e-07 
 5.24075000e-07  5.39783179e-08  5.24075000e-07 -1.61297623e-07 
 5.24125000e-07  6.59017264e-08  5.24125000e-07  1.75461658e-07 
 5.24175000e-07  5.54475971e-08  5.24175000e-07 -1.57494029e-07 
 5.24225000e-07  6.45413573e-08  5.24225000e-07  1.71464948e-07 
 5.24275000e-07  5.67037292e-08  5.24275000e-07 -1.53337270e-07 
 5.24325000e-07  6.33844432e-08  5.24325000e-07  1.67177411e-07 
 5.24375000e-07  5.77666558e-08  5.24375000e-07 -1.48944766e-07 
 5.24425000e-07  6.24101876e-08  5.24425000e-07  1.62702563e-07 
 5.24475000e-07  5.86575436e-08  5.24475000e-07 -1.44407414e-07 
 5.24525000e-07  6.15973898e-08  5.24525000e-07  1.58120074e-07 
 5.24575000e-07  5.93973868e-08  5.24575000e-07 -1.39794947e-07 
 5.24625000e-07  6.09255202e-08  5.24625000e-07  1.53490750e-07 
 5.24675000e-07  6.00061088e-08  5.24675000e-07 -1.35160120e-07 
 5.24725000e-07  6.03753355e-08  5.24725000e-07  1.48860253e-07 
 5.24775000e-07  6.05021392e-08  5.24775000e-07 -1.30542407e-07 
 5.24825000e-07  5.99293311e-08  5.24825000e-07  1.44262519e-07 
 5.24875000e-07  6.09020263e-08  5.24875000e-07 -1.25970824e-07 
 5.24925000e-07  5.95718597e-08  5.24925000e-07  1.39722304e-07 
 5.24975000e-07  6.12205342e-08  5.24975000e-07 -1.21466403e-07 
 5.25025000e-07  5.92890981e-08  5.25025000e-07  1.35257360e-07 
 5.25075000e-07  6.14705535e-08  5.25075000e-07 -1.17044019e-07 
 5.25125000e-07  5.90690089e-08  5.25125000e-07  1.30880066e-07 
 5.25175000e-07  6.16633093e-08  5.25175000e-07 -1.12713871e-07 
 5.25225000e-07  5.89011851e-08  5.25225000e-07  1.26598751e-07 
 5.25275000e-07  6.18084299e-08  5.25275000e-07 -1.08482716e-07 
 5.25325000e-07  5.87767146e-08  5.25325000e-07  1.22418763e-07 
 5.25375000e-07  6.19141490e-08  5.25375000e-07 -1.04354672e-07 
 5.25425000e-07  5.86879969e-08  5.25425000e-07  1.18343219e-07 
 5.25475000e-07  6.19874433e-08  5.25475000e-07 -1.00332003e-07 
 5.25525000e-07  5.86286570e-08  5.25525000e-07  1.14373627e-07 
 5.25575000e-07  6.20341939e-08  5.25575000e-07 -9.64155827e-08 
 5.25625000e-07  5.85932484e-08  5.25625000e-07  1.10510367e-07 
 5.25675000e-07  6.20593846e-08  5.25675000e-07 -9.26053809e-08 
 5.25725000e-07  5.85772655e-08  5.25725000e-07  1.06753007e-07 
 5.25775000e-07  6.20671039e-08  5.25775000e-07 -8.89005564e-08 
 5.25825000e-07  5.85769259e-08  5.25825000e-07  1.03100394e-07 
 5.25875000e-07  6.20608558e-08  5.25875000e-07 -8.52998487e-08 
 5.25925000e-07  5.85890736e-08  5.25925000e-07  9.95512025e-08 
 5.25975000e-07  6.20434377e-08  5.25975000e-07 -8.18017412e-08 
 5.26025000e-07  5.86111386e-08  5.26025000e-07  9.61037422e-08 
 5.26075000e-07  6.20172885e-08  5.26075000e-07 -7.84044851e-08 
 5.26125000e-07  5.86409053e-08  5.26125000e-07  9.27562149e-08 
 5.26175000e-07  6.19843203e-08  5.26175000e-07 -7.51061955e-08 
 5.26225000e-07  5.86766637e-08  5.26225000e-07  8.95066728e-08 
 5.26275000e-07  6.19461473e-08  5.26275000e-07 -7.19049211e-08 
 5.26325000e-07  5.87169283e-08  5.26325000e-07  8.63531651e-08 
 5.26375000e-07  6.19040740e-08  5.26375000e-07 -6.87987095e-08 
 5.26425000e-07  5.87605343e-08  5.26425000e-07  8.32937290e-08 
 5.26475000e-07  6.18591929e-08  5.26475000e-07 -6.57855183e-08 
 5.26525000e-07  5.88064802e-08  5.26525000e-07  8.03262847e-08 
 5.26575000e-07  6.18123659e-08  5.26575000e-07 -6.28633460e-08 
 5.26625000e-07  5.88540135e-08  5.26625000e-07  7.74488981e-08 
 5.26675000e-07  6.17642832e-08  5.26675000e-07 -6.00302644e-08 
 5.26725000e-07  5.89024913e-08  5.26725000e-07  7.46596047e-08 
 5.26775000e-07  6.17155379e-08  5.26775000e-07 -5.72842686e-08 
 5.26825000e-07  5.89514106e-08  5.26825000e-07  7.19564188e-08 
 5.26875000e-07  6.16665674e-08  5.26875000e-07 -5.46234249e-08 
 5.26925000e-07  5.90003330e-08  5.26925000e-07  6.93374280e-08 
 5.26975000e-07  6.16177364e-08  5.26975000e-07 -5.20457746e-08 
 5.27025000e-07  5.90489798e-08  5.27025000e-07  6.68006446e-08 
 5.27075000e-07  6.15693595e-08  5.27075000e-07 -4.95494131e-08 
 5.27125000e-07  5.90970579e-08  5.27125000e-07  6.43442311e-08 
 5.27175000e-07  6.15216201e-08  5.27175000e-07 -4.71324564e-08 
 5.27225000e-07  5.91444054e-08  5.27225000e-07  6.19662517e-08 
 5.27275000e-07  6.14746975e-08  5.27275000e-07 -4.47929923e-08 
 5.27325000e-07  5.91908588e-08  5.27325000e-07  5.96648380e-08 
 5.27375000e-07  6.14287487e-08  5.27375000e-07 -4.25291828e-08 
 5.27425000e-07  5.92362869e-08  5.27425000e-07  5.74381583e-08 
 5.27475000e-07  6.13838577e-08  5.27475000e-07 -4.03391635e-08 
 5.27525000e-07  5.92806179e-08  5.27525000e-07  5.52843190e-08 
 5.27575000e-07  6.13401136e-08  5.27575000e-07 -3.82210409e-08 
 5.27625000e-07  5.93237769e-08  5.27625000e-07  5.32015021e-08 
 5.27675000e-07  6.12975407e-08  5.27675000e-07 -3.61730892e-08 
 5.27725000e-07  5.93657387e-08  5.27725000e-07  5.11879193e-08 
 5.27775000e-07  6.12561905e-08  5.27775000e-07 -3.41934230e-08 
 5.27825000e-07  5.94064758e-08  5.27825000e-07  4.92417248e-08 
 5.27875000e-07  6.12160790e-08  5.27875000e-07 -3.22802714e-08 
 5.27925000e-07  5.94459729e-08  5.27925000e-07  4.73611764e-08 
 5.27975000e-07  6.11771954e-08  5.27975000e-07 -3.04318764e-08 
 5.28025000e-07  5.94842274e-08  5.28025000e-07  4.55445021e-08 
 5.28075000e-07  6.11395598e-08  5.28075000e-07 -2.86464792e-08 
 5.28125000e-07  5.95212527e-08  5.28125000e-07  4.37899377e-08 
 5.28175000e-07  6.11031459e-08  5.28175000e-07 -2.69223397e-08 
 5.28225000e-07  5.95570552e-08  5.28225000e-07  4.20957788e-08 
 5.28275000e-07  6.10679472e-08  5.28275000e-07 -2.52577403e-08 
 5.28325000e-07  5.95916578e-08  5.28325000e-07  4.04603137e-08 
 5.28375000e-07  6.10339426e-08  5.28375000e-07 -2.36509818e-08 
 5.28425000e-07  5.96250725e-08  5.28425000e-07  3.88818680e-08 
 5.28475000e-07  6.10011179e-08  5.28475000e-07 -2.21004375e-08 
 5.28525000e-07  5.96573049e-08  5.28525000e-07  3.73587976e-08 
 5.28575000e-07  6.09694559e-08  5.28575000e-07 -2.06044259e-08 
 5.28625000e-07  5.96884152e-08  5.28625000e-07  3.58894477e-08 
 5.28675000e-07  6.09388897e-08  5.28675000e-07 -1.91613660e-08 
 5.28725000e-07  5.97184261e-08  5.28725000e-07  3.44722498e-08 
 5.28775000e-07  6.09094295e-08  5.28775000e-07 -1.77696328e-08 
 5.28825000e-07  5.97473536e-08  5.28825000e-07  3.31056316e-08 
 5.28875000e-07  6.08810318e-08  5.28875000e-07 -1.64277235e-08 
 5.28925000e-07  5.97752280e-08  5.28925000e-07  3.17880369e-08 
 5.28975000e-07  6.08536646e-08  5.28975000e-07 -1.51340706e-08 
 5.29025000e-07  5.98020922e-08  5.29025000e-07  3.05179174e-08 
 5.29075000e-07  6.08273011e-08  5.29075000e-07 -1.38871594e-08 
 5.29125000e-07  5.98279662e-08  5.29125000e-07  2.92938782e-08 
 5.29175000e-07  6.08019152e-08  5.29175000e-07 -1.26855790e-08 
 5.29225000e-07  5.98528623e-08  5.29225000e-07  2.81143748e-08 
 5.29275000e-07  6.07774888e-08  5.29275000e-07 -1.15278382e-08 
 5.29325000e-07  5.98768357e-08  5.29325000e-07  2.69780686e-08 
 5.29375000e-07  6.07539742e-08  5.29375000e-07 -1.04125857e-08 
 5.29425000e-07  5.98998968e-08  5.29425000e-07  2.58835068e-08 
 5.29475000e-07  6.07313446e-08  5.29475000e-07 -9.33841027e-09 
 5.29525000e-07  5.99220939e-08  5.29525000e-07  2.48293631e-08 
 5.29575000e-07  6.07095864e-08  5.29575000e-07 -8.30397989e-09 
 5.29625000e-07  5.99434272e-08  5.29625000e-07  2.38143409e-08 
 5.29675000e-07  6.06886573e-08  5.29675000e-07 -7.30800293e-09 
 5.29725000e-07  5.99639542e-08  5.29725000e-07  2.28371088e-08 
 5.29775000e-07  6.06685342e-08  5.29775000e-07 -6.34921649e-09 
 5.29825000e-07  5.99836883e-08  5.29825000e-07  2.18964383e-08 
 5.29875000e-07  6.06491794e-08  5.29875000e-07 -5.42635320e-09 
 5.29925000e-07  6.00026469e-08  5.29925000e-07  2.09910784e-08 
 5.29962500e-07  6.06275819e-08  5.29962500e-07 -4.39345382e-09 
 5.30000000e-07  6.00267688e-08  5.30000000e-07  1.98367863e-08 
 5.30005000e-07 -9.21202262e-06  5.30005000e-07 -7.57167712e-05 
 5.30015000e-07  8.99384654e-06  5.30015000e-07  1.77593531e-05 
 5.30035000e-07  7.48632238e-07  5.30035000e-07  2.36516520e-05 
 5.30075000e-07 -3.78187247e-06  5.30075000e-07  9.73143858e-06 
 5.30125000e-07  2.23541753e-05  5.30125000e-07  1.42506470e-04 
 5.30162500e-07  2.97512745e-06  5.30162500e-07  1.31017891e-04 
 5.30200000e-07 -2.94992327e-04  5.30200000e-07 -1.77690306e-04 
 5.30205000e-07 -2.75329141e-04  5.30205000e-07 -4.12425229e-04 
 5.30215000e-07  1.17753380e-04  5.30215000e-07 -8.49504465e-04 
 5.30235000e-07  5.59625087e-04  5.30235000e-07 -1.14444740e-03 
 5.30271752e-07 -4.48459150e-04  5.30271752e-07  1.48906550e-04 
 5.30312840e-07  2.60604383e-04  5.30312840e-07  1.17420419e-03 
 5.30357268e-07 -1.26175391e-04  5.30357268e-07 -3.17746255e-05 
 5.30407268e-07  4.59655723e-05  5.30407268e-07 -3.33362969e-04 
 5.30457268e-07  8.02556406e-06  5.30457268e-07  1.56034883e-04 
 5.30507268e-07 -4.31421915e-05  5.30507268e-07 -1.83317416e-04 
 5.30557268e-07  6.55626717e-05  5.30557268e-07  1.84629582e-04 
 5.30607268e-07 -7.89120906e-05  5.30607268e-07 -1.97570995e-04 
 5.30657268e-07  8.62209701e-05  5.30657268e-07  2.06237116e-04 
 5.30707268e-07 -8.90087356e-05  5.30707268e-07 -2.13739519e-04 
 5.30757268e-07  8.90107571e-05  5.30757268e-07  2.19099600e-04 
 5.30807268e-07 -8.66500351e-05  5.30807268e-07 -2.22707972e-04 
 5.30857268e-07  8.32225743e-05  5.30857268e-07  2.24892947e-04 
 5.30907268e-07 -7.86306753e-05  5.30907268e-07 -2.25714662e-04 
 5.30957268e-07  7.37725354e-05  5.30957268e-07  2.25483443e-04 
 5.31007268e-07 -6.84194543e-05  5.31007268e-07 -2.24316691e-04 
 5.31057268e-07  6.32414045e-05  5.31057268e-07  2.22457935e-04 
 5.31107268e-07 -5.78947163e-05  5.31107268e-07 -2.19886795e-04 
 5.31157268e-07  5.29441512e-05  5.31157268e-07  2.16891284e-04 
 5.31207268e-07 -4.79851885e-05  5.31207268e-07 -2.13404106e-04 
 5.31257268e-07  4.35208076e-05  5.31257268e-07  2.09666979e-04 
 5.31307268e-07 -3.91099553e-05  5.31307268e-07 -2.05601532e-04 
 5.31357268e-07  3.52260609e-05  5.31357268e-07  2.01413390e-04 
 5.31407268e-07 -3.14048740e-05  5.31407268e-07 -1.97016082e-04 
 5.31457268e-07  2.81073323e-05  5.31457268e-07  1.92586449e-04 
 5.31507268e-07 -2.48549338e-05  5.31507268e-07 -1.88033774e-04 
 5.31557268e-07  2.21048750e-05  5.31557268e-07  1.83511601e-04 
 5.31607268e-07 -1.93703403e-05  5.31607268e-07 -1.78927704e-04 
 5.31657268e-07  1.71090548e-05  5.31657268e-07  1.74416831e-04 
 5.31707268e-07 -1.48297520e-05  5.31707268e-07 -1.69887044e-04 
 5.31757268e-07  1.29925782e-05  5.31757268e-07  1.65457987e-04 
 5.31807268e-07 -1.11042594e-05  5.31807268e-07 -1.61039132e-04 
 5.31857268e-07  9.62802483e-06  5.31857268e-07  1.56738024e-04 
 5.31907268e-07 -8.07008180e-06  5.31907268e-07 -1.52466195e-04 
 5.31957268e-07  6.89679009e-06  5.31957268e-07  1.48321518e-04 
 5.32007268e-07 -5.61469798e-06  5.32007268e-07 -1.44217911e-04 
 5.32057268e-07  4.69305980e-06  5.32057268e-07  1.40245538e-04 
 5.32107268e-07 -3.63921936e-06  5.32107268e-07 -1.36320804e-04 
 5.32157268e-07  2.92497800e-06  5.32157268e-07  1.32527738e-04 
 5.32207268e-07 -2.05867649e-06  5.32207268e-07 -1.28785198e-04 
 5.32257268e-07  1.51429222e-06  5.32257268e-07  1.25172335e-04 
 5.32307268e-07 -8.01211952e-07  5.32307268e-07 -1.21610335e-04 
 5.32357268e-07  3.95236983e-07  5.32357268e-07  1.18174485e-04 
 5.32407268e-07  1.93237722e-07  5.32407268e-07 -1.14788116e-04 
 5.32457268e-07 -4.86902173e-07  5.32457268e-07  1.11523458e-04 
 5.32507268e-07  9.74436205e-07  5.32507268e-07 -1.08305790e-04 
 5.32557268e-07 -1.17729390e-06  5.32557268e-07  1.05204926e-04 
 5.32607268e-07  1.58333217e-06  5.32607268e-07 -1.02147879e-04 
 5.32657268e-07 -1.71300026e-06  5.32657268e-07  9.92025678e-05 
 5.32707268e-07  2.05343851e-06  5.32707268e-07 -9.62975278e-05 
 5.32757268e-07 -2.12428423e-06  5.32757268e-07  9.34991964e-05 
 5.32807268e-07  2.41206300e-06  5.32807268e-07 -9.07374324e-05 
 5.32857268e-07 -2.43575963e-06  5.32857268e-07  8.80775211e-05 
 5.32907268e-07  2.68137773e-06  5.32907268e-07 -8.54504609e-05 
 5.32957268e-07 -2.66738047e-06  5.32957268e-07  8.29206491e-05 
 5.33007268e-07  2.87933151e-06  5.33007268e-07 -8.04200546e-05 
 5.33057268e-07 -2.83527900e-06  5.33057268e-07  7.80123994e-05 
 5.33107268e-07  3.02041772e-06  5.33107268e-07 -7.56304707e-05 
 5.33157268e-07 -2.95246742e-06  5.33157268e-07  7.33374855e-05 
 5.33207268e-07  3.11631437e-06  5.33207268e-07 -7.10669138e-05 
 5.33257268e-07 -3.02942000e-06  5.33257268e-07  6.88816044e-05 
 5.33307268e-07  3.17641310e-06  5.33307268e-07 -6.67155905e-05 
 5.33357268e-07 -3.07455321e-06  5.33357268e-07  6.46314629e-05 
 5.33407268e-07  3.20825419e-06  5.33407268e-07 -6.25637134e-05 
 5.33457268e-07 -3.09461900e-06  5.33457268e-07  6.05747627e-05 
 5.33507268e-07  3.21788197e-06  5.33507268e-07 -5.85994706e-05 
 5.33557268e-07 -3.09502589e-06  5.33557268e-07  5.67001584e-05 
 5.33607268e-07  3.21013475e-06  5.33607268e-07 -5.48119757e-05 
 5.33657268e-07 -3.08010015e-06  5.33657268e-07  5.29972008e-05 
 5.33707268e-07  3.18887986e-06  5.33707268e-07 -5.11912056e-05 
 5.33757268e-07 -3.05329744e-06  5.33757268e-07  4.94562710e-05 
 5.33807268e-07  3.15720425e-06  5.33807268e-07 -4.77279338e-05 
 5.33857268e-07 -3.01737414e-06  5.33857268e-07  4.60685133e-05 
 5.33907268e-07  3.11756832e-06  5.33907268e-07 -4.44136624e-05 
 5.33957268e-07 -2.97452553e-06  5.33957268e-07  4.28257670e-05 
 5.34007268e-07  3.07193016e-06  5.34007268e-07 -4.12405556e-05 
 5.34057268e-07 -2.92649728e-06  5.34057268e-07  3.97205026e-05 
 5.34107268e-07  3.02184543e-06  5.34107268e-07 -3.82013778e-05 
 5.34157268e-07 -2.87467505e-06  5.34157268e-07  3.67457609e-05 
 5.34207268e-07  2.96854780e-06  5.34207268e-07 -3.52894346e-05 
 5.34257268e-07 -2.82015648e-06  5.34257268e-07  3.38950969e-05 
 5.34307268e-07  2.91301336e-06  5.34307268e-07 -3.24985200e-05 
 5.34357268e-07 -2.76380909e-06  5.34357268e-07  3.11625296e-05 
 5.34407268e-07  2.85601259e-06  5.34407268e-07 -2.98228682e-05 
 5.34457268e-07 -2.70631664e-06  5.34457268e-07  2.85424957e-05 
 5.34507268e-07  2.79815185e-06  5.34507268e-07 -2.72571098e-05 
 5.34557268e-07 -2.64821627e-06  5.34557268e-07  2.60298087e-05 
 5.34607268e-07  2.73990648e-06  5.34607268e-07 -2.47962332e-05 
 5.34657268e-07 -2.58992826e-06  5.34657268e-07  2.36196222e-05 
 5.34707268e-07  2.68164761e-06  5.34707268e-07 -2.24355501e-05 
 5.34757268e-07 -2.53177983e-06  5.34757268e-07  2.13073973e-05 
 5.34807268e-07  2.62366328e-06  5.34807268e-07 -2.01706648e-05 
 5.34857268e-07 -2.47402414e-06  5.34857268e-07  1.90888739e-05 
 5.34907268e-07  2.56617560e-06  5.34907268e-07 -1.79974469e-05 
 5.34957268e-07 -2.41685557e-06  5.34957268e-07  1.69600447e-05 
 5.35007268e-07  2.50935418e-06  5.35007268e-07 -1.59120076e-05 
 5.35057268e-07 -2.36042176e-06  5.35057268e-07  1.49171334e-05 
 5.35107268e-07  2.45332712e-06  5.35107268e-07 -1.39106783e-05 
 5.35157268e-07 -2.30483338e-06  5.35157268e-07  1.29565740e-05 
 5.35207268e-07  2.39818957e-06  5.35207268e-07 -1.19899918e-05 
 5.35257268e-07 -2.25017180e-06  5.35257268e-07  1.10749935e-05 
 5.35307268e-07  2.34401068e-06  5.35307268e-07 -1.01466656e-05 
 5.35357268e-07 -2.19649531e-06  5.35357268e-07  9.26919615e-06 
 5.35407268e-07  2.29083904e-06  5.35407268e-07 -8.37758743e-06 
 5.35457268e-07 -2.14384394e-06  5.35457268e-07  7.53614957e-06 
 5.35507268e-07  2.23870709e-06  5.35507268e-07 -6.67980200e-06 
 5.35557268e-07 -2.09224343e-06  5.35557268e-07  5.87297239e-06 
 5.35607268e-07  2.18763465e-06  5.35607268e-07 -5.05049927e-06 
 5.35657268e-07 -2.04170829e-06  5.35657268e-07  4.27692309e-06 
 5.35707268e-07  2.13763154e-06  5.35707268e-07 -3.48700401e-06 
 5.35757268e-07 -1.99224433e-06  5.35757268e-07  2.74539043e-06 
 5.35807268e-07  2.08870000e-06  5.35807268e-07 -1.98676669e-06 
 5.35857268e-07 -1.94385057e-06  5.35857268e-07  1.27588431e-06 
 5.35907268e-07  2.04083620e-06  5.35907268e-07 -5.47354877e-07 
 5.35957268e-07 -1.89652072e-06  5.35957268e-07 -1.33971869e-07 
 5.36007268e-07  1.99403175e-06  5.36007268e-07  8.33554166e-07 
 5.36057268e-07 -1.85024461e-06  5.36057268e-07 -1.48644877e-06 
 5.36107268e-07  1.94827486e-06  5.36107268e-07  2.15818038e-06 
 5.36157268e-07 -1.80500896e-06  5.36157268e-07 -2.78371722e-06 
 5.36207268e-07  1.90355099e-06  5.36207268e-07  3.42864713e-06 
 5.36257268e-07 -1.76079824e-06  5.36257268e-07 -4.02785437e-06 
 5.36307268e-07  1.85984375e-06  5.36307268e-07  4.64698668e-06 
 5.36357268e-07 -1.71759530e-06  5.36357268e-07 -5.22084902e-06 
 5.36407268e-07  1.81713532e-06  5.36407268e-07  5.81514556e-06 
 5.36457268e-07 -1.67538178e-06  5.36457268e-07 -6.36460649e-06 
 5.36507268e-07  1.77540689e-06  5.36507268e-07  6.93498909e-06 
 5.36557268e-07 -1.63413851e-06  5.36557268e-07 -7.46095321e-06 
 5.36607268e-07  1.73463902e-06  5.36607268e-07  8.00830591e-06 
 5.36657268e-07 -1.59384583e-06  5.36657268e-07 -8.51164091e-06 
 5.36707268e-07  1.69481188e-06  5.36707268e-07  9.03681180e-06 
 5.36757268e-07 -1.55448380e-06  5.36757268e-07 -9.51835035e-06 
 5.36807268e-07  1.65590542e-06  5.36807268e-07  1.00221535e-05 
 5.36857268e-07 -1.51603231e-06  5.36857268e-07 -1.04826951e-05 
 5.36907268e-07  1.61789954e-06  5.36907268e-07  1.09659121e-05 
 5.36957268e-07 -1.47847137e-06  5.36957268e-07 -1.14062244e-05 
 5.37007268e-07  1.58077431e-06  5.37007268e-07  1.18696063e-05 
 5.37057268e-07 -1.44178104e-06  5.37057268e-07 -1.22904270e-05 
 5.37107268e-07  1.54450990e-06  5.37107268e-07  1.27346952e-05 
 5.37157268e-07 -1.40594167e-06  5.37157268e-07 -1.31367333e-05 
 5.37207268e-07  1.50908673e-06  5.37207268e-07  1.35625813e-05 
 5.37257268e-07 -1.37093376e-06  5.37257268e-07 -1.39465184e-05 
 5.37307268e-07  1.47448552e-06  5.37307268e-07  1.43546132e-05 
 5.37357268e-07 -1.33673827e-06  5.37357268e-07 -1.47211047e-05 
 5.37407268e-07  1.44068734e-06  5.37407268e-07  1.51120875e-05 
 5.37457268e-07 -1.30333639e-06  5.37457268e-07 -1.54617639e-05 
 5.37507268e-07  1.40767357e-06  5.37507268e-07  1.58362518e-05 
 5.37557268e-07 -1.27070971e-06  5.37557268e-07 -1.61697197e-05 
 5.37607268e-07  1.37542602e-06  5.37607268e-07  1.65283065e-05 
 5.37657268e-07 -1.23884023e-06  5.37657268e-07 -1.68461496e-05 
 5.37707268e-07  1.34392684e-06  5.37707268e-07  1.71894067e-05 
 5.37757268e-07 -1.20771029e-06  5.37757268e-07 -1.74921871e-05 
 5.37807268e-07  1.31315857e-06  5.37807268e-07  1.78206647e-05 
 5.37857268e-07 -1.17730264e-06  5.37857268e-07 -1.81089232e-05 
 5.37907268e-07  1.28310417e-06  5.37907268e-07  1.84231511e-05 
 5.37957268e-07 -1.14760044e-06  5.37957268e-07 -1.86974088e-05 
 5.38007268e-07  1.25374698e-06  5.38007268e-07  1.89978971e-05 
 5.38057268e-07 -1.11858721e-06  5.38057268e-07 -1.92586557e-05 
 5.38107268e-07  1.22507074e-06  5.38107268e-07  1.95458958e-05 
 5.38157268e-07 -1.09024692e-06  5.38157268e-07 -1.97936387e-05 
 5.38207268e-07  1.19705958e-06  5.38207268e-07  2.00681041e-05 
 5.38257268e-07 -1.06256386e-06  5.38257268e-07 -2.03032969e-05 
 5.38307268e-07  1.16969797e-06  5.38307268e-07  2.05654438e-05 
 5.38357268e-07 -1.03552269e-06  5.38357268e-07 -2.07885353e-05 
 5.38407268e-07  1.14297078e-06  5.38407268e-07  2.10388032e-05 
 5.38457268e-07 -1.00910846e-06  5.38457268e-07 -2.12502259e-05 
 5.38507268e-07  1.11686325e-06  5.38507268e-07  2.14890387e-05 
 5.38557268e-07 -9.83306631e-07  5.38557268e-07 -2.16892094e-05 
 5.38607268e-07  1.09136097e-06  5.38607268e-07  2.19169754e-05 
 5.38657268e-07 -9.58102913e-07  5.38657268e-07 -2.21062960e-05 
 5.38707268e-07  1.06644986e-06  5.38707268e-07  2.23234092e-05 
 5.38757268e-07 -9.33483467e-07  5.38757268e-07 -2.25022670e-05 
 5.38807268e-07  1.04211623e-06  5.38807268e-07  2.27091070e-05 
 5.38857268e-07 -9.09434707e-07  5.38857268e-07 -2.28778758e-05 
 5.38907268e-07  1.01834668e-06  5.38907268e-07  2.30748087e-05 
 5.38957268e-07 -8.85943402e-07  5.38957268e-07 -2.32338487e-05 
 5.39007268e-07  9.95128101e-07  5.39007268e-07  2.34212278e-05 
 5.39057268e-07 -8.62996667e-07  5.39057268e-07 -2.35708863e-05 
 5.39107268e-07  9.72447820e-07  5.39107268e-07  2.37490523e-05 
 5.39157268e-07 -8.40581923e-07  5.39157268e-07 -2.38896646e-05 
 5.39207268e-07  9.50293350e-07  5.39207268e-07  2.40589460e-05 
 5.39257268e-07 -8.18686837e-07  5.39257268e-07 -2.41908354e-05 
 5.39307268e-07  9.28652540e-07  5.39307268e-07  2.43515492e-05 
 5.39357268e-07 -7.97299463e-07  5.39357268e-07 -2.44750277e-05 
 5.39407268e-07  9.07513580e-07  5.39407268e-07  2.46274799e-05 
 5.39457268e-07 -7.76408076e-07  5.39457268e-07 -2.47428484e-05 
 5.39507268e-07  8.86864890e-07  5.39507268e-07  2.48873340e-05 
 5.39557268e-07 -7.56001250e-07  5.39557268e-07 -2.49948829e-05 
 5.39607268e-07  8.66695175e-07  5.39607268e-07  2.51316869e-05 
 5.39657268e-07 -7.36067830e-07  5.39657268e-07 -2.52316965e-05 
 5.39707268e-07  8.46993416e-07  5.39707268e-07  2.53610937e-05 
 5.39757268e-07 -7.16596949e-07  5.39757268e-07 -2.54538344e-05 
 5.39807268e-07  8.27748881e-07  5.39807268e-07  2.55760902e-05 
 5.39857268e-07 -6.97577997e-07  5.39857268e-07 -2.56618231e-05 
 5.39907268e-07  8.08951078e-07  5.39907268e-07  2.57771936e-05 
 5.39953634e-07 -6.78281343e-07  5.39953634e-07 -2.58635181e-05 
 5.40000000e-07  7.89168704e-07  5.40000000e-07  2.59790648e-05 
 5.40005000e-07  1.75385962e-05  5.40005000e-07  2.19121214e-04 
 5.40015000e-07 -7.97182190e-06  5.40015000e-07  1.27301456e-05 
 5.40035000e-07 -9.69792874e-06  5.40035000e-07 -8.48405815e-05 
 5.40075000e-07  1.02657397e-05  5.40075000e-07 -6.45463749e-05 
 5.40125000e-07 -4.12391520e-05  5.40125000e-07 -1.29480073e-04 
 5.40162500e-07 -7.33601764e-05  5.40162500e-07 -3.60669908e-04 
 5.40200000e-07  5.81535274e-04  5.40200000e-07  3.45322165e-04 
 5.40205000e-07  3.41812459e-04  5.40205000e-07  1.95223729e-04 
 5.40215000e-07 -3.91988977e-04  5.40215000e-07  4.49748501e-04 
 5.40235000e-07 -3.95885738e-04  5.40235000e-07  1.04235516e-03 
 5.40275000e-07  3.15840033e-04  5.40275000e-07  1.30500053e-03 
 5.40317479e-07 -2.05250431e-04  5.40317479e-07 -2.48880663e-03 
 5.40362353e-07  1.37464017e-04  5.40362353e-07  6.21743938e-04 
 5.40412353e-07 -9.85840714e-05  5.40412353e-07 -9.57739350e-05 
 5.40462353e-07  7.30664631e-05  5.40462353e-07  1.76767020e-04 
 5.40512353e-07 -5.52674703e-05  5.40512353e-07 -9.28412298e-05 
 5.40562353e-07  4.28539763e-05  5.40562353e-07  4.73913059e-05 
 5.40612353e-07 -3.35594159e-05  5.40612353e-07 -7.37112324e-06 
 5.40662353e-07  2.68392324e-05  5.40662353e-07 -2.15614595e-05 
 5.40712353e-07 -2.15214686e-05  5.40712353e-07  4.37048185e-05 
 5.40762353e-07  1.76298124e-05  5.40762353e-07 -6.03757008e-05 
 5.40812353e-07 -1.43870977e-05  5.40812353e-07  7.30704917e-05 
 5.40862353e-07  1.20372654e-05  5.40862353e-07 -8.26287988e-05 
 5.40912353e-07 -9.94721481e-06  5.40912353e-07  8.98347649e-05 
 5.40962353e-07  8.47490012e-06  5.40962353e-07 -9.50909855e-05 
 5.41012353e-07 -7.05490366e-06  5.41012353e-07  9.88915697e-05 
 5.41062353e-07  6.10169123e-06  5.41062353e-07 -1.01425669e-04 
 5.41112353e-07 -5.08588135e-06  5.41112353e-07  1.03038730e-04 
 5.41162353e-07  4.45159186e-06  5.41162353e-07 -1.03810780e-04 
 5.41212353e-07 -3.68917769e-06  5.41212353e-07  1.04002802e-04 
 5.41262353e-07  3.25882821e-06  5.41262353e-07 -1.03633284e-04 
 5.41312353e-07 -2.66189378e-06  5.41312353e-07  1.02909533e-04 
 5.41362353e-07  2.36749041e-06  5.41362353e-07 -1.01812881e-04 
 5.41412353e-07 -1.88319487e-06  5.41412353e-07  1.00513833e-04 
 5.41462353e-07  1.68320065e-06  5.41462353e-07 -9.89704559e-05 
 5.41512353e-07 -1.27867858e-06  5.41512353e-07  9.73269081e-05 
 5.41562353e-07  1.14678661e-06  5.41562353e-07 -9.55265596e-05 
 5.41612353e-07 -8.00818942e-07  5.41612353e-07  9.36942794e-05 
 5.41662353e-07  7.19715986e-07  5.41662353e-07 -9.17642836e-05 
 5.41712353e-07 -4.18061483e-07  5.41712353e-07  8.98471501e-05 
 5.41762353e-07  3.75903350e-07  5.41762353e-07 -8.78716106e-05 
 5.41812353e-07 -1.08633386e-07  5.41812353e-07  8.59375783e-05 
 5.41862353e-07  9.70122463e-08  5.41862353e-07 -8.39707388e-05 
 5.41912353e-07  1.43044126e-07  5.41912353e-07  8.20630024e-05 
 5.41956177e-07 -1.44679639e-07  5.41956177e-07 -7.98726172e-05 
 5.42000000e-07  3.74305039e-07  5.42000000e-07  7.77607887e-05 
 5.42005000e-07  2.45051519e-04  5.42005000e-07  3.03446150e-03 
 5.42015000e-07  1.96922887e-04  5.42015000e-07  3.40197583e-03 
 5.42035000e-07 -2.17293698e-05  5.42035000e-07  1.12004777e-03 
 5.42075000e-07  7.16271544e-05  5.42075000e-07  5.61574564e-04 
 5.42125000e-07 -3.19030091e-05  5.42125000e-07  4.51215433e-04 
 5.42162500e-07  1.16545250e-05  5.42162500e-07  6.13105092e-04 
 5.42200000e-07 -4.98873087e-05  5.42200000e-07 -3.62338654e-03 
 5.42205000e-07 -1.96497075e-04  5.42205000e-07 -2.61421675e-03 
 5.42215000e-07 -1.71361793e-04  5.42215000e-07 -1.73695412e-03 
 5.42235000e-07 -3.19468406e-05  5.42235000e-07 -1.13202681e-03 
 5.42275000e-07 -2.43490155e-05  5.42275000e-07 -4.27813020e-04 
 5.42325000e-07  2.03666705e-05  5.42325000e-07 -1.34993251e-04 
 5.42375000e-07 -1.89563898e-05  5.42375000e-07 -3.77789714e-05 
 5.42425000e-07  1.78516424e-05  5.42425000e-07 -1.64367524e-05 
 5.42475000e-07 -1.65628875e-05  5.42475000e-07 -1.39344691e-06 
 5.42525000e-07  1.55494397e-05  5.42525000e-07 -5.37784304e-06 
 5.42575000e-07 -1.43420107e-05  5.42575000e-07  3.77111850e-06 
 5.42625000e-07  1.34254646e-05  5.42625000e-07 -5.51166297e-06 
 5.42675000e-07 -1.23200359e-05  5.42675000e-07  5.97302603e-06 
 5.42725000e-07  1.15091638e-05  5.42725000e-07 -7.00687911e-06 
 5.42775000e-07 -1.05106163e-05  5.42775000e-07  7.74442992e-06 
 5.42825000e-07  9.80629035e-06  5.42825000e-07 -8.54431838e-06 
 5.42875000e-07 -8.91278478e-06  5.42875000e-07  9.22909663e-06 
 5.42925000e-07  8.31102931e-06  5.42925000e-07 -9.84957443e-06 
 5.42975000e-07 -7.51694553e-06  5.42975000e-07  1.04010848e-05 
 5.43025000e-07  7.01090868e-06  5.43025000e-07 -1.08560343e-05 
 5.43075000e-07 -6.30845563e-06  5.43075000e-07  1.12610412e-05 
 5.43125000e-07  5.88971884e-06  5.43125000e-07 -1.15667482e-05 
 5.43175000e-07 -5.27005730e-06  5.43175000e-07  1.18360107e-05 
 5.43225000e-07  4.92956245e-06  5.43225000e-07 -1.20131207e-05 
 5.43275000e-07 -4.38356002e-06  5.43275000e-07  1.21659549e-05 
 5.43325000e-07  4.11222714e-06  5.43325000e-07 -1.22366366e-05 
 5.43375000e-07 -3.63095362e-06  5.43375000e-07  1.22942593e-05 
 5.43425000e-07  3.42007686e-06  5.43425000e-07 -1.22798434e-05 
 5.43475000e-07 -2.99511211e-06  5.43475000e-07  1.22623680e-05 
 5.43525000e-07  2.83659623e-06  5.43525000e-07 -1.21820084e-05 
 5.43575000e-07 -2.46020476e-06  5.43575000e-07  1.21071792e-05 
 5.43625000e-07  2.34668935e-06  5.43625000e-07 -1.19772981e-05 
 5.43675000e-07 -2.01190163e-06  5.43675000e-07  1.18600989e-05 
 5.43725000e-07  1.93680793e-06  5.43725000e-07 -1.16943159e-05 
 5.43775000e-07 -1.63743882e-06  5.43775000e-07  1.15470185e-05 
 5.43825000e-07  1.59496561e-06  5.43825000e-07 -1.13563427e-05 
 5.43875000e-07 -1.32559203e-06  5.43875000e-07  1.11887617e-05 
 5.43925000e-07  1.31067914e-06  5.43925000e-07 -1.09819046e-05 
 5.43975000e-07 -1.06659278e-06  5.43975000e-07  1.08017328e-05 
 5.44025000e-07  1.07486593e-06  5.44025000e-07 -1.05854573e-05 
 5.44075000e-07 -8.52012553e-07  5.44075000e-07  1.03986130e-05 
 5.44125000e-07  8.79718732e-07  5.44125000e-07 -1.01780733e-05 
 5.44175000e-07 -6.74631292e-07  5.44175000e-07  9.98902470e-06 
 5.44225000e-07  7.18570960e-07  5.44225000e-07 -9.76807351e-06 
 5.44275000e-07 -5.28302024e-07  5.44275000e-07  9.58012575e-06 
 5.44325000e-07  5.85762359e-07  5.44325000e-07 -9.36157987e-06 
 5.44375000e-07 -4.07818981e-07  5.44375000e-07  9.17711929e-06 
 5.44425000e-07  4.76510829e-07  5.44425000e-07 -8.96298312e-06 
 5.44475000e-07 -3.08793836e-07  5.44475000e-07  8.78368003e-06 
 5.44525000e-07  3.86793449e-07  5.44525000e-07 -8.57532891e-06 
 5.44575000e-07 -2.27542027e-07  5.44575000e-07  8.40230275e-06 
 5.44625000e-07  3.13238684e-07  5.44625000e-07 -8.20063125e-06 
 5.44675000e-07 -1.60980991e-07  5.44675000e-07  8.03458315e-06 
 5.44725000e-07  2.53030460e-07  5.44725000e-07 -7.84012334e-06 
 5.44775000e-07 -1.06539896e-07  5.44775000e-07  7.68144105e-06 
 5.44825000e-07  2.03823425e-07  5.44825000e-07 -7.49445532e-06 
 5.44875000e-07 -6.20806083e-08  5.44875000e-07  7.34329572e-06 
 5.44925000e-07  1.63669694e-07  5.44925000e-07 -7.16384962e-06 
 5.44975000e-07 -2.58295005e-08  5.44975000e-07  7.02020229e-06 
 5.45025000e-07  1.30955210e-07  5.45025000e-07 -6.84822045e-06 
 5.45075000e-07  3.68150375e-09  5.45075000e-07  6.71195695e-06 
 5.45125000e-07  1.04345378e-07  5.45125000e-07 -6.54726596e-06 
 5.45175000e-07  2.76650181e-08  5.45175000e-07  6.41817712e-06 
 5.45225000e-07  8.27389570e-08  5.45225000e-07 -6.26053798e-06 
 5.45275000e-07  4.71207405e-08  5.45275000e-07  6.13836197e-06 
 5.45325000e-07  6.52287979e-08  5.45325000e-07 -5.98749426e-06 
 5.45375000e-07  6.28715451e-08  5.45375000e-07  5.87193752e-06 
 5.45425000e-07  5.10687597e-08  5.45425000e-07 -5.72753759e-06 
 5.45475000e-07  7.55936869e-08  5.45475000e-07  5.61829015e-06 
 5.45525000e-07  3.96461533e-08  5.45525000e-07 -5.48004395e-06 
 5.45575000e-07  8.58421164e-08  5.45575000e-07  5.37679066e-06 
 5.45625000e-07  3.04585111e-08  5.45625000e-07 -5.24438318e-06 
 5.45675000e-07  9.40716759e-08  5.45675000e-07  5.14681141e-06 
 5.45725000e-07  2.30942040e-08  5.45725000e-07 -5.01993314e-06 
 5.45775000e-07  1.00654766e-07  5.45775000e-07  4.92773813e-06 
 5.45825000e-07  1.72164057e-08  5.45825000e-07 -4.80608960e-06 
 5.45875000e-07  1.05895935e-07  5.45875000e-07  4.71897807e-06 
 5.45925000e-07  1.25498704e-08  5.45925000e-07 -4.60227233e-06 
 5.45975000e-07  1.10043941e-07  5.45975000e-07  4.51996463e-06 
 5.46025000e-07  8.86973411e-09  5.46025000e-07 -4.40792926e-06 
 5.46075000e-07  1.13301926e-07  5.46075000e-07  4.33016051e-06 
 5.46125000e-07  5.99260478e-09  5.46125000e-07 -4.22253808e-06 
 5.46175000e-07  1.15835534e-07  5.46175000e-07  4.14905870e-06 
 5.46225000e-07  3.76885446e-09  5.46225000e-07 -4.04560714e-06 
 5.46275000e-07  1.17779818e-07  5.46275000e-07  3.97618274e-06 
 5.46325000e-07  2.07662220e-09  5.46325000e-07 -3.87667509e-06 
 5.46375000e-07  1.19244762e-07  5.46375000e-07  3.81108613e-06 
 5.46425000e-07  8.16634517e-10  5.46425000e-07 -3.71530997e-06 
 5.46475000e-07  1.20319906e-07  5.46475000e-07  3.65335116e-06 
 5.46525000e-07 -9.18402090e-11  5.46525000e-07 -3.56110797e-06 
 5.46575000e-07  1.21078151e-07  5.46575000e-07  3.50258749e-06 
 5.46625000e-07 -7.14626504e-10  5.46625000e-07 -3.41369180e-06 
 5.46675000e-07  1.21578757e-07  5.46675000e-07  3.35843055e-06 
 5.46725000e-07 -1.10509440e-09  5.46725000e-07 -3.27270921e-06 
 5.46775000e-07  1.21869947e-07  5.46775000e-07  3.22053981e-06 
 5.46825000e-07 -1.30678537e-09  5.46825000e-07 -3.13783106e-06 
 5.46875000e-07  1.21990918e-07  5.46875000e-07  3.08859721e-06 
 5.46925000e-07 -1.35497239e-09  5.46925000e-07 -3.00874983e-06 
 5.46975000e-07  1.21973547e-07  5.46975000e-07  2.96230531e-06 
 5.47025000e-07 -1.27849965e-09  5.47025000e-07 -2.88517790e-06 
 5.47075000e-07  1.21843738e-07  5.47075000e-07  2.84138591e-06 
 5.47125000e-07 -1.10060297e-09  5.47125000e-07 -2.76684598e-06 
 5.47175000e-07  1.21622519e-07  5.47175000e-07  2.72557835e-06 
 5.47225000e-07 -8.40374284e-10  5.47225000e-07 -2.65350175e-06 
 5.47275000e-07  1.21327121e-07  5.47275000e-07  2.61463820e-06 
 5.47325000e-07 -5.13250366e-10  5.47325000e-07 -2.54490847e-06 
 5.47375000e-07  1.20971400e-07  5.47375000e-07  2.50833611e-06 
 5.47425000e-07 -1.31784930e-10  5.47425000e-07 -2.44084368e-06 
 5.47475000e-07  1.20566745e-07  5.47475000e-07  2.40645630e-06 
 5.47525000e-07  2.93731518e-10  5.47525000e-07 -2.34109814e-06 
 5.47575000e-07  1.20122427e-07  5.47575000e-07  2.30879572e-06 
 5.47625000e-07  7.55009506e-10  5.47625000e-07 -2.24547473e-06 
 5.47675000e-07  1.19645903e-07  5.47675000e-07  2.21516304e-06 
 5.47725000e-07  1.24520465e-09  5.47725000e-07 -2.15378761e-06 
 5.47775000e-07  1.19143435e-07  5.47775000e-07  2.12537755e-06 
 5.47825000e-07  1.75870356e-09  5.47825000e-07 -2.06586113e-06 
 5.47875000e-07  1.18619989e-07  5.47875000e-07  2.03926860e-06 
 5.47925000e-07  2.29106197e-09  5.47925000e-07 -1.98152930e-06 
 5.47975000e-07  1.18079702e-07  5.47975000e-07  1.95667461e-06 
 5.48025000e-07  2.83843146e-09  5.48025000e-07 -1.90063494e-06 
 5.48075000e-07  1.17525975e-07  5.48075000e-07  1.87744264e-06 
 5.48125000e-07  3.39778162e-09  5.48125000e-07 -1.82302906e-06 
 5.48175000e-07  1.16961619e-07  5.48175000e-07  1.80142755e-06 
 5.48225000e-07  3.96660503e-09  5.48225000e-07 -1.74857035e-06 
 5.48275000e-07  1.16388886e-07  5.48275000e-07  1.72849164e-06 
 5.48325000e-07  4.54277079e-09  5.48325000e-07 -1.67712449e-06 
 5.48375000e-07  1.15809689e-07  5.48375000e-07  1.65850398e-06 
 5.48425000e-07  5.12456533e-09  5.48425000e-07 -1.60856387e-06 
 5.48475000e-07  1.15225643e-07  5.48475000e-07  1.59134005e-06 
 5.48525000e-07  5.71058539e-09  5.48525000e-07 -1.54276699e-06 
 5.48575000e-07  1.14637982e-07  5.48575000e-07  1.52688131e-06 
 5.48625000e-07  6.29956828e-09  5.48625000e-07 -1.47961814e-06 
 5.48675000e-07  1.14047901e-07  5.48675000e-07  1.46501485e-06 
 5.48725000e-07  6.89052363e-09  5.48725000e-07 -1.41900714e-06 
 5.48775000e-07  1.13456289e-07  5.48775000e-07  1.40563297e-06 
 5.48825000e-07  7.48260588e-09  5.48825000e-07 -1.36082871e-06 
 5.48875000e-07  1.12863912e-07  5.48875000e-07  1.34863299e-06 
 5.48925000e-07  8.07506862e-09  5.48925000e-07 -1.30498257e-06 
 5.48975000e-07  1.12271488e-07  5.48975000e-07  1.29391675e-06 
 5.49025000e-07  8.66733899e-09  5.49025000e-07 -1.25137281e-06 
 5.49075000e-07  1.11679522e-07  5.49075000e-07  1.24139060e-06 
 5.49125000e-07  9.25886478e-09  5.49125000e-07 -1.19990788e-06 
 5.49175000e-07  1.11088565e-07  5.49175000e-07  1.19096501e-06 
 5.49225000e-07  9.84914777e-09  5.49225000e-07 -1.15050020e-06 
 5.49275000e-07  1.10499022e-07  5.49275000e-07  1.14255433e-06 
 5.49325000e-07  1.04378478e-08  5.49325000e-07 -1.10306605e-06 
 5.49375000e-07  1.09911259e-07  5.49375000e-07  1.09607667e-06 
 5.49425000e-07  1.10245827e-08  5.49425000e-07 -1.05752526e-06 
 5.49475000e-07  1.09325636e-07  5.49475000e-07  1.05145364e-06 
 5.49525000e-07  1.16090373e-08  5.49525000e-07 -1.01380120e-06 
 5.49575000e-07  1.08742397e-07  5.49575000e-07  1.00861020e-06 
 5.49625000e-07  1.21909885e-08  5.49625000e-07 -9.71820410e-07 
 5.49675000e-07  1.08161799e-07  5.49675000e-07  9.67474512e-07 
 5.49725000e-07  1.27701469e-08  5.49725000e-07 -9.31512580e-07 
 5.49775000e-07  1.07584124e-07  5.49775000e-07  9.27977729e-07 
 5.49825000e-07  1.33463218e-08  5.49825000e-07 -8.92810331e-07 
 5.49875000e-07  1.07009514e-07  5.49875000e-07  8.90053885e-07 
 5.49925000e-07  1.39193064e-08  5.49925000e-07 -8.55649119e-07 
 5.49962500e-07  1.06343300e-07  5.49962500e-07  8.47712693e-07 
 5.50000000e-07  1.46780106e-08  5.50000000e-07 -8.08390170e-07 
 5.50005000e-07 -1.13154095e-05  5.50005000e-07 -9.36568946e-05 
 5.50015000e-07  8.08830972e-06  5.50015000e-07  9.38815297e-06 
 5.50035000e-07  3.53306429e-06  5.50035000e-07  2.50215668e-05 
 5.50075000e-07 -5.42312088e-06  5.50075000e-07  2.31419022e-05 
 5.50125000e-07  3.34171523e-05  5.50125000e-07  2.18432102e-04 
 5.50162500e-07  1.55684195e-05  5.50162500e-07  2.53222970e-04 
 5.50200000e-07 -4.39857973e-04  5.50200000e-07 -1.92658664e-04 
 5.50205000e-07 -4.43829007e-04  5.50205000e-07 -4.95061503e-04 
 5.50215000e-07  6.27488360e-06  5.50215000e-07 -1.09941117e-03 
 5.50235000e-07  7.49439601e-04  5.50235000e-07 -1.64260910e-03 
 5.50271173e-07 -4.10698650e-04  5.50271173e-07 -4.77428329e-04 
 5.50314696e-07  1.96611125e-04  5.50314696e-07  1.88669736e-03 
 5.50360588e-07 -7.50529716e-05  5.50360588e-07 -3.64662911e-05 
 5.50410588e-07  7.46555933e-06  5.50410588e-07 -9.69343278e-05 
 5.50460588e-07  3.56411577e-05  5.50460588e-07 -1.44044091e-04 
 5.50510588e-07 -6.28572737e-05  5.50510588e-07  3.01654807e-05 
 5.50560588e-07  7.96570481e-05  5.50560588e-07 -4.33923992e-05 
 5.50610588e-07 -8.90420280e-05  5.50610588e-07  8.41555397e-06 
 5.50660588e-07  9.35054933e-05  5.50660588e-07  5.53819258e-06 
 5.50710588e-07 -9.42165954e-05  5.50710588e-07 -2.33646159e-05 
 5.50760588e-07  9.26768846e-05  5.50760588e-07  3.62060107e-05 
 5.50810588e-07 -8.91764056e-05  5.50810588e-07 -4.77421036e-05 
 5.50860588e-07  8.48793215e-05  5.50860588e-07  5.70824689e-05 
 5.50910588e-07 -7.96332263e-05  5.50910588e-07 -6.49053004e-05 
 5.50960588e-07  7.42912794e-05  5.50960588e-07  7.13371227e-05 
 5.51010588e-07 -6.85702728e-05  5.51010588e-07 -7.65710813e-05 
 5.51060588e-07  6.31191854e-05  5.51060588e-07  8.08279730e-05 
 5.51110588e-07 -5.75762664e-05  5.51110588e-07 -8.41821577e-05 
 5.51160588e-07  5.24842125e-05  5.51160588e-07  8.68383639e-05 
 5.51210588e-07 -4.74297879e-05  5.51210588e-07 -8.88187062e-05 
 5.51260588e-07  4.29027924e-05  5.51260588e-07  9.03023433e-05 
 5.51310588e-07 -3.84564690e-05  5.51310588e-07 -9.12801837e-05 
 5.51360588e-07  3.45563395e-05  5.51360588e-07  9.19091449e-05 
 5.51410588e-07 -3.07343993e-05  5.51410588e-07 -9.21593600e-05 
 5.51460588e-07  2.74468173e-05  5.51460588e-07  9.21698321e-05 
 5.51510588e-07 -2.42126683e-05  5.51510588e-07 -9.18963945e-05 
 5.51560588e-07  2.14862573e-05  5.51560588e-07  9.14638184e-05 
 5.51610588e-07 -1.87792731e-05  5.51610588e-07 -9.08180377e-05 
 5.51660588e-07  1.65476753e-05  5.51660588e-07  9.00725245e-05 
 5.51710588e-07 -1.42993484e-05  5.51710588e-07 -8.91664144e-05 
 5.51760588e-07  1.24933487e-05  5.51760588e-07  8.82041854e-05 
 5.51810588e-07 -1.06359972e-05  5.51810588e-07 -8.71203907e-05 
 5.51860588e-07  9.18983642e-06  5.51860588e-07  8.60123242e-05 
 5.51910588e-07 -7.66096633e-06  5.51910588e-07 -8.48115461e-05 
 5.51960588e-07  6.51529839e-06  5.51960588e-07  8.36095898e-05 
 5.52010588e-07 -5.25946693e-06  5.52010588e-07 -8.23361586e-05 
 5.52060588e-07  4.36241540e-06  5.52060588e-07  8.10781482e-05 
 5.52110588e-07 -3.33169436e-06  5.52110588e-07 -7.97642110e-05 
 5.52160588e-07  2.63887064e-06  5.52160588e-07  7.84774919e-05 
 5.52210588e-07 -1.79256245e-06  5.52210588e-07 -7.71461575e-05 
 5.52260588e-07  1.26655250e-06  5.52260588e-07  7.58503049e-05 
 5.52310588e-07 -5.70542405e-07  5.52310588e-07 -7.45180037e-05 
 5.52360588e-07  1.80157124e-07  5.52360588e-07  7.32268615e-05 
 5.52410588e-07  3.93877868e-07  5.52410588e-07 -7.19051115e-05 
 5.52460588e-07 -6.74422806e-07  5.52460588e-07  7.06283166e-05 
 5.52510588e-07  1.14982467e-06  5.52510588e-07 -6.93250421e-05 
 5.52560588e-07 -1.34170808e-06  5.52560588e-07  6.80691619e-05 
 5.52610588e-07  1.73760294e-06  5.52610588e-07 -6.67896748e-05 
 5.52660588e-07 -1.85813237e-06  5.52660588e-07  6.55590514e-05 
 5.52710588e-07  2.19011989e-06  5.52710588e-07 -6.43067790e-05 
 5.52760588e-07 -2.25338100e-06  5.52760588e-07  6.31041549e-05 
 5.52810588e-07  2.53413682e-06  5.52810588e-07 -6.18811765e-05 
 5.52860588e-07 -2.55155448e-06  5.52860588e-07  6.07081550e-05 
 5.52910588e-07  2.79134626e-06  5.52910588e-07 -5.95155969e-05 
 5.52960588e-07 -2.77216108e-06  5.52960588e-07  5.83729797e-05 
 5.53010588e-07  2.97928422e-06  5.53010588e-07 -5.72113031e-05 
 5.53060588e-07 -2.93095203e-06  5.53060588e-07  5.60993362e-05 
 5.53110588e-07  3.11209328e-06  5.53110588e-07 -5.49685465e-05 
 5.53160588e-07 -3.04061733e-06  5.53160588e-07  5.38870981e-05 
 5.53210588e-07  3.20115618e-06  5.53210588e-07 -5.27868953e-05 
 5.53260588e-07 -3.11136118e-06  5.53260588e-07  5.17355833e-05 
 5.53310588e-07  3.25561760e-06  5.53310588e-07 -5.06654694e-05 
 5.53360588e-07 -3.15137448e-06  5.53360588e-07  4.96437523e-05 
 5.53410588e-07  3.28281211e-06  5.53410588e-07 -4.86031069e-05 
 5.53460588e-07 -3.16722168e-06  5.53460588e-07  4.76103468e-05 
 5.53510588e-07  3.28861313e-06  5.53510588e-07 -4.65984802e-05 
 5.53560588e-07 -3.16415564e-06  5.53560588e-07  4.56339872e-05 
 5.53610588e-07  3.27771722e-06  5.53610588e-07 -4.46501760e-05 
 5.53660588e-07 -3.14637348e-06  5.53660588e-07  4.37132378e-05 
 5.53710588e-07  3.25387407e-06  5.53710588e-07 -4.27567491e-05 
 5.53760588e-07 -3.11722375e-06  5.53760588e-07  4.18466504e-05 
 5.53810588e-07  3.22007306e-06  5.53810588e-07 -4.09167573e-05 
 5.53860588e-07 -3.07937391e-06  5.53860588e-07  4.00327926e-05 
 5.53910588e-07  3.17869351e-06  5.53910588e-07 -3.91287838e-05 
 5.53960588e-07 -3.03494533e-06  5.53960588e-07  3.82702647e-05 
 5.54010588e-07  3.13162612e-06  5.54010588e-07 -3.73914499e-05 
 5.54060588e-07 -2.98562218e-06  5.54060588e-07  3.65577093e-05 
 5.54110588e-07  3.08037042e-06  5.54110588e-07 -3.57034219e-05 
 5.54160588e-07 -2.93273887e-06  5.54160588e-07  3.48938156e-05 
 5.54210588e-07  3.02611327e-06  5.54210588e-07 -3.40634133e-05 
 5.54260588e-07 -2.87735029e-06  5.54260588e-07  3.32773207e-05 
 5.54310588e-07  2.96979165e-06  5.54310588e-07 -3.24701856e-05 
 5.54360588e-07 -2.82028821e-06  5.54360588e-07  3.17070083e-05 
 5.54410588e-07  2.91214346e-06  5.54410588e-07 -3.09225455e-05 
 5.54460588e-07 -2.76220654e-06  5.54460588e-07  3.01817071e-05 
 5.54510588e-07  2.85374761e-06  5.54510588e-07 -2.94193435e-05 
 5.54560588e-07 -2.70361738e-06  5.54560588e-07  2.87002873e-05 
 5.54610588e-07  2.79505667e-06  5.54610588e-07 -2.79594697e-05 
 5.54660588e-07 -2.64492016e-06  5.54660588e-07  2.72616579e-05 
 5.54710588e-07  2.73642258e-06  5.54710588e-07 -2.65418519e-05 
 5.54760588e-07 -2.58642450e-06  5.54760588e-07  2.58647637e-05 
 5.54810588e-07  2.67811740e-06  5.54810588e-07 -2.51654516e-05 
 5.54860588e-07 -2.52836904e-06  5.54860588e-07  2.45085818e-05 
 5.54910588e-07  2.62034988e-06  5.54910588e-07 -2.38292618e-05 
 5.54960588e-07 -2.47093587e-06  5.54960588e-07  2.31921198e-05 
 5.55010588e-07  2.56327845e-06  5.55010588e-07 -2.25323042e-05 
 5.55060588e-07 -2.41426248e-06  5.55060588e-07  2.19144124e-05 
 5.55110588e-07  2.50702200e-06  5.55110588e-07 -2.12736267e-05 
 5.55160588e-07 -2.35845113e-06  5.55160588e-07  2.06745201e-05 
 5.55210588e-07  2.45166795e-06  5.55210588e-07 -2.00523022e-05 
 5.55260588e-07 -2.30357617e-06  5.55260588e-07  1.94715269e-05 
 5.55310588e-07  2.39727910e-06  5.55310588e-07 -1.88674258e-05 
 5.55360588e-07 -2.24969013e-06  5.55360588e-07  1.83045387e-05 
 5.55410588e-07  2.34389885e-06  5.55410588e-07 -1.77181144e-05 
 5.55460588e-07 -2.19682838e-06  5.55460588e-07  1.71726825e-05 
 5.55510588e-07  2.29155547e-06  5.55510588e-07 -1.66035046e-05 
 5.55560588e-07 -2.14501286e-06  5.55560588e-07  1.60751043e-05 
 5.55610588e-07  2.24026528e-06  5.55610588e-07 -1.55227525e-05 
 5.55660588e-07 -2.09425498e-06  5.55660588e-07  1.50109694e-05 
 5.55710588e-07  2.19003543e-06  5.55710588e-07 -1.44750320e-05 
 5.55760588e-07 -2.04455819e-06  5.55760588e-07  1.39794603e-05 
 5.55810588e-07  2.14086600e-06  5.55810588e-07 -1.34595346e-05 
 5.55860588e-07 -1.99591955e-06  5.55860588e-07  1.29797769e-05 
 5.55910588e-07  2.09275153e-06  5.55910588e-07 -1.24754687e-05 
 5.55960588e-07 -1.94833147e-06  5.55960588e-07  1.20111358e-05 
 5.56010588e-07  2.04568244e-06  5.56010588e-07 -1.15220590e-05 
 5.56060588e-07 -1.90178265e-06  5.56060588e-07  1.10727697e-05 
 5.56110588e-07  1.99964600e-06  5.56110588e-07 -1.05985460e-05 
 5.56160588e-07 -1.85625911e-06  5.56160588e-07  1.01639267e-05 
 5.56210588e-07  1.95462719e-06  5.56210588e-07 -9.70418589e-06 
 5.56260588e-07 -1.81174493e-06  5.56260588e-07  9.28387058e-06 
 5.56310588e-07  1.91060926e-06  5.56310588e-07 -8.83824993e-06 
 5.56360588e-07 -1.76822270e-06  5.56360588e-07  8.43188013e-06 
 5.56410588e-07  1.86757424e-06  5.56410588e-07 -8.00002434e-06 
 5.56460588e-07 -1.72567401e-06  5.56460588e-07  7.60724873e-06 
 5.56510588e-07  1.82550339e-06  5.56510588e-07 -7.18880991e-06 
 5.56560588e-07 -1.68407984e-06  5.56560588e-07  6.80928461e-06 
 5.56610588e-07  1.78437751e-06  5.56610588e-07 -6.40392202e-06 
 5.56660588e-07 -1.64342087e-06  5.56660588e-07  6.03730998e-06 
 5.56710588e-07  1.74417702e-06  5.56710588e-07 -5.64469005e-06 
 5.56760588e-07 -1.60367735e-06  5.56760588e-07  5.29066140e-06 
 5.56810588e-07  1.70488232e-06  5.56810588e-07 -4.91045753e-06 
 5.56860588e-07 -1.56482981e-06  5.56860588e-07  4.56868919e-06 
 5.56910588e-07  1.66647383e-06  5.56910588e-07 -4.20058174e-06 
 5.56960588e-07 -1.52685865e-06  5.56960588e-07  3.87075747e-06 
 5.57010588e-07  1.62893207e-06  5.57010588e-07 -3.51443355e-06 
 5.57060588e-07 -1.48974452e-06  5.57060588e-07  3.19624389e-06 
 5.57110588e-07  1.59223782e-06  5.57110588e-07 -2.85139731e-06 
 5.57160588e-07 -1.45346832e-06  5.57160588e-07  2.54453935e-06 
 5.57210588e-07  1.55637213e-06  5.57210588e-07 -2.21087060e-06 
 5.57260588e-07 -1.41801129e-06  5.57260588e-07  1.91504796e-06 
 5.57310588e-07  1.52131638e-06  5.57310588e-07 -1.59226396e-06 
 5.57360588e-07 -1.38335499e-06  5.57360588e-07  1.30718671e-06 
 5.57410588e-07  1.48705228e-06  5.57410588e-07 -9.95000922e-07 
 5.57460588e-07 -1.34948120e-06  5.57460588e-07  7.20385529e-07 
 5.57510588e-07  1.45356185e-06  5.57510588e-07 -4.18517654e-07 
 5.57560588e-07 -1.31637230e-06  5.57560588e-07  1.54086790e-07 
 5.57610588e-07  1.42082763e-06  5.57610588e-07  1.37737297e-07 
 5.57660588e-07 -1.28401088e-06  5.57660588e-07 -3.92254735e-07 
 5.57710588e-07  1.38883239e-06  5.57710588e-07  6.74302858e-07 
 5.57760588e-07 -1.25237998e-06  5.57760588e-07 -9.19171944e-07 
 5.57810588e-07  1.35755936e-06  5.57810588e-07  1.19170601e-06 
 5.57860588e-07 -1.22146300e-06  5.57860588e-07 -1.42718583e-06 
 5.57910588e-07  1.32699215e-06  5.57910588e-07  1.69046182e-06 
 5.57960588e-07 -1.19124376e-06  5.57960588e-07 -1.91680560e-06 
 5.58010588e-07  1.29711474e-06  5.58010588e-07  2.17107359e-06 
 5.58060588e-07 -1.16170642e-06  5.58060588e-07 -2.38852872e-06 
 5.58110588e-07  1.26791152e-06  5.58110588e-07  2.63403305e-06 
 5.58160588e-07 -1.13283555e-06  5.58160588e-07 -2.84284129e-06 
 5.58210588e-07  1.23936720e-06  5.58210588e-07  3.07982068e-06 
 5.58260588e-07 -1.10461605e-06  5.58260588e-07 -3.28021820e-06 
 5.58310588e-07  1.21146686e-06  5.58310588e-07  3.50890585e-06 
 5.58360588e-07 -1.07703320e-06  5.58360588e-07 -3.70112326e-06 
 5.58410588e-07  1.18419602e-06  5.58410588e-07  3.92174690e-06 
 5.58460588e-07 -1.05007262e-06  5.58460588e-07 -4.10600949e-06 
 5.58510588e-07  1.15754038e-06  5.58510588e-07  4.31879145e-06 
 5.58560588e-07 -1.02372031e-06  5.58560588e-07 -4.49531917e-06 
 5.58610588e-07  1.13148615e-06  5.58610588e-07  4.70047666e-06 
 5.58660588e-07 -9.97962528e-07  5.58660588e-07 -4.86948428e-06 
 5.58710588e-07  1.10601974e-06  5.58710588e-07  5.06722925e-06 
 5.58760588e-07 -9.72785908e-07  5.58760588e-07 -5.22892641e-06 
 5.58810588e-07  1.08112797e-06  5.58810588e-07  5.41946581e-06 
 5.58860588e-07 -9.48177416e-07  5.58860588e-07 -5.57405721e-06 
 5.58910588e-07  1.05679795e-06  5.58910588e-07  5.75759300e-06 
 5.58960588e-07 -9.24124309e-07  5.58960588e-07 -5.90527837e-06 
 5.59010588e-07  1.03301705e-06  5.59010588e-07  6.08200770e-06 
 5.59060588e-07 -9.00614123e-07  5.59060588e-07 -6.22298199e-06 
 5.59110588e-07  1.00977300e-06  5.59110588e-07  6.39309721e-06 
 5.59160588e-07 -8.77634722e-07  5.59160588e-07 -6.52755061e-06 
 5.59210588e-07  9.87053771e-07  5.59210588e-07  6.69123946e-06 
 5.59260588e-07 -8.55174218e-07  5.59260588e-07 -6.81935758e-06 
 5.59310588e-07  9.64847656e-07  5.59310588e-07  6.97680315e-06 
 5.59360588e-07 -8.33221052e-07  5.59360588e-07 -7.09876706e-06 
 5.59410588e-07  9.43143208e-07  5.59410588e-07  7.25014799e-06 
 5.59460588e-07 -8.11763931e-07  5.59460588e-07 -7.36613433e-06 
 5.59510588e-07  9.21929242e-07  5.59510588e-07  7.51162491e-06 
 5.59560588e-07 -7.90791719e-07  5.59560588e-07 -7.62180594e-06 
 5.59610588e-07  9.01194756e-07  5.59610588e-07  7.76157614e-06 
 5.59660588e-07 -7.70293660e-07  5.59660588e-07 -7.86611990e-06 
 5.59710588e-07  8.80929179e-07  5.59710588e-07  8.00033543e-06 
 5.59760588e-07 -7.50259221e-07  5.59760588e-07 -8.09940577e-06 
 5.59810588e-07  8.61122041e-07  5.59810588e-07  8.22822831e-06 
 5.59860588e-07 -7.30678096e-07  5.59860588e-07 -8.32198501e-06 
 5.59910588e-07  8.41763141e-07  5.59910588e-07  8.44557218e-06 
 5.59955294e-07 -7.10420668e-07  5.59955294e-07 -8.54641620e-06 
 5.60000000e-07  8.20630519e-07  5.60000000e-07  8.67653950e-06 
 5.60005000e-07  2.12649438e-05  5.60005000e-07  2.67563290e-04 
 5.60015000e-07 -4.57209537e-06  5.60015000e-07  4.67114488e-05 
 5.60035000e-07 -1.40837747e-05  5.60035000e-07 -8.13117611e-05 
 5.60075000e-07  1.06808649e-05  5.60075000e-07 -1.12069666e-04 
 5.60125000e-07 -5.86423960e-05  5.60125000e-07 -2.12701229e-04 
 5.60162500e-07 -1.25266040e-04  5.60162500e-07 -5.65288272e-04 
 5.60200000e-07  8.24038502e-04  5.60200000e-07  3.28029115e-04 
 5.60205000e-07  5.92452343e-04  5.60205000e-07  1.85834075e-04 
 5.60215000e-07 -2.64204860e-04  5.60215000e-07  5.51086760e-04 
 5.60235000e-07 -5.94327582e-04  5.60235000e-07  1.47389334e-03 
 5.60275000e-07  2.79417033e-04  5.60275000e-07  2.17693855e-03 
 5.60318862e-07 -1.60050596e-04  5.60318862e-07 -2.98206152e-03 
 5.60364728e-07  1.05740041e-04  5.60364728e-07  2.90608149e-04 
 5.60414728e-07 -7.68242073e-05  5.60414728e-07 -1.77661587e-04 
 5.60464728e-07  5.79208395e-05  5.60464728e-07  3.02492682e-04 
 5.60514728e-07 -4.44652618e-05  5.60514728e-07 -1.49795083e-04 
 5.60564728e-07  3.49030973e-05  5.60564728e-07  1.20866271e-04 
 5.60614728e-07 -2.75675143e-05  5.60614728e-07 -7.08915778e-05 
 5.60664728e-07  2.22345774e-05  5.60664728e-07  4.18091155e-05 
 5.60714728e-07 -1.79296166e-05  5.60714728e-07 -1.68928338e-05 
 5.60764728e-07  1.48039964e-05  5.60764728e-07 -1.59075169e-06 
 5.60814728e-07 -1.21387676e-05  5.60814728e-07  1.62797776e-05 
 5.60864728e-07  1.02353032e-05  5.60864728e-07 -2.77505131e-05 
 5.60914728e-07 -8.49072278e-06  5.60914728e-07  3.68255227e-05 
 5.60964728e-07  7.28950566e-06  5.60964728e-07 -4.39354087e-05 
 5.61014728e-07 -6.08285023e-06  5.61014728e-07  4.95317622e-05 
 5.61064728e-07  5.29950498e-06  5.61064728e-07 -5.38334616e-05 
 5.61114728e-07 -4.41960437e-06  5.61114728e-07  5.71531430e-05 
 5.61164728e-07  3.89530884e-06  5.61164728e-07 -5.95942658e-05 
 5.61214728e-07 -3.22251362e-06  5.61214728e-07  6.13928756e-05 
 5.61264728e-07  2.86603462e-06  5.61264728e-07 -6.25875059e-05 
 5.61314728e-07 -2.33046851e-06  5.61314728e-07  6.33661504e-05 
 5.61364728e-07  2.08762910e-06  5.61364728e-07 -6.37277971e-05 
 5.61414728e-07 -1.64700701e-06  5.61414728e-07  6.38278551e-05 
 5.61464728e-07  1.48438964e-06  5.61464728e-07 -6.36399122e-05 
 5.61514728e-07 -1.11208781e-06  5.61514728e-07  6.32962827e-05 
 5.61564728e-07  1.00821662e-06  5.61564728e-07 -6.27538313e-05 
 5.61614728e-07 -6.86761076e-07  5.61614728e-07  6.21281246e-05 
 5.61664728e-07  6.27248958e-07  5.61664728e-07 -6.13649757e-05 
 5.61714728e-07 -3.44693903e-07  5.61714728e-07  6.05676668e-05 
 5.61764728e-07  3.19532532e-07  5.61764728e-07 -5.96764189e-05 
 5.61814728e-07 -6.74147895e-08  5.61814728e-07  5.87795697e-05 
 5.61864728e-07  6.93241586e-08  5.61864728e-07 -5.78185948e-05 
 5.61914728e-07  1.58627008e-07  5.61914728e-07  5.68773077e-05 
 5.61957364e-07 -1.50846655e-07  5.61957364e-07 -5.57192511e-05 
 5.62000000e-07  3.71847311e-07  5.62000000e-07  5.45945204e-05 
 5.62005000e-07 -7.26465110e-08  5.62005000e-07  2.96048712e-06 
 5.62015000e-07  7.82187007e-08  5.62015000e-07 -3.35044683e-06 
 5.62035000e-07  6.28745249e-08  5.62035000e-07  2.96824885e-06 
 5.62075000e-07  6.64866271e-08  5.62075000e-07 -2.67213448e-06 
 5.62125000e-07  4.13932785e-08  5.62125000e-07  2.56746513e-06 
 5.62162500e-07  9.64029181e-08  5.62162500e-07 -2.45812260e-06 
 5.62200000e-07  1.14366800e-08  5.62200000e-07  2.35417451e-06 
 5.62205000e-07  4.55514244e-08  5.62205000e-07  1.10619409e-08 
 5.62215000e-07  1.24796042e-07  5.62215000e-07  5.69101406e-07 
 5.62235000e-07 -5.25406785e-09  5.62235000e-07 -5.68651053e-07 
 5.62275000e-07  1.15039793e-07  5.62275000e-07  4.43365420e-07 
 5.62325000e-07  1.81846243e-08  5.62325000e-07 -3.45146825e-07 
 5.62375000e-07  8.90854296e-08  5.62375000e-07  3.27496588e-07 
 5.62425000e-07  4.40440986e-08  5.62425000e-07 -2.79987433e-07 
 5.62475000e-07  6.56985471e-08  5.62475000e-07  2.57770659e-07 
 5.62525000e-07  6.40824151e-08  5.62525000e-07 -2.04657514e-07 
 5.62575000e-07  4.91335527e-08  5.62575000e-07  1.84552450e-07 
 5.62625000e-07  7.73710383e-08  5.62625000e-07 -1.33940664e-07 
 5.62675000e-07  3.87914705e-08  5.62675000e-07  1.17304225e-07 
 5.62725000e-07  8.51392714e-08  5.62725000e-07 -7.06031646e-08 
 5.62775000e-07  3.32257857e-08  5.62775000e-07  5.80202784e-08 
 5.62825000e-07  8.88508195e-08  5.62825000e-07 -1.54813218e-08 
 5.62875000e-07  3.10526947e-08  5.62875000e-07  7.02665709e-09 
 5.62925000e-07  8.97650507e-08  5.62925000e-07  3.14558052e-08 
 5.62975000e-07  3.11536421e-08  5.62975000e-07 -3.59854268e-08 
 5.63025000e-07  8.88586371e-08  5.63025000e-07  7.07032862e-08 
 5.63075000e-07  3.26869954e-08  5.63075000e-07 -7.16543697e-08 
 5.63125000e-07  8.68489218e-08  5.63125000e-07  1.02993888e-07 
 5.63175000e-07  3.50471263e-08  5.63175000e-07 -1.00775447e-07 
 5.63225000e-07  8.42428276e-08  5.63225000e-07  1.29156992e-07 
 5.63275000e-07  3.78133347e-08  5.63275000e-07 -1.24190831e-07 
 5.63325000e-07  8.13864348e-08  5.63325000e-07  1.50030495e-07 
 5.63375000e-07  4.07035030e-08  5.63375000e-07 -1.42721371e-07 
 5.63425000e-07  7.85074029e-08  5.63425000e-07  1.66408447e-07 
 5.63475000e-07  4.35361602e-08  5.63475000e-07 -1.57127427e-07 
 5.63525000e-07  7.57483083e-08  5.63525000e-07  1.79012855e-07 
 5.63575000e-07  4.62011973e-08  5.63575000e-07 -1.68089584e-07 
 5.63625000e-07  7.31922239e-08  5.63625000e-07  1.88481190e-07 
 5.63675000e-07  4.86379815e-08  5.63675000e-07 -1.76201727e-07 
 5.63725000e-07  7.08814310e-08  5.63725000e-07  1.95364156e-07 
 5.63775000e-07  5.08191642e-08  5.63775000e-07 -1.81972316e-07 
 5.63825000e-07  6.88310162e-08  5.63825000e-07  2.00129453e-07 
 5.63875000e-07  5.27395104e-08  5.63875000e-07 -1.85830132e-07 
 5.63925000e-07  6.70385609e-08  5.63925000e-07  2.03168925e-07 
 5.63975000e-07  5.44074699e-08  5.63975000e-07 -1.88132341e-07 
 5.64025000e-07  6.54908863e-08  5.64025000e-07  2.04807417e-07 
 5.64075000e-07  5.58396822e-08  5.64075000e-07 -1.89173735e-07 
 5.64125000e-07  6.41688316e-08  5.64125000e-07  2.05311892e-07 
 5.64175000e-07  5.70571128e-08  5.64175000e-07 -1.89195540e-07 
 5.64225000e-07  6.30503141e-08  5.64225000e-07  2.04900016e-07 
 5.64275000e-07  5.80824753e-08  5.64275000e-07 -1.88394115e-07 
 5.64325000e-07  6.21124229e-08  5.64325000e-07  2.03748671e-07 
 5.64375000e-07  5.89384651e-08  5.64375000e-07 -1.86928470e-07 
 5.64425000e-07  6.13328817e-08  5.64425000e-07  2.02000731e-07 
 5.64475000e-07  5.96468673e-08  5.64475000e-07 -1.84926976e-07 
 5.64525000e-07  6.06905808e-08  5.64525000e-07  1.99771479e-07 
 5.64575000e-07  6.02278833e-08  5.64575000e-07 -1.82493077e-07 
 5.64625000e-07  6.01662663e-08  5.64625000e-07  1.97153756e-07 
 5.64675000e-07  6.06998021e-08  5.64675000e-07 -1.79710207e-07 
 5.64725000e-07  5.97426356e-08  5.64725000e-07  1.94222461e-07 
 5.64775000e-07  6.10790076e-08  5.64775000e-07 -1.76645617e-07 
 5.64825000e-07  5.94042913e-08  5.64825000e-07  1.91038145e-07 
 5.64875000e-07  6.13798531e-08  5.64875000e-07 -1.73353739e-07 
 5.64925000e-07  5.91377883e-08  5.64925000e-07  1.87649781e-07 
 5.64975000e-07  6.16149039e-08  5.64975000e-07 -1.69878882e-07 
 5.65025000e-07  5.89314870e-08  5.65025000e-07  1.84097416e-07 
 5.65075000e-07  6.17949756e-08  5.65075000e-07 -1.66257237e-07 
 5.65125000e-07  5.87753278e-08  5.65125000e-07  1.80413937e-07 
 5.65175000e-07  6.19293675e-08  5.65175000e-07 -1.62518666e-07 
 5.65225000e-07  5.86607336e-08  5.65225000e-07  1.76626447e-07 
 5.65275000e-07  6.20259715e-08  5.65275000e-07 -1.58687881e-07 
 5.65325000e-07  5.85804522e-08  5.65325000e-07  1.72757607e-07 
 5.65375000e-07  6.20914970e-08  5.65375000e-07 -1.54785756e-07 
 5.65425000e-07  5.85282541e-08  5.65425000e-07  1.68826559e-07 
 5.65475000e-07  6.21316282e-08  5.65475000e-07 -1.50829854e-07 
 5.65525000e-07  5.84990018e-08  5.65525000e-07  1.64849646e-07 
 5.65575000e-07  6.21510971e-08  5.65575000e-07 -1.46835446e-07 
 5.65625000e-07  5.84883322e-08  5.65625000e-07  1.60841000e-07 
 5.65675000e-07  6.21538776e-08  5.65675000e-07 -1.42815623e-07 
 5.65725000e-07  5.84926310e-08  5.65725000e-07  1.56812821e-07 
 5.65775000e-07  6.21432719e-08  5.65775000e-07 -1.38781811e-07 
 5.65825000e-07  5.85088326e-08  5.65825000e-07  1.52775917e-07 
 5.65875000e-07  6.21220603e-08  5.65875000e-07 -1.34744105e-07 
 5.65925000e-07  5.85345061e-08  5.65925000e-07  1.48739652e-07 
 5.65975000e-07  6.20924565e-08  5.65975000e-07 -1.30711401e-07 
 5.66025000e-07  5.85675459e-08  5.66025000e-07  1.44712453e-07 
 5.66075000e-07  6.20564047e-08  5.66075000e-07 -1.26691657e-07 
 5.66125000e-07  5.86062336e-08  5.66125000e-07  1.40701958e-07 
 5.66175000e-07  6.20154502e-08  5.66175000e-07 -1.22692033e-07 
 5.66225000e-07  5.86491666e-08  5.66225000e-07  1.36714808e-07 
 5.66275000e-07  6.19708164e-08  5.66275000e-07 -1.18718892e-07 
 5.66325000e-07  5.86952332e-08  5.66325000e-07  1.32757139e-07 
 5.66375000e-07  6.19235394e-08  5.66375000e-07 -1.14778070e-07 
 5.66425000e-07  5.87434841e-08  5.66425000e-07  1.28834449e-07 
 5.66475000e-07  6.18744930e-08  5.66475000e-07 -1.10874728e-07 
 5.66525000e-07  5.87931631e-08  5.66525000e-07  1.24951618e-07 
 5.66575000e-07  6.18243344e-08  5.66575000e-07 -1.07013559e-07 
 5.66625000e-07  5.88436749e-08  5.66625000e-07  1.21113151e-07 
 5.66675000e-07  6.17736171e-08  5.66675000e-07 -1.03198737e-07 
 5.66725000e-07  5.88944986e-08  5.66725000e-07  1.17322920e-07 
 5.66775000e-07  6.17227782e-08  5.66775000e-07 -9.94340315e-08 
 5.66825000e-07  5.89452397e-08  5.66825000e-07  1.13584570e-07 
 5.66875000e-07  6.16721922e-08  5.66875000e-07 -9.57228012e-08 
 5.66925000e-07  5.89956146e-08  5.66925000e-07  1.09901220e-07 
 5.66975000e-07  6.16221059e-08  5.66975000e-07 -9.20680191e-08 
 5.67025000e-07  5.90453601e-08  5.67025000e-07  1.06275650e-07 
 5.67075000e-07  6.15727371e-08  5.67075000e-07 -8.84722831e-08 
 5.67125000e-07  5.90942976e-08  5.67125000e-07  1.02710320e-07 
 5.67175000e-07  6.15242680e-08  5.67175000e-07 -8.49378867e-08 
 5.67225000e-07  5.91422820e-08  5.67225000e-07  9.92073536e-08 
 5.67275000e-07  6.14768276e-08  5.67275000e-07 -8.14667975e-08 
 5.67325000e-07  5.91891578e-08  5.67325000e-07  9.57685499e-08 
 5.67375000e-07  6.14304971e-08  5.67375000e-07 -7.80607379e-08 
 5.67425000e-07  5.92349052e-08  5.67425000e-07  9.23955679e-08 
 5.67475000e-07  6.13853455e-08  5.67475000e-07 -7.47210954e-08 
 5.67525000e-07  5.92794598e-08  5.67525000e-07  8.90896085e-08 
 5.67575000e-07  6.13414325e-08  5.67575000e-07 -7.14490806e-08 
 5.67625000e-07  5.93227310e-08  5.67625000e-07  8.58517596e-08 
 5.67675000e-07  6.12987881e-08  5.67675000e-07 -6.82456426e-08 
 5.67725000e-07  5.93647374e-08  5.67725000e-07  8.26828895e-08 
 5.67775000e-07  6.12574090e-08  5.67775000e-07 -6.51114684e-08 
 5.67825000e-07  5.94054973e-08  5.67825000e-07  7.95835646e-08 
 5.67875000e-07  6.12172892e-08  5.67875000e-07 -6.20471325e-08 
 5.67925000e-07  5.94449674e-08  5.67925000e-07  7.65542793e-08 
 5.67975000e-07  6.11784660e-08  5.67975000e-07 -5.90529499e-08 
 5.68025000e-07  5.94831481e-08  5.68025000e-07  7.35952569e-08 
 5.68075000e-07  6.11409168e-08  5.68075000e-07 -5.61290932e-08 
 5.68125000e-07  5.95200687e-08  5.68125000e-07  7.07065989e-08 
 5.68175000e-07  6.11046195e-08  5.68175000e-07 -5.32756377e-08 
 5.68225000e-07  5.95557670e-08  5.68225000e-07  6.78882854e-08 
 5.68275000e-07  6.10695248e-08  5.68275000e-07 -5.04924061e-08 
 5.68325000e-07  5.95902344e-08  5.68325000e-07  6.51400961e-08 
 5.68375000e-07  6.10356578e-08  5.68375000e-07 -4.77791876e-08 
 5.68425000e-07  5.96235256e-08  5.68425000e-07  6.24617294e-08 
 5.68475000e-07  6.10029551e-08  5.68475000e-07 -4.51355706e-08 
 5.68525000e-07  5.96556392e-08  5.68525000e-07  5.98527634e-08 
 5.68575000e-07  6.09714084e-08  5.68575000e-07 -4.25611136e-08 
 5.68625000e-07  5.96866301e-08  5.68625000e-07  5.73126577e-08 
 5.68675000e-07  6.09409932e-08  5.68675000e-07 -4.00552170e-08 
 5.68725000e-07  5.97164847e-08  5.68725000e-07  5.48407836e-08 
 5.68775000e-07  6.09116576e-08  5.68775000e-07 -3.76172167e-08 
 5.68825000e-07  5.97452892e-08  5.68825000e-07  5.24364841e-08 
 5.68875000e-07  6.08834013e-08  5.68875000e-07 -3.52463865e-08 
 5.68925000e-07  5.97730228e-08  5.68925000e-07  5.00989347e-08 
 5.68975000e-07  6.08561600e-08  5.68975000e-07 -3.29418759e-08 
 5.69025000e-07  5.97997841e-08  5.69025000e-07  4.78272456e-08 
 5.69075000e-07  6.08299104e-08  5.69075000e-07 -3.07028304e-08 
 5.69125000e-07  5.98255089e-08  5.69125000e-07  4.56205957e-08 
 5.69175000e-07  6.08046657e-08  5.69175000e-07 -2.85283092e-08 
 5.69225000e-07  5.98502958e-08  5.69225000e-07  4.34779578e-08 
 5.69275000e-07  6.07803386e-08  5.69275000e-07 -2.64173133e-08 
 5.69325000e-07  5.98741445e-08  5.69325000e-07  4.13983851e-08 
 5.69375000e-07  6.07569527e-08  5.69375000e-07 -2.43688836e-08 
 5.69425000e-07  5.98971164e-08  5.69425000e-07  3.93807674e-08 
 5.69475000e-07  6.07344012e-08  5.69475000e-07 -2.23818579e-08 
 5.69525000e-07  5.99192284e-08  5.69525000e-07  3.74240623e-08 
 5.69575000e-07  6.07127333e-08  5.69575000e-07 -2.04551767e-08 
 5.69625000e-07  5.99404556e-08  5.69625000e-07  3.55271643e-08 
 5.69675000e-07  6.06919105e-08  5.69675000e-07 -1.85877447e-08 
 5.69725000e-07  5.99608949e-08  5.69725000e-07  3.36889047e-08 
 5.69775000e-07  6.06718624e-08  5.69775000e-07 -1.67783883e-08 
 5.69825000e-07  5.99805455e-08  5.69825000e-07  3.19081533e-08 
 5.69875000e-07  6.06526012e-08  5.69875000e-07 -1.50259640e-08 
 5.69925000e-07  5.99994385e-08  5.69925000e-07  3.01837467e-08 
 5.69962500e-07  6.06310655e-08  5.69962500e-07 -1.30518249e-08 
 5.70000000e-07  6.00234680e-08  5.70000000e-07  2.79701288e-08 
 5.70005000e-07 -1.13136255e-05  5.70005000e-07 -9.36168361e-05 
 5.70015000e-07  8.08752730e-06  5.70015000e-07  9.34852408e-06 
 5.70035000e-07  3.53266666e-06  5.70035000e-07  2.50600119e-05 
 5.70075000e-07 -5.42283264e-06  5.70075000e-07  2.31067490e-05 
 5.70125000e-07  3.34126547e-05  5.70125000e-07  2.18475198e-04 
 5.70162500e-07  1.55606871e-05  5.70162500e-07  2.53194817e-04 
 5.70200000e-07 -4.39507237e-04  5.70200000e-07 -1.92666491e-04 
 5.70205000e-07 -4.43472730e-04  5.70205000e-07 -4.95098901e-04 
 5.70215000e-07  6.60128801e-06  5.70215000e-07 -1.09948889e-03 
 5.70235000e-07  7.48981625e-04  5.70235000e-07 -1.64281285e-03 
 5.70271173e-07 -4.10774788e-04  5.70271173e-07 -4.77559609e-04 
 5.70314695e-07  1.96696680e-04  5.70314695e-07  1.88690405e-03 
 5.70360587e-07 -7.51415142e-05  5.70360587e-07 -3.61557607e-05 
 5.70410587e-07  7.54881604e-06  5.70410587e-07 -9.74432877e-05 
 5.70460587e-07  3.55656334e-05  5.70460587e-07 -1.43460765e-04 
 5.70510587e-07 -6.27900632e-05  5.70510587e-07  2.96498096e-05 
 5.70560587e-07  7.95977711e-05  5.70560587e-07 -4.29251535e-05 
 5.70610587e-07 -8.89902303e-05  5.70610587e-07  8.00119776e-06 
 5.70660587e-07  9.34603426e-05  5.70660587e-07  5.90949151e-06 
 5.70710587e-07 -9.41775368e-05  5.70710587e-07 -2.36979763e-05 
 5.70760587e-07  9.26430747e-05  5.70760587e-07  3.65064817e-05 
 5.70810587e-07 -8.91473835e-05  5.70810587e-07 -4.80143361e-05 
 5.70860587e-07  8.48543784e-05  5.70860587e-07  5.73296915e-05 
 5.70910587e-07 -7.96119544e-05  5.70910587e-07 -6.51307020e-05 
 5.70960587e-07  7.42730963e-05  5.70960587e-07  7.15430817e-05 
 5.71010587e-07 -6.85548758e-05  5.71010587e-07 -7.67600703e-05 
 5.71060587e-07  6.31060810e-05  5.71060587e-07  8.10016852e-05 
 5.71110587e-07 -5.75652442e-05  5.71110587e-07 -8.43425780e-05 
 5.71160587e-07  5.24748537e-05  5.71160587e-07  8.69867122e-05 
 5.71210587e-07 -4.74219592e-05  5.71210587e-07 -8.89566054e-05 
 5.71260587e-07  4.28961377e-05  5.71260587e-07  9.04306668e-05 
 5.71310587e-07 -3.84509177e-05  5.71310587e-07 -9.14002763e-05 
 5.71360587e-07  3.45515877e-05  5.71360587e-07  9.20216160e-05 
 5.71410587e-07 -3.07304267e-05  5.71410587e-07 -9.22653363e-05 
 5.71460587e-07  2.74433633e-05  5.71460587e-07  9.22697185e-05 
 5.71510587e-07 -2.42097523e-05  5.71510587e-07 -9.19911448e-05 
 5.71560587e-07  2.14836539e-05  5.71560587e-07  9.15536780e-05 
 5.71610587e-07 -1.87770324e-05  5.71610587e-07 -9.09038228e-05 
 5.71660587e-07  1.65456002e-05  5.71660587e-07  9.01543563e-05 
 5.71710587e-07 -1.42975122e-05  5.71710587e-07 -8.92449994e-05 
 5.71760587e-07  1.24915764e-05  5.71760587e-07  8.82795479e-05 
 5.71810587e-07 -1.06343790e-05  5.71810587e-07 -8.71931506e-05 
 5.71860587e-07  9.18821457e-06  5.71860587e-07  8.60824308e-05 
 5.71910587e-07 -7.65944306e-06  5.71910587e-07 -8.48795502e-05 
 5.71960587e-07  6.51372864e-06  5.71960587e-07  8.36753831e-05 
 5.72010587e-07 -5.25796114e-06  5.72010587e-07 -8.24002375e-05 
 5.72060587e-07  4.36083805e-06  5.72060587e-07  8.11403599e-05 
 5.72110587e-07 -3.33016102e-06  5.72110587e-07 -7.98250087e-05 
 5.72160587e-07  2.63725275e-06  5.72160587e-07  7.85366896e-05 
 5.72210587e-07 -1.79097856e-06  5.72210587e-07 -7.72041737e-05 
 5.72260587e-07  1.26487911e-06  5.72260587e-07  7.59069286e-05 
 5.72310587e-07 -5.68899377e-07  5.72310587e-07 -7.45736260e-05 
 5.72360587e-07  1.78424547e-07  5.72360587e-07  7.32812525e-05 
 5.72410587e-07  3.95579883e-07  5.72410587e-07 -7.19586404e-05 
 5.72460587e-07 -6.76211470e-07  5.72460587e-07  7.06807400e-05 
 5.72510587e-07  1.15158041e-06  5.72510587e-07 -6.93767112e-05 
 5.72560587e-07 -1.34354616e-06  5.72560587e-07  6.81198235e-05 
 5.72610587e-07  1.73940481e-06  5.72610587e-07 -6.68396658e-05 
 5.72660587e-07 -1.86001168e-06  5.72660587e-07  6.56081118e-05 
 5.72710587e-07  2.19195945e-06  5.72710587e-07 -6.43552334e-05 
 5.72760587e-07 -2.25529316e-06  5.72760587e-07  6.31517390e-05 
 5.72810587e-07  2.53600583e-06  5.72810587e-07 -6.19282050e-05 
 5.72860587e-07 -2.55349163e-06  5.72860587e-07  6.07543606e-05 
 5.72910587e-07  2.79323736e-06  5.72910587e-07 -5.95612860e-05 
 5.72960587e-07 -2.77411632e-06  5.72960587e-07  5.84178835e-05 
 5.73010587e-07  2.98119099e-06  5.73010587e-07 -5.72557208e-05 
 5.73060587e-07 -2.93291953e-06  5.73060587e-07  5.61429986e-05 
 5.73110587e-07  3.11401042e-06  5.73110587e-07 -5.50117462e-05 
 5.73160587e-07 -3.04259233e-06  5.73160587e-07  5.39295665e-05 
 5.73210587e-07  3.20307937e-06  5.73210587e-07 -5.28289193e-05 
 5.73260587e-07 -3.11333978e-06  5.73260587e-07  5.17768952e-05 
 5.73310587e-07  3.25754343e-06  5.73310587e-07 -5.07063511e-05 
 5.73360587e-07 -3.15335370e-06  5.73360587e-07  4.96839374e-05 
 5.73410587e-07  3.28473789e-06  5.73410587e-07 -4.86428728e-05 
 5.73460587e-07 -3.16919920e-06  5.73460587e-07  4.76494288e-05 
 5.73510587e-07  3.29053691e-06  5.73510587e-07 -4.66371514e-05 
 5.73560587e-07 -3.16612973e-06  5.73560587e-07  4.56719849e-05 
 5.73610587e-07  3.27963741e-06  5.73610587e-07 -4.46877693e-05 
 5.73660587e-07 -3.14834280e-06  5.73660587e-07  4.37501662e-05 
 5.73710587e-07  3.25578951e-06  5.73710587e-07 -4.27932780e-05 
 5.73760587e-07 -3.11918725e-06  5.73760587e-07  4.18825216e-05 
 5.73810587e-07  3.22198279e-06  5.73810587e-07 -4.09522327e-05 
 5.73860587e-07 -3.08133078e-06  5.73860587e-07  4.00676163e-05 
 5.73910587e-07  3.18059686e-06  5.73910587e-07 -3.91632144e-05 
 5.73960587e-07 -3.03689498e-06  5.73960587e-07  3.83040489e-05 
 5.74010587e-07  3.13352252e-06  5.74010587e-07 -3.74248429e-05 
 5.74060587e-07 -2.98756407e-06  5.74060587e-07  3.65904605e-05 
 5.74110587e-07  3.08225934e-06  5.74110587e-07 -3.57357833e-05 
 5.74160587e-07 -2.93467248e-06  5.74160587e-07  3.49255392e-05 
 5.74210587e-07  3.02799420e-06  5.74210587e-07 -3.40947482e-05 
 5.74260587e-07 -2.87927520e-06  5.74260587e-07  3.33080213e-05 
 5.74310587e-07  2.97166423e-06  5.74310587e-07 -3.25004982e-05 
 5.74360587e-07 -2.82220403e-06  5.74360587e-07  3.17366901e-05 
 5.74410587e-07  2.91400723e-06  5.74410587e-07 -3.09518399e-05 
 5.74460587e-07 -2.76411280e-06  5.74460587e-07  3.02103737e-05 
 5.74510587e-07  2.85560211e-06  5.74510587e-07 -2.94476231e-05 
 5.74560587e-07 -2.70551366e-06  5.74560587e-07  2.87279423e-05 
 5.74610587e-07  2.79690146e-06  5.74610587e-07 -2.79867381e-05 
 5.74660587e-07 -2.64680598e-06  5.74660587e-07  2.72883046e-05 
 5.74710587e-07  2.73825714e-06  5.74710587e-07 -2.65681124e-05 
 5.74760587e-07 -2.58829939e-06  5.74760587e-07  2.58904056e-05 
 5.74810587e-07  2.67994130e-06  5.74810587e-07 -2.51907078e-05 
 5.74860587e-07 -2.53023248e-06  5.74860587e-07  2.45332225e-05 
 5.74910587e-07  2.62216253e-06  5.74910587e-07 -2.38535173e-05 
 5.74960587e-07 -2.47278735e-06  5.74960587e-07  2.32157629e-05 
 5.75010587e-07  2.56507940e-06  5.75010587e-07 -2.25555629e-05 
 5.75060587e-07 -2.41610155e-06  5.75060587e-07  2.19370620e-05 
 5.75110587e-07  2.50881071e-06  5.75110587e-07 -2.12958929e-05 
 5.75160587e-07 -2.36027722e-06  5.75160587e-07  2.06961806e-05 
 5.75210587e-07  2.45344389e-06  5.75210587e-07 -2.00735803e-05 
 5.75260587e-07 -2.30538876e-06  5.75260587e-07  1.94922029e-05 
 5.75310587e-07  2.39904173e-06  5.75310587e-07 -1.88877208e-05 
 5.75360587e-07 -2.25148872e-06  5.75360587e-07  1.83242355e-05 
 5.75410587e-07  2.34564768e-06  5.75410587e-07 -1.77374316e-05 
 5.75460587e-07 -2.19861246e-06  5.75460587e-07  1.71914055e-05 
 5.75510587e-07  2.29328997e-06  5.75510587e-07 -1.66218500e-05 
 5.75560587e-07 -2.14678192e-06  5.75560587e-07  1.60928597e-05 
 5.75610587e-07  2.24198494e-06  5.75610587e-07 -1.55401322e-05 
 5.75660587e-07 -2.09600855e-06  5.75660587e-07  1.50277636e-05 
 5.75710587e-07  2.19173979e-06  5.75710587e-07 -1.44914528e-05 
 5.75760587e-07 -2.04629578e-06  5.75760587e-07  1.39953002e-05 
 5.75810587e-07  2.14255458e-06  5.75810587e-07 -1.34750038e-05 
 5.75860587e-07 -1.99764073e-06  5.75860587e-07  1.29946702e-05 
 5.75910587e-07  2.09442388e-06  5.75910587e-07 -1.24899940e-05 
 5.75960587e-07 -1.95003577e-06  5.75960587e-07  1.20250904e-05 
 5.76010587e-07  2.04733811e-06  5.76010587e-07 -1.15356487e-05 
 5.76060587e-07 -1.90346965e-06  5.76060587e-07  1.10857940e-05 
 5.76110587e-07  2.00128460e-06  5.76110587e-07 -1.06112088e-05 
 5.76160587e-07 -1.85792844e-06  5.76160587e-07  1.01760298e-05 
 5.76210587e-07  1.95624831e-06  5.76210587e-07 -9.71593108e-06 
 5.76260587e-07 -1.81339620e-06  5.76260587e-07  9.29506191e-06 
 5.76310587e-07  1.91221253e-06  5.76310587e-07 -8.84908717e-06 
 5.76360587e-07 -1.76985557e-06  5.76360587e-07  8.44216955e-06 
 5.76410587e-07  1.86915934e-06  5.76410587e-07 -8.00996381e-06 
 5.76460587e-07 -1.72728819e-06  5.76460587e-07  7.61664671e-06 
 5.76510587e-07  1.82707006e-06  5.76510587e-07 -7.19786225e-06 
 5.76560587e-07 -1.68567502e-06  5.76560587e-07  6.81780188e-06 
 5.76610587e-07  1.78592536e-06  5.76610587e-07 -6.41209826e-06 
 5.76660587e-07 -1.64499672e-06  5.76660587e-07  6.04495789e-06 
 5.76710587e-07  1.74570584e-06  5.76710587e-07 -5.65200169e-06 
 5.76760587e-07 -1.60523370e-06  5.76760587e-07  5.29745156e-06 
 5.76810587e-07  1.70639185e-06  5.76810587e-07 -4.91691648e-06 
 5.76860587e-07 -1.56636636e-06  5.76860587e-07  4.57463371e-06 
 5.76910587e-07  1.66796383e-06  5.76910587e-07 -4.20620022e-06 
 5.76960587e-07 -1.52837521e-06  5.76960587e-07  3.87586878e-06 
 5.77010587e-07  1.63040235e-06  5.77010587e-07 -3.51922422e-06 
 5.77060587e-07 -1.49124093e-06  5.77060587e-07  3.20053475e-06 
 5.77110587e-07  1.59368822e-06  5.77110587e-07 -2.85537314e-06 
 5.77160587e-07 -1.45494444e-06  5.77160587e-07  2.54802285e-06 
 5.77210587e-07  1.55780251e-06  5.77210587e-07 -2.21404479e-06 
 5.77260587e-07 -1.41946694e-06  5.77260587e-07  1.91773751e-06 
 5.77310587e-07  1.52272657e-06  5.77310587e-07 -1.59465012e-06 
 5.77360587e-07 -1.38479004e-06  5.77360587e-07  1.30909607e-06 
 5.77410587e-07  1.48844219e-06  5.77410587e-07 -9.96612926e-07 
 5.77460587e-07 -1.35089563e-06  5.77460587e-07  7.21528620e-07 
 5.77510587e-07  1.45493142e-06  5.77510587e-07 -4.19369580e-07 
 5.77560587e-07 -1.31776596e-06  5.77560587e-07  1.54477838e-07 
 5.77610587e-07  1.42217673e-06  5.77610587e-07  1.37631079e-07 
 5.77660587e-07 -1.28538372e-06  5.77660587e-07 -3.92601272e-07 
 5.77710587e-07  1.39016096e-06  5.77710587e-07  6.74927847e-07 
 5.77760587e-07 -1.25373198e-06  5.77760587e-07 -9.20241512e-07 
 5.77810587e-07  1.35886741e-06  5.77810587e-07  1.19304748e-06 
 5.77860587e-07 -1.22279414e-06  5.77860587e-07 -1.42896361e-06 
 5.77910587e-07  1.32827962e-06  5.77910587e-07  1.69250489e-06 
 5.77960587e-07 -1.19255400e-06  5.77960587e-07 -1.91927663e-06 
 5.78010587e-07  1.29838168e-06  5.78010587e-07  2.17380318e-06 
 5.78060587e-07 -1.16299580e-06  5.78060587e-07 -2.39167792e-06 
 5.78110587e-07  1.26915790e-06  5.78110587e-07  2.63743408e-06 
 5.78160587e-07 -1.13410410e-06  5.78160587e-07 -2.84665348e-06 
 5.78210587e-07  1.24059307e-06  5.78210587e-07  3.08387792e-06 
 5.78260587e-07 -1.10586380e-06  5.78260587e-07 -3.28467809e-06 
 5.78310587e-07  1.21267226e-06  5.78310587e-07  3.51360385e-06 
 5.78360587e-07 -1.07826016e-06  5.78360587e-07 -3.70621549e-06 
 5.78410587e-07  1.18538096e-06  5.78410587e-07  3.92707032e-06 
 5.78460587e-07 -1.05127892e-06  5.78460587e-07 -4.11171860e-06 
 5.78510587e-07  1.15870497e-06  5.78510587e-07  4.32472484e-06 
 5.78560587e-07 -1.02490597e-06  5.78560587e-07 -4.50162975e-06 
 5.78610587e-07  1.13263045e-06  5.78610587e-07  4.70700453e-06 
 5.78660587e-07 -9.99127637e-07  5.78660587e-07 -4.87638084e-06 
 5.78710587e-07  1.10714384e-06  5.78710587e-07  5.07433611e-06 
 5.78760587e-07 -9.73930618e-07  5.78760587e-07 -5.23639349e-06 
 5.78810587e-07  1.08223200e-06  5.78810587e-07  5.42713621e-06 
 5.78860587e-07 -9.49301781e-07  5.78860587e-07 -5.58207932e-06 
 5.78910587e-07  1.05788198e-06  5.78910587e-07  5.76581145e-06 
 5.78960587e-07 -9.25228487e-07  5.78960587e-07 -5.91384007e-06 
 5.79010587e-07  1.03408122e-06  5.79010587e-07  6.09075878e-06 
 5.79060587e-07 -9.01698217e-07  5.79060587e-07 -6.23206793e-06 
 5.79110587e-07  1.01081744e-06  5.79110587e-07  6.40236555e-06 
 5.79160587e-07 -8.78698882e-07  5.79160587e-07 -6.53714543e-06 
 5.79210587e-07  9.88078622e-07  5.79210587e-07  6.70100975e-06 
 5.79260587e-07 -8.56218592e-07  5.79260587e-07 -6.82944602e-06 
 5.79310587e-07  9.65853072e-07  5.79310587e-07  6.98706016e-06 
 5.79360587e-07 -8.34245807e-07  5.79360587e-07 -7.10933394e-06 
 5.79410587e-07  9.44129322e-07  5.79410587e-07  7.26087658e-06 
 5.79460587e-07 -8.12769169e-07  5.79460587e-07 -7.37716460e-06 
 5.79510587e-07  9.22896179e-07  5.79510587e-07  7.52281006e-06 
 5.79560587e-07 -7.91777649e-07  5.79560587e-07 -7.63328462e-06 
 5.79610587e-07  9.02142746e-07  5.79610587e-07  7.77320292e-06 
 5.79660587e-07 -7.71260449e-07  5.79660587e-07 -7.87803206e-06 
 5.79710587e-07  8.81858371e-07  5.79710587e-07  8.01238903e-06 
 5.79760587e-07 -7.51207053e-07  5.79760587e-07 -8.11173678e-06 
 5.79810587e-07  8.62032601e-07  5.79810587e-07  8.24069407e-06 
 5.79860587e-07 -7.31607129e-07  5.79860587e-07 -8.33472025e-06 
 5.79910587e-07  8.42655268e-07  5.79910587e-07  8.45843559e-06 
 5.79955294e-07 -7.11330125e-07  5.79955294e-07 -8.55956288e-06 
 5.80000000e-07  8.21502405e-07  5.80000000e-07  8.68982870e-06 
 5.80005000e-07  2.12645291e-05  5.80005000e-07  2.67521321e-04 
 5.80015000e-07 -4.57204479e-06  5.80015000e-07  4.67235199e-05 
 5.80035000e-07 -1.40835167e-05  5.80035000e-07 -8.12981370e-05 
 5.80075000e-07  1.06805460e-05  5.80075000e-07 -1.12065082e-04 
 5.80125000e-07 -5.86403835e-05  5.80125000e-07 -2.12677826e-04 
 5.80162500e-07 -1.25264884e-04  5.80162500e-07 -5.65069858e-04 
 5.80200000e-07  8.23815445e-04  5.80200000e-07  3.27417379e-04 
 5.80205000e-07  5.92182055e-04  5.80205000e-07  1.85211716e-04 
 5.80215000e-07 -2.64382600e-04  5.80215000e-07  5.51295766e-04 
 5.80235000e-07 -5.94033281e-04  5.80235000e-07  1.47419529e-03 
 5.80275000e-07  2.79430750e-04  5.80275000e-07  2.17703115e-03 
 5.80318862e-07 -1.60059768e-04  5.80318862e-07 -2.98215989e-03 
 5.80364727e-07  1.05752714e-04  5.80364727e-07  2.90544732e-04 
 5.80414727e-07 -7.68383610e-05  5.80414727e-07 -1.77689019e-04 
 5.80464727e-07  5.79356627e-05  5.80464727e-07  3.02496206e-04 
 5.80514727e-07 -4.44802578e-05  5.80514727e-07 -1.49815615e-04 
 5.80564727e-07  3.49179628e-05  5.80564727e-07  1.20888671e-04 
 5.80614727e-07 -2.75820383e-05  5.80614727e-07 -7.09196500e-05 
 5.80664727e-07  2.22486258e-05  5.80664727e-07  4.18405872e-05 
 5.80714727e-07 -1.79464193e-05  5.80714727e-07 -1.69293296e-05 
 5.80764727e-07  1.48172585e-05  5.80764727e-07 -1.55512387e-06 
 5.80814727e-07 -1.21513033e-05  5.80814727e-07  1.62375633e-05 
 5.80864727e-07  1.02469537e-05  5.80864727e-07 -2.77058603e-05 
 5.80914727e-07 -8.50157967e-06  5.80914727e-07  3.67802423e-05 
 5.80964727e-07  7.29963094e-06  5.80964727e-07 -4.38867359e-05 
 5.81014727e-07 -6.09229258e-06  5.81014727e-07  4.94809736e-05 
 5.81064727e-07  5.30830304e-06  5.81064727e-07 -5.37806609e-05 
 5.81114727e-07 -4.42779520e-06  5.81114727e-07  5.70987108e-05 
 5.81164727e-07  3.90292576e-06  5.81164727e-07 -5.95384191e-05 
 5.81214727e-07 -3.22958967e-06  5.81214727e-07  6.13357792e-05 
 5.81264727e-07  2.87260055e-06  5.81264727e-07 -6.25293064e-05 
 5.81314727e-07 -2.33655476e-06  5.81314727e-07  6.33069433e-05 
 5.81364727e-07  2.09326423e-06  5.81364727e-07 -6.36676889e-05 
 5.81414727e-07 -1.65221917e-06  5.81414727e-07  6.37669139e-05 
 5.81464727e-07  1.48920521e-06  5.81464727e-07 -6.35782250e-05 
 5.81514727e-07 -1.11653254e-06  5.81514727e-07  6.32339050e-05 
 5.81564727e-07  1.01231457e-06  5.81564727e-07 -6.26908397e-05 
 5.81614727e-07 -6.90535538e-07  5.81614727e-07  6.20645681e-05 
 5.81664727e-07  6.30721651e-07  5.81664727e-07 -6.13009245e-05 
 5.81714727e-07 -3.47885641e-07  5.81714727e-07  6.05031656e-05 
 5.81764727e-07  3.22444741e-07  5.81764727e-07 -5.96099058e-05 
 5.81814727e-07 -7.00675730e-08  5.81814727e-07  5.87153369e-05 
 5.81864727e-07  7.17557538e-08  5.81864727e-07 -5.77534765e-05 
 5.81914727e-07  1.56387654e-07  5.81914727e-07  5.68117969e-05 
 5.81957364e-07 -1.48823423e-07  5.81957364e-07 -5.56534233e-05 
 5.82000000e-07  3.70026670e-07  5.82000000e-07  5.45285384e-05 
 5.82005000e-07 -1.76427680e-04  5.82005000e-07 -7.07645239e-04 
 5.82015000e-07 -1.78552361e-04  5.82015000e-07 -7.15617628e-04 
 5.82035000e-07 -3.04270787e-05  5.82035000e-07 -7.04615889e-04 
 5.82075000e-07 -4.65272442e-05  5.82075000e-07 -3.57074233e-03 
 5.82125000e-07 -1.48557423e-07  5.82125000e-07  1.65496311e-03 
 5.82162500e-07  6.60562940e-05  5.82162500e-07 -8.01301280e-04 
 5.82200000e-07 -7.11061800e-06  5.82200000e-07  1.19946575e-03 
 5.82205000e-07  2.52938291e-04  5.82205000e-07  3.50815335e-03 
 5.82215000e-07  1.95215692e-04  5.82215000e-07  3.53595610e-03 
 5.82235000e-07 -3.75694666e-05  5.82235000e-07  1.14518146e-03 
 5.82275000e-07  3.91039583e-05  5.82275000e-07  3.65515823e-04 
 5.82315784e-07 -3.75260142e-05  5.82315784e-07 -1.63683028e-04 
 5.82360705e-07  3.59772233e-05  5.82360705e-07  1.86321325e-04 
 5.82410705e-07 -3.40034088e-05  5.82410705e-07 -1.68589086e-04 
 5.82460705e-07  3.19322627e-05  5.82460705e-07  1.55685771e-04 
 5.82510705e-07 -2.93944337e-05  5.82510705e-07 -1.41847902e-04 
 5.82560705e-07  2.70093917e-05  5.82560705e-07  1.30765868e-04 
 5.82610705e-07 -2.44035734e-05  5.82610705e-07 -1.21081089e-04 
 5.82660705e-07  2.21427875e-05  5.82660705e-07  1.12534791e-04 
 5.82710705e-07 -1.97889918e-05  5.82710705e-07 -1.04765568e-04 
 5.82760705e-07  1.78535569e-05  5.82760705e-07  9.77702480e-05 
 5.82810705e-07 -1.58583747e-05  5.82810705e-07 -9.13569502e-05 
 5.82860705e-07  1.42870870e-05  5.82860705e-07  8.55709189e-05 
 5.82910705e-07 -1.26448633e-05  5.82910705e-07 -8.02453271e-05 
 5.82960705e-07  1.14050849e-05  5.82960705e-07  7.54381606e-05 
 5.83010705e-07 -1.00683803e-05  5.83010705e-07 -7.09944002e-05 
 5.83060705e-07  9.10610125e-06  5.83060705e-07  6.69804848e-05 
 5.83110705e-07 -8.01938830e-06  5.83110705e-07 -6.32513246e-05 
 5.83160705e-07  7.28074595e-06  5.83160705e-07  5.98800906e-05 
 5.83210705e-07 -6.39346007e-06  5.83210705e-07 -5.67302931e-05 
 5.83260705e-07  5.83208241e-06  5.83260705e-07  5.38803570e-05 
 5.83310705e-07 -5.10226051e-06  5.83310705e-07 -5.12011247e-05 
 5.83360705e-07  4.68058071e-06  5.83360705e-07  4.87750043e-05 
 5.83410705e-07 -4.07477316e-06  5.83410705e-07 -4.64790397e-05 
 5.83460705e-07  3.76315304e-06  5.83460705e-07  4.43985771e-05 
 5.83510705e-07 -3.25514107e-06  5.83510705e-07 -4.24158970e-05 
 5.83560705e-07  3.03043018e-06  5.83560705e-07  4.06184453e-05 
 5.83610705e-07 -2.59976653e-06  5.83610705e-07 -3.88929331e-05 
 5.83660705e-07  2.44391049e-06  5.83660705e-07  3.73282444e-05 
 5.83710705e-07 -2.07463452e-06  5.83710705e-07 -3.58148555e-05 
 5.83760705e-07  1.97351682e-06  5.83760705e-07  3.44425724e-05 
 5.83810705e-07 -1.65312388e-06  5.83810705e-07 -3.31050898e-05 
 5.83860705e-07  1.59565896e-06  5.83860705e-07  3.18927366e-05 
 5.83910705e-07 -1.31430595e-06  5.83910705e-07 -3.07019781e-05 
 5.83960705e-07  1.29174663e-06  5.83960705e-07  2.96233599e-05 
 5.84010705e-07 -1.04164893e-06  5.84010705e-07 -2.85557503e-05 
 5.84060705e-07  1.04706196e-06  5.84060705e-07  2.75896795e-05 
 5.84110705e-07 -8.22036694e-07  5.84110705e-07 -2.66261163e-05 
 5.84160705e-07  8.49904973e-07  5.84160705e-07  2.57554007e-05 
 5.84210705e-07 -6.45023740e-07  5.84210705e-07 -2.48803533e-05 
 5.84260705e-07  6.90942779e-07  5.84260705e-07  2.40909936e-05 
 5.84310705e-07 -5.02265656e-07  5.84310705e-07 -2.32917874e-05 
 5.84360705e-07  5.62710041e-07  5.84360705e-07  2.25723391e-05 
 5.84410705e-07 -3.87080054e-07  5.84410705e-07 -2.18385875e-05 
 5.84460705e-07  4.59222265e-07  5.84460705e-07  2.11796546e-05 
 5.84510705e-07 -2.94105241e-07  5.84510705e-07 -2.05028074e-05 
 5.84560705e-07  3.75673946e-07  5.84560705e-07  1.98966391e-05 
 5.84610705e-07 -2.19032884e-07  5.84610705e-07 -1.92696234e-05 
 5.84660705e-07  3.08201373e-07  5.84660705e-07  1.87097940e-05 
 5.84710705e-07 -1.58397209e-07  5.84710705e-07 -1.81267279e-05 
 5.84760705e-07  2.53695004e-07  5.84760705e-07  1.76078812e-05 
 5.84810705e-07 -1.09407803e-07  5.84810705e-07 -1.70638456e-05 
 5.84860705e-07  2.09650445e-07  5.84860705e-07  1.65814913e-05 
 5.84910705e-07 -6.98166461e-08  5.84910705e-07 -1.60723479e-05 
 5.84960705e-07  1.74049509e-07  5.84960705e-07  1.56226985e-05 
 5.85010705e-07 -3.78117591e-08  5.85010705e-07 -1.51449443e-05 
 5.85060705e-07  1.45265420e-07  5.85060705e-07  1.47247860e-05 
 5.85110705e-07 -1.19326591e-08  5.85110705e-07 -1.42754449e-05 
 5.85160705e-07  1.21985983e-07  5.85160705e-07  1.38820185e-05 
 5.85210705e-07  8.99981398e-09  5.85210705e-07 -1.34585239e-05 
 5.85260705e-07  1.03152724e-07  5.85260705e-07  1.30894778e-05 
 5.85310705e-07  2.59365972e-08  5.85310705e-07 -1.26896221e-05 
 5.85360705e-07  8.79108110e-08  5.85360705e-07  1.23428986e-05 
 5.85410705e-07  3.96443690e-08  5.85410705e-07 -1.19647653e-05 
 5.85460705e-07  7.55721981e-08  5.85460705e-07  1.16385933e-05 
 5.85510705e-07  5.07423039e-08  5.85510705e-07 -1.12804914e-05 
 5.85560705e-07  6.55802745e-08  5.85560705e-07  1.09733062e-05 
 5.85610705e-07  5.97300422e-08  5.85610705e-07 -1.06337533e-05 
 5.85660705e-07  5.74862502e-08  5.85660705e-07  1.03441728e-05 
 5.85710705e-07  6.70108209e-08  5.85710705e-07 -1.00218544e-05 
 5.85760705e-07  5.09277728e-08  5.85760705e-07  9.74864948e-06 
 5.85810705e-07  7.29102101e-08  5.85810705e-07 -9.44239295e-06 
 5.85860705e-07  4.56123199e-08  5.85860705e-07  9.18446433e-06 
 5.85910705e-07  7.76910767e-08  5.85910705e-07 -8.89321702e-06 
 5.85960705e-07  4.13036745e-08  5.85960705e-07  8.64957560e-06 
 5.86010705e-07  8.15652786e-08  5.86010705e-07 -8.37238180e-06 
 5.86060705e-07  3.78115103e-08  5.86060705e-07  8.14214506e-06 
 5.86110705e-07  8.47054659e-08  5.86110705e-07 -7.87814853e-06 
 5.86160705e-07  3.49803506e-08  5.86160705e-07  7.66047843e-06 
 5.86210705e-07  8.72490556e-08  5.86210705e-07 -7.40889867e-06 
 5.86260705e-07  3.26871799e-08  5.86260705e-07  7.20306458e-06 
 5.86310705e-07  8.93080494e-08  5.86310705e-07 -6.96317665e-06 
 5.86360705e-07  3.08309923e-08  5.86360705e-07  6.76849687e-06 
 5.86410705e-07  9.09729377e-08  5.86410705e-07 -6.53963884e-06 
 5.86460705e-07  2.93305459e-08  5.86460705e-07  6.35548543e-06 
 5.86510705e-07  9.23167412e-08  5.86510705e-07 -6.13704636e-06 
 5.86560705e-07  2.81201589e-08  5.86560705e-07  5.96283892e-06 
 5.86610705e-07  9.33984887e-08  5.86610705e-07 -5.75425304e-06 
 5.86660705e-07  2.71467767e-08  5.86660705e-07  5.58945331e-06 
 5.86710705e-07  9.42659047e-08  5.86710705e-07 -5.39019496e-06 
 5.86760705e-07  2.63674803e-08  5.86760705e-07  5.23430232e-06 
 5.86810705e-07  9.49576100e-08  5.86810705e-07 -5.04388190e-06 
 5.86860705e-07  2.57474766e-08  5.86860705e-07  4.89642954e-06 
 5.86910705e-07  9.55048740e-08  5.86910705e-07 -4.71438979e-06 
 5.86960705e-07  2.52586868e-08  5.86960705e-07  4.57494138e-06 
 5.87010705e-07  9.59330072e-08  5.87010705e-07 -4.40085430e-06 
 5.87060705e-07  2.48782869e-08  5.87060705e-07  4.26900107e-06 
 5.87110705e-07  9.62625121e-08  5.87110705e-07 -4.10246534e-06 
 5.87160705e-07  2.45878503e-08  5.87160705e-07  3.97782372e-06 
 5.87210705e-07  9.65100177e-08  5.87210705e-07 -3.81846223e-06 
 5.87260705e-07  2.43723462e-08  5.87260705e-07  3.70067163e-06 
 5.87310705e-07  9.66890406e-08  5.87310705e-07 -3.54812961e-06 
 5.87360705e-07  2.42196172e-08  5.87360705e-07  3.43685052e-06 
 5.87410705e-07  9.68105705e-08  5.87410705e-07 -3.29079360e-06 
 5.87460705e-07  2.41197447e-08  5.87460705e-07  3.18570593e-06 
 5.87510705e-07  9.68835580e-08  5.87510705e-07 -3.04581864e-06 
 5.87560705e-07  2.40646361e-08  5.87560705e-07  2.94662029e-06 
 5.87610705e-07  9.69152869e-08  5.87610705e-07 -2.81260470e-06 
 5.87660705e-07  2.40477053e-08  5.87660705e-07  2.71901020e-06 
 5.87710705e-07  9.69117470e-08  5.87710705e-07 -2.59058449e-06 
 5.87760705e-07  2.40635444e-08  5.87760705e-07  2.50232376e-06 
 5.87810705e-07  9.68778133e-08  5.87810705e-07 -2.37922129e-06 
 5.87860705e-07  2.41077145e-08  5.87860705e-07  2.29603875e-06 
 5.87910705e-07  9.68175349e-08  5.87910705e-07 -2.17800692e-06 
 5.87960705e-07  2.41765378e-08  5.87960705e-07  2.09966035e-06 
 5.88010705e-07  9.67342114e-08  5.88010705e-07 -1.98645971e-06 
 5.88060705e-07  2.42670301e-08  5.88060705e-07  1.91271949e-06 
 5.88110705e-07  9.66306146e-08  5.88110705e-07 -1.80412290e-06 
 5.88160705e-07  2.43766324e-08  5.88160705e-07  1.73477116e-06 
 5.88210705e-07  9.65090503e-08  5.88210705e-07 -1.63056307e-06 
 5.88260705e-07  2.45032691e-08  5.88260705e-07  1.56539301e-06 
 5.88310705e-07  9.63714119e-08  5.88310705e-07 -1.46536866e-06 
 5.88360705e-07  2.46451567e-08  5.88360705e-07  1.40418386e-06 
 5.88410705e-07  9.62193553e-08  5.88410705e-07 -1.30814873e-06 
 5.88460705e-07  2.48008141e-08  5.88460705e-07  1.25076256e-06 
 5.88510705e-07  9.60539562e-08  5.88510705e-07 -1.15853190e-06 
 5.88560705e-07  2.49692518e-08  5.88560705e-07  1.10476830e-06 
 5.88610705e-07  9.58772170e-08  5.88610705e-07 -1.01616434e-06 
 5.88660705e-07  2.51482602e-08  5.88660705e-07  9.65851563e-07 
 5.88710705e-07  9.56896411e-08  5.88710705e-07 -8.80709206e-07 
 5.88760705e-07  2.53384768e-08  5.88760705e-07  8.33690026e-07 
 5.88810705e-07  9.54915425e-08  5.88810705e-07 -7.51850616e-07 
 5.88860705e-07  2.55381601e-08  5.88860705e-07  7.07969208e-07 
 5.88910705e-07  9.52844912e-08  5.88910705e-07 -6.29280253e-07 
 5.88960705e-07  2.57466878e-08  5.88960705e-07  5.88392516e-07 
 5.89010705e-07  9.50689150e-08  5.89010705e-07 -5.12709562e-07 
 5.89060705e-07  2.59634930e-08  5.89060705e-07  4.74676993e-07 
 5.89110705e-07  9.48454116e-08  5.89110705e-07 -4.01862537e-07 
 5.89160705e-07  2.61879478e-08  5.89160705e-07  3.66553265e-07 
 5.89210705e-07  9.46145679e-08  5.89210705e-07 -2.96476338e-07 
 5.89260705e-07  2.64195642e-08  5.89260705e-07  2.63764671e-07 
 5.89310705e-07  9.43768558e-08  5.89310705e-07 -1.96300393e-07 
 5.89360705e-07  2.66578235e-08  5.89360705e-07  1.66066563e-07 
 5.89410705e-07  9.41327591e-08  5.89410705e-07 -1.01095971e-07 
 5.89460705e-07  2.69023024e-08  5.89460705e-07  7.32258413e-08 
 5.89510705e-07  9.38826889e-08  5.89510705e-07 -1.06354535e-08 
 5.89560705e-07  2.71526133e-08  5.89560705e-07 -1.49797822e-08 
 5.89610705e-07  9.36270058e-08  5.89610705e-07  7.52981336e-08 
 5.89660705e-07  2.74083820e-08  5.89660705e-07 -9.87622378e-08 
 5.89710705e-07  9.33661007e-08  5.89710705e-07  1.56911713e-07 
 5.89760705e-07  2.76692267e-08  5.89760705e-07 -1.78323624e-07 
 5.89810705e-07  9.31003159e-08  5.89810705e-07  2.34402671e-07 
 5.89860705e-07  2.79348350e-08  5.89860705e-07 -2.53856727e-07 
 5.89910705e-07  9.28299711e-08  5.89910705e-07  3.07959231e-07 
 5.89955353e-07  2.82212894e-08  5.89955353e-07 -3.29723413e-07 
 5.90000000e-07  9.25224517e-08  5.90000000e-07  3.85889777e-07 
 5.90005000e-07 -9.20332445e-06  5.90005000e-07 -7.57423816e-05 
 5.90015000e-07  8.98564500e-06  5.90015000e-07  1.78363444e-05 
 5.90035000e-07  7.54989182e-07  5.90035000e-07  2.35560230e-05 
 5.90075000e-07 -3.79102075e-06  5.90075000e-07  9.79473903e-06 
 5.90125000e-07  2.23458114e-05  5.90125000e-07  1.42312029e-04 
 5.90162500e-07  2.92100056e-06  5.90162500e-07  1.30918347e-04 
 5.90200000e-07 -2.94197215e-04  5.90200000e-07 -1.78010235e-04 
 5.90205000e-07 -2.75163256e-04  5.90205000e-07 -4.12490886e-04 
 5.90215000e-07  1.18979155e-04  5.90215000e-07 -8.49465357e-04 
 5.90235000e-07  5.59411125e-04  5.90235000e-07 -1.14587660e-03 
 5.90271745e-07 -4.50393546e-04  5.90271745e-07  1.36897790e-04 
 5.90313401e-07  2.65216042e-04  5.90313401e-07  1.21499936e-03 
 5.90358182e-07 -1.30601872e-04  5.90358182e-07 -1.03295026e-04 
 5.90408182e-07  4.90133913e-05  5.90408182e-07 -2.85183919e-04 
 5.90458182e-07  6.11839082e-06  5.90458182e-07  1.25110623e-04 
 5.90508182e-07 -4.20869806e-05  5.90508182e-07 -1.56759793e-04 
 5.90558182e-07  6.51204330e-05  5.90558182e-07  1.61676115e-04 
 5.90608182e-07 -7.88967351e-05  5.90608182e-07 -1.77381816e-04 
 5.90658182e-07  8.64885720e-05  5.90658182e-07  1.88212772e-04 
 5.90708182e-07 -8.94539622e-05  5.90708182e-07 -1.97541276e-04 
 5.90758182e-07  8.95543943e-05  5.90758182e-07  2.04433859e-04 
 5.90808182e-07 -8.72336652e-05  5.90808182e-07 -2.09360661e-04 
 5.90858182e-07  8.38080353e-05  5.90858182e-07  2.12682772e-04 
 5.90908182e-07 -7.91898699e-05  5.90908182e-07 -2.14498468e-04 
 5.90958182e-07  7.42907904e-05  5.90958182e-07  2.15161790e-04 
 5.91008182e-07 -6.88817773e-05  5.91008182e-07 -2.14749582e-04 
 5.91058182e-07  6.36465110e-05  5.91058182e-07  2.13584492e-04 
 5.91108182e-07 -5.82419286e-05  5.91108182e-07 -2.11636742e-04 
 5.91158182e-07  5.32349963e-05  5.91158182e-07  2.09201979e-04 
 5.91208182e-07 -4.82235779e-05  5.91208182e-07 -2.06223610e-04 
 5.91258182e-07  4.37109912e-05  5.91258182e-07  2.02949873e-04 
 5.91308182e-07 -3.92572693e-05  5.91308182e-07 -1.99307470e-04 
 5.91358182e-07  3.53354646e-05  5.91358182e-07  1.95508136e-04 
 5.91408182e-07 -3.14816448e-05  5.91408182e-07 -1.91467904e-04 
 5.91458182e-07  2.81561510e-05  5.91458182e-07  1.87369099e-04 
 5.91508182e-07 -2.48803698e-05  5.91508182e-07 -1.83121808e-04 
 5.91558182e-07  2.21109059e-05  5.91558182e-07  1.78884642e-04 
 5.91608182e-07 -1.93606240e-05  5.91608182e-07 -1.74564978e-04 
 5.91658182e-07  1.70867526e-05  5.91658182e-07  1.70302351e-04 
 5.91708182e-07 -1.47976303e-05  5.91708182e-07 -1.66003567e-04 
 5.91758182e-07  1.29530273e-05  5.91758182e-07  1.61792857e-04 
 5.91808182e-07 -1.10592723e-05  5.91808182e-07 -1.57577818e-04 
 5.91858182e-07  9.57933405e-06  5.91858182e-07  1.53470423e-04 
 5.91908182e-07 -8.01905424e-06  5.91908182e-07 -1.49379887e-04 
 5.91958182e-07  6.84463209e-06  5.91958182e-07  1.45408381e-04 
 5.92008182e-07 -5.56229359e-06  5.92008182e-07 -1.41467190e-04 
 5.92058182e-07  4.64121334e-06  5.92058182e-07  1.37650656e-04 
 5.92108182e-07 -3.58845635e-06  5.92108182e-07 -1.33872335e-04 
 5.92158182e-07  2.87580748e-06  5.92158182e-07  1.30220326e-04 
 5.92208182e-07 -2.01136650e-06  5.92208182e-07 -1.26610487e-04 
 5.92258182e-07  1.46914276e-06  5.92258182e-07  1.23125942e-04 
 5.92308182e-07 -7.58312197e-07  5.92308182e-07 -1.19684778e-04 
 5.92358182e-07  3.54744557e-07  5.92358182e-07  1.16366157e-04 
 5.92408182e-07  2.31353413e-07  5.92408182e-07 -1.13090260e-04 
 5.92458182e-07 -5.22576042e-07  5.92458182e-07  1.09933094e-04 
 5.92508182e-07  1.00777541e-06  5.92508182e-07 -1.06816762e-04 
 5.92558182e-07 -1.20828965e-06  5.92558182e-07  1.03814768e-04 
 5.92608182e-07  1.61213751e-06  5.92608182e-07 -1.00850944e-04 
 5.92658182e-07 -1.73963718e-06  5.92658182e-07  9.79968091e-05 
 5.92708182e-07  2.07808473e-06  5.92708182e-07 -9.51777344e-05 
 5.92758182e-07 -2.14697508e-06  5.92758182e-07  9.24636671e-05 
 5.92808182e-07  2.43298662e-06  5.92808182e-07 -8.97813322e-05 
 5.92858182e-07 -2.45495324e-06  5.92858182e-07  8.71994384e-05 
 5.92908182e-07  2.69903081e-06  5.92908182e-07 -8.46458872e-05 
 5.92958182e-07 -2.68352485e-06  5.92958182e-07  8.21884167e-05 
 5.93008182e-07  2.89415240e-06  5.93008182e-07 -7.97559423e-05 
 5.93058182e-07 -2.84879875e-06  5.93058182e-07  7.74154460e-05 
 5.93108182e-07  3.03281418e-06  5.93108182e-07 -7.50967097e-05 
 5.93158182e-07 -2.96375124e-06  5.93158182e-07  7.28661325e-05 
 5.93208182e-07  3.12665470e-06  5.93208182e-07 -7.06542300e-05 
 5.93258182e-07 -3.03881509e-06  5.93258182e-07  6.85269574e-05 
 5.93308182e-07  3.18502299e-06  5.93308182e-07 -6.64154468e-05 
 5.93358182e-07 -3.08236381e-06  5.93358182e-07  6.43853220e-05 
 5.93408182e-07  3.21541678e-06  5.93408182e-07 -6.23682275e-05 
 5.93458182e-07 -3.10110783e-06  5.93458182e-07  6.04295469e-05 
 5.93508182e-07  3.22384029e-06  5.93508182e-07 -5.85013464e-05 
 5.93558182e-07 -3.10041716e-06  5.93558182e-07  5.66488425e-05 
 5.93608182e-07  3.21509506e-06  5.93608182e-07 -5.48044445e-05 
 5.93658182e-07 -3.08458323e-06  5.93658182e-07  5.30332611e-05 
 5.93708182e-07  3.19301564e-06  5.93708182e-07 -5.12679765e-05 
 5.93758182e-07 -3.05703102e-06  5.93758182e-07  4.95736395e-05 
 5.93808182e-07  3.16066030e-06  5.93808182e-07 -4.78831507e-05 
 5.93858182e-07 -3.02049015e-06  5.93858182e-07  4.62615371e-05 
 5.93908182e-07  3.12046466e-06  5.93908182e-07 -4.46418661e-05 
 5.93958182e-07 -2.97713304e-06  5.93958182e-07  4.30891739e-05 
 5.94008182e-07  3.07436565e-06  5.94008182e-07 -4.15366520e-05 
 5.94058182e-07 -2.92868580e-06  5.94058182e-07  4.00493700e-05 
 5.94108182e-07  3.02390099e-06  5.94108182e-07 -3.85606082e-05 
 5.94158182e-07 -2.87651769e-06  5.94158182e-07  3.71354887e-05 
 5.94208182e-07  2.97028934e-06  5.94208182e-07 -3.57073505e-05 
 5.94258182e-07 -2.82171268e-06  5.94258182e-07  3.43413835e-05 
 5.94308182e-07  2.91449435e-06  5.94308182e-07 -3.29709603e-05 
 5.94358182e-07 -2.76512687e-06  5.94358182e-07  3.16613500e-05 
 5.94408182e-07  2.85727611e-06  5.94408182e-07 -3.03459382e-05 
 5.94458182e-07 -2.70743465e-06  5.94458182e-07  2.90900818e-05 
 5.94508182e-07  2.79923243e-06  5.94508182e-07 -2.78271627e-05 
 5.94558182e-07 -2.64916538e-06  5.94558182e-07  2.66226316e-05 
 5.94608182e-07  2.74083165e-06  5.94608182e-07 -2.54098532e-05 
 5.94658182e-07 -2.59073303e-06  5.94658182e-07  2.42543763e-05 
 5.94708182e-07  2.68243919e-06  5.94708182e-07 -2.30895370e-05 
 5.94758182e-07 -2.53245969e-06  5.94758182e-07  2.19809850e-05 
 5.94808182e-07  2.62433850e-06  5.94808182e-07 -2.08620197e-05 
 5.94858182e-07 -2.47459433e-06  5.94858182e-07  1.97983923e-05 
 5.94908182e-07  2.56674790e-06  5.94908182e-07 -1.87233591e-05 
 5.94958182e-07 -2.41732799e-06  5.94958182e-07  1.77027733e-05 
 5.95008182e-07  2.50983404e-06  5.95008182e-07 -1.66698429e-05 
 5.95058182e-07 -2.36080561e-06  5.95058182e-07  1.56905220e-05 
 5.95108182e-07  2.45372254e-06  5.95108182e-07 -1.46979674e-05 
 5.95158182e-07 -2.30513568e-06  5.95158182e-07  1.37582325e-05 
 5.95208182e-07  2.39850669e-06  5.95208182e-07 -1.28044204e-05 
 5.95258182e-07 -2.25039790e-06  5.95258182e-07  1.19026816e-05 
 5.95308182e-07  2.34425406e-06  5.95308182e-07 -1.09860646e-05 
 5.95358182e-07 -2.19664916e-06  5.95358182e-07  1.01208142e-05 
 5.95408182e-07  2.29101210e-06  5.95408182e-07 -9.23992405e-06 
 5.95458182e-07 -2.14392847e-06  5.95458182e-07  8.40973016e-06 
 5.95508182e-07  2.23881229e-06  5.95508182e-07 -7.56317147e-06 
 5.95558182e-07 -2.09226075e-06  5.95558182e-07  6.76667197e-06 
 5.95608182e-07  2.18767374e-06  5.95608182e-07 -5.95311697e-06 
 5.95658182e-07 -2.04165988e-06  5.95658182e-07  5.18901476e-06 
 5.95708182e-07  2.13760574e-06  5.95708182e-07 -4.40719839e-06 
 5.95758182e-07 -1.99213118e-06  5.95758182e-07  3.67425669e-06 
 5.95808182e-07  2.08861008e-06  5.95808182e-07 -2.92297228e-06 
 5.95858182e-07 -1.94367332e-06  5.95858182e-07  2.22001060e-06 
 5.95908182e-07  2.04068266e-06  5.95908182e-07 -1.49810598e-06 
 5.95958182e-07 -1.89627979e-06  5.95958182e-07  8.23996548e-07 
 5.96008182e-07  1.99381490e-06  5.96008182e-07 -1.30370591e-07 
 5.96058182e-07 -1.84994020e-06  5.96058182e-07 -5.15965050e-07 
 5.96108182e-07  1.94799480e-06  5.96108182e-07  1.18236566e-06 
 5.96158182e-07 -1.80464116e-06  5.96158182e-07 -1.80195963e-06 
 5.96208182e-07  1.90320777e-06  5.96208182e-07  2.44214317e-06 
 5.96258182e-07 -1.76036709e-06  5.96258182e-07 -3.03598391e-06 
 5.96308182e-07  1.85943738e-06  5.96308182e-07  3.65091630e-06 
 5.96358182e-07 -1.71710081e-06  5.96358182e-07 -4.21995107e-06 
 5.96408182e-07  1.81666581e-06  5.96408182e-07  4.81055820e-06 
 5.96458182e-07 -1.67482395e-06  5.96458182e-07 -5.35569536e-06 
 5.96508182e-07  1.77487421e-06  5.96508182e-07  5.92286532e-06 
 5.96558182e-07 -1.63351737e-06  5.96558182e-07 -6.44497640e-06 
 5.96608182e-07  1.73404323e-06  5.96608182e-07  6.98956142e-06 
 5.96658182e-07 -1.59316144e-06  5.96658182e-07 -7.48948300e-06 
 5.96708182e-07  1.69415301e-06  5.96708182e-07  8.01230130e-06 
 5.96758182e-07 -1.55373624e-06  5.96758182e-07 -8.49083686e-06 
 5.96808182e-07  1.65518358e-06  5.96808182e-07  8.99267446e-06 
 5.96858182e-07 -1.51522177e-06  5.96858182e-07 -9.45059595e-06 
 5.96908182e-07  1.61711497e-06  5.96908182e-07  9.93220810e-06 
 5.96958182e-07 -1.47759806e-06  5.96958182e-07 -1.03702575e-05 
 5.97008182e-07  1.57992724e-06  5.97008182e-07  1.08323702e-05 
 5.97058182e-07 -1.44084529e-06  5.97058182e-07 -1.12512608e-05 
 5.97108182e-07  1.54360064e-06  5.97108182e-07  1.16945724e-05 
 5.97158182e-07 -1.40494380e-06  5.97158182e-07 -1.20949904e-05 
 5.97208182e-07  1.50811567e-06  5.97208182e-07  1.25201725e-05 
 5.97258182e-07 -1.36987421e-06  5.97258182e-07 -1.29027780e-05 
 5.97308182e-07  1.47345309e-06  5.97308182e-07  1.33104768e-05 
 5.97358182e-07 -1.33561752e-06  5.97358182e-07 -1.36759052e-05 
 5.97408182e-07  1.43959405e-06  5.97408182e-07  1.40667428e-05 
 5.97458182e-07 -1.30215499e-06  5.97458182e-07 -1.44156056e-05 
 5.97508182e-07  1.40652002e-06  5.97508182e-07  1.47901809e-05 
 5.97558182e-07 -1.26946829e-06  5.97558182e-07 -1.51230668e-05 
 5.97608182e-07  1.37421283e-06  5.97608182e-07  1.54819565e-05 
 5.97658182e-07 -1.23753945e-06  5.97658182e-07 -1.57994328e-05 
 5.97708182e-07  1.34265471e-06  5.97708182e-07  1.61431923e-05 
 5.97758182e-07 -1.20635091e-06  5.97758182e-07 -1.64458051e-05 
 5.97808182e-07  1.31182826e-06  5.97808182e-07  1.67749696e-05 
 5.97858182e-07 -1.17588544e-06  5.97858182e-07 -1.70632454e-05 
 5.97908182e-07  1.28171649e-06  5.97908182e-07  1.73783305e-05 
 5.97958182e-07 -1.14612625e-06  5.97958182e-07 -1.76527763e-05 
 5.98008182e-07  1.25230279e-06  5.98008182e-07  1.79542790e-05 
 5.98058182e-07 -1.11705694e-06  5.98058182e-07 -1.82153837e-05 
 5.98108182e-07  1.22357094e-06  5.98108182e-07  1.85037831e-05 
 5.98158182e-07 -1.08866148e-06  5.98158182e-07 -1.87520179e-05 
 5.98208182e-07  1.19550511e-06  5.98208182e-07  1.90277758e-05 
 5.98258182e-07 -1.06092421e-06  5.98258182e-07 -1.92635950e-05 
 5.98308182e-07  1.16808980e-06  5.98308182e-07  1.95271566e-05 
 5.98358182e-07 -1.03382983e-06  5.98358182e-07 -1.97509984e-05 
 5.98408182e-07  1.14130992e-06  5.98408182e-07  2.00027932e-05 
 5.98458182e-07 -1.00736346e-06  5.98458182e-07 -2.02150799e-05 
 5.98508182e-07  1.11515077e-06  5.98508182e-07  2.04555222e-05 
 5.98558182e-07 -9.81510547e-07  5.98558182e-07 -2.06566614e-05 
 5.98608182e-07  1.08959796e-06  5.98608182e-07  2.08861506e-05 
 5.98658182e-07 -9.56256868e-07  5.98658182e-07 -2.10765354e-05 
 5.98708182e-07  1.06463742e-06  5.98708182e-07  2.12954570e-05 
 5.98758182e-07 -9.31588541e-07  5.98758182e-07 -2.14754666e-05 
 5.98808182e-07  1.04025545e-06  5.98808182e-07  2.16841925e-05 
 5.98858182e-07 -9.07492055e-07  5.98858182e-07 -2.18541929e-05 
 5.98908182e-07  1.01643874e-06  5.98908182e-07  2.20530820e-05 
 5.98958182e-07 -8.83954216e-07  5.98958182e-07 -2.22134263e-05 
 5.99008182e-07  9.93174200e-07  5.99008182e-07  2.24028249e-05 
 5.99058182e-07 -8.60962144e-07  5.99058182e-07 -2.25538538e-05 
 5.99108182e-07  9.70449118e-07  5.99108182e-07  2.27340962e-05 
 5.99158182e-07 -8.38503216e-07  5.99158182e-07 -2.28761388e-05 
 5.99208182e-07  9.48251042e-07  5.99208182e-07  2.30475476e-05 
 5.99258182e-07 -8.16565199e-07  5.99258182e-07 -2.31809212e-05 
 5.99308182e-07  9.26567859e-07  5.99308182e-07  2.33438080e-05 
 5.99358182e-07 -7.95136093e-07  5.99358182e-07 -2.34688191e-05 
 5.99408182e-07  9.05387735e-07  5.99408182e-07  2.36234846e-05 
 5.99458182e-07 -7.74204198e-07  5.99458182e-07 -2.37404292e-05 
 5.99508182e-07  8.84699092e-07  5.99508182e-07  2.38871636e-05 
 5.99558182e-07 -7.53758097e-07  5.99558182e-07 -2.39963273e-05 
 5.99608182e-07  8.64490675e-07  5.99608182e-07  2.41354112e-05 
 5.99658182e-07 -7.33786674e-07  5.99658182e-07 -2.42370698e-05 
 5.99708182e-07  8.44751464e-07  5.99708182e-07  2.43687738e-05 
 5.99758182e-07 -7.14279013e-07  5.99758182e-07 -2.44631937e-05 
 5.99808182e-07  8.25470701e-07  5.99808182e-07  2.45877793e-05 
 5.99858182e-07 -6.95224496e-07  5.99858182e-07 -2.46752179e-05 
 5.99908182e-07  8.06637880e-07  5.99908182e-07  2.47929375e-05 
 5.99954091e-07 -6.75793597e-07  5.99954091e-07 -2.48821773e-05 
 6.00000000e-07  7.86624455e-07  6.00000000e-07  2.50012019e-05 
 6.00005000e-07  1.75314485e-05  6.00005000e-07  2.19063730e-04 
 6.00015000e-07 -7.97118144e-06  6.00015000e-07  1.23841075e-05 
 6.00035000e-07 -9.70192103e-06  6.00035000e-07 -8.46245621e-05 
 6.00075000e-07  1.02798071e-05  6.00075000e-07 -6.44763397e-05 
 6.00125000e-07 -4.12491866e-05  6.00125000e-07 -1.29307256e-04 
 6.00162500e-07 -7.32719533e-05  6.00162500e-07 -3.60310141e-04 
 6.00200000e-07  5.81463221e-04  6.00200000e-07  3.44020715e-04 
 6.00205000e-07  3.39598306e-04  6.00205000e-07  1.94843738e-04 
 6.00215000e-07 -3.94187282e-04  6.00215000e-07  4.53401630e-04 
 6.00235000e-07 -3.92153625e-04  6.00235000e-07  1.05459681e-03 
 6.00275000e-07  3.13422197e-04  6.00275000e-07  1.29124757e-03 
 6.00318188e-07 -2.05229371e-04  6.00318188e-07 -2.50952469e-03 
 6.00363620e-07  1.38231601e-04  6.00363620e-07  6.96742074e-04 
 6.00413620e-07 -9.91509063e-05  6.00413620e-07 -1.45861471e-04 
 6.00463620e-07  7.34981868e-05  6.00463620e-07  2.14571466e-04 
 6.00513620e-07 -5.56023655e-05  6.00513620e-07 -1.30276938e-04 
 6.00563620e-07  4.31170581e-05  6.00563620e-07  8.40446701e-05 
 6.00613620e-07 -3.37677579e-05  6.00613620e-07 -4.38663034e-05 
 6.00663620e-07  2.70072072e-05  6.00663620e-07  1.47298630e-05 
 6.00713620e-07 -2.16603774e-05  6.00713620e-07  7.64331422e-06 
 6.00763620e-07  1.77490910e-05  6.00763620e-07 -2.46137584e-05 
 6.00813620e-07 -1.44937800e-05  6.00813620e-07  3.76602475e-05 
 6.00863620e-07  1.21367688e-05  6.00863620e-07 -4.76392230e-05 
 6.00913620e-07 -1.00429509e-05  6.00913620e-07  5.53085944e-05 
 6.00963620e-07  8.56939195e-06  6.00963620e-07 -6.10846978e-05 
 6.01013620e-07 -7.14925639e-06  6.01013620e-07  6.54350606e-05 
 6.01063620e-07  6.19673891e-06  6.01063620e-07 -6.85611885e-05 
 6.01113620e-07 -5.18153336e-06  6.01113620e-07  7.07840731e-05 
 6.01163620e-07  4.54789245e-06  6.01163620e-07 -7.21950853e-05 
 6.01213620e-07 -3.78555752e-06  6.01213620e-07  7.30336842e-05 
 6.01263620e-07  3.35507386e-06  6.01263620e-07 -7.33288885e-05 
 6.01313620e-07 -2.75734114e-06  6.01313620e-07  7.32696187e-05 
 6.01363620e-07  2.46193041e-06  6.01363620e-07 -7.28469346e-05 
 6.01413620e-07 -1.97603764e-06  6.01413620e-07  7.22159508e-05 
 6.01463620e-07  1.77434247e-06  6.01463620e-07 -7.13436042e-05 
 6.01513620e-07 -1.36765526e-06  6.01513620e-07  7.03613526e-05 
 6.01563620e-07  1.23361846e-06  6.01563620e-07 -6.92205287e-05 
 6.01613620e-07 -8.85163575e-07  6.01613620e-07  6.80356319e-05 
 6.01663620e-07  8.01701125e-07  6.01663620e-07 -6.67479157e-05 
 6.01713620e-07 -4.97441924e-07  6.01713620e-07  6.54595705e-05 
 6.01763620e-07  4.52886750e-07  6.01763620e-07 -6.41054512e-05 
 6.01813620e-07 -1.83043455e-07  6.01813620e-07  6.27787519e-05 
 6.01863620e-07  1.69109795e-07  6.01863620e-07 -6.14104050e-05 
 6.01913620e-07  7.33913617e-08  6.01913620e-07  6.00869981e-05 
 6.01956810e-07 -7.92212405e-08  6.01956810e-07 -5.85289997e-05 
 6.02000000e-07  3.12743587e-07  6.02000000e-07  5.70328396e-05 
 6.02005000e-07 -1.06028773e-07  6.02005000e-07  3.17873440e-06 
 6.02015000e-07  1.15113851e-07  6.02015000e-07 -2.95599142e-06 
 6.02035000e-07  3.71379600e-08  6.02035000e-07  2.79297644e-06 
 6.02075000e-07  8.17462347e-08  6.02075000e-07 -2.65464109e-06 
 6.02125000e-07  3.43382942e-08  6.02125000e-07  2.55810149e-06 
 6.02162500e-07  9.13527670e-08  6.02162500e-07 -2.39016641e-06 
 6.02200000e-07  3.90782336e-08  6.02200000e-07  2.31561534e-06 
 6.02205000e-07 -1.31687811e-08  6.02205000e-07 -1.09502545e-07 
 6.02215000e-07  1.32468627e-07  6.02215000e-07  2.46608914e-07 
 6.02235000e-07  2.81563084e-08  6.02235000e-07 -1.14281329e-07 
 6.02275000e-07  7.04611029e-08  6.02275000e-07  5.65843815e-08 
 6.02325000e-07  6.83268782e-08  6.02325000e-07 -8.40604475e-10 
 6.02375000e-07  3.54328665e-08  6.02375000e-07 -1.17407195e-10 
 6.02425000e-07  9.94810557e-08  6.02425000e-07  2.98976168e-08 
 6.02475000e-07  1.07945594e-08  6.02475000e-07 -2.93760126e-08 
 6.02525000e-07  1.16694578e-07  6.02525000e-07  6.12489625e-08 
 6.02575000e-07  5.54767884e-10  6.02575000e-07 -5.88886437e-08 
 6.02625000e-07  1.21069682e-07  6.02625000e-07  8.77148918e-08 
 6.02675000e-07  7.57599192e-10  6.02675000e-07 -8.21148672e-08 
 6.02725000e-07  1.17495843e-07  6.02725000e-07  1.07750341e-07 
 6.02775000e-07  6.67254497e-09  6.02775000e-07 -9.91834095e-08 
 6.02825000e-07  1.10065622e-07  6.02825000e-07  1.22081812e-07 
 6.02875000e-07  1.49772815e-08  6.02875000e-07 -1.11034554e-07 
 6.02925000e-07  1.01364972e-07  6.02925000e-07  1.31689425e-07 
 6.02975000e-07  2.37228275e-08  6.02975000e-07 -1.18638475e-07 
 6.03025000e-07  9.28207509e-08  6.03025000e-07  1.37503885e-07 
 6.03075000e-07  3.18963432e-08  6.03075000e-07 -1.22875153e-07 
 6.03125000e-07  8.51250225e-08  6.03125000e-07  1.40347149e-07 
 6.03175000e-07  3.90497928e-08  6.03175000e-07 -1.24505488e-07 
 6.03225000e-07  7.85431570e-08  6.03225000e-07  1.40917902e-07 
 6.03275000e-07  4.50523149e-08  6.03275000e-07 -1.24166642e-07 
 6.03325000e-07  7.31087531e-08  6.03325000e-07  1.39793537e-07 
 6.03375000e-07  4.99390403e-08  6.03375000e-07 -1.22378836e-07 
 6.03425000e-07  6.87396161e-08  6.03425000e-07  1.37440374e-07 
 6.03475000e-07  5.38229580e-08  6.03475000e-07 -1.19558000e-07 
 6.03525000e-07  6.53040394e-08  6.03525000e-07  1.34227494e-07 
 6.03575000e-07  5.68456036e-08  6.03575000e-07 -1.16030093e-07 
 6.03625000e-07  6.26571688e-08  6.03625000e-07  1.30441562e-07 
 6.03675000e-07  5.91505516e-08  6.03675000e-07 -1.12046124e-07 
 6.03725000e-07  6.06597655e-08  6.03725000e-07  1.26301247e-07 
 6.03775000e-07  6.08706629e-08  6.03775000e-07 -1.07795669e-07 
 6.03825000e-07  5.91867357e-08  6.03825000e-07  1.21970197e-07 
 6.03875000e-07  6.21225058e-08  6.03875000e-07 -1.03419215e-07 
 6.03925000e-07  5.81302931e-08  6.03925000e-07  1.17568294e-07 
 6.03975000e-07  6.30050531e-08  6.03975000e-07 -9.90185053e-08 
 6.04025000e-07  5.74001079e-08  6.04025000e-07  1.13181278e-07 
 6.04075000e-07  6.36003619e-08  6.04075000e-07 -9.46651841e-08 
 6.04125000e-07  5.69219366e-08  6.04125000e-07  1.08868549e-07 
 6.04175000e-07  6.39753381e-08  6.04175000e-07 -9.04081168e-08 
 6.04225000e-07  5.66357226e-08  6.04225000e-07  1.04669798e-07 
 6.04275000e-07  6.41837438e-08  6.04275000e-07 -8.62789390e-08 
 6.04325000e-07  5.64934687e-08  6.04325000e-07  1.00609762e-07 
 6.04375000e-07  6.42682711e-08  6.04375000e-07 -8.22966135e-08 
 6.04425000e-07  5.64572879e-08  6.04425000e-07  9.67025227e-08 
 6.04475000e-07  6.42624648e-08  6.04475000e-07 -7.84709671e-08 
 6.04525000e-07  5.64975885e-08  6.04525000e-07  9.29542725e-08 
 6.04575000e-07  6.41923781e-08  6.04575000e-07 -7.48053186e-08 
 6.04625000e-07  5.65914639e-08  6.04625000e-07  8.93660038e-08 
 6.04675000e-07  6.40780923e-08  6.04675000e-07 -7.12986292e-08 
 6.04725000e-07  5.67213929e-08  6.04725000e-07  8.59349733e-08 
 6.04775000e-07  6.39348450e-08  6.04775000e-07 -6.79468524e-08 
 6.04825000e-07  5.68741180e-08  6.04825000e-07  8.26561362e-08 
 6.04875000e-07  6.37741191e-08  6.04875000e-07 -6.47441450e-08 
 6.04925000e-07  5.70397662e-08  6.04925000e-07  7.95230938e-08 
 6.04975000e-07  6.36043718e-08  6.04975000e-07 -6.16837098e-08 
 6.05025000e-07  5.72111219e-08  6.05025000e-07  7.65287048e-08 
 6.05075000e-07  6.34317618e-08  6.05075000e-07 -5.87582239e-08 
 6.05125000e-07  5.73829571e-08  6.05125000e-07  7.36656170e-08 
 6.05175000e-07  6.32606564e-08  6.05175000e-07 -5.59603600e-08 
 6.05225000e-07  5.75516297e-08  6.05225000e-07  7.09265729e-08 
 6.05275000e-07  6.30940743e-08  6.05275000e-07 -5.32828995e-08 
 6.05325000e-07  5.77146859e-08  6.05325000e-07  6.83044353e-08 
 6.05375000e-07  6.29340111e-08  6.05375000e-07 -5.07190165e-08 
 6.05425000e-07  5.78705203e-08  6.05425000e-07  6.57926537e-08 
 6.05475000e-07  6.27816885e-08  6.05475000e-07 -4.82622898e-08 
 6.05525000e-07  5.80182733e-08  6.05525000e-07  6.33850202e-08 
 6.05575000e-07  6.26377128e-08  6.05575000e-07 -4.59067273e-08 
 6.05625000e-07  5.81574689e-08  6.05625000e-07  6.10757694e-08 
 6.05675000e-07  6.25023969e-08  6.05675000e-07 -4.36468664e-08 
 6.05725000e-07  5.82880448e-08  6.05725000e-07  5.88596504e-08 
 6.05775000e-07  6.23756250e-08  6.05775000e-07 -4.14776211e-08 
 6.05825000e-07  5.84101526e-08  6.05825000e-07  5.67318238e-08 
 6.05875000e-07  6.22571859e-08  6.05875000e-07 -3.93944178e-08 
 6.05925000e-07  5.85241139e-08  6.05925000e-07  5.46879007e-08 
 6.05975000e-07  6.21467471e-08  6.05975000e-07 -3.73930084e-08 
 6.06025000e-07  5.86302820e-08  6.06025000e-07  5.27238318e-08 
 6.06075000e-07  6.20438056e-08  6.06075000e-07 -3.54695402e-08 
 6.06125000e-07  5.87292100e-08  6.06125000e-07  5.08358920e-08 
 6.06175000e-07  6.19479183e-08  6.06175000e-07 -3.36204644e-08 
 6.06225000e-07  5.88213431e-08  6.06225000e-07  4.90207293e-08 
 6.06275000e-07  6.18585377e-08  6.06275000e-07 -3.18425121e-08 
 6.06325000e-07  5.89072108e-08  6.06325000e-07  4.72751380e-08 
 6.06375000e-07  6.17752164e-08  6.06375000e-07 -3.01326478e-08 
 6.06425000e-07  5.89872701e-08  6.06425000e-07  4.55962663e-08 
 6.06475000e-07  6.16974337e-08  6.06475000e-07 -2.84881131e-08 
 6.06525000e-07  5.90620279e-08  6.06525000e-07  4.39814075e-08 
 6.06575000e-07  6.16247463e-08  6.06575000e-07 -2.69062984e-08 
 6.06625000e-07  5.91319110e-08  6.06625000e-07  4.24280769e-08 
 6.06675000e-07  6.15567310e-08  6.06675000e-07 -2.53847693e-08 
 6.06725000e-07  5.91973130e-08  6.06725000e-07  4.09338473e-08 
 6.06775000e-07  6.14930016e-08  6.06775000e-07 -2.39211975e-08 
 6.06825000e-07  5.92586381e-08  6.06825000e-07  3.94965115e-08 
 6.06875000e-07  6.14331660e-08  6.06875000e-07 -2.25134373e-08 
 6.06925000e-07  5.93162266e-08  6.06925000e-07  3.81139884e-08 
 6.06975000e-07  6.13769355e-08  6.06975000e-07 -2.11594692e-08 
 6.07025000e-07  5.93703728e-08  6.07025000e-07  3.67842818e-08 
 6.07075000e-07  6.13239866e-08  6.07075000e-07 -1.98573253e-08 
 6.07125000e-07  5.94213875e-08  6.07125000e-07  3.55054824e-08 
 6.07175000e-07  6.12740327e-08  6.07175000e-07 -1.86051441e-08 
 6.07225000e-07  5.94695375e-08  6.07225000e-07  3.42757613e-08 
 6.07275000e-07  6.12268489e-08  6.07275000e-07 -1.74011607e-08 
 6.07325000e-07  5.95149999e-08  6.07325000e-07  3.30933984e-08 
 6.07375000e-07  6.11822302e-08  6.07375000e-07 -1.62436496e-08 
 6.07425000e-07  5.95580309e-08  6.07425000e-07  3.19566906e-08 
 6.07475000e-07  6.11399700e-08  6.07475000e-07 -1.51309772e-08 
 6.07525000e-07  5.95987921e-08  6.07525000e-07  3.08640569e-08 
 6.07575000e-07  6.10998665e-08  6.07575000e-07 -1.40615935e-08 
 6.07625000e-07  5.96374984e-08  6.07625000e-07  2.98139572e-08 
 6.07675000e-07  6.10617616e-08  6.07675000e-07 -1.30339330e-08 
 6.07725000e-07  5.96742442e-08  6.07725000e-07  2.88048573e-08 
 6.07775000e-07  6.10255659e-08  6.07775000e-07 -1.20465537e-08 
 6.07825000e-07  5.97091832e-08  6.07825000e-07  2.78353374e-08 
 6.07875000e-07  6.09910803e-08  6.07875000e-07 -1.10980148e-08 
 6.07925000e-07  5.97424579e-08  6.07925000e-07  2.69039758e-08 
 6.07975000e-07  6.09582431e-08  6.07975000e-07 -1.01869414e-08 
 6.08025000e-07  5.97741516e-08  6.08025000e-07  2.60094345e-08 
 6.08075000e-07  6.09269097e-08  6.08075000e-07 -9.31201177e-09 
 6.08125000e-07  5.98043871e-08  6.08125000e-07  2.51503955e-08 
 6.08175000e-07  6.08970029e-08  6.08175000e-07 -8.47192755e-09 
 6.08225000e-07  5.98332284e-08  6.08225000e-07  2.43256105e-08 
 6.08275000e-07  6.08684642e-08  6.08275000e-07 -7.66544339e-09 
 6.08325000e-07  5.98607585e-08  6.08325000e-07  2.35337934e-08 
 6.08375000e-07  6.08411866e-08  6.08375000e-07 -6.89133089e-09 
 6.08425000e-07  5.98870711e-08  6.08425000e-07  2.27738123e-08 
 6.08475000e-07  6.08150942e-08  6.08475000e-07 -6.14845969e-09 
 6.08525000e-07  5.99122362e-08  6.08525000e-07  2.20444731e-08 
 6.08575000e-07  6.07901390e-08  6.08575000e-07 -5.43561635e-09 
 6.08625000e-07  5.99362747e-08  6.08625000e-07  2.13446791e-08 
 6.08675000e-07  6.07662579e-08  6.08675000e-07 -4.75179485e-09 
 6.08725000e-07  5.99592866e-08  6.08725000e-07  2.06733340e-08 
 6.08775000e-07  6.07433904e-08  6.08775000e-07 -4.09586903e-09 
 6.08825000e-07  5.99813027e-08  6.08825000e-07  2.00293921e-08 
 6.08875000e-07  6.07215107e-08  6.08875000e-07 -3.46679563e-09 
 6.08925000e-07  6.00023781e-08  6.08925000e-07  1.94118476e-08 
 6.08975000e-07  6.07005226e-08  6.08975000e-07 -2.86363511e-09 
 6.09025000e-07  6.00225657e-08  6.09025000e-07  1.88197040e-08 
 6.09075000e-07  6.06804332e-08  6.09075000e-07 -2.28536445e-09 
 6.09125000e-07  6.00418822e-08  6.09125000e-07  1.82520051e-08 
 6.09175000e-07  6.06611881e-08  6.09175000e-07 -1.73107351e-09 
 6.09225000e-07  6.00603736e-08  6.09225000e-07  1.77078415e-08 
 6.09275000e-07  6.06427571e-08  6.09275000e-07 -1.19984334e-09 
 6.09325000e-07  6.00780781e-08  6.09325000e-07  1.71863426e-08 
 6.09375000e-07  6.06250817e-08  6.09375000e-07 -6.90831503e-10 
 6.09425000e-07  6.00950484e-08  6.09425000e-07  1.66866013e-08 
 6.09475000e-07  6.06081369e-08  6.09475000e-07 -2.03134509e-10 
 6.09525000e-07  6.01112950e-08  6.09525000e-07  1.62078089e-08 
 6.09575000e-07  6.05918973e-08  6.09575000e-07  2.64002042e-10 
 6.09625000e-07  6.01268726e-08  6.09625000e-07  1.57491820e-08 
 6.09675000e-07  6.05763314e-08  6.09675000e-07  7.11420589e-10 
 6.09725000e-07  6.01417535e-08  6.09725000e-07  1.53099032e-08 
 6.09775000e-07  6.05614322e-08  6.09775000e-07  1.13985138e-09 
 6.09825000e-07  6.01560311e-08  6.09825000e-07  1.48892614e-08 
 6.09875000e-07  6.05471363e-08  6.09875000e-07  1.55002294e-09 
 6.09925000e-07  6.01696863e-08  6.09925000e-07  1.44865233e-08 
 6.09962500e-07  6.05312794e-08  6.09962500e-07  2.00667427e-09 
 6.10000000e-07  6.01870646e-08  6.10000000e-07  1.39765428e-08 
 6.10005000e-07 -9.20461667e-06  6.10005000e-07 -7.56656873e-05 
 6.10015000e-07  8.98654630e-06  6.10015000e-07  1.77613386e-05 
 6.10035000e-07  7.53855404e-07  6.10035000e-07  2.36164813e-05 
 6.10075000e-07 -3.79012040e-06  6.10075000e-07  9.73423386e-06 
 6.10125000e-07  2.23500613e-05  6.10125000e-07  1.42412452e-04 
 6.10162500e-07  2.93316291e-06  6.10162500e-07  1.30979252e-04 
 6.10200000e-07 -2.94106158e-04  6.10200000e-07 -1.77767007e-04 
 6.10205000e-07 -2.75077290e-04  6.10205000e-07 -4.12304242e-04 
 6.10215000e-07  1.19034422e-04  6.10215000e-07 -8.49339772e-04 
 6.10235000e-07  5.59219326e-04  6.10235000e-07 -1.14614904e-03 
 6.10271745e-07 -4.50362636e-04  6.10271745e-07  1.36539253e-04 
 6.10313401e-07  2.65237384e-04  6.10313401e-07  1.21511125e-03 
 6.10358182e-07 -1.30633648e-04  6.10358182e-07 -1.03242922e-04 
 6.10408182e-07  4.90424047e-05  6.10408182e-07 -2.85250403e-04 
 6.10458182e-07  6.09449003e-06  6.10458182e-07  1.25240924e-04 
 6.10508182e-07 -4.20686804e-05  6.10508182e-07 -1.56859679e-04 
 6.10558182e-07  6.51066614e-05  6.10558182e-07  1.61771472e-04 
 6.10608182e-07 -7.88869950e-05  6.10608182e-07 -1.77464613e-04 
 6.10658182e-07  8.64816581e-05  6.10658182e-07  1.88286084e-04 
 6.10708182e-07 -8.94495156e-05  6.10708182e-07 -1.97607962e-04 
 6.10758182e-07  8.95514255e-05  6.10758182e-07  2.04492835e-04 
 6.10808182e-07 -8.72320232e-05  6.10808182e-07 -2.09415465e-04 
 6.10858182e-07  8.38069636e-05  6.10858182e-07  2.12731556e-04 
 6.10908182e-07 -7.91893832e-05  6.10908182e-07 -2.14544273e-04 
 6.10958182e-07  7.42902979e-05  6.10958182e-07  2.15202614e-04 
 6.11008182e-07 -6.88814541e-05  6.11008182e-07 -2.14788385e-04 
 6.11058182e-07  6.36458890e-05  6.11058182e-07  2.13619090e-04 
 6.11108182e-07 -5.82412810e-05  6.11108182e-07 -2.11669896e-04 
 6.11158182e-07  5.32339387e-05  6.11158182e-07  2.09231508e-04 
 6.11208182e-07 -4.82224439e-05  6.11208182e-07 -2.06252184e-04 
 6.11258182e-07  4.37094458e-05  6.11258182e-07  2.02975294e-04 
 6.11308182e-07 -3.92556746e-05  6.11308182e-07 -1.99332328e-04 
 6.11358182e-07  3.53335105e-05  6.11358182e-07  1.95530230e-04 
 6.11408182e-07 -3.14797009e-05  6.11408182e-07 -1.91489750e-04 
 6.11458182e-07  2.81539166e-05  6.11458182e-07  1.87388501e-04 
 6.11508182e-07 -2.48782106e-05  6.11508182e-07 -1.83141218e-04 
 6.11558182e-07  2.21085222e-05  6.11558182e-07  1.78901874e-04 
 6.11608182e-07 -1.93583716e-05  6.11608182e-07 -1.74582421e-04 
 6.11658182e-07  1.70843291e-05  6.11658182e-07  1.70317836e-04 
 6.11708182e-07 -1.47953803e-05  6.11708182e-07 -1.66019427e-04 
 6.11758182e-07  1.29506446e-05  6.11758182e-07  1.61806939e-04 
 6.11808182e-07 -1.10570906e-05  6.11808182e-07 -1.57592402e-04 
 6.11858182e-07  9.57704421e-06  6.11858182e-07  1.53483378e-04 
 6.11908182e-07 -8.01698069e-06  6.11908182e-07 -1.49393441e-04 
 6.11958182e-07  6.84246363e-06  6.11958182e-07  1.45420426e-04 
 6.12008182e-07 -5.56034700e-06  6.12008182e-07 -1.41479907e-04 
 6.12058182e-07  4.63917701e-06  6.12058182e-07  1.37661963e-04 
 6.12108182e-07 -3.58664079e-06  6.12108182e-07 -1.33884369e-04 
 6.12158182e-07  2.87390186e-06  6.12158182e-07  1.30231029e-04 
 6.12208182e-07 -2.00967630e-06  6.12208182e-07 -1.26621956e-04 
 6.12258182e-07  1.46735887e-06  6.12258182e-07  1.23136145e-04 
 6.12308182e-07 -7.56735988e-07  6.12308182e-07 -1.19695772e-04 
 6.12358182e-07  3.53069351e-07  6.12358182e-07  1.16375937e-04 
 6.12408182e-07  2.32829680e-07  6.12408182e-07 -1.13100846e-04 
 6.12458182e-07 -5.24157124e-07  6.12458182e-07  1.09942510e-04 
 6.12508182e-07  1.00916640e-06  6.12508182e-07 -1.06826993e-04 
 6.12558182e-07 -1.20979118e-06  6.12558182e-07  1.03823864e-04 
 6.12608182e-07  1.61345741e-06  6.12608182e-07 -1.00860856e-04 
 6.12658182e-07 -1.74107279e-06  6.12658182e-07  9.80056164e-05 
 6.12708182e-07  2.07934641e-06  6.12708182e-07 -9.51873541e-05 
 6.12758182e-07 -2.14835684e-06  6.12758182e-07  9.24722077e-05 
 6.12808182e-07  2.43420134e-06  6.12808182e-07 -8.97906789e-05 
 6.12858182e-07 -2.45629162e-06  6.12858182e-07  8.72077274e-05 
 6.12908182e-07  2.70020815e-06  6.12908182e-07 -8.46549735e-05 
 6.12958182e-07 -2.68482862e-06  6.12958182e-07  8.21964642e-05 
 6.13008182e-07  2.89530036e-06  6.13008182e-07 -7.97647766e-05 
 6.13058182e-07 -2.85007517e-06  6.13058182e-07  7.74232583e-05 
 6.13108182e-07  3.03393924e-06  6.13108182e-07 -7.51052973e-05 
 6.13158182e-07 -2.96500616e-06  6.13158182e-07  7.28737134e-05 
 6.13208182e-07  3.12776210e-06  6.13208182e-07 -7.06625738e-05 
 6.13258182e-07 -3.04005316e-06  6.13258182e-07  6.85343089e-05 
 6.13308182e-07  3.18611683e-06  6.13308182e-07 -6.64235484e-05 
 6.13358182e-07 -3.08358871e-06  6.13358182e-07  6.43924449e-05 
 6.13408182e-07  3.21650027e-06  6.13408182e-07 -6.23760878e-05 
 6.13458182e-07 -3.10232236e-06  6.13458182e-07  6.04364415e-05 
 6.13508182e-07  3.22491586e-06  6.13508182e-07 -5.85089656e-05 
 6.13558182e-07 -3.10162345e-06  6.13558182e-07  5.66555088e-05 
 6.13608182e-07  3.21616455e-06  6.13608182e-07 -5.48118230e-05 
 6.13658182e-07 -3.08578288e-06  6.13658182e-07  5.30396990e-05 
 6.13708182e-07  3.19408037e-06  6.13708182e-07 -5.12751146e-05 
 6.13758182e-07 -3.05822515e-06  6.13758182e-07  4.95798492e-05 
 6.13808182e-07  3.16172119e-06  6.13808182e-07 -4.78900489e-05 
 6.13858182e-07 -3.02167955e-06  6.13858182e-07  4.62675192e-05 
 6.13908182e-07  3.12152236e-06  6.13908182e-07 -4.46485255e-05 
 6.13958182e-07 -2.97831820e-06  6.13958182e-07  4.30949294e-05 
 6.14008182e-07  3.07542050e-06  6.14008182e-07 -4.15430739e-05 
 6.14058182e-07 -2.92986703e-06  6.14058182e-07  4.00549002e-05 
 6.14108182e-07  3.02495321e-06  6.14108182e-07 -3.85667944e-05 
 6.14158182e-07 -2.87769512e-06  6.14158182e-07  3.71407954e-05 
 6.14208182e-07  2.97133898e-06  6.14208182e-07 -3.57133033e-05 
 6.14258182e-07 -2.82288631e-06  6.14258182e-07  3.43464689e-05 
 6.14308182e-07  2.91554130e-06  6.14308182e-07 -3.29766823e-05 
 6.14358182e-07 -2.76629659e-06  6.14358182e-07  3.16662167e-05 
 6.14408182e-07  2.85832024e-06  6.14408182e-07 -3.03514325e-05 
 6.14458182e-07 -2.70860027e-06  6.14458182e-07  2.90947330e-05 
 6.14508182e-07  2.80027350e-06  6.14508182e-07 -2.78324328e-05 
 6.14558182e-07 -2.65032670e-06  6.14558182e-07  2.66270708e-05 
 6.14608182e-07  2.74186942e-06  6.14608182e-07 -2.54149030e-05 
 6.14658182e-07 -2.59188976e-06  6.14658182e-07  2.42586070e-05 
 6.14708182e-07  2.68347337e-06  6.14708182e-07 -2.30943704e-05 
 6.14758182e-07 -2.53361156e-06  6.14758182e-07  2.19850114e-05 
 6.14808182e-07  2.62536878e-06  6.14808182e-07 -2.08666411e-05 
 6.14858182e-07 -2.47574104e-06  6.14858182e-07  1.98022187e-05 
 6.14908182e-07  2.56777392e-06  6.14908182e-07 -1.87277732e-05 
 6.14958182e-07 -2.41846917e-06  6.14958182e-07  1.77064041e-05 
 6.15008182e-07  2.51085544e-06  6.15008182e-07 -1.66740543e-05 
 6.15058182e-07 -2.36194097e-06  6.15058182e-07  1.56939619e-05 
 6.15108182e-07  2.45473904e-06  6.15108182e-07 -1.47019810e-05 
 6.15158182e-07 -2.30626488e-06  6.15158182e-07  1.37614862e-05 
 6.15208182e-07  2.39951790e-06  6.15208182e-07 -1.28082412e-05 
 6.15258182e-07 -2.25152061e-06  6.15258182e-07  1.19057540e-05 
 6.15308182e-07  2.34525968e-06  6.15308182e-07 -1.09896977e-05 
 6.15358182e-07 -2.19776508e-06  6.15358182e-07  1.01237104e-05 
 6.15408182e-07  2.29201178e-06  6.15408182e-07 -9.24337473e-06 
 6.15458182e-07 -2.14503729e-06  6.15458182e-07  8.41245498e-06 
 6.15508182e-07  2.23980575e-06  6.15508182e-07 -7.56644478e-06 
 6.15558182e-07 -2.09336217e-06  6.15558182e-07  6.76923050e-06 
 6.15608182e-07  2.18866065e-06  6.15608182e-07 -5.95621811e-06 
 6.15658182e-07 -2.04275362e-06  6.15658182e-07  5.19141200e-06 
 6.15708182e-07  2.13858584e-06  6.15708182e-07 -4.41013252e-06 
 6.15758182e-07 -1.99321700e-06  6.15758182e-07  3.67649766e-06 
 6.15808182e-07  2.08958309e-06  6.15808182e-07 -2.92574455e-06 
 6.15858182e-07 -1.94475092e-06  6.15858182e-07  2.22210029e-06 
 6.15908182e-07  2.04164830e-06  6.15908182e-07 -1.50072151e-06 
 6.15958182e-07 -1.89734895e-06  6.15958182e-07  8.25939862e-07 
 6.16008182e-07  1.99477293e-06  6.16008182e-07 -1.32834401e-07 
 6.16058182e-07 -1.85100068e-06  6.16058182e-07 -5.14163263e-07 
 6.16108182e-07  1.94894498e-06  6.16108182e-07  1.18004861e-06 
 6.16158182e-07 -1.80569276e-06  6.16158182e-07 -1.80029453e-06 
 6.16208182e-07  1.90414990e-06  6.16208182e-07  2.43996797e-06 
 6.16258182e-07 -1.76140959e-06  6.16258182e-07 -3.03445082e-06 
 6.16308182e-07  1.86037123e-06  6.16308182e-07  3.64887816e-06 
 6.16358182e-07 -1.71813402e-06  6.16358182e-07 -4.21854535e-06 
 6.16408182e-07  1.81759117e-06  6.16408182e-07  4.80865239e-06 
 6.16458182e-07 -1.67584769e-06  6.16458182e-07 -5.35441248e-06 
 6.16508182e-07  1.77579093e-06  6.16508182e-07  5.92108722e-06 
 6.16558182e-07 -1.63453149e-06  6.16558182e-07 -6.44381188e-06 
 6.16608182e-07  1.73495112e-06  6.16608182e-07  6.98790652e-06 
 6.16658182e-07 -1.59416578e-06  6.16658182e-07 -7.48843256e-06 
 6.16708182e-07  1.69505194e-06  6.16708182e-07  8.01076523e-06 
 6.16758182e-07 -1.55473067e-06  6.16758182e-07 -8.48989627e-06 
 6.16808182e-07  1.65607340e-06  6.16808182e-07  8.99125287e-06 
 6.16858182e-07 -1.51620615e-06  6.16858182e-07 -9.44976103e-06 
 6.16908182e-07  1.61799554e-06  6.16908182e-07  9.93089682e-06 
 6.16958182e-07 -1.47857229e-06  6.16958182e-07 -1.03695242e-05 
 6.17008182e-07  1.58079844e-06  6.17008182e-07  1.08311652e-05 
 6.17058182e-07 -1.44180925e-06  6.17058182e-07 -1.12506254e-05 
 6.17108182e-07  1.54446235e-06  6.17108182e-07  1.16934697e-05 
 6.17158182e-07 -1.40589737e-06  6.17158182e-07 -1.20944490e-05 
 6.17208182e-07  1.50896778e-06  6.17208182e-07  1.25191682e-05 
 6.17258182e-07 -1.37081736e-06  6.17258182e-07 -1.29023269e-05 
 6.17308182e-07  1.47429557e-06  6.17308182e-07  1.33095672e-05 
 6.17358182e-07 -1.33655017e-06  6.17358182e-07 -1.36755408e-05 
 6.17408182e-07  1.44042679e-06  6.17408182e-07  1.40659243e-05 
 6.17458182e-07 -1.30307706e-06  6.17458182e-07 -1.44153244e-05 
 6.17508182e-07  1.40734296e-06  6.17508182e-07  1.47894499e-05 
 6.17558182e-07 -1.27037975e-06  6.17558182e-07 -1.51228656e-05 
 6.17608182e-07  1.37502589e-06  6.17608182e-07  1.54813097e-05 
 6.17658182e-07 -1.23844022e-06  6.17658182e-07 -1.57993082e-05 
 6.17708182e-07  1.34345786e-06  6.17708182e-07  1.61426263e-05 
 6.17758182e-07 -1.20724096e-06  6.17758182e-07 -1.64457541e-05 
 6.17808182e-07  1.31262145e-06  6.17808182e-07  1.67744814e-05 
 6.17858182e-07 -1.17676475e-06  6.17858182e-07 -1.70632647e-05 
 6.17908182e-07  1.28249970e-06  6.17908182e-07  1.73779168e-05 
 6.17958182e-07 -1.14699481e-06  6.17958182e-07 -1.76528632e-05 
 6.18008182e-07  1.25307597e-06  6.18008182e-07  1.79539369e-05 
 6.18058182e-07 -1.11791471e-06  6.18058182e-07 -1.82155353e-05 
 6.18108182e-07  1.22433409e-06  6.18108182e-07  1.85035097e-05 
 6.18158182e-07 -1.08950848e-06  6.18158182e-07 -1.87522314e-05 
 6.18208182e-07  1.19625821e-06  6.18208182e-07  1.90275683e-05 
 6.18258182e-07 -1.06176043e-06  6.18258182e-07 -1.92638678e-05 
 6.18308182e-07  1.16883286e-06  6.18308182e-07  1.95270124e-05 
 6.18358182e-07 -1.03465530e-06  6.18358182e-07 -1.97513279e-05 
 6.18408182e-07  1.14204295e-06  6.18408182e-07  2.00027096e-05 
 6.18458182e-07 -1.00817816e-06  6.18458182e-07 -2.02154637e-05 
 6.18508182e-07  1.11587375e-06  6.18508182e-07  2.04554967e-05 
 6.18558182e-07 -9.82314504e-07  6.18558182e-07 -2.06570970e-05 
 6.18608182e-07  1.09031090e-06  6.18608182e-07  2.08861808e-05 
 6.18658182e-07 -9.57050109e-07  6.18658182e-07 -2.10770206e-05 
 6.18708182e-07  1.06534037e-06  6.18708182e-07  2.12955406e-05 
 6.18758182e-07 -9.32371113e-07  6.18758182e-07 -2.14759991e-05 
 6.18808182e-07  1.04094844e-06  6.18808182e-07  2.16843273e-05 
 6.18858182e-07 -9.08263974e-07  6.18858182e-07 -2.18547707e-05 
 6.18908182e-07  1.01712177e-06  6.18908182e-07  2.20532657e-05 
 6.18958182e-07 -8.84715542e-07  6.18958182e-07 -2.22140472e-05 
 6.19008182e-07  9.93847326e-07  6.19008182e-07  2.24030554e-05 
 6.19058182e-07 -8.61712879e-07  6.19058182e-07 -2.25545159e-05 
 6.19108182e-07  9.71112334e-07  6.19108182e-07  2.27343716e-05 
 6.19158182e-07 -8.39243444e-07  6.19158182e-07 -2.28768401e-05 
 6.19208182e-07  9.48904445e-07  6.19208182e-07  2.30478659e-05 
 6.19258182e-07 -8.17294961e-07  6.19258182e-07 -2.31816600e-05 
 6.19308182e-07  9.27211471e-07  6.19308182e-07  2.33441673e-05 
 6.19358182e-07 -7.95855431e-07  6.19358182e-07 -2.34695936e-05 
 6.19408182e-07  9.06021593e-07  6.19408182e-07  2.36238832e-05 
 6.19458182e-07 -7.74913177e-07  6.19458182e-07 -2.37412376e-05 
 6.19508182e-07  8.85323271e-07  6.19508182e-07  2.38875997e-05 
 6.19558182e-07 -7.54456805e-07  6.19558182e-07 -2.39971681e-05 
 6.19608182e-07  8.65105226e-07  6.19608182e-07  2.41358831e-05 
 6.19658182e-07 -7.34475145e-07  6.19658182e-07 -2.42379414e-05 
 6.19708182e-07  8.45356447e-07  6.19708182e-07  2.43692799e-05 
 6.19758182e-07 -7.14957322e-07  6.19758182e-07 -2.44640947e-05 
 6.19808182e-07  8.26066171e-07  6.19808182e-07  2.45883182e-05 
 6.19858182e-07 -6.95892733e-07  6.19858182e-07 -2.46761466e-05 
 6.19908182e-07  8.07223929e-07  6.19908182e-07  2.47935075e-05 
 6.19954091e-07 -6.76451384e-07  6.19954091e-07 -2.48831338e-05 
 6.20000000e-07  7.87200223e-07  6.20000000e-07  2.50018041e-05 
 6.20005000e-07  1.75331554e-05  6.20005000e-07  2.19055388e-04 
 6.20015000e-07 -7.97175756e-06  6.20015000e-07  1.23966389e-05 
 6.20035000e-07 -9.70246576e-06  6.20035000e-07 -8.46173031e-05 
 6.20075000e-07  1.02805076e-05  6.20075000e-07 -6.44786857e-05 
 6.20125000e-07 -4.12553226e-05  6.20125000e-07 -1.29320824e-04 
 6.20162500e-07 -7.32893149e-05  6.20162500e-07 -3.60279109e-04 
 6.20200000e-07  5.81419415e-04  6.20200000e-07  3.43820267e-04 
 6.20205000e-07  3.39536746e-04  6.20205000e-07  1.94663784e-04 
 6.20215000e-07 -3.94226879e-04  6.20215000e-07  4.53517385e-04 
 6.20235000e-07 -3.92007533e-04  6.20235000e-07  1.05473850e-03 
 6.20275000e-07  3.13379656e-04  6.20275000e-07  1.29136920e-03 
 6.20318188e-07 -2.05227252e-04  6.20318188e-07 -2.50938379e-03 
 6.20363620e-07  1.38241664e-04  6.20363620e-07  6.96696705e-04 
 6.20413620e-07 -9.91644894e-05  6.20413620e-07 -1.46171757e-04 
 6.20463620e-07  7.35124848e-05  6.20463620e-07  2.14756116e-04 
 6.20513620e-07 -5.56165341e-05  6.20513620e-07 -1.30434732e-04 
 6.20563620e-07  4.31305806e-05  6.20563620e-07  8.41677220e-05 
 6.20613620e-07 -3.37806105e-05  6.20613620e-07 -4.39671560e-05 
 6.20663620e-07  2.70191853e-05  6.20663620e-07  1.48119881e-05 
 6.20713620e-07 -2.16715989e-05  6.20713620e-07  7.57522647e-06 
 6.20763620e-07  1.77594224e-05  6.20763620e-07 -2.45576582e-05 
 6.20813620e-07 -1.45033931e-05  6.20813620e-07  3.76132854e-05 
 6.20863620e-07  1.21455643e-05  6.20863620e-07 -4.76003422e-05 
 6.20913620e-07 -1.00511160e-05  6.20913620e-07  5.52757804e-05 
 6.20963620e-07  8.57683830e-06  6.20963620e-07 -6.10574571e-05 
 6.21013620e-07 -7.15617018e-06  6.21013620e-07  6.54118328e-05 
 6.21063620e-07  6.20303027e-06  6.21063620e-07 -6.85418248e-05 
 6.21113620e-07 -5.18738051e-06  6.21113620e-07  7.07673083e-05 
 6.21163620e-07  4.55319956e-06  6.21163620e-07 -7.21810008e-05 
 6.21213620e-07 -3.79049384e-06  6.21213620e-07  7.30212210e-05 
 6.21263620e-07  3.35953769e-06  6.21263620e-07 -7.33182884e-05 
 6.21313620e-07 -2.76149414e-06  6.21313620e-07  7.32599703e-05 
 6.21363620e-07  2.46566647e-06  6.21363620e-07 -7.28385918e-05 
 6.21413620e-07 -1.97951261e-06  6.21413620e-07  7.22081084e-05 
 6.21463620e-07  1.77744736e-06  6.21463620e-07 -7.13366935e-05 
 6.21513620e-07 -1.37054155e-06  6.21513620e-07  7.03546443e-05 
 6.21563620e-07  1.23617545e-06  6.21563620e-07 -6.92145062e-05 
 6.21613620e-07 -8.87539272e-07  6.21613620e-07  6.80296202e-05 
 6.21663620e-07  8.03783702e-07  6.21663620e-07 -6.67424322e-05 
 6.21713620e-07 -4.99376472e-07  6.21713620e-07  6.54539787e-05 
 6.21763620e-07  4.54560660e-07  6.21763620e-07 -6.41002892e-05 
 6.21813620e-07 -1.84599120e-07  6.21813620e-07  6.27734110e-05 
 6.21863620e-07  1.70433975e-07  6.21863620e-07 -6.14054353e-05 
 6.21913620e-07  7.21588183e-08  6.21913620e-07  6.00818107e-05 
 6.21956810e-07 -7.82152439e-08  6.21956810e-07 -5.85241624e-05 
 6.22000000e-07  3.11822982e-07  6.22000000e-07  5.70277756e-05 
 6.22005000e-07  2.45119183e-04  6.22005000e-07  3.03835424e-03 
 6.22015000e-07  1.96931824e-04  6.22015000e-07  3.40112538e-03 
 6.22035000e-07 -2.18351819e-05  6.22035000e-07  1.12821246e-03 
 6.22075000e-07  7.26852014e-05  6.22075000e-07  6.64267811e-04 
 6.22125000e-07 -2.20998958e-05  6.22125000e-07  2.58375863e-04 
 6.22162500e-07 -3.29203020e-05  6.22162500e-07  6.76711076e-04 
 6.22200000e-07  1.39380419e-05  6.22200000e-07 -3.60572211e-03 
 6.22205000e-07 -1.79384069e-04  6.22205000e-07 -2.59427833e-03 
 6.22215000e-07 -1.88079717e-04  6.22215000e-07 -1.71102901e-03 
 6.22235000e-07 -2.67011781e-05  6.22235000e-07 -1.13065988e-03 
 6.22275000e-07 -2.82698280e-05  6.22275000e-07 -4.30320871e-04 
 6.22325000e-07  2.41941150e-05  6.22325000e-07 -1.32782523e-04 
 6.22375000e-07 -2.22633722e-05  6.22375000e-07 -3.43480792e-05 
 6.22425000e-07  2.05535539e-05  6.22425000e-07 -1.66614544e-05 
 6.22475000e-07 -1.86877798e-05  6.22475000e-07 -3.21833946e-07 
 6.22525000e-07  1.71561861e-05  6.22525000e-07 -6.00745686e-06 
 6.22575000e-07 -1.54998028e-05  6.22575000e-07  4.38355164e-06 
 6.22625000e-07  1.41998864e-05  6.22625000e-07 -6.01261276e-06 
 6.22675000e-07 -1.27726743e-05  6.22675000e-07  6.40031193e-06 
 6.22725000e-07  1.16935267e-05  6.22725000e-07 -7.36862160e-06 
 6.22775000e-07 -1.04746854e-05  6.22775000e-07  8.04608430e-06 
 6.22825000e-07  9.59076261e-06  6.22825000e-07 -8.79517236e-06 
 6.22875000e-07 -8.55344424e-06  6.22875000e-07  9.43272655e-06 
 6.22925000e-07  7.83790623e-06  6.22925000e-07 -1.00115130e-05 
 6.22975000e-07 -6.95607583e-06  6.22975000e-07  1.05242518e-05 
 6.23025000e-07  6.38398388e-06  6.23025000e-07 -1.09437681e-05 
 6.23075000e-07 -5.63403676e-06  6.23075000e-07  1.13155553e-05 
 6.23125000e-07  5.18314212e-06  6.23125000e-07 -1.15902180e-05 
 6.23175000e-07 -4.54425742e-06  6.23175000e-07  1.18300871e-05 
 6.23225000e-07  4.19510871e-06  6.23225000e-07 -1.19793496e-05 
 6.23275000e-07 -3.64920989e-06  6.23275000e-07  1.21056119e-05 
 6.23325000e-07  3.38502187e-06  6.23325000e-07 -1.21509228e-05 
 6.23375000e-07 -2.91658835e-06  6.23375000e-07  1.21842224e-05 
 6.23425000e-07  2.72301612e-06  6.23425000e-07 -1.21464964e-05 
 6.23475000e-07 -2.31883601e-06  6.23475000e-07  1.21066288e-05 
 6.23525000e-07  2.18371468e-06  6.23525000e-07 -1.20047889e-05 
 6.23575000e-07 -1.83262022e-06  6.23575000e-07  1.19093253e-05 
 6.23625000e-07  1.74569971e-06  6.23625000e-07 -1.17596667e-05 
 6.23675000e-07 -1.43830700e-06  6.23675000e-07  1.16234955e-05 
 6.23725000e-07  1.39099808e-06  6.23725000e-07 -1.14395646e-05 
 6.23775000e-07 -1.11946250e-06  6.23775000e-07  1.12748985e-05 
 6.23825000e-07  1.10460224e-06  6.23825000e-07 -1.10676542e-05 
 6.23875000e-07 -8.62395725e-07  6.23875000e-07  1.08842625e-05 
 6.23925000e-07  8.74035940e-07  6.23925000e-07 -1.06623721e-05 
 6.23975000e-07 -6.55747827e-07  6.23975000e-07  1.04679027e-05 
 6.24025000e-07  6.88968112e-07  6.24025000e-07 -1.02380823e-05 
 6.24075000e-07 -4.90130426e-07  6.24075000e-07  1.00384037e-05 
 6.24125000e-07  5.40874792e-07  6.24125000e-07 -9.80575419e-06 
 6.24175000e-07 -3.57810392e-07  6.24175000e-07  9.60527797e-06 
 6.24225000e-07  4.22746150e-07  6.24225000e-07 -9.37359165e-06 
 6.24275000e-07 -2.52438196e-07  6.24275000e-07  9.17555930e-06 
 6.24325000e-07  3.28835349e-07  6.24325000e-07 -8.94758644e-06 
 6.24375000e-07 -1.68816007e-07  6.24375000e-07  8.75431518e-06 
 6.24425000e-07  2.54444540e-07  6.24425000e-07 -8.53198894e-06 
 6.24475000e-07 -1.02700755e-07  6.24475000e-07  8.34507610e-06 
 6.24525000e-07  1.95744055e-07  6.24525000e-07 -8.12969761e-06 
 6.24575000e-07 -5.06380668e-08  6.24575000e-07  7.95018747e-06 
 6.24625000e-07  1.49620215e-07  6.24625000e-07 -7.74257576e-06 
 6.24675000e-07 -9.82308312e-09  6.24675000e-07  7.57109384e-06 
 6.24725000e-07  1.13548069e-07  6.24725000e-07 -7.37170547e-06 
 6.24775000e-07  2.20156926e-08  6.24775000e-07  7.20856454e-06 
 6.24825000e-07  8.54853495e-08  6.24825000e-07 -7.01758786e-06 
 6.24875000e-07  4.67133634e-08  6.24875000e-07  6.86287158e-06 
 6.24925000e-07  6.37842673e-08  6.24925000e-07 -6.68030008e-06 
 6.24975000e-07  6.57485807e-08  6.24975000e-07  6.53392740e-06 
 6.25025000e-07  4.71187972e-08  6.25025000e-07 -6.35961668e-06 
 6.25075000e-07  8.03096677e-08  6.25075000e-07  6.22139155e-06 
 6.25125000e-07  3.44247581e-08  6.25125000e-07 -6.05510226e-06 
 6.25175000e-07  9.13490878e-08  6.25175000e-07  5.92475133e-06 
 6.25225000e-07  2.48502202e-08  6.25225000e-07 -5.76618213e-06 
 6.25275000e-07  9.96282511e-08  6.25275000e-07  5.64338306e-06 
 6.25325000e-07  1.77152363e-08  6.25325000e-07 -5.49219500e-06 
 6.25375000e-07  1.05753967e-07  6.25375000e-07  5.37659737e-06 
 6.25425000e-07  1.24786351e-08  6.25425000e-07 -5.23243176e-06 
 6.25475000e-07  1.10208464e-07  6.25475000e-07  5.12367254e-06 
 6.25525000e-07  8.71111742e-09  6.25525000e-07 -4.98616405e-06 
 6.25575000e-07  1.13373575e-07  6.25575000e-07  4.88387850e-06 
 6.25625000e-07  6.07329637e-09  6.25625000e-07 -4.75266437e-06 
 6.25675000e-07  1.15550726e-07  6.25675000e-07  4.65649374e-06 
 6.25725000e-07  4.29781937e-09  6.25725000e-07 -4.53122018e-06 
 6.25775000e-07  1.16976775e-07  6.25775000e-07  4.44081700e-06 
 6.25825000e-07  3.17501682e-09  6.25825000e-07 -4.32114333e-06 
 6.25875000e-07  1.17837139e-07  6.25875000e-07  4.23617478e-06 
 6.25925000e-07  2.54109625e-09  6.25925000e-07 -4.12177613e-06 
 6.25975000e-07  1.18276294e-07  6.25975000e-07  4.04192591e-06 
 6.26025000e-07  2.26886220e-09  6.26025000e-07 -3.93249457e-06 
 6.26075000e-07  1.18406057e-07  6.26075000e-07  3.85746399e-06 
 6.26125000e-07  2.26009794e-09  6.26125000e-07 -3.75271010e-06 
 6.26175000e-07  1.18312590e-07  6.26175000e-07  3.68221832e-06 
 6.26225000e-07  2.43941844e-09  6.26225000e-07 -3.58186986e-06 
 6.26275000e-07  1.18061658e-07  6.26275000e-07  3.51565370e-06 
 6.26325000e-07  2.74955415e-09  6.26325000e-07 -3.41945603e-06 
 6.26375000e-07  1.17703103e-07  6.26375000e-07  3.35726942e-06 
 6.26425000e-07  3.14724859e-09  6.26425000e-07 -3.26498465e-06 
 6.26475000e-07  1.17274279e-07  6.26475000e-07  3.20659783e-06 
 6.26525000e-07  3.60030248e-09  6.26525000e-07 -3.11800401e-06 
 6.26575000e-07  1.16802841e-07  6.26575000e-07  3.06320266e-06 
 6.26625000e-07  4.08511024e-09  6.26625000e-07 -2.97809278e-06 
 6.26675000e-07  1.16308900e-07  6.26675000e-07  2.92667706e-06 
 6.26725000e-07  4.58464053e-09  6.26725000e-07 -2.84485811e-06 
 6.26775000e-07  1.15806740e-07  6.26775000e-07  2.79664161e-06 
 6.26825000e-07  5.08694282e-09  6.26825000e-07 -2.71793360e-06 
 6.26875000e-07  1.15306330e-07  6.26875000e-07  2.67274255e-06 
 6.26925000e-07  5.58385137e-09  6.26925000e-07 -2.59697750e-06 
 6.26975000e-07  1.14814209e-07  6.26975000e-07  2.55464966e-06 
 6.27025000e-07  6.07015187e-09  6.27025000e-07 -2.48167079e-06 
 6.27075000e-07  1.14334470e-07  6.27075000e-07  2.44205460e-06 
 6.27125000e-07  6.54279184e-09  6.27125000e-07 -2.37171542e-06 
 6.27175000e-07  1.13869290e-07  6.27175000e-07  2.33466922e-06 
 6.27225000e-07  7.00027366e-09  6.27225000e-07 -2.26683264e-06 
 6.27275000e-07  1.13419623e-07  6.27275000e-07  2.23222387e-06 
 6.27325000e-07  7.44215048e-09  6.27325000e-07 -2.16676158e-06 
 6.27375000e-07  1.12985404e-07  6.27375000e-07  2.13446600e-06 
 6.27425000e-07  7.86889269e-09  6.27425000e-07 -2.07125773e-06 
 6.27475000e-07  1.12565895e-07  6.27475000e-07  2.04115884e-06 
 6.27525000e-07  8.28143666e-09  6.27525000e-07 -1.98009170e-06 
 6.27575000e-07  1.12159999e-07  6.27575000e-07  1.95208015e-06 
 6.27625000e-07  8.68104005e-09  6.27625000e-07 -1.89304808e-06 
 6.27675000e-07  1.11766297e-07  6.27675000e-07  1.86702094e-06 
 6.27725000e-07  9.06919607e-09  6.27725000e-07 -1.80992421e-06 
 6.27775000e-07  1.11383312e-07  6.27775000e-07  1.78578479e-06 
 6.27825000e-07  9.44741640e-09  6.27825000e-07 -1.73052941e-06 
 6.27875000e-07  1.11009472e-07  6.27875000e-07  1.70818645e-06 
 6.27925000e-07  9.81727052e-09  6.27925000e-07 -1.65468386e-06 
 6.27975000e-07  1.10643231e-07  6.27975000e-07  1.63405135e-06 
 6.28025000e-07  1.01802309e-08  6.28025000e-07 -1.58221804e-06 
 6.28075000e-07  1.10283167e-07  6.28075000e-07  1.56321477e-06 
 6.28125000e-07  1.05377401e-08  6.28125000e-07 -1.51297168e-06 
 6.28175000e-07  1.09927901e-07  6.28175000e-07  1.49552084e-06 
 6.28225000e-07  1.08910659e-08  6.28225000e-07 -1.44679342e-06 
 6.28275000e-07  1.09576200e-07  6.28275000e-07  1.43082245e-06 
 6.28325000e-07  1.12414352e-08  6.28325000e-07 -1.38353994e-06 
 6.28375000e-07  1.09226929e-07  6.28375000e-07  1.36898005e-06 
 6.28425000e-07  1.15898559e-08  6.28425000e-07 -1.32307554e-06 
 6.28475000e-07  1.08879094e-07  6.28475000e-07  1.30986151e-06 
 6.28525000e-07  1.19373101e-08  6.28525000e-07 -1.26527157e-06 
 6.28575000e-07  1.08531823e-07  6.28575000e-07  1.25334165e-06 
 6.28625000e-07  1.22845793e-08  6.28625000e-07 -1.21000605e-06 
 6.28675000e-07  1.08184379e-07  6.28675000e-07  1.19930153e-06 
 6.28725000e-07  1.26323728e-08  6.28725000e-07 -1.15716310e-06 
 6.28775000e-07  1.07836089e-07  6.28775000e-07  1.14762830e-06 
 6.28825000e-07  1.29812536e-08  6.28825000e-07 -1.10663275e-06 
 6.28875000e-07  1.07486497e-07  6.28875000e-07  1.09821469e-06 
 6.28925000e-07  1.33317088e-08  6.28925000e-07 -1.05831038e-06 
 6.28975000e-07  1.07135073e-07  6.28975000e-07  1.05095877e-06 
 6.29025000e-07  1.36841570e-08  6.29025000e-07 -1.01209658e-06 
 6.29075000e-07  1.06781535e-07  6.29075000e-07  1.00576348e-06 
 6.29125000e-07  1.40388717e-08  6.29125000e-07 -9.67896715e-07 
 6.29175000e-07  1.06425564e-07  6.29175000e-07  9.62536517e-07 
 6.29225000e-07  1.43961188e-08  6.29225000e-07 -9.25620686e-07 
 6.29275000e-07  1.06067018e-07  6.29275000e-07  9.21189988e-07 
 6.29325000e-07  1.47560118e-08  6.29325000e-07 -8.85182710e-07 
 6.29375000e-07  1.05705733e-07  6.29375000e-07  8.81640160e-07 
 6.29425000e-07  1.51187033e-08  6.29425000e-07 -8.46501028e-07 
 6.29475000e-07  1.05341622e-07  6.29475000e-07  8.43807211e-07 
 6.29525000e-07  1.54842400e-08  6.29525000e-07 -8.09497781e-07 
 6.29575000e-07  1.04974658e-07  6.29575000e-07  8.07615115e-07 
 6.29625000e-07  1.58526054e-08  6.29625000e-07 -7.74098656e-07 
 6.29675000e-07  1.04604893e-07  6.29675000e-07  7.72991276e-07 
 6.29725000e-07  1.62237863e-08  6.29725000e-07 -7.40232815e-07 
 6.29775000e-07  1.04232300e-07  6.29775000e-07  7.39866511e-07 
 6.29825000e-07  1.65977693e-08  6.29825000e-07 -7.07832660e-07 
 6.29875000e-07  1.03856975e-07  6.29875000e-07  7.08174898e-07 
 6.29925000e-07  1.69743934e-08  6.29925000e-07 -6.76833765e-07 
 6.29962500e-07  1.03415805e-07  6.29962500e-07  6.72928020e-07 
 6.30000000e-07  1.74805349e-08  6.30000000e-07 -6.37574289e-07 
 6.30005000e-07 -1.12917604e-05  6.30005000e-07 -9.35971419e-05 
 6.30015000e-07  8.06758147e-06  6.30015000e-07  9.35816355e-06 
 6.30035000e-07  3.52231493e-06  6.30035000e-07  2.50079699e-05 
 6.30075000e-07 -5.39906231e-06  6.30075000e-07  2.31434041e-05 
 6.30125000e-07  3.32559735e-05  6.30125000e-07  2.18185673e-04 
 6.30162500e-07  1.42223865e-05  6.30162500e-07  2.37757504e-04 
 6.30200000e-07 -4.60392695e-04  6.30200000e-07 -2.41854424e-04 
 6.30205000e-07 -4.52109279e-04  6.30205000e-07 -5.25795327e-04 
 6.30215000e-07  6.11448326e-05  6.30215000e-07 -1.10913102e-03 
 6.30235000e-07  7.79516198e-04  6.30235000e-07 -1.79419758e-03 
 6.30273306e-07 -4.68939964e-04  6.30273306e-07 -4.25181180e-04 
 6.30315719e-07  2.13300484e-04  6.30315719e-07  2.45566566e-03 
 6.30360151e-07 -7.13387223e-05  6.30360151e-07 -4.75991489e-04 
 6.30410151e-07  4.80131795e-06  6.30410151e-07  1.08561519e-04 
 6.30460151e-07  3.84764509e-05  6.30460151e-07 -3.20019739e-04 
 6.30510151e-07 -7.04349864e-05  6.30510151e-07  1.04396590e-04 
 6.30560151e-07  9.21096246e-05  6.30560151e-07 -6.65567783e-05 
 6.30610151e-07 -1.04347985e-04  6.30610151e-07  4.19706651e-05 
 6.30660151e-07  1.09622800e-04  6.30660151e-07 -1.76643079e-05 
 6.30710151e-07 -1.09729944e-04  6.30710151e-07 -1.79779738e-05 
 6.30760151e-07  1.06691777e-04  6.30760151e-07  3.66086083e-05 
 6.30810151e-07 -1.01320093e-04  6.30810151e-07 -5.61762315e-05 
 6.30860151e-07  9.49281066e-05  6.30860151e-07  7.07899964e-05 
 6.30910151e-07 -8.76493634e-05  6.30910151e-07 -8.28119774e-05 
 6.30960151e-07  8.03811335e-05  6.30960151e-07  9.27530283e-05 
 6.31010151e-07 -7.29091758e-05  6.31010151e-07 -1.00537798e-04 
 6.31060151e-07  6.59136234e-05  6.31060151e-07  1.06990233e-04 
 6.31110151e-07 -5.90121143e-05  6.31110151e-07 -1.11975370e-04 
 6.31160151e-07  5.27721734e-05  6.31160151e-07  1.16007562e-04 
 6.31210151e-07 -4.67321339e-05  6.31210151e-07 -1.19052153e-04 
 6.31260151e-07  4.14010903e-05  6.31260151e-07  1.21413773e-04 
 6.31310151e-07 -3.62816553e-05  6.31310151e-07 -1.23098645e-04 
 6.31360151e-07  3.18532853e-05  6.31360151e-07  1.24301226e-04 
 6.31410151e-07 -2.76043303e-05  6.31410151e-07 -1.25031551e-04 
 6.31460151e-07  2.40002123e-05  6.31460151e-07  1.25426647e-04 
 6.31510151e-07 -2.05254863e-05  6.31510151e-07 -1.25487213e-04 
 6.31560151e-07  1.76400235e-05  6.31560151e-07  1.25318778e-04 
 6.31610151e-07 -1.48295071e-05  6.31610151e-07 -1.24910206e-04 
 6.31660151e-07  1.25527891e-05  6.31660151e-07  1.24348699e-04 
 6.31710151e-07 -1.02987877e-05  6.31710151e-07 -1.23612446e-04 
 6.31760151e-07  8.52764140e-06  6.31760151e-07  1.22777469e-04 
 6.31810151e-07 -6.73219074e-06  6.31810151e-07 -1.21813312e-04 
 6.31860151e-07  5.37491098e-06  6.31860151e-07  1.20788978e-04 
 6.31910151e-07 -3.95255724e-06  6.31910151e-07 -1.19667300e-04 
 6.31960151e-07  2.93029457e-06  6.31960151e-07  1.18512837e-04 
 6.32010151e-07 -1.80846699e-06  6.32010151e-07 -1.17283285e-04 
 6.32060151e-07  1.05490844e-06  6.32060151e-07  1.16040425e-04 
 6.32110151e-07 -1.73104963e-07  6.32110151e-07 -1.14738030e-04 
 6.32160151e-07 -3.66648243e-07  6.32160151e-07  1.13436200e-04 
 6.32210151e-07  1.05819109e-06  6.32210151e-07 -1.12085694e-04 
 6.32260151e-07 -1.42900948e-06  6.32260151e-07  1.10748779e-04 
 6.32310151e-07  1.97091160e-06  6.32310151e-07 -1.09358749e-04 
 6.32360151e-07 -2.20913058e-06  6.32360151e-07  1.08003037e-04 
 6.32410151e-07  2.63405454e-06  6.32410151e-07 -1.06596540e-04 
 6.32460151e-07 -2.76904929e-06  6.32460151e-07  1.05226889e-04 
 6.32510151e-07  3.10315550e-06  6.32510151e-07 -1.03811745e-04 
 6.32560151e-07 -3.15833465e-06  6.32560151e-07  1.02435876e-04 
 6.32610151e-07  3.42248894e-06  6.32610151e-07 -1.01018374e-04 
 6.32660151e-07 -3.41646412e-06  6.32660151e-07  9.96417481e-05 
 6.32710151e-07  3.62710673e-06  6.32710151e-07 -9.82288152e-05 
 6.32760151e-07 -3.57467725e-06  6.32760151e-07  9.68526942e-05 
 6.32810151e-07  3.74500798e-06  6.32810151e-07 -9.54433112e-05 
 6.32860151e-07 -3.65752478e-06  6.32860151e-07  9.40763164e-05 
 6.32910151e-07  3.79772549e-06  6.32910151e-07 -9.26750561e-05 
 6.32960151e-07 -3.68434196e-06  6.32960151e-07  9.13167004e-05 
 6.33010151e-07  3.80234623e-06  6.33010151e-07 -8.99257252e-05 
 6.33060151e-07 -3.67006202e-06  6.33060151e-07  8.85778333e-05 
 6.33110151e-07  3.77203536e-06  6.33110151e-07 -8.71987234e-05 
 6.33160151e-07 -3.62626968e-06  6.33160151e-07  8.58628071e-05 
 6.33210151e-07  3.71696399e-06  6.33210151e-07 -8.44968868e-05 
 6.33260151e-07 -3.56187542e-06  6.33260151e-07  8.31742114e-05 
 6.33310151e-07  3.64492288e-06  6.33310151e-07 -8.18225991e-05 
 6.33360151e-07 -3.48367609e-06  6.33360151e-07  8.05142478e-05 
 6.33410151e-07  3.56182869e-06  6.33410151e-07 -7.91779083e-05 
 6.33460151e-07 -3.39680938e-06  6.33460151e-07  7.78848271e-05 
 6.33510151e-07  3.47213074e-06  6.33510151e-07 -7.65646076e-05 
 6.33560151e-07 -3.30511665e-06  6.33560151e-07  7.52876347e-05 
 6.33610151e-07  3.37913446e-06  6.33610151e-07 -7.39842883e-05 
 6.33660151e-07 -3.21143144e-06  6.33660151e-07  7.27241734e-05 
 6.33710151e-07  3.28525835e-06  6.33710151e-07 -7.14383744e-05 
 6.33760151e-07 -3.11780776e-06  6.33760151e-07  7.01957907e-05 
 6.33810151e-07  3.19223685e-06  6.33810151e-07 -6.89281446e-05 
 6.33860151e-07 -3.02570026e-06  6.33860151e-07  6.77036973e-05 
 6.33910151e-07  3.10128004e-06  6.33910151e-07 -6.64547469e-05 
 6.33960151e-07 -2.93610587e-06  6.33960151e-07  6.52489783e-05 
 6.34010151e-07  3.01319933e-06  6.34010151e-07 -6.40192079e-05 
 6.34060151e-07 -2.84967494e-06  6.34060151e-07  6.28326013e-05 
 6.34110151e-07  2.92850555e-06  6.34110151e-07 -6.16224399e-05 
 6.34160151e-07 -2.76679791e-06  6.34160151e-07  6.04554223e-05 
 6.34210151e-07  2.84748544e-06  6.34210151e-07 -5.92652460e-05 
 6.34260151e-07 -2.68767269e-06  6.34260151e-07  5.81181904e-05 
 6.34310151e-07  2.77026102e-06  6.34310151e-07 -5.69483247e-05 
 6.34360151e-07 -2.61235683e-06  6.34360151e-07  5.58215525e-05 
 6.34410151e-07  2.69683535e-06  6.34410151e-07 -5.46722736e-05 
 6.34460151e-07 -2.54080771e-06  6.34460151e-07  5.35660565e-05 
 6.34510151e-07  2.62712758e-06  6.34510151e-07 -5.24375939e-05 
 6.34560151e-07 -2.47291301e-06  6.34560151e-07  5.13521562e-05 
 6.34610151e-07  2.56099983e-06  6.34610151e-07 -5.02446944e-05 
 6.34660151e-07 -2.40851429e-06  6.34660151e-07  4.91802148e-05 
 6.34710151e-07  2.49827730e-06  6.34710151e-07 -4.80938958e-05 
 6.34760151e-07 -2.34742424e-06  6.34760151e-07  4.70505103e-05 
 6.34810151e-07  2.43876343e-06  6.34810151e-07 -4.59854353e-05 
 6.34860151e-07 -2.28943988e-06  6.34860151e-07  4.49632389e-05 
 6.34910151e-07  2.38225110e-06  6.34910151e-07 -4.39194711e-05 
 6.34960151e-07 -2.23435197e-06  6.34960151e-07  4.29185204e-05 
 6.35010151e-07  2.32853064e-06  6.35010151e-07 -4.18960867e-05 
 6.35060151e-07 -2.18195190e-06  6.35060151e-07  4.09164026e-05 
 6.35110151e-07  2.27739567e-06  6.35110151e-07 -3.99152962e-05 
 6.35160151e-07 -2.13203654e-06  6.35160151e-07  3.89568659e-05 
 6.35210151e-07  2.22864711e-06  6.35210151e-07 -3.79770486e-05 
 6.35260151e-07 -2.08441146e-06  6.35260151e-07  3.70398279e-05 
 6.35310151e-07  2.18209568e-06  6.35310151e-07 -3.60812323e-05 
 6.35360151e-07 -2.03889304e-06  6.35360151e-07  3.51651483e-05 
 6.35410151e-07  2.13756362e-06  6.35410151e-07 -3.42276800e-05 
 6.35460151e-07 -1.99530958e-06  6.35460151e-07  3.33326327e-05 
 6.35510151e-07  2.09488548e-06  6.35510151e-07 -3.24161724e-05 
 6.35560151e-07 -1.95350197e-06  6.35560151e-07  3.15420375e-05 
 6.35610151e-07  2.05390843e-06  6.35610151e-07 -3.06464429e-05 
 6.35660151e-07 -1.91332367e-06  6.35660151e-07  2.97930735e-05 
 6.35710151e-07  2.01449221e-06  6.35710151e-07 -2.89181816e-05 
 6.35760151e-07 -1.87464055e-06  6.35760151e-07  2.80854101e-05 
 6.35810151e-07  1.97650866e-06  6.35810151e-07 -2.72310387e-05 
 6.35860151e-07 -1.83733036e-06  6.35860151e-07  2.64186789e-05 
 6.35910151e-07  1.93984125e-06  6.35910151e-07 -2.55846288e-05 
 6.35960151e-07 -1.80128210e-06  6.35960151e-07  2.47924776e-05 
 6.36010151e-07  1.90438435e-06  6.36010151e-07 -2.39785337e-05 
 6.36060151e-07 -1.76639541e-06  6.36060151e-07  2.32063728e-05 
 6.36110151e-07  1.87004260e-06  6.36110151e-07 -2.24123061e-05 
 6.36160151e-07 -1.73257963e-06  6.36160151e-07  2.16599034e-05 
 6.36210151e-07  1.83672997e-06  6.36210151e-07 -2.08854725e-05 
 6.36260151e-07 -1.69975323e-06  6.36260151e-07  2.01525837e-05 
 6.36310151e-07  1.80436914e-06  6.36310151e-07 -1.93975360e-05 
 6.36360151e-07 -1.66784293e-06  6.36360151e-07  1.86839059e-05 
 6.36410151e-07  1.77289069e-06  6.36410151e-07 -1.79479789e-05 
 6.36460151e-07 -1.63678302e-06  6.36460151e-07  1.72533430e-05 
 6.36510151e-07  1.74223244e-06  6.36510151e-07 -1.65362656e-05 
 6.36560151e-07 -1.60651459e-06  6.36560151e-07  1.58603508e-05 
 6.36610151e-07  1.71233860e-06  6.36610151e-07 -1.51618445e-05 
 6.36660151e-07 -1.57698492e-06  6.36660151e-07  1.45043706e-05 
 6.36710151e-07  1.68315933e-06  6.36710151e-07 -1.38241502e-05 
 6.36760151e-07 -1.54814689e-06  6.36760151e-07  1.31848308e-05 
 6.36810151e-07  1.65465011e-06  6.36810151e-07 -1.25226059e-05 
 6.36860151e-07 -1.51995836e-06  6.36860151e-07  1.19011493e-05 
 6.36910151e-07  1.62677106e-06  6.36910151e-07 -1.12566248e-05 
 6.36960151e-07 -1.49238171e-06  6.36960151e-07  1.06527349e-05 
 6.37010151e-07  1.59948665e-06  6.37010151e-07 -1.00256120e-05 
 6.37060151e-07 -1.46538332e-06  6.37060151e-07  9.43898920e-06 
 6.37110151e-07  1.57276507e-06  6.37110151e-07 -8.82896602e-06 
 6.37160151e-07 -1.43893307e-06  6.37160151e-07  8.25930805e-06 
 6.37210151e-07  1.54657783e-06  6.37210151e-07 -7.66608050e-06 
 6.37260151e-07 -1.41300410e-06  6.37260151e-07  7.11308288e-06 
 6.37310151e-07  1.52089957e-06  6.37310151e-07 -6.53634530e-06 
 6.37360151e-07 -1.38757240e-06  6.37360151e-07  5.99970217e-06 
 6.37410151e-07  1.49570753e-06  6.37410151e-07 -5.43914781e-06 
 6.37460151e-07 -1.36261638e-06  6.37460151e-07  4.91855240e-06 
 6.37510151e-07  1.47098130e-06  6.37510151e-07 -4.37387413e-06 
 6.37560151e-07 -1.33811676e-06  6.37560151e-07  3.86901941e-06 
 6.37610151e-07  1.44670258e-06  6.37610151e-07 -3.33991008e-06 
 6.37660151e-07 -1.31405621e-06  6.37660151e-07  2.85048917e-06 
 6.37710151e-07  1.42285496e-06  6.37710151e-07 -2.33664220e-06 
 6.37760151e-07 -1.29041912e-06  6.37760151e-07  1.86234891e-06 
 6.37810151e-07  1.39942363e-06  6.37810151e-07 -1.36345862e-06 
 6.37860151e-07 -1.26719147e-06  6.37860151e-07  9.03987774e-07 
 6.37910151e-07  1.37639526e-06  6.37910151e-07 -4.19749759e-07 
 6.37960151e-07 -1.24436056e-06  6.37960151e-07 -2.52023624e-08 
 6.38010151e-07  1.35375773e-06  6.38010151e-07  4.95090761e-07 
 6.38060151e-07 -1.22191485e-06  6.38060151e-07 -9.25826084e-07 
 6.38110151e-07  1.33150012e-06  6.38110151e-07  1.38166554e-06 
 6.38160151e-07 -1.19984399e-06  6.38160151e-07 -1.79848397e-06 
 6.38210151e-07  1.30961250e-06  6.38210151e-07  2.24057290e-06 
 6.38260151e-07 -1.17813840e-06  6.38260151e-07 -2.64377188e-06 
 6.38310151e-07  1.28808574e-06  6.38310151e-07  3.07240610e-06 
 6.38360151e-07 -1.15678944e-06  6.38360151e-07 -3.46228046e-06 
 6.38410151e-07  1.26691155e-06  6.38410151e-07  3.87775308e-06 
 6.38460151e-07 -1.13578911e-06  6.38460151e-07 -4.25459484e-06 
 6.38510151e-07  1.24608226e-06  6.38510151e-07  4.65719588e-06 
 6.38560151e-07 -1.11513006e-06  6.38560151e-07 -5.02129393e-06 
 6.38610151e-07  1.22559083e-06  6.38610151e-07  5.41131026e-06 
 6.38660151e-07 -1.09480553e-06  6.38660151e-07 -5.76295027e-06 
 6.38710151e-07  1.20543070e-06  6.38710151e-07  6.14066541e-06 
 6.38760151e-07 -1.07480916e-06  6.38760151e-07 -6.48012957e-06 
 6.38810151e-07  1.18559577e-06  6.38810151e-07  6.84582350e-06 
 6.38860151e-07 -1.05513511e-06  6.38860151e-07 -7.17339050e-06 
 6.38910151e-07  1.16608037e-06  6.38910151e-07  7.52733953e-06 
 6.38960151e-07 -1.03577784e-06  6.38960151e-07 -7.84328432e-06 
 6.39010151e-07  1.14687912e-06  6.39010151e-07  8.18576103e-06 
 6.39060151e-07 -1.01673216e-06  6.39060151e-07 -8.49035476e-06 
 6.39110151e-07  1.12798701e-06  6.39110151e-07  8.82162786e-06 
 6.39160151e-07 -9.97993181e-07  6.39160151e-07 -9.11513780e-06 
 6.39210151e-07  1.10939923e-06  6.39210151e-07  9.43547199e-06 
 6.39260151e-07 -9.79556196e-07  6.39260151e-07 -9.71816132e-06 
 6.39310151e-07  1.09111124e-06  6.39310151e-07  1.00278173e-05 
 6.39360151e-07 -9.61416827e-07  6.39360151e-07 -1.02999453e-05 
 6.39410151e-07  1.07311870e-06  6.39410151e-07  1.05991797e-05 
 6.39460151e-07 -9.43570723e-07  6.39460151e-07 -1.08610013e-05 
 6.39510151e-07  1.05541737e-06  6.39510151e-07  1.11500665e-05 
 6.39560151e-07 -9.26013855e-07  6.39560151e-07 -1.14018327e-05 
 6.39610151e-07  1.03800330e-06  6.39610151e-07  1.16809770e-05 
 6.39660151e-07 -9.08742215e-07  6.39660151e-07 -1.19229343e-05 
 6.39710151e-07  1.02087253e-06  6.39710151e-07  1.21924018e-05 
 6.39760151e-07 -8.91752003e-07  6.39760151e-07 -1.24247927e-05 
 6.39810151e-07  1.00402133e-06  6.39810151e-07  1.26848231e-05 
 6.39860151e-07 -8.75039469e-07  6.39860151e-07 -1.29078858e-05 
 6.39910151e-07  9.87446005e-07  6.39910151e-07  1.31587146e-05 
 6.39955075e-07 -8.57680548e-07  6.39955075e-07 -1.33984043e-05 
 6.40000000e-07  9.69318088e-07  6.40000000e-07  1.36649275e-05 
 6.40005000e-07  2.08609579e-05  6.40005000e-07  2.61813306e-04 
 6.40015000e-07 -4.46432191e-06  6.40015000e-07  4.50435989e-05 
 6.40035000e-07 -1.36912981e-05  6.40035000e-07 -7.75942569e-05 
 6.40075000e-07  1.02981097e-05  6.40075000e-07 -1.10354297e-04 
 6.40125000e-07 -5.64910605e-05  6.40125000e-07 -2.05714189e-04 
 6.40162500e-07 -1.49088717e-05  6.40162500e-07 -5.87976778e-04 
 6.40200000e-07  2.56873313e-03  6.40200000e-07  7.93143925e-04 
 6.40205000e-07  1.74645337e-03  6.40205000e-07  1.48921291e-03 
 6.40215000e-07 -3.89739276e-03  6.40215000e-07  3.06344248e-03 
 6.40235000e-07 -1.74045796e-02  6.40235000e-07  5.48530698e-03 
 6.40275000e-07  6.01497924e-02  6.40275000e-07  3.09414144e-03 
 6.40325000e-07  1.03895508e+00  6.40325000e-07 -2.88593109e-02 
 6.40375000e-07  1.25471515e+00  6.40375000e-07 -5.29550174e-02 
 6.40425000e-07  1.15391996e+00  6.40425000e-07  7.28142654e-02 
 6.40475000e-07  1.23638515e+00  6.40475000e-07  1.09684960e+00 
 6.40525000e-07  1.16974801e+00  6.40525000e-07  2.83397678e+00 
 6.40575000e-07  1.22420968e+00  6.40575000e-07  3.24877125e+00 
 6.40625000e-07  1.17998321e+00  6.40625000e-07  3.24187765e+00 
 6.40675000e-07  1.21615216e+00  6.40675000e-07  3.28681332e+00 
 6.40725000e-07  1.18668667e+00  6.40725000e-07  3.28289617e+00 
 6.40775000e-07  1.21080549e+00  6.40775000e-07  3.29575536e+00 
 6.40825000e-07  1.19110600e+00  6.40825000e-07  3.29489669e+00 
 6.40875000e-07  1.20725055e+00  6.40875000e-07  3.29862413e+00 
 6.40925000e-07  1.19403306e+00  6.40925000e-07  3.29858432e+00 
 6.40975000e-07  1.20488214e+00  6.40975000e-07  3.29939719e+00 
 6.41025000e-07  1.19597911e+00  6.41025000e-07  3.29979619e+00 
 6.41075000e-07  1.20330082e+00  6.41075000e-07  3.29955175e+00 
 6.41125000e-07  1.19727729e+00  6.41125000e-07  3.30023113e+00 
 6.41175000e-07  1.20224249e+00  6.41175000e-07  3.29954689e+00 
 6.41225000e-07  1.19814974e+00  6.41225000e-07  3.30040428e+00 
 6.41275000e-07  1.20153547e+00  6.41275000e-07  3.29951750e+00 
 6.41325000e-07  1.19873096e+00  6.41325000e-07  3.30047669e+00 
 6.41375000e-07  1.20105569e+00  6.41375000e-07  3.29949591e+00 
 6.41425000e-07  1.19912309e+00  6.41425000e-07  3.30050453e+00 
 6.41475000e-07  1.20073201e+00  6.41475000e-07  3.29948873e+00 
 6.41525000e-07  1.19938866e+00  6.41525000e-07  3.30050910e+00 
 6.41575000e-07  1.20051263e+00  6.41575000e-07  3.29949390e+00 
 6.41625000e-07  1.19956930e+00  6.41625000e-07  3.30050014e+00 
 6.41675000e-07  1.20036316e+00  6.41675000e-07  3.29950802e+00 
 6.41725000e-07  1.19969282e+00  6.41725000e-07  3.30048294e+00 
 6.41775000e-07  1.20026070e+00  6.41775000e-07  3.29952812e+00 
 6.41825000e-07  1.19977782e+00  6.41825000e-07  3.30046077e+00 
 6.41875000e-07  1.20018996e+00  6.41875000e-07  3.29955186e+00 
 6.41925000e-07  1.19983676e+00  6.41925000e-07  3.30043579e+00 
 6.41962500e-07  1.20013402e+00  6.41962500e-07  3.29958198e+00 
 6.42000000e-07  1.19988892e+00  6.42000000e-07  3.30040066e+00 
 6.42005000e-07  1.19997295e+00  6.42005000e-07  3.30003295e+00 
 6.42015000e-07  1.20001148e+00  6.42015000e-07  3.29996987e+00 
 6.42035000e-07  1.19999187e+00  6.42035000e-07  3.30002779e+00 
 6.42075000e-07  1.20000685e+00  6.42075000e-07  3.29997350e+00 
 6.42125000e-07  1.19999383e+00  6.42125000e-07  3.30002553e+00 
 6.42162500e-07  1.20000520e+00  6.42162500e-07  3.29997571e+00 
 6.42200000e-07  1.19999544e+00  6.42200000e-07  3.30002318e+00 
 6.42205000e-07  1.19999888e+00  6.42205000e-07  3.30000113e+00 
 6.42215000e-07  1.20000065e+00  6.42215000e-07  3.29999926e+00 
 6.42235000e-07  1.19999947e+00  6.42235000e-07  3.30000138e+00 
 6.42275000e-07  1.20000028e+00  6.42275000e-07  3.29999840e+00 
 6.42325000e-07  1.19999974e+00  6.42325000e-07  3.30000148e+00 
 6.42375000e-07  1.20000007e+00  6.42375000e-07  3.29999862e+00 
 6.42425000e-07  1.19999989e+00  6.42425000e-07  3.30000134e+00 
 6.42475000e-07  1.19999997e+00  6.42475000e-07  3.29999867e+00 
 6.42525000e-07  1.19999995e+00  6.42525000e-07  3.30000129e+00 
 6.42575000e-07  1.19999994e+00  6.42575000e-07  3.29999871e+00 
 6.42625000e-07  1.19999996e+00  6.42625000e-07  3.30000125e+00 
 6.42675000e-07  1.19999995e+00  6.42675000e-07  3.29999876e+00 
 6.42725000e-07  1.19999994e+00  6.42725000e-07  3.30000119e+00 
 6.42775000e-07  1.19999997e+00  6.42775000e-07  3.29999882e+00 
 6.42825000e-07  1.19999993e+00  6.42825000e-07  3.30000114e+00 
 6.42875000e-07  1.19999999e+00  6.42875000e-07  3.29999888e+00 
 6.42925000e-07  1.19999991e+00  6.42925000e-07  3.30000108e+00 
 6.42975000e-07  1.20000000e+00  6.42975000e-07  3.29999894e+00 
 6.43025000e-07  1.19999990e+00  6.43025000e-07  3.30000101e+00 
 6.43075000e-07  1.20000001e+00  6.43075000e-07  3.29999900e+00 
 6.43125000e-07  1.19999990e+00  6.43125000e-07  3.30000095e+00 
 6.43175000e-07  1.20000001e+00  6.43175000e-07  3.29999906e+00 
 6.43225000e-07  1.19999989e+00  6.43225000e-07  3.30000089e+00 
 6.43275000e-07  1.20000001e+00  6.43275000e-07  3.29999912e+00 
 6.43325000e-07  1.19999990e+00  6.43325000e-07  3.30000084e+00 
 6.43375000e-07  1.20000001e+00  6.43375000e-07  3.29999918e+00 
 6.43425000e-07  1.19999990e+00  6.43425000e-07  3.30000078e+00 
 6.43475000e-07  1.20000000e+00  6.43475000e-07  3.29999923e+00 
 6.43525000e-07  1.19999990e+00  6.43525000e-07  3.30000073e+00 
 6.43575000e-07  1.20000000e+00  6.43575000e-07  3.29999928e+00 
 6.43625000e-07  1.19999991e+00  6.43625000e-07  3.30000068e+00 
 6.43675000e-07  1.19999999e+00  6.43675000e-07  3.29999933e+00 
 6.43725000e-07  1.19999991e+00  6.43725000e-07  3.30000064e+00 
 6.43775000e-07  1.19999999e+00  6.43775000e-07  3.29999937e+00 
 6.43825000e-07  1.19999992e+00  6.43825000e-07  3.30000059e+00 
 6.43875000e-07  1.19999998e+00  6.43875000e-07  3.29999941e+00 
 6.43925000e-07  1.19999992e+00  6.43925000e-07  3.30000055e+00 
 6.43975000e-07  1.19999998e+00  6.43975000e-07  3.29999945e+00 
 6.44025000e-07  1.19999992e+00  6.44025000e-07  3.30000052e+00 
 6.44075000e-07  1.19999998e+00  6.44075000e-07  3.29999949e+00 
 6.44125000e-07  1.19999993e+00  6.44125000e-07  3.30000048e+00 
 6.44175000e-07  1.19999997e+00  6.44175000e-07  3.29999952e+00 
 6.44225000e-07  1.19999993e+00  6.44225000e-07  3.30000045e+00 
 6.44275000e-07  1.19999997e+00  6.44275000e-07  3.29999955e+00 
 6.44325000e-07  1.19999993e+00  6.44325000e-07  3.30000042e+00 
 6.44375000e-07  1.19999997e+00  6.44375000e-07  3.29999958e+00 
 6.44425000e-07  1.19999994e+00  6.44425000e-07  3.30000039e+00 
 6.44475000e-07  1.19999997e+00  6.44475000e-07  3.29999961e+00 
 6.44525000e-07  1.19999994e+00  6.44525000e-07  3.30000036e+00 
 6.44575000e-07  1.19999997e+00  6.44575000e-07  3.29999964e+00 
 6.44625000e-07  1.19999994e+00  6.44625000e-07  3.30000034e+00 
 6.44675000e-07  1.19999996e+00  6.44675000e-07  3.29999966e+00 
 6.44725000e-07  1.19999994e+00  6.44725000e-07  3.30000032e+00 
 6.44775000e-07  1.19999996e+00  6.44775000e-07  3.29999968e+00 
 6.44825000e-07  1.19999994e+00  6.44825000e-07  3.30000029e+00 
 6.44875000e-07  1.19999996e+00  6.44875000e-07  3.29999970e+00 
 6.44925000e-07  1.19999994e+00  6.44925000e-07  3.30000027e+00 
 6.44975000e-07  1.19999996e+00  6.44975000e-07  3.29999972e+00 
 6.45025000e-07  1.19999994e+00  6.45025000e-07  3.30000026e+00 
 6.45075000e-07  1.19999996e+00  6.45075000e-07  3.29999974e+00 
 6.45125000e-07  1.19999994e+00  6.45125000e-07  3.30000024e+00 
 6.45175000e-07  1.19999996e+00  6.45175000e-07  3.29999976e+00 
 6.45225000e-07  1.19999995e+00  6.45225000e-07  3.30000022e+00 
 6.45275000e-07  1.19999996e+00  6.45275000e-07  3.29999977e+00 
 6.45325000e-07  1.19999995e+00  6.45325000e-07  3.30000021e+00 
 6.45375000e-07  1.19999996e+00  6.45375000e-07  3.29999979e+00 
 6.45425000e-07  1.19999995e+00  6.45425000e-07  3.30000019e+00 
 6.45475000e-07  1.19999996e+00  6.45475000e-07  3.29999980e+00 
 6.45525000e-07  1.19999995e+00  6.45525000e-07  3.30000018e+00 
 6.45575000e-07  1.19999996e+00  6.45575000e-07  3.29999981e+00 
 6.45625000e-07  1.19999995e+00  6.45625000e-07  3.30000017e+00 
 6.45675000e-07  1.19999996e+00  6.45675000e-07  3.29999983e+00 
 6.45725000e-07  1.19999995e+00  6.45725000e-07  3.30000016e+00 
 6.45775000e-07  1.19999996e+00  6.45775000e-07  3.29999984e+00 
 6.45825000e-07  1.19999995e+00  6.45825000e-07  3.30000015e+00 
 6.45875000e-07  1.19999996e+00  6.45875000e-07  3.29999985e+00 
 6.45925000e-07  1.19999995e+00  6.45925000e-07  3.30000013e+00 
 6.45975000e-07  1.19999996e+00  6.45975000e-07  3.29999986e+00 
 6.46025000e-07  1.19999995e+00  6.46025000e-07  3.30000013e+00 
 6.46075000e-07  1.19999995e+00  6.46075000e-07  3.29999987e+00 
 6.46125000e-07  1.19999995e+00  6.46125000e-07  3.30000012e+00 
 6.46175000e-07  1.19999995e+00  6.46175000e-07  3.29999987e+00 
 6.46225000e-07  1.19999995e+00  6.46225000e-07  3.30000011e+00 
 6.46275000e-07  1.19999995e+00  6.46275000e-07  3.29999988e+00 
 6.46325000e-07  1.19999995e+00  6.46325000e-07  3.30000010e+00 
 6.46375000e-07  1.19999995e+00  6.46375000e-07  3.29999989e+00 
 6.46425000e-07  1.19999995e+00  6.46425000e-07  3.30000009e+00 
 6.46475000e-07  1.19999995e+00  6.46475000e-07  3.29999990e+00 
 6.46525000e-07  1.19999995e+00  6.46525000e-07  3.30000009e+00 
 6.46575000e-07  1.19999995e+00  6.46575000e-07  3.29999990e+00 
 6.46625000e-07  1.19999995e+00  6.46625000e-07  3.30000008e+00 
 6.46675000e-07  1.19999995e+00  6.46675000e-07  3.29999991e+00 
 6.46725000e-07  1.19999995e+00  6.46725000e-07  3.30000007e+00 
 6.46775000e-07  1.19999995e+00  6.46775000e-07  3.29999992e+00 
 6.46825000e-07  1.19999995e+00  6.46825000e-07  3.30000007e+00 
 6.46875000e-07  1.19999995e+00  6.46875000e-07  3.29999992e+00 
 6.46925000e-07  1.19999995e+00  6.46925000e-07  3.30000006e+00 
 6.46975000e-07  1.19999995e+00  6.46975000e-07  3.29999993e+00 
 6.47025000e-07  1.19999995e+00  6.47025000e-07  3.30000006e+00 
 6.47075000e-07  1.19999995e+00  6.47075000e-07  3.29999993e+00 
 6.47125000e-07  1.19999995e+00  6.47125000e-07  3.30000005e+00 
 6.47175000e-07  1.19999995e+00  6.47175000e-07  3.29999994e+00 
 6.47225000e-07  1.19999995e+00  6.47225000e-07  3.30000005e+00 
 6.47275000e-07  1.19999995e+00  6.47275000e-07  3.29999994e+00 
 6.47325000e-07  1.19999995e+00  6.47325000e-07  3.30000004e+00 
 6.47375000e-07  1.19999995e+00  6.47375000e-07  3.29999995e+00 
 6.47425000e-07  1.19999995e+00  6.47425000e-07  3.30000004e+00 
 6.47475000e-07  1.19999995e+00  6.47475000e-07  3.29999995e+00 
 6.47525000e-07  1.19999995e+00  6.47525000e-07  3.30000004e+00 
 6.47575000e-07  1.19999995e+00  6.47575000e-07  3.29999995e+00 
 6.47625000e-07  1.19999995e+00  6.47625000e-07  3.30000003e+00 
 6.47675000e-07  1.19999995e+00  6.47675000e-07  3.29999996e+00 
 6.47725000e-07  1.19999995e+00  6.47725000e-07  3.30000003e+00 
 6.47775000e-07  1.19999995e+00  6.47775000e-07  3.29999996e+00 
 6.47825000e-07  1.19999995e+00  6.47825000e-07  3.30000003e+00 
 6.47875000e-07  1.19999995e+00  6.47875000e-07  3.29999996e+00 
 6.47925000e-07  1.19999995e+00  6.47925000e-07  3.30000002e+00 
 6.47975000e-07  1.19999995e+00  6.47975000e-07  3.29999997e+00 
 6.48025000e-07  1.19999995e+00  6.48025000e-07  3.30000002e+00 
 6.48075000e-07  1.19999995e+00  6.48075000e-07  3.29999997e+00 
 6.48125000e-07  1.19999995e+00  6.48125000e-07  3.30000002e+00 
 6.48175000e-07  1.19999995e+00  6.48175000e-07  3.29999997e+00 
 6.48225000e-07  1.19999995e+00  6.48225000e-07  3.30000001e+00 
 6.48275000e-07  1.19999995e+00  6.48275000e-07  3.29999997e+00 
 6.48325000e-07  1.19999995e+00  6.48325000e-07  3.30000001e+00 
 6.48375000e-07  1.19999995e+00  6.48375000e-07  3.29999998e+00 
 6.48425000e-07  1.19999995e+00  6.48425000e-07  3.30000001e+00 
 6.48475000e-07  1.19999995e+00  6.48475000e-07  3.29999998e+00 
 6.48525000e-07  1.19999995e+00  6.48525000e-07  3.30000001e+00 
 6.48575000e-07  1.19999995e+00  6.48575000e-07  3.29999998e+00 
 6.48625000e-07  1.19999995e+00  6.48625000e-07  3.30000001e+00 
 6.48675000e-07  1.19999995e+00  6.48675000e-07  3.29999998e+00 
 6.48725000e-07  1.19999995e+00  6.48725000e-07  3.30000000e+00 
 6.48775000e-07  1.19999995e+00  6.48775000e-07  3.29999998e+00 
 6.48825000e-07  1.19999995e+00  6.48825000e-07  3.30000000e+00 
 6.48875000e-07  1.19999995e+00  6.48875000e-07  3.29999998e+00 
 6.48925000e-07  1.19999995e+00  6.48925000e-07  3.30000000e+00 
 6.48975000e-07  1.19999995e+00  6.48975000e-07  3.29999999e+00 
 6.49025000e-07  1.19999995e+00  6.49025000e-07  3.30000000e+00 
 6.49075000e-07  1.19999995e+00  6.49075000e-07  3.29999999e+00 
 6.49125000e-07  1.19999995e+00  6.49125000e-07  3.30000000e+00 
 6.49175000e-07  1.19999995e+00  6.49175000e-07  3.29999999e+00 
 6.49225000e-07  1.19999995e+00  6.49225000e-07  3.30000000e+00 
 6.49275000e-07  1.19999995e+00  6.49275000e-07  3.29999999e+00 
 6.49325000e-07  1.19999995e+00  6.49325000e-07  3.30000000e+00 
 6.49375000e-07  1.19999995e+00  6.49375000e-07  3.29999999e+00 
 6.49425000e-07  1.19999995e+00  6.49425000e-07  3.29999999e+00 
 6.49475000e-07  1.19999995e+00  6.49475000e-07  3.29999999e+00 
 6.49525000e-07  1.19999995e+00  6.49525000e-07  3.29999999e+00 
 6.49575000e-07  1.19999995e+00  6.49575000e-07  3.29999999e+00 
 6.49625000e-07  1.19999995e+00  6.49625000e-07  3.29999999e+00 
 6.49675000e-07  1.19999995e+00  6.49675000e-07  3.29999999e+00 
 6.49725000e-07  1.19999995e+00  6.49725000e-07  3.29999999e+00 
 6.49775000e-07  1.19999995e+00  6.49775000e-07  3.30000000e+00 
 6.49825000e-07  1.19999995e+00  6.49825000e-07  3.29999999e+00 
 6.49875000e-07  1.19999995e+00  6.49875000e-07  3.30000000e+00 
 6.49925000e-07  1.19999995e+00  6.49925000e-07  3.29999999e+00 
 6.49962500e-07  1.19999995e+00  6.49962500e-07  3.30000000e+00 
 6.50000000e-07  1.19999995e+00  6.50000000e-07  3.29999999e+00 
 6.50005000e-07  1.19996574e+00  6.50005000e-07  3.29981797e+00 
 6.50015000e-07  1.19999519e+00  6.50015000e-07  3.29988093e+00 
 6.50035000e-07  1.20003004e+00  6.50035000e-07  3.30001836e+00 
 6.50075000e-07  1.19997908e+00  6.50075000e-07  3.30009300e+00 
 6.50125000e-07  1.20018786e+00  6.50125000e-07  3.30094389e+00 
 6.50162500e-07  1.20039056e+00  6.50162500e-07  3.30171945e+00 
 6.50200000e-07  1.19910080e+00  6.50200000e-07  3.30113573e+00 
 6.50205000e-07  1.19879157e+00  6.50205000e-07  3.30114705e+00 
 6.50215000e-07  1.19909981e+00  6.50215000e-07  3.30022505e+00 
 6.50235000e-07  1.20181157e+00  6.50235000e-07  3.29774128e+00 
 6.50275000e-07  1.19924424e+00  6.50275000e-07  3.29522703e+00 
 6.50319603e-07  1.19997773e+00  6.50319603e-07  3.30043760e+00 
 6.50366217e-07  1.20007897e+00  6.50366217e-07  3.30352402e+00 
 6.50416217e-07  1.19979143e+00  6.50416217e-07  3.29942261e+00 
 6.50466217e-07  1.20023992e+00  6.50466217e-07  3.30034104e+00 
 6.50516217e-07  1.19973909e+00  6.50516217e-07  3.29942751e+00 
 6.50566217e-07  1.20025761e+00  6.50566217e-07  3.30007232e+00 
 6.50616217e-07  1.19975149e+00  6.50616217e-07  3.29961809e+00 
 6.50666217e-07  1.20023068e+00  6.50666217e-07  3.30012273e+00 
 6.50716217e-07  1.19978799e+00  6.50716217e-07  3.29973218e+00 
 6.50766217e-07  1.20019055e+00  6.50766217e-07  3.30015713e+00 
 6.50816217e-07  1.19982943e+00  6.50816217e-07  3.29978933e+00 
 6.50866217e-07  1.20015030e+00  6.50866217e-07  3.30016359e+00 
 6.50916217e-07  1.19986762e+00  6.50916217e-07  3.29982020e+00 
 6.50966217e-07  1.20011513e+00  6.50966217e-07  3.30015759e+00 
 6.51016217e-07  1.19989971e+00  6.51016217e-07  3.29984009e+00 
 6.51066217e-07  1.20008642e+00  6.51066217e-07  3.30014751e+00 
 6.51116217e-07  1.19992527e+00  6.51116217e-07  3.29985480e+00 
 6.51166217e-07  1.20006395e+00  6.51166217e-07  3.30013687e+00 
 6.51216217e-07  1.19994497e+00  6.51216217e-07  3.29986676e+00 
 6.51266217e-07  1.20004685e+00  6.51266217e-07  3.30012685e+00 
 6.51316217e-07  1.19995980e+00  6.51316217e-07  3.29987696e+00 
 6.51366217e-07  1.20003408e+00  6.51366217e-07  3.30011775e+00 
 6.51416217e-07  1.19997078e+00  6.51416217e-07  3.29988589e+00 
 6.51466217e-07  1.20002470e+00  6.51466217e-07  3.30010954e+00 
 6.51516217e-07  1.19997881e+00  6.51516217e-07  3.29989382e+00 
 6.51566217e-07  1.20001788e+00  6.51566217e-07  3.30010216e+00 
 6.51616217e-07  1.19998461e+00  6.51616217e-07  3.29990093e+00 
 6.51666217e-07  1.20001297e+00  6.51666217e-07  3.30009548e+00 
 6.51716217e-07  1.19998877e+00  6.51716217e-07  3.29990734e+00 
 6.51766217e-07  1.20000947e+00  6.51766217e-07  3.30008943e+00 
 6.51816217e-07  1.19999173e+00  6.51816217e-07  3.29991316e+00 
 6.51866217e-07  1.20000699e+00  6.51866217e-07  3.30008392e+00 
 6.51916217e-07  1.19999381e+00  6.51916217e-07  3.29991846e+00 
 6.51966217e-07  1.20000525e+00  6.51966217e-07  3.30007888e+00 
 6.52016217e-07  1.19999528e+00  6.52016217e-07  3.29992330e+00 
 6.52066217e-07  1.20000403e+00  6.52066217e-07  3.30007427e+00 
 6.52116217e-07  1.19999629e+00  6.52116217e-07  3.29992775e+00 
 6.52166217e-07  1.20000319e+00  6.52166217e-07  3.30007002e+00 
 6.52216217e-07  1.19999700e+00  6.52216217e-07  3.29993184e+00 
 6.52266217e-07  1.20000261e+00  6.52266217e-07  3.30006611e+00 
 6.52316217e-07  1.19999748e+00  6.52316217e-07  3.29993561e+00 
 6.52366217e-07  1.20000222e+00  6.52366217e-07  3.30006249e+00 
 6.52416217e-07  1.19999780e+00  6.52416217e-07  3.29993910e+00 
 6.52466217e-07  1.20000196e+00  6.52466217e-07  3.30005914e+00 
 6.52516217e-07  1.19999802e+00  6.52516217e-07  3.29994234e+00 
 6.52566217e-07  1.20000178e+00  6.52566217e-07  3.30005603e+00 
 6.52616217e-07  1.19999816e+00  6.52616217e-07  3.29994535e+00 
 6.52666217e-07  1.20000167e+00  6.52666217e-07  3.30005314e+00 
 6.52716217e-07  1.19999825e+00  6.52716217e-07  3.29994815e+00 
 6.52766217e-07  1.20000160e+00  6.52766217e-07  3.30005044e+00 
 6.52816217e-07  1.19999831e+00  6.52816217e-07  3.29995077e+00 
 6.52866217e-07  1.20000156e+00  6.52866217e-07  3.30004791e+00 
 6.52916217e-07  1.19999834e+00  6.52916217e-07  3.29995322e+00 
 6.52966217e-07  1.20000153e+00  6.52966217e-07  3.30004555e+00 
 6.53016217e-07  1.19999836e+00  6.53016217e-07  3.29995551e+00 
 6.53066217e-07  1.20000152e+00  6.53066217e-07  3.30004333e+00 
 6.53116217e-07  1.19999837e+00  6.53116217e-07  3.29995767e+00 
 6.53166217e-07  1.20000151e+00  6.53166217e-07  3.30004124e+00 
 6.53216217e-07  1.19999838e+00  6.53216217e-07  3.29995970e+00 
 6.53266217e-07  1.20000151e+00  6.53266217e-07  3.30003927e+00 
 6.53316217e-07  1.19999838e+00  6.53316217e-07  3.29996161e+00 
 6.53366217e-07  1.20000151e+00  6.53366217e-07  3.30003741e+00 
 6.53416217e-07  1.19999838e+00  6.53416217e-07  3.29996343e+00 
 6.53466217e-07  1.20000151e+00  6.53466217e-07  3.30003565e+00 
 6.53516217e-07  1.19999838e+00  6.53516217e-07  3.29996514e+00 
 6.53566217e-07  1.20000151e+00  6.53566217e-07  3.30003398e+00 
 6.53616217e-07  1.19999839e+00  6.53616217e-07  3.29996677e+00 
 6.53666217e-07  1.20000151e+00  6.53666217e-07  3.30003240e+00 
 6.53716217e-07  1.19999839e+00  6.53716217e-07  3.29996832e+00 
 6.53766217e-07  1.20000151e+00  6.53766217e-07  3.30003089e+00 
 6.53816217e-07  1.19999839e+00  6.53816217e-07  3.29996980e+00 
 6.53866217e-07  1.20000150e+00  6.53866217e-07  3.30002945e+00 
 6.53916217e-07  1.19999839e+00  6.53916217e-07  3.29997120e+00 
 6.53966217e-07  1.20000150e+00  6.53966217e-07  3.30002808e+00 
 6.54016217e-07  1.19999840e+00  6.54016217e-07  3.29997255e+00 
 6.54066217e-07  1.20000149e+00  6.54066217e-07  3.30002676e+00 
 6.54116217e-07  1.19999841e+00  6.54116217e-07  3.29997384e+00 
 6.54166217e-07  1.20000149e+00  6.54166217e-07  3.30002550e+00 
 6.54216217e-07  1.19999841e+00  6.54216217e-07  3.29997508e+00 
 6.54266217e-07  1.20000148e+00  6.54266217e-07  3.30002429e+00 
 6.54316217e-07  1.19999842e+00  6.54316217e-07  3.29997626e+00 
 6.54366217e-07  1.20000147e+00  6.54366217e-07  3.30002313e+00 
 6.54416217e-07  1.19999843e+00  6.54416217e-07  3.29997741e+00 
 6.54466217e-07  1.20000146e+00  6.54466217e-07  3.30002201e+00 
 6.54516217e-07  1.19999844e+00  6.54516217e-07  3.29997851e+00 
 6.54566217e-07  1.20000145e+00  6.54566217e-07  3.30002093e+00 
 6.54616217e-07  1.19999845e+00  6.54616217e-07  3.29997957e+00 
 6.54666217e-07  1.20000144e+00  6.54666217e-07  3.30001989e+00 
 6.54716217e-07  1.19999846e+00  6.54716217e-07  3.29998059e+00 
 6.54766217e-07  1.20000143e+00  6.54766217e-07  3.30001888e+00 
 6.54816217e-07  1.19999847e+00  6.54816217e-07  3.29998158e+00 
 6.54866217e-07  1.20000142e+00  6.54866217e-07  3.30001791e+00 
 6.54916217e-07  1.19999848e+00  6.54916217e-07  3.29998254e+00 
 6.54966217e-07  1.20000141e+00  6.54966217e-07  3.30001697e+00 
 6.55016217e-07  1.19999849e+00  6.55016217e-07  3.29998347e+00 
 6.55066217e-07  1.20000140e+00  6.55066217e-07  3.30001605e+00 
 6.55116217e-07  1.19999850e+00  6.55116217e-07  3.29998436e+00 
 6.55166217e-07  1.20000139e+00  6.55166217e-07  3.30001517e+00 
 6.55216217e-07  1.19999852e+00  6.55216217e-07  3.29998524e+00 
 6.55266217e-07  1.20000138e+00  6.55266217e-07  3.30001431e+00 
 6.55316217e-07  1.19999853e+00  6.55316217e-07  3.29998608e+00 
 6.55366217e-07  1.20000136e+00  6.55366217e-07  3.30001348e+00 
 6.55416217e-07  1.19999854e+00  6.55416217e-07  3.29998690e+00 
 6.55466217e-07  1.20000135e+00  6.55466217e-07  3.30001267e+00 
 6.55516217e-07  1.19999855e+00  6.55516217e-07  3.29998770e+00 
 6.55566217e-07  1.20000134e+00  6.55566217e-07  3.30001188e+00 
 6.55616217e-07  1.19999857e+00  6.55616217e-07  3.29998848e+00 
 6.55666217e-07  1.20000133e+00  6.55666217e-07  3.30001111e+00 
 6.55716217e-07  1.19999858e+00  6.55716217e-07  3.29998924e+00 
 6.55766217e-07  1.20000132e+00  6.55766217e-07  3.30001037e+00 
 6.55816217e-07  1.19999859e+00  6.55816217e-07  3.29998997e+00 
 6.55866217e-07  1.20000130e+00  6.55866217e-07  3.30000964e+00 
 6.55916217e-07  1.19999860e+00  6.55916217e-07  3.29999069e+00 
 6.55966217e-07  1.20000129e+00  6.55966217e-07  3.30000894e+00 
 6.56016217e-07  1.19999861e+00  6.56016217e-07  3.29999138e+00 
 6.56066217e-07  1.20000128e+00  6.56066217e-07  3.30000825e+00 
 6.56116217e-07  1.19999863e+00  6.56116217e-07  3.29999206e+00 
 6.56166217e-07  1.20000127e+00  6.56166217e-07  3.30000758e+00 
 6.56216217e-07  1.19999864e+00  6.56216217e-07  3.29999273e+00 
 6.56266217e-07  1.20000126e+00  6.56266217e-07  3.30000693e+00 
 6.56316217e-07  1.19999865e+00  6.56316217e-07  3.29999337e+00 
 6.56366217e-07  1.20000124e+00  6.56366217e-07  3.30000629e+00 
 6.56416217e-07  1.19999866e+00  6.56416217e-07  3.29999400e+00 
 6.56466217e-07  1.20000123e+00  6.56466217e-07  3.30000567e+00 
 6.56516217e-07  1.19999867e+00  6.56516217e-07  3.29999461e+00 
 6.56566217e-07  1.20000122e+00  6.56566217e-07  3.30000506e+00 
 6.56616217e-07  1.19999869e+00  6.56616217e-07  3.29999521e+00 
 6.56666217e-07  1.20000121e+00  6.56666217e-07  3.30000447e+00 
 6.56716217e-07  1.19999870e+00  6.56716217e-07  3.29999579e+00 
 6.56766217e-07  1.20000120e+00  6.56766217e-07  3.30000390e+00 
 6.56816217e-07  1.19999871e+00  6.56816217e-07  3.29999636e+00 
 6.56866217e-07  1.20000119e+00  6.56866217e-07  3.30000334e+00 
 6.56916217e-07  1.19999872e+00  6.56916217e-07  3.29999692e+00 
 6.56966217e-07  1.20000118e+00  6.56966217e-07  3.30000279e+00 
 6.57016217e-07  1.19999873e+00  6.57016217e-07  3.29999746e+00 
 6.57066217e-07  1.20000116e+00  6.57066217e-07  3.30000226e+00 
 6.57116217e-07  1.19999874e+00  6.57116217e-07  3.29999798e+00 
 6.57166217e-07  1.20000115e+00  6.57166217e-07  3.30000174e+00 
 6.57216217e-07  1.19999875e+00  6.57216217e-07  3.29999850e+00 
 6.57266217e-07  1.20000114e+00  6.57266217e-07  3.30000123e+00 
 6.57316217e-07  1.19999876e+00  6.57316217e-07  3.29999900e+00 
 6.57366217e-07  1.20000113e+00  6.57366217e-07  3.30000074e+00 
 6.57416217e-07  1.19999877e+00  6.57416217e-07  3.29999949e+00 
 6.57466217e-07  1.20000112e+00  6.57466217e-07  3.30000026e+00 
 6.57516217e-07  1.19999879e+00  6.57516217e-07  3.29999996e+00 
 6.57566217e-07  1.20000111e+00  6.57566217e-07  3.29999979e+00 
 6.57616217e-07  1.19999880e+00  6.57616217e-07  3.30000043e+00 
 6.57666217e-07  1.20000110e+00  6.57666217e-07  3.29999933e+00 
 6.57716217e-07  1.19999881e+00  6.57716217e-07  3.30000088e+00 
 6.57766217e-07  1.20000109e+00  6.57766217e-07  3.29999888e+00 
 6.57816217e-07  1.19999882e+00  6.57816217e-07  3.30000132e+00 
 6.57866217e-07  1.20000108e+00  6.57866217e-07  3.29999845e+00 
 6.57916217e-07  1.19999883e+00  6.57916217e-07  3.30000175e+00 
 6.57966217e-07  1.20000107e+00  6.57966217e-07  3.29999802e+00 
 6.58016217e-07  1.19999884e+00  6.58016217e-07  3.30000217e+00 
 6.58066217e-07  1.20000106e+00  6.58066217e-07  3.29999761e+00 
 6.58116217e-07  1.19999885e+00  6.58116217e-07  3.30000257e+00 
 6.58166217e-07  1.20000105e+00  6.58166217e-07  3.29999721e+00 
 6.58216217e-07  1.19999886e+00  6.58216217e-07  3.30000297e+00 
 6.58266217e-07  1.20000104e+00  6.58266217e-07  3.29999682e+00 
 6.58316217e-07  1.19999887e+00  6.58316217e-07  3.30000336e+00 
 6.58366217e-07  1.20000103e+00  6.58366217e-07  3.29999644e+00 
 6.58416217e-07  1.19999888e+00  6.58416217e-07  3.30000373e+00 
 6.58466217e-07  1.20000102e+00  6.58466217e-07  3.29999607e+00 
 6.58516217e-07  1.19999889e+00  6.58516217e-07  3.30000410e+00 
 6.58566217e-07  1.20000101e+00  6.58566217e-07  3.29999571e+00 
 6.58616217e-07  1.19999890e+00  6.58616217e-07  3.30000445e+00 
 6.58666217e-07  1.20000100e+00  6.58666217e-07  3.29999536e+00 
 6.58716217e-07  1.19999891e+00  6.58716217e-07  3.30000480e+00 
 6.58766217e-07  1.20000099e+00  6.58766217e-07  3.29999501e+00 
 6.58816217e-07  1.19999891e+00  6.58816217e-07  3.30000514e+00 
 6.58866217e-07  1.20000098e+00  6.58866217e-07  3.29999468e+00 
 6.58916217e-07  1.19999892e+00  6.58916217e-07  3.30000546e+00 
 6.58966217e-07  1.20000097e+00  6.58966217e-07  3.29999436e+00 
 6.59016217e-07  1.19999893e+00  6.59016217e-07  3.30000578e+00 
 6.59066217e-07  1.20000096e+00  6.59066217e-07  3.29999405e+00 
 6.59116217e-07  1.19999894e+00  6.59116217e-07  3.30000609e+00 
 6.59166217e-07  1.20000096e+00  6.59166217e-07  3.29999374e+00 
 6.59216217e-07  1.19999895e+00  6.59216217e-07  3.30000639e+00 
 6.59266217e-07  1.20000095e+00  6.59266217e-07  3.29999344e+00 
 6.59316217e-07  1.19999896e+00  6.59316217e-07  3.30000668e+00 
 6.59366217e-07  1.20000094e+00  6.59366217e-07  3.29999316e+00 
 6.59416217e-07  1.19999897e+00  6.59416217e-07  3.30000697e+00 
 6.59466217e-07  1.20000093e+00  6.59466217e-07  3.29999288e+00 
 6.59516217e-07  1.19999898e+00  6.59516217e-07  3.30000724e+00 
 6.59566217e-07  1.20000092e+00  6.59566217e-07  3.29999261e+00 
 6.59616217e-07  1.19999899e+00  6.59616217e-07  3.30000751e+00 
 6.59666217e-07  1.20000091e+00  6.59666217e-07  3.29999234e+00 
 6.59716217e-07  1.19999899e+00  6.59716217e-07  3.30000777e+00 
 6.59766217e-07  1.20000090e+00  6.59766217e-07  3.29999209e+00 
 6.59816217e-07  1.19999900e+00  6.59816217e-07  3.30000802e+00 
 6.59866217e-07  1.20000090e+00  6.59866217e-07  3.29999184e+00 
 6.59916217e-07  1.19999901e+00  6.59916217e-07  3.30000826e+00 
 6.59958109e-07  1.20000089e+00  6.59958109e-07  3.29999158e+00 
 6.60000000e-07  1.19999902e+00  6.60000000e-07  3.30000855e+00 
