 5.00000000e-13  6.37698961e-01  5.00000000e-13  1.18344031e+00 
 5.26858529e-13  6.39166088e-01  5.26858529e-13  1.13901156e+00 
 5.80575586e-13  6.43744849e-01  5.80575586e-13  1.08467156e+00 
 6.88009700e-13  6.51016624e-01  6.88009700e-13  1.14847391e+00 
 9.02877928e-13  6.57927490e-01  9.02877928e-13  1.48056846e+00 
 1.23965258e-12  6.65542670e-01  1.23965258e-12  1.85212619e+00 
 1.70695680e-12  6.73418910e-01  1.70695680e-12  2.02468088e+00 
 2.52269509e-12  6.83278437e-01  2.52269509e-12  2.10020061e+00 
 4.15417169e-12  6.84903255e-01  4.15417169e-12  2.13735422e+00 
 6.35365809e-12  6.55187560e-01  6.35365809e-12  2.05458373e+00 
 9.80456861e-12  5.48530306e-01  9.80456861e-12  1.81834608e+00 
 1.54020061e-11  2.95506981e-01  1.54020061e-11  1.33833748e+00 
 2.48431375e-11  3.44452822e-02  2.48431375e-11  5.81362130e-01 
 3.74215688e-11  5.44209823e-03  3.74215688e-11  1.23668342e-01 
 5.00000000e-11  4.14217331e-03  5.00000000e-11  4.80151577e-02 
 5.25156862e-11  2.36013668e-03  5.25156862e-11  4.23117396e-02 
 5.75470587e-11  4.04107013e-04  5.75470587e-11  3.35207468e-02 
 6.76098037e-11 -1.68340104e-04  6.76098037e-11  2.05359548e-02 
 8.77352937e-11 -4.80245616e-06  8.77352937e-11  5.45953385e-03 
 1.27986274e-10  1.32159834e-03  1.27986274e-10 -8.50445447e-04 
 1.63993137e-10 -8.65598623e-04  1.63993137e-10  7.43975210e-04 
 2.00000000e-10  4.63647716e-04  2.00000000e-10 -2.88083358e-03 
 2.05000000e-10 -8.72458081e-05  2.05000000e-10 -7.42208397e-04 
 2.15000000e-10 -3.26352184e-04  2.15000000e-10  8.48956823e-04 
 2.35000000e-10  1.13854364e-04  2.35000000e-10  5.97320015e-04 
 2.60194361e-10 -4.63165477e-05  2.60194361e-10 -2.41076707e-04 
 2.90874550e-10  2.27745821e-05  2.90874550e-10  9.43421616e-07 
 3.35065398e-10 -1.44563017e-05  3.35065398e-10  5.05964997e-04 
 3.74849598e-10  9.32892933e-06  3.74849598e-10 -2.10802031e-04 
 4.24849598e-10 -6.44414033e-06  4.24849598e-10  1.64889121e-04 
 4.74849598e-10  4.78575728e-06  4.74849598e-10 -1.34756229e-04 
 5.24849598e-10 -3.40706645e-06  5.24849598e-10  1.17869157e-04 
 5.74849598e-10  2.67328921e-06  5.74849598e-10 -1.00551948e-04 
 6.24849598e-10 -1.94287575e-06  6.24849598e-10  8.83464895e-05 
 6.74849598e-10  1.63268170e-06  6.74849598e-10 -7.61828893e-05 
 7.24849598e-10 -1.19513423e-06  7.24849598e-10  6.62309575e-05 
 7.74849598e-10  1.08187946e-06  7.74849598e-10 -5.66790588e-05 
 8.24849598e-10 -7.81051670e-07  8.24849598e-10  4.83247542e-05 
 8.74849598e-10  7.60999331e-07  8.74849598e-10 -4.04768854e-05 
 9.24849598e-10 -5.25631589e-07  9.24849598e-10  3.34392681e-05 
 9.74849598e-10  5.51229143e-07  9.74849598e-10 -2.69082776e-05 
 1.02484960e-09 -3.48689575e-07  1.02484960e-09  2.10201625e-05 
 1.07484960e-09  3.97994860e-07  1.07484960e-09 -1.55982999e-05 
 1.12484960e-09 -2.13403076e-07  1.12484960e-09  1.07122086e-05 
 1.17484960e-09  2.76474254e-07  1.17484960e-09 -6.23660848e-06 
 1.22484960e-09 -1.03012271e-07  1.22484960e-09  2.22075090e-06 
 1.27484960e-09  1.75260261e-07  1.27484960e-09  1.44164509e-06 
 1.32484960e-09 -9.75127343e-09  1.32484960e-09 -4.70678298e-06 
 1.37484960e-09  8.89946668e-08  1.37484960e-09  7.67211714e-06 
 1.42484960e-09  7.01296604e-08  1.42484960e-09 -1.02937598e-05 
 1.47484960e-09  1.49724090e-08  1.47484960e-09  1.26639118e-05 
 1.52484960e-09  1.38651383e-07  1.52484960e-09 -1.47366537e-05 
 1.57484960e-09 -4.83951545e-08  1.57484960e-09  1.66003439e-05 
 1.62484960e-09  1.97126326e-07  1.62484960e-09 -1.82064909e-05 
 1.67484960e-09 -1.02252099e-07  1.67484960e-09  1.96403003e-05 
 1.72484960e-09  2.46592890e-07  1.72484960e-09 -2.08507295e-05 
 1.77484960e-09 -1.47573741e-07  1.77484960e-09  2.19202713e-05 
 1.82484960e-09  2.87984938e-07  1.82484960e-09 -2.27955756e-05 
 1.87484960e-09 -1.85266591e-07  1.87484960e-09  2.35567647e-05 
 1.92484960e-09  3.22186347e-07  1.92484960e-09 -2.41485002e-05 
 1.97484960e-09 -2.16194616e-07  1.97484960e-09  2.46488262e-05 
 2.02484960e-09  3.50039751e-07  2.02484960e-09 -2.50007436e-05 
 2.07484960e-09 -2.41177916e-07  2.07484960e-09  2.52804757e-05 
 2.12484960e-09  3.72339919e-07  2.12484960e-09 -2.54296680e-05 
 2.17484960e-09 -2.60984060e-07  2.17484960e-09  2.55229500e-05 
 2.22484960e-09  3.89824792e-07  2.22484960e-09 -2.55008807e-05 
 2.27484960e-09 -2.76319938e-07  2.27484960e-09  2.54366967e-05 
 2.32484960e-09  4.03168679e-07  2.32484960e-09 -2.52700991e-05 
 2.37484960e-09 -2.87826676e-07  2.37484960e-09  2.50731066e-05 
 2.42484960e-09  4.12978956e-07  2.42484960e-09 -2.47847530e-05 
 2.47484960e-09 -2.96078004e-07  2.47484960e-09  2.44759919e-05 
 2.52484960e-09  4.19795852e-07  2.52484960e-09 -2.40853434e-05 
 2.57484960e-09 -3.01581333e-07  2.57484960e-09  2.36828299e-05 
 2.62484960e-09  4.24094693e-07  2.62484960e-09 -2.32065801e-05 
 2.67484960e-09 -3.04780988e-07  2.67484960e-09  2.27258012e-05 
 2.72484960e-09  4.26289846e-07  2.72484960e-09 -2.21783260e-05 
 2.77484960e-09 -3.06062654e-07  2.77484960e-09  2.16326482e-05 
 2.82484960e-09  4.26739587e-07  2.82484960e-09 -2.10263771e-05 
 2.87484960e-09 -3.05758628e-07  2.87484960e-09  2.04273823e-05 
 2.92484960e-09  4.25751551e-07  2.92484960e-09 -1.97731037e-05 
 2.97484960e-09 -3.04153284e-07  2.97484960e-09  1.91308650e-05 
 3.02484960e-09  4.23588212e-07  3.02484960e-09 -1.84379762e-05 
 3.07484960e-09 -3.01488561e-07  3.07484960e-09  1.77612840e-05 
 3.12484960e-09  4.20472252e-07  3.12484960e-09 -1.70379963e-05 
 3.17484960e-09 -2.97969222e-07  3.17484960e-09  1.63345444e-05 
 3.22484960e-09  4.16591712e-07  3.22484960e-09 -1.55880518e-05 
 3.27484960e-09 -2.93767698e-07  3.27484960e-09  1.48645893e-05 
 3.32484960e-09  4.12104520e-07  3.32484960e-09 -1.41012076e-05 
 3.37484960e-09 -2.89028554e-07  3.37484960e-09  1.33636657e-05 
 3.42484960e-09  4.07142841e-07  3.42484960e-09 -1.25889472e-05 
 3.47484960e-09 -2.83872455e-07  3.47484960e-09  1.18425435e-05 
 3.52484960e-09  4.01816744e-07  3.52484960e-09 -1.10613733e-05 
 3.57484960e-09 -2.78399734e-07  3.57484960e-09  1.03106992e-05 
 3.62484960e-09  3.96217540e-07  3.62484960e-09 -9.52737497e-06 
 3.67484960e-09 -2.72693417e-07  3.67484960e-09  8.77646975e-06 
 3.72484960e-09  3.90420691e-07  3.72484960e-09 -7.99476987e-06 
 3.77484960e-09 -2.66822007e-07  3.77484960e-09  7.24718269e-06 
 3.82484960e-09  3.84488286e-07  3.82484960e-09 -6.47042401e-06 
 3.87484960e-09 -2.60841739e-07  3.87484960e-09  5.72926765e-06 
 3.92484960e-09  3.78471181e-07  3.92484960e-09 -4.96035513e-06 
 3.97484960e-09 -2.54798546e-07  3.97484960e-09  4.22835201e-06 
 4.02484960e-09  3.72410835e-07  4.02484960e-09 -3.46982181e-06 
 4.07484960e-09 -2.48729826e-07  4.07484960e-09  2.74934424e-06 
 4.12484960e-09  3.66340905e-07  4.12484960e-09 -2.00340130e-06 
 4.17484960e-09 -2.42665795e-07  4.17484960e-09  1.29650671e-06 
 4.22484960e-09  3.60288519e-07  4.22484960e-09 -5.65057899e-07 
 4.27484960e-09 -2.36630781e-07  4.27484960e-09 -1.26479887e-07 
 4.32484960e-09  3.54275407e-07  4.32484960e-09  8.41796362e-07 
 4.37484960e-09 -2.30644183e-07  4.37484960e-09 -1.51645944e-06 
 4.42484960e-09  3.48318853e-07  4.42484960e-09  2.21424780e-06 
 4.47484960e-09 -2.24721338e-07  4.47484960e-09 -2.87074923e-06 
 4.52484960e-09  3.42432447e-07  4.52484960e-09  3.54983256e-06 
 4.57484960e-09 -2.18874263e-07  4.57484960e-09 -4.18709402e-06 
 4.62484960e-09  3.36626761e-07  4.62484960e-09  4.84649301e-06 
 4.67484960e-09 -2.13112213e-07  4.67484960e-09 -5.46362448e-06 
 4.72484960e-09  3.30909872e-07  4.72484960e-09  6.10253814e-06 
 4.77484960e-09 -2.07442209e-07  4.77484960e-09 -6.69881951e-06 
 4.82484960e-09  3.25287821e-07  4.82484960e-09  7.31660773e-06 
 4.87484960e-09 -2.01869422e-07  4.87484960e-09 -7.89147214e-06 
 4.92484960e-09  3.19765020e-07  4.92484960e-09  8.48763974e-06 
 4.97484960e-09 -1.96397553e-07  4.97484960e-09 -9.04065823e-06 
 5.02484960e-09  3.14344519e-07  5.02484960e-09  9.61484042e-06 
 5.07484960e-09 -1.91029084e-07  5.07484960e-09 -1.01457081e-05 
 5.12484960e-09  3.09028258e-07  5.12484960e-09  1.06976572e-05 
 5.17484960e-09 -1.85765475e-07  5.17484960e-09 -1.12061803e-05 
 5.22484960e-09  3.03817327e-07  5.22484960e-09  1.17357537e-05 
 5.27484960e-09 -1.80607465e-07  5.27484960e-09 -1.22218383e-05 
 5.32484960e-09  2.98712090e-07  5.32484960e-09  1.27289870e-05 
 5.37484960e-09 -1.75555106e-07  5.37484960e-09 -1.31926280e-05 
 5.42484960e-09  2.93712346e-07  5.42484960e-09  1.36773870e-05 
 5.47484960e-09 -1.70607958e-07  5.47484960e-09 -1.41186584e-05 
 5.52484960e-09  2.88817452e-07  5.52484960e-09  1.45811370e-05 
 5.57484960e-09 -1.65765190e-07  5.57484960e-09 -1.50001833e-05 
 5.62484960e-09  2.84026393e-07  5.62484960e-09  1.54405567e-05 
 5.67484960e-09 -1.61025654e-07  5.67484960e-09 -1.58375842e-05 
 5.72484960e-09  2.79337912e-07  5.72484960e-09  1.62560858e-05 
 5.77484960e-09 -1.56387963e-07  5.77484960e-09 -1.66313557e-05 
 5.82484960e-09  2.74750496e-07  5.82484960e-09  1.70282698e-05 
 5.87484960e-09 -1.51850529e-07  5.87484960e-09 -1.73820909e-05 
 5.92484960e-09  2.70262510e-07  5.92484960e-09  1.77577466e-05 
 5.97484960e-09 -1.47411656e-07  5.97484960e-09 -1.80904695e-05 
 6.02484960e-09  2.65872185e-07  6.02484960e-09  1.84452341e-05 
 6.07484960e-09 -1.43069501e-07  6.07484960e-09 -1.87572452e-05 
 6.12484960e-09  2.61577637e-07  6.12484960e-09  1.90915197e-05 
 6.17484960e-09 -1.38822181e-07  6.17484960e-09 -1.93832363e-05 
 6.22484960e-09  2.57376961e-07  6.22484960e-09  1.96974498e-05 
 6.27484960e-09 -1.34667754e-07  6.27484960e-09 -1.99693152e-05 
 6.32484960e-09  2.53268206e-07  6.32484960e-09  2.02639208e-05 
 6.37484960e-09 -1.30604267e-07  6.37484960e-09 -2.05164001e-05 
 6.42484960e-09  2.49249407e-07  6.42484960e-09  2.07918709e-05 
 6.47484960e-09 -1.26629734e-07  6.47484960e-09 -2.10254473e-05 
 6.52484960e-09  2.45318571e-07  6.52484960e-09  2.12822722e-05 
 6.57484960e-09 -1.22742182e-07  6.57484960e-09 -2.14974433e-05 
 6.62484960e-09  2.41473732e-07  6.62484960e-09  2.17361246e-05 
 6.67484960e-09 -1.18939647e-07  6.67484960e-09 -2.19333994e-05 
 6.72484960e-09  2.37712950e-07  6.72484960e-09  2.21544490e-05 
 6.77484960e-09 -1.15220194e-07  6.77484960e-09 -2.23343449e-05 
 6.82484960e-09  2.34034269e-07  6.82484960e-09  2.25382819e-05 
 6.87484960e-09 -1.11581872e-07  6.87484960e-09 -2.27013223e-05 
 6.92484960e-09  2.30435769e-07  6.92484960e-09  2.28886708e-05 
 6.97484960e-09 -1.08022797e-07  6.97484960e-09 -2.30353827e-05 
 7.02484960e-09  2.26915605e-07  7.02484960e-09  2.32066694e-05 
 7.07484960e-09 -1.04541140e-07  7.07484960e-09 -2.33375813e-05 
 7.12484960e-09  2.23471917e-07  7.12484960e-09  2.34933334e-05 
 7.17484960e-09 -1.01135025e-07  7.17484960e-09 -2.36089737e-05 
 7.22484960e-09  2.20102890e-07  7.22484960e-09  2.37497176e-05 
 7.27484960e-09 -9.78027035e-08  7.27484960e-09 -2.38506126e-05 
 7.32484960e-09  2.16806780e-07  7.32484960e-09  2.39768719e-05 
 7.37484960e-09 -9.45424183e-08  7.37484960e-09 -2.40635447e-05 
 7.42484960e-09  2.13581837e-07  7.42484960e-09  2.41758392e-05 
 7.47484960e-09 -9.13524462e-08  7.47484960e-09 -2.42488081e-05 
 7.52484960e-09  2.10426374e-07  7.52484960e-09  2.43476524e-05 
 7.57484960e-09 -8.82311271e-08  7.57484960e-09 -2.44074301e-05 
 7.62484960e-09  2.07338739e-07  7.62484960e-09  2.44933326e-05 
 7.67484960e-09 -8.51768218e-08  7.67484960e-09 -2.45404250e-05 
 7.72484960e-09  2.04317332e-07  7.72484960e-09  2.46138869e-05 
 7.77484960e-09 -8.21879534e-08  7.77484960e-09 -2.46487921e-05 
 7.82484960e-09  2.01360564e-07  7.82484960e-09  2.47103069e-05 
 7.87484960e-09 -7.92629496e-08  7.87484960e-09 -2.47335149e-05 
 7.92484960e-09  1.98466910e-07  7.92484960e-09  2.47835671e-05 
 7.97484960e-09 -7.64003091e-08  7.97484960e-09 -2.47955587e-05 
 8.02484960e-09  1.95634877e-07  8.02484960e-09  2.48346239e-05 
 8.07484960e-09 -7.35985600e-08  8.07484960e-09 -2.48358704e-05 
 8.12484960e-09  1.92863004e-07  8.12484960e-09  2.48644144e-05 
 8.17484960e-09 -7.08562476e-08  8.17484960e-09 -2.48553772e-05 
 8.22484960e-09  1.90149875e-07  8.22484960e-09  2.48738555e-05 
 8.27484960e-09 -6.81719902e-08  8.27484960e-09 -2.48549856e-05 
 8.32484960e-09  1.87494115e-07  8.32484960e-09  2.48638436e-05 
 8.37484960e-09 -6.55444160e-08  8.37484960e-09 -2.48355812e-05 
 8.42484960e-09  1.84894361e-07  8.42484960e-09  2.48352531e-05 
 8.47484960e-09 -6.29721923e-08  8.47484960e-09 -2.47980276e-05 
 8.52484960e-09  1.82349311e-07  8.52484960e-09  2.47889371e-05 
 8.57484960e-09 -6.04540195e-08  8.57484960e-09 -2.47431668e-05 
 8.62484960e-09  1.79857670e-07  8.62484960e-09  2.47257261e-05 
 8.67484960e-09 -5.79886355e-08  8.67484960e-09 -2.46718181e-05 
 8.72484960e-09  1.77418210e-07  8.72484960e-09  2.46464285e-05 
 8.77484960e-09 -5.55748194e-08  8.77484960e-09 -2.45847786e-05 
 8.82484960e-09  1.75029714e-07  8.82484960e-09  2.45518299e-05 
 8.87484960e-09 -5.32113747e-08  8.87484960e-09 -2.44828225e-05 
 8.92484960e-09  1.72690995e-07  8.92484960e-09  2.44426933e-05 
 8.97484960e-09 -5.08971253e-08  8.97484960e-09 -2.43667015e-05 
 9.02484960e-09  1.70400911e-07  9.02484960e-09  2.43197593e-05 
 9.07484960e-09 -4.86309457e-08  9.07484960e-09 -2.42371449e-05 
 9.12484960e-09  1.68158330e-07  9.12484960e-09  2.41837456e-05 
 9.17484960e-09 -4.64117081e-08  9.17484960e-09 -2.40948593e-05 
 9.22484960e-09  1.65962154e-07  9.22484960e-09  2.40353479e-05 
 9.27484960e-09 -4.42383550e-08  9.27484960e-09 -2.39405291e-05 
 9.32484960e-09  1.63811332e-07  9.32484960e-09  2.38752396e-05 
 9.37484960e-09 -4.21098322e-08  9.37484960e-09 -2.37748166e-05 
 9.42484960e-09  1.61704831e-07  9.42484960e-09  2.37040718e-05 
 9.47484960e-09 -4.00251112e-08  9.47484960e-09 -2.35983623e-05 
 9.52484960e-09  1.59641626e-07  9.52484960e-09  2.35224745e-05 
 9.57484960e-09 -3.79831953e-08  9.57484960e-09 -2.34117852e-05 
 9.62484960e-09  1.57620737e-07  9.62484960e-09  2.33310558e-05 
 9.67484960e-09 -3.59831209e-08  9.67484960e-09 -2.32156830e-05 
 9.72484960e-09  1.55641215e-07  9.72484960e-09  2.31304032e-05 
 9.77484960e-09 -3.40239295e-08  9.77484960e-09 -2.30106326e-05 
 9.82484960e-09  1.53702106e-07  9.82484960e-09  2.29210832e-05 
 9.87484960e-09 -3.21046938e-08  9.87484960e-09 -2.27971904e-05 
 9.92484960e-09  1.51802510e-07  9.92484960e-09  2.27036422e-05 
 9.96242480e-09 -2.99173692e-08  9.96242480e-09 -2.25385965e-05 
 1.00000000e-08  1.49334516e-07  1.00000000e-08  2.24026226e-05 
 1.00050000e-08 -3.08062705e-04  1.00050000e-08 -1.27814597e-03 
 1.00150000e-08 -2.39649591e-04  1.00150000e-08 -1.07235454e-03 
 1.00350000e-08  4.09814861e-05  1.00350000e-08 -7.48269790e-04 
 1.00750000e-08 -7.66914349e-05  1.00750000e-08 -4.79643153e-03 
 1.01250000e-08  3.23398069e-05  1.01250000e-08  3.69373611e-03 
 1.01625000e-08  7.30166429e-05  1.01625000e-08 -1.71544997e-03 
 1.02000000e-08 -6.04380429e-05  1.02000000e-08  1.77883036e-03 
 1.02050000e-08  4.04392735e-04  1.02050000e-08  5.26110905e-03 
 1.02150000e-08  3.29707717e-04  1.02150000e-08  4.34361522e-03 
 1.02350000e-08 -2.22550814e-04  1.02350000e-08  3.14498784e-05 
 1.02641186e-08  1.20623057e-04  1.02641186e-08  6.32596984e-04 
 1.02976585e-08 -6.40059422e-05  1.02976585e-08  2.58254121e-04 
 1.03353678e-08  3.55814030e-05  1.03353678e-08 -3.50255980e-04 
 1.03853678e-08 -2.22079070e-05  1.03853678e-08  1.16600841e-04 
 1.04353678e-08  1.41554286e-05  1.04353678e-08 -7.23898433e-05 
 1.04853678e-08 -9.13417506e-06  1.04853678e-08  6.51359931e-05 
 1.05353678e-08  6.57488960e-06  1.05353678e-08 -6.01833212e-05 
 1.05853678e-08 -5.17157435e-06  1.05853678e-08  6.26838744e-05 
 1.06353678e-08  4.86652341e-06  1.06353678e-08 -6.33551780e-05 
 1.06853678e-08 -4.80079518e-06  1.06853678e-08  6.59430500e-05 
 1.07353678e-08  5.21560728e-06  1.07353678e-08 -6.72322449e-05 
 1.07853678e-08 -5.47006370e-06  1.07853678e-08  6.90355187e-05 
 1.08353678e-08  5.95604438e-06  1.08353678e-08 -7.00590492e-05 
 1.08853678e-08 -6.13474993e-06  1.08853678e-08  7.11623854e-05 
 1.09353678e-08  6.46740744e-06  1.09353678e-08 -7.17690697e-05 
 1.09853678e-08 -6.45992301e-06  1.09853678e-08  7.23199721e-05 
 1.10353678e-08  6.60144885e-06  1.10353678e-08 -7.25224543e-05 
 1.10853678e-08 -6.41492741e-06  1.10853678e-08  7.26363779e-05 
 1.11353678e-08  6.39818978e-06  1.11353678e-08 -7.24828251e-05 
 1.11853678e-08 -6.07864728e-06  1.11853678e-08  7.22435835e-05 
 1.12353678e-08  5.95455265e-06  1.12353678e-08 -7.17863861e-05 
 1.12853678e-08 -5.55260558e-06  1.12853678e-08  7.12581113e-05 
 1.13353678e-08  5.36851628e-06  1.13353678e-08 -7.05460853e-05 
 1.13853678e-08 -4.92655356e-06  1.13853678e-08  6.97803827e-05 
 1.14353678e-08  4.71929235e-06  1.14353678e-08 -6.88569868e-05 
 1.14853678e-08 -4.26836871e-06  1.14853678e-08  6.78968631e-05 
 1.15353678e-08  4.06356766e-06  1.15353678e-08 -6.68002396e-05 
 1.15853678e-08 -3.62427300e-06  1.15853678e-08  6.56823305e-05 
 1.16353678e-08  3.43809974e-06  1.16353678e-08 -6.44458233e-05 
 1.16853678e-08 -3.02271254e-06  1.16853678e-08  6.32017220e-05 
 1.17353678e-08  2.86416970e-06  1.17353678e-08 -6.18544367e-05 
 1.17853678e-08 -2.47892131e-06  1.17853678e-08  6.05115375e-05 
 1.18353678e-08  2.35197667e-06  1.18353678e-08 -5.90788324e-05 
 1.18853678e-08 -1.99898427e-06  1.18853678e-08  5.76609086e-05 
 1.19353678e-08  1.90428808e-06  1.19353678e-08 -5.61648068e-05 
 1.19853678e-08 -1.58304686e-06  1.19853678e-08  5.46924415e-05 
 1.20353678e-08  1.51921231e-06  1.20353678e-08 -5.31519825e-05 
 1.20853678e-08 -1.22767613e-06  1.20853678e-08  5.16429182e-05 
 1.21353678e-08  1.19218303e-06  1.21353678e-08 -5.00744670e-05 
 1.21853678e-08 -9.27509198e-07  1.21853678e-08  4.85439064e-05 
 1.22353678e-08  9.17312431e-07  1.22353678e-08 -4.69614335e-05 
 1.22853678e-08 -6.76351762e-07  1.22853678e-08  4.54223112e-05 
 1.23353678e-08  6.88271835e-07  1.23353678e-08 -4.38376503e-05 
 1.23853678e-08 -4.67874868e-07  1.23853678e-08  4.23008820e-05 
 1.24353678e-08  4.98834450e-07  1.24353678e-08 -4.07239699e-05 
 1.24853678e-08 -2.96030122e-07  1.24853678e-08  3.91986836e-05 
 1.25353678e-08  3.43185592e-07  1.25353678e-08 -3.76377826e-05 
 1.25853678e-08 -1.55274384e-07  1.25853678e-08  3.61315327e-05 
 1.26353678e-08  2.16078188e-07  1.26353678e-08 -3.45934362e-05 
 1.26853678e-08 -4.06700713e-08  1.26853678e-08  3.31124009e-05 
 1.27353678e-08  1.12889483e-07  1.27353678e-08 -3.16026220e-05 
 1.27853678e-08  5.20922137e-08  1.27853678e-08  3.01517829e-05 
 1.28353678e-08  2.96174044e-08  1.28353678e-08 -2.86747258e-05 
 1.28853678e-08  1.26717126e-07  1.28853678e-08  2.72580311e-05 
 1.29353678e-08 -3.71574583e-08  1.29353678e-08 -2.58171456e-05 
 1.29853678e-08  1.86352921e-07  1.29853678e-08  2.44376565e-05 
 1.30353678e-08 -9.03271690e-08  1.30353678e-08 -2.30355758e-05 
 1.30853678e-08  2.33651161e-07  1.30853678e-08  2.16955966e-05 
 1.31353678e-08 -1.32318461e-07  1.31353678e-08 -2.03342597e-05 
 1.31853678e-08  2.70829376e-07  1.31853678e-08  1.90354528e-05 
 1.32353678e-08 -1.65154799e-07  1.32353678e-08 -1.77162123e-05 
 1.32853678e-08  2.99731670e-07  1.32853678e-08  1.64596991e-05 
 1.33353678e-08 -1.90514888e-07  1.33353678e-08 -1.51834148e-05 
 1.33853678e-08  3.21884662e-07  1.33853678e-08  1.39698636e-05 
 1.34353678e-08 -2.09785736e-07  1.34353678e-08 -1.27369841e-05 
 1.34853678e-08  3.38547492e-07  1.34853678e-08  1.15666861e-05 
 1.35353678e-08 -2.24109512e-07  1.35353678e-08 -1.03773197e-05 
 1.35853678e-08  3.50755521e-07  1.35853678e-08  9.25025437e-06 
 1.36353678e-08 -2.34424167e-07  1.36353678e-08 -8.10422904e-06 
 1.36853678e-08  3.59357980e-07  1.36853678e-08  7.02012057e-06 
 1.37353678e-08 -2.41498190e-07  1.37353678e-08 -5.91703567e-06 
 1.37853678e-08  3.65049973e-07  1.37853678e-08  4.87540075e-06 
 1.38353678e-08 -2.45960019e-07  1.38353678e-08 -3.81467114e-06 
 1.38853678e-08  3.68399433e-07  1.38853678e-08  2.81485961e-06 
 1.39353678e-08 -2.48322700e-07  1.39353678e-08 -1.79575283e-06 
 1.39853678e-08  3.69869654e-07  1.39853678e-08  8.36982078e-07 
 1.40353678e-08 -2.49004480e-07  1.40353678e-08  1.41350231e-07 
 1.40853678e-08  3.69838102e-07  1.40853678e-08 -1.05996621e-06 
 1.41353678e-08 -2.48345889e-07  1.41353678e-08  1.99846188e-06 
 1.41853678e-08  3.68611908e-07  1.41853678e-08 -2.87788820e-06 
 1.42353678e-08 -2.46623871e-07  1.42353678e-08  3.77755239e-06 
 1.42853678e-08  3.66440699e-07  1.42853678e-08 -4.61881287e-06 
 1.43353678e-08 -2.44063370e-07  1.43353678e-08  5.48069961e-06 
 1.43853678e-08  3.63527140e-07  1.43853678e-08 -6.28485982e-06 
 1.44353678e-08 -2.40846928e-07  1.44353678e-08  7.11005668e-06 
 1.44853678e-08  3.60035597e-07  1.44853678e-08 -7.87820987e-06 
 1.45353678e-08 -2.37122503e-07  1.45353678e-08  8.66782522e-06 
 1.45853678e-08  3.56099218e-07  1.45853678e-08 -9.40108063e-06 
 1.46353678e-08 -2.33009887e-07  1.46353678e-08  1.01562332e-05 
 1.46853678e-08  3.51825733e-07  1.46853678e-08 -1.08557066e-05 
 1.47353678e-08 -2.28605926e-07  1.47353678e-08  1.15775169e-05 
 1.47853678e-08  3.47302181e-07  1.47853678e-08 -1.22443225e-05 
 1.48353678e-08 -2.23988828e-07  1.48353678e-08  1.29339058e-05 
 1.48853678e-08  3.42598788e-07  1.48853678e-08 -1.35691503e-05 
 1.49353678e-08 -2.19221615e-07  1.49353678e-08  1.42276109e-05 
 1.49853678e-08  3.37772104e-07  1.49853678e-08 -1.48323880e-05 
 1.50353678e-08 -2.14355007e-07  1.50353678e-08  1.54608149e-05 
 1.50853678e-08  3.32867561e-07  1.50853678e-08 -1.60362012e-05 
 1.51353678e-08 -2.09429684e-07  1.51353678e-08  1.66356642e-05 
 1.51853678e-08  3.27921582e-07  1.51853678e-08 -1.71827163e-05 
 1.52353678e-08 -2.04478232e-07  1.52353678e-08  1.77542634e-05 
 1.52853678e-08  3.22963279e-07  1.52853678e-08 -1.82740148e-05 
 1.53353678e-08 -1.99526636e-07  1.53353678e-08  1.88186700e-05 
 1.53853678e-08  3.18015817e-07  1.53853678e-08 -1.93121296e-05 
 1.54353678e-08 -1.94595517e-07  1.54353678e-08  1.98308912e-05 
 1.54853678e-08  3.13097529e-07  1.54853678e-08 -2.02990418e-05 
 1.55353678e-08 -1.89701169e-07  1.55353678e-08  2.07928810e-05 
 1.55853678e-08  3.08222872e-07  1.55853678e-08 -2.12366782e-05 
 1.56353678e-08 -1.84856391e-07  1.56353678e-08  2.17065388e-05 
 1.56853678e-08  3.03403143e-07  1.56853678e-08 -2.21269103e-05 
 1.57353678e-08 -1.80071125e-07  1.57353678e-08  2.25737076e-05 
 1.57853678e-08  2.98647065e-07  1.57853678e-08 -2.29715530e-05 
 1.58353678e-08 -1.75353008e-07  1.58353678e-08  2.33961741e-05 
 1.58853678e-08  2.93961307e-07  1.58853678e-08 -2.37723645e-05 
 1.59353678e-08 -1.70707838e-07  1.59353678e-08  2.41756678e-05 
 1.59853678e-08  2.89350867e-07  1.59853678e-08 -2.45310458e-05 
 1.60353678e-08 -1.66139908e-07  1.60353678e-08  2.49138616e-05 
 1.60853678e-08  2.84819401e-07  1.60853678e-08 -2.52492419e-05 
 1.61353678e-08 -1.61652290e-07  1.61353678e-08  2.56123720e-05 
 1.61853678e-08  2.80369471e-07  1.61853678e-08 -2.59285412e-05 
 1.62353678e-08 -1.57247099e-07  1.62353678e-08  2.62727600e-05 
 1.62853678e-08  2.76002777e-07  1.62853678e-08 -2.65704774e-05 
 1.63353678e-08 -1.52925665e-07  1.63353678e-08  2.68965320e-05 
 1.63853678e-08  2.71720310e-07  1.63853678e-08 -2.71765299e-05 
 1.64353678e-08 -1.48688677e-07  1.64353678e-08  2.74851405e-05 
 1.64853678e-08  2.67522508e-07  1.64853678e-08 -2.77481248e-05 
 1.65353678e-08 -1.44536349e-07  1.65353678e-08  2.80399857e-05 
 1.65853678e-08  2.63409360e-07  1.65853678e-08 -2.82866366e-05 
 1.66353678e-08 -1.40468482e-07  1.66353678e-08  2.85624165e-05 
 1.66853678e-08  2.59380511e-07  1.66853678e-08 -2.87933890e-05 
 1.67353678e-08 -1.36484573e-07  1.67353678e-08  2.90537319e-05 
 1.67853678e-08  2.55435314e-07  1.67853678e-08 -2.92696566e-05 
 1.68353678e-08 -1.32583858e-07  1.68353678e-08  2.95151822e-05 
 1.68853678e-08  2.51572905e-07  1.68853678e-08 -2.97166661e-05 
 1.69353678e-08 -1.28765380e-07  1.69353678e-08  2.99479709e-05 
 1.69853678e-08  2.47792252e-07  1.69853678e-08 -3.01355977e-05 
 1.70353678e-08 -1.25028049e-07  1.70353678e-08  3.03532555e-05 
 1.70853678e-08  2.44092197e-07  1.70853678e-08 -3.05275868e-05 
 1.71353678e-08 -1.21370646e-07  1.71353678e-08  3.07321492e-05 
 1.71853678e-08  2.40471473e-07  1.71853678e-08 -3.08937250e-05 
 1.72353678e-08 -1.17791866e-07  1.72353678e-08  3.10857227e-05 
 1.72853678e-08  2.36928742e-07  1.72853678e-08 -3.12350619e-05 
 1.73353678e-08 -1.14290344e-07  1.73353678e-08  3.14150048e-05 
 1.73853678e-08  2.33462619e-07  1.73853678e-08 -3.15526065e-05 
 1.74353678e-08 -1.10864686e-07  1.74353678e-08  3.17209847e-05 
 1.74853678e-08  2.30071684e-07  1.74853678e-08 -3.18473283e-05 
 1.75353678e-08 -1.07513445e-07  1.75353678e-08  3.20046129e-05 
 1.75853678e-08  2.26754486e-07  1.75853678e-08 -3.21201590e-05 
 1.76353678e-08 -1.04235170e-07  1.76353678e-08  3.22668027e-05 
 1.76853678e-08  2.23509564e-07  1.76853678e-08 -3.23719939e-05 
 1.77353678e-08 -1.01028400e-07  1.77353678e-08  3.25084312e-05 
 1.77853678e-08  2.20335461e-07  1.77853678e-08 -3.26036927e-05 
 1.78353678e-08 -9.78916800e-08  1.78353678e-08  3.27303415e-05 
 1.78853678e-08  2.17230712e-07  1.78853678e-08 -3.28160815e-05 
 1.79353678e-08 -9.48235400e-08  1.79353678e-08  3.29333430e-05 
 1.79853678e-08  2.14193865e-07  1.79853678e-08 -3.30099537e-05 
 1.80353678e-08 -9.18225598e-08  1.80353678e-08  3.31182131e-05 
 1.80853678e-08  2.11223499e-07  1.80853678e-08 -3.31860712e-05 
 1.81353678e-08 -8.88872927e-08  1.81353678e-08  3.32856986e-05 
 1.81853678e-08  2.08318177e-07  1.81853678e-08 -3.33451658e-05 
 1.82353678e-08 -8.60163393e-08  1.82353678e-08  3.34365166e-05 
 1.82853678e-08  2.05476510e-07  1.82853678e-08 -3.34879400e-05 
 1.83353678e-08 -8.32083132e-08  1.83353678e-08  3.35713555e-05 
 1.83853678e-08  2.02697111e-07  1.83853678e-08 -3.36150687e-05 
 1.84353678e-08 -8.04618353e-08  1.84353678e-08  3.36908766e-05 
 1.84853678e-08  1.99978628e-07  1.84853678e-08 -3.37271998e-05 
 1.85353678e-08 -7.77755653e-08  1.85353678e-08  3.37957148e-05 
 1.85853678e-08  1.97319723e-07  1.85853678e-08 -3.38249554e-05 
 1.86353678e-08 -7.51481891e-08  1.86353678e-08  3.38864796e-05 
 1.86853678e-08  1.94719095e-07  1.86853678e-08 -3.39089328e-05 
 1.87353678e-08 -7.25784049e-08  1.87353678e-08  3.39637565e-05 
 1.87853678e-08  1.92175450e-07  1.87853678e-08 -3.39797057e-05 
 1.88353678e-08 -7.00649429e-08  1.88353678e-08  3.40281075e-05 
 1.88853678e-08  1.89687534e-07  1.88853678e-08 -3.40378250e-05 
 1.89353678e-08 -6.76065468e-08  1.89353678e-08  3.40800724e-05 
 1.89853678e-08  1.87254103e-07  1.89853678e-08 -3.40838193e-05 
 1.90353678e-08 -6.52020105e-08  1.90353678e-08  3.41201694e-05 
 1.90853678e-08  1.84873960e-07  1.90853678e-08 -3.41181967e-05 
 1.91353678e-08 -6.28501268e-08  1.91353678e-08  3.41488961e-05 
 1.91853678e-08  1.82545917e-07  1.91853678e-08 -3.41414447e-05 
 1.92353678e-08 -6.05497389e-08  1.92353678e-08  3.41667305e-05 
 1.92853678e-08  1.80268821e-07  1.92853678e-08 -3.41540318e-05 
 1.93353678e-08 -5.82996915e-08  1.93353678e-08  3.41741314e-05 
 1.93853678e-08  1.78041526e-07  1.93853678e-08 -3.41564077e-05 
 1.94353678e-08 -5.60988535e-08  1.94353678e-08  3.41715397e-05 
 1.94853678e-08  1.75862921e-07  1.94853678e-08 -3.41490042e-05 
 1.95353678e-08 -5.39461409e-08  1.95353678e-08  3.41593787e-05 
 1.95853678e-08  1.73731938e-07  1.95853678e-08 -3.41322364e-05 
 1.96353678e-08 -5.18404851e-08  1.96353678e-08  3.41380548e-05 
 1.96853678e-08  1.71647502e-07  1.96853678e-08 -3.41065025e-05 
 1.97353678e-08 -4.97808252e-08  1.97353678e-08  3.41079588e-05 
 1.97853678e-08  1.69608573e-07  1.97853678e-08 -3.40721855e-05 
 1.98353678e-08 -4.77661366e-08  1.98353678e-08  3.40694655e-05 
 1.98853678e-08  1.67614144e-07  1.98853678e-08 -3.40296530e-05 
 1.99353678e-08 -4.57954192e-08  1.99353678e-08  3.40229356e-05 
 1.99676839e-08  1.65137131e-07  1.99676839e-08 -3.39641604e-05 
 2.00000000e-08 -4.28297748e-08  2.00000000e-08  3.39359123e-05 
 2.00050000e-08  3.82094323e-04  2.00050000e-08  4.66298408e-03 
 2.00150000e-08  1.99655529e-04  2.00150000e-08  4.57013539e-03 
 2.00350000e-08 -9.50312495e-05  2.00350000e-08  3.12697598e-04 
 2.00750000e-08  1.34103456e-04  2.00750000e-08  7.40252626e-04 
 2.01250000e-08 -6.94783594e-05  2.01250000e-08  1.13693176e-04 
 2.01625000e-08 -1.93648709e-05  2.01625000e-08  8.44995491e-04 
 2.02000000e-08  3.36575932e-05  2.02000000e-08 -5.60893572e-03 
 2.02050000e-08 -3.69449500e-04  2.02050000e-08 -3.30826179e-03 
 2.02150000e-08 -3.29801479e-04  2.02150000e-08 -1.27231142e-03 
 2.02350000e-08  1.31132963e-04  2.02350000e-08 -7.50345683e-04 
 2.02607143e-08 -7.16419227e-05  2.02607143e-08 -7.25683110e-04 
 2.02919453e-08  4.71755695e-05  2.02919453e-08 -3.20871088e-04 
 2.03324180e-08 -3.70345171e-05  2.03324180e-08  2.71665731e-04 
 2.03824180e-08  3.05508950e-05  2.03824180e-08  3.14632287e-05 
 2.04324180e-08 -2.56311798e-05  2.04324180e-08 -5.13048622e-05 
 2.04824180e-08  2.19018992e-05  2.04824180e-08  2.62825214e-05 
 2.05324180e-08 -1.87163970e-05  2.05324180e-08 -2.24324898e-05 
 2.05824180e-08  1.63273707e-05  2.05824180e-08  1.15238002e-05 
 2.06324180e-08 -1.41313219e-05  2.06324180e-08 -8.09066047e-06 
 2.06824180e-08  1.25038530e-05  2.06824180e-08  2.36745407e-06 
 2.07324180e-08 -1.08966921e-05  2.07324180e-08  9.29824659e-07 
 2.07824180e-08  9.73808213e-06  2.07824180e-08 -4.83906797e-06 
 2.08324180e-08 -8.50780380e-06  2.08324180e-08  7.83307048e-06 
 2.08824180e-08  7.65753290e-06  2.08824180e-08 -1.08421291e-05 
 2.09324180e-08 -6.68338361e-06  2.09324180e-08  1.34099232e-05 
 2.09824180e-08  6.04899877e-06  2.09824180e-08 -1.57959070e-05 
 2.10324180e-08 -5.25849254e-06  2.10324180e-08  1.79015972e-05 
 2.10824180e-08  4.78227010e-06  2.10824180e-08 -1.97742397e-05 
 2.11324180e-08 -4.12891594e-06  2.11324180e-08  2.14351459e-05 
 2.11824180e-08  3.77271836e-06  2.11824180e-08 -2.28647213e-05 
 2.12324180e-08 -3.22489526e-06  2.12324180e-08  2.41243300e-05 
 2.12824180e-08  2.96209505e-06  2.12824180e-08 -2.51729523e-05 
 2.13324180e-08 -2.49717850e-06  2.13324180e-08  2.60848650e-05 
 2.13824180e-08  2.30831325e-06  2.13824180e-08 -2.68114865e-05 
 2.14324180e-08 -1.90944659e-06  2.14324180e-08  2.74305191e-05 
 2.14824180e-08  1.77977888e-06  2.14824180e-08 -2.78899313e-05 
 2.15324180e-08 -1.43401630e-06  2.15324180e-08  2.82674523e-05 
 2.15824180e-08  1.35209558e-06  2.15824180e-08 -2.85088203e-05 
 2.16324180e-08 -1.04927823e-06  2.16324180e-08  2.86905861e-05 
 2.16824180e-08  1.00604695e-06  2.16824180e-08 -2.87566864e-05 
 2.17324180e-08 -7.38084730e-07  2.17324180e-08  2.87821246e-05 
 2.17824180e-08  7.26291273e-07  2.17824180e-08 -2.87092805e-05 
 2.18324180e-08 -4.86678233e-07  2.18324180e-08  2.86115790e-05 
 2.18824180e-08  5.00470787e-07  2.18824180e-08 -2.84300570e-05 
 2.19324180e-08 -2.83941659e-07  2.19324180e-08  2.82366695e-05 
 2.19824180e-08  3.18573983e-07  2.19824180e-08 -2.79713191e-05 
 2.20324180e-08 -1.20850510e-07  2.20324180e-08  2.77046526e-05 
 2.20824180e-08  1.72460907e-07  2.20824180e-08 -2.73756363e-05 
 2.21324180e-08  9.94175277e-09  2.21324180e-08  2.70537840e-05 
 2.21824180e-08  5.54987417e-08  2.21824180e-08 -2.66773057e-05 
 2.22324180e-08  1.14425698e-07  2.22324180e-08  2.63147510e-05 
 2.22824180e-08 -3.77239885e-08  2.22824180e-08 -2.59037302e-05 
 2.23324180e-08  1.97490685e-07  2.23324180e-08  2.55119832e-05 
 2.23824180e-08 -1.11625156e-07  2.23824180e-08 -2.50766532e-05 
 2.24324180e-08  2.63128932e-07  2.24324180e-08  2.46648053e-05 
 2.24824180e-08 -1.69812245e-07  2.24824180e-08 -2.42132254e-05 
 2.25324180e-08  3.14600341e-07  2.25324180e-08  2.37884202e-05 
 2.25824180e-08 -2.15230869e-07  2.25824180e-08 -2.33269066e-05 
 2.26324180e-08  3.54566476e-07  2.26324180e-08  2.28947315e-05 
 2.26824180e-08 -2.50285664e-07  2.26824180e-08 -2.24282131e-05 
 2.27324180e-08  3.85199721e-07  2.27324180e-08  2.19930202e-05 
 2.27824180e-08 -2.76938961e-07  2.27824180e-08 -2.15253277e-05 
 2.28324180e-08  4.08272502e-07  2.28324180e-08  2.10904945e-05 
 2.28824180e-08 -2.96791432e-07  2.28824180e-08 -2.06245941e-05 
 2.29324180e-08  4.25230241e-07  2.29324180e-08  2.01927315e-05 
 2.29824180e-08 -3.11148067e-07  2.29824180e-08 -1.97309111e-05 
 2.30324180e-08  4.37251019e-07  2.30324180e-08  1.93040299e-05 
 2.30824180e-08 -3.21072245e-07  2.30824180e-08 -1.88480472e-05 
 2.31324180e-08  4.45294529e-07  2.31324180e-08  1.84276893e-05 
 2.31824180e-08 -3.27429919e-07  2.31824180e-08 -1.79788879e-05 
 2.32324180e-08  4.50142062e-07  2.32324180e-08  1.75662292e-05 
 2.32824180e-08 -3.30925835e-07  2.32824180e-08 -1.71256298e-05 
 2.33324180e-08  4.52429198e-07  2.33324180e-08  1.67215610e-05 
 2.33824180e-08 -3.32133131e-07  2.33824180e-08 -1.62899330e-05 
 2.34324180e-08  4.52672684e-07  2.34324180e-08  1.58951222e-05 
 2.34824180e-08 -3.31517582e-07  2.34824180e-08 -1.54730384e-05 
 2.35324180e-08  4.51292291e-07  2.35324180e-08  1.50879799e-05 
 2.35824180e-08 -3.29457419e-07  2.35824180e-08 -1.46758596e-05 
 2.36324180e-08  4.48628733e-07  2.36324180e-08  1.43009113e-05 
 2.36824180e-08 -3.26259504e-07  2.36824180e-08 -1.38990531e-05 
 2.37324180e-08  4.44958329e-07  2.37324180e-08  1.35344658e-05 
 2.37824180e-08 -3.22172555e-07  2.37824180e-08 -1.31430735e-05 
 2.38324180e-08  4.40504904e-07  2.38324180e-08  1.27890129e-05 
 2.38824180e-08 -3.17397956e-07  2.38824180e-08 -1.24082147e-05 
 2.39324180e-08  4.35449565e-07  2.39324180e-08  1.20647792e-05 
 2.39824180e-08 -3.12098528e-07  2.39824180e-08 -1.16946429e-05 
 2.40324180e-08  4.29938690e-07  2.40324180e-08  1.13618765e-05 
 2.40824180e-08 -3.06405793e-07  2.40824180e-08 -1.10024216e-05 
 2.41324180e-08  4.24090380e-07  2.41324180e-08  1.06803242e-05 
 2.41824180e-08 -3.00425772e-07  2.41824180e-08 -1.03315303e-05 
 2.42324180e-08  4.17999759e-07  2.42324180e-08  1.00200660e-05 
 2.42824180e-08 -2.94243762e-07  2.42824180e-08 -9.68188054e-06 
 2.43324180e-08  4.11743287e-07  2.43324180e-08  9.38098367e-06 
 2.43824180e-08 -2.87928253e-07  2.43824180e-08 -9.05332695e-06 
 2.44324180e-08  4.05382274e-07  2.44324180e-08  8.76290711e-06 
 2.44824180e-08 -2.81534092e-07  2.44824180e-08 -8.44567699e-06 
 2.45324180e-08  3.98965740e-07  2.45324180e-08  8.16562293e-06 
 2.45824180e-08 -2.75105058e-07  2.45824180e-08 -7.85869820e-06 
 2.46324180e-08  3.92532731e-07  2.46324180e-08  7.58888110e-06 
 2.46824180e-08 -2.68675926e-07  2.46824180e-08 -7.29212444e-06 
 2.47324180e-08  3.86114215e-07  2.47324180e-08  7.03240041e-06 
 2.47824180e-08 -2.62274237e-07  2.47824180e-08 -6.74566071e-06 
 2.48324180e-08  3.79734625e-07  2.48324180e-08  6.49587306e-06 
 2.48824180e-08 -2.55921626e-07  2.48824180e-08 -6.21898741e-06 
 2.49324180e-08  3.73413073e-07  2.49324180e-08  5.97896847e-06 
 2.49824180e-08 -2.49634970e-07  2.49824180e-08 -5.71176389e-06 
 2.50324180e-08  3.67164440e-07  2.50324180e-08  5.48133655e-06 
 2.50824180e-08 -2.43427307e-07  2.50824180e-08 -5.22363143e-06 
 2.51324180e-08  3.61000116e-07  2.51324180e-08  5.00261061e-06 
 2.51824180e-08 -2.37308580e-07  2.51824180e-08 -4.75421602e-06 
 2.52324180e-08  3.54928734e-07  2.52324180e-08  4.54240982e-06 
 2.52824180e-08 -2.31286232e-07  2.52824180e-08 -4.30313067e-06 
 2.53324180e-08  3.48956662e-07  2.53324180e-08  4.10034152e-06 
 2.53824180e-08 -2.25365671e-07  2.53824180e-08 -3.86997759e-06 
 2.54324180e-08  3.43088463e-07  2.54324180e-08  3.67600323e-06 
 2.54824180e-08 -2.19550722e-07  2.54824180e-08 -3.45435013e-06 
 2.55324180e-08  3.37327297e-07  2.55324180e-08  3.26898451e-06 
 2.55824180e-08 -2.13843920e-07  2.55824180e-08 -3.05583450e-06 
 2.56324180e-08  3.31675134e-07  2.56324180e-08  2.87886863e-06 
 2.56824180e-08 -2.08246738e-07  2.56824180e-08 -2.67401148e-06 
 2.57324180e-08  3.26133010e-07  2.57324180e-08  2.50523419e-06 
 2.57824180e-08 -2.02759845e-07  2.57824180e-08 -2.30845782e-06 
 2.58324180e-08  3.20701267e-07  2.58324180e-08  2.14765642e-06 
 2.58824180e-08 -1.97383277e-07  2.58824180e-08 -1.95874763e-06 
 2.59324180e-08  3.15379666e-07  2.59324180e-08  1.80570860e-06 
 2.59824180e-08 -1.92116531e-07  2.59824180e-08 -1.62445368e-06 
 2.60324180e-08  3.10167472e-07  2.60324180e-08  1.47896325e-06 
 2.60824180e-08 -1.86958707e-07  2.60824180e-08 -1.30514852e-06 
 2.61324180e-08  3.05063639e-07  2.61324180e-08  1.16699319e-06 
 2.61824180e-08 -1.81908593e-07  2.61824180e-08 -1.00040550e-06 
 2.62324180e-08  3.00066807e-07  2.62324180e-08  8.69372571e-07 
 2.62824180e-08 -1.76964726e-07  2.62824180e-08 -7.09799827e-07 
 2.63324180e-08  2.95175435e-07  2.63324180e-08  5.85677800e-07 
 2.63824180e-08 -1.72125493e-07  2.63824180e-08 -4.32909347e-07 
 2.64324180e-08  2.90387828e-07  2.64324180e-08  3.15488411e-07 
 2.64824180e-08 -1.67389114e-07  2.64824180e-08 -1.69315441e-07 
 2.65324180e-08  2.85702150e-07  2.65324180e-08  5.83877848e-08 
 2.65824180e-08 -1.62753730e-07  2.65824180e-08  8.13963229e-08 
 2.66324180e-08  2.81116519e-07  2.66324180e-08 -1.86036181e-07 
 2.66824180e-08 -1.58217409e-07  2.66824180e-08  3.19635520e-07 
 2.67324180e-08  2.76628949e-07  2.67324180e-08 -4.18190366e-07 
 2.67824180e-08 -1.53778157e-07  2.67824180e-08  5.45806246e-07 
 2.68324180e-08  2.72237462e-07  2.68324180e-08 -6.38475983e-07 
 2.68824180e-08 -1.49433984e-07  2.68824180e-08  7.60306659e-07 
 2.69324180e-08  2.67940042e-07  2.69324180e-08 -8.47288015e-07 
 2.69824180e-08 -1.45182867e-07  2.69824180e-08  9.63528515e-07 
 2.70324180e-08  2.63734686e-07  2.70324180e-08 -1.04501487e-06 
 2.70824180e-08 -1.41022812e-07  2.70824180e-08  1.15585672e-06 
 2.71324180e-08  2.59619374e-07  2.71324180e-08 -1.23203790e-06 
 2.71824180e-08 -1.36951807e-07  2.71824180e-08  1.33766903e-06 
 2.72324180e-08  2.55592143e-07  2.72324180e-08 -1.40873117e-06 
 2.72824180e-08 -1.32967903e-07  2.72824180e-08  1.50933576e-06 
 2.73324180e-08  2.51651022e-07  2.73324180e-08 -1.57546116e-06 
 2.73824180e-08 -1.29069120e-07  2.73824180e-08  1.67121947e-06 
 2.74324180e-08  2.47794064e-07  2.74324180e-08 -1.73258652e-06 
 2.74824180e-08 -1.25253554e-07  2.74824180e-08  1.82367485e-06 
 2.75324180e-08  2.44019379e-07  2.75324180e-08 -1.88045790e-06 
 2.75824180e-08 -1.21519315e-07  2.75824180e-08  1.96704850e-06 
 2.76324180e-08  2.40325075e-07  2.76324180e-08 -2.01941781e-06 
 2.76824180e-08 -1.17864534e-07  2.76824180e-08  2.10167883e-06 
 2.77324180e-08  2.36709326e-07  2.77324180e-08 -2.14980051e-06 
 2.77824180e-08 -1.14287403e-07  2.77824180e-08  2.22789591e-06 
 2.78324180e-08  2.33170335e-07  2.78324180e-08 -2.27193189e-06 
 2.78824180e-08 -1.10786148e-07  2.78824180e-08  2.34602142e-06 
 2.79324180e-08  2.29706338e-07  2.79324180e-08 -2.38612947e-06 
 2.79824180e-08 -1.07359014e-07  2.79824180e-08  2.45636873e-06 
 2.80324180e-08  2.26315618e-07  2.80324180e-08 -2.49270236e-06 
 2.80824180e-08 -1.04004325e-07  2.80824180e-08  2.55924271e-06 
 2.81324180e-08  2.22996510e-07  2.81324180e-08 -2.59195122e-06 
 2.81824180e-08 -1.00720410e-07  2.81824180e-08  2.65493983e-06 
 2.82324180e-08  2.19747351e-07  2.82324180e-08 -2.68416837e-06 
 2.82824180e-08 -9.75056324e-08  2.82824180e-08  2.74374823e-06 
 2.83324180e-08  2.16566528e-07  2.83324180e-08 -2.76963775e-06 
 2.83824180e-08 -9.43584123e-08  2.83824180e-08  2.82594771e-06 
 2.84324180e-08  2.13452491e-07  2.84324180e-08 -2.84863503e-06 
 2.84824180e-08 -9.12772042e-08  2.84824180e-08  2.90180980e-06 
 2.85324180e-08  2.10403719e-07  2.85324180e-08 -2.92142767e-06 
 2.85824180e-08 -8.82605093e-08  2.85824180e-08  2.97159791e-06 
 2.86324180e-08  2.07418702e-07  2.86324180e-08 -2.98827497e-06 
 2.86824180e-08 -8.53068445e-08  2.86824180e-08  3.03556732e-06 
 2.87324180e-08  2.04496000e-07  2.87324180e-08 -3.04942829e-06 
 2.87824180e-08 -8.24147785e-08  2.87824180e-08  3.09396544e-06 
 2.88324180e-08  2.01634197e-07  2.88324180e-08 -3.10513104e-06 
 2.88824180e-08 -7.95828995e-08  2.88824180e-08  3.14703173e-06 
 2.89324180e-08  1.98831885e-07  2.89324180e-08 -3.15561886e-06 
 2.89824180e-08 -7.68098533e-08  2.89824180e-08  3.19499805e-06 
 2.90324180e-08  1.96087747e-07  2.90324180e-08 -3.20111977e-06 
 2.90824180e-08 -7.40943149e-08  2.90824180e-08  3.23808862e-06 
 2.91324180e-08  1.93400451e-07  2.91324180e-08 -3.24185427e-06 
 2.91824180e-08 -7.14349627e-08  2.91824180e-08  3.27652025e-06 
 2.92324180e-08  1.90768717e-07  2.92324180e-08 -3.27803550e-06 
 2.92824180e-08 -6.88305470e-08  2.92824180e-08  3.31050247e-06 
 2.93324180e-08  1.88191290e-07  2.93324180e-08 -3.30986942e-06 
 2.93824180e-08 -6.62798234e-08  2.93824180e-08  3.34023769e-06 
 2.94324180e-08  1.85666947e-07  2.94324180e-08 -3.33755493e-06 
 2.94824180e-08 -6.37815894e-08  2.94824180e-08  3.36592135e-06 
 2.95324180e-08  1.83194514e-07  2.95324180e-08 -3.36128404e-06 
 2.95824180e-08 -6.13346783e-08  2.95824180e-08  3.38774206e-06 
 2.96324180e-08  1.80772820e-07  2.96324180e-08 -3.38124204e-06 
 2.96824180e-08 -5.89379407e-08  2.96824180e-08  3.40588183e-06 
 2.97324180e-08  1.78400738e-07  2.97324180e-08 -3.39760762e-06 
 2.97824180e-08 -5.65902505e-08  2.97824180e-08  3.42051612e-06 
 2.98324180e-08  1.76077158e-07  2.98324180e-08 -3.41055312e-06 
 2.98824180e-08 -5.42905222e-08  2.98824180e-08  3.43181416e-06 
 2.99324180e-08  1.73800991e-07  2.99324180e-08 -3.42024463e-06 
 2.99662090e-08 -5.15041947e-08  2.99662090e-08  3.44143598e-06 
 3.00000000e-08  1.70517748e-07  3.00000000e-08 -3.42896003e-06 
 3.00050000e-08 -3.08062404e-04  3.00050000e-08 -1.27844101e-03 
 3.00150000e-08 -2.39649286e-04  3.00150000e-08 -1.07203323e-03 
 3.00350000e-08  4.09811817e-05  3.00350000e-08 -7.48602196e-04 
 3.00750000e-08 -7.66912070e-05  3.00750000e-08 -4.79610142e-03 
 3.01250000e-08  3.23395451e-05  3.01250000e-08  3.69341155e-03 
 3.01625000e-08  7.30166711e-05  3.01625000e-08 -1.71517096e-03 
 3.02000000e-08 -6.04307270e-05  3.02000000e-08  1.77868986e-03 
 3.02050000e-08  4.04399838e-04  3.02050000e-08  5.26101436e-03 
 3.02150000e-08  3.29694401e-04  3.02150000e-08  4.34348588e-03 
 3.02350000e-08 -2.22582568e-04  3.02350000e-08  3.15440318e-05 
 3.02641186e-08  1.20678090e-04  3.02641186e-08  6.32556438e-04 
 3.02976588e-08 -6.40568756e-05  3.02976588e-08  2.58251619e-04 
 3.03353679e-08  3.56202844e-05  3.03353679e-08 -3.50277989e-04 
 3.03853679e-08 -2.22366295e-05  3.03853679e-08  1.16635780e-04 
 3.04353679e-08  1.41743644e-05  3.04353679e-08 -7.24157020e-05 
 3.04853679e-08 -9.14432661e-06  3.04853679e-08  6.51568565e-05 
 3.05353679e-08  6.57753956e-06  3.05353679e-08 -6.02015789e-05 
 3.05853679e-08 -5.16807126e-06  3.05853679e-08  6.27002992e-05 
 3.06353679e-08  4.85816621e-06  3.06353679e-08 -6.33703055e-05 
 3.06853679e-08 -4.78876013e-06  3.06853679e-08  6.59569365e-05 
 3.07353679e-08  5.20092168e-06  3.07353679e-08 -6.72449914e-05 
 3.07853679e-08 -5.45359874e-06  3.07853679e-08  6.90471185e-05 
 3.08353679e-08  5.93851149e-06  3.08353679e-08 -7.00695606e-05 
 3.08853679e-08 -6.11672970e-06  3.08853679e-08  7.11718426e-05 
 3.09353679e-08  6.44934823e-06  3.09353679e-08 -7.17775449e-05 
 3.09853679e-08 -6.44217499e-06  3.09853679e-08  7.23275288e-05 
 3.10353679e-08  6.58426659e-06  3.10353679e-08 -7.25291728e-05 
 3.10853679e-08 -6.39849742e-06  3.10853679e-08  7.26423307e-05 
 3.11353679e-08  6.38263491e-06  3.11353679e-08 -7.24880901e-05 
 3.11853679e-08 -6.06404593e-06  3.11853679e-08  7.22482298e-05 
 3.12353679e-08  5.94094384e-06  3.12353679e-08 -7.17904833e-05 
 3.12853679e-08 -5.54000088e-06  3.12853679e-08  7.12617197e-05 
 3.13353679e-08  5.35690483e-06  3.13353679e-08 -7.05492636e-05 
 3.13853679e-08 -4.91590879e-06  3.13853679e-08  6.97831809e-05 
 3.14353679e-08  4.70957634e-06  3.14353679e-08 -6.88594527e-05 
 3.14853679e-08 -4.25953559e-06  3.14853679e-08  6.78990367e-05 
 3.15353679e-08  4.05556713e-06  3.15353679e-08 -6.68021591e-05 
 3.15853679e-08 -3.61705166e-06  3.15853679e-08  6.56840268e-05 
 3.16353679e-08  3.43160380e-06  3.16353679e-08 -6.44473262e-05 
 3.16853679e-08 -3.01688807e-06  3.16853679e-08  6.32030551e-05 
 3.17353679e-08  2.85896458e-06  3.17353679e-08 -6.18556230e-05 
 3.17853679e-08 -2.47428491e-06  3.17853679e-08  6.05125944e-05 
 3.18353679e-08  2.34786122e-06  3.18353679e-08 -5.90797774e-05 
 3.18853679e-08 -1.99534428e-06  3.18853679e-08  5.76617544e-05 
 3.19353679e-08  1.90108125e-06  3.19353679e-08 -5.61655665e-05 
 3.19853679e-08 -1.58023350e-06  3.19853679e-08  5.46931243e-05 
 3.20353679e-08  1.51675588e-06  3.20353679e-08 -5.31525982e-05 
 3.20853679e-08 -1.22554267e-06  3.20853679e-08  5.16434730e-05 
 3.21353679e-08  1.19034151e-06  3.21353679e-08 -5.00749682e-05 
 3.21853679e-08 -9.25930988e-07  3.21853679e-08  4.85443583e-05 
 3.22353679e-08  9.15971483e-07  3.22353679e-08 -4.69618413e-05 
 3.22853679e-08 -6.75224201e-07  3.22853679e-08  4.54226778e-05 
 3.23353679e-08  6.87336013e-07  3.23353679e-08 -4.38379794e-05 
 3.23853679e-08 -4.67111032e-07  3.23853679e-08  4.23011754e-05 
 3.24353679e-08  4.98224738e-07  3.24353679e-08 -4.07242303e-05 
 3.24853679e-08 -2.95558298e-07  3.24853679e-08  3.91989120e-05 
 3.25353679e-08  3.42836979e-07  3.25353679e-08 -3.76379811e-05 
 3.25853679e-08 -1.55035698e-07  3.25853679e-08  3.61317016e-05 
 3.26353679e-08  2.15937439e-07  3.26353679e-08 -3.45935772e-05 
 3.26853679e-08 -4.06164341e-08  3.26853679e-08  3.31125139e-05 
 3.27353679e-08  1.12913194e-07  3.27353679e-08 -3.16027083e-05 
 3.27853679e-08  5.19999483e-08  3.27853679e-08  3.01518422e-05 
 3.28353679e-08  2.97703000e-08  3.28353679e-08 -2.86747592e-05 
 3.28853679e-08  1.26510724e-07  3.28853679e-08  2.72580382e-05 
 3.29353679e-08 -3.69039674e-08  3.29353679e-08 -2.58171272e-05 
 3.29853679e-08  1.86058093e-07  3.29853679e-08  2.44376123e-05 
 3.30353679e-08 -8.99961945e-08  3.30353679e-08 -2.30355063e-05 
 3.30853679e-08  2.33288675e-07  3.30853679e-08  2.16955016e-05 
 3.31353679e-08 -1.31928651e-07  3.31353679e-08 -2.03341398e-05 
 3.31853679e-08  2.70415968e-07  3.31853679e-08  1.90353077e-05 
 3.32353679e-08 -1.64721155e-07  3.32353679e-08 -1.77160424e-05 
 3.32853679e-08  2.99280786e-07  3.32853679e-08  1.64595042e-05 
 3.33353679e-08 -1.90049464e-07  3.33353679e-08 -1.51831953e-05 
 3.33853679e-08  3.21407087e-07  3.33853679e-08  1.39696194e-05 
 3.34353679e-08 -2.09298172e-07  3.34353679e-08 -1.27367158e-05 
 3.34853679e-08  3.38051844e-07  3.34853679e-08  1.15663933e-05 
 3.35353679e-08 -2.23607504e-07  3.35353679e-08 -1.03770030e-05 
 3.35853679e-08  3.50248662e-07  3.35853679e-08  9.24991365e-06 
 3.36353679e-08 -2.33913833e-07  3.36353679e-08 -8.10386478e-06 
 3.36853679e-08  3.58845366e-07  3.36853679e-08  7.01973268e-06 
 3.37353679e-08 -2.40984382e-07  3.37353679e-08 -5.91662466e-06 
 3.37853679e-08  3.64535910e-07  3.37853679e-08  4.87496658e-06 
 3.38353679e-08 -2.45446554e-07  3.38353679e-08 -3.81421430e-06 
 3.38853679e-08  3.67887292e-07  3.38853679e-08  2.81438010e-06 
 3.39353679e-08 -2.47812557e-07  3.39353679e-08 -1.79525115e-06 
 3.39853679e-08  3.69362074e-07  3.39853679e-08  8.36458268e-07 
 3.40353679e-08 -2.48499978e-07  3.40353679e-08  1.41895699e-07 
 3.40853679e-08  3.69337114e-07  3.40853679e-08 -1.06053326e-06 
 3.41353679e-08 -2.47848814e-07  3.41353679e-08  1.99905004e-06 
 3.41853679e-08  3.68119058e-07  3.41853679e-08 -2.87849737e-06 
 3.42353679e-08 -2.46135546e-07  3.42353679e-08  3.77818211e-06 
 3.42853679e-08  3.65957139e-07  3.42853679e-08 -4.61946301e-06 
 3.43353679e-08 -2.43584797e-07  3.43353679e-08  5.48136972e-06 
 3.43853679e-08  3.63053721e-07  3.43853679e-08 -6.28554976e-06 
 3.44353679e-08 -2.40378824e-07  3.44353679e-08  7.11076601e-06 
 3.44853679e-08  3.59572919e-07  3.44853679e-08 -7.87893843e-06 
 3.45353679e-08 -2.36665360e-07  3.45353679e-08  8.66857259e-06 
 3.45853679e-08  3.55647679e-07  3.45853679e-08 -9.40184666e-06 
 3.46353679e-08 -2.32564020e-07  3.46353679e-08  1.01570175e-05 
 3.46853679e-08  3.51385568e-07  3.46853679e-08 -1.08565089e-05 
 3.47353679e-08 -2.28171502e-07  3.47353679e-08  1.15783368e-05 
 3.47853679e-08  3.46873499e-07  3.47853679e-08 -1.22451600e-05 
 3.48353679e-08 -2.23565899e-07  3.48353679e-08  1.29347603e-05 
 3.48853679e-08  3.42181601e-07  3.48853679e-08 -1.35700218e-05 
 3.49353679e-08 -2.18810161e-07  3.49353679e-08  1.42284989e-05 
 3.49853679e-08  3.37366345e-07  3.49853679e-08 -1.48332924e-05 
 3.50353679e-08 -2.13954923e-07  3.50353679e-08  1.54617353e-05 
 3.50853679e-08  3.32473105e-07  3.50853679e-08 -1.60371375e-05 
 3.51353679e-08 -2.09040819e-07  3.51353679e-08  1.66366160e-05 
 3.51853679e-08  3.27538258e-07  3.51853679e-08 -1.71836833e-05 
 3.52353679e-08 -2.04100403e-07  3.52353679e-08  1.77552455e-05 
 3.52853679e-08  3.22590875e-07  3.52853679e-08 -1.82750116e-05 
 3.53353679e-08 -1.99159606e-07  3.53353679e-08  1.88196814e-05 
 3.53853679e-08  3.17654091e-07  3.53853679e-08 -1.93131553e-05 
 3.54353679e-08 -1.94239043e-07  3.54353679e-08  1.98319308e-05 
 3.54853679e-08  3.12746238e-07  3.54853679e-08 -2.03000953e-05 
 3.55353679e-08 -1.89355002e-07  3.55353679e-08  2.07939480e-05 
 3.55853679e-08  3.07881747e-07  3.55853679e-08 -2.12377586e-05 
 3.56353679e-08 -1.84520245e-07  3.56353679e-08  2.17076323e-05 
 3.56853679e-08  3.03071902e-07  3.56853679e-08 -2.21280168e-05 
 3.57353679e-08 -1.79744724e-07  3.57353679e-08  2.25748268e-05 
 3.57853679e-08  2.98325429e-07  3.57853679e-08 -2.29726847e-05 
 3.58353679e-08 -1.75036073e-07  3.58353679e-08  2.33973181e-05 
 3.58853679e-08  2.93648993e-07  3.58853679e-08 -2.37735205e-05 
 3.59353679e-08 -1.70400086e-07  3.59353679e-08  2.41768357e-05 
 3.59853679e-08  2.89047598e-07  3.59853679e-08 -2.45322254e-05 
 3.60353679e-08 -1.65841058e-07  3.60353679e-08  2.49150527e-05 
 3.60853679e-08  2.84524896e-07  3.60853679e-08 -2.52504443e-05 
 3.61353679e-08 -1.61362064e-07  3.61353679e-08  2.56135855e-05 
 3.61853679e-08  2.80083449e-07  3.61853679e-08 -2.59297657e-05 
 3.62353679e-08 -1.56965221e-07  3.62353679e-08  2.62739953e-05 
 3.62853679e-08  2.75724969e-07  3.62853679e-08 -2.65717233e-05 
 3.63353679e-08 -1.52651863e-07  3.63353679e-08  2.68977883e-05 
 3.63853679e-08  2.71450444e-07  3.63853679e-08 -2.71777964e-05 
 3.64353679e-08 -1.48422682e-07  3.64353679e-08  2.74864171e-05 
 3.64853679e-08  2.67260316e-07  3.64853679e-08 -2.77494114e-05 
 3.65353679e-08 -1.44277906e-07  3.65353679e-08  2.80412820e-05 
 3.65853679e-08  2.63154598e-07  3.65853679e-08 -2.82879425e-05 
 3.66353679e-08 -1.40217344e-07  3.66353679e-08  2.85637319e-05 
 3.66853679e-08  2.59132925e-07  3.66853679e-08 -2.87947137e-05 
 3.67353679e-08 -1.36240488e-07  3.67353679e-08  2.90550658e-05 
 3.67853679e-08  2.55194664e-07  3.67853679e-08 -2.92709995e-05 
 3.68353679e-08 -1.32346588e-07  3.68353679e-08  2.95165340e-05 
 3.68853679e-08  2.51338958e-07  3.68853679e-08 -2.97180266e-05 
 3.69353679e-08 -1.28534702e-07  3.69353679e-08  2.99493401e-05 
 3.69853679e-08  2.47564779e-07  3.69853679e-08 -3.01369753e-05 
 3.70353679e-08 -1.24803732e-07  3.70353679e-08  3.03546414e-05 
 3.70853679e-08  2.43870977e-07  3.70853679e-08 -3.05289809e-05 
 3.71353679e-08 -1.21152476e-07  3.71353679e-08  3.07335514e-05 
 3.71853679e-08  2.40256296e-07  3.71853679e-08 -3.08951351e-05 
 3.72353679e-08 -1.17579633e-07  3.72353679e-08  3.10871406e-05 
 3.72853679e-08  2.36719401e-07  3.72853679e-08 -3.12364876e-05 
 3.73353679e-08 -1.14083853e-07  3.73353679e-08  3.14164380e-05 
 3.73853679e-08  2.33258920e-07  3.73853679e-08 -3.15540471e-05 
 3.74353679e-08 -1.10663731e-07  3.74353679e-08  3.17224327e-05 
 3.74853679e-08  2.29873422e-07  3.74853679e-08 -3.18487835e-05 
 3.75353679e-08 -1.07317833e-07  3.75353679e-08  3.20060753e-05 
 3.75853679e-08  2.26561478e-07  3.75853679e-08 -3.21216284e-05 
 3.76353679e-08 -1.04044721e-07  3.76353679e-08  3.22682789e-05 
 3.76853679e-08  2.23321626e-07  3.76853679e-08 -3.23734768e-05 
 3.77353679e-08 -1.00842934e-07  3.77353679e-08  3.25099209e-05 
 3.77853679e-08  2.20152421e-07  3.77853679e-08 -3.26051889e-05 
 3.78353679e-08 -9.77110274e-08  3.78353679e-08  3.27318442e-05 
 3.78853679e-08  2.17052407e-07  3.78853679e-08 -3.28175905e-05 
 3.79353679e-08 -9.46475470e-08  3.79353679e-08  3.29348583e-05 
 3.79853679e-08  2.14020135e-07  3.79853679e-08 -3.30114751e-05 
 3.80353679e-08 -9.16510545e-08  3.80353679e-08  3.31197406e-05 
 3.80853679e-08  2.11054177e-07  3.80853679e-08 -3.31876047e-05 
 3.81353679e-08 -8.87201210e-08  3.81353679e-08  3.32872380e-05 
 3.81853679e-08  2.08153115e-07  3.81853679e-08 -3.33467108e-05 
 3.82353679e-08 -8.58533580e-08  3.82353679e-08  3.34380673e-05 
 3.82853679e-08  2.05315572e-07  3.82853679e-08 -3.34894963e-05 
 3.83353679e-08 -8.30493842e-08  3.83353679e-08  3.35729173e-05 
 3.83853679e-08  2.02540154e-07  3.83853679e-08 -3.36166359e-05 
 3.84353679e-08 -8.03068145e-08  3.84353679e-08  3.36924492e-05 
 3.84853679e-08  1.99825510e-07  3.84853679e-08 -3.37287775e-05 
 3.85353679e-08 -7.76243241e-08  3.85353679e-08  3.37972977e-05 
 3.85853679e-08  1.97170321e-07  3.85853679e-08 -3.38265433e-05 
 3.86353679e-08 -7.50005968e-08  3.86353679e-08  3.38880726e-05 
 3.86853679e-08  1.94573276e-07  3.86853679e-08 -3.39105306e-05 
 3.87353679e-08 -7.24343300e-08  3.87353679e-08  3.39653591e-05 
 3.87853679e-08  1.92033091e-07  3.87853679e-08 -3.39813131e-05 
 3.88353679e-08 -6.99242753e-08  3.88353679e-08  3.40297195e-05 
 3.88853679e-08  1.89548526e-07  3.88853679e-08 -3.40394415e-05 
 3.89353679e-08 -6.74691723e-08  3.89353679e-08  3.40816935e-05 
 3.89853679e-08  1.87118329e-07  3.89853679e-08 -3.40854447e-05 
 3.90353679e-08 -6.50678141e-08  3.90353679e-08  3.41217992e-05 
 3.90853679e-08  1.84741312e-07  3.90853679e-08 -3.41198307e-05 
 3.91353679e-08 -6.27190044e-08  3.91353679e-08  3.41505343e-05 
 3.91853679e-08  1.82416293e-07  3.91853679e-08 -3.41430870e-05 
 3.92353679e-08 -6.04215884e-08  3.92353679e-08  3.41683768e-05 
 3.92853679e-08  1.80142116e-07  3.92853679e-08 -3.41556821e-05 
 3.93353679e-08 -5.81744099e-08  3.93353679e-08  3.41757856e-05 
 3.93853679e-08  1.77917647e-07  3.93853679e-08 -3.41580657e-05 
 3.94353679e-08 -5.59763561e-08  3.94353679e-08  3.41732015e-05 
 3.94853679e-08  1.75741775e-07  3.94853679e-08 -3.41506697e-05 
 3.95353679e-08 -5.38263260e-08  3.95353679e-08  3.41610478e-05 
 3.95853679e-08  1.73613431e-07  3.95853679e-08 -3.41339090e-05 
 3.96353679e-08 -5.17232659e-08  3.96353679e-08  3.41397310e-05 
 3.96853679e-08  1.71531543e-07  3.96853679e-08 -3.41081820e-05 
 3.97353679e-08 -4.96661094e-08  3.97353679e-08  3.41096416e-05 
 3.97853679e-08  1.69495083e-07  3.97853679e-08 -3.40738717e-05 
 3.98353679e-08 -4.76538555e-08  3.98353679e-08  3.40711549e-05 
 3.98853679e-08  1.67503044e-07  3.98853679e-08 -3.40313455e-05 
 3.99353679e-08 -4.56854824e-08  3.99353679e-08  3.40246312e-05 
 3.99676840e-08  1.65028960e-07  3.99676840e-08 -3.39658606e-05 
 4.00000000e-08 -4.27233310e-08  4.00000000e-08  3.39376170e-05 
 4.00050000e-08  3.82094826e-04  4.00050000e-08  4.66298641e-03 
 4.00150000e-08  1.99654523e-04  4.00150000e-08  4.57013603e-03 
 4.00350000e-08 -9.50305246e-05  4.00350000e-08  3.12694234e-04 
 4.00750000e-08  1.34103033e-04  4.00750000e-08  7.40254924e-04 
 4.01250000e-08 -6.94781836e-05  4.01250000e-08  1.13692362e-04 
 4.01625000e-08 -1.93662161e-05  4.01625000e-08  8.44996300e-04 
 4.02000000e-08  3.36487286e-05  4.02000000e-08 -5.60895326e-03 
 4.02050000e-08 -3.69446866e-04  4.02050000e-08 -3.30828171e-03 
 4.02150000e-08 -3.29764260e-04  4.02150000e-08 -1.27233959e-03 
 4.02350000e-08  1.31125950e-04  4.02350000e-08 -7.50343277e-04 
 4.02607137e-08 -7.16579593e-05  4.02607137e-08 -7.25651680e-04 
 4.02919442e-08  4.71899558e-05  4.02919442e-08 -3.20873892e-04 
 4.03324168e-08 -3.70458775e-05  4.03324168e-08  2.71648269e-04 
 4.03824168e-08  3.05601632e-05  4.03824168e-08  3.14824734e-05 
 4.04324168e-08 -2.56385413e-05  4.04324168e-08 -5.13403267e-05 
 4.04824168e-08  2.19076907e-05  4.04824168e-08  2.63214680e-05 
 4.05324168e-08 -1.87209084e-05  4.05324168e-08 -2.24713331e-05 
 4.05824168e-08  1.63308601e-05  4.05824168e-08  1.15622063e-05 
 4.06324168e-08 -1.41340096e-05  4.06324168e-08 -8.12802422e-06 
 4.06824168e-08  1.25059138e-05  4.06824168e-08  2.40384698e-06 
 4.07324168e-08 -1.08982694e-05  4.07324168e-08  8.94512745e-07 
 4.07824168e-08  9.73928759e-06  4.07824168e-08 -4.80480386e-06 
 4.08324168e-08 -8.50872577e-06  4.08324168e-08  7.79987721e-06 
 4.08824168e-08  7.65823914e-06  4.08824168e-08 -1.08099926e-05 
 4.09324168e-08 -6.68392735e-06  4.09324168e-08  1.33788319e-05 
 4.09824168e-08  6.04942028e-06  4.09824168e-08 -1.57658428e-05 
 4.10324168e-08 -5.25882310e-06  4.10324168e-08  1.78725358e-05 
 4.10824168e-08  4.78253317e-06  4.10824168e-08 -1.97461567e-05 
 4.11324168e-08 -4.12912959e-06  4.11324168e-08  2.14080103e-05 
 4.11824168e-08  3.77289600e-06  4.11824168e-08 -2.28385047e-05 
 4.12324168e-08 -3.22504716e-06  4.12324168e-08  2.40989990e-05 
 4.12824168e-08  2.96222871e-06  4.12824168e-08 -2.51484772e-05 
 4.13324168e-08 -2.49729968e-06  4.13324168e-08  2.60612122e-05 
 4.13824168e-08  2.30842600e-06  4.13824168e-08 -2.67886270e-05 
 4.14324168e-08 -1.90955406e-06  4.14324168e-08  2.74084206e-05 
 4.14824168e-08  1.77988318e-06  4.14824168e-08 -2.78685662e-05 
 4.15324168e-08 -1.43411908e-06  4.15324168e-08  2.82467906e-05 
 4.15824168e-08  1.35219787e-06  4.15824168e-08 -2.84888365e-05 
 4.16324168e-08 -1.04938088e-06  4.16324168e-08  2.86712527e-05 
 4.16824168e-08  1.00615035e-06  4.16824168e-08 -2.87379801e-05 
 4.17324168e-08 -7.38189289e-07  4.17324168e-08  2.87640205e-05 
 4.17824168e-08  7.26397070e-07  4.17824168e-08 -2.86917576e-05 
 4.18324168e-08 -4.86785413e-07  4.18324168e-08  2.85946148e-05 
 4.18824168e-08  5.00579283e-07  4.18824168e-08 -2.84136327e-05 
 4.19324168e-08 -2.84051511e-07  4.19324168e-08  2.82207650e-05 
 4.19662084e-08  2.80526132e-07  4.19662084e-08 -2.78250193e-05 
 4.20000000e-08 -5.43751658e-08  4.20000000e-08  2.73918954e-05 
 4.20050000e-08  5.16350431e-07  4.20050000e-08  1.11851192e-05 
 4.20150000e-08 -9.66589482e-07  4.20150000e-08 -1.39621932e-05 
 4.20350000e-08  6.05943416e-07  4.20350000e-08  5.17573262e-06 
 4.20750000e-08 -4.40601764e-08  4.20750000e-08 -3.36744320e-06 
 4.21250000e-08 -2.77140782e-07  4.21250000e-08  3.24839589e-06 
 4.21625000e-08  8.20546194e-07  4.21625000e-08 -1.17289732e-05 
 4.22000000e-08  9.82323586e-07  4.22000000e-08  4.35460547e-05 
 4.22050000e-08 -6.46090348e-06  4.22050000e-08 -9.46600106e-06 
 4.22150000e-08 -1.11555388e-06  4.22150000e-08 -1.13045657e-05 
 4.22350000e-08  5.02193401e-06  4.22350000e-08 -1.70003998e-05 
 4.22750000e-08 -4.54193336e-06  4.22750000e-08  8.66920738e-06 
 4.23250000e-08  4.12948183e-06  4.23250000e-08 -8.82798661e-07 
 4.23750000e-08 -3.45696022e-06  4.23750000e-08  6.36662201e-07 
 4.24250000e-08  3.02607225e-06  4.24250000e-08 -4.75941360e-07 
 4.24750000e-08 -2.39529637e-06  4.24750000e-08  3.51481674e-08 
 4.25250000e-08  2.05958297e-06  4.25250000e-08  3.31894226e-07 
 4.25750000e-08 -1.54254271e-06  4.25750000e-08 -7.24002949e-07 
 4.26250000e-08  1.32557696e-06  4.26250000e-08  1.07188980e-06 
 4.26750000e-08 -9.22194928e-07  4.26750000e-08 -1.37350391e-06 
 4.27250000e-08  8.09111078e-07  4.27250000e-08  1.65536195e-06 
 4.27750000e-08 -4.97534703e-07  4.27750000e-08 -1.87709021e-06 
 4.28250000e-08  4.63773624e-07  4.28250000e-08  2.09333744e-06 
 4.28750000e-08 -2.19499745e-07  4.28750000e-08 -2.24998226e-06 
 4.29250000e-08  2.42077368e-07  4.29250000e-08  2.41008155e-06 
 4.29750000e-08 -4.44164424e-08  4.29750000e-08 -2.51460979e-06 
 4.30250000e-08  1.05201271e-07  4.30250000e-08  2.62898312e-06 
 4.30750000e-08  6.14094599e-08  4.30750000e-08 -2.69226657e-06 
 4.31250000e-08  2.44229016e-08  4.31250000e-08  2.77034247e-06 
 4.31750000e-08  1.22126405e-07  4.31750000e-08 -2.80138063e-06 
 4.32250000e-08 -2.03341809e-08  4.32250000e-08  2.85115544e-06 
 4.32750000e-08  1.54273735e-07  4.32750000e-08 -2.85730827e-06 
 4.33250000e-08 -4.25892756e-08  4.33250000e-08  2.88535687e-06 
 4.33750000e-08  1.68828268e-07  4.33750000e-08 -2.87257016e-06 
 4.34250000e-08 -5.12012204e-08  4.34250000e-08  2.88419670e-06 
 4.34750000e-08  1.72900378e-07  4.34750000e-08 -2.85721805e-06 
 4.35250000e-08 -5.18474231e-08  4.35250000e-08  2.85664193e-06 
 4.35750000e-08  1.71000549e-07  4.35750000e-08 -2.81922088e-06 
 4.36250000e-08 -4.80930750e-08  4.36250000e-08  2.80975955e-06 
 4.36750000e-08  1.65931913e-07  4.36750000e-08 -2.76482681e-06 
 4.37250000e-08 -4.21296773e-08  4.37250000e-08  2.74906093e-06 
 4.37750000e-08  1.59397016e-07  4.37750000e-08 -2.69888423e-06 
 4.38250000e-08 -3.52703157e-08  4.38250000e-08  2.67880087e-06 
 4.38750000e-08  1.52399905e-07  4.38750000e-08 -2.62511717e-06 
 4.39250000e-08 -2.82747905e-08  4.39250000e-08  2.60223058e-06 
 4.39750000e-08  1.45508097e-07  4.39750000e-08 -2.54635641e-06 
 4.40250000e-08 -2.15598516e-08  4.40250000e-08  2.52180803e-06 
 4.40750000e-08  1.39020664e-07  4.40750000e-08 -2.46472994e-06 
 4.41250000e-08 -1.53332402e-08  4.41250000e-08  2.43936989e-06 
 4.41750000e-08  1.33074893e-07  4.41750000e-08 -2.38181787e-06 
 4.42250000e-08 -9.67830736e-09  4.42250000e-08  2.35627078e-06 
 4.42750000e-08  1.27713241e-07  4.42750000e-08 -2.29877698e-06 
 4.43250000e-08 -4.60682919e-09  4.43250000e-08  2.27349429e-06 
 4.43750000e-08  1.22924817e-07  4.43750000e-08 -2.21643967e-06 
 4.44250000e-08 -9.15397480e-11  4.44250000e-08  2.19174115e-06 
 4.44750000e-08  1.18670826e-07  4.44750000e-08 -2.13539219e-06 
 4.45250000e-08  3.91416322e-09  4.45250000e-08  2.11149827e-06 
 4.45750000e-08  1.14899757e-07  4.45750000e-08 -2.05603554e-06 
 4.46250000e-08  7.46447910e-09  4.46250000e-08  2.03309257e-06 
 4.46750000e-08  1.11556356e-07  4.46750000e-08 -1.97863287e-06 
 4.47250000e-08  1.06145036e-08  4.47250000e-08  1.95673247e-06 
 4.47750000e-08  1.08586626e-07  4.47750000e-08 -1.90334583e-06 
 4.48250000e-08  1.34164916e-08  4.48250000e-08  1.88253972e-06 
 4.48750000e-08  1.05940440e-07  4.48750000e-08 -1.83026227e-06 
 4.49250000e-08  1.59181333e-08  4.49250000e-08  1.81057356e-06 
 4.49750000e-08  1.03572745e-07  4.49750000e-08 -1.75941737e-06 
 4.50250000e-08  1.81617930e-08  4.50250000e-08  1.74084895e-06 
 4.50750000e-08  1.01443882e-07  4.50750000e-08 -1.69080926e-06 
 4.51250000e-08  2.01844604e-08  4.51250000e-08  1.67335011e-06 
 4.51750000e-08  9.95194325e-08  4.51750000e-08 -1.62441072e-06 
 4.52250000e-08  2.20180524e-08  4.52250000e-08  1.60804058e-06 
 4.52750000e-08  9.77698931e-08  4.52750000e-08 -1.56017788e-06 
 4.53250000e-08  2.36898221e-08  4.53250000e-08  1.54487055e-06 
 4.53750000e-08  9.61701115e-08  4.53750000e-08 -1.49805635e-06 
 4.54250000e-08  2.52229170e-08  4.54250000e-08  1.48378218e-06 
 4.54750000e-08  9.46988195e-08  4.54750000e-08 -1.43798574e-06 
 4.55250000e-08  2.66368939e-08  4.55250000e-08  1.42471328e-06 
 4.55750000e-08  9.33380536e-08  4.55750000e-08 -1.37990272e-06 
 4.56250000e-08  2.79481988e-08  4.56250000e-08  1.36759997e-06 
 4.56750000e-08  9.20727672e-08  4.56750000e-08 -1.32374325e-06 
 4.57250000e-08  2.91706220e-08  4.57250000e-08  1.31237837e-06 
 4.57750000e-08  9.08903077e-08  4.57750000e-08 -1.26944398e-06 
 4.58250000e-08  3.03157673e-08  4.58250000e-08  1.25898584e-06 
 4.58750000e-08  8.97800640e-08  4.58750000e-08 -1.21694311e-06 
 4.59250000e-08  3.13933126e-08  4.59250000e-08  1.20736163e-06 
 4.59750000e-08  8.87331900e-08  4.59750000e-08 -1.16618102e-06 
 4.60250000e-08  3.24113764e-08  4.60250000e-08  1.15744727e-06 
 4.60750000e-08  8.77422403e-08  4.60750000e-08 -1.11710049e-06 
 4.61250000e-08  3.33767471e-08  4.61250000e-08  1.10918681e-06 
 4.61750000e-08  8.68010272e-08  4.61750000e-08 -1.06964678e-06 
 4.62250000e-08  3.42951195e-08  4.62250000e-08  1.06252676e-06 
 4.62750000e-08  8.59043036e-08  4.62750000e-08 -1.02376770e-06 
 4.63250000e-08  3.51712774e-08  4.63250000e-08  1.01741610e-06 
 4.63750000e-08  8.50476963e-08  4.63750000e-08 -9.79413377e-07 
 4.64250000e-08  3.60092659e-08  4.64250000e-08  9.73806189e-07 
 4.64750000e-08  8.42274882e-08  4.64750000e-08 -9.36536290e-07 
 4.65250000e-08  3.68124669e-08  4.65250000e-08  9.31650521e-07 
 4.65750000e-08  8.34405672e-08  4.65750000e-08 -8.95090987e-07 
 4.66250000e-08  3.75837682e-08  4.66250000e-08  8.90904672e-07 
 4.66750000e-08  8.26842764e-08  4.66750000e-08 -8.55033965e-07 
 4.67250000e-08  3.83256297e-08  4.67250000e-08  8.51526041e-07 
 4.67750000e-08  8.19563158e-08  4.67750000e-08 -8.16323545e-07 
 4.68250000e-08  3.90401599e-08  4.68250000e-08  8.13473784e-07 
 4.68750000e-08  8.12547584e-08  4.68750000e-08 -7.78919661e-07 
 4.69250000e-08  3.97291723e-08  4.69250000e-08  7.76708597e-07 
 4.69750000e-08  8.05779154e-08  4.69750000e-08 -7.42783719e-07 
 4.70250000e-08  4.03942056e-08  4.70250000e-08  7.41192597e-07 
 4.70750000e-08  7.99243352e-08  4.70750000e-08 -7.07878547e-07 
 4.71250000e-08  4.10366549e-08  4.71250000e-08  7.06889246e-07 
 4.71750000e-08  7.92927166e-08  4.71750000e-08 -6.74168191e-07 
 4.72250000e-08  4.16577204e-08  4.72250000e-08  6.73763180e-07 
 4.72750000e-08  7.86819445e-08  4.72750000e-08 -6.41617859e-07 
 4.73250000e-08  4.22584575e-08  4.73250000e-08  6.41780132e-07 
 4.73750000e-08  7.80910112e-08  4.73750000e-08 -6.10193809e-07 
 4.74250000e-08  4.28398006e-08  4.74250000e-08  6.10906901e-07 
 4.74750000e-08  7.75190340e-08  4.74750000e-08 -5.79863334e-07 
 4.75250000e-08  4.34026181e-08  4.75250000e-08  5.81111228e-07 
 4.75750000e-08  7.69651831e-08  4.75750000e-08 -5.50594623e-07 
 4.76250000e-08  4.39476870e-08  4.76250000e-08  5.52361726e-07 
 4.76750000e-08  7.64287271e-08  4.76750000e-08 -5.22356718e-07 
 4.77250000e-08  4.44756921e-08  4.77250000e-08  5.24627879e-07 
 4.77750000e-08  7.59090077e-08  4.77750000e-08 -4.95119507e-07 
 4.78250000e-08  4.49872918e-08  4.78250000e-08  4.97879977e-07 
 4.78750000e-08  7.54053793e-08  4.78750000e-08 -4.68853666e-07 
 4.79250000e-08  4.54830911e-08  4.79250000e-08  4.72089043e-07 
 4.79750000e-08  7.49172712e-08  4.79750000e-08 -4.43530586e-07 
 4.80250000e-08  4.59636397e-08  4.80250000e-08  4.47226843e-07 
 4.80750000e-08  7.44441509e-08  4.80750000e-08 -4.19122379e-07 
 4.81250000e-08  4.64294515e-08  4.81250000e-08  4.23265851e-07 
 4.81750000e-08  7.39855134e-08  4.81750000e-08 -3.95601894e-07 
 4.82250000e-08  4.68810349e-08  4.82250000e-08  4.00179216e-07 
 4.82750000e-08  7.35408792e-08  4.82750000e-08 -3.72942564e-07 
 4.83250000e-08  4.73188351e-08  4.83250000e-08  3.77940743e-07 
 4.83750000e-08  7.31097961e-08  4.83750000e-08 -3.51118548e-07 
 4.84250000e-08  4.77433155e-08  4.84250000e-08  3.56524868e-07 
 4.84750000e-08  7.26918269e-08  4.84750000e-08 -3.30104579e-07 
 4.85250000e-08  4.81548647e-08  4.85250000e-08  3.35906648e-07 
 4.85750000e-08  7.22865843e-08  4.85750000e-08 -3.09876022e-07 
 4.86250000e-08  4.85539075e-08  4.86250000e-08  3.16061749e-07 
 4.86750000e-08  7.18936499e-08  4.86750000e-08 -2.90408855e-07 
 4.87250000e-08  4.89408208e-08  4.87250000e-08  2.96966455e-07 
 4.87750000e-08  7.15126695e-08  4.87750000e-08 -2.71679648e-07 
 4.88250000e-08  4.93159669e-08  4.88250000e-08  2.78597609e-07 
 4.88750000e-08  7.11432675e-08  4.88750000e-08 -2.53665503e-07 
 4.89250000e-08  4.96797053e-08  4.89250000e-08  2.60932604e-07 
 4.89750000e-08  7.07851012e-08  4.89750000e-08 -2.36344140e-07 
 4.90250000e-08  5.00323783e-08  4.90250000e-08  2.43949447e-07 
 4.90750000e-08  7.04378392e-08  4.90750000e-08 -2.19693811e-07 
 4.91250000e-08  5.03743124e-08  4.91250000e-08  2.27626654e-07 
 4.91750000e-08  7.01011611e-08  4.91750000e-08 -2.03693314e-07 
 4.92250000e-08  5.07058205e-08  4.92250000e-08  2.11943288e-07 
 4.92750000e-08  6.97747360e-08  4.92750000e-08 -1.88321995e-07 
 4.93250000e-08  5.10272277e-08  4.93250000e-08  1.96878978e-07 
 4.93750000e-08  6.94582765e-08  4.93750000e-08 -1.73559720e-07 
 4.94250000e-08  5.13388144e-08  4.94250000e-08  1.82413842e-07 
 4.94750000e-08  6.91514938e-08  4.94750000e-08 -1.59386880e-07 
 4.95250000e-08  5.16408684e-08  4.95250000e-08  1.68528528e-07 
 4.95750000e-08  6.88540939e-08  4.95750000e-08 -1.45784375e-07 
 4.96250000e-08  5.19336869e-08  4.96250000e-08  1.55204190e-07 
 4.96750000e-08  6.85657908e-08  4.96750000e-08 -1.32733604e-07 
 4.97250000e-08  5.22175273e-08  4.97250000e-08  1.42422447e-07 
 4.97750000e-08  6.82863497e-08  4.97750000e-08 -1.20216440e-07 
 4.98250000e-08  5.24926507e-08  4.98250000e-08  1.30165469e-07 
 4.98750000e-08  6.80154749e-08  4.98750000e-08 -1.08215284e-07 
 4.99250000e-08  5.27593225e-08  4.99250000e-08  1.18415862e-07 
 4.99625000e-08  6.77099842e-08  4.99625000e-08 -9.48430983e-08 
 5.00000000e-08  5.31021437e-08  5.00000000e-08  1.03509459e-07 
 5.00050000e-08 -3.08056718e-04  5.00050000e-08 -1.27834112e-03 
 5.00150000e-08 -2.39660365e-04  5.00150000e-08 -1.07205760e-03 
 5.00350000e-08  4.09800782e-05  5.00350000e-08 -7.48725433e-04 
 5.00750000e-08 -7.66790191e-05  5.00750000e-08 -4.79596393e-03 
 5.01250000e-08  3.23045779e-05  5.01250000e-08  3.69319261e-03 
 5.01625000e-08  7.06000663e-05  5.01625000e-08 -1.73218702e-03 
 5.02000000e-08 -1.16599168e-04  5.02000000e-08  1.67689750e-03 
 5.02050000e-08  3.29980656e-04  5.02050000e-08  5.17827742e-03 
 5.02150000e-08  5.19672081e-04  5.02150000e-08  4.37480577e-03 
 5.02350000e-08  1.06732255e-03  5.02350000e-08 -9.75311968e-05 
 5.02630929e-08  4.46083250e-04  5.02630929e-08  6.37689406e-04 
 5.02986032e-08 -2.63186369e-03  5.02986032e-08  2.60415870e-03 
 5.03308588e-08  1.70594101e-03  5.03308588e-08  2.54355529e-03 
 5.03808588e-08 -8.37816415e-04  5.03808588e-08  1.88945996e-03 
 5.04265504e-08  5.13038737e-04  5.04265504e-08 -3.98328261e-03 
 5.04765504e-08 -3.41138038e-04  5.04765504e-08 -4.10079977e-03 
 5.05265504e-08  2.54245155e-04  5.05265504e-08  3.61031204e-03 
 5.05765504e-08 -1.87665922e-04  5.05765504e-08 -2.44335332e-03 
 5.06265504e-08  1.45129890e-04  5.06265504e-08  1.99922118e-03 
 5.06765504e-08 -1.08077434e-04  5.06765504e-08 -1.62544132e-03 
 5.07265504e-08  8.17188405e-05  5.07265504e-08  1.38244154e-03 
 5.07765504e-08 -5.77351536e-05  5.07765504e-08 -1.17535007e-03 
 5.08265504e-08  4.00330818e-05  5.08265504e-08  1.02903460e-03 
 5.08765504e-08 -2.37132761e-05  5.08765504e-08 -9.03258881e-04 
 5.09265504e-08  1.16151843e-05  5.09265504e-08  8.10000472e-04 
 5.09765504e-08 -3.92135740e-07  5.09765504e-08 -7.28549363e-04 
 5.10265504e-08 -7.80329457e-06  5.10265504e-08  6.65958921e-04 
 5.10765504e-08  1.54650503e-05  5.10765504e-08 -6.10330604e-04 
 5.11265504e-08 -2.08771349e-05  5.11265504e-08  5.66387876e-04 
 5.11765504e-08  2.60081776e-05  5.11765504e-08 -5.26670575e-04 
 5.12265504e-08 -2.94278341e-05  5.12265504e-08  4.94597677e-04 
 5.12765504e-08  3.27563773e-05  5.12765504e-08 -4.65147360e-04 
 5.13265504e-08 -3.47576868e-05  5.13265504e-08  4.40920938e-04 
 5.13765504e-08  3.68090734e-05  5.13765504e-08 -4.18340861e-04 
 5.14265504e-08 -3.78118205e-05  5.14265504e-08  3.99457816e-04 
 5.14765504e-08  3.89829307e-05  5.14765504e-08 -3.81592058e-04 
 5.15265504e-08 -3.92646654e-05  5.15265504e-08  3.66464359e-04 
 5.15765504e-08  3.98271273e-05  5.15765504e-08 -3.51927582e-04 
 5.16265504e-08 -3.96429312e-05  5.16265504e-08  3.39431151e-04 
 5.16765504e-08  3.97853544e-05  5.16765504e-08 -3.27285431e-04 
 5.17265504e-08 -3.92944977e-05  5.17265504e-08  3.16701506e-04 
 5.17765504e-08  3.91596328e-05  5.17765504e-08 -3.06307205e-04 
 5.18265504e-08 -3.84763678e-05  5.18265504e-08  2.97132851e-04 
 5.18765504e-08  3.81661455e-05  5.18765504e-08 -2.88044389e-04 
 5.19265504e-08 -3.73710139e-05  5.19265504e-08  2.79929421e-04 
 5.19765504e-08  3.69571693e-05  5.19765504e-08 -2.71835079e-04 
 5.20265504e-08 -3.61059747e-05  5.20265504e-08  2.64534097e-04 
 5.20765504e-08  3.56381887e-05  5.20765504e-08 -2.57214075e-04 
 5.21265504e-08 -3.47687761e-05  5.21265504e-08  2.50553940e-04 
 5.21765504e-08  3.42807604e-05  5.21765504e-08 -2.43852003e-04 
 5.22265504e-08 -3.34180602e-05  5.22265504e-08  2.37709642e-04 
 5.22765504e-08  3.29320656e-05  5.22765504e-08 -2.31513709e-04 
 5.23265504e-08 -3.20918198e-05  5.23265504e-08  2.25800820e-04 
 5.23765504e-08  3.16219552e-05  5.23765504e-08 -2.20029565e-04 
 5.24265504e-08 -3.08134529e-05  5.24265504e-08  2.14682009e-04 
 5.24765504e-08  3.03681165e-05  5.24765504e-08 -2.09275559e-04 
 5.25265504e-08 -2.95961880e-05  5.25265504e-08  2.04245994e-04 
 5.25765504e-08  2.91798366e-05  5.25765504e-08 -1.99159466e-04 
 5.26265504e-08 -2.84462975e-05  5.26265504e-08  1.94412227e-04 
 5.26765504e-08  2.80607234e-05  5.26765504e-08 -1.89611226e-04 
 5.27265504e-08 -2.73654104e-05  5.27265504e-08  1.85118779e-04 
 5.27765504e-08  2.70106574e-05  5.27765504e-08 -1.80576281e-04 
 5.28265504e-08 -2.63521629e-05  5.28265504e-08  1.76316762e-04 
 5.28765504e-08  2.60271738e-05  5.28765504e-08 -1.72010951e-04 
 5.29265504e-08 -2.54033615e-05  5.29265504e-08  1.67966482e-04 
 5.29765504e-08  2.51064317e-05  5.29765504e-08 -1.63879251e-04 
 5.30265504e-08 -2.45147904e-05  5.30265504e-08  1.60034781e-04 
 5.30765504e-08  2.42438796e-05  5.30765504e-08 -1.56150705e-04 
 5.31265504e-08 -2.36817621e-05  5.31265504e-08  1.52493217e-04 
 5.31765504e-08  2.34347037e-05  5.31765504e-08 -1.48798847e-04 
 5.32265504e-08 -2.28994826e-05  5.32265504e-08  1.45316820e-04 
 5.32765504e-08  2.26741201e-05  5.32765504e-08 -1.41800194e-04 
 5.33265504e-08 -2.21632850e-05  5.33265504e-08  1.38483242e-04 
 5.33765504e-08  2.19575571e-05  5.33765504e-08 -1.35133553e-04 
 5.34265504e-08 -2.14687704e-05  5.34265504e-08  1.31972177e-04 
 5.34765504e-08  2.12807600e-05  5.34765504e-08 -1.28779545e-04 
 5.35265504e-08 -2.08118849e-05  5.35265504e-08  1.25764967e-04 
 5.35765504e-08  2.06398436e-05  5.35765504e-08 -1.22720277e-04 
 5.36265504e-08 -2.01889533e-05  5.36265504e-08  1.19844329e-04 
 5.36765504e-08  2.00313094e-05  5.36765504e-08 -1.16939123e-04 
 5.37265504e-08 -1.95966837e-05  5.37265504e-08  1.14194166e-04 
 5.37765504e-08  1.94520396e-05  5.37765504e-08 -1.11420560e-04 
 5.38265504e-08 -1.90321549e-05  5.38265504e-08  1.08799430e-04 
 5.38765504e-08  1.88992778e-05  5.38765504e-08 -1.06150056e-04 
 5.39265504e-08 -1.84927917e-05  5.39265504e-08  1.03646021e-04 
 5.39765504e-08  1.83706008e-05  5.39765504e-08 -1.01113982e-04 
 5.40265504e-08 -1.79763354e-05  5.40265504e-08  9.87207130e-05 
 5.40765504e-08  1.78638876e-05  5.40765504e-08 -9.62995471e-05 
 5.41265504e-08 -1.74808121e-05  5.41265504e-08  9.40110913e-05 
 5.41765504e-08  1.73772866e-05  5.41765504e-08 -9.16947390e-05 
 5.42265504e-08 -1.70045000e-05  5.42265504e-08  8.95054973e-05 
 5.42765504e-08  1.69091842e-05  5.42765504e-08 -8.72882768e-05 
 5.43265504e-08 -1.65458992e-05  5.43265504e-08  8.51929840e-05 
 5.43765504e-08  1.64581743e-05  5.43765504e-08 -8.30695666e-05 
 5.44265504e-08 -1.61037030e-05  5.44265504e-08  8.10632722e-05 
 5.44765504e-08  1.60230317e-05  5.44765504e-08 -7.90286602e-05 
 5.45265504e-08 -1.56767718e-05  5.45265504e-08  7.71067113e-05 
 5.45765504e-08  1.56026868e-05  5.45765504e-08 -7.51562175e-05 
 5.46265504e-08 -1.52641096e-05  5.46265504e-08  7.33142414e-05 
 5.46765504e-08  1.51962039e-05  5.46765504e-08 -7.14434693e-05 
 5.47265504e-08 -1.48648444e-05  5.47265504e-08  6.96773574e-05 
 5.47765504e-08  1.48027618e-05  5.47765504e-08 -6.78821830e-05 
 5.48265504e-08 -1.44782090e-05  5.48265504e-08  6.61880746e-05 
 5.48765504e-08  1.44216371e-05  5.48765504e-08 -6.44646286e-05 
 5.49265504e-08 -1.41035266e-05  5.49265504e-08  6.28388962e-05 
 5.49765504e-08  1.40521897e-05  5.49765504e-08 -6.11835475e-05 
 5.50265504e-08 -1.37401966e-05  5.50265504e-08  5.96227818e-05 
 5.50765504e-08  1.36938503e-05  5.50765504e-08 -5.80321218e-05 
 5.51265504e-08 -1.33876836e-05  5.51265504e-08  5.65331181e-05 
 5.51765504e-08  1.33461098e-05  5.51765504e-08 -5.50039457e-05 
 5.52265504e-08 -1.30455073e-05  5.52265504e-08  5.35636906e-05 
 5.52765504e-08  1.30085103e-05  5.52765504e-08 -5.20929984e-05 
 5.53265504e-08 -1.27132345e-05  5.53265504e-08  5.07086575e-05 
 5.53765504e-08  1.26806374e-05  5.53765504e-08 -4.92936186e-05 
 5.54265504e-08 -1.23904720e-05  5.54265504e-08  4.79625244e-05 
 5.54765504e-08  1.23621137e-05  5.54765504e-08 -4.66004802e-05 
 5.55265504e-08 -1.20768604e-05  5.55265504e-08  4.53201212e-05 
 5.55765504e-08  1.20525937e-05  5.55765504e-08 -4.40085698e-05 
 5.56265504e-08 -1.17720698e-05  5.56265504e-08  4.27765802e-05 
 5.56765504e-08  1.17517586e-05  5.56765504e-08 -4.15131659e-05 
 5.57265504e-08 -1.14757949e-05  5.57265504e-08  4.03273159e-05 
 5.57765504e-08  1.14593130e-05  5.57765504e-08 -3.91098192e-05 
 5.58265504e-08 -1.11877518e-05  5.58265504e-08  3.79680057e-05 
 5.58765504e-08  1.11749814e-05  5.58765504e-08 -3.67943341e-05 
 5.59265504e-08 -1.09076753e-05  5.59265504e-08  3.56945726e-05 
 5.59765504e-08  1.08985058e-05  5.59765504e-08 -3.45627518e-05 
 5.60265504e-08 -1.06353162e-05  5.60265504e-08  3.35031684e-05 
 5.60765504e-08  1.06296430e-05  5.60765504e-08 -3.24113348e-05 
 5.61265504e-08 -1.03704390e-05  5.61265504e-08  3.13901589e-05 
 5.61765504e-08  1.03681631e-05  5.61765504e-08 -3.03365518e-05 
 5.62265504e-08 -1.01128208e-05  5.62265504e-08  2.93521094e-05 
 5.62765504e-08  1.01138478e-05  5.62765504e-08 -2.83350645e-05 
 5.63265504e-08 -9.86224940e-06  5.63265504e-08  2.73857719e-05 
 5.63765504e-08  9.86648917e-06  5.63765504e-08 -2.64037147e-05 
 5.64265504e-08 -9.61852232e-06  5.64265504e-08  2.54880727e-05 
 5.64765504e-08  9.62588828e-06  5.64765504e-08 -2.45395130e-05 
 5.65265504e-08 -9.38144561e-06  5.65265504e-08  2.36561014e-05 
 5.65765504e-08  9.39185452e-06  5.65765504e-08 -2.27396275e-05 
 5.66265504e-08 -9.15083316e-06  5.66265504e-08  2.18871003e-05 
 5.66765504e-08  9.16420477e-06  5.66765504e-08 -2.10013744e-05 
 5.67265504e-08 -8.92650593e-06  5.67265504e-08  2.01784549e-05 
 5.67765504e-08  8.94276271e-06  5.67765504e-08 -1.93222083e-05 
 5.68265504e-08 -8.70829137e-06  5.68265504e-08  1.85276850e-05 
 5.68765504e-08  8.72735824e-06  5.68765504e-08 -1.76997136e-05 
 5.69265504e-08 -8.49602282e-06  5.69265504e-08  1.69324362e-05 
 5.69765504e-08  8.51782702e-06  5.69765504e-08 -1.61315967e-05 
 5.70265504e-08 -8.28953920e-06  5.70265504e-08  1.53904723e-05 
 5.70765504e-08  8.31401010e-06  5.70765504e-08 -1.46156785e-05 
 5.71265504e-08 -8.08868457e-06  5.71265504e-08  1.38996681e-05 
 5.71765504e-08  8.11575356e-06  5.71765504e-08 -1.31498876e-05 
 5.72265504e-08 -7.89330781e-06  5.72265504e-08  1.24580031e-05 
 5.72765504e-08  7.92290815e-06  5.72765504e-08 -1.17322537e-05 
 5.73265504e-08 -7.70326234e-06  5.73265504e-08  1.10635547e-05 
 5.73765504e-08  7.73532911e-06  5.73765504e-08 -1.03609019e-05 
 5.74265504e-08 -7.51840591e-06  5.74265504e-08  9.71449316e-06 
 5.74765504e-08  7.55287587e-06  5.74765504e-08 -9.03404707e-06 
 5.75265504e-08 -7.33860037e-06  5.75265504e-08  8.40907576e-06 
 5.75765504e-08  7.37541194e-06  5.75765504e-08 -7.74998875e-06 
 5.76265504e-08 -7.16371145e-06  5.76265504e-08  7.14564203e-06 
 5.76765504e-08  7.20280460e-06  5.76765504e-08 -6.50710623e-06 
 5.77265504e-08 -6.99360864e-06  5.77265504e-08  5.92260912e-06 
 5.77765504e-08  7.03492485e-06  5.77765504e-08 -5.30385422e-06 
 5.78265504e-08 -6.82816499e-06  5.78265504e-08  4.73846743e-06 
 5.78765504e-08  6.87164723e-06  5.78765504e-08 -4.13875855e-06 
 5.79265504e-08 -6.66725705e-06  5.79265504e-08  3.59177654e-06 
 5.79765504e-08  6.71284968e-06  5.79765504e-08 -3.01041236e-06 
 5.80265504e-08 -6.51076467e-06  5.80265504e-08  2.48116152e-06 
 5.80765504e-08  6.55841343e-06  5.80765504e-08 -1.91747240e-06 
 5.81265504e-08 -6.35857089e-06  5.81265504e-08  1.40530934e-06 
 5.81765504e-08  6.40822286e-06  5.81765504e-08 -8.58655660e-07 
 5.82265504e-08 -6.21056191e-06  5.82265504e-08  3.62965572e-07 
 5.82765504e-08  6.26216546e-06  5.82765504e-08  1.67263904e-07 
 5.83265504e-08 -6.06662690e-06  5.83265504e-08 -6.47068728e-07 
 5.83765504e-08  6.12013166e-06  5.83765504e-08  1.16145830e-06 
 5.84265504e-08 -5.92665796e-06  5.84265504e-08 -1.62593987e-06 
 5.84765504e-08  5.98201482e-06  5.84765504e-08  2.12504833e-06 
 5.85265504e-08 -5.79055002e-06  5.85265504e-08 -2.57474429e-06 
 5.85765504e-08  5.84771102e-06  5.85765504e-08  3.05910623e-06 
 5.86265504e-08 -5.65820075e-06  5.86265504e-08 -3.49453111e-06 
 5.86765504e-08  5.71711914e-06  5.86765504e-08  3.96465816e-06 
 5.87265504e-08 -5.52951050e-06  5.87265504e-08 -4.38630457e-06 
 5.87765504e-08  5.59014066e-06  5.87765504e-08  4.84268657e-06 
 5.88265504e-08 -5.40438220e-06  5.88265504e-08 -5.25102621e-06 
 5.88765504e-08  5.46667963e-06  5.88765504e-08  5.69413228e-06 
 5.89265504e-08 -5.28272131e-06  5.89265504e-08 -6.08961710e-06 
 5.89765504e-08  5.34664261e-06  5.89765504e-08  6.51989668e-06 
 5.90265504e-08 -5.16443577e-06  5.90265504e-08 -6.90295974e-06 
 5.90765504e-08  5.22993859e-06  5.90765504e-08  7.32084357e-06 
 5.91265504e-08 -5.04943586e-06  5.91265504e-08 -7.69190008e-06 
 5.91765504e-08  5.11647890e-06  5.91765504e-08  8.09780111e-06 
 5.92265504e-08 -4.93763424e-06  5.92265504e-08 -8.45724917e-06 
 5.92765504e-08  5.00617720e-06  5.92765504e-08  8.85156341e-06 
 5.93265504e-08 -4.82894577e-06  5.93265504e-08 -9.19978493e-06 
 5.93765504e-08  4.89894938e-06  5.93765504e-08  9.58289227e-06 
 5.94265504e-08 -4.72328758e-06  5.94265504e-08 -9.92025370e-06 
 5.94765504e-08  4.79471351e-06  5.94765504e-08  1.02925187e-05 
 5.95265504e-08 -4.62057890e-06  5.95265504e-08 -1.06193718e-05 
 5.95765504e-08  4.69338977e-06  5.95765504e-08  1.09811443e-05 
 5.96265504e-08 -4.52074108e-06  5.96265504e-08 -1.12978268e-05 
 5.96765504e-08  4.59490046e-06  5.96765504e-08  1.16494429e-05 
 5.97265504e-08 -4.42369750e-06  5.97265504e-08 -1.19562790e-05 
 5.97765504e-08  4.49916984e-06  5.97765504e-08  1.22980614e-05 
 5.98265504e-08 -4.32937353e-06  5.98265504e-08 -1.25953628e-05 
 5.98765504e-08  4.40612417e-06  5.98765504e-08  1.29276215e-05 
 5.99265504e-08 -4.23769644e-06  5.99265504e-08 -1.32156876e-05 
 5.99632752e-08  4.29962530e-06  5.99632752e-08  1.36472579e-05 
 6.00000000e-08 -4.11699437e-06  6.00000000e-08 -1.40311304e-05 
 6.00050000e-08  5.18806186e-04  6.00050000e-08  6.12635984e-03 
 6.00150000e-08  4.39260034e-04  6.00150000e-08  7.28969078e-03 
 6.00350000e-08 -1.01817703e-06  6.00350000e-08  2.50325147e-03 
 6.00750000e-08  2.84397812e-04  6.00750000e-08  1.52749645e-03 
 6.01250000e-08 -1.64704552e-03  6.01250000e-08 -1.65212954e-02 
 6.01625000e-08 -3.49696117e-02  6.01625000e-08 -6.52410188e-02 
 6.02000000e-08  6.79842910e-01  6.02000000e-08 -3.55769423e-02 
 6.02050000e-08  8.77177056e-01  6.02050000e-08  7.53338706e-03 
 6.02150000e-08  1.12084849e+00  6.02150000e-08  1.28537857e-01 
 6.02350000e-08  1.20174388e+00  6.02350000e-08  8.72588974e-01 
 6.02689308e-08  1.19382472e+00  6.02689308e-08  2.76299422e+00 
 6.03044057e-08  1.20496390e+00  6.03044057e-08  3.25617701e+00 
 6.03454223e-08  1.19607463e+00  6.03454223e-08  3.24022115e+00 
 6.03954223e-08  1.20320055e+00  6.03954223e-08  3.29945566e+00 
 6.04454223e-08  1.19738289e+00  6.04454223e-08  3.28703910e+00 
 6.04954223e-08  1.20213080e+00  6.04954223e-08  3.30436719e+00 
 6.05454223e-08  1.19826050e+00  6.05454223e-08  3.29511020e+00 
 6.05954223e-08  1.20141578e+00  6.05954223e-08  3.30313584e+00 
 6.06454223e-08  1.19884567e+00  6.06454223e-08  3.29735042e+00 
 6.06954223e-08  1.20093883e+00  6.06954223e-08  3.30202601e+00 
 6.07454223e-08  1.19923563e+00  6.07454223e-08  3.29836250e+00 
 6.07954223e-08  1.20062094e+00  6.07954223e-08  3.30129753e+00 
 6.08454223e-08  1.19949529e+00  6.08454223e-08  3.29896954e+00 
 6.08954223e-08  1.20040933e+00  6.08954223e-08  3.30080734e+00 
 6.09454223e-08  1.19966794e+00  6.09454223e-08  3.29937879e+00 
 6.09954223e-08  1.20026873e+00  6.09954223e-08  3.30046546e+00 
 6.10454223e-08  1.19978250e+00  6.10454223e-08  3.29966617e+00 
 6.10954223e-08  1.20017556e+00  6.10954223e-08  3.30022337e+00 
 6.11454223e-08  1.19985834e+00  6.11454223e-08  3.29987003e+00 
 6.11954223e-08  1.20011410e+00  6.11954223e-08  3.30005238e+00 
 6.12454223e-08  1.19990823e+00  6.12454223e-08  3.30001373e+00 
 6.12954223e-08  1.20007364e+00  6.12954223e-08  3.29993241e+00 
 6.13454223e-08  1.19994092e+00  6.13454223e-08  3.30011341e+00 
 6.13954223e-08  1.20004723e+00  6.13954223e-08  3.29985002e+00 
 6.14454223e-08  1.19996218e+00  6.14454223e-08  3.30018087e+00 
 6.14954223e-08  1.20003013e+00  6.14954223e-08  3.29979518e+00 
 6.15454223e-08  1.19997586e+00  6.15454223e-08  3.30022475e+00 
 6.15954223e-08  1.20001920e+00  6.15954223e-08  3.29976049e+00 
 6.16454223e-08  1.19998455e+00  6.16454223e-08  3.30025146e+00 
 6.16954223e-08  1.20001233e+00  6.16954223e-08  3.29974026e+00 
 6.17454223e-08  1.19998995e+00  6.17454223e-08  3.30026570e+00 
 6.17954223e-08  1.20000812e+00  6.17954223e-08  3.29973078e+00 
 6.18454223e-08  1.19999321e+00  6.18454223e-08  3.30027110e+00 
 6.18954223e-08  1.20000562e+00  6.18954223e-08  3.29972875e+00 
 6.19454223e-08  1.19999508e+00  6.19454223e-08  3.30027026e+00 
 6.19727112e-08  1.20000388e+00  6.19727112e-08  3.29973436e+00 
 6.20000000e-08  1.19999649e+00  6.20000000e-08  3.30025860e+00 
 6.20050000e-08  1.19999955e+00  6.20050000e-08  3.30000788e+00 
 6.20150000e-08  1.20000040e+00  6.20150000e-08  3.29999141e+00 
 6.20350000e-08  1.19999977e+00  6.20350000e-08  3.30001259e+00 
 6.20750000e-08  1.19999983e+00  6.20750000e-08  3.29998789e+00 
 6.21250000e-08  1.20000032e+00  6.21250000e-08  3.30001037e+00 
 6.21625000e-08  1.19999906e+00  6.21625000e-08  3.29998691e+00 
 6.22000000e-08  1.20000168e+00  6.22000000e-08  3.30001505e+00 
 6.22050000e-08  1.19999966e+00  6.22050000e-08  3.30000707e+00 
 6.22150000e-08  1.19999824e+00  6.22150000e-08  3.30000006e+00 
 6.22350000e-08  1.20000143e+00  6.22350000e-08  3.30000108e+00 
 6.22750000e-08  1.19999892e+00  6.22750000e-08  3.29999717e+00 
 6.23250000e-08  1.20000064e+00  6.23250000e-08  3.30000115e+00 
 6.23750000e-08  1.19999958e+00  6.23750000e-08  3.29999953e+00 
 6.24250000e-08  1.20000007e+00  6.24250000e-08  3.30000050e+00 
 6.24750000e-08  1.20000003e+00  6.24750000e-08  3.29999962e+00 
 6.25250000e-08  1.19999973e+00  6.25250000e-08  3.30000028e+00 
 6.25750000e-08  1.20000026e+00  6.25750000e-08  3.29999979e+00 
 6.26250000e-08  1.19999959e+00  6.26250000e-08  3.30000012e+00 
 6.26750000e-08  1.20000034e+00  6.26750000e-08  3.29999994e+00 
 6.27250000e-08  1.19999957e+00  6.27250000e-08  3.29999998e+00 
 6.27750000e-08  1.20000032e+00  6.27750000e-08  3.30000006e+00 
 6.28250000e-08  1.19999960e+00  6.28250000e-08  3.29999988e+00 
 6.28750000e-08  1.20000028e+00  6.28750000e-08  3.30000014e+00 
 6.29250000e-08  1.19999966e+00  6.29250000e-08  3.29999981e+00 
 6.29750000e-08  1.20000022e+00  6.29750000e-08  3.30000021e+00 
 6.30250000e-08  1.19999971e+00  6.30250000e-08  3.29999976e+00 
 6.30750000e-08  1.20000016e+00  6.30750000e-08  3.30000025e+00 
 6.31250000e-08  1.19999977e+00  6.31250000e-08  3.29999972e+00 
 6.31750000e-08  1.20000012e+00  6.31750000e-08  3.30000028e+00 
 6.32250000e-08  1.19999981e+00  6.32250000e-08  3.29999970e+00 
 6.32750000e-08  1.20000008e+00  6.32750000e-08  3.30000029e+00 
 6.33250000e-08  1.19999984e+00  6.33250000e-08  3.29999969e+00 
 6.33750000e-08  1.20000005e+00  6.33750000e-08  3.30000030e+00 
 6.34250000e-08  1.19999987e+00  6.34250000e-08  3.29999969e+00 
 6.34750000e-08  1.20000002e+00  6.34750000e-08  3.30000030e+00 
 6.35250000e-08  1.19999989e+00  6.35250000e-08  3.29999969e+00 
 6.35750000e-08  1.20000001e+00  6.35750000e-08  3.30000029e+00 
 6.36250000e-08  1.19999990e+00  6.36250000e-08  3.29999970e+00 
 6.36750000e-08  1.20000000e+00  6.36750000e-08  3.30000029e+00 
 6.37250000e-08  1.19999991e+00  6.37250000e-08  3.29999971e+00 
 6.37750000e-08  1.19999999e+00  6.37750000e-08  3.30000028e+00 
 6.38250000e-08  1.19999992e+00  6.38250000e-08  3.29999972e+00 
 6.38750000e-08  1.19999998e+00  6.38750000e-08  3.30000026e+00 
 6.39250000e-08  1.19999993e+00  6.39250000e-08  3.29999973e+00 
 6.39750000e-08  1.19999997e+00  6.39750000e-08  3.30000025e+00 
 6.40250000e-08  1.19999993e+00  6.40250000e-08  3.29999974e+00 
 6.40750000e-08  1.19999997e+00  6.40750000e-08  3.30000024e+00 
 6.41250000e-08  1.19999993e+00  6.41250000e-08  3.29999976e+00 
 6.41750000e-08  1.19999997e+00  6.41750000e-08  3.30000022e+00 
 6.42250000e-08  1.19999994e+00  6.42250000e-08  3.29999977e+00 
 6.42750000e-08  1.19999997e+00  6.42750000e-08  3.30000021e+00 
 6.43250000e-08  1.19999994e+00  6.43250000e-08  3.29999978e+00 
 6.43750000e-08  1.19999996e+00  6.43750000e-08  3.30000020e+00 
 6.44250000e-08  1.19999994e+00  6.44250000e-08  3.29999980e+00 
 6.44750000e-08  1.19999996e+00  6.44750000e-08  3.30000019e+00 
 6.45250000e-08  1.19999994e+00  6.45250000e-08  3.29999981e+00 
 6.45750000e-08  1.19999996e+00  6.45750000e-08  3.30000017e+00 
 6.46250000e-08  1.19999994e+00  6.46250000e-08  3.29999982e+00 
 6.46750000e-08  1.19999996e+00  6.46750000e-08  3.30000016e+00 
 6.47250000e-08  1.19999994e+00  6.47250000e-08  3.29999983e+00 
 6.47750000e-08  1.19999996e+00  6.47750000e-08  3.30000015e+00 
 6.48250000e-08  1.19999994e+00  6.48250000e-08  3.29999984e+00 
 6.48750000e-08  1.19999996e+00  6.48750000e-08  3.30000014e+00 
 6.49250000e-08  1.19999994e+00  6.49250000e-08  3.29999985e+00 
 6.49750000e-08  1.19999996e+00  6.49750000e-08  3.30000013e+00 
 6.50250000e-08  1.19999994e+00  6.50250000e-08  3.29999986e+00 
 6.50750000e-08  1.19999996e+00  6.50750000e-08  3.30000012e+00 
 6.51250000e-08  1.19999994e+00  6.51250000e-08  3.29999987e+00 
 6.51750000e-08  1.19999996e+00  6.51750000e-08  3.30000011e+00 
 6.52250000e-08  1.19999994e+00  6.52250000e-08  3.29999988e+00 
 6.52750000e-08  1.19999996e+00  6.52750000e-08  3.30000010e+00 
 6.53250000e-08  1.19999995e+00  6.53250000e-08  3.29999989e+00 
 6.53750000e-08  1.19999996e+00  6.53750000e-08  3.30000010e+00 
 6.54250000e-08  1.19999995e+00  6.54250000e-08  3.29999990e+00 
 6.54750000e-08  1.19999996e+00  6.54750000e-08  3.30000009e+00 
 6.55250000e-08  1.19999995e+00  6.55250000e-08  3.29999990e+00 
 6.55750000e-08  1.19999996e+00  6.55750000e-08  3.30000008e+00 
 6.56250000e-08  1.19999995e+00  6.56250000e-08  3.29999991e+00 
 6.56750000e-08  1.19999996e+00  6.56750000e-08  3.30000007e+00 
 6.57250000e-08  1.19999995e+00  6.57250000e-08  3.29999992e+00 
 6.57750000e-08  1.19999996e+00  6.57750000e-08  3.30000007e+00 
 6.58250000e-08  1.19999995e+00  6.58250000e-08  3.29999992e+00 
 6.58750000e-08  1.19999996e+00  6.58750000e-08  3.30000006e+00 
 6.59250000e-08  1.19999995e+00  6.59250000e-08  3.29999993e+00 
 6.59750000e-08  1.19999996e+00  6.59750000e-08  3.30000006e+00 
 6.60250000e-08  1.19999995e+00  6.60250000e-08  3.29999993e+00 
 6.60750000e-08  1.19999996e+00  6.60750000e-08  3.30000005e+00 
 6.61250000e-08  1.19999995e+00  6.61250000e-08  3.29999994e+00 
 6.61750000e-08  1.19999996e+00  6.61750000e-08  3.30000005e+00 
 6.62250000e-08  1.19999995e+00  6.62250000e-08  3.29999994e+00 
 6.62750000e-08  1.19999996e+00  6.62750000e-08  3.30000004e+00 
 6.63250000e-08  1.19999995e+00  6.63250000e-08  3.29999995e+00 
 6.63750000e-08  1.19999996e+00  6.63750000e-08  3.30000004e+00 
 6.64250000e-08  1.19999995e+00  6.64250000e-08  3.29999995e+00 
 6.64750000e-08  1.19999996e+00  6.64750000e-08  3.30000003e+00 
 6.65250000e-08  1.19999995e+00  6.65250000e-08  3.29999995e+00 
 6.65750000e-08  1.19999996e+00  6.65750000e-08  3.30000003e+00 
 6.66250000e-08  1.19999995e+00  6.66250000e-08  3.29999996e+00 
 6.66750000e-08  1.19999996e+00  6.66750000e-08  3.30000003e+00 
 6.67250000e-08  1.19999995e+00  6.67250000e-08  3.29999996e+00 
 6.67750000e-08  1.19999996e+00  6.67750000e-08  3.30000002e+00 
 6.68250000e-08  1.19999995e+00  6.68250000e-08  3.29999996e+00 
 6.68750000e-08  1.19999996e+00  6.68750000e-08  3.30000002e+00 
 6.69250000e-08  1.19999995e+00  6.69250000e-08  3.29999997e+00 
 6.69750000e-08  1.19999995e+00  6.69750000e-08  3.30000002e+00 
 6.70250000e-08  1.19999995e+00  6.70250000e-08  3.29999997e+00 
 6.70750000e-08  1.19999995e+00  6.70750000e-08  3.30000002e+00 
 6.71250000e-08  1.19999995e+00  6.71250000e-08  3.29999997e+00 
 6.71750000e-08  1.19999995e+00  6.71750000e-08  3.30000001e+00 
 6.72250000e-08  1.19999995e+00  6.72250000e-08  3.29999998e+00 
 6.72750000e-08  1.19999995e+00  6.72750000e-08  3.30000001e+00 
 6.73250000e-08  1.19999995e+00  6.73250000e-08  3.29999998e+00 
 6.73750000e-08  1.19999995e+00  6.73750000e-08  3.30000001e+00 
 6.74250000e-08  1.19999995e+00  6.74250000e-08  3.29999998e+00 
 6.74750000e-08  1.19999995e+00  6.74750000e-08  3.30000001e+00 
 6.75250000e-08  1.19999995e+00  6.75250000e-08  3.29999998e+00 
 6.75750000e-08  1.19999995e+00  6.75750000e-08  3.30000000e+00 
 6.76250000e-08  1.19999995e+00  6.76250000e-08  3.29999998e+00 
 6.76750000e-08  1.19999995e+00  6.76750000e-08  3.30000000e+00 
 6.77250000e-08  1.19999995e+00  6.77250000e-08  3.29999999e+00 
 6.77750000e-08  1.19999995e+00  6.77750000e-08  3.30000000e+00 
 6.78250000e-08  1.19999995e+00  6.78250000e-08  3.29999999e+00 
 6.78750000e-08  1.19999995e+00  6.78750000e-08  3.30000000e+00 
 6.79250000e-08  1.19999995e+00  6.79250000e-08  3.29999999e+00 
 6.79750000e-08  1.19999995e+00  6.79750000e-08  3.30000000e+00 
 6.80250000e-08  1.19999995e+00  6.80250000e-08  3.29999999e+00 
 6.80750000e-08  1.19999995e+00  6.80750000e-08  3.30000000e+00 
 6.81250000e-08  1.19999995e+00  6.81250000e-08  3.29999999e+00 
 6.81750000e-08  1.19999995e+00  6.81750000e-08  3.30000000e+00 
 6.82250000e-08  1.19999995e+00  6.82250000e-08  3.29999999e+00 
 6.82750000e-08  1.19999995e+00  6.82750000e-08  3.29999999e+00 
 6.83250000e-08  1.19999995e+00  6.83250000e-08  3.29999999e+00 
 6.83750000e-08  1.19999995e+00  6.83750000e-08  3.29999999e+00 
 6.84250000e-08  1.19999995e+00  6.84250000e-08  3.30000000e+00 
 6.84750000e-08  1.19999995e+00  6.84750000e-08  3.29999999e+00 
 6.85250000e-08  1.19999995e+00  6.85250000e-08  3.30000000e+00 
 6.85750000e-08  1.19999995e+00  6.85750000e-08  3.29999999e+00 
 6.86250000e-08  1.19999995e+00  6.86250000e-08  3.30000000e+00 
 6.86750000e-08  1.19999995e+00  6.86750000e-08  3.29999999e+00 
 6.87250000e-08  1.19999995e+00  6.87250000e-08  3.30000000e+00 
 6.87750000e-08  1.19999995e+00  6.87750000e-08  3.29999999e+00 
 6.88250000e-08  1.19999995e+00  6.88250000e-08  3.30000000e+00 
 6.88750000e-08  1.19999995e+00  6.88750000e-08  3.29999999e+00 
 6.89250000e-08  1.19999995e+00  6.89250000e-08  3.30000000e+00 
 6.89750000e-08  1.19999995e+00  6.89750000e-08  3.29999999e+00 
 6.90250000e-08  1.19999995e+00  6.90250000e-08  3.30000000e+00 
 6.90750000e-08  1.19999995e+00  6.90750000e-08  3.29999999e+00 
 6.91250000e-08  1.19999995e+00  6.91250000e-08  3.30000000e+00 
 6.91750000e-08  1.19999995e+00  6.91750000e-08  3.29999999e+00 
 6.92250000e-08  1.19999995e+00  6.92250000e-08  3.30000000e+00 
 6.92750000e-08  1.19999995e+00  6.92750000e-08  3.29999999e+00 
 6.93250000e-08  1.19999995e+00  6.93250000e-08  3.30000000e+00 
 6.93750000e-08  1.19999995e+00  6.93750000e-08  3.29999998e+00 
 6.94250000e-08  1.19999995e+00  6.94250000e-08  3.30000000e+00 
 6.94750000e-08  1.19999995e+00  6.94750000e-08  3.29999998e+00 
 6.95250000e-08  1.19999995e+00  6.95250000e-08  3.30000000e+00 
 6.95750000e-08  1.19999995e+00  6.95750000e-08  3.29999998e+00 
 6.96250000e-08  1.19999995e+00  6.96250000e-08  3.30000000e+00 
 6.96750000e-08  1.19999995e+00  6.96750000e-08  3.29999998e+00 
 6.97250000e-08  1.19999995e+00  6.97250000e-08  3.30000000e+00 
 6.97750000e-08  1.19999995e+00  6.97750000e-08  3.29999998e+00 
 6.98250000e-08  1.19999995e+00  6.98250000e-08  3.30000000e+00 
 6.98750000e-08  1.19999995e+00  6.98750000e-08  3.29999998e+00 
 6.99250000e-08  1.19999995e+00  6.99250000e-08  3.30000001e+00 
 6.99625000e-08  1.19999995e+00  6.99625000e-08  3.29999998e+00 
 7.00000000e-08  1.19999995e+00  7.00000000e-08  3.30000001e+00 
 7.00050000e-08  1.19929440e+00  7.00050000e-08  3.29693681e+00 
 7.00150000e-08  1.19912145e+00  7.00150000e-08  3.29470560e+00 
 7.00350000e-08  1.19990390e+00  7.00350000e-08  3.29545996e+00 
 7.00750000e-08  1.19986068e+00  7.00750000e-08  3.30063956e+00 
 7.01250000e-08  1.21108591e+00  7.01250000e-08  3.35422442e+00 
 7.01625000e-08  1.24634447e+00  7.01625000e-08  3.41719027e+00 
 7.02000000e-08  3.88848848e-01  7.02000000e-08  3.29795971e+00 
 7.02050000e-08  1.78942299e-01  7.02050000e-08  3.24412300e+00 
 7.02150000e-08  6.67650116e-03  7.02150000e-08  3.04274697e+00 
 7.02350000e-08  9.17958529e-03  7.02350000e-08  1.39292528e+00 
 7.02621188e-08 -5.84578150e-03  7.02621188e-08  3.95780476e-02 
 7.02914342e-08  4.95781938e-03  7.02914342e-08  2.11427985e-02 
 7.03310365e-08 -4.31168722e-03  7.03310365e-08 -3.62429636e-03 
 7.03732995e-08  3.83548775e-03  7.03732995e-08  3.39267472e-03 
 7.04232995e-08 -3.44238560e-03  7.04232995e-08 -1.96910962e-03 
 7.04732995e-08  3.11349891e-03  7.04732995e-08  9.87207227e-04 
 7.05232995e-08 -2.80005247e-03  7.05232995e-08 -1.55742705e-04 
 7.05732995e-08  2.53170671e-03  7.05732995e-08 -4.96296561e-04 
 7.06232995e-08 -2.28072710e-03  7.06232995e-08  1.04148208e-03 
 7.06732995e-08  2.06310024e-03  7.06732995e-08 -1.46881676e-03 
 7.07232995e-08 -1.86185330e-03  7.07232995e-08  1.82672560e-03 
 7.07732995e-08  1.68578109e-03  7.07732995e-08 -2.10268849e-03 
 7.08232995e-08 -1.52421262e-03  7.08232995e-08  2.33478470e-03 
 7.08732995e-08  1.38190508e-03  7.08732995e-08 -2.50821813e-03 
 7.09232995e-08 -1.25203575e-03  7.09232995e-08  2.65455490e-03 
 7.09732995e-08  1.13706152e-03  7.09732995e-08 -2.75798049e-03 
 7.10232995e-08 -1.03254987e-03  7.10232995e-08  2.84521461e-03 
 7.10732995e-08  9.39660697e-04  7.10732995e-08 -2.90047185e-03 
 7.11232995e-08 -8.55458290e-04  7.11232995e-08  2.94661094e-03 
 7.11732995e-08  7.80394509e-04  7.11732995e-08 -2.96852333e-03 
 7.12232995e-08 -7.12474925e-04  7.12232995e-08  2.98589386e-03 
 7.12732995e-08  6.51789066e-04  7.12732995e-08 -2.98463734e-03 
 7.13232995e-08 -5.96935672e-04  7.13232995e-08  2.98178399e-03 
 7.13732995e-08  5.47842274e-04  7.13732995e-08 -2.96442412e-03 
 7.14232995e-08 -5.03481730e-04  7.14232995e-08  2.94734264e-03 
 7.14732995e-08  4.63732644e-04  7.14732995e-08 -2.91884015e-03 
 7.15232995e-08 -4.27803859e-04  7.15232995e-08  2.89178707e-03 
 7.15732995e-08  3.95585939e-04  7.15732995e-08 -2.85566154e-03 
 7.16232995e-08 -3.66139220e-04  7.16232995e-08  2.81794463e-03 
 7.16732995e-08  3.40612453e-04  7.16732995e-08 -2.78509584e-03 
 7.17232995e-08 -3.16312119e-04  7.17232995e-08  2.73811422e-03 
 7.17732995e-08  2.95631550e-04  7.17732995e-08 -2.70123020e-03 
 7.18232995e-08 -2.75770804e-04  7.18232995e-08  2.65215332e-03 
 7.18732995e-08  2.58983931e-04  7.18732995e-08 -2.61248512e-03 
 7.19232995e-08 -2.42707691e-04  7.19232995e-08  2.56237293e-03 
 7.19732995e-08  2.29051774e-04  7.19732995e-08 -2.52095479e-03 
 7.20232995e-08 -2.15669964e-04  7.20232995e-08  2.47058595e-03 
 7.20732995e-08  2.04533347e-04  7.20732995e-08 -2.42819995e-03 
 7.21232995e-08 -1.93489247e-04  7.21232995e-08  2.37814167e-03 
 7.21732995e-08  1.84381016e-04  7.21732995e-08 -2.33537907e-03 
 7.22232995e-08 -1.75225655e-04  7.22232995e-08  2.28604151e-03 
 7.22732995e-08  1.67751546e-04  7.22732995e-08 -2.24334884e-03 
 7.23232995e-08 -1.60122952e-04  7.23232995e-08  2.19502535e-03 
 7.23732995e-08  1.53966161e-04  7.23732995e-08 -2.15273895e-03 
 7.24232995e-08 -1.47572556e-04  7.24232995e-08  2.10563573e-03 
 7.24732995e-08  1.42478411e-04  7.24732995e-08 -2.06400758e-03 
 7.25232995e-08 -1.37084622e-04  7.25232995e-08  2.01826564e-03 
 7.25732995e-08  1.32848321e-04  7.25732995e-08 -1.97748281e-03 
 7.26232995e-08 -1.28264807e-04  7.26232995e-08  1.93319426e-03 
 7.26732995e-08  1.24721601e-04  7.26732995e-08 -1.89339365e-03 
 7.27232995e-08 -1.20795593e-04  7.27232995e-08  1.85061383e-03 
 7.27732995e-08  1.17812915e-04  7.27732995e-08 -1.81189339e-03 
 7.28232995e-08 -1.14421268e-04  7.28232995e-08  1.77065003e-03 
 7.28732995e-08  1.11892424e-04  7.28732995e-08 -1.73307734e-03 
 7.29232995e-08 -1.08935855e-04  7.29232995e-08  1.69337742e-03 
 7.29732995e-08  1.06774949e-04  7.29732995e-08 -1.65699638e-03 
 7.30232995e-08 -1.04173398e-04  7.30232995e-08  1.61883137e-03 
 7.30732995e-08  1.02311268e-04  7.30732995e-08 -1.58366734e-03 
 7.31232995e-08 -1.00000154e-04  7.31232995e-08  1.54701715e-03 
 7.31732995e-08  9.83810947e-05  7.31732995e-08 -1.51308101e-03 
 7.32232995e-08 -9.63083024e-05  7.32232995e-08  1.47791706e-03 
 7.32732995e-08  9.48874399e-05  7.32732995e-08 -1.44520837e-03 
 7.33232995e-08 -9.30108967e-05  7.33232995e-08  1.41149591e-03 
 7.33732995e-08  9.17520712e-05  7.33732995e-08 -1.38000541e-03 
 7.34232995e-08 -9.00377909e-05  7.34232995e-08  1.34770530e-03 
 7.34732995e-08  8.89118572e-05  7.34732995e-08 -1.31741689e-03 
 7.35232995e-08 -8.73323676e-05  7.35232995e-08  1.28648699e-03 
 7.35732995e-08  8.63158266e-05  7.35732995e-08 -1.25737931e-03 
 7.36232995e-08 -8.48489027e-05  7.36232995e-08  1.22777555e-03 
 7.36732995e-08  8.39228004e-05  7.36732995e-08 -1.19982324e-03 
 7.37232995e-08 -8.25504450e-05  7.37232995e-08  1.17150041e-03 
 7.37732995e-08  8.16994865e-05  7.37732995e-08 -1.14467512e-03 
 7.38232995e-08 -8.04071090e-05  7.38232995e-08  1.11758755e-03 
 7.38732995e-08  7.96189458e-05  7.38732995e-08 -1.09185872e-03 
 7.39232995e-08 -7.83947010e-05  7.39232995e-08  1.06596069e-03 
 7.39732995e-08  7.76593565e-05  7.39732995e-08 -1.04129625e-03 
 7.40232995e-08 -7.64936129e-05  7.40232995e-08  1.01654243e-03 
 7.40732995e-08  7.58030208e-05  7.40732995e-08 -9.92909245e-04 
 7.41232995e-08 -7.46879315e-05  7.41232995e-08  9.69254932e-04 
 7.41732995e-08  7.40355638e-05  7.41732995e-08 -9.46619293e-04 
 7.42232995e-08 -7.29647216e-05  7.42232995e-08  9.24020637e-04 
 7.42732995e-08  7.23452891e-05  7.42732995e-08 -9.02348554e-04 
 7.43232995e-08 -7.13134486e-05  7.43232995e-08  8.80762710e-04 
 7.43732995e-08  7.07226597e-05  7.43732995e-08 -8.60020201e-04 
 7.44232995e-08 -6.97255136e-05  7.44232995e-08  8.39405440e-04 
 7.44732995e-08  6.91598804e-05  7.44732995e-08 -8.19558739e-04 
 7.45232995e-08 -6.81938789e-05  7.45232995e-08  7.99874532e-04 
 7.45732995e-08  6.76505609e-05  7.45732995e-08 -7.80890267e-04 
 7.46232995e-08 -6.67127666e-05  7.46232995e-08  7.62097336e-04 
 7.46732995e-08  6.61894446e-05  7.46732995e-08 -7.43942662e-04 
 7.47232995e-08 -6.52774156e-05  7.47232995e-08  7.26003012e-04 
 7.47732995e-08  6.47721909e-05  7.47732995e-08 -7.08645722e-04 
 7.48232995e-08 -6.38838862e-05  7.48232995e-08  6.91522658e-04 
 7.48732995e-08  6.33951986e-05  7.48732995e-08 -6.74931263e-04 
 7.49232995e-08 -6.25289023e-05  7.49232995e-08  6.58589393e-04 
 7.49732995e-08  6.20554643e-05  7.49732995e-08 -6.42733189e-04 
 7.50232995e-08 -6.12097245e-05  7.50232995e-08  6.27138417e-04 
 7.50732995e-08  6.07504689e-05  7.50732995e-08 -6.11987533e-04 
 7.51232995e-08 -5.99240478e-05  7.51232995e-08  5.97107046e-04 
 7.51732995e-08  5.94780846e-05  7.51732995e-08 -5.82632472e-04 
 7.52232995e-08 -5.86699191e-05  7.52232995e-08  5.68434721e-04 
 7.52732995e-08  5.82365018e-05  7.52732995e-08 -5.54608337e-04 
 7.53232995e-08 -5.74456711e-05  7.53232995e-08  5.41063008e-04 
 7.53732995e-08  5.70241685e-05  7.53732995e-08 -5.27857597e-04 
 7.54232995e-08 -5.62498683e-05  7.54232995e-08  5.14935586e-04 
 7.54732995e-08  5.58397425e-05  7.54732995e-08 -5.02324837e-04 
 7.55232995e-08 -5.50812638e-05  7.55232995e-08  4.89998218e-04 
 7.55732995e-08  5.46820526e-05  7.55732995e-08 -4.77956729e-04 
 7.56232995e-08 -5.39387651e-05  7.56232995e-08  4.66198721e-04 
 7.56732995e-08  5.35500672e-05  7.56732995e-08 -4.54701992e-04 
 7.57232995e-08 -5.28214053e-05  7.57232995e-08  4.43486924e-04 
 7.57732995e-08  5.24428689e-05  7.57732995e-08 -4.32511348e-04 
 7.58232995e-08 -5.17283208e-05  7.58232995e-08  4.21814627e-04 
 7.58732995e-08  5.13596342e-05  7.58732995e-08 -4.11337478e-04 
 7.59232995e-08 -5.06587329e-05  7.59232995e-08  4.01135551e-04 
 7.59732995e-08  5.02996172e-05  7.59732995e-08 -3.91134966e-04 
 7.60232995e-08 -4.96119330e-05  7.60232995e-08  3.81405286e-04 
 7.60732995e-08  4.92621358e-05  7.60732995e-08 -3.71860251e-04 
 7.61232995e-08 -4.85872709e-05  7.61232995e-08  3.62581240e-04 
 7.61732995e-08  4.82465615e-05  7.61732995e-08 -3.53471566e-04 
 7.62232995e-08 -4.75841447e-05  7.62232995e-08  3.44622580e-04 
 7.62732995e-08  4.72523102e-05  7.62732995e-08 -3.35928886e-04 
 7.63232995e-08 -4.66019934e-05  7.63232995e-08  3.27490183e-04 
 7.63732995e-08  4.62788358e-05  7.63732995e-08 -3.19193872e-04 
 7.64232995e-08 -4.56402904e-05  7.64232995e-08  3.11146574e-04 
 7.64732995e-08  4.53256236e-05  7.64732995e-08 -3.03229810e-04 
 7.65232995e-08 -4.46985382e-05  7.65232995e-08  2.95555873e-04 
 7.65732995e-08  4.43921864e-05  7.65732995e-08 -2.88001559e-04 
 7.66232995e-08 -4.37762646e-05  7.66232995e-08  2.80683739e-04 
 7.66732995e-08  4.34780605e-05  7.66732995e-08 -2.73475492e-04 
 7.67232995e-08 -4.28730190e-05  7.67232995e-08  2.66497313e-04 
 7.67732995e-08  4.25828025e-05  7.67732995e-08 -2.59619443e-04 
 7.68232995e-08 -4.19883698e-05  7.68232995e-08  2.52965165e-04 
 7.68732995e-08  4.17059868e-05  7.68732995e-08 -2.46402650e-04 
 7.69232995e-08 -4.11219021e-05  7.69232995e-08  2.40057241e-04 
 7.69732995e-08  4.08472039e-05  7.69732995e-08 -2.33795701e-04 
 7.70232995e-08 -4.02732159e-05  7.70232995e-08  2.27744808e-04 
 7.70732995e-08  4.00060582e-05  7.70732995e-08 -2.21770486e-04 
 7.71232995e-08 -3.94419244e-05  7.71232995e-08  2.16000404e-04 
 7.71732995e-08  3.91821671e-05  7.71732995e-08 -2.10300141e-04 
 7.72232995e-08 -3.86276530e-05  7.72232995e-08  2.04797788e-04 
 7.72732995e-08  3.83751595e-05  7.72732995e-08 -1.99359000e-04 
 7.73232995e-08 -3.78300380e-05  7.73232995e-08  1.94111890e-04 
 7.73732995e-08  3.75846751e-05  7.73732995e-08 -1.88922548e-04 
 7.74232995e-08 -3.70487260e-05  7.74232995e-08  1.83918764e-04 
 7.74732995e-08  3.68103632e-05  7.74732995e-08 -1.78967372e-04 
 7.75232995e-08 -3.62833730e-05  7.75232995e-08  1.74195545e-04 
 7.75732995e-08  3.60518827e-05  7.75732995e-08 -1.69471114e-04 
 7.76232995e-08 -3.55336439e-05  7.76232995e-08  1.64920396e-04 
 7.76732995e-08  3.53089009e-05  7.76732995e-08 -1.60412433e-04 
 7.77232995e-08 -3.47992119e-05  7.77232995e-08  1.56072476e-04 
 7.77732995e-08  3.45810935e-05  7.77732995e-08 -1.51770954e-04 
 7.78232995e-08 -3.40797580e-05  7.78232995e-08  1.47631887e-04 
 7.78732995e-08  3.38681436e-05  7.78732995e-08 -1.43527235e-04 
 7.79232995e-08 -3.33749709e-05  7.79232995e-08  1.39579642e-04 
 7.79732995e-08  3.31697421e-05  7.79732995e-08 -1.35662718e-04 
 7.80232995e-08 -3.26845463e-05  7.80232995e-08  1.31897623e-04 
 7.80732995e-08  3.24855869e-05  7.80732995e-08 -1.28159701e-04 
 7.81232995e-08 -3.20081869e-05  7.81232995e-08  1.24568541e-04 
 7.81732995e-08  3.18153824e-05  7.81732995e-08 -1.21001292e-04 
 7.82232995e-08 -3.13456020e-05  7.82232995e-08  1.17575905e-04 
 7.82732995e-08  3.11588400e-05  7.82732995e-08 -1.14171380e-04 
 7.83232995e-08 -3.06965073e-05  7.83232995e-08  1.10903982e-04 
 7.83732995e-08  3.05156773e-05  7.83732995e-08 -1.07654596e-04 
 7.84232995e-08 -3.00606246e-05  7.84232995e-08  1.04537766e-04 
 7.84732995e-08  2.98856179e-05  7.84732995e-08 -1.01436283e-04 
 7.85232995e-08 -2.94376820e-05  7.85232995e-08  9.84629488e-05 
 7.85732995e-08  2.92683916e-05  7.85732995e-08 -9.55024634e-05 
 7.86232995e-08 -2.88274131e-05  7.86232995e-08  9.26658823e-05 
 7.86732995e-08  2.86637338e-05  7.86732995e-08 -8.98398095e-05 
 7.87232995e-08 -2.82295574e-05  7.87232995e-08  8.71335544e-05 
 7.87732995e-08  2.80713858e-05  7.87732995e-08 -8.44356130e-05 
 7.88232995e-08 -2.76438597e-05  7.88232995e-08  8.18535585e-05 
 7.88732995e-08  2.74910942e-05  7.88732995e-08 -7.92777580e-05 
 7.89232995e-08 -2.70700705e-05  7.89232995e-08  7.68140664e-05 
 7.89732995e-08  2.69226109e-05  7.89732995e-08 -7.43546943e-05 
 7.90232995e-08 -2.65079453e-05  7.90232995e-08  7.20038020e-05 
 7.90732995e-08  2.63656932e-05  7.90732995e-08 -6.96554114e-05 
 7.91232995e-08 -2.59572448e-05  7.91232995e-08  6.74120166e-05 
 7.91732995e-08  2.58201035e-05  7.91732995e-08 -6.51694141e-05 
 7.92232995e-08 -2.54177347e-05  7.92232995e-08  6.30284648e-05 
 7.92732995e-08  2.52856090e-05  7.92732995e-08 -6.08866990e-05 
 7.93232995e-08 -2.48891857e-05  7.93232995e-08  5.88433812e-05 
 7.93732995e-08  2.47619820e-05  7.93732995e-08 -5.67977322e-05 
 7.94232995e-08 -2.43713730e-05  7.94232995e-08  5.48474587e-05 
 7.94732995e-08  2.42489994e-05  7.94732995e-08 -5.28934272e-05 
 7.95232995e-08 -2.38640768e-05  7.95232995e-08  5.10318276e-05 
 7.95732995e-08  2.37464428e-05  7.95732995e-08 -4.91651248e-05 
 7.96232995e-08 -2.33670817e-05  7.96232995e-08  4.73880351e-05 
 7.96732995e-08  2.32540984e-05  7.96732995e-08 -4.56045734e-05 
 7.97232995e-08 -2.28801768e-05  7.97232995e-08  4.39080262e-05 
 7.97732995e-08  2.27717568e-05  7.97732995e-08 -4.22039098e-05 
 7.98232995e-08 -2.24031555e-05  7.98232995e-08  4.05841255e-05 
 7.98732995e-08  2.22992130e-05  7.98732995e-08 -3.89556415e-05 
 7.99232995e-08 -2.19358156e-05  7.99232995e-08  3.74090191e-05 
 7.99616498e-08  2.17667985e-05  7.99616498e-08 -3.53935100e-05 
 8.00000000e-08 -2.13406929e-05  8.00000000e-08  3.34812950e-05 
 8.00050000e-08  5.18370314e-04  8.00050000e-08  6.12926592e-03 
 8.00150000e-08  4.39645077e-04  8.00150000e-08  7.28748784e-03 
 8.00350000e-08 -1.40046873e-06  8.00350000e-08  2.50517837e-03 
 8.00750000e-08  2.84780626e-04  8.00750000e-08  1.52675974e-03 
 8.01250000e-08 -1.64574011e-03  8.01250000e-08 -1.65181194e-02 
 8.01625000e-08 -3.49973861e-02  8.01625000e-08 -6.52555675e-02 
 8.02000000e-08  6.80749614e-01  8.02000000e-08 -3.55489653e-02 
 8.02050000e-08  8.78062551e-01  8.02050000e-08  7.65530205e-03 
 8.02150000e-08  1.12127343e+00  8.02150000e-08  1.28779426e-01 
 8.02350000e-08  1.20168607e+00  8.02350000e-08  8.74263487e-01 
 8.02693970e-08  1.19391615e+00  8.02693970e-08  2.77358088e+00 
 8.03051547e-08  1.20494898e+00  8.03051547e-08  3.25854552e+00 
 8.03463495e-08  1.19608022e+00  8.03463495e-08  3.24050073e+00 
 8.03963495e-08  1.20319654e+00  8.03963495e-08  3.29991250e+00 
 8.04463495e-08  1.19738650e+00  8.04463495e-08  3.28701136e+00 
 8.04963495e-08  1.20212760e+00  8.04963495e-08  3.30446270e+00 
 8.05463495e-08  1.19826336e+00  8.05463495e-08  3.29508649e+00 
 8.05963495e-08  1.20141326e+00  8.05963495e-08  3.30316542e+00 
 8.06463495e-08  1.19884789e+00  8.06463495e-08  3.29733485e+00 
 8.06963495e-08  1.20093689e+00  8.06963495e-08  3.30204337e+00 
 8.07463495e-08  1.19923733e+00  8.07463495e-08  3.29834754e+00 
 8.07963495e-08  1.20061944e+00  8.07963495e-08  3.30131399e+00 
 8.08463495e-08  1.19949662e+00  8.08463495e-08  3.29895299e+00 
 8.08963495e-08  1.20040849e+00  8.08963495e-08  3.30082424e+00 
 8.09463495e-08  1.19966932e+00  8.09463495e-08  3.29936018e+00 
 8.09963495e-08  1.20026796e+00  8.09963495e-08  3.30048413e+00 
 8.10463495e-08  1.19978351e+00  8.10463495e-08  3.29964712e+00 
 8.10963495e-08  1.20017488e+00  8.10963495e-08  3.30024294e+00 
 8.11463495e-08  1.19985905e+00  8.11463495e-08  3.29985063e+00 
 8.11963495e-08  1.20011345e+00  8.11963495e-08  3.30007182e+00 
 8.12463495e-08  1.19990882e+00  8.12463495e-08  3.29999434e+00 
 8.12963495e-08  1.20007310e+00  8.12963495e-08  3.29995161e+00 
 8.13463495e-08  1.19994141e+00  8.13463495e-08  3.30009440e+00 
 8.13963495e-08  1.20004678e+00  8.13963495e-08  3.29986870e+00 
 8.14463495e-08  1.19996259e+00  8.14463495e-08  3.30016248e+00 
 8.14963495e-08  1.20002975e+00  8.14963495e-08  3.29981317e+00 
 8.15463495e-08  1.19997622e+00  8.15463495e-08  3.30020712e+00 
 8.15963495e-08  1.20001888e+00  8.15963495e-08  3.29977768e+00 
 8.16463495e-08  1.19998485e+00  8.16463495e-08  3.30023467e+00 
 8.16963495e-08  1.20001205e+00  8.16963495e-08  3.29975675e+00 
 8.17463495e-08  1.19999021e+00  8.17463495e-08  3.30024985e+00 
 8.17963495e-08  1.20000788e+00  8.17963495e-08  3.29974632e+00 
 8.18463495e-08  1.19999343e+00  8.18463495e-08  3.30025615e+00 
 8.18963495e-08  1.20000542e+00  8.18963495e-08  3.29974338e+00 
 8.19463495e-08  1.19999527e+00  8.19463495e-08  3.30025617e+00 
 8.19731747e-08  1.20000370e+00  8.19731747e-08  3.29974785e+00 
 8.20000000e-08  1.19999664e+00  8.20000000e-08  3.30024581e+00 
 8.20050000e-08  1.20000042e+00  8.20050000e-08  3.30001581e+00 
 8.20150000e-08  1.19999855e+00  8.20150000e-08  3.29998115e+00 
 8.20350000e-08  1.20000103e+00  8.20350000e-08  3.30001532e+00 
 8.20750000e-08  1.19999932e+00  8.20750000e-08  3.29998629e+00 
 8.21250000e-08  1.20000020e+00  8.21250000e-08  3.30001286e+00 
 8.21625000e-08  1.20000009e+00  8.21625000e-08  3.29998879e+00 
 8.22000000e-08  1.19999959e+00  8.22000000e-08  3.30000960e+00 
 8.22050000e-08  1.19999959e+00  8.22050000e-08  3.29999714e+00 
 8.22150000e-08  1.20000102e+00  8.22150000e-08  3.30000594e+00 
 8.22350000e-08  1.19999908e+00  8.22350000e-08  3.29999752e+00 
 8.22750000e-08  1.20000052e+00  8.22750000e-08  3.30000075e+00 
 8.23250000e-08  1.19999966e+00  8.23250000e-08  3.29999965e+00 
 8.23750000e-08  1.19999998e+00  8.23750000e-08  3.30000015e+00 
 8.24250000e-08  1.20000013e+00  8.24250000e-08  3.30000010e+00 
 8.24750000e-08  1.19999961e+00  8.24750000e-08  3.29999966e+00 
 8.25250000e-08  1.20000040e+00  8.25250000e-08  3.30000054e+00 
 8.25750000e-08  1.19999942e+00  8.25750000e-08  3.29999926e+00 
 8.26250000e-08  1.20000053e+00  8.26250000e-08  3.30000089e+00 
 8.26750000e-08  1.19999936e+00  8.26750000e-08  3.29999896e+00 
 8.27250000e-08  1.20000055e+00  8.27250000e-08  3.30000115e+00 
 8.27750000e-08  1.19999937e+00  8.27750000e-08  3.29999875e+00 
 8.28250000e-08  1.20000051e+00  8.28250000e-08  3.30000132e+00 
 8.28750000e-08  1.19999942e+00  8.28750000e-08  3.29999860e+00 
 8.29250000e-08  1.20000044e+00  8.29250000e-08  3.30000143e+00 
 8.29750000e-08  1.19999950e+00  8.29750000e-08  3.29999852e+00 
 8.30250000e-08  1.20000037e+00  8.30250000e-08  3.30000149e+00 
 8.30750000e-08  1.19999957e+00  8.30750000e-08  3.29999848e+00 
 8.31250000e-08  1.20000029e+00  8.31250000e-08  3.30000152e+00 
 8.31750000e-08  1.19999965e+00  8.31750000e-08  3.29999847e+00 
 8.32250000e-08  1.20000022e+00  8.32250000e-08  3.30000151e+00 
 8.32750000e-08  1.19999971e+00  8.32750000e-08  3.29999848e+00 
 8.33250000e-08  1.20000016e+00  8.33250000e-08  3.30000149e+00 
 8.33750000e-08  1.19999977e+00  8.33750000e-08  3.29999851e+00 
 8.34250000e-08  1.20000011e+00  8.34250000e-08  3.30000145e+00 
 8.34750000e-08  1.19999981e+00  8.34750000e-08  3.29999856e+00 
 8.35250000e-08  1.20000007e+00  8.35250000e-08  3.30000140e+00 
 8.35750000e-08  1.19999985e+00  8.35750000e-08  3.29999861e+00 
 8.36250000e-08  1.20000004e+00  8.36250000e-08  3.30000135e+00 
 8.36750000e-08  1.19999988e+00  8.36750000e-08  3.29999867e+00 
 8.37250000e-08  1.20000001e+00  8.37250000e-08  3.30000129e+00 
 8.37750000e-08  1.19999990e+00  8.37750000e-08  3.29999873e+00 
 8.38250000e-08  1.19999999e+00  8.38250000e-08  3.30000123e+00 
 8.38750000e-08  1.19999992e+00  8.38750000e-08  3.29999879e+00 
 8.39250000e-08  1.19999997e+00  8.39250000e-08  3.30000117e+00 
 8.39750000e-08  1.19999994e+00  8.39750000e-08  3.29999885e+00 
 8.40250000e-08  1.19999996e+00  8.40250000e-08  3.30000110e+00 
 8.40750000e-08  1.19999995e+00  8.40750000e-08  3.29999891e+00 
 8.41250000e-08  1.19999995e+00  8.41250000e-08  3.30000104e+00 
 8.41750000e-08  1.19999996e+00  8.41750000e-08  3.29999897e+00 
 8.42250000e-08  1.19999995e+00  8.42250000e-08  3.30000099e+00 
 8.42750000e-08  1.19999996e+00  8.42750000e-08  3.29999903e+00 
 8.43250000e-08  1.19999994e+00  8.43250000e-08  3.30000093e+00 
 8.43750000e-08  1.19999997e+00  8.43750000e-08  3.29999908e+00 
 8.44250000e-08  1.19999994e+00  8.44250000e-08  3.30000088e+00 
 8.44750000e-08  1.19999997e+00  8.44750000e-08  3.29999913e+00 
 8.45250000e-08  1.19999993e+00  8.45250000e-08  3.30000083e+00 
 8.45750000e-08  1.19999997e+00  8.45750000e-08  3.29999918e+00 
 8.46250000e-08  1.19999993e+00  8.46250000e-08  3.30000078e+00 
 8.46750000e-08  1.19999997e+00  8.46750000e-08  3.29999923e+00 
 8.47250000e-08  1.19999993e+00  8.47250000e-08  3.30000073e+00 
 8.47750000e-08  1.19999997e+00  8.47750000e-08  3.29999928e+00 
 8.48250000e-08  1.19999993e+00  8.48250000e-08  3.30000069e+00 
 8.48750000e-08  1.19999997e+00  8.48750000e-08  3.29999932e+00 
 8.49250000e-08  1.19999993e+00  8.49250000e-08  3.30000065e+00 
 8.49750000e-08  1.19999997e+00  8.49750000e-08  3.29999936e+00 
 8.50250000e-08  1.19999993e+00  8.50250000e-08  3.30000061e+00 
 8.50750000e-08  1.19999997e+00  8.50750000e-08  3.29999940e+00 
 8.51250000e-08  1.19999993e+00  8.51250000e-08  3.30000057e+00 
 8.51750000e-08  1.19999997e+00  8.51750000e-08  3.29999943e+00 
 8.52250000e-08  1.19999993e+00  8.52250000e-08  3.30000054e+00 
 8.52750000e-08  1.19999997e+00  8.52750000e-08  3.29999946e+00 
 8.53250000e-08  1.19999993e+00  8.53250000e-08  3.30000051e+00 
 8.53750000e-08  1.19999997e+00  8.53750000e-08  3.29999950e+00 
 8.54250000e-08  1.19999993e+00  8.54250000e-08  3.30000048e+00 
 8.54750000e-08  1.19999997e+00  8.54750000e-08  3.29999953e+00 
 8.55250000e-08  1.19999993e+00  8.55250000e-08  3.30000045e+00 
 8.55750000e-08  1.19999997e+00  8.55750000e-08  3.29999955e+00 
 8.56250000e-08  1.19999993e+00  8.56250000e-08  3.30000042e+00 
 8.56750000e-08  1.19999997e+00  8.56750000e-08  3.29999958e+00 
 8.57250000e-08  1.19999993e+00  8.57250000e-08  3.30000039e+00 
 8.57750000e-08  1.19999997e+00  8.57750000e-08  3.29999961e+00 
 8.58250000e-08  1.19999993e+00  8.58250000e-08  3.30000037e+00 
 8.58750000e-08  1.19999997e+00  8.58750000e-08  3.29999963e+00 
 8.59250000e-08  1.19999993e+00  8.59250000e-08  3.30000035e+00 
 8.59750000e-08  1.19999997e+00  8.59750000e-08  3.29999965e+00 
 8.60250000e-08  1.19999993e+00  8.60250000e-08  3.30000032e+00 
 8.60750000e-08  1.19999997e+00  8.60750000e-08  3.29999967e+00 
 8.61250000e-08  1.19999994e+00  8.61250000e-08  3.30000030e+00 
 8.61750000e-08  1.19999997e+00  8.61750000e-08  3.29999969e+00 
 8.62250000e-08  1.19999994e+00  8.62250000e-08  3.30000028e+00 
 8.62750000e-08  1.19999997e+00  8.62750000e-08  3.29999971e+00 
 8.63250000e-08  1.19999994e+00  8.63250000e-08  3.30000027e+00 
 8.63750000e-08  1.19999997e+00  8.63750000e-08  3.29999973e+00 
 8.64250000e-08  1.19999994e+00  8.64250000e-08  3.30000025e+00 
 8.64750000e-08  1.19999997e+00  8.64750000e-08  3.29999975e+00 
 8.65250000e-08  1.19999994e+00  8.65250000e-08  3.30000023e+00 
 8.65750000e-08  1.19999997e+00  8.65750000e-08  3.29999976e+00 
 8.66250000e-08  1.19999994e+00  8.66250000e-08  3.30000022e+00 
 8.66750000e-08  1.19999997e+00  8.66750000e-08  3.29999978e+00 
 8.67250000e-08  1.19999994e+00  8.67250000e-08  3.30000020e+00 
 8.67750000e-08  1.19999996e+00  8.67750000e-08  3.29999979e+00 
 8.68250000e-08  1.19999994e+00  8.68250000e-08  3.30000019e+00 
 8.68750000e-08  1.19999996e+00  8.68750000e-08  3.29999981e+00 
 8.69250000e-08  1.19999994e+00  8.69250000e-08  3.30000017e+00 
 8.69750000e-08  1.19999996e+00  8.69750000e-08  3.29999982e+00 
 8.70250000e-08  1.19999994e+00  8.70250000e-08  3.30000016e+00 
 8.70750000e-08  1.19999996e+00  8.70750000e-08  3.29999983e+00 
 8.71250000e-08  1.19999994e+00  8.71250000e-08  3.30000015e+00 
 8.71750000e-08  1.19999996e+00  8.71750000e-08  3.29999984e+00 
 8.72250000e-08  1.19999994e+00  8.72250000e-08  3.30000014e+00 
 8.72750000e-08  1.19999996e+00  8.72750000e-08  3.29999985e+00 
 8.73250000e-08  1.19999994e+00  8.73250000e-08  3.30000013e+00 
 8.73750000e-08  1.19999996e+00  8.73750000e-08  3.29999986e+00 
 8.74250000e-08  1.19999994e+00  8.74250000e-08  3.30000012e+00 
 8.74750000e-08  1.19999996e+00  8.74750000e-08  3.29999987e+00 
 8.75250000e-08  1.19999994e+00  8.75250000e-08  3.30000011e+00 
 8.75750000e-08  1.19999996e+00  8.75750000e-08  3.29999988e+00 
 8.76250000e-08  1.19999994e+00  8.76250000e-08  3.30000010e+00 
 8.76750000e-08  1.19999996e+00  8.76750000e-08  3.29999989e+00 
 8.77250000e-08  1.19999994e+00  8.77250000e-08  3.30000009e+00 
 8.77750000e-08  1.19999996e+00  8.77750000e-08  3.29999990e+00 
 8.78250000e-08  1.19999994e+00  8.78250000e-08  3.30000008e+00 
 8.78750000e-08  1.19999996e+00  8.78750000e-08  3.29999991e+00 
 8.79250000e-08  1.19999994e+00  8.79250000e-08  3.30000008e+00 
 8.79750000e-08  1.19999996e+00  8.79750000e-08  3.29999991e+00 
 8.80250000e-08  1.19999994e+00  8.80250000e-08  3.30000007e+00 
 8.80750000e-08  1.19999996e+00  8.80750000e-08  3.29999992e+00 
 8.81250000e-08  1.19999994e+00  8.81250000e-08  3.30000006e+00 
 8.81750000e-08  1.19999996e+00  8.81750000e-08  3.29999993e+00 
 8.82250000e-08  1.19999994e+00  8.82250000e-08  3.30000006e+00 
 8.82750000e-08  1.19999996e+00  8.82750000e-08  3.29999993e+00 
 8.83250000e-08  1.19999994e+00  8.83250000e-08  3.30000005e+00 
 8.83750000e-08  1.19999996e+00  8.83750000e-08  3.29999994e+00 
 8.84250000e-08  1.19999994e+00  8.84250000e-08  3.30000004e+00 
 8.84750000e-08  1.19999996e+00  8.84750000e-08  3.29999995e+00 
 8.85250000e-08  1.19999995e+00  8.85250000e-08  3.30000004e+00 
 8.85750000e-08  1.19999996e+00  8.85750000e-08  3.29999995e+00 
 8.86250000e-08  1.19999995e+00  8.86250000e-08  3.30000003e+00 
 8.86750000e-08  1.19999996e+00  8.86750000e-08  3.29999996e+00 
 8.87250000e-08  1.19999995e+00  8.87250000e-08  3.30000003e+00 
 8.87750000e-08  1.19999996e+00  8.87750000e-08  3.29999996e+00 
 8.88250000e-08  1.19999995e+00  8.88250000e-08  3.30000003e+00 
 8.88750000e-08  1.19999996e+00  8.88750000e-08  3.29999996e+00 
 8.89250000e-08  1.19999995e+00  8.89250000e-08  3.30000002e+00 
 8.89750000e-08  1.19999996e+00  8.89750000e-08  3.29999997e+00 
 8.90250000e-08  1.19999995e+00  8.90250000e-08  3.30000002e+00 
 8.90750000e-08  1.19999996e+00  8.90750000e-08  3.29999997e+00 
 8.91250000e-08  1.19999995e+00  8.91250000e-08  3.30000001e+00 
 8.91750000e-08  1.19999996e+00  8.91750000e-08  3.29999998e+00 
 8.92250000e-08  1.19999995e+00  8.92250000e-08  3.30000001e+00 
 8.92750000e-08  1.19999996e+00  8.92750000e-08  3.29999998e+00 
 8.93250000e-08  1.19999995e+00  8.93250000e-08  3.30000001e+00 
 8.93750000e-08  1.19999996e+00  8.93750000e-08  3.29999998e+00 
 8.94250000e-08  1.19999995e+00  8.94250000e-08  3.30000000e+00 
 8.94750000e-08  1.19999996e+00  8.94750000e-08  3.29999999e+00 
 8.95250000e-08  1.19999995e+00  8.95250000e-08  3.30000000e+00 
 8.95750000e-08  1.19999996e+00  8.95750000e-08  3.29999999e+00 
 8.96250000e-08  1.19999995e+00  8.96250000e-08  3.30000000e+00 
 8.96750000e-08  1.19999996e+00  8.96750000e-08  3.29999999e+00 
 8.97250000e-08  1.19999995e+00  8.97250000e-08  3.30000000e+00 
 8.97750000e-08  1.19999996e+00  8.97750000e-08  3.29999999e+00 
 8.98250000e-08  1.19999995e+00  8.98250000e-08  3.29999999e+00 
 8.98750000e-08  1.19999996e+00  8.98750000e-08  3.30000000e+00 
 8.99250000e-08  1.19999995e+00  8.99250000e-08  3.29999999e+00 
 8.99625000e-08  1.19999996e+00  8.99625000e-08  3.30000000e+00 
 9.00000000e-08  1.19999995e+00  9.00000000e-08  3.29999999e+00 
 9.00050000e-08  1.19929441e+00  9.00050000e-08  3.29693713e+00 
 9.00150000e-08  1.19912142e+00  9.00150000e-08  3.29470556e+00 
 9.00350000e-08  1.19990393e+00  9.00350000e-08  3.29545988e+00 
 9.00750000e-08  1.19986066e+00  9.00750000e-08  3.30063947e+00 
 9.01250000e-08  1.21109148e+00  9.01250000e-08  3.35422619e+00 
 9.01625000e-08  1.24634545e+00  9.01625000e-08  3.41718478e+00 
 9.02000000e-08  3.88803070e-01  9.02000000e-08  3.29796615e+00 
 9.02050000e-08  1.78906486e-01  9.02050000e-08  3.24415407e+00 
 9.02150000e-08  6.66152339e-03  9.02150000e-08  3.04289867e+00 
 9.02350000e-08  9.17813090e-03  9.02350000e-08  1.39323558e+00 
 9.02621161e-08 -5.83623577e-03  9.02621161e-08  3.96193414e-02 
 9.02914277e-08  4.95204175e-03  9.02914277e-08  2.11095730e-02 
 9.03310594e-08 -4.31186931e-03  9.03310594e-08 -3.61159164e-03 
 9.03733060e-08  3.83774238e-03  9.03733060e-08  3.39139495e-03 
 9.04233060e-08 -3.44578029e-03  9.04233060e-08 -1.96814176e-03 
 9.04733060e-08  3.11723851e-03  9.04733060e-08  9.86235095e-04 
 9.05233060e-08 -2.80384177e-03  9.05233060e-08 -1.56104573e-04 
 9.05733060e-08  2.53531656e-03  9.05733060e-08 -4.95715492e-04 
 9.06233060e-08 -2.28404913e-03  9.06233060e-08  1.04034665e-03 
 9.06733060e-08  2.06610601e-03  9.06733060e-08 -1.46744415e-03 
 9.07233060e-08 -1.86451789e-03  9.07233060e-08  1.82510029e-03 
 9.07733060e-08  1.68813516e-03  9.07733060e-08 -2.10091189e-03 
 9.08233060e-08 -1.52626373e-03  9.08233060e-08  2.33288162e-03 
 9.08733060e-08  1.38369414e-03  9.08733060e-08 -2.50623391e-03 
 9.09233060e-08 -1.25358041e-03  9.09233060e-08  2.65250795e-03 
 9.09733060e-08  1.13839819e-03  9.09733060e-08 -2.75589722e-03 
 9.10233060e-08 -1.03369729e-03  9.10233060e-08  2.84310495e-03 
 9.10733060e-08  9.40647774e-04  9.10733060e-08 -2.89835347e-03 
 9.11233060e-08 -8.56301671e-04  9.11233060e-08  2.94448839e-03 
 9.11733060e-08  7.81116151e-04  9.11733060e-08 -2.96640928e-03 
 9.12233060e-08 -7.13088580e-04  9.12233060e-08  2.98378987e-03 
 9.12733060e-08  6.52311128e-04  9.12733060e-08 -2.98255284e-03 
 9.13233060e-08 -5.97377092e-04  9.13233060e-08  2.97971890e-03 
 9.13733060e-08  5.48215219e-04  9.13733060e-08 -2.96238568e-03 
 9.14233060e-08 -5.03794740e-04  9.14233060e-08  2.94532989e-03 
 9.14733060e-08  4.63994739e-04  9.14733060e-08 -2.91685867e-03 
 9.15233060e-08 -4.28021609e-04  9.15233060e-08  2.88983548e-03 
 9.15733060e-08  3.95766036e-04  9.15733060e-08 -2.85374419e-03 
 9.16233060e-08 -3.66286968e-04  9.16233060e-08  2.81606238e-03 
 9.16733060e-08  3.40731937e-04  9.16733060e-08 -2.78324397e-03 
 9.17233060e-08 -3.16408177e-04  9.17233060e-08  2.73630225e-03 
 9.17733060e-08  2.95707003e-04  9.17733060e-08 -2.69945020e-03 
 9.18233060e-08 -2.75829209e-04  9.18233060e-08  2.65041333e-03 
 9.18733060e-08  2.59027420e-04  9.18733060e-08 -2.61077813e-03 
 9.19233060e-08 -2.42738898e-04  9.19233060e-08  2.56070564e-03 
 9.19733060e-08  2.29072279e-04  9.19733060e-08 -2.51932101e-03 
 9.20233060e-08 -2.15681732e-04  9.20233060e-08  2.46899125e-03 
 9.20733060e-08  2.04537525e-04  9.20733060e-08 -2.42663890e-03 
 9.21233060e-08 -1.93487309e-04  9.21233060e-08  2.37661887e-03 
 9.21733060e-08  1.84373775e-04  9.21733060e-08 -2.33388973e-03 
 9.22233060e-08 -1.75214226e-04  9.22233060e-08  2.28458944e-03 
 9.22733060e-08  1.67736489e-04  9.22733060e-08 -2.24192983e-03 
 9.23233060e-08 -1.60105114e-04  9.23233060e-08  2.19364253e-03 
 9.23733060e-08  1.53945912e-04  9.23733060e-08 -2.15138863e-03 
 9.24233060e-08 -1.47550545e-04  9.24233060e-08  2.10432047e-03 
 9.24733060e-08  1.42454868e-04  9.24733060e-08 -2.06272415e-03 
 9.25233060e-08 -1.37060049e-04  9.25233060e-08  2.01701610e-03 
 9.25733060e-08  1.32822843e-04  9.25733060e-08 -1.97626435e-03 
 9.26233060e-08 -1.28238817e-04  9.26233060e-08  1.93200852e-03 
 9.26733060e-08  1.24695150e-04  9.26733060e-08 -1.89223817e-03 
 9.27233060e-08 -1.20768991e-04  9.27233060e-08  1.84948991e-03 
 9.27733060e-08  1.17786161e-04  9.27733060e-08 -1.81079888e-03 
 9.28233060e-08 -1.14394609e-04  9.28233060e-08  1.76958593e-03 
 9.28733060e-08  1.11865823e-04  9.28733060e-08 -1.73204178e-03 
 9.29233060e-08 -1.08909513e-04  9.29233060e-08  1.69237116e-03 
 9.29733060e-08  1.06748806e-04  9.29733060e-08 -1.65601777e-03 
 9.30233060e-08 -1.04147618e-04  9.30233060e-08  1.61788096e-03 
 9.30733060e-08  1.02285774e-04  9.30733060e-08 -1.58274371e-03 
 9.31233060e-08 -9.99750845e-05  9.31233060e-08  1.54612068e-03 
 9.31733060e-08  9.83563649e-05  9.31733060e-08 -1.51221045e-03 
 9.32233060e-08 -9.62840298e-05  9.32233060e-08  1.47707263e-03 
 9.32733060e-08  9.48635345e-05  9.32733060e-08 -1.44438899e-03 
 9.33233060e-08 -9.29874606e-05  9.33233060e-08  1.41070167e-03 
 9.33733060e-08  9.17290128e-05  9.33733060e-08 -1.37923537e-03 
 9.34233060e-08 -9.00152003e-05  9.34233060e-08  1.34695946e-03 
 9.34733060e-08  8.88896435e-05  9.34733060e-08 -1.31669442e-03 
 9.35233060e-08 -8.73106114e-05  9.35233060e-08  1.28578780e-03 
 9.35733060e-08  8.62944391e-05  9.35733060e-08 -1.25670269e-03 
 9.36233060e-08 -8.48279570e-05  9.36233060e-08  1.22712133e-03 
 9.36733060e-08  8.39022108e-05  9.36733060e-08 -1.19919080e-03 
 9.37233060e-08 -8.25302785e-05  9.37233060e-08  1.17088953e-03 
 9.37733060e-08  8.16796611e-05  9.37733060e-08 -1.14408525e-03 
 9.38233060e-08 -8.03876866e-05  9.38233060e-08  1.11701842e-03 
 9.38733060e-08  7.95998482e-05  9.38733060e-08 -1.09130987e-03 
 9.39233060e-08 -7.83759862e-05  9.39233060e-08  1.06543179e-03 
 9.39733060e-08  7.76409502e-05  9.39733060e-08 -1.04078690e-03 
 9.40233060e-08 -7.64755694e-05  9.40233060e-08  1.01605228e-03 
 9.40733060e-08  7.57852698e-05  9.40733060e-08 -9.92437947e-04 
 9.41233060e-08 -7.46705242e-05  9.41233060e-08  9.68802112e-04 
 9.41733060e-08  7.40184339e-05  9.41733060e-08 -9.46184647e-04 
 9.42233060e-08 -7.29479174e-05  9.42233060e-08  9.23603774e-04 
 9.42733060e-08  7.23287480e-05  9.42733060e-08 -9.01949210e-04 
 9.43233060e-08 -7.12972165e-05  9.43233060e-08  8.80380478e-04 
 9.43733060e-08  7.07066774e-05  9.43733060e-08 -8.59654853e-04 
 9.44233060e-08 -6.97098248e-05  9.44233060e-08  8.39056562e-04 
 9.44733060e-08  6.91444292e-05  9.44733060e-08 -8.19226132e-04 
 9.45233060e-08 -6.81787068e-05  9.45233060e-08  7.99557776e-04 
 9.45733060e-08  6.76356153e-05  9.45733060e-08 -7.80589188e-04 
 9.46233060e-08 -6.66980869e-05  9.46233060e-08  7.61811514e-04 
 9.46733060e-08  6.61749812e-05  9.46733060e-08 -7.43671943e-04 
 9.47233060e-08 -6.52632059e-05  9.47233060e-08  7.25746978e-04 
 9.47733060e-08  6.47581881e-05  9.47733060e-08 -7.08404238e-04 
 9.48233060e-08 -6.38701259e-05  9.48233060e-08  6.91295308e-04 
 9.48733060e-08  6.33816365e-05  9.48733060e-08 -6.74717929e-04 
 9.49233060e-08 -6.25155724e-05  9.49233060e-08  6.58389664e-04 
 9.49733060e-08  6.20423248e-05  9.49733060e-08 -6.42546960e-04 
 9.50233060e-08 -6.11968076e-05  9.50233060e-08  6.26965284e-04 
 9.50733060e-08  6.07377350e-05  9.50733060e-08 -6.11827400e-04 
 9.51233060e-08 -5.99115277e-05  9.51233060e-08  5.96959521e-04 
 9.51733060e-08  5.94657409e-05  9.51733060e-08 -5.82497468e-04 
 9.52233060e-08 -5.86577809e-05  9.52233060e-08  5.68311853e-04 
 9.52733060e-08  5.82245337e-05  9.52733060e-08 -5.54497526e-04 
 9.53233060e-08 -5.74339008e-05  9.53233060e-08  5.40963881e-04 
 9.53733060e-08  5.70125624e-05  9.53733060e-08 -5.27770079e-04 
 9.54233060e-08 -5.62384527e-05  9.54233060e-08  5.14859316e-04 
 9.54733060e-08  5.58284858e-05  9.54733060e-08 -5.02259745e-04 
 9.55233060e-08 -5.50701909e-05  9.55233060e-08  4.89943954e-04 
 9.55733060e-08  5.46711333e-05  9.55733060e-08 -4.77913228e-04 
 9.56233060e-08 -5.39280232e-05  9.56233060e-08  4.66165644e-04 
 9.56733060e-08  5.35394741e-05  9.56733060e-08 -4.54679277e-04 
 9.57233060e-08 -5.28109835e-05  9.57233060e-08  4.43474246e-04 
 9.57733060e-08  5.24325913e-05  9.57733060e-08 -4.32508645e-04 
 9.58233060e-08 -5.17182088e-05  9.58233060e-08  4.21821588e-04 
 9.58733060e-08  5.13496621e-05  9.58733060e-08 -4.11354041e-04 
 9.59233060e-08 -5.06489208e-05  9.59233060e-08  4.01161418e-04 
 9.59733060e-08  5.02899407e-05  9.59733060e-08 -3.91170078e-04 
 9.60233060e-08 -4.96024114e-05  9.60233060e-08  3.81449355e-04 
 9.60733060e-08  4.92527458e-05  9.60733060e-08 -3.71913218e-04 
 9.61233060e-08 -4.85780308e-05  9.61233060e-08  3.62642830e-04 
 9.61733060e-08  4.82374491e-05  9.61733060e-08 -3.53541721e-04 
 9.62233060e-08 -4.75751774e-05  9.62233060e-08  3.44701039e-04 
 9.62733060e-08  4.72434670e-05  9.62733060e-08 -3.36015588e-04 
 9.63233060e-08 -4.65932906e-05  9.63233060e-08  3.27584880e-04 
 9.63733060e-08  4.62702535e-05  9.63733060e-08 -3.19296502e-04 
 9.64233060e-08 -4.56318441e-05  9.64233060e-08  3.11256902e-04 
 9.64733060e-08  4.53172943e-05  9.64733060e-08 -3.03347773e-04 
 9.65233060e-08 -4.46903406e-05  9.65233060e-08  2.95681248e-04 
 9.65733060e-08  4.43841026e-05  9.65733060e-08 -2.88134281e-04 
 9.66233060e-08 -4.37683082e-05  9.66233060e-08  2.80823597e-04 
 9.66733060e-08  4.34702147e-05  9.66733060e-08 -2.73622421e-04 
 9.67233060e-08 -4.28652967e-05  9.67233060e-08  2.66651112e-04 
 9.67733060e-08  4.25751875e-05  9.67733060e-08 -2.59780045e-04 
 9.68233060e-08 -4.19808745e-05  9.68233060e-08  2.53132382e-04 
 9.68733060e-08  4.16985958e-05  9.68733060e-08 -2.46576412e-04 
 9.69233060e-08 -4.11146271e-05  9.69233060e-08  2.40237373e-04 
 9.69733060e-08  4.08400302e-05  9.69733060e-08 -2.33982130e-04 
 9.70233060e-08 -4.02661546e-05  9.70233060e-08  2.27937368e-04 
 9.70733060e-08  3.99990953e-05  9.70733060e-08 -2.21969104e-04 
 9.71233060e-08 -3.94350703e-05  9.71233060e-08  2.16204925e-04 
 9.71733060e-08  3.91754086e-05  9.71733060e-08 -2.10510489e-04 
 9.72233060e-08 -3.86209999e-05  9.72233060e-08  2.05013818e-04 
 9.72733060e-08  3.83685994e-05  9.72733060e-08 -1.99580636e-04 
 9.73233060e-08 -3.78235800e-05  9.73233060e-08  1.94338995e-04 
 9.73733060e-08  3.75783072e-05  9.73733060e-08 -1.89155045e-04 
 9.74233060e-08 -3.70424572e-05  9.74233060e-08  1.84156526e-04 
 9.74733060e-08  3.68041820e-05  9.74733060e-08 -1.79210318e-04 
 9.75233060e-08 -3.62772877e-05  9.75233060e-08  1.74443558e-04 
 9.75733060e-08  3.60458824e-05  9.75733060e-08 -1.69724113e-04 
 9.76233060e-08 -3.55277365e-05  9.76233060e-08  1.65178272e-04 
 9.76733060e-08  3.53030761e-05  9.76733060e-08 -1.60675102e-04 
 9.77233060e-08 -3.47934771e-05  9.77233060e-08  1.56339838e-04 
 9.77733060e-08  3.45754388e-05  9.77733060e-08 -1.52042924e-04 
 9.78233060e-08 -3.40741905e-05  9.78233060e-08  1.47908373e-04 
 9.78733060e-08  3.38626540e-05  9.78733060e-08 -1.43808150e-04 
 9.79233060e-08 -3.33695657e-05  9.79233060e-08  1.39864903e-04 
 9.79733060e-08  3.31644125e-05  9.79733060e-08 -1.35952235e-04 
 9.80233060e-08 -3.26792984e-05  9.80233060e-08  1.32191320e-04 
 9.80733060e-08  3.24804123e-05  9.80733060e-08 -1.28457488e-04 
 9.81233060e-08 -3.20030915e-05  9.81233060e-08  1.24870350e-04 
 9.81733060e-08  3.18103582e-05  9.81733060e-08 -1.21307031e-04 
 9.82233060e-08 -3.13406544e-05  9.82233060e-08  1.17885510e-04 
 9.82733060e-08  3.11539615e-05  9.82733060e-08 -1.14484760e-04 
 9.83233060e-08 -3.06917030e-05  9.83233060e-08  1.11221081e-04 
 9.83733060e-08  3.05109400e-05  9.83733060e-08 -1.07975321e-04 
 9.84233060e-08 -3.00559592e-05  9.84233060e-08  1.04862067e-04 
 9.84733060e-08  2.98810174e-05  9.84733060e-08 -1.01764064e-04 
 9.85233060e-08 -2.94331511e-05  9.85233060e-08  9.87941674e-05 
 9.85733060e-08  2.92639237e-05  9.85733060e-08 -9.58370237e-05 
 9.86233060e-08 -2.88230126e-05  9.86233060e-08  9.30037460e-05 
 9.86733060e-08  2.86593944e-05  9.86733060e-08 -9.01808804e-05 
 9.87233060e-08 -2.82252831e-05  9.87233060e-08  8.74777996e-05 
 9.87733060e-08  2.80671708e-05  9.87733060e-08 -8.47829353e-05 
 9.88233060e-08 -2.76397078e-05  9.88233060e-08  8.22039304e-05 
 9.88733060e-08  2.74869997e-05  9.88733060e-08 -7.96310814e-05 
 9.89233060e-08 -2.70660371e-05  9.89233060e-08  7.71703187e-05 
 9.89733060e-08  2.69186331e-05  9.89733060e-08 -7.47137768e-05 
 9.90233060e-08 -2.65040266e-05  9.90233060e-08  7.23656968e-05 
 9.90733060e-08  2.63618285e-05  9.90733060e-08 -7.00200192e-05 
 9.91233060e-08 -2.59534373e-05  9.91233060e-08  6.77793240e-05 
 9.91733060e-08  2.58163482e-05  9.91733060e-08 -6.55393212e-05 
 9.92233060e-08 -2.54140347e-05  9.92233060e-08  6.34009625e-05 
 9.92733060e-08  2.52819597e-05  9.92733060e-08 -6.12616870e-05 
 9.93233060e-08 -2.48855898e-05  9.93233060e-08  5.92208542e-05 
 9.93733060e-08  2.47584352e-05  9.93733060e-08 -5.71775896e-05 
 9.94233060e-08 -2.43678780e-05  9.94233060e-08  5.52296992e-05 
 9.94733060e-08  2.42455519e-05  9.94733060e-08 -5.32779497e-05 
 9.95233060e-08 -2.38606793e-05  9.95233060e-08  5.14186345e-05 
 9.95733060e-08  2.37430914e-05  9.95733060e-08 -4.95541148e-05 
 9.96233060e-08 -2.33637786e-05  9.96233060e-08  4.77792139e-05 
 9.96733060e-08  2.32508399e-05  9.96733060e-08 -4.59978396e-05 
 9.97233060e-08 -2.28769650e-05  9.97233060e-08  4.43033888e-05 
 9.97733060e-08  2.27685883e-05  9.97733060e-08 -4.26012671e-05 
 9.98233060e-08 -2.24000321e-05  9.98233060e-08  4.09834896e-05 
 9.98733060e-08  2.22961314e-05  9.98733060e-08 -3.93569107e-05 
 9.99233060e-08 -2.19327777e-05  9.99233060e-08  3.78122085e-05 
 9.99616530e-08  2.17637884e-05  9.99616530e-08 -3.57989058e-05 
 1.00000000e-07 -2.13377128e-05  1.00000000e-07  3.38888949e-05 
 1.00005000e-07  5.18131362e-04  1.00005000e-07  6.12828933e-03 
 1.00015000e-07  4.39564862e-04  1.00015000e-07  7.28662523e-03 
 1.00035000e-07 -9.13552728e-07  1.00035000e-07  2.50594096e-03 
 1.00075000e-07  2.84387452e-04  1.00075000e-07  1.52780779e-03 
 1.00125000e-07 -1.64540385e-03  1.00125000e-07 -1.65196640e-02 
 1.00162500e-07 -3.50015267e-02  1.00162500e-07 -6.52783560e-02 
 1.00200000e-07  6.80693636e-01  1.00200000e-07 -3.54954956e-02 
 1.00205000e-07  8.78000804e-01  1.00205000e-07  7.75316829e-03 
 1.00215000e-07  1.12123693e+00  1.00215000e-07  1.29066175e-01 
 1.00235000e-07  1.20168610e+00  1.00235000e-07  8.75620902e-01 
 1.00269209e-07  1.19390299e+00  1.00269209e-07  2.77044949e+00 
 1.00304827e-07  1.20493951e+00  1.00304827e-07  3.25750805e+00 
 1.00345961e-07  1.19609097e+00  1.00345961e-07  3.24042657e+00 
 1.00395961e-07  1.20318758e+00  1.00395961e-07  3.29969126e+00 
 1.00445961e-07  1.19739373e+00  1.00445961e-07  3.28704262e+00 
 1.00495961e-07  1.20212191e+00  1.00495961e-07  3.30440808e+00 
 1.00545961e-07  1.19826785e+00  1.00545961e-07  3.29510881e+00 
 1.00595961e-07  1.20140977e+00  1.00595961e-07  3.30314462e+00 
 1.00645961e-07  1.19885062e+00  1.00645961e-07  3.29734883e+00 
 1.00695961e-07  1.20093477e+00  1.00695961e-07  3.30203102e+00 
 1.00745961e-07  1.19923898e+00  1.00745961e-07  3.29835805e+00 
 1.00795961e-07  1.20061816e+00  1.00795961e-07  3.30130426e+00 
 1.00845961e-07  1.19949761e+00  1.00845961e-07  3.29896205e+00 
 1.00895961e-07  1.20040771e+00  1.00895961e-07  3.30081563e+00 
 1.00945961e-07  1.19966992e+00  1.00945961e-07  3.29936846e+00 
 1.00995961e-07  1.20026749e+00  1.00995961e-07  3.30047619e+00 
 1.01045961e-07  1.19978388e+00  1.01045961e-07  3.29965480e+00 
 1.01095961e-07  1.20017459e+00  1.01095961e-07  3.30023555e+00 
 1.01145961e-07  1.19985929e+00  1.01145961e-07  3.29985778e+00 
 1.01195961e-07  1.20011327e+00  1.01195961e-07  3.30006494e+00 
 1.01245961e-07  1.19990896e+00  1.01245961e-07  3.30000099e+00 
 1.01295961e-07  1.20007299e+00  1.01295961e-07  3.29994521e+00 
 1.01345961e-07  1.19994151e+00  1.01345961e-07  3.30010058e+00 
 1.01395961e-07  1.20004670e+00  1.01395961e-07  3.29986277e+00 
 1.01445961e-07  1.19996265e+00  1.01445961e-07  3.30016820e+00 
 1.01495961e-07  1.20002970e+00  1.01495961e-07  3.29980769e+00 
 1.01545961e-07  1.19997625e+00  1.01545961e-07  3.30021240e+00 
 1.01595961e-07  1.20001885e+00  1.01595961e-07  3.29977261e+00 
 1.01645961e-07  1.19998487e+00  1.01645961e-07  3.30023954e+00 
 1.01695961e-07  1.20001204e+00  1.01695961e-07  3.29975209e+00 
 1.01745961e-07  1.19999022e+00  1.01745961e-07  3.30025432e+00 
 1.01795961e-07  1.20000787e+00  1.01795961e-07  3.29974193e+00 
 1.01845961e-07  1.19999343e+00  1.01845961e-07  3.30026020e+00 
 1.01895961e-07  1.20000542e+00  1.01895961e-07  3.29973948e+00 
 1.01945961e-07  1.19999527e+00  1.01945961e-07  3.30025991e+00 
 1.01972981e-07  1.20000371e+00  1.01972981e-07  3.29974438e+00 
 1.02000000e-07  1.19999663e+00  1.02000000e-07  3.30024908e+00 
 1.02005000e-07  1.19999934e+00  1.02005000e-07  3.30000509e+00 
 1.02015000e-07  1.20000105e+00  1.02015000e-07  3.29999678e+00 
 1.02035000e-07  1.19999912e+00  1.02035000e-07  3.30000903e+00 
 1.02075000e-07  1.20000033e+00  1.02075000e-07  3.29998835e+00 
 1.02125000e-07  1.19999997e+00  1.02125000e-07  3.30001200e+00 
 1.02162500e-07  1.20000050e+00  1.02162500e-07  3.29999502e+00 
 1.02200000e-07  1.19999778e+00  1.02200000e-07  3.30001495e+00 
 1.02205000e-07  1.19999749e+00  1.02205000e-07  3.29995932e+00 
 1.02215000e-07  1.19999628e+00  1.02215000e-07  3.29995673e+00 
 1.02235000e-07  1.20000755e+00  1.02235000e-07  3.30001762e+00 
 1.02275000e-07  1.19999653e+00  1.02275000e-07  3.30000838e+00 
 1.02325000e-07  1.19999919e+00  1.02325000e-07  3.30000178e+00 
 1.02375000e-07  1.20000271e+00  1.02375000e-07  3.29999194e+00 
 1.02425000e-07  1.19999684e+00  1.02425000e-07  3.30000622e+00 
 1.02475000e-07  1.20000285e+00  1.02475000e-07  3.29999320e+00 
 1.02525000e-07  1.19999739e+00  1.02525000e-07  3.30000655e+00 
 1.02575000e-07  1.20000217e+00  1.02575000e-07  3.29999382e+00 
 1.02625000e-07  1.19999805e+00  1.02625000e-07  3.30000602e+00 
 1.02675000e-07  1.20000157e+00  1.02675000e-07  3.29999429e+00 
 1.02725000e-07  1.19999859e+00  1.02725000e-07  3.30000550e+00 
 1.02775000e-07  1.20000109e+00  1.02775000e-07  3.29999473e+00 
 1.02825000e-07  1.19999901e+00  1.02825000e-07  3.30000505e+00 
 1.02875000e-07  1.20000073e+00  1.02875000e-07  3.29999514e+00 
 1.02925000e-07  1.19999932e+00  1.02925000e-07  3.30000465e+00 
 1.02975000e-07  1.20000046e+00  1.02975000e-07  3.29999552e+00 
 1.03025000e-07  1.19999955e+00  1.03025000e-07  3.30000430e+00 
 1.03075000e-07  1.20000026e+00  1.03075000e-07  3.29999586e+00 
 1.03125000e-07  1.19999971e+00  1.03125000e-07  3.30000398e+00 
 1.03175000e-07  1.20000013e+00  1.03175000e-07  3.29999616e+00 
 1.03225000e-07  1.19999982e+00  1.03225000e-07  3.30000368e+00 
 1.03275000e-07  1.20000004e+00  1.03275000e-07  3.29999644e+00 
 1.03325000e-07  1.19999989e+00  1.03325000e-07  3.30000342e+00 
 1.03375000e-07  1.19999998e+00  1.03375000e-07  3.29999669e+00 
 1.03425000e-07  1.19999994e+00  1.03425000e-07  3.30000318e+00 
 1.03475000e-07  1.19999995e+00  1.03475000e-07  3.29999692e+00 
 1.03525000e-07  1.19999997e+00  1.03525000e-07  3.30000296e+00 
 1.03575000e-07  1.19999992e+00  1.03575000e-07  3.29999713e+00 
 1.03625000e-07  1.19999999e+00  1.03625000e-07  3.30000275e+00 
 1.03675000e-07  1.19999991e+00  1.03675000e-07  3.29999733e+00 
 1.03725000e-07  1.20000000e+00  1.03725000e-07  3.30000256e+00 
 1.03775000e-07  1.19999990e+00  1.03775000e-07  3.29999751e+00 
 1.03825000e-07  1.20000000e+00  1.03825000e-07  3.30000239e+00 
 1.03875000e-07  1.19999990e+00  1.03875000e-07  3.29999769e+00 
 1.03925000e-07  1.20000001e+00  1.03925000e-07  3.30000222e+00 
 1.03975000e-07  1.19999990e+00  1.03975000e-07  3.29999785e+00 
 1.04025000e-07  1.20000001e+00  1.04025000e-07  3.30000206e+00 
 1.04075000e-07  1.19999990e+00  1.04075000e-07  3.29999800e+00 
 1.04125000e-07  1.20000000e+00  1.04125000e-07  3.30000192e+00 
 1.04175000e-07  1.19999990e+00  1.04175000e-07  3.29999814e+00 
 1.04225000e-07  1.20000000e+00  1.04225000e-07  3.30000178e+00 
 1.04275000e-07  1.19999990e+00  1.04275000e-07  3.29999828e+00 
 1.04325000e-07  1.20000000e+00  1.04325000e-07  3.30000165e+00 
 1.04375000e-07  1.19999990e+00  1.04375000e-07  3.29999840e+00 
 1.04425000e-07  1.20000000e+00  1.04425000e-07  3.30000152e+00 
 1.04475000e-07  1.19999991e+00  1.04475000e-07  3.29999853e+00 
 1.04525000e-07  1.20000000e+00  1.04525000e-07  3.30000140e+00 
 1.04575000e-07  1.19999991e+00  1.04575000e-07  3.29999864e+00 
 1.04625000e-07  1.20000000e+00  1.04625000e-07  3.30000129e+00 
 1.04675000e-07  1.19999991e+00  1.04675000e-07  3.29999875e+00 
 1.04725000e-07  1.19999999e+00  1.04725000e-07  3.30000118e+00 
 1.04775000e-07  1.19999991e+00  1.04775000e-07  3.29999886e+00 
 1.04825000e-07  1.19999999e+00  1.04825000e-07  3.30000108e+00 
 1.04875000e-07  1.19999991e+00  1.04875000e-07  3.29999896e+00 
 1.04925000e-07  1.19999999e+00  1.04925000e-07  3.30000098e+00 
 1.04975000e-07  1.19999992e+00  1.04975000e-07  3.29999905e+00 
 1.05025000e-07  1.19999999e+00  1.05025000e-07  3.30000089e+00 
 1.05075000e-07  1.19999992e+00  1.05075000e-07  3.29999914e+00 
 1.05125000e-07  1.19999999e+00  1.05125000e-07  3.30000080e+00 
 1.05175000e-07  1.19999992e+00  1.05175000e-07  3.29999923e+00 
 1.05225000e-07  1.19999998e+00  1.05225000e-07  3.30000072e+00 
 1.05275000e-07  1.19999992e+00  1.05275000e-07  3.29999931e+00 
 1.05325000e-07  1.19999998e+00  1.05325000e-07  3.30000064e+00 
 1.05375000e-07  1.19999992e+00  1.05375000e-07  3.29999939e+00 
 1.05425000e-07  1.19999998e+00  1.05425000e-07  3.30000056e+00 
 1.05475000e-07  1.19999992e+00  1.05475000e-07  3.29999946e+00 
 1.05525000e-07  1.19999998e+00  1.05525000e-07  3.30000049e+00 
 1.05575000e-07  1.19999992e+00  1.05575000e-07  3.29999953e+00 
 1.05625000e-07  1.19999998e+00  1.05625000e-07  3.30000042e+00 
 1.05675000e-07  1.19999993e+00  1.05675000e-07  3.29999960e+00 
 1.05725000e-07  1.19999998e+00  1.05725000e-07  3.30000036e+00 
 1.05775000e-07  1.19999993e+00  1.05775000e-07  3.29999966e+00 
 1.05825000e-07  1.19999998e+00  1.05825000e-07  3.30000030e+00 
 1.05875000e-07  1.19999993e+00  1.05875000e-07  3.29999972e+00 
 1.05925000e-07  1.19999998e+00  1.05925000e-07  3.30000024e+00 
 1.05975000e-07  1.19999993e+00  1.05975000e-07  3.29999977e+00 
 1.06025000e-07  1.19999997e+00  1.06025000e-07  3.30000019e+00 
 1.06075000e-07  1.19999993e+00  1.06075000e-07  3.29999983e+00 
 1.06125000e-07  1.19999997e+00  1.06125000e-07  3.30000013e+00 
 1.06175000e-07  1.19999993e+00  1.06175000e-07  3.29999988e+00 
 1.06225000e-07  1.19999997e+00  1.06225000e-07  3.30000008e+00 
 1.06275000e-07  1.19999993e+00  1.06275000e-07  3.29999993e+00 
 1.06325000e-07  1.19999997e+00  1.06325000e-07  3.30000004e+00 
 1.06375000e-07  1.19999993e+00  1.06375000e-07  3.29999997e+00 
 1.06425000e-07  1.19999997e+00  1.06425000e-07  3.29999999e+00 
 1.06475000e-07  1.19999993e+00  1.06475000e-07  3.30000001e+00 
 1.06525000e-07  1.19999997e+00  1.06525000e-07  3.29999995e+00 
 1.06575000e-07  1.19999993e+00  1.06575000e-07  3.30000005e+00 
 1.06625000e-07  1.19999997e+00  1.06625000e-07  3.29999991e+00 
 1.06675000e-07  1.19999993e+00  1.06675000e-07  3.30000009e+00 
 1.06725000e-07  1.19999997e+00  1.06725000e-07  3.29999988e+00 
 1.06775000e-07  1.19999994e+00  1.06775000e-07  3.30000013e+00 
 1.06825000e-07  1.19999997e+00  1.06825000e-07  3.29999984e+00 
 1.06875000e-07  1.19999994e+00  1.06875000e-07  3.30000016e+00 
 1.06925000e-07  1.19999997e+00  1.06925000e-07  3.29999981e+00 
 1.06975000e-07  1.19999994e+00  1.06975000e-07  3.30000019e+00 
 1.07025000e-07  1.19999997e+00  1.07025000e-07  3.29999978e+00 
 1.07075000e-07  1.19999994e+00  1.07075000e-07  3.30000022e+00 
 1.07125000e-07  1.19999997e+00  1.07125000e-07  3.29999975e+00 
 1.07175000e-07  1.19999994e+00  1.07175000e-07  3.30000025e+00 
 1.07225000e-07  1.19999996e+00  1.07225000e-07  3.29999972e+00 
 1.07275000e-07  1.19999994e+00  1.07275000e-07  3.30000027e+00 
 1.07325000e-07  1.19999996e+00  1.07325000e-07  3.29999970e+00 
 1.07375000e-07  1.19999994e+00  1.07375000e-07  3.30000030e+00 
 1.07425000e-07  1.19999996e+00  1.07425000e-07  3.29999968e+00 
 1.07475000e-07  1.19999994e+00  1.07475000e-07  3.30000032e+00 
 1.07525000e-07  1.19999996e+00  1.07525000e-07  3.29999965e+00 
 1.07575000e-07  1.19999994e+00  1.07575000e-07  3.30000034e+00 
 1.07625000e-07  1.19999996e+00  1.07625000e-07  3.29999963e+00 
 1.07675000e-07  1.19999994e+00  1.07675000e-07  3.30000036e+00 
 1.07725000e-07  1.19999996e+00  1.07725000e-07  3.29999962e+00 
 1.07775000e-07  1.19999994e+00  1.07775000e-07  3.30000038e+00 
 1.07825000e-07  1.19999996e+00  1.07825000e-07  3.29999960e+00 
 1.07875000e-07  1.19999994e+00  1.07875000e-07  3.30000040e+00 
 1.07925000e-07  1.19999996e+00  1.07925000e-07  3.29999958e+00 
 1.07975000e-07  1.19999994e+00  1.07975000e-07  3.30000041e+00 
 1.08025000e-07  1.19999996e+00  1.08025000e-07  3.29999957e+00 
 1.08075000e-07  1.19999994e+00  1.08075000e-07  3.30000043e+00 
 1.08125000e-07  1.19999996e+00  1.08125000e-07  3.29999955e+00 
 1.08175000e-07  1.19999994e+00  1.08175000e-07  3.30000044e+00 
 1.08225000e-07  1.19999996e+00  1.08225000e-07  3.29999954e+00 
 1.08275000e-07  1.19999994e+00  1.08275000e-07  3.30000045e+00 
 1.08325000e-07  1.19999996e+00  1.08325000e-07  3.29999953e+00 
 1.08375000e-07  1.19999994e+00  1.08375000e-07  3.30000047e+00 
 1.08425000e-07  1.19999996e+00  1.08425000e-07  3.29999952e+00 
 1.08475000e-07  1.19999995e+00  1.08475000e-07  3.30000048e+00 
 1.08525000e-07  1.19999996e+00  1.08525000e-07  3.29999951e+00 
 1.08575000e-07  1.19999995e+00  1.08575000e-07  3.30000049e+00 
 1.08625000e-07  1.19999996e+00  1.08625000e-07  3.29999950e+00 
 1.08675000e-07  1.19999995e+00  1.08675000e-07  3.30000049e+00 
 1.08725000e-07  1.19999996e+00  1.08725000e-07  3.29999949e+00 
 1.08775000e-07  1.19999995e+00  1.08775000e-07  3.30000050e+00 
 1.08825000e-07  1.19999996e+00  1.08825000e-07  3.29999948e+00 
 1.08875000e-07  1.19999995e+00  1.08875000e-07  3.30000051e+00 
 1.08925000e-07  1.19999996e+00  1.08925000e-07  3.29999948e+00 
 1.08975000e-07  1.19999995e+00  1.08975000e-07  3.30000051e+00 
 1.09025000e-07  1.19999996e+00  1.09025000e-07  3.29999947e+00 
 1.09075000e-07  1.19999995e+00  1.09075000e-07  3.30000052e+00 
 1.09125000e-07  1.19999996e+00  1.09125000e-07  3.29999946e+00 
 1.09175000e-07  1.19999995e+00  1.09175000e-07  3.30000053e+00 
 1.09225000e-07  1.19999996e+00  1.09225000e-07  3.29999946e+00 
 1.09275000e-07  1.19999995e+00  1.09275000e-07  3.30000053e+00 
 1.09325000e-07  1.19999996e+00  1.09325000e-07  3.29999946e+00 
 1.09375000e-07  1.19999995e+00  1.09375000e-07  3.30000053e+00 
 1.09425000e-07  1.19999996e+00  1.09425000e-07  3.29999945e+00 
 1.09475000e-07  1.19999995e+00  1.09475000e-07  3.30000054e+00 
 1.09525000e-07  1.19999995e+00  1.09525000e-07  3.29999945e+00 
 1.09575000e-07  1.19999995e+00  1.09575000e-07  3.30000054e+00 
 1.09625000e-07  1.19999995e+00  1.09625000e-07  3.29999945e+00 
 1.09675000e-07  1.19999995e+00  1.09675000e-07  3.30000054e+00 
 1.09725000e-07  1.19999995e+00  1.09725000e-07  3.29999944e+00 
 1.09775000e-07  1.19999995e+00  1.09775000e-07  3.30000054e+00 
 1.09825000e-07  1.19999995e+00  1.09825000e-07  3.29999944e+00 
 1.09875000e-07  1.19999995e+00  1.09875000e-07  3.30000054e+00 
 1.09925000e-07  1.19999995e+00  1.09925000e-07  3.29999944e+00 
 1.09962500e-07  1.19999995e+00  1.09962500e-07  3.30000055e+00 
 1.10000000e-07  1.19999995e+00  1.10000000e-07  3.29999944e+00 
 1.10005000e-07  1.19929438e+00  1.10005000e-07  3.29693704e+00 
 1.10015000e-07  1.19912148e+00  1.10015000e-07  3.29470566e+00 
 1.10035000e-07  1.19990391e+00  1.10035000e-07  3.29545997e+00 
 1.10075000e-07  1.19986063e+00  1.10075000e-07  3.30063930e+00 
 1.10125000e-07  1.21109186e+00  1.10125000e-07  3.35422671e+00 
 1.10162500e-07  1.24638196e+00  1.10162500e-07  3.41731135e+00 
 1.10200000e-07  3.86643226e-01  1.10200000e-07  3.29772909e+00 
 1.10205000e-07  1.77316354e-01  1.10205000e-07  3.24343164e+00 
 1.10215000e-07  6.38233195e-03  1.10215000e-07  3.03898950e+00 
 1.10235000e-07  9.19079616e-03  1.10235000e-07  1.37974437e+00 
 1.10262168e-07 -6.69206888e-03  1.10262168e-07  3.64133783e-02 
 1.10291494e-07  4.47798399e-03  1.10291494e-07  2.22417820e-02 
 1.10328316e-07 -3.45226597e-03  1.10328316e-07 -4.21201649e-03 
 1.10371595e-07  4.30056426e-03  1.10371595e-07  3.04867098e-03 
 1.10421595e-07 -4.17688249e-03  1.10421595e-07 -6.78766587e-03 
 1.10471595e-07  3.82913447e-03  1.10471595e-07  3.73108725e-03 
 1.10521595e-07 -3.41152558e-03  1.10521595e-07  1.61338871e-03 
 1.10571595e-07  3.03064287e-03  1.10571595e-07  1.14606875e-03 
 1.10621595e-07 -2.66576219e-03  1.10621595e-07  6.92533178e-04 
 1.10671595e-07  2.36268244e-03  1.10671595e-07 -1.51359647e-03 
 1.10721595e-07 -2.08946251e-03  1.10721595e-07  2.05015038e-03 
 1.10771595e-07  1.86289885e-03  1.10771595e-07 -2.40671223e-03 
 1.10821595e-07 -1.66217765e-03  1.10821595e-07  2.67616747e-03 
 1.10871595e-07  1.49247220e-03  1.10871595e-07 -2.86354598e-03 
 1.10921595e-07 -1.34220880e-03  1.10921595e-07  3.01131581e-03 
 1.10971595e-07  1.21242238e-03  1.10971595e-07 -3.10916773e-03 
 1.11021595e-07 -1.09695274e-03  1.11021595e-07  3.18605125e-03 
 1.11071595e-07  9.95488299e-04  1.11071595e-07 -3.22885923e-03 
 1.11121595e-07 -9.04753439e-04  1.11121595e-07  3.26053714e-03 
 1.11171595e-07  8.24057787e-04  1.11171595e-07 -3.26774618e-03 
 1.11221595e-07 -7.51618512e-04  1.11221595e-07  3.26966635e-03 
 1.11271595e-07  6.86691561e-04  1.11271595e-07 -3.25350302e-03 
 1.11321595e-07 -6.28262654e-04  1.11321595e-07  3.23563502e-03 
 1.11371595e-07  5.75643733e-04  1.11371595e-07 -3.20412732e-03 
 1.11421595e-07 -5.28216789e-04  1.11421595e-07  3.17311065e-03 
 1.11471595e-07  4.85387415e-04  1.11471595e-07 -3.13164024e-03 
 1.11521595e-07 -4.46741038e-04  1.11521595e-07  3.09197722e-03 
 1.11571595e-07  4.11788603e-04  1.11571595e-07 -3.04419909e-03 
 1.11621595e-07 -3.79969206e-04  1.11621595e-07  2.99503712e-03 
 1.11671595e-07  3.51915937e-04  1.11671595e-07 -2.95230425e-03 
 1.11721595e-07 -3.25569079e-04  1.11721595e-07  2.89492709e-03 
 1.11771595e-07  3.02664491e-04  1.11771595e-07 -2.84927830e-03 
 1.11821595e-07 -2.81014894e-04  1.11821595e-07  2.79107705e-03 
 1.11871595e-07  2.62289057e-04  1.11871595e-07 -2.74368758e-03 
 1.11921595e-07 -2.44469742e-04  1.11921595e-07  2.68556070e-03 
 1.11971595e-07  2.29139664e-04  1.11971595e-07 -2.63734216e-03 
 1.12021595e-07 -2.14444226e-04  1.12021595e-07  2.57992603e-03 
 1.12071595e-07  2.01875353e-04  1.12071595e-07 -2.53154553e-03 
 1.12121595e-07 -1.89727477e-04  1.12121595e-07  2.47527824e-03 
 1.12171595e-07  1.79404561e-04  1.12171595e-07 -2.42722141e-03 
 1.12221595e-07 -1.69333997e-04  1.12221595e-07  2.37239856e-03 
 1.12271595e-07  1.60838315e-04  1.12271595e-07 -2.32501779e-03 
 1.12321595e-07 -1.52461510e-04  1.12321595e-07  2.27183302e-03 
 1.12371595e-07  1.45452688e-04  1.12371595e-07 -2.22538244e-03 
 1.12421595e-07 -1.38456981e-04  1.12421595e-07  2.17395631e-03 
 1.12471595e-07  1.32658329e-04  1.12471595e-07 -2.12861710e-03 
 1.12521595e-07 -1.26788998e-04  1.12521595e-07  2.07901764e-03 
 1.12571595e-07  1.21975615e-04  1.12571595e-07 -2.03491638e-03 
 1.12621595e-07 -1.17025253e-04  1.12621595e-07  1.98717381e-03 
 1.12671595e-07  1.13014352e-04  1.12671595e-07 -1.94439600e-03 
 1.12721595e-07 -1.08814151e-04  1.12721595e-07  1.89851331e-03 
 1.12771595e-07  1.05457186e-04  1.12771595e-07 -1.85711332e-03 
 1.12821595e-07 -1.01869800e-04  1.12821595e-07  1.81307393e-03 
 1.12871595e-07  9.90460625e-05  1.12871595e-07 -1.77308241e-03 
 1.12921595e-07 -9.59597679e-05  1.12921595e-07  1.73085579e-03 
 1.12971595e-07  9.35711725e-05  1.12971595e-07 -1.69228533e-03 
 1.13021595e-07 -9.08951025e-05  1.13021595e-07  1.65183108e-03 
 1.13071595e-07  8.88619459e-05  1.13071595e-07 -1.61468042e-03 
 1.13121595e-07 -8.65221995e-05  1.13121595e-07  1.57595133e-03 
 1.13171595e-07  8.47797149e-05  1.13171595e-07 -1.54020862e-03 
 1.13221595e-07 -8.27161872e-05  1.13221595e-07  1.50315291e-03 
 1.13271595e-07  8.12117412e-05  1.13271595e-07 -1.46879824e-03 
 1.13321595e-07 -7.93755429e-05  1.13321595e-07  1.43336121e-03 
 1.13371595e-07  7.80663585e-05  1.13371595e-07 -1.40036859e-03 
 1.13421595e-07 -7.64177152e-05  1.13421595e-07  1.36649389e-03 
 1.13471595e-07  7.52690214e-05  1.13471595e-07 -1.33483272e-03 
 1.13521595e-07 -7.37755654e-05  1.13521595e-07  1.30246326e-03 
 1.13571595e-07  7.27590942e-05  1.13571595e-07 -1.27209960e-03 
 1.13621595e-07 -7.13944758e-05  1.13621595e-07  1.24117826e-03 
 1.13671595e-07  7.04872410e-05  1.13671595e-07 -1.21207572e-03 
 1.13721595e-07 -6.92300001e-05  1.13721595e-07  1.18254587e-03 
 1.13771595e-07  6.84133055e-05  1.13771595e-07 -1.15466641e-03 
 1.13821595e-07 -6.72459540e-05  1.13821595e-07  1.12647225e-03 
 1.13871595e-07  6.65045881e-05  1.13871595e-07 -1.09977677e-03 
 1.13921595e-07 -6.54128651e-05  1.13921595e-07  1.07286366e-03 
 1.13971595e-07  6.47344466e-05  1.13971595e-07 -1.04731244e-03 
 1.14021595e-07 -6.37067132e-05  1.14021595e-07  1.02162707e-03 
 1.14071595e-07  6.30811595e-05  1.14071595e-07 -9.97180208e-04 
 1.14121595e-07 -6.21079072e-05  1.14121595e-07  9.72670731e-04 
 1.14171595e-07  6.15270032e-05  1.14171595e-07 -9.49288416e-04 
 1.14221595e-07 -6.06004548e-05  1.14221595e-07  9.25904575e-04 
 1.14271595e-07  6.00575021e-05  1.14271595e-07 -9.03547322e-04 
 1.14321595e-07 -5.91712875e-05  1.14321595e-07  8.81240486e-04 
 1.14371595e-07  5.86608197e-05  1.14371595e-07 -8.59869341e-04 
 1.14421595e-07 -5.78097123e-05  1.14421595e-07  8.38592547e-04 
 1.14471595e-07  5.73272642e-05  1.14471595e-07 -8.18169236e-04 
 1.14521595e-07 -5.65069676e-05  1.14521595e-07  7.97877199e-04 
 1.14571595e-07  5.60488870e-05  1.14571595e-07 -7.78364240e-04 
 1.14621595e-07 -5.52558609e-05  1.14621595e-07  7.59013353e-04 
 1.14671595e-07  5.48191564e-05  1.14671595e-07 -7.40374151e-04 
 1.14721595e-07 -5.40504760e-05  1.14721595e-07  7.21922466e-04 
 1.14771595e-07  5.36326929e-05  1.14771595e-07 -7.04121381e-04 
 1.14821595e-07 -5.28859340e-05  1.14821595e-07  6.86528587e-04 
 1.14871595e-07  5.24850540e-05  1.14871595e-07 -6.69530982e-04 
 1.14921595e-07 -5.17582003e-05  1.14921595e-07  6.52758375e-04 
 1.14971595e-07  5.13725596e-05  1.14971595e-07 -6.36530652e-04 
 1.15021595e-07 -5.06639270e-05  1.15021595e-07  6.20541094e-04 
 1.15071595e-07  5.02921501e-05  1.15071595e-07 -6.05050718e-04 
 1.15121595e-07 -4.96003254e-05  1.15121595e-07  5.89808602e-04 
 1.15171595e-07  4.92412712e-05  1.15171595e-07 -5.75024109e-04 
 1.15221595e-07 -4.85650623e-05  1.15221595e-07  5.60495313e-04 
 1.15271595e-07  4.82177802e-05  1.15271595e-07 -5.46386320e-04 
 1.15321595e-07 -4.75561754e-05  1.15321595e-07  5.32538160e-04 
 1.15371595e-07  4.72198700e-05  1.15371595e-07 -5.19075358e-04 
 1.15421595e-07 -4.65720054e-05  1.15421595e-07  5.05876546e-04 
 1.15471595e-07  4.62460073e-05  1.15471595e-07 -4.93031693e-04 
 1.15521595e-07 -4.56111398e-05  1.15521595e-07  4.80452288e-04 
 1.15571595e-07  4.52948828e-05  1.15571595e-07 -4.68198195e-04 
 1.15621595e-07 -4.46723683e-05  1.15621595e-07  4.56209555e-04 
 1.15671595e-07  4.43653697e-05  1.15671595e-07 -4.44520071e-04 
 1.15721595e-07 -4.37546458e-05  1.15721595e-07  4.33094809e-04 
 1.15771595e-07  4.34564912e-05  1.15771595e-07 -4.21944797e-04 
 1.15821595e-07 -4.28570624e-05  1.15821595e-07  4.11056733e-04 
 1.15871595e-07  4.25673933e-05  1.15871595e-07 -4.00422050e-04 
 1.15921595e-07 -4.19788196e-05  1.15921595e-07  3.90046165e-04 
 1.15971595e-07  4.16973230e-05  1.15971595e-07 -3.79903640e-04 
 1.16021595e-07 -4.11192102e-05  1.16021595e-07  3.70016030e-04 
 1.16071595e-07  4.08456103e-05  1.16071595e-07 -3.60343434e-04 
 1.16121595e-07 -4.02776023e-05  1.16121595e-07  3.50921270e-04 
 1.16171595e-07  4.00116541e-05  1.16171595e-07 -3.41697291e-04 
 1.16221595e-07 -3.94534267e-05  1.16221595e-07  3.32718771e-04 
 1.16271595e-07  3.91949100e-05  1.16271595e-07 -3.23922988e-04 
 1.16321595e-07 -3.86461655e-05  1.16321595e-07  3.15367298e-04 
 1.16371595e-07  3.83948811e-05  1.16371595e-07 -3.06980149e-04 
 1.16421595e-07 -3.78553443e-05  1.16421595e-07  2.98827424e-04 
 1.16471595e-07  3.76111097e-05  1.16471595e-07 -2.90830181e-04 
 1.16521595e-07 -3.70805245e-05  1.16521595e-07  2.83061461e-04 
 1.16571595e-07  3.68431717e-05  1.16571595e-07 -2.75436200e-04 
 1.16621595e-07 -3.63212980e-05  1.16621595e-07  2.68033396e-04 
 1.16671595e-07  3.60906706e-05  1.16671595e-07 -2.60762971e-04 
 1.16721595e-07 -3.55772824e-05  1.16721595e-07  2.53708823e-04 
 1.16771595e-07  3.53532338e-05  1.16771595e-07 -2.46776836e-04 
 1.16821595e-07 -3.48481169e-05  1.16821595e-07  2.40054884e-04 
 1.16871595e-07  3.46305089e-05  1.16871595e-07 -2.33445656e-04 
 1.16921595e-07 -3.41334597e-05  1.16921595e-07  2.27040199e-04 
 1.16971595e-07  3.39221609e-05  1.16971595e-07 -2.20738747e-04 
 1.17021595e-07 -3.34329850e-05  1.17021595e-07  2.14634815e-04 
 1.17071595e-07  3.32278701e-05  1.17071595e-07 -2.08626820e-04 
 1.17121595e-07 -3.27463811e-05  1.17121595e-07  2.02810137e-04 
 1.17171595e-07  3.25473299e-05  1.17171595e-07 -1.97081922e-04 
 1.17221595e-07 -3.20733488e-05  1.17221595e-07  1.91538881e-04 
 1.17271595e-07  3.18802454e-05  1.17271595e-07 -1.86077383e-04 
 1.17321595e-07 -3.14135996e-05  1.17321595e-07  1.80795011e-04 
 1.17371595e-07  3.12263322e-05  1.17371595e-07 -1.75587759e-04 
 1.17421595e-07 -3.07668551e-05  1.17421595e-07  1.70553691e-04 
 1.17471595e-07  3.05853150e-05  1.17471595e-07 -1.65588778e-04 
 1.17521595e-07 -3.01328453e-05  1.17521595e-07  1.60791230e-04 
 1.17571595e-07  2.99569271e-05  1.17571595e-07 -1.56057291e-04 
 1.17621595e-07 -2.95113087e-05  1.17621595e-07  1.51485033e-04 
 1.17671595e-07  2.93409094e-05  1.17671595e-07 -1.46971225e-04 
 1.17721595e-07 -2.89019907e-05  1.17721595e-07  1.42613556e-04 
 1.17771595e-07  2.87370102e-05  1.17771595e-07 -1.38309531e-04 
 1.17821595e-07 -2.83046438e-05  1.17821595e-07  1.34156254e-04 
 1.17871595e-07  2.81449839e-05  1.17871595e-07 -1.30052143e-04 
 1.17921595e-07 -2.77190268e-05  1.17921595e-07  1.26093545e-04 
 1.17971595e-07  2.75645915e-05  1.17971595e-07 -1.22179933e-04 
 1.18021595e-07 -2.71449042e-05  1.18021595e-07  1.18406758e-04 
 1.18071595e-07  2.69955996e-05  1.18071595e-07 -1.14674666e-04 
 1.18121595e-07 -2.65820463e-05  1.18121595e-07  1.11078098e-04 
 1.18171595e-07  2.64377802e-05  1.18171595e-07 -1.07518965e-04 
 1.18221595e-07 -2.60302287e-05  1.18221595e-07  1.04090606e-04 
 1.18271595e-07  2.58909107e-05  1.18271595e-07 -1.00696270e-04 
 1.18321595e-07 -2.54892319e-05  1.18321595e-07  9.74281208e-05 
 1.18371595e-07  2.53547732e-05  1.18371595e-07 -9.41907978e-05 
 1.18421595e-07 -2.49588414e-05  1.18421595e-07  9.10752401e-05 
 1.18471595e-07  2.48291549e-05  1.18471595e-07 -8.79875128e-05 
 1.18521595e-07 -2.44388472e-05  1.18521595e-07  8.50172899e-05 
 1.18571595e-07  2.43138472e-05  1.18571595e-07 -8.20720876e-05 
 1.18621595e-07 -2.39290438e-05  1.18621595e-07  7.92402886e-05 
 1.18671595e-07  2.38086463e-05  1.18671595e-07 -7.64308726e-05 
 1.18721595e-07 -2.34292302e-05  1.18721595e-07  7.37309163e-05 
 1.18771595e-07  2.33133524e-05  1.18771595e-07 -7.10508648e-05 
 1.18821595e-07 -2.29392092e-05  1.18821595e-07  6.84764838e-05 
 1.18871595e-07  2.28277700e-05  1.18871595e-07 -6.59196773e-05 
 1.18921595e-07 -2.24587881e-05  1.18921595e-07  6.34649035e-05 
 1.18971595e-07  2.23517075e-05  1.18971595e-07 -6.10255114e-05 
 1.19021595e-07 -2.19877779e-05  1.19021595e-07  5.86846617e-05 
 1.19071595e-07  2.18849774e-05  1.19071595e-07 -5.63571286e-05 
 1.19121595e-07 -2.15259934e-05  1.19121595e-07  5.41247918e-05 
 1.19171595e-07  2.14273957e-05  1.19171595e-07 -5.19038251e-05 
 1.19221595e-07 -2.10732532e-05  1.19221595e-07  4.97748485e-05 
 1.19271595e-07  2.09787825e-05  1.19271595e-07 -4.76554064e-05 
 1.19321595e-07 -2.06293797e-05  1.19321595e-07  4.56248840e-05 
 1.19371595e-07  2.05389611e-05  1.19371595e-07 -4.36021635e-05 
 1.19421595e-07 -2.01941985e-05  1.19421595e-07  4.16654241e-05 
 1.19471595e-07  2.01077588e-05  1.19471595e-07 -3.97348504e-05 
 1.19521595e-07 -1.97675391e-05  1.19521595e-07  3.78874467e-05 
 1.19571595e-07  1.96850061e-05  1.19571595e-07 -3.60446620e-05 
 1.19621595e-07 -1.93492341e-05  1.19621595e-07  3.42823595e-05 
 1.19671595e-07  1.92705368e-05  1.19671595e-07 -3.25232135e-05 
 1.19721595e-07 -1.89391196e-05  1.19721595e-07  3.08419808e-05 
 1.19771595e-07  1.88641881e-05  1.19771595e-07 -2.91625205e-05 
 1.19821595e-07 -1.85370349e-05  1.19821595e-07  2.75585196e-05 
 1.19871595e-07  1.84658007e-05  1.19871595e-07 -2.59549803e-05 
 1.19921595e-07 -1.81428223e-05  1.19921595e-07  2.44245569e-05 
 1.19960797e-07  1.80220451e-05  1.19960797e-07 -2.24826997e-05 
 1.20000000e-07 -1.76511995e-05  1.20000000e-07  2.06331276e-05 
 1.20005000e-07  3.81715056e-04  1.20005000e-07  4.66212988e-03 
 1.20015000e-07  1.99923279e-04  1.20015000e-07  4.56806865e-03 
 1.20035000e-07 -9.54971342e-05  1.20035000e-07  3.00016305e-04 
 1.20075000e-07  1.33537535e-04  1.20075000e-07  6.53659686e-04 
 1.20125000e-07 -7.93410000e-05  1.20125000e-07  3.01437496e-04 
 1.20162500e-07  3.03265279e-05  1.20162500e-07  7.72388149e-04 
 1.20200000e-07 -4.39776762e-05  1.20200000e-07 -5.63282997e-03 
 1.20205000e-07 -3.73977349e-04  1.20205000e-07 -3.33358252e-03 
 1.20215000e-07 -3.09323224e-04  1.20215000e-07 -1.23961058e-03 
 1.20235000e-07  1.12128384e-04  1.20235000e-07 -7.28812894e-04 
 1.20260904e-07 -5.70879883e-05  1.20260904e-07 -7.62573671e-04 
 1.20292475e-07  3.50085585e-05  1.20292475e-07 -3.61873783e-04 
 1.20331313e-07 -2.61134324e-05  1.20331313e-07  3.18873839e-04 
 1.20381313e-07  2.17864236e-05  1.20381313e-07  5.58044358e-07 
 1.20431233e-07 -1.84038803e-05  1.20431233e-07 -2.77949769e-05 
 1.20481233e-07  1.61579616e-05  1.20481233e-07  7.64162715e-06 
 1.20531233e-07 -1.41873488e-05  1.20531233e-07 -5.35782818e-06 
 1.20581233e-07  1.28485760e-05  1.20581233e-07 -1.71241880e-06 
 1.20631233e-07 -1.15171425e-05  1.20631233e-07  3.46812419e-06 
 1.20681233e-07  1.06152604e-05  1.20681233e-07 -6.72286971e-06 
 1.20731233e-07 -9.60142422e-06  1.20731233e-07  8.42001688e-06 
 1.20781233e-07  8.93075006e-06  1.20781233e-07 -1.05177351e-05 
 1.20831233e-07 -8.09453649e-06  1.20831233e-07  1.20954664e-05 
 1.20881233e-07  7.56278524e-06  1.20881233e-07 -1.36852595e-05 
 1.20931233e-07 -6.84079535e-06  1.20931233e-07  1.50520626e-05 
 1.20981233e-07  6.40536928e-06  1.20981233e-07 -1.62991206e-05 
 1.21031233e-07 -5.76788300e-06  1.21031233e-07  1.74090289e-05 
 1.21081233e-07  5.40789902e-06  1.21081233e-07 -1.83662169e-05 
 1.21131233e-07 -4.83946631e-06  1.21131233e-07  1.92196977e-05 
 1.21181233e-07  4.54330513e-06  1.21181233e-07 -1.99200966e-05 
 1.21231233e-07 -4.03460856e-06  1.21231233e-07  2.05372344e-05 
 1.21281233e-07  3.79452846e-06  1.21281233e-07 -2.10134566e-05 
 1.21331233e-07 -3.33875815e-06  1.21331233e-07  2.14241990e-05 
 1.21381233e-07  3.14860018e-06  1.21381233e-07 -2.17101591e-05 
 1.21431233e-07 -2.73998228e-06  1.21431233e-07  2.19474098e-05 
 1.21481233e-07  2.59426974e-06  1.21481233e-07 -2.20763309e-05 
 1.21531233e-07 -2.22752477e-06  1.21531233e-07  2.21720272e-05 
 1.21581233e-07  2.12116316e-06  1.21581233e-07 -2.21745868e-05 
 1.21631233e-07 -1.79135112e-06  1.21631233e-07  2.21576903e-05 
 1.21681233e-07  1.71956716e-06  1.21681233e-07 -2.20609646e-05 
 1.21731233e-07 -1.42207704e-06  1.21731233e-07  2.19566214e-05 
 1.21781233e-07  1.38043745e-06  1.21781233e-07 -2.17837174e-05 
 1.21831233e-07 -1.11101625e-06  1.21831233e-07  2.16131014e-05 
 1.21881233e-07  1.09545973e-06  1.21881233e-07 -2.13832359e-05 
 1.21931233e-07 -8.50239951e-07  1.21931233e-07  2.11637658e-05 
 1.21965616e-07  8.08648543e-07  1.21965616e-07 -2.07718371e-05 
 1.22000000e-07 -5.46084421e-07  1.22000000e-07  2.03818221e-05 
 1.22005000e-07  4.61203696e-07  1.22005000e-07  1.10605891e-05 
 1.22015000e-07 -9.25976026e-07  1.22015000e-07 -1.37099263e-05 
 1.22035000e-07  5.70754370e-07  1.22035000e-07  4.84812270e-06 
 1.22075000e-07 -1.13514377e-08  1.22075000e-07 -3.02621233e-06 
 1.22125000e-07 -3.08553058e-07  1.22125000e-07  2.89728034e-06 
 1.22162500e-07  8.48799404e-07  1.22162500e-07 -1.13946816e-05 
 1.22200000e-07  9.61325258e-07  1.22200000e-07  4.32812381e-05 
 1.22205000e-07 -6.46913541e-06  1.22205000e-07 -9.44178304e-06 
 1.22215000e-07 -1.11913522e-06  1.22215000e-07 -1.13101311e-05 
 1.22235000e-07  5.02641059e-06  1.22235000e-07 -1.70480720e-05 
 1.22275000e-07 -4.54466348e-06  1.22275000e-07  8.67491617e-06 
 1.22325000e-07  4.13061159e-06  1.22325000e-07 -8.71848642e-07 
 1.22375000e-07 -3.45706365e-06  1.22375000e-07  6.31659027e-07 
 1.22425000e-07  3.02540632e-06  1.22425000e-07 -4.74675374e-07 
 1.22475000e-07 -2.39411001e-06  1.22475000e-07  3.42331465e-08 
 1.22525000e-07  2.05808068e-06  1.22525000e-07  3.31986347e-07 
 1.22575000e-07 -1.54085801e-06  1.22575000e-07 -7.23862835e-07 
 1.22625000e-07  1.32382898e-06  1.22625000e-07  1.07127936e-06 
 1.22675000e-07 -9.20445745e-07  1.22675000e-07 -1.37247093e-06 
 1.22725000e-07  8.07421860e-07  1.22725000e-07  1.65387338e-06 
 1.22775000e-07 -4.95925644e-07  1.22775000e-07 -1.87508567e-06 
 1.22825000e-07  4.62272461e-07  1.22825000e-07  2.09086503e-06 
 1.22875000e-07 -2.18104771e-07  1.22875000e-07 -2.24696900e-06 
 1.22925000e-07  2.40798955e-07  1.22925000e-07  2.40660299e-06 
 1.22975000e-07 -4.32430295e-08  1.22975000e-07 -2.51060234e-06 
 1.23025000e-07  1.04135164e-07  1.23025000e-07  2.62452968e-06 
 1.23075000e-07  6.23831135e-08  1.23075000e-07 -2.68731609e-06 
 1.23125000e-07  2.35409171e-08  1.23125000e-07  2.76497755e-06 
 1.23175000e-07  1.22931636e-07  1.23175000e-07 -2.79556111e-06 
 1.23225000e-07 -2.10641253e-08  1.23225000e-07  2.84496056e-06 
 1.23275000e-07  1.54942000e-07  1.23275000e-07 -2.85070629e-06 
 1.23325000e-07 -4.31969833e-08  1.23325000e-07  2.87842232e-06 
 1.23375000e-07  1.69387246e-07  1.23375000e-07 -2.86527762e-06 
 1.23425000e-07 -5.17119390e-08  1.23425000e-07  2.87661545e-06 
 1.23475000e-07  1.73372928e-07  1.23475000e-07 -2.84932724e-06 
 1.23525000e-07 -5.22815775e-08  1.23525000e-07  2.84850548e-06 
 1.23575000e-07  1.71404857e-07  1.23575000e-07 -2.81082129e-06 
 1.23625000e-07 -4.84667649e-08  1.23625000e-07  2.80115547e-06 
 1.23675000e-07  1.66282231e-07  1.23675000e-07 -2.75600319e-06 
 1.23725000e-07 -4.24554064e-08  1.23725000e-07  2.74007135e-06 
 1.23775000e-07  1.59704328e-07  1.23775000e-07 -2.68971540e-06 
 1.23825000e-07 -3.55577205e-08  1.23825000e-07  2.66950166e-06 
 1.23875000e-07  1.52672704e-07  1.23875000e-07 -2.61567555e-06 
 1.23925000e-07 -2.85312976e-08  1.23925000e-07  2.59269106e-06 
 1.23975000e-07  1.45752924e-07  1.23975000e-07 -2.53670788e-06 
 1.24025000e-07 -2.17912233e-08  1.24025000e-07  2.51209094e-06 
 1.24075000e-07  1.39242597e-07  1.24075000e-07 -2.45493393e-06 
 1.24125000e-07 -1.55439199e-08  1.24125000e-07  2.42953170e-06 
 1.24175000e-07  1.33277883e-07  1.24175000e-07 -2.37192766e-06 
 1.24225000e-07 -9.87179140e-09  1.24225000e-07  2.34636192e-06 
 1.24275000e-07  1.27900387e-07  1.24275000e-07 -2.28884007e-06 
 1.24325000e-07 -4.78585682e-09  1.24325000e-07  2.26355966e-06 
 1.24375000e-07  1.23098563e-07  1.24375000e-07 -2.20649826e-06 
 1.24425000e-07 -2.58265284e-10  1.24425000e-07  2.18182051e-06 
 1.24475000e-07  1.18833101e-07  1.24475000e-07 -2.12548353e-06 
 1.24525000e-07  3.75800874e-09  1.24525000e-07  2.10162665e-06 
 1.24575000e-07  1.15052116e-07  1.24575000e-07 -2.04619242e-06 
 1.24625000e-07  7.31752466e-09  1.24625000e-07  2.02330073e-06 
 1.24675000e-07  1.11700044e-07  1.24675000e-07 -1.96888399e-06 
 1.24725000e-07  1.04756094e-08  1.24725000e-07  1.94704728e-06 
 1.24775000e-07  1.08722675e-07  1.24775000e-07 -1.89371622e-06 
 1.24825000e-07  1.32847414e-08  1.24825000e-07  1.87298456e-06 
 1.24875000e-07  1.06069685e-07  1.24875000e-07 -1.82077364e-06 
 1.24925000e-07  1.57927758e-08  1.24925000e-07  1.80116866e-06 
 1.24975000e-07  1.03695879e-07  1.24975000e-07 -1.75008843e-06 
 1.25025000e-07  1.80422012e-08  1.25025000e-07  1.73161165e-06 
 1.25075000e-07  1.01561470e-07  1.25075000e-07 -1.68165601e-06 
 1.25125000e-07  2.00701196e-08  1.25125000e-07  1.66429523e-06 
 1.25175000e-07  9.96319657e-08  1.25175000e-07 -1.61544678e-06 
 1.25225000e-07  2.19085132e-08  1.25225000e-07  1.59918063e-06 
 1.25275000e-07  9.78777622e-08  1.25275000e-07 -1.55141466e-06 
 1.25325000e-07  2.35847279e-08  1.25325000e-07  1.53621597e-06 
 1.25375000e-07  9.62736814e-08  1.25375000e-07 -1.48950333e-06 
 1.25425000e-07  2.51219451e-08  1.25425000e-07  1.47534158e-06 
 1.25475000e-07  9.47983655e-08  1.25475000e-07 -1.42965060e-06 
 1.25525000e-07  2.65397664e-08  1.25525000e-07  1.41649358e-06 
 1.25575000e-07  9.34338546e-08  1.25575000e-07 -1.37179162e-06 
 1.25625000e-07  2.78546794e-08  1.25625000e-07  1.35960658e-06 
 1.25675000e-07  9.21650329e-08  1.25675000e-07 -1.31586092e-06 
 1.25725000e-07  2.90805107e-08  1.25725000e-07  1.30461542e-06 
 1.25775000e-07  9.09792437e-08  1.25775000e-07 -1.26179390e-06 
 1.25825000e-07  3.02288652e-08  1.25825000e-07  1.25145625e-06 
 1.25875000e-07  8.98658438e-08  1.25875000e-07 -1.20952763e-06 
 1.25925000e-07  3.13094642e-08  1.25925000e-07  1.20006724e-06 
 1.25975000e-07  8.88159686e-08  1.25975000e-07 -1.15900149e-06 
 1.26025000e-07  3.23304308e-08  1.26025000e-07  1.15038898e-06 
 1.26075000e-07  8.78221761e-08  1.26075000e-07 -1.11015735e-06 
 1.26125000e-07  3.32985598e-08  1.26125000e-07  1.10236465e-06 
 1.26175000e-07  8.68782385e-08  1.26175000e-07 -1.06293969e-06 
 1.26225000e-07  3.42195773e-08  1.26225000e-07  1.05594004e-06 
 1.26275000e-07  8.59789117e-08  1.26275000e-07 -1.01729557e-06 
 1.26325000e-07  3.50982703e-08  1.26325000e-07  1.01106346e-06 
 1.26375000e-07  8.51198011e-08  1.26375000e-07 -9.73174555e-07 
 1.26425000e-07  3.59386798e-08  1.26425000e-07  9.67685666e-07 
 1.26475000e-07  8.42972146e-08  1.26475000e-07 -9.30528537e-07 
 1.26525000e-07  3.67442049e-08  1.26525000e-07  9.25759643e-07 
 1.26575000e-07  8.35079919e-08  1.26575000e-07 -8.89311582e-07 
 1.26625000e-07  3.75177544e-08  1.26625000e-07  8.85240504e-07 
 1.26675000e-07  8.27494816e-08  1.26675000e-07 -8.49479781e-07 
 1.26725000e-07  3.82617735e-08  1.26725000e-07  8.46085277e-07 
 1.26775000e-07  8.20193944e-08  1.26775000e-07 -8.10991069e-07 
 1.26825000e-07  3.89783753e-08  1.26825000e-07  8.08252743e-07 
 1.26875000e-07  8.13157901e-08  1.26875000e-07 -7.73805059e-07 
 1.26925000e-07  3.96693860e-08  1.26925000e-07  7.71703326e-07 
 1.26975000e-07  8.06369750e-08  1.26975000e-07 -7.37882894e-07 
 1.27025000e-07  4.03363502e-08  1.27025000e-07  7.36398874e-07 
 1.27075000e-07  7.99814862e-08  1.27075000e-07 -7.03187170e-07 
 1.27125000e-07  4.09806580e-08  1.27125000e-07  7.02302639e-07 
 1.27175000e-07  7.93480373e-08  1.27175000e-07 -6.69681734e-07 
 1.27225000e-07  4.16035075e-08  1.27225000e-07  6.69379089e-07 
 1.27275000e-07  7.87355003e-08  1.27275000e-07 -6.37331633e-07 
 1.27325000e-07  4.22059733e-08  1.27325000e-07  6.37593822e-07 
 1.27375000e-07  7.81428490e-08  1.27375000e-07 -6.06103028e-07 
 1.27425000e-07  4.27890027e-08  1.27425000e-07  6.06913512e-07 
 1.27475000e-07  7.75692127e-08  1.27475000e-07 -5.75963076e-07 
 1.27525000e-07  4.33534310e-08  1.27525000e-07  5.77305799e-07 
 1.27575000e-07  7.70137799e-08  1.27575000e-07 -5.46879880e-07 
 1.27625000e-07  4.39000480e-08  1.27625000e-07  5.48739249e-07 
 1.27675000e-07  7.64757850e-08  1.27675000e-07 -5.18822472e-07 
 1.27725000e-07  4.44295730e-08  1.27725000e-07  5.21183315e-07 
 1.27775000e-07  7.59545465e-08  1.27775000e-07 -4.91760680e-07 
 1.27825000e-07  4.49426503e-08  1.27825000e-07  4.94608221e-07 
 1.27875000e-07  7.54494798e-08  1.27875000e-07 -4.65665173e-07 
 1.27925000e-07  4.54398534e-08  1.27925000e-07  4.68985031e-07 
 1.27975000e-07  7.49599799e-08  1.27975000e-07 -4.40507339e-07 
 1.28025000e-07  4.59217714e-08  1.28025000e-07  4.44285493e-07 
 1.28075000e-07  7.44855042e-08  1.28075000e-07 -4.16259329e-07 
 1.28125000e-07  4.63889099e-08  1.28125000e-07  4.20482122e-07 
 1.28175000e-07  7.40255642e-08  1.28175000e-07 -3.92893976e-07 
 1.28225000e-07  4.68417641e-08  1.28225000e-07  3.97548080e-07 
 1.28275000e-07  7.35796671e-08  1.28275000e-07 -3.70384803e-07 
 1.28325000e-07  4.72808080e-08  1.28325000e-07  3.75457227e-07 
 1.28375000e-07  7.31473509e-08  1.28375000e-07 -3.48705983e-07 
 1.28425000e-07  4.77064811e-08  1.28425000e-07  3.54184070e-07 
 1.28475000e-07  7.27282147e-08  1.28475000e-07 -3.27832345e-07 
 1.28525000e-07  4.81191888e-08  1.28525000e-07  3.33703717e-07 
 1.28575000e-07  7.23218159e-08  1.28575000e-07 -3.07739279e-07 
 1.28625000e-07  4.85193587e-08  1.28625000e-07  3.13991901e-07 
 1.28675000e-07  7.19277708e-08  1.28675000e-07 -2.88402884e-07 
 1.28725000e-07  4.89073660e-08  1.28725000e-07  2.95025002e-07 
 1.28775000e-07  7.15457071e-08  1.28775000e-07 -2.69799780e-07 
 1.28825000e-07  4.92835654e-08  1.28825000e-07  2.76779920e-07 
 1.28875000e-07  7.11752642e-08  1.28875000e-07 -2.51907155e-07 
 1.28925000e-07  4.96483270e-08  1.28925000e-07  2.59234168e-07 
 1.28975000e-07  7.08160969e-08  1.28975000e-07 -2.34702843e-07 
 1.29025000e-07  5.00019837e-08  1.29025000e-07  2.42365816e-07 
 1.29075000e-07  7.04678579e-08  1.29075000e-07 -2.18165170e-07 
 1.29125000e-07  5.03448717e-08  1.29125000e-07  2.26153485e-07 
 1.29175000e-07  7.01302286e-08  1.29175000e-07 -2.02273041e-07 
 1.29225000e-07  5.06773189e-08  1.29225000e-07  2.10576371e-07 
 1.29275000e-07  6.98028888e-08  1.29275000e-07 -1.87005901e-07 
 1.29325000e-07  5.09996193e-08  1.29325000e-07  1.95614136e-07 
 1.29375000e-07  6.94855426e-08  1.29375000e-07 -1.72343700e-07 
 1.29425000e-07  5.13120761e-08  1.29425000e-07  1.81247058e-07 
 1.29475000e-07  6.91778984e-08  1.29475000e-07 -1.58266956e-07 
 1.29525000e-07  5.16149767e-08  1.29525000e-07  1.67455844e-07 
 1.29575000e-07  6.88796560e-08  1.29575000e-07 -1.44756653e-07 
 1.29625000e-07  5.19086163e-08  1.29625000e-07  1.54221781e-07 
 1.29675000e-07  6.85905519e-08  1.29675000e-07 -1.31794292e-07 
 1.29725000e-07  5.21932430e-08  1.29725000e-07  1.41526594e-07 
 1.29775000e-07  6.83103247e-08  1.29775000e-07 -1.19361885e-07 
 1.29825000e-07  5.24691425e-08  1.29825000e-07  1.29352536e-07 
 1.29875000e-07  6.80386983e-08  1.29875000e-07 -1.07441908e-07 
 1.29925000e-07  5.27365446e-08  1.29925000e-07  1.17682335e-07 
 1.29962500e-07  6.77323618e-08  1.29962500e-07 -9.41599586e-08 
 1.30000000e-07  5.30803230e-08  1.30000000e-07  1.02876455e-07 
 1.30005000e-07 -3.08056476e-04  1.30005000e-07 -1.27834539e-03 
 1.30015000e-07 -2.39661485e-04  1.30015000e-07 -1.07205355e-03 
 1.30035000e-07  4.09811740e-05  1.30035000e-07 -7.48726092e-04 
 1.30075000e-07 -7.66799684e-05  1.30075000e-07 -4.79596241e-03 
 1.30125000e-07  3.23055426e-05  1.30125000e-07  3.69319560e-03 
 1.30162500e-07  7.05994842e-05  1.30162500e-07 -1.73214173e-03 
 1.30200000e-07 -1.16616100e-04  1.30200000e-07  1.67667475e-03 
 1.30205000e-07  3.29968823e-04  1.30205000e-07  5.17838233e-03 
 1.30215000e-07  5.19676229e-04  1.30215000e-07  4.37493150e-03 
 1.30235000e-07  1.06731317e-03  1.30235000e-07 -9.76016380e-05 
 1.30263095e-07  4.46712341e-04  1.30263095e-07  6.37835662e-04 
 1.30298608e-07 -2.63292139e-03  1.30298608e-07  2.60421837e-03 
 1.30330864e-07  1.70471104e-03  1.30330864e-07  2.54379140e-03 
 1.30380864e-07 -8.34085834e-04  1.30380864e-07  1.89084672e-03 
 1.30426563e-07  5.08293778e-04  1.30426563e-07 -3.99176942e-03 
 1.30476563e-07 -3.36698742e-04  1.30476563e-07 -4.08953412e-03 
 1.30526563e-07  2.50554667e-04  1.30526563e-07  3.60242149e-03 
 1.30576563e-07 -1.84929934e-04  1.30576563e-07 -2.43779627e-03 
 1.30626563e-07  1.43322182e-04  1.30626563e-07  1.99498817e-03 
 1.30676563e-07 -1.07127830e-04  1.30676563e-07 -1.62221424e-03 
 1.30726563e-07  8.15010182e-05  1.30726563e-07  1.37997809e-03 
 1.30776563e-07 -5.81304842e-05  1.30776563e-07 -1.17347973e-03 
 1.30826563e-07  4.09201095e-05  1.30826563e-07  1.02762417e-03 
 1.30876563e-07 -2.49864555e-05  1.30876563e-07 -9.02210052e-04 
 1.30926563e-07  1.31806269e-05  1.30926563e-07  8.09234828e-04 
 1.30976563e-07 -2.16949301e-06  1.30976563e-07 -7.28007292e-04 
 1.31026563e-07 -5.88063448e-06  1.31026563e-07  6.65591984e-04 
 1.31076563e-07  1.34539730e-05  1.31076563e-07 -6.10101329e-04 
 1.31126563e-07 -1.88224444e-05  1.31126563e-07  5.66265397e-04 
 1.31176563e-07  2.39481016e-05  1.31176563e-07 -5.26630856e-04 
 1.31226563e-07 -2.73909996e-05  1.31226563e-07  4.94620752e-04 
 1.31276563e-07  3.07670950e-05  1.31276563e-07 -4.65217723e-04 
 1.31326563e-07 -3.28330205e-05  1.31326563e-07  4.41025659e-04 
 1.31376563e-07  3.49633214e-05  1.31376563e-07 -4.18470015e-04 
 1.31426563e-07 -3.60391125e-05  1.31426563e-07  3.99626245e-04 
 1.31476563e-07  3.73181951e-05  1.31476563e-07 -3.81758472e-04 
 1.31526563e-07 -3.77026004e-05  1.31526563e-07  3.66625468e-04 
 1.31576563e-07  3.83661902e-05  1.31576563e-07 -3.52086930e-04 
 1.31626563e-07 -3.82843556e-05  1.31626563e-07  3.39589272e-04 
 1.31676563e-07  3.85264724e-05  1.31676563e-07 -3.27439652e-04 
 1.31726563e-07 -3.81343952e-05  1.31726563e-07  3.16850716e-04 
 1.31776563e-07  3.80944372e-05  1.31776563e-07 -3.06449584e-04 
 1.31826563e-07 -3.75035471e-05  1.31826563e-07  2.97268057e-04 
 1.31876563e-07  3.72811205e-05  1.31876563e-07 -2.88171455e-04 
 1.31926563e-07 -3.65702719e-05  1.31926563e-07  2.80048509e-04 
 1.31976563e-07  3.62358655e-05  1.31976563e-07 -2.71945768e-04 
 1.32026563e-07 -3.54601062e-05  1.32026563e-07  2.64636829e-04 
 1.32076563e-07  3.50629539e-05  1.32076563e-07 -2.57308763e-04 
 1.32126563e-07 -3.42600224e-05  1.32126563e-07  2.50641162e-04 
 1.32176563e-07  3.38339270e-05  1.32176563e-07 -2.43931861e-04 
 1.32226563e-07 -3.30290682e-05  1.32226563e-07  2.37782764e-04 
 1.32276563e-07  3.25967106e-05  1.32276563e-07 -2.31580295e-04 
 1.32326563e-07 -3.18062356e-05  1.32326563e-07  2.25861490e-04 
 1.32376563e-07  3.13823514e-05  1.32376563e-07 -2.20084562e-04 
 1.32426563e-07 -3.06162545e-05  1.32426563e-07  2.14731914e-04 
 1.32476563e-07  3.02099662e-05  1.32476563e-07 -2.09320621e-04 
 1.32526563e-07 -2.94738397e-05  1.32526563e-07  2.04286740e-04 
 1.32576563e-07  2.90903587e-05  1.32576563e-07 -1.99196127e-04 
 1.32626563e-07 -2.83867832e-05  1.32626563e-07  1.94445272e-04 
 1.32676563e-07  2.80286442e-05  1.32676563e-07 -1.89640860e-04 
 1.32726563e-07 -2.73581904e-05  1.32726563e-07  1.85145407e-04 
 1.32776563e-07  2.70261392e-05  1.32776563e-07 -1.80600081e-04 
 1.32826563e-07 -2.63880834e-05  1.32826563e-07  1.76338080e-04 
 1.32876563e-07  2.60817103e-05  1.32876563e-07 -1.72029932e-04 
 1.32926563e-07 -2.54745385e-05  1.32926563e-07  1.67983422e-04 
 1.32976563e-07  2.51927240e-05  1.32976563e-07 -1.63894265e-04 
 1.33026563e-07 -2.46144827e-05  1.33026563e-07  1.60048116e-04 
 1.33076563e-07  2.43557073e-05  1.33076563e-07 -1.56162452e-04 
 1.33126563e-07 -2.38042422e-05  1.33126563e-07  1.52503580e-04 
 1.33176563e-07  2.35667974e-05  1.33176563e-07 -1.48807895e-04 
 1.33226563e-07 -2.30399122e-05  1.33226563e-07  1.45324723e-04 
 1.33276563e-07  2.28220407e-05  1.33276563e-07 -1.41807001e-04 
 1.33326563e-07 -2.23175983e-05  1.33326563e-07  1.38489092e-04 
 1.33376563e-07  2.21175838e-05  1.33376563e-07 -1.35138481e-04 
 1.33426563e-07 -2.16335680e-05  1.33426563e-07  1.31976296e-04 
 1.33476563e-07  2.14497894e-05  1.33476563e-07 -1.28782878e-04 
 1.33526563e-07 -2.09843385e-05  1.33526563e-07  1.25767607e-04 
 1.33576563e-07  2.08152999e-05  1.33576563e-07 -1.22722236e-04 
 1.33626563e-07 -2.03667206e-05  1.33626563e-07  1.19845683e-04 
 1.33676563e-07  2.02110648e-05  1.33676563e-07 -1.16939876e-04 
 1.33726563e-07 -1.97778349e-05  1.33726563e-07  1.14194381e-04 
 1.33776563e-07  1.96343452e-05  1.33776563e-07 -1.11420235e-04 
 1.33826563e-07 -1.92151078e-05  1.33826563e-07  1.08798616e-04 
 1.33876563e-07  1.90827039e-05  1.33876563e-07 -1.06148748e-04 
 1.33926563e-07 -1.86762565e-05  1.33926563e-07  1.03644260e-04 
 1.33976563e-07  1.85539854e-05  1.33976563e-07 -1.01111761e-04 
 1.34026563e-07 -1.81592671e-05  1.34026563e-07  9.87180669e-05 
 1.34076563e-07  1.80462926e-05  1.34076563e-07 -9.62964654e-05 
 1.34126563e-07 -1.76623701e-05  1.34126563e-07  9.40076035e-05 
 1.34176563e-07  1.75579604e-05  1.34176563e-07 -9.16908338e-05 
 1.34226563e-07 -1.71840137e-05  1.34226563e-07  8.95011997e-05 
 1.34276563e-07  1.70875299e-05  1.34276563e-07 -8.72835752e-05 
 1.34326563e-07 -1.67228392e-05  1.34326563e-07  8.51878997e-05 
 1.34376563e-07  1.66337236e-05  1.34376563e-07 -8.30640882e-05 
 1.34426563e-07 -1.62776562e-05  1.34426563e-07  8.10574184e-05 
 1.34476563e-07  1.61954222e-05  1.34476563e-07 -7.90224201e-05 
 1.34526563e-07 -1.58474215e-05  1.34526563e-07  7.71001013e-05 
 1.34576563e-07  1.57716434e-05  1.34576563e-07 -7.51492274e-05 
 1.34626563e-07 -1.54312183e-05  1.34626563e-07  7.33068862e-05 
 1.34676563e-07  1.53615230e-05  1.34676563e-07 -7.14357396e-05 
 1.34726563e-07 -1.50282392e-05  1.34726563e-07  6.96692668e-05 
 1.34776563e-07  1.49642987e-05  1.34776563e-07 -6.78737231e-05 
 1.34826563e-07 -1.46377702e-05  1.34826563e-07  6.61792583e-05 
 1.34876563e-07  1.45792946e-05  1.34876563e-07 -6.44554485e-05 
 1.34926563e-07 -1.42591773e-05  1.34926563e-07  6.28293643e-05 
 1.34976563e-07  1.42059097e-05  1.34976563e-07 -6.11736575e-05 
 1.35026563e-07 -1.38918952e-05  1.35026563e-07  5.96125452e-05 
 1.35076563e-07  1.38436059e-05  1.35076563e-07 -5.80215334e-05 
 1.35126563e-07 -1.35354165e-05  1.35126563e-07  5.65221890e-05 
 1.35176563e-07  1.34918996e-05  1.35176563e-07 -5.49926717e-05 
 1.35226563e-07 -1.31892836e-05  1.35226563e-07  5.35520825e-05 
 1.35276563e-07  1.31503530e-05  1.35276563e-07 -5.20810529e-05 
 1.35326563e-07 -1.28530814e-05  1.35326563e-07  5.06963852e-05 
 1.35376563e-07  1.28185680e-05  1.35376563e-07 -4.92810171e-05 
 1.35426563e-07 -1.25264311e-05  1.35426563e-07  4.79496041e-05 
 1.35476563e-07  1.24961799e-05  1.35476563e-07 -4.65872395e-05 
 1.35526563e-07 -1.22089845e-05  1.35526563e-07  4.53065705e-05 
 1.35576563e-07  1.21828528e-05  1.35576563e-07 -4.39947083e-05 
 1.35626563e-07 -1.19004202e-05  1.35626563e-07  4.27624181e-05 
 1.35676563e-07  1.18782758e-05  1.35676563e-07 -4.14987030e-05 
 1.35726563e-07 -1.16004398e-05  1.35726563e-07  4.03125624e-05 
 1.35776563e-07  1.15821591e-05  1.35776563e-07 -3.90947755e-05 
 1.35826563e-07 -1.13087644e-05  1.35826563e-07  3.79526819e-05 
 1.35876563e-07  1.12942316e-05  1.35876563e-07 -3.67787312e-05 
 1.35926563e-07 -1.10251322e-05  1.35926563e-07  3.56787006e-05 
 1.35976563e-07  1.10142382e-05  1.35976563e-07 -3.45466122e-05 
 1.36026563e-07 -1.07492965e-05  1.36026563e-07  3.34867711e-05 
 1.36076563e-07  1.07419378e-05  1.36076563e-07 -3.23946817e-05 
 1.36126563e-07 -1.04810235e-05  1.36126563e-07  3.13732599e-05 
 1.36176563e-07  1.04771016e-05  1.36176563e-07 -3.03194091e-05 
 1.36226563e-07 -1.02200912e-05  1.36226563e-07  2.93347328e-05 
 1.36276563e-07  1.02195120e-05  1.36276563e-07 -2.83174565e-05 
 1.36326563e-07 -9.96628766e-06  1.36326563e-07  2.73679423e-05 
 1.36376563e-07  9.96896100e-06  1.36376563e-07 -2.63856662e-05 
 1.36426563e-07 -9.71941017e-06  1.36426563e-07  2.54698149e-05 
 1.36476563e-07  9.72524932e-06  1.36476563e-07 -2.45210490e-05 
 1.36526563e-07 -9.47926428e-06  1.36526563e-07  2.36374406e-05 
 1.36576563e-07  9.48818568e-06  1.36576563e-07 -2.27207732e-05 
 1.36626563e-07 -9.24566305e-06  1.36626563e-07  2.18680618e-05 
 1.36676563e-07  9.25758601e-06  1.36676563e-07 -2.09821552e-05 
 1.36726563e-07 -9.01842637e-06  1.36726563e-07  2.01590641e-05 
 1.36776563e-07  9.03327280e-06  1.36776563e-07 -1.93026494e-05 
 1.36826563e-07 -8.79738045e-06  1.36826563e-07  1.85079671e-05 
 1.36876563e-07  8.81507467e-06  1.36876563e-07 -1.76798402e-05 
 1.36926563e-07 -8.58235730e-06  1.36926563e-07  1.69124163e-05 
 1.36976563e-07  8.60282586e-06  1.36976563e-07 -1.61114339e-05 
 1.37026563e-07 -8.37319435e-06  1.37026563e-07  1.53701754e-05 
 1.37076563e-07  8.39636592e-06  1.37076563e-07 -1.45952512e-05 
 1.37126563e-07 -8.16973414e-06  1.37126563e-07  1.38791190e-05 
 1.37176563e-07  8.19553936e-06  1.37176563e-07 -1.31292203e-05 
 1.37226563e-07 -7.97182395e-06  1.37226563e-07  1.24372261e-05 
 1.37276563e-07  8.00019532e-06  1.37276563e-07 -1.17113707e-05 
 1.37326563e-07 -7.77931559e-06  1.37326563e-07  1.10425739e-05 
 1.37376563e-07  7.81018740e-06  1.37376563e-07 -1.03398271e-05 
 1.37426563e-07 -7.59206519e-06  1.37426563e-07  9.69333237e-06 
 1.37476563e-07  7.62537342e-06  1.37476563e-07 -9.01280396e-06 
 1.37526563e-07 -7.40993293e-06  1.37526563e-07  8.38775821e-06 
 1.37576563e-07  7.44561521e-06  1.37576563e-07 -7.72860040e-06 
 1.37626563e-07 -7.23278294e-06  1.37626563e-07  7.12419058e-06 
 1.37676563e-07  7.27077847e-06  1.37676563e-07 -6.48559526e-06 
 1.37726563e-07 -7.06048306e-06  1.37726563e-07  5.90104613e-06 
 1.37776563e-07  7.10073255e-06  1.37776563e-07 -5.28224273e-06 
 1.37826563e-07 -6.89290476e-06  1.37826563e-07  4.71681475e-06 
 1.37876563e-07  6.93535038e-06  1.37876563e-07 -4.11706816e-06 
 1.37926563e-07 -6.72992296e-06  1.37926563e-07  3.57005555e-06 
 1.37976563e-07  6.77450834e-06  1.37976563e-07 -2.98866414e-06 
 1.38026563e-07 -6.57141597e-06  1.38026563e-07  2.45939303e-06 
 1.38076563e-07  6.61808610e-06  1.38076563e-07 -1.89568694e-06 
 1.38126563e-07 -6.41726531e-06  1.38126563e-07  1.38351364e-06 
 1.38176563e-07  6.46596652e-06  1.38176563e-07 -8.36852933e-07 
 1.38226563e-07 -6.26735563e-06  1.38226563e-07  3.41162375e-07 
 1.38276563e-07  6.31803559e-06  1.38276563e-07  1.89064433e-07 
 1.38326563e-07 -6.12157466e-06  1.38326563e-07 -6.68860231e-07 
 1.38376563e-07  6.17418229e-06  1.38376563e-07  1.18323773e-06 
 1.38426563e-07 -5.97981303e-06  1.38426563e-07 -1.64770106e-06 
 1.38476563e-07  6.03429850e-06  1.38476563e-07  2.14678832e-06 
 1.38526563e-07 -5.84196426e-06  1.38526563e-07 -2.59645711e-06 
 1.38576563e-07  5.89827897e-06  1.38576563e-07  3.08078902e-06 
 1.38626563e-07 -5.70792464e-06  1.38626563e-07 -3.51617808e-06 
 1.38676563e-07  5.76602116e-06  1.38676563e-07  3.98626653e-06 
 1.38726563e-07 -5.57759316e-06  1.38726563e-07 -4.40786873e-06 
 1.38776563e-07  5.63742524e-06  1.38776563e-07  4.86420385e-06 
 1.38826563e-07 -5.45087145e-06  1.38826563e-07 -5.27249118e-06 
 1.38876563e-07  5.51239395e-06  1.38876563e-07  5.71554236e-06 
 1.38926563e-07 -5.32766368e-06  1.38926563e-07 -6.11096705e-06 
 1.38976563e-07  5.39083257e-06  1.38976563e-07  6.54118401e-06 
 1.39026563e-07 -5.20787650e-06  1.39026563e-07 -6.92417939e-06 
 1.39076563e-07  5.27264885e-06  1.39076563e-07  7.34199314e-06 
 1.39126563e-07 -5.09141900e-06  1.39126563e-07 -7.71297466e-06 
 1.39176563e-07  5.15775291e-06  1.39176563e-07  8.11879842e-06 
 1.39226563e-07 -4.97820262e-06  1.39226563e-07 -8.47816447e-06 
 1.39276563e-07  5.04605723e-06  1.39276563e-07  8.87239449e-06 
 1.39326563e-07 -4.86814109e-06  1.39326563e-07 -9.22052725e-06 
 1.39376563e-07  4.93747654e-06  1.39376563e-07  9.60354371e-06 
 1.39426563e-07 -4.76115036e-06  1.39426563e-07 -9.94080986e-06 
 1.39476563e-07  4.83192781e-06  1.39476563e-07  1.03129775e-05 
 1.39526563e-07 -4.65714862e-06  1.39526563e-07 -1.06397291e-05 
 1.39576563e-07  4.72933013e-06  1.39576563e-07  1.10013982e-05 
 1.39626563e-07 -4.55605607e-06  1.39626563e-07 -1.13179730e-05 
 1.39676563e-07  4.62960471e-06  1.39676563e-07  1.16694797e-05 
 1.39726563e-07 -4.45779509e-06  1.39726563e-07 -1.19762025e-05 
 1.39776563e-07  4.53267480e-06  1.39776563e-07  1.23178698e-05 
 1.39826563e-07 -4.36228999e-06  1.39826563e-07 -1.26150523e-05 
 1.39876563e-07  4.43846562e-06  1.39876563e-07  1.29471905e-05 
 1.39926563e-07 -4.26946708e-06  1.39926563e-07 -1.32351324e-05 
 1.39963282e-07  4.33062695e-06  1.39963282e-07  1.36666024e-05 
 1.40000000e-07 -4.14723886e-06  1.40000000e-07 -1.40503661e-05 
 1.40005000e-07  5.18804883e-04  1.40005000e-07  6.12635951e-03 
 1.40015000e-07  4.39261241e-04  1.40015000e-07  7.28969113e-03 
 1.40035000e-07 -1.01934495e-06  1.40035000e-07  2.50325110e-03 
 1.40075000e-07  2.84398973e-04  1.40075000e-07  1.52749497e-03 
 1.40125000e-07 -1.64704550e-03  1.40125000e-07 -1.65212967e-02 
 1.40162500e-07 -3.49696060e-02  1.40162500e-07 -6.52410176e-02 
 1.40200000e-07  6.79842823e-01  1.40200000e-07 -3.55769364e-02 
 1.40205000e-07  8.77176975e-01  1.40205000e-07  7.53339757e-03 
 1.40215000e-07  1.12084845e+00  1.40215000e-07  1.28537877e-01 
 1.40235000e-07  1.20174388e+00  1.40235000e-07  8.72589057e-01 
 1.40268931e-07  1.19382471e+00  1.40268931e-07  2.76299425e+00 
 1.40304406e-07  1.20496390e+00  1.40304406e-07  3.25617701e+00 
 1.40345422e-07  1.19607462e+00  1.40345422e-07  3.24022115e+00 
 1.40395422e-07  1.20320055e+00  1.40395422e-07  3.29945566e+00 
 1.40445422e-07  1.19738289e+00  1.40445422e-07  3.28703910e+00 
 1.40495422e-07  1.20213080e+00  1.40495422e-07  3.30436719e+00 
 1.40545422e-07  1.19826050e+00  1.40545422e-07  3.29511020e+00 
 1.40595422e-07  1.20141578e+00  1.40595422e-07  3.30313584e+00 
 1.40645422e-07  1.19884567e+00  1.40645422e-07  3.29735042e+00 
 1.40695422e-07  1.20093883e+00  1.40695422e-07  3.30202601e+00 
 1.40745422e-07  1.19923563e+00  1.40745422e-07  3.29836250e+00 
 1.40795422e-07  1.20062094e+00  1.40795422e-07  3.30129753e+00 
 1.40845422e-07  1.19949529e+00  1.40845422e-07  3.29896954e+00 
 1.40895422e-07  1.20040933e+00  1.40895422e-07  3.30080734e+00 
 1.40945422e-07  1.19966794e+00  1.40945422e-07  3.29937879e+00 
 1.40995422e-07  1.20026873e+00  1.40995422e-07  3.30046546e+00 
 1.41045422e-07  1.19978250e+00  1.41045422e-07  3.29966617e+00 
 1.41095422e-07  1.20017556e+00  1.41095422e-07  3.30022337e+00 
 1.41145422e-07  1.19985834e+00  1.41145422e-07  3.29987003e+00 
 1.41195422e-07  1.20011410e+00  1.41195422e-07  3.30005238e+00 
 1.41245422e-07  1.19990823e+00  1.41245422e-07  3.30001373e+00 
 1.41295422e-07  1.20007364e+00  1.41295422e-07  3.29993241e+00 
 1.41345422e-07  1.19994092e+00  1.41345422e-07  3.30011341e+00 
 1.41395422e-07  1.20004723e+00  1.41395422e-07  3.29985002e+00 
 1.41445422e-07  1.19996218e+00  1.41445422e-07  3.30018087e+00 
 1.41495422e-07  1.20003013e+00  1.41495422e-07  3.29979518e+00 
 1.41545422e-07  1.19997586e+00  1.41545422e-07  3.30022475e+00 
 1.41595422e-07  1.20001920e+00  1.41595422e-07  3.29976049e+00 
 1.41645422e-07  1.19998455e+00  1.41645422e-07  3.30025146e+00 
 1.41695422e-07  1.20001233e+00  1.41695422e-07  3.29974026e+00 
 1.41745422e-07  1.19998995e+00  1.41745422e-07  3.30026570e+00 
 1.41795422e-07  1.20000812e+00  1.41795422e-07  3.29973078e+00 
 1.41845422e-07  1.19999321e+00  1.41845422e-07  3.30027110e+00 
 1.41895422e-07  1.20000562e+00  1.41895422e-07  3.29972875e+00 
 1.41945422e-07  1.19999508e+00  1.41945422e-07  3.30027026e+00 
 1.41972711e-07  1.20000388e+00  1.41972711e-07  3.29973436e+00 
 1.42000000e-07  1.19999649e+00  1.42000000e-07  3.30025860e+00 
 1.42005000e-07  1.19999955e+00  1.42005000e-07  3.30000788e+00 
 1.42015000e-07  1.20000040e+00  1.42015000e-07  3.29999141e+00 
 1.42035000e-07  1.19999977e+00  1.42035000e-07  3.30001259e+00 
 1.42075000e-07  1.19999983e+00  1.42075000e-07  3.29998789e+00 
 1.42125000e-07  1.20000032e+00  1.42125000e-07  3.30001037e+00 
 1.42162500e-07  1.19999906e+00  1.42162500e-07  3.29998691e+00 
 1.42200000e-07  1.20000168e+00  1.42200000e-07  3.30001505e+00 
 1.42205000e-07  1.19999966e+00  1.42205000e-07  3.30000707e+00 
 1.42215000e-07  1.19999824e+00  1.42215000e-07  3.30000006e+00 
 1.42235000e-07  1.20000143e+00  1.42235000e-07  3.30000108e+00 
 1.42275000e-07  1.19999892e+00  1.42275000e-07  3.29999717e+00 
 1.42325000e-07  1.20000064e+00  1.42325000e-07  3.30000115e+00 
 1.42375000e-07  1.19999958e+00  1.42375000e-07  3.29999953e+00 
 1.42425000e-07  1.20000007e+00  1.42425000e-07  3.30000050e+00 
 1.42475000e-07  1.20000003e+00  1.42475000e-07  3.29999962e+00 
 1.42525000e-07  1.19999973e+00  1.42525000e-07  3.30000028e+00 
 1.42575000e-07  1.20000026e+00  1.42575000e-07  3.29999979e+00 
 1.42625000e-07  1.19999959e+00  1.42625000e-07  3.30000012e+00 
 1.42675000e-07  1.20000034e+00  1.42675000e-07  3.29999994e+00 
 1.42725000e-07  1.19999957e+00  1.42725000e-07  3.29999998e+00 
 1.42775000e-07  1.20000032e+00  1.42775000e-07  3.30000006e+00 
 1.42825000e-07  1.19999960e+00  1.42825000e-07  3.29999988e+00 
 1.42875000e-07  1.20000028e+00  1.42875000e-07  3.30000014e+00 
 1.42925000e-07  1.19999966e+00  1.42925000e-07  3.29999981e+00 
 1.42975000e-07  1.20000022e+00  1.42975000e-07  3.30000021e+00 
 1.43025000e-07  1.19999971e+00  1.43025000e-07  3.29999976e+00 
 1.43075000e-07  1.20000016e+00  1.43075000e-07  3.30000025e+00 
 1.43125000e-07  1.19999977e+00  1.43125000e-07  3.29999972e+00 
 1.43175000e-07  1.20000012e+00  1.43175000e-07  3.30000028e+00 
 1.43225000e-07  1.19999981e+00  1.43225000e-07  3.29999970e+00 
 1.43275000e-07  1.20000008e+00  1.43275000e-07  3.30000029e+00 
 1.43325000e-07  1.19999984e+00  1.43325000e-07  3.29999969e+00 
 1.43375000e-07  1.20000005e+00  1.43375000e-07  3.30000030e+00 
 1.43425000e-07  1.19999987e+00  1.43425000e-07  3.29999969e+00 
 1.43475000e-07  1.20000002e+00  1.43475000e-07  3.30000030e+00 
 1.43525000e-07  1.19999989e+00  1.43525000e-07  3.29999969e+00 
 1.43575000e-07  1.20000001e+00  1.43575000e-07  3.30000029e+00 
 1.43625000e-07  1.19999990e+00  1.43625000e-07  3.29999970e+00 
 1.43675000e-07  1.20000000e+00  1.43675000e-07  3.30000029e+00 
 1.43725000e-07  1.19999991e+00  1.43725000e-07  3.29999971e+00 
 1.43775000e-07  1.19999999e+00  1.43775000e-07  3.30000028e+00 
 1.43825000e-07  1.19999992e+00  1.43825000e-07  3.29999972e+00 
 1.43875000e-07  1.19999998e+00  1.43875000e-07  3.30000026e+00 
 1.43925000e-07  1.19999993e+00  1.43925000e-07  3.29999973e+00 
 1.43975000e-07  1.19999997e+00  1.43975000e-07  3.30000025e+00 
 1.44025000e-07  1.19999993e+00  1.44025000e-07  3.29999974e+00 
 1.44075000e-07  1.19999997e+00  1.44075000e-07  3.30000024e+00 
 1.44125000e-07  1.19999993e+00  1.44125000e-07  3.29999976e+00 
 1.44175000e-07  1.19999997e+00  1.44175000e-07  3.30000022e+00 
 1.44225000e-07  1.19999994e+00  1.44225000e-07  3.29999977e+00 
 1.44275000e-07  1.19999997e+00  1.44275000e-07  3.30000021e+00 
 1.44325000e-07  1.19999994e+00  1.44325000e-07  3.29999978e+00 
 1.44375000e-07  1.19999996e+00  1.44375000e-07  3.30000020e+00 
 1.44425000e-07  1.19999994e+00  1.44425000e-07  3.29999980e+00 
 1.44475000e-07  1.19999996e+00  1.44475000e-07  3.30000019e+00 
 1.44525000e-07  1.19999994e+00  1.44525000e-07  3.29999981e+00 
 1.44575000e-07  1.19999996e+00  1.44575000e-07  3.30000017e+00 
 1.44625000e-07  1.19999994e+00  1.44625000e-07  3.29999982e+00 
 1.44675000e-07  1.19999996e+00  1.44675000e-07  3.30000016e+00 
 1.44725000e-07  1.19999994e+00  1.44725000e-07  3.29999983e+00 
 1.44775000e-07  1.19999996e+00  1.44775000e-07  3.30000015e+00 
 1.44825000e-07  1.19999994e+00  1.44825000e-07  3.29999984e+00 
 1.44875000e-07  1.19999996e+00  1.44875000e-07  3.30000014e+00 
 1.44925000e-07  1.19999994e+00  1.44925000e-07  3.29999985e+00 
 1.44975000e-07  1.19999996e+00  1.44975000e-07  3.30000013e+00 
 1.45025000e-07  1.19999994e+00  1.45025000e-07  3.29999986e+00 
 1.45075000e-07  1.19999996e+00  1.45075000e-07  3.30000012e+00 
 1.45125000e-07  1.19999994e+00  1.45125000e-07  3.29999987e+00 
 1.45175000e-07  1.19999996e+00  1.45175000e-07  3.30000011e+00 
 1.45225000e-07  1.19999994e+00  1.45225000e-07  3.29999988e+00 
 1.45275000e-07  1.19999996e+00  1.45275000e-07  3.30000010e+00 
 1.45325000e-07  1.19999995e+00  1.45325000e-07  3.29999989e+00 
 1.45375000e-07  1.19999996e+00  1.45375000e-07  3.30000010e+00 
 1.45425000e-07  1.19999995e+00  1.45425000e-07  3.29999990e+00 
 1.45475000e-07  1.19999996e+00  1.45475000e-07  3.30000009e+00 
 1.45525000e-07  1.19999995e+00  1.45525000e-07  3.29999990e+00 
 1.45575000e-07  1.19999996e+00  1.45575000e-07  3.30000008e+00 
 1.45625000e-07  1.19999995e+00  1.45625000e-07  3.29999991e+00 
 1.45675000e-07  1.19999996e+00  1.45675000e-07  3.30000007e+00 
 1.45725000e-07  1.19999995e+00  1.45725000e-07  3.29999992e+00 
 1.45775000e-07  1.19999996e+00  1.45775000e-07  3.30000007e+00 
 1.45825000e-07  1.19999995e+00  1.45825000e-07  3.29999992e+00 
 1.45875000e-07  1.19999996e+00  1.45875000e-07  3.30000006e+00 
 1.45925000e-07  1.19999995e+00  1.45925000e-07  3.29999993e+00 
 1.45975000e-07  1.19999996e+00  1.45975000e-07  3.30000006e+00 
 1.46025000e-07  1.19999995e+00  1.46025000e-07  3.29999993e+00 
 1.46075000e-07  1.19999996e+00  1.46075000e-07  3.30000005e+00 
 1.46125000e-07  1.19999995e+00  1.46125000e-07  3.29999994e+00 
 1.46175000e-07  1.19999996e+00  1.46175000e-07  3.30000005e+00 
 1.46225000e-07  1.19999995e+00  1.46225000e-07  3.29999994e+00 
 1.46275000e-07  1.19999996e+00  1.46275000e-07  3.30000004e+00 
 1.46325000e-07  1.19999995e+00  1.46325000e-07  3.29999995e+00 
 1.46375000e-07  1.19999996e+00  1.46375000e-07  3.30000004e+00 
 1.46425000e-07  1.19999995e+00  1.46425000e-07  3.29999995e+00 
 1.46475000e-07  1.19999996e+00  1.46475000e-07  3.30000003e+00 
 1.46525000e-07  1.19999995e+00  1.46525000e-07  3.29999995e+00 
 1.46575000e-07  1.19999996e+00  1.46575000e-07  3.30000003e+00 
 1.46625000e-07  1.19999995e+00  1.46625000e-07  3.29999996e+00 
 1.46675000e-07  1.19999996e+00  1.46675000e-07  3.30000003e+00 
 1.46725000e-07  1.19999995e+00  1.46725000e-07  3.29999996e+00 
 1.46775000e-07  1.19999996e+00  1.46775000e-07  3.30000002e+00 
 1.46825000e-07  1.19999995e+00  1.46825000e-07  3.29999996e+00 
 1.46875000e-07  1.19999996e+00  1.46875000e-07  3.30000002e+00 
 1.46925000e-07  1.19999995e+00  1.46925000e-07  3.29999997e+00 
 1.46975000e-07  1.19999995e+00  1.46975000e-07  3.30000002e+00 
 1.47025000e-07  1.19999995e+00  1.47025000e-07  3.29999997e+00 
 1.47075000e-07  1.19999995e+00  1.47075000e-07  3.30000002e+00 
 1.47125000e-07  1.19999995e+00  1.47125000e-07  3.29999997e+00 
 1.47175000e-07  1.19999995e+00  1.47175000e-07  3.30000001e+00 
 1.47225000e-07  1.19999995e+00  1.47225000e-07  3.29999998e+00 
 1.47275000e-07  1.19999995e+00  1.47275000e-07  3.30000001e+00 
 1.47325000e-07  1.19999995e+00  1.47325000e-07  3.29999998e+00 
 1.47375000e-07  1.19999995e+00  1.47375000e-07  3.30000001e+00 
 1.47425000e-07  1.19999995e+00  1.47425000e-07  3.29999998e+00 
 1.47475000e-07  1.19999995e+00  1.47475000e-07  3.30000001e+00 
 1.47525000e-07  1.19999995e+00  1.47525000e-07  3.29999998e+00 
 1.47575000e-07  1.19999995e+00  1.47575000e-07  3.30000000e+00 
 1.47625000e-07  1.19999995e+00  1.47625000e-07  3.29999998e+00 
 1.47675000e-07  1.19999995e+00  1.47675000e-07  3.30000000e+00 
 1.47725000e-07  1.19999995e+00  1.47725000e-07  3.29999999e+00 
 1.47775000e-07  1.19999995e+00  1.47775000e-07  3.30000000e+00 
 1.47825000e-07  1.19999995e+00  1.47825000e-07  3.29999999e+00 
 1.47875000e-07  1.19999995e+00  1.47875000e-07  3.30000000e+00 
 1.47925000e-07  1.19999995e+00  1.47925000e-07  3.29999999e+00 
 1.47975000e-07  1.19999995e+00  1.47975000e-07  3.30000000e+00 
 1.48025000e-07  1.19999995e+00  1.48025000e-07  3.29999999e+00 
 1.48075000e-07  1.19999995e+00  1.48075000e-07  3.30000000e+00 
 1.48125000e-07  1.19999995e+00  1.48125000e-07  3.29999999e+00 
 1.48175000e-07  1.19999995e+00  1.48175000e-07  3.30000000e+00 
 1.48225000e-07  1.19999995e+00  1.48225000e-07  3.29999999e+00 
 1.48275000e-07  1.19999995e+00  1.48275000e-07  3.29999999e+00 
 1.48325000e-07  1.19999995e+00  1.48325000e-07  3.29999999e+00 
 1.48375000e-07  1.19999995e+00  1.48375000e-07  3.29999999e+00 
 1.48425000e-07  1.19999995e+00  1.48425000e-07  3.30000000e+00 
 1.48475000e-07  1.19999995e+00  1.48475000e-07  3.29999999e+00 
 1.48525000e-07  1.19999995e+00  1.48525000e-07  3.30000000e+00 
 1.48575000e-07  1.19999995e+00  1.48575000e-07  3.29999999e+00 
 1.48625000e-07  1.19999995e+00  1.48625000e-07  3.30000000e+00 
 1.48675000e-07  1.19999995e+00  1.48675000e-07  3.29999999e+00 
 1.48725000e-07  1.19999995e+00  1.48725000e-07  3.30000000e+00 
 1.48775000e-07  1.19999995e+00  1.48775000e-07  3.29999999e+00 
 1.48825000e-07  1.19999995e+00  1.48825000e-07  3.30000000e+00 
 1.48875000e-07  1.19999995e+00  1.48875000e-07  3.29999999e+00 
 1.48925000e-07  1.19999995e+00  1.48925000e-07  3.30000000e+00 
 1.48975000e-07  1.19999995e+00  1.48975000e-07  3.29999999e+00 
 1.49025000e-07  1.19999995e+00  1.49025000e-07  3.30000000e+00 
 1.49075000e-07  1.19999995e+00  1.49075000e-07  3.29999999e+00 
 1.49125000e-07  1.19999995e+00  1.49125000e-07  3.30000000e+00 
 1.49175000e-07  1.19999995e+00  1.49175000e-07  3.29999999e+00 
 1.49225000e-07  1.19999995e+00  1.49225000e-07  3.30000000e+00 
 1.49275000e-07  1.19999995e+00  1.49275000e-07  3.29999999e+00 
 1.49325000e-07  1.19999995e+00  1.49325000e-07  3.30000000e+00 
 1.49375000e-07  1.19999995e+00  1.49375000e-07  3.29999998e+00 
 1.49425000e-07  1.19999995e+00  1.49425000e-07  3.30000000e+00 
 1.49475000e-07  1.19999995e+00  1.49475000e-07  3.29999998e+00 
 1.49525000e-07  1.19999995e+00  1.49525000e-07  3.30000000e+00 
 1.49575000e-07  1.19999995e+00  1.49575000e-07  3.29999998e+00 
 1.49625000e-07  1.19999995e+00  1.49625000e-07  3.30000000e+00 
 1.49675000e-07  1.19999995e+00  1.49675000e-07  3.29999998e+00 
 1.49725000e-07  1.19999995e+00  1.49725000e-07  3.30000000e+00 
 1.49775000e-07  1.19999995e+00  1.49775000e-07  3.29999998e+00 
 1.49825000e-07  1.19999995e+00  1.49825000e-07  3.30000000e+00 
 1.49875000e-07  1.19999995e+00  1.49875000e-07  3.29999998e+00 
 1.49925000e-07  1.19999995e+00  1.49925000e-07  3.30000001e+00 
 1.49962500e-07  1.19999995e+00  1.49962500e-07  3.29999998e+00 
 1.50000000e-07  1.19999995e+00  1.50000000e-07  3.30000001e+00 
 1.50005000e-07  1.19929440e+00  1.50005000e-07  3.29693681e+00 
 1.50015000e-07  1.19912145e+00  1.50015000e-07  3.29470560e+00 
 1.50035000e-07  1.19990390e+00  1.50035000e-07  3.29545996e+00 
 1.50075000e-07  1.19986068e+00  1.50075000e-07  3.30063956e+00 
 1.50125000e-07  1.21108591e+00  1.50125000e-07  3.35422442e+00 
 1.50162500e-07  1.24634447e+00  1.50162500e-07  3.41719027e+00 
 1.50200000e-07  3.88848848e-01  1.50200000e-07  3.29795971e+00 
 1.50205000e-07  1.78942299e-01  1.50205000e-07  3.24412300e+00 
 1.50215000e-07  6.67650116e-03  1.50215000e-07  3.04274697e+00 
 1.50235000e-07  9.17958529e-03  1.50235000e-07  1.39292528e+00 
 1.50262119e-07 -5.84578150e-03  1.50262119e-07  3.95780476e-02 
 1.50291434e-07  4.95781938e-03  1.50291434e-07  2.11427985e-02 
 1.50331036e-07 -4.31168722e-03  1.50331036e-07 -3.62429636e-03 
 1.50373300e-07  3.83548775e-03  1.50373300e-07  3.39267472e-03 
 1.50423300e-07 -3.44238560e-03  1.50423300e-07 -1.96910962e-03 
 1.50473300e-07  3.11349891e-03  1.50473300e-07  9.87207227e-04 
 1.50523300e-07 -2.80005247e-03  1.50523300e-07 -1.55742705e-04 
 1.50573300e-07  2.53170671e-03  1.50573300e-07 -4.96296561e-04 
 1.50623300e-07 -2.28072710e-03  1.50623300e-07  1.04148208e-03 
 1.50673300e-07  2.06310024e-03  1.50673300e-07 -1.46881676e-03 
 1.50723300e-07 -1.86185330e-03  1.50723300e-07  1.82672560e-03 
 1.50773300e-07  1.68578109e-03  1.50773300e-07 -2.10268849e-03 
 1.50823300e-07 -1.52421262e-03  1.50823300e-07  2.33478470e-03 
 1.50873300e-07  1.38190508e-03  1.50873300e-07 -2.50821813e-03 
 1.50923300e-07 -1.25203575e-03  1.50923300e-07  2.65455490e-03 
 1.50973300e-07  1.13706152e-03  1.50973300e-07 -2.75798049e-03 
 1.51023300e-07 -1.03254987e-03  1.51023300e-07  2.84521461e-03 
 1.51073300e-07  9.39660697e-04  1.51073300e-07 -2.90047185e-03 
 1.51123300e-07 -8.55458290e-04  1.51123300e-07  2.94661094e-03 
 1.51173300e-07  7.80394509e-04  1.51173300e-07 -2.96852333e-03 
 1.51223300e-07 -7.12474925e-04  1.51223300e-07  2.98589386e-03 
 1.51273300e-07  6.51789066e-04  1.51273300e-07 -2.98463734e-03 
 1.51323300e-07 -5.96935672e-04  1.51323300e-07  2.98178399e-03 
 1.51373300e-07  5.47842274e-04  1.51373300e-07 -2.96442412e-03 
 1.51423300e-07 -5.03481730e-04  1.51423300e-07  2.94734264e-03 
 1.51473300e-07  4.63732644e-04  1.51473300e-07 -2.91884015e-03 
 1.51523300e-07 -4.27803859e-04  1.51523300e-07  2.89178707e-03 
 1.51573300e-07  3.95585939e-04  1.51573300e-07 -2.85566154e-03 
 1.51623300e-07 -3.66139220e-04  1.51623300e-07  2.81794463e-03 
 1.51673300e-07  3.40612453e-04  1.51673300e-07 -2.78509584e-03 
 1.51723300e-07 -3.16312119e-04  1.51723300e-07  2.73811422e-03 
 1.51773300e-07  2.95631550e-04  1.51773300e-07 -2.70123020e-03 
 1.51823300e-07 -2.75770804e-04  1.51823300e-07  2.65215332e-03 
 1.51873300e-07  2.58983931e-04  1.51873300e-07 -2.61248512e-03 
 1.51923300e-07 -2.42707691e-04  1.51923300e-07  2.56237293e-03 
 1.51973300e-07  2.29051774e-04  1.51973300e-07 -2.52095479e-03 
 1.52023300e-07 -2.15669964e-04  1.52023300e-07  2.47058595e-03 
 1.52073300e-07  2.04533347e-04  1.52073300e-07 -2.42819995e-03 
 1.52123300e-07 -1.93489247e-04  1.52123300e-07  2.37814167e-03 
 1.52173300e-07  1.84381016e-04  1.52173300e-07 -2.33537907e-03 
 1.52223300e-07 -1.75225655e-04  1.52223300e-07  2.28604151e-03 
 1.52273300e-07  1.67751546e-04  1.52273300e-07 -2.24334884e-03 
 1.52323300e-07 -1.60122952e-04  1.52323300e-07  2.19502535e-03 
 1.52373300e-07  1.53966161e-04  1.52373300e-07 -2.15273895e-03 
 1.52423300e-07 -1.47572556e-04  1.52423300e-07  2.10563573e-03 
 1.52473300e-07  1.42478411e-04  1.52473300e-07 -2.06400758e-03 
 1.52523300e-07 -1.37084622e-04  1.52523300e-07  2.01826564e-03 
 1.52573300e-07  1.32848321e-04  1.52573300e-07 -1.97748281e-03 
 1.52623300e-07 -1.28264807e-04  1.52623300e-07  1.93319426e-03 
 1.52673300e-07  1.24721601e-04  1.52673300e-07 -1.89339365e-03 
 1.52723300e-07 -1.20795593e-04  1.52723300e-07  1.85061383e-03 
 1.52773300e-07  1.17812915e-04  1.52773300e-07 -1.81189339e-03 
 1.52823300e-07 -1.14421268e-04  1.52823300e-07  1.77065003e-03 
 1.52873300e-07  1.11892424e-04  1.52873300e-07 -1.73307734e-03 
 1.52923300e-07 -1.08935855e-04  1.52923300e-07  1.69337742e-03 
 1.52973300e-07  1.06774949e-04  1.52973300e-07 -1.65699638e-03 
 1.53023300e-07 -1.04173398e-04  1.53023300e-07  1.61883137e-03 
 1.53073300e-07  1.02311268e-04  1.53073300e-07 -1.58366734e-03 
 1.53123300e-07 -1.00000154e-04  1.53123300e-07  1.54701715e-03 
 1.53173300e-07  9.83810947e-05  1.53173300e-07 -1.51308101e-03 
 1.53223300e-07 -9.63083024e-05  1.53223300e-07  1.47791706e-03 
 1.53273300e-07  9.48874399e-05  1.53273300e-07 -1.44520837e-03 
 1.53323300e-07 -9.30108967e-05  1.53323300e-07  1.41149591e-03 
 1.53373300e-07  9.17520712e-05  1.53373300e-07 -1.38000541e-03 
 1.53423300e-07 -9.00377909e-05  1.53423300e-07  1.34770530e-03 
 1.53473300e-07  8.89118572e-05  1.53473300e-07 -1.31741689e-03 
 1.53523300e-07 -8.73323676e-05  1.53523300e-07  1.28648699e-03 
 1.53573300e-07  8.63158266e-05  1.53573300e-07 -1.25737931e-03 
 1.53623300e-07 -8.48489027e-05  1.53623300e-07  1.22777555e-03 
 1.53673300e-07  8.39228004e-05  1.53673300e-07 -1.19982324e-03 
 1.53723300e-07 -8.25504450e-05  1.53723300e-07  1.17150041e-03 
 1.53773300e-07  8.16994865e-05  1.53773300e-07 -1.14467512e-03 
 1.53823300e-07 -8.04071090e-05  1.53823300e-07  1.11758755e-03 
 1.53873300e-07  7.96189458e-05  1.53873300e-07 -1.09185872e-03 
 1.53923300e-07 -7.83947010e-05  1.53923300e-07  1.06596069e-03 
 1.53973300e-07  7.76593565e-05  1.53973300e-07 -1.04129625e-03 
 1.54023300e-07 -7.64936129e-05  1.54023300e-07  1.01654243e-03 
 1.54073300e-07  7.58030208e-05  1.54073300e-07 -9.92909245e-04 
 1.54123300e-07 -7.46879315e-05  1.54123300e-07  9.69254932e-04 
 1.54173300e-07  7.40355638e-05  1.54173300e-07 -9.46619293e-04 
 1.54223300e-07 -7.29647216e-05  1.54223300e-07  9.24020637e-04 
 1.54273300e-07  7.23452891e-05  1.54273300e-07 -9.02348554e-04 
 1.54323300e-07 -7.13134486e-05  1.54323300e-07  8.80762710e-04 
 1.54373300e-07  7.07226597e-05  1.54373300e-07 -8.60020201e-04 
 1.54423300e-07 -6.97255136e-05  1.54423300e-07  8.39405440e-04 
 1.54473300e-07  6.91598804e-05  1.54473300e-07 -8.19558739e-04 
 1.54523300e-07 -6.81938789e-05  1.54523300e-07  7.99874532e-04 
 1.54573300e-07  6.76505609e-05  1.54573300e-07 -7.80890267e-04 
 1.54623300e-07 -6.67127666e-05  1.54623300e-07  7.62097336e-04 
 1.54673300e-07  6.61894447e-05  1.54673300e-07 -7.43942662e-04 
 1.54723300e-07 -6.52774156e-05  1.54723300e-07  7.26003012e-04 
 1.54773300e-07  6.47721909e-05  1.54773300e-07 -7.08645722e-04 
 1.54823300e-07 -6.38838862e-05  1.54823300e-07  6.91522658e-04 
 1.54873300e-07  6.33951986e-05  1.54873300e-07 -6.74931263e-04 
 1.54923300e-07 -6.25289023e-05  1.54923300e-07  6.58589393e-04 
 1.54973300e-07  6.20554643e-05  1.54973300e-07 -6.42733189e-04 
 1.55023300e-07 -6.12097245e-05  1.55023300e-07  6.27138417e-04 
 1.55073300e-07  6.07504689e-05  1.55073300e-07 -6.11987533e-04 
 1.55123300e-07 -5.99240478e-05  1.55123300e-07  5.97107046e-04 
 1.55173300e-07  5.94780847e-05  1.55173300e-07 -5.82632472e-04 
 1.55223300e-07 -5.86699191e-05  1.55223300e-07  5.68434721e-04 
 1.55273300e-07  5.82365018e-05  1.55273300e-07 -5.54608337e-04 
 1.55323300e-07 -5.74456711e-05  1.55323300e-07  5.41063008e-04 
 1.55373300e-07  5.70241685e-05  1.55373300e-07 -5.27857597e-04 
 1.55423300e-07 -5.62498683e-05  1.55423300e-07  5.14935586e-04 
 1.55473300e-07  5.58397425e-05  1.55473300e-07 -5.02324837e-04 
 1.55523300e-07 -5.50812638e-05  1.55523300e-07  4.89998218e-04 
 1.55573300e-07  5.46820526e-05  1.55573300e-07 -4.77956729e-04 
 1.55623300e-07 -5.39387651e-05  1.55623300e-07  4.66198721e-04 
 1.55673300e-07  5.35500672e-05  1.55673300e-07 -4.54701992e-04 
 1.55723300e-07 -5.28214053e-05  1.55723300e-07  4.43486924e-04 
 1.55773300e-07  5.24428689e-05  1.55773300e-07 -4.32511348e-04 
 1.55823300e-07 -5.17283208e-05  1.55823300e-07  4.21814627e-04 
 1.55873300e-07  5.13596342e-05  1.55873300e-07 -4.11337478e-04 
 1.55923300e-07 -5.06587329e-05  1.55923300e-07  4.01135551e-04 
 1.55973300e-07  5.02996172e-05  1.55973300e-07 -3.91134966e-04 
 1.56023300e-07 -4.96119330e-05  1.56023300e-07  3.81405286e-04 
 1.56073300e-07  4.92621358e-05  1.56073300e-07 -3.71860251e-04 
 1.56123300e-07 -4.85872709e-05  1.56123300e-07  3.62581239e-04 
 1.56173300e-07  4.82465614e-05  1.56173300e-07 -3.53471566e-04 
 1.56223300e-07 -4.75841447e-05  1.56223300e-07  3.44622580e-04 
 1.56273300e-07  4.72523102e-05  1.56273300e-07 -3.35928886e-04 
 1.56323300e-07 -4.66019935e-05  1.56323300e-07  3.27490183e-04 
 1.56373300e-07  4.62788358e-05  1.56373300e-07 -3.19193872e-04 
 1.56423300e-07 -4.56402904e-05  1.56423300e-07  3.11146574e-04 
 1.56473300e-07  4.53256236e-05  1.56473300e-07 -3.03229810e-04 
 1.56523300e-07 -4.46985382e-05  1.56523300e-07  2.95555873e-04 
 1.56573300e-07  4.43921864e-05  1.56573300e-07 -2.88001559e-04 
 1.56623300e-07 -4.37762646e-05  1.56623300e-07  2.80683739e-04 
 1.56673300e-07  4.34780605e-05  1.56673300e-07 -2.73475492e-04 
 1.56723300e-07 -4.28730190e-05  1.56723300e-07  2.66497313e-04 
 1.56773300e-07  4.25828025e-05  1.56773300e-07 -2.59619443e-04 
 1.56823300e-07 -4.19883698e-05  1.56823300e-07  2.52965165e-04 
 1.56873300e-07  4.17059868e-05  1.56873300e-07 -2.46402650e-04 
 1.56923300e-07 -4.11219022e-05  1.56923300e-07  2.40057241e-04 
 1.56973300e-07  4.08472039e-05  1.56973300e-07 -2.33795701e-04 
 1.57023300e-07 -4.02732159e-05  1.57023300e-07  2.27744808e-04 
 1.57073300e-07  4.00060582e-05  1.57073300e-07 -2.21770486e-04 
 1.57123300e-07 -3.94419244e-05  1.57123300e-07  2.16000404e-04 
 1.57173300e-07  3.91821671e-05  1.57173300e-07 -2.10300141e-04 
 1.57223300e-07 -3.86276530e-05  1.57223300e-07  2.04797788e-04 
 1.57273300e-07  3.83751595e-05  1.57273300e-07 -1.99359000e-04 
 1.57323300e-07 -3.78300380e-05  1.57323300e-07  1.94111890e-04 
 1.57373300e-07  3.75846751e-05  1.57373300e-07 -1.88922548e-04 
 1.57423300e-07 -3.70487260e-05  1.57423300e-07  1.83918764e-04 
 1.57473300e-07  3.68103632e-05  1.57473300e-07 -1.78967372e-04 
 1.57523300e-07 -3.62833730e-05  1.57523300e-07  1.74195545e-04 
 1.57573300e-07  3.60518827e-05  1.57573300e-07 -1.69471114e-04 
 1.57623300e-07 -3.55336439e-05  1.57623300e-07  1.64920396e-04 
 1.57673300e-07  3.53089009e-05  1.57673300e-07 -1.60412433e-04 
 1.57723300e-07 -3.47992119e-05  1.57723300e-07  1.56072476e-04 
 1.57773300e-07  3.45810935e-05  1.57773300e-07 -1.51770954e-04 
 1.57823300e-07 -3.40797580e-05  1.57823300e-07  1.47631887e-04 
 1.57873300e-07  3.38681436e-05  1.57873300e-07 -1.43527235e-04 
 1.57923300e-07 -3.33749709e-05  1.57923300e-07  1.39579642e-04 
 1.57973300e-07  3.31697421e-05  1.57973300e-07 -1.35662718e-04 
 1.58023300e-07 -3.26845463e-05  1.58023300e-07  1.31897623e-04 
 1.58073300e-07  3.24855869e-05  1.58073300e-07 -1.28159701e-04 
 1.58123300e-07 -3.20081869e-05  1.58123300e-07  1.24568541e-04 
 1.58173300e-07  3.18153824e-05  1.58173300e-07 -1.21001292e-04 
 1.58223300e-07 -3.13456020e-05  1.58223300e-07  1.17575905e-04 
 1.58273300e-07  3.11588400e-05  1.58273300e-07 -1.14171380e-04 
 1.58323300e-07 -3.06965073e-05  1.58323300e-07  1.10903982e-04 
 1.58373300e-07  3.05156773e-05  1.58373300e-07 -1.07654596e-04 
 1.58423300e-07 -3.00606246e-05  1.58423300e-07  1.04537766e-04 
 1.58473300e-07  2.98856179e-05  1.58473300e-07 -1.01436283e-04 
 1.58523300e-07 -2.94376820e-05  1.58523300e-07  9.84629488e-05 
 1.58573300e-07  2.92683916e-05  1.58573300e-07 -9.55024634e-05 
 1.58623300e-07 -2.88274131e-05  1.58623300e-07  9.26658823e-05 
 1.58673300e-07  2.86637338e-05  1.58673300e-07 -8.98398095e-05 
 1.58723300e-07 -2.82295574e-05  1.58723300e-07  8.71335544e-05 
 1.58773300e-07  2.80713858e-05  1.58773300e-07 -8.44356130e-05 
 1.58823300e-07 -2.76438598e-05  1.58823300e-07  8.18535585e-05 
 1.58873300e-07  2.74910942e-05  1.58873300e-07 -7.92777580e-05 
 1.58923300e-07 -2.70700705e-05  1.58923300e-07  7.68140664e-05 
 1.58973300e-07  2.69226109e-05  1.58973300e-07 -7.43546943e-05 
 1.59023300e-07 -2.65079453e-05  1.59023300e-07  7.20038020e-05 
 1.59073300e-07  2.63656932e-05  1.59073300e-07 -6.96554114e-05 
 1.59123300e-07 -2.59572448e-05  1.59123300e-07  6.74120166e-05 
 1.59173300e-07  2.58201035e-05  1.59173300e-07 -6.51694141e-05 
 1.59223300e-07 -2.54177347e-05  1.59223300e-07  6.30284648e-05 
 1.59273300e-07  2.52856090e-05  1.59273300e-07 -6.08866990e-05 
 1.59323300e-07 -2.48891857e-05  1.59323300e-07  5.88433812e-05 
 1.59373300e-07  2.47619820e-05  1.59373300e-07 -5.67977322e-05 
 1.59423300e-07 -2.43713730e-05  1.59423300e-07  5.48474587e-05 
 1.59473300e-07  2.42489994e-05  1.59473300e-07 -5.28934272e-05 
 1.59523300e-07 -2.38640768e-05  1.59523300e-07  5.10318276e-05 
 1.59573300e-07  2.37464428e-05  1.59573300e-07 -4.91651248e-05 
 1.59623300e-07 -2.33670817e-05  1.59623300e-07  4.73880351e-05 
 1.59673300e-07  2.32540984e-05  1.59673300e-07 -4.56045735e-05 
 1.59723300e-07 -2.28801768e-05  1.59723300e-07  4.39080262e-05 
 1.59773300e-07  2.27717568e-05  1.59773300e-07 -4.22039098e-05 
 1.59823300e-07 -2.24031555e-05  1.59823300e-07  4.05841255e-05 
 1.59873300e-07  2.22992130e-05  1.59873300e-07 -3.89556415e-05 
 1.59923300e-07 -2.19358156e-05  1.59923300e-07  3.74090191e-05 
 1.59961650e-07  2.17667985e-05  1.59961650e-07 -3.53935100e-05 
 1.60000000e-07 -2.13406929e-05  1.60000000e-07  3.34812950e-05 
 1.60005000e-07  5.18370314e-04  1.60005000e-07  6.12926592e-03 
 1.60015000e-07  4.39645077e-04  1.60015000e-07  7.28748784e-03 
 1.60035000e-07 -1.40046873e-06  1.60035000e-07  2.50517837e-03 
 1.60075000e-07  2.84780626e-04  1.60075000e-07  1.52675974e-03 
 1.60125000e-07 -1.64574011e-03  1.60125000e-07 -1.65181194e-02 
 1.60162500e-07 -3.49973861e-02  1.60162500e-07 -6.52555675e-02 
 1.60200000e-07  6.80749614e-01  1.60200000e-07 -3.55489653e-02 
 1.60205000e-07  8.78062551e-01  1.60205000e-07  7.65530205e-03 
 1.60215000e-07  1.12127343e+00  1.60215000e-07  1.28779426e-01 
 1.60235000e-07  1.20168607e+00  1.60235000e-07  8.74263487e-01 
 1.60269397e-07  1.19391615e+00  1.60269397e-07  2.77358088e+00 
 1.60305155e-07  1.20494898e+00  1.60305155e-07  3.25854552e+00 
 1.60346349e-07  1.19608022e+00  1.60346349e-07  3.24050073e+00 
 1.60396349e-07  1.20319654e+00  1.60396349e-07  3.29991250e+00 
 1.60446349e-07  1.19738650e+00  1.60446349e-07  3.28701136e+00 
 1.60496349e-07  1.20212760e+00  1.60496349e-07  3.30446270e+00 
 1.60546349e-07  1.19826336e+00  1.60546349e-07  3.29508649e+00 
 1.60596349e-07  1.20141326e+00  1.60596349e-07  3.30316542e+00 
 1.60646349e-07  1.19884789e+00  1.60646349e-07  3.29733485e+00 
 1.60696349e-07  1.20093689e+00  1.60696349e-07  3.30204337e+00 
 1.60746349e-07  1.19923733e+00  1.60746349e-07  3.29834754e+00 
 1.60796349e-07  1.20061944e+00  1.60796349e-07  3.30131399e+00 
 1.60846349e-07  1.19949662e+00  1.60846349e-07  3.29895299e+00 
 1.60896349e-07  1.20040849e+00  1.60896349e-07  3.30082424e+00 
 1.60946349e-07  1.19966932e+00  1.60946349e-07  3.29936018e+00 
 1.60996349e-07  1.20026796e+00  1.60996349e-07  3.30048413e+00 
 1.61046349e-07  1.19978351e+00  1.61046349e-07  3.29964712e+00 
 1.61096349e-07  1.20017488e+00  1.61096349e-07  3.30024294e+00 
 1.61146349e-07  1.19985905e+00  1.61146349e-07  3.29985063e+00 
 1.61196349e-07  1.20011345e+00  1.61196349e-07  3.30007182e+00 
 1.61246349e-07  1.19990882e+00  1.61246349e-07  3.29999434e+00 
 1.61296349e-07  1.20007310e+00  1.61296349e-07  3.29995161e+00 
 1.61346349e-07  1.19994141e+00  1.61346349e-07  3.30009440e+00 
 1.61396349e-07  1.20004678e+00  1.61396349e-07  3.29986870e+00 
 1.61446349e-07  1.19996259e+00  1.61446349e-07  3.30016248e+00 
 1.61496349e-07  1.20002975e+00  1.61496349e-07  3.29981317e+00 
 1.61546349e-07  1.19997622e+00  1.61546349e-07  3.30020712e+00 
 1.61596349e-07  1.20001888e+00  1.61596349e-07  3.29977768e+00 
 1.61646349e-07  1.19998485e+00  1.61646349e-07  3.30023467e+00 
 1.61696349e-07  1.20001205e+00  1.61696349e-07  3.29975675e+00 
 1.61746349e-07  1.19999021e+00  1.61746349e-07  3.30024985e+00 
 1.61796349e-07  1.20000788e+00  1.61796349e-07  3.29974632e+00 
 1.61846349e-07  1.19999343e+00  1.61846349e-07  3.30025615e+00 
 1.61896349e-07  1.20000542e+00  1.61896349e-07  3.29974338e+00 
 1.61946349e-07  1.19999527e+00  1.61946349e-07  3.30025617e+00 
 1.61973175e-07  1.20000370e+00  1.61973175e-07  3.29974785e+00 
 1.62000000e-07  1.19999664e+00  1.62000000e-07  3.30024581e+00 
 1.62005000e-07  1.20000042e+00  1.62005000e-07  3.30001581e+00 
 1.62015000e-07  1.19999855e+00  1.62015000e-07  3.29998115e+00 
 1.62035000e-07  1.20000103e+00  1.62035000e-07  3.30001532e+00 
 1.62075000e-07  1.19999932e+00  1.62075000e-07  3.29998629e+00 
 1.62125000e-07  1.20000020e+00  1.62125000e-07  3.30001286e+00 
 1.62162500e-07  1.20000009e+00  1.62162500e-07  3.29998879e+00 
 1.62200000e-07  1.19999959e+00  1.62200000e-07  3.30000960e+00 
 1.62205000e-07  1.19999959e+00  1.62205000e-07  3.29999714e+00 
 1.62215000e-07  1.20000102e+00  1.62215000e-07  3.30000594e+00 
 1.62235000e-07  1.19999908e+00  1.62235000e-07  3.29999752e+00 
 1.62275000e-07  1.20000052e+00  1.62275000e-07  3.30000075e+00 
 1.62325000e-07  1.19999966e+00  1.62325000e-07  3.29999965e+00 
 1.62375000e-07  1.19999998e+00  1.62375000e-07  3.30000015e+00 
 1.62425000e-07  1.20000013e+00  1.62425000e-07  3.30000010e+00 
 1.62475000e-07  1.19999961e+00  1.62475000e-07  3.29999966e+00 
 1.62525000e-07  1.20000040e+00  1.62525000e-07  3.30000054e+00 
 1.62575000e-07  1.19999942e+00  1.62575000e-07  3.29999926e+00 
 1.62625000e-07  1.20000053e+00  1.62625000e-07  3.30000089e+00 
 1.62675000e-07  1.19999936e+00  1.62675000e-07  3.29999896e+00 
 1.62725000e-07  1.20000055e+00  1.62725000e-07  3.30000115e+00 
 1.62775000e-07  1.19999937e+00  1.62775000e-07  3.29999875e+00 
 1.62825000e-07  1.20000051e+00  1.62825000e-07  3.30000132e+00 
 1.62875000e-07  1.19999942e+00  1.62875000e-07  3.29999860e+00 
 1.62925000e-07  1.20000044e+00  1.62925000e-07  3.30000143e+00 
 1.62975000e-07  1.19999950e+00  1.62975000e-07  3.29999852e+00 
 1.63025000e-07  1.20000037e+00  1.63025000e-07  3.30000149e+00 
 1.63075000e-07  1.19999957e+00  1.63075000e-07  3.29999848e+00 
 1.63125000e-07  1.20000029e+00  1.63125000e-07  3.30000152e+00 
 1.63175000e-07  1.19999965e+00  1.63175000e-07  3.29999847e+00 
 1.63225000e-07  1.20000022e+00  1.63225000e-07  3.30000151e+00 
 1.63275000e-07  1.19999971e+00  1.63275000e-07  3.29999848e+00 
 1.63325000e-07  1.20000016e+00  1.63325000e-07  3.30000149e+00 
 1.63375000e-07  1.19999977e+00  1.63375000e-07  3.29999851e+00 
 1.63425000e-07  1.20000011e+00  1.63425000e-07  3.30000145e+00 
 1.63475000e-07  1.19999981e+00  1.63475000e-07  3.29999856e+00 
 1.63525000e-07  1.20000007e+00  1.63525000e-07  3.30000140e+00 
 1.63575000e-07  1.19999985e+00  1.63575000e-07  3.29999861e+00 
 1.63625000e-07  1.20000004e+00  1.63625000e-07  3.30000135e+00 
 1.63675000e-07  1.19999988e+00  1.63675000e-07  3.29999867e+00 
 1.63725000e-07  1.20000001e+00  1.63725000e-07  3.30000129e+00 
 1.63775000e-07  1.19999990e+00  1.63775000e-07  3.29999873e+00 
 1.63825000e-07  1.19999999e+00  1.63825000e-07  3.30000123e+00 
 1.63875000e-07  1.19999992e+00  1.63875000e-07  3.29999879e+00 
 1.63925000e-07  1.19999997e+00  1.63925000e-07  3.30000117e+00 
 1.63975000e-07  1.19999994e+00  1.63975000e-07  3.29999885e+00 
 1.64025000e-07  1.19999996e+00  1.64025000e-07  3.30000110e+00 
 1.64075000e-07  1.19999995e+00  1.64075000e-07  3.29999891e+00 
 1.64125000e-07  1.19999995e+00  1.64125000e-07  3.30000104e+00 
 1.64175000e-07  1.19999996e+00  1.64175000e-07  3.29999897e+00 
 1.64225000e-07  1.19999995e+00  1.64225000e-07  3.30000099e+00 
 1.64275000e-07  1.19999996e+00  1.64275000e-07  3.29999903e+00 
 1.64325000e-07  1.19999994e+00  1.64325000e-07  3.30000093e+00 
 1.64375000e-07  1.19999997e+00  1.64375000e-07  3.29999908e+00 
 1.64425000e-07  1.19999994e+00  1.64425000e-07  3.30000088e+00 
 1.64475000e-07  1.19999997e+00  1.64475000e-07  3.29999913e+00 
 1.64525000e-07  1.19999993e+00  1.64525000e-07  3.30000083e+00 
 1.64575000e-07  1.19999997e+00  1.64575000e-07  3.29999918e+00 
 1.64625000e-07  1.19999993e+00  1.64625000e-07  3.30000078e+00 
 1.64675000e-07  1.19999997e+00  1.64675000e-07  3.29999923e+00 
 1.64725000e-07  1.19999993e+00  1.64725000e-07  3.30000073e+00 
 1.64775000e-07  1.19999997e+00  1.64775000e-07  3.29999928e+00 
 1.64825000e-07  1.19999993e+00  1.64825000e-07  3.30000069e+00 
 1.64875000e-07  1.19999997e+00  1.64875000e-07  3.29999932e+00 
 1.64925000e-07  1.19999993e+00  1.64925000e-07  3.30000065e+00 
 1.64975000e-07  1.19999997e+00  1.64975000e-07  3.29999936e+00 
 1.65025000e-07  1.19999993e+00  1.65025000e-07  3.30000061e+00 
 1.65075000e-07  1.19999997e+00  1.65075000e-07  3.29999940e+00 
 1.65125000e-07  1.19999993e+00  1.65125000e-07  3.30000057e+00 
 1.65175000e-07  1.19999997e+00  1.65175000e-07  3.29999943e+00 
 1.65225000e-07  1.19999993e+00  1.65225000e-07  3.30000054e+00 
 1.65275000e-07  1.19999997e+00  1.65275000e-07  3.29999946e+00 
 1.65325000e-07  1.19999993e+00  1.65325000e-07  3.30000051e+00 
 1.65375000e-07  1.19999997e+00  1.65375000e-07  3.29999950e+00 
 1.65425000e-07  1.19999993e+00  1.65425000e-07  3.30000048e+00 
 1.65475000e-07  1.19999997e+00  1.65475000e-07  3.29999953e+00 
 1.65525000e-07  1.19999993e+00  1.65525000e-07  3.30000045e+00 
 1.65575000e-07  1.19999997e+00  1.65575000e-07  3.29999955e+00 
 1.65625000e-07  1.19999993e+00  1.65625000e-07  3.30000042e+00 
 1.65675000e-07  1.19999997e+00  1.65675000e-07  3.29999958e+00 
 1.65725000e-07  1.19999993e+00  1.65725000e-07  3.30000039e+00 
 1.65775000e-07  1.19999997e+00  1.65775000e-07  3.29999961e+00 
 1.65825000e-07  1.19999993e+00  1.65825000e-07  3.30000037e+00 
 1.65875000e-07  1.19999997e+00  1.65875000e-07  3.29999963e+00 
 1.65925000e-07  1.19999993e+00  1.65925000e-07  3.30000035e+00 
 1.65975000e-07  1.19999997e+00  1.65975000e-07  3.29999965e+00 
 1.66025000e-07  1.19999993e+00  1.66025000e-07  3.30000032e+00 
 1.66075000e-07  1.19999997e+00  1.66075000e-07  3.29999967e+00 
 1.66125000e-07  1.19999994e+00  1.66125000e-07  3.30000030e+00 
 1.66175000e-07  1.19999997e+00  1.66175000e-07  3.29999969e+00 
 1.66225000e-07  1.19999994e+00  1.66225000e-07  3.30000028e+00 
 1.66275000e-07  1.19999997e+00  1.66275000e-07  3.29999971e+00 
 1.66325000e-07  1.19999994e+00  1.66325000e-07  3.30000027e+00 
 1.66375000e-07  1.19999997e+00  1.66375000e-07  3.29999973e+00 
 1.66425000e-07  1.19999994e+00  1.66425000e-07  3.30000025e+00 
 1.66475000e-07  1.19999997e+00  1.66475000e-07  3.29999975e+00 
 1.66525000e-07  1.19999994e+00  1.66525000e-07  3.30000023e+00 
 1.66575000e-07  1.19999997e+00  1.66575000e-07  3.29999976e+00 
 1.66625000e-07  1.19999994e+00  1.66625000e-07  3.30000022e+00 
 1.66675000e-07  1.19999997e+00  1.66675000e-07  3.29999978e+00 
 1.66725000e-07  1.19999994e+00  1.66725000e-07  3.30000020e+00 
 1.66775000e-07  1.19999996e+00  1.66775000e-07  3.29999979e+00 
 1.66825000e-07  1.19999994e+00  1.66825000e-07  3.30000019e+00 
 1.66875000e-07  1.19999996e+00  1.66875000e-07  3.29999981e+00 
 1.66925000e-07  1.19999994e+00  1.66925000e-07  3.30000017e+00 
 1.66975000e-07  1.19999996e+00  1.66975000e-07  3.29999982e+00 
 1.67025000e-07  1.19999994e+00  1.67025000e-07  3.30000016e+00 
 1.67075000e-07  1.19999996e+00  1.67075000e-07  3.29999983e+00 
 1.67125000e-07  1.19999994e+00  1.67125000e-07  3.30000015e+00 
 1.67175000e-07  1.19999996e+00  1.67175000e-07  3.29999984e+00 
 1.67225000e-07  1.19999994e+00  1.67225000e-07  3.30000014e+00 
 1.67275000e-07  1.19999996e+00  1.67275000e-07  3.29999985e+00 
 1.67325000e-07  1.19999994e+00  1.67325000e-07  3.30000013e+00 
 1.67375000e-07  1.19999996e+00  1.67375000e-07  3.29999986e+00 
 1.67425000e-07  1.19999994e+00  1.67425000e-07  3.30000012e+00 
 1.67475000e-07  1.19999996e+00  1.67475000e-07  3.29999987e+00 
 1.67525000e-07  1.19999994e+00  1.67525000e-07  3.30000011e+00 
 1.67575000e-07  1.19999996e+00  1.67575000e-07  3.29999988e+00 
 1.67625000e-07  1.19999994e+00  1.67625000e-07  3.30000010e+00 
 1.67675000e-07  1.19999996e+00  1.67675000e-07  3.29999989e+00 
 1.67725000e-07  1.19999994e+00  1.67725000e-07  3.30000009e+00 
 1.67775000e-07  1.19999996e+00  1.67775000e-07  3.29999990e+00 
 1.67825000e-07  1.19999994e+00  1.67825000e-07  3.30000008e+00 
 1.67875000e-07  1.19999996e+00  1.67875000e-07  3.29999991e+00 
 1.67925000e-07  1.19999994e+00  1.67925000e-07  3.30000008e+00 
 1.67975000e-07  1.19999996e+00  1.67975000e-07  3.29999991e+00 
 1.68025000e-07  1.19999994e+00  1.68025000e-07  3.30000007e+00 
 1.68075000e-07  1.19999996e+00  1.68075000e-07  3.29999992e+00 
 1.68125000e-07  1.19999994e+00  1.68125000e-07  3.30000006e+00 
 1.68175000e-07  1.19999996e+00  1.68175000e-07  3.29999993e+00 
 1.68225000e-07  1.19999994e+00  1.68225000e-07  3.30000006e+00 
 1.68275000e-07  1.19999996e+00  1.68275000e-07  3.29999993e+00 
 1.68325000e-07  1.19999994e+00  1.68325000e-07  3.30000005e+00 
 1.68375000e-07  1.19999996e+00  1.68375000e-07  3.29999994e+00 
 1.68425000e-07  1.19999994e+00  1.68425000e-07  3.30000004e+00 
 1.68475000e-07  1.19999996e+00  1.68475000e-07  3.29999995e+00 
 1.68525000e-07  1.19999995e+00  1.68525000e-07  3.30000004e+00 
 1.68575000e-07  1.19999996e+00  1.68575000e-07  3.29999995e+00 
 1.68625000e-07  1.19999995e+00  1.68625000e-07  3.30000003e+00 
 1.68675000e-07  1.19999996e+00  1.68675000e-07  3.29999996e+00 
 1.68725000e-07  1.19999995e+00  1.68725000e-07  3.30000003e+00 
 1.68775000e-07  1.19999996e+00  1.68775000e-07  3.29999996e+00 
 1.68825000e-07  1.19999995e+00  1.68825000e-07  3.30000003e+00 
 1.68875000e-07  1.19999996e+00  1.68875000e-07  3.29999996e+00 
 1.68925000e-07  1.19999995e+00  1.68925000e-07  3.30000002e+00 
 1.68975000e-07  1.19999996e+00  1.68975000e-07  3.29999997e+00 
 1.69025000e-07  1.19999995e+00  1.69025000e-07  3.30000002e+00 
 1.69075000e-07  1.19999996e+00  1.69075000e-07  3.29999997e+00 
 1.69125000e-07  1.19999995e+00  1.69125000e-07  3.30000001e+00 
 1.69175000e-07  1.19999996e+00  1.69175000e-07  3.29999998e+00 
 1.69225000e-07  1.19999995e+00  1.69225000e-07  3.30000001e+00 
 1.69275000e-07  1.19999996e+00  1.69275000e-07  3.29999998e+00 
 1.69325000e-07  1.19999995e+00  1.69325000e-07  3.30000001e+00 
 1.69375000e-07  1.19999996e+00  1.69375000e-07  3.29999998e+00 
 1.69425000e-07  1.19999995e+00  1.69425000e-07  3.30000000e+00 
 1.69475000e-07  1.19999996e+00  1.69475000e-07  3.29999999e+00 
 1.69525000e-07  1.19999995e+00  1.69525000e-07  3.30000000e+00 
 1.69575000e-07  1.19999996e+00  1.69575000e-07  3.29999999e+00 
 1.69625000e-07  1.19999995e+00  1.69625000e-07  3.30000000e+00 
 1.69675000e-07  1.19999996e+00  1.69675000e-07  3.29999999e+00 
 1.69725000e-07  1.19999995e+00  1.69725000e-07  3.30000000e+00 
 1.69775000e-07  1.19999996e+00  1.69775000e-07  3.29999999e+00 
 1.69825000e-07  1.19999995e+00  1.69825000e-07  3.29999999e+00 
 1.69875000e-07  1.19999996e+00  1.69875000e-07  3.30000000e+00 
 1.69925000e-07  1.19999995e+00  1.69925000e-07  3.29999999e+00 
 1.69962500e-07  1.19999996e+00  1.69962500e-07  3.30000000e+00 
 1.70000000e-07  1.19999995e+00  1.70000000e-07  3.29999999e+00 
 1.70005000e-07  1.19929441e+00  1.70005000e-07  3.29693713e+00 
 1.70015000e-07  1.19912142e+00  1.70015000e-07  3.29470556e+00 
 1.70035000e-07  1.19990393e+00  1.70035000e-07  3.29545988e+00 
 1.70075000e-07  1.19986066e+00  1.70075000e-07  3.30063947e+00 
 1.70125000e-07  1.21109148e+00  1.70125000e-07  3.35422619e+00 
 1.70162500e-07  1.24634545e+00  1.70162500e-07  3.41718478e+00 
 1.70200000e-07  3.88803070e-01  1.70200000e-07  3.29796615e+00 
 1.70205000e-07  1.78906486e-01  1.70205000e-07  3.24415407e+00 
 1.70215000e-07  6.66152339e-03  1.70215000e-07  3.04289867e+00 
 1.70235000e-07  9.17813090e-03  1.70235000e-07  1.39323558e+00 
 1.70262116e-07 -5.83623577e-03  1.70262116e-07  3.96193414e-02 
 1.70291428e-07  4.95204175e-03  1.70291428e-07  2.11095730e-02 
 1.70331059e-07 -4.31186931e-03  1.70331059e-07 -3.61159164e-03 
 1.70373306e-07  3.83774238e-03  1.70373306e-07  3.39139495e-03 
 1.70423306e-07 -3.44578029e-03  1.70423306e-07 -1.96814176e-03 
 1.70473306e-07  3.11723851e-03  1.70473306e-07  9.86235095e-04 
 1.70523306e-07 -2.80384177e-03  1.70523306e-07 -1.56104573e-04 
 1.70573306e-07  2.53531656e-03  1.70573306e-07 -4.95715492e-04 
 1.70623306e-07 -2.28404913e-03  1.70623306e-07  1.04034665e-03 
 1.70673306e-07  2.06610601e-03  1.70673306e-07 -1.46744415e-03 
 1.70723306e-07 -1.86451789e-03  1.70723306e-07  1.82510029e-03 
 1.70773306e-07  1.68813516e-03  1.70773306e-07 -2.10091189e-03 
 1.70823306e-07 -1.52626373e-03  1.70823306e-07  2.33288162e-03 
 1.70873306e-07  1.38369414e-03  1.70873306e-07 -2.50623391e-03 
 1.70923306e-07 -1.25358041e-03  1.70923306e-07  2.65250795e-03 
 1.70973306e-07  1.13839819e-03  1.70973306e-07 -2.75589722e-03 
 1.71023306e-07 -1.03369729e-03  1.71023306e-07  2.84310495e-03 
 1.71073306e-07  9.40647774e-04  1.71073306e-07 -2.89835347e-03 
 1.71123306e-07 -8.56301671e-04  1.71123306e-07  2.94448839e-03 
 1.71173306e-07  7.81116151e-04  1.71173306e-07 -2.96640928e-03 
 1.71223306e-07 -7.13088580e-04  1.71223306e-07  2.98378987e-03 
 1.71273306e-07  6.52311128e-04  1.71273306e-07 -2.98255284e-03 
 1.71323306e-07 -5.97377092e-04  1.71323306e-07  2.97971890e-03 
 1.71373306e-07  5.48215219e-04  1.71373306e-07 -2.96238568e-03 
 1.71423306e-07 -5.03794740e-04  1.71423306e-07  2.94532989e-03 
 1.71473306e-07  4.63994739e-04  1.71473306e-07 -2.91685867e-03 
 1.71523306e-07 -4.28021609e-04  1.71523306e-07  2.88983548e-03 
 1.71573306e-07  3.95766036e-04  1.71573306e-07 -2.85374419e-03 
 1.71623306e-07 -3.66286968e-04  1.71623306e-07  2.81606238e-03 
 1.71673306e-07  3.40731937e-04  1.71673306e-07 -2.78324397e-03 
 1.71723306e-07 -3.16408177e-04  1.71723306e-07  2.73630225e-03 
 1.71773306e-07  2.95707003e-04  1.71773306e-07 -2.69945020e-03 
 1.71823306e-07 -2.75829209e-04  1.71823306e-07  2.65041333e-03 
 1.71873306e-07  2.59027420e-04  1.71873306e-07 -2.61077813e-03 
 1.71923306e-07 -2.42738898e-04  1.71923306e-07  2.56070564e-03 
 1.71973306e-07  2.29072279e-04  1.71973306e-07 -2.51932101e-03 
 1.72023306e-07 -2.15681732e-04  1.72023306e-07  2.46899125e-03 
 1.72073306e-07  2.04537525e-04  1.72073306e-07 -2.42663890e-03 
 1.72123306e-07 -1.93487309e-04  1.72123306e-07  2.37661887e-03 
 1.72173306e-07  1.84373775e-04  1.72173306e-07 -2.33388973e-03 
 1.72223306e-07 -1.75214226e-04  1.72223306e-07  2.28458944e-03 
 1.72273306e-07  1.67736489e-04  1.72273306e-07 -2.24192983e-03 
 1.72323306e-07 -1.60105114e-04  1.72323306e-07  2.19364253e-03 
 1.72373306e-07  1.53945912e-04  1.72373306e-07 -2.15138863e-03 
 1.72423306e-07 -1.47550545e-04  1.72423306e-07  2.10432047e-03 
 1.72473306e-07  1.42454868e-04  1.72473306e-07 -2.06272415e-03 
 1.72523306e-07 -1.37060049e-04  1.72523306e-07  2.01701610e-03 
 1.72573306e-07  1.32822843e-04  1.72573306e-07 -1.97626435e-03 
 1.72623306e-07 -1.28238817e-04  1.72623306e-07  1.93200852e-03 
 1.72673306e-07  1.24695150e-04  1.72673306e-07 -1.89223817e-03 
 1.72723306e-07 -1.20768991e-04  1.72723306e-07  1.84948991e-03 
 1.72773306e-07  1.17786161e-04  1.72773306e-07 -1.81079888e-03 
 1.72823306e-07 -1.14394609e-04  1.72823306e-07  1.76958593e-03 
 1.72873306e-07  1.11865823e-04  1.72873306e-07 -1.73204178e-03 
 1.72923306e-07 -1.08909513e-04  1.72923306e-07  1.69237116e-03 
 1.72973306e-07  1.06748806e-04  1.72973306e-07 -1.65601777e-03 
 1.73023306e-07 -1.04147618e-04  1.73023306e-07  1.61788096e-03 
 1.73073306e-07  1.02285774e-04  1.73073306e-07 -1.58274371e-03 
 1.73123306e-07 -9.99750845e-05  1.73123306e-07  1.54612068e-03 
 1.73173306e-07  9.83563650e-05  1.73173306e-07 -1.51221045e-03 
 1.73223306e-07 -9.62840298e-05  1.73223306e-07  1.47707263e-03 
 1.73273306e-07  9.48635345e-05  1.73273306e-07 -1.44438899e-03 
 1.73323306e-07 -9.29874606e-05  1.73323306e-07  1.41070167e-03 
 1.73373306e-07  9.17290128e-05  1.73373306e-07 -1.37923537e-03 
 1.73423306e-07 -9.00152003e-05  1.73423306e-07  1.34695946e-03 
 1.73473306e-07  8.88896435e-05  1.73473306e-07 -1.31669442e-03 
 1.73523306e-07 -8.73106114e-05  1.73523306e-07  1.28578780e-03 
 1.73573306e-07  8.62944391e-05  1.73573306e-07 -1.25670269e-03 
 1.73623306e-07 -8.48279570e-05  1.73623306e-07  1.22712133e-03 
 1.73673306e-07  8.39022108e-05  1.73673306e-07 -1.19919080e-03 
 1.73723306e-07 -8.25302785e-05  1.73723306e-07  1.17088953e-03 
 1.73773306e-07  8.16796611e-05  1.73773306e-07 -1.14408525e-03 
 1.73823306e-07 -8.03876866e-05  1.73823306e-07  1.11701842e-03 
 1.73873306e-07  7.95998482e-05  1.73873306e-07 -1.09130987e-03 
 1.73923306e-07 -7.83759862e-05  1.73923306e-07  1.06543179e-03 
 1.73973306e-07  7.76409502e-05  1.73973306e-07 -1.04078690e-03 
 1.74023306e-07 -7.64755693e-05  1.74023306e-07  1.01605228e-03 
 1.74073306e-07  7.57852698e-05  1.74073306e-07 -9.92437947e-04 
 1.74123306e-07 -7.46705242e-05  1.74123306e-07  9.68802112e-04 
 1.74173306e-07  7.40184339e-05  1.74173306e-07 -9.46184647e-04 
 1.74223306e-07 -7.29479174e-05  1.74223306e-07  9.23603774e-04 
 1.74273306e-07  7.23287479e-05  1.74273306e-07 -9.01949210e-04 
 1.74323306e-07 -7.12972165e-05  1.74323306e-07  8.80380478e-04 
 1.74373306e-07  7.07066774e-05  1.74373306e-07 -8.59654853e-04 
 1.74423306e-07 -6.97098248e-05  1.74423306e-07  8.39056562e-04 
 1.74473306e-07  6.91444292e-05  1.74473306e-07 -8.19226132e-04 
 1.74523306e-07 -6.81787068e-05  1.74523306e-07  7.99557776e-04 
 1.74573306e-07  6.76356153e-05  1.74573306e-07 -7.80589188e-04 
 1.74623306e-07 -6.66980869e-05  1.74623306e-07  7.61811514e-04 
 1.74673306e-07  6.61749812e-05  1.74673306e-07 -7.43671943e-04 
 1.74723306e-07 -6.52632059e-05  1.74723306e-07  7.25746978e-04 
 1.74773306e-07  6.47581881e-05  1.74773306e-07 -7.08404238e-04 
 1.74823306e-07 -6.38701259e-05  1.74823306e-07  6.91295308e-04 
 1.74873306e-07  6.33816365e-05  1.74873306e-07 -6.74717929e-04 
 1.74923306e-07 -6.25155724e-05  1.74923306e-07  6.58389664e-04 
 1.74973306e-07  6.20423248e-05  1.74973306e-07 -6.42546960e-04 
 1.75023306e-07 -6.11968076e-05  1.75023306e-07  6.26965284e-04 
 1.75073306e-07  6.07377350e-05  1.75073306e-07 -6.11827400e-04 
 1.75123306e-07 -5.99115277e-05  1.75123306e-07  5.96959521e-04 
 1.75173306e-07  5.94657409e-05  1.75173306e-07 -5.82497468e-04 
 1.75223306e-07 -5.86577809e-05  1.75223306e-07  5.68311853e-04 
 1.75273306e-07  5.82245337e-05  1.75273306e-07 -5.54497526e-04 
 1.75323306e-07 -5.74339008e-05  1.75323306e-07  5.40963881e-04 
 1.75373306e-07  5.70125624e-05  1.75373306e-07 -5.27770079e-04 
 1.75423306e-07 -5.62384527e-05  1.75423306e-07  5.14859316e-04 
 1.75473306e-07  5.58284858e-05  1.75473306e-07 -5.02259745e-04 
 1.75523306e-07 -5.50701909e-05  1.75523306e-07  4.89943954e-04 
 1.75573306e-07  5.46711333e-05  1.75573306e-07 -4.77913228e-04 
 1.75623306e-07 -5.39280232e-05  1.75623306e-07  4.66165644e-04 
 1.75673306e-07  5.35394741e-05  1.75673306e-07 -4.54679277e-04 
 1.75723306e-07 -5.28109835e-05  1.75723306e-07  4.43474246e-04 
 1.75773306e-07  5.24325913e-05  1.75773306e-07 -4.32508645e-04 
 1.75823306e-07 -5.17182088e-05  1.75823306e-07  4.21821588e-04 
 1.75873306e-07  5.13496621e-05  1.75873306e-07 -4.11354041e-04 
 1.75923306e-07 -5.06489208e-05  1.75923306e-07  4.01161418e-04 
 1.75973306e-07  5.02899407e-05  1.75973306e-07 -3.91170078e-04 
 1.76023306e-07 -4.96024114e-05  1.76023306e-07  3.81449355e-04 
 1.76073306e-07  4.92527458e-05  1.76073306e-07 -3.71913218e-04 
 1.76123306e-07 -4.85780308e-05  1.76123306e-07  3.62642830e-04 
 1.76173306e-07  4.82374491e-05  1.76173306e-07 -3.53541721e-04 
 1.76223306e-07 -4.75751774e-05  1.76223306e-07  3.44701039e-04 
 1.76273306e-07  4.72434670e-05  1.76273306e-07 -3.36015588e-04 
 1.76323306e-07 -4.65932906e-05  1.76323306e-07  3.27584880e-04 
 1.76373306e-07  4.62702535e-05  1.76373306e-07 -3.19296502e-04 
 1.76423306e-07 -4.56318440e-05  1.76423306e-07  3.11256902e-04 
 1.76473306e-07  4.53172943e-05  1.76473306e-07 -3.03347773e-04 
 1.76523306e-07 -4.46903406e-05  1.76523306e-07  2.95681248e-04 
 1.76573306e-07  4.43841026e-05  1.76573306e-07 -2.88134281e-04 
 1.76623306e-07 -4.37683082e-05  1.76623306e-07  2.80823597e-04 
 1.76673306e-07  4.34702147e-05  1.76673306e-07 -2.73622421e-04 
 1.76723306e-07 -4.28652967e-05  1.76723306e-07  2.66651112e-04 
 1.76773306e-07  4.25751875e-05  1.76773306e-07 -2.59780045e-04 
 1.76823306e-07 -4.19808745e-05  1.76823306e-07  2.53132382e-04 
 1.76873306e-07  4.16985958e-05  1.76873306e-07 -2.46576412e-04 
 1.76923306e-07 -4.11146271e-05  1.76923306e-07  2.40237373e-04 
 1.76973306e-07  4.08400302e-05  1.76973306e-07 -2.33982130e-04 
 1.77023306e-07 -4.02661546e-05  1.77023306e-07  2.27937368e-04 
 1.77073306e-07  3.99990953e-05  1.77073306e-07 -2.21969104e-04 
 1.77123306e-07 -3.94350703e-05  1.77123306e-07  2.16204925e-04 
 1.77173306e-07  3.91754086e-05  1.77173306e-07 -2.10510489e-04 
 1.77223306e-07 -3.86209999e-05  1.77223306e-07  2.05013818e-04 
 1.77273306e-07  3.83685994e-05  1.77273306e-07 -1.99580636e-04 
 1.77323306e-07 -3.78235800e-05  1.77323306e-07  1.94338995e-04 
 1.77373306e-07  3.75783072e-05  1.77373306e-07 -1.89155045e-04 
 1.77423306e-07 -3.70424572e-05  1.77423306e-07  1.84156526e-04 
 1.77473306e-07  3.68041820e-05  1.77473306e-07 -1.79210318e-04 
 1.77523306e-07 -3.62772877e-05  1.77523306e-07  1.74443558e-04 
 1.77573306e-07  3.60458824e-05  1.77573306e-07 -1.69724113e-04 
 1.77623306e-07 -3.55277365e-05  1.77623306e-07  1.65178272e-04 
 1.77673306e-07  3.53030761e-05  1.77673306e-07 -1.60675102e-04 
 1.77723306e-07 -3.47934771e-05  1.77723306e-07  1.56339838e-04 
 1.77773306e-07  3.45754388e-05  1.77773306e-07 -1.52042924e-04 
 1.77823306e-07 -3.40741905e-05  1.77823306e-07  1.47908373e-04 
 1.77873306e-07  3.38626540e-05  1.77873306e-07 -1.43808150e-04 
 1.77923306e-07 -3.33695657e-05  1.77923306e-07  1.39864903e-04 
 1.77973306e-07  3.31644125e-05  1.77973306e-07 -1.35952235e-04 
 1.78023306e-07 -3.26792984e-05  1.78023306e-07  1.32191320e-04 
 1.78073306e-07  3.24804123e-05  1.78073306e-07 -1.28457488e-04 
 1.78123306e-07 -3.20030915e-05  1.78123306e-07  1.24870350e-04 
 1.78173306e-07  3.18103582e-05  1.78173306e-07 -1.21307031e-04 
 1.78223306e-07 -3.13406544e-05  1.78223306e-07  1.17885510e-04 
 1.78273306e-07  3.11539615e-05  1.78273306e-07 -1.14484760e-04 
 1.78323306e-07 -3.06917030e-05  1.78323306e-07  1.11221081e-04 
 1.78373306e-07  3.05109400e-05  1.78373306e-07 -1.07975321e-04 
 1.78423306e-07 -3.00559592e-05  1.78423306e-07  1.04862067e-04 
 1.78473306e-07  2.98810174e-05  1.78473306e-07 -1.01764064e-04 
 1.78523306e-07 -2.94331511e-05  1.78523306e-07  9.87941674e-05 
 1.78573306e-07  2.92639237e-05  1.78573306e-07 -9.58370237e-05 
 1.78623306e-07 -2.88230126e-05  1.78623306e-07  9.30037460e-05 
 1.78673306e-07  2.86593944e-05  1.78673306e-07 -9.01808804e-05 
 1.78723306e-07 -2.82252831e-05  1.78723306e-07  8.74777996e-05 
 1.78773306e-07  2.80671708e-05  1.78773306e-07 -8.47829353e-05 
 1.78823306e-07 -2.76397078e-05  1.78823306e-07  8.22039304e-05 
 1.78873306e-07  2.74869997e-05  1.78873306e-07 -7.96310814e-05 
 1.78923306e-07 -2.70660371e-05  1.78923306e-07  7.71703187e-05 
 1.78973306e-07  2.69186331e-05  1.78973306e-07 -7.47137768e-05 
 1.79023306e-07 -2.65040266e-05  1.79023306e-07  7.23656968e-05 
 1.79073306e-07  2.63618285e-05  1.79073306e-07 -7.00200192e-05 
 1.79123306e-07 -2.59534372e-05  1.79123306e-07  6.77793240e-05 
 1.79173306e-07  2.58163482e-05  1.79173306e-07 -6.55393212e-05 
 1.79223306e-07 -2.54140347e-05  1.79223306e-07  6.34009625e-05 
 1.79273306e-07  2.52819597e-05  1.79273306e-07 -6.12616869e-05 
 1.79323306e-07 -2.48855898e-05  1.79323306e-07  5.92208542e-05 
 1.79373306e-07  2.47584352e-05  1.79373306e-07 -5.71775896e-05 
 1.79423306e-07 -2.43678780e-05  1.79423306e-07  5.52296992e-05 
 1.79473306e-07  2.42455519e-05  1.79473306e-07 -5.32779497e-05 
 1.79523306e-07 -2.38606793e-05  1.79523306e-07  5.14186345e-05 
 1.79573306e-07  2.37430914e-05  1.79573306e-07 -4.95541148e-05 
 1.79623306e-07 -2.33637786e-05  1.79623306e-07  4.77792139e-05 
 1.79673306e-07  2.32508399e-05  1.79673306e-07 -4.59978396e-05 
 1.79723306e-07 -2.28769650e-05  1.79723306e-07  4.43033887e-05 
 1.79773306e-07  2.27685883e-05  1.79773306e-07 -4.26012671e-05 
 1.79823306e-07 -2.24000321e-05  1.79823306e-07  4.09834896e-05 
 1.79873306e-07  2.22961314e-05  1.79873306e-07 -3.93569107e-05 
 1.79923306e-07 -2.19327777e-05  1.79923306e-07  3.78122085e-05 
 1.79961653e-07  2.17637884e-05  1.79961653e-07 -3.57989058e-05 
 1.80000000e-07 -2.13377128e-05  1.80000000e-07  3.38888949e-05 
