 5.00000000e-13  6.69391030e-01  5.00000000e-13  2.29175705e+00 
 5.31159598e-13  6.71001905e-01  5.31159598e-13  2.29552196e+00 
 5.93478793e-13  6.73613977e-01  5.93478793e-13  2.29995586e+00 
 7.18117185e-13  6.74454057e-01  7.18117185e-13  2.30434340e+00 
 9.67393967e-13  6.70214892e-01  9.67393967e-13  2.30048273e+00 
 1.28884959e-12  6.63235413e-01  1.28884959e-12  2.25519565e+00 
 1.88372892e-12  6.50746891e-01  1.88372892e-12  2.14077058e+00 
 2.65033034e-12  6.35437186e-01  2.65033034e-12  2.00116016e+00 
 4.18353318e-12  6.07280499e-01  4.18353318e-12  1.71637467e+00 
 7.24993886e-12  5.61752479e-01  7.24993886e-12  1.17704980e+00 
 1.18835891e-11  5.19715101e-01  1.18835891e-11  5.88083905e-01 
 1.95967697e-11  5.10934405e-01  1.95967697e-11  2.15549925e-01 
 3.20720101e-11  5.82441707e-01  3.20720101e-11  2.22739683e-01 
 4.10360050e-11  6.35801296e-01  4.10360050e-11  3.32937087e-01 
 5.00000000e-11  6.35793037e-01  5.00000000e-11  4.93356546e-01 
 5.17927990e-11  6.26554135e-01  5.17927990e-11  5.33996567e-01 
 5.53783970e-11  6.02598086e-01  5.53783970e-11  6.21179655e-01 
 6.25495930e-11  5.19907450e-01  6.25495930e-11  8.27730021e-01 
 7.68919849e-11  2.22214674e-01  7.68919849e-11  1.30432641e+00 
 1.05576769e-10  1.37824976e-03  1.05576769e-10  1.97736646e+00 
 1.46722171e-10  7.07040727e-03  1.46722171e-10  1.45664324e+00 
 1.73361086e-10 -7.29731896e-03  1.73361086e-10  4.41298051e-01 
 2.00000000e-10  6.94287989e-03  2.00000000e-10  9.71698971e-02 
 2.05000000e-10  1.27594069e-03  2.05000000e-10  9.81709808e-02 
 2.15000000e-10 -9.68321048e-04  2.15000000e-10  8.22019469e-02 
 2.35000000e-10  2.60652080e-04  2.35000000e-10  3.84750729e-02 
 2.75000000e-10 -2.57887752e-04  2.75000000e-10  7.79259462e-03 
 3.22001795e-10  3.23145165e-04  3.22001795e-10  3.04467948e-03 
 3.65609390e-10 -3.43907081e-04  3.65609390e-10  1.59616139e-03 
 4.15609390e-10  3.41026608e-04  4.15609390e-10  7.44615476e-04 
 4.65609390e-10 -3.29544570e-04  4.65609390e-10  4.70508816e-04 
 5.15609390e-10  3.14334833e-04  5.15609390e-10 -8.69665544e-05 
 5.65609390e-10 -2.97282475e-04  5.65609390e-10  2.94902217e-04 
 6.15609390e-10  2.80065641e-04  6.15609390e-10 -2.16816200e-04 
 6.65609390e-10 -2.62742891e-04  6.65609390e-10  2.33755573e-04 
 7.15609390e-10  2.46233279e-04  7.15609390e-10 -1.97033327e-04 
 7.65609390e-10 -2.30135059e-04  7.65609390e-10  1.75858275e-04 
 8.15609390e-10  2.15081624e-04  8.15609390e-10 -1.45599413e-04 
 8.65609390e-10 -2.00680317e-04  8.65609390e-10  1.19410046e-04 
 9.15609390e-10  1.87321531e-04  9.15609390e-10 -9.33524122e-05 
 9.65609390e-10 -1.74600580e-04  9.65609390e-10  7.00683785e-05 
 1.01560939e-09  1.62890054e-04  1.01560939e-09 -4.88725907e-05 
 1.06560939e-09 -1.51746767e-04  1.06560939e-09  3.02380750e-05 
 1.11560939e-09  1.41548640e-04  1.11560939e-09 -1.38909488e-05 
 1.16560939e-09 -1.31849508e-04  1.16560939e-09 -1.90813629e-07 
 1.21560939e-09  1.22979991e-04  1.21560939e-09  1.22478717e-05 
 1.26560939e-09 -1.14537895e-04  1.26560939e-09 -2.24069472e-05 
 1.31560939e-09  1.06861403e-04  1.31560939e-09  3.09107353e-05 
 1.36560939e-09 -9.95212033e-05  1.36560939e-09 -3.79022296e-05 
 1.41560939e-09  9.28855676e-05  1.41560939e-09  4.35931128e-05 
 1.46560939e-09 -8.65060245e-05  1.46560939e-09 -4.81118069e-05 
 1.51560939e-09  8.07748123e-05  1.51560939e-09  5.16368978e-05 
 1.56560939e-09 -7.52301601e-05  1.56560939e-09 -5.42724384e-05 
 1.61560939e-09  7.02831049e-05  1.61560939e-09  5.61653985e-05 
 1.66560939e-09 -6.54627671e-05  1.66560939e-09 -5.73951195e-05 
 1.71560939e-09  6.11948149e-05  1.71560939e-09  5.80809962e-05 
 1.76560939e-09 -5.70022456e-05  1.76560939e-09 -5.82804599e-05 
 1.81560939e-09  5.33220797e-05  1.81560939e-09  5.80902190e-05 
 1.86560939e-09 -4.96733104e-05  1.86560939e-09 -5.75493723e-05 
 1.91560939e-09  4.65017643e-05  1.91560939e-09  5.67366589e-05 
 1.96560939e-09 -4.33239246e-05  1.96560939e-09 -5.56762851e-05 
 2.01560939e-09  4.05924600e-05  2.01560939e-09  5.44331376e-05 
 2.06560939e-09 -3.78223884e-05  2.06560939e-09 -5.30195112e-05 
 2.11560939e-09  3.54717091e-05  2.11560939e-09  5.14898454e-05 
 2.16560939e-09 -3.30546964e-05  2.16560939e-09 -4.98469760e-05 
 2.21560939e-09  3.10335177e-05  2.21560939e-09  4.81376224e-05 
 2.26560939e-09 -2.89221935e-05  2.26560939e-09 -4.63571219e-05 
 2.31560939e-09  2.71861641e-05  2.31560939e-09  4.45466116e-05 
 2.36560939e-09 -2.53395201e-05  2.36560939e-09 -4.26954701e-05 
 2.41560939e-09  2.38502836e-05  2.41560939e-09  4.08409029e-05 
 2.46560939e-09 -2.22328221e-05  2.46560939e-09 -3.89675273e-05 
 2.51560939e-09  2.09572045e-05  2.51560939e-09  3.71098768e-05 
 2.56560939e-09 -1.95381987e-05  2.56560939e-09 -3.52487331e-05 
 2.61560939e-09  1.84475051e-05  2.61560939e-09  3.34169081e-05 
 2.66560939e-09 -1.72003576e-05  2.66560939e-09 -3.15920624e-05 
 2.71560939e-09  1.62697643e-05  2.71560939e-09  2.98059970e-05 
 2.76560939e-09 -1.51714520e-05  2.76560939e-09 -2.80338026e-05 
 2.81560939e-09  1.43794819e-05  2.81560939e-09  2.63067943e-05 
 2.86560939e-09 -1.34100743e-05  2.86560939e-09 -2.45979202e-05 
 2.91560939e-09  1.27381436e-05  2.91560939e-09  2.29383921e-05 
 2.96560939e-09 -1.18803871e-05  2.96560939e-09 -2.12993484e-05 
 3.01560939e-09  1.13124140e-05  3.01560939e-09  1.97121721e-05 
 3.06560939e-09 -1.05513714e-05  3.06560939e-09 -1.81464527e-05 
 3.11560939e-09  1.00734375e-05  3.11560939e-09  1.66339367e-05 
 3.16560939e-09 -9.39617678e-06  3.16560939e-09 -1.51428722e-05 
 3.21560939e-09  8.99623528e-06  3.21560939e-09  1.37054994e-05 
 3.26560939e-09 -8.39155949e-06  3.26560939e-09 -1.22888908e-05 
 3.31560939e-09  8.05918239e-06  3.31560939e-09  1.09258645e-05 
 3.36560939e-09 -7.51739673e-06  3.36560939e-09 -9.58245226e-06 
 3.41560939e-09  7.24355670e-06  3.41560939e-09  8.29209944e-06 
 3.46560939e-09 -6.75626655e-06  3.46560939e-09 -7.01990889e-06 
 3.51560939e-09  6.53314825e-06  3.51560939e-09  5.79997673e-06 
 3.56560939e-09 -6.09308446e-06  3.56560939e-09 -4.59657038e-06 
 3.61560939e-09  5.91392123e-06  3.61560939e-09  3.44444194e-06 
 3.66560939e-09 -5.51478898e-06  3.66560939e-09 -2.30710308e-06 
 3.71560939e-09  5.37372190e-06  3.71560939e-09  1.21995344e-06 
 3.76560939e-09 -5.01006988e-06  3.76560939e-09 -1.45818040e-07 
 3.81560939e-09  4.90202559e-06  3.81560939e-09 -8.79274032e-07 
 3.86560939e-09 -4.56913281e-06  3.86560939e-09  1.89312365e-06 
 3.91560939e-09  4.48971795e-06  3.91560939e-09 -2.85909694e-06 
 3.96560939e-09 -4.18349567e-06  3.96560939e-09  3.81556653e-06 
 4.01560939e-09  4.12890559e-06  4.01560939e-09 -4.72532284e-06 
 4.06560939e-09 -3.84581255e-06  4.06560939e-09  5.62726143e-06 
 4.11560939e-09  3.81275216e-06  4.11560939e-09 -6.48362886e-06 
 4.16560939e-09 -3.54972114e-06  4.16560939e-09  7.33379915e-06 
 4.21560939e-09  3.53533655e-06  4.21560939e-09 -8.13950832e-06 
 4.26560939e-09 -3.28971077e-06  4.26560939e-09  8.94056802e-06 
 4.31560939e-09  3.29153012e-06  4.31560939e-09 -9.69823761e-06 
 4.36560939e-09 -3.06100827e-06  4.36560939e-09  1.04527287e-05 
 4.41560939e-09  3.07689044e-06  4.41560939e-09 -1.11648578e-05 
 4.46560939e-09 -2.85947899e-06  4.46560939e-09  1.18752014e-05 
 4.51560939e-09  2.88756920e-06  4.51560939e-09 -1.25441664e-05 
 4.56560939e-09 -2.68154114e-06  4.56560939e-09  1.32126616e-05 
 4.61560939e-09  2.72023270e-06  4.61560939e-09 -1.38407166e-05 
 4.66560939e-09 -2.52409187e-06  4.66560939e-09  1.44695419e-05 
 4.71560939e-09  2.57199280e-06  4.71560939e-09 -1.50588212e-05 
 4.76560939e-09 -2.38444294e-06  4.76560939e-09  1.56500381e-05 
 4.81560939e-09  2.44034723e-06  4.81560939e-09 -1.62025601e-05 
 4.86560939e-09 -2.26026521e-06  4.86560939e-09  1.67581171e-05 
 4.91560939e-09  2.32312794e-06  4.91560939e-09 -1.72757891e-05 
 4.96560939e-09 -2.14954056e-06  4.96560939e-09  1.77975273e-05 
 5.01560939e-09  2.21845629e-06  5.01560939e-09 -1.82821511e-05 
 5.06560939e-09 -2.05052024e-06  5.06560939e-09  1.87718094e-05 
 5.11560939e-09  2.12470434e-06  5.11560939e-09 -1.92250866e-05 
 5.16560939e-09 -1.96168876e-06  5.16560939e-09  1.96843074e-05 
 5.21560939e-09  2.04046122e-06  5.21560939e-09 -2.01078453e-05 
 5.26560939e-09 -1.88173270e-06  5.26560939e-09  2.05381800e-05 
 5.31560939e-09  1.96450415e-06  5.31560939e-09 -2.09334968e-05 
 5.36560939e-09 -1.80951362e-06  5.36560939e-09  2.13364113e-05 
 5.41560939e-09  1.89577317e-06  5.41560939e-09 -2.17049419e-05 
 5.46560939e-09 -1.74404469e-06  5.46560939e-09  2.20818215e-05 
 5.51560939e-09  1.83334947e-06  5.51560939e-09 -2.24249221e-05 
 5.56560939e-09 -1.68447037e-06  5.56560939e-09  2.27770770e-05 
 5.61560939e-09  1.77643635e-06  5.61560939e-09 -2.30960301e-05 
 5.66560939e-09 -1.63004884e-06  5.66560939e-09  2.34246995e-05 
 5.71560939e-09  1.72434306e-06  5.71560939e-09 -2.37207185e-05 
 5.76560939e-09 -1.58013682e-06  5.76560939e-09  2.40270754e-05 
 5.81560939e-09  1.67647047e-06  5.81560939e-09 -2.43013090e-05 
 5.86560939e-09 -1.53417638e-06  5.86560939e-09  2.45864639e-05 
 5.91560939e-09  1.63229895e-06  5.91560939e-09 -2.48399997e-05 
 5.96560939e-09 -1.49168348e-06  5.96560939e-09  2.51050046e-05 
 6.01560939e-09  1.59137761e-06  6.01560939e-09 -2.53388732e-05 
 6.06560939e-09 -1.45223814e-06  6.06560939e-09  2.55847254e-05 
 6.11560939e-09  1.55331521e-06  6.11560939e-09 -2.57999036e-05 
 6.16560939e-09 -1.41547588e-06  6.16560939e-09  2.60275487e-05 
 6.21560939e-09  1.51777215e-06  6.21560939e-09 -2.62249630e-05 
 6.26560939e-09 -1.38108029e-06  6.26560939e-09  2.64352979e-05 
 6.31560939e-09  1.48445359e-06  6.31560939e-09 -2.66158274e-05 
 6.36560939e-09 -1.34877658e-06  6.36560939e-09  2.68097037e-05 
 6.41560939e-09  1.45310343e-06  6.41560939e-09 -2.69741825e-05 
 6.46560939e-09 -1.31832608e-06  6.46560939e-09  2.71524087e-05 
 6.51560939e-09  1.42349919e-06  6.51560939e-09 -2.73016291e-05 
 6.56560939e-09 -1.28952136e-06  6.56560939e-09  2.74649733e-05 
 6.61560939e-09  1.39544743e-06  6.61560939e-09 -2.75996881e-05 
 6.66560939e-09 -1.26218209e-06  6.66560939e-09  2.77488801e-05 
 6.71560939e-09  1.36878001e-06  6.71560939e-09 -2.78698045e-05 
 6.76560939e-09 -1.23615142e-06  6.76560939e-09  2.80055384e-05 
 6.81560939e-09  1.34335062e-06  6.81560939e-09 -2.81133525e-05 
 6.86560939e-09 -1.21129283e-06  6.86560939e-09  2.82362882e-05 
 6.91560939e-09  1.31903184e-06  6.91560939e-09 -2.83316388e-05 
 6.96560939e-09 -1.18748746e-06  6.96560939e-09  2.84424043e-05 
 7.01560939e-09  1.29571275e-06  7.01560939e-09 -2.85259067e-05 
 7.06560939e-09 -1.16463172e-06  7.06560939e-09  2.86250997e-05 
 7.11560939e-09  1.27329660e-06  7.11560939e-09 -2.86973396e-05 
 7.16560939e-09 -1.14263527e-06  7.16560939e-09  2.87855290e-05 
 7.21560939e-09  1.25169902e-06  7.21560939e-09 -2.88470639e-05 
 7.26560939e-09 -1.12141928e-06  7.26560939e-09  2.89247917e-05 
 7.31560939e-09  1.23084629e-06  7.31560939e-09 -2.89761526e-05 
 7.36560939e-09 -1.10091480e-06  7.36560939e-09  2.90439349e-05 
 7.41560939e-09  1.21067399e-06  7.41560939e-09 -2.90856276e-05 
 7.46560939e-09 -1.08106162e-06  7.46560939e-09  2.91439563e-05 
 7.51560939e-09  1.19112573e-06  7.51560939e-09 -2.91764626e-05 
 7.56560939e-09 -1.06180695e-06  7.56560939e-09  2.92258068e-05 
 7.61560939e-09  1.17215211e-06  7.61560939e-09 -2.92495860e-05 
 7.66560939e-09 -1.04310451e-06  7.66560939e-09  2.92903925e-05 
 7.71560939e-09  1.15370978e-06  7.71560939e-09 -2.93058825e-05 
 7.76560939e-09 -1.02491369e-06  7.76560939e-09  2.93385777e-05 
 7.81560939e-09  1.13576062e-06  7.81560939e-09 -2.93461960e-05 
 7.86560939e-09 -1.00719870e-06  7.86560939e-09  2.93711864e-05 
 7.91560939e-09  1.11827108e-06  7.91560939e-09 -2.93713313e-05 
 7.96560939e-09 -9.89928066e-07  7.96560939e-09  2.93890049e-05 
 8.01560939e-09  1.10121156e-06  8.01560939e-09 -2.93820561e-05 
 8.06560939e-09 -9.73073961e-07  8.06560939e-09  2.93927832e-05 
 8.11560939e-09  1.08455593e-06  8.11560939e-09 -2.93791032e-05 
 8.16560939e-09 -9.56611783e-07  8.16560939e-09  2.93832372e-05 
 8.21560939e-09  1.06828098e-06  8.21560939e-09 -2.93631718e-05 
 8.26560939e-09 -9.40519697e-07  8.26560939e-09  2.93610499e-05 
 8.31560939e-09  1.05236614e-06  8.31560939e-09 -2.93349294e-05 
 8.36560939e-09 -9.24778248e-07  8.36560939e-09  2.93268736e-05 
 8.41560939e-09  1.03679305e-06  8.41560939e-09 -2.92950131e-05 
 8.46560939e-09 -9.09370161e-07  8.46560939e-09  2.92813310e-05 
 8.51560939e-09  1.02154540e-06  8.51560939e-09 -2.92440314e-05 
 8.56560939e-09 -8.94279938e-07  8.56560939e-09  2.92250169e-05 
 8.61560939e-09  1.00660847e-06  8.61560939e-09 -2.91825656e-05 
 8.66560939e-09 -8.79493689e-07  8.66560939e-09  2.91584991e-05 
 8.71560939e-09  9.91969108e-07  8.71560939e-09 -2.91111706e-05 
 8.76560939e-09 -8.64998889e-07  8.76560939e-09  2.90823203e-05 
 8.81560939e-09  9.77615432e-07  8.81560939e-09 -2.90303766e-05 
 8.86560939e-09 -8.50784267e-07  8.86560939e-09  2.89969987e-05 
 8.91560939e-09  9.63536687e-07  8.91560939e-09 -2.89406904e-05 
 8.96560939e-09 -8.36839550e-07  8.96560939e-09  2.89030295e-05 
 9.01560939e-09  9.49723092e-07  9.01560939e-09 -2.88425959e-05 
 9.06560939e-09 -8.23155425e-07  9.06560939e-09  2.88008860e-05 
 9.11560939e-09  9.36165737e-07  9.11560939e-09 -2.87365556e-05 
 9.16560939e-09 -8.09723377e-07  9.16560939e-09  2.86910205e-05 
 9.21560939e-09  9.22856487e-07  9.21560939e-09 -2.86230118e-05 
 9.26560939e-09 -7.96535579e-07  9.26560939e-09  2.85738650e-05 
 9.31560939e-09  9.09787825e-07  9.31560939e-09 -2.85023868e-05 
 9.36560939e-09 -7.83584854e-07  9.36560939e-09  2.84498327e-05 
 9.41560939e-09  8.96952857e-07  9.41560939e-09 -2.83750847e-05 
 9.46560939e-09 -7.70864531e-07  9.46560939e-09  2.83193185e-05 
 9.51560939e-09  8.84345146e-07  9.51560939e-09 -2.82414913e-05 
 9.56560939e-09 -7.58368437e-07  9.56560939e-09  2.81826999e-05 
 9.61560939e-09  8.71958739e-07  9.61560939e-09 -2.81019758e-05 
 9.66560939e-09 -7.46090795e-07  9.66560939e-09  2.80403377e-05 
 9.71560939e-09  8.59788059e-07  9.71560939e-09 -2.79568911e-05 
 9.76560939e-09 -7.34026234e-07  9.76560939e-09  2.78925769e-05 
 9.81560939e-09  8.47827892e-07  9.81560939e-09 -2.78065743e-05 
 9.86560939e-09 -7.22169660e-07  9.86560939e-09  2.77397474e-05 
 9.91560939e-09  8.36073313e-07  9.91560939e-09 -2.76513481e-05 
 9.95780469e-09 -7.09448681e-07  9.95780469e-09  2.75673594e-05 
 1.00000000e-08  8.22404285e-07  1.00000000e-08 -2.74614841e-05 
 1.00050000e-08 -8.11981741e-06  1.00050000e-08 -6.64785792e-05 
 1.00150000e-08  6.00282568e-06  1.00150000e-08 -4.36525309e-07 
 1.00350000e-08  2.65655676e-06  1.00350000e-08  2.50668261e-05 
 1.00750000e-08 -4.18559174e-06  1.00750000e-08  1.12792604e-05 
 1.01250000e-08  2.30789024e-05  1.01250000e-08  1.67153768e-04 
 1.01625000e-08  4.89999742e-06  1.01625000e-08  1.59376990e-04 
 1.02000000e-08 -1.94499103e-04  1.02000000e-08 -1.61217770e-04 
 1.02050000e-08 -1.33264758e-04  1.02050000e-08 -2.92849638e-04 
 1.02150000e-08  1.49898325e-04  1.02150000e-08 -7.02609347e-04 
 1.02350000e-08  2.78646005e-04  1.02350000e-08 -1.12836755e-03 
 1.02717687e-08 -2.50306750e-04  1.02717687e-08  5.12641467e-05 
 1.03127991e-08  1.24740929e-04  1.03127991e-08  9.56447693e-04 
 1.03571950e-08 -5.72811223e-05  1.03571950e-08  1.23431454e-04 
 1.04071950e-08  1.94365615e-05  1.04071950e-08 -2.16946643e-04 
 1.04571950e-08  6.10001876e-06  1.04571950e-08  3.86853667e-05 
 1.05071950e-08 -2.30446047e-05  1.05071950e-08 -1.26569230e-04 
 1.05571950e-08  3.46109900e-05  1.05571950e-08  9.18418437e-05 
 1.06071950e-08 -4.19675700e-05  1.06071950e-08 -1.20402395e-04 
 1.06571950e-08  4.67006984e-05  1.06571950e-08  1.14926070e-04 
 1.07071950e-08 -4.91107272e-05  1.07071950e-08 -1.23786206e-04 
 1.07571950e-08  5.02278814e-05  1.07571950e-08  1.23501507e-04 
 1.08071950e-08 -4.99851859e-05  1.08071950e-08 -1.25267853e-04 
 1.08571950e-08  4.91919472e-05  1.08571950e-08  1.24760080e-04 
 1.09071950e-08 -4.75665204e-05  1.09071950e-08 -1.23558382e-04 
 1.09571950e-08  4.57991720e-05  1.09571950e-08  1.21898561e-04 
 1.10071950e-08 -4.35247161e-05  1.10071950e-08 -1.19285336e-04 
 1.10571950e-08  4.13333843e-05  1.10571950e-08  1.16662562e-04 
 1.11071950e-08 -3.88197390e-05  1.11071950e-08 -1.13311518e-04 
 1.11571950e-08  3.65177988e-05  1.11571950e-08  1.10075671e-04 
 1.12071950e-08 -3.39960766e-05  1.12071950e-08 -1.06364155e-04 
 1.12571950e-08  3.17571347e-05  1.12571950e-08  1.02809285e-04 
 1.13071950e-08 -2.93522980e-05  1.13071950e-08 -9.89731408e-05 
 1.13571950e-08  2.72670531e-05  1.13571950e-08  9.53117141e-05 
 1.14071950e-08 -2.50412443e-05  1.14071950e-08 -9.15034496e-05 
 1.14571950e-08  2.31515042e-05  1.14571950e-08  8.78784896e-05 
 1.15071950e-08 -2.11299764e-05  1.15071950e-08 -8.41953376e-05 
 1.15571950e-08  1.94490797e-05  1.15571950e-08  8.06978890e-05 
 1.16071950e-08 -1.76358063e-05  1.16071950e-08 -7.71987288e-05 
 1.16571950e-08  1.61609322e-05  1.16571950e-08  7.38828465e-05 
 1.17071950e-08 -1.45480349e-05  1.17071950e-08 -7.05998010e-05 
 1.17571950e-08  1.32676313e-05  1.17571950e-08  6.74939451e-05 
 1.18071950e-08 -1.18410718e-05  1.18071950e-08 -6.44407230e-05 
 1.18571950e-08  1.07393206e-05  1.18571950e-08  6.15560561e-05 
 1.19071950e-08 -9.48231242e-06  1.19071950e-08 -5.87340064e-05 
 1.19571950e-08  8.54178327e-06  1.19571950e-08  5.60703157e-05 
 1.20071950e-08 -7.43680516e-06  1.20071950e-08 -5.34727921e-05 
 1.20571950e-08  6.63999895e-06  1.20571950e-08  5.10226631e-05 
 1.21071950e-08 -5.66994770e-06  1.21071950e-08 -4.86381290e-05 
 1.21571950e-08  5.00015727e-06  1.21571950e-08  4.63898537e-05 
 1.22071950e-08 -4.14897169e-06  1.22071950e-08 -4.42040555e-05 
 1.22571950e-08  3.59072519e-06  1.22571950e-08  4.21436293e-05 
 1.23071950e-08 -2.84368716e-06  1.23071950e-08 -4.01410872e-05 
 1.23571950e-08  2.38293861e-06  1.23571950e-08  3.82535563e-05 
 1.24071950e-08 -1.72677978e-06  1.24071950e-08 -3.64185603e-05 
 1.24571950e-08  1.35094938e-06  1.24571950e-08  3.46889080e-05 
 1.25071950e-08 -7.73843750e-07  1.25071950e-08 -3.30061612e-05 
 1.25571950e-08  4.71772017e-07  1.25571950e-08  3.14198696e-05 
 1.26071950e-08  3.67354446e-08  1.26071950e-08 -2.98748804e-05 
 1.26571950e-08 -2.74879850e-07  1.26571950e-08  2.84182658e-05 
 1.27071950e-08  7.23977306e-07  1.27071950e-08 -2.69975678e-05 
 1.27571950e-08 -9.06811911e-07  1.27571950e-08  2.56579616e-05 
 1.28071950e-08  1.30453878e-06  1.28071950e-08 -2.43492140e-05 
 1.28571950e-08 -1.43958857e-06  1.28571950e-08  2.31150378e-05 
 1.29071950e-08  1.79295584e-06  1.29071950e-08 -2.19070475e-05 
 1.29571950e-08 -1.88677306e-06  1.29571950e-08  2.07678203e-05 
 1.30071950e-08  2.20187953e-06  1.30071950e-08 -1.96505124e-05 
 1.30571950e-08 -2.26015706e-06  1.30571950e-08  1.85968140e-05 
 1.31071950e-08  2.54229784e-06  1.31071950e-08 -1.75611724e-05 
 1.31571950e-08 -2.56997363e-06  1.31571950e-08  1.65845800e-05 
 1.32071950e-08  2.82373921e-06  1.32071950e-08 -1.56225698e-05 
 1.32571950e-08 -2.82509085e-06  1.32571950e-08  1.47155816e-05 
 1.33071950e-08  3.05445621e-06  1.33071950e-08 -1.38200641e-05 
 1.33571950e-08 -3.03318543e-06  1.33571950e-08  1.29760166e-05 
 1.34071950e-08  3.24158943e-06  1.34071950e-08 -1.21406622e-05 
 1.34571950e-08 -3.20089703e-06  1.34571950e-08  1.13536470e-05 
 1.35071950e-08  3.39131249e-06  1.35071950e-08 -1.05728506e-05 
 1.35571950e-08 -3.33396436e-06  1.35571950e-08  9.83763394e-06 
 1.36071950e-08  3.50895971e-06  1.36071950e-08 -9.10643490e-06 
 1.36571950e-08 -3.43734452e-06  1.36571950e-08  8.41838258e-06 
 1.37071950e-08  3.59913762e-06  1.37071950e-08 -7.73239051e-06 
 1.37571950e-08 -3.51531741e-06  1.37571950e-08  7.08739827e-06 
 1.38071950e-08  3.66582262e-06  1.38071950e-08 -6.44272558e-06 
 1.38571950e-08 -3.57157669e-06  1.38571950e-08  5.83715608e-06 
 1.39071950e-08  3.71244567e-06  1.39071950e-08 -5.23035717e-06 
 1.39571950e-08 -3.60930876e-06  1.39571950e-08  4.66098342e-06 
 1.40071950e-08  3.74196615e-06  1.40071950e-08 -4.08900046e-06 
 1.40571950e-08 -3.63126165e-06  1.40571950e-08  3.55295535e-06 
 1.41071950e-08  3.75693570e-06  1.41071950e-08 -3.01307015e-06 
 1.41571950e-08 -3.63980428e-06  1.41571950e-08  2.50780190e-06 
 1.42071950e-08  3.75955365e-06  1.42071950e-08 -1.99759356e-06 
 1.42571950e-08 -3.63697825e-06  1.42571950e-08  1.52082636e-06 
 1.43071950e-08  3.75171505e-06  1.43071950e-08 -1.03813407e-06 
 1.43571950e-08 -3.62454227e-06  1.43571950e-08  5.87833673e-07 
 1.44071950e-08  3.73505210e-06  1.44071950e-08 -1.30724137e-07 
 1.44571950e-08 -3.60401091e-06  1.44571950e-08 -2.94932292e-07 
 1.45071950e-08  3.71097005e-06  1.45071950e-08  7.28193235e-07 
 1.45571950e-08 -3.57668779e-06  1.45571950e-08 -1.13084338e-06 
 1.46071950e-08  3.68067823e-06  1.46071950e-08  1.54181556e-06 
 1.46571950e-08 -3.54369460e-06  1.46571950e-08 -1.92293485e-06 
 1.47071950e-08  3.64521693e-06  1.47071950e-08  2.31302519e-06 
 1.47571950e-08 -3.50599592e-06  1.47571950e-08 -2.67394675e-06 
 1.48071950e-08  3.60548041e-06  1.48071950e-08  3.04442808e-06 
 1.48571950e-08 -3.46442070e-06  1.48571950e-08 -3.38635998e-06 
 1.49071950e-08  3.56223702e-06  1.49071950e-08  3.73838723e-06 
 1.49571950e-08 -3.41968096e-06  1.49571950e-08 -4.06242751e-06 
 1.50071950e-08  3.51614646e-06  1.50071950e-08  4.39705184e-06 
 1.50571950e-08 -3.37238774e-06  1.50571950e-08 -4.70420166e-06 
 1.51071950e-08  3.46777457e-06  1.51071950e-08  5.02238272e-06 
 1.51571950e-08 -3.32306501e-06  1.51571950e-08 -5.31355764e-06 
 1.52071950e-08  3.41760642e-06  1.52071950e-08  5.61617425e-06 
 1.52571950e-08 -3.27216157e-06  1.52571950e-08 -5.89221413e-06 
 1.53071950e-08  3.36605720e-06  1.53071950e-08  6.18007345e-06 
 1.53571950e-08 -3.22006151e-06  1.53571950e-08 -6.44175101e-06 
 1.54071950e-08  3.31348208e-06  1.54071950e-08  6.71559676e-06 
 1.54571950e-08 -3.16709305e-06  1.54571950e-08 -6.96362511e-06 
 1.55071950e-08  3.26018425e-06  1.55071950e-08  7.22414442e-06 
 1.55571950e-08 -3.11353620e-06  1.55571950e-08 -7.45918350e-06 
 1.56071950e-08  3.20642223e-06  1.56071950e-08  7.70701316e-06 
 1.56571950e-08 -3.05962948e-06  1.56571950e-08 -7.92967549e-06 
 1.57071950e-08  3.15241595e-06  1.57071950e-08  8.16540720e-06 
 1.57571950e-08 -3.00557562e-06  1.57571950e-08 -8.37626284e-06 
 1.58071950e-08  3.09835215e-06  1.58071950e-08  8.60044796e-06 
 1.58571950e-08 -2.95154651e-06  1.58571950e-08 -8.80002882e-06 
 1.59071950e-08  3.04438895e-06  1.59071950e-08  9.01318242e-06 
 1.59571950e-08 -2.89768749e-06  1.59571950e-08 -9.20198609e-06 
 1.60071950e-08  2.99065984e-06  1.60071950e-08  9.40459051e-06 
 1.60571950e-08 -2.84412103e-06  1.60571950e-08 -9.58308364e-06 
 1.61071950e-08  2.93727706e-06  1.61071950e-08  9.77559171e-06 
 1.61571950e-08 -2.79094996e-06  1.61571950e-08 -9.94421289e-06 
 1.62071950e-08  2.88433466e-06  1.62071950e-08  1.01270506e-05 
 1.62571950e-08 -2.73826011e-06  1.62571950e-08 -1.02862130e-05 
 1.63071950e-08  2.83191090e-06  1.63071950e-08  1.04597822e-05 
 1.63571950e-08 -2.68612278e-06  1.63571950e-08 -1.06098758e-05 
 1.64071950e-08  2.78007059e-06  1.64071950e-08  1.07745559e-05 
 1.64571950e-08 -2.63459676e-06  1.64571950e-08 -1.09159496e-05 
 1.65071950e-08  2.72886695e-06  1.65071950e-08  1.10720999e-05 
 1.65571950e-08 -2.58373008e-06  1.65571950e-08 -1.12051431e-05 
 1.66071950e-08  2.67834318e-06  1.66071950e-08  1.13531044e-05 
 1.66571950e-08 -2.53356152e-06  1.66571950e-08 -1.14781291e-05 
 1.67071950e-08  2.62853397e-06  1.67071950e-08  1.16182249e-05 
 1.67571950e-08 -2.48412200e-06  1.67571950e-08 -1.17355463e-05 
 1.68071950e-08  2.57946672e-06  1.68071950e-08  1.18680847e-05 
 1.68571950e-08 -2.43543559e-06  1.68571950e-08 -1.19780033e-05 
 1.69071950e-08  2.53116247e-06  1.69071950e-08  1.21032776e-05 
 1.69571950e-08 -2.38752063e-06  1.69571950e-08 -1.22060798e-05 
 1.70071950e-08  2.48363700e-06  1.70071950e-08  1.23243700e-05 
 1.70571950e-08 -2.34039046e-06  1.70571950e-08 -1.24203292e-05 
 1.71071950e-08  2.43690142e-06  1.71071950e-08  1.25319027e-05 
 1.71571950e-08 -2.29405420e-06  1.71571950e-08 -1.26212803e-05 
 1.72071950e-08  2.39096297e-06  1.72071950e-08  1.27263930e-05 
 1.72571950e-08 -2.24851731e-06  1.72571950e-08 -1.28094393e-05 
 1.73071950e-08  2.34582556e-06  1.73071950e-08  1.29083360e-05 
 1.73571950e-08 -2.20378231e-06  1.73571950e-08 -1.29852907e-05 
 1.74071950e-08  2.30149032e-06  1.74071950e-08  1.30782064e-05 
 1.74571950e-08 -2.15984902e-06  1.74571950e-08 -1.31492993e-05 
 1.75071950e-08  2.25795590e-06  1.75071950e-08  1.32364591e-05 
 1.75571950e-08 -2.11671507e-06  1.75571950e-08 -1.33019109e-05 
 1.76071950e-08  2.21521900e-06  1.76071950e-08  1.33835312e-05 
 1.76571950e-08 -2.07437627e-06  1.76571950e-08 -1.34435539e-05 
 1.77071950e-08  2.17327458e-06  1.77071950e-08  1.35198426e-05 
 1.77571950e-08 -2.03282686e-06  1.77571950e-08 -1.35746400e-05 
 1.78071950e-08  2.13211625e-06  1.78071950e-08  1.36457969e-05 
 1.78571950e-08 -1.99205980e-06  1.78571950e-08 -1.36955650e-05 
 1.79071950e-08  2.09173635e-06  1.79071950e-08  1.37617827e-05 
 1.79571950e-08 -1.95206691e-06  1.79571950e-08 -1.38067103e-05 
 1.80071950e-08  2.05212627e-06  1.80071950e-08  1.38681739e-05 
 1.80571950e-08 -1.91283922e-06  1.80571950e-08 -1.39084427e-05 
 1.81071950e-08  2.01327660e-06  1.81071950e-08  1.39653308e-05 
 1.81571950e-08 -1.87436691e-06  1.81571950e-08 -1.40011162e-05 
 1.82071950e-08  1.97517729e-06  1.82071950e-08  1.40536008e-05 
 1.82571950e-08 -1.83663967e-06  1.82571950e-08 -1.40850716e-05 
 1.83071950e-08  1.93781771e-06  1.83071950e-08  1.41333187e-05 
 1.83571950e-08 -1.79964669e-06  1.83571950e-08 -1.41606379e-05 
 1.84071950e-08  1.90118689e-06  1.84071950e-08  1.42048077e-05 
 1.84571950e-08 -1.76337679e-06  1.84571950e-08 -1.42281326e-05 
 1.85071950e-08  1.86527346e-06  1.85071950e-08  1.42683796e-05 
 1.85571950e-08 -1.72781848e-06  1.85571950e-08 -1.42878619e-05 
 1.86071950e-08  1.83006585e-06  1.86071950e-08  1.43243353e-05 
 1.86571950e-08 -1.69296009e-06  1.86571950e-08 -1.43401218e-05 
 1.87071950e-08  1.79555233e-06  1.87071950e-08  1.43729658e-05 
 1.87571950e-08 -1.65878987e-06  1.87571950e-08 -1.43851980e-05 
 1.88071950e-08  1.76172106e-06  1.88071950e-08  1.44145518e-05 
 1.88571950e-08 -1.62529588e-06  1.88571950e-08 -1.44233666e-05 
 1.89071950e-08  1.72856009e-06  1.89071950e-08  1.44493648e-05 
 1.89571950e-08 -1.59246622e-06  1.89571950e-08 -1.44548944e-05 
 1.90071950e-08  1.69605751e-06  1.90071950e-08  1.44776671e-05 
 1.90571950e-08 -1.56028897e-06  1.90571950e-08 -1.44800394e-05 
 1.91071950e-08  1.66420142e-06  1.91071950e-08  1.44997123e-05 
 1.91571950e-08 -1.52875220e-06  1.91571950e-08 -1.44990509e-05 
 1.92071950e-08  1.63297989e-06  1.92071950e-08  1.45157456e-05 
 1.92571950e-08 -1.49784408e-06  1.92571950e-08 -1.45121699e-05 
 1.93071950e-08  1.60238117e-06  1.93071950e-08  1.45260041e-05 
 1.93571950e-08 -1.46755287e-06  1.93571950e-08 -1.45196298e-05 
 1.94071950e-08  1.57239355e-06  1.94071950e-08  1.45307171e-05 
 1.94571950e-08 -1.43786695e-06  1.94571950e-08 -1.45216560e-05 
 1.95071950e-08  1.54300545e-06  1.95071950e-08  1.45301064e-05 
 1.95571950e-08 -1.40877478e-06  1.95571950e-08 -1.45184667e-05 
 1.96071950e-08  1.51420541e-06  1.96071950e-08  1.45243866e-05 
 1.96571950e-08 -1.38026493e-06  1.96571950e-08 -1.45102729e-05 
 1.97071950e-08  1.48598209e-06  1.97071950e-08  1.45137654e-05 
 1.97571950e-08 -1.35232622e-06  1.97571950e-08 -1.44972788e-05 
 1.98071950e-08  1.45832434e-06  1.98071950e-08  1.44984435e-05 
 1.98571950e-08 -1.32494752e-06  1.98571950e-08 -1.44796820e-05 
 1.99071950e-08  1.43122116e-06  1.99071950e-08  1.44786153e-05 
 1.99535975e-08 -1.29708878e-06  1.99535975e-08 -1.44567355e-05 
 2.00000000e-08  1.40262494e-06  2.00000000e-08  1.44524243e-05 
 2.00050000e-08  1.25402594e-05  2.00050000e-08  1.57086126e-04 
 2.00150000e-08 -3.60219225e-06  2.00150000e-08  3.54109208e-05 
 2.00350000e-08 -7.27074946e-06  2.00350000e-08 -5.81799590e-05 
 2.00750000e-08  5.68290466e-06  2.00750000e-08 -5.06087346e-05 
 2.01250000e-08 -3.27290062e-05  2.01250000e-08 -1.45137521e-04 
 2.01625000e-08 -8.52431874e-05  2.01625000e-08 -3.33056325e-04 
 2.02000000e-08  4.10309384e-04  2.02000000e-08  1.41067933e-04 
 2.02050000e-08  3.53536743e-04  2.02050000e-08  5.86931591e-05 
 2.02150000e-08 -1.74178464e-04  2.02150000e-08  2.22062627e-04 
 2.02350000e-08 -4.04381377e-04  2.02350000e-08  6.65683827e-04 
 2.02750000e-08  3.02443385e-04  2.02750000e-08  1.65594810e-03 
 2.03179235e-08 -1.64168280e-04  2.03179235e-08 -2.06666802e-03 
 2.03631406e-08  9.88072187e-05  2.03631406e-08  2.67249069e-04 
 2.04131406e-08 -6.66235312e-05  2.04131406e-08 -1.35775325e-04 
 2.04631406e-08  4.73702859e-05  2.04631406e-08  2.63093910e-04 
 2.05131406e-08 -3.46656026e-05  2.05131406e-08 -1.27578179e-04 
 2.05631406e-08  2.62244900e-05  2.05631406e-08  1.09505445e-04 
 2.06131406e-08 -2.00580438e-05  2.06131406e-08 -5.39581961e-05 
 2.06631406e-08  1.57823946e-05  2.06631406e-08  2.70027815e-05 
 2.07131406e-08 -1.24222251e-05  2.07131406e-08  1.47555113e-06 
 2.07631406e-08  1.00923397e-05  2.07631406e-08 -2.07887343e-05 
 2.08131406e-08 -8.09621635e-06  2.08131406e-08  3.71430168e-05 
 2.08631406e-08  6.74684444e-06  2.08631406e-08 -4.92636428e-05 
 2.09131406e-08 -5.45944382e-06  2.09131406e-08  5.87915619e-05 
 2.09631406e-08  4.63200950e-06  2.09631406e-08 -6.58607998e-05 
 2.10131406e-08 -3.73222253e-06  2.10131406e-08  7.11344196e-05 
 2.10631406e-08  3.19804473e-06  2.10631406e-08 -7.48510121e-05 
 2.11131406e-08 -2.52285442e-06  2.11131406e-08  7.73918582e-05 
 2.11631406e-08  2.16411394e-06  2.11631406e-08 -7.89244990e-05 
 2.12131406e-08 -1.62800842e-06  2.12131406e-08  7.97083707e-05 
 2.12631406e-08  1.38174622e-06  2.12631406e-08 -7.98410502e-05 
 2.13131406e-08 -9.37995191e-07  2.13131406e-08  7.95118499e-05 
 2.13631406e-08  7.68958047e-07  2.13631406e-08 -7.87685982e-05 
 2.14131406e-08 -3.90654174e-07  2.14131406e-08  7.77549436e-05 
 2.14631406e-08  2.77927631e-07  2.14631406e-08 -7.64854349e-05 
 2.15131406e-08  5.14165698e-08  2.15131406e-08  7.50726042e-05 
 2.15631406e-08 -1.21079513e-07  2.15631406e-08 -7.35090881e-05 
 2.16131406e-08  4.12264733e-07  2.16131406e-08  7.18858127e-05 
 2.16631406e-08 -4.47830509e-07  2.16631406e-08 -7.01811162e-05 
 2.17131406e-08  7.08399761e-07  2.17131406e-08  6.84707703e-05 
 2.17631406e-08 -7.16313362e-07  2.17631406e-08 -6.67238957e-05 
 2.18131406e-08  9.51832114e-07  2.18131406e-08  6.50055621e-05 
 2.18631406e-08 -9.36959258e-07  2.18631406e-08 -6.32790649e-05 
 2.19131406e-08  1.15171417e-06  2.19131406e-08  6.16018760e-05 
 2.19631406e-08 -1.11786671e-06  2.19631406e-08 -5.99337284e-05 
 2.20131406e-08  1.31526471e-06  2.20131406e-08  5.83266753e-05 
 2.20631406e-08 -1.26550851e-06  2.20631406e-08 -5.67383903e-05 
 2.21131406e-08  1.44831732e-06  2.21131406e-08  5.52170467e-05 
 2.21631406e-08 -1.38516347e-06  2.21631406e-08 -5.37192482e-05 
 2.22131406e-08  1.55566556e-06  2.22131406e-08  5.22903789e-05 
 2.22631406e-08 -1.48119644e-06  2.22631406e-08 -5.08866159e-05 
 2.23131406e-08  1.64129347e-06  2.23131406e-08  4.95513294e-05 
 2.23631406e-08 -1.55725059e-06  2.23631406e-08 -4.82406783e-05 
 2.24131406e-08  1.70853823e-06  2.24131406e-08  4.69965721e-05 
 2.24631406e-08 -1.61638688e-06  2.24631406e-08 -4.57754018e-05 
 2.25131406e-08  1.76021078e-06  2.25131406e-08  4.46180117e-05 
 2.25631406e-08 -1.66118897e-06  2.25631406e-08 -4.34811692e-05 
 2.26131406e-08  1.79868814e-06  2.26131406e-08  4.24049362e-05 
 2.26631406e-08 -1.69384534e-06  2.26631406e-08 -4.13465313e-05 
 2.27131406e-08  1.82598653e-06  2.27131406e-08  4.03454370e-05 
 2.27631406e-08 -1.71621441e-06  2.27631406e-08 -3.93593515e-05 
 2.28131406e-08  1.84381994e-06  2.28131406e-08  3.84273239e-05 
 2.28631406e-08 -1.72987765e-06  2.28631406e-08 -3.75075316e-05 
 2.29131406e-08  1.85364818e-06  2.29131406e-08  3.66386956e-05 
 2.29631406e-08 -1.73618295e-06  2.29631406e-08 -3.57794543e-05 
 2.30131406e-08  1.85671628e-06  2.30131406e-08  3.49682764e-05 
 2.30631406e-08 -1.73628067e-06  2.30631406e-08 -3.41642328e-05 
 2.31131406e-08  1.85408741e-06  2.31131406e-08  3.34055953e-05 
 2.31631406e-08 -1.73115351e-06  2.31631406e-08 -3.26518335e-05 
 2.32131406e-08  1.84667016e-06  2.32131406e-08  3.19410628e-05 
 2.32631406e-08 -1.72164174e-06  2.32631406e-08 -3.12331160e-05 
 2.33131406e-08  1.83524169e-06  2.33131406e-08  3.05659817e-05 
 2.33631406e-08 -1.70846419e-06  2.33631406e-08 -2.98998205e-05 
 2.34131406e-08  1.82046701e-06  2.34131406e-08  2.92725165e-05 
 2.34631406e-08 -1.69223613e-06  2.34631406e-08 -2.86445243e-05 
 2.35131406e-08  1.80291542e-06  2.35131406e-08  2.80536401e-05 
 2.35631406e-08 -1.67348431e-06  2.35631406e-08 -2.74605809e-05 
 2.36131406e-08  1.78307436e-06  2.36131406e-08  2.69030679e-05 
 2.36631406e-08 -1.65265976e-06  2.36631406e-08 -2.63420515e-05 
 2.37131406e-08  1.76136110e-06  2.37131406e-08  2.58151879e-05 
 2.37631406e-08 -1.63014856e-06  2.37631406e-08 -2.52836345e-05 
 2.38131406e-08  1.73813292e-06  2.38131406e-08  2.47849906e-05 
 2.38631406e-08 -1.60628125e-06  2.38631406e-08 -2.42805967e-05 
 2.39131406e-08  1.71369552e-06  2.39131406e-08  2.38080022e-05 
 2.39631406e-08 -1.58134054e-06  2.39631406e-08 -2.33287094e-05 
 2.40131406e-08  1.68831035e-06  2.40131406e-08  2.28802229e-05 
 2.40631406e-08 -1.55556820e-06  2.40631406e-08 -2.24241883e-05 
 2.41131406e-08  1.66220093e-06  2.41131406e-08  2.19980704e-05 
 2.41631406e-08 -1.52917072e-06  2.41631406e-08 -2.15636410e-05 
 2.42131406e-08  1.63555799e-06  2.42131406e-08  2.11583293e-05 
 2.42631406e-08 -1.50232433e-06  2.42631406e-08 -2.07440186e-05 
 2.43131406e-08  1.60854426e-06  2.43131406e-08  2.03581061e-05 
 2.43631406e-08 -1.47517917e-06  2.43631406e-08 -1.99625739e-05 
 2.44131406e-08  1.58129822e-06  2.44131406e-08  1.95947902e-05 
 2.44631406e-08 -1.44786294e-06  2.44631406e-08 -1.92168242e-05 
 2.45131406e-08  1.55393763e-06  2.45131406e-08  1.88660184e-05 
 2.45631406e-08 -1.42048411e-06  2.45631406e-08 -1.85045192e-05 
 2.46131406e-08  1.52656226e-06  2.46131406e-08  1.81696457e-05 
 2.46631406e-08 -1.39313449e-06  2.46631406e-08 -1.78236126e-05 
 2.47131406e-08  1.49925657e-06  2.47131406e-08  1.75037183e-05 
 2.47631406e-08 -1.36589160e-06  2.47631406e-08 -1.71722381e-05 
 2.48131406e-08  1.47209164e-06  2.48131406e-08  1.68664516e-05 
 2.48631406e-08 -1.33882066e-06  2.48631406e-08 -1.65486879e-05 
 2.49131406e-08  1.44512723e-06  2.49131406e-08  1.62562099e-05 
 2.49631406e-08 -1.31197629e-06  2.49631406e-08 -1.59513945e-05 
 2.50131406e-08  1.41841324e-06  2.50131406e-08  1.56714900e-05 
 2.50631406e-08 -1.28540402e-06  2.50631406e-08 -1.53789153e-05 
 2.51131406e-08  1.39199109e-06  2.51131406e-08  1.51109059e-05 
 2.51631406e-08 -1.25914150e-06  2.51631406e-08 -1.48299184e-05 
 2.52131406e-08  1.36589498e-06  2.52131406e-08  1.45731767e-05 
 2.52631406e-08 -1.23321971e-06  2.52631406e-08 -1.43031710e-05 
 2.53131406e-08  1.34015286e-06  2.53131406e-08  1.40571150e-05 
 2.53631406e-08 -1.20766376e-06  2.53631406e-08 -1.37975291e-05 
 2.54131406e-08  1.31478724e-06  2.54131406e-08  1.35616179e-05 
 2.54631406e-08 -1.18249383e-06  2.54631406e-08 -1.33119285e-05 
 2.55131406e-08  1.28981612e-06  2.55131406e-08  1.30856580e-05 
 2.55631406e-08 -1.15772582e-06  2.55631406e-08 -1.28453773e-05 
 2.56131406e-08  1.26525349e-06  2.56131406e-08  1.26282768e-05 
 2.56631406e-08 -1.13337200e-06  2.56631406e-08 -1.23969488e-05 
 2.57131406e-08  1.24111000e-06  2.57131406e-08  1.21885779e-05 
 2.57631406e-08 -1.10944151e-06  2.57631406e-08 -1.19657755e-05 
 2.58131406e-08  1.21739337e-06  2.58131406e-08  1.17657214e-05 
 2.58631406e-08 -1.08594076e-06  2.58631406e-08 -1.15510443e-05 
 2.59131406e-08  1.19410886e-06  2.59131406e-08  1.13589197e-05 
 2.59631406e-08 -1.06287394e-06  2.59631406e-08 -1.11519915e-05 
 2.60131406e-08  1.17125961e-06  2.60131406e-08  1.09674320e-05 
 2.60631406e-08 -1.04024327e-06  2.60631406e-08 -1.07678989e-05 
 2.61131406e-08  1.14884702e-06  2.61131406e-08  1.05905616e-05 
 2.61631406e-08 -1.01804932e-06  2.61631406e-08 -1.03980902e-05 
 2.62131406e-08  1.12687090e-06  2.62131406e-08  1.02276518e-05 
 2.62631406e-08 -9.96291267e-07  2.62631406e-08 -1.00419276e-05 
 2.63131406e-08  1.10532982e-06  2.63131406e-08  9.87808289e-06 
 2.63631406e-08 -9.74967083e-07  2.63631406e-08 -9.69880904e-06 
 2.64131406e-08  1.08422123e-06  2.64131406e-08  9.54126985e-06 
 2.64631406e-08 -9.54073769e-07  2.64631406e-08 -9.36816573e-06 
 2.65131406e-08  1.06354170e-06  2.65131406e-08  9.21665944e-06 
 2.65631406e-08 -9.33607498e-07  2.65631406e-08 -9.04945957e-06 
 2.66131406e-08  1.04328704e-06  2.66131406e-08  8.90372817e-06 
 2.66631406e-08 -9.13563719e-07  2.66631406e-08 -8.74218117e-06 
 2.67131406e-08  1.02345240e-06  2.67131406e-08  8.60198024e-06 
 2.67631406e-08 -8.93937341e-07  2.67631406e-08 -8.44584792e-06 
 2.68131406e-08  1.00403243e-06  2.68131406e-08  8.31094572e-06 
 2.68631406e-08 -8.74722775e-07  2.68631406e-08 -8.16000219e-06 
 2.69131406e-08  9.85021353e-07  2.69131406e-08  8.03017891e-06 
 2.69631406e-08 -8.55914102e-07  2.69631406e-08 -7.88420980e-06 
 2.70131406e-08  9.66413080e-07  2.70131406e-08  7.75925672e-06 
 2.70631406e-08 -8.37505030e-07  2.70631406e-08 -7.61805849e-06 
 2.71131406e-08  9.48201188e-07  2.71131406e-08  7.49777737e-06 
 2.71631406e-08 -8.19489058e-07  2.71631406e-08 -7.36115661e-06 
 2.72131406e-08  9.30379080e-07  2.72131406e-08  7.24535901e-06 
 2.72631406e-08 -8.01859503e-07  2.72631406e-08 -7.11313183e-06 
 2.73131406e-08  9.12940014e-07  2.73131406e-08  7.00163856e-06 
 2.73631406e-08 -7.84609566e-07  2.73631406e-08 -6.87363007e-06 
 2.74131406e-08  8.95877132e-07  2.74131406e-08  6.76627062e-06 
 2.74631406e-08 -7.67732329e-07  2.74631406e-08 -6.64231435e-06 
 2.75131406e-08  8.79183469e-07  2.75131406e-08  6.53892638e-06 
 2.75631406e-08 -7.51220805e-07  2.75631406e-08 -6.41886383e-06 
 2.76131406e-08  8.62852023e-07  2.76131406e-08  6.31929274e-06 
 2.76631406e-08 -7.35068021e-07  2.76631406e-08 -6.20297293e-06 
 2.77131406e-08  8.46875842e-07  2.77131406e-08  6.10707140e-06 
 2.77631406e-08 -7.19266972e-07  2.77631406e-08 -5.99435042e-06 
 2.78131406e-08  8.31247887e-07  2.78131406e-08  5.90197801e-06 
 2.78631406e-08 -7.03810650e-07  2.78631406e-08 -5.79271863e-06 
 2.79131406e-08  8.15961201e-07  2.79131406e-08  5.70374138e-06 
 2.79631406e-08 -6.88692139e-07  2.79631406e-08 -5.59781274e-06 
 2.80131406e-08  8.01008871e-07  2.80131406e-08  5.51210286e-06 
 2.80631406e-08 -6.73904527e-07  2.80631406e-08 -5.40938004e-06 
 2.81131406e-08  7.86384037e-07  2.81131406e-08  5.32681554e-06 
 2.81631406e-08 -6.59441007e-07  2.81631406e-08 -5.22717929e-06 
 2.82131406e-08  7.72079885e-07  2.82131406e-08  5.14764368e-06 
 2.82631406e-08 -6.45294778e-07  2.82631406e-08 -5.05098012e-06 
 2.83131406e-08  7.58089695e-07  2.83131406e-08  4.97436211e-06 
 2.83631406e-08 -6.31459202e-07  2.83631406e-08 -4.88056242e-06 
 2.84131406e-08  7.44406873e-07  2.84131406e-08  4.80675566e-06 
 2.84631406e-08 -6.17927703e-07  2.84631406e-08 -4.71571585e-06 
 2.85131406e-08  7.31024870e-07  2.85131406e-08  4.64461867e-06 
 2.85631406e-08 -6.04693786e-07  2.85631406e-08 -4.55623927e-06 
 2.86131406e-08  7.17937234e-07  2.86131406e-08  4.48775442e-06 
 2.86631406e-08 -5.91751052e-07  2.86631406e-08 -4.40194031e-06 
 2.87131406e-08  7.05137668e-07  2.87131406e-08  4.33597477e-06 
 2.87631406e-08 -5.79093275e-07  2.87631406e-08 -4.25263491e-06 
 2.88131406e-08  6.92619938e-07  2.88131406e-08  4.18909963e-06 
 2.88631406e-08 -5.66714242e-07  2.88631406e-08 -4.10814687e-06 
 2.89131406e-08  6.80377935e-07  2.89131406e-08  4.04695658e-06 
 2.89631406e-08 -5.54607921e-07  2.89631406e-08 -3.96830747e-06 
 2.90131406e-08  6.68405637e-07  2.90131406e-08  3.90938052e-06 
 2.90631406e-08 -5.42768343e-07  2.90631406e-08 -3.83295513e-06 
 2.91131406e-08  6.56697168e-07  2.91131406e-08  3.77621326e-06 
 2.91631406e-08 -5.31189681e-07  2.91631406e-08 -3.70193495e-06 
 2.92131406e-08  6.45246737e-07  2.92131406e-08  3.64730316e-06 
 2.92631406e-08 -5.19866212e-07  2.92631406e-08 -3.57509851e-06 
 2.93131406e-08  6.34048691e-07  2.93131406e-08  3.52250488e-06 
 2.93631406e-08 -5.08792334e-07  2.93631406e-08 -3.45230342e-06 
 2.94131406e-08  6.23097457e-07  2.94131406e-08  3.40167897e-06 
 2.94631406e-08 -4.97962529e-07  2.94631406e-08 -3.33341314e-06 
 2.95131406e-08  6.12387631e-07  2.95131406e-08  3.28469168e-06 
 2.95631406e-08 -4.87371454e-07  2.95631406e-08 -3.21829661e-06 
 2.96131406e-08  6.01913841e-07  2.96131406e-08  3.17141459e-06 
 2.96631406e-08 -4.77013773e-07  2.96631406e-08 -3.10682804e-06 
 2.97131406e-08  5.91670874e-07  2.97131406e-08  3.06172444e-06 
 2.97631406e-08 -4.66884352e-07  2.97631406e-08 -2.99888660e-06 
 2.98131406e-08  5.81653616e-07  2.98131406e-08  2.95550283e-06 
 2.98631406e-08 -4.56978122e-07  2.98631406e-08 -2.89435624e-06 
 2.99131406e-08  5.71857085e-07  2.99131406e-08  2.85263596e-06 
 2.99565703e-08 -4.46566049e-07  2.99565703e-08 -2.78559928e-06 
 3.00000000e-08  5.60845389e-07  3.00000000e-08  2.73821834e-06 
 3.00050000e-08 -8.12342504e-06  3.00050000e-08 -6.61583753e-05 
 3.00150000e-08  6.00803371e-06  3.00150000e-08 -7.59266203e-07 
 3.00350000e-08  2.65186197e-06  3.00350000e-08  2.53978781e-05 
 3.00750000e-08 -4.18176597e-06  3.00750000e-08  1.09466933e-05 
 3.01250000e-08  2.30762750e-05  3.01250000e-08  1.67487828e-04 
 3.01625000e-08  4.90194656e-06  3.01625000e-08  1.59032359e-04 
 3.02000000e-08 -1.94611435e-04  3.02000000e-08 -1.60926135e-04 
 3.02050000e-08 -1.33241954e-04  3.02050000e-08 -2.92849950e-04 
 3.02150000e-08  1.50623543e-04  3.02150000e-08 -7.02690289e-04 
 3.02350000e-08  2.76151313e-04  3.02350000e-08 -1.12866548e-03 
 3.02717675e-08 -2.49044751e-04  3.02717675e-08  5.15454709e-05 
 3.03128416e-08  1.26552497e-04  3.03128416e-08  9.88501010e-04 
 3.03572863e-08 -6.00933601e-05  3.03572863e-08  2.19369536e-05 
 3.04072863e-08  2.23690760e-05  3.04072863e-08 -1.34216530e-04 
 3.04572863e-08  3.13365654e-06  3.04572863e-08  2.06556990e-06 
 3.05072863e-08 -2.02273035e-05  3.05072863e-08 -8.14330811e-05 
 3.05572863e-08  3.19548391e-05  3.05572863e-08  5.49291371e-05 
 3.06072863e-08 -3.95194156e-05  3.06072863e-08 -8.64996137e-05 
 3.06572863e-08  4.44424175e-05  3.06572863e-08  8.28934723e-05 
 3.07072863e-08 -4.70471190e-05  3.07072863e-08 -9.58928424e-05 
 3.07572863e-08  4.83355567e-05  3.07572863e-08  9.67645324e-05 
 3.08072863e-08 -4.82629645e-05  3.08072863e-08 -1.01921689e-04 
 3.08572863e-08  4.76061351e-05  3.08572863e-08  1.02571281e-04 
 3.09072863e-08 -4.61169890e-05  3.09072863e-08 -1.03953804e-04 
 3.09572863e-08  4.44682004e-05  3.09572863e-08  1.03474282e-04 
 3.10072863e-08 -4.23032920e-05  3.10072863e-08 -1.02810935e-04 
 3.10572863e-08  4.02090643e-05  3.10572863e-08  1.01284202e-04 
 3.11072863e-08 -3.77850996e-05  3.11072863e-08 -9.94443814e-05 
 3.11572863e-08  3.55632780e-05  3.11572863e-08  9.71735889e-05 
 3.12072863e-08 -3.31155708e-05  3.12072863e-08 -9.46556274e-05 
 3.12572863e-08  3.09431921e-05  3.12572863e-08  9.19285765e-05 
 3.13072863e-08 -2.85999581e-05  3.13072863e-08 -8.90489944e-05 
 3.13572863e-08  2.65704369e-05  3.13572863e-08  8.60891864e-05 
 3.14072863e-08 -2.43963230e-05  3.14072863e-08 -8.30568809e-05 
 3.14572863e-08  2.25535753e-05  3.14572863e-08  8.00242805e-05 
 3.15072863e-08 -2.05757508e-05  3.15072863e-08 -7.69774951e-05 
 3.15572863e-08  1.89347434e-05  3.15572863e-08  7.39807503e-05 
 3.16072863e-08 -1.71586533e-05  3.16072863e-08 -7.10090209e-05 
 3.16572863e-08  1.57178293e-05  3.16572863e-08  6.81182622e-05 
 3.17072863e-08 -1.41367381e-05  3.17072863e-08 -6.52770221e-05 
 3.17572863e-08  1.28855370e-05  3.17572863e-08  6.25345237e-05 
 3.18072863e-08 -1.14863048e-05  3.18072863e-08 -5.98553828e-05 
 3.18572863e-08  1.04096960e-05  3.18572863e-08  5.72837856e-05 
 3.19072863e-08 -9.17625301e-06  3.19072863e-08 -5.47819176e-05 
 3.19572863e-08  8.25744021e-06  3.19572863e-08  5.23903550e-05 
 3.20072863e-08 -7.17284428e-06  3.20072863e-08 -5.00698246e-05 
 3.20572863e-08  6.39484495e-06  3.20572863e-08  4.78583955e-05 
 3.21072863e-08 -5.44246689e-06  3.21072863e-08 -4.57159828e-05 
 3.21572863e-08  4.78899963e-06  3.21572863e-08  4.36789692e-05 
 3.22072863e-08 -3.95317040e-06  3.22072863e-08 -4.17068898e-05 
 3.22572863e-08  3.40911782e-06  3.22572863e-08  3.98350397e-05 
 3.23072863e-08 -2.67544689e-06  3.23072863e-08 -3.80228563e-05 
 3.23572863e-08  2.22706050e-06  3.23572863e-08  3.63049767e-05 
 3.24072863e-08 -1.58255528e-06  3.24072863e-08 -3.46409207e-05 
 3.24572863e-08  1.21750684e-06  3.24572863e-08  3.30649701e-05 
 3.25072863e-08 -6.50575039e-07  3.25072863e-08 -3.15368353e-05 
 3.25572863e-08  3.57919004e-07  3.25572863e-08  3.00906535e-05 
 3.26072863e-08  1.41695217e-07  3.26072863e-08 -2.86863840e-05 
 3.26572863e-08 -3.71607429e-07  3.26572863e-08  2.73581622e-05 
 3.27072863e-08  8.12921795e-07  3.27072863e-08 -2.60662220e-05 
 3.27572863e-08 -9.88550883e-07  3.27572863e-08  2.48447908e-05 
 3.28072863e-08  1.37945837e-06  3.28072863e-08 -2.36543805e-05 
 3.28572863e-08 -1.50819441e-06  3.28572863e-08  2.25293694e-05 
 3.29072863e-08  1.85557992e-06  3.29072863e-08 -2.14305372e-05 
 3.29572863e-08 -1.94385883e-06  3.29572863e-08  2.03924470e-05 
 3.30072863e-08  2.25371229e-06  3.30072863e-08 -1.93761284e-05 
 3.30572863e-08 -2.30712635e-06  3.30572863e-08  1.84163459e-05 
 3.31072863e-08  2.58464872e-06  3.31072863e-08 -1.74743560e-05 
 3.31572863e-08 -2.60804883e-06  3.31572863e-08  1.65851299e-05 
 3.32072863e-08  2.85774903e-06  3.32072863e-08 -1.57101266e-05 
 3.32572863e-08 -2.85533735e-06  3.32572863e-08  1.48845211e-05 
 3.33072863e-08  3.08111968e-06  3.33072863e-08 -1.40699504e-05 
 3.33572863e-08 -3.05653247e-06  3.33572863e-08  1.33017857e-05 
 3.34072863e-08  3.26177443e-06  3.34072863e-08 -1.25418181e-05 
 3.34572863e-08 -3.21815568e-06  3.34572863e-08  1.18256047e-05 
 3.35072863e-08  3.40577676e-06  3.35072863e-08 -1.11150687e-05 
 3.35572863e-08 -3.34584298e-06  3.35572863e-08  1.04459404e-05 
 3.36072863e-08  3.51836530e-06  3.36072863e-08 -9.78025553e-06 
 3.36572863e-08 -3.44446225e-06  3.36572863e-08  9.15390467e-06 
 3.37072863e-08  3.60406338e-06  3.37072863e-08 -8.52901789e-06 
 3.37572863e-08 -3.51821575e-06  3.37572863e-08  7.94163327e-06 
 3.38072863e-08  3.66677500e-06  3.38072863e-08 -7.35395941e-06 
 3.38572863e-08 -3.57072962e-06  3.38572863e-08  6.80216932e-06 
 3.39072863e-08  3.70986818e-06  3.39072863e-08 -6.24853624e-06 
 3.39572863e-08 -3.60513153e-06  3.39572863e-08  5.72935629e-06 
 3.40072863e-08  3.73624745e-06  3.40072863e-08 -5.20695537e-06 
 3.40572863e-08 -3.62411830e-06  3.40572863e-08  4.71774156e-06 
 3.41072863e-08  3.74841671e-06  3.41072863e-08 -4.22408308e-06 
 3.41572863e-08 -3.63001429e-06  3.41572863e-08  3.76248981e-06 
 3.42072863e-08  3.74853369e-06  3.42072863e-08 -3.29536350e-06 
 3.42572863e-08 -3.62482227e-06  3.42572863e-08  2.85930639e-06 
 3.43072863e-08  3.73845721e-06  3.43072863e-08 -2.41674631e-06 
 3.43572863e-08 -3.61026711e-06  3.43572863e-08  2.00436936e-06 
 3.44072863e-08  3.71978786e-06  3.44072863e-08 -1.58462320e-06 
 3.44572863e-08 -3.58783384e-06  3.44572863e-08  1.19427000e-06 
 3.45072863e-08  3.69390335e-06  3.45072863e-08 -7.95772062e-07 
 3.45572863e-08 -3.55880040e-06  3.45572863e-08  4.25960586e-07 
 3.46072863e-08  3.66198900e-06  3.46072863e-08 -4.73081880e-08 
 3.46572863e-08 -3.52426599e-06  3.46572863e-08 -3.03291209e-07 
 3.47072863e-08  3.62506406e-06  3.47072863e-08  6.63358239e-07 
 3.47572863e-08 -3.48517556e-06  3.47572863e-08 -9.95942000e-07 
 3.48072863e-08  3.58400452e-06  3.48072863e-08  1.33855920e-06 
 3.48572863e-08 -3.44234098e-06  3.48572863e-08 -1.65420715e-06 
 3.49072863e-08  3.53956273e-06  3.49072863e-08  1.98040096e-06 
 3.49572863e-08 -3.39645928e-06  3.49572863e-08 -2.28009083e-06 
 3.50072863e-08  3.49238433e-06  3.50072863e-08  2.59079207e-06 
 3.50572863e-08 -3.34812843e-06  3.50572863e-08 -2.87541200e-06 
 3.51072863e-08  3.44302303e-06  3.51072863e-08  3.17146755e-06 
 3.51572863e-08 -3.29786092e-06  3.51572863e-08 -3.44182697e-06 
 3.52072863e-08  3.39195312e-06  3.52072863e-08  3.72400990e-06 
 3.52572863e-08 -3.24609561e-06  3.52572863e-08 -3.98084901e-06 
 3.53072863e-08  3.33958049e-06  3.53072863e-08  4.24986738e-06 
 3.53572863e-08 -3.19320776e-06  3.53572863e-08 -4.49386527e-06 
 3.54072863e-08  3.28625202e-06  3.54072863e-08  4.75036977e-06 
 3.54572863e-08 -3.13951787e-06  3.54572863e-08 -4.98215157e-06 
 3.55072863e-08  3.23226372e-06  3.55072863e-08  5.22674209e-06 
 3.55572863e-08 -3.08529925e-06  3.55572863e-08 -5.44688512e-06 
 3.56072863e-08  3.17786775e-06  3.56072863e-08  5.68011655e-06 
 3.56572863e-08 -3.03078441e-06  3.56572863e-08 -5.88915565e-06 
 3.57072863e-08  3.12327851e-06  3.57072863e-08  6.11154287e-06 
 3.57572863e-08 -2.97617091e-06  3.57572863e-08 -6.30997511e-06 
 3.58072863e-08  3.06867784e-06  3.58072863e-08  6.52199728e-06 
 3.58572863e-08 -2.92162605e-06  3.58572863e-08 -6.71028596e-06 
 3.59072863e-08  3.01421954e-06  3.59072863e-08  6.91239036e-06 
 3.59572863e-08 -2.86729108e-06  3.59572863e-08 -7.09096862e-06 
 3.60072863e-08  2.96003326e-06  3.60072863e-08  7.28357395e-06 
 3.60572863e-08 -2.81328491e-06  3.60572863e-08 -7.45284774e-06 
 3.61072863e-08  2.90622795e-06  3.61072863e-08  7.63634699e-06 
 3.61572863e-08 -2.75970721e-06  3.61572863e-08 -7.79669788e-06 
 3.62072863e-08  2.85289460e-06  3.62072863e-08  7.97146085e-06 
 3.62572863e-08 -2.70664098e-06  3.62572863e-08 -8.12324833e-06 
 3.63072863e-08  2.80010886e-06  3.63072863e-08  8.28962384e-06 
 3.63572863e-08 -2.65415505e-06  3.63572863e-08 -8.43318743e-06 
 3.64072863e-08  2.74793319e-06  3.64072863e-08  8.59150527e-06 
 3.64572863e-08 -2.60230598e-06  3.64572863e-08 -8.72716628e-06 
 3.65072863e-08  2.69641874e-06  3.65072863e-08  8.87773890e-06 
 3.65572863e-08 -2.55113987e-06  3.65572863e-08 -9.00580209e-06 
 3.66072863e-08  2.64560684e-06  3.66072863e-08  9.14892615e-06 
 3.66572863e-08 -2.50069371e-06  3.66572863e-08 -9.26968110e-06 
 3.67072863e-08  2.59553053e-06  3.67072863e-08  9.40563873e-06 
 3.67572863e-08 -2.45099682e-06  3.67572863e-08 -9.51936115e-06 
 3.68072863e-08  2.54621566e-06  3.68072863e-08  9.64842117e-06 
 3.68572863e-08 -2.40207190e-06  3.68572863e-08 -9.75537391e-06 
 3.69072863e-08  2.49768202e-06  3.69072863e-08  9.87779285e-06 
 3.69572863e-08 -2.35393601e-06  3.69572863e-08 -9.97822698e-06 
 3.70072863e-08  2.44994410e-06  3.70072863e-08  1.00942500e-05 
 3.70572863e-08 -2.30660131e-06  3.70572863e-08 -1.01884057e-05 
 3.71072863e-08  2.40301196e-06  3.71072863e-08  1.02982674e-05 
 3.71572863e-08 -2.26007590e-06  3.71572863e-08 -1.03863745e-05 
 3.72072863e-08  2.35689186e-06  3.72072863e-08  1.04902999e-05 
 3.72572863e-08 -2.21436436e-06  3.72572863e-08 -1.05725788e-05 
 3.73072863e-08  2.31158681e-06  3.73072863e-08  1.06707835e-05 
 3.73572863e-08 -2.16946827e-06  3.73572863e-08 -1.07474459e-05 
 3.74072863e-08  2.26709711e-06  3.74072863e-08  1.08401370e-05 
 3.74572863e-08 -2.12538669e-06  3.74572863e-08 -1.09113863e-05 
 3.75072863e-08  2.22342066e-06  3.75072863e-08  1.09987630e-05 
 3.75572863e-08 -2.08211656e-06  3.75572863e-08 -1.10647946e-05 
 3.76072863e-08  2.18055350e-06  3.76072863e-08  1.11470485e-05 
 3.76572863e-08 -2.03965303e-06  3.76572863e-08 -1.12080507e-05 
 3.77072863e-08  2.13848997e-06  3.77072863e-08  1.12853663e-05 
 3.77572863e-08 -1.99798974e-06  3.77572863e-08 -1.13415203e-05 
 3.78072863e-08  2.09722307e-06  3.78072863e-08  1.14140754e-05 
 3.78572863e-08 -1.95711907e-06  3.78572863e-08 -1.14655559e-05 
 3.79072863e-08  2.05674463e-06  3.79072863e-08  1.15335220e-05 
 3.79572863e-08 -1.91703238e-06  3.79572863e-08 -1.15804977e-05 
 3.80072863e-08  2.01704552e-06  3.80072863e-08  1.16440401e-05 
 3.80572863e-08 -1.87772013e-06  3.80572863e-08 -1.16866736e-05 
 3.81072863e-08  1.97811590e-06  3.81072863e-08  1.17459521e-05 
 3.81572863e-08 -1.83917215e-06  3.81572863e-08 -1.17844004e-05 
 3.82072863e-08  1.93994527e-06  3.82072863e-08  1.18395691e-05 
 3.82572863e-08 -1.80137769e-06  3.82572863e-08 -1.18739840e-05 
 3.83072863e-08  1.90252261e-06  3.83072863e-08  1.19251920e-05 
 3.83572863e-08 -1.76432549e-06  3.83572863e-08 -1.19557201e-05 
 3.84072863e-08  1.86583655e-06  3.84072863e-08  1.20031115e-05 
 3.84572863e-08 -1.72800405e-06  3.84572863e-08 -1.20298945e-05 
 3.85072863e-08  1.82987538e-06  3.85072863e-08  1.20736085e-05 
 3.85572863e-08 -1.69240154e-06  3.85572863e-08 -1.20967836e-05 
 3.86072863e-08  1.79462721e-06  3.86072863e-08  1.21369550e-05 
 3.86572863e-08 -1.65750600e-06  3.86572863e-08 -1.21566548e-05 
 3.87072863e-08  1.76007999e-06  3.87072863e-08  1.21934139e-05 
 3.87572863e-08 -1.62330531e-06  3.87572863e-08 -1.22097668e-05 
 3.88072863e-08  1.72622156e-06  3.88072863e-08  1.22432398e-05 
 3.88572863e-08 -1.58978728e-06  3.88572863e-08 -1.22563698e-05 
 3.89072863e-08  1.69303972e-06  3.89072863e-08  1.22866788e-05 
 3.89572863e-08 -1.55693969e-06  3.89572863e-08 -1.22967063e-05 
 3.90072863e-08  1.66052227e-06  3.90072863e-08  1.23239696e-05 
 3.90572863e-08 -1.52475040e-06  3.90572863e-08 -1.23310109e-05 
 3.91072863e-08  1.62865704e-06  3.91072863e-08  1.23553429e-05 
 3.91572863e-08 -1.49320722e-06  3.91572863e-08 -1.23595108e-05 
 3.92072863e-08  1.59743188e-06  3.92072863e-08  1.23810224e-05 
 3.92572863e-08 -1.46229806e-06  3.92572863e-08 -1.23824261e-05 
 3.93072863e-08  1.56683482e-06  3.93072863e-08  1.24012247e-05 
 3.93572863e-08 -1.43201103e-06  3.93572863e-08 -1.23999698e-05 
 3.94072863e-08  1.53685391e-06  3.94072863e-08  1.24161595e-05 
 3.94572863e-08 -1.40233419e-06  3.94572863e-08 -1.24123485e-05 
 3.95072863e-08  1.50747735e-06  3.95072863e-08  1.24260300e-05 
 3.95572863e-08 -1.37325585e-06  3.95572863e-08 -1.24197621e-05 
 3.96072863e-08  1.47869350e-06  3.96072863e-08  1.24310330e-05 
 3.96572863e-08 -1.34476440e-06  3.96572863e-08 -1.24224043e-05 
 3.97072863e-08  1.45049081e-06  3.97072863e-08  1.24313592e-05 
 3.97572863e-08 -1.31684839e-06  3.97572863e-08 -1.24204629e-05 
 3.98072863e-08  1.42285793e-06  3.98072863e-08  1.24271934e-05 
 3.98572863e-08 -1.28949659e-06  3.98572863e-08 -1.24141196e-05 
 3.99072863e-08  1.39578370e-06  3.99072863e-08  1.24187145e-05 
 3.99536432e-08 -1.26165592e-06  3.99536432e-08 -1.24030522e-05 
 4.00000000e-08  1.36719522e-06  4.00000000e-08  1.24049343e-05 
 4.00050000e-08  1.25403657e-05  4.00050000e-08  1.57005018e-04 
 4.00150000e-08 -3.60218176e-06  4.00150000e-08  3.54631701e-05 
 4.00350000e-08 -7.27065988e-06  4.00350000e-08 -5.81730659e-05 
 4.00750000e-08  5.68271956e-06  4.00750000e-08 -5.05966509e-05 
 4.01250000e-08 -3.27298511e-05  4.01250000e-08 -1.45139877e-04 
 4.01625000e-08 -8.52512608e-05  4.01625000e-08 -3.32880567e-04 
 4.02000000e-08  4.10387381e-04  4.02000000e-08  1.40300360e-04 
 4.02050000e-08  3.53505517e-04  4.02050000e-08  5.79558041e-05 
 4.02150000e-08 -1.74409320e-04  4.02150000e-08  2.22601107e-04 
 4.02350000e-08 -4.04253728e-04  4.02350000e-08  6.66135541e-04 
 4.02750000e-08  3.02432072e-04  4.02750000e-08  1.65579668e-03 
 4.03179224e-08 -1.64209929e-04  4.03179224e-08 -2.06661098e-03 
 4.03631387e-08  9.88581269e-05  4.03631387e-08  2.67146011e-04 
 4.04131387e-08 -6.66729914e-05  4.04131387e-08 -1.35702024e-04 
 4.04631387e-08  4.74158522e-05  4.04631387e-08  2.62989862e-04 
 4.05131387e-08 -3.47070716e-05  4.05131387e-08 -1.27490290e-04 
 4.05631387e-08  2.62623406e-05  4.05631387e-08  1.09417049e-04 
 4.06131387e-08 -2.00927903e-05  4.06131387e-08 -5.38770120e-05 
 4.06631387e-08  1.58144588e-05  4.06631387e-08  2.69255269e-05 
 4.07131387e-08 -1.24519916e-05  4.07131387e-08  1.54776126e-06 
 4.07631387e-08  1.01200673e-05  4.07631387e-08 -2.08567190e-05 
 4.08131387e-08 -8.12213818e-06  4.08131387e-08  3.72067923e-05 
 4.08631387e-08  6.77112649e-06  4.08631387e-08 -4.93235557e-05 
 4.09131387e-08 -5.48223554e-06  4.09131387e-08  5.88478357e-05 
 4.09631387e-08  4.65342376e-06  4.09631387e-08 -6.59136774e-05 
 4.10131387e-08 -3.75236284e-06  4.10131387e-08  7.11841332e-05 
 4.10631387e-08  3.21699371e-06  4.10631387e-08 -7.48977621e-05 
 4.11131387e-08 -2.54068978e-06  4.11131387e-08  7.74358499e-05 
 4.11631387e-08  2.18090077e-06  4.11631387e-08 -7.89659028e-05 
 4.12131387e-08 -1.64380934e-06  4.12131387e-08  7.97473627e-05 
 4.12631387e-08  1.39661572e-06  4.12631387e-08 -7.98777762e-05 
 4.13131387e-08 -9.51986497e-07  4.13131387e-08  7.95464606e-05 
 4.13631387e-08  7.82118682e-07  4.13631387e-08 -7.88012191e-05 
 4.14131387e-08 -4.03030956e-07  4.14131387e-08  7.77857043e-05 
 4.14631387e-08  2.89563025e-07  4.14631387e-08 -7.65144442e-05 
 4.15131387e-08  4.04806549e-08  4.15131387e-08  7.50999739e-05 
 4.15631387e-08 -1.10804692e-07  4.15631387e-08 -7.35349131e-05 
 4.16131387e-08  4.02613166e-07  4.16131387e-08  7.19101901e-05 
 4.16631387e-08 -4.38767395e-07  4.16631387e-08 -7.02041291e-05 
 4.17131387e-08  6.99890913e-07  4.17131387e-08  6.84925032e-05 
 4.17631387e-08 -7.08327222e-07  4.17631387e-08 -6.67444216e-05 
 4.18131387e-08  9.44337817e-07  4.18131387e-08  6.50249547e-05 
 4.18631387e-08 -9.29928322e-07  4.18631387e-08 -6.32973885e-05 
 4.19131387e-08  1.14511883e-06  4.19131387e-08  6.16191951e-05 
 4.19565693e-08 -1.12401996e-06  4.19565693e-08 -5.97027457e-05 
 4.20000000e-08  1.33157066e-06  4.20000000e-08  5.78604706e-05 
 4.20050000e-08  4.39628333e-07  4.20050000e-08  9.30939265e-06 
 4.20150000e-08 -7.68445297e-07  4.20150000e-08 -8.58635255e-06 
 4.20350000e-08  4.44840334e-07  4.20350000e-08  3.20512143e-06 
 4.20750000e-08  3.39693913e-08  4.20750000e-08 -2.24110937e-06 
 4.21250000e-08 -1.40962910e-07  4.21250000e-08  2.35484635e-06 
 4.21625000e-08  4.33261301e-07  4.21625000e-08 -1.78350777e-06 
 4.22000000e-08 -3.13379563e-07  4.22000000e-08 -9.98491456e-08 
 4.22050000e-08 -5.81189109e-07  4.22050000e-08  2.24138961e-06 
 4.22150000e-08  9.52899405e-07  4.22150000e-08  2.54385712e-06 
 4.22350000e-08 -3.12456551e-07  4.22350000e-08 -8.75384487e-07 
 4.22750000e-08  3.25889865e-08  4.22750000e-08 -2.70237063e-07 
 4.23250000e-08  3.32398806e-07  4.23250000e-08  9.43547905e-09 
 4.23750000e-08 -3.44118272e-07  4.23750000e-08  1.42665823e-07 
 4.24250000e-08  5.17373905e-07  4.24250000e-08 -5.28069408e-08 
 4.24750000e-08 -4.08347535e-07  4.24750000e-08  1.37401838e-08 
 4.25250000e-08  5.16491709e-07  4.25250000e-08  4.47623935e-08 
 4.25750000e-08 -3.74297578e-07  4.25750000e-08 -7.28536582e-08 
 4.26250000e-08  4.66843674e-07  4.26250000e-08  1.11790034e-07 
 4.26750000e-08 -3.18382739e-07  4.26750000e-08 -1.24449924e-07 
 4.27250000e-08  4.09600075e-07  4.27250000e-08  1.49184356e-07 
 4.27750000e-08 -2.62374611e-07  4.27750000e-08 -1.49728516e-07 
 4.28250000e-08  3.56125501e-07  4.28250000e-08  1.64088177e-07 
 4.28750000e-08 -2.12039005e-07  4.28750000e-08 -1.55893263e-07 
 4.29250000e-08  3.09156716e-07  4.29250000e-08  1.63023935e-07 
 4.29750000e-08 -1.68455141e-07  4.29750000e-08 -1.48930849e-07 
 4.30250000e-08  2.68861681e-07  4.30250000e-08  1.51364381e-07 
 4.30750000e-08 -1.31291741e-07  4.30750000e-08 -1.33613662e-07 
 4.31250000e-08  2.34643025e-07  4.31250000e-08  1.33300964e-07 
 4.31750000e-08 -9.98190875e-08  4.31750000e-08 -1.13580012e-07 
 4.32250000e-08  2.05715896e-07  4.32250000e-08  1.11959473e-07 
 4.32750000e-08 -7.32426029e-08  4.32750000e-08 -9.14854981e-08 
 4.33250000e-08  1.81305765e-07  4.33250000e-08  8.95762889e-08 
 4.33750000e-08 -5.08269213e-08  4.33750000e-08 -6.91920410e-08 
 4.34250000e-08  1.60724227e-07  4.34250000e-08  6.76764658e-08 
 4.34750000e-08 -3.19298730e-08  4.34750000e-08 -4.79252712e-08 
 4.35250000e-08  1.43372827e-07  4.35250000e-08  4.72283134e-08 
 4.35750000e-08 -1.59963764e-08  4.35750000e-08 -2.84344859e-08 
 4.36250000e-08  1.28740170e-07  4.36250000e-08  2.87938165e-08 
 4.36750000e-08 -2.55658713e-09  4.36750000e-08 -1.11202118e-08 
 4.37250000e-08  1.16393127e-07  4.37250000e-08  1.26356530e-08 
 4.37750000e-08  8.78983810e-09  4.37750000e-08  3.86763219e-09 
 4.38250000e-08  1.05963788e-07  4.38250000e-08 -1.18514132e-09 
 4.38750000e-08  1.83774607e-08  4.38750000e-08  1.65399264e-08 
 4.39250000e-08  9.71494503e-08  4.39250000e-08 -1.27396543e-08 
 4.39750000e-08  2.64811549e-08  4.39750000e-08  2.70164156e-08 
 4.40250000e-08  8.96989432e-08  4.40250000e-08 -2.21843906e-08 
 4.40750000e-08  3.33312010e-08  4.40750000e-08  3.54804058e-08 
 4.41250000e-08  8.34010027e-08  4.41250000e-08 -2.97216715e-08 
 4.41750000e-08  3.91213840e-08  4.41750000e-08  4.21467604e-08 
 4.42250000e-08  7.80779199e-08  4.42250000e-08 -3.55735621e-08 
 4.42750000e-08  4.40146619e-08  4.42750000e-08  4.72404386e-08 
 4.43250000e-08  7.35802425e-08  4.43250000e-08 -3.99643296e-08 
 4.43750000e-08  4.81481318e-08  4.43750000e-08  5.09821592e-08 
 4.44250000e-08  6.97822052e-08  4.44250000e-08 -4.31089824e-08 
 4.44750000e-08  5.16371552e-08  4.44750000e-08  5.35795321e-08 
 4.45250000e-08  6.65778933e-08  4.45250000e-08 -4.52064832e-08 
 4.45750000e-08  5.45790593e-08  4.45750000e-08  5.52220368e-08 
 4.46250000e-08  6.38779052e-08  4.46250000e-08 -4.64362275e-08 
 4.46750000e-08  5.70560110e-08  4.46750000e-08  5.60786523e-08 
 4.47250000e-08  6.16066511e-08  4.47250000e-08 -4.69567205e-08 
 4.47750000e-08  5.91375097e-08  4.47750000e-08  5.62974200e-08 
 4.48250000e-08  5.97002169e-08  4.48250000e-08 -4.69056643e-08 
 4.48750000e-08  6.08824040e-08  4.48750000e-08  5.60060385e-08 
 4.49250000e-08  5.81044209e-08  4.49250000e-08 -4.64011145e-08 
 4.49750000e-08  6.23405821e-08  4.49750000e-08  5.53132610e-08 
 4.50250000e-08  5.67732824e-08  4.50250000e-08 -4.55429814e-08 
 4.50750000e-08  6.35544275e-08  4.50750000e-08  5.43106600e-08 
 4.51250000e-08  5.56677317e-08  4.51250000e-08 -4.44149603e-08 
 4.51750000e-08  6.45599751e-08  4.51750000e-08  5.30745446e-08 
 4.52250000e-08  5.47545221e-08  4.52250000e-08 -4.30864446e-08 
 4.52750000e-08  6.53879129e-08  4.52750000e-08  5.16678451e-08 
 4.53250000e-08  5.40053276e-08  4.53250000e-08 -4.16144078e-08 
 4.53750000e-08  6.60643904e-08  4.53750000e-08  5.01420263e-08 
 4.54250000e-08  5.33960232e-08  4.54250000e-08 -4.00451843e-08 
 4.54750000e-08  6.66116869e-08  4.54750000e-08  4.85387067e-08 
 4.55250000e-08  5.29059798e-08  4.55250000e-08 -3.84160857e-08 
 4.55750000e-08  6.70488336e-08  4.55750000e-08  4.68912330e-08 
 4.56250000e-08  5.25176427e-08  4.56250000e-08 -3.67568180e-08 
 4.56750000e-08  6.73921343e-08  4.56750000e-08  4.52260015e-08 
 4.57250000e-08  5.22159211e-08  4.57250000e-08 -3.50907834e-08 
 4.57750000e-08  6.76555073e-08  4.57750000e-08  4.35637021e-08 
 4.58250000e-08  5.19879305e-08  4.58250000e-08 -3.34361807e-08 
 4.58750000e-08  6.78508482e-08  4.58750000e-08  4.19202500e-08 
 4.59250000e-08  5.18226932e-08  4.59250000e-08 -3.18068879e-08 
 4.59750000e-08  6.79883438e-08  4.59750000e-08  4.03077034e-08 
 4.60250000e-08  5.17107348e-08  4.60250000e-08 -3.02133096e-08 
 4.60750000e-08  6.80767680e-08  4.60750000e-08  3.87349910e-08 
 4.61250000e-08  5.16439936e-08  4.61250000e-08 -2.86630456e-08 
 4.61750000e-08  6.81235841e-08  4.61750000e-08  3.72084885e-08 
 4.62250000e-08  5.16154923e-08  4.62250000e-08 -2.71614000e-08 
 4.62750000e-08  6.81352529e-08  4.62750000e-08  3.57325783e-08 
 4.63250000e-08  5.16192825e-08  4.63250000e-08 -2.57119148e-08 
 4.63750000e-08  6.81172704e-08  4.63750000e-08  3.43100332e-08 
 4.64250000e-08  5.16502792e-08  4.64250000e-08 -2.43166748e-08 
 4.64750000e-08  6.80743465e-08  4.64750000e-08  3.29423471e-08 
 4.65250000e-08  5.17041056e-08  4.65250000e-08 -2.29766750e-08 
 4.65750000e-08  6.80105621e-08  4.65750000e-08  3.16300603e-08 
 4.66250000e-08  5.17769813e-08  4.66250000e-08 -2.16920525e-08 
 4.66750000e-08  6.79294049e-08  4.66750000e-08  3.03729796e-08 
 4.67250000e-08  5.18656893e-08  4.67250000e-08 -2.04623155e-08 
 4.67750000e-08  6.78338342e-08  4.67750000e-08  2.91703211e-08 
 4.68250000e-08  5.19674765e-08  4.68250000e-08 -1.92864373e-08 
 4.68750000e-08  6.77264140e-08  4.68750000e-08  2.80208958e-08 
 4.69250000e-08  5.20799740e-08  4.69250000e-08 -1.81630823e-08 
 4.69750000e-08  6.76093570e-08  4.69750000e-08  2.69231998e-08 
 4.70250000e-08  5.22011332e-08  4.70250000e-08 -1.70906280e-08 
 4.70750000e-08  6.74845230e-08  4.70750000e-08  2.58755420e-08 
 4.71250000e-08  5.23292219e-08  4.71250000e-08 -1.60673102e-08 
 4.71750000e-08  6.73535498e-08  4.71750000e-08  2.48760944e-08 
 4.72250000e-08  5.24627500e-08  4.72250000e-08 -1.50912535e-08 
 4.72750000e-08  6.72178029e-08  4.72750000e-08  2.39229560e-08 
 4.73250000e-08  5.26004239e-08  4.73250000e-08 -1.41605407e-08 
 4.73750000e-08  6.70784504e-08  4.73750000e-08  2.30141710e-08 
 4.74250000e-08  5.27411935e-08  4.74250000e-08 -1.32732076e-08 
 4.74750000e-08  6.69365088e-08  4.74750000e-08  2.21477983e-08 
 4.75250000e-08  5.28840945e-08  4.75250000e-08 -1.24273230e-08 
 4.75750000e-08  6.67928345e-08  4.75750000e-08  2.13219306e-08 
 4.76250000e-08  5.30283601e-08  4.76250000e-08 -1.16209829e-08 
 4.76750000e-08  6.66481675e-08  4.76750000e-08  2.05346543e-08 
 4.77250000e-08  5.31732874e-08  4.77250000e-08 -1.08523288e-08 
 4.77750000e-08  6.65030966e-08  4.77750000e-08  1.97841755e-08 
 4.78250000e-08  5.33183456e-08  4.78250000e-08 -1.01195822e-08 
 4.78750000e-08  6.63581853e-08  4.78750000e-08  1.90687293e-08 
 4.79250000e-08  5.34630228e-08  4.79250000e-08 -9.42100606e-09 
 4.79750000e-08  6.62138298e-08  4.79750000e-08  1.83866114e-08 
 4.80250000e-08  5.36069523e-08  4.80250000e-08 -8.75494761e-09 
 4.80750000e-08  6.60704382e-08  4.80750000e-08  1.77362031e-08 
 4.81250000e-08  5.37497351e-08  4.81250000e-08 -8.11980527e-09 
 4.81750000e-08  6.59283156e-08  4.81750000e-08  1.71159595e-08 
 4.82250000e-08  5.38911260e-08  4.82250000e-08 -7.51409096e-09 
 4.82750000e-08  6.57877189e-08  4.82750000e-08  1.65244091e-08 
 4.83250000e-08  5.40308743e-08  4.83250000e-08 -6.93635269e-09 
 4.83750000e-08  6.56488595e-08  4.83750000e-08  1.59601460e-08 
 4.84250000e-08  5.41688042e-08  4.84250000e-08 -6.38522800e-09 
 4.84750000e-08  6.55119141e-08  4.84750000e-08  1.54218286e-08 
 4.85250000e-08  5.43047295e-08  4.85250000e-08 -5.85941042e-09 
 4.85750000e-08  6.53770325e-08  4.85750000e-08  1.49082154e-08 
 4.86250000e-08  5.44385367e-08  4.86250000e-08 -5.35769154e-09 
 4.86750000e-08  6.52443244e-08  4.86750000e-08  1.44180876e-08 
 4.87250000e-08  5.45701240e-08  4.87250000e-08 -4.87887881e-09 
 4.87750000e-08  6.51138697e-08  4.87750000e-08  1.39503105e-08 
 4.88250000e-08  5.46994158e-08  4.88250000e-08 -4.42187437e-09 
 4.88750000e-08  6.49857718e-08  4.88750000e-08  1.35038210e-08 
 4.89250000e-08  5.48263406e-08  4.89250000e-08 -3.98563346e-09 
 4.89750000e-08  6.48600301e-08  4.89750000e-08  1.30775848e-08 
 4.90250000e-08  5.49508656e-08  4.90250000e-08 -3.56916342e-09 
 4.90750000e-08  6.47367191e-08  4.90750000e-08  1.26706415e-08 
 4.91250000e-08  5.50729518e-08  4.91250000e-08 -3.17152410e-09 
 4.91750000e-08  6.46158649e-08  4.91750000e-08  1.22820780e-08 
 4.92250000e-08  5.51925844e-08  4.92250000e-08 -2.79182298e-09 
 4.92750000e-08  6.44974529e-08  4.92750000e-08  1.19110230e-08 
 4.93250000e-08  5.53097595e-08  4.93250000e-08 -2.42920829e-09 
 4.93750000e-08  6.43815084e-08  4.93750000e-08  1.15566522e-08 
 4.94250000e-08  5.54244883e-08  4.94250000e-08 -2.08288418e-09 
 4.94750000e-08  6.42680043e-08  4.94750000e-08  1.12181907e-08 
 4.95250000e-08  5.55367693e-08  4.95250000e-08 -1.75208537e-09 
 4.95750000e-08  6.41569491e-08  4.95750000e-08  1.08948796e-08 
 4.96250000e-08  5.56465974e-08  4.96250000e-08 -1.43610061e-09 
 4.96750000e-08  6.40483192e-08  4.96750000e-08  1.05860444e-08 
 4.97250000e-08  5.57540417e-08  4.97250000e-08 -1.13424460e-09 
 4.97750000e-08  6.39420795e-08  4.97750000e-08  1.02910029e-08 
 4.98250000e-08  5.58590770e-08  4.98250000e-08 -8.45868181e-10 
 4.98750000e-08  6.38382277e-08  4.98750000e-08  1.00091289e-08 
 4.99250000e-08  5.59617550e-08  4.99250000e-08 -5.70343689e-10 
 4.99625000e-08  6.37200323e-08  4.99625000e-08  9.69610917e-09 
 5.00000000e-08  5.60950557e-08  5.00000000e-08 -2.21972468e-10 
 5.00050000e-08 -8.14473759e-06  5.00050000e-08 -6.63224992e-05 
 5.00150000e-08  6.03422330e-06  5.00150000e-08 -5.87182401e-07 
 5.00350000e-08  2.63939246e-06  5.00350000e-08  2.52681535e-05 
 5.00750000e-08 -4.18058120e-06  5.00750000e-08  1.10650767e-05 
 5.01250000e-08  2.30938659e-05  5.01250000e-08  1.67400161e-04 
 5.01625000e-08  4.87503550e-06  5.01625000e-08  1.59113344e-04 
 5.02000000e-08 -1.94817820e-04  5.02000000e-08 -1.61159630e-04 
 5.02050000e-08 -1.33719810e-04  5.02050000e-08 -2.92889719e-04 
 5.02150000e-08  1.51619698e-04  5.02150000e-08 -7.02987323e-04 
 5.02350000e-08  2.76984305e-04  5.02350000e-08 -1.13026883e-03 
 5.02717625e-08 -2.50880121e-04  5.02717625e-08  4.21970256e-05 
 5.03134105e-08  1.29667765e-04  5.03134105e-08  1.02091430e-03 
 5.03582120e-08 -6.25500886e-05  5.03582120e-08 -3.28663471e-05 
 5.04082120e-08  2.38980166e-05  5.04082120e-08 -9.62237165e-05 
 5.04582120e-08  2.27356399e-06  5.04582120e-08 -2.87329424e-05 
 5.05082120e-08 -1.98343901e-05  5.05082120e-08 -5.27900909e-05 
 5.05582120e-08  3.18846765e-05  5.05582120e-08  2.95448910e-05 
 5.06082120e-08 -3.96683265e-05  5.06082120e-08 -6.34026269e-05 
 5.06582120e-08  4.47334010e-05  5.06582120e-08  6.20949651e-05 
 5.07082120e-08 -4.74245476e-05  5.07082120e-08 -7.70157238e-05 
 5.07582120e-08  4.87581369e-05  5.07582120e-08  7.96746712e-05 
 5.08082120e-08 -4.87017061e-05  5.08082120e-08 -8.63884650e-05 
 5.08582120e-08  4.80406593e-05  5.08582120e-08  8.84501411e-05 
 5.09082120e-08 -4.65336476e-05  5.09082120e-08 -9.10844785e-05 
 5.09582120e-08  4.48586968e-05  5.09582120e-08  9.17308406e-05 
 5.10082120e-08 -4.26629236e-05  5.10082120e-08 -9.20748463e-05 
 5.10582120e-08  4.05357108e-05  5.10582120e-08  9.14547013e-05 
 5.11082120e-08 -3.80787198e-05  5.11082120e-08 -9.04315714e-05 
 5.11582120e-08  3.58247610e-05  5.11582120e-08  8.88985234e-05 
 5.12082120e-08 -3.33469154e-05  5.12082120e-08 -8.70492537e-05 
 5.12582120e-08  3.11465089e-05  5.12582120e-08  8.49294458e-05 
 5.13082120e-08 -2.87778751e-05  5.13082120e-08 -8.26035417e-05 
 5.13582120e-08  2.67253417e-05  5.13582120e-08  8.01494795e-05 
 5.14082120e-08 -2.45307841e-05  5.14082120e-08 -7.75809662e-05 
 5.14582120e-08  2.26698104e-05  5.14582120e-08  7.49745211e-05 
 5.15082120e-08 -2.06759848e-05  5.15082120e-08 -7.23206886e-05 
 5.15582120e-08  1.90208529e-05  5.15582120e-08  6.96870729e-05 
 5.16082120e-08 -1.72324450e-05  5.16082120e-08 -6.70519005e-05 
 5.16582120e-08  1.57808093e-05  5.16582120e-08  6.44738150e-05 
 5.17082120e-08 -1.41903175e-05  5.17082120e-08 -6.19237310e-05 
 5.17582120e-08  1.29308859e-05  5.17582120e-08  5.94530431e-05 
 5.18082120e-08 -1.15244995e-05  5.18082120e-08 -5.70280790e-05 
 5.18582120e-08  1.04416275e-05  5.18582120e-08  5.46948037e-05 
 5.19082120e-08 -9.20273047e-06  5.19082120e-08 -5.24166328e-05 
 5.19582120e-08  8.27913438e-06  5.19582120e-08  5.02356192e-05 
 5.20082120e-08 -7.19035933e-06  5.20082120e-08 -4.81133672e-05 
 5.20582120e-08  6.40868329e-06  5.20582120e-08  4.60891858e-05 
 5.21082120e-08 -5.45307881e-06  5.21082120e-08 -4.41236107e-05 
 5.21582120e-08  4.79676170e-06  5.21582120e-08  4.22540769e-05 
 5.22082120e-08 -3.95841917e-06  5.22082120e-08 -4.04405531e-05 
 5.22582120e-08  3.41213684e-06  5.22582120e-08  3.87192352e-05 
 5.23082120e-08 -2.67648933e-06  5.23082120e-08 -3.70498601e-05 
 5.23582120e-08  2.22634176e-06  5.23582120e-08  3.54678412e-05 
 5.24082120e-08 -1.58026759e-06  5.24082120e-08 -3.39329015e-05 
 5.24582120e-08  1.21381569e-06  5.24582120e-08  3.24799961e-05 
 5.25082120e-08 -6.45628100e-07  5.25082120e-08 -3.10689707e-05 
 5.25582120e-08  3.51845090e-07  5.25582120e-08  2.97345486e-05 
 5.26082120e-08  1.48781211e-07  5.26082120e-08 -2.84367778e-05 
 5.26582120e-08 -3.79603736e-07  5.26582120e-08  2.72103052e-05 
 5.27082120e-08  8.21737825e-07  5.27082120e-08 -2.60154219e-05 
 5.27582120e-08 -9.98105093e-07  5.27582120e-08  2.48868023e-05 
 5.28082120e-08  1.38967839e-06  5.28082120e-08 -2.37849955e-05 
 5.28582120e-08 -1.51901396e-06  5.28582120e-08  2.27447706e-05 
 5.29082120e-08  1.86694046e-06  5.29082120e-08 -2.17269328e-05 
 5.29582120e-08 -1.95570578e-06  5.29582120e-08  2.07663864e-05 
 5.30082120e-08  2.26599778e-06  5.30082120e-08 -1.98241804e-05 
 5.30582120e-08 -2.31980494e-06  5.30582120e-08  1.89353767e-05 
 5.31082120e-08  2.59768089e-06  5.31082120e-08 -1.80612499e-05 
 5.31582120e-08 -2.62139638e-06  5.31582120e-08  1.72370293e-05 
 5.32082120e-08  2.87137907e-06  5.32082120e-08 -1.64241932e-05 
 5.32582120e-08 -2.86921747e-06  5.32582120e-08  1.56581399e-05 
 5.33082120e-08  3.09522239e-06  5.33082120e-08 -1.49005291e-05 
 5.33582120e-08 -3.07083010e-06  5.33582120e-08  1.41869237e-05 
 5.34082120e-08  3.27624383e-06  5.34082120e-08 -1.34791426e-05 
 5.34582120e-08 -3.23277316e-06  5.34582120e-08  1.28129057e-05 
 5.35082120e-08  3.42052283e-06  5.35082120e-08 -1.21501700e-05 
 5.35582120e-08 -3.36069717e-06  5.35582120e-08  1.15268030e-05 
 5.36082120e-08  3.53331113e-06  5.36082120e-08 -1.09048801e-05 
 5.36582120e-08 -3.45948206e-06  5.36582120e-08  1.03204059e-05 
 5.37082120e-08  3.61914323e-06  5.37082120e-08 -9.73555647e-06 
 5.37582120e-08 -3.53334037e-06  5.37582120e-08  9.18646269e-06 
 5.38082120e-08  3.68193261e-06  5.38082120e-08 -8.63538569e-06 
 5.38582120e-08 -3.58590698e-06  5.38582120e-08  8.11857192e-06 
 5.39082120e-08  3.72505535e-06  5.39082120e-08 -7.59835341e-06 
 5.39582120e-08 -3.62031702e-06  5.39582120e-08  7.11108224e-06 
 5.40082120e-08  3.75142289e-06  5.40082120e-08 -6.61914901e-06 
 5.40582120e-08 -3.63927371e-06  5.40582120e-08  6.15900195e-06 
 5.41082120e-08  3.76354509e-06  5.41082120e-08 -5.69307961e-06 
 5.41582120e-08 -3.64510697e-06  5.41582120e-08  5.25791758e-06 
 5.42082120e-08  3.76358481e-06  5.42082120e-08 -4.81599315e-06 
 5.42582120e-08 -3.63982433e-06  5.42582120e-08  4.40392127e-06 
 5.43082120e-08  3.75340535e-06  5.43082120e-08 -3.98421014e-06 
 5.43582120e-08 -3.62515484e-06  5.43582120e-08  3.59354670e-06 
 5.44082120e-08  3.73461116e-06  5.44082120e-08 -3.19446339e-06 
 5.44582120e-08 -3.60258709e-06  5.44582120e-08  2.82371255e-06 
 5.45082120e-08  3.70858328e-06  5.45082120e-08 -2.44384520e-06 
 5.45582120e-08 -3.57340217e-06  5.45582120e-08  2.09167309e-06 
 5.46082120e-08  3.67650999e-06  5.46082120e-08 -1.72976111e-06 
 5.46582120e-08 -3.53870202e-06  5.46582120e-08  1.39497500e-06 
 5.47082120e-08  3.63941305e-06  5.47082120e-08 -1.04988959e-06 
 5.47582120e-08 -3.49943392e-06  5.47582120e-08  7.31419746e-07 
 5.48082120e-08  3.59817063e-06  5.48082120e-08 -4.02146978e-07 
 5.48582120e-08 -3.45641179e-06  5.48582120e-08  9.90309386e-08 
 5.49082120e-08  3.55353703e-06  5.49082120e-08  2.15342872e-07 
 5.49582120e-08 -3.41033448e-06  5.49582120e-08 -5.03973975e-07 
 5.50082120e-08  3.50615955e-06  5.50082120e-08  8.04275052e-07 
 5.50582120e-08 -3.36180145e-06  5.50582120e-08 -1.07920832e-06 
 5.51082120e-08  3.45659330e-06  5.51082120e-08  1.36618638e-06 
 5.51582120e-08 -3.31132659e-06  5.51582120e-08 -1.62813737e-06 
 5.52082120e-08  3.40531387e-06  5.52082120e-08  1.90247519e-06 
 5.52582120e-08 -3.25934991e-06  5.52582120e-08 -2.15209677e-06 
 5.53082120e-08  3.35272825e-06  5.53082120e-08  2.41441840e-06 
 5.53582120e-08 -3.20624771e-06  5.53582120e-08 -2.65230846e-06 
 5.54082120e-08  3.29918424e-06  5.54082120e-08  2.90318637e-06 
 5.54582120e-08 -3.15234134e-06  5.54582120e-08 -3.12989435e-06 
 5.55082120e-08  3.24497866e-06  5.55082120e-08  3.36985560e-06 
 5.55582120e-08 -3.09790484e-06  5.55582120e-08 -3.58588831e-06 
 5.56082120e-08  3.19036440e-06  5.56082120e-08  3.81541987e-06 
 5.56582120e-08 -3.04317148e-06  5.56582120e-08 -4.02124644e-06 
 5.57082120e-08  3.13555648e-06  5.57082120e-08  4.24079981e-06 
 5.57582120e-08 -2.98833931e-06  5.57582120e-08 -4.43685594e-06 
 5.58082120e-08  3.08073723e-06  5.58082120e-08  4.64685118e-06 
 5.58582120e-08 -2.93357611e-06  5.58582120e-08 -4.83354294e-06 
 5.59082120e-08  3.02606093e-06  5.59082120e-08  5.03437212e-06 
 5.59582120e-08 -2.87902361e-06  5.59582120e-08 -5.21207912e-06 
 5.60082120e-08  2.97165765e-06  5.60082120e-08  5.40410935e-06 
 5.60582120e-08 -2.82480107e-06  5.60582120e-08 -5.57318760e-06 
 5.61082120e-08  2.91763661e-06  5.61082120e-08  5.75676366e-06 
 5.61582120e-08 -2.77100840e-06  5.61582120e-08 -5.91754800e-06 
 5.62082120e-08  2.86408914e-06  5.62082120e-08  6.09299458e-06 
 5.62582120e-08 -2.71772897e-06  5.62582120e-08 -6.24580080e-06 
 5.63082120e-08  2.81109112e-06  5.63082120e-08  6.41342454e-06 
 5.63582120e-08 -2.66503176e-06  5.63582120e-08 -6.55855124e-06 
 5.64082120e-08  2.75870523e-06  5.64082120e-08  6.71864247e-06 
 5.64582120e-08 -2.61297357e-06  5.64582120e-08 -6.85637270e-06 
 5.65082120e-08  2.70698274e-06  5.65082120e-08  7.00920688e-06 
 5.65582120e-08 -2.56160059e-06  5.65582120e-08 -7.13980954e-06 
 5.66082120e-08  2.65596518e-06  5.66082120e-08  7.28564869e-06 
 5.66582120e-08 -2.51095001e-06  5.66582120e-08 -7.40937979e-06 
 5.67082120e-08  2.60568569e-06  5.67082120e-08  7.54847360e-06 
 5.67582120e-08 -2.46105124e-06  5.67582120e-08 -7.66557736e-06 
 5.68082120e-08  2.55617025e-06  5.68082120e-08  7.79816421e-06 
 5.68582120e-08 -2.41192709e-06  5.68582120e-08 -7.90887399e-06 
 5.69082120e-08  2.50743870e-06  5.69082120e-08  8.03518193e-06 
 5.69582120e-08 -2.36359466e-06  5.69582120e-08 -8.13972113e-06 
 5.70082120e-08  2.45950563e-06  5.70082120e-08  8.25996855e-06 
 5.70582120e-08 -2.31606620e-06  5.70582120e-08 -8.35855132e-06 
 5.71082120e-08  2.41238111e-06  5.71082120e-08  8.47294778e-06 
 5.71582120e-08 -2.26934983e-06  5.71582120e-08 -8.56577970e-06 
 5.72082120e-08  2.36607145e-06  5.72082120e-08  8.67452649e-06 
 5.72582120e-08 -2.22345016e-06  5.72582120e-08 -8.76180518e-06 
 5.73082120e-08  2.32057970e-06  5.73082120e-08  8.86509588e-06 
 5.73582120e-08 -2.17836881e-06  5.73582120e-08 -8.94701149e-06 
 5.74082120e-08  2.27590617e-06  5.74082120e-08  9.04503253e-06 
 5.74582120e-08 -2.13410487e-06  5.74582120e-08 -9.12176823e-06 
 5.75082120e-08  2.23204882e-06  5.75082120e-08  9.21469922e-06 
 5.75582120e-08 -2.09065528e-06  5.75582120e-08 -9.28643163e-06 
 5.76082120e-08  2.18900363e-06  5.76082120e-08  9.37444591e-06 
 5.76582120e-08 -2.04801517e-06  5.76582120e-08 -9.44134545e-06 
 5.77082120e-08  2.14676496e-06  5.77082120e-08  9.52461028e-06 
 5.77582120e-08 -2.00617819e-06  5.77582120e-08 -9.58684158e-06 
 5.78082120e-08  2.10532580e-06  5.78082120e-08  9.66551859e-06 
 5.78582120e-08 -1.96513671e-06  5.78582120e-08 -9.72324070e-06 
 5.79082120e-08  2.06467797e-06  5.79082120e-08  9.79748614e-06 
 5.79582120e-08 -1.92488206e-06  5.79582120e-08 -9.85085287e-06 
 5.80082120e-08  2.02481233e-06  5.80082120e-08  9.92081789e-06 
 5.80582120e-08 -1.88540471e-06  5.80582120e-08 -9.96997805e-06 
 5.81082120e-08  1.98571902e-06  5.81082120e-08  1.00358089e-05 
 5.81582120e-08 -1.84669445e-06  5.81582120e-08 -1.00809065e-05 
 5.82082120e-08  1.94738750e-06  5.82082120e-08  1.01427448e-05 
 5.82582120e-08 -1.80874049e-06  5.82582120e-08 -1.01839195e-05 
 5.83082120e-08  1.90980675e-06  5.83082120e-08  1.02419024e-05 
 5.83582120e-08 -1.77153161e-06  5.83582120e-08 -1.02792891e-05 
 5.84082120e-08  1.87296536e-06  5.84082120e-08  1.03335495e-05 
 5.84582120e-08 -1.73505622e-06  5.84582120e-08 -1.03672793e-05 
 5.85082120e-08  1.83685163e-06  5.85082120e-08  1.04179460e-05 
 5.85582120e-08 -1.69930251e-06  5.85582120e-08 -1.04481459e-05 
 5.86082120e-08  1.80145359e-06  5.86082120e-08  1.04953438e-05 
 5.86582120e-08 -1.66425845e-06  5.86582120e-08 -1.05221367e-05 
 5.87082120e-08  1.76675919e-06  5.87082120e-08  1.05659869e-05 
 5.87582120e-08 -1.62991190e-06  5.87582120e-08 -1.05894923e-05 
 5.88082120e-08  1.73275620e-06  5.88082120e-08  1.06301123e-05 
 5.88582120e-08 -1.59625061e-06  5.88582120e-08 -1.06504458e-05 
 5.89082120e-08  1.69943244e-06  5.89082120e-08  1.06879495e-05 
 5.89582120e-08 -1.56326241e-06  5.89582120e-08 -1.07052235e-05 
 5.90082120e-08  1.66677561e-06  5.90082120e-08  1.07397216e-05 
 5.90582120e-08 -1.53093502e-06  5.90582120e-08 -1.07540450e-05 
 5.91082120e-08  1.63477355e-06  5.91082120e-08  1.07856446e-05 
 5.91582120e-08 -1.49925628e-06  5.91582120e-08 -1.07971233e-05 
 5.92082120e-08  1.60341412e-06  5.92082120e-08  1.08259284e-05 
 5.92582120e-08 -1.46821411e-06  5.92582120e-08 -1.08346649e-05 
 5.93082120e-08  1.57268523e-06  5.93082120e-08  1.08607767e-05 
 5.93582120e-08 -1.43779646e-06  5.93582120e-08 -1.08668705e-05 
 5.94082120e-08  1.54257494e-06  5.94082120e-08  1.08903870e-05 
 5.94582120e-08 -1.40799144e-06  5.94582120e-08 -1.08939349e-05 
 5.95082120e-08  1.51307140e-06  5.95082120e-08  1.09149512e-05 
 5.95582120e-08 -1.37878732e-06  5.95582120e-08 -1.09160468e-05 
 5.96082120e-08  1.48416295e-06  5.96082120e-08  1.09346554e-05 
 5.96582120e-08 -1.35017244e-06  5.96582120e-08 -1.09333898e-05 
 5.97082120e-08  1.45583800e-06  5.97082120e-08  1.09496801e-05 
 5.97582120e-08 -1.32213533e-06  5.97582120e-08 -1.09461417e-05 
 5.98082120e-08  1.42808516e-06  5.98082120e-08  1.09602009e-05 
 5.98582120e-08 -1.29466471e-06  5.98582120e-08 -1.09544754e-05 
 5.99082120e-08  1.40089324e-06  5.99082120e-08  1.09663878e-05 
 5.99541060e-08 -1.26655816e-06  5.99541060e-08 -1.09586451e-05 
 6.00000000e-08  1.37189395e-06  6.00000000e-08  1.09683894e-05 
 6.00050000e-08  1.25592739e-05  6.00050000e-08  1.57254605e-04 
 6.00150000e-08 -3.62113499e-06  6.00150000e-08  3.51494273e-05 
 6.00350000e-08 -7.27995545e-06  6.00350000e-08 -5.80678678e-05 
 6.00750000e-08  5.70526674e-06  6.00750000e-08 -5.06859836e-05 
 6.01250000e-08 -3.27843419e-05  6.01250000e-08 -1.45071168e-04 
 6.01625000e-08 -8.53726487e-05  6.01625000e-08 -3.33275936e-04 
 6.02000000e-08  4.11797471e-04  6.02000000e-08  1.40707748e-04 
 6.02050000e-08  3.52664652e-04  6.02050000e-08  5.87845727e-05 
 6.02150000e-08 -1.77928540e-04  6.02150000e-08  2.25060297e-04 
 6.02350000e-08 -4.01830013e-04  6.02350000e-08  6.76423019e-04 
 6.02750000e-08  3.01351315e-04  6.02750000e-08  1.64974033e-03 
 6.03186296e-08 -1.65564181e-04  6.03186296e-08 -2.10106802e-03 
 6.03643946e-08  1.00407274e-04  6.03643946e-08  3.34705022e-04 
 6.04143946e-08 -6.77240159e-05  6.04143946e-08 -1.73094497e-04 
 6.04643946e-08  4.81617589e-05  6.04643946e-08  2.94774989e-04 
 6.05143946e-08 -3.52453047e-05  6.05143946e-08 -1.60228318e-04 
 6.05643946e-08  2.66541564e-05  6.05643946e-08  1.40566724e-04 
 6.06143946e-08 -2.03809559e-05  6.06143946e-08 -8.48072537e-05 
 6.06643946e-08  1.60305468e-05  6.06643946e-08  5.69584708e-05 
 6.07143946e-08 -1.26203335e-05  6.07143946e-08 -2.77857509e-05 
 6.07643946e-08  1.02577699e-05  6.07643946e-08  7.60975701e-06 
 6.08143946e-08 -8.24141446e-06  6.08143946e-08  9.58893766e-06 
 6.08643946e-08  6.88000419e-06  6.08643946e-08 -2.26008173e-05 
 6.09143946e-08 -5.58588601e-06  6.09143946e-08  3.30167432e-05 
 6.09643946e-08  4.75487880e-06  6.09643946e-08 -4.09857204e-05 
 6.10143946e-08 -3.85327038e-06  6.10143946e-08  4.71487246e-05 
 6.10643946e-08  3.31806669e-06  6.10643946e-08 -5.17514562e-05 
 6.11143946e-08 -2.64209612e-06  6.11143946e-08  5.51607832e-05 
 6.11643946e-08  2.28248167e-06  6.11643946e-08 -5.75502909e-05 
 6.12143946e-08 -1.74526318e-06  6.12143946e-08  5.91685704e-05 
 6.12643946e-08  1.49757802e-06  6.12643946e-08 -6.01190269e-05 
 6.13143946e-08 -1.05211094e-06  6.13143946e-08  6.05825509e-05 
 6.13643946e-08  8.81088329e-07  6.13643946e-08 -6.06125287e-05 
 6.14143946e-08 -5.00593492e-07  6.14143946e-08  6.03460546e-05 
 6.14643946e-08  3.85513279e-07  6.14643946e-08 -5.98028405e-05 
 6.15143946e-08 -5.37169704e-08  6.15143946e-08  5.90903417e-05 
 6.15643946e-08 -1.84616718e-08  6.15643946e-08 -5.82058858e-05 
 6.16143946e-08  3.12175931e-07  6.16143946e-08  5.72364938e-05 
 6.16643946e-08 -3.50263347e-07  6.16643946e-08 -5.61646925e-05 
 6.17143946e-08  6.13311668e-07  6.17143946e-08  5.50632759e-05 
 6.17643946e-08 -6.23653439e-07  6.17643946e-08 -5.39050540e-05 
 6.18143946e-08  8.61526313e-07  6.18143946e-08  5.27528521e-05 
 6.18643946e-08 -8.48934050e-07  6.18643946e-08 -5.15731790e-05 
 6.19143946e-08  1.06588115e-06  6.19143946e-08  5.04218414e-05 
 6.19571973e-08 -1.04812815e-06  6.19571973e-08 -4.90700478e-05 
 6.20000000e-08  1.25862823e-06  6.20000000e-08  4.77679477e-05 
 6.20050000e-08  1.17974138e-05  6.20050000e-08  1.94511170e-04 
 6.20150000e-08 -6.55625945e-07  6.20150000e-08  2.21125116e-05 
 6.20350000e-08 -7.12287066e-06  6.20350000e-08 -6.58981363e-05 
 6.20750000e-08  4.46453688e-06  6.20750000e-08 -9.16872908e-05 
 6.21250000e-08 -1.05478507e-05  6.21250000e-08  1.14656765e-04 
 6.21625000e-08  2.52002015e-05  6.21625000e-08 -2.86765314e-05 
 6.22000000e-08 -2.64204605e-05  6.22000000e-08 -7.13527970e-05 
 6.22050000e-08 -1.64321153e-05  6.22050000e-08 -1.03195217e-05 
 6.22150000e-08  7.89753730e-06  6.22150000e-08  3.92017256e-05 
 6.22350000e-08 -2.25410698e-07  6.22350000e-08  2.78127526e-05 
 6.22750000e-08 -5.74744709e-07  6.22750000e-08  8.40047199e-06 
 6.23250000e-08  7.48460103e-07  6.23250000e-08 -5.20831908e-07 
 6.23750000e-08 -1.00474396e-06  6.23750000e-08 -6.32700161e-06 
 6.24250000e-08  1.44237879e-06  6.24250000e-08  2.39238587e-06 
 6.24750000e-08 -1.60176041e-06  6.24750000e-08 -5.52813307e-06 
 6.25250000e-08  1.93382396e-06  6.25250000e-08  3.96951059e-06 
 6.25750000e-08 -1.96622162e-06  6.25750000e-08 -4.90607925e-06 
 6.26250000e-08  2.18474424e-06  6.26250000e-08  4.18544935e-06 
 6.26750000e-08 -2.11906678e-06  6.26750000e-08 -4.25564640e-06 
 6.27250000e-08  2.25641397e-06  6.27250000e-08  3.77258640e-06 
 6.27750000e-08 -2.12486989e-06  6.27750000e-08 -3.52334923e-06 
 6.28250000e-08  2.20965308e-06  6.28250000e-08  3.10632022e-06 
 6.28750000e-08 -2.03694123e-06  6.28750000e-08 -2.75496428e-06 
 6.29250000e-08  2.09012706e-06  6.29250000e-08  2.37117205e-06 
 6.29750000e-08 -1.89377978e-06  6.29750000e-08 -2.00693811e-06 
 6.30250000e-08  1.92988488e-06  6.30250000e-08  1.65889510e-06 
 6.30750000e-08 -1.72185626e-06  6.30750000e-08 -1.31941017e-06 
 6.31250000e-08  1.75066649e-06  6.31250000e-08  1.01368132e-06 
 6.31750000e-08 -1.53890663e-06  6.31750000e-08 -7.14080663e-07 
 6.32250000e-08  1.56683404e-06  6.32250000e-08  4.53936040e-07 
 6.32750000e-08 -1.35645811e-06  6.32750000e-08 -1.98663598e-07 
 6.33250000e-08  1.38753921e-06  6.33250000e-08 -1.63334374e-08 
 6.33750000e-08 -1.18168161e-06  6.33750000e-08  2.28168187e-07 
 6.34250000e-08  1.21830578e-06  6.34250000e-08 -4.01014511e-07 
 6.34750000e-08 -1.01873832e-06  6.34750000e-08  5.72923664e-07 
 6.35250000e-08  1.06217161e-06  6.35250000e-08 -7.08010375e-07 
 6.35750000e-08 -8.69745698e-07  6.35750000e-08  8.44644325e-07 
 6.36250000e-08  9.20503545e-07  6.36250000e-08 -9.46904422e-07 
 6.36750000e-08 -7.35463109e-07  6.36750000e-08  1.05321611e-06 
 6.37250000e-08  7.93572955e-07  6.37250000e-08 -1.12758074e-06 
 6.37750000e-08 -6.15774205e-07  6.37750000e-08  1.20836216e-06 
 6.38250000e-08  6.80958812e-07  6.38250000e-08 -1.25944823e-06 
 6.38750000e-08 -5.10022502e-07  6.38750000e-08  1.31909013e-06 
 6.39250000e-08  5.81826372e-07  6.39250000e-08 -1.35104414e-06 
 6.39750000e-08 -4.17242124e-07  6.39750000e-08  1.39343074e-06 
 6.40250000e-08  4.95117239e-07  6.40250000e-08 -1.40987134e-06 
 6.40750000e-08 -3.36313718e-07  6.40750000e-08  1.43835512e-06 
 6.41250000e-08  4.19676618e-07  6.41250000e-08 -1.44237490e-06 
 6.41750000e-08 -2.66067544e-07  6.41750000e-08  1.45979681e-06 
 6.42250000e-08  3.54336167e-07  6.42250000e-08 -1.45399666e-06 
 6.42750000e-08 -2.05349563e-07  6.42750000e-08  1.46273003e-06 
 6.43250000e-08  2.97966141e-07  6.43250000e-08 -1.44926957e-06 
 6.43750000e-08 -1.53061814e-07  6.43750000e-08  1.45127419e-06 
 6.44250000e-08  2.49505983e-07  6.44250000e-08 -1.43192763e-06 
 6.44750000e-08 -1.08185181e-07  6.44750000e-08  1.42880601e-06 
 6.45250000e-08  2.07980700e-07  6.45250000e-08 -1.40501769e-06 
 6.45750000e-08 -6.97903631e-08  6.45750000e-08  1.39806890e-06 
 6.46250000e-08  1.72507470e-07  6.46250000e-08 -1.37100496e-06 
 6.46750000e-08 -3.70410813e-08  6.46750000e-08  1.36127382e-06 
 6.47250000e-08  1.42296025e-07  6.47250000e-08 -1.33186859e-06 
 6.47750000e-08 -9.19215373e-09  6.47750000e-08  1.32018904e-06 
 6.48250000e-08  1.16645118e-07  6.48250000e-08 -1.28918544e-06 
 6.48750000e-08  1.44152137e-08  6.48750000e-08  1.27621805e-06 
 6.49250000e-08  9.49367466e-08  6.49250000e-08 -1.24420226e-06 
 6.49750000e-08  3.43599230e-08  6.49750000e-08  1.23046615e-06 
 6.50250000e-08  7.66292989e-08  6.50250000e-08 -1.19789686e-06 
 6.50750000e-08  5.11482084e-08  6.50750000e-08  1.18379638e-06 
 6.51250000e-08  6.12500817e-08  6.51250000e-08 -1.15102916e-06 
 6.51750000e-08  6.52210578e-08  6.51750000e-08  1.13687617e-06 
 6.52250000e-08  4.83879833e-08  6.52250000e-08 -1.10418369e-06 
 6.52750000e-08  7.69614504e-08  6.52750000e-08  1.09021584e-06 
 6.53250000e-08  3.76864969e-08  6.53250000e-08 -1.05780446e-06 
 6.53750000e-08  8.67010930e-08  6.53750000e-08  1.04420022e-06 
 6.54250000e-08  2.88370966e-08  6.54250000e-08 -1.01222349e-06 
 6.54750000e-08  9.47267761e-08  6.54750000e-08  9.99114297e-07 
 6.55250000e-08  2.15733398e-08  6.55250000e-08 -9.67684015e-07 
 6.55750000e-08  1.01286022e-07  6.55750000e-08  9.55164214e-07 
 6.56250000e-08  1.56653769e-08  6.56250000e-08 -9.24359224e-07 
 6.56750000e-08  1.06592124e-07  6.56750000e-08  9.12494007e-07 
 6.57250000e-08  1.09152610e-08  6.57250000e-08 -8.82367414e-07 
 6.57750000e-08  1.10828790e-07  6.57750000e-08  8.71199227e-07 
 6.58250000e-08  7.15259636e-09  6.58250000e-08 -8.41784108e-07 
 6.58750000e-08  1.14154029e-07  6.58750000e-08  8.31337798e-07 
 6.59250000e-08  4.23090100e-09  6.59250000e-08 -8.02651738e-07 
 6.59750000e-08  1.16703624e-07  6.59750000e-08  7.92938605e-07 
 6.60250000e-08  2.02424863e-09  6.60250000e-08 -7.64987389e-07 
 6.60750000e-08  1.18594331e-07  6.60750000e-08  7.56008413e-07 
 6.61250000e-08  4.24471402e-10  6.61250000e-08 -7.28788875e-07 
 6.61750000e-08  1.19926340e-07  6.61750000e-08  7.20537320e-07 
 6.62250000e-08 -6.61228912e-10  6.62250000e-08 -6.94039627e-07 
 6.62750000e-08  1.20785634e-07  6.62750000e-08  6.86503030e-07 
 6.63250000e-08 -1.31254553e-09  6.63250000e-08 -6.60712480e-07 
 6.63750000e-08  1.21246017e-07  6.63750000e-08  6.53874230e-07 
 6.64250000e-08 -1.59779728e-09  6.64250000e-08 -6.28772609e-07 
 6.64750000e-08  1.21370768e-07  6.64750000e-08  6.22613227e-07 
 6.65250000e-08 -1.57558471e-09  6.65250000e-08 -5.98179959e-07 
 6.65750000e-08  1.21214135e-07  6.65750000e-08  5.92677966e-07 
 6.66250000e-08 -1.29613745e-09  6.66250000e-08 -5.68890914e-07 
 6.66750000e-08  1.20822597e-07  6.66750000e-08  5.64023663e-07 
 6.67250000e-08 -8.02461056e-10  6.67250000e-08 -5.40859758e-07 
 6.67750000e-08  1.20235987e-07  6.67750000e-08  5.36603931e-07 
 6.68250000e-08 -1.31402257e-10  6.68250000e-08 -5.14039729e-07 
 6.68750000e-08  1.19488344e-07  6.68750000e-08  5.10371808e-07 
 6.69250000e-08  6.85505978e-10  6.69250000e-08 -4.88383774e-07 
 6.69750000e-08  1.18608893e-07  6.69750000e-08  4.85280315e-07 
 6.70250000e-08  1.62130243e-09  6.70250000e-08 -4.63845176e-07 
 6.70750000e-08  1.17622501e-07  6.70750000e-08  4.61283103e-07 
 6.71250000e-08  2.65295729e-09  6.71250000e-08 -4.40377988e-07 
 6.71750000e-08  1.16550495e-07  6.71750000e-08  4.38334707e-07 
 6.72250000e-08  3.76079653e-09  6.72250000e-08 -4.17937327e-07 
 6.72750000e-08  1.15411013e-07  6.72750000e-08  4.16390858e-07 
 6.73250000e-08  4.92803423e-09  6.73250000e-08 -3.96479591e-07 
 6.73750000e-08  1.14219575e-07  6.73750000e-08  3.95408689e-07 
 6.74250000e-08  6.14038438e-09  6.74250000e-08 -3.75962633e-07 
 6.74750000e-08  1.12989350e-07  6.74750000e-08  3.75346777e-07 
 6.75250000e-08  7.38569517e-09  6.75250000e-08 -3.56345816e-07 
 6.75750000e-08  1.11731523e-07  6.75750000e-08  3.56165282e-07 
 6.76250000e-08  8.65365939e-09  6.76250000e-08 -3.37590081e-07 
 6.76750000e-08  1.10455593e-07  6.76750000e-08  3.37825924e-07 
 6.77250000e-08  9.93554541e-09  6.77250000e-08 -3.19657932e-07 
 6.77750000e-08  1.09169610e-07  6.77750000e-08  3.20292004e-07 
 6.78250000e-08  1.12239418e-08  6.78250000e-08 -3.02513449e-07 
 6.78750000e-08  1.07880341e-07  6.78750000e-08  3.03528367e-07 
 6.79250000e-08  1.25126538e-08  6.79250000e-08 -2.86122268e-07 
 6.79750000e-08  1.06593474e-07  6.79750000e-08  2.87501420e-07 
 6.80250000e-08  1.37964819e-08  6.80250000e-08 -2.70451519e-07 
 6.80750000e-08  1.05313790e-07  6.80750000e-08  2.72179009e-07 
 6.81250000e-08  1.50710309e-08  6.81250000e-08 -2.55469789e-07 
 6.81750000e-08  1.04045282e-07  6.81750000e-08  2.57530458e-07 
 6.82250000e-08  1.63326755e-08  6.82250000e-08 -2.41147071e-07 
 6.82750000e-08  1.02791238e-07  6.82750000e-08  2.43526409e-07 
 6.83250000e-08  1.75784329e-08  6.83250000e-08 -2.27454708e-07 
 6.83750000e-08  1.01554373e-07  6.83750000e-08  2.30138890e-07 
 6.84250000e-08  1.88058588e-08  6.84250000e-08 -2.14365354e-07 
 6.84750000e-08  1.00336893e-07  6.84750000e-08  2.17341174e-07 
 6.85250000e-08  2.00129413e-08  6.85250000e-08 -2.01852888e-07 
 6.85750000e-08  9.91405974e-08  6.85750000e-08  2.05107721e-07 
 6.86250000e-08  2.11980989e-08  6.86250000e-08 -1.89892359e-07 
 6.86750000e-08  9.79668847e-08  6.86750000e-08  1.93414172e-07 
 6.87250000e-08  2.23600955e-08  6.87250000e-08 -1.78459970e-07 
 6.87750000e-08  9.68168597e-08  6.87750000e-08  1.82237246e-07 
 6.88250000e-08  2.34979335e-08  6.88250000e-08 -1.67532955e-07 
 6.88750000e-08  9.56913630e-08  6.88750000e-08  1.71554725e-07 
 6.89250000e-08  2.46109366e-08  6.89250000e-08 -1.57089617e-07 
 6.89750000e-08  9.45909992e-08  6.89750000e-08  1.61345387e-07 
 6.90250000e-08  2.56985710e-08  6.90250000e-08 -1.47109218e-07 
 6.90750000e-08  9.35161710e-08  6.90750000e-08  1.51588966e-07 
 6.91250000e-08  2.67605047e-08  6.91250000e-08 -1.37571936e-07 
 6.91750000e-08  9.24671590e-08  6.91750000e-08  1.42266084e-07 
 6.92250000e-08  2.77965850e-08  6.92250000e-08 -1.28458825e-07 
 6.92750000e-08  9.14440440e-08  6.92750000e-08  1.33358230e-07 
 6.93250000e-08  2.88067241e-08  6.93250000e-08 -1.19751807e-07 
 6.93750000e-08  9.04468468e-08  6.93750000e-08  1.24847721e-07 
 6.94250000e-08  2.97910247e-08  6.94250000e-08 -1.11433571e-07 
 6.94750000e-08  8.94754223e-08  6.94750000e-08  1.16717640e-07 
 6.95250000e-08  3.07496060e-08  6.95250000e-08 -1.03487614e-07 
 6.95750000e-08  8.85296149e-08  6.95750000e-08  1.08951836e-07 
 6.96250000e-08  3.16826947e-08  6.96250000e-08 -9.58980921e-08 
 6.96750000e-08  8.76091754e-08  6.96750000e-08  1.01534835e-07 
 6.97250000e-08  3.25905805e-08  6.97250000e-08 -8.86499216e-08 
 6.97750000e-08  8.67137498e-08  6.97750000e-08  9.44518711e-08 
 6.98250000e-08  3.34736215e-08  6.98250000e-08 -8.17286218e-08 
 6.98750000e-08  8.58430239e-08  6.98750000e-08  8.76887826e-08 
 6.99250000e-08  3.43321530e-08  6.99250000e-08 -7.51203704e-08 
 6.99625000e-08  8.48578043e-08  6.99625000e-08  8.01846792e-08 
 7.00000000e-08  3.54395243e-08  7.00000000e-08 -6.67732944e-08 
 7.00050000e-08 -8.25339163e-06  7.00050000e-08 -6.80856131e-05 
 7.00150000e-08  5.96996193e-06  7.00150000e-08 -1.18032724e-06 
 7.00350000e-08  2.82631920e-06  7.00350000e-08  2.47933657e-05 
 7.00750000e-08 -4.28772400e-06  7.00750000e-08  1.29375277e-05 
 7.01250000e-08  2.35878380e-05  7.01250000e-08  1.75512893e-04 
 7.01625000e-08  4.82239059e-06  7.01625000e-08  1.69329452e-04 
 7.02000000e-08 -1.98235663e-04  7.02000000e-08 -1.77208539e-04 
 7.02050000e-08 -1.35569647e-04  7.02050000e-08 -3.10878166e-04 
 7.02150000e-08  1.56685590e-04  7.02150000e-08 -7.25212882e-04 
 7.02350000e-08  2.80741640e-04  7.02350000e-08 -1.10872493e-03 
 7.02711657e-08 -2.55892729e-04  7.02711657e-08 -1.00712228e-04 
 7.03146808e-08  1.36757008e-04  7.03146808e-08  1.22190316e-03 
 7.03605907e-08 -6.72317278e-05  7.03605907e-08 -2.45366426e-04 
 7.04105907e-08  2.59205017e-05  7.04105907e-08  7.28074439e-05 
 7.04605907e-08  1.77961983e-06  7.04605907e-08 -1.91480769e-04 
 7.05105907e-08 -2.01423443e-05  7.05105907e-08  1.07073313e-04 
 7.05605907e-08  3.25550598e-05  7.05605907e-08 -1.21883674e-04 
 7.06105907e-08 -4.04621173e-05  7.06105907e-08  8.14469426e-05 
 7.06605907e-08  4.55266975e-05  7.06605907e-08 -7.51256017e-05 
 7.07105907e-08 -4.81616950e-05  7.07105907e-08  5.30628750e-05 
 7.07605907e-08  4.94275247e-05  7.07605907e-08 -4.32986638e-05 
 7.08105907e-08 -4.92814638e-05  7.08105907e-08  2.96979344e-05 
 7.08605907e-08  4.85469475e-05  7.08605907e-08 -2.10121817e-05 
 7.09105907e-08 -4.69841225e-05  7.09105907e-08  1.19830191e-05 
 7.09605907e-08  4.52581251e-05  7.09605907e-08 -5.26086982e-06 
 7.10105907e-08 -4.30214818e-05  7.10105907e-08 -9.17805212e-07 
 7.10605907e-08  4.08612754e-05  7.10605907e-08  5.82387727e-06 
 7.11105907e-08 -3.83780397e-05  7.11105907e-08 -1.00689174e-05 
 7.11605907e-08  3.61029079e-05  7.11605907e-08  1.35163849e-05 
 7.12105907e-08 -3.36080328e-05  7.12105907e-08 -1.63944397e-05 
 7.12605907e-08  3.13935687e-05  7.12605907e-08  1.87372807e-05 
 7.13105907e-08 -2.90132057e-05  7.13105907e-08 -2.06353389e-05 
 7.13605907e-08  2.69505202e-05  7.13605907e-08  2.21644244e-05 
 7.14105907e-08 -2.47470024e-05  7.14105907e-08 -2.33592957e-05 
 7.14605907e-08  2.28778008e-05  7.14605907e-08  2.42991898e-05 
 7.15105907e-08 -2.08762853e-05  7.15105907e-08 -2.49923264e-05 
 7.15605907e-08  1.92137276e-05  7.15605907e-08  2.55115633e-05 
 7.16105907e-08 -1.74180898e-05  7.16105907e-08 -2.58501443e-05 
 7.16605907e-08  1.59592588e-05  7.16605907e-08  2.60732609e-05 
 7.17105907e-08 -1.43616151e-05  7.17105907e-08 -2.61645874e-05 
 7.17605907e-08  1.30949793e-05  7.17605907e-08  2.61826475e-05 
 7.18105907e-08 -1.16813872e-05  7.18105907e-08 -2.61045600e-05 
 7.18605907e-08  1.05912502e-05  7.18605907e-08  2.59835675e-05 
 7.19105907e-08 -9.34509826e-06  7.19105907e-08 -2.57921562e-05 
 7.19605907e-08  8.41422096e-06  7.19605907e-08  2.55795353e-05 
 7.20105907e-08 -7.31821193e-06  7.20105907e-08 -2.53148840e-05 
 7.20605907e-08  6.52932447e-06  7.20605907e-08  2.50443806e-05 
 7.21105907e-08 -5.56660035e-06  7.21105907e-08 -2.47348453e-05 
 7.21605907e-08  4.90323703e-06  7.21605907e-08  2.44301972e-05 
 7.22105907e-08 -4.05798213e-06  7.22105907e-08 -2.40955854e-05 
 7.22605907e-08  3.50490638e-06  7.22605907e-08  2.37732525e-05 
 7.23105907e-08 -2.76263412e-06  7.23105907e-08 -2.34271777e-05 
 7.23605907e-08  2.30601753e-06  7.23605907e-08  2.30983634e-05 
 7.24105907e-08 -1.65366884e-06  7.24105907e-08 -2.27499826e-05 
 7.24605907e-08  1.28112522e-06  7.24605907e-08  2.24221224e-05 
 7.25105907e-08 -7.07057230e-07  7.25105907e-08 -2.20774132e-05 
 7.25605907e-08  4.07594462e-07  7.25605907e-08  2.17552673e-05 
 7.26105907e-08  9.84916051e-08  7.26105907e-08 -2.14179622e-05 
 7.26605907e-08 -3.34563632e-07  7.26605907e-08  2.11044131e-05 
 7.27105907e-08  7.81725407e-07  7.27105907e-08 -2.07766796e-05 
 7.27605907e-08 -9.62907213e-07  7.27605907e-08  2.04733110e-05 
 7.28105907e-08  1.35907683e-06  7.28105907e-08 -2.01562442e-05 
 7.28605907e-08 -1.49279804e-06  7.28605907e-08  1.98637586e-05 
 7.29105907e-08  1.84489964e-06  7.29105907e-08 -1.95577349e-05 
 7.29605907e-08 -1.93763590e-06  7.29605907e-08  1.92762529e-05 
 7.30105907e-08  2.25169892e-06  7.30105907e-08 -1.89811822e-05 
 7.30605907e-08 -2.30908231e-06  7.30605907e-08  1.87104544e-05 
 7.31105907e-08  2.59034707e-06  7.31105907e-08 -1.84259579e-05 
 7.31605907e-08 -2.61726784e-06  7.31605907e-08  1.81655133e-05 
 7.32105907e-08  2.87028198e-06  7.32105907e-08 -1.78910472e-05 
 7.32605907e-08 -2.87098068e-06  7.32605907e-08  1.76402960e-05 
 7.33105907e-08  3.09968611e-06  7.33105907e-08 -1.73752360e-05 
 7.33605907e-08 -3.07783604e-06  7.33605907e-08  1.71335388e-05 
 7.34105907e-08  3.28564620e-06  7.34105907e-08 -1.68772363e-05 
 7.34605907e-08 -3.24442657e-06  7.34605907e-08  1.66439497e-05 
 7.35105907e-08  3.43429512e-06  7.35105907e-08 -1.63957687e-05 
 7.35605907e-08 -3.37645557e-06  7.35605907e-08  1.61702739e-05 
 7.36105907e-08  3.55093649e-06  7.36105907e-08 -1.59296127e-05 
 7.36605907e-08 -3.47885368e-06  7.36605907e-08  1.57113324e-05 
 7.37105907e-08  3.64015418e-06  7.37105907e-08 -1.54776365e-05 
 7.37605907e-08 -3.55588131e-06  7.37605907e-08  1.52660439e-05 
 7.38105907e-08  3.70590794e-06  7.38105907e-08 -1.50388115e-05 
 7.38605907e-08 -3.61121799e-06  7.38605907e-08  1.48334337e-05 
 7.39105907e-08  3.75161686e-06  7.39105907e-08 -1.46122171e-05 
 7.39605907e-08 -3.64804012e-06  7.39605907e-08  1.44126345e-05 
 7.40105907e-08  3.78023193e-06  7.40105907e-08 -1.41970387e-05 
 7.40605907e-08 -3.66908874e-06  7.40605907e-08  1.40028829e-05 
 7.41105907e-08  3.79429906e-06  7.41105907e-08 -1.37925623e-05 
 7.41605907e-08 -3.67672811e-06  7.41605907e-08  1.36035119e-05 
 7.42105907e-08  3.79601385e-06  7.42105907e-08 -1.33981661e-05 
 7.42605907e-08 -3.67299687e-06  7.42605907e-08  1.32139428e-05 
 7.43105907e-08  3.78726909e-06  7.43105907e-08 -1.30133117e-05 
 7.43605907e-08 -3.65965203e-06  7.43605907e-08  1.28336750e-05 
 7.44105907e-08  3.76969575e-06  7.44105907e-08 -1.26375346e-05 
 7.44605907e-08 -3.63820733e-06  7.44605907e-08  1.24622776e-05 
 7.45105907e-08  3.74469864e-06  7.45105907e-08 -1.22704350e-05 
 7.45605907e-08 -3.60996626e-06  7.45605907e-08  1.20993798e-05 
 7.46105907e-08  3.71348719e-06  7.46105907e-08 -1.19116692e-05 
 7.46605907e-08 -3.57605075e-06  7.46605907e-08  1.17446627e-05 
 7.47105907e-08  3.67710209e-06  7.47105907e-08 -1.15609412e-05 
 7.47605907e-08 -3.53742596e-06  7.47605907e-08  1.13978516e-05 
 7.48105907e-08  3.63643830e-06  7.48105907e-08 -1.12179963e-05 
 7.48605907e-08 -3.49492160e-06  7.48605907e-08  1.10587097e-05 
 7.49105907e-08  3.59226500e-06  7.49105907e-08 -1.08826137e-05 
 7.49605907e-08 -3.44925053e-06  7.49605907e-08  1.07270313e-05 
 7.50105907e-08  3.54524274e-06  7.50105907e-08 -1.05546015e-05 
 7.50605907e-08 -3.40102475e-06  7.50605907e-08  1.04026369e-05 
 7.51105907e-08  3.49593839e-06  7.51105907e-08 -1.02337919e-05 
 7.51605907e-08 -3.35076914e-06  7.51605907e-08  1.00853688e-05 
 7.52105907e-08  3.44483790e-06  7.52105907e-08 -9.92003621e-06 
 7.52605907e-08 -3.29893347e-06  7.52605907e-08  9.77508690e-06 
 7.53105907e-08  3.39235741e-06  7.53105907e-08 -9.61320196e-06 
 7.53605907e-08 -3.24590271e-06  7.53605907e-08  9.47166535e-06 
 7.54105907e-08  3.33885297e-06  7.54105907e-08 -9.31316946e-06 
 7.54605907e-08 -3.19200592e-06  7.54605907e-08  9.17498993e-06 
 7.55105907e-08  3.28462859e-06  7.55105907e-08 -9.01982931e-06 
 7.55605907e-08 -3.13752396e-06  7.55605907e-08  8.88495549e-06 
 7.56105907e-08  3.22994358e-06  7.56105907e-08 -8.73308016e-06 
 7.56605907e-08 -3.08269609e-06  7.56605907e-08  8.60146402e-06 
 7.57105907e-08  3.17501863e-06  7.57105907e-08 -8.45282694e-06 
 7.57605907e-08 -3.02772572e-06  7.57605907e-08  8.32442296e-06 
 7.58105907e-08  3.12004112e-06  7.58105907e-08 -8.17897932e-06 
 7.58605907e-08 -2.97278545e-06  7.58605907e-08  8.05374389e-06 
 7.59105907e-08  3.06516985e-06  7.59105907e-08 -7.91145051e-06 
 7.59605907e-08 -2.91802117e-06  7.59605907e-08  7.78934137e-06 
 7.60105907e-08  3.01053886e-06  7.60105907e-08 -7.65015622e-06 
 7.60605907e-08 -2.86355598e-06  7.60605907e-08  7.53113204e-06 
 7.61105907e-08  2.95626096e-06  7.61105907e-08 -7.39501389e-06 
 7.61605907e-08 -2.80949314e-06  7.61605907e-08  7.27903393e-06 
 7.62105907e-08  2.90243063e-06  7.62105907e-08 -7.14594200e-06 
 7.62605907e-08 -2.75591899e-06  7.62605907e-08  7.03296590e-06 
 7.63105907e-08  2.84912664e-06  7.63105907e-08 -6.90285965e-06 
 7.63605907e-08 -2.70290527e-06  7.63605907e-08  6.79284710e-06 
 7.64105907e-08  2.79641417e-06  7.64105907e-08 -6.66568606e-06 
 7.64605907e-08 -2.65051111e-06  7.64605907e-08  6.55859676e-06 
 7.65105907e-08  2.74434678e-06  7.65105907e-08 -6.43434037e-06 
 7.65605907e-08 -2.59878489e-06  7.65605907e-08  6.33013385e-06 
 7.66105907e-08  2.69296805e-06  7.66105907e-08 -6.20874138e-06 
 7.66605907e-08 -2.54776575e-06  7.66605907e-08  6.10737694e-06 
 7.67105907e-08  2.64231296e-06  7.67105907e-08 -5.98880741e-06 
 7.67605907e-08 -2.49748486e-06  7.67605907e-08  5.89024406e-06 
 7.68105907e-08  2.59240918e-06  7.68105907e-08 -5.77445618e-06 
 7.68605907e-08 -2.44796659e-06  7.68605907e-08  5.67865266e-06 
 7.69105907e-08  2.54327800e-06  7.69105907e-08 -5.56560486e-06 
 7.69605907e-08 -2.39922945e-06  7.69605907e-08  5.47251953e-06 
 7.70105907e-08  2.49493539e-06  7.70105907e-08 -5.36216990e-06 
 7.70605907e-08 -2.35128702e-06  7.70605907e-08  5.27176083e-06 
 7.71105907e-08  2.44739269e-06  7.71105907e-08 -5.16406719e-06 
 7.71605907e-08 -2.30414860e-06  7.71605907e-08  5.07629213e-06 
 7.72105907e-08  2.40065729e-06  7.72105907e-08 -4.97121199e-06 
 7.72605907e-08 -2.25781982e-06  7.72605907e-08  4.88602843e-06 
 7.73105907e-08  2.35473327e-06  7.73105907e-08 -4.78351905e-06 
 7.73605907e-08 -2.21230333e-06  7.73605907e-08  4.70088420e-06 
 7.74105907e-08  2.30962187e-06  7.74105907e-08 -4.60090259e-06 
 7.74605907e-08 -2.16759907e-06  7.74605907e-08  4.52077348e-06 
 7.75105907e-08  2.26532188e-06  7.75105907e-08 -4.42327650e-06 
 7.75605907e-08 -2.12370480e-06  7.75605907e-08  4.34560996e-06 
 7.76105907e-08  2.22183008e-06  7.76105907e-08 -4.25055432e-06 
 7.76605907e-08 -2.08061640e-06  7.76605907e-08  4.17530705e-06 
 7.77105907e-08  2.17914155e-06  7.77105907e-08 -4.08264933e-06 
 7.77605907e-08 -2.03832820e-06  7.77605907e-08  4.00977795e-06 
 7.78105907e-08  2.13724992e-06  7.78105907e-08 -3.91947468e-06 
 7.78605907e-08 -1.99683320e-06  7.78605907e-08  3.84893575e-06 
 7.79105907e-08  2.09614759e-06  7.79105907e-08 -3.76094347e-06 
 7.79605907e-08 -1.95612328e-06  7.79605907e-08  3.69269356e-06 
 7.80105907e-08  2.05582601e-06  7.80105907e-08 -3.60696877e-06 
 7.80605907e-08 -1.91618949e-06  7.80605907e-08  3.54096449e-06 
 7.81105907e-08  2.01627582e-06  7.81105907e-08 -3.45746381e-06 
 7.81605907e-08 -1.87702208e-06  7.81605907e-08  3.39366184e-06 
 7.82105907e-08  1.97748694e-06  7.82105907e-08 -3.31234199e-06 
 7.82605907e-08 -1.83861072e-06  7.82605907e-08  3.25069915e-06 
 7.83105907e-08  1.93944881e-06  7.83105907e-08 -3.17151698e-06 
 7.83605907e-08 -1.80094460e-06  7.83605907e-08  3.11199023e-06 
 7.84105907e-08  1.90215039e-06  7.84105907e-08 -3.03490278e-06 
 7.84605907e-08 -1.76401253e-06  7.84605907e-08  2.97744932e-06 
 7.85105907e-08  1.86558033e-06  7.85105907e-08 -2.90241383e-06 
 7.85605907e-08 -1.72780302e-06  7.85605907e-08  2.84699105e-06 
 7.86105907e-08  1.82972707e-06  7.86105907e-08 -2.77396507e-06 
 7.86605907e-08 -1.69230442e-06  7.86605907e-08  2.72053065e-06 
 7.87105907e-08  1.79457885e-06  7.87105907e-08 -2.64947197e-06 
 7.87605907e-08 -1.65750489e-06  7.87605907e-08  2.59798388e-06 
 7.88105907e-08  1.76012377e-06  7.88105907e-08 -2.52885062e-06 
 7.88605907e-08 -1.62339249e-06  7.88605907e-08  2.47926718e-06 
 7.89105907e-08  1.72634985e-06  7.89105907e-08 -2.41201781e-06 
 7.89605907e-08 -1.58995522e-06  7.89605907e-08  2.36429768e-06 
 7.90105907e-08  1.69324512e-06  7.90105907e-08 -2.29889102e-06 
 7.90605907e-08 -1.55718115e-06  7.90605907e-08  2.25299322e-06 
 7.91105907e-08  1.66079762e-06  7.91105907e-08 -2.18938853e-06 
 7.91605907e-08 -1.52505831e-06  7.91605907e-08  2.14527253e-06 
 7.92105907e-08  1.62899542e-06  7.92105907e-08 -2.08342943e-06 
 7.92605907e-08 -1.49357480e-06  7.92605907e-08  2.04105510e-06 
 7.93105907e-08  1.59782665e-06  7.93105907e-08 -1.98093372e-06 
 7.93605907e-08 -1.46271880e-06  7.93605907e-08  1.94026136e-06 
 7.94105907e-08  1.56727957e-06  7.94105907e-08 -1.88182221e-06 
 7.94605907e-08 -1.43247862e-06  7.94605907e-08  1.84281264e-06 
 7.95105907e-08  1.53734249e-06  7.95105907e-08 -1.78601674e-06 
 7.95605907e-08 -1.40284264e-06  7.95605907e-08  1.74863121e-06 
 7.96105907e-08  1.50800387e-06  7.96105907e-08 -1.69344009e-06 
 7.96605907e-08 -1.37379937e-06  7.96605907e-08  1.65764036e-06 
 7.97105907e-08  1.47925233e-06  7.97105907e-08 -1.60401600e-06 
 7.97605907e-08 -1.34533753e-06  7.97605907e-08  1.56976434e-06 
 7.98105907e-08  1.45107660e-06  7.98105907e-08 -1.51766930e-06 
 7.98605907e-08 -1.31744591e-06  7.98605907e-08  1.48492850e-06 
 7.99105907e-08  1.42346561e-06  7.99105907e-08 -1.43432580e-06 
 7.99552954e-08 -1.28851198e-06  7.99552954e-08  1.39830111e-06 
 8.00000000e-08  1.39323951e-06  8.00000000e-08 -1.34457752e-06 
 8.00050000e-08  1.25890759e-05  8.00050000e-08  1.59409200e-04 
 8.00150000e-08 -3.67286960e-06  8.00150000e-08  3.36653881e-05 
 8.00350000e-08 -7.29689875e-06  8.00350000e-08 -5.82177926e-05 
 8.00750000e-08  5.77315653e-06  8.00750000e-08 -5.14065261e-05 
 8.01250000e-08 -3.28810859e-05  8.01250000e-08 -1.44417686e-04 
 8.01625000e-08 -8.52651055e-05  8.01625000e-08 -3.36350894e-04 
 8.02000000e-08  4.14391357e-04  8.02000000e-08  1.44105101e-04 
 8.02050000e-08  3.52637371e-04  8.02050000e-08  6.29550490e-05 
 8.02150000e-08 -1.83151335e-04  8.02150000e-08  2.35345724e-04 
 8.02350000e-08 -4.03727529e-04  8.02350000e-08  6.98833283e-04 
 8.02750000e-08  3.04001844e-04  8.02750000e-08  1.65874639e-03 
 8.03191134e-08 -1.66751976e-04  8.03191134e-08 -2.16932972e-03 
 8.03652243e-08  1.00244515e-04  8.03652243e-08  3.85693356e-04 
 8.04152243e-08 -6.70439996e-05  8.04152243e-08 -1.85826965e-04 
 8.04652243e-08  4.73878443e-05  8.04652243e-08  3.16550330e-04 
 8.05152243e-08 -3.45863845e-05  8.05152243e-08 -1.78382829e-04 
 8.05652243e-08  2.61676611e-05  8.05652243e-08  1.54925563e-04 
 8.06152243e-08 -2.00694731e-05  8.06152243e-08 -9.88168507e-05 
 8.06652243e-08  1.58710107e-05  8.06652243e-08  6.87696931e-05 
 8.07152243e-08 -1.25806666e-05  8.07152243e-08 -3.87227276e-05 
 8.07652243e-08  1.03075638e-05  8.07652243e-08  1.72616621e-05 
 8.08152243e-08 -8.35383609e-06  8.08152243e-08  8.46123695e-07 
 8.08652243e-08  7.03373553e-06  8.08652243e-08 -1.47916558e-05 
 8.09152243e-08 -5.76446515e-06  8.09152243e-08  2.60000663e-05 
 8.09652243e-08  4.94624944e-06  8.09652243e-08 -3.47120165e-05 
 8.10152243e-08 -4.04888237e-06  8.10152243e-08  4.15370380e-05 
 8.10652243e-08  3.51210009e-06  8.10652243e-08 -4.67457431e-05 
 8.11152243e-08 -2.83081620e-06  8.11152243e-08  5.07013457e-05 
 8.11652243e-08  2.46363650e-06  8.11652243e-08 -5.35874062e-05 
 8.12152243e-08 -1.91770377e-06  8.12152243e-08  5.56544575e-05 
 8.12652243e-08  1.66087190e-06  8.12652243e-08 -5.70118845e-05 
 8.13152243e-08 -1.20634530e-06  8.13152243e-08  5.78434829e-05 
 8.13652243e-08  1.02664260e-06  8.13652243e-08 -5.82070192e-05 
 8.14152243e-08 -6.38051444e-07  8.14152243e-08  5.82424474e-05 
 8.14652243e-08  5.15535242e-07  8.14652243e-08 -5.79728711e-05 
 8.15152243e-08 -1.77011422e-07  8.15152243e-08  5.75083257e-05 
 8.15652243e-08  9.87913331e-08  8.15652243e-08 -5.68487743e-05 
 8.16152243e-08  2.00298903e-07  8.16152243e-08  5.60834925e-05 
 8.16652243e-08 -2.43157090e-07  8.16652243e-08 -5.51970311e-05 
 8.17152243e-08  5.10415498e-07  8.17152243e-08  5.42641245e-05 
 8.17652243e-08 -5.24475141e-07  8.17652243e-08 -5.32591111e-05 
 8.18152243e-08  7.65620813e-07  8.18152243e-08  5.22464739e-05 
 8.18652243e-08 -7.55920040e-07  8.18652243e-08 -5.11938537e-05 
 8.19152243e-08  9.75418277e-07  8.19152243e-08  5.01584708e-05 
 8.19576122e-08 -9.61253662e-07  8.19576122e-08 -4.89173915e-05 
 8.20000000e-08  1.17478840e-06  8.20000000e-08  4.77141431e-05 
 8.20050000e-08  6.57923685e-07  8.20050000e-08  1.10155138e-05 
 8.20150000e-08 -8.91125377e-07  8.20150000e-08 -8.95777244e-06 
 8.20350000e-08  2.16366405e-07  8.20350000e-08  1.28173392e-06 
 8.20750000e-08  3.62518677e-07  8.20750000e-08 -2.15460750e-06 
 8.21250000e-08 -9.72222851e-07  8.21250000e-08  1.79370754e-07 
 8.21625000e-08  1.24229856e-06  8.21625000e-08 -1.28415894e-05 
 8.22000000e-08  3.52390566e-06  8.22000000e-08  4.37078503e-05 
 8.22050000e-08 -4.64317970e-06  8.22050000e-08  9.56308249e-06 
 8.22150000e-08 -4.88073003e-06  8.22150000e-08  7.52567253e-06 
 8.22350000e-08  1.98451326e-06  8.22350000e-08 -5.78135577e-06 
 8.22750000e-08 -7.81446556e-07  8.22750000e-08 -1.05608691e-05 
 8.23250000e-08  1.21801593e-06  8.23250000e-08  2.97161158e-06 
 8.23750000e-08 -1.22601349e-06  8.23750000e-08 -9.19670304e-07 
 8.24250000e-08  1.33287047e-06  8.24250000e-08  2.70586643e-06 
 8.24750000e-08 -1.13552713e-06  8.24750000e-08 -2.24062566e-06 
 8.25250000e-08  1.15154914e-06  8.25250000e-08  2.55755007e-06 
 8.25750000e-08 -9.21728317e-07  8.25750000e-08 -2.49597608e-06 
 8.26250000e-08  9.33983724e-07  8.26250000e-08  2.54037414e-06 
 8.26750000e-08 -7.13290928e-07  8.26750000e-08 -2.50747595e-06 
 8.27250000e-08  7.40105764e-07  8.27250000e-08  2.48781108e-06 
 8.27750000e-08 -5.35769419e-07  8.27750000e-08 -2.43581603e-06 
 8.28250000e-08  5.79029449e-07  8.28250000e-08  2.39206456e-06 
 8.28750000e-08 -3.90423815e-07  8.28750000e-08 -2.32408452e-06 
 8.29250000e-08  4.48363190e-07  8.29250000e-08  2.26871581e-06 
 8.29750000e-08 -2.73263682e-07  8.29750000e-08 -2.19212652e-06 
 8.30250000e-08  3.43533504e-07  8.30250000e-08  2.13170161e-06 
 8.30750000e-08 -1.79632987e-07  8.30750000e-08 -2.05201962e-06 
 8.31250000e-08  2.60044156e-07  8.31250000e-08  1.99072403e-06 
 8.31750000e-08 -1.05305654e-07  8.31750000e-08 -1.91153271e-06 
 8.32250000e-08  1.93982638e-07  8.32250000e-08  1.85204577e-06 
 8.32750000e-08 -4.66913074e-08  8.32750000e-08 -1.77553664e-06 
 8.33250000e-08  1.42072113e-07  8.33250000e-08  1.71947634e-06 
 8.33750000e-08 -8.09429426e-10  8.33750000e-08 -1.64689359e-06 
 8.34250000e-08  1.01607867e-07  8.34250000e-08  1.59513690e-06 
 8.34750000e-08  3.47905167e-08  8.34750000e-08 -1.52709123e-06 
 8.35250000e-08  7.03722795e-08  8.35250000e-08  1.48001279e-06 
 8.35750000e-08  6.21137666e-08  8.35750000e-08 -1.41669958e-06 
 8.36250000e-08  4.65534288e-08  8.36250000e-08  1.37434545e-06 
 8.36750000e-08  8.27966026e-08  8.36750000e-08 -1.31569635e-06 
 8.37250000e-08  2.86743634e-08  8.37250000e-08  1.27790736e-06 
 8.37750000e-08  9.81715622e-08  8.37750000e-08 -1.22369489e-06 
 8.38250000e-08  1.55334417e-08  8.38250000e-08  1.19019225e-06 
 8.38750000e-08  1.09321837e-07  8.38750000e-08 -1.14010107e-06 
 8.39250000e-08  6.15467308e-09  8.39250000e-08  1.11054457e-06 
 8.39750000e-08  1.17126376e-07  8.39750000e-08 -1.06421917e-06 
 8.40250000e-08 -2.53161117e-10  8.40250000e-08  1.03824564e-06 
 8.40750000e-08  1.22297112e-07  8.40750000e-08 -9.95321314e-07 
 8.41250000e-08 -4.33021785e-09  8.41250000e-08  9.72569310e-07 
 8.41750000e-08  1.25409338e-07  8.41750000e-08 -9.32691529e-07 
 8.42250000e-08 -6.59328320e-09  8.42250000e-08  9.12816290e-07 
 8.42750000e-08  1.26926946e-07  8.42750000e-08 -8.75652051e-07 
 8.43250000e-08 -7.45840501e-09  8.43250000e-08  8.58333885e-07 
 8.43750000e-08  1.27222852e-07  8.43750000e-08 -8.23577748e-07 
 8.44250000e-08 -7.25960595e-09  8.44250000e-08  8.08526031e-07 
 8.44750000e-08  1.26595913e-07  8.44750000e-08 -7.75902414e-07 
 8.45250000e-08 -6.26397212e-09  8.45250000e-08  7.62856664e-07 
 8.45750000e-08  1.25284633e-07  8.45750000e-08 -7.32120021e-07 
 8.46250000e-08 -4.68431610e-09  8.46250000e-08  7.20849291e-07 
 8.46750000e-08  1.23478622e-07  8.46750000e-08 -6.91782755e-07 
 8.47250000e-08 -2.68927820e-09  8.47250000e-08  6.82083794e-07 
 8.47750000e-08  1.21327661e-07  8.47750000e-08 -6.54497149e-07 
 8.48250000e-08 -4.11731434e-10  8.48250000e-08  6.46192135e-07 
 8.48750000e-08  1.18949438e-07  8.48750000e-08 -6.19919309e-07 
 8.49250000e-08  2.04432883e-09  8.49250000e-08  6.12853315e-07 
 8.49750000e-08  1.16435618e-07  8.49750000e-08 -5.87749825e-07 
 8.50250000e-08  4.59828965e-09  8.50250000e-08  5.81788189e-07 
 8.50750000e-08  1.13856926e-07  8.50750000e-08 -5.57728622e-07 
 8.51250000e-08  7.18827806e-09  8.51250000e-08  5.52754559e-07 
 8.51750000e-08  1.11267296e-07  8.51750000e-08 -5.29630138e-07 
 8.52250000e-08  9.76747493e-09  8.52250000e-08  5.25542374e-07 
 8.52750000e-08  1.08707187e-07  8.52750000e-08 -5.03258822e-07 
 8.53250000e-08  1.23010872e-08  8.53250000e-08  4.99969569e-07 
 8.53750000e-08  1.06206349e-07  8.53750000e-08 -4.78445092e-07 
 8.54250000e-08  1.47638631e-08  8.54250000e-08  4.75878160e-07 
 8.54750000e-08  1.03786034e-07  8.54750000e-08 -4.55041782e-07 
 8.55250000e-08  1.71380933e-08  8.55250000e-08  4.53130975e-07 
 8.55750000e-08  1.01460813e-07  8.55750000e-08 -4.32920922e-07 
 8.56250000e-08  1.94120011e-08  8.56250000e-08  4.31608608e-07 
 8.56750000e-08  9.92399812e-08  8.56750000e-08 -4.11971048e-07 
 8.57250000e-08  2.15784600e-08  8.57250000e-08  4.11206894e-07 
 8.57750000e-08  9.71287847e-08  8.57750000e-08 -3.92094760e-07 
 8.58250000e-08  2.36338705e-08  8.58250000e-08  3.91834734e-07 
 8.58750000e-08  9.51293733e-08  8.58750000e-08 -3.73206772e-07 
 8.59250000e-08  2.55773484e-08  8.59250000e-08  3.73412182e-07 
 8.59750000e-08  9.32415115e-08  8.59750000e-08 -3.55232086e-07 
 8.60250000e-08  2.74100922e-08  8.60250000e-08  3.55868821e-07 
 8.60750000e-08  9.14632099e-08  8.60750000e-08 -3.38104504e-07 
 8.61250000e-08  2.91347811e-08  8.61250000e-08  3.39142379e-07 
 8.61750000e-08  8.97912036e-08  8.61750000e-08 -3.21765411e-07 
 8.62250000e-08  3.07551270e-08  8.62250000e-08  3.23177618e-07 
 8.62750000e-08  8.82213879e-08  8.62750000e-08 -3.06162679e-07 
 8.63250000e-08  3.22756220e-08  8.63250000e-08  3.07925255e-07 
 8.63750000e-08  8.67489881e-08  8.63750000e-08 -2.91249683e-07 
 8.64250000e-08  3.37011802e-08  8.64250000e-08  2.93341209e-07 
 8.64750000e-08  8.53689487e-08  8.64750000e-08 -2.76984673e-07 
 8.65250000e-08  3.50370283e-08  8.65250000e-08  2.79385801e-07 
 8.65750000e-08  8.40759866e-08  8.65750000e-08 -2.63329936e-07 
 8.66250000e-08  3.62884272e-08  8.66250000e-08  2.66023226e-07 
 8.66750000e-08  8.28648141e-08  8.66750000e-08 -2.50251401e-07 
 8.67250000e-08  3.74606947e-08  8.67250000e-08  2.53220979e-07 
 8.67750000e-08  8.17301540e-08  8.67750000e-08 -2.37718044e-07 
 8.68250000e-08  3.85590159e-08  8.68250000e-08  2.40949453e-07 
 8.68750000e-08  8.06669200e-08  8.68750000e-08 -2.25701582e-07 
 8.69250000e-08  3.95884016e-08  8.69250000e-08  2.29181563e-07 
 8.69750000e-08  7.96701701e-08  8.69750000e-08 -2.14176062e-07 
 8.70250000e-08  4.05536859e-08  8.70250000e-08  2.17892441e-07 
 8.70750000e-08  7.87352196e-08  8.70750000e-08 -2.03117596e-07 
 8.71250000e-08  4.14594079e-08  8.71250000e-08  2.07059129e-07 
 8.71750000e-08  7.78576400e-08  8.71750000e-08 -1.92504133e-07 
 8.72250000e-08  4.23098984e-08  8.72250000e-08  1.96660395e-07 
 8.72750000e-08  7.70332319e-08  8.72750000e-08 -1.82315200e-07 
 8.73250000e-08  4.31091988e-08  8.73250000e-08  1.86676514e-07 
 8.73750000e-08  7.62580881e-08  8.73750000e-08 -1.72531789e-07 
 8.74250000e-08  4.38610975e-08  8.74250000e-08  1.77089134e-07 
 8.74750000e-08  7.55285569e-08  8.74750000e-08 -1.63136140e-07 
 8.75250000e-08  4.45691131e-08  8.75250000e-08  1.67881062e-07 
 8.75750000e-08  7.48412493e-08  8.75750000e-08 -1.54111610e-07 
 8.76250000e-08  4.52364924e-08  8.76250000e-08  1.59036175e-07 
 8.76750000e-08  7.41930261e-08  8.76750000e-08 -1.45442609e-07 
 8.77250000e-08  4.58662764e-08  8.77250000e-08  1.50539388e-07 
 8.77750000e-08  7.35809956e-08  8.77750000e-08 -1.37114461e-07 
 8.78250000e-08  4.64612351e-08  8.78250000e-08  1.42376420e-07 
 8.78750000e-08  7.30024717e-08  8.78750000e-08 -1.29113306e-07 
 8.79250000e-08  4.70239422e-08  8.79250000e-08  1.34533814e-07 
 8.79750000e-08  7.24549887e-08  8.79750000e-08 -1.21426067e-07 
 8.80250000e-08  4.75567491e-08  8.80250000e-08  1.26998839e-07 
 8.80750000e-08  7.19363119e-08  8.80750000e-08 -1.14040342e-07 
 8.81250000e-08  4.80618275e-08  8.81250000e-08  1.19759418e-07 
 8.81750000e-08  7.14443491e-08  8.81750000e-08 -1.06944358e-07 
 8.82250000e-08  4.85411363e-08  8.82250000e-08  1.12804088e-07 
 8.82750000e-08  7.09772289e-08  8.82750000e-08 -1.00126950e-07 
 8.83250000e-08  4.89965142e-08  8.83250000e-08  1.06121929e-07 
 8.83750000e-08  7.05331765e-08  8.83750000e-08 -9.35774479e-08 
 8.84250000e-08  4.94296343e-08  8.84250000e-08  9.97025641e-08 
 8.84750000e-08  7.01106099e-08  8.84750000e-08 -8.72857458e-08 
 8.85250000e-08  4.98420072e-08  8.85250000e-08  9.35360941e-08 
 8.85750000e-08  6.97080834e-08  8.85750000e-08 -8.12421361e-08 
 8.86250000e-08  5.02350335e-08  8.86250000e-08  8.76130234e-08 
 8.86750000e-08  6.93242364e-08  8.86750000e-08 -7.54373526e-08 
 8.87250000e-08  5.06099820e-08  8.87250000e-08  8.19243333e-08 
 8.87750000e-08  6.89578945e-08  8.87750000e-08 -6.98625789e-08 
 8.88250000e-08  5.09680297e-08  8.88250000e-08  7.64613478e-08 
 8.88750000e-08  6.86078731e-08  8.88750000e-08 -6.45093150e-08 
 8.89250000e-08  5.13102615e-08  8.89250000e-08  7.12157821e-08 
 8.89750000e-08  6.82731871e-08  8.89750000e-08 -5.93694501e-08 
 8.90250000e-08  5.16376393e-08  8.90250000e-08  6.61796754e-08 
 8.90750000e-08  6.79528849e-08  8.90750000e-08 -5.44352015e-08 
 8.91250000e-08  5.19510746e-08  8.91250000e-08  6.13454076e-08 
 8.91750000e-08  6.76461232e-08  8.91750000e-08 -4.96990764e-08 
 8.92250000e-08  5.22513745e-08  8.92250000e-08  5.67056387e-08 
 8.92750000e-08  6.73520839e-08  8.92750000e-08 -4.51539091e-08 
 8.93250000e-08  5.25393150e-08  8.93250000e-08  5.22533359e-08 
 8.93750000e-08  6.70700677e-08  8.93750000e-08 -4.07927868e-08 
 8.94250000e-08  5.28155925e-08  8.94250000e-08  4.79817453e-08 
 8.94750000e-08  6.67993915e-08  8.94750000e-08 -3.66090864e-08 
 8.95250000e-08  5.30808251e-08  8.95250000e-08  4.38843372e-08 
 8.95750000e-08  6.65394303e-08  8.95750000e-08 -3.25964149e-08 
 8.96250000e-08  5.33356384e-08  8.96250000e-08  3.99548707e-08 
 8.96750000e-08  6.62896475e-08  8.96750000e-08 -2.87486374e-08 
 8.97250000e-08  5.35805327e-08  8.97250000e-08  3.61873058e-08 
 8.97750000e-08  6.60494951e-08  8.97750000e-08 -2.50598444e-08 
 8.98250000e-08  5.38160625e-08  8.98250000e-08  3.25758522e-08 
 8.98750000e-08  6.58184775e-08  8.98750000e-08 -2.15243312e-08 
 8.99250000e-08  5.40426804e-08  8.99250000e-08  2.91149122e-08 
 8.99625000e-08  6.55599173e-08  8.99625000e-08 -1.75859304e-08 
 9.00000000e-08  5.43317065e-08  9.00000000e-08  2.47250554e-08 
 9.00050000e-08 -8.23669008e-06  9.00050000e-08 -6.80340591e-05 
 9.00150000e-08  5.95317303e-06  9.00150000e-08 -1.18623288e-06 
 9.00350000e-08  2.82092637e-06  9.00350000e-08  2.47619340e-05 
 9.00750000e-08 -4.27151220e-06  9.00750000e-08  1.29528033e-05 
 9.01250000e-08  2.34832653e-05  9.01250000e-08  1.75288711e-04 
 9.01625000e-08  3.83056905e-06  9.01625000e-08  1.57743737e-04 
 9.02000000e-08 -2.11829369e-04  9.02000000e-08 -2.18564756e-04 
 9.02050000e-08 -1.33014333e-04  9.02050000e-08 -3.39652937e-04 
 9.02150000e-08  1.95759409e-04  9.02150000e-08 -7.36038983e-04 
 9.02350000e-08  2.85963793e-04  9.02350000e-08 -1.20922226e-03 
 9.02733385e-08 -2.78747812e-04  9.02733385e-08 -1.45341269e-05 
 9.03154889e-08  1.45671786e-04  9.03154889e-08  1.54167267e-03 
 9.03596012e-08 -6.59595465e-05  9.03596012e-08 -5.56696308e-04 
 9.04096012e-08  2.51168222e-05  9.04096012e-08  2.88228007e-04 
 9.04596012e-08  2.93678794e-06  9.04596012e-08 -3.87659783e-04 
 9.05096012e-08 -2.42751266e-05  9.05096012e-08  2.39050459e-04 
 9.05596012e-08  3.99363608e-05  9.05596012e-08 -2.21720169e-04 
 9.06096012e-08 -5.00229334e-05  9.06096012e-08  1.77271791e-04 
 9.06596012e-08  5.60878435e-05  9.06596012e-08 -1.58766256e-04 
 9.07096012e-08 -5.88283174e-05  9.07096012e-08  1.21256162e-04 
 9.07596012e-08  5.95909176e-05  9.07596012e-08 -1.03082734e-04 
 9.08096012e-08 -5.86153584e-05  9.08096012e-08  7.99371639e-05 
 9.08596012e-08  5.68657132e-05  9.08596012e-08 -6.43889744e-05 
 9.09096012e-08 -5.42290839e-05  9.09096012e-08  4.91188071e-05 
 9.09596012e-08  5.14369903e-05  9.09596012e-08 -3.72304173e-05 
 9.10096012e-08 -4.81871151e-05  9.10096012e-08  2.66668854e-05 
 9.10596012e-08  4.50891425e-05  9.10596012e-08 -1.79329492e-05 
 9.11096012e-08 -4.17456287e-05  9.11096012e-08  1.04481344e-05 
 9.11596012e-08  3.87028306e-05  9.11596012e-08 -4.11081128e-06 
 9.12096012e-08 -3.55158008e-05  9.12096012e-08 -1.26117911e-06 
 9.12596012e-08  3.26969521e-05  9.12596012e-08  5.85597177e-06 
 9.13096012e-08 -2.97776267e-05  9.13096012e-08 -9.74553264e-06 
 9.13596012e-08  2.72517653e-05  9.13596012e-08  1.30919302e-05 
 9.14096012e-08 -2.46390867e-05  9.14096012e-08 -1.59297021e-05 
 9.14596012e-08  2.24233502e-05  9.14596012e-08  1.83836256e-05 
 9.15096012e-08 -2.01188926e-05  9.15096012e-08 -2.04691354e-05 
 9.15596012e-08  1.82039104e-05  9.15596012e-08  2.22822701e-05 
 9.16096012e-08 -1.61906031e-05  9.16096012e-08 -2.38251991e-05 
 9.16596012e-08  1.45542382e-05  9.16596012e-08  2.51743942e-05 
 9.17096012e-08 -1.28065497e-05  9.17096012e-08 -2.63219520e-05 
 9.17596012e-08  1.14213980e-05  9.17596012e-08  2.73313962e-05 
 9.18096012e-08 -9.91088531e-06  9.18096012e-08 -2.81872138e-05 
 9.18596012e-08  8.74834526e-06  9.18596012e-08  2.89443489e-05 
 9.19096012e-08 -7.44663205e-06  9.19096012e-08 -2.95816686e-05 
 9.19596012e-08  6.47905550e-06  9.19596012e-08  3.01483742e-05 
 9.20096012e-08 -5.35936404e-06  9.20096012e-08 -3.06192604e-05 
 9.20596012e-08  4.56112131e-06  9.20596012e-08  3.10396440e-05 
 9.21096012e-08 -3.59898544e-06  9.21096012e-08 -3.13814022e-05 
 9.21596012e-08  2.94691610e-06  9.21596012e-08  3.16872017e-05 
 9.22096012e-08 -2.12043310e-06  9.22096012e-08 -3.19268395e-05 
 9.22596012e-08  1.59386784e-06  9.22596012e-08  3.21412312e-05 
 9.23096012e-08 -8.83844121e-07  9.23096012e-08 -3.22969888e-05 
 9.23596012e-08  4.64782349e-07  9.23596012e-08  3.24381883e-05 
 9.24096012e-08  1.45963780e-07  9.24096012e-08 -3.25266650e-05 
 9.24596012e-08 -4.73204065e-07  9.24596012e-08  3.26062276e-05 
 9.25096012e-08  9.99333481e-07  9.25096012e-08 -3.26384148e-05 
 9.25596012e-08 -1.24842862e-06  9.25596012e-08  3.26661669e-05 
 9.26096012e-08  1.70262077e-06  9.26096012e-08 -3.26506695e-05 
 9.26596012e-08 -1.88537495e-06  9.26596012e-08  3.26342707e-05 
 9.27096012e-08  2.27848708e-06  9.27096012e-08 -3.25783507e-05 
 9.27596012e-08 -2.40511267e-06  9.27596012e-08  3.25233980e-05 
 9.28096012e-08  2.74663438e-06  9.28096012e-08 -3.24318512e-05 
 9.28596012e-08 -2.82568162e-06  9.28596012e-08  3.23443723e-05 
 9.29096012e-08  3.12360700e-06  9.29096012e-08 -3.22218806e-05 
 9.29596012e-08 -3.16259766e-06  9.29596012e-08  3.21055749e-05 
 9.30096012e-08  3.42377368e-06  9.30096012e-08 -3.19561688e-05 
 9.30596012e-08 -3.42904093e-06  9.30596012e-08  3.18145596e-05 
 9.31096012e-08  3.65931182e-06  9.31096012e-08 -3.16415102e-05 
 9.31596012e-08 -3.63625842e-06  9.31596012e-08  3.14776598e-05 
 9.32096012e-08  3.84060349e-06  9.32096012e-08 -3.12838300e-05 
 9.32596012e-08 -3.79382641e-06  9.32596012e-08  3.11004270e-05 
 9.33096012e-08  3.97647905e-06  9.33096012e-08 -3.08883445e-05 
 9.33596012e-08 -3.90988282e-06  9.33596012e-08  3.06877746e-05 
 9.34096012e-08  4.07443655e-06  9.34096012e-08 -3.04596931e-05 
 9.34596012e-08 -3.99133264e-06  9.34596012e-08  3.02440926e-05 
 9.35096012e-08  4.14083339e-06  9.35096012e-08 -3.00020376e-05 
 9.35596012e-08 -4.04402626e-06  9.35596012e-08  2.97733336e-05 
 9.36096012e-08  4.18105212e-06  9.36096012e-08 -2.95191367e-05 
 9.36596012e-08 -4.07291345e-06  9.36596012e-08  2.92790760e-05 
 9.37096012e-08  4.19964327e-06  9.37096012e-08 -2.90144006e-05 
 9.37596012e-08 -4.08217570e-06  9.37596012e-08  2.87645729e-05 
 9.38096012e-08  4.20044807e-06  9.38096012e-08 -2.84909345e-05 
 9.38596012e-08 -4.07533998e-06  9.38596012e-08  2.82327900e-05 
 9.39096012e-08  4.18670387e-06  9.39096012e-08 -2.79515717e-05 
 9.39596012e-08 -4.05537627e-06  9.39596012e-08  2.76864349e-05 
 9.40096012e-08  4.16113433e-06  9.40096012e-08 -2.73989007e-05 
 9.40596012e-08 -4.02478104e-06  9.40596012e-08  2.71279828e-05 
 9.41096012e-08  4.12602673e-06  9.41096012e-08 -2.68352877e-05 
 9.41596012e-08 -3.98564877e-06  9.41596012e-08  2.65596959e-05 
 9.42096012e-08  4.08329809e-06  9.42096012e-08 -2.62628959e-05 
 9.42596012e-08 -3.93973297e-06  9.42596012e-08  2.59836419e-05 
 9.43096012e-08  4.03455152e-06  9.43096012e-08 -2.56837012e-05 
 9.43596012e-08 -3.88849829e-06  9.43596012e-08  2.54017092e-05 
 9.44096012e-08  3.98112436e-06  9.44096012e-08 -2.50995079e-05 
 9.44596012e-08 -3.83316502e-06  9.44596012e-08  2.48156206e-05 
 9.45096012e-08  3.92412932e-06  9.45096012e-08 -2.45119605e-05 
 9.45596012e-08 -3.77474694e-06  9.45596012e-08  2.42269459e-05 
 9.46096012e-08  3.86448933e-06  9.46096012e-08 -2.39225568e-05 
 9.46596012e-08 -3.71408354e-06  9.46596012e-08  2.36371130e-05 
 9.47096012e-08  3.80296732e-06  9.47096012e-08 -2.33326580e-05 
 9.47596012e-08 -3.65186751e-06  9.47596012e-08  2.30474189e-05 
 9.48096012e-08  3.74019153e-06  9.48096012e-08 -2.27434989e-05 
 9.48596012e-08 -3.58866796e-06  9.48596012e-08  2.24590388e-05 
 9.49096012e-08  3.67667691e-06  9.49096012e-08 -2.21561977e-05 
 9.49596012e-08 -3.52495025e-06  9.49596012e-08  2.18730357e-05 
 9.50096012e-08  3.61284338e-06  9.50096012e-08 -2.15717642e-05 
 9.50596012e-08 -3.46109271e-06  9.50596012e-08  2.12903682e-05 
 9.51096012e-08  3.54903124e-06  9.51096012e-08 -2.09911082e-05 
 9.51596012e-08 -3.39740094e-06  9.51596012e-08  2.07118989e-05 
 9.52096012e-08  3.48551436e-06  9.52096012e-08 -2.04150468e-05 
 9.52596012e-08 -3.33411970e-06  9.52596012e-08  2.01384014e-05 
 9.53096012e-08  3.42251097e-06  9.53096012e-08 -1.98443118e-05 
 9.53596012e-08 -3.27144317e-06  9.53596012e-08  1.95705672e-05 
 9.54096012e-08  3.36019327e-06  9.54096012e-08 -1.92795561e-05 
 9.54596012e-08 -3.20952350e-06  9.54596012e-08  1.90090120e-05 
 9.55096012e-08  3.29869519e-06  9.55096012e-08 -1.87213600e-05 
 9.55596012e-08 -3.14847800e-06  9.55596012e-08  1.84542818e-05 
 9.56096012e-08  3.23811891e-06  9.56096012e-08 -1.81702366e-05 
 9.56596012e-08 -3.08839525e-06  9.56596012e-08  1.79068583e-05 
 9.57096012e-08  3.17854067e-06  9.57096012e-08 -1.76266376e-05 
 9.57596012e-08 -3.02934021e-06  9.57596012e-08  1.73671641e-05 
 9.58096012e-08  3.12001523e-06  9.58096012e-08 -1.70909579e-05 
 9.58596012e-08 -2.97135852e-06  9.58596012e-08  1.68355677e-05 
 9.59096012e-08  3.06257997e-06  9.59096012e-08 -1.65635404e-05 
 9.59596012e-08 -2.91448006e-06  9.59596012e-08  1.63123875e-05 
 9.60096012e-08  3.00625802e-06  9.60096012e-08 -1.60446804e-05 
 9.60596012e-08 -2.85872196e-06  9.60596012e-08  1.57978963e-05 
 9.61096012e-08  2.95106111e-06  9.61096012e-08 -1.55346293e-05 
 9.61596012e-08 -2.80409110e-06  9.61596012e-08  1.52923251e-05 
 9.62096012e-08  2.89699184e-06  9.62096012e-08 -1.50335984e-05 
 9.62596012e-08 -2.75058624e-06  9.62596012e-08  1.47958664e-05 
 9.63096012e-08  2.84404546e-06  9.63096012e-08 -1.45417626e-05 
 9.63596012e-08 -2.69819962e-06  9.63596012e-08  1.43086778e-05 
 9.64096012e-08  2.79221162e-06  9.64096012e-08 -1.40592630e-05 
 9.64596012e-08 -2.64691854e-06  9.64596012e-08  1.38308850e-05 
 9.65096012e-08  2.74147553e-06  9.65096012e-08 -1.35862106e-05 
 9.65596012e-08 -2.59672643e-06  9.65596012e-08  1.33625845e-05 
 9.66096012e-08  2.69181906e-06  9.66096012e-08 -1.31226881e-05 
 9.66596012e-08 -2.54760382e-06  9.66596012e-08  1.29038462e-05 
 9.67096012e-08  2.64322160e-06  9.67096012e-08 -1.26687532e-05 
 9.67596012e-08 -2.49952915e-06  9.67596012e-08  1.24547159e-05 
 9.68096012e-08  2.59566080e-06  9.68096012e-08 -1.22244404e-05 
 9.68596012e-08 -2.45247944e-06  9.68596012e-08  1.20152175e-05 
 9.69096012e-08  2.54911315e-06  9.69096012e-08 -1.17897636e-05 
 9.69596012e-08 -2.40643075e-06  9.69596012e-08  1.15853548e-05 
 9.70096012e-08  2.50355440e-06  9.70096012e-08 -1.13647174e-05 
 9.70596012e-08 -2.36135860e-06  9.70596012e-08  1.11651140e-05 
 9.71096012e-08  2.45895993e-06  9.71096012e-08 -1.09492795e-05 
 9.71596012e-08 -2.31723837e-06  9.71596012e-08  1.07544647e-05 
 9.72096012e-08  2.41530511e-06  9.72096012e-08 -1.05434121e-05 
 9.72596012e-08 -2.27404544e-06  9.72596012e-08  1.03533620e-05 
 9.73096012e-08  2.37256544e-06  9.73096012e-08 -1.01470636e-05 
 9.73596012e-08 -2.23175549e-06  9.73596012e-08  9.96174775e-06 
 9.74096012e-08  2.33071679e-06  9.74096012e-08 -9.76016979e-06 
 9.74596012e-08 -2.19034461e-06  9.74596012e-08  9.57955199e-06 
 9.75096012e-08  2.28973549e-06  9.75096012e-08 -9.38265523e-06 
 9.75596012e-08 -2.14978941e-06  9.75596012e-08  9.20669421e-06 
 9.76096012e-08  2.24959846e-06  9.76096012e-08 -9.01443456e-06 
 9.76596012e-08 -2.11006712e-06  9.76596012e-08  8.84308437e-06 
 9.77096012e-08  2.21028324e-06  9.77096012e-08 -8.65541347e-06 
 9.77596012e-08 -2.07115562e-06  9.77596012e-08  8.48862409e-06 
 9.78096012e-08  2.17176808e-06  9.78096012e-08 -8.30548974e-06 
 9.78596012e-08 -2.03303355e-06  9.78596012e-08  8.14320754e-06 
 9.79096012e-08  2.13403195e-06  9.79096012e-08 -7.96455417e-06 
 9.79596012e-08 -1.99568022e-06  9.79596012e-08  7.80672233e-06 
 9.80096012e-08  2.09705454e-06  9.80096012e-08 -7.63249142e-06 
 9.80596012e-08 -1.95907565e-06  9.80596012e-08  7.47905032e-06 
 9.81096012e-08  2.06081623e-06  9.81096012e-08 -7.30918079e-06 
 9.81596012e-08 -1.92320066e-06  9.81596012e-08  7.16006843e-06 
 9.82096012e-08  2.02529818e-06  9.82096012e-08 -6.99449694e-06 
 9.82596012e-08 -1.88803672e-06  9.82596012e-08  6.84964917e-06 
 9.83096012e-08  1.99048226e-06  9.83096012e-08 -6.68831049e-06 
 9.83596012e-08 -1.85356604e-06  9.83596012e-08  6.54766142e-06 
 9.84096012e-08  1.95635096e-06  9.84096012e-08 -6.39048869e-06 
 9.84596012e-08 -1.81977150e-06  9.84596012e-08  6.25397092e-06 
 9.85096012e-08  1.92288752e-06  9.85096012e-08 -6.10089592e-06 
 9.85596012e-08 -1.78663658e-06  9.85596012e-08  5.96844078e-06 
 9.86096012e-08  1.89007573e-06  9.86096012e-08 -5.81939418e-06 
 9.86596012e-08 -1.75414546e-06  9.86596012e-08  5.69093201e-06 
 9.87096012e-08  1.85790005e-06  9.87096012e-08 -5.54584357e-06 
 9.87596012e-08 -1.72228286e-06  9.87596012e-08  5.42130388e-06 
 9.88096012e-08  1.82634552e-06  9.88096012e-08 -5.28010269e-06 
 9.88596012e-08 -1.69103409e-06  9.88596012e-08  5.15941439e-06 
 9.89096012e-08  1.79539774e-06  9.89096012e-08 -5.02202902e-06 
 9.89596012e-08 -1.66038507e-06  9.89596012e-08  4.90512058e-06 
 9.90096012e-08  1.76504280e-06  9.90096012e-08 -4.77147925e-06 
 9.90596012e-08 -1.63032208e-06  9.90596012e-08  4.65827886e-06 
 9.91096012e-08  1.73526731e-06  9.91096012e-08 -4.52830962e-06 
 9.91596012e-08 -1.60083201e-06  9.91596012e-08  4.41874536e-06 
 9.92096012e-08  1.70605837e-06  9.92096012e-08 -4.29237617e-06 
 9.92596012e-08 -1.57190219e-06  9.92596012e-08  4.18637608e-06 
 9.93096012e-08  1.67740354e-06  9.93096012e-08 -4.06353501e-06 
 9.93596012e-08 -1.54352036e-06  9.93596012e-08  3.96102729e-06 
 9.94096012e-08  1.64929072e-06  9.94096012e-08 -3.84164257e-06 
 9.94596012e-08 -1.51567468e-06  9.94596012e-08  3.74255563e-06 
 9.95096012e-08  1.62170833e-06  9.95096012e-08 -3.62655578e-06 
 9.95596012e-08 -1.48835372e-06  9.95596012e-08  3.53081839e-06 
 9.96096012e-08  1.59464507e-06  9.96096012e-08 -3.41813232e-06 
 9.96596012e-08 -1.46154640e-06  9.96596012e-08  3.32567360e-06 
 9.97096012e-08  1.56809009e-06  9.97096012e-08 -3.21623068e-06 
 9.97596012e-08 -1.43524197e-06  9.97596012e-08  3.12698030e-06 
 9.98096012e-08  1.54203277e-06  9.98096012e-08 -3.02071042e-06 
 9.98596012e-08 -1.40943005e-06  9.98596012e-08  2.93459858e-06 
 9.99096012e-08  1.51646289e-06  9.99096012e-08 -2.83143225e-06 
 9.99548006e-08 -1.38276870e-06  9.99548006e-08  2.73866935e-06 
 1.00000000e-07  1.48873306e-06  1.00000000e-07 -2.62915417e-06 
 1.00005000e-07  1.23409914e-05  1.00005000e-07  1.55920249e-04 
 1.00015000e-07 -3.57832351e-06  1.00015000e-07  3.23697460e-05 
 1.00035000e-07 -7.08414304e-06  1.00035000e-07 -5.53430266e-05 
 1.00075000e-07  5.54748608e-06  1.00075000e-07 -5.11204205e-05 
 1.00125000e-07 -3.16395739e-05  1.00125000e-07 -1.39496842e-04 
 1.00162500e-07 -9.29187532e-06  1.00162500e-07 -3.54757208e-04 
 1.00200000e-07  1.51617473e-03  1.00200000e-07  4.57114285e-04 
 1.00205000e-07  1.51439611e-03  1.00205000e-07  9.91386905e-04 
 1.00215000e-07  5.22869697e-04  1.00215000e-07  1.96998307e-03 
 1.00235000e-07 -7.94226007e-03  1.00235000e-07  3.20402631e-03 
 1.00275000e-07 -1.61218346e-02  1.00275000e-07  5.57401145e-03 
 1.00325000e-07  1.08500765e+00  1.00325000e-07 -1.27179509e-02 
 1.00375000e-07  1.25921819e+00  1.00375000e-07 -4.08265328e-02 
 1.00425000e-07  1.14889121e+00  1.00425000e-07 -2.29441763e-02 
 1.00475000e-07  1.23933301e+00  1.00475000e-07  1.32058878e+00 
 1.00525000e-07  1.16577509e+00  1.00525000e-07  3.03013503e+00 
 1.00575000e-07  1.22874030e+00  1.00575000e-07  3.26906998e+00 
 1.00625000e-07  1.17469669e+00  1.00625000e-07  3.26308604e+00 
 1.00675000e-07  1.22189024e+00  1.00675000e-07  3.30768924e+00 
 1.00725000e-07  1.18062845e+00  1.00725000e-07  3.29019936e+00 
 1.00775000e-07  1.21693827e+00  1.00775000e-07  3.30618361e+00 
 1.00825000e-07  1.18498824e+00  1.00825000e-07  3.29490283e+00 
 1.00875000e-07  1.21318240e+00  1.00875000e-07  3.30394767e+00 
 1.00925000e-07  1.18831600e+00  1.00925000e-07  3.29678430e+00 
 1.00975000e-07  1.21028098e+00  1.00975000e-07  3.30260735e+00 
 1.01025000e-07  1.19089086e+00  1.01025000e-07  3.29785767e+00 
 1.01075000e-07  1.20802456e+00  1.01075000e-07  3.30175787e+00 
 1.01125000e-07  1.19289311e+00  1.01125000e-07  3.29855382e+00 
 1.01175000e-07  1.20626552e+00  1.01175000e-07  3.30118619e+00 
 1.01225000e-07  1.19445304e+00  1.01225000e-07  3.29902928e+00 
 1.01275000e-07  1.20489306e+00  1.01275000e-07  3.30079011e+00 
 1.01325000e-07  1.19566931e+00  1.01325000e-07  3.29936081e+00 
 1.01375000e-07  1.20382194e+00  1.01375000e-07  3.30051245e+00 
 1.01425000e-07  1.19661794e+00  1.01425000e-07  3.29959373e+00 
 1.01475000e-07  1.20298595e+00  1.01475000e-07  3.30031707e+00 
 1.01525000e-07  1.19736301e+00  1.01525000e-07  3.29975772e+00 
 1.01575000e-07  1.20233864e+00  1.01575000e-07  3.30017964e+00 
 1.01625000e-07  1.19793862e+00  1.01625000e-07  3.29987293e+00 
 1.01675000e-07  1.20182747e+00  1.01675000e-07  3.30008310e+00 
 1.01725000e-07  1.19838778e+00  1.01725000e-07  3.29995367e+00 
 1.01775000e-07  1.20142894e+00  1.01775000e-07  3.30001562e+00 
 1.01825000e-07  1.19873838e+00  1.01825000e-07  3.30000996e+00 
 1.01875000e-07  1.20111812e+00  1.01875000e-07  3.29996874e+00 
 1.01925000e-07  1.19901204e+00  1.01925000e-07  3.30004889e+00 
 1.01962500e-07  1.20084072e+00  1.01962500e-07  3.29993216e+00 
 1.02000000e-07  1.19928614e+00  1.02000000e-07  3.30008240e+00 
 1.02005000e-07  1.19981989e+00  1.02005000e-07  3.29990524e+00 
 1.02015000e-07  1.20009129e+00  1.02015000e-07  3.29999031e+00 
 1.02035000e-07  1.19994600e+00  1.02035000e-07  3.30000859e+00 
 1.02075000e-07  1.20004506e+00  1.02075000e-07  3.30002997e+00 
 1.02125000e-07  1.19999178e+00  1.02125000e-07  3.30026810e+00 
 1.02162500e-07  1.20008018e+00  1.02162500e-07  3.30031409e+00 
 1.02200000e-07  1.19988152e+00  1.02200000e-07  3.29998049e+00 
 1.02205000e-07  1.19988082e+00  1.02205000e-07  3.29994421e+00 
 1.02215000e-07  1.19966115e+00  1.02215000e-07  3.29957917e+00 
 1.02235000e-07  1.19926198e+00  1.02235000e-07  3.29903194e+00 
 1.02275000e-07  1.19936243e+00  1.02275000e-07  3.29882860e+00 
 1.02325000e-07  1.24652599e+00  1.02325000e-07  3.29832296e+00 
 1.02375000e-07  1.41294288e-01  1.02375000e-07  3.29879210e+00 
 1.02425000e-07 -3.61090963e-02  1.02425000e-07  3.31380663e+00 
 1.02475000e-07  3.46416236e-02  1.02475000e-07  3.35809534e+00 
 1.02525000e-07 -2.92056584e-02  1.02525000e-07  3.37362307e+00 
 1.02575000e-07  2.76008711e-02  1.02575000e-07  2.80412466e+00 
 1.02625000e-07 -2.48647077e-02  1.02625000e-07  2.32507309e-01 
 1.02675000e-07  2.34496881e-02  1.02675000e-07 -7.89499617e-02 
 1.02725000e-07 -2.14054932e-02  1.02725000e-07  6.89703590e-02 
 1.02775000e-07  2.01517218e-02  1.02775000e-07 -5.10216083e-02 
 1.02825000e-07 -1.84828916e-02  1.02825000e-07  4.04121038e-02 
 1.02875000e-07  1.73729051e-02  1.02875000e-07 -3.17643180e-02 
 1.02925000e-07 -1.59808048e-02  1.02925000e-07  2.55504011e-02 
 1.02975000e-07  1.50008146e-02  1.02975000e-07 -2.06637647e-02 
 1.03025000e-07 -1.38297872e-02  1.03025000e-07  1.68928269e-02 
 1.03075000e-07  1.29671321e-02  1.03075000e-07 -1.39116266e-02 
 1.03125000e-07 -1.19770341e-02  1.03125000e-07  1.15141720e-02 
 1.03175000e-07  1.12196268e-02  1.03175000e-07 -9.58778781e-03 
 1.03225000e-07 -1.03793339e-02  1.03225000e-07  7.99579491e-03 
 1.03275000e-07  9.71577334e-03  1.03275000e-07 -6.69350683e-03 
 1.03325000e-07 -9.00046226e-03  1.03325000e-07  5.59634275e-03 
 1.03375000e-07  8.42016680e-03  1.03375000e-07 -4.68401752e-03 
 1.03425000e-07 -7.80972326e-03  1.03425000e-07  3.90462541e-03 
 1.03475000e-07  7.30300170e-03  1.03475000e-07 -3.24743677e-03 
 1.03525000e-07 -6.78094846e-03  1.03525000e-07  2.68036677e-03 
 1.03575000e-07  6.33901799e-03  1.03575000e-07 -2.19670459e-03 
 1.03625000e-07 -5.89174552e-03  1.03625000e-07  1.77642939e-03 
 1.03675000e-07  5.50671255e-03  1.03675000e-07 -1.41466644e-03 
 1.03725000e-07 -5.12290586e-03  1.03725000e-07  1.09883547e-03 
 1.03775000e-07  4.78772309e-03  1.03775000e-07 -8.25011726e-04 
 1.03825000e-07 -4.45792382e-03  1.03825000e-07  5.85271106e-04 
 1.03875000e-07  4.16633328e-03  1.03875000e-07 -3.76272787e-04 
 1.03925000e-07 -3.88259881e-03  1.03925000e-07  1.93043867e-04 
 1.03975000e-07  3.62906764e-03  1.03975000e-07 -3.26716698e-05 
 1.04025000e-07 -3.38470198e-03  1.04025000e-07 -1.07927656e-04 
 1.04075000e-07  3.16435583e-03  1.04075000e-07  2.31311206e-04 
 1.04125000e-07 -2.95369481e-03  1.04125000e-07 -3.39346012e-04 
 1.04175000e-07  2.75877959e-03  1.04175000e-07  4.34141872e-04 
 1.04225000e-07 -2.58403170e-03  1.04225000e-07 -5.17374052e-04 
 1.04275000e-07  2.41208964e-03  1.04275000e-07  5.89805949e-04 
 1.04325000e-07 -2.25925980e-03  1.04325000e-07 -6.53610513e-04 
 1.04375000e-07  2.11175304e-03  1.04375000e-07  7.08685784e-04 
 1.04425000e-07 -1.97818035e-03  1.04425000e-07 -7.57222237e-04 
 1.04475000e-07  1.85142968e-03  1.04475000e-07  7.98678584e-04 
 1.04525000e-07 -1.73478979e-03  1.04525000e-07 -8.35153497e-04 
 1.04575000e-07  1.62572820e-03  1.04575000e-07  8.65868677e-04 
 1.04625000e-07 -1.52394367e-03  1.04625000e-07 -8.92772533e-04 
 1.04675000e-07  1.42999071e-03  1.04675000e-07  9.14980300e-04 
 1.04725000e-07 -1.34121363e-03  1.04725000e-07 -9.34261408e-04 
 1.04775000e-07  1.26018930e-03  1.04775000e-07  9.49707674e-04 
 1.04825000e-07 -1.18278305e-03  1.04825000e-07 -9.62899718e-04 
 1.04875000e-07  1.11283991e-03  1.04875000e-07  9.72957369e-04 
 1.04925000e-07 -1.04536031e-03  1.04925000e-07 -9.81274272e-04 
 1.04975000e-07  9.84928484e-04  1.04975000e-07  9.87028694e-04 
 1.05025000e-07 -9.26104976e-04  1.05025000e-07 -9.91436011e-04 
 1.05075000e-07  8.73847261e-04  1.05075000e-07  9.93749492e-04 
 1.05125000e-07 -8.22564841e-04  1.05125000e-07 -9.95018687e-04 
 1.05175000e-07  7.77339799e-04  1.05175000e-07  9.94579354e-04 
 1.05225000e-07 -7.32621988e-04  1.05225000e-07 -9.93329391e-04 
 1.05275000e-07  6.93453460e-04  1.05275000e-07  9.90688704e-04 
 1.05325000e-07 -6.54446580e-04  1.05325000e-07 -9.87418151e-04 
 1.05375000e-07  6.20498369e-04  1.05375000e-07  9.83019793e-04 
 1.05425000e-07 -5.86457181e-04  1.05425000e-07 -9.78131744e-04 
 1.05475000e-07  5.57011939e-04  1.05475000e-07  9.72334034e-04 
 1.05525000e-07 -5.27286661e-04  1.05525000e-07 -9.66155557e-04 
 1.05575000e-07  5.01728209e-04  1.05575000e-07  9.59248912e-04 
 1.05625000e-07 -4.75752872e-04  1.05625000e-07 -9.52046295e-04 
 1.05675000e-07  4.53551336e-04  1.05675000e-07  9.44266899e-04 
 1.05725000e-07 -4.30833393e-04  1.05725000e-07 -9.36257648e-04 
 1.05775000e-07  4.11532667e-04  1.05775000e-07  9.27798199e-04 
 1.05825000e-07 -3.91643784e-04  1.05825000e-07 -9.19160521e-04 
 1.05875000e-07  3.74850920e-04  1.05875000e-07  9.10178710e-04 
 1.05925000e-07 -3.57418827e-04  1.05925000e-07 -9.01059031e-04 
 1.05975000e-07  3.42795037e-04  1.05975000e-07  8.91684259e-04 
 1.06025000e-07 -3.27496359e-04  1.06025000e-07 -8.82203204e-04 
 1.06075000e-07  3.14749354e-04  1.06075000e-07  8.72541922e-04 
 1.06125000e-07 -3.01303307e-04  1.06125000e-07 -8.62799093e-04 
 1.06175000e-07  2.90180770e-04  1.06175000e-07  8.52939061e-04 
 1.06225000e-07 -2.78343639e-04  1.06225000e-07 -8.43016865e-04 
 1.06275000e-07  2.68627652e-04  1.06275000e-07  8.33030560e-04 
 1.06325000e-07 -2.58187959e-04  1.06325000e-07 -8.22997283e-04 
 1.06375000e-07  2.49690226e-04  1.06375000e-07  8.12944641e-04 
 1.06425000e-07 -2.40464509e-04  1.06425000e-07 -8.02856932e-04 
 1.06475000e-07  2.33022271e-04  1.06475000e-07  7.92787554e-04 
 1.06525000e-07 -2.24851404e-04  1.06525000e-07 -7.82692437e-04 
 1.06575000e-07  2.18323926e-04  1.06575000e-07  7.72647378e-04 
 1.06625000e-07 -2.11069911e-04  1.06625000e-07 -7.62583882e-04 
 1.06675000e-07  2.05335469e-04  1.06675000e-07  7.52597101e-04 
 1.06725000e-07 -1.98878643e-04  1.06725000e-07 -7.42597592e-04 
 1.06775000e-07  1.93831924e-04  1.06775000e-07  7.32697142e-04 
 1.06825000e-07 -1.88068532e-04  1.06825000e-07 -7.22788415e-04 
 1.06875000e-07  1.83618406e-04  1.06875000e-07  7.12997405e-04 
 1.06925000e-07 -1.78458493e-04  1.06925000e-07 -7.03201580e-04 
 1.06975000e-07  1.74526084e-04  1.06975000e-07  6.93538974e-04 
 1.07025000e-07 -1.69891655e-04  1.07025000e-07 -6.83874238e-04 
 1.07075000e-07  1.66408682e-04  1.07075000e-07  6.74355515e-04 
 1.07125000e-07 -1.62232117e-04  1.07125000e-07 -6.64836729e-04 
 1.07175000e-07  1.59139464e-04  1.07175000e-07  6.55474424e-04 
 1.07225000e-07 -1.55362133e-04  1.07225000e-07 -6.46113638e-04 
 1.07275000e-07  1.52608607e-04  1.07275000e-07  6.36917796e-04 
 1.07325000e-07 -1.49179672e-04  1.07325000e-07 -6.27724674e-04 
 1.07375000e-07  1.46720940e-04  1.07375000e-07  6.18703229e-04 
 1.07425000e-07 -1.43596315e-04  1.07425000e-07 -6.09685400e-04 
 1.07475000e-07  1.41393979e-04  1.07475000e-07  6.00844492e-04 
 1.07525000e-07 -1.38535431e-04  1.07525000e-07 -5.92007858e-04 
 1.07575000e-07  1.36556227e-04  1.07575000e-07  5.83352098e-04 
 1.07625000e-07 -1.33930592e-04  1.07625000e-07 -5.74701082e-04 
 1.07675000e-07  1.32145707e-04  1.07675000e-07  5.66233779e-04 
 1.07725000e-07 -1.29724215e-04  1.07725000e-07 -5.57771541e-04 
 1.07775000e-07  1.28108681e-04  1.07775000e-07  5.49494894e-04 
 1.07825000e-07 -1.25866367e-04  1.07825000e-07 -5.41223516e-04 
 1.07875000e-07  1.24398554e-04  1.07875000e-07  5.33138773e-04 
 1.07925000e-07 -1.22313751e-04  1.07925000e-07 -5.25059413e-04 
 1.07975000e-07  1.20974912e-04  1.07975000e-07  5.17167013e-04 
 1.08025000e-07 -1.19028811e-04  1.08025000e-07 -5.09280037e-04 
 1.08075000e-07  1.17802700e-04  1.08075000e-07  5.01579728e-04 
 1.08125000e-07 -1.15978965e-04  1.08125000e-07 -4.93884829e-04 
 1.08175000e-07  1.14851502e-04  1.08175000e-07  4.86375770e-04 
 1.08225000e-07 -1.13135945e-04  1.08225000e-07 -4.78872062e-04 
 1.08275000e-07  1.12094924e-04  1.08275000e-07  4.71552912e-04 
 1.08325000e-07 -1.10475211e-04  1.08325000e-07 -4.64239018e-04 
 1.08375000e-07  1.09510052e-04  1.08375000e-07  4.57108008e-04 
 1.08425000e-07 -1.07975461e-04  1.08425000e-07 -4.49982135e-04 
 1.08475000e-07  1.07076989e-04  1.08475000e-07  4.43037138e-04 
 1.08525000e-07 -1.05618195e-04  1.08525000e-07 -4.36097138e-04 
 1.08575000e-07  1.04778453e-04  1.08575000e-07  4.29335724e-04 
 1.08625000e-07 -1.03387339e-04  1.08625000e-07 -4.22579151e-04 
 1.08675000e-07  1.02599427e-04  1.08675000e-07  4.15998637e-04 
 1.08725000e-07 -1.01268923e-04  1.08725000e-07 -4.09422795e-04 
 1.08775000e-07  1.00526857e-04  1.08775000e-07  4.03020288e-04 
 1.08825000e-07 -9.92508011e-05  1.08825000e-07 -3.96622274e-04 
 1.08875000e-07  9.85493861e-05  1.08875000e-07  3.90394707e-04 
 1.08925000e-07 -9.73224057e-05  1.08925000e-07 -3.84171449e-04 
 1.08975000e-07  9.66571351e-05  1.08975000e-07  3.78115615e-04 
 1.09025000e-07 -9.54745388e-05  1.09025000e-07 -3.72063899e-04 
 1.09075000e-07  9.48414997e-05  1.09075000e-07  3.66176481e-04 
 1.09125000e-07 -9.36991885e-05  1.09125000e-07 -3.60292985e-04 
 1.09175000e-07  9.30949832e-05  1.09175000e-07  3.54570577e-04 
 1.09225000e-07 -9.19893715e-05  1.09225000e-07 -3.48851894e-04 
 1.09275000e-07  9.14110484e-05  1.09275000e-07  3.43291025e-04 
 1.09325000e-07 -9.03389960e-05  1.09325000e-07 -3.37733681e-04 
 1.09375000e-07  8.97839899e-05  1.09375000e-07  3.32330836e-04 
 1.09425000e-07 -8.87427430e-05  1.09425000e-07 -3.26931313e-04 
 1.09475000e-07  8.82088235e-05  1.09475000e-07  3.21682945e-04 
 1.09525000e-07 -8.71959635e-05  1.09525000e-07 -3.16437695e-04 
 1.09575000e-07  8.66811905e-05  1.09575000e-07  3.11340244e-04 
 1.09625000e-07 -8.56945901e-05  1.09625000e-07 -3.06245705e-04 
 1.09675000e-07  8.51972743e-05  1.09675000e-07  3.01295606e-04 
 1.09725000e-07 -8.42350589e-05  1.09725000e-07 -2.96348212e-04 
 1.09775000e-07  8.37537291e-05  1.09775000e-07  2.91541909e-04 
 1.09825000e-07 -8.28142436e-05  1.09825000e-07 -2.86738105e-04 
 1.09875000e-07  8.23476169e-05  1.09875000e-07  2.82072061e-04 
 1.09925000e-07 -8.14293974e-05  1.09925000e-07 -2.77408306e-04 
 1.09962500e-07  8.07512537e-05  1.09962500e-07  2.71372989e-04 
 1.10000000e-07 -7.96344825e-05  1.10000000e-07 -2.65392718e-04 
 1.10005000e-07 -9.74340600e-06  1.10005000e-07 -7.69818408e-05 
 1.10015000e-07  7.54153410e-06  1.10015000e-07  9.24499614e-06 
 1.10035000e-07  1.16255383e-06  1.10035000e-07  1.58005007e-05 
 1.10075000e-07 -2.71165890e-06  1.10075000e-07  2.03964945e-05 
 1.10125000e-07  2.16261505e-05  1.10125000e-07  1.58251738e-04 
 1.10162500e-07  6.32979600e-06  1.10162500e-07  1.68055028e-04 
 1.10200000e-07 -1.90049827e-04  1.10200000e-07 -1.69695504e-04 
 1.10205000e-07 -1.03827441e-04  1.10205000e-07 -2.93517394e-04 
 1.10215000e-07  2.28926137e-04  1.10215000e-07 -7.06946184e-04 
 1.10235000e-07  2.21559628e-04  1.10235000e-07 -1.17921870e-03 
 1.10271761e-07 -2.89291053e-04  1.10271761e-07  2.47823226e-04 
 1.10313799e-07  1.81380598e-04  1.10313799e-07  1.13318747e-03 
 1.10358982e-07 -9.09069970e-05  1.10358982e-07 -2.39365588e-04 
 1.10408982e-07  4.56145399e-05  1.10408982e-07 -2.54510214e-04 
 1.10458982e-07 -1.52986597e-05  1.10458982e-07  3.59466935e-05 
 1.10508982e-07 -4.57649797e-06  1.10508982e-07 -7.67400038e-05 
 1.10558982e-07  1.83491921e-05  1.10558982e-07  8.73475625e-05 
 1.10608982e-07 -2.73891043e-05  1.10608982e-07 -8.76612550e-05 
 1.10658982e-07  3.35380607e-05  1.10658982e-07  1.03591975e-04 
 1.10708982e-07 -3.71368099e-05  1.10708982e-07 -1.01978973e-04 
 1.10758982e-07  3.92961266e-05  1.10758982e-07  1.10771119e-04 
 1.10808982e-07 -3.99690483e-05  1.10808982e-07 -1.09309410e-04 
 1.10858982e-07  3.99771840e-05  1.10858982e-07  1.12873277e-04 
 1.10908982e-07 -3.90819083e-05  1.10908982e-07 -1.11044961e-04 
 1.10958982e-07  3.79676555e-05  1.10958982e-07  1.11497637e-04 
 1.11008982e-07 -3.62832928e-05  1.11008982e-07 -1.09090518e-04 
 1.11058982e-07  3.46292513e-05  1.11058982e-07  1.07736318e-04 
 1.11108982e-07 -3.26028599e-05  1.11108982e-07 -1.04821382e-04 
 1.11158982e-07  3.07499576e-05  1.11158982e-07  1.02439539e-04 
 1.11208982e-07 -2.86381098e-05  1.11208982e-07 -9.91918186e-05 
 1.11258982e-07  2.67786235e-05  1.11258982e-07  9.62625899e-05 
 1.11308982e-07 -2.47216723e-05  1.11308982e-07 -9.28469694e-05 
 1.11358982e-07  2.29597253e-05  1.11358982e-07  8.96690739e-05 
 1.11408982e-07 -2.10314352e-05  1.11408982e-07 -8.62230759e-05 
 1.11458982e-07  1.94189664e-05  1.11458982e-07  8.29837952e-05 
 1.11508982e-07 -1.76533796e-05  1.11508982e-07 -7.96078434e-05 
 1.11558982e-07  1.62114874e-05  1.11558982e-07  7.64246597e-05 
 1.11608982e-07 -1.46193726e-05  1.11608982e-07 -7.31857218e-05 
 1.11658982e-07  1.33513167e-05  1.11658982e-07  7.01303520e-05 
 1.11708982e-07 -1.19301727e-05  1.11708982e-07 -6.70690493e-05 
 1.11758982e-07  1.08292669e-05  1.11758982e-07  6.41825591e-05 
 1.11808982e-07 -9.56939661e-06  1.11808982e-07 -6.13201047e-05 
 1.11858982e-07  8.62378728e-06  1.11858982e-07  5.86229596e-05 
 1.11908982e-07 -7.51196879e-06  1.11908982e-07 -5.59668980e-05 
 1.11958982e-07  6.70750443e-06  1.11958982e-07  5.34658571e-05 
 1.12008982e-07 -5.72918414e-06  1.12008982e-07 -5.10144908e-05 
 1.12058982e-07  5.05111044e-06  1.12058982e-07  4.87073985e-05 
 1.12108982e-07 -4.19168334e-06  1.12108982e-07 -4.64530718e-05 
 1.12158982e-07  3.62561351e-06  1.12158982e-07  4.43321963e-05 
 1.12208982e-07 -2.87114010e-06  1.12208982e-07 -4.22636651e-05 
 1.12258982e-07  2.40357912e-06  1.12258982e-07  4.03180115e-05 
 1.12308982e-07 -1.74115580e-06  1.12308982e-07 -3.84221145e-05 
 1.12358982e-07  1.35975218e-06  1.12358982e-07  3.66390103e-05 
 1.12408982e-07 -7.77670767e-07  1.12408982e-07 -3.49018177e-05 
 1.12458982e-07  4.71304156e-07  1.12458982e-07  3.32679784e-05 
 1.12508982e-07  4.09141668e-08  1.12508982e-07 -3.16755596e-05 
 1.12558982e-07 -2.82141543e-07  1.12558982e-07  3.01777879e-05 
 1.12608982e-07  7.33784741e-07  1.12608982e-07 -2.87167028e-05 
 1.12658982e-07 -9.18610451e-07  1.12658982e-07  2.73423274e-05 
 1.12708982e-07  1.31785325e-06  1.12708982e-07 -2.59999231e-05 
 1.12758982e-07 -1.45394441e-06  1.12758982e-07  2.47370576e-05 
 1.12808982e-07  1.80794444e-06  1.12808982e-07 -2.35016282e-05 
 1.12858982e-07 -1.90199883e-06  1.12858982e-07  2.23393056e-05 
 1.12908982e-07  2.21699880e-06  1.12908982e-07 -2.12001593e-05 
 1.12958982e-07 -2.27484786e-06  1.12958982e-07  2.01283830e-05 
 1.13008982e-07  2.55627642e-06  1.13008982e-07 -1.90758473e-05 
 1.13058982e-07 -2.58298419e-06  1.13058982e-07  1.80855868e-05 
 1.13108982e-07  2.83555146e-06  1.13108982e-07 -1.71109737e-05 
 1.13158982e-07 -2.83550700e-06  1.13158982e-07  1.61941264e-05 
 1.13208982e-07  3.06329249e-06  1.13208982e-07 -1.52896745e-05 
 1.13258982e-07 -3.04029392e-06  1.13258982e-07  1.44390065e-05 
 1.13308982e-07  3.24682603e-06  1.13308982e-07 -1.35978094e-05 
 1.13358982e-07 -3.20415610e-06  1.13358982e-07  1.28068859e-05 
 1.13408982e-07  3.39248335e-06  1.13408982e-07 -1.20228157e-05 
 1.13458982e-07 -3.33297668e-06  1.13458982e-07  1.12859279e-05 
 1.13508982e-07  3.50573058e-06  1.13508982e-07 -1.05535578e-05 
 1.13558982e-07 -3.43183287e-06  1.13558982e-07  9.86564908e-06 
 1.13608982e-07  3.59128329e-06  1.13608982e-07 -9.18017876e-06 
 1.13658982e-07 -3.50510323e-06  1.13658982e-07  8.53677457e-06 
 1.13708982e-07  3.65320694e-06  1.13708982e-07 -7.89396001e-06 
 1.13758982e-07 -3.55656172e-06  1.13758982e-07  7.29110193e-06 
 1.13808982e-07  3.69500466e-06  1.13808982e-07 -6.68719060e-06 
 1.13858982e-07 -3.58945936e-06  1.13858982e-07  6.12137601e-06 
 1.13908982e-07  3.71969338e-06  1.13908982e-07 -5.55304809e-06 
 1.13958982e-07 -3.60659540e-06  1.13958982e-07  5.02117542e-06 
 1.14008982e-07  3.72987026e-06  1.14008982e-07 -4.48549097e-06 
 1.14058982e-07 -3.61037907e-06  1.14058982e-07  3.98481061e-06 
 1.14108982e-07  3.72777006e-06  1.14108982e-07 -3.47916253e-06 
 1.14158982e-07 -3.60288294e-06  1.14158982e-07  3.00723325e-06 
 1.14208982e-07  3.71531483e-06  1.14208982e-07 -2.52930558e-06 
 1.14258982e-07 -3.58588919e-06  1.14258982e-07  2.08395590e-06 
 1.14308982e-07  3.69415694e-06  1.14308982e-07 -1.63168723e-06 
 1.14358982e-07 -3.56092959e-06  1.14358982e-07  1.21098160e-06 
 1.14408982e-07  3.66571623e-06  1.14408982e-07 -7.82532894e-07 
 1.14458982e-07 -3.52932004e-06  1.14458982e-07  3.84741886e-07 
 1.14508982e-07  3.63121215e-06  1.14508982e-07  2.15315939e-08 
 1.14558982e-07 -3.49219034e-06  1.14558982e-07 -3.97957127e-07 
 1.14608982e-07  3.59169131e-06  1.14608982e-07  7.83530303e-07 
 1.14658982e-07 -3.45050996e-06  1.14658982e-07 -1.13998191e-06 
 1.14708982e-07  3.54805155e-06  1.14708982e-07  1.50618118e-06 
 1.14758982e-07 -3.40511013e-06  1.14758982e-07 -1.84391241e-06 
 1.14808982e-07  3.50106241e-06  1.14808982e-07  2.19193414e-06 
 1.14858982e-07 -3.35670318e-06  1.14858982e-07 -2.51207771e-06 
 1.14908982e-07  3.45138301e-06  1.14908982e-07  2.84300432e-06 
 1.14958982e-07 -3.30589883e-06  1.14958982e-07 -3.14658687e-06 
 1.15008982e-07  3.39957732e-06  1.15008982e-07  3.46140076e-06 
 1.15058982e-07 -3.25321857e-06  1.15058982e-07 -3.74935577e-06 
 1.15108982e-07  3.34612738e-06  1.15108982e-07  4.04895142e-06 
 1.15158982e-07 -3.19910790e-06  1.15158982e-07 -4.32213037e-06 
 1.15208982e-07  3.29144476e-06  1.15208982e-07  4.60732481e-06 
 1.15258982e-07 -3.14394686e-06  1.15258982e-07 -4.86650686e-06 
 1.15308982e-07  3.23588027e-06  1.15308982e-07  5.13804877e-06 
 1.15358982e-07 -3.08805914e-06  1.15358982e-07 -5.38394919e-06 
 1.15408982e-07  3.17973248e-06  1.15408982e-07  5.64252681e-06 
 1.15458982e-07 -3.03172004e-06  1.15458982e-07 -5.87580431e-06 
 1.15508982e-07  3.12325503e-06  1.15508982e-07  6.12205229e-06 
 1.15558982e-07 -2.97516311e-06  1.15558982e-07 -6.34331532e-06 
 1.15608982e-07  3.06666287e-06  1.15608982e-07  6.57782070e-06 
 1.15658982e-07 -2.91858606e-06  1.15658982e-07 -6.78763304e-06 
 1.15708982e-07  3.01013770e-06  1.15708982e-07  7.01094047e-06 
 1.15758982e-07 -2.86215575e-06  1.15758982e-07 -7.20982600e-06 
 1.15808982e-07  2.95383266e-06  1.15808982e-07  7.42244220e-06 
 1.15858982e-07 -2.80601260e-06  1.15858982e-07 -7.61088913e-06 
 1.15908982e-07  2.89787628e-06  1.15908982e-07  7.81328693e-06 
 1.15958982e-07 -2.75027416e-06  1.15958982e-07 -7.99175149e-06 
 1.16008982e-07  2.84237605e-06  1.16008982e-07  8.18437322e-06 
 1.16058982e-07 -2.69503858e-06  1.16058982e-07 -8.35328283e-06 
 1.16108982e-07  2.78742132e-06  1.16108982e-07  8.53654338e-06 
 1.16158982e-07 -2.64038705e-06  1.16158982e-07 -8.69629949e-06 
 1.16208982e-07  2.73308584e-06  1.16208982e-07  8.87058893e-06 
 1.16258982e-07 -2.58638646e-06  1.16258982e-07 -9.02156949e-06 
 1.16308982e-07  2.67943012e-06  1.16308982e-07  9.18725544e-06 
 1.16358982e-07 -2.53309141e-06  1.16358982e-07 -9.32981708e-06 
 1.16408982e-07  2.62650318e-06  1.16408982e-07  9.48724677e-06 
 1.16458982e-07 -2.48054580e-06  1.16458982e-07 -9.62172669e-06 
 1.16508982e-07  2.57434429e-06  1.16508982e-07  9.77122871e-06 
 1.16558982e-07 -2.42878458e-06  1.16558982e-07 -9.89794640e-06 
 1.16608982e-07  2.52298435e-06  1.16608982e-07  1.00398323e-05 
 1.16658982e-07 -2.37783493e-06  1.16658982e-07 -1.01590911e-05 
 1.16708982e-07  2.47244710e-06  1.16708982e-07  1.02936569e-05 
 1.16758982e-07 -2.32771741e-06  1.16758982e-07 -1.04057450e-05 
 1.16808982e-07  2.42275016e-06  1.16808982e-07  1.05332724e-05 
 1.16858982e-07 -2.27844696e-06  1.16858982e-07 -1.06384646e-05 
 1.16908982e-07  2.37390600e-06  1.16908982e-07  1.07592220e-05 
 1.16958982e-07 -2.23003375e-06  1.16958982e-07 -1.08577801e-05 
 1.17008982e-07  2.32592263e-06  1.17008982e-07  1.09720237e-05 
 1.17058982e-07 -2.18248382e-06  1.17058982e-07 -1.10641980e-05 
 1.17108982e-07  2.27880432e-06  1.17108982e-07  1.11721727e-05 
 1.17158982e-07 -2.13579980e-06  1.17158982e-07 -1.12582025e-05 
 1.17208982e-07  2.23255215e-06  1.17208982e-07  1.13601426e-05 
 1.17258982e-07 -2.08998138e-06  1.17258982e-07 -1.14402571e-05 
 1.17308982e-07  2.18716454e-06  1.17308982e-07  1.15363871e-05 
 1.17358982e-07 -2.04502577e-06  1.17358982e-07 -1.16108058e-05 
 1.17408982e-07  2.14263759e-06  1.17408982e-07  1.17013410e-05 
 1.17458982e-07 -2.00092815e-06  1.17458982e-07 -1.17702749e-05 
 1.17508982e-07  2.09896560e-06  1.17508982e-07  1.18554220e-05 
 1.17558982e-07 -1.95768190e-06  1.17558982e-07 -1.19190735e-05 
 1.17608982e-07  2.05614118e-06  1.17608982e-07  1.19990310e-05 
 1.17658982e-07 -1.91527901e-06  1.17658982e-07 -1.20575947e-05 
 1.17708982e-07  2.01415568e-06  1.17708982e-07  1.21325538e-05 
 1.17758982e-07 -1.87371026e-06  1.17758982e-07 -1.21862169e-05 
 1.17808982e-07  1.97299938e-06  1.17808982e-07  1.22563613e-05 
 1.17858982e-07 -1.83296545e-06  1.17858982e-07 -1.23053042e-05 
 1.17908982e-07  1.93266165e-06  1.17908982e-07  1.23708108e-05 
 1.17958982e-07 -1.79303358e-06  1.17958982e-07 -1.24152071e-05 
 1.18008982e-07  1.89313117e-06  1.18008982e-07  1.24762467e-05 
 1.18058982e-07 -1.75390302e-06  1.18058982e-07 -1.25162638e-05 
 1.18108982e-07  1.85439601e-06  1.18108982e-07  1.25730008e-05 
 1.18158982e-07 -1.71556163e-06  1.18158982e-07 -1.26088002e-05 
 1.18208982e-07  1.81644382e-06  1.18208982e-07  1.26613932e-05 
 1.18258982e-07 -1.67799686e-06  1.18258982e-07 -1.26931307e-05 
 1.18308982e-07  1.77926190e-06  1.18308982e-07  1.27417329e-05 
 1.18358982e-07 -1.64119588e-06  1.18358982e-07 -1.27695589e-05 
 1.18408982e-07  1.74283733e-06  1.18408982e-07  1.28143183e-05 
 1.18458982e-07 -1.60514567e-06  1.18458982e-07 -1.28383781e-05 
 1.18508982e-07  1.70715696e-06  1.18508982e-07  1.28794374e-05 
 1.18558982e-07 -1.56983303e-06  1.18558982e-07 -1.28998713e-05 
 1.18608982e-07  1.67220757e-06  1.18608982e-07  1.29373685e-05 
 1.18658982e-07 -1.53524470e-06  1.18658982e-07 -1.29543122e-05 
 1.18708982e-07  1.63797589e-06  1.18708982e-07  1.29883808e-05 
 1.18758982e-07 -1.50136743e-06  1.18758982e-07 -1.30019654e-05 
 1.18808982e-07  1.60444867e-06  1.18808982e-07  1.30327344e-05 
 1.18858982e-07 -1.46818793e-06  1.18858982e-07 -1.30430867e-05 
 1.18908982e-07  1.57161259e-06  1.18908982e-07  1.30706807e-05 
 1.18958982e-07 -1.43569297e-06  1.18958982e-07 -1.30779233e-05 
 1.19008982e-07  1.53945454e-06  1.19008982e-07  1.31024632e-05 
 1.19058982e-07 -1.40386944e-06  1.19058982e-07 -1.31067146e-05 
 1.19108982e-07  1.50796139e-06  1.19108982e-07  1.31283170e-05 
 1.19158982e-07 -1.37270432e-06  1.19158982e-07 -1.31296922e-05 
 1.19208982e-07  1.47712023e-06  1.19208982e-07  1.31484700e-05 
 1.19258982e-07 -1.34218471e-06  1.19258982e-07 -1.31470799e-05 
 1.19308982e-07  1.44691818e-06  1.19308982e-07  1.31631425e-05 
 1.19358982e-07 -1.31229785e-06  1.19358982e-07 -1.31590947e-05 
 1.19408982e-07  1.41734260e-06  1.19408982e-07  1.31725479e-05 
 1.19458982e-07 -1.28303116e-06  1.19458982e-07 -1.31659464e-05 
 1.19508982e-07  1.38838097e-06  1.19508982e-07  1.31768926e-05 
 1.19558982e-07 -1.25437222e-06  1.19558982e-07 -1.31678381e-05 
 1.19608982e-07  1.36002096e-06  1.19608982e-07  1.31763764e-05 
 1.19658982e-07 -1.22630878e-06  1.19658982e-07 -1.31649664e-05 
 1.19708982e-07  1.33225046e-06  1.19708982e-07  1.31711929e-05 
 1.19758982e-07 -1.19882885e-06  1.19758982e-07 -1.31575218e-05 
 1.19808982e-07  1.30505752e-06  1.19808982e-07  1.31615293e-05 
 1.19858982e-07 -1.17192055e-06  1.19858982e-07 -1.31456885e-05 
 1.19908982e-07  1.27843037e-06  1.19908982e-07  1.31475671e-05 
 1.19954491e-07 -1.14428641e-06  1.19954491e-07 -1.31287488e-05 
 1.20000000e-07  1.24981405e-06  1.20000000e-07  1.31274818e-05 
 1.20005000e-07  1.25525948e-05  1.20005000e-07  1.57152055e-04 
 1.20015000e-07 -3.61058396e-06  1.20015000e-07  3.54105295e-05 
 1.20035000e-07 -7.27756805e-06  1.20035000e-07 -5.82113473e-05 
 1.20075000e-07  5.69212036e-06  1.20075000e-07 -5.06206190e-05 
 1.20125000e-07 -3.27541763e-05  1.20125000e-07 -1.45180889e-04 
 1.20162500e-07 -8.53275843e-05  1.20162500e-07 -3.33135090e-04 
 1.20200000e-07  4.10768970e-04  1.20200000e-07  1.41198948e-04 
 1.20205000e-07  3.53798105e-04  1.20205000e-07  5.87679037e-05 
 1.20215000e-07 -1.74727955e-04  1.20215000e-07  2.22161325e-04 
 1.20235000e-07 -4.04635067e-04  1.20235000e-07  6.65903689e-04 
 1.20275000e-07  3.02851408e-04  1.20275000e-07  1.65631635e-03 
 1.20317923e-07 -1.64494279e-04  1.20317923e-07 -2.06751614e-03 
 1.20363141e-07  9.90344566e-05  1.20363141e-07  2.67592277e-04 
 1.20413141e-07 -6.67889816e-05  1.20413141e-07 -1.35827645e-04 
 1.20463141e-07  4.74951395e-05  1.20463141e-07  2.63230868e-04 
 1.20513141e-07 -3.47626799e-05  1.20513141e-07 -1.27698734e-04 
 1.20563141e-07  2.63019963e-05  1.20563141e-07  1.09596818e-04 
 1.20613141e-07 -2.01212146e-05  1.20613141e-07 -5.40428956e-05 
 1.20663141e-07  1.58347135e-05  1.20663141e-07  2.70646377e-05 
 1.20713141e-07 -1.24662676e-05  1.20713141e-07  1.42511542e-06 
 1.20763141e-07  1.01298627e-05  1.20763141e-07 -2.07539485e-05 
 1.20813141e-07 -8.12856970e-06  1.20813141e-07  3.71194812e-05 
 1.20863141e-07  6.77499173e-06  1.20863141e-07 -4.92512490e-05 
 1.20913141e-07 -5.48413335e-06  1.20913141e-07  5.87880752e-05 
 1.20963141e-07  4.65379142e-06  1.20963141e-07 -6.58650813e-05 
 1.21013141e-07 -3.75153023e-06  1.21013141e-07  7.11449520e-05 
 1.21063141e-07  3.21520616e-06  1.21063141e-07 -7.48666172e-05 
 1.21113141e-07 -2.53813409e-06  1.21113141e-07  7.74114033e-05 
 1.21163141e-07  2.17771904e-06  1.21163141e-07 -7.89470198e-05 
 1.21213141e-07 -1.64011147e-06  1.21213141e-07  7.97330341e-05 
 1.21263141e-07  1.39248780e-06  1.21263141e-07 -7.98671412e-05 
 1.21313141e-07 -9.47496517e-07  1.21313141e-07  7.95387844e-05 
 1.21363141e-07  7.77321895e-07  1.21363141e-07 -7.87958812e-05 
 1.21413141e-07 -3.97972010e-07  1.21413141e-07  7.77821896e-05 
 1.21463141e-07  2.84279725e-07  1.21463141e-07 -7.65123234e-05 
 1.21513141e-07  4.59570760e-08  1.21513141e-07  7.50988999e-05 
 1.21563141e-07 -1.16446687e-07  1.21563141e-07 -7.35346003e-05 
 1.21613141e-07  4.08397634e-07  1.21613141e-07  7.19104142e-05 
 1.21663141e-07 -4.44673171e-07  1.21663141e-07 -7.02047084e-05 
 1.21713141e-07  7.05900048e-07  1.21713141e-07  6.84933002e-05 
 1.21763141e-07 -7.14422779e-07  1.21763141e-07 -6.67453271e-05 
 1.21813141e-07  9.50505410e-07  1.21813141e-07  6.50258907e-05 
 1.21863141e-07 -9.36153993e-07  1.21863141e-07 -6.32982947e-05 
 1.21913141e-07  1.15139078e-06  1.21913141e-07  6.16200329e-05 
 1.21956570e-07 -1.13033296e-06  1.21956570e-07 -5.97034297e-05 
 1.22000000e-07  1.33791127e-06  1.22000000e-07  5.78609865e-05 
 1.22005000e-07  4.39950315e-07  1.22005000e-07  9.31355285e-06 
 1.22015000e-07 -7.69761230e-07  1.22015000e-07 -8.57590758e-06 
 1.22035000e-07  4.44431613e-07  1.22035000e-07  3.11510377e-06 
 1.22075000e-07  2.65656731e-08  1.22075000e-07 -2.21392258e-06 
 1.22125000e-07 -1.15897619e-07  1.22125000e-07  2.61271188e-06 
 1.22162500e-07  4.25450251e-07  1.22162500e-07 -2.39312039e-06 
 1.22200000e-07 -3.97615499e-07  1.22200000e-07  4.21418681e-07 
 1.22205000e-07 -5.65364136e-07  1.22205000e-07  2.48884800e-06 
 1.22215000e-07  1.07569871e-06  1.22215000e-07  2.56216795e-06 
 1.22235000e-07 -3.44213453e-07  1.22235000e-07 -8.33336319e-07 
 1.22275000e-07  3.01788202e-08  1.22275000e-07 -3.03276671e-07 
 1.22325000e-07  3.42875819e-07  1.22325000e-07  3.27249614e-08 
 1.22375000e-07 -3.58220697e-07  1.22375000e-07  1.21612106e-07 
 1.22425000e-07  5.32885260e-07  1.22425000e-07 -3.57831565e-08 
 1.22475000e-07 -4.24099407e-07  1.22475000e-07 -8.46072379e-10 
 1.22525000e-07  5.31859940e-07  1.22525000e-07  5.69018548e-08 
 1.22575000e-07 -3.88957181e-07  1.22575000e-07 -8.30762359e-08 
 1.22625000e-07  4.80637873e-07  1.22625000e-07  1.20325334e-07 
 1.22675000e-07 -3.31250066e-07  1.22675000e-07 -1.31588132e-07 
 1.22725000e-07  4.21533755e-07  1.22725000e-07  1.55137354e-07 
 1.22775000e-07 -2.73398416e-07  1.22775000e-07 -1.54692991e-07 
 1.22825000e-07  3.66280353e-07  1.22825000e-07  1.68227213e-07 
 1.22875000e-07 -2.21374271e-07  1.22875000e-07 -1.59347351e-07 
 1.22925000e-07  3.17725673e-07  1.22925000e-07  1.65912869e-07 
 1.22975000e-07 -1.76311533e-07  1.22975000e-07 -1.51355132e-07 
 1.23025000e-07  2.76058336e-07  1.23025000e-07  1.53410104e-07 
 1.23075000e-07 -1.37879107e-07  1.23075000e-07 -1.35351842e-07 
 1.23125000e-07  2.40669038e-07  1.23125000e-07  1.34792434e-07 
 1.23175000e-07 -1.05328499e-07  1.23175000e-07 -1.14874094e-07 
 1.23225000e-07  2.10750492e-07  1.23225000e-07  1.13098313e-07 
 1.23275000e-07 -7.78409222e-08  1.23275000e-07 -9.25024654e-08 
 1.23325000e-07  1.85503590e-07  1.23325000e-07  9.05000253e-08 
 1.23375000e-07 -5.46570535e-08  1.23375000e-07 -7.00444447e-08 
 1.23425000e-07  1.64216976e-07  1.23425000e-07  6.84764134e-08 
 1.23475000e-07 -3.51129539e-08  1.23475000e-07 -4.86865232e-08 
 1.23525000e-07  1.46271802e-07  1.23525000e-07  4.79628382e-08 
 1.23575000e-07 -1.86345291e-08  1.23575000e-07 -2.91503381e-08 
 1.23625000e-07  1.31139033e-07  1.23625000e-07  2.94982653e-08 
 1.23675000e-07 -4.73577941e-09  1.23675000e-07 -1.18173884e-08 
 1.23725000e-07  1.18370753e-07  1.23725000e-07  1.33294399e-08 
 1.23775000e-07  6.99733511e-09  1.23775000e-07  3.17573680e-09 
 1.23825000e-07  1.07586395e-07  1.23825000e-07 -4.93294822e-10 
 1.23875000e-07  1.69109302e-08  1.23875000e-07  1.58483102e-08 
 1.23925000e-07  9.84727239e-08  1.23925000e-07 -1.20477965e-08 
 1.23975000e-07  2.52895122e-08  1.23975000e-07  2.63255047e-08 
 1.24025000e-07  9.07697567e-08  1.24025000e-07 -2.14947719e-08 
 1.24075000e-07  3.23714335e-08  1.24075000e-07  3.47937987e-08 
 1.24125000e-07  8.42588397e-08  1.24125000e-07 -2.90388492e-08 
 1.24175000e-07  3.83572206e-08  1.24175000e-07  4.14697214e-08 
 1.24225000e-07  7.87561156e-08  1.24225000e-07 -3.49032236e-08 
 1.24275000e-07  4.34154944e-08  1.24275000e-07  4.65788415e-08 
 1.24325000e-07  7.41069024e-08  1.24325000e-07 -3.93123990e-08 
 1.24375000e-07  4.76880950e-08  1.24375000e-07  5.03418372e-08 
 1.24425000e-07  7.01811249e-08  1.24425000e-07 -4.24810978e-08 
 1.24475000e-07  5.12943982e-08  1.24475000e-07  5.29658839e-08 
 1.24525000e-07  6.68691723e-08  1.24525000e-07 -4.46077410e-08 
 1.24575000e-07  5.43350917e-08  1.24575000e-07  5.46397890e-08 
 1.24625000e-07  6.40785371e-08  1.24625000e-07 -4.58709761e-08 
 1.24675000e-07  5.68951483e-08  1.24675000e-07  5.55317544e-08 
 1.24725000e-07  6.17311210e-08  1.24725000e-07 -4.64284892e-08 
 1.24775000e-07  5.90464417e-08  1.24775000e-07  5.57890239e-08 
 1.24825000e-07  5.97607632e-08  1.24825000e-07 -4.64172220e-08 
 1.24875000e-07  6.08498387e-08  1.24875000e-07  5.55385026e-08 
 1.24925000e-07  5.81114450e-08  1.24925000e-07 -4.59544480e-08 
 1.24975000e-07  6.23569337e-08  1.24975000e-07  5.48882455e-08 
 1.25025000e-07  5.67356330e-08  1.25025000e-07 -4.51394232e-08 
 1.25075000e-07  6.36115561e-08  1.25075000e-07  5.39291781e-08 
 1.25125000e-07  5.55929062e-08  1.25125000e-07 -4.40552228e-08 
 1.25175000e-07  6.46509577e-08  1.25175000e-07  5.27370244e-08 
 1.25225000e-07  5.46489167e-08  1.25225000e-07 -4.27707225e-08 
 1.25275000e-07  6.55068356e-08  1.25275000e-07  5.13742753e-08 
 1.25325000e-07  5.38743871e-08  1.25325000e-07 -4.13424541e-08 
 1.25375000e-07  6.62062439e-08  1.25375000e-07  4.98919368e-08 
 1.25425000e-07  5.32443747e-08  1.25425000e-07 -3.98163722e-08 
 1.25475000e-07  6.67721854e-08  1.25475000e-07  4.83313272e-08 
 1.25525000e-07  5.27375744e-08  1.25525000e-07 -3.82294850e-08 
 1.25575000e-07  6.72243796e-08  1.25575000e-07  4.67255099e-08 
 1.25625000e-07  5.23357927e-08  1.25625000e-07 -3.66112868e-08 
 1.25675000e-07  6.75796134e-08  1.25675000e-07  4.51007076e-08 
 1.25725000e-07  5.20235002e-08  1.25725000e-07 -3.49849873e-08 
 1.25775000e-07  6.78523042e-08  1.25775000e-07  4.34773923e-08 
 1.25825000e-07  5.17873635e-08  1.25825000e-07 -3.33686250e-08 
 1.25875000e-07  6.80547119e-08  1.25875000e-07  4.18713999e-08 
 1.25925000e-07  5.16160346e-08  1.25925000e-07 -3.17759845e-08 
 1.25975000e-07  6.81974052e-08  1.25975000e-07  4.02947046e-08 
 1.26025000e-07  5.14997366e-08  1.26025000e-07 -3.02174572e-08 
 1.26075000e-07  6.82893944e-08  1.26075000e-07  3.87561852e-08 
 1.26125000e-07  5.14301087e-08  1.26125000e-07 -2.87005308e-08 
 1.26175000e-07  6.83384485e-08  1.26175000e-07  3.72621862e-08 
 1.26225000e-07  5.13999773e-08  1.26225000e-07 -2.72305576e-08 
 1.26275000e-07  6.83511916e-08  1.26275000e-07  3.58170990e-08 
 1.26325000e-07  5.14031911e-08  1.26325000e-07 -2.58110575e-08 
 1.26375000e-07  6.83333200e-08  1.26375000e-07  3.44236958e-08 
 1.26425000e-07  5.14345170e-08  1.26425000e-07 -2.44441361e-08 
 1.26475000e-07  6.82896901e-08  1.26475000e-07  3.30835136e-08 
 1.26525000e-07  5.14893969e-08  1.26525000e-07 -2.31308371e-08 
 1.26575000e-07  6.82245189e-08  1.26575000e-07  3.17971223e-08 
 1.26625000e-07  5.15639606e-08  1.26625000e-07 -2.18713343e-08 
 1.26675000e-07  6.81413896e-08  1.26675000e-07  3.05643831e-08 
 1.26725000e-07  5.16548857e-08  1.26725000e-07 -2.06651699e-08 
 1.26775000e-07  6.80433849e-08  1.26775000e-07  2.93845481e-08 
 1.26825000e-07  5.17593156e-08  1.26825000e-07 -1.95113913e-08 
 1.26875000e-07  6.79331443e-08  1.26875000e-07  2.82564944e-08 
 1.26925000e-07  5.18747889e-08  1.26925000e-07 -1.84087147e-08 
 1.26975000e-07  6.78129525e-08  1.26975000e-07  2.71787968e-08 
 1.27025000e-07  5.19992098e-08  1.27025000e-07 -1.73555838e-08 
 1.27075000e-07  6.76847428e-08  1.27075000e-07  2.61498089e-08 
 1.27125000e-07  5.21308073e-08  1.27125000e-07 -1.63503003e-08 
 1.27175000e-07  6.75501614e-08  1.27175000e-07  2.51677607e-08 
 1.27225000e-07  5.22680044e-08  1.27225000e-07 -1.53910280e-08 
 1.27275000e-07  6.74106577e-08  1.27275000e-07  2.42307923e-08 
 1.27325000e-07  5.24095147e-08  1.27325000e-07 -1.44759176e-08 
 1.27375000e-07  6.72674308e-08  1.27375000e-07  2.33370628e-08 
 1.27425000e-07  5.25542019e-08  1.27425000e-07 -1.36030885e-08 
 1.27475000e-07  6.71215278e-08  1.27475000e-07  2.24846626e-08 
 1.27525000e-07  5.27010975e-08  1.27525000e-07 -1.27706592e-08 
 1.27575000e-07  6.69738310e-08  1.27575000e-07  2.16717222e-08 
 1.27625000e-07  5.28494027e-08  1.27625000e-07 -1.19767615e-08 
 1.27675000e-07  6.68250955e-08  1.27675000e-07  2.08964222e-08 
 1.27725000e-07  5.29984084e-08  1.27725000e-07 -1.12196234e-08 
 1.27775000e-07  6.66759588e-08  1.27775000e-07  2.01570082e-08 
 1.27825000e-07  5.31475468e-08  1.27825000e-07 -1.04975051e-08 
 1.27875000e-07  6.65269424e-08  1.27875000e-07  1.94517497e-08 
 1.27925000e-07  5.32963084e-08  1.27925000e-07 -9.80871200e-09 
 1.27975000e-07  6.63785330e-08  1.27975000e-07  1.87790233e-08 
 1.28025000e-07  5.34442811e-08  1.28025000e-07 -9.15166082e-09 
 1.28075000e-07  6.62311026e-08  1.28075000e-07  1.81372518e-08 
 1.28125000e-07  5.35910962e-08  1.28125000e-07 -8.52479011e-09 
 1.28175000e-07  6.60849722e-08  1.28175000e-07  1.75249226e-08 
 1.28225000e-07  5.37364746e-08  1.28225000e-07 -7.92665379e-09 
 1.28275000e-07  6.59404025e-08  1.28275000e-07  1.69406088e-08 
 1.28325000e-07  5.38801752e-08  1.28325000e-07 -7.35582859e-09 
 1.28375000e-07  6.57976123e-08  1.28375000e-07  1.63829471e-08 
 1.28425000e-07  5.40220062e-08  1.28425000e-07 -6.81101504e-09 
 1.28475000e-07  6.56567984e-08  1.28475000e-07  1.58506557e-08 
 1.28525000e-07  5.41617511e-08  1.28525000e-07 -6.29093916e-09 
 1.28575000e-07  6.55181372e-08  1.28575000e-07  1.53424972e-08 
 1.28625000e-07  5.42993285e-08  1.28625000e-07 -5.79441460e-09 
 1.28675000e-07  6.53816686e-08  1.28675000e-07  1.48573097e-08 
 1.28725000e-07  5.44346379e-08  1.28725000e-07 -5.32029557e-09 
 1.28775000e-07  6.52475609e-08  1.28775000e-07  1.43939995e-08 
 1.28825000e-07  5.45675523e-08  1.28825000e-07 -4.86752300e-09 
 1.28875000e-07  6.51158402e-08  1.28875000e-07  1.39515043e-08 
 1.28925000e-07  5.46980436e-08  1.28925000e-07 -4.43506543e-09 
 1.28975000e-07  6.49865887e-08  1.28975000e-07  1.35288327e-08 
 1.29025000e-07  5.48260609e-08  1.29025000e-07 -4.02196100e-09 
 1.29075000e-07  6.48598113e-08  1.29075000e-07  1.31250594e-08 
 1.29125000e-07  5.49515790e-08  1.29125000e-07 -3.62729762e-09 
 1.29175000e-07  6.47355616e-08  1.29175000e-07  1.27392888e-08 
 1.29225000e-07  5.50745569e-08  1.29225000e-07 -3.25020222e-09 
 1.29275000e-07  6.46138557e-08  1.29275000e-07  1.23706710e-08 
 1.29325000e-07  5.51950042e-08  1.29325000e-07 -2.88987416e-09 
 1.29375000e-07  6.44946569e-08  1.29375000e-07  1.20184184e-08 
 1.29425000e-07  5.53129341e-08  1.29425000e-07 -2.54550936e-09 
 1.29475000e-07  6.43780019e-08  1.29475000e-07  1.16817613e-08 
 1.29525000e-07  5.54283391e-08  1.29525000e-07 -2.21638592e-09 
 1.29575000e-07  6.42638443e-08  1.29575000e-07  1.13599885e-08 
 1.29625000e-07  5.55412367e-08  1.29625000e-07 -1.90179161e-09 
 1.29675000e-07  6.41521885e-08  1.29675000e-07  1.10524051e-08 
 1.29725000e-07  5.56516611e-08  1.29725000e-07 -1.60106507e-09 
 1.29775000e-07  6.40429954e-08  1.29775000e-07  1.07583713e-08 
 1.29825000e-07  5.57596341e-08  1.29825000e-07 -1.31356961e-09 
 1.29875000e-07  6.39362571e-08  1.29875000e-07  1.04772687e-08 
 1.29925000e-07  5.58651407e-08  1.29925000e-07 -1.03871883e-09 
 1.29962500e-07  6.38147860e-08  1.29962500e-07  1.01648771e-08 
 1.30000000e-07  5.60021187e-08  1.30000000e-07 -6.90894897e-10 
 1.30005000e-07 -8.15246401e-06  1.30005000e-07 -6.63565427e-05 
 1.30015000e-07  6.04426880e-06  1.30015000e-07 -5.73686101e-07 
 1.30035000e-07  2.63797044e-06  1.30035000e-07  2.52780265e-05 
 1.30075000e-07 -4.18367990e-06  1.30075000e-07  1.10670944e-05 
 1.30125000e-07  2.31071879e-05  1.30125000e-07  1.67452467e-04 
 1.30162500e-07  4.86164041e-06  1.30162500e-07  1.59128582e-04 
 1.30200000e-07 -1.94902463e-04  1.30200000e-07 -1.61274096e-04 
 1.30205000e-07 -1.33769335e-04  1.30205000e-07 -2.93055157e-04 
 1.30215000e-07  1.51708571e-04  1.30215000e-07 -7.03288146e-04 
 1.30235000e-07  2.77279924e-04  1.30235000e-07 -1.13052463e-03 
 1.30271762e-07 -2.51224411e-04  1.30271762e-07  4.24845618e-05 
 1.30313411e-07  1.29873231e-04  1.30313411e-07  1.02106730e-03 
 1.30358213e-07 -6.26411173e-05  1.30358213e-07 -3.30450192e-05 
 1.30408213e-07  2.39292469e-05  1.30408213e-07 -9.58977273e-05 
 1.30458213e-07  2.28049410e-06  1.30458213e-07 -2.92379989e-05 
 1.30508213e-07 -1.98655246e-05  1.30508213e-07 -5.23409089e-05 
 1.30558213e-07  3.19310389e-05  1.30558213e-07  2.91239954e-05 
 1.30608213e-07 -3.97241018e-05  1.30608213e-07 -6.30390826e-05 
 1.30658213e-07  4.47945516e-05  1.30658213e-07  6.17815479e-05 
 1.30708213e-07 -4.74883571e-05  1.30708213e-07 -7.67477385e-05 
 1.30758213e-07  4.88226401e-05  1.30758213e-07  7.94504670e-05 
 1.30808213e-07 -4.87655649e-05  1.30808213e-07 -8.62003160e-05 
 1.30858213e-07  4.81029171e-05  1.30858213e-07  8.82960848e-05 
 1.30908213e-07 -4.65936333e-05  1.30908213e-07 -9.09583381e-05 
 1.30958213e-07  4.49159959e-05  1.30958213e-07  9.16299051e-05 
 1.31008213e-07 -4.27172470e-05  1.31008213e-07 -9.19948222e-05 
 1.31058213e-07  4.05868967e-05  1.31058213e-07  9.13929550e-05 
 1.31108213e-07 -3.81266976e-05  1.31108213e-07 -9.03849525e-05 
 1.31158213e-07  3.58695091e-05  1.31158213e-07  8.88648123e-05 
 1.31208213e-07 -3.33884795e-05  1.31208213e-07 -8.70261390e-05 
 1.31258213e-07  3.11849445e-05  1.31258213e-07  8.49151797e-05 
 1.31308213e-07 -2.88132876e-05  1.31308213e-07 -8.25964326e-05 
 1.31358213e-07  2.67578276e-05  1.31358213e-07  8.01482118e-05 
 1.31408213e-07 -2.45604767e-05  1.31408213e-07 -7.75843113e-05 
 1.31458213e-07  2.26968263e-05  1.31458213e-07  7.49815217e-05 
 1.31508213e-07 -2.07004670e-05  1.31508213e-07 -7.23304639e-05 
 1.31558213e-07  1.90429257e-05  1.31558213e-07  6.96989474e-05 
 1.31608213e-07 -1.72522508e-05  1.31608213e-07 -6.70652535e-05 
 1.31658213e-07  1.57984724e-05  1.31658213e-07  6.44881856e-05 
 1.31708213e-07 -1.42059739e-05  1.31708213e-07 -6.19386913e-05 
 1.31758213e-07  1.29446555e-05  1.31758213e-07  5.94682917e-05 
 1.31808213e-07 -1.15365088e-05  1.31808213e-07 -5.70433294e-05 
 1.31858213e-07  1.04519891e-05  1.31858213e-07  5.47098708e-05 
 1.31908213e-07 -9.21156004e-06  1.31908213e-07 -5.24313325e-05 
 1.31958213e-07  8.28653599e-06  1.31958213e-07  5.02498494e-05 
 1.32008213e-07 -7.19643725e-06  1.32008213e-07 -4.81270164e-05 
 1.32058213e-07  6.41353239e-06  1.32058213e-07  4.61022103e-05 
 1.32108213e-07 -5.45679218e-06  1.32108213e-07 -4.41359497e-05 
 1.32158213e-07  4.79942490e-06  1.32158213e-07  4.22657262e-05 
 1.32208213e-07 -3.96011465e-06  1.32208213e-07 -4.04514864e-05 
 1.32258213e-07  3.41294119e-06  1.32258213e-07  3.87294745e-05 
 1.32308213e-07 -2.67647509e-06  1.32308213e-07 -3.70594016e-05 
 1.32358213e-07  2.22557700e-06  1.32358213e-07  3.54767230e-05 
 1.32408213e-07 -1.57881578e-06  1.32408213e-07 -3.39411340e-05 
 1.32458213e-07  1.21173697e-06  1.32458213e-07  3.24876269e-05 
 1.32508213e-07 -6.42977722e-07  1.32508213e-07 -3.10760182e-05 
 1.32558213e-07  3.48675997e-07  1.32558213e-07  2.97410648e-05 
 1.32608213e-07  1.52421122e-07  1.32608213e-07 -2.84427848e-05 
 1.32658213e-07 -3.83668121e-07  1.32658213e-07  2.72158562e-05 
 1.32708213e-07  8.26185329e-07  1.32708213e-07 -2.60205400e-05 
 1.32758213e-07 -1.00289524e-06  1.32758213e-07  2.48915397e-05 
 1.32808213e-07  1.39477562e-06  1.32808213e-07 -2.37893747e-05 
 1.32858213e-07 -1.52438304e-06  1.32858213e-07  2.27488412e-05 
 1.32908213e-07  1.87255092e-06  1.32908213e-07 -2.17307154e-05 
 1.32958213e-07 -1.96152705e-06  1.32958213e-07  2.07699273e-05 
 1.33008213e-07  2.27200387e-06  1.33008213e-07 -1.98274977e-05 
 1.33058213e-07 -2.32596940e-06  1.33058213e-07  1.89385132e-05 
 1.33108213e-07  2.60398163e-06  1.33108213e-07 -1.80642207e-05 
 1.33158213e-07 -2.62781056e-06  1.33158213e-07  1.72398735e-05 
 1.33208213e-07  2.87788799e-06  1.33208213e-07 -1.64269231e-05 
 1.33258213e-07 -2.87580146e-06  1.33258213e-07  1.56607909e-05 
 1.33308213e-07  3.10186568e-06  1.33308213e-07 -1.49031106e-05 
 1.33358213e-07 -3.07751585e-06  1.33358213e-07  1.41894677e-05 
 1.33408213e-07  3.28295884e-06  1.33408213e-07 -1.34816558e-05 
 1.33458213e-07 -3.23950298e-06  1.33458213e-07  1.28154169e-05 
 1.33508213e-07  3.42725643e-06  1.33508213e-07 -1.21526836e-05 
 1.33558213e-07 -3.36742224e-06  1.33558213e-07  1.15293446e-05 
 1.33608213e-07  3.54001859e-06  1.33608213e-07 -1.09074520e-05 
 1.33658213e-07 -3.46616145e-06  1.33658213e-07  1.03230310e-05 
 1.33708213e-07  3.62578710e-06  1.33708213e-07 -9.73823526e-06 
 1.33758213e-07 -3.53993986e-06  1.33758213e-07  9.18921572e-06 
 1.33808213e-07  3.68848167e-06  1.33808213e-07 -8.63821168e-06 
 1.33858213e-07 -3.59239813e-06  1.33858213e-07  8.12148933e-06 
 1.33908213e-07  3.73148374e-06  1.33908213e-07 -7.60135952e-06 
 1.33958213e-07 -3.62667639e-06  1.33958213e-07  7.11419362e-06 
 1.34008213e-07  3.75770945e-06  1.34008213e-07 -6.62236175e-06 
 1.34058213e-07 -3.64548225e-06  1.34058213e-07  6.16233095e-06 
 1.34108213e-07  3.76967268e-06  1.34108213e-07 -5.69651994e-06 
 1.34158213e-07 -3.65114933e-06  1.34158213e-07  5.26148268e-06 
 1.34208213e-07  3.76953978e-06  1.34208213e-07 -4.81967726e-06 
 1.34258213e-07 -3.64568837e-06  1.34258213e-07  4.40773654e-06 
 1.34308213e-07  3.75917695e-06  1.34308213e-07 -3.98815010e-06 
 1.34358213e-07 -3.63083114e-06  1.34358213e-07  3.59762240e-06 
 1.34408213e-07  3.74019122e-06  1.34408213e-07 -3.19866782e-06 
 1.34458213e-07 -3.60806864e-06  1.34458213e-07  2.82805574e-06 
 1.34508213e-07  3.71396581e-06  1.34508213e-07 -2.44831970e-06 
 1.34558213e-07 -3.57868391e-06  1.34558213e-07  2.09628807e-06 
 1.34608213e-07  3.68169082e-06  1.34608213e-07 -1.73450876e-06 
 1.34658213e-07 -3.54378061e-06  1.34658213e-07  1.39986376e-06 
 1.34708213e-07  3.64438961e-06  1.34708213e-07 -1.05491136e-06 
 1.34758213e-07 -3.50430750e-06  1.34758213e-07  7.36582298e-07 
 1.34808213e-07  3.60294173e-06  1.34808213e-07 -4.07442053e-07 
 1.34858213e-07 -3.46107973e-06  1.34858213e-07  1.04465702e-07 
 1.34908213e-07  3.55810252e-06  1.34908213e-07  2.09776835e-07 
 1.34958213e-07 -3.41479715e-06  1.34958213e-07 -4.98270003e-07 
 1.35008213e-07  3.51052031e-06  1.35008213e-07  7.98441628e-07 
 1.35058213e-07 -3.36606016e-06  1.35058213e-07 -1.07323925e-06 
 1.35108213e-07  3.46075102e-06  1.35108213e-07  1.36009020e-06 
 1.35158213e-07 -3.31538336e-06  1.35158213e-07 -1.62190829e-06 
 1.35208213e-07  3.40927087e-06  1.35208213e-07  1.89612174e-06 
 1.35258213e-07 -3.26320734e-06  1.35258213e-07 -2.14561355e-06 
 1.35308213e-07  3.35648739e-06  1.35308213e-07  2.40781390e-06 
 1.35358213e-07 -3.20990891e-06  1.35358213e-07 -2.64557759e-06 
 1.35408213e-07  3.30274887e-06  1.35408213e-07  2.89633759e-06 
 1.35458213e-07 -3.15580987e-06  1.35458213e-07 -3.12292285e-06 
 1.35508213e-07  3.24835252e-06  1.35508213e-07  3.36276978e-06 
 1.35558213e-07 -3.10118458e-06  1.35558213e-07 -3.57868363e-06 
 1.35608213e-07  3.19355147e-06  1.35608213e-07  3.80810463e-06 
 1.35658213e-07 -3.04626653e-06  1.35658213e-07 -4.01381635e-06 
 1.35708213e-07  3.13856100e-06  1.35708213e-07  4.23326306e-06 
 1.35758213e-07 -2.99125401e-06  1.35758213e-07 -4.42920845e-06 
 1.35808213e-07  3.08356363e-06  1.35808213e-07  4.63910105e-06 
 1.35858213e-07 -2.93631497e-06  1.35858213e-07 -4.82568627e-06 
 1.35908213e-07  3.02871379e-06  1.35908213e-07  5.02641691e-06 
 1.35958213e-07 -2.88159125e-06  1.35958213e-07 -5.20402164e-06 
 1.36008213e-07  2.97414161e-06  1.36008213e-07  5.39595747e-06 
 1.36058213e-07 -2.82720216e-06  1.36058213e-07 -5.56493775e-06 
 1.36108213e-07  2.91995637e-06  1.36108213e-07  5.74842358e-06 
 1.36158213e-07 -2.77324768e-06  1.36158213e-07 -5.90911428e-06 
 1.36208213e-07  2.86624945e-06  1.36208213e-07  6.08447481e-06 
 1.36258213e-07 -2.71981120e-06  1.36258213e-07 -6.23719170e-06 
 1.36308213e-07  2.81309677e-06  1.36308213e-07  6.40473359e-06 
 1.36358213e-07 -2.66696172e-06  1.36358213e-07 -6.54977527e-06 
 1.36408213e-07  2.76056096e-06  1.36408213e-07  6.70978880e-06 
 1.36458213e-07 -2.61475597e-06  1.36458213e-07 -6.84743830e-06 
 1.36508213e-07  2.70869327e-06  1.36508213e-07  7.00019894e-06 
 1.36558213e-07 -2.56324016e-06  1.36558213e-07 -7.13072511e-06 
 1.36608213e-07  2.65753521e-06  1.36608213e-07  7.27649482e-06 
 1.36658213e-07 -2.51245139e-06  1.36658213e-07 -7.40015364e-06 
 1.36708213e-07  2.60711983e-06  1.36708213e-07  7.53918207e-06 
 1.36758213e-07 -2.46241903e-06  1.36758213e-07 -7.65621770e-06 
 1.36808213e-07  2.55747307e-06  1.36808213e-07  7.78874320e-06 
 1.36858213e-07 -2.41316582e-06  1.36858213e-07 -7.89938894e-06 
 1.36908213e-07  2.50861468e-06  1.36908213e-07  8.02563945e-06 
 1.36958213e-07 -2.36470877e-06  1.36958213e-07 -8.13011864e-06 
 1.37008213e-07  2.46055917e-06  1.37008213e-07  8.25031252e-06 
 1.37058213e-07 -2.31706005e-06  1.37058213e-07 -8.34883923e-06 
 1.37108213e-07  2.41331655e-06  1.37108213e-07  8.46318596e-06 
 1.37158213e-07 -2.27022770e-06  1.37158213e-07 -8.55596571e-06 
 1.37208213e-07  2.36689302e-06  1.37208213e-07  8.66466652e-06 
 1.37258213e-07 -2.22421626e-06  1.37258213e-07 -8.75189683e-06 
 1.37308213e-07  2.32129156e-06  1.37308213e-07  8.85514523e-06 
 1.37358213e-07 -2.17902724e-06  1.37358213e-07 -8.93701617e-06 
 1.37408213e-07  2.27651237e-06  1.37408213e-07  9.03499847e-06 
 1.37458213e-07 -2.13465963e-06  1.37458213e-07 -9.11169315e-06 
 1.37508213e-07  2.23255328e-06  1.37508213e-07  9.20458892e-06 
 1.37558213e-07 -2.09111025e-06  1.37558213e-07 -9.27628386e-06 
 1.37608213e-07  2.18941024e-06  1.37608213e-07  9.36426632e-06 
 1.37658213e-07 -2.04837419e-06  1.37658213e-07 -9.43113186e-06 
 1.37708213e-07  2.14707747e-06  1.37708213e-07  9.51436820e-06 
 1.37758213e-07 -2.00644496e-06  1.37758213e-07 -9.57656886e-06 
 1.37808213e-07  2.10554789e-06  1.37808213e-07  9.65522064e-06 
 1.37858213e-07 -1.96531484e-06  1.37858213e-07 -9.71291539e-06 
 1.37908213e-07  2.06481318e-06  1.37908213e-07  9.78713876e-06 
 1.37958213e-07 -1.92497507e-06  1.37958213e-07 -9.84048132e-06 
 1.38008213e-07  2.02486417e-06  1.38008213e-07  9.91042732e-06 
 1.38058213e-07 -1.88541605e-06  1.38058213e-07 -9.95956642e-06 
 1.38108213e-07  1.98569085e-06  1.38108213e-07  1.00253812e-05 
 1.38158213e-07 -1.84662743e-06  1.38158213e-07 -1.00704608e-05 
 1.38208213e-07  1.94728258e-06  1.38208213e-07  1.01322860e-05 
 1.38258213e-07 -1.80859834e-06  1.38258213e-07 -1.01734454e-05 
 1.38308213e-07  1.90962830e-06  1.38308213e-07  1.02314180e-05 
 1.38358213e-07 -1.77131749e-06  1.38358213e-07 -1.02687924e-05 
 1.38408213e-07  1.87271647e-06  1.38408213e-07  1.03230452e-05 
 1.38458213e-07 -1.73477316e-06  1.38458213e-07 -1.03567654e-05 
 1.38508213e-07  1.83653527e-06  1.38508213e-07  1.04074271e-05 
 1.38558213e-07 -1.69895346e-06  1.38558213e-07 -1.04376199e-05 
 1.38608213e-07  1.80107270e-06  1.38608213e-07  1.04848154e-05 
 1.38658213e-07 -1.66384630e-06  1.38658213e-07 -1.05116039e-05 
 1.38708213e-07  1.76631660e-06  1.38708213e-07  1.05554541e-05 
 1.38758213e-07 -1.62943942e-06  1.38758213e-07 -1.05789574e-05 
 1.38808213e-07  1.73225466e-06  1.38808213e-07  1.06195798e-05 
 1.38858213e-07 -1.59572055e-06  1.38858213e-07 -1.06399137e-05 
 1.38908213e-07  1.69887461e-06  1.38908213e-07  1.06774220e-05 
 1.38958213e-07 -1.56267735e-06  1.38958213e-07 -1.06946987e-05 
 1.39008213e-07  1.66616407e-06  1.39008213e-07  1.07292035e-05 
 1.39058213e-07 -1.53029750e-06  1.39058213e-07 -1.07435319e-05 
 1.39108213e-07  1.63411080e-06  1.39108213e-07  1.07751403e-05 
 1.39158213e-07 -1.49856879e-06  1.39158213e-07 -1.07866260e-05 
 1.39208213e-07  1.60270258e-06  1.39208213e-07  1.08154420e-05 
 1.39258213e-07 -1.46747900e-06  1.39258213e-07 -1.08241875e-05 
 1.39308213e-07  1.57192725e-06  1.39308213e-07  1.08503121e-05 
 1.39358213e-07 -1.43701606e-06  1.39358213e-07 -1.08564170e-05 
 1.39408213e-07  1.54177279e-06  1.39408213e-07  1.08799481e-05 
 1.39458213e-07 -1.40716800e-06  1.39458213e-07 -1.08835088e-05 
 1.39508213e-07  1.51222728e-06  1.39508213e-07  1.09045416e-05 
 1.39558213e-07 -1.37792296e-06  1.39558213e-07 -1.09056518e-05 
 1.39608213e-07  1.48327898e-06  1.39608213e-07  1.09242785e-05 
 1.39658213e-07 -1.34926928e-06  1.39658213e-07 -1.09230293e-05 
 1.39708213e-07  1.45491625e-06  1.39708213e-07  1.09393393e-05 
 1.39758213e-07 -1.32119541e-06  1.39758213e-07 -1.09358189e-05 
 1.39808213e-07  1.42712764e-06  1.39808213e-07  1.09498994e-05 
 1.39858213e-07 -1.29368995e-06  1.39858213e-07 -1.09441934e-05 
 1.39908213e-07  1.39990184e-06  1.39908213e-07  1.09561286e-05 
 1.39954107e-07 -1.26554891e-06  1.39954107e-07 -1.09484089e-05 
 1.40000000e-07  1.37086746e-06  1.40000000e-07  1.09581797e-05 
 1.40005000e-07  1.25722335e-05  1.40005000e-07  1.57348237e-04 
 1.40015000e-07 -3.63018302e-06  1.40015000e-07  3.51293400e-05 
 1.40035000e-07 -7.28616361e-06  1.40035000e-07 -5.80970012e-05 
 1.40075000e-07  5.71391056e-06  1.40075000e-07 -5.07058262e-05 
 1.40125000e-07 -3.28086191e-05  1.40125000e-07 -1.45109754e-04 
 1.40162500e-07 -8.54552292e-05  1.40162500e-07 -3.33419946e-04 
 1.40200000e-07  4.12224448e-04  1.40200000e-07  1.41100187e-04 
 1.40205000e-07  3.52942414e-04  1.40205000e-07  5.90886708e-05 
 1.40215000e-07 -1.78369143e-04  1.40215000e-07  2.24970672e-04 
 1.40235000e-07 -4.02141372e-04  1.40235000e-07  6.76519037e-04 
 1.40275000e-07  3.01759913e-04  1.40275000e-07  1.65014215e-03 
 1.40318630e-07 -1.65868324e-04  1.40318630e-07 -2.10192427e-03 
 1.40364395e-07  1.00610124e-04  1.40364395e-07  3.35092439e-04 
 1.40414395e-07 -6.78656824e-05  1.40414395e-07 -1.73180101e-04 
 1.40464395e-07  4.82645744e-05  1.40464395e-07  2.94952057e-04 
 1.40514395e-07 -3.53222209e-05  1.40514395e-07 -1.60386827e-04 
 1.40564395e-07  2.67131807e-05  1.40564395e-07  1.40697730e-04 
 1.40614395e-07 -2.04270996e-05  1.40614395e-07 -8.49302605e-05 
 1.40664395e-07  1.60671096e-05  1.40664395e-07  5.70582758e-05 
 1.40714395e-07 -1.26497248e-05  1.40714395e-07 -2.78728992e-05 
 1.40764395e-07  1.02816366e-05  1.40764395e-07  7.68018009e-06 
 1.40814395e-07 -8.26100660e-06  1.40814395e-07  9.53107312e-06 
 1.40864395e-07  6.89621411e-06  1.40864395e-07 -2.25553889e-05 
 1.40914395e-07 -5.59939589e-06  1.40914395e-07  3.29815570e-05 
 1.40964395e-07  4.76618737e-06  1.40964395e-07 -4.09596269e-05 
 1.41014395e-07 -3.86276219e-06  1.41014395e-07  4.71301833e-05 
 1.41064395e-07  3.32602914e-06  1.41064395e-07 -5.17392628e-05 
 1.41114395e-07 -2.64875461e-06  1.41114395e-07  5.51537589e-05 
 1.41164395e-07  2.28800945e-06  1.41164395e-07 -5.75474341e-05 
 1.41214395e-07 -1.74979981e-06  1.41214395e-07  5.91689940e-05 
 1.41264395e-07  1.50123463e-06  1.41264395e-07 -6.01219732e-05 
 1.41314395e-07 -1.05498009e-06  1.41314395e-07  6.05873803e-05 
 1.41364395e-07  8.83246756e-07  1.41364395e-07 -6.06187025e-05 
 1.41414395e-07 -5.02107334e-07  1.41414395e-07  6.03531335e-05 
 1.41464395e-07  3.86439576e-07  1.41464395e-07 -5.98104615e-05 
 1.41514395e-07 -5.41063086e-08  1.41514395e-07  5.90982188e-05 
 1.41564395e-07 -1.85642436e-08  1.41564395e-07 -5.82137884e-05 
 1.41614395e-07  3.12729599e-07  1.41614395e-07  5.72442479e-05 
 1.41664395e-07 -3.51230868e-07  1.41664395e-07 -5.61721625e-05 
 1.41714395e-07  6.14658945e-07  1.41714395e-07  5.50703665e-05 
 1.41764395e-07 -6.25348783e-07  1.41764395e-07 -5.39116949e-05 
 1.41814395e-07  8.63540572e-07  1.41814395e-07  5.27590009e-05 
 1.41864395e-07 -8.51239839e-07  1.41864395e-07 -5.15788090e-05 
 1.41914395e-07  1.06845326e-06  1.41914395e-07  5.04269443e-05 
 1.41957198e-07 -1.05098213e-06  1.41957198e-07 -4.90745257e-05 
 1.42000000e-07  1.26173420e-06  1.42000000e-07  4.77718195e-05 
 1.42005000e-07  1.18175750e-05  1.42005000e-07  1.92933797e-04 
 1.42015000e-07 -6.75373146e-07  1.42015000e-07  2.19955378e-05 
 1.42035000e-07 -7.12938678e-06  1.42035000e-07 -6.53184580e-05 
 1.42075000e-07  4.13721146e-06  1.42075000e-07 -1.30612128e-04 
 1.42125000e-07 -1.68844020e-05  1.42125000e-07  1.39197418e-04 
 1.42162500e-07  5.01498657e-05  1.42162500e-07  4.33318329e-05 
 1.42200000e-07 -5.69370847e-05  1.42200000e-07 -1.37771194e-04 
 1.42205000e-07 -2.72637483e-05  1.42205000e-07 -3.54590842e-05 
 1.42215000e-07  1.24807380e-05  1.42215000e-07  4.11570807e-05 
 1.42235000e-07 -2.99926395e-06  1.42235000e-07  1.60068951e-05 
 1.42275000e-07  1.67711719e-06  1.42275000e-07  8.97374805e-06 
 1.42325000e-07 -1.06298837e-06  1.42325000e-07 -5.34990746e-06 
 1.42375000e-07  4.29616316e-07  1.42375000e-07 -4.44824679e-06 
 1.42425000e-07  3.23604674e-07  1.42425000e-07  1.74402456e-07 
 1.42475000e-07 -7.46491022e-07  1.42475000e-07 -4.17408338e-06 
 1.42525000e-07  1.29773638e-06  1.42525000e-07  2.82583870e-06 
 1.42575000e-07 -1.51184542e-06  1.42575000e-07 -4.13027764e-06 
 1.42625000e-07  1.88032356e-06  1.42625000e-07  3.61071647e-06 
 1.42675000e-07 -1.93771075e-06  1.42675000e-07 -3.87400432e-06 
 1.42725000e-07  2.17548045e-06  1.42725000e-07  3.52190223e-06 
 1.42775000e-07 -2.12521899e-06  1.42775000e-07 -3.37869564e-06 
 1.42825000e-07  2.27522473e-06  1.42825000e-07  3.03658949e-06 
 1.42875000e-07 -2.15423958e-06  1.42875000e-07 -2.74084852e-06 
 1.42925000e-07  2.24791327e-06  1.42925000e-07  2.39506466e-06 
 1.42975000e-07 -2.08263969e-06  1.42975000e-07 -2.05640080e-06 
 1.43025000e-07  2.14203322e-06  1.43025000e-07  1.72378870e-06 
 1.43075000e-07 -1.95081779e-06  1.43075000e-07 -1.39237243e-06 
 1.43125000e-07  1.99113307e-06  1.43125000e-07  1.08908139e-06 
 1.43175000e-07 -1.78650976e-06  1.43175000e-07 -7.87906148e-07 
 1.43225000e-07  1.81803412e-06  1.43225000e-07  5.23313549e-07 
 1.43275000e-07 -1.60838460e-06  1.43275000e-07 -2.61676664e-07 
 1.43325000e-07  1.63790463e-06  1.43325000e-07  3.90985982e-08 
 1.43375000e-07 -1.42867066e-06  1.43375000e-07  1.80979941e-07 
 1.43425000e-07  1.46050892e-06  1.43425000e-07 -3.62328214e-07 
 1.43475000e-07 -1.25507554e-06  1.43475000e-07  5.42692962e-07 
 1.43525000e-07  1.29184147e-06  1.43525000e-07 -6.85973391e-07 
 1.43575000e-07 -1.09217339e-06  1.43575000e-07  8.30387461e-07 
 1.43625000e-07  1.13530224e-06  1.43625000e-07 -9.39915164e-07 
 1.43675000e-07 -9.42398871e-07  1.43675000e-07  1.05292154e-06 
 1.43725000e-07  9.92535572e-07  1.43725000e-07 -1.13337799e-06 
 1.43775000e-07 -8.06753902e-07  1.43775000e-07  1.21964037e-06 
 1.43825000e-07  8.64024493e-07  1.43825000e-07 -1.27560514e-06 
 1.43875000e-07 -6.85306403e-07  1.43875000e-07  1.33954353e-06 
 1.43925000e-07  7.49508122e-07  1.43925000e-07 -1.37523999e-06 
 1.43975000e-07 -5.77538828e-07  1.43975000e-07  1.42084829e-06 
 1.44025000e-07  6.48271902e-07  1.44025000e-07 -1.44002616e-06 
 1.44075000e-07 -4.82589040e-07  1.44075000e-07  1.47080047e-06 
 1.44125000e-07  5.59346682e-07  1.44125000e-07 -1.47670191e-06 
 1.44175000e-07 -3.99414178e-07  1.44175000e-07  1.49563379e-06 
 1.44225000e-07  4.81643025e-07  1.44225000e-07 -1.49100774e-06 
 1.44275000e-07 -3.26900154e-07  1.44275000e-07  1.50061340e-06 
 1.44325000e-07  4.14039733e-07  1.44325000e-07 -1.48775547e-06 
 1.44375000e-07 -2.63932578e-07  1.44375000e-07  1.49012277e-06 
 1.44425000e-07  3.55440181e-07  1.44425000e-07 -1.47092665e-06 
 1.44475000e-07 -2.09441021e-07  1.44475000e-07  1.46776865e-06 
 1.44525000e-07  3.04806498e-07  1.44525000e-07 -1.44378035e-06 
 1.44575000e-07 -1.62424831e-07  1.44575000e-07  1.43648914e-06 
 1.44625000e-07  2.61178493e-07  1.44625000e-07 -1.40895943e-06 
 1.44675000e-07 -1.21966360e-07  1.44675000e-07  1.39865645e-06 
 1.44725000e-07  2.23682299e-07  1.44725000e-07 -1.36858881e-06 
 1.44775000e-07 -8.72359179e-08  1.44775000e-07  1.35617019e-06 
 1.44825000e-07  1.91532237e-07  1.44825000e-07 -1.32436326e-06 
 1.44875000e-07 -5.74913128e-08  1.44875000e-07  1.31053934e-06 
 1.44925000e-07  1.64028669e-07  1.44925000e-07 -1.27762360e-06 
 1.44975000e-07 -3.20741576e-08  1.44975000e-07  1.26295279e-06 
 1.45025000e-07  1.40553023e-07  1.45025000e-07 -1.22942173e-06 
 1.45075000e-07 -1.04041448e-08  1.45075000e-07  1.21433914e-06 
 1.45125000e-07  1.20561563e-07  1.45125000e-07 -1.18057537e-06 
 1.45175000e-07  8.02765562e-09  1.45175000e-07  1.16541655e-06 
 1.45225000e-07  1.03578483e-07  1.45225000e-07 -1.13171348e-06 
 1.45275000e-07  2.36656185e-08  1.45275000e-07  1.11673417e-06 
 1.45325000e-07  8.91890582e-08  1.45325000e-07 -1.08331380e-06 
 1.45375000e-07  3.68965757e-08  1.45375000e-07  1.06870601e-06 
 1.45425000e-07  7.70327192e-08  1.45425000e-07 -1.03573363e-06 
 1.45475000e-07  4.80563866e-08  1.45475000e-07  1.02163880e-06 
 1.45525000e-07  6.67968231e-08  1.45525000e-07 -9.89234683e-07 
 1.45575000e-07  5.74359385e-08  1.45575000e-07  9.75754351e-07 
 1.45625000e-07  5.82107968e-08  1.45625000e-07 -9.44003397e-07 
 1.45675000e-07  6.52868336e-08  1.45675000e-07  9.31207800e-07 
 1.45725000e-07  5.10408042e-08  1.45725000e-07 -9.00167223e-07 
 1.45775000e-07  7.18263381e-08  1.45775000e-07  8.88102125e-07 
 1.45825000e-07  4.50849896e-08  1.45825000e-07 -8.57807650e-07 
 1.45875000e-07  7.72419034e-08  1.45875000e-07  8.46499936e-07 
 1.45925000e-07  4.01693576e-08  1.45925000e-07 -8.16970660e-07 
 1.45975000e-07  8.16950340e-08  1.45975000e-07  8.06432686e-07 
 1.46025000e-07  3.61439844e-08  1.46025000e-07 -7.77675066e-07 
 1.46075000e-07  8.53248759e-08  1.46075000e-07  7.67908139e-07 
 1.46125000e-07  3.28797847e-08  1.46125000e-07 -7.39919037e-07 
 1.46175000e-07  8.82511734e-08  1.46175000e-07  7.30916198e-07 
 1.46225000e-07  3.02656737e-08  1.46225000e-07 -7.03685333e-07 
 1.46275000e-07  9.05769550e-08  1.46275000e-07  6.95433510e-07 
 1.46325000e-07  2.82061105e-08  1.46325000e-07 -6.68945412e-07 
 1.46375000e-07  9.23908086e-08  1.46375000e-07  6.61427083e-07 
 1.46425000e-07  2.66189494e-08  1.46425000e-07 -6.35662535e-07 
 1.46475000e-07  9.37689064e-08  1.46475000e-07  6.28857112e-07 
 1.46525000e-07  2.54335622e-08  1.46525000e-07 -6.03794377e-07 
 1.46575000e-07  9.47767267e-08  1.46575000e-07  5.97679181e-07 
 1.46625000e-07  2.45892695e-08  1.46625000e-07 -5.73294832e-07 
 1.46675000e-07  9.54705109e-08  1.46675000e-07  5.67845918e-07 
 1.46725000e-07  2.40339293e-08  1.46725000e-07 -5.44115614e-07 
 1.46775000e-07  9.58985711e-08  1.46775000e-07  5.39308333e-07 
 1.46825000e-07  2.37227966e-08  1.46825000e-07 -5.16207251e-07 
 1.46875000e-07  9.61023950e-08  1.46875000e-07  5.12016737e-07 
 1.46925000e-07  2.36173874e-08  1.46925000e-07 -4.89520035e-07 
 1.46975000e-07  9.61176031e-08  1.46975000e-07  4.85921538e-07 
 1.47025000e-07  2.36847437e-08  1.47025000e-07 -4.64004620e-07 
 1.47075000e-07  9.59747625e-08  1.47075000e-07  4.60973752e-07 
 1.47125000e-07  2.38965367e-08  1.47125000e-07 -4.39612472e-07 
 1.47175000e-07  9.57000770e-08  1.47175000e-07  4.37125378e-07 
 1.47225000e-07  2.42284924e-08  1.47225000e-07 -4.16296200e-07 
 1.47275000e-07  9.53160498e-08  1.47275000e-07  4.14329710e-07 
 1.47325000e-07  2.46597844e-08  1.47325000e-07 -3.94009842e-07 
 1.47375000e-07  9.48419283e-08  1.47375000e-07  3.92541528e-07 
 1.47425000e-07  2.51726037e-08  1.47425000e-07 -3.72708917e-07 
 1.47475000e-07  9.42942255e-08  1.47475000e-07  3.71717148e-07 
 1.47525000e-07  2.57516824e-08  1.47525000e-07 -3.52350594e-07 
 1.47575000e-07  9.36870237e-08  1.47575000e-07  3.51814583e-07 
 1.47625000e-07  2.63839806e-08  1.47625000e-07 -3.32893726e-07 
 1.47675000e-07  9.30324190e-08  1.47675000e-07  3.32793537e-07 
 1.47725000e-07  2.70583289e-08  1.47725000e-07 -3.14298836e-07 
 1.47775000e-07  9.23407045e-08  1.47775000e-07  3.14615352e-07 
 1.47825000e-07  2.77652195e-08  1.47825000e-07 -2.96528112e-07 
 1.47875000e-07  9.16206451e-08  1.47875000e-07  2.97243039e-07 
 1.47925000e-07  2.84965720e-08  1.47925000e-07 -2.79545377e-07 
 1.47975000e-07  9.08797483e-08  1.47975000e-07  2.80641257e-07 
 1.48025000e-07  2.92454235e-08  1.48025000e-07 -2.63316110e-07 
 1.48075000e-07  9.01243771e-08  1.48075000e-07  2.64776232e-07 
 1.48125000e-07  3.00059746e-08  1.48125000e-07 -2.47807266e-07 
 1.48175000e-07  8.93599035e-08  1.48175000e-07  2.49615688e-07 
 1.48225000e-07  3.07732298e-08  1.48225000e-07 -2.32987323e-07 
 1.48275000e-07  8.85908893e-08  1.48275000e-07  2.35128831e-07 
 1.48325000e-07  3.15430376e-08  1.48325000e-07 -2.18826204e-07 
 1.48375000e-07  8.78211829e-08  1.48375000e-07  2.21286265e-07 
 1.48425000e-07  3.23118409e-08  1.48425000e-07 -2.05295189e-07 
 1.48475000e-07  8.70540200e-08  1.48475000e-07  2.08059952e-07 
 1.48525000e-07  3.30766859e-08  1.48525000e-07 -1.92366865e-07 
 1.48575000e-07  8.62921072e-08  1.48575000e-07  1.95423085e-07 
 1.48625000e-07  3.38351042e-08  1.48625000e-07 -1.80015083e-07 
 1.48675000e-07  8.55376923e-08  1.48675000e-07  1.83350133e-07 
 1.48725000e-07  3.45850517e-08  1.48725000e-07 -1.68214860e-07 
 1.48775000e-07  8.47926224e-08  1.48775000e-07  1.71816697e-07 
 1.48825000e-07  3.53248506e-08  1.48825000e-07 -1.56942387e-07 
 1.48875000e-07  8.40584564e-08  1.48875000e-07  1.60799486e-07 
 1.48925000e-07  3.60530892e-08  1.48925000e-07 -1.46174887e-07 
 1.48975000e-07  8.33364087e-08  1.48975000e-07  1.50276270e-07 
 1.49025000e-07  3.67686900e-08  1.49025000e-07 -1.35890647e-07 
 1.49075000e-07  8.26274941e-08  1.49075000e-07  1.40225824e-07 
 1.49125000e-07  3.74707259e-08  1.49125000e-07 -1.26068915e-07 
 1.49175000e-07  8.19324789e-08  1.49175000e-07  1.30627845e-07 
 1.49225000e-07  3.81585685e-08  1.49225000e-07 -1.16689859e-07 
 1.49275000e-07  8.12519689e-08  1.49275000e-07  1.21462983e-07 
 1.49325000e-07  3.88316206e-08  1.49325000e-07 -1.07734552e-07 
 1.49375000e-07  8.05864533e-08  1.49375000e-07  1.12712710e-07 
 1.49425000e-07  3.94895356e-08  1.49425000e-07 -9.91848990e-08 
 1.49475000e-07  7.99362147e-08  1.49475000e-07  1.04359346e-07 
 1.49525000e-07  4.01320397e-08  1.49525000e-07 -9.10235953e-08 
 1.49575000e-07  7.93014778e-08  1.49575000e-07  9.63859796e-08 
 1.49625000e-07  4.07589808e-08  1.49625000e-07 -8.32341204e-08 
 1.49675000e-07  7.86823615e-08  1.49675000e-07  8.87764365e-08 
 1.49725000e-07  4.13702542e-08  1.49725000e-07 -7.58006517e-08 
 1.49775000e-07  7.80789154e-08  1.49775000e-07  8.15152748e-08 
 1.49825000e-07  4.19658949e-08  1.49825000e-07 -6.87080935e-08 
 1.49875000e-07  7.74910821e-08  1.49875000e-07  7.45877038e-08 
 1.49925000e-07  4.25459304e-08  1.49925000e-07 -6.19419739e-08 
 1.49962500e-07  7.68249198e-08  1.49962500e-07  6.69081776e-08 
 1.50000000e-07  4.32952606e-08  1.50000000e-07 -5.34041774e-08 
 1.50005000e-07 -8.25293316e-06  1.50005000e-07 -6.80854044e-05 
 1.50015000e-07  5.96934339e-06  1.50015000e-07 -1.18060698e-06 
 1.50035000e-07  2.82684359e-06  1.50035000e-07  2.47932245e-05 
 1.50075000e-07 -4.28812795e-06  1.50075000e-07  1.29377477e-05 
 1.50125000e-07  2.35880934e-05  1.50125000e-07  1.75512796e-04 
 1.50162500e-07  4.82231187e-06  1.50162500e-07  1.69331419e-04 
 1.50200000e-07 -1.98223906e-04  1.50200000e-07 -1.77207789e-04 
 1.50205000e-07 -1.35568551e-04  1.50205000e-07 -3.10886173e-04 
 1.50215000e-07  1.56594918e-04  1.50215000e-07 -7.25214794e-04 
 1.50235000e-07  2.80796864e-04  1.50235000e-07 -1.10870639e-03 
 1.50271166e-07 -2.55888056e-04  1.50271166e-07 -1.00726856e-04 
 1.50314681e-07  1.36725996e-04  1.50314681e-07  1.22186408e-03 
 1.50360591e-07 -6.71977274e-05  1.50360591e-07 -2.45354566e-04 
 1.50410591e-07  2.58896452e-05  1.50410591e-07  7.29033157e-05 
 1.50460591e-07  1.80522182e-06  1.50460591e-07 -1.91629422e-04 
 1.50510591e-07 -2.01624765e-05  1.50510591e-07  1.07217135e-04 
 1.50560591e-07  3.25701914e-05  1.50560591e-07 -1.22022174e-04 
 1.50610591e-07 -4.04729668e-05  1.50610591e-07  8.15718170e-05 
 1.50660591e-07  4.55340098e-05  1.50660591e-07 -7.52399941e-05 
 1.50710591e-07 -4.81661423e-05  1.50710591e-07  5.31651434e-05 
 1.50760591e-07  4.94296980e-05  1.50760591e-07 -4.33907301e-05 
 1.50810591e-07 -4.92818660e-05  1.50810591e-07  2.97799063e-05 
 1.50860591e-07  4.85459935e-05  1.50860591e-07 -2.10854101e-05 
 1.50910591e-07 -4.69821530e-05  1.50910591e-07  1.20480840e-05 
 1.50960591e-07  4.52554112e-05  1.50960591e-07 -5.31870827e-06 
 1.51010591e-07 -4.30182551e-05  1.51010591e-07 -8.66510168e-07 
 1.51060591e-07  4.08577119e-05  1.51060591e-07  5.77834196e-06 
 1.51110591e-07 -3.83742879e-05  1.51110591e-07 -1.00285317e-05 
 1.51160591e-07  3.60990800e-05  1.51160591e-07  1.34805378e-05 
 1.51210591e-07 -3.36042195e-05  1.51210591e-07 -1.63626143e-05 
 1.51260591e-07  3.13898390e-05  1.51260591e-07  1.87089980e-05 
 1.51310591e-07 -2.90096120e-05  1.51310591e-07 -2.06101811e-05 
 1.51360591e-07  2.69471024e-05  1.51360591e-07  2.21420183e-05 
 1.51410591e-07 -2.47437876e-05  1.51410591e-07 -2.33393118e-05 
 1.51460591e-07  2.28748099e-05  1.51460591e-07  2.42813394e-05 
 1.51510591e-07 -2.08735293e-05  1.51510591e-07 -2.49763535e-05 
 1.51560591e-07  1.92112147e-05  1.51560591e-07  2.54972463e-05 
 1.51610591e-07 -1.74158213e-05  1.51610591e-07 -2.58372858e-05 
 1.51660591e-07  1.59572348e-05  1.51660591e-07  2.60616920e-05 
 1.51710591e-07 -1.43598307e-05  1.51710591e-07 -2.61541570e-05 
 1.51760591e-07  1.30934300e-05  1.51760591e-07  2.61732273e-05 
 1.51810591e-07 -1.16800648e-05  1.51810591e-07 -2.60960347e-05 
 1.51860591e-07  1.05901472e-05  1.51860591e-07  2.59758403e-05 
 1.51910591e-07 -9.34420490e-06  1.51910591e-07 -2.57851392e-05 
 1.51960591e-07  8.41352838e-06  1.51960591e-07  2.55731558e-05 
 1.52010591e-07 -7.31770972e-06  1.52010591e-07 -2.53090749e-05 
 1.52060591e-07  6.52900329e-06  1.52060591e-07  2.50390874e-05 
 1.52110591e-07 -5.56644987e-06  1.52110591e-07 -2.47300169e-05 
 1.52160591e-07  4.90324788e-06  1.52160591e-07  2.44257927e-05 
 1.52210591e-07 -4.05814446e-06  1.52210591e-07 -2.40915656e-05 
 1.52260591e-07  3.50521123e-06  1.52260591e-07  2.37695870e-05 
 1.52310591e-07 -2.76307234e-06  1.52310591e-07 -2.34238362e-05 
 1.52360591e-07  2.30658071e-06  1.52360591e-07  2.30953232e-05 
 1.52410591e-07 -1.65434861e-06  1.52410591e-07 -2.27472203e-05 
 1.52460591e-07  1.28191383e-06  1.52460591e-07  2.24196209e-05 
 1.52510591e-07 -7.07947126e-07  1.52510591e-07 -2.20751541e-05 
 1.52560591e-07  4.08578590e-07  1.52560591e-07  2.17532379e-05 
 1.52610591e-07  9.74200115e-08  1.52610591e-07 -2.14161477e-05 
 1.52660591e-07 -3.33410965e-07  1.52660591e-07  2.11028040e-05 
 1.52710591e-07  7.80497645e-07  1.52710591e-07 -2.07752641e-05 
 1.52760591e-07 -9.61610067e-07  1.52760591e-07  2.04720817e-05 
 1.52810591e-07  1.35771559e-06  1.52810591e-07 -2.01551914e-05 
 1.52860591e-07 -1.49137782e-06  1.52860591e-07  1.98628768e-05 
 1.52910591e-07  1.84342509e-06  1.52910591e-07 -1.95570157e-05 
 1.52960591e-07 -1.93611156e-06  1.52960591e-07  1.92756922e-05 
 1.53010591e-07  2.25012885e-06  1.53010591e-07 -1.89807728e-05 
 1.53060591e-07 -2.30747053e-06  1.53060591e-07  1.87101930e-05 
 1.53110591e-07  2.58869715e-06  1.53110591e-07 -1.84258383e-05 
 1.53160591e-07 -2.61558333e-06  1.53160591e-07  1.81655329e-05 
 1.53210591e-07  2.86856599e-06  1.53210591e-07 -1.78912003e-05 
 1.53260591e-07 -2.86923634e-06  1.53260591e-07  1.76405807e-05 
 1.53310591e-07  3.09791609e-06  1.53310591e-07 -1.73756470e-05 
 1.53360591e-07 -3.07604313e-06  1.53360591e-07  1.71340745e-05 
 1.53410591e-07  3.28383275e-06  1.53410591e-07 -1.68778920e-05 
 1.53460591e-07 -3.24259502e-06  1.53460591e-07  1.66447241e-05 
 1.53510591e-07  3.43244747e-06  1.53510591e-07 -1.63966572e-05 
 1.53560591e-07 -3.37459398e-06  1.53560591e-07  1.61712754e-05 
 1.53610591e-07  3.54906269e-06  1.53610591e-07 -1.59307231e-05 
 1.53660591e-07 -3.47696955e-06  1.53660591e-07  1.57125507e-05 
 1.53710591e-07  3.63826123e-06  1.53710591e-07 -1.54789587e-05 
 1.53760591e-07 -3.55398120e-06  1.53760591e-07  1.52674692e-05 
 1.53810591e-07  3.70400194e-06  1.53810591e-07 -1.50403361e-05 
 1.53860591e-07 -3.60930758e-06  1.53860591e-07  1.48350569e-05 
 1.53910591e-07  3.74970317e-06  1.53910591e-07 -1.46139352e-05 
 1.53960591e-07 -3.64612440e-06  1.53960591e-07  1.44144470e-05 
 1.54010591e-07  3.77831512e-06  1.54010591e-07 -1.41989420e-05 
 1.54060591e-07 -3.66717196e-06  1.54060591e-07  1.40048764e-05 
 1.54110591e-07  3.79238312e-06  1.54110591e-07 -1.37946428e-05 
 1.54160591e-07 -3.67481402e-06  1.54160591e-07  1.36056789e-05 
 1.54210591e-07  3.79410228e-06  1.54210591e-07 -1.34004162e-05 
 1.54260591e-07 -3.67108868e-06  1.54260591e-07  1.32162756e-05 
 1.54310591e-07  3.78536486e-06  1.54310591e-07 -1.30157241e-05 
 1.54360591e-07 -3.65775252e-06  1.54360591e-07  1.28361667e-05 
 1.54410591e-07  3.76780143e-06  1.54410591e-07 -1.26401024e-05 
 1.54460591e-07 -3.63631888e-06  1.54460591e-07  1.24649213e-05 
 1.54510591e-07  3.74281647e-06  1.54510591e-07 -1.22731516e-05 
 1.54560591e-07 -3.60809095e-06  1.54560591e-07  1.21021690e-05 
 1.54610591e-07  3.71161908e-06  1.54610591e-07 -1.19145281e-05 
 1.54660591e-07 -3.57419034e-06  1.54660591e-07  1.17475911e-05 
 1.54710591e-07  3.67524966e-06  1.54710591e-07 -1.15639363e-05 
 1.54760591e-07 -3.53558195e-06  1.54760591e-07  1.14009132e-05 
 1.54810591e-07  3.63460295e-06  1.54810591e-07 -1.12211216e-05 
 1.54860591e-07 -3.49309528e-06  1.54860591e-07  1.10618987e-05 
 1.54910591e-07  3.59044790e-06  1.54910591e-07 -1.08858636e-05 
 1.54960591e-07 -3.44744300e-06  1.54960591e-07  1.07303420e-05 
 1.55010591e-07  3.54344492e-06  1.55010591e-07 -1.05579705e-05 
 1.55060591e-07 -3.39923692e-06  1.55060591e-07  1.04060640e-05 
 1.55110591e-07  3.49416067e-06  1.55110591e-07 -1.02372746e-05 
 1.55160591e-07 -3.34900178e-06  1.55160591e-07  1.00889070e-05 
 1.55210591e-07  3.44308099e-06  1.55210591e-07 -9.92362748e-06 
 1.55260591e-07 -3.29718722e-06  1.55260591e-07  9.77873117e-06 
 1.55310591e-07  3.39062189e-06  1.55310591e-07 -9.61689684e-06 
 1.55360591e-07 -3.24417809e-06  1.55360591e-07  9.47541081e-06 
 1.55410591e-07  3.33713929e-06  1.55410591e-07 -9.31696316e-06 
 1.55460591e-07 -3.19030336e-06  1.55460591e-07  9.17883184e-06 
 1.55510591e-07  3.28293714e-06  1.55510591e-07 -9.02371716e-06 
 1.55560591e-07 -3.13584376e-06  1.55560591e-07  8.88888928e-06 
 1.55610591e-07  3.22827464e-06  1.55610591e-07 -8.73705766e-06 
 1.55660591e-07 -3.08103852e-06  1.55660591e-07  8.60548524e-06 
 1.55710591e-07  3.17337243e-06  1.55710591e-07 -8.45688971e-06 
 1.55760591e-07 -3.02609100e-06  1.55760591e-07  8.32852730e-06 
 1.55810591e-07  3.11841784e-06  1.55810591e-07 -8.18312311e-06 
 1.55860591e-07 -2.97117370e-06  1.55860591e-07  8.05792716e-06 
 1.55910591e-07  3.06356962e-06  1.55910591e-07 -7.91567119e-06 
 1.55960591e-07 -2.91643250e-06  1.55960591e-07  7.79359950e-06 
 1.56010591e-07  3.00896171e-06  1.56010591e-07 -7.65444979e-06 
 1.56060591e-07 -2.86199041e-06  1.56060591e-07  7.53546109e-06 
 1.56110591e-07  2.95470692e-06  1.56110591e-07 -7.39937645e-06 
 1.56160591e-07 -2.80795066e-06  1.56160591e-07  7.28343009e-06 
 1.56210591e-07  2.90089968e-06  1.56210591e-07 -7.15036979e-06 
 1.56260591e-07 -2.75439959e-06  1.56260591e-07  7.03742539e-06 
 1.56310591e-07  2.84761872e-06  1.56310591e-07 -6.90734897e-06 
 1.56360591e-07 -2.70140885e-06  1.56360591e-07  6.79736632e-06 
 1.56410591e-07  2.79492920e-06  1.56410591e-07 -6.67023334e-06 
 1.56460591e-07 -2.64903759e-06  1.56460591e-07  6.56317218e-06 
 1.56510591e-07  2.74288468e-06  1.56510591e-07 -6.43894214e-06 
 1.56560591e-07 -2.59733419e-06  1.56560591e-07  6.33476205e-06 
 1.56610591e-07  2.69152868e-06  1.56610591e-07 -6.21339425e-06 
 1.56660591e-07 -2.54633772e-06  1.56660591e-07  6.11205457e-06 
 1.56710591e-07  2.64089620e-06  1.56710591e-07 -5.99350808e-06 
 1.56760591e-07 -2.49607934e-06  1.56760591e-07  5.89496790e-06 
 1.56810591e-07  2.59101483e-06  1.56810591e-07 -5.77920148e-06 
 1.56860591e-07 -2.44658340e-06  1.56860591e-07  5.68341953e-06 
 1.56910591e-07  2.54190592e-06  1.56910591e-07 -5.57039164e-06 
 1.56960591e-07 -2.39786846e-06  1.56960591e-07  5.47732635e-06 
 1.57010591e-07  2.49358542e-06  1.57010591e-07 -5.36699515e-06 
 1.57060591e-07 -2.34994802e-06  1.57060591e-07  5.27660464e-06 
 1.57110591e-07  2.44606460e-06  1.57110591e-07 -5.16892797e-06 
 1.57160591e-07 -2.30283138e-06  1.57160591e-07  5.08117003e-06 
 1.57210591e-07  2.39935090e-06  1.57210591e-07 -4.97610544e-06 
 1.57260591e-07 -2.25652422e-06  1.57260591e-07  4.89093758e-06 
 1.57310591e-07  2.35344837e-06  1.57310591e-07 -4.78844237e-06 
 1.57360591e-07 -2.21102908e-06  1.57360591e-07  4.70582186e-06 
 1.57410591e-07  2.30835822e-06  1.57410591e-07 -4.60585312e-06 
 1.57460591e-07 -2.16634598e-06  1.57460591e-07  4.52573703e-06 
 1.57510591e-07  2.26407929e-06  1.57510591e-07 -4.42825161e-06 
 1.57560591e-07 -2.12247265e-06  1.57560591e-07  4.35059679e-06 
 1.57610591e-07  2.22060831e-06  1.57610591e-07 -4.25555145e-06 
 1.57660591e-07 -2.07940496e-06  1.57660591e-07  4.18031466e-06 
 1.57710591e-07  2.17794037e-06  1.57710591e-07 -4.08766602e-06 
 1.57760591e-07 -2.03713721e-06  1.57760591e-07  4.01480390e-06 
 1.57810591e-07  2.13606907e-06  1.57810591e-07 -3.92450855e-06 
 1.57860591e-07 -1.99566244e-06  1.57860591e-07  3.85397770e-06 
 1.57910591e-07  2.09498688e-06  1.57910591e-07 -3.76599216e-06 
 1.57960591e-07 -1.95497254e-06  1.57960591e-07  3.69774920e-06 
 1.58010591e-07  2.05468518e-06  1.58010591e-07 -3.61203006e-06 
 1.58060591e-07 -1.91505850e-06  1.58060591e-07  3.54603162e-06 
 1.58110591e-07  2.01515463e-06  1.58110591e-07 -3.46253553e-06 
 1.58160591e-07 -1.87591062e-06  1.58160591e-07  3.39873835e-06 
 1.58210591e-07  1.97638515e-06  1.58210591e-07 -3.31742202e-06 
 1.58260591e-07 -1.83751852e-06  1.58260591e-07  3.25578293e-06 
 1.58310591e-07  1.93836614e-06  1.58310591e-07 -3.17660327e-06 
 1.58360591e-07 -1.79987142e-06  1.58360591e-07  3.11707928e-06 
 1.58410591e-07  1.90108664e-06  1.58410591e-07 -3.03999337e-06 
 1.58460591e-07 -1.76295815e-06  1.58460591e-07  2.98254169e-06 
 1.58510591e-07  1.86453527e-06  1.58510591e-07 -2.90750683e-06 
 1.58560591e-07 -1.72676720e-06  1.58560591e-07  2.85208490e-06 
 1.58610591e-07  1.82870043e-06  1.58610591e-07 -2.77905863e-06 
 1.58660591e-07 -1.69128689e-06  1.58660591e-07  2.72562415e-06 
 1.58710591e-07  1.79357038e-06  1.58710591e-07 -2.65456430e-06 
 1.58760591e-07 -1.65650540e-06  1.58760591e-07  2.60307530e-06 
 1.58810591e-07  1.75913321e-06  1.58810591e-07 -2.53394004e-06 
 1.58860591e-07 -1.62241079e-06  1.58860591e-07  2.48435484e-06 
 1.58910591e-07  1.72537698e-06  1.58910591e-07 -2.41710264e-06 
 1.58960591e-07 -1.58899111e-06  1.58960591e-07  2.36937994e-06 
 1.59010591e-07  1.69228971e-06  1.59010591e-07 -2.30396969e-06 
 1.59060591e-07 -1.55623436e-06  1.59060591e-07  2.25806855e-06 
 1.59110591e-07  1.65985941e-06  1.59110591e-07 -2.19445950e-06 
 1.59160591e-07 -1.52412859e-06  1.59160591e-07  2.15033941e-06 
 1.59210591e-07  1.62807417e-06  1.59210591e-07 -2.08849124e-06 
 1.59260591e-07 -1.49266194e-06  1.59260591e-07  2.04611209e-06 
 1.59310591e-07  1.59692214e-06  1.59310591e-07 -1.98598493e-06 
 1.59360591e-07 -1.46182256e-06  1.59360591e-07  1.94530708e-06 
 1.59410591e-07  1.56639155e-06  1.59410591e-07 -1.88686148e-06 
 1.59460591e-07 -1.43159875e-06  1.59460591e-07  1.84784574e-06 
 1.59510591e-07  1.53647072e-06  1.59510591e-07 -1.79104277e-06 
 1.59560591e-07 -1.40197888e-06  1.59560591e-07  1.75365044e-06 
 1.59610591e-07  1.50714810e-06  1.59610591e-07 -1.69845161e-06 
 1.59660591e-07 -1.37295152e-06  1.59660591e-07  1.66264448e-06 
 1.59710591e-07  1.47841234e-06  1.59710591e-07 -1.60901184e-06 
 1.59760591e-07 -1.34450534e-06  1.59760591e-07  1.57475220e-06 
 1.59810591e-07  1.45025218e-06  1.59810591e-07 -1.52264830e-06 
 1.59860591e-07 -1.31662916e-06  1.59860591e-07  1.48989895e-06 
 1.59910591e-07  1.42265650e-06  1.59910591e-07 -1.43928688e-06 
 1.59955296e-07 -1.28771124e-06  1.59955296e-07  1.40325167e-06 
 1.60000000e-07  1.39244706e-06  1.60000000e-07 -1.34951669e-06 
 1.60005000e-07  1.25889952e-05  1.60005000e-07  1.59419628e-04 
 1.60015000e-07 -3.67273774e-06  1.60015000e-07  3.36594708e-05 
 1.60035000e-07 -7.29704714e-06  1.60035000e-07 -5.82211313e-05 
 1.60075000e-07  5.77329658e-06  1.60075000e-07 -5.14061882e-05 
 1.60125000e-07 -3.28810232e-05  1.60125000e-07 -1.44419744e-04 
 1.60162500e-07 -8.52636140e-05  1.60162500e-07 -3.36382794e-04 
 1.60200000e-07  4.14361721e-04  1.60200000e-07  1.44244281e-04 
 1.60205000e-07  3.52661564e-04  1.60205000e-07  6.30837648e-05 
 1.60215000e-07 -1.83043457e-04  1.60215000e-07  2.35235636e-04 
 1.60235000e-07 -4.03794501e-04  1.60235000e-07  6.98756650e-04 
 1.60275000e-07  3.04011301e-04  1.60275000e-07  1.65877406e-03 
 1.60319114e-07 -1.66735540e-04  1.60319114e-07 -2.16931598e-03 
 1.60365225e-07  1.00222552e-04  1.60365225e-07  3.85681356e-04 
 1.60415225e-07 -6.70222383e-05  1.60415225e-07 -1.85822080e-04 
 1.60465225e-07  4.73676452e-05  1.60465225e-07  3.16555486e-04 
 1.60515225e-07 -3.45679575e-05  1.60515225e-07 -1.78386116e-04 
 1.60565225e-07  2.61508306e-05  1.60565225e-07  1.54931121e-04 
 1.60615225e-07 -2.00540180e-05  1.60615225e-07 -9.88223719e-05 
 1.60665225e-07  1.58567403e-05  1.60665225e-07  6.87758831e-05 
 1.60715225e-07 -1.25674061e-05  1.60715225e-07 -3.87291281e-05 
 1.60765225e-07  1.02951948e-05  1.60765225e-07  1.72683118e-05 
 1.60815225e-07 -8.34225399e-06  1.60815225e-07  8.39350030e-07 
 1.60865225e-07  7.02286675e-06  1.60865225e-07 -1.47848088e-05 
 1.60915225e-07 -5.75424485e-06  1.60915225e-07  2.59931997e-05 
 1.60965225e-07  4.93662935e-06  1.60965225e-07 -3.47051768e-05 
 1.61015225e-07 -4.03981880e-06  1.61015225e-07  4.15302592e-05 
 1.61065225e-07  3.50355851e-06  1.61065225e-07 -4.67390591e-05 
 1.61115225e-07 -2.82276429e-06  1.61115225e-07  5.06947799e-05 
 1.61165225e-07  2.45604718e-06  1.61165225e-07 -5.35809823e-05 
 1.61215225e-07 -1.91055089e-06  1.61215225e-07  5.56481911e-05 
 1.61265225e-07  1.65413262e-06  1.61265225e-07 -5.70057910e-05 
 1.61315225e-07 -1.19999713e-06  1.61315225e-07  5.78375717e-05 
 1.61365225e-07  1.02066532e-06  1.61365225e-07 -5.82012996e-05 
 1.61415225e-07 -6.32424990e-07  1.61415225e-07  5.82369236e-05 
 1.61465225e-07  5.10241257e-07  1.61465225e-07 -5.79675476e-05 
 1.61515225e-07 -1.72031700e-07  1.61515225e-07  5.75032029e-05 
 1.61565225e-07  9.41090813e-08  1.61565225e-07 -5.68438531e-05 
 1.61615225e-07  2.04700298e-07  1.61615225e-07  5.60787705e-05 
 1.61665225e-07 -2.47293033e-07  1.61665225e-07 -5.51925066e-05 
 1.61715225e-07  5.14301113e-07  1.61715225e-07  5.42597932e-05 
 1.61765225e-07 -5.28124494e-07  1.61765225e-07 -5.32549693e-05 
 1.61815225e-07  7.69047641e-07  1.61815225e-07  5.22425162e-05 
 1.61865225e-07 -7.59137114e-07  1.61865225e-07 -5.11900753e-05 
 1.61915225e-07  9.78438029e-07  1.61915225e-07  5.01548653e-05 
 1.61957612e-07 -9.64056103e-07  1.61957612e-07 -4.89139749e-05 
 1.62000000e-07  1.17738874e-06  1.62000000e-07  4.77109066e-05 
 1.62005000e-07  6.58258544e-07  1.62005000e-07  1.10150982e-05 
 1.62015000e-07 -8.91322222e-07  1.62015000e-07 -8.95735745e-06 
 1.62035000e-07  2.16532519e-07  1.62035000e-07  1.28142220e-06 
 1.62075000e-07  3.62348622e-07  1.62075000e-07 -2.15436711e-06 
 1.62125000e-07 -9.72046198e-07  1.62125000e-07  1.79133796e-07 
 1.62162500e-07  1.24209369e-06  1.62162500e-07 -1.28414040e-05 
 1.62200000e-07  3.52409739e-06  1.62200000e-07  4.37075224e-05 
 1.62205000e-07 -4.64286261e-06  1.62205000e-07  9.56327781e-06 
 1.62215000e-07 -4.88078237e-06  1.62215000e-07  7.52583530e-06 
 1.62235000e-07  1.98434990e-06  1.62235000e-07 -5.78122765e-06 
 1.62275000e-07 -7.81309576e-07  1.62275000e-07 -1.05609082e-05 
 1.62325000e-07  1.21790572e-06  1.62325000e-07  2.97151977e-06 
 1.62375000e-07 -1.22591273e-06  1.62375000e-07 -9.19603477e-07 
 1.62425000e-07  1.33277294e-06  1.62425000e-07  2.70582130e-06 
 1.62475000e-07 -1.13543280e-06  1.62475000e-07 -2.24057569e-06 
 1.62525000e-07  1.15145908e-06  1.62525000e-07  2.55749718e-06 
 1.62575000e-07 -9.21643661e-07  1.62575000e-07 -2.49592199e-06 
 1.62625000e-07  9.33905277e-07  1.62625000e-07  2.54031758e-06 
 1.62675000e-07 -7.13219117e-07  1.62675000e-07 -2.50741921e-06 
 1.62725000e-07  7.40040701e-07  1.62725000e-07  2.48775346e-06 
 1.62775000e-07 -5.35711005e-07  1.62775000e-07 -2.43575878e-06 
 1.62825000e-07  5.78977424e-07  1.62825000e-07  2.39200756e-06 
 1.62875000e-07 -3.90377809e-07  1.62875000e-07 -2.32402840e-06 
 1.62925000e-07  4.48322822e-07  1.62925000e-07  2.26866066e-06 
 1.62975000e-07 -2.73228517e-07  1.62975000e-07 -2.19207266e-06 
 1.63025000e-07  3.43503098e-07  1.63025000e-07  2.13164919e-06 
 1.63075000e-07 -1.79606915e-07  1.63075000e-07 -2.05196879e-06 
 1.63125000e-07  2.60022019e-07  1.63125000e-07  1.99067489e-06 
 1.63175000e-07 -1.05287060e-07  1.63175000e-07 -1.91148534e-06 
 1.63225000e-07  1.93967217e-07  1.63225000e-07  1.85200023e-06 
 1.63275000e-07 -4.66787211e-08  1.63275000e-07 -1.77549296e-06 
 1.63325000e-07  1.42062049e-07  1.63325000e-07  1.71943455e-06 
 1.63375000e-07 -8.01616384e-10  1.63375000e-07 -1.64685368e-06 
 1.63425000e-07  1.01602070e-07  1.63425000e-07  1.59509887e-06 
 1.63475000e-07  3.47945505e-08  1.63475000e-07 -1.52705504e-06 
 1.63525000e-07  7.03698122e-08  1.63525000e-07  1.47997842e-06 
 1.63575000e-07  6.21148566e-08  1.63575000e-07 -1.41666697e-06 
 1.63625000e-07  4.65535192e-08  1.63625000e-07  1.37431458e-06 
 1.63675000e-07  8.27954724e-08  1.63675000e-07 -1.31566715e-06 
 1.63725000e-07  2.86763964e-08  1.63725000e-07  1.27787981e-06 
 1.63775000e-07  9.81687640e-08  1.63775000e-07 -1.22366889e-06 
 1.63825000e-07  1.55369021e-08  1.63825000e-07  1.19016777e-06 
 1.63875000e-07  1.09317819e-07  1.63875000e-07 -1.14007804e-06 
 1.63925000e-07  6.15915642e-09  1.63925000e-07  1.11052292e-06 
 1.63975000e-07  1.17121507e-07  1.63975000e-07 -1.06419886e-06 
 1.64025000e-07 -2.47963337e-10  1.64025000e-07  1.03822661e-06 
 1.64075000e-07  1.22291647e-07  1.64075000e-07 -9.95303491e-07 
 1.64125000e-07 -4.32455440e-09  1.64125000e-07  9.72552661e-07 
 1.64175000e-07  1.25403525e-07  1.64175000e-07 -9.32675972e-07 
 1.64225000e-07 -6.58734763e-09  1.64225000e-07  9.12801788e-07 
 1.64275000e-07  1.26920934e-07  1.64275000e-07 -8.75638547e-07 
 1.64325000e-07 -7.45234165e-09  1.64325000e-07  8.58321335e-07 
 1.64375000e-07  1.27216770e-07  1.64375000e-07 -8.23566086e-07 
 1.64425000e-07 -7.25352313e-09  1.64425000e-07  8.08515222e-07 
 1.64475000e-07  1.26589852e-07  1.64475000e-07 -7.75892411e-07 
 1.64525000e-07 -6.25796353e-09  1.64525000e-07  7.62847445e-07 
 1.64575000e-07  1.25278687e-07  1.64575000e-07 -7.32111510e-07 
 1.64625000e-07 -4.67843939e-09  1.64625000e-07  7.20841469e-07 
 1.64675000e-07  1.23472833e-07  1.64675000e-07 -6.91775569e-07 
 1.64725000e-07 -2.68358938e-09  1.64725000e-07  6.82077226e-07 
 1.64775000e-07  1.21322082e-07  1.64775000e-07 -6.54491144e-07 
 1.64825000e-07 -4.06266416e-10  1.64825000e-07  6.46186679e-07 
 1.64875000e-07  1.18944081e-07  1.64875000e-07 -6.19914352e-07 
 1.64925000e-07  2.04957975e-09  1.64925000e-07  6.12848841e-07 
 1.64975000e-07  1.16430486e-07  1.64975000e-07 -5.87745796e-07 
 1.65025000e-07  4.60330589e-09  1.65025000e-07  5.81784601e-07 
 1.65075000e-07  1.13852026e-07  1.65075000e-07 -5.57725423e-07 
 1.65125000e-07  7.19306599e-09  1.65125000e-07  5.52751739e-07 
 1.65175000e-07  1.11262619e-07  1.65175000e-07 -5.29627668e-07 
 1.65225000e-07  9.77203421e-09  1.65225000e-07  5.25540248e-07 
 1.65275000e-07  1.08702739e-07  1.65275000e-07 -5.03256993e-07 
 1.65325000e-07  1.23054312e-08  1.65325000e-07  4.99968041e-07 
 1.65375000e-07  1.06202119e-07  1.65375000e-07 -4.78443841e-07 
 1.65425000e-07  1.47679750e-08  1.65425000e-07  4.75877175e-07 
 1.65475000e-07  1.03782049e-07  1.65475000e-07 -4.55041020e-07 
 1.65525000e-07  1.71419682e-08  1.65525000e-07  4.53130445e-07 
 1.65575000e-07  1.01457042e-07  1.65575000e-07 -4.32920600e-07 
 1.65625000e-07  1.94156733e-08  1.65625000e-07  4.31608486e-07 
 1.65675000e-07  9.92364156e-08  1.65675000e-07 -4.11971105e-07 
 1.65725000e-07  2.15819288e-08  1.65725000e-07  4.11207138e-07 
 1.65775000e-07  9.71254144e-08  1.65775000e-07 -3.92095158e-07 
 1.65825000e-07  2.36371340e-08  1.65825000e-07  3.91835287e-07 
 1.65875000e-07  9.51261978e-08  1.65875000e-07 -3.73207457e-07 
 1.65925000e-07  2.55804520e-08  1.65925000e-07  3.73413001e-07 
 1.65975000e-07  9.32384953e-08  1.65975000e-07 -3.55233015e-07 
 1.66025000e-07  2.74130304e-08  1.66025000e-07  3.55869873e-07 
 1.66075000e-07  9.14603463e-08  1.66075000e-07 -3.38105659e-07 
 1.66125000e-07  2.91375582e-08  1.66125000e-07  3.39143640e-07 
 1.66175000e-07  8.97885049e-08  1.66175000e-07 -3.21766751e-07 
 1.66225000e-07  3.07577691e-08  1.66225000e-07  3.23179041e-07 
 1.66275000e-07  8.82188072e-08  1.66275000e-07 -3.06164166e-07 
 1.66325000e-07  3.22781249e-08  1.66325000e-07  3.07926830e-07 
 1.66375000e-07  8.67465582e-08  1.66375000e-07 -2.91251324e-07 
 1.66425000e-07  3.37035523e-08  1.66425000e-07  2.93342905e-07 
 1.66475000e-07  8.53666368e-08  1.66475000e-07 -2.76986411e-07 
 1.66525000e-07  3.50392807e-08  1.66525000e-07  2.79387602e-07 
 1.66575000e-07  8.40737957e-08  1.66575000e-07 -2.63331773e-07 
 1.66625000e-07  3.62905648e-08  1.66625000e-07  2.66025117e-07 
 1.66675000e-07  8.28627214e-08  1.66675000e-07 -2.50253319e-07 
 1.66725000e-07  3.74627456e-08  1.66725000e-07  2.53222938e-07 
 1.66775000e-07  8.17281473e-08  1.66775000e-07 -2.37720036e-07 
 1.66825000e-07  3.85609786e-08  1.66825000e-07  2.40951467e-07 
 1.66875000e-07  8.06650092e-08  1.66875000e-07 -2.25703611e-07 
 1.66925000e-07  3.95902679e-08  1.66925000e-07  2.29183624e-07 
 1.66975000e-07  7.96683470e-08  1.66975000e-07 -2.14178131e-07 
 1.67025000e-07  4.05554607e-08  1.67025000e-07  2.17894535e-07 
 1.67075000e-07  7.87334990e-08  1.67075000e-07 -2.03119693e-07 
 1.67125000e-07  4.14610887e-08  1.67125000e-07  2.07061237e-07 
 1.67175000e-07  7.78559850e-08  1.67175000e-07 -1.92506245e-07 
 1.67225000e-07  4.23115162e-08  1.67225000e-07  1.96662529e-07 
 1.67275000e-07  7.70316545e-08  1.67275000e-07 -1.82317335e-07 
 1.67325000e-07  4.31107500e-08  1.67325000e-07  1.86678663e-07 
 1.67375000e-07  7.62565752e-08  1.67375000e-07 -1.72533938e-07 
 1.67425000e-07  4.38625742e-08  1.67425000e-07  1.77091279e-07 
 1.67475000e-07  7.55271100e-08  1.67475000e-07 -1.63138271e-07 
 1.67525000e-07  4.45705250e-08  1.67525000e-07  1.67883195e-07 
 1.67575000e-07  7.48398732e-08  1.67575000e-07 -1.54113744e-07 
 1.67625000e-07  4.52378421e-08  1.67625000e-07  1.59038321e-07 
 1.67675000e-07  7.41917118e-08  1.67675000e-07 -1.45444725e-07 
 1.67725000e-07  4.58675590e-08  1.67725000e-07  1.50541498e-07 
 1.67775000e-07  7.35797359e-08  1.67775000e-07 -1.37116567e-07 
 1.67825000e-07  4.64624666e-08  1.67825000e-07  1.42378524e-07 
 1.67875000e-07  7.30012650e-08  1.67875000e-07 -1.29115394e-07 
 1.67925000e-07  4.70251268e-08  1.67925000e-07  1.34535892e-07 
 1.67975000e-07  7.24538289e-08  1.67975000e-07 -1.21428123e-07 
 1.68025000e-07  4.75578894e-08  1.68025000e-07  1.27000884e-07 
 1.68075000e-07  7.19352015e-08  1.68075000e-07 -1.14042368e-07 
 1.68125000e-07  4.80629029e-08  1.68125000e-07  1.19761435e-07 
 1.68175000e-07  7.14432912e-08  1.68175000e-07 -1.06946358e-07 
 1.68225000e-07  4.85421896e-08  1.68225000e-07  1.12806074e-07 
 1.68275000e-07  7.09762039e-08  1.68275000e-07 -1.00128907e-07 
 1.68325000e-07  4.89975121e-08  1.68325000e-07  1.06123882e-07 
 1.68375000e-07  7.05321890e-08  1.68375000e-07 -9.35793885e-08 
 1.68425000e-07  4.94306085e-08  1.68425000e-07  9.97044921e-08 
 1.68475000e-07  7.01096628e-08  1.68475000e-07 -8.72876384e-08 
 1.68525000e-07  4.98429359e-08  1.68525000e-07  9.35379748e-08 
 1.68575000e-07  6.97071605e-08  1.68575000e-07 -8.12439892e-08 
 1.68625000e-07  5.02359407e-08  1.68625000e-07  8.76148686e-08 
 1.68675000e-07  6.93233509e-08  1.68675000e-07 -7.54391802e-08 
 1.68725000e-07  5.06108579e-08  1.68725000e-07  8.19261456e-08 
 1.68775000e-07  6.89570353e-08  1.68775000e-07 -6.98643670e-08 
 1.68825000e-07  5.09688688e-08  1.68825000e-07  7.64631247e-08 
 1.68875000e-07  6.86070520e-08  1.68875000e-07 -6.45110579e-08 
 1.68925000e-07  5.13110558e-08  1.68925000e-07  7.12175084e-08 
 1.68975000e-07  6.82724104e-08  1.68975000e-07 -5.93711592e-08 
 1.69025000e-07  5.16384071e-08  1.69025000e-07  6.61813677e-08 
 1.69075000e-07  6.79521407e-08  1.69075000e-07 -5.44368599e-08 
 1.69125000e-07  5.19518086e-08  1.69125000e-07  6.13470526e-08 
 1.69175000e-07  6.76454062e-08  1.69175000e-07 -4.97007080e-08 
 1.69225000e-07  5.22520628e-08  1.69225000e-07  5.67072518e-08 
 1.69275000e-07  6.73514148e-08  1.69275000e-07 -4.51554854e-08 
 1.69325000e-07  5.25399864e-08  1.69325000e-07  5.22549006e-08 
 1.69375000e-07  6.70694070e-08  1.69375000e-07 -4.07943271e-08 
 1.69425000e-07  5.28162307e-08  1.69425000e-07  4.79832710e-08 
 1.69475000e-07  6.67987625e-08  1.69475000e-07 -3.66105916e-08 
 1.69525000e-07  5.30814469e-08  1.69525000e-07  4.38858306e-08 
 1.69575000e-07  6.65388215e-08  1.69575000e-07 -3.25978828e-08 
 1.69625000e-07  5.33362369e-08  1.69625000e-07  3.99563243e-08 
 1.69675000e-07  6.62890571e-08  1.69675000e-07 -2.87500667e-08 
 1.69725000e-07  5.35811191e-08  1.69725000e-07  3.61887235e-08 
 1.69775000e-07  6.60489176e-08  1.69775000e-07 -2.50612393e-08 
 1.69825000e-07  5.38166276e-08  1.69825000e-07  3.25772311e-08 
 1.69875000e-07  6.58179274e-08  1.69875000e-07 -2.15256857e-08 
 1.69925000e-07  5.40432199e-08  1.69925000e-07  2.91162485e-08 
 1.69962500e-07  6.55593864e-08  1.69962500e-07 -1.75872260e-08 
 1.70000000e-07  5.43322212e-08  1.70000000e-07  2.47263405e-08 
 1.70005000e-07 -8.23658538e-06  1.70005000e-07 -6.80338098e-05 
 1.70015000e-07  5.95293632e-06  1.70015000e-07 -1.18647810e-06 
 1.70035000e-07  2.82110118e-06  1.70035000e-07  2.47618898e-05 
 1.70075000e-07 -4.27160366e-06  1.70075000e-07  1.29528850e-05 
 1.70125000e-07  2.34832468e-05  1.70125000e-07  1.75288651e-04 
 1.70162500e-07  3.83070203e-06  1.70162500e-07  1.57744886e-04 
 1.70200000e-07 -2.11821959e-04  1.70200000e-07 -2.18564117e-04 
 1.70205000e-07 -1.33016878e-04  1.70205000e-07 -3.39657510e-04 
 1.70215000e-07  1.95692493e-04  1.70215000e-07 -7.36039032e-04 
 1.70235000e-07  2.86012467e-04  1.70235000e-07 -1.20920758e-03 
 1.70273338e-07 -2.78754656e-04  1.70273338e-07 -1.45494834e-05 
 1.70315489e-07  1.45665563e-04  1.70315489e-07  1.54163507e-03 
 1.70359601e-07 -6.59906776e-05  1.70359601e-07 -5.56615016e-04 
 1.70409601e-07  2.52045617e-05  1.70409601e-07  2.88185680e-04 
 1.70459601e-07  2.79906399e-06  1.70459601e-07 -3.87630676e-04 
 1.70509601e-07 -2.41095063e-05  1.70509601e-07  2.38959963e-04 
 1.70559601e-07  3.97641515e-05  1.70559601e-07 -2.21574296e-04 
 1.70609601e-07 -4.98585935e-05  1.70609601e-07  1.77111216e-04 
 1.70659601e-07  5.59400783e-05  1.70659601e-07 -1.58609953e-04 
 1.70709601e-07 -5.87012381e-05  1.70709601e-07  1.21105458e-04 
 1.70759601e-07  5.94857159e-05  1.70759601e-07 -1.02941367e-04 
 1.70809601e-07 -5.85315226e-05  1.70809601e-07  7.98058245e-05 
 1.70859601e-07  5.68016552e-05  1.70859601e-07 -6.42683946e-05 
 1.70909601e-07 -5.41828663e-05  1.70909601e-07  4.90090374e-05 
 1.70959601e-07  5.14064188e-05  1.70959601e-07 -3.71312079e-05 
 1.71009601e-07 -4.81701311e-05  1.71009601e-07  2.65778273e-05 
 1.71059601e-07  4.50837392e-05  1.71059601e-07 -1.78534128e-05 
 1.71109601e-07 -4.17500539e-05  1.71109601e-07  1.03774730e-05 
 1.71159601e-07  3.87154741e-05  1.71159601e-07 -4.04828011e-06 
 1.71209601e-07 -3.55352947e-05  1.71209601e-07 -1.31629347e-06 
 1.71259601e-07  3.27220768e-05  1.71259601e-07  5.90439898e-06 
 1.71309601e-07 -2.98073567e-05  1.71309601e-07 -9.78795246e-06 
 1.71359601e-07  2.72852024e-05  1.71359601e-07  1.31289963e-05 
 1.71409601e-07 -2.46754772e-05  1.71409601e-07 -1.59620126e-05 
 1.71459601e-07  2.24620420e-05  1.71459601e-07  1.84117356e-05 
 1.71509601e-07 -2.01593372e-05  1.71509601e-07 -2.04935454e-05 
 1.71559601e-07  1.82456380e-05  1.71559601e-07  2.23034344e-05 
 1.71609601e-07 -1.62332167e-05  1.71609601e-07 -2.38435225e-05 
 1.71659601e-07  1.45974009e-05  1.71659601e-07  2.51902385e-05 
 1.71709601e-07 -1.28499756e-05  1.71709601e-07 -2.63356360e-05 
 1.71759601e-07  1.14648471e-05  1.71759601e-07  2.73432020e-05 
 1.71809601e-07 -9.95415296e-06  1.71809601e-07 -2.81973875e-05 
 1.71859601e-07  8.79126215e-06  1.71859601e-07  2.89531061e-05 
 1.71909601e-07 -7.48905343e-06  1.71909601e-07 -2.95891957e-05 
 1.71959601e-07  6.52086392e-06  1.71959601e-07  3.01548338e-05 
 1.72009601e-07 -5.40045899e-06  1.72009601e-07 -3.06247914e-05 
 1.72059601e-07  4.60142362e-06  1.72059601e-07  3.10443669e-05 
 1.72109601e-07 -3.63842765e-06  1.72109601e-07 -3.13854190e-05 
 1.72159601e-07  2.98544752e-06  1.72159601e-07  3.16906003e-05 
 1.72209601e-07 -2.15801093e-06  1.72209601e-07 -3.19296936e-05 
 1.72259601e-07  1.63046117e-06  1.72259601e-07  3.21436063e-05 
 1.72309601e-07 -9.19433322e-07  1.72309601e-07 -3.22989350e-05 
 1.72359601e-07  4.99347539e-07  1.72359601e-07  3.24397485e-05 
 1.72409601e-07  1.12426940e-07  1.72409601e-07 -3.25278786e-05 
 1.72459601e-07 -4.40703111e-07  1.72459601e-07  3.26071239e-05 
 1.72509601e-07  9.67862887e-07  1.72509601e-07 -3.26390201e-05 
 1.72559601e-07 -1.21798664e-06  1.72559601e-07  3.26665016e-05 
 1.72609601e-07  1.67319469e-06  1.72609601e-07 -3.26507510e-05 
 1.72659601e-07 -1.85695612e-06  1.72659601e-07  3.26341128e-05 
 1.72709601e-07  2.25112313e-06  1.72709601e-07 -3.25775314e-05 
 1.72759601e-07 -2.37872822e-06  1.72759601e-07  3.25226259e-05 
 1.72809601e-07  2.72114847e-06  1.72809601e-07 -3.24314797e-05 
 1.72859601e-07 -2.80115917e-06  1.72859601e-07  3.23435644e-05 
 1.72909601e-07  3.10000870e-06  1.72909601e-07 -3.22206938e-05 
 1.72959601e-07 -3.13989211e-06  1.72959601e-07  3.21042035e-05 
 1.73009601e-07  3.40193134e-06  1.73009601e-07 -3.19546066e-05 
 1.73059601e-07 -3.40803925e-06  1.73059601e-07  3.18127910e-05 
 1.73109601e-07  3.63912515e-06  1.73109601e-07 -3.16395482e-05 
 1.73159601e-07 -3.61686496e-06  1.73159601e-07  3.14755006e-05 
 1.73209601e-07  3.82197791e-06  1.73209601e-07 -3.12814798e-05 
 1.73259601e-07 -3.77594662e-06  1.73259601e-07  3.10978857e-05 
 1.73309601e-07  3.95931988e-06  1.73309601e-07 -3.08856157e-05 
 1.73359601e-07 -3.89342214e-06  1.73359601e-07  3.06848591e-05 
 1.73409601e-07  4.05864974e-06  1.73409601e-07 -3.04565936e-05 
 1.73459601e-07 -3.97619789e-06  1.73459601e-07  3.02408106e-05 
 1.73509601e-07  4.12632691e-06  1.73509601e-07 -2.99985754e-05 
 1.73559601e-07 -4.03012684e-06  1.73559601e-07  2.97696928e-05 
 1.73609601e-07  4.16773696e-06  1.73609601e-07 -2.95153197e-05 
 1.73659601e-07 -4.06016209e-06  1.73659601e-07  2.92750848e-05 
 1.73709601e-07  4.18743398e-06  1.73709601e-07 -2.90102378e-05 
 1.73759601e-07 -4.07048892e-06  1.73759601e-07  2.87602406e-05 
 1.73809601e-07  4.18926326e-06  1.73809601e-07 -2.84864355e-05 
 1.73859601e-07 -4.06463853e-06  1.73859601e-07  2.82281265e-05 
 1.73909601e-07  4.17646639e-06  1.73909601e-07 -2.79467468e-05 
 1.73959601e-07 -4.04558518e-06  1.73959601e-07  2.76814512e-05 
 1.74009601e-07  4.15177143e-06  1.74009601e-07 -2.73937613e-05 
 1.74059601e-07 -4.01582978e-06  1.74059601e-07  2.71226905e-05 
 1.74109601e-07  4.11747011e-06  1.74109601e-07 -2.68298458e-05 
 1.74159601e-07 -3.97747124e-06  1.74159601e-07  2.65541073e-05 
 1.74209601e-07  4.07548382e-06  1.74209601e-07 -2.62571640e-05 
 1.74259601e-07 -3.93226743e-06  1.74259601e-07  2.59777699e-05 
 1.74309601e-07  4.02741998e-06  1.74309601e-07 -2.56776926e-05 
 1.74359601e-07 -3.88168722e-06  1.74359601e-07  2.53955670e-05 
 1.74409601e-07  3.97462012e-06  1.74409601e-07 -2.50932358e-05 
 1.74459601e-07 -3.82695504e-06  1.74459601e-07  2.48092219e-05 
 1.74509601e-07  3.91820097e-06  1.74509601e-07 -2.45054388e-05 
 1.74559601e-07 -3.76908856e-06  1.74559601e-07  2.42203043e-05 
 1.74609601e-07  3.85908928e-06  1.74609601e-07 -2.39157992e-05 
 1.74659601e-07 -3.70893104e-06  1.74659601e-07  2.36302426e-05 
 1.74709601e-07  3.79805163e-06  1.74709601e-07 -2.33256783e-05 
 1.74759601e-07 -3.64717866e-06  1.74759601e-07  2.30403334e-05 
 1.74809601e-07  3.73571967e-06  1.74809601e-07 -2.27363111e-05 
 1.74859601e-07 -3.58440390e-06  1.74859601e-07  2.24517519e-05 
 1.74909601e-07  3.67261158e-06  1.74909601e-07 -2.21488153e-05 
 1.74959601e-07 -3.52107521e-06  1.74959601e-07  2.18655610e-05 
 1.75009601e-07  3.60915032e-06  1.75009601e-07 -2.15642007e-05 
 1.75059601e-07 -3.45757388e-06  1.75059601e-07  2.12827190e-05 
 1.75109601e-07  3.54567903e-06  1.75109601e-07 -2.09833767e-05 
 1.75159601e-07 -3.39420819e-06  1.75159601e-07  2.07040882e-05 
 1.75209601e-07  3.48247412e-06  1.75209601e-07 -2.04071601e-05 
 1.75259601e-07 -3.33122543e-06  1.75259601e-07  2.01304419e-05 
 1.75309601e-07  3.41975631e-06  1.75309601e-07 -1.98362824e-05 
 1.75359601e-07 -3.26882212e-06  1.75359601e-07  1.95624710e-05 
 1.75409601e-07  3.35770003e-06  1.75409601e-07 -1.92713961e-05 
 1.75459601e-07 -3.20715256e-06  1.75459601e-07  1.90007910e-05 
 1.75509601e-07  3.29644124e-06  1.75509601e-07 -1.87130810e-05 
 1.75559601e-07 -3.14633604e-06  1.75559601e-07  1.84459475e-05 
 1.75609601e-07  3.23608409e-06  1.75609601e-07 -1.81618498e-05 
 1.75659601e-07 -3.08646297e-06  1.75659601e-07  1.78984216e-05 
 1.75709601e-07  3.17670653e-06  1.75709601e-07 -1.76181537e-05 
 1.75759601e-07 -3.02760001e-06  1.75759601e-07  1.73586356e-05 
 1.75809601e-07  3.11836495e-06  1.75809601e-07 -1.70823872e-05 
 1.75859601e-07 -2.96979434e-06  1.75859601e-07  1.68269574e-05 
 1.75909601e-07  3.06109823e-06  1.75909601e-07 -1.65548927e-05 
 1.75959601e-07 -2.91307723e-06  1.75959601e-07  1.63037049e-05 
 1.76009601e-07  3.00493079e-06  1.76009601e-07 -1.60359651e-05 
 1.76059601e-07 -2.85746712e-06  1.76059601e-07  1.57891506e-05 
 1.76109601e-07  2.94987563e-06  1.76109601e-07 -1.55258552e-05 
 1.76159601e-07 -2.80297204e-06  1.76159601e-07  1.52835249e-05 
 1.76209601e-07  2.89593645e-06  1.76209601e-07 -1.50247741e-05 
 1.76259601e-07 -2.74959185e-06  1.76259601e-07  1.47870200e-05 
 1.76309601e-07  2.84310958e-06  1.76309601e-07 -1.45328960e-05 
 1.76359601e-07 -2.69731979e-06  1.76359601e-07  1.42997930e-05 
 1.76409601e-07  2.79138557e-06  1.76409601e-07 -1.40503618e-05 
 1.76459601e-07 -2.64614403e-06  1.76459601e-07  1.38219692e-05 
 1.76509601e-07  2.74075048e-06  1.76509601e-07 -1.35772818e-05 
 1.76559601e-07 -2.59604879e-06  1.76559601e-07  1.33536446e-05 
 1.76609601e-07  2.69118696e-06  1.76609601e-07 -1.31137386e-05 
 1.76659601e-07 -2.54701537e-06  1.76659601e-07  1.28948888e-05 
 1.76709601e-07  2.64267510e-06  1.76709601e-07 -1.26597893e-05 
 1.76759601e-07 -2.49902289e-06  1.76759601e-07  1.24457472e-05 
 1.76809601e-07  2.59519322e-06  1.76809601e-07 -1.22154681e-05 
 1.76859601e-07 -2.45204898e-06  1.76859601e-07  1.20062432e-05 
 1.76909601e-07  2.54871838e-06  1.76909601e-07 -1.17807885e-05 
 1.76959601e-07 -2.40607022e-06  1.76959601e-07  1.15763805e-05 
 1.77009601e-07  2.50322683e-06  1.77009601e-07 -1.13557448e-05 
 1.77059601e-07 -2.36106268e-06  1.77059601e-07  1.11561446e-05 
 1.77109601e-07  2.45869448e-06  1.77109601e-07 -1.09403144e-05 
 1.77159601e-07 -2.31700218e-06  1.77159601e-07  1.07455052e-05 
 1.77209601e-07  2.41509711e-06  1.77209601e-07 -1.05344591e-05 
 1.77259601e-07 -2.27386451e-06  1.77259601e-07  1.03444167e-05 
 1.77309601e-07  2.37241060e-06  1.77309601e-07 -1.01381270e-05 
 1.77359601e-07 -2.23162573e-06  1.77359601e-07  9.95282094e-06 
 1.77409601e-07  2.33061121e-06  1.77409601e-07 -9.75125360e-06 
 1.77459601e-07 -2.19026228e-06  1.77459601e-07  9.57064754e-06 
 1.77509601e-07  2.28967559e-06  1.77509601e-07 -9.37376326e-06 
 1.77559601e-07 -2.14975107e-06  1.77559601e-07  9.19781575e-06 
 1.77609601e-07  2.24958094e-06  1.77609601e-07 -9.00557029e-06 
 1.77659601e-07 -2.11006962e-06  1.77659601e-07  8.83423527e-06 
 1.77709601e-07  2.21030509e-06  1.77709601e-07 -8.64658014e-06 
 1.77759601e-07 -2.07119608e-06  1.77759601e-07  8.47980748e-06 
 1.77809601e-07  2.17182652e-06  1.77809601e-07 -8.29669038e-06 
 1.77859601e-07 -2.03310927e-06  1.77859601e-07  8.13442631e-06 
 1.77909601e-07  2.13412440e-06  1.77909601e-07 -7.95579157e-06 
 1.77959601e-07 -1.99578876e-06  1.77959601e-07  7.79797917e-06 
 1.78009601e-07  2.09717865e-06  1.78009601e-07 -7.62376816e-06 
 1.78059601e-07 -1.95921474e-06  1.78059601e-07  7.47034774e-06 
 1.78109601e-07  2.06096983e-06  1.78109601e-07 -7.30049926e-06 
 1.78159601e-07 -1.92336822e-06  1.78159601e-07  7.15140867e-06 
 1.78209601e-07  2.02547928e-06  1.78209601e-07 -6.98585931e-06 
 1.78259601e-07 -1.88823084e-06  1.78259601e-07  6.84103436e-06 
 1.78309601e-07  1.99068899e-06  1.78309601e-07 -6.67971879e-06 
 1.78359601e-07 -1.85378492e-06  1.78359601e-07  6.53909349e-06 
 1.78409601e-07  1.95658161e-06  1.78409601e-07 -6.38194477e-06 
 1.78459601e-07 -1.82001346e-06  1.78459601e-07  6.24545163e-06 
 1.78509601e-07  1.92314046e-06  1.78509601e-07 -6.09240146e-06 
 1.78559601e-07 -1.78690010e-06  1.78559601e-07  5.95997174e-06 
 1.78609601e-07  1.89034951e-06  1.78609601e-07 -5.81095071e-06 
 1.78659601e-07 -1.75442912e-06  1.78659601e-07  5.68251467e-06 
 1.78709601e-07  1.85819330e-06  1.78709601e-07 -5.53745250e-06 
 1.78759601e-07 -1.72258532e-06  1.78759601e-07  5.41293960e-06 
 1.78809601e-07  1.82665692e-06  1.78809601e-07 -5.27176530e-06 
 1.78859601e-07 -1.69135410e-06  1.78859601e-07  5.15110436e-06 
 1.78909601e-07  1.79572608e-06  1.78909601e-07 -5.01374643e-06 
 1.78959601e-07 -1.66072144e-06  1.78959601e-07  4.89686588e-06 
 1.79009601e-07  1.76538700e-06  1.79009601e-07 -4.76325249e-06 
 1.79059601e-07 -1.63067378e-06  1.79059601e-07  4.65008047e-06 
 1.79109601e-07  1.73562632e-06  1.79109601e-07 -4.52013960e-06 
 1.79159601e-07 -1.60119803e-06  1.79159601e-07  4.41060412e-06 
 1.79209601e-07  1.70643121e-06  1.79209601e-07 -4.28426370e-06 
 1.79259601e-07 -1.57228156e-06  1.79259601e-07  4.17829277e-06 
 1.79309601e-07  1.67778925e-06  1.79309601e-07 -4.05548081e-06 
 1.79359601e-07 -1.54391219e-06  1.79359601e-07  3.95300257e-06 
 1.79409601e-07  1.64968849e-06  1.79409601e-07 -3.83364726e-06 
 1.79459601e-07 -1.51607814e-06  1.79459601e-07  3.73459009e-06 
 1.79509601e-07  1.62211731e-06  1.79509601e-07 -3.61861994e-06 
 1.79559601e-07 -1.48876802e-06  1.79559601e-07  3.52291253e-06 
 1.79609601e-07  1.59506454e-06  1.79609601e-07 -3.41025636e-06 
 1.79659601e-07 -1.46197078e-06  1.79659601e-07  3.31782784e-06 
 1.79709601e-07  1.56851927e-06  1.79709601e-07 -3.20841500e-06 
 1.79759601e-07 -1.43567574e-06  1.79759601e-07  3.11919499e-06 
 1.79809601e-07  1.54247098e-06  1.79809601e-07 -3.01295534e-06 
 1.79859601e-07 -1.40987252e-06  1.79859601e-07  2.92687401e-06 
 1.79909601e-07  1.51690951e-06  1.79909601e-07 -2.82373803e-06 
 1.79954801e-07 -1.38321967e-06  1.79954801e-07  2.73100883e-06 
 1.80000000e-07  1.48918824e-06  1.80000000e-07 -2.62152720e-06 
