 5.00000000e-13  6.52784830e-01  5.00000000e-13  2.18583729e+00 
 5.26914735e-13  6.53604112e-01  5.26914735e-13  2.18697816e+00 
 5.80744205e-13  6.55386954e-01  5.80744205e-13  2.18651770e+00 
 6.88403145e-13  6.57034551e-01  6.88403145e-13  2.19889094e+00 
 9.03721025e-13  6.56722046e-01  9.03721025e-13  2.25917694e+00 
 1.24665542e-12  6.54688839e-01  1.24665542e-12  2.29937016e+00 
 1.71362322e-12  6.51771755e-01  1.71362322e-12  2.26068618e+00 
 2.54473376e-12  6.46448103e-01  2.54473376e-12  2.15598009e+00 
 4.20695483e-12  6.34884945e-01  4.20695483e-12  1.94996817e+00 
 7.53139697e-12  6.12225197e-01  7.53139697e-12  1.52049787e+00 
 1.23904938e-11  5.87596367e-01  1.23904938e-11  1.02401892e+00 
 2.07340304e-11  5.81788163e-01  2.07340304e-11  5.60009582e-01 
 3.51783451e-11  6.35223436e-01  3.51783451e-11  4.80594846e-01 
 5.00000000e-11  6.96188512e-01  5.00000000e-11  8.80274343e-01 
 5.26733723e-11  7.03490501e-01  5.26733723e-11  9.78915109e-01 
 5.80201170e-11  7.17743759e-01  5.80201170e-11  1.18268313e+00 
 6.87136063e-11  7.46155621e-01  6.87136063e-11  1.60622703e+00 
 9.01005848e-11  8.07330435e-01  9.01005848e-11  2.35992895e+00 
 1.32874542e-10  9.20016952e-01  1.32874542e-10  2.97905209e+00 
 1.66437271e-10  9.57502891e-01  1.66437271e-10  3.08551906e+00 
 2.00000000e-10  8.36872181e-01  2.00000000e-10  3.15330349e+00 
 2.05000000e-10  7.89669146e-01  2.05000000e-10  3.16141984e+00 
 2.15000000e-10  6.63271039e-01  2.15000000e-10  3.17598419e+00 
 2.35000000e-10  1.62265432e-01  2.35000000e-10  3.20125506e+00 
 2.68962945e-10 -2.92589023e-02  2.68962945e-10  3.26146924e+00 
 3.04454065e-10  2.55463819e-02  3.04454065e-10  3.36880105e+00 
 3.54454065e-10 -2.20729213e-02  3.54454065e-10  3.25822504e+00 
 4.04454065e-10  2.00956362e-02  4.04454065e-10  5.80579131e-01 
 4.50509301e-10 -1.74016136e-02  4.50509301e-10 -1.73576487e-01 
 4.94878243e-10  1.55635591e-02  4.94878243e-10  1.23143873e-01 
 5.44878243e-10 -1.37169571e-02  5.44878243e-10 -8.35160786e-02 
 5.94878243e-10  1.24167434e-02  5.94878243e-10  6.01617443e-02 
 6.44878243e-10 -1.09961081e-02  6.44878243e-10 -4.27797068e-02 
 6.94878243e-10  9.93765992e-03  6.94878243e-10  3.10484756e-02 
 7.44878243e-10 -8.83312394e-03  7.44878243e-10 -2.26386082e-02 
 7.94878243e-10  7.97431933e-03  7.94878243e-10  1.66457872e-02 
 8.44878243e-10 -7.10944356e-03  8.44878243e-10 -1.23468555e-02 
 8.94878243e-10  6.41441916e-03  8.94878243e-10  9.18413371e-03 
 9.44878243e-10 -5.73362633e-03  9.44878243e-10 -6.88056719e-03 
 9.94878243e-10  5.17221254e-03  9.94878243e-10  5.14356724e-03 
 1.04487824e-09 -4.63409310e-03  1.04487824e-09 -3.85153833e-03 
 1.09487824e-09  4.18120152e-03  1.09487824e-09  2.85660171e-03 
 1.14487824e-09 -3.75441229e-03  1.14487824e-09 -2.09971891e-03 
 1.19487824e-09  3.38937477e-03  1.19487824e-09  1.50652597e-03 
 1.24487824e-09 -3.04992124e-03  1.24487824e-09 -1.04553178e-03 
 1.29487824e-09  2.75583281e-03  1.29487824e-09  6.79327472e-04 
 1.34487824e-09 -2.48518548e-03  1.34487824e-09 -3.89367450e-04 
 1.39487824e-09  2.24829326e-03  1.39487824e-09  1.57037789e-04 
 1.44487824e-09 -2.03204359e-03  1.44487824e-09  2.97504245e-05 
 1.49487824e-09  1.84120349e-03  1.49487824e-09 -1.79857154e-04 
 1.54487824e-09 -1.66962944e-03  1.54487824e-09  3.01574506e-04 
 1.59487824e-09  1.51410171e-03  1.59487824e-09 -3.99784605e-04 
 1.64487824e-09 -1.37581932e-03  1.64487824e-09  4.79100485e-04 
 1.69487824e-09  1.25125343e-03  1.69487824e-09 -5.43295634e-04 
 1.74487824e-09 -1.13969447e-03  1.74487824e-09  5.94326436e-04 
 1.79487824e-09  1.03971493e-03  1.79487824e-09 -6.35477944e-04 
 1.84487824e-09 -9.49622102e-04  1.84487824e-09  6.67181984e-04 
 1.89487824e-09  8.69221155e-04  1.89487824e-09 -6.92380071e-04 
 1.94487824e-09 -7.96375849e-04  1.94487824e-09  7.10623010e-04 
 1.99487824e-09  7.32143494e-04  1.99487824e-09 -7.25540861e-04 
 2.04487824e-09 -6.72551847e-04  2.04487824e-09  7.33043804e-04 
 2.09487824e-09  6.20835945e-04  2.09487824e-09 -7.40001973e-04 
 2.14487824e-09 -5.72374295e-04  2.14487824e-09  7.40796520e-04 
 2.19487824e-09  5.30645733e-04  2.19487824e-09 -7.41951860e-04 
 2.24487824e-09 -4.91169773e-04  2.24487824e-09  7.37927417e-04 
 2.29487824e-09  4.57425308e-04  2.29487824e-09 -7.34845426e-04 
 2.34487824e-09 -4.25201565e-04  2.34487824e-09  7.27361097e-04 
 2.39487824e-09  3.97850014e-04  2.39487824e-09 -7.21179996e-04 
 2.44487824e-09 -3.71478871e-04  2.44487824e-09  7.11224036e-04 
 2.49487824e-09  3.49253305e-04  2.49487824e-09 -7.02783501e-04 
 2.54487824e-09 -3.27605758e-04  2.54487824e-09  6.91083613e-04 
 2.59487824e-09  3.09495427e-04  2.59487824e-09 -6.81011018e-04 
 2.64487824e-09 -2.91661365e-04  2.64487824e-09  6.68108972e-04 
 2.69487824e-09  2.76858561e-04  2.69487824e-09 -6.56878267e-04 
 2.74487824e-09 -2.62104640e-04  2.74487824e-09  6.43181150e-04 
 2.79487824e-09  2.49963006e-04  2.79487824e-09 -6.31153728e-04 
 2.84487824e-09 -2.37698459e-04  2.84487824e-09  6.16969694e-04 
 2.89487824e-09  2.27700136e-04  2.89487824e-09 -6.04423206e-04 
 2.94487824e-09 -2.17449103e-04  2.94487824e-09  5.89986772e-04 
 2.99487824e-09  2.09178759e-04  2.99487824e-09 -5.77135745e-04 
 3.04487824e-09 -2.00557932e-04  3.04487824e-09  5.62625974e-04 
 3.09487824e-09  1.93682167e-04  3.09487824e-09 -5.49636793e-04 
 3.14487824e-09 -1.86382751e-04  3.14487824e-09  5.35190529e-04 
 3.19487824e-09  1.80633728e-04  3.19487824e-09 -5.22192468e-04 
 3.24487824e-09 -1.74406912e-04  3.24487824e-09  5.07914110e-04 
 3.29487824e-09  1.69569317e-04  3.29487824e-09 -4.95007574e-04 
 3.34487824e-09 -1.64214570e-04  3.34487824e-09  4.80976385e-04 
 3.39487824e-09  1.60115206e-04  3.39487824e-09 -4.68239136e-04 
 3.44487824e-09 -1.55470855e-04  3.44487824e-09  4.54514764e-04 
 3.49487824e-09  1.51787276e-04  3.49487824e-09 -4.41703006e-04 
 3.54487824e-09 -1.47927103e-04  3.54487824e-09  4.28717541e-04 
 3.59487824e-09  1.44909753e-04  3.59487824e-09 -4.16453211e-04 
 3.64487824e-09 -1.41317803e-04  3.64487824e-09  4.03445954e-04 
 3.69487824e-09  1.38698194e-04  3.69487824e-09 -3.91511563e-04 
 3.74487824e-09 -1.35496933e-04  3.74487824e-09  3.78919891e-04 
 3.79487824e-09  1.33201151e-04  3.79487824e-09 -3.67325320e-04 
 3.84487824e-09 -1.30321521e-04  3.84487824e-09  3.55158091e-04 
 3.89487824e-09  1.28290561e-04  3.89487824e-09 -3.43918440e-04 
 3.94487824e-09 -1.25676963e-04  3.94487824e-09  3.32182478e-04 
 3.99487824e-09  1.23863327e-04  3.99487824e-09 -3.21308511e-04 
 4.04487824e-09 -1.21470828e-04  4.04487824e-09  3.10006955e-04 
 4.09487824e-09  1.19836205e-04  4.09487824e-09 -2.99505413e-04 
 4.14487824e-09 -1.17628432e-04  4.14487824e-09  2.88638090e-04 
 4.19487824e-09  1.16141893e-04  4.19487824e-09 -2.78512233e-04 
 4.24487824e-09 -1.14089368e-04  4.24487824e-09  2.68076187e-04 
 4.29487824e-09  1.12725925e-04  4.29487824e-09 -2.58326361e-04 
 4.34487824e-09 -1.10804724e-04  4.34487824e-09  2.48316367e-04 
 4.39487824e-09  1.09544178e-04  4.39487824e-09 -2.38940532e-04 
 4.44487824e-09 -1.07734859e-04  4.44487824e-09  2.29349560e-04 
 4.49487824e-09  1.06560868e-04  4.49487824e-09 -2.20343739e-04 
 4.54487824e-09 -1.04847602e-04  4.54487824e-09  2.11163346e-04 
 4.59487824e-09  1.03746934e-04  4.59487824e-09 -2.02522021e-04 
 4.64487824e-09 -1.02116809e-04  4.64487824e-09  1.93742679e-04 
 4.69487824e-09  1.01078740e-04  4.69487824e-09 -1.85459105e-04 
 4.74487824e-09 -9.95212010e-05  4.74487824e-09  1.77070472e-04 
 4.79487824e-09  9.85370263e-05  4.79487824e-09 -1.69136953e-04 
 4.84487824e-09 -9.70434190e-05  4.84487824e-09  1.61128094e-04 
 4.89487824e-09  9.61060664e-05  4.89487824e-09 -1.53536200e-04 
 4.94487824e-09 -9.46692734e-05  4.94487824e-09  1.45895768e-04 
 4.99487824e-09  9.37729849e-05  4.99487824e-09 -1.38636524e-04 
 5.04487824e-09 -9.23871323e-05  5.04487824e-09  1.31352910e-04 
 5.09487824e-09  9.15272103e-05  5.09487824e-09 -1.24416942e-04 
 5.14487824e-09 -9.01874297e-05  5.14487824e-09  1.17478394e-04 
 5.19487824e-09  8.93600325e-05  5.19487824e-09 -1.10856061e-04 
 5.24487824e-09 -8.80622697e-05  5.24487824e-09  1.04250786e-04 
 5.29487824e-09  8.72642457e-05  5.29487824e-09 -9.79322768e-05 
 5.34487824e-09 -8.60051068e-05  5.34487824e-09  9.16485155e-05 
 5.39487824e-09  8.52338614e-05  5.39487824e-09 -8.56239415e-05 
 5.44487824e-09 -8.40104878e-05  5.44487824e-09  7.96500361e-05 
 5.49487824e-09  8.32638761e-05  5.49487824e-09 -7.39094961e-05 
 5.54487824e-09 -8.20738442e-05  5.54487824e-09  6.82339409e-05 
 5.59487824e-09  8.13500841e-05  5.59487824e-09 -6.27675807e-05 
 5.64487824e-09 -8.01913240e-05  5.64487824e-09  5.73790636e-05 
 5.69487824e-09  7.94889268e-05  5.69487824e-09 -5.21771230e-05 
 5.74487824e-09 -7.83596570e-05  5.74487824e-09  4.70645577e-05 
 5.79487824e-09  7.76773703e-05  5.79487824e-09 -4.21174086e-05 
 5.84487824e-09 -7.65760450e-05  5.84487824e-09  3.72699599e-05 
 5.89487824e-09  7.59128081e-05  5.89487824e-09 -3.25681368e-05 
 5.94487824e-09 -7.48380740e-05  5.94487824e-09  2.79752400e-05 
 5.99487824e-09  7.41929806e-05  5.99487824e-09 -2.35094648e-05 
 6.04487824e-09 -7.31436428e-05  6.04487824e-09  1.91608395e-05 
 6.09487824e-09  7.25159122e-05  6.09487824e-09 -1.49220407e-05 
 6.14487824e-09 -7.14909060e-05  6.14487824e-09  1.08077014e-05 
 6.19487824e-09  7.08798586e-05  6.19487824e-09 -6.78702856e-06 
 6.24487824e-09 -6.98782271e-05  6.24487824e-09  2.89729120e-06 
 6.29487824e-09  6.92832660e-05  6.29487824e-09  9.13873476e-07 
 6.34487824e-09 -6.83041418e-05  6.34487824e-09 -4.58838816e-06 
 6.39487824e-09  6.77247366e-05  6.39487824e-09  8.19842198e-06 
 6.44487824e-09 -6.67673271e-05  6.44487824e-09 -1.16667866e-05 
 6.49487824e-09  6.62030021e-05  6.49487824e-09  1.50838211e-05 
 6.54487824e-09 -6.52665771e-05  6.54487824e-09 -1.83548024e-05 
 6.59487824e-09  6.47169010e-05  6.59487824e-09  2.15867199e-05 
 6.64487824e-09 -6.38007835e-05  6.64487824e-09 -2.46687808e-05 
 6.69487824e-09  6.32653615e-05  6.69487824e-09  2.77232133e-05 
 6.74487824e-09 -6.23689193e-05  6.74487824e-09 -3.06245164e-05 
 6.79487824e-09  6.18473865e-05  6.79487824e-09  3.35088458e-05 
 6.84487824e-09 -6.09700262e-05  6.84487824e-09 -3.62372579e-05 
 6.89487824e-09  6.04620425e-05  6.89487824e-09  3.89586172e-05 
 6.94487824e-09 -5.96032038e-05  6.94487824e-09 -4.15217148e-05 
 6.99487824e-09  5.91084497e-05  6.99487824e-09  4.40869910e-05 
 7.04487824e-09 -5.82676015e-05  7.04487824e-09 -4.64920662e-05 
 7.09487824e-09  5.77857745e-05  7.09487824e-09  4.89079033e-05 
 7.14487824e-09 -5.69624112e-05  7.14487824e-09 -5.11619706e-05 
 7.19487824e-09  5.64932235e-05  7.19487824e-09  5.34347739e-05 
 7.24487824e-09 -5.56868621e-05  7.24487824e-09 -5.55445772e-05 
 7.29487824e-09  5.52300382e-05  7.29487824e-09  5.76805182e-05 
 7.34487824e-09 -5.44402160e-05  7.34487824e-09 -5.96525380e-05 
 7.39487824e-09  5.39954909e-05  7.39487824e-09  6.16575589e-05 
 7.44487824e-09 -5.32217634e-05  7.44487824e-09 -6.34980201e-05 
 7.49487824e-09  5.27888814e-05  7.49487824e-09  6.53778401e-05 
 7.54487824e-09 -5.20308207e-05  7.54487824e-09 -6.70927193e-05 
 7.59487824e-09  5.16095342e-05  7.59487824e-09  6.88528398e-05 
 7.64487824e-09 -5.08667277e-05  7.64487824e-09 -7.04478736e-05 
 7.69487824e-09  5.04567960e-05  7.69487824e-09  7.20935841e-05 
 7.74487824e-09 -4.97288453e-05  7.74487824e-09 -7.35742765e-05 
 7.79487824e-09  4.93300344e-05  7.79487824e-09  7.51106613e-05 
 7.84487824e-09 -4.86165540e-05  7.84487824e-09 -7.64822915e-05 
 7.89487824e-09  4.82286356e-05  7.89487824e-09  7.79142351e-05 
 7.94487824e-09 -4.75292525e-05  7.94487824e-09 -7.91818653e-05 
 7.99487824e-09  4.71520036e-05  7.99487824e-09  8.05140594e-05 
 8.04487824e-09 -4.64663562e-05  8.04487824e-09 -8.16825423e-05 
 8.09487824e-09  4.60995590e-05  8.09487824e-09  8.29194913e-05 
 8.14487824e-09 -4.54272966e-05  8.14487824e-09 -8.39934778e-05 
 8.19487824e-09  4.50707379e-05  8.19487824e-09  8.51395054e-05 
 8.24487824e-09 -4.44115203e-05  8.24487824e-09 -8.61234519e-05 
 8.29487824e-09  4.40649911e-05  8.29487824e-09  8.71827071e-05 
 8.34487824e-09 -4.34184880e-05  8.34487824e-09 -8.80808825e-05 
 8.39487824e-09  4.30817838e-05  8.39487824e-09  8.90573459e-05 
 8.44487824e-09 -4.24476741e-05  8.44487824e-09 -8.98738389e-05 
 8.49487824e-09  4.21205945e-05  8.49487824e-09  9.07713281e-05 
 8.54487824e-09 -4.14985664e-05  8.54487824e-09 -9.15100539e-05 
 8.59487824e-09  4.11809145e-05  8.59487824e-09  9.23322301e-05 
 8.64487824e-09 -4.05706649e-05  8.64487824e-09 -9.29969372e-05 
 8.69487824e-09  4.02622479e-05  8.69487824e-09  9.37473102e-05 
 8.74487824e-09 -3.96634820e-05  8.74487824e-09 -9.43415868e-05 
 8.79487824e-09  3.93641107e-05  8.79487824e-09  9.50235211e-05 
 8.84487824e-09 -3.87765417e-05  8.84487824e-09 -9.55508013e-05 
 8.89487824e-09  3.84860306e-05  8.89487824e-09  9.61675215e-05 
 8.94487824e-09 -3.79093797e-05  8.94487824e-09 -9.66310918e-05 
 8.99487824e-09  3.76275465e-05  8.99487824e-09  9.71856874e-05 
 9.04487824e-09 -3.70615425e-05  9.04487824e-09 -9.75886922e-05 
 9.09487824e-09  3.67882086e-05  9.09487824e-09  9.80841235e-05 
 9.14487824e-09 -3.62325874e-05  9.14487824e-09 -9.84295710e-05 
 9.19487824e-09  3.59675775e-05  9.19487824e-09  9.88686735e-05 
 9.24487824e-09 -3.54220820e-05  9.24487824e-09 -9.91594413e-05 
 9.29487824e-09  3.51652242e-05  9.29487824e-09  9.95449310e-05 
 9.34487824e-09 -3.46296044e-05  9.34487824e-09 -9.97837710e-05 
 9.39487824e-09  3.43807298e-05  9.39487824e-09  1.00118249e-04 
 9.44487824e-09 -3.38547423e-05  9.44487824e-09 -1.00307793e-04 
 9.49487824e-09  3.36136856e-05  9.49487824e-09  1.00593749e-04 
 9.54487824e-09 -3.30970933e-05  9.54487824e-09 -1.00736514e-04 
 9.59487824e-09  3.28636919e-05  9.59487824e-09  1.00976333e-04 
 9.64487824e-09 -3.23562641e-05  9.64487824e-09 -1.01074725e-04 
 9.69487824e-09  3.21303590e-05  9.69487824e-09  1.01270690e-04 
 9.74487824e-09 -3.16318710e-05  9.74487824e-09 -1.01327009e-04 
 9.79487824e-09  3.14133058e-05  9.79487824e-09  1.01481304e-04 
 9.84487824e-09 -3.09235388e-05  9.84487824e-09 -1.01497748e-04 
 9.89487824e-09  3.07121604e-05  9.89487824e-09  1.01612465e-04 
 9.94487824e-09 -3.02309015e-05  9.94487824e-09 -1.01591136e-04 
 9.97243912e-09  2.97519210e-05  9.97243912e-09  1.01670380e-04 
 1.00000000e-08 -2.90131294e-05  1.00000000e-08 -1.01576588e-04 
 1.00050000e-08 -1.31999470e-05  1.00050000e-08 -1.15196050e-04 
 1.00150000e-08  1.42012308e-05  1.00150000e-08  3.40036738e-05 
 1.00350000e-08 -1.37527261e-06  1.00350000e-08  4.00005585e-05 
 1.00750000e-08 -3.65255740e-06  1.00750000e-08  1.06561772e-06 
 1.01250000e-08  2.79442881e-05  1.01250000e-08  1.87540992e-04 
 1.01625000e-08  4.71243232e-06  1.01625000e-08  2.26342362e-04 
 1.02000000e-08 -4.75941588e-04  1.02000000e-08 -5.00619077e-04 
 1.02050000e-08 -3.62679374e-04  1.02050000e-08 -8.05135400e-04 
 1.02150000e-08  7.21915941e-04  1.02150000e-08 -2.09324665e-03 
 1.02350000e-08  3.08743074e-04  1.02350000e-08 -2.59539814e-03 
 1.02664400e-08 -5.40082861e-04  1.02664400e-08  1.93263758e-03 
 1.03030543e-08  4.95251850e-04  1.03030543e-08  2.89368735e-03 
 1.03434862e-08 -3.59974775e-04  1.03434862e-08 -2.59398663e-03 
 1.03934862e-08  2.80329337e-04  1.03934862e-08  1.12029039e-03 
 1.04434862e-08 -2.10292940e-04  1.04434862e-08 -6.76661157e-04 
 1.04934862e-08  1.56439930e-04  1.04934862e-08  4.41486100e-04 
 1.05434862e-08 -1.12225729e-04  1.05434862e-08 -2.40793560e-04 
 1.05934862e-08  7.84558565e-05  1.05934862e-08  1.46416495e-04 
 1.06434862e-08 -5.13178204e-05  1.06434862e-08 -4.58512930e-05 
 1.06934862e-08  3.08691208e-05  1.06934862e-08 -9.08868465e-06 
 1.07434862e-08 -1.46660827e-05  1.07434862e-08  6.65356263e-05 
 1.07934862e-08  2.76993802e-06  1.07934862e-08 -1.02839358e-04 
 1.08434862e-08  6.51619567e-06  1.08434862e-08  1.38666919e-04 
 1.08934862e-08 -1.30073155e-05  1.08934862e-08 -1.63401973e-04 
 1.09434862e-08  1.79682537e-05  1.09434862e-08  1.86738002e-04 
 1.09934862e-08 -2.10976865e-05  1.09934862e-08 -2.03543394e-04 
 1.10434862e-08  2.33979900e-05  1.10434862e-08  2.18915025e-04 
 1.10934862e-08 -2.44817784e-05  1.10934862e-08 -2.30102346e-04 
 1.11434862e-08  2.51858947e-05  1.11434862e-08  2.40090920e-04 
 1.11934862e-08 -2.50651614e-05  1.11934862e-08 -2.47246493e-04 
 1.12434862e-08  2.48490714e-05  1.12434862e-08  2.53476991e-04 
 1.12934862e-08 -2.40560219e-05  1.12934862e-08 -2.57721375e-04 
 1.13434862e-08  2.33444248e-05  1.13434862e-08  2.61281377e-04 
 1.13934862e-08 -2.22104355e-05  1.13934862e-08 -2.63379386e-04 
 1.14434862e-08  2.12678424e-05  1.14434862e-08  2.65106236e-04 
 1.14934862e-08 -1.99962704e-05  1.14934862e-08 -2.65642787e-04 
 1.15434862e-08  1.89776945e-05  1.15434862e-08  2.65965974e-04 
 1.15934862e-08 -1.76894105e-05  1.15934862e-08 -2.65396139e-04 
 1.16434862e-08  1.66880182e-05  1.16434862e-08  2.64719074e-04 
 1.16934862e-08 -1.54507308e-05  1.16934862e-08 -2.63350096e-04 
 1.17434862e-08  1.45170649e-05  1.17434862e-08  2.61948592e-04 
 1.17934862e-08 -1.33656371e-05  1.17934862e-08 -2.60002976e-04 
 1.18434862e-08  1.25241096e-05  1.18434862e-08  2.58077342e-04 
 1.18934862e-08 -1.14732983e-05  1.18934862e-08 -2.55717994e-04 
 1.19434862e-08  1.07324987e-05  1.19434862e-08  2.53414480e-04 
 1.19934862e-08 -9.78509727e-06  1.19934862e-08 -2.50760667e-04 
 1.20434862e-08  9.14436477e-06  1.20434862e-08  2.48186392e-04 
 1.20934862e-08 -8.29636813e-06  1.20934862e-08 -2.45325530e-04 
 1.21434862e-08  7.74994184e-06  1.21434862e-08  2.42559197e-04 
 1.21934862e-08 -6.99378528e-06  1.21934862e-08 -2.39555482e-04 
 1.22434862e-08  6.53338685e-06  1.22434862e-08  2.36655135e-04 
 1.22934862e-08 -5.85994089e-06  1.22934862e-08 -2.33555846e-04 
 1.23434862e-08  5.47634759e-06  1.23434862e-08  2.30564490e-04 
 1.23934862e-08 -4.87611298e-06  1.23934862e-08 -2.27404588e-04 
 1.24434862e-08  4.56008425e-06  1.24434862e-08  2.24354273e-04 
 1.24934862e-08 -4.02387736e-06  1.24934862e-08 -2.21159752e-04 
 1.25434862e-08  3.76667104e-06  1.25434862e-08  2.18074541e-04 
 1.25934862e-08 -3.28598811e-06  1.25934862e-08 -2.14864870e-04 
 1.26434862e-08  3.07962048e-06  1.26434862e-08  2.11762996e-04 
 1.26934862e-08 -2.64680313e-06  1.26934862e-08 -2.08552888e-04 
 1.27434862e-08  2.48415181e-06  1.27434862e-08  2.05448320e-04 
 1.27934862e-08 -2.09243282e-06  1.27934862e-08 -2.02249023e-04 
 1.28434862e-08  1.96724672e-06  1.28434862e-08  1.99152602e-04 
 1.28934862e-08 -1.61072637e-06  1.28934862e-08 -1.95972827e-04 
 1.29434862e-08  1.51758308e-06  1.29434862e-08  1.92893088e-04 
 1.29934862e-08 -1.19116823e-06  1.29934862e-08 -1.89739681e-04 
 1.30434862e-08  1.12540451e-06  1.30434862e-08  1.86683448e-04 
 1.30934862e-08 -8.24730052e-07  1.30934862e-08 -1.83561874e-04 
 1.31434862e-08  7.82361114e-07  1.31434862e-08  1.80534685e-04 
 1.31934862e-08 -5.03705949e-07  1.31934862e-08 -1.77449375e-04 
 1.32434862e-08  4.81342844e-07  1.32434862e-08  1.74455794e-04 
 1.32934862e-08 -2.21547401e-07  1.32934862e-08 -1.71410396e-04 
 1.33434862e-08  2.16317942e-07  1.33434862e-08  1.68454233e-04 
 1.33934862e-08  2.72929394e-08  1.33934862e-08 -1.65451785e-04 
 1.34434862e-08 -1.78169605e-08  1.34434862e-08  1.62536256e-04 
 1.34934862e-08  2.47503890e-07  1.34934862e-08 -1.59579318e-04 
 1.35434862e-08 -2.25371966e-07  1.35434862e-08  1.56707159e-04 
 1.35934862e-08  4.43043001e-07  1.35934862e-08 -1.53797901e-04 
 1.36434862e-08 -4.09983341e-07  1.36434862e-08  1.50971455e-04 
 1.36934862e-08  6.17248065e-07  1.36934862e-08 -1.48111723e-04 
 1.37434862e-08 -5.74717511e-07  1.37434862e-08  1.45332996e-04 
 1.37934862e-08  7.72933851e-07  1.37934862e-08 -1.42524359e-04 
 1.38434862e-08 -7.22160789e-07  1.38434862e-08  1.39795068e-04 
 1.38934862e-08  9.12475004e-07  1.38934862e-08 -1.37038855e-04 
 1.39434862e-08 -8.54496012e-07  1.39434862e-08  1.34360462e-04 
 1.39934862e-08  1.03787682e-06  1.39934862e-08 -1.31657786e-04 
 1.40434862e-08 -9.73567756e-07  1.40434862e-08  1.29031522e-04 
 1.40934862e-08  1.15083515e-06  1.40934862e-08 -1.26383301e-04 
 1.41434862e-08 -1.08093741e-06  1.41434862e-08  1.23810192e-04 
 1.41934862e-08  1.25278697e-06  1.41934862e-08 -1.21217166e-04 
 1.42434862e-08 -1.17792959e-06  1.42434862e-08  1.18698044e-04 
 1.42934862e-08  1.34495290e-06  1.42934862e-08 -1.16160789e-04 
 1.43434862e-08 -1.26567104e-06  1.43434862e-08  1.13696311e-04 
 1.43934862e-08  1.42837278e-06  1.43934862e-08 -1.11215251e-04 
 1.44434862e-08 -1.34512329e-06  1.44434862e-08  1.08805911e-04 
 1.44934862e-08  1.50393560e-06  1.44934862e-08 -1.06381327e-04 
 1.45434862e-08 -1.41710989e-06  1.45434862e-08  1.04027470e-04 
 1.45934862e-08  1.57240421e-06  1.45934862e-08 -1.01659512e-04 
 1.46434862e-08 -1.48233910e-06  1.46434862e-08  9.93613405e-05 
 1.46934862e-08  1.63443618e-06  1.46934862e-08 -9.70500371e-05 
 1.47434862e-08 -1.54142282e-06  1.47434862e-08  9.48076262e-05 
 1.47934862e-08  1.69060095e-06  1.47934862e-08 -9.25528918e-05 
 1.48434862e-08 -1.59489230e-06  1.48434862e-08  9.03661965e-05 
 1.48934862e-08  1.74139422e-06  1.48934862e-08 -8.81678412e-05 
 1.49434862e-08 -1.64321128e-06  1.49434862e-08  8.60367069e-05 
 1.49934862e-08  1.78724987e-06  1.49934862e-08 -8.38944445e-05 
 1.50434862e-08 -1.68678674e-06  1.50434862e-08  8.18186156e-05 
 1.50934862e-08  1.82854976e-06  1.50934862e-08 -7.97320715e-05 
 1.51434862e-08 -1.72597799e-06  1.51434862e-08  7.77112005e-05 
 1.51934862e-08  1.86563203e-06  1.51934862e-08 -7.56799194e-05 
 1.52434862e-08 -1.76110413e-06  1.52434862e-08  7.37135746e-05 
 1.52934862e-08  1.89879786e-06  1.52934862e-08 -7.17370280e-05 
 1.53434862e-08 -1.79245022e-06  1.53434862e-08  6.98247020e-05 
 1.53934862e-08  1.92831714e-06  1.53934862e-08 -6.79022951e-05 
 1.54434862e-08 -1.82027249e-06  1.54434862e-08  6.60434117e-05 
 1.54934862e-08  1.95443312e-06  1.54934862e-08 -6.41744902e-05 
 1.55434862e-08 -1.84480251e-06  1.55434862e-08  6.23684120e-05 
 1.55934862e-08  1.97736632e-06  1.55934862e-08 -6.05522684e-05 
 1.56434862e-08 -1.86625083e-06  1.56434862e-08  5.87983031e-05 
 1.56934862e-08  1.99731778e-06  1.56934862e-08 -5.70341828e-05 
 1.57434862e-08 -1.88480990e-06  1.57434862e-08  5.53315897e-05 
 1.57934862e-08  2.01447170e-06  1.57934862e-08 -5.36186965e-05 
 1.58434862e-08 -1.90065651e-06  1.58434862e-08  5.19666923e-05 
 1.58934862e-08  2.02899775e-06  1.58934862e-08 -5.03041940e-05 
 1.59434862e-08 -1.91395385e-06  1.59434862e-08  4.87019583e-05 
 1.59934862e-08  2.04105289e-06  1.59934862e-08 -4.70889913e-05 
 1.60434862e-08 -1.92485323e-06  1.60434862e-08  4.55356719e-05 
 1.60934862e-08  2.05078292e-06  1.60934862e-08 -4.39713462e-05 
 1.61434862e-08 -1.93349548e-06  1.61434862e-08  4.24660635e-05 
 1.61934862e-08  2.05832384e-06  1.61934862e-08 -4.09494668e-05 
 1.62434862e-08 -1.94001216e-06  1.62434862e-08  3.94913188e-05 
 1.62934862e-08  2.06380287e-06  1.62934862e-08 -3.80215204e-05 
 1.63434862e-08 -1.94452658e-06  1.63434862e-08  3.66095861e-05 
 1.63934862e-08  2.06733947e-06  1.63934862e-08 -3.51856409e-05 
 1.64434862e-08 -1.94715465e-06  1.64434862e-08  3.38189846e-05 
 1.64934862e-08  2.06904604e-06  1.64934862e-08 -3.24399362e-05 
 1.65434862e-08 -1.94800556e-06  1.65434862e-08  3.11176106e-05 
 1.65934862e-08  2.06902863e-06  1.65934862e-08 -2.97824944e-05 
 1.66434862e-08 -1.94718247e-06  1.66434862e-08  2.85035442e-05 
 1.66934862e-08  2.06738749e-06  1.66934862e-08 -2.72113905e-05 
 1.67434862e-08 -1.94478295e-06  1.67434862e-08  2.59748548e-05 
 1.67934862e-08  2.06421756e-06  1.67934862e-08 -2.47246912e-05 
 1.68434862e-08 -1.94089949e-06  1.68434862e-08  2.35296062e-05 
 1.68934862e-08  2.05960886e-06  1.68934862e-08 -2.23204601e-05 
 1.69434862e-08 -1.93561988e-06  1.69434862e-08  2.11658620e-05 
 1.69934862e-08  2.05364693e-06  1.69934862e-08 -1.99967625e-05 
 1.70434862e-08 -1.92902752e-06  1.70434862e-08  1.88816892e-05 
 1.70934862e-08  2.04641307e-06  1.70934862e-08 -1.77516694e-05 
 1.71434862e-08 -1.92120176e-06  1.71434862e-08  1.66751625e-05 
 1.71934862e-08  2.03798463e-06  1.71934862e-08 -1.55832609e-05 
 1.72434862e-08 -1.91221811e-06  1.72434862e-08  1.45443675e-05 
 1.72934862e-08  2.02843528e-06  1.72934862e-08 -1.34896300e-05 
 1.73434862e-08 -1.90214850e-06  1.73434862e-08  1.24874045e-05 
 1.73934862e-08  2.01783523e-06  1.73934862e-08 -1.14688854e-05 
 1.74434862e-08 -1.89106151e-06  1.74434862e-08  1.05023906e-05 
 1.74934862e-08  2.00625139e-06  1.74934862e-08 -9.51915395e-06 
 1.75434862e-08 -1.87902253e-06  1.75434862e-08  8.58746259e-06 
 1.75934862e-08  1.99374758e-06  1.75934862e-08 -7.63858353e-06 
 1.76434862e-08 -1.86609388e-06  1.76434862e-08  6.74077913e-06 
 1.76934862e-08  1.98038468e-06  1.76934862e-08 -5.82534471e-06 
 1.77434862e-08 -1.85233506e-06  1.77434862e-08  4.96052273e-06 
 1.77934862e-08  1.96622077e-06  1.77934862e-08 -4.07763270e-06 
 1.78434862e-08 -1.83780286e-06  1.78434862e-08  3.24490143e-06 
 1.78934862e-08  1.95131129e-06  1.78934862e-08 -2.39366916e-06 
 1.79434862e-08 -1.82255139e-06  1.79434862e-08  1.59215035e-06 
 1.79934862e-08  1.93570909e-06  1.79934862e-08 -7.71703310e-07 
 1.80434862e-08 -1.80663236e-06  1.80434862e-08  5.32844213e-10 
 1.80934862e-08  1.91946465e-06  1.80934862e-08  7.89986666e-07 
 1.81434862e-08 -1.79009506e-06  1.81434862e-08 -1.53165811e-06 
 1.81934862e-08  1.90262612e-06  1.81934862e-08  2.29309266e-06 
 1.82434862e-08 -1.77298655e-06  1.82434862e-08 -3.00609933e-06 
 1.82934862e-08  1.88523944e-06  1.82934862e-08  3.73927584e-06 
 1.83434862e-08 -1.75535173e-06  1.83434862e-08 -4.42443635e-06 
 1.83934862e-08  1.86734843e-06  1.83934862e-08  5.13016585e-06 
 1.84434862e-08 -1.73723338e-06  1.84434862e-08 -5.78828297e-06 
 1.84934862e-08  1.84899486e-06  1.84934862e-08  6.46736033e-06 
 1.85434862e-08 -1.71867233e-06  1.85434862e-08 -7.09922075e-06 
 1.85934862e-08  1.83021860e-06  1.85934862e-08  7.75242448e-06 
 1.86434862e-08 -1.69970749e-06  1.86434862e-08 -8.35879858e-06 
 1.86934862e-08  1.81105760e-06  1.86934862e-08  8.98689070e-06 
 1.87434862e-08 -1.68037596e-06  1.87434862e-08 -9.56853240e-06 
 1.87934862e-08  1.79154808e-06  1.87934862e-08  1.01722584e-05 
 1.88434862e-08 -1.66071307e-06  1.88434862e-08 -1.07299051e-05 
 1.88934862e-08  1.77172450e-06  1.88934862e-08  1.13099938e-05 
 1.89434862e-08 -1.64075249e-06  1.89434862e-08 -1.18443665e-05 
 1.89934862e-08  1.75161970e-06  1.89934862e-08  1.24015300e-05 
 1.90434862e-08 -1.62052624e-06  1.90434862e-08 -1.29133330e-05 
 1.90934862e-08  1.73126492e-06  1.90934862e-08  1.34482671e-05 
 1.91434862e-08 -1.60006484e-06  1.91434862e-08 -1.39381883e-05 
 1.91934862e-08  1.71068993e-06  1.91934862e-08  1.44515720e-05 
 1.92434862e-08 -1.57939731e-06  1.92434862e-08 -1.49202828e-05 
 1.92934862e-08  1.68992299e-06  1.92934862e-08  1.54127790e-05 
 1.93434862e-08 -1.55855122e-06  1.93434862e-08 -1.58609346e-05 
 1.93934862e-08  1.66899099e-06  1.93934862e-08  1.63331896e-05 
 1.94434862e-08 -1.53755280e-06  1.94434862e-08 -1.67614288e-05 
 1.94934862e-08  1.64791947e-06  1.94934862e-08  1.72140730e-05 
 1.95434862e-08 -1.51642695e-06  1.95434862e-08 -1.76230188e-05 
 1.95934862e-08  1.62673272e-06  1.95934862e-08  1.80566666e-05 
 1.96434862e-08 -1.49519733e-06  1.96434862e-08 -1.84469260e-05 
 1.96934862e-08  1.60545375e-06  1.96934862e-08  1.88621759e-05 
 1.97434862e-08 -1.47388637e-06  1.97434862e-08 -1.92343404e-05 
 1.97934862e-08  1.58410441e-06  1.97934862e-08  1.96317754e-05 
 1.98434862e-08 -1.45251535e-06  1.98434862e-08 -1.99864209e-05 
 1.98934862e-08  1.56270540e-06  1.98934862e-08  2.03666088e-05 
 1.99434862e-08 -1.43110443e-06  1.99434862e-08 -2.07042958e-05 
 1.99717431e-08  1.53302887e-06  1.99717431e-08  2.13290337e-05 
 2.00000000e-08 -1.39317350e-06  2.00000000e-08 -2.18946157e-05 
 2.00050000e-08  2.35738986e-05  2.00050000e-08  2.74772879e-04 
 2.00150000e-08 -8.93448795e-06  2.00150000e-08  1.92092397e-05 
 2.00350000e-08 -1.37342541e-05  2.00350000e-08 -9.02631741e-05 
 2.00750000e-08  1.25157912e-05  2.00750000e-08 -1.17235375e-04 
 2.01250000e-08 -6.93672716e-05  2.01250000e-08 -2.65785344e-04 
 2.01625000e-08 -1.00748658e-04  2.01625000e-08 -5.62281305e-04 
 2.02000000e-08  9.34011441e-04  2.02000000e-08  6.49560160e-04 
 2.02050000e-08  1.51250925e-04  2.02050000e-08  8.68643512e-04 
 2.02150000e-08 -8.98515823e-04  2.02150000e-08  3.12419101e-03 
 2.02350000e-08 -1.30657353e-04  2.02350000e-08  3.74383348e-03 
 2.02627304e-08  2.15537477e-04  2.02627304e-08 -3.05592940e-03 
 2.02937980e-08 -1.25925570e-04  2.02937980e-08 -1.45441309e-03 
 2.03437980e-08  9.95910084e-05  2.03437980e-08  3.96652857e-04 
 2.03937980e-08 -8.18324588e-05  2.03937980e-08  1.91233333e-04 
 2.04437980e-08  6.95733155e-05  2.04437980e-08 -5.59425278e-05 
 2.04937980e-08 -6.02402358e-05  2.04937980e-08  8.51379361e-05 
 2.05437980e-08  5.31422062e-05  2.05437980e-08 -5.85330931e-05 
 2.05937980e-08 -4.71847063e-05  2.05937980e-08  5.12192875e-05 
 2.06437980e-08  4.23994429e-05  2.06437980e-08 -4.11697517e-05 
 2.06937980e-08 -3.80882040e-05  2.06937980e-08  3.48308600e-05 
 2.07437980e-08  3.45543003e-05  2.07437980e-08 -2.96445288e-05 
 2.07937980e-08 -3.12219496e-05  2.07937980e-08  2.59359649e-05 
 2.08437980e-08  2.84888939e-05  2.08437980e-08 -2.31554477e-05 
 2.08937980e-08 -2.58238658e-05  2.08937980e-08  2.11929278e-05 
 2.09437980e-08  2.36618699e-05  2.09437980e-08 -1.97888522e-05 
 2.09937980e-08 -2.14901103e-05  2.09937980e-08  1.88708393e-05 
 2.10437980e-08  1.97607264e-05  2.10437980e-08 -1.82651126e-05 
 2.10937980e-08 -1.79699995e-05  2.10937980e-08  1.79486904e-05 
 2.11437980e-08  1.65792566e-05  2.11437980e-08 -1.77908654e-05 
 2.11937980e-08 -1.50900520e-05  2.11937980e-08  1.78012379e-05 
 2.12437980e-08  1.39693053e-05  2.12437980e-08 -1.78748783e-05 
 2.12937980e-08 -1.27220594e-05  2.12937980e-08  1.80420340e-05 
 2.13437980e-08  1.18189622e-05  2.13437980e-08 -1.82140125e-05 
 2.13937980e-08 -1.07675697e-05  2.13937980e-08  1.84342802e-05 
 2.14437980e-08  1.00411724e-05  2.14437980e-08 -1.86245428e-05 
 2.14937980e-08 -9.14923225e-06  2.14937980e-08  1.88367880e-05 
 2.15437980e-08  8.56699141e-06  2.15437980e-08 -1.89993859e-05 
 2.15937980e-08 -7.80540251e-06  2.15937980e-08  1.91698010e-05 
 2.16437980e-08  7.34118993e-06  2.16437980e-08 -1.92806274e-05 
 2.16937980e-08 -6.68649400e-06  2.16937980e-08  1.93928036e-05 
 2.17437980e-08  6.31918758e-06  2.17437980e-08 -1.94415379e-05 
 2.17937980e-08 -5.75236801e-06  2.17937980e-08  1.94899177e-05 
 2.18437980e-08  5.46481068e-06  2.18437980e-08 -1.94747050e-05 
 2.18937980e-08 -4.97038955e-06  2.18937980e-08  1.94602620e-05 
 2.19437980e-08  4.74859675e-06  2.19437980e-08 -1.93842103e-05 
 2.19937980e-08 -4.31394914e-06  2.19937980e-08  1.93113927e-05 
 2.20437980e-08  4.14648111e-06  2.20437980e-08 -1.91799546e-05 
 2.20937980e-08 -3.76125314e-06  2.20937980e-08  1.90560204e-05 
 2.21437980e-08  3.63877564e-06  2.21437980e-08 -1.88771186e-05 
 2.21937980e-08 -3.29449691e-06  2.21937980e-08  1.87085709e-05 
 2.22437980e-08  3.20931761e-06  2.22437980e-08 -1.84887192e-05 
 2.22937980e-08 -2.89903344e-06  2.22937980e-08  1.82830222e-05 
 2.23437980e-08  2.84484698e-06  2.23437980e-08 -1.80294966e-05 
 2.23937980e-08 -2.56283852e-06  2.23937980e-08  1.77935059e-05 
 2.24437980e-08  2.53445622e-06  2.24437980e-08 -1.75128689e-05 
 2.24937980e-08 -2.27601421e-06  2.24937980e-08  1.72528014e-05 
 2.25437980e-08  2.26916076e-06  2.25437980e-08 -1.69509202e-05 
 2.25937980e-08 -2.03040224e-06  2.25937980e-08  1.66722780e-05 
 2.26437980e-08  2.04155027e-06  2.26437980e-08 -1.63542905e-05 
 2.26937980e-08 -1.81926927e-06  2.26937980e-08  1.60618489e-05 
 2.27437980e-08  1.84550435e-06  2.27437980e-08 -1.57321782e-05 
 2.27937980e-08 -1.63705001e-06  2.27937980e-08  1.54300184e-05 
 2.28437980e-08  1.67596061e-06  2.28437980e-08 -1.50924196e-05 
 2.28937980e-08 -1.47913776e-06  2.28937980e-08  1.47839852e-05 
 2.29437980e-08  1.52872532e-06  2.29437980e-08 -1.44416089e-05 
 2.29937980e-08 -1.34171321e-06  2.29937980e-08  1.41297737e-05 
 2.30437980e-08  1.40031873e-06  2.30437980e-08 -1.37852358e-05 
 2.30937980e-08 -1.22160465e-06  2.30937980e-08  1.34723742e-05 
 2.31437980e-08  1.28784857e-06  2.31437980e-08 -1.31278255e-05 
 2.31937980e-08 -1.11617344e-06  2.31937980e-08  1.28158807e-05 
 2.32437980e-08  1.18890650e-06  2.32437980e-08 -1.24730730e-05 
 2.32937980e-08 -1.02322047e-06  2.32937980e-08  1.21636202e-05 
 2.33437980e-08  1.10148339e-06  2.33437980e-08 -1.18239665e-05 
 2.33937980e-08 -9.40909238e-07  2.33937980e-08  1.15182693e-05 
 2.34437980e-08  1.02389973e-06  2.34437980e-08 -1.11828971e-05 
 2.34937980e-08 -8.67703034e-07  2.34937980e-08  1.08819580e-05 
 2.35437980e-08  9.54748671e-07  2.35437980e-08 -1.05517559e-05 
 2.35937980e-08 -8.02313218e-07  2.35937980e-08  1.02563594e-05 
 2.36437980e-08  8.92849159e-07  2.36437980e-08 -9.93201763e-06 
 2.36937980e-08 -7.43656709e-07  2.36937980e-08  9.64276769e-06 
 2.37437980e-08  8.37207390e-07  2.37437980e-08 -9.32481188e-06 
 2.37937980e-08 -6.90821120e-07  2.37937980e-08  9.04216321e-06 
 2.38437980e-08  7.86985181e-07  2.38437980e-08 -8.73098390e-06 
 2.38937980e-08 -6.43035970e-07  2.38937980e-08  8.45526870e-06 
 2.39437980e-08  7.41473848e-07  2.39437980e-08 -8.15114551e-06 
 2.39937980e-08 -5.99648979e-07  2.39937980e-08  7.88259567e-06 
 2.40437980e-08  7.00072621e-07  2.40437980e-08 -7.58571757e-06 
 2.40937980e-08 -5.60106494e-07  2.40937980e-08  7.32448316e-06 
 2.41437980e-08  6.62270921e-07  2.41437980e-08 -7.03496537e-06 
 2.41937980e-08 -5.23937332e-07  2.41937980e-08  6.78113017e-06 
 2.42437980e-08  6.27633604e-07  2.42437980e-08 -6.49902828e-06 
 2.42937980e-08 -4.90739350e-07  2.42937980e-08  6.25262228e-06 
 2.43437980e-08  5.95788787e-07  2.43437980e-08 -5.97794358e-06 
 2.43937980e-08 -4.60168417e-07  2.43937980e-08  5.73895360e-06 
 2.44437980e-08  5.66417744e-07  2.44437980e-08 -5.47166675e-06 
 2.44937980e-08 -4.31929128e-07  2.44937980e-08  5.24004504e-06 
 2.45437980e-08  5.39246524e-07  2.45437980e-08 -4.98008778e-06 
 2.45937980e-08 -4.05767233e-07  2.45937980e-08  4.75575899e-06 
 2.46437980e-08  5.14038941e-07  2.46437980e-08 -4.50304458e-06 
 2.46937980e-08 -3.81463169e-07  2.46937980e-08  4.28591164e-06 
 2.47437980e-08  4.90590757e-07  2.47437980e-08 -4.04033403e-06 
 2.47937980e-08 -3.58826804e-07  2.47937980e-08  3.83028284e-06 
 2.48437980e-08  4.68724806e-07  2.48437980e-08 -3.59172102e-06 
 2.48937980e-08 -3.37692940e-07  2.48937980e-08  3.38862428e-06 
 2.49437980e-08  4.48286951e-07  2.49437980e-08 -3.15694570e-06 
 2.49937980e-08 -3.17917640e-07  2.49937980e-08  2.96066617e-06 
 2.50437980e-08  4.29142667e-07  2.50437980e-08 -2.73572967e-06 
 2.50937980e-08 -2.99375080e-07  2.50937980e-08  2.54612259e-06 
 2.51437980e-08  4.11174154e-07  2.51437980e-08 -2.32778063e-06 
 2.51937980e-08 -2.81954894e-07  2.51937980e-08  2.14469594e-06 
 2.52437980e-08  3.94277954e-07  2.52437980e-08 -1.93279654e-06 
 2.52937980e-08 -2.65560007e-07  2.52937980e-08  1.75608052e-06 
 2.53437980e-08  3.78362886e-07  2.53437980e-08 -1.55046877e-06 
 2.53937980e-08 -2.50104727e-07  2.53937980e-08  1.37996546e-06 
 2.54437980e-08  3.63348371e-07  2.54437980e-08 -1.18048481e-06 
 2.54937980e-08 -2.35513206e-07  2.54937980e-08  1.01603709e-06 
 2.55437980e-08  3.49162939e-07  2.55437980e-08 -8.22530319e-07 
 2.55937980e-08 -2.21718059e-07  2.55937980e-08  6.63980810e-07 
 2.56437980e-08  3.35743016e-07  2.56437980e-08 -4.76290843e-07 
 2.56937980e-08 -2.08659242e-07  2.56937980e-08  3.23482789e-07 
 2.57437980e-08  3.23031833e-07  2.57437980e-08 -1.41453423e-07 
 2.57937980e-08 -1.96283065e-07  2.57937980e-08 -5.76893996e-09 
 2.58437980e-08  3.10978602e-07  2.58437980e-08  1.82292625e-07 
 2.58937980e-08 -1.84541442e-07  2.58937980e-08 -3.24083430e-07 
 2.59437980e-08  2.99537713e-07  2.59437980e-08  4.95254476e-07 
 2.59937980e-08 -1.73391064e-07  2.59937980e-08 -6.31765840e-07 
 2.60437980e-08  2.88668047e-07  2.60437980e-08  7.97735196e-07 
 2.60937980e-08 -1.62792878e-07  2.60937980e-08 -9.29117009e-07 
 2.61437980e-08  2.78332475e-07  2.61437980e-08  1.09003323e-06 
 2.61937980e-08 -1.52711534e-07  2.61937980e-08 -1.21643283e-06 
 2.62437980e-08  2.68497304e-07  2.62437980e-08  1.37244182e-06 
 2.62937980e-08 -1.43114937e-07  2.62937980e-08 -1.49400388e-06 
 2.63437980e-08  2.59131952e-07  2.63437980e-08  1.64524877e-06 
 2.63937980e-08 -1.33973886e-07  2.63937980e-08 -1.76211503e-06 
 2.64437980e-08  2.50208501e-07  2.64437980e-08  1.90873605e-06 
 2.64937980e-08 -1.25261690e-07  2.64937980e-08 -2.02104534e-06 
 2.65437980e-08  2.41701440e-07  2.65437980e-08  2.16317966e-06 
 2.65937980e-08 -1.16953934e-07  2.65937980e-08 -2.27106776e-06 
 2.66437980e-08  2.33587350e-07  2.66437980e-08  2.40884955e-06 
 2.66937980e-08 -1.09028170e-07  2.66937980e-08 -2.51244910e-06 
 2.67437980e-08  2.25844735e-07  2.67437980e-08  2.64600932e-06 
 2.67937980e-08 -1.01463760e-07  2.67937980e-08 -2.74544985e-06 
 2.68437980e-08  2.18453748e-07  2.68437980e-08  2.87491641e-06 
 2.68937980e-08 -9.42416378e-08  2.68937980e-08 -2.97032428e-06 
 2.69437980e-08  2.11396057e-07  2.69437980e-08  3.09582184e-06 
 2.69937980e-08 -8.73441439e-08  2.69937980e-08 -3.18732027e-06 
 2.70437980e-08  2.04654656e-07  2.70437980e-08  3.30897039e-06 
 2.70937980e-08 -8.07549175e-08  2.70937980e-08 -3.39667939e-06 
 2.71437980e-08  1.98213793e-07  2.71437980e-08  3.51460047e-06 
 2.71937980e-08 -7.44587496e-08  2.71937980e-08 -3.59863699e-06 
 2.72437980e-08  1.92058747e-07  2.72437980e-08  3.71294431e-06 
 2.72937980e-08 -6.84414143e-08  2.72937980e-08 -3.79342215e-06 
 2.73437980e-08  1.86175803e-07  2.73437980e-08  3.90422788e-06 
 2.73937980e-08 -6.26896641e-08  2.73937980e-08 -3.98125774e-06 
 2.74437980e-08  1.80552133e-07  2.74437980e-08  4.08867101e-06 
 2.74937980e-08 -5.71910909e-08  2.74937980e-08 -4.16236058e-06 
 2.75437980e-08  1.75175737e-07  2.75437980e-08  4.26648751e-06 
 2.75937980e-08 -5.19340585e-08  2.75937980e-08 -4.33694147e-06 
 2.76437980e-08  1.70035327e-07  2.76437980e-08  4.43788519e-06 
 2.76937980e-08 -4.69076280e-08  2.76937980e-08 -4.50520530e-06 
 2.77437980e-08  1.65120291e-07  2.77437980e-08  4.60306605e-06 
 2.77937980e-08 -4.21014927e-08  2.77937980e-08 -4.66735113e-06 
 2.78437980e-08  1.60420618e-07  2.78437980e-08  4.76222625e-06 
 2.78937980e-08 -3.75059292e-08  2.78937980e-08 -4.82357230e-06 
 2.79437980e-08  1.55926867e-07  2.79437980e-08  4.91555629e-06 
 2.79937980e-08 -3.31117694e-08  2.79937980e-08 -4.97405650e-06 
 2.80437980e-08  1.51630122e-07  2.80437980e-08  5.06324115e-06 
 2.80937980e-08 -2.89103319e-08  2.80937980e-08 -5.11898600e-06 
 2.81437980e-08  1.47521926e-07  2.81437980e-08  5.20546032e-06 
 2.81937980e-08 -2.48933866e-08  2.81937980e-08 -5.25853757e-06 
 2.82437980e-08  1.43594276e-07  2.82437980e-08  5.34238802e-06 
 2.82937980e-08 -2.10531321e-08  2.82937980e-08 -5.39288286e-06 
 2.83437980e-08  1.39839559e-07  2.83437980e-08  5.47419327e-06 
 2.83937980e-08 -1.73821455e-08  2.83937980e-08 -5.52218828e-06 
 2.84437980e-08  1.36250543e-07  2.84437980e-08  5.60103995e-06 
 2.84937980e-08 -1.38733946e-08  2.84937980e-08 -5.64661524e-06 
 2.85437980e-08  1.32820370e-07  2.85437980e-08  5.72308697e-06 
 2.85937980e-08 -1.05201629e-08  2.85937980e-08 -5.76632021e-06 
 2.86437980e-08  1.29542473e-07  2.86437980e-08  5.84048843e-06 
 2.86937980e-08 -7.31604444e-09  2.86937980e-08 -5.88145491e-06 
 2.87437980e-08  1.26410608e-07  2.87437980e-08  5.95339368e-06 
 2.87937980e-08 -4.25495227e-09  2.87937980e-08 -5.99216635e-06 
 2.88437980e-08  1.23418827e-07  2.88437980e-08  6.06194748e-06 
 2.88937980e-08 -1.33104770e-09  2.88937980e-08 -6.09859703e-06 
 2.89437980e-08  1.20561406e-07  2.89437980e-08  6.16629004e-06 
 2.89937980e-08  1.46123826e-09  2.89937980e-08 -6.20088498e-06 
 2.90437980e-08  1.17832916e-07  2.90437980e-08  6.26655729e-06 
 2.90937980e-08  4.12723333e-09  2.90937980e-08 -6.29916395e-06 
 2.91437980e-08  1.15228154e-07  2.91437980e-08  6.36288077e-06 
 2.91937980e-08  6.67200859e-09  2.91937980e-08 -6.39356345e-06 
 2.92437980e-08  1.12742123e-07  2.92437980e-08  6.45538801e-06 
 2.92937980e-08  9.10047319e-09  2.92937980e-08 -6.48420893e-06 
 2.93437980e-08  1.10370066e-07  2.93437980e-08  6.54420244e-06 
 2.93937980e-08  1.14172686e-08  2.93937980e-08 -6.57122186e-06 
 2.94437980e-08  1.08107397e-07  2.94437980e-08  6.62944358e-06 
 2.94937980e-08  1.36269146e-08  2.94937980e-08 -6.65471983e-06 
 2.95437980e-08  1.05949721e-07  2.95437980e-08  6.71122712e-06 
 2.95937980e-08  1.57336673e-08  2.95937980e-08 -6.73481670e-06 
 2.96437980e-08  1.03892837e-07  2.96437980e-08  6.78966512e-06 
 2.96937980e-08  1.77416804e-08  2.96937980e-08 -6.81162268e-06 
 2.97437980e-08  1.01932713e-07  2.97437980e-08  6.86486595e-06 
 2.97937980e-08  1.96548907e-08  2.97937980e-08 -6.88524441e-06 
 2.98437980e-08  1.00065460e-07  2.98437980e-08  6.93693459e-06 
 2.98937980e-08  2.14771183e-08  2.98937980e-08 -6.95578515e-06 
 2.99437980e-08  9.82873391e-08  2.99437980e-08  7.00597256e-06 
 2.99718990e-08  2.38652970e-08  2.99718990e-08 -7.04888351e-06 
 3.00000000e-08  9.53326130e-08  3.00000000e-08  7.12161524e-06 
 3.00050000e-08 -1.23933446e-05  3.00050000e-08 -1.14805303e-04 
 3.00150000e-08  1.34739911e-05  3.00150000e-08  3.35707354e-05 
 3.00350000e-08 -6.94090760e-07  3.00350000e-08  4.06126046e-05 
 3.00750000e-08 -4.33044207e-06  3.00750000e-08  1.37147277e-07 
 3.01250000e-08  2.85720351e-05  3.01250000e-08  1.89064013e-04 
 3.01625000e-08  3.91693901e-06  3.01625000e-08  2.28090177e-04 
 3.02000000e-08 -4.36099358e-04  3.02000000e-08 -5.09826820e-04 
 3.02050000e-08 -2.86754047e-04  3.02050000e-08 -8.01535249e-04 
 3.02150000e-08  7.64062130e-04  3.02150000e-08 -1.93019206e-03 
 3.02350000e-08  2.86183952e-04  3.02350000e-08 -2.25603923e-03 
 3.02643055e-08 -5.33507373e-04  3.02643055e-08  1.45755755e-03 
 3.02994052e-08  4.08999735e-04  3.02994052e-08  2.76015755e-03 
 3.03390130e-08 -2.95774929e-04  3.03390130e-08 -1.99003854e-03 
 3.03890130e-08  2.24655338e-04  3.03890130e-08  9.84372971e-04 
 3.04390130e-08 -1.66576473e-04  3.04390130e-08 -7.68958281e-04 
 3.04890130e-08  1.20926719e-04  3.04890130e-08  4.88357982e-04 
 3.05390130e-08 -8.45182175e-05  3.05390130e-08 -3.62231388e-04 
 3.05890130e-08  5.63552868e-05  3.05890130e-08  2.36219057e-04 
 3.06390130e-08 -3.42190338e-05  3.06390130e-08 -1.58114744e-04 
 3.06890130e-08  1.74350294e-05  3.06890130e-08  8.81308455e-05 
 3.07390130e-08 -4.44436964e-06  3.07390130e-08 -3.63427305e-05 
 3.07890130e-08 -5.08276347e-06  3.07890130e-08 -8.17150272e-06 
 3.08390130e-08  1.23012248e-05  3.08390130e-08  4.39064768e-05 
 3.08890130e-08 -1.72740698e-05  3.08890130e-08 -7.42298590e-05 
 3.09390130e-08  2.09080476e-05  3.09390130e-08  9.93805432e-05 
 3.09890130e-08 -2.30776803e-05  3.09890130e-08 -1.20625653e-04 
 3.10390130e-08  2.45345864e-05  3.10390130e-08  1.38428997e-04 
 3.10890130e-08 -2.50254023e-05  3.10890130e-08 -1.53400529e-04 
 3.11390130e-08  2.52032505e-05  3.11390130e-08  1.65935828e-04 
 3.11890130e-08 -2.47300276e-05  3.11890130e-08 -1.76395010e-04 
 3.12390130e-08  2.41957267e-05  3.12390130e-08  1.85077510e-04 
 3.12890130e-08 -2.32069713e-05  3.12890130e-08 -1.92222751e-04 
 3.13390130e-08  2.23135079e-05  3.13390130e-08  1.98076800e-04 
 3.13890130e-08 -2.10843856e-05  3.13890130e-08 -2.02712509e-04 
 3.14390130e-08  2.00462416e-05  3.14390130e-08  2.06466813e-04 
 3.14890130e-08 -1.87448922e-05  3.14890130e-08 -2.09261464e-04 
 3.15390130e-08  1.76881322e-05  3.15390130e-08  2.11421767e-04 
 3.15890130e-08 -1.64097584e-05  3.15890130e-08 -2.12837511e-04 
 3.16390130e-08  1.54053906e-05  3.16390130e-08  2.13799862e-04 
 3.16890130e-08 -1.42012151e-05  3.16890130e-08 -2.14179708e-04 
 3.17390130e-08  1.32855349e-05  3.17390130e-08  2.14240524e-04 
 3.17890130e-08 -1.21797270e-05  3.17890130e-08 -2.13841634e-04 
 3.18390130e-08  1.13678286e-05  3.18390130e-08  2.13223409e-04 
 3.18890130e-08 -1.03682523e-05  3.18890130e-08 -2.12239200e-04 
 3.19390130e-08  9.66267356e-06  3.19390130e-08  2.11109578e-04 
 3.19890130e-08 -8.76774774e-06  3.19890130e-08 -2.09685921e-04 
 3.20390130e-08  8.16395827e-06  3.20390130e-08  2.08171595e-04 
 3.20890130e-08 -7.36698223e-06  3.20890130e-08 -2.06418781e-04 
 3.21390130e-08  6.85681355e-06  3.21390130e-08  2.04615760e-04 
 3.21890130e-08 -6.14864458e-06  3.21890130e-08 -2.02617391e-04 
 3.22390130e-08  5.72238892e-06  3.22390130e-08  2.00598649e-04 
 3.22890130e-08 -5.09305863e-06  3.22890130e-08 -1.98418287e-04 
 3.23390130e-08  4.74071365e-06  3.23390130e-08  1.96239484e-04 
 3.23890130e-08 -4.18036659e-06  3.23890130e-08 -1.93925628e-04 
 3.24390130e-08  3.89233853e-06  3.24390130e-08  1.91629394e-04 
 3.24890130e-08 -3.39174368e-06  3.24890130e-08 -1.89219211e-04 
 3.25390130e-08  3.15921177e-06  3.25390130e-08  1.86838367e-04 
 3.25890130e-08 -2.71000915e-06  3.25890130e-08 -1.84360491e-04 
 3.26390130e-08  2.52508238e-06  3.26390130e-08  1.81920459e-04 
 3.26890130e-08 -2.11986935e-06  3.26890130e-08 -1.79397095e-04 
 3.27390130e-08  1.97561976e-06  3.27390130e-08  1.76917713e-04 
 3.27890130e-08 -1.60794390e-06  3.27890130e-08 -1.74366205e-04 
 3.28390130e-08  1.49836980e-06  3.28390130e-08  1.71863082e-04 
 3.28890130e-08 -1.16267053e-06  3.28890130e-08 -1.69297100e-04 
 3.29390130e-08  1.08262298e-06  3.29390130e-08  1.66782634e-04 
 3.29890130e-08 -7.74148147e-07  3.29890130e-08 -1.64213054e-04 
 3.30390130e-08  7.19241458e-07  3.30390130e-08  1.61697196e-04 
 3.30890130e-08 -4.33954864e-07  3.30890130e-08 -1.59132758e-04 
 3.31390130e-08  4.00473216e-07  3.31390130e-08  1.56623580e-04 
 3.31890130e-08 -1.34962343e-07  3.31890130e-08 -1.54071389e-04 
 3.32390130e-08  1.19769774e-07  3.32390130e-08  1.51575508e-04 
 3.32890130e-08  1.28841008e-07  3.32890130e-08 -1.49041395e-04 
 3.33390130e-08 -1.28383807e-07  3.33390130e-08  1.46564297e-04 
 3.33890130e-08  3.62512183e-07  3.33890130e-08 -1.44053101e-04 
 3.34390130e-08 -3.48622369e-07  3.34390130e-08  1.41599374e-04 
 3.34890130e-08  5.70298065e-07  3.34890130e-08 -1.39115144e-04 
 3.35390130e-08 -5.44836242e-07  3.35390130e-08  1.36688659e-04 
 3.35890130e-08  7.55762022e-07  3.35890130e-08 -1.34234811e-04 
 3.36390130e-08 -7.20288918e-07  3.36390130e-08  1.31838856e-04 
 3.36890130e-08  9.21893206e-07  3.36890130e-08 -1.29418289e-04 
 3.37390130e-08 -8.77718409e-07  3.37390130e-08  1.27055670e-04 
 3.37890130e-08  1.07120012e-06  3.37890130e-08 -1.24670852e-04 
 3.38390130e-08 -1.01942339e-06  3.38390130e-08  1.22343973e-04 
 3.38890130e-08  1.20578997e-06  3.38890130e-08 -1.19997008e-04 
 3.39390130e-08 -1.14733620e-06  3.39390130e-08  1.17707925e-04 
 3.39890130e-08  1.32743566e-06  3.39890130e-08 -1.15400607e-04 
 3.40390130e-08 -1.26308424e-06  3.40390130e-08  1.13151078e-04 
 3.40890130e-08  1.43763200e-06  3.40890130e-08 -1.10884931e-04 
 3.41390130e-08 -1.36804141e-06  3.41390130e-08  1.08676451e-04 
 3.41890130e-08  1.53764277e-06  3.41890130e-08 -1.06452757e-04 
 3.42390130e-08 -1.46337104e-06  3.42390130e-08  1.04286588e-04 
 3.42890130e-08  1.62853989e-06  3.42890130e-08 -1.02106418e-04 
 3.43390130e-08 -1.55006175e-06  3.43390130e-08  9.99836094e-05 
 3.43890130e-08  1.71123607e-06  3.43890130e-08 -9.78478415e-05 
 3.44390130e-08 -1.62895704e-06  3.44390130e-08  9.57692561e-05 
 3.44890130e-08  1.78651183e-06  3.44890130e-08 -9.36785942e-05 
 3.45390130e-08 -1.70078000e-06  3.45390130e-08  9.16449210e-05 
 3.45890130e-08  1.85503795e-06  3.45890130e-08 -8.95999110e-05 
 3.46390130e-08 -1.76615368e-06  3.46390130e-08  8.76116817e-05 
 3.46890130e-08  1.91739401e-06  3.46890130e-08 -8.56127246e-05 
 3.47390130e-08 -1.82561798e-06  3.47390130e-08  8.36703270e-05 
 3.47890130e-08  1.97408368e-06  3.47890130e-08 -8.17176917e-05 
 3.48390130e-08 -1.87964346e-06  3.48390130e-08  7.98213817e-05 
 3.48890130e-08  2.02554735e-06  3.48890130e-08 -7.79152157e-05 
 3.49390130e-08 -1.92864293e-06  3.49390130e-08  7.60651285e-05 
 3.49890130e-08  2.07217264e-06  3.49890130e-08 -7.42054685e-05 
 3.50390130e-08 -1.97298089e-06  3.50390130e-08  7.24016289e-05 
 3.50890130e-08  2.11430288e-06  3.50890130e-08 -7.05884103e-05 
 3.51390130e-08 -2.01298131e-06  3.51390130e-08  6.88307422e-05 
 3.51890130e-08  2.15224429e-06  3.51890130e-08 -6.70638078e-05 
 3.52390130e-08 -2.04893405e-06  3.52390130e-08  6.53521431e-05 
 3.52890130e-08  2.18627176e-06  3.52890130e-08 -6.36312516e-05 
 3.53390130e-08 -2.08110024e-06  3.53390130e-08  6.19653385e-05 
 3.53890130e-08  2.21663372e-06  3.53890130e-08 -6.02901724e-05 
 3.54390130e-08 -2.10971653e-06  3.54390130e-08  5.86696835e-05 
 3.54890130e-08  2.24355597e-06  3.54890130e-08 -5.70398560e-05 
 3.55390130e-08 -2.13499874e-06  3.55390130e-08  5.54643954e-05 
 3.55890130e-08  2.26724515e-06  3.55890130e-08 -5.38794577e-05 
 3.56390130e-08 -2.15714490e-06  3.56390130e-08  5.23485682e-05 
 3.56890130e-08  2.28789125e-06  3.56890130e-08 -5.08080155e-05 
 3.57390130e-08 -2.17633757e-06  3.57390130e-08  4.93211847e-05 
 3.57890130e-08  2.30566995e-06  3.57890130e-08 -4.78244629e-05 
 3.58390130e-08 -2.19274598e-06  3.58390130e-08  4.63811295e-05 
 3.58890130e-08  2.32074446e-06  3.58890130e-08 -4.49276402e-05 
 3.59390130e-08 -2.20652767e-06  3.59390130e-08  4.35271995e-05 
 3.59890130e-08  2.33326703e-06  3.59890130e-08 -4.21163055e-05 
 3.60390130e-08 -2.21782990e-06  3.60390130e-08  4.07581148e-05 
 3.60890130e-08  2.34338021e-06  3.60890130e-08 -3.93891450e-05 
 3.61390130e-08 -2.22679080e-06  3.61390130e-08  3.80725285e-05 
 3.61890130e-08  2.35121796e-06  3.61890130e-08 -3.67447826e-05 
 3.62390130e-08 -2.23354035e-06  3.62390130e-08  3.54690358e-05 
 3.62890130e-08  2.35690654e-06  3.62890130e-08 -3.41817882e-05 
 3.63390130e-08 -2.23820123e-06  3.63390130e-08  3.29461822e-05 
 3.63890130e-08  2.36056518e-06  3.63890130e-08 -3.16986862e-05 
 3.64390130e-08 -2.24088942e-06  3.64390130e-08  3.05024715e-05 
 3.64890130e-08  2.36230682e-06  3.64890130e-08 -2.92939628e-05 
 3.65390130e-08 -2.24171492e-06  3.65390130e-08  2.81363731e-05 
 3.65890130e-08  2.36223859e-06  3.65890130e-08 -2.69660731e-05 
 3.66390130e-08 -2.24078209e-06  3.66390130e-08  2.58463284e-05 
 3.66890130e-08  2.36046226e-06  3.66890130e-08 -2.47134472e-05 
 3.67390130e-08 -2.23819020e-06  3.67390130e-08  2.36307569e-05 
 3.67890130e-08  2.35707467e-06  3.67890130e-08 -2.25344964e-05 
 3.68390130e-08 -2.23403376e-06  3.68390130e-08  2.14880620e-05 
 3.68890130e-08  2.35216807e-06  3.68890130e-08 -2.04276180e-05 
 3.69390130e-08 -2.22840279e-06  3.69390130e-08  1.94166358e-05 
 3.69890130e-08  2.34583037e-06  3.69890130e-08 -1.83912007e-05 
 3.70390130e-08 -2.22138317e-06  3.70390130e-08  1.74148640e-05 
 3.70890130e-08  2.33814545e-06  3.70890130e-08 -1.64236288e-05 
 3.71390130e-08 -2.21305682e-06  3.71390130e-08  1.54811298e-05 
 3.71890130e-08  2.32919338e-06  3.71890130e-08 -1.45232861e-05 
 3.72390130e-08 -2.20350200e-06  3.72390130e-08  1.36138182e-05 
 3.72890130e-08  2.31905062e-06  3.72890130e-08 -1.26885598e-05 
 3.73390130e-08 -2.19279344e-06  3.73390130e-08  1.18113190e-05 
 3.73890130e-08  2.30779022e-06  3.73890130e-08 -1.09178437e-05 
 3.74390130e-08 -2.18100252e-06  3.74390130e-08  1.00720303e-05 
 3.74890130e-08  2.29548198e-06  3.74890130e-08 -9.20954103e-06 
 3.75390130e-08 -2.16819747e-06  3.75390130e-08  8.39436093e-06 
 3.75890130e-08  2.28219259e-06  3.75890130e-08 -7.56206732e-06 
 3.76390130e-08 -2.15444351e-06  3.76390130e-08  6.77673335e-06 
 3.76890130e-08  2.26798580e-06  3.76890130e-08 -5.97385261e-06 
 3.77390130e-08 -2.13980294e-06  3.77390130e-08  5.21758565e-06 
 3.77890130e-08  2.25292252e-06  3.77890130e-08 -4.44334376e-06 
 3.78390130e-08 -2.12433531e-06  3.78390130e-08  3.71537354e-06 
 3.78890130e-08  2.23706100e-06  3.78890130e-08 -2.96900605e-06 
 3.79390130e-08 -2.10809756e-06  3.79390130e-08  2.26857223e-06 
 3.79890130e-08  2.22045686e-06  3.79890130e-08 -1.54932503e-06 
 3.80390130e-08 -2.09114406e-06  3.80390130e-08  8.75677833e-07 
 3.80890130e-08  2.20316326e-06  3.80890130e-08 -1.82807934e-07 
 3.81390130e-08 -2.07352677e-06  3.81390130e-08 -4.64791171e-07 
 3.81890130e-08  2.18523101e-06  3.81890130e-08  1.13201512e-06 
 3.82390130e-08 -2.05529532e-06  3.82390130e-08 -1.75429282e-06 
 3.82890130e-08  2.16670857e-06  3.82890130e-08  2.39659007e-06 
 3.83390130e-08 -2.03649711e-06  3.83390130e-08 -2.99426075e-06 
 3.83890130e-08  2.14764230e-06  3.83890130e-08  3.61233792e-06 
 3.84390130e-08 -2.01717738e-06  3.84390130e-08 -4.18610322e-06 
 3.84890130e-08  2.12807638e-06  3.84890130e-08  4.78065399e-06 
 3.85390130e-08 -1.99737935e-06  3.85390130e-08 -5.33120252e-06 
 3.85890130e-08  2.10805304e-06  3.85890130e-08  5.90290731e-06 
 3.86390130e-08 -1.97714422e-06  3.86390130e-08 -6.43091427e-06 
 3.86890130e-08  2.08761250e-06  3.86890130e-08  6.98044010e-06 
 3.87390130e-08 -1.95651129e-06  3.87390130e-08 -7.48656722e-06 
 3.87890130e-08  2.06679315e-06  3.87890130e-08  8.01456731e-06 
 3.88390130e-08 -1.93551806e-06  3.88390130e-08 -8.49946252e-06 
 3.88890130e-08  2.04563162e-06  3.88890130e-08  9.00657640e-06 
 3.89390130e-08 -1.91420025e-06  3.89390130e-08 -9.47087378e-06 
 3.89890130e-08  2.02416276e-06  3.89890130e-08  9.95772705e-06 
 3.90390130e-08 -1.89259190e-06  3.90390130e-08 -1.04020468e-05 
 3.90890130e-08  2.00241981e-06  3.90890130e-08  1.08692512e-05 
 3.91390130e-08 -1.87072545e-06  3.91390130e-08 -1.12941994e-05 
 3.91890130e-08  1.98043440e-06  3.91890130e-08  1.17423526e-05 
 3.92390130e-08 -1.84863175e-06  3.92390130e-08 -1.21485217e-05 
 3.92890130e-08  1.95823664e-06  3.92890130e-08  1.25782074e-05 
 3.93390130e-08 -1.82634017e-06  3.93390130e-08 -1.29661755e-05 
 3.93890130e-08  1.93585517e-06  3.93890130e-08  1.33779638e-05 
 3.94390130e-08 -1.80387864e-06  3.94390130e-08 -1.37482954e-05 
 3.94890130e-08  1.91331721e-06  3.94890130e-08  1.41427423e-05 
 3.95390130e-08 -1.78127369e-06  3.95390130e-08 -1.44959880e-05 
 3.95890130e-08  1.89064866e-06  3.95890130e-08  1.48736359e-05 
 3.96390130e-08 -1.75855057e-06  3.96390130e-08 -1.52103326e-05 
 3.96890130e-08  1.86787408e-06  3.96890130e-08  1.55717104e-05 
 3.97390130e-08 -1.73573322e-06  3.97390130e-08 -1.58923815e-05 
 3.97890130e-08  1.84501682e-06  3.97890130e-08  1.62380044e-05 
 3.98390130e-08 -1.71284437e-06  3.98390130e-08 -1.65431600e-05 
 3.98890130e-08  1.82209900e-06  3.98890130e-08  1.68735302e-05 
 3.99390130e-08 -1.68990555e-06  3.99390130e-08 -1.71636669e-05 
 3.99695065e-08  1.79179410e-06  3.99695065e-08  1.76669397e-05 
 4.00000000e-08 -1.65223754e-06  4.00000000e-08 -1.81182459e-05 
 4.00050000e-08  2.35752886e-05  4.00050000e-08  2.74390590e-04 
 4.00150000e-08 -8.93634059e-06  4.00150000e-08  1.94689317e-05 
 4.00350000e-08 -1.37368174e-05  4.00350000e-08 -9.02910094e-05 
 4.00750000e-08  1.25196526e-05  4.00750000e-08 -1.17133184e-04 
 4.01250000e-08 -6.93833645e-05  4.01250000e-08 -2.65728874e-04 
 4.01625000e-08 -1.00720709e-04  4.01625000e-08 -5.60932463e-04 
 4.02000000e-08  9.33624796e-04  4.02000000e-08  6.43931904e-04 
 4.02050000e-08  1.50668682e-04  4.02050000e-08  8.69785390e-04 
 4.02150000e-08 -8.98386277e-04  4.02150000e-08  3.12807428e-03 
 4.02350000e-08 -1.29947943e-04  4.02350000e-08  3.74304098e-03 
 4.02627328e-08  2.15214199e-04  4.02627328e-08 -3.05611372e-03 
 4.02938016e-08 -1.25797846e-04  4.02938016e-08 -1.45420924e-03 
 4.03438016e-08  9.95093834e-05  4.03438016e-08  3.96781041e-04 
 4.03938016e-08 -8.17800521e-05  4.03938016e-08  1.90634617e-04 
 4.04438016e-08  6.95401488e-05  4.04438016e-08 -5.52925704e-05 
 4.04938016e-08 -6.02202447e-05  4.04938016e-08  8.46254554e-05 
 4.05438016e-08  5.31314744e-05  4.05438016e-08 -5.81054071e-05 
 4.05938016e-08 -4.71803929e-05  4.05938016e-08  5.08651285e-05 
 4.06438016e-08  4.23996666e-05  4.06438016e-08 -4.08700890e-05 
 4.06938016e-08 -3.80915303e-05  4.06938016e-08  3.45754107e-05 
 4.07438016e-08  3.45597374e-05  4.07438016e-08 -2.94244966e-05 
 4.07938016e-08 -3.12287425e-05  4.07938016e-08  2.57448487e-05 
 4.08438016e-08  2.84965132e-05  4.08438016e-08 -2.29880392e-05 
 4.08938016e-08 -2.58319157e-05  4.08938016e-08  2.10450269e-05 
 4.09438016e-08  2.36700738e-05  4.09438016e-08 -1.96570919e-05 
 4.09938016e-08 -2.14982679e-05  4.09938016e-08  1.87524167e-05 
 4.10438016e-08  1.97687008e-05  4.10438016e-08 -1.81577761e-05 
 4.10938016e-08 -1.79776974e-05  4.10938016e-08  1.78505298e-05 
 4.11438016e-08  1.65866176e-05  4.11438016e-08 -1.77003536e-05 
 4.11938016e-08 -1.50970409e-05  4.11938016e-08  1.77170581e-05 
 4.12438016e-08  1.39759028e-05  4.12438016e-08 -1.77959910e-05 
 4.12938016e-08 -1.27282609e-05  4.12938016e-08  1.79675272e-05 
 4.13438016e-08  1.18247701e-05  4.13438016e-08 -1.81431821e-05 
 4.13938016e-08 -1.07729947e-05  4.13938016e-08  1.83664944e-05 
 4.14438016e-08  1.00462272e-05  4.14438016e-08 -1.85593301e-05 
 4.14938016e-08 -9.15393491e-06  4.14938016e-08  1.87737122e-05 
 4.15438016e-08  8.57135902e-06  4.15438016e-08 -1.89381374e-05 
 4.15938016e-08 -7.80945546e-06  4.15938016e-08  1.91100803e-05 
 4.16438016e-08  7.34494653e-06  4.16438016e-08 -1.92222372e-05 
 4.16938016e-08 -6.68997470e-06  4.16938016e-08  1.93355394e-05 
 4.17438016e-08  6.32241006e-06  4.17438016e-08 -1.93852801e-05 
 4.17938016e-08 -5.75535154e-06  4.17938016e-08  1.94345277e-05 
 4.18438016e-08  5.46757152e-06  4.18438016e-08 -1.94201162e-05 
 4.18938016e-08 -4.97294525e-06  4.18938016e-08  1.94063805e-05 
 4.19438016e-08  4.75096177e-06  4.19438016e-08 -1.93310055e-05 
 4.19719008e-08 -4.08860715e-06  4.19719008e-08  1.91724229e-05 
 4.20000000e-08  3.74409905e-06  4.20000000e-08 -1.89020294e-05 
 4.20050000e-08  5.95368495e-06  4.20050000e-08  7.08479555e-05 
 4.20150000e-08 -2.67964701e-06  4.20150000e-08  3.05869590e-05 
 4.20350000e-08 -3.54120679e-06  4.20350000e-08 -4.70450354e-05 
 4.20750000e-08  4.42236597e-06  4.20750000e-08 -2.23650438e-05 
 4.21250000e-08 -1.74022145e-05  4.21250000e-08 -6.04281791e-05 
 4.21625000e-08 -1.00281726e-04  4.21625000e-08 -2.13844004e-04 
 4.22000000e-08  1.13310243e-03  4.22000000e-08 -1.11794419e-04 
 4.22050000e-08  1.15742595e-03  4.22050000e-08 -5.57978218e-04 
 4.22150000e-08  1.09215705e-03  4.22150000e-08  7.83650889e-04 
 4.22350000e-08 -6.03830593e-04  4.22350000e-08  5.37645553e-03 
 4.22750000e-08 -5.10563604e-02  4.22750000e-08  4.69143276e-03 
 4.23250000e-08  1.01929902e+00  4.23250000e-08 -1.04311009e-02 
 4.23750000e-08  1.28547913e+00  4.23750000e-08 -4.88566289e-02 
 4.24250000e-08  1.12795369e+00  4.24250000e-08  1.99723661e-02 
 4.24750000e-08  1.24913602e+00  4.24750000e-08  2.51705350e+00 
 4.25250000e-08  1.15995942e+00  4.25250000e-08  3.31648005e+00 
 4.25750000e-08  1.23030482e+00  4.25750000e-08  3.24257578e+00 
 4.26250000e-08  1.17520974e+00  4.26250000e-08  3.33204693e+00 
 4.26750000e-08  1.21972773e+00  4.26750000e-08  3.27785953e+00 
 4.27250000e-08  1.18370424e+00  4.27250000e-08  3.31565465e+00 
 4.27750000e-08  1.21330268e+00  4.27750000e-08  3.28843117e+00 
 4.28250000e-08  1.18892752e+00  4.28250000e-08  3.30891581e+00 
 4.28750000e-08  1.20915994e+00  4.28750000e-08  3.29298008e+00 
 4.29250000e-08  1.19233935e+00  4.29250000e-08  3.30569822e+00 
 4.29750000e-08  1.20638277e+00  4.29750000e-08  3.29534514e+00 
 4.30250000e-08  1.19464728e+00  4.30250000e-08  3.30387337e+00 
 4.30750000e-08  1.20447741e+00  4.30750000e-08  3.29678195e+00 
 4.31250000e-08  1.19623937e+00  4.31250000e-08  3.30270231e+00 
 4.31750000e-08  1.20315271e+00  4.31750000e-08  3.29774174e+00 
 4.32250000e-08  1.19734976e+00  4.32250000e-08  3.30189900e+00 
 4.32750000e-08  1.20222469e+00  4.32750000e-08  3.29841242e+00 
 4.33250000e-08  1.19813162e+00  4.33250000e-08  3.30132924e+00 
 4.33750000e-08  1.20157410e+00  4.33750000e-08  3.29888564e+00 
 4.34250000e-08  1.19867937e+00  4.34250000e-08  3.30092781e+00 
 4.34750000e-08  1.20111208e+00  4.34750000e-08  3.29922525e+00 
 4.35250000e-08  1.19906640e+00  4.35250000e-08  3.30064369e+00 
 4.35750000e-08  1.20078571e+00  4.35750000e-08  3.29946409e+00 
 4.36250000e-08  1.19934027e+00  4.36250000e-08  3.30044502e+00 
 4.36750000e-08  1.20055479e+00  4.36750000e-08  3.29962947e+00 
 4.37250000e-08  1.19953427e+00  4.37250000e-08  3.30030883e+00 
 4.37750000e-08  1.20039124e+00  4.37750000e-08  3.29974121e+00 
 4.38250000e-08  1.19967181e+00  4.38250000e-08  3.30021827e+00 
 4.38750000e-08  1.20027529e+00  4.38750000e-08  3.29981392e+00 
 4.39250000e-08  1.19976936e+00  4.39250000e-08  3.30016086e+00 
 4.39750000e-08  1.20019305e+00  4.39750000e-08  3.29985839e+00 
 4.40250000e-08  1.19983860e+00  4.40250000e-08  3.30012737e+00 
 4.40750000e-08  1.20013468e+00  4.40750000e-08  3.29988259e+00 
 4.41250000e-08  1.19988775e+00  4.41250000e-08  3.30011096e+00 
 4.41750000e-08  1.20009324e+00  4.41750000e-08  3.29989241e+00 
 4.42250000e-08  1.19992265e+00  4.42250000e-08  3.30010659e+00 
 4.42750000e-08  1.20006383e+00  4.42750000e-08  3.29989220e+00 
 4.43250000e-08  1.19994743e+00  4.43250000e-08  3.30011054e+00 
 4.43750000e-08  1.20004294e+00  4.43750000e-08  3.29988514e+00 
 4.44250000e-08  1.19996501e+00  4.44250000e-08  3.30012008e+00 
 4.44750000e-08  1.20002813e+00  4.44750000e-08  3.29987357e+00 
 4.45250000e-08  1.19997749e+00  4.45250000e-08  3.30013322e+00 
 4.45750000e-08  1.20001762e+00  4.45750000e-08  3.29985918e+00 
 4.46250000e-08  1.19998633e+00  4.46250000e-08  3.30014853e+00 
 4.46750000e-08  1.20001018e+00  4.46750000e-08  3.29984319e+00 
 4.47250000e-08  1.19999258e+00  4.47250000e-08  3.30016496e+00 
 4.47750000e-08  1.20000493e+00  4.47750000e-08  3.29982648e+00 
 4.48250000e-08  1.19999699e+00  4.48250000e-08  3.30018177e+00 
 4.48750000e-08  1.20000123e+00  4.48750000e-08  3.29980967e+00 
 4.49250000e-08  1.20000009e+00  4.49250000e-08  3.30019846e+00 
 4.49750000e-08  1.19999864e+00  4.49750000e-08  3.29979319e+00 
 4.50250000e-08  1.20000225e+00  4.50250000e-08  3.30021466e+00 
 4.50750000e-08  1.19999683e+00  4.50750000e-08  3.29977732e+00 
 4.51250000e-08  1.20000375e+00  4.51250000e-08  3.30023014e+00 
 4.51750000e-08  1.19999559e+00  4.51750000e-08  3.29976225e+00 
 4.52250000e-08  1.20000477e+00  4.52250000e-08  3.30024476e+00 
 4.52750000e-08  1.19999475e+00  4.52750000e-08  3.29974810e+00 
 4.53250000e-08  1.20000546e+00  4.53250000e-08  3.30025843e+00 
 4.53750000e-08  1.19999420e+00  4.53750000e-08  3.29973493e+00 
 4.54250000e-08  1.20000590e+00  4.54250000e-08  3.30027110e+00 
 4.54750000e-08  1.19999385e+00  4.54750000e-08  3.29972276e+00 
 4.55250000e-08  1.20000617e+00  4.55250000e-08  3.30028278e+00 
 4.55750000e-08  1.19999364e+00  4.55750000e-08  3.29971158e+00 
 4.56250000e-08  1.20000632e+00  4.56250000e-08  3.30029347e+00 
 4.56750000e-08  1.19999354e+00  4.56750000e-08  3.29970138e+00 
 4.57250000e-08  1.20000639e+00  4.57250000e-08  3.30030319e+00 
 4.57750000e-08  1.19999351e+00  4.57750000e-08  3.29969212e+00 
 4.58250000e-08  1.20000639e+00  4.58250000e-08  3.30031200e+00 
 4.58750000e-08  1.19999353e+00  4.58750000e-08  3.29968376e+00 
 4.59250000e-08  1.20000635e+00  4.59250000e-08  3.30031993e+00 
 4.59750000e-08  1.19999359e+00  4.59750000e-08  3.29967626e+00 
 4.60250000e-08  1.20000627e+00  4.60250000e-08  3.30032702e+00 
 4.60750000e-08  1.19999368e+00  4.60750000e-08  3.29966956e+00 
 4.61250000e-08  1.20000618e+00  4.61250000e-08  3.30033333e+00 
 4.61750000e-08  1.19999378e+00  4.61750000e-08  3.29966363e+00 
 4.62250000e-08  1.20000607e+00  4.62250000e-08  3.30033891e+00 
 4.62750000e-08  1.19999389e+00  4.62750000e-08  3.29965840e+00 
 4.63250000e-08  1.20000595e+00  4.63250000e-08  3.30034380e+00 
 4.63750000e-08  1.19999401e+00  4.63750000e-08  3.29965384e+00 
 4.64250000e-08  1.20000583e+00  4.64250000e-08  3.30034805e+00 
 4.64750000e-08  1.19999414e+00  4.64750000e-08  3.29964989e+00 
 4.65250000e-08  1.20000570e+00  4.65250000e-08  3.30035171e+00 
 4.65750000e-08  1.19999427e+00  4.65750000e-08  3.29964652e+00 
 4.66250000e-08  1.20000557e+00  4.66250000e-08  3.30035481e+00 
 4.66750000e-08  1.19999440e+00  4.66750000e-08  3.29964369e+00 
 4.67250000e-08  1.20000543e+00  4.67250000e-08  3.30035739e+00 
 4.67750000e-08  1.19999454e+00  4.67750000e-08  3.29964135e+00 
 4.68250000e-08  1.20000530e+00  4.68250000e-08  3.30035950e+00 
 4.68750000e-08  1.19999467e+00  4.68750000e-08  3.29963947e+00 
 4.69250000e-08  1.20000517e+00  4.69250000e-08  3.30036116e+00 
 4.69750000e-08  1.19999480e+00  4.69750000e-08  3.29963802e+00 
 4.70250000e-08  1.20000504e+00  4.70250000e-08  3.30036242e+00 
 4.70750000e-08  1.19999493e+00  4.70750000e-08  3.29963696e+00 
 4.71250000e-08  1.20000491e+00  4.71250000e-08  3.30036329e+00 
 4.71750000e-08  1.19999506e+00  4.71750000e-08  3.29963627e+00 
 4.72250000e-08  1.20000478e+00  4.72250000e-08  3.30036382e+00 
 4.72750000e-08  1.19999519e+00  4.72750000e-08  3.29963591e+00 
 4.73250000e-08  1.20000465e+00  4.73250000e-08  3.30036402e+00 
 4.73750000e-08  1.19999531e+00  4.73750000e-08  3.29963586e+00 
 4.74250000e-08  1.20000453e+00  4.74250000e-08  3.30036392e+00 
 4.74750000e-08  1.19999544e+00  4.74750000e-08  3.29963610e+00 
 4.75250000e-08  1.20000440e+00  4.75250000e-08  3.30036355e+00 
 4.75750000e-08  1.19999556e+00  4.75750000e-08  3.29963661e+00 
 4.76250000e-08  1.20000428e+00  4.76250000e-08  3.30036292e+00 
 4.76750000e-08  1.19999568e+00  4.76750000e-08  3.29963736e+00 
 4.77250000e-08  1.20000416e+00  4.77250000e-08  3.30036206e+00 
 4.77750000e-08  1.19999580e+00  4.77750000e-08  3.29963833e+00 
 4.78250000e-08  1.20000405e+00  4.78250000e-08  3.30036098e+00 
 4.78750000e-08  1.19999592e+00  4.78750000e-08  3.29963952e+00 
 4.79250000e-08  1.20000393e+00  4.79250000e-08  3.30035970e+00 
 4.79750000e-08  1.19999603e+00  4.79750000e-08  3.29964089e+00 
 4.80250000e-08  1.20000382e+00  4.80250000e-08  3.30035824e+00 
 4.80750000e-08  1.19999614e+00  4.80750000e-08  3.29964243e+00 
 4.81250000e-08  1.20000370e+00  4.81250000e-08  3.30035661e+00 
 4.81750000e-08  1.19999626e+00  4.81750000e-08  3.29964414e+00 
 4.82250000e-08  1.20000359e+00  4.82250000e-08  3.30035483e+00 
 4.82750000e-08  1.19999637e+00  4.82750000e-08  3.29964600e+00 
 4.83250000e-08  1.20000348e+00  4.83250000e-08  3.30035291e+00 
 4.83750000e-08  1.19999647e+00  4.83750000e-08  3.29964799e+00 
 4.84250000e-08  1.20000338e+00  4.84250000e-08  3.30035086e+00 
 4.84750000e-08  1.19999658e+00  4.84750000e-08  3.29965010e+00 
 4.85250000e-08  1.20000327e+00  4.85250000e-08  3.30034869e+00 
 4.85750000e-08  1.19999668e+00  4.85750000e-08  3.29965232e+00 
 4.86250000e-08  1.20000317e+00  4.86250000e-08  3.30034642e+00 
 4.86750000e-08  1.19999679e+00  4.86750000e-08  3.29965465e+00 
 4.87250000e-08  1.20000307e+00  4.87250000e-08  3.30034405e+00 
 4.87750000e-08  1.19999689e+00  4.87750000e-08  3.29965707e+00 
 4.88250000e-08  1.20000297e+00  4.88250000e-08  3.30034159e+00 
 4.88750000e-08  1.19999699e+00  4.88750000e-08  3.29965957e+00 
 4.89250000e-08  1.20000287e+00  4.89250000e-08  3.30033905e+00 
 4.89750000e-08  1.19999708e+00  4.89750000e-08  3.29966215e+00 
 4.90250000e-08  1.20000277e+00  4.90250000e-08  3.30033643e+00 
 4.90750000e-08  1.19999718e+00  4.90750000e-08  3.29966480e+00 
 4.91250000e-08  1.20000268e+00  4.91250000e-08  3.30033375e+00 
 4.91750000e-08  1.19999727e+00  4.91750000e-08  3.29966751e+00 
 4.92250000e-08  1.20000258e+00  4.92250000e-08  3.30033101e+00 
 4.92750000e-08  1.19999737e+00  4.92750000e-08  3.29967028e+00 
 4.93250000e-08  1.20000249e+00  4.93250000e-08  3.30032822e+00 
 4.93750000e-08  1.19999746e+00  4.93750000e-08  3.29967309e+00 
 4.94250000e-08  1.20000240e+00  4.94250000e-08  3.30032539e+00 
 4.94750000e-08  1.19999755e+00  4.94750000e-08  3.29967595e+00 
 4.95250000e-08  1.20000231e+00  4.95250000e-08  3.30032251e+00 
 4.95750000e-08  1.19999764e+00  4.95750000e-08  3.29967885e+00 
 4.96250000e-08  1.20000222e+00  4.96250000e-08  3.30031960e+00 
 4.96750000e-08  1.19999772e+00  4.96750000e-08  3.29968178e+00 
 4.97250000e-08  1.20000214e+00  4.97250000e-08  3.30031665e+00 
 4.97750000e-08  1.19999781e+00  4.97750000e-08  3.29968475e+00 
 4.98250000e-08  1.20000205e+00  4.98250000e-08  3.30031368e+00 
 4.98750000e-08  1.19999789e+00  4.98750000e-08  3.29968773e+00 
 4.99250000e-08  1.20000197e+00  4.99250000e-08  3.30031068e+00 
 4.99625000e-08  1.19999799e+00  4.99625000e-08  3.29969124e+00 
 5.00000000e-08  1.20000186e+00  5.00000000e-08  3.30030665e+00 
 5.00050000e-08  1.19997418e+00  5.00050000e-08  3.29980364e+00 
 5.00150000e-08  1.20001214e+00  5.00150000e-08  3.29991811e+00 
 5.00350000e-08  1.20001421e+00  5.00350000e-08  3.30007592e+00 
 5.00750000e-08  1.19998157e+00  5.00750000e-08  3.30006511e+00 
 5.01250000e-08  1.20009170e+00  5.01250000e-08  3.30061389e+00 
 5.01625000e-08  1.20011033e+00  5.01625000e-08  3.30100939e+00 
 5.02000000e-08  1.19940667e+00  5.02000000e-08  3.30017137e+00 
 5.02050000e-08  1.19935846e+00  5.02050000e-08  3.30015197e+00 
 5.02150000e-08  1.20059586e+00  5.02150000e-08  3.29914499e+00 
 5.02350000e-08  1.20075610e+00  5.02350000e-08  3.29653177e+00 
 5.02750000e-08  1.19908191e+00  5.02750000e-08  3.29811694e+00 
 5.03123933e-08  1.20069776e+00  5.03123933e-08  3.30400611e+00 
 5.03526295e-08  1.19946359e+00  5.03526295e-08  3.29943573e+00 
 5.04026295e-08  1.20038572e+00  5.04026295e-08  3.30008870e+00 
 5.04526295e-08  1.19972418e+00  5.04526295e-08  3.29979735e+00 
 5.05026295e-08  1.20018065e+00  5.05026295e-08  3.29998580e+00 
 5.05526295e-08  1.19989094e+00  5.05526295e-08  3.29995011e+00 
 5.06026295e-08  1.20005267e+00  5.06026295e-08  3.29997257e+00 
 5.06526295e-08  1.19998840e+00  5.06526295e-08  3.30000615e+00 
 5.07026295e-08  1.19998109e+00  5.07026295e-08  3.29996165e+00 
 5.07526295e-08  1.20003978e+00  5.07526295e-08  3.30003478e+00 
 5.08026295e-08  1.19994586e+00  5.08026295e-08  3.29994955e+00 
 5.08526295e-08  1.20006268e+00  5.08526295e-08  3.30005216e+00 
 5.09026295e-08  1.19993244e+00  5.09026295e-08  3.29993941e+00 
 5.09526295e-08  1.20006906e+00  5.09526295e-08  3.30006294e+00 
 5.10026295e-08  1.19993123e+00  5.10026295e-08  3.29993238e+00 
 5.10526295e-08  1.20006657e+00  5.10526295e-08  3.30006930e+00 
 5.11026295e-08  1.19993632e+00  5.11026295e-08  3.29992822e+00 
 5.11526295e-08  1.20005982e+00  5.11526295e-08  3.30007260e+00 
 5.12026295e-08  1.19994411e+00  5.12026295e-08  3.29992626e+00 
 5.12526295e-08  1.20005151e+00  5.12526295e-08  3.30007386e+00 
 5.13026295e-08  1.19995261e+00  5.13026295e-08  3.29992582e+00 
 5.13526295e-08  1.20004311e+00  5.13526295e-08  3.30007382e+00 
 5.14026295e-08  1.19996075e+00  5.14026295e-08  3.29992637e+00 
 5.14526295e-08  1.20003536e+00  5.14526295e-08  3.30007299e+00 
 5.15026295e-08  1.19996803e+00  5.15026295e-08  3.29992750e+00 
 5.15526295e-08  1.20002859e+00  5.15526295e-08  3.30007169e+00 
 5.16026295e-08  1.19997428e+00  5.16026295e-08  3.29992895e+00 
 5.16526295e-08  1.20002287e+00  5.16526295e-08  3.30007018e+00 
 5.17026295e-08  1.19997950e+00  5.17026295e-08  3.29993053e+00 
 5.17526295e-08  1.20001814e+00  5.17526295e-08  3.30006858e+00 
 5.18026295e-08  1.19998378e+00  5.18026295e-08  3.29993214e+00 
 5.18526295e-08  1.20001430e+00  5.18526295e-08  3.30006699e+00 
 5.19026295e-08  1.19998722e+00  5.19026295e-08  3.29993371e+00 
 5.19526295e-08  1.20001121e+00  5.19526295e-08  3.30006547e+00 
 5.20026295e-08  1.19998997e+00  5.20026295e-08  3.29993520e+00 
 5.20526295e-08  1.20000877e+00  5.20526295e-08  3.30006403e+00 
 5.21026295e-08  1.19999215e+00  5.21026295e-08  3.29993660e+00 
 5.21526295e-08  1.20000683e+00  5.21526295e-08  3.30006270e+00 
 5.22026295e-08  1.19999387e+00  5.22026295e-08  3.29993789e+00 
 5.22526295e-08  1.20000532e+00  5.22526295e-08  3.30006146e+00 
 5.23026295e-08  1.19999521e+00  5.23026295e-08  3.29993908e+00 
 5.23526295e-08  1.20000413e+00  5.23526295e-08  3.30006031e+00 
 5.24026295e-08  1.19999626e+00  5.24026295e-08  3.29994018e+00 
 5.24526295e-08  1.20000321e+00  5.24526295e-08  3.30005925e+00 
 5.25026295e-08  1.19999707e+00  5.25026295e-08  3.29994121e+00 
 5.25526295e-08  1.20000249e+00  5.25526295e-08  3.30005827e+00 
 5.26026295e-08  1.19999771e+00  5.26026295e-08  3.29994216e+00 
 5.26526295e-08  1.20000193e+00  5.26526295e-08  3.30005735e+00 
 5.27026295e-08  1.19999820e+00  5.27026295e-08  3.29994305e+00 
 5.27526295e-08  1.20000150e+00  5.27526295e-08  3.30005649e+00 
 5.28026295e-08  1.19999858e+00  5.28026295e-08  3.29994389e+00 
 5.28526295e-08  1.20000116e+00  5.28526295e-08  3.30005567e+00 
 5.29026295e-08  1.19999888e+00  5.29026295e-08  3.29994469e+00 
 5.29526295e-08  1.20000090e+00  5.29526295e-08  3.30005489e+00 
 5.30026295e-08  1.19999911e+00  5.30026295e-08  3.29994546e+00 
 5.30526295e-08  1.20000069e+00  5.30526295e-08  3.30005414e+00 
 5.31026295e-08  1.19999929e+00  5.31026295e-08  3.29994619e+00 
 5.31526295e-08  1.20000053e+00  5.31526295e-08  3.30005342e+00 
 5.32026295e-08  1.19999944e+00  5.32026295e-08  3.29994690e+00 
 5.32526295e-08  1.20000041e+00  5.32526295e-08  3.30005272e+00 
 5.33026295e-08  1.19999955e+00  5.33026295e-08  3.29994760e+00 
 5.33526295e-08  1.20000031e+00  5.33526295e-08  3.30005203e+00 
 5.34026295e-08  1.19999964e+00  5.34026295e-08  3.29994828e+00 
 5.34526295e-08  1.20000023e+00  5.34526295e-08  3.30005136e+00 
 5.35026295e-08  1.19999971e+00  5.35026295e-08  3.29994895e+00 
 5.35526295e-08  1.20000016e+00  5.35526295e-08  3.30005070e+00 
 5.36026295e-08  1.19999977e+00  5.36026295e-08  3.29994961e+00 
 5.36526295e-08  1.20000011e+00  5.36526295e-08  3.30005004e+00 
 5.37026295e-08  1.19999981e+00  5.37026295e-08  3.29995026e+00 
 5.37526295e-08  1.20000007e+00  5.37526295e-08  3.30004939e+00 
 5.38026295e-08  1.19999985e+00  5.38026295e-08  3.29995091e+00 
 5.38526295e-08  1.20000003e+00  5.38526295e-08  3.30004874e+00 
 5.39026295e-08  1.19999988e+00  5.39026295e-08  3.29995156e+00 
 5.39526295e-08  1.20000000e+00  5.39526295e-08  3.30004810e+00 
 5.40026295e-08  1.19999991e+00  5.40026295e-08  3.29995220e+00 
 5.40526295e-08  1.19999998e+00  5.40526295e-08  3.30004746e+00 
 5.41026295e-08  1.19999993e+00  5.41026295e-08  3.29995284e+00 
 5.41526295e-08  1.19999996e+00  5.41526295e-08  3.30004682e+00 
 5.42026295e-08  1.19999995e+00  5.42026295e-08  3.29995348e+00 
 5.42526295e-08  1.19999994e+00  5.42526295e-08  3.30004618e+00 
 5.43026295e-08  1.19999997e+00  5.43026295e-08  3.29995412e+00 
 5.43526295e-08  1.19999992e+00  5.43526295e-08  3.30004554e+00 
 5.44026295e-08  1.19999999e+00  5.44026295e-08  3.29995476e+00 
 5.44526295e-08  1.19999991e+00  5.44526295e-08  3.30004491e+00 
 5.45026295e-08  1.20000000e+00  5.45026295e-08  3.29995539e+00 
 5.45526295e-08  1.19999990e+00  5.45526295e-08  3.30004427e+00 
 5.46026295e-08  1.20000001e+00  5.46026295e-08  3.29995603e+00 
 5.46526295e-08  1.19999989e+00  5.46526295e-08  3.30004364e+00 
 5.47026295e-08  1.20000002e+00  5.47026295e-08  3.29995666e+00 
 5.47526295e-08  1.19999987e+00  5.47526295e-08  3.30004301e+00 
 5.48026295e-08  1.20000003e+00  5.48026295e-08  3.29995729e+00 
 5.48526295e-08  1.19999987e+00  5.48526295e-08  3.30004237e+00 
 5.49026295e-08  1.20000004e+00  5.49026295e-08  3.29995792e+00 
 5.49526295e-08  1.19999986e+00  5.49526295e-08  3.30004175e+00 
 5.50026295e-08  1.20000005e+00  5.50026295e-08  3.29995855e+00 
 5.50526295e-08  1.19999985e+00  5.50526295e-08  3.30004112e+00 
 5.51026295e-08  1.20000006e+00  5.51026295e-08  3.29995918e+00 
 5.51526295e-08  1.19999984e+00  5.51526295e-08  3.30004049e+00 
 5.52026295e-08  1.20000006e+00  5.52026295e-08  3.29995980e+00 
 5.52526295e-08  1.19999983e+00  5.52526295e-08  3.30003987e+00 
 5.53026295e-08  1.20000007e+00  5.53026295e-08  3.29996042e+00 
 5.53526295e-08  1.19999983e+00  5.53526295e-08  3.30003925e+00 
 5.54026295e-08  1.20000008e+00  5.54026295e-08  3.29996104e+00 
 5.54526295e-08  1.19999982e+00  5.54526295e-08  3.30003863e+00 
 5.55026295e-08  1.20000008e+00  5.55026295e-08  3.29996166e+00 
 5.55526295e-08  1.19999982e+00  5.55526295e-08  3.30003802e+00 
 5.56026295e-08  1.20000009e+00  5.56026295e-08  3.29996227e+00 
 5.56526295e-08  1.19999981e+00  5.56526295e-08  3.30003740e+00 
 5.57026295e-08  1.20000009e+00  5.57026295e-08  3.29996288e+00 
 5.57526295e-08  1.19999981e+00  5.57526295e-08  3.30003680e+00 
 5.58026295e-08  1.20000010e+00  5.58026295e-08  3.29996349e+00 
 5.58526295e-08  1.19999980e+00  5.58526295e-08  3.30003619e+00 
 5.59026295e-08  1.20000010e+00  5.59026295e-08  3.29996409e+00 
 5.59526295e-08  1.19999980e+00  5.59526295e-08  3.30003559e+00 
 5.60026295e-08  1.20000011e+00  5.60026295e-08  3.29996469e+00 
 5.60526295e-08  1.19999979e+00  5.60526295e-08  3.30003500e+00 
 5.61026295e-08  1.20000011e+00  5.61026295e-08  3.29996528e+00 
 5.61526295e-08  1.19999979e+00  5.61526295e-08  3.30003441e+00 
 5.62026295e-08  1.20000011e+00  5.62026295e-08  3.29996587e+00 
 5.62526295e-08  1.19999979e+00  5.62526295e-08  3.30003382e+00 
 5.63026295e-08  1.20000012e+00  5.63026295e-08  3.29996645e+00 
 5.63526295e-08  1.19999979e+00  5.63526295e-08  3.30003324e+00 
 5.64026295e-08  1.20000012e+00  5.64026295e-08  3.29996703e+00 
 5.64526295e-08  1.19999978e+00  5.64526295e-08  3.30003266e+00 
 5.65026295e-08  1.20000012e+00  5.65026295e-08  3.29996761e+00 
 5.65526295e-08  1.19999978e+00  5.65526295e-08  3.30003209e+00 
 5.66026295e-08  1.20000012e+00  5.66026295e-08  3.29996817e+00 
 5.66526295e-08  1.19999978e+00  5.66526295e-08  3.30003153e+00 
 5.67026295e-08  1.20000013e+00  5.67026295e-08  3.29996874e+00 
 5.67526295e-08  1.19999978e+00  5.67526295e-08  3.30003097e+00 
 5.68026295e-08  1.20000013e+00  5.68026295e-08  3.29996929e+00 
 5.68526295e-08  1.19999978e+00  5.68526295e-08  3.30003041e+00 
 5.69026295e-08  1.20000013e+00  5.69026295e-08  3.29996985e+00 
 5.69526295e-08  1.19999977e+00  5.69526295e-08  3.30002987e+00 
 5.70026295e-08  1.20000013e+00  5.70026295e-08  3.29997039e+00 
 5.70526295e-08  1.19999977e+00  5.70526295e-08  3.30002932e+00 
 5.71026295e-08  1.20000013e+00  5.71026295e-08  3.29997093e+00 
 5.71526295e-08  1.19999977e+00  5.71526295e-08  3.30002879e+00 
 5.72026295e-08  1.20000013e+00  5.72026295e-08  3.29997147e+00 
 5.72526295e-08  1.19999977e+00  5.72526295e-08  3.30002826e+00 
 5.73026295e-08  1.20000013e+00  5.73026295e-08  3.29997199e+00 
 5.73526295e-08  1.19999977e+00  5.73526295e-08  3.30002773e+00 
 5.74026295e-08  1.20000013e+00  5.74026295e-08  3.29997251e+00 
 5.74526295e-08  1.19999977e+00  5.74526295e-08  3.30002721e+00 
 5.75026295e-08  1.20000013e+00  5.75026295e-08  3.29997303e+00 
 5.75526295e-08  1.19999977e+00  5.75526295e-08  3.30002670e+00 
 5.76026295e-08  1.20000013e+00  5.76026295e-08  3.29997354e+00 
 5.76526295e-08  1.19999977e+00  5.76526295e-08  3.30002619e+00 
 5.77026295e-08  1.20000013e+00  5.77026295e-08  3.29997404e+00 
 5.77526295e-08  1.19999977e+00  5.77526295e-08  3.30002569e+00 
 5.78026295e-08  1.20000013e+00  5.78026295e-08  3.29997454e+00 
 5.78526295e-08  1.19999977e+00  5.78526295e-08  3.30002520e+00 
 5.79026295e-08  1.20000013e+00  5.79026295e-08  3.29997503e+00 
 5.79526295e-08  1.19999977e+00  5.79526295e-08  3.30002471e+00 
 5.80026295e-08  1.20000013e+00  5.80026295e-08  3.29997551e+00 
 5.80526295e-08  1.19999977e+00  5.80526295e-08  3.30002423e+00 
 5.81026295e-08  1.20000013e+00  5.81026295e-08  3.29997599e+00 
 5.81526295e-08  1.19999977e+00  5.81526295e-08  3.30002376e+00 
 5.82026295e-08  1.20000013e+00  5.82026295e-08  3.29997646e+00 
 5.82526295e-08  1.19999977e+00  5.82526295e-08  3.30002329e+00 
 5.83026295e-08  1.20000013e+00  5.83026295e-08  3.29997693e+00 
 5.83526295e-08  1.19999977e+00  5.83526295e-08  3.30002283e+00 
 5.84026295e-08  1.20000013e+00  5.84026295e-08  3.29997738e+00 
 5.84526295e-08  1.19999977e+00  5.84526295e-08  3.30002237e+00 
 5.85026295e-08  1.20000013e+00  5.85026295e-08  3.29997784e+00 
 5.85526295e-08  1.19999977e+00  5.85526295e-08  3.30002193e+00 
 5.86026295e-08  1.20000013e+00  5.86026295e-08  3.29997828e+00 
 5.86526295e-08  1.19999978e+00  5.86526295e-08  3.30002148e+00 
 5.87026295e-08  1.20000013e+00  5.87026295e-08  3.29997872e+00 
 5.87526295e-08  1.19999978e+00  5.87526295e-08  3.30002105e+00 
 5.88026295e-08  1.20000013e+00  5.88026295e-08  3.29997916e+00 
 5.88526295e-08  1.19999978e+00  5.88526295e-08  3.30002062e+00 
 5.89026295e-08  1.20000012e+00  5.89026295e-08  3.29997958e+00 
 5.89526295e-08  1.19999978e+00  5.89526295e-08  3.30002019e+00 
 5.90026295e-08  1.20000012e+00  5.90026295e-08  3.29998000e+00 
 5.90526295e-08  1.19999978e+00  5.90526295e-08  3.30001977e+00 
 5.91026295e-08  1.20000012e+00  5.91026295e-08  3.29998042e+00 
 5.91526295e-08  1.19999978e+00  5.91526295e-08  3.30001936e+00 
 5.92026295e-08  1.20000012e+00  5.92026295e-08  3.29998083e+00 
 5.92526295e-08  1.19999978e+00  5.92526295e-08  3.30001896e+00 
 5.93026295e-08  1.20000012e+00  5.93026295e-08  3.29998123e+00 
 5.93526295e-08  1.19999979e+00  5.93526295e-08  3.30001856e+00 
 5.94026295e-08  1.20000012e+00  5.94026295e-08  3.29998163e+00 
 5.94526295e-08  1.19999979e+00  5.94526295e-08  3.30001816e+00 
 5.95026295e-08  1.20000012e+00  5.95026295e-08  3.29998202e+00 
 5.95526295e-08  1.19999979e+00  5.95526295e-08  3.30001777e+00 
 5.96026295e-08  1.20000011e+00  5.96026295e-08  3.29998240e+00 
 5.96526295e-08  1.19999979e+00  5.96526295e-08  3.30001739e+00 
 5.97026295e-08  1.20000011e+00  5.97026295e-08  3.29998278e+00 
 5.97526295e-08  1.19999979e+00  5.97526295e-08  3.30001702e+00 
 5.98026295e-08  1.20000011e+00  5.98026295e-08  3.29998316e+00 
 5.98526295e-08  1.19999979e+00  5.98526295e-08  3.30001665e+00 
 5.99026295e-08  1.20000011e+00  5.99026295e-08  3.29998352e+00 
 5.99526295e-08  1.19999980e+00  5.99526295e-08  3.30001628e+00 
 6.00000000e-08  1.20000011e+00  6.00000000e-08  3.29998390e+00 
 6.00050000e-08  1.20003164e+00  6.00050000e-08  3.30024311e+00 
 6.00150000e-08  1.19999638e+00  6.00150000e-08  3.30003710e+00 
 6.00350000e-08  1.19997836e+00  6.00350000e-08  3.29992546e+00 
 6.00750000e-08  1.20001616e+00  6.00750000e-08  3.29989345e+00 
 6.01250000e-08  1.19987449e+00  6.01250000e-08  3.29969198e+00 
 6.01625000e-08  1.19993631e+00  6.01625000e-08  3.29864003e+00 
 6.02000000e-08  1.20071782e+00  6.02000000e-08  3.30024024e+00 
 6.02050000e-08  1.19998829e+00  6.02050000e-08  3.30086733e+00 
 6.02150000e-08  1.19929438e+00  6.02150000e-08  3.30307361e+00 
 6.02350000e-08  1.20019106e+00  6.02350000e-08  3.30446341e+00 
 6.02665385e-08  1.20002787e+00  6.02665385e-08  3.29844065e+00 
 6.03021507e-08  1.19992655e+00  6.03021507e-08  3.29585904e+00 
 6.03463698e-08  1.20008686e+00  6.03463698e-08  3.30412313e+00 
 6.03963698e-08  1.19991364e+00  6.03963698e-08  3.29731813e+00 
 6.04463698e-08  1.20008045e+00  6.04463698e-08  3.30204550e+00 
 6.04963698e-08  1.19992763e+00  6.04963698e-08  3.29818809e+00 
 6.05463698e-08  1.20006342e+00  6.05463698e-08  3.30154102e+00 
 6.05963698e-08  1.19994511e+00  6.05963698e-08  3.29860787e+00 
 6.06463698e-08  1.20004685e+00  6.06463698e-08  3.30125749e+00 
 6.06963698e-08  1.19996014e+00  6.06963698e-08  3.29884165e+00 
 6.07463698e-08  1.20003358e+00  6.07463698e-08  3.30107171e+00 
 6.07963698e-08  1.19997165e+00  6.07963698e-08  3.29900023e+00 
 6.08463698e-08  1.20002372e+00  6.08463698e-08  3.30093590e+00 
 6.08963698e-08  1.19998002e+00  6.08963698e-08  3.29912007e+00 
 6.09463698e-08  1.20001664e+00  6.09463698e-08  3.30082934e+00 
 6.09963698e-08  1.19998598e+00  6.09963698e-08  3.29921613e+00 
 6.10463698e-08  1.20001165e+00  6.10463698e-08  3.30074223e+00 
 6.10963698e-08  1.19999016e+00  6.10963698e-08  3.29929577e+00 
 6.11463698e-08  1.20000815e+00  6.11463698e-08  3.30066909e+00 
 6.11963698e-08  1.19999309e+00  6.11963698e-08  3.29936333e+00 
 6.12463698e-08  1.20000571e+00  6.12463698e-08  3.30060644e+00 
 6.12963698e-08  1.19999512e+00  6.12963698e-08  3.29942172e+00 
 6.13463698e-08  1.20000401e+00  6.13463698e-08  3.30055184e+00 
 6.13963698e-08  1.19999653e+00  6.13963698e-08  3.29947299e+00 
 6.14463698e-08  1.20000284e+00  6.14463698e-08  3.30050357e+00 
 6.14963698e-08  1.19999751e+00  6.14963698e-08  3.29951861e+00 
 6.15463698e-08  1.20000203e+00  6.15463698e-08  3.30046033e+00 
 6.15963698e-08  1.19999819e+00  6.15963698e-08  3.29955972e+00 
 6.16463698e-08  1.20000146e+00  6.16463698e-08  3.30042116e+00 
 6.16963698e-08  1.19999865e+00  6.16963698e-08  3.29959713e+00 
 6.17463698e-08  1.20000107e+00  6.17463698e-08  3.30038536e+00 
 6.17963698e-08  1.19999898e+00  6.17963698e-08  3.29963146e+00 
 6.18463698e-08  1.20000080e+00  6.18463698e-08  3.30035239e+00 
 6.18963698e-08  1.19999920e+00  6.18963698e-08  3.29966318e+00 
 6.19463698e-08  1.20000062e+00  6.19463698e-08  3.30032183e+00 
 6.19731849e-08  1.19999941e+00  6.19731849e-08  3.29970478e+00 
 6.20000000e-08  1.20000041e+00  6.20000000e-08  3.30027026e+00 
 6.20050000e-08  1.19999482e+00  6.20050000e-08  3.29999121e+00 
 6.20150000e-08  1.20000128e+00  6.20150000e-08  3.29993923e+00 
 6.20350000e-08  1.20000478e+00  6.20350000e-08  3.30002986e+00 
 6.20750000e-08  1.19999473e+00  6.20750000e-08  3.30001718e+00 
 6.21250000e-08  1.20002677e+00  6.21250000e-08  3.30025503e+00 
 6.21625000e-08  1.20006017e+00  6.21625000e-08  3.30032012e+00 
 6.22000000e-08  1.19802589e+00  6.22000000e-08  3.29814995e+00 
 6.22050000e-08  1.19755921e+00  6.22050000e-08  3.29770015e+00 
 6.22150000e-08  1.19736109e+00  6.22150000e-08  3.29694207e+00 
 6.22350000e-08  1.22280735e+00  6.22350000e-08  3.29587618e+00 
 6.22665314e-08  1.21942697e+00  6.22665314e-08  3.29589854e+00 
 6.23002263e-08  1.27044479e-01  6.23002263e-08  3.30682815e+00 
 6.23502263e-08 -6.66341486e-02  6.23502263e-08  3.35946429e+00 
 6.24002263e-08  6.56708077e-02  6.24002263e-08  3.39627378e+00 
 6.24502263e-08 -5.20721033e-02  6.24502263e-08  1.72409425e+00 
 6.24934714e-08  4.80543013e-02  6.24934714e-08  1.31512303e-02 
 6.25388954e-08 -4.03062463e-02  6.25388954e-08  1.80976392e-02 
 6.25888954e-08  3.73725246e-02  6.25888954e-08 -1.23335412e-02 
 6.26388954e-08 -3.23572513e-02  6.26388954e-08  1.04956921e-02 
 6.26888954e-08  2.98012502e-02  6.26888954e-08 -8.33063951e-03 
 6.27388954e-08 -2.60559640e-02  6.27388954e-08  6.91834191e-03 
 6.27888954e-08  2.38803601e-02  6.27888954e-08 -5.75057260e-03 
 6.28388954e-08 -2.10174885e-02  6.28388954e-08  4.87575774e-03 
 6.28888954e-08  1.91903429e-02  6.28888954e-08 -4.18244350e-03 
 6.29388954e-08 -1.69737664e-02  6.29388954e-08  3.64468699e-03 
 6.29888954e-08  1.54535647e-02  6.29888954e-08 -3.21652345e-03 
 6.30388954e-08 -1.37223463e-02  6.30388954e-08  2.87848779e-03 
 6.30888954e-08  1.24662077e-02  6.30888954e-08 -2.60571487e-03 
 6.31388954e-08 -1.11051046e-02  6.31388954e-08  2.38681441e-03 
 6.31888954e-08  1.00724930e-02  6.31888954e-08 -2.20726800e-03 
 6.32388954e-08 -8.99674952e-03  6.32388954e-08  2.06052870e-03 
 6.32888954e-08  8.15116770e-03  6.32888954e-08 -1.93792919e-03 
 6.33388954e-08 -7.29732857e-03  6.33388954e-08  1.83560547e-03 
 6.33888954e-08  6.60690966e-03  6.33888954e-08 -1.74838231e-03 
 6.34388954e-08 -5.92682059e-03  6.34388954e-08  1.67385272e-03 
 6.34888954e-08  5.36431089e-03  6.34888954e-08 -1.60899614e-03 
 6.35388954e-08 -4.82103103e-03  6.35388954e-08  1.55217984e-03 
 6.35888954e-08  4.36345954e-03  6.35888954e-08 -1.50174929e-03 
 6.36388954e-08 -3.92839737e-03  6.36388954e-08  1.45646641e-03 
 6.36888954e-08  3.55660617e-03  6.36888954e-08 -1.41556354e-03 
 6.37388954e-08 -3.20746936e-03  6.37388954e-08  1.37798779e-03 
 6.37888954e-08  2.90560493e-03  6.37888954e-08 -1.34355939e-03 
 6.38388954e-08 -2.62490645e-03  6.38388954e-08  1.31129753e-03 
 6.38888954e-08  2.37992629e-03  6.38888954e-08 -1.28141893e-03 
 6.39388954e-08 -2.15387928e-03  6.39388954e-08  1.25295662e-03 
 6.39888954e-08  1.95510083e-03  6.39888954e-08 -1.22639833e-03 
 6.40388954e-08 -1.77279013e-03  6.40388954e-08  1.20076366e-03 
 6.40888954e-08  1.60943120e-03  6.40888954e-08 -1.17625906e-03 
 6.41388954e-08 -1.46613748e-03  6.41388954e-08  1.15386929e-03 
 6.41888954e-08  1.33220309e-03  6.41888954e-08 -1.13071103e-03 
 6.42388954e-08 -1.21525012e-03  6.42388954e-08  1.11014986e-03 
 6.42888954e-08  1.10740148e-03  6.42888954e-08 -1.08859484e-03 
 6.43388954e-08 -1.01196531e-03  6.43388954e-08  1.06954069e-03 
 6.43888954e-08  9.24930517e-04  6.43888954e-08 -1.04934523e-03 
 6.44388954e-08 -8.47047115e-04  6.44388954e-08  1.03157543e-03 
 6.44888954e-08  7.76666280e-04  6.44888954e-08 -1.01256408e-03 
 6.45388954e-08 -7.13078465e-04  6.45388954e-08  9.95913945e-04 
 6.45888954e-08  6.56052708e-04  6.45888954e-08 -9.77954968e-04 
 6.46388954e-08 -6.04093425e-04  6.46388954e-08  9.62297703e-04 
 6.46888954e-08  5.57797274e-04  6.46888954e-08 -9.45288047e-04 
 6.47388954e-08 -5.15288831e-04  6.47388954e-08  9.30522422e-04 
 6.47888954e-08  4.77626748e-04  6.47888954e-08 -9.14378327e-04 
 6.48388954e-08 -4.42794918e-04  6.48388954e-08  9.00420938e-04 
 6.48888954e-08  4.12090361e-04  6.48888954e-08 -8.85072084e-04 
 6.49388954e-08 -3.83492054e-04  6.49388954e-08  8.71852392e-04 
 6.49888954e-08  3.58401040e-04  6.49888954e-08 -8.57238183e-04 
 6.50388954e-08 -3.34863982e-04  6.50388954e-08  8.44695283e-04 
 6.50888954e-08  3.14307334e-04  6.50888954e-08 -8.30762455e-04 
 6.51388954e-08 -2.94880137e-04  6.51388954e-08  8.18842926e-04 
 6.51888954e-08  2.77990087e-04  6.51888954e-08 -8.05543976e-04 
 6.52388954e-08 -2.61901158e-04  6.52388954e-08  7.94200408e-04 
 6.52888954e-08  2.47979105e-04  6.52888954e-08 -7.81492530e-04 
 6.53388954e-08 -2.34602957e-04  6.53388954e-08  7.70682482e-04 
 6.53888954e-08  2.23085908e-04  6.53888954e-08 -7.58526819e-04 
 6.54388954e-08 -2.11915650e-04  6.54388954e-08  7.48212061e-04 
 6.54888954e-08  2.02349495e-04  6.54888954e-08 -7.36573159e-04 
 6.55388954e-08 -1.92974412e-04  6.55388954e-08  7.26719089e-04 
 6.55888954e-08  1.84992578e-04  6.55888954e-08 -7.15564483e-04 
 6.56388954e-08 -1.77079893e-04  6.56388954e-08  7.06139673e-04 
 6.56888954e-08  1.70386261e-04  6.56888954e-08 -6.95439551e-04 
 6.57388954e-08 -1.63666329e-04  6.57388954e-08  6.86415377e-04 
 6.57888954e-08  1.58021539e-04  6.57888954e-08 -6.76142312e-04 
 6.58388954e-08 -1.52275836e-04  6.58388954e-08  6.67492642e-04 
 6.58888954e-08  1.47486292e-04  6.58888954e-08 -6.57621355e-04 
 6.59388954e-08 -1.42537679e-04  6.59388954e-08  6.49322288e-04 
 6.59888954e-08  1.38446704e-04  6.59888954e-08 -6.39829450e-04 
 6.60388954e-08 -1.34151545e-04  6.60388954e-08  6.31859086e-04 
 6.60888954e-08  1.30632271e-04  6.60888954e-08 -6.22723137e-04 
 6.61388954e-08 -1.26874044e-04  6.61388954e-08  6.15061376e-04 
 6.61888954e-08  1.23823679e-04  6.61888954e-08 -6.06262370e-04 
 6.62388954e-08 -1.20507813e-04  6.62388954e-08  5.98890737e-04 
 6.62888954e-08  1.17843024e-04  6.62888954e-08 -5.90410196e-04 
 6.63388954e-08 -1.14892716e-04  6.63388954e-08  5.83311684e-04 
 6.63888954e-08  1.12545900e-04  6.63888954e-08 -5.75132469e-04 
 6.64388954e-08 -1.09898734e-04  6.64388954e-08  5.68291399e-04 
 6.64888954e-08  1.07815010e-04  6.64888954e-08 -5.60397596e-04 
 6.65388954e-08 -1.05420221e-04  6.65388954e-08  5.53799491e-04 
 6.65888954e-08  1.03555006e-04  6.65888954e-08 -5.46176306e-04 
 6.66388954e-08 -1.01371264e-04  6.66388954e-08  5.39807779e-04 
 6.66888954e-08  9.96883050e-05  6.66888954e-08 -5.32441439e-04 
 6.67388954e-08 -9.76819267e-05  6.67388954e-08  5.26290095e-04 
 6.67888954e-08  9.61517193e-05  6.67888954e-08 -5.19167765e-04 
 6.68388954e-08 -9.42952174e-05  6.68388954e-08  5.13222109e-04 
 6.68888954e-08  9.28937220e-05  6.68888954e-08 -5.06331810e-04 
 6.69388954e-08 -9.11646327e-05  6.69388954e-08  5.00581167e-04 
 6.69888954e-08  8.98722386e-05  6.69888954e-08 -4.93911709e-04 
 6.70388954e-08 -8.82521727e-05  6.70388954e-08  4.88346150e-04 
 6.70888954e-08  8.70528595e-05  6.70888954e-08 -4.81887065e-04 
 6.71388954e-08 -8.55267341e-05  6.71388954e-08  4.76497344e-04 
 6.71888954e-08  8.44073925e-05  6.71888954e-08 -4.70238827e-04 
 6.72388954e-08 -8.29628094e-05  6.72388954e-08  4.65016320e-04 
 6.72888954e-08  8.19126923e-05  6.72888954e-08 -4.58949178e-04 
 6.73388954e-08 -8.05394339e-05  6.73388954e-08  4.53885830e-04 
 6.73888954e-08  7.95497115e-05  6.73888954e-08 -4.48001433e-04 
 6.74388954e-08 -7.82393332e-05  6.74388954e-08  4.43089714e-04 
 6.74888954e-08  7.73027330e-05  6.74888954e-08 -4.37379949e-04 
 6.75388954e-08 -7.60482323e-05  6.75388954e-08  4.32612806e-04 
 6.75888954e-08  7.51587473e-05  6.75888954e-08 -4.27070040e-04 
 6.76388954e-08 -7.39542963e-05  6.76388954e-08  4.22440863e-04 
 6.76888954e-08  7.31069481e-05  6.76888954e-08 -4.17057906e-04 
 6.77388954e-08 -7.19476762e-05  6.77388954e-08  4.12560488e-04 
 6.77888954e-08  7.11383240e-05  6.77888954e-08 -4.07330562e-04 
 6.78388954e-08 -7.00201417e-05  6.78388954e-08  4.02959071e-04 
 6.78888954e-08  6.92453268e-05  6.78888954e-08 -3.97875776e-04 
 6.79388954e-08 -6.81647828e-05  6.79388954e-08  3.93624724e-04 
 6.79888954e-08  6.74216022e-05  6.79888954e-08 -3.88682014e-04 
 6.80388954e-08 -6.63757675e-05  6.80388954e-08  3.84546233e-04 
 6.80888954e-08  6.56617720e-05  6.80888954e-08 -3.79738391e-04 
 6.81388954e-08 -6.46481458e-05  6.81388954e-08  3.75713008e-04 
 6.81888954e-08  6.39612569e-05  6.81888954e-08 -3.71034621e-04 
 6.82388954e-08 -6.29776899e-05  6.82388954e-08  3.67115037e-04 
 6.82888954e-08  6.23161325e-05  6.82888954e-08 -3.62560978e-04 
 6.83388954e-08 -6.13607647e-05  6.83388954e-08  3.58742848e-04 
 6.83888954e-08  6.07230124e-05  6.83888954e-08 -3.54308255e-04 
 6.84388954e-08 -5.97942224e-05  6.84388954e-08  3.50587470e-04 
 6.84888954e-08  5.91789530e-05  6.84888954e-08 -3.46267730e-04 
 6.85388954e-08 -5.82753171e-05  6.85388954e-08  3.42640401e-04 
 6.85888954e-08  5.76813763e-05  6.85888954e-08 -3.38431134e-04 
 6.86388954e-08 -5.68016345e-05  6.86388954e-08  3.34893578e-04 
 6.86888954e-08  5.62280068e-05  6.86888954e-08 -3.30790619e-04 
 6.87388954e-08 -5.53710357e-05  6.87388954e-08  3.27339344e-04 
 6.87888954e-08  5.48168202e-05  6.87888954e-08 -3.23338734e-04 
 6.88388954e-08 -5.39816106e-05  6.88388954e-08  3.19970428e-04 
 6.88888954e-08  5.34460015e-05  6.88888954e-08 -3.16068400e-04 
 6.89388954e-08 -5.26316399e-05  6.89388954e-08  3.12779918e-04 
 6.89888954e-08  5.21139109e-05  6.89888954e-08 -3.08972883e-04 
 6.90388954e-08 -5.13195648e-05  6.90388954e-08  3.05761237e-04 
 6.90888954e-08  5.08190556e-05  6.90888954e-08 -3.02045778e-04 
 6.91388954e-08 -5.00439610e-05  6.91388954e-08  2.98908127e-04 
 6.91888954e-08  4.95600674e-05  6.91888954e-08 -2.95280985e-04 
 6.92388954e-08 -4.88035189e-05  6.92388954e-08  2.92214628e-04 
 6.92888954e-08  4.83356834e-05  6.92888954e-08 -2.88672694e-04 
 6.93388954e-08 -4.75970259e-05  6.93388954e-08  2.85675060e-04 
 6.93888954e-08  4.71447310e-05  6.93888954e-08 -2.82215368e-04 
 6.94388954e-08 -4.64233527e-05  6.94388954e-08  2.79284006e-04 
 6.94888954e-08  4.59861151e-05  6.94888954e-08 -2.75903723e-04 
 6.95388954e-08 -4.52814419e-05  6.95388954e-08  2.73036300e-04 
 6.95888954e-08  4.48588077e-05  6.95888954e-08 -2.69732721e-04 
 6.96388954e-08 -4.41702986e-05  6.96388954e-08  2.66927013e-04 
 6.96888954e-08  4.37618393e-05  6.96888954e-08 -2.63697551e-04 
 6.97388954e-08 -4.30889824e-05  6.97388954e-08  2.60951435e-04 
 6.97888954e-08  4.26942916e-05  6.97888954e-08 -2.57793618e-04 
 6.98388954e-08 -4.20366009e-05  6.98388954e-08  2.55105070e-04 
 6.98888954e-08  4.16552918e-05  6.98888954e-08 -2.52016532e-04 
 6.99388954e-08 -4.10123045e-05  6.99388954e-08  2.49383618e-04 
 6.99694477e-08  4.03278810e-05  6.99694477e-08 -2.44587378e-04 
 7.00000000e-08 -3.93943785e-05  7.00000000e-08  2.40279333e-04 
 7.00050000e-08 -1.35681708e-05  7.00050000e-08 -1.08750374e-04 
 7.00150000e-08  1.45370765e-05  7.00150000e-08  2.72090495e-05 
 7.00350000e-08 -1.69548611e-06  7.00350000e-08  4.68835577e-05 
 7.00750000e-08 -3.33944049e-06  7.00750000e-08 -5.40748671e-06 
 7.01250000e-08  2.76344038e-05  7.01250000e-08  1.94315185e-04 
 7.01625000e-08  5.00303591e-06  7.01625000e-08  2.18863497e-04 
 7.02000000e-08 -4.79374615e-04  7.02000000e-08 -4.94418194e-04 
 7.02050000e-08 -3.63563064e-04  7.02050000e-08 -8.08825705e-04 
 7.02150000e-08  7.22459565e-04  7.02150000e-08 -2.10068995e-03 
 7.02350000e-08  3.07801186e-04  7.02350000e-08 -2.58124655e-03 
 7.02664171e-08 -5.37059888e-04  7.02664171e-08  1.92371307e-03 
 7.03030224e-08  4.94303455e-04  7.03030224e-08  2.90003339e-03 
 7.03434046e-08 -3.59282180e-04  7.03434046e-08 -2.60033500e-03 
 7.03934046e-08  2.79890809e-04  7.03934046e-08  1.12526397e-03 
 7.04434046e-08 -2.10014542e-04  7.04434046e-08 -6.80422435e-04 
 7.04934046e-08  1.56270615e-04  7.04934046e-08  4.45360429e-04 
 7.05434046e-08 -1.12132877e-04  7.05434046e-08 -2.44005696e-04 
 7.05934046e-08  7.84180826e-05  7.05934046e-08  1.49461853e-04 
 7.06434046e-08 -5.13200643e-05  7.06434046e-08 -4.85235770e-05 
 7.06934046e-08  3.09006973e-05  7.06934046e-08 -6.62082310e-06 
 7.07434046e-08 -1.47187467e-05  7.07434046e-08  6.43096188e-05 
 7.07934046e-08  2.83764018e-06  7.07934046e-08 -1.00787692e-04 
 7.08434046e-08  6.43836736e-06  7.08434046e-08  1.36785043e-04 
 7.08934046e-08 -1.29229704e-05  7.08934046e-08 -1.61656010e-04 
 7.09434046e-08  1.78803795e-05  7.09434046e-08  1.85115694e-04 
 7.09934046e-08 -2.10084413e-05  7.09934046e-08 -2.02024271e-04 
 7.10434046e-08  2.33091594e-05  7.10434046e-08  2.17487582e-04 
 7.10934046e-08 -2.43946096e-05  7.10934046e-08 -2.28752854e-04 
 7.11434046e-08  2.51014029e-05  7.11434046e-08  2.38810244e-04 
 7.11934046e-08 -2.49840127e-05  7.11934046e-08 -2.46024993e-04 
 7.12434046e-08  2.47717875e-05  7.12434046e-08  2.52307817e-04 
 7.12934046e-08 -2.39829003e-05  7.12934046e-08 -2.56597642e-04 
 7.13434046e-08  2.32756751e-05  7.13434046e-08  2.60198082e-04 
 7.13934046e-08 -2.21461297e-05  7.13934046e-08 -2.62332255e-04 
 7.14434046e-08  2.12079816e-05  7.14434046e-08  2.64091497e-04 
 7.14934046e-08 -1.99408034e-05  7.14934046e-08 -2.64656514e-04 
 7.15434046e-08  1.89265104e-05  7.15434046e-08  2.65005035e-04 
 7.15934046e-08 -1.76423706e-05  7.15934046e-08 -2.64458578e-04 
 7.16434046e-08  1.66449546e-05  7.16434046e-08  2.63802694e-04 
 7.16934046e-08 -1.54114604e-05  7.16934046e-08 -2.62453552e-04 
 7.17434046e-08  1.44813933e-05  7.17434046e-08  2.61070283e-04 
 7.17934046e-08 -1.33333634e-05  7.17934046e-08 -2.59141994e-04 
 7.18434046e-08  1.24950326e-05  7.18434046e-08  2.57232523e-04 
 7.18934046e-08 -1.14472157e-05  7.18934046e-08 -2.54888735e-04 
 7.19434046e-08  1.07092140e-05  7.19434046e-08  2.52599933e-04 
 7.19934046e-08 -9.76441674e-06  7.19934046e-08 -2.49960442e-04 
 7.20434046e-08  9.12610354e-06  7.20434046e-08  2.47399860e-04 
 7.20934046e-08 -8.28034644e-06  7.20934046e-08 -2.44552445e-04 
 7.21434046e-08  7.73599009e-06  7.21434046e-08  2.41799085e-04 
 7.21934046e-08 -6.98174027e-06  7.21934046e-08 -2.38808188e-04 
 7.22434046e-08  6.52309577e-06  7.22434046e-08  2.35920292e-04 
 7.22934046e-08 -5.85125790e-06  7.22934046e-08 -2.32833355e-04 
 7.23434046e-08  5.46913689e-06  7.23434046e-08  2.29854057e-04 
 7.23934046e-08 -4.87024578e-06  7.23934046e-08 -2.26706147e-04 
 7.24434046e-08  4.55544113e-06  7.24434046e-08  2.23667577e-04 
 7.24934046e-08 -4.02034570e-06  7.24934046e-08 -2.20484751e-04 
 7.25434046e-08  3.76414674e-06  7.25434046e-08  2.17411020e-04 
 7.25934046e-08 -3.28437345e-06  7.25934046e-08 -2.14212784e-04 
 7.26434046e-08  3.07882537e-06  7.26434046e-08  2.11122151e-04 
 7.26934046e-08 -2.64674334e-06  7.26934046e-08 -2.07923237e-04 
 7.27434046e-08  2.48474986e-06  7.27434046e-08  2.04829683e-04 
 7.27934046e-08 -2.09361649e-06  7.27934046e-08 -2.01641347e-04 
 7.28434046e-08  1.96894978e-06  7.28434046e-08  1.98555717e-04 
 7.28934046e-08 -1.61288724e-06  7.28934046e-08 -1.95386670e-04 
 7.29434046e-08  1.52014542e-06  7.29434046e-08  1.92317497e-04 
 7.29934046e-08 -1.19407979e-06  7.29934046e-08 -1.89174583e-04 
 7.30434046e-08  1.12861763e-06  7.30434046e-08  1.86128685e-04 
 7.30934046e-08 -8.28200580e-07  7.30934046e-08 -1.83017366e-04 
 7.31434046e-08  7.86048924e-07  7.31434046e-08  1.80000276e-04 
 7.31934046e-08 -5.07573941e-07  7.31934046e-08 -1.76924979e-04 
 7.32434046e-08  4.85357418e-07  7.32434046e-08  1.73941258e-04 
 7.32934046e-08 -2.25677528e-07  7.32934046e-08 -1.70905626e-04 
 7.33434046e-08  2.20535638e-07  7.33434046e-08  1.67959079e-04 
 7.33934046e-08  2.30135089e-08  7.33934046e-08 -1.64966148e-04 
 7.34434046e-08 -1.34989370e-08  7.34434046e-08  1.62059989e-04 
 7.34934046e-08  2.43168653e-07  7.34934046e-08 -1.59112317e-04 
 7.35434046e-08 -2.21038509e-07  7.35434046e-08  1.56249282e-04 
 7.35934046e-08  4.38728906e-07  7.35934046e-08 -1.53349039e-04 
 7.36434046e-08 -4.05704079e-07  7.36434046e-08  1.50531469e-04 
 7.36934046e-08  6.13017985e-07  7.36934046e-08 -1.47680502e-04 
 7.37434046e-08 -5.70549072e-07  7.37434046e-08  1.44910406e-04 
 7.37934046e-08  7.68838668e-07  7.37934046e-08 -1.42110286e-04 
 7.38434046e-08 -7.18148765e-07  7.38434046e-08  1.39389382e-04 
 7.38934046e-08  9.08555454e-07  7.38934046e-08 -1.36641442e-04 
 7.39434046e-08 -8.50676670e-07  7.39434046e-08  1.33971195e-04 
 7.39934046e-08  1.03416505e-06  7.39934046e-08 -1.31276551e-04 
 7.40434046e-08 -9.69969473e-07  7.40434046e-08  1.28658197e-04 
 7.40934046e-08  1.14735607e-06  7.40934046e-08 -1.26017772e-04 
 7.41434046e-08 -1.07758190e-06  7.41434046e-08  1.23452340e-04 
 7.41934046e-08  1.24955938e-06  7.41934046e-08 -1.20866879e-04 
 7.42434046e-08 -1.17483298e-06  7.42434046e-08  1.18355208e-04 
 7.42934046e-08  1.34199050e-06  7.42934046e-08 -1.15825292e-04 
 7.43434046e-08 -1.26284483e-06  7.43434046e-08  1.13368044e-04 
 7.43934046e-08  1.42568504e-06  7.43934046e-08 -1.10894102e-04 
 7.44434046e-08 -1.34257509e-06  7.44434046e-08  1.08491777e-04 
 7.44934046e-08  1.50152841e-06  7.44934046e-08 -1.06074098e-04 
 7.45434046e-08 -1.41484406e-06  7.45434046e-08  1.03727045e-04 
 7.45934046e-08  1.57028057e-06  7.45934046e-08 -1.01365784e-04 
 7.46434046e-08 -1.48035733e-06  7.46434046e-08  9.90742131e-05 
 7.46934046e-08  1.63259659e-06  7.46934046e-08 -9.67694056e-05 
 7.47434046e-08 -1.53972460e-06  7.47434046e-08  9.45333969e-05 
 7.47934046e-08  1.68904398e-06  7.47934046e-08 -9.22849630e-05 
 7.48434046e-08 -1.59347535e-06  7.48434046e-08  9.01044779e-05 
 7.48934046e-08  1.74011681e-06  7.48934046e-08 -8.79122337e-05 
 7.49434046e-08 -1.64207182e-06  7.49434046e-08  8.57871237e-05 
 7.49934046e-08  1.78624763e-06  7.49934046e-08 -8.36507889e-05 
 7.50434046e-08 -1.68591986e-06  7.50434046e-08  8.15808041e-05 
 7.50934046e-08  1.82781728e-06  7.50934046e-08 -7.95000100e-05 
 7.51434046e-08 -1.72537784e-06  7.51434046e-08  7.74848087e-05 
 7.51934046e-08  1.86516307e-06  7.51934046e-08 -7.54591058e-05 
 7.52434046e-08 -1.76076413e-06  7.52434046e-08  7.34982619e-05 
 7.52934046e-08  1.89858556e-06  7.52934046e-08 -7.15271272e-05 
 7.53434046e-08 -1.79236324e-06  7.53434046e-08  6.96201386e-05 
 7.53934046e-08  1.92835412e-06  7.53934046e-08 -6.77029827e-05 
 7.54434046e-08 -1.82043096e-06  7.54434046e-08  6.58492787e-05 
 7.54934046e-08  1.95471167e-06  7.54934046e-08 -6.39854526e-05 
 7.55434046e-08 -1.84519858e-06  7.55434046e-08  6.21844007e-05 
 7.55934046e-08  1.97787848e-06  7.55934046e-08 -6.03732020e-05 
 7.56434046e-08 -1.86687647e-06  7.56434046e-08  5.86241149e-05 
 7.56934046e-08  1.99805543e-06  7.56934046e-08 -5.68647938e-05 
 7.57434046e-08 -1.88565694e-06  7.57434046e-08  5.51669356e-05 
 7.57934046e-08  2.01542668e-06  7.57934046e-08 -5.34587008e-05 
 7.58434046e-08 -1.90171677e-06  7.58434046e-08  5.18112927e-05 
 7.58934046e-08  2.03016184e-06  7.58934046e-08 -5.01533164e-05 
 7.59434046e-08 -1.91521913e-06  7.59434046e-08  4.85555426e-05 
 7.59934046e-08  2.04241792e-06  7.59934046e-08 -4.69469658e-05 
 7.60434046e-08 -1.92631537e-06  7.60434046e-08  4.53979782e-05 
 7.60934046e-08  2.05234078e-06  7.60934046e-08 -4.38379151e-05 
 7.61434046e-08 -1.93514645e-06  7.61434046e-08  4.23368384e-05 
 7.61934046e-08  2.06006654e-06  7.61934046e-08 -4.08243806e-05 
 7.62434046e-08 -1.94184404e-06  7.62434046e-08  3.93703167e-05 
 7.62934046e-08  2.06572258e-06  7.62934046e-08 -3.79045376e-05 
 7.63434046e-08 -1.94653157e-06  7.63434046e-08  3.64965693e-05 
 7.63934046e-08  2.06942846e-06  7.63934046e-08 -3.50765275e-05 
 7.64434046e-08 -1.94932515e-06  7.64434046e-08  3.37137229e-05 
 7.64934046e-08  2.07129680e-06  7.64934046e-08 -3.23384656e-05 
 7.65434046e-08 -1.95033414e-06  7.65434046e-08  3.10198810e-05 
 7.65934046e-08  2.07143382e-06  7.65934046e-08 -2.96884472e-05 
 7.66434046e-08 -1.94966187e-06  7.66434046e-08  2.84131307e-05 
 7.66934046e-08  2.06993996e-06  7.66934046e-08 -2.71245540e-05 
 7.67434046e-08 -1.94740614e-06  7.67434046e-08  2.58915479e-05 
 7.67934046e-08  2.06691035e-06  7.67934046e-08 -2.46448592e-05 
 7.68434046e-08 -1.94365962e-06  7.68434046e-08  2.34532032e-05 
 7.68934046e-08  2.06243525e-06  7.68934046e-08 -2.22474329e-05 
 7.69434046e-08 -1.93851031e-06  7.69434046e-08  2.10961661e-05 
 7.69934046e-08  2.05660038e-06  7.69934046e-08 -1.99303465e-05 
 7.70434046e-08 -1.93204181e-06  7.70434046e-08  1.88185097e-05 
 7.70934046e-08  2.04948725e-06  7.70934046e-08 -1.76916768e-05 
 7.71434046e-08 -1.92433372e-06  7.71434046e-08  1.66183145e-05 
 7.71934046e-08  2.04117344e-06  7.71934046e-08 -1.55295097e-05 
 7.72434046e-08 -1.91546171e-06  7.72434046e-08  1.44936719e-05 
 7.72934046e-08  2.03173281e-06  7.72934046e-08 -1.34419437e-05 
 7.73434046e-08 -1.90549795e-06  7.73434046e-08  1.24426873e-05 
 7.73934046e-08  2.02123577e-06  7.73934046e-08 -1.14270927e-05 
 7.74434046e-08 -1.89451120e-06  7.74434046e-08  1.04634832e-05 
 7.74934046e-08  2.00974943e-06  7.74934046e-08 -9.48308892e-06 
 7.75434046e-08 -1.88256705e-06  7.75434046e-08  8.55420145e-06 
 7.75934046e-08  1.99733784e-06  7.75934046e-08 -7.60808496e-06 
 7.76434046e-08 -1.86972804e-06  7.76434046e-08  6.71300556e-06 
 7.76934046e-08  1.98406204e-06  7.76934046e-08 -5.80025627e-06 
 7.77434046e-08 -1.85605386e-06  7.77434046e-08  4.93808276e-06 
 7.77934046e-08  1.96998032e-06  7.77934046e-08 -4.05780275e-06 
 7.78434046e-08 -1.84160144e-06  7.78434046e-08  3.22764565e-06 
 7.78934046e-08  1.95514828e-06  7.78934046e-08 -2.37895049e-06 
 7.79434046e-08 -1.82642513e-06  7.79434046e-08  1.57993376e-06 
 7.79934046e-08  1.93961899e-06  7.79934046e-08 -7.61953133e-07 
 7.80434046e-08 -1.81057680e-06  7.80434046e-08 -6.78518877e-09 
 7.80934046e-08  1.92344308e-06  7.80934046e-08  7.94906946e-07 
 7.81434046e-08 -1.79410592e-06  7.81434046e-08 -1.53421416e-06 
 7.81934046e-08  1.90666889e-06  7.81934046e-08  2.29331758e-06 
 7.82434046e-08 -1.77705972e-06  7.82434046e-08 -3.00402592e-06 
 7.82934046e-08  1.88934250e-06  7.82934046e-08  3.73493598e-06 
 7.83434046e-08 -1.75948323e-06  7.83434046e-08 -4.41786213e-06 
 7.83934046e-08  1.87150791e-06  7.83934046e-08  5.12138795e-06 
 7.84434046e-08 -1.74141943e-06  7.84434046e-08 -5.77733281e-06 
 7.84934046e-08  1.85320705e-06  7.84934046e-08  6.45426743e-06 
 7.85434046e-08 -1.72290928e-06  7.85434046e-08 -7.08401587e-06 
 7.85934046e-08  1.83447992e-06  7.85934046e-08  7.73513604e-06 
 7.86434046e-08 -1.70399187e-06  7.86434046e-08 -8.33945668e-06 
 7.86934046e-08  1.81536465e-06  7.86934046e-08  8.96552264e-06 
 7.87434046e-08 -1.68470440e-06  7.87434046e-08 -9.54516769e-06 
 7.87934046e-08  1.79589756e-06  7.87934046e-08  1.01469233e-05 
 7.88434046e-08 -1.66508237e-06  7.88434046e-08 -1.07026285e-05 
 7.88934046e-08  1.77611328e-06  7.88934046e-08  1.12808009e-05 
 7.89434046e-08 -1.64515957e-06  7.89434046e-08 -1.18132857e-05 
 7.89934046e-08  1.75604477e-06  7.89934046e-08  1.23685855e-05 
 7.90434046e-08 -1.62496816e-06  7.90434046e-08 -1.28785526e-05 
 7.90934046e-08  1.73572341e-06  7.90934046e-08  1.34116740e-05 
 7.91434046e-08 -1.60453879e-06  7.91434046e-08 -1.38998097e-05 
 7.91934046e-08  1.71517906e-06  7.91934046e-08  1.44114303e-05 
 7.92434046e-08 -1.58390058e-06  7.92434046e-08 -1.48784047e-05 
 7.92934046e-08  1.69444014e-06  7.92934046e-08  1.53691858e-05 
 7.93434046e-08 -1.56308123e-06  7.93434046e-08 -1.58156525e-05 
 7.93934046e-08  1.67353362e-06  7.93934046e-08  1.62862393e-05 
 7.94434046e-08 -1.54210708e-06  7.94434046e-08 -1.67128359e-05 
 7.94934046e-08  1.65248519e-06  7.94934046e-08  1.71638572e-05 
 7.95434046e-08 -1.52100315e-06  7.95434046e-08 -1.75712052e-05 
 7.95934046e-08  1.63131921e-06  7.95934046e-08  1.80032741e-05 
 7.96434046e-08 -1.49979320e-06  7.96434046e-08 -1.83919793e-05 
 7.96934046e-08  1.61005882e-06  7.96934046e-08  1.88056931e-05 
 7.97434046e-08 -1.47849975e-06  7.97434046e-08 -1.91763457e-05 
 7.97934046e-08  1.58872594e-06  7.97934046e-08  1.95722863e-05 
 7.98434046e-08 -1.45714418e-06  7.98434046e-08 -1.99254609e-05 
 7.98934046e-08  1.56734139e-06  7.98934046e-08  2.03041946e-05 
 7.99434046e-08 -1.43574676e-06  7.99434046e-08 -2.06404507e-05 
 7.99717023e-08  1.53770908e-06  7.99717023e-08  2.12618426e-05 
 8.00000000e-08 -1.39788987e-06  8.00000000e-08 -2.18242134e-05 
 8.00050000e-08  2.35724331e-05  8.00050000e-08  2.74768654e-04 
 8.00150000e-08 -8.93302662e-06  8.00150000e-08  1.92124724e-05 
 8.00350000e-08 -1.37340309e-05  8.00350000e-08 -9.02657904e-05 
 8.00750000e-08  1.25150285e-05  8.00750000e-08 -1.17232072e-04 
 8.01250000e-08 -6.93612141e-05  8.01250000e-08 -2.65786667e-04 
 8.01625000e-08 -1.00776950e-04  8.01625000e-08 -5.62275473e-04 
 8.02000000e-08  9.34040835e-04  8.02000000e-08  6.49542336e-04 
 8.02050000e-08  1.51373736e-04  8.02050000e-08  8.68611933e-04 
 8.02150000e-08 -8.98498749e-04  8.02150000e-08  3.12410391e-03 
 8.02350000e-08 -1.30763842e-04  8.02350000e-08  3.74388968e-03 
 8.02627303e-08  2.15606743e-04  8.02627303e-08 -3.05584789e-03 
 8.02937979e-08 -1.25962430e-04  8.02937979e-08 -1.45454698e-03 
 8.03437979e-08  9.96176889e-05  8.03437979e-08  3.96716893e-04 
 8.03937979e-08 -8.18520414e-05  8.03937979e-08  1.91376646e-04 
 8.04437979e-08  6.95878475e-05  8.04437979e-08 -5.61677477e-05 
 8.04937979e-08 -6.02510689e-05  8.04937979e-08  8.52968950e-05 
 8.05437979e-08  5.31502743e-05  8.05437979e-08 -5.86621658e-05 
 8.05937979e-08 -4.71907256e-05  8.05937979e-08  5.13188078e-05 
 8.06437979e-08  4.24039055e-05  8.06437979e-08 -4.12493830e-05 
 8.06937979e-08 -3.80914984e-05  8.06937979e-08  3.48945619e-05 
 8.07437979e-08  3.45567048e-05  8.07437979e-08 -2.96960616e-05 
 8.07937979e-08 -3.12236822e-05  8.07937979e-08  2.59779396e-05 
 8.08437979e-08  2.84901148e-05  8.08437979e-08 -2.31898973e-05 
 8.08937979e-08 -2.58246992e-05  8.08937979e-08  2.12214876e-05 
 8.09437979e-08  2.36624091e-05  8.09437979e-08 -1.98127515e-05 
 8.09937979e-08 -2.14904263e-05  8.09937979e-08  1.88911263e-05 
 8.10437979e-08  1.97608743e-05  8.10437979e-08 -1.82825556e-05 
 8.10937979e-08 -1.79700200e-05  8.10937979e-08  1.79639750e-05 
 8.11437979e-08  1.65791824e-05  8.11437979e-08 -1.78044736e-05 
 8.11937979e-08 -1.50899066e-05  8.11937979e-08  1.78136226e-05 
 8.12437979e-08  1.39691084e-05  8.12437979e-08 -1.78863364e-05 
 8.12937979e-08 -1.27218243e-05  8.12937979e-08  1.80528651e-05 
 8.13437979e-08  1.18187011e-05  8.13437979e-08 -1.82243917e-05 
 8.13937979e-08 -1.07672899e-05  8.13937979e-08  1.84444045e-05 
 8.14437979e-08  1.00408815e-05  8.14437979e-08 -1.86345064e-05 
 8.14937979e-08 -9.14893410e-06  8.14937979e-08  1.88467190e-05 
 8.15437979e-08  8.56669086e-06  8.15437979e-08 -1.90093249e-05 
 8.15937979e-08 -7.80510134e-06  8.15937979e-08  1.91798299e-05 
 8.16437979e-08  7.34089132e-06  8.16437979e-08 -1.92907519e-05 
 8.16937979e-08 -6.68619849e-06  8.16937979e-08  1.94030749e-05 
 8.17437979e-08  6.31889731e-06  8.17437979e-08 -1.94519395e-05 
 8.17937979e-08 -5.75208274e-06  8.17937979e-08  1.95004811e-05 
 8.18437979e-08  5.46453195e-06  8.18437979e-08 -1.94854000e-05 
 8.18937979e-08 -4.97011670e-06  8.18937979e-08  1.94711075e-05 
 8.19437979e-08  4.74833092e-06  8.19437979e-08 -1.93951685e-05 
 8.19718989e-08 -4.08632348e-06  8.19718989e-08  1.92357471e-05 
 8.20000000e-08  3.74211414e-06  8.20000000e-08 -1.89645650e-05 
 8.20050000e-08  5.95317775e-06  8.20050000e-08  7.02627582e-05 
 8.20150000e-08 -2.67649874e-06  8.20150000e-08  3.03428182e-05 
 8.20350000e-08 -3.54024062e-06  8.20350000e-08 -4.65753764e-05 
 8.20750000e-08  4.41934370e-06  8.20750000e-08 -2.21545772e-05 
 8.21250000e-08 -1.74009277e-05  8.21250000e-08 -6.05677431e-05 
 8.21625000e-08 -9.75771336e-05  8.21625000e-08 -2.14668098e-04 
 8.22000000e-08  1.14037028e-03  8.22000000e-08 -1.11938038e-04 
 8.22050000e-08  1.15807547e-03  8.22050000e-08 -5.23978151e-04 
 8.22150000e-08  1.08807508e-03  8.22150000e-08  8.33717128e-04 
 8.22350000e-08 -6.61144274e-04  8.22350000e-08  5.37208276e-03 
 8.22750000e-08 -5.16584136e-02  8.22750000e-08  4.66096275e-03 
 8.23250000e-08  1.02036911e+00  8.23250000e-08 -1.04870014e-02 
 8.23750000e-08  1.28560298e+00  8.23750000e-08 -4.91519203e-02 
 8.24250000e-08  1.12782001e+00  8.24250000e-08  2.16178728e-02 
 8.24750000e-08  1.24930147e+00  8.24750000e-08  2.52127841e+00 
 8.25250000e-08  1.15979978e+00  8.25250000e-08  3.31739278e+00 
 8.25750000e-08  1.23044689e+00  8.25750000e-08  3.24241772e+00 
 8.26250000e-08  1.17508281e+00  8.26250000e-08  3.33217495e+00 
 8.26750000e-08  1.21983430e+00  8.26750000e-08  3.27778780e+00 
 8.27250000e-08  1.18361261e+00  8.27250000e-08  3.31570096e+00 
 8.27750000e-08  1.21337841e+00  8.27750000e-08  3.28839967e+00 
 8.28250000e-08  1.18886355e+00  8.28250000e-08  3.30893971e+00 
 8.28750000e-08  1.20921265e+00  8.28750000e-08  3.29296113e+00 
 8.29250000e-08  1.19229513e+00  8.29250000e-08  3.30571446e+00 
 8.29750000e-08  1.20641928e+00  8.29750000e-08  3.29533095e+00 
 8.30250000e-08  1.19461668e+00  8.30250000e-08  3.30388635e+00 
 8.30750000e-08  1.20450279e+00  8.30750000e-08  3.29677000e+00 
 8.31250000e-08  1.19621806e+00  8.31250000e-08  3.30271362e+00 
 8.31750000e-08  1.20317050e+00  8.31750000e-08  3.29773105e+00 
 8.32250000e-08  1.19733476e+00  8.32250000e-08  3.30190928e+00 
 8.32750000e-08  1.20223730e+00  8.32750000e-08  3.29840254e+00 
 8.33250000e-08  1.19812099e+00  8.33250000e-08  3.30133882e+00 
 8.33750000e-08  1.20158321e+00  8.33750000e-08  3.29887629e+00 
 8.34250000e-08  1.19867167e+00  8.34250000e-08  3.30093690e+00 
 8.34750000e-08  1.20111872e+00  8.34750000e-08  3.29921632e+00 
 8.35250000e-08  1.19906073e+00  8.35250000e-08  3.30065242e+00 
 8.35750000e-08  1.20079063e+00  8.35750000e-08  3.29945549e+00 
 8.36250000e-08  1.19933602e+00  8.36250000e-08  3.30045347e+00 
 8.36750000e-08  1.20055852e+00  8.36750000e-08  3.29962112e+00 
 8.37250000e-08  1.19953102e+00  8.37250000e-08  3.30031704e+00 
 8.37750000e-08  1.20039412e+00  8.37750000e-08  3.29973309e+00 
 8.38250000e-08  1.19966926e+00  8.38250000e-08  3.30022627e+00 
 8.38750000e-08  1.20027758e+00  8.38750000e-08  3.29980600e+00 
 8.39250000e-08  1.19976732e+00  8.39250000e-08  3.30016867e+00 
 8.39750000e-08  1.20019491e+00  8.39750000e-08  3.29985065e+00 
 8.40250000e-08  1.19983691e+00  8.40250000e-08  3.30013500e+00 
 8.40750000e-08  1.20013623e+00  8.40750000e-08  3.29987503e+00 
 8.41250000e-08  1.19988632e+00  8.41250000e-08  3.30011842e+00 
 8.41750000e-08  1.20009457e+00  8.41750000e-08  3.29988503e+00 
 8.42250000e-08  1.19992141e+00  8.42250000e-08  3.30011388e+00 
 8.42750000e-08  1.20006499e+00  8.42750000e-08  3.29988499e+00 
 8.43250000e-08  1.19994633e+00  8.43250000e-08  3.30011765e+00 
 8.43750000e-08  1.20004399e+00  8.43750000e-08  3.29987810e+00 
 8.44250000e-08  1.19996402e+00  8.44250000e-08  3.30012702e+00 
 8.44750000e-08  1.20002908e+00  8.44750000e-08  3.29986671e+00 
 8.45250000e-08  1.19997657e+00  8.45250000e-08  3.30013999e+00 
 8.45750000e-08  1.20001850e+00  8.45750000e-08  3.29985249e+00 
 8.46250000e-08  1.19998547e+00  8.46250000e-08  3.30015512e+00 
 8.46750000e-08  1.20001101e+00  8.46750000e-08  3.29983667e+00 
 8.47250000e-08  1.19999177e+00  8.47250000e-08  3.30017138e+00 
 8.47750000e-08  1.20000572e+00  8.47750000e-08  3.29982014e+00 
 8.48250000e-08  1.19999622e+00  8.48250000e-08  3.30018802e+00 
 8.48750000e-08  1.20000198e+00  8.48750000e-08  3.29980350e+00 
 8.49250000e-08  1.19999935e+00  8.49250000e-08  3.30020453e+00 
 8.49750000e-08  1.19999936e+00  8.49750000e-08  3.29978719e+00 
 8.50250000e-08  1.20000154e+00  8.50250000e-08  3.30022056e+00 
 8.50750000e-08  1.19999753e+00  8.50750000e-08  3.29977149e+00 
 8.51250000e-08  1.20000306e+00  8.51250000e-08  3.30023588e+00 
 8.51750000e-08  1.19999627e+00  8.51750000e-08  3.29975659e+00 
 8.52250000e-08  1.20000410e+00  8.52250000e-08  3.30025033e+00 
 8.52750000e-08  1.19999541e+00  8.52750000e-08  3.29974261e+00 
 8.53250000e-08  1.20000480e+00  8.53250000e-08  3.30026384e+00 
 8.53750000e-08  1.19999484e+00  8.53750000e-08  3.29972960e+00 
 8.54250000e-08  1.20000526e+00  8.54250000e-08  3.30027635e+00 
 8.54750000e-08  1.19999448e+00  8.54750000e-08  3.29971758e+00 
 8.55250000e-08  1.20000555e+00  8.55250000e-08  3.30028787e+00 
 8.55750000e-08  1.19999426e+00  8.55750000e-08  3.29970656e+00 
 8.56250000e-08  1.20000571e+00  8.56250000e-08  3.30029840e+00 
 8.56750000e-08  1.19999414e+00  8.56750000e-08  3.29969652e+00 
 8.57250000e-08  1.20000579e+00  8.57250000e-08  3.30030798e+00 
 8.57750000e-08  1.19999410e+00  8.57750000e-08  3.29968740e+00 
 8.58250000e-08  1.20000580e+00  8.58250000e-08  3.30031664e+00 
 8.58750000e-08  1.19999411e+00  8.58750000e-08  3.29967919e+00 
 8.59250000e-08  1.20000577e+00  8.59250000e-08  3.30032442e+00 
 8.59750000e-08  1.19999416e+00  8.59750000e-08  3.29967183e+00 
 8.60250000e-08  1.20000571e+00  8.60250000e-08  3.30033138e+00 
 8.60750000e-08  1.19999423e+00  8.60750000e-08  3.29966527e+00 
 8.61250000e-08  1.20000563e+00  8.61250000e-08  3.30033756e+00 
 8.61750000e-08  1.19999432e+00  8.61750000e-08  3.29965946e+00 
 8.62250000e-08  1.20000553e+00  8.62250000e-08  3.30034301e+00 
 8.62750000e-08  1.19999443e+00  8.62750000e-08  3.29965436e+00 
 8.63250000e-08  1.20000542e+00  8.63250000e-08  3.30034778e+00 
 8.63750000e-08  1.19999454e+00  8.63750000e-08  3.29964992e+00 
 8.64250000e-08  1.20000531e+00  8.64250000e-08  3.30035191e+00 
 8.64750000e-08  1.19999466e+00  8.64750000e-08  3.29964610e+00 
 8.65250000e-08  1.20000519e+00  8.65250000e-08  3.30035544e+00 
 8.65750000e-08  1.19999478e+00  8.65750000e-08  3.29964284e+00 
 8.66250000e-08  1.20000507e+00  8.66250000e-08  3.30035843e+00 
 8.66750000e-08  1.19999490e+00  8.66750000e-08  3.29964012e+00 
 8.67250000e-08  1.20000494e+00  8.67250000e-08  3.30036091e+00 
 8.67750000e-08  1.19999502e+00  8.67750000e-08  3.29963789e+00 
 8.68250000e-08  1.20000482e+00  8.68250000e-08  3.30036291e+00 
 8.68750000e-08  1.19999515e+00  8.68750000e-08  3.29963611e+00 
 8.69250000e-08  1.20000469e+00  8.69250000e-08  3.30036447e+00 
 8.69750000e-08  1.19999527e+00  8.69750000e-08  3.29963476e+00 
 8.70250000e-08  1.20000457e+00  8.70250000e-08  3.30036563e+00 
 8.70750000e-08  1.19999539e+00  8.70750000e-08  3.29963379e+00 
 8.71250000e-08  1.20000445e+00  8.71250000e-08  3.30036641e+00 
 8.71750000e-08  1.19999551e+00  8.71750000e-08  3.29963319e+00 
 8.72250000e-08  1.20000433e+00  8.72250000e-08  3.30036685e+00 
 8.72750000e-08  1.19999563e+00  8.72750000e-08  3.29963292e+00 
 8.73250000e-08  1.20000421e+00  8.73250000e-08  3.30036696e+00 
 8.73750000e-08  1.19999575e+00  8.73750000e-08  3.29963296e+00 
 8.74250000e-08  1.20000409e+00  8.74250000e-08  3.30036678e+00 
 8.74750000e-08  1.19999587e+00  8.74750000e-08  3.29963328e+00 
 8.75250000e-08  1.20000398e+00  8.75250000e-08  3.30036633e+00 
 8.75750000e-08  1.19999598e+00  8.75750000e-08  3.29963386e+00 
 8.76250000e-08  1.20000386e+00  8.76250000e-08  3.30036563e+00 
 8.76750000e-08  1.19999609e+00  8.76750000e-08  3.29963469e+00 
 8.77250000e-08  1.20000375e+00  8.77250000e-08  3.30036469e+00 
 8.77750000e-08  1.19999621e+00  8.77750000e-08  3.29963573e+00 
 8.78250000e-08  1.20000364e+00  8.78250000e-08  3.30036354e+00 
 8.78750000e-08  1.19999632e+00  8.78750000e-08  3.29963698e+00 
 8.79250000e-08  1.20000353e+00  8.79250000e-08  3.30036220e+00 
 8.79750000e-08  1.19999642e+00  8.79750000e-08  3.29963842e+00 
 8.80250000e-08  1.20000343e+00  8.80250000e-08  3.30036067e+00 
 8.80750000e-08  1.19999653e+00  8.80750000e-08  3.29964003e+00 
 8.81250000e-08  1.20000332e+00  8.81250000e-08  3.30035899e+00 
 8.81750000e-08  1.19999664e+00  8.81750000e-08  3.29964180e+00 
 8.82250000e-08  1.20000322e+00  8.82250000e-08  3.30035715e+00 
 8.82750000e-08  1.19999674e+00  8.82750000e-08  3.29964371e+00 
 8.83250000e-08  1.20000311e+00  8.83250000e-08  3.30035517e+00 
 8.83750000e-08  1.19999684e+00  8.83750000e-08  3.29964576e+00 
 8.84250000e-08  1.20000301e+00  8.84250000e-08  3.30035306e+00 
 8.84750000e-08  1.19999694e+00  8.84750000e-08  3.29964792e+00 
 8.85250000e-08  1.20000291e+00  8.85250000e-08  3.30035084e+00 
 8.85750000e-08  1.19999704e+00  8.85750000e-08  3.29965020e+00 
 8.86250000e-08  1.20000282e+00  8.86250000e-08  3.30034852e+00 
 8.86750000e-08  1.19999713e+00  8.86750000e-08  3.29965257e+00 
 8.87250000e-08  1.20000272e+00  8.87250000e-08  3.30034610e+00 
 8.87750000e-08  1.19999723e+00  8.87750000e-08  3.29965504e+00 
 8.88250000e-08  1.20000263e+00  8.88250000e-08  3.30034359e+00 
 8.88750000e-08  1.19999732e+00  8.88750000e-08  3.29965759e+00 
 8.89250000e-08  1.20000253e+00  8.89250000e-08  3.30034101e+00 
 8.89750000e-08  1.19999741e+00  8.89750000e-08  3.29966021e+00 
 8.90250000e-08  1.20000244e+00  8.90250000e-08  3.30033835e+00 
 8.90750000e-08  1.19999750e+00  8.90750000e-08  3.29966290e+00 
 8.91250000e-08  1.20000235e+00  8.91250000e-08  3.30033563e+00 
 8.91750000e-08  1.19999759e+00  8.91750000e-08  3.29966565e+00 
 8.92250000e-08  1.20000227e+00  8.92250000e-08  3.30033285e+00 
 8.92750000e-08  1.19999768e+00  8.92750000e-08  3.29966846e+00 
 8.93250000e-08  1.20000218e+00  8.93250000e-08  3.30033003e+00 
 8.93750000e-08  1.19999777e+00  8.93750000e-08  3.29967131e+00 
 8.94250000e-08  1.20000209e+00  8.94250000e-08  3.30032715e+00 
 8.94750000e-08  1.19999785e+00  8.94750000e-08  3.29967421e+00 
 8.95250000e-08  1.20000201e+00  8.95250000e-08  3.30032424e+00 
 8.95750000e-08  1.19999794e+00  8.95750000e-08  3.29967714e+00 
 8.96250000e-08  1.20000193e+00  8.96250000e-08  3.30032129e+00 
 8.96750000e-08  1.19999802e+00  8.96750000e-08  3.29968010e+00 
 8.97250000e-08  1.20000185e+00  8.97250000e-08  3.30031831e+00 
 8.97750000e-08  1.19999810e+00  8.97750000e-08  3.29968310e+00 
 8.98250000e-08  1.20000177e+00  8.98250000e-08  3.30031531e+00 
 8.98750000e-08  1.19999818e+00  8.98750000e-08  3.29968611e+00 
 8.99250000e-08  1.20000169e+00  8.99250000e-08  3.30031228e+00 
 8.99625000e-08  1.19999827e+00  8.99625000e-08  3.29968966e+00 
 9.00000000e-08  1.20000158e+00  9.00000000e-08  3.30030822e+00 
 9.00050000e-08  1.19997417e+00  9.00050000e-08  3.29980367e+00 
 9.00150000e-08  1.20001215e+00  9.00150000e-08  3.29991808e+00 
 9.00350000e-08  1.20001420e+00  9.00350000e-08  3.30007594e+00 
 9.00750000e-08  1.19998158e+00  9.00750000e-08  3.30006509e+00 
 9.01250000e-08  1.20009170e+00  9.01250000e-08  3.30061390e+00 
 9.01625000e-08  1.20011009e+00  9.01625000e-08  3.30100922e+00 
 9.02000000e-08  1.19940686e+00  9.02000000e-08  3.30017154e+00 
 9.02050000e-08  1.19935861e+00  9.02050000e-08  3.30015202e+00 
 9.02150000e-08  1.20059548e+00  9.02150000e-08  3.29914499e+00 
 9.02350000e-08  1.20075615e+00  9.02350000e-08  3.29653185e+00 
 9.02750000e-08  1.19908208e+00  9.02750000e-08  3.29811694e+00 
 9.03123933e-08  1.20069772e+00  9.03123933e-08  3.30400609e+00 
 9.03526295e-08  1.19946368e+00  9.03526295e-08  3.29943575e+00 
 9.04026295e-08  1.20038564e+00  9.04026295e-08  3.30008870e+00 
 9.04526295e-08  1.19972427e+00  9.04526295e-08  3.29979735e+00 
 9.05026295e-08  1.20018056e+00  9.05026295e-08  3.29998579e+00 
 9.05526295e-08  1.19989103e+00  9.05526295e-08  3.29995011e+00 
 9.06026295e-08  1.20005259e+00  9.06026295e-08  3.29997257e+00 
 9.06526295e-08  1.19998848e+00  9.06526295e-08  3.30000615e+00 
 9.07026295e-08  1.19998101e+00  9.07026295e-08  3.29996165e+00 
 9.07526295e-08  1.20003985e+00  9.07526295e-08  3.30003478e+00 
 9.08026295e-08  1.19994579e+00  9.08026295e-08  3.29994954e+00 
 9.08526295e-08  1.20006274e+00  9.08526295e-08  3.30005216e+00 
 9.09026295e-08  1.19993238e+00  9.09026295e-08  3.29993941e+00 
 9.09526295e-08  1.20006912e+00  9.09526295e-08  3.30006294e+00 
 9.10026295e-08  1.19993118e+00  9.10026295e-08  3.29993238e+00 
 9.10526295e-08  1.20006661e+00  9.10526295e-08  3.30006930e+00 
 9.11026295e-08  1.19993628e+00  9.11026295e-08  3.29992822e+00 
 9.11526295e-08  1.20005985e+00  9.11526295e-08  3.30007260e+00 
 9.12026295e-08  1.19994408e+00  9.12026295e-08  3.29992626e+00 
 9.12526295e-08  1.20005153e+00  9.12526295e-08  3.30007386e+00 
 9.13026295e-08  1.19995258e+00  9.13026295e-08  3.29992582e+00 
 9.13526295e-08  1.20004313e+00  9.13526295e-08  3.30007382e+00 
 9.14026295e-08  1.19996073e+00  9.14026295e-08  3.29992637e+00 
 9.14526295e-08  1.20003538e+00  9.14526295e-08  3.30007299e+00 
 9.15026295e-08  1.19996802e+00  9.15026295e-08  3.29992750e+00 
 9.15526295e-08  1.20002860e+00  9.15526295e-08  3.30007169e+00 
 9.16026295e-08  1.19997427e+00  9.16026295e-08  3.29992895e+00 
 9.16526295e-08  1.20002288e+00  9.16526295e-08  3.30007018e+00 
 9.17026295e-08  1.19997950e+00  9.17026295e-08  3.29993053e+00 
 9.17526295e-08  1.20001814e+00  9.17526295e-08  3.30006858e+00 
 9.18026295e-08  1.19998377e+00  9.18026295e-08  3.29993215e+00 
 9.18526295e-08  1.20001430e+00  9.18526295e-08  3.30006699e+00 
 9.19026295e-08  1.19998722e+00  9.19026295e-08  3.29993371e+00 
 9.19526295e-08  1.20001122e+00  9.19526295e-08  3.30006547e+00 
 9.20026295e-08  1.19998997e+00  9.20026295e-08  3.29993520e+00 
 9.20526295e-08  1.20000877e+00  9.20526295e-08  3.30006403e+00 
 9.21026295e-08  1.19999215e+00  9.21026295e-08  3.29993660e+00 
 9.21526295e-08  1.20000683e+00  9.21526295e-08  3.30006270e+00 
 9.22026295e-08  1.19999387e+00  9.22026295e-08  3.29993789e+00 
 9.22526295e-08  1.20000532e+00  9.22526295e-08  3.30006146e+00 
 9.23026295e-08  1.19999521e+00  9.23026295e-08  3.29993908e+00 
 9.23526295e-08  1.20000413e+00  9.23526295e-08  3.30006031e+00 
 9.24026295e-08  1.19999626e+00  9.24026295e-08  3.29994019e+00 
 9.24526295e-08  1.20000321e+00  9.24526295e-08  3.30005925e+00 
 9.25026295e-08  1.19999707e+00  9.25026295e-08  3.29994121e+00 
 9.25526295e-08  1.20000249e+00  9.25526295e-08  3.30005827e+00 
 9.26026295e-08  1.19999771e+00  9.26026295e-08  3.29994216e+00 
 9.26526295e-08  1.20000193e+00  9.26526295e-08  3.30005735e+00 
 9.27026295e-08  1.19999820e+00  9.27026295e-08  3.29994305e+00 
 9.27526295e-08  1.20000150e+00  9.27526295e-08  3.30005649e+00 
 9.28026295e-08  1.19999858e+00  9.28026295e-08  3.29994389e+00 
 9.28526295e-08  1.20000116e+00  9.28526295e-08  3.30005567e+00 
 9.29026295e-08  1.19999888e+00  9.29026295e-08  3.29994469e+00 
 9.29526295e-08  1.20000090e+00  9.29526295e-08  3.30005489e+00 
 9.30026295e-08  1.19999911e+00  9.30026295e-08  3.29994546e+00 
 9.30526295e-08  1.20000069e+00  9.30526295e-08  3.30005414e+00 
 9.31026295e-08  1.19999929e+00  9.31026295e-08  3.29994619e+00 
 9.31526295e-08  1.20000053e+00  9.31526295e-08  3.30005342e+00 
 9.32026295e-08  1.19999944e+00  9.32026295e-08  3.29994691e+00 
 9.32526295e-08  1.20000041e+00  9.32526295e-08  3.30005272e+00 
 9.33026295e-08  1.19999955e+00  9.33026295e-08  3.29994760e+00 
 9.33526295e-08  1.20000031e+00  9.33526295e-08  3.30005203e+00 
 9.34026295e-08  1.19999964e+00  9.34026295e-08  3.29994828e+00 
 9.34526295e-08  1.20000023e+00  9.34526295e-08  3.30005136e+00 
 9.35026295e-08  1.19999971e+00  9.35026295e-08  3.29994895e+00 
 9.35526295e-08  1.20000016e+00  9.35526295e-08  3.30005070e+00 
 9.36026295e-08  1.19999977e+00  9.36026295e-08  3.29994961e+00 
 9.36526295e-08  1.20000011e+00  9.36526295e-08  3.30005004e+00 
 9.37026295e-08  1.19999981e+00  9.37026295e-08  3.29995026e+00 
 9.37526295e-08  1.20000007e+00  9.37526295e-08  3.30004939e+00 
 9.38026295e-08  1.19999985e+00  9.38026295e-08  3.29995091e+00 
 9.38526295e-08  1.20000003e+00  9.38526295e-08  3.30004874e+00 
 9.39026295e-08  1.19999988e+00  9.39026295e-08  3.29995156e+00 
 9.39526295e-08  1.20000000e+00  9.39526295e-08  3.30004810e+00 
 9.40026295e-08  1.19999991e+00  9.40026295e-08  3.29995220e+00 
 9.40526295e-08  1.19999998e+00  9.40526295e-08  3.30004746e+00 
 9.41026295e-08  1.19999993e+00  9.41026295e-08  3.29995284e+00 
 9.41526295e-08  1.19999996e+00  9.41526295e-08  3.30004682e+00 
 9.42026295e-08  1.19999995e+00  9.42026295e-08  3.29995348e+00 
 9.42526295e-08  1.19999994e+00  9.42526295e-08  3.30004618e+00 
 9.43026295e-08  1.19999997e+00  9.43026295e-08  3.29995412e+00 
 9.43526295e-08  1.19999992e+00  9.43526295e-08  3.30004554e+00 
 9.44026295e-08  1.19999999e+00  9.44026295e-08  3.29995476e+00 
 9.44526295e-08  1.19999991e+00  9.44526295e-08  3.30004491e+00 
 9.45026295e-08  1.20000000e+00  9.45026295e-08  3.29995539e+00 
 9.45526295e-08  1.19999990e+00  9.45526295e-08  3.30004427e+00 
 9.46026295e-08  1.20000001e+00  9.46026295e-08  3.29995603e+00 
 9.46526295e-08  1.19999989e+00  9.46526295e-08  3.30004364e+00 
 9.47026295e-08  1.20000002e+00  9.47026295e-08  3.29995666e+00 
 9.47526295e-08  1.19999987e+00  9.47526295e-08  3.30004301e+00 
 9.48026295e-08  1.20000003e+00  9.48026295e-08  3.29995729e+00 
 9.48526295e-08  1.19999987e+00  9.48526295e-08  3.30004238e+00 
 9.49026295e-08  1.20000004e+00  9.49026295e-08  3.29995792e+00 
 9.49526295e-08  1.19999986e+00  9.49526295e-08  3.30004175e+00 
 9.50026295e-08  1.20000005e+00  9.50026295e-08  3.29995855e+00 
 9.50526295e-08  1.19999985e+00  9.50526295e-08  3.30004112e+00 
 9.51026295e-08  1.20000006e+00  9.51026295e-08  3.29995918e+00 
 9.51526295e-08  1.19999984e+00  9.51526295e-08  3.30004049e+00 
 9.52026295e-08  1.20000006e+00  9.52026295e-08  3.29995980e+00 
 9.52526295e-08  1.19999983e+00  9.52526295e-08  3.30003987e+00 
 9.53026295e-08  1.20000007e+00  9.53026295e-08  3.29996042e+00 
 9.53526295e-08  1.19999983e+00  9.53526295e-08  3.30003925e+00 
 9.54026295e-08  1.20000008e+00  9.54026295e-08  3.29996104e+00 
 9.54526295e-08  1.19999982e+00  9.54526295e-08  3.30003863e+00 
 9.55026295e-08  1.20000008e+00  9.55026295e-08  3.29996166e+00 
 9.55526295e-08  1.19999982e+00  9.55526295e-08  3.30003802e+00 
 9.56026295e-08  1.20000009e+00  9.56026295e-08  3.29996227e+00 
 9.56526295e-08  1.19999981e+00  9.56526295e-08  3.30003740e+00 
 9.57026295e-08  1.20000009e+00  9.57026295e-08  3.29996288e+00 
 9.57526295e-08  1.19999981e+00  9.57526295e-08  3.30003680e+00 
 9.58026295e-08  1.20000010e+00  9.58026295e-08  3.29996349e+00 
 9.58526295e-08  1.19999980e+00  9.58526295e-08  3.30003619e+00 
 9.59026295e-08  1.20000010e+00  9.59026295e-08  3.29996409e+00 
 9.59526295e-08  1.19999980e+00  9.59526295e-08  3.30003559e+00 
 9.60026295e-08  1.20000011e+00  9.60026295e-08  3.29996469e+00 
 9.60526295e-08  1.19999979e+00  9.60526295e-08  3.30003500e+00 
 9.61026295e-08  1.20000011e+00  9.61026295e-08  3.29996528e+00 
 9.61526295e-08  1.19999979e+00  9.61526295e-08  3.30003441e+00 
 9.62026295e-08  1.20000011e+00  9.62026295e-08  3.29996587e+00 
 9.62526295e-08  1.19999979e+00  9.62526295e-08  3.30003382e+00 
 9.63026295e-08  1.20000012e+00  9.63026295e-08  3.29996645e+00 
 9.63526295e-08  1.19999979e+00  9.63526295e-08  3.30003324e+00 
 9.64026295e-08  1.20000012e+00  9.64026295e-08  3.29996703e+00 
 9.64526295e-08  1.19999978e+00  9.64526295e-08  3.30003266e+00 
 9.65026295e-08  1.20000012e+00  9.65026295e-08  3.29996761e+00 
 9.65526295e-08  1.19999978e+00  9.65526295e-08  3.30003209e+00 
 9.66026295e-08  1.20000012e+00  9.66026295e-08  3.29996817e+00 
 9.66526295e-08  1.19999978e+00  9.66526295e-08  3.30003153e+00 
 9.67026295e-08  1.20000013e+00  9.67026295e-08  3.29996874e+00 
 9.67526295e-08  1.19999978e+00  9.67526295e-08  3.30003097e+00 
 9.68026295e-08  1.20000013e+00  9.68026295e-08  3.29996929e+00 
 9.68526295e-08  1.19999978e+00  9.68526295e-08  3.30003041e+00 
 9.69026295e-08  1.20000013e+00  9.69026295e-08  3.29996985e+00 
 9.69526295e-08  1.19999977e+00  9.69526295e-08  3.30002987e+00 
 9.70026295e-08  1.20000013e+00  9.70026295e-08  3.29997039e+00 
 9.70526295e-08  1.19999977e+00  9.70526295e-08  3.30002932e+00 
 9.71026295e-08  1.20000013e+00  9.71026295e-08  3.29997093e+00 
 9.71526295e-08  1.19999977e+00  9.71526295e-08  3.30002879e+00 
 9.72026295e-08  1.20000013e+00  9.72026295e-08  3.29997146e+00 
 9.72526295e-08  1.19999977e+00  9.72526295e-08  3.30002826e+00 
 9.73026295e-08  1.20000013e+00  9.73026295e-08  3.29997199e+00 
 9.73526295e-08  1.19999977e+00  9.73526295e-08  3.30002773e+00 
 9.74026295e-08  1.20000013e+00  9.74026295e-08  3.29997251e+00 
 9.74526295e-08  1.19999977e+00  9.74526295e-08  3.30002721e+00 
 9.75026295e-08  1.20000013e+00  9.75026295e-08  3.29997303e+00 
 9.75526295e-08  1.19999977e+00  9.75526295e-08  3.30002670e+00 
 9.76026295e-08  1.20000013e+00  9.76026295e-08  3.29997354e+00 
 9.76526295e-08  1.19999977e+00  9.76526295e-08  3.30002619e+00 
 9.77026295e-08  1.20000013e+00  9.77026295e-08  3.29997404e+00 
 9.77526295e-08  1.19999977e+00  9.77526295e-08  3.30002570e+00 
 9.78026295e-08  1.20000013e+00  9.78026295e-08  3.29997454e+00 
 9.78526295e-08  1.19999977e+00  9.78526295e-08  3.30002520e+00 
 9.79026295e-08  1.20000013e+00  9.79026295e-08  3.29997503e+00 
 9.79526295e-08  1.19999977e+00  9.79526295e-08  3.30002471e+00 
 9.80026295e-08  1.20000013e+00  9.80026295e-08  3.29997551e+00 
 9.80526295e-08  1.19999977e+00  9.80526295e-08  3.30002423e+00 
 9.81026295e-08  1.20000013e+00  9.81026295e-08  3.29997599e+00 
 9.81526295e-08  1.19999977e+00  9.81526295e-08  3.30002376e+00 
 9.82026295e-08  1.20000013e+00  9.82026295e-08  3.29997646e+00 
 9.82526295e-08  1.19999977e+00  9.82526295e-08  3.30002329e+00 
 9.83026295e-08  1.20000013e+00  9.83026295e-08  3.29997693e+00 
 9.83526295e-08  1.19999977e+00  9.83526295e-08  3.30002283e+00 
 9.84026295e-08  1.20000013e+00  9.84026295e-08  3.29997738e+00 
 9.84526295e-08  1.19999977e+00  9.84526295e-08  3.30002237e+00 
 9.85026295e-08  1.20000013e+00  9.85026295e-08  3.29997784e+00 
 9.85526295e-08  1.19999977e+00  9.85526295e-08  3.30002193e+00 
 9.86026295e-08  1.20000013e+00  9.86026295e-08  3.29997828e+00 
 9.86526295e-08  1.19999978e+00  9.86526295e-08  3.30002148e+00 
 9.87026295e-08  1.20000013e+00  9.87026295e-08  3.29997872e+00 
 9.87526295e-08  1.19999978e+00  9.87526295e-08  3.30002105e+00 
 9.88026295e-08  1.20000013e+00  9.88026295e-08  3.29997916e+00 
 9.88526295e-08  1.19999978e+00  9.88526295e-08  3.30002062e+00 
 9.89026295e-08  1.20000012e+00  9.89026295e-08  3.29997958e+00 
 9.89526295e-08  1.19999978e+00  9.89526295e-08  3.30002019e+00 
 9.90026295e-08  1.20000012e+00  9.90026295e-08  3.29998000e+00 
 9.90526295e-08  1.19999978e+00  9.90526295e-08  3.30001977e+00 
 9.91026295e-08  1.20000012e+00  9.91026295e-08  3.29998042e+00 
 9.91526295e-08  1.19999978e+00  9.91526295e-08  3.30001936e+00 
 9.92026295e-08  1.20000012e+00  9.92026295e-08  3.29998083e+00 
 9.92526295e-08  1.19999978e+00  9.92526295e-08  3.30001896e+00 
 9.93026295e-08  1.20000012e+00  9.93026295e-08  3.29998123e+00 
 9.93526295e-08  1.19999979e+00  9.93526295e-08  3.30001856e+00 
 9.94026295e-08  1.20000012e+00  9.94026295e-08  3.29998163e+00 
 9.94526295e-08  1.19999979e+00  9.94526295e-08  3.30001816e+00 
 9.95026295e-08  1.20000012e+00  9.95026295e-08  3.29998202e+00 
 9.95526295e-08  1.19999979e+00  9.95526295e-08  3.30001777e+00 
 9.96026295e-08  1.20000011e+00  9.96026295e-08  3.29998240e+00 
 9.96526295e-08  1.19999979e+00  9.96526295e-08  3.30001739e+00 
 9.97026295e-08  1.20000011e+00  9.97026295e-08  3.29998278e+00 
 9.97526295e-08  1.19999979e+00  9.97526295e-08  3.30001702e+00 
 9.98026295e-08  1.20000011e+00  9.98026295e-08  3.29998316e+00 
 9.98526295e-08  1.19999979e+00  9.98526295e-08  3.30001665e+00 
 9.99026295e-08  1.20000011e+00  9.99026295e-08  3.29998352e+00 
 9.99526295e-08  1.19999980e+00  9.99526295e-08  3.30001628e+00 
 1.00000000e-07  1.20000011e+00  1.00000000e-07  3.29998390e+00 
