 5.00000000e-13  6.29699856e-01  5.00000000e-13  1.36103440e+00 
 5.26909798e-13  6.30521064e-01  5.26909798e-13  1.31854818e+00 
 5.80729393e-13  6.33921836e-01  5.80729393e-13  1.25284566e+00 
 6.88368584e-13  6.39883854e-01  6.88368584e-13  1.24985847e+00 
 9.03646966e-13  6.46239052e-01  9.03646966e-13  1.48258884e+00 
 1.24636534e-12  6.54524177e-01  1.24636534e-12  1.83025757e+00 
 1.71412567e-12  6.63609054e-01  1.71412567e-12  2.00815622e+00 
 2.50628523e-12  6.75590906e-01  2.50628523e-12  2.07050705e+00 
 4.09060434e-12  6.83588520e-01  4.09060434e-12  2.09311518e+00 
 7.25924256e-12  6.46567692e-01  7.25924256e-12  1.95500962e+00 
 1.19698204e-11  4.90215986e-01  1.19698204e-11  1.59732345e+00 
 1.96861146e-11  1.64524594e-01  1.96861146e-11  9.48202192e-01 
 3.27460327e-11 -9.84736216e-03  3.27460327e-11  2.53081177e-01 
 5.00000000e-11  1.63825704e-02  5.00000000e-11  3.73352955e-02 
 5.26119836e-11  7.06324958e-03  5.26119836e-11  3.83760589e-02 
 5.78359509e-11 -1.83746579e-06  5.78359509e-11  3.61523844e-02 
 6.82838853e-11  1.35748042e-03  6.82838853e-11  2.47873596e-02 
 8.91797543e-11 -8.67842006e-05  8.91797543e-11  8.95863793e-03 
 1.30971492e-10  5.33230452e-04  1.30971492e-10  1.18191251e-04 
 1.65485746e-10 -3.88688584e-04  1.65485746e-10  9.79431454e-04 
 2.00000000e-10  8.01734952e-04  2.00000000e-10  2.61938761e-03 
 2.05000000e-10 -6.02098653e-05  2.05000000e-10  2.89343472e-03 
 2.15000000e-10 -6.94155749e-04  2.15000000e-10  2.65744855e-03 
 2.35000000e-10  1.54545307e-04  2.35000000e-10 -5.12646481e-04 
 2.68200965e-10  1.85278722e-05  2.68200965e-10 -2.47388524e-03 
 3.02922627e-10 -3.23088490e-05  3.02922627e-10  1.14925278e-03 
 3.52922627e-10  3.50857796e-05  3.52922627e-10  1.16085545e-04 
 4.02922627e-10 -3.37994000e-05  4.02922627e-10  5.10239704e-04 
 4.52922627e-10  3.21685239e-05  4.52922627e-10 -2.64267748e-04 
 5.02922627e-10 -2.98204485e-05  5.02922627e-10  3.37193629e-04 
 5.52922627e-10  2.77744591e-05  5.52922627e-10 -2.80815216e-04 
 6.02922627e-10 -2.55200908e-05  6.02922627e-10  2.75311261e-04 
 6.52922627e-10  2.36641552e-05  6.52922627e-10 -2.49755870e-04 
 7.02922627e-10 -2.16811390e-05  7.02922627e-10  2.36103387e-04 
 7.52922627e-10  2.00892326e-05  7.52922627e-10 -2.18865730e-04 
 8.02922627e-10 -1.83742003e-05  8.02922627e-10  2.06343536e-04 
 8.52922627e-10  1.70307255e-05  8.52922627e-10 -1.93331815e-04 
 9.02922627e-10 -1.55543132e-05  9.02922627e-10  1.82955863e-04 
 9.52922627e-10  1.44314201e-05  9.52922627e-10 -1.72804418e-04 
 1.00292263e-09 -1.31634499e-05  1.00292263e-09  1.64369261e-04 
 1.05292263e-09  1.22331645e-05  1.05292263e-09 -1.56308656e-04 
 1.10292263e-09 -1.11455296e-05  1.10292263e-09  1.49443804e-04 
 1.15292263e-09  1.03814947e-05  1.15292263e-09 -1.42941723e-04 
 1.20292263e-09 -9.44841126e-06  1.20292263e-09  1.37302962e-04 
 1.25292263e-09  8.82641261e-06  1.25292263e-09 -1.31969787e-04 
 1.30292263e-09 -8.02463118e-06  1.30292263e-09  1.27274388e-04 
 1.35292263e-09  7.52284457e-06  1.35292263e-09 -1.22816756e-04 
 1.40292263e-09 -6.83162795e-06  1.40292263e-09  1.18844469e-04 
 1.45292263e-09  6.43107779e-06  1.45292263e-09 -1.15056564e-04 
 1.50292263e-09 -5.83293181e-06  1.50292263e-09  1.11636315e-04 
 1.55292263e-09  5.51731944e-06  1.55292263e-09 -1.08351805e-04 
 1.60292263e-09 -4.99690601e-06  1.60292263e-09  1.05353623e-04 
 1.65292263e-09  4.75212406e-06  1.65292263e-09 -1.02454383e-04 
 1.70292263e-09 -4.29645252e-06  1.70292263e-09  9.97819832e-05 
 1.75292263e-09  4.11063454e-06  1.75292263e-09 -9.71802341e-05 
 1.80292263e-09 -3.70882233e-06  1.80292263e-09  9.47616277e-05 
 1.85292263e-09  3.57204538e-06  1.85292263e-09 -9.23922808e-05 
 1.90292263e-09 -3.21501189e-06  1.90292263e-09  9.01738914e-05 
 1.95292263e-09  3.11900595e-06  1.95292263e-09 -8.79887816e-05 
 2.00292263e-09 -2.79921328e-06  2.00292263e-09  8.59332035e-05 
 2.05292263e-09  2.73715316e-06  2.05292263e-09 -8.38973124e-05 
 2.10292263e-09 -2.44831391e-06  2.10292263e-09  8.19693612e-05 
 2.15292263e-09  2.41441015e-06  2.15292263e-09 -8.00544185e-05 
 2.20292263e-09 -2.15128803e-06  2.20292263e-09  7.82361242e-05 
 2.25292263e-09  2.14082646e-06  2.25292263e-09 -7.64242447e-05 
 2.30292263e-09 -1.89913115e-06  2.30292263e-09  7.46990491e-05 
 2.35292263e-09  1.90820996e-06  2.35292263e-09 -7.29755514e-05 
 2.40292263e-09 -1.68438285e-06  2.40292263e-09  7.13311708e-05 
 2.45292263e-09  1.70976542e-06  2.45292263e-09 -6.96850735e-05 
 2.50292263e-09 -1.50085598e-06  2.50292263e-09  6.81123327e-05 
 2.55292263e-09  1.53985969e-06  2.55292263e-09 -6.65353622e-05 
 2.60292263e-09 -1.34342317e-06  2.60292263e-09  6.50273102e-05 
 2.65292263e-09  1.39382539e-06  2.65292263e-09 -6.35131491e-05 
 2.70292263e-09 -1.20783617e-06  2.70292263e-09  6.20644389e-05 
 2.75292263e-09  1.26779501e-06  2.75292263e-09 -6.06081838e-05 
 2.80292263e-09 -1.09057417e-06  2.80292263e-09  5.92146260e-05 
 2.85292263e-09  1.15856250e-06  2.85292263e-09 -5.78123939e-05 
 2.90292263e-09 -9.88717438e-07  2.90292263e-09  5.64706324e-05 
 2.95292263e-09  1.06346802e-06  2.95292263e-09 -5.51192763e-05 
 3.00292263e-09 -8.99842644e-07  3.00292263e-09  5.38265535e-05 
 3.05292263e-09  9.80302864e-07  3.05292263e-09 -5.25234566e-05 
 3.10292263e-09 -8.21936279e-07  3.10292263e-09  5.12774452e-05 
 3.15292263e-09  9.07230729e-07  3.15292263e-09 -5.00203724e-05 
 3.20292263e-09 -7.53323298e-07  3.20292263e-09  4.88190544e-05 
 3.25292263e-09  8.42722965e-07  3.25292263e-09 -4.76060472e-05 
 3.30292263e-09 -6.92608254e-07  3.30292263e-09  4.64476277e-05 
 3.35292263e-09  7.85505092e-07  3.35292263e-09 -4.52769288e-05 
 3.40292263e-09 -6.38626775e-07  3.40292263e-09  4.41597756e-05 
 3.45292263e-09  7.34512763e-07  3.45292263e-09 -4.30297759e-05 
 3.50292263e-09 -5.90405620e-07  3.50292263e-09  4.19523768e-05 
 3.55292263e-09  6.88855559e-07  3.55292263e-09 -4.08615785e-05 
 3.60292263e-09 -5.47129818e-07  3.60292263e-09  3.98225124e-05 
 3.65292263e-09  6.47787087e-07  3.65292263e-09 -3.87695031e-05 
 3.70292263e-09 -5.08115482e-07  3.70292263e-09  3.77674195e-05 
 3.75292263e-09  6.10680357e-07  3.75292263e-09 -3.67508548e-05 
 3.80292263e-09 -4.72785427e-07  3.80292263e-09  3.57843280e-05 
 3.85292263e-09  5.76999880e-07  3.85292263e-09 -3.48025363e-05 
 3.90292263e-09 -4.40652856e-07  3.90292263e-09  3.38710422e-05 
 3.95292263e-09  5.46317921e-07  3.95292263e-09 -3.29237937e-05 
 4.00292263e-09 -4.11324651e-07  4.00292263e-09  3.20250222e-05 
 4.05292263e-09  5.18249900e-07  4.05292263e-09 -3.11102252e-05 
 4.10292263e-09 -3.84438529e-07  4.10292263e-09  3.02435634e-05 
 4.15292263e-09  4.92470580e-07  4.15292263e-09 -2.93603355e-05 
 4.20292263e-09 -3.59700425e-07  4.20292263e-09  2.85246394e-05 
 4.25292263e-09  4.68709634e-07  4.25292263e-09 -2.76718600e-05 
 4.30292263e-09 -3.36860606e-07  4.30292263e-09  2.68660260e-05 
 4.35292263e-09  4.46735976e-07  4.35292263e-09 -2.60426072e-05 
 4.40292263e-09 -3.15705120e-07  4.40292263e-09  2.52655732e-05 
 4.45292263e-09  4.26351407e-07  4.45292263e-09 -2.44704640e-05 
 4.50292263e-09 -2.96050289e-07  4.50292263e-09  2.37212033e-05 
 4.55292263e-09  4.07385580e-07  4.55292263e-09 -2.29533876e-05 
 4.60292263e-09 -2.77738054e-07  4.60292263e-09  2.22309068e-05 
 4.65292263e-09  3.89691737e-07  4.65292263e-09 -2.14894026e-05 
 4.70292263e-09 -2.60632041e-07  4.70292263e-09  2.07927411e-05 
 4.75292263e-09  3.73143029e-07  4.75292263e-09 -2.00765995e-05 
 4.80292263e-09 -2.44614185e-07  4.80292263e-09  1.94048290e-05 
 4.85292263e-09  3.57629468e-07  4.85292263e-09 -1.87131341e-05 
 4.90292263e-09 -2.29581948e-07  4.90292263e-09  1.80653579e-05 
 4.95292263e-09  3.43055351e-07  4.95292263e-09 -1.73972258e-05 
 5.00292263e-09 -2.15445918e-07  5.00292263e-09  1.67725786e-05 
 5.05292263e-09  3.29337088e-07  5.05292263e-09 -1.61271569e-05 
 5.10292263e-09 -2.02127900e-07  5.10292263e-09  1.55248041e-05 
 5.15292263e-09  3.16401439e-07  5.15292263e-09 -1.49012709e-05 
 5.20292263e-09 -1.89559241e-07  5.20292263e-09  1.43204080e-05 
 5.25292263e-09  3.04183993e-07  5.25292263e-09 -1.37179719e-05 
 5.30292263e-09 -1.77679455e-07  5.30292263e-09  1.31578235e-05 
 5.35292263e-09  2.92627882e-07  5.35292263e-09 -1.25757222e-05 
 5.40292263e-09 -1.66435032e-07  5.40292263e-09  1.20355418e-05 
 5.45292263e-09  2.81682723e-07  5.45292263e-09 -1.14730414e-05 
 5.50292263e-09 -1.55778491e-07  5.50292263e-09  1.09521102e-05 
 5.55292263e-09  2.71303699e-07  5.55292263e-09 -1.04085045e-05 
 5.60292263e-09 -1.45667497e-07  5.60292263e-09  9.90613076e-06 
 5.65292263e-09  2.61450797e-07  5.65292263e-09 -9.38074042e-06 
 5.70292263e-09 -1.36064205e-07  5.70292263e-09  8.89625850e-06 
 5.75292263e-09  2.52088191e-07  5.75292263e-09 -8.38843004e-06 
 5.80292263e-09 -1.26934660e-07  5.80292263e-09  7.92119967e-06 
 5.85292263e-09  2.43183640e-07  5.85292263e-09 -7.43030463e-06 
 5.90292263e-09 -1.18248248e-07  5.90292263e-09  6.97970999e-06 
 5.95292263e-09  2.34708074e-07  5.95292263e-09 -6.50514414e-06 
 6.00292263e-09 -1.09977313e-07  6.00292263e-09  6.07059305e-06 
 6.05292263e-09  2.26635147e-07  6.05292263e-09 -5.61177537e-06 
 6.10292263e-09 -1.02096766e-07  6.10292263e-09  5.19269838e-06 
 6.15292263e-09  2.18940937e-07  6.15292263e-09 -4.74907030e-06 
 6.20292263e-09 -9.45837566e-08  6.20292263e-09  4.34491991e-06 
 6.25292263e-09  2.11603613e-07  6.25292263e-09 -3.91594448e-06 
 6.30292263e-09 -8.74174359e-08  6.30292263e-09  3.52619427e-06 
 6.35292263e-09  2.04603221e-07  6.35292263e-09 -3.11135526e-06 
 6.40292263e-09 -8.05786661e-08  6.40292263e-09  2.73549912e-06 
 6.45292263e-09  1.97921418e-07  6.45292263e-09 -2.33430023e-06 
 6.50292263e-09 -7.40498758e-08  6.50292263e-09  1.97185151e-06 
 6.55292263e-09  1.91541345e-07  6.55292263e-09 -1.58381563e-06 
 6.60292263e-09 -6.78148760e-08  6.60292263e-09  1.23430646e-06 
 6.65292263e-09  1.85447440e-07  6.65292263e-09 -8.58974874e-07 
 6.70292263e-09 -6.18586758e-08  6.70292263e-09  5.21955333e-07 
 6.75292263e-09  1.79625255e-07  6.75292263e-09 -1.58886971e-07 
 6.80292263e-09 -5.61673864e-08  6.80292263e-09 -1.66075564e-07 
 6.85292263e-09  1.74061422e-07  6.85292263e-09  5.17304840e-07 
 6.90292263e-09 -5.07280882e-08  6.90292263e-09 -8.30626424e-07 
 6.95292263e-09  1.68743464e-07  6.95292263e-09  1.17042448e-06 
 7.00292263e-09 -4.55287458e-08  7.00292263e-09 -1.47250530e-06 
 7.05292263e-09  1.63659740e-07  7.05292263e-09  1.80126442e-06 
 7.10292263e-09 -4.05580962e-08  7.10292263e-09 -2.09248937e-06 
 7.15292263e-09  1.58799362e-07  7.15292263e-09  2.41058689e-06 
 7.20292263e-09 -3.58056106e-08  7.20292263e-09 -2.69132627e-06 
 7.25292263e-09  1.54152143e-07  7.25292263e-09  2.99912519e-06 
 7.30292263e-09 -3.12614129e-08  7.30292263e-09 -3.26973526e-06 
 7.35292263e-09  1.49708486e-07  7.35292263e-09  3.56758484e-06 
 7.40292263e-09 -2.69161841e-08  7.40292263e-09 -3.82840838e-06 
 7.45292263e-09  1.45459359e-07  7.45292263e-09  4.11664466e-06 
 7.50292263e-09 -2.27611690e-08  7.50292263e-09 -4.36801160e-06 
 7.55292263e-09  1.41396252e-07  7.55292263e-09  4.64695804e-06 
 7.60292263e-09 -1.87880918e-08  7.60292263e-09 -4.88918590e-06 
 7.65292263e-09  1.37511113e-07  7.65292263e-09  5.15915381e-06 
 7.70292263e-09 -1.49891071e-08  7.70292263e-09 -5.39254827e-06 
 7.75292263e-09  1.33796329e-07  7.75292263e-09  5.65383734e-06 
 7.80292263e-09 -1.13568397e-08  7.80292263e-09 -5.87869267e-06 
 7.85292263e-09  1.30244700e-07  7.85292263e-09  6.13159147e-06 
 7.90292263e-09 -7.88424279e-09  7.90292263e-09 -6.34819106e-06 
 7.95292263e-09  1.26849362e-07  7.95292263e-09  6.59297745e-06 
 8.00292263e-09 -4.56464195e-09  8.00292263e-09 -6.80159422e-06 
 8.05292263e-09  1.23603815e-07  8.05292263e-09  7.03853582e-06 
 8.10292263e-09 -1.39169570e-09  8.10292263e-09 -7.23943266e-06 
 8.15292263e-09  1.20501858e-07  8.15292263e-09  7.46878728e-06 
 8.20292263e-09  1.64065814e-09  8.20292263e-09 -7.66221744e-06 
 8.25292263e-09  1.17537584e-07  8.25292263e-09  7.88423343e-06 
 8.30292263e-09  4.53816695e-09  8.30292263e-09 -8.07044092e-06 
 8.35292263e-09  1.14705372e-07  8.35292263e-09  8.28535761e-06 
 8.40292263e-09  7.30633202e-09  8.40292263e-09 -8.46457758e-06 
 8.45292263e-09  1.11999862e-07  8.45292263e-09  8.67262563e-06 
 8.50292263e-09  9.95040713e-09  8.50292263e-09 -8.84508474e-06 
 8.55292263e-09  1.09415894e-07  8.55292263e-09  9.04648647e-06 
 8.60292263e-09  1.24754026e-08  8.60292263e-09 -9.21240321e-06 
 8.65292263e-09  1.06948596e-07  8.65292263e-09  9.40737293e-06 
 8.70292263e-09  1.48861153e-08  8.70292263e-09 -9.56695796e-06 
 8.75292263e-09  1.04593253e-07  8.75292263e-09  9.75570235e-06 
 8.80292263e-09  1.71871434e-08  8.80292263e-09 -9.90915880e-06 
 8.85292263e-09  1.02345365e-07  8.85292263e-09  1.00918772e-05 
 8.90292263e-09  1.93828962e-08  8.90292263e-09 -1.02394010e-05 
 8.95292263e-09  1.00200639e-07  8.95292263e-09  1.04162855e-05 
 9.00292263e-09  2.14775700e-08  9.00292263e-09 -1.05580657e-05 
 9.05292263e-09  9.81549445e-08  9.05292263e-09  1.07293018e-05 
 9.10292263e-09  2.34752178e-08  9.10292263e-09 -1.08655206e-05 
 9.15292263e-09  9.62043157e-08  9.15292263e-09  1.10312874e-05 
 9.20292263e-09  2.53797207e-08  9.20292263e-09 -1.11621208e-05 
 9.25292263e-09  9.43449535e-08  9.25292263e-09  1.13225908e-05 
 9.30292263e-09  2.71947917e-08  9.30292263e-09 -1.14482086e-05 
 9.35292263e-09  9.25732314e-08  9.35292263e-09  1.16035484e-05 
 9.40292263e-09  2.89240033e-08  9.40292263e-09 -1.17241146e-05 
 9.45292263e-09  9.08856213e-08  9.45292263e-09  1.18744851e-05 
 9.50292263e-09  3.05707934e-08  9.50292263e-09 -1.19901578e-05 
 9.55292263e-09  8.92787704e-08  9.55292263e-09  1.21357144e-05 
 9.60292263e-09  3.21384719e-08  9.60292263e-09 -1.22466464e-05 
 9.65292263e-09  8.77494328e-08  9.65292263e-09  1.23875390e-05 
 9.70292263e-09  3.36301951e-08  9.70292263e-09 -1.24938778e-05 
 9.75292263e-09  8.62945150e-08  9.75292263e-09  1.26302513e-05 
 9.80292263e-09  3.50490213e-08  9.80292263e-09 -1.27321395e-05 
 9.85292263e-09  8.49110111e-08  9.85292263e-09  1.28641337e-05 
 9.90292263e-09  3.63978690e-08  9.90292263e-09 -1.29617088e-05 
 9.95292263e-09  8.35960672e-08  9.95292263e-09  1.30894590e-05 
 1.00000000e-08  3.77183214e-08  1.00000000e-08 -1.31895866e-05 
 1.00050000e-08 -8.89165046e-06  1.00050000e-08 -7.76513259e-05 
 1.00150000e-08  1.10086830e-05  1.00150000e-08  2.83800513e-05 
 1.00350000e-08 -2.18303172e-06  1.00350000e-08  2.64408650e-05 
 1.00750000e-08 -1.87684905e-06  1.00750000e-08 -3.59246625e-06 
 1.01250000e-08  1.81553952e-05  1.01250000e-08  1.19610239e-04 
 1.01625000e-08  8.87300990e-08  1.01625000e-08  1.30030235e-04 
 1.02000000e-08 -2.71086099e-04  1.02000000e-08 -3.21408570e-04 
 1.02050000e-08 -1.27800038e-04  1.02050000e-08 -5.12913405e-04 
 1.02150000e-08  5.94665813e-04  1.02150000e-08 -1.25162941e-03 
 1.02350000e-08  1.13219687e-06  1.02350000e-08 -1.27502176e-03 
 1.02646228e-08 -2.66143539e-04  1.02646228e-08  1.22152509e-03 
 1.02991602e-08  2.80798556e-04  1.02991602e-08  1.27186169e-03 
 1.03448316e-08 -2.46348477e-04  1.03448316e-08 -1.13004281e-03 
 1.03948316e-08  2.10735873e-04  1.03948316e-08  4.84514274e-04 
 1.04448316e-08 -1.74703045e-04  1.04448316e-08 -2.55910179e-04 
 1.04948316e-08  1.42664199e-04  1.04948316e-08  8.50416201e-05 
 1.05448316e-08 -1.14055266e-04  1.05448316e-08  2.70528731e-06 
 1.05948316e-08  9.02380038e-05  1.05948316e-08 -6.07077987e-05 
 1.06448316e-08 -6.99135848e-05  1.06448316e-08  9.89135096e-05 
 1.06948316e-08  5.35460618e-05  1.06948316e-08 -1.23707825e-04 
 1.07448316e-08 -3.98621395e-05  1.07448316e-08  1.42823758e-04 
 1.07948316e-08  2.91172213e-05  1.07948316e-08 -1.55291932e-04 
 1.08448316e-08 -2.02150968e-05  1.08448316e-08  1.65566007e-04 
 1.08948316e-08  1.34146093e-05  1.08948316e-08 -1.72154032e-04 
 1.09448316e-08 -7.78917713e-06  1.09448316e-08  1.77627503e-04 
 1.09948316e-08  3.65297103e-06  1.09948316e-08 -1.80870548e-04 
 1.10448316e-08 -2.09792904e-07  1.10448316e-08  1.83463105e-04 
 1.10948316e-08 -2.16991804e-06  1.10948316e-08 -1.84626841e-04 
 1.11448316e-08  4.18917881e-06  1.11448316e-08  1.85400966e-04 
 1.11948316e-08 -5.43341850e-06  1.11948316e-08 -1.85227378e-04 
 1.12448316e-08  6.54088939e-06  1.12448316e-08  1.84831217e-04 
 1.12948316e-08 -7.06579159e-06  1.12948316e-08 -1.83792704e-04 
 1.13448316e-08  7.60224224e-06  1.13448316e-08  1.82658902e-04 
 1.13948316e-08 -7.68210957e-06  1.13948316e-08 -1.81053165e-04 
 1.14448316e-08  7.86991253e-06  1.14448316e-08  1.79434209e-04 
 1.14948316e-08 -7.68453646e-06  1.14948316e-08 -1.77463845e-04 
 1.15448316e-08  7.66938785e-06  1.15448316e-08  1.75559965e-04 
 1.15948316e-08 -7.33487726e-06  1.15948316e-08 -1.73399819e-04 
 1.16448316e-08  7.20907791e-06  1.16448316e-08  1.71323377e-04 
 1.16948316e-08 -6.79833176e-06  1.16948316e-08 -1.69052812e-04 
 1.17448316e-08  6.61998367e-06  1.17448316e-08  1.66881614e-04 
 1.17948316e-08 -6.17829528e-06  1.17948316e-08 -1.64561877e-04 
 1.18448316e-08  5.98304978e-06  1.18448316e-08  1.62349509e-04 
 1.18948316e-08 -5.53769618e-06  1.18948316e-08 -1.60020702e-04 
 1.19448316e-08  5.34663147e-06  1.19448316e-08  1.57801911e-04 
 1.19948316e-08 -4.91326734e-06  1.19948316e-08 -1.55489395e-04 
 1.20448316e-08  4.73811367e-06  1.20448316e-08  1.53286184e-04 
 1.20948316e-08 -4.32500294e-06  1.20948316e-08 -1.51005465e-04 
 1.21448316e-08  4.17159475e-06  1.21448316e-08  1.48831335e-04 
 1.21948316e-08 -3.78239555e-06  1.21948316e-08 -1.46591402e-04 
 1.22448316e-08  3.65293571e-06  1.22448316e-08  1.44454243e-04 
 1.22948316e-08 -3.28851817e-06  1.22948316e-08 -1.42259843e-04 
 1.23448316e-08  3.18304947e-06  1.23448316e-08  1.40163892e-04 
 1.23948316e-08 -2.84266992e-06  1.23948316e-08 -1.38017068e-04 
 1.24448316e-08  2.76002005e-06  1.24448316e-08  1.35964242e-04 
 1.24948316e-08 -2.44206904e-06  1.24948316e-08 -1.33865376e-04 
 1.25448316e-08  2.38044785e-06  1.25448316e-08  1.31856158e-04 
 1.25948316e-08 -2.08291767e-06  1.25948316e-08 -1.29804654e-04 
 1.26448316e-08  2.04028636e-06  1.26448316e-08  1.27838693e-04 
 1.26948316e-08 -1.76105531e-06  1.26948316e-08 -1.25833434e-04 
 1.27448316e-08  1.73534719e-06  1.27448316e-08  1.23909922e-04 
 1.27948316e-08 -1.47234536e-06  1.27948316e-08 -1.21949554e-04 
 1.28448316e-08  1.46159113e-06  1.28448316e-08  1.20067479e-04 
 1.28948316e-08 -1.21289036e-06  1.28948316e-08 -1.18150591e-04 
 1.29448316e-08  1.21528277e-06  1.29448316e-08  1.16308884e-04 
 1.29948316e-08 -9.79139157e-07  1.29948316e-08 -1.14434112e-04 
 1.30448316e-08  9.93060181e-07  1.30448316e-08  1.12631736e-04 
 1.30948316e-08 -7.67927534e-07  1.30948316e-08 -1.10797818e-04 
 1.31448316e-08  7.91952899e-07  1.31448316e-08  1.09033813e-04 
 1.31948316e-08 -5.76479154e-07  1.31948316e-08 -1.07239611e-04 
 1.32448316e-08  6.09369939e-07  1.32448316e-08  1.05513116e-04 
 1.32948316e-08 -4.02384233e-07  1.32948316e-08 -1.03757622e-04 
 1.33448316e-08  4.43071689e-07  1.33448316e-08  1.02067876e-04 
 1.33948316e-08 -2.43566844e-07  1.33948316e-08 -1.00350207e-04 
 1.34448316e-08  2.91134237e-07  1.34448316e-08  9.86965414e-05 
 1.34948316e-08 -9.82477516e-08  1.34948316e-08 -9.70159232e-05 
 1.35448316e-08  1.51911602e-07  1.35448316e-08  9.53977537e-05 
 1.35948316e-08  3.50932132e-08  1.35948316e-08 -9.37535053e-05 
 1.36448316e-08  2.39988132e-08  1.36448316e-08  9.21703158e-05 
 1.36948316e-08  1.57752865e-07  1.36948316e-08 -9.05618337e-05 
 1.37448316e-08 -9.38024323e-08  1.37448316e-08  8.90131629e-05 
 1.37948316e-08  2.70837362e-07  1.37948316e-08 -8.74399047e-05 
 1.38448316e-08 -2.02514641e-07  1.38448316e-08  8.59253326e-05 
 1.38948316e-08  3.75291231e-07  1.38948316e-08 -8.43868026e-05 
 1.39448316e-08 -3.03011783e-07  1.39448316e-08  8.29059387e-05 
 1.39948316e-08  4.71922755e-07  1.39948316e-08 -8.14016752e-05 
 1.40448316e-08 -3.96042852e-07  1.40448316e-08  7.99541480e-05 
 1.40948316e-08  5.61425828e-07  1.40948316e-08 -7.84837127e-05 
 1.41448316e-08 -4.82252146e-07  1.41448316e-08  7.70691611e-05 
 1.41948316e-08  6.44398673e-07  1.41948316e-08 -7.56321301e-05 
 1.42448316e-08 -5.62196445e-07  1.42448316e-08  7.42501965e-05 
 1.42948316e-08  7.21359546e-07  1.42948316e-08 -7.28461529e-05 
 1.43448316e-08 -6.36359422e-07  1.43448316e-08  7.14964774e-05 
 1.43948316e-08  7.92760007e-07  1.43948316e-08 -7.01250062e-05 
 1.44448316e-08 -7.05163848e-07  1.44448316e-08  6.88072227e-05 
 1.44948316e-08  8.58996008e-07  1.44948316e-08 -6.74679060e-05 
 1.45448316e-08 -7.68981639e-07  1.45448316e-08  6.61816390e-05 
 1.45948316e-08  9.20417061e-07  1.45948316e-08 -6.48740533e-05 
 1.46448316e-08 -8.28142248e-07  1.46448316e-08  6.36189157e-05 
 1.46948316e-08  9.77333894e-07  1.46948316e-08 -6.23426294e-05 
 1.47448316e-08 -8.82939624e-07  1.47448316e-08  6.11182217e-05 
 1.47948316e-08  1.03002475e-06  1.47948316e-08 -5.98727940e-05 
 1.48448316e-08 -9.33637958e-07  1.48448316e-08  5.86787034e-05 
 1.48948316e-08  1.07874059e-06  1.48948316e-08 -5.74636835e-05 
 1.49448316e-08 -9.80476343e-07  1.49448316e-08  5.62994836e-05 
 1.49948316e-08  1.12370933e-06  1.49948316e-08 -5.51144108e-05 
 1.50448316e-08 -1.02367270e-06  1.50448316e-08  5.39796626e-05 
 1.50948316e-08  1.16513944e-06  1.50948316e-08 -5.28240659e-05 
 1.51448316e-08 -1.06342697e-06  1.51448316e-08  5.17183181e-05 
 1.51948316e-08  1.20322275e-06  1.51948316e-08 -5.05917174e-05 
 1.52448316e-08 -1.09992370e-06  1.52448316e-08  4.95145073e-05 
 1.52948316e-08  1.23813683e-06  1.52948316e-08 -4.84164138e-05 
 1.53448316e-08 -1.13333417e-06  1.53448316e-08  4.73672685e-05 
 1.53948316e-08  1.27004695e-06  1.53948316e-08 -4.62971857e-05 
 1.54448316e-08 -1.16381821e-06  1.54448316e-08  4.52756232e-05 
 1.54948316e-08  1.29910768e-06  1.54948316e-08 -4.42330480e-05 
 1.55448316e-08 -1.19152562e-06  1.55448316e-08  4.32385784e-05 
 1.55948316e-08  1.32546418e-06  1.55948316e-08 -4.22230021e-05 
 1.56448316e-08 -1.21659736e-06  1.56448316e-08  4.12551293e-05 
 1.56948316e-08  1.34925331e-06  1.56948316e-08 -4.02660386e-05 
 1.57448316e-08 -1.23916648e-06  1.57448316e-08  3.93242608e-05 
 1.57948316e-08  1.37060443e-06  1.57948316e-08 -3.83611394e-05 
 1.58448316e-08 -1.25935903e-06  1.58448316e-08  3.74449511e-05 
 1.58948316e-08  1.38964029e-06  1.58948316e-08 -3.65072802e-05 
 1.59448316e-08 -1.27729466e-06  1.59448316e-08  3.56161730e-05 
 1.59948316e-08  1.40647749e-06  1.59948316e-08 -3.47034328e-05 
 1.60448316e-08 -1.29308718e-06  1.60448316e-08  3.38368965e-05 
 1.60948316e-08  1.42122710e-06  1.60948316e-08 -3.29485670e-05 
 1.61448316e-08 -1.30684510e-06  1.61448316e-08  3.21060910e-05 
 1.61948316e-08  1.43399503e-06  1.61948316e-08 -3.12416530e-05 
 1.62448316e-08 -1.31867193e-06  1.62448316e-08  3.04227271e-05 
 1.62948316e-08  1.44488244e-06  1.62948316e-08 -2.95816631e-05 
 1.63448316e-08 -1.32866662e-06  1.63448316e-08  2.87857785e-05 
 1.63948316e-08  1.45398602e-06  1.63948316e-08 -2.79675737e-05 
 1.64448316e-08 -1.33692373e-06  1.64448316e-08  2.71942238e-05 
 1.64948316e-08  1.46139828e-06  1.64948316e-08 -2.63983667e-05 
 1.65448316e-08 -1.34353384e-06  1.65448316e-08  2.56470480e-05 
 1.65948316e-08  1.46720778e-06  1.65948316e-08 -2.48730311e-05 
 1.66448316e-08 -1.34858360e-06  1.66448316e-08  2.41432439e-05 
 1.66948316e-08  1.47149931e-06  1.66948316e-08 -2.33905644e-05 
 1.67448316e-08 -1.35215605e-06  1.67448316e-08  2.26818135e-05 
 1.67948316e-08  1.47435413e-06  1.67948316e-08 -2.19499739e-05 
 1.68448316e-08 -1.35433076e-06  1.68448316e-08  2.12617693e-05 
 1.68948316e-08  1.47585011e-06  1.68948316e-08 -2.05502778e-05 
 1.69448316e-08 -1.35518396e-06  1.69448316e-08  1.98821349e-05 
 1.69948316e-08  1.47606185e-06  1.69948316e-08 -1.91905061e-05 
 1.70448316e-08 -1.35478872e-06  1.70448316e-08  1.85419464e-05 
 1.70948316e-08  1.47506086e-06  1.70948316e-08 -1.78697015e-05 
 1.71448316e-08 -1.35321507e-06  1.71448316e-08  1.72402531e-05 
 1.71948316e-08  1.47291567e-06  1.71948316e-08 -1.65869203e-05 
 1.72448316e-08 -1.35053008e-06  1.72448316e-08  1.59761182e-05 
 1.72948316e-08  1.46969194e-06  1.72948316e-08 -1.53412329e-05 
 1.73448316e-08 -1.34679807e-06  1.73448316e-08  1.47486192e-05 
 1.73948316e-08  1.46545260e-06  1.73948316e-08 -1.41317247e-05 
 1.74448316e-08 -1.34208062e-06  1.74448316e-08  1.35568489e-05 
 1.74948316e-08  1.46025791e-06  1.74948316e-08 -1.29574961e-05 
 1.75448316e-08 -1.33643675e-06  1.75448316e-08  1.23999155e-05 
 1.75948316e-08  1.45416560e-06  1.75948316e-08 -1.18176634e-05 
 1.76448316e-08 -1.32992295e-06  1.76448316e-08  1.12769431e-05 
 1.76948316e-08  1.44723095e-06  1.76948316e-08 -1.07113588e-05 
 1.77448316e-08 -1.32259333e-06  1.77448316e-08  1.01870718e-05 
 1.77948316e-08  1.43950689e-06  1.77948316e-08 -9.63773075e-06 
 1.78448316e-08 -1.31449966e-06  1.78448316e-08  9.12945840e-06 
 1.78948316e-08  1.43104405e-06  1.78948316e-08 -8.59594434e-06 
 1.79448316e-08 -1.30569151e-06  1.79448316e-08  8.10327613e-06 
 1.79948316e-08  1.42189091e-06  1.79948316e-08 -7.58518122e-06 
 1.80448316e-08 -1.29621629e-06  1.80448316e-08  7.10771492e-06 
 1.80948316e-08  1.41209379e-06  1.80948316e-08 -6.60463980e-06 
 1.81448316e-08 -1.28611930e-06  1.81448316e-08  6.14198155e-06 
 1.81948316e-08  1.40169704e-06  1.81948316e-08 -5.65353531e-06 
 1.82448316e-08 -1.27544391e-06  1.82448316e-08  5.20529957e-06 
 1.82948316e-08  1.39074300e-06  1.82948316e-08 -4.73109979e-06 
 1.83448316e-08 -1.26423154e-06  1.83448316e-08  4.29690933e-06 
 1.83948316e-08  1.37927217e-06  1.83948316e-08 -3.83658199e-06 
 1.84448316e-08 -1.25252175e-06  1.84448316e-08  3.41606797e-06 
 1.84948316e-08  1.36732320e-06  1.84948316e-08 -2.96924746e-06 
 1.85448316e-08 -1.24035234e-06  1.85448316e-08  2.56204922e-06 
 1.85948316e-08  1.35493302e-06  1.85948316e-08 -2.12837829e-06 
 1.86448316e-08 -1.22775940e-06  1.86448316e-08  1.73414346e-06 
 1.86948316e-08  1.34213688e-06  1.86948316e-08 -1.31327309e-06 
 1.87448316e-08 -1.21477735e-06  1.87448316e-08  9.31657458e-07 
 1.87948316e-08  1.32896840e-06  1.87948316e-08 -5.23246820e-07 
 1.88448316e-08 -1.20143903e-06  1.88448316e-08  1.53914185e-07 
 1.88948316e-08  1.31545963e-06  1.88948316e-08  2.42369430e-07 
 1.89448316e-08 -1.18777577e-06  1.89448316e-08 -5.99747241e-07 
 1.89948316e-08  1.30164115e-06  1.89948316e-08  9.84228570e-07 
 1.90448316e-08 -1.17381740e-06  1.90448316e-08 -1.32997185e-06 
 1.90948316e-08  1.28754210e-06  1.90948316e-08  1.70296775e-06 
 1.91448316e-08 -1.15959238e-06  1.91448316e-08 -2.03738902e-06 
 1.91948316e-08  1.27319023e-06  1.91948316e-08  2.39920855e-06 
 1.92448316e-08 -1.14512778e-06  1.92448316e-08 -2.72261268e-06 
 1.92948316e-08  1.25861193e-06  1.92948316e-08  3.07355730e-06 
 1.93448316e-08 -1.13044937e-06  1.93448316e-08 -3.38624161e-06 
 1.93948316e-08  1.24383235e-06  1.93948316e-08  3.72660520e-06 
 1.94448316e-08 -1.11558167e-06  1.94448316e-08 -4.02885956e-06 
 1.94948316e-08  1.22887540e-06  1.94948316e-08  4.35892865e-06 
 1.95448316e-08 -1.10054798e-06  1.95448316e-08 -4.65103570e-06 
 1.95948316e-08  1.21376379e-06  1.95948316e-08  4.97108955e-06 
 1.96448316e-08 -1.08537049e-06  1.96448316e-08 -5.25332471e-06 
 1.96948316e-08  1.19851913e-06  1.96948316e-08  5.56363546e-06 
 1.97448316e-08 -1.07007021e-06  1.97448316e-08 -5.83626718e-06 
 1.97948316e-08  1.18316190e-06  1.97948316e-08  6.13709998e-06 
 1.98448316e-08 -1.05466713e-06  1.98448316e-08 -6.40038979e-06 
 1.98948316e-08  1.16771157e-06  1.98948316e-08  6.69200295e-06 
 1.99448316e-08 -1.03918019e-06  1.99448316e-08 -6.94620562e-06 
 1.99724158e-08  1.14586231e-06  1.99724158e-08  7.44205295e-06 
 2.00000000e-08 -1.01095011e-06  2.00000000e-08 -7.89082250e-06 
 2.00050000e-08  1.65171708e-05  2.00050000e-08  1.87304381e-04 
 2.00150000e-08 -9.40672774e-06  2.00150000e-08 -4.35422620e-06 
 2.00350000e-08 -7.23890869e-06  2.00350000e-08 -6.78933221e-05 
 2.00750000e-08  8.72971559e-06  2.00750000e-08 -6.15546244e-05 
 2.01250000e-08 -4.33385659e-05  2.01250000e-08 -1.53775007e-04 
 2.01625000e-08 -5.98306959e-05  2.01625000e-08 -3.24121714e-04 
 2.02000000e-08  5.87832358e-04  2.02000000e-08  4.49611657e-04 
 2.02050000e-08  5.54589350e-06  2.02050000e-08  5.80388564e-04 
 2.02150000e-08 -6.50280911e-04  2.02150000e-08  2.04962770e-03 
 2.02350000e-08  5.16692549e-05  2.02350000e-08  2.02921608e-03 
 2.02639294e-08  9.07009764e-05  2.02639294e-08 -2.33585993e-03 
 2.02956545e-08 -8.43212252e-05  2.02956545e-08 -3.76585852e-04 
 2.03456545e-08  7.58606987e-05  2.03456545e-08  2.01586478e-04 
 2.03956545e-08 -6.74875527e-05  2.03956545e-08  8.27804102e-05 
 2.04456545e-08  6.02217442e-05  2.04456545e-08 -5.21240641e-05 
 2.04956545e-08 -5.36454491e-05  2.04956545e-08  6.25132122e-05 
 2.05456545e-08  4.81499360e-05  2.05456545e-08 -4.67483015e-05 
 2.05956545e-08 -4.31580735e-05  2.05956545e-08  3.77918154e-05 
 2.06456545e-08  3.90074862e-05  2.06456545e-08 -2.86187606e-05 
 2.06956545e-08 -3.51344943e-05  2.06956545e-08  2.19616897e-05 
 2.07456545e-08  3.19261286e-05  2.07456545e-08 -1.67147731e-05 
 2.07956545e-08 -2.88455121e-05  2.07956545e-08  1.28832704e-05 
 2.08456545e-08  2.63160389e-05  2.08456545e-08 -1.00598864e-05 
 2.08956545e-08 -2.38196637e-05  2.08956545e-08  8.10627739e-06 
 2.09456545e-08  2.18008545e-05  2.09456545e-08 -6.77181212e-06 
 2.09956545e-08 -1.97525508e-05  2.09956545e-08  5.97699244e-06 
 2.10456545e-08  1.81311762e-05  2.10456545e-08 -5.54194064e-06 
 2.10956545e-08 -1.64361108e-05  2.10956545e-08  5.43758772e-06 
 2.11456545e-08  1.51309245e-05  2.11456545e-08 -5.52597255e-06 
 2.11956545e-08 -1.37190708e-05  2.11956545e-08  5.81132767e-06 
 2.12456545e-08  1.26687291e-05  2.12456545e-08 -6.18247037e-06 
 2.12956545e-08 -1.14861746e-05  2.12956545e-08  6.66537833e-06 
 2.13456545e-08  1.06427809e-05  2.13456545e-08 -7.16643749e-06 
 2.13956545e-08 -9.64692828e-06  2.13956545e-08  7.72595959e-06 
 2.14456545e-08  8.97232723e-06  2.14456545e-08 -8.26195432e-06 
 2.14956545e-08 -8.12900580e-06  2.14956545e-08  8.82421170e-06 
 2.15456545e-08  7.59244941e-06  2.15456545e-08 -9.33840907e-06 
 2.15956545e-08 -6.87401075e-06  2.15956545e-08  9.86056932e-06 
 2.16456545e-08  6.45055614e-06  2.16456545e-08 -1.03213666e-05 
 2.16956545e-08 -5.83451803e-06  2.16956545e-08  1.07808660e-05 
 2.17456545e-08  5.50385362e-06  2.17456545e-08 -1.11729291e-05 
 2.17956545e-08 -4.97188125e-06  2.17956545e-08  1.15601825e-05 
 2.18456545e-08  4.71742862e-06  2.18456545e-08 -1.18784540e-05 
 2.18956545e-08 -4.25454278e-06  2.18956545e-08  1.21919360e-05 
 2.19456545e-08  4.06275070e-06  2.19456545e-08 -1.24376067e-05 
 2.19956545e-08 -3.65669934e-06  2.19956545e-08  1.26805618e-05 
 2.20456545e-08  3.51647993e-06  2.20456545e-08 -1.28583930e-05 
 2.20956545e-08 -3.15723322e-06  2.20956545e-08  1.30366653e-05 
 2.21456545e-08  3.05950730e-06  2.21456545e-08 -1.31532388e-05 
 2.21956545e-08 -2.73884913e-06  2.21956545e-08  1.32738696e-05 
 2.22456545e-08  2.67617752e-06  2.22456545e-08 -1.33364712e-05 
 2.22956545e-08 -2.38737346e-06  2.22956545e-08  1.34068190e-05 
 2.23456545e-08  2.35365708e-06  2.23456545e-08 -1.34227515e-05 
 2.23956545e-08 -2.09118384e-06  2.23956545e-08  1.34499625e-05 
 2.24456545e-08  2.08141914e-06  2.24456545e-08 -1.34261455e-05 
 2.24956545e-08 -1.84074388e-06  2.24956545e-08  1.34168579e-05 
 2.25456545e-08  1.85082333e-06  2.25456545e-08 -1.33596156e-05 
 2.25956545e-08 -1.62822346e-06  2.25956545e-08  1.33198152e-05 
 2.26456545e-08  1.65477255e-06  2.26456545e-08 -1.32347855e-05 
 2.26956545e-08 -1.44718849e-06  2.26956545e-08  1.31697569e-05 
 2.27456545e-08  1.48743262e-06  2.27456545e-08 -1.30618760e-05 
 2.27956545e-08 -1.29234753e-06  2.27956545e-08  1.29762123e-05 
 2.28456545e-08  1.34400324e-06  2.28456545e-08 -1.28497432e-05 
 2.28956545e-08 -1.15934469e-06  2.28956545e-08  1.27473890e-05 
 2.29456545e-08  1.22053073e-06  2.29456545e-08 -1.26059746e-05 
 2.29956545e-08 -1.04459041e-06  2.29956545e-08  1.24902861e-05 
 2.30456545e-08  1.11375518e-06  2.30456545e-08 -1.23370137e-05 
 2.30956545e-08 -9.45123159e-07  2.30956545e-08  1.22108248e-05 
 2.31456545e-08  1.02098526e-06  2.31456545e-08 -1.20482928e-05 
 2.31956545e-08 -8.58496378e-07  2.31956545e-08  1.19139823e-05 
 2.32456545e-08  9.39996129e-07  2.32456545e-08 -1.17443661e-05 
 2.32956545e-08 -7.82686074e-07  2.32956545e-08  1.16039202e-05 
 2.33456545e-08  8.68945760e-07  2.33456545e-08 -1.14290324e-05 
 2.33956545e-08 -7.16015198e-07  2.33956545e-08  1.12841030e-05 
 2.34456545e-08  8.06306665e-07  2.34456545e-08 -1.11054481e-05 
 2.34956545e-08 -6.57091857e-07  2.34956545e-08  1.09574039e-05 
 2.35456545e-08  7.50809951e-07  2.35456545e-08 -1.07762263e-05 
 2.35956545e-08 -6.04758761e-07  2.35956545e-08  1.06261977e-05 
 2.36456545e-08  7.01399556e-07  2.36456545e-08 -1.04435236e-05 
 2.36956545e-08 -5.58051729e-07  2.36956545e-08  1.02924413e-05 
 2.37456545e-08  6.57194749e-07  2.37456545e-08 -1.01091145e-05 
 2.37956545e-08 -5.16165860e-07  2.37956545e-08  9.95774274e-06 
 2.38456545e-08  6.17459500e-07  2.38456545e-08 -9.77445515e-06 
 2.38956545e-08 -4.78427694e-07  2.38956545e-08  9.62341964e-06 
 2.39456545e-08  5.81577235e-07  2.39456545e-08 -9.44073675e-06 
 2.39956545e-08 -4.44272412e-07  2.39956545e-08  9.29054817e-06 
 2.40456545e-08  5.49030222e-07  2.40456545e-08 -9.10893071e-06 
 2.40956545e-08 -4.13225137e-07  2.40956545e-08  8.96000433e-06 
 2.41456545e-08  5.19382587e-07  2.41456545e-08 -8.77982622e-06 
 2.41956545e-08 -3.84885535e-07  2.41956545e-08  8.63249835e-06 
 2.42456545e-08  4.92266399e-07  2.42456545e-08 -8.45406168e-06 
 2.42956545e-08 -3.58915205e-07  2.42956545e-08  8.30860327e-06 
 2.43456545e-08  4.67370169e-07  2.43456545e-08 -8.13215062e-06 
 2.43956545e-08 -3.35027238e-07  2.43956545e-08  7.98877852e-06 
 2.44456545e-08  4.44429439e-07  2.44456545e-08 -7.81450326e-06 
 2.44956545e-08 -3.12977665e-07  2.44956545e-08  7.67338955e-06 
 2.45456545e-08  4.23218967e-07  2.45456545e-08 -7.50144433e-06 
 2.45956545e-08 -2.92558393e-07  2.45956545e-08  7.36272403e-06 
 2.46456545e-08  4.03546326e-07  2.46456545e-08 -7.19322777e-06 
 2.46956545e-08 -2.73591308e-07  2.46956545e-08  7.05700519e-06 
 2.47456545e-08  3.85246525e-07  2.47456545e-08 -6.89004879e-06 
 2.47956545e-08 -2.55923467e-07  2.47956545e-08  6.75640276e-06 
 2.48456545e-08  3.68177654e-07  2.48456545e-08 -6.59205401e-06 
 2.48956545e-08 -2.39423080e-07  2.48956545e-08  6.46104225e-06 
 2.49456545e-08  3.52217226e-07  2.49456545e-08 -6.29934961e-06 
 2.49956545e-08 -2.23976181e-07  2.49956545e-08  6.17101226e-06 
 2.50456545e-08  3.37259085e-07  2.50456545e-08 -6.01200823e-06 
 2.50956545e-08 -2.09483837e-07  2.50956545e-08  5.88637085e-06 
 2.51456545e-08  3.23210973e-07  2.51456545e-08 -5.73007457e-06 
 2.51956545e-08 -1.95859898e-07  2.51956545e-08  5.60715058e-06 
 2.52456545e-08  3.09992329e-07  2.52456545e-08 -5.45357014e-06 
 2.52956545e-08 -1.83028996e-07  2.52956545e-08  5.33336279e-06 
 2.53456545e-08  2.97532600e-07  2.53456545e-08 -5.18249702e-06 
 2.53956545e-08 -1.70924990e-07  2.53956545e-08  5.06500118e-06 
 2.54456545e-08  2.85769725e-07  2.54456545e-08 -4.91684124e-06 
 2.54956545e-08 -1.59489609e-07  2.54956545e-08  4.80204473e-06 
 2.55456545e-08  2.74648921e-07  2.55456545e-08 -4.65657534e-06 
 2.55956545e-08 -1.48671299e-07  2.55956545e-08  4.54446013e-06 
 2.56456545e-08  2.64121647e-07  2.56456545e-08 -4.40166070e-06 
 2.56956545e-08 -1.38424309e-07  2.56956545e-08  4.29220388e-06 
 2.57456545e-08  2.54144708e-07  2.57456545e-08 -4.15204936e-06 
 2.57956545e-08 -1.28707811e-07  2.57956545e-08  4.04522401e-06 
 2.58456545e-08  2.44679511e-07  2.58456545e-08 -3.90768568e-06 
 2.58956545e-08 -1.19485308e-07  2.58956545e-08  3.80346152e-06 
 2.59456545e-08  2.35691478e-07  2.59456545e-08 -3.66850765e-06 
 2.59956545e-08 -1.10724002e-07  2.59956545e-08  3.56685162e-06 
 2.60456545e-08  2.27149493e-07  2.60456545e-08 -3.43444794e-06 
 2.60956545e-08 -1.02394330e-07  2.60956545e-08  3.33532476e-06 
 2.61456545e-08  2.19025441e-07  2.61456545e-08 -3.20543500e-06 
 2.61956545e-08 -9.44695613e-08  2.61956545e-08  3.10880752e-06 
 2.62456545e-08  2.11293857e-07  2.62456545e-08 -2.98139376e-06 
 2.62956545e-08 -8.69253890e-08  2.62956545e-08  2.88722337e-06 
 2.63456545e-08  2.03931564e-07  2.63456545e-08 -2.76224638e-06 
 2.63956545e-08 -7.97397055e-08  2.63956545e-08  2.67049332e-06 
 2.64456545e-08  1.96917401e-07  2.64456545e-08 -2.54791281e-06 
 2.64956545e-08 -7.28922418e-08  2.64956545e-08  2.45853643e-06 
 2.65456545e-08  1.90232006e-07  2.65456545e-08 -2.33831139e-06 
 2.65956545e-08 -6.63644769e-08  2.65956545e-08  2.25127033e-06 
 2.66456545e-08  1.83857574e-07  2.66456545e-08 -2.13335917e-06 
 2.66956545e-08 -6.01392904e-08  2.66956545e-08  2.04861165e-06 
 2.67456545e-08  1.77777695e-07  2.67456545e-08 -1.93297237e-06 
 2.67956545e-08 -5.42009430e-08  2.67956545e-08  1.85047628e-06 
 2.68456545e-08  1.71977215e-07  2.68456545e-08 -1.73706668e-06 
 2.68956545e-08 -4.85348204e-08  2.68956545e-08  1.65677976e-06 
 2.69456545e-08  1.66442060e-07  2.69456545e-08 -1.54555756e-06 
 2.69956545e-08 -4.31273722e-08  2.69956545e-08  1.46743752e-06 
 2.70456545e-08  1.61159154e-07  2.70456545e-08 -1.35836047e-06 
 2.70956545e-08 -3.79659901e-08  2.70956545e-08  1.28236511e-06 
 2.71456545e-08  1.56116351e-07  2.71456545e-08 -1.17539107e-06 
 2.71956545e-08 -3.30389160e-08  2.71956545e-08  1.10147837e-06 
 2.72456545e-08  1.51302248e-07  2.72456545e-08 -9.96565450e-07 
 2.72956545e-08 -2.83351287e-08  2.72956545e-08  9.24693646e-07 
 2.73456545e-08  1.46706193e-07  2.73456545e-08 -8.21800245e-07 
 2.73956545e-08 -2.38443160e-08  2.73956545e-08  7.51927927e-07 
 2.74456545e-08  1.42318189e-07  2.74456545e-08 -6.51012806e-07 
 2.74956545e-08 -1.95567681e-08  2.74956545e-08  5.83098905e-07 
 2.75456545e-08  1.38128818e-07  2.75456545e-08 -4.84121246e-07 
 2.75956545e-08 -1.54633653e-08  2.75956545e-08  4.18125206e-07 
 2.76456545e-08  1.34129227e-07  2.76456545e-08 -3.21044669e-07 
 2.76956545e-08 -1.15555014e-08  2.76956545e-08  2.56926368e-07 
 2.77456545e-08  1.30311056e-07  2.77456545e-08 -1.61703112e-07 
 2.77956545e-08 -7.82505517e-09  2.77956545e-08  9.94229942e-08 
 2.78456545e-08  1.26666404e-07  2.78456545e-08 -6.01775745e-09 
 2.78956545e-08 -4.26431856e-09  2.78956545e-08 -5.44631784e-08 
 2.79456545e-08  1.23187753e-07  2.79456545e-08  1.46089123e-07 
 2.79956545e-08 -8.65990585e-10  2.79956545e-08 -2.04809293e-07 
 2.80456545e-08  1.19868021e-07  2.80456545e-08  2.94694042e-07 
 2.80956545e-08  2.37683419e-09  2.80956545e-08 -3.51691259e-07 
 2.81456545e-08  1.16700455e-07  2.81456545e-08  4.39872300e-07 
 2.81956545e-08  5.47074350e-09  2.81956545e-08 -4.95183727e-07 
 2.82456545e-08  1.13678634e-07  2.82456545e-08  5.81697902e-07 
 2.82956545e-08  8.42199549e-09  2.82956545e-08 -6.35360066e-07 
 2.83456545e-08  1.10796460e-07  2.83456545e-08  7.20243556e-07 
 2.83956545e-08  1.12365464e-08  2.83956545e-08 -7.72292339e-07 
 2.84456545e-08  1.08048111e-07  2.84456545e-08  8.55580677e-07 
 2.84956545e-08  1.39200799e-08  2.84956545e-08 -9.06051263e-07 
 2.85456545e-08  1.05428032e-07  2.85456545e-08  9.87779326e-07 
 2.85956545e-08  1.64780293e-08  2.85956545e-08 -1.03670627e-06 
 2.86456545e-08  1.02930927e-07  2.86456545e-08  1.11690823e-06 
 2.86956545e-08  1.89155533e-08  2.86956545e-08 -1.16432537e-06 
 2.87456545e-08  1.00551730e-07  2.87456545e-08  1.24303474e-06 
 2.87956545e-08  2.12376349e-08  2.87956545e-08 -1.28897527e-06 
 2.88456545e-08  9.82855852e-08  2.88456545e-08  1.36622489e-06 
 2.88956545e-08  2.34489932e-08  2.88956545e-08 -1.41072133e-06 
 2.89456545e-08  9.61278791e-08  2.89456545e-08  1.48654336e-06 
 2.89956545e-08  2.55541570e-08  2.89956545e-08 -1.52962752e-06 
 2.90456545e-08  9.40741676e-08  2.90456545e-08  1.60405343e-06 
 2.90956545e-08  2.75574772e-08  2.90956545e-08 -1.64575648e-06 
 2.91456545e-08  9.21202026e-08  2.91456545e-08  1.71881710e-06 
 2.91956545e-08  2.94631146e-08  2.91956545e-08 -1.75916953e-06 
 2.92456545e-08  9.02618853e-08  2.92456545e-08  1.83089500e-06 
 2.92956545e-08  3.12750772e-08  2.92956545e-08 -1.86992664e-06 
 2.93456545e-08  8.84953220e-08  2.93456545e-08  1.94034649e-06 
 2.93956545e-08  3.29971758e-08  2.93956545e-08 -1.97808650e-06 
 2.94456545e-08  8.68167608e-08  2.94456545e-08  2.04722954e-06 
 2.94956545e-08  3.46331013e-08  2.94956545e-08 -2.08370650e-06 
 2.95456545e-08  8.52225967e-08  2.95456545e-08  2.15160093e-06 
 2.95956545e-08  3.61863682e-08  2.95956545e-08 -2.18684270e-06 
 2.96456545e-08  8.37093796e-08  2.96456545e-08  2.25351609e-06 
 2.96956545e-08  3.76603655e-08  2.96956545e-08 -2.28754993e-06 
 2.97456545e-08  8.22737911e-08  2.97456545e-08  2.35302923e-06 
 2.97956545e-08  3.90583421e-08  2.97956545e-08 -2.38588179e-06 
 2.98456545e-08  8.09126334e-08  2.98456545e-08  2.45019331e-06 
 2.98956545e-08  4.03834389e-08  2.98956545e-08 -2.48189061e-06 
 2.99456545e-08  7.96228511e-08  2.99456545e-08  2.54506009e-06 
 2.99728273e-08  4.21458917e-08  2.99728273e-08 -2.61433359e-06 
 3.00000000e-08  7.74259907e-08  3.00000000e-08  2.71378063e-06 
 3.00050000e-08 -8.88225845e-06  3.00050000e-08 -7.77137675e-05 
 3.00150000e-08  1.10023805e-05  3.00150000e-08  2.89089911e-05 
 3.00350000e-08 -2.18896550e-06  3.00350000e-08  2.58584509e-05 
 3.00750000e-08 -1.86722405e-06  3.00750000e-08 -3.39573478e-06 
 3.01250000e-08  1.81350321e-05  3.01250000e-08  1.19395127e-04 
 3.01625000e-08  6.56387728e-08  3.01625000e-08  1.31333529e-04 
 3.02000000e-08 -2.69294528e-04  3.02000000e-08 -3.24208068e-04 
 3.02050000e-08 -1.25434977e-04  3.02050000e-08 -5.15006486e-04 
 3.02150000e-08  5.99998008e-04  3.02150000e-08 -1.25572930e-03 
 3.02350000e-08 -7.64779095e-06  3.02350000e-08 -1.28131724e-03 
 3.02646367e-08 -2.58565480e-04  3.02646367e-08  1.33809062e-03 
 3.02991987e-08  2.76186811e-04  3.02991987e-08  1.20233768e-03 
 3.03447235e-08 -2.44255531e-04  3.03447235e-08 -1.26149636e-03 
 3.03947235e-08  2.09599762e-04  3.03947235e-08  7.35936828e-04 
 3.04447235e-08 -1.74748140e-04  3.04447235e-08 -5.18336798e-04 
 3.04947235e-08  1.43202304e-04  3.04947235e-08  3.35847424e-04 
 3.05447235e-08 -1.15134798e-04  3.05447235e-08 -2.32114065e-04 
 3.05947235e-08  9.14890419e-05  3.05947235e-08  1.51060057e-04 
 3.06447235e-08 -7.13722946e-05  3.06447235e-08 -9.58920087e-05 
 3.06947235e-08  5.50058431e-05  3.06947235e-08  5.22237722e-05 
 3.07447235e-08 -4.13656170e-05  3.07447235e-08 -1.89482754e-05 
 3.07947235e-08  3.05442103e-05  3.07947235e-08 -8.01363316e-06 
 3.08447235e-08 -2.16108177e-05  3.08447235e-08  2.97383164e-05 
 3.08947235e-08  1.47057158e-05  3.08947235e-08 -4.76104941e-05 
 3.09447235e-08 -9.01912322e-06  3.09447235e-08  6.23416777e-05 
 3.09947235e-08  4.77455838e-06  3.09947235e-08 -7.45224043e-05 
 3.10447235e-08 -1.26245618e-06  3.10447235e-08  8.46190152e-05 
 3.10947235e-08 -1.21846967e-06  3.10947235e-08 -9.29296217e-05 
 3.11447235e-08  3.30454603e-06  3.11447235e-08  9.98123963e-05 
 3.11947235e-08 -4.63772993e-06  3.11947235e-08 -1.05391312e-04 
 3.12447235e-08  5.80543920e-06  3.12447235e-08  1.09961143e-04 
 3.12947235e-08 -6.40635807e-06  3.12947235e-08 -1.13572682e-04 
 3.13447235e-08  6.99404311e-06  3.13447235e-08  1.16468943e-04 
 3.13947235e-08 -7.13863632e-06  3.13947235e-08 -1.18652612e-04 
 3.14447235e-08  7.36971804e-06  3.14447235e-08  1.20330525e-04 
 3.14947235e-08 -7.23871157e-06  3.14947235e-08 -1.21474379e-04 
 3.15447235e-08  7.25880207e-06  3.15447235e-08  1.22264521e-04 
 3.15947235e-08 -6.96912211e-06  3.15947235e-08 -1.22651828e-04 
 3.16447235e-08  6.87186007e-06  3.16447235e-08  1.22796378e-04 
 3.16947235e-08 -6.49807624e-06  3.16947235e-08 -1.22635052e-04 
 3.17447235e-08  6.34268340e-06  3.17447235e-08  1.22312054e-04 
 3.17947235e-08 -5.93145362e-06  3.17947235e-08 -1.21755001e-04 
 3.18447235e-08  5.75454254e-06  3.18447235e-08  1.21095465e-04 
 3.18947235e-08 -5.33427804e-06  3.18947235e-08 -1.20255132e-04 
 3.19447235e-08  5.15774281e-06  3.19447235e-08  1.19355407e-04 
 3.19947235e-08 -4.74504277e-06  3.19947235e-08 -1.18314393e-04 
 3.20447235e-08  4.58130388e-06  3.20447235e-08  1.17245233e-04 
 3.20947235e-08 -4.18521876e-06  3.20947235e-08 -1.16064101e-04 
 3.21447235e-08  4.04069053e-06  3.21447235e-08  1.14877362e-04 
 3.21947235e-08 -3.66553120e-06  3.21947235e-08 -1.13600417e-04 
 3.22447235e-08  3.54289966e-06  3.22447235e-08  1.12334020e-04 
 3.22947235e-08 -3.19007563e-06  3.22947235e-08 -1.10993593e-04 
 3.23447235e-08  3.08978292e-06  3.23447235e-08  1.09675205e-04 
 3.23947235e-08 -2.75899450e-06  3.23947235e-08 -1.08294828e-04 
 3.24447235e-08  2.68019622e-06  3.24447235e-08  1.06944588e-04 
 3.24947235e-08 -2.37019815e-06  3.24947235e-08 -1.05541353e-04 
 3.25447235e-08  2.31137193e-06  3.25447235e-08  1.04173893e-04 
 3.25947235e-08 -2.02045465e-06  3.25947235e-08 -1.02760184e-04 
 3.26447235e-08  1.97977938e-06  3.26447235e-08  1.01386121e-04 
 3.26947235e-08 -1.70606478e-06  3.26947235e-08 -9.99709012e-05 
 3.27447235e-08  1.68165008e-06  3.27447235e-08  9.85979359e-05 
 3.27947235e-08 -1.42326710e-06  3.27947235e-08 -9.71876879e-05 
 3.28447235e-08  1.41328599e-06  3.28447235e-08  9.58214082e-05 
 3.28947235e-08 -1.16846865e-06  3.28947235e-08 -9.44208252e-05 
 3.29447235e-08  1.17122846e-06  3.29447235e-08  9.30652969e-05 
 3.29947235e-08 -9.38365096e-07  3.29947235e-08 -9.16777853e-05 
 3.30447235e-08  9.52339806e-07  3.30447235e-08  9.03359798e-05 
 3.30947235e-08 -7.29992062e-07  3.30947235e-08 -8.89640234e-05 
 3.31447235e-08  7.53831029e-07  3.31447235e-08  8.76381276e-05 
 3.31947235e-08 -5.40734802e-07  3.31947235e-08 -8.62835513e-05 
 3.32447235e-08  5.73257912e-07  3.32447235e-08  8.49751907e-05 
 3.32947235e-08 -3.68314109e-07  3.32947235e-08 -8.36393485e-05 
 3.33447235e-08  4.08499411e-07  3.33447235e-08  8.23497463e-05 
 3.33947235e-08 -2.10759455e-07  3.33947235e-08 -8.10336555e-05 
 3.34447235e-08  2.57727367e-07  3.34447235e-08  7.97637458e-05 
 3.34947235e-08 -6.63766367e-08  3.34947235e-08 -7.84681816e-05 
 3.35447235e-08  1.19373034e-07  3.35447235e-08  7.72186888e-05 
 3.35947235e-08  6.62859922e-08  3.35947235e-08 -7.59442507e-05 
 3.36447235e-08 -7.90631025e-09  3.36447235e-08  7.47157446e-05 
 3.36947235e-08  1.88470119e-07  3.36947235e-08 -7.34629021e-05 
 3.37447235e-08 -1.25258829e-07  3.37447235e-08  7.22558367e-05 
 3.37947235e-08  3.01237510e-07  3.37947235e-08 -7.10249609e-05 
 3.38447235e-08 -2.33666663e-07  3.38447235e-08  6.98397003e-05 
 3.38947235e-08  4.05497043e-07  3.38947235e-08 -6.86310851e-05 
 3.39447235e-08 -3.33971348e-07  3.39447235e-08  6.74679214e-05 
 3.39947235e-08  5.02028407e-07  3.39947235e-08 -6.62817981e-05 
 3.40447235e-08 -4.26895860e-07  3.40447235e-08  6.51409634e-05 
 3.40947235e-08  5.91502632e-07  3.40947235e-08 -6.39775101e-05 
 3.41447235e-08 -5.13063645e-07  3.41447235e-08  6.28591845e-05 
 3.41947235e-08  6.74499602e-07  3.41947235e-08 -6.17185329e-05 
 3.42447235e-08 -5.93014777e-07  3.42447235e-08  6.06228500e-05 
 3.42947235e-08  7.51523006e-07  3.42947235e-08 -5.95050893e-05 
 3.43447235e-08 -6.67219657e-07  3.43447235e-08  5.84321402e-05 
 3.43947235e-08  8.23012804e-07  3.43947235e-08 -5.73373207e-05 
 3.44447235e-08 -7.36090438e-07  3.44447235e-08  5.62871565e-05 
 3.44947235e-08  8.89355748e-07  3.44947235e-08 -5.52152916e-05 
 3.45447235e-08 -7.99990649e-07  3.45447235e-08  5.41879260e-05 
 3.45947235e-08  9.50894120e-07  3.45947235e-08 -5.31389942e-05 
 3.46447235e-08 -8.59243115e-07  3.46447235e-08  5.21344052e-05 
 3.46947235e-08  1.00793294e-06  3.46947235e-08 -5.11083518e-05 
 3.47447235e-08 -9.14136581e-07  3.47447235e-08  5.01264833e-05 
 3.47947235e-08  1.06074604e-06  3.47947235e-08 -4.91232219e-05 
 3.48447235e-08 -9.64931162e-07  3.48447235e-08  4.81639859e-05 
 3.48947235e-08  1.10958095e-06  3.48947235e-08 -4.71834002e-05 
 3.49447235e-08 -1.01186283e-06  3.49447235e-08  4.62466781e-05 
 3.49947235e-08  1.15466301e-06  3.49947235e-08 -4.52886234e-05 
 3.50447235e-08 -1.05514713e-06  3.50447235e-08  4.43742681e-05 
 3.50947235e-08  1.19619872e-06  3.50947235e-08 -4.34385732e-05 
 3.51447235e-08 -1.09498219e-06  3.51447235e-08  4.25464107e-05 
 3.51947235e-08  1.23437843e-06  3.51947235e-08 -4.16328795e-05 
 3.52447235e-08 -1.13155118e-06  3.52447235e-08  4.07627112e-05 
 3.52947235e-08  1.26937874e-06  3.52947235e-08 -3.98711246e-05 
 3.53447235e-08 -1.16502451e-06  3.53447235e-08  3.90227286e-05 
 3.53947235e-08  1.30136421e-06  3.53947235e-08 -3.81528464e-05 
 3.54447235e-08 -1.19556134e-06  3.54447235e-08  3.73259800e-05 
 3.54947235e-08  1.33048897e-06  3.54947235e-08 -3.64775426e-05 
 3.55447235e-08 -1.22331105e-06  3.55447235e-08  3.56719438e-05 
 3.55947235e-08  1.35689796e-06  3.55947235e-08 -3.48446741e-05 
 3.56447235e-08 -1.24841440e-06  3.56447235e-08  3.40600637e-05 
 3.56947235e-08  1.38072796e-06  3.56947235e-08 -3.32536689e-05 
 3.57447235e-08 -1.27100439e-06  3.57447235e-08  3.24897522e-05 
 3.57947235e-08  1.40210843e-06  3.57947235e-08 -3.17039256e-05 
 3.58447235e-08 -1.29120711e-06  3.58447235e-08  3.09603943e-05 
 3.58947235e-08  1.42116224e-06  3.58947235e-08 -3.01948169e-05 
 3.59447235e-08 -1.30914235e-06  3.59447235e-08  2.94713506e-05 
 3.59947235e-08  1.43800625e-06  3.59947235e-08 -2.87256925e-05 
 3.60447235e-08 -1.32492418e-06  3.60447235e-08  2.80219606e-05 
 3.60947235e-08  1.45275182e-06  3.60947235e-08 -2.72958831e-05 
 3.61447235e-08 -1.33866132e-06  3.61447235e-08  2.66115460e-05 
 3.61947235e-08  1.46550519e-06  3.61947235e-08 -2.59047024e-05 
 3.62447235e-08 -1.35045762e-06  3.62447235e-08  2.52394132e-05 
 3.62947235e-08  1.47636787e-06  3.62947235e-08 -2.45514507e-05 
 3.63447235e-08 -1.36041233e-06  3.63447235e-08  2.39048566e-05 
 3.63947235e-08  1.48543695e-06  3.63947235e-08 -2.32354171e-05 
 3.64447235e-08 -1.36862043e-06  3.64447235e-08  2.26071604e-05 
 3.64947235e-08  1.49280533e-06  3.64947235e-08 -2.19558822e-05 
 3.65447235e-08 -1.37517281e-06  3.65447235e-08  2.13456016e-05 
 3.65947235e-08  1.49856198e-06  3.65947235e-08 -2.07121202e-05 
 3.66447235e-08 -1.38015655e-06  3.66447235e-08  2.01194519e-05 
 3.66947235e-08  1.50279210e-06  3.66947235e-08 -1.95034010e-05 
 3.67447235e-08 -1.38365503e-06  3.67447235e-08  1.89279799e-05 
 3.67947235e-08  1.50557736e-06  3.67947235e-08 -1.83289923e-05 
 3.68447235e-08 -1.38574822e-06  3.68447235e-08  1.77704526e-05 
 3.68947235e-08  1.50699602e-06  3.68947235e-08 -1.71881614e-05 
 3.69447235e-08 -1.38651271e-06  3.69447235e-08  1.66461376e-05 
 3.69947235e-08  1.50712308e-06  3.69947235e-08 -1.60801764e-05 
 3.70447235e-08 -1.38602194e-06  3.70447235e-08  1.55543040e-05 
 3.70947235e-08  1.50603044e-06  3.70947235e-08 -1.50043083e-05 
 3.71447235e-08 -1.38434630e-06  3.71447235e-08  1.44942246e-05 
 3.71947235e-08  1.50378700e-06  3.71947235e-08 -1.39598319e-05 
 3.72447235e-08 -1.38155323e-06  3.72447235e-08  1.34651763e-05 
 3.72947235e-08  1.50045879e-06  3.72947235e-08 -1.29460270e-05 
 3.73447235e-08 -1.37770739e-06  3.73447235e-08  1.24664421e-05 
 3.73947235e-08  1.49610910e-06  3.73947235e-08 -1.19621797e-05 
 3.74447235e-08 -1.37287069e-06  3.74447235e-08  1.14973114e-05 
 3.74947235e-08  1.49079854e-06  3.74947235e-08 -1.10075831e-05 
 3.75447235e-08 -1.36710247e-06  3.75447235e-08  1.05570812e-05 
 3.75947235e-08  1.48458517e-06  3.75947235e-08 -1.00815385e-05 
 3.76447235e-08 -1.36045954e-06  3.76447235e-08  9.64505690e-06 
 3.76947235e-08  1.47752461e-06  3.76947235e-08 -9.18335581e-06 
 3.77447235e-08 -1.35299633e-06  3.77447235e-08  8.76055302e-06 
 3.77947235e-08  1.46967008e-06  3.77947235e-08 -8.31235421e-06 
 3.78447235e-08 -1.34476490e-06  3.78447235e-08  7.90289366e-06 
 3.78947235e-08  1.46107253e-06  3.78947235e-08 -7.46786295e-06 
 3.79447235e-08 -1.33581509e-06  3.79447235e-08  7.07141323e-06 
 3.79947235e-08  1.45178070e-06  3.79947235e-08 -6.64922173e-06 
 3.80447235e-08 -1.32619457e-06  3.80447235e-08  6.26545672e-06 
 3.80947235e-08  1.44184122e-06  3.80947235e-08 -5.85578106e-06 
 3.81447235e-08 -1.31594893e-06  3.81447235e-08  5.48438018e-06 
 3.81947235e-08  1.43129868e-06  3.81947235e-08 -5.08690261e-06 
 3.82447235e-08 -1.30512178e-06  3.82447235e-08  4.72755103e-06 
 3.82947235e-08  1.42019570e-06  3.82947235e-08 -4.34195960e-06 
 3.83447235e-08 -1.29375479e-06  3.83447235e-08  3.99434823e-06 
 3.83947235e-08  1.40857301e-06  3.83947235e-08 -3.62033693e-06 
 3.84447235e-08 -1.28188773e-06  3.84447235e-08  3.28416263e-06 
 3.84947235e-08  1.39646950e-06  3.84947235e-08 -2.92143137e-06 
 3.85447235e-08 -1.26955865e-06  3.85447235e-08  2.59639698e-06 
 3.85947235e-08  1.38392233e-06  3.85947235e-08 -2.24465177e-06 
 3.86447235e-08 -1.25680383e-06  3.86447235e-08  1.93046615e-06 
 3.86947235e-08  1.37096695e-06  3.86947235e-08 -1.58941901e-06 
 3.87447235e-08 -1.24365791e-06  3.87447235e-08  1.28579712e-06 
 3.87947235e-08  1.35763720e-06  3.87947235e-08 -9.55166248e-07 
 3.88447235e-08 -1.23015392e-06  3.88447235e-08  6.61829090e-07 
 3.88947235e-08  1.34396533e-06  3.88947235e-08 -3.41338714e-07 
 3.89447235e-08 -1.21632338e-06  3.89447235e-08  5.80134198e-08 
 3.89947235e-08  1.32998211e-06  3.89947235e-08  2.52606117e-07 
 3.90447235e-08 -1.20219630e-06  3.90447235e-08 -5.26186394e-07 
 3.90947235e-08  1.31571685e-06  3.90947235e-08  8.27198672e-07 
 3.91447235e-08 -1.18780130e-06  3.91447235e-08 -1.09129470e-06 
 3.91947235e-08  1.30119747e-06  3.91947235e-08  1.38295729e-06 
 3.92447235e-08 -1.17316562e-06  3.92447235e-08 -1.63782387e-06 
 3.92947235e-08  1.28645054e-06  3.92947235e-08  1.92038835e-06 
 3.93447235e-08 -1.15831518e-06  3.93447235e-08 -2.16627430e-06 
 3.93947235e-08  1.27150136e-06  3.93947235e-08  2.43998633e-06 
 3.94447235e-08 -1.14327467e-06  3.94447235e-08 -2.67713460e-06 
 3.94947235e-08  1.25637399e-06  3.94947235e-08  2.94223397e-06 
 3.95447235e-08 -1.12806751e-06  3.95447235e-08 -3.17088170e-06 
 3.95947235e-08  1.24109128e-06  3.95947235e-08  3.42760241e-06 
 3.96447235e-08 -1.11271602e-06  3.96447235e-08 -3.64798096e-06 
 3.96947235e-08  1.22567497e-06  3.96947235e-08  3.89655129e-06 
 3.97447235e-08 -1.09724136e-06  3.97447235e-08 -4.10888636e-06 
 3.97947235e-08  1.21014568e-06  3.97947235e-08  4.34952900e-06 
 3.98447235e-08 -1.08166363e-06  3.98447235e-08 -4.55404072e-06 
 3.98947235e-08  1.19452300e-06  3.98947235e-08  4.78697276e-06 
 3.99447235e-08 -1.06600190e-06  3.99447235e-08 -4.98387575e-06 
 3.99723617e-08  1.17245859e-06  3.99723617e-08  5.37599311e-06 
 4.00000000e-08 -1.03751314e-06  4.00000000e-08 -5.72397623e-06 
 4.00050000e-08  1.65189348e-05  4.00050000e-08  1.86974327e-04 
 4.00150000e-08 -9.40927367e-06  4.00150000e-08 -4.09132588e-06 
 4.00350000e-08 -7.23885770e-06  4.00350000e-08 -6.79834160e-05 
 4.00750000e-08  8.73070431e-06  4.00750000e-08 -6.14307815e-05 
 4.01250000e-08 -4.33466298e-05  4.01250000e-08 -1.53801794e-04 
 4.01625000e-08 -5.98176861e-05  4.01625000e-08 -3.23192737e-04 
 4.02000000e-08  5.87577238e-04  4.02000000e-08  4.45785219e-04 
 4.02050000e-08  5.20781301e-06  4.02050000e-08  5.81534136e-04 
 4.02150000e-08 -6.50046706e-04  4.02150000e-08  2.05233384e-03 
 4.02350000e-08  5.20554901e-05  4.02350000e-08  2.02844360e-03 
 4.02639322e-08  9.04128002e-05  4.02639322e-08 -2.33586946e-03 
 4.02956590e-08 -8.41550128e-05  4.02956590e-08 -3.76390455e-04 
 4.03456590e-08  7.57418775e-05  4.03456590e-08  2.01572826e-04 
 4.03956590e-08 -6.74026363e-05  4.03956590e-08  8.24735735e-05 
 4.04456590e-08  6.01611185e-05  4.04456590e-08 -5.17212621e-05 
 4.04956590e-08 -5.36024220e-05  4.04956590e-08  6.21725849e-05 
 4.05456590e-08  4.81198079e-05  4.05456590e-08 -4.64638890e-05 
 4.05956590e-08 -4.31372872e-05  4.05956590e-08  3.75599279e-05 
 4.06456590e-08  3.89936061e-05  4.06456590e-08 -2.84272772e-05 
 4.06956590e-08 -3.51256377e-05  4.06956590e-08  2.18025058e-05 
 4.07456590e-08  3.19209723e-05  4.07456590e-08 -1.65810000e-05 
 4.07956590e-08 -2.88430332e-05  4.07956590e-08  1.27697003e-05 
 4.08456590e-08  2.63155053e-05  4.08456590e-08 -9.96239734e-06 
 4.08956590e-08 -2.38205114e-05  4.08956590e-08  8.02158183e-06 
 4.09456590e-08  2.18026751e-05  4.09456590e-08 -6.69730261e-06 
 4.09956590e-08 -1.97550319e-05  4.09956590e-08  5.91053801e-06 
 4.10456590e-08  1.81340906e-05  4.10456590e-08 -5.48184910e-06 
 4.10956590e-08 -1.64392869e-05  4.10956590e-08  5.38245710e-06 
 4.11456590e-08  1.51342375e-05  4.11456590e-08 -5.47469791e-06 
 4.11956590e-08 -1.37224285e-05  4.11956590e-08  5.76298468e-06 
 4.12456590e-08  1.26720651e-05  4.12456590e-08 -6.13634339e-06 
 4.12956590e-08 -1.14894420e-05  4.12956590e-08  6.62086319e-06 
 4.13456590e-08  1.06459464e-05  4.13456590e-08 -7.12308080e-06 
 4.13956590e-08 -9.64997046e-06  4.13956590e-08  7.68337391e-06 
 4.14456590e-08  8.97523173e-06  4.14456590e-08 -8.21986376e-06 
 4.14956590e-08 -8.13176551e-06  4.14956590e-08  8.78237557e-06 
 4.15456590e-08  7.59506047e-06  4.15456590e-08 -9.29667111e-06 
 4.15956590e-08 -6.87647390e-06  4.15956590e-08  9.81878753e-06 
 4.16456590e-08  6.45287316e-06  4.16456590e-08 -1.02794644e-05 
 4.16956590e-08 -5.83669371e-06  4.16956590e-08  1.07387668e-05 
 4.17456590e-08  5.50589263e-06  4.17456590e-08 -1.11306082e-05 
 4.17956590e-08 -4.97379031e-06  4.17956590e-08  1.15176056e-05 
 4.18456590e-08  4.71921361e-06  4.18456590e-08 -1.18356294e-05 
 4.18956590e-08 -4.25621108e-06  4.18956590e-08  1.21488559e-05 
 4.19456590e-08  4.06430849e-06  4.19456590e-08 -1.23942992e-05 
 4.19728295e-08 -3.43652869e-06  4.19728295e-08  1.28024550e-05 
 4.20000000e-08  3.12707664e-06  4.20000000e-08 -1.30714221e-05 
 4.20050000e-08  4.04502933e-06  4.20050000e-08  4.43952518e-05 
 4.20150000e-08 -2.39610850e-06  4.20150000e-08  1.45740494e-05 
 4.20350000e-08 -1.73970530e-06  4.20350000e-08 -3.10013357e-05 
 4.20750000e-08  2.79203015e-06  4.20750000e-08 -8.61491759e-06 
 4.21250000e-08 -1.08597490e-05  4.21250000e-08 -3.41552611e-05 
 4.21625000e-08 -5.06687619e-05  4.21625000e-08 -1.21249121e-04 
 4.22000000e-08  7.43106264e-04  4.22000000e-08 -5.60825927e-05 
 4.22050000e-08  6.64039358e-04  4.22050000e-08 -2.94360125e-04 
 4.22150000e-08  4.46064373e-04  4.22150000e-08  8.14751972e-04 
 4.22350000e-08  2.24818591e-04  4.22350000e-08  3.73202428e-03 
 4.22750000e-08 -1.11952317e-03  4.22750000e-08  2.26739097e-03 
 4.23250000e-08  3.78871606e-04  4.23250000e-08 -1.19700339e-04 
 4.23750000e-08 -4.25384482e-05  4.23750000e-08 -1.46402257e-03 
 4.24250000e-08  2.99830253e-05  4.24250000e-08 -3.33106322e-03 
 4.24750000e-08 -2.76802565e-06  4.24750000e-08  8.69197842e-04 
 4.25250000e-08 -8.11149398e-07  4.25250000e-08 -6.58263365e-04 
 4.25750000e-08  1.02418539e-05  4.25750000e-08  5.79314670e-04 
 4.26250000e-08 -1.14825256e-05  4.26250000e-08 -4.29840785e-04 
 4.26750000e-08  1.57776944e-05  4.26750000e-08  3.78426536e-04 
 4.27250000e-08 -1.58500736e-05  4.27250000e-08 -2.97644918e-04 
 4.27750000e-08  1.78220327e-05  4.27750000e-08  2.62368112e-04 
 4.28250000e-08 -1.71931780e-05  4.28250000e-08 -2.15474379e-04 
 4.28750000e-08  1.79278175e-05  4.28750000e-08  1.91019958e-04 
 4.29250000e-08 -1.69011720e-05  4.29250000e-08 -1.61657166e-04 
 4.29750000e-08  1.69548539e-05  4.29750000e-08  1.44533709e-04 
 4.30250000e-08 -1.57362590e-05  4.30250000e-08 -1.24994671e-04 
 4.30750000e-08  1.54270025e-05  4.30750000e-08  1.12801621e-04 
 4.31250000e-08 -1.41498432e-05  4.31250000e-08 -9.91869980e-05 
 4.31750000e-08  1.36662150e-05  4.31750000e-08  9.03284063e-05 
 4.32250000e-08 -1.24124794e-05  4.32250000e-08 -8.04923291e-05 
 4.32750000e-08  1.18713276e-05  4.32750000e-08  7.39289310e-05 
 4.33250000e-08 -1.06886918e-05  4.33250000e-08 -6.66069717e-05 
 4.33750000e-08  1.01459525e-05  4.33750000e-08  6.16001591e-05 
 4.34250000e-08 -9.05655469e-06  4.34250000e-08 -5.59903923e-05 
 4.34750000e-08  8.55409913e-06  4.34750000e-08  5.21004529e-05 
 4.35250000e-08 -7.56769676e-06  4.35250000e-08 -4.76881451e-05 
 4.35750000e-08  7.12230729e-06  4.35750000e-08  4.45843658e-05 
 4.36250000e-08 -6.24243252e-06  4.36250000e-08 -4.10250143e-05 
 4.36750000e-08  5.86675090e-06  4.36750000e-08  3.84986836e-05 
 4.37250000e-08 -5.08766149e-06  4.37250000e-08 -3.55587225e-05 
 4.37750000e-08  4.78088075e-06  4.37750000e-08  3.34477618e-05 
 4.38250000e-08 -4.09390833e-06  4.38250000e-08 -3.09665874e-05 
 4.38750000e-08  3.84961354e-06  4.38750000e-08  2.91577186e-05 
 4.39250000e-08 -3.24479253e-06  4.39250000e-08 -2.70209929e-05 
 4.39750000e-08  3.05909058e-06  4.39750000e-08  2.54450986e-05 
 4.40250000e-08 -2.52736331e-06  4.40250000e-08 -2.35736498e-05 
 4.40750000e-08  2.39417308e-06  4.40750000e-08  2.21781066e-05 
 4.41250000e-08 -1.92628996e-06  4.41250000e-08 -2.05156300e-05 
 4.41750000e-08  1.83914753e-06  4.41750000e-08  1.92633366e-05 
 4.42250000e-08 -1.42641969e-06  4.42250000e-08 -1.77693825e-05 
 4.42750000e-08  1.37904972e-06  4.42750000e-08  1.66339310e-05 
 4.43250000e-08 -1.01357739e-06  4.43250000e-08 -1.52790783e-05 
 4.43750000e-08  1.00015134e-06  4.43750000e-08  1.42414376e-05 
 4.44250000e-08 -6.74897769e-07  4.44250000e-08 -1.30039541e-05 
 4.44750000e-08  6.90154560e-07  4.44750000e-08  1.20501811e-05 
 4.45250000e-08 -3.98945087e-07  4.45250000e-08 -1.09137157e-05 
 4.45750000e-08  4.38232334e-07  4.45750000e-08  1.00333768e-05 
 4.46250000e-08 -1.75711283e-07  4.46250000e-08 -8.98536263e-06 
 4.46750000e-08  2.34978240e-07  4.46750000e-08  8.17044794e-06 
 4.47250000e-08  3.45704945e-09  4.47250000e-08 -7.20099663e-06 
 4.47750000e-08  7.23056665e-08  4.47750000e-08  6.44517585e-06 
 4.48250000e-08  1.45969952e-07  4.48250000e-08 -5.54631253e-06 
 4.48750000e-08 -5.66783016e-08  4.48750000e-08  4.84442716e-06 
 4.49250000e-08  2.58122727e-07  4.49250000e-08 -4.00956005e-06 
 4.49750000e-08 -1.57807725e-07  4.49750000e-08  3.35727846e-06 
 4.50250000e-08  3.45228500e-07  4.50250000e-08 -2.58083156e-06 
 4.50750000e-08 -2.35991298e-07  4.50750000e-08  1.97441580e-06 
 4.51250000e-08  4.11746511e-07  4.51250000e-08 -1.25157374e-06 
 4.51750000e-08 -2.95338220e-07  4.51750000e-08  6.87722662e-07 
 4.52250000e-08  4.61401448e-07  4.52250000e-08 -1.42532417e-08 
 4.52750000e-08 -3.39273474e-07  4.52750000e-08 -5.10002878e-07 
 4.53250000e-08  4.97291635e-07  4.53250000e-08  1.13787298e-06 
 4.53750000e-08 -3.70640944e-07  4.53750000e-08 -1.62524288e-06 
 4.54250000e-08  5.21984960e-07  4.54250000e-08  2.21091576e-06 
 4.54750000e-08 -3.91794072e-07  4.54750000e-08 -2.66389455e-06 
 4.55250000e-08  5.37602816e-07  4.55250000e-08  3.21046368e-06 
 4.55750000e-08 -4.04674656e-07  4.55750000e-08 -3.63136495e-06 
 4.56250000e-08  5.45892688e-07  4.56250000e-08  4.14166074e-06 
 4.56750000e-08 -4.10880546e-07  4.56750000e-08 -4.53263867e-06 
 4.57250000e-08  5.48290294e-07  4.57250000e-08  5.00926220e-06 
 4.57750000e-08 -4.11723431e-07  4.57750000e-08 -5.37232723e-06 
 4.58250000e-08  5.45972369e-07  4.58250000e-08  5.81767615e-06 
 4.58750000e-08 -4.08277625e-07  4.58750000e-08 -6.15470667e-06 
 4.59250000e-08  5.39901243e-07  4.59250000e-08  6.57099552e-06 
 4.59750000e-08 -4.01421260e-07  4.59750000e-08 -6.88374707e-06 
 4.60250000e-08  5.30862281e-07  4.60250000e-08  7.27302392e-06 
 4.60750000e-08 -3.91870726e-07  4.60750000e-08 -7.56313675e-06 
 4.61250000e-08  5.19495115e-07  4.61250000e-08  7.92729714e-06 
 4.61750000e-08 -3.80209268e-07  4.61750000e-08 -8.19630286e-06 
 4.62250000e-08  5.06319677e-07  4.62250000e-08  8.53710189e-06 
 4.62750000e-08 -3.66911016e-07  4.62750000e-08 -8.78642973e-06 
 4.63250000e-08  4.91757819e-07  4.63250000e-08  9.10549281e-06 
 4.63750000e-08 -3.52360604e-07  4.63750000e-08 -9.33647522e-06 
 4.64250000e-08  4.76151083e-07  4.64250000e-08  9.63530767e-06 
 4.64750000e-08 -3.36869517e-07  4.64750000e-08 -9.84918598e-06 
 4.65250000e-08  4.59775506e-07  4.65250000e-08  1.01291819e-05 
 4.65750000e-08 -3.20689548e-07  4.65750000e-08 -1.03271117e-05 
 4.66250000e-08  4.42853649e-07  4.66250000e-08  1.05895623e-05 
 4.66750000e-08 -3.04023783e-07  4.66750000e-08 -1.07726185e-05 
 4.67250000e-08  4.25564532e-07  4.67250000e-08  1.10187193e-05 
 4.67750000e-08 -2.87035672e-07  4.67750000e-08 -1.11879014e-05 
 4.68250000e-08  4.08051812e-07  4.68250000e-08  1.14187596e-05 
 4.68750000e-08 -2.69856472e-07  4.68750000e-08 -1.15749962e-05 
 4.69250000e-08  3.90430422e-07  4.69250000e-08  1.17916371e-05 
 4.69750000e-08 -2.52591259e-07  4.69750000e-08 -1.19357909e-05 
 4.70250000e-08  3.72791965e-07  4.70250000e-08  1.21391640e-05 
 4.70750000e-08 -2.35323852e-07  4.70750000e-08 -1.22720361e-05 
 4.71250000e-08  3.55209194e-07  4.71250000e-08  1.24630209e-05 
 4.71750000e-08 -2.18120908e-07  4.71750000e-08 -1.25853549e-05 
 4.72250000e-08  3.37739553e-07  4.72250000e-08  1.27647662e-05 
 4.72750000e-08 -2.01035103e-07  4.72750000e-08 -1.28772525e-05 
 4.73250000e-08  3.20428158e-07  4.73250000e-08  1.30458450e-05 
 4.73750000e-08 -1.84107881e-07  4.73750000e-08 -1.31491246e-05 
 4.74250000e-08  3.03310145e-07  4.74250000e-08  1.33075980e-05 
 4.74750000e-08 -1.67371584e-07  4.74750000e-08 -1.34022656e-05 
 4.75250000e-08  2.86412647e-07  4.75250000e-08  1.35512684e-05 
 4.75750000e-08 -1.50851194e-07  4.75750000e-08 -1.36378765e-05 
 4.76250000e-08  2.69756317e-07  4.76250000e-08  1.37780101e-05 
 4.76750000e-08 -1.34565798e-07  4.76750000e-08 -1.38570714e-05 
 4.77250000e-08  2.53356584e-07  4.77250000e-08  1.39888939e-05 
 4.77750000e-08 -1.18529683e-07  4.77750000e-08 -1.40608846e-05 
 4.78250000e-08  2.37224728e-07  4.78250000e-08  1.41849138e-05 
 4.78750000e-08 -1.02753311e-07  4.78750000e-08 -1.42502764e-05 
 4.79250000e-08  2.21368637e-07  4.79250000e-08  1.43669932e-05 
 4.79750000e-08 -8.72440459e-08  4.79750000e-08 -1.44261388e-05 
 4.80250000e-08  2.05793557e-07  4.80250000e-08  1.45359897e-05 
 4.80750000e-08 -7.20068180e-08  4.80750000e-08 -1.45893005e-05 
 4.81250000e-08  1.90502601e-07  4.81250000e-08  1.46927007e-05 
 4.81750000e-08 -5.70445728e-08  4.81750000e-08 -1.47405322e-05 
 4.82250000e-08  1.75497171e-07  4.82250000e-08  1.48378677e-05 
 4.82750000e-08 -4.23586419e-08  4.82750000e-08 -1.48805504e-05 
 4.83250000e-08  1.60777282e-07  4.83250000e-08  1.49721803e-05 
 4.83750000e-08 -2.79491119e-08  4.83750000e-08 -1.50100220e-05 
 4.84250000e-08  1.46341916e-07  4.84250000e-08  1.50962806e-05 
 4.84750000e-08 -1.38151054e-08  4.84750000e-08 -1.51295678e-05 
 4.85250000e-08  1.32189237e-07  4.85250000e-08  1.52107665e-05 
 4.85750000e-08  4.50757071e-11  4.85750000e-08 -1.52397662e-05 
 4.86250000e-08  1.18316692e-07  4.86250000e-08  1.53161953e-05 
 4.86750000e-08  1.36337528e-08  4.86750000e-08 -1.53411563e-05 
 4.87250000e-08  1.04721252e-07  4.87250000e-08  1.54130862e-05 
 4.87750000e-08  2.69537199e-08  4.87750000e-08 -1.54342407e-05 
 4.88250000e-08  9.13995046e-08  4.88250000e-08  1.55019240e-05 
 4.88750000e-08  4.00081497e-08  4.88750000e-08 -1.55194884e-05 
 4.89250000e-08  7.83477220e-08  4.89250000e-08  1.55831609e-05 
 4.89750000e-08  5.28005000e-08  4.89750000e-08 -1.55973375e-05 
 4.90250000e-08  6.55619466e-08  4.90250000e-08  1.56572194e-05 
 4.90750000e-08  6.53344701e-08  4.90750000e-08 -1.56681969e-05 
 4.91250000e-08  5.30380893e-08  4.91250000e-08  1.57244942e-05 
 4.91750000e-08  7.76138916e-08  4.91750000e-08 -1.57324494e-05 
 4.92250000e-08  4.07719004e-08  4.92250000e-08  1.57853545e-05 
 4.92750000e-08  8.96427209e-08  4.92750000e-08 -1.57904524e-05 
 4.93250000e-08  2.87591290e-08  4.93250000e-08  1.58401458e-05 
 4.93750000e-08  1.01424999e-07  4.93750000e-08 -1.58425411e-05 
 4.94250000e-08  1.69954010e-08  4.94250000e-08  1.58891916e-05 
 4.94750000e-08  1.12964813e-07  4.94750000e-08 -1.58890289e-05 
 4.95250000e-08  5.47639701e-09  4.95250000e-08  1.59327949e-05 
 4.95750000e-08  1.24266260e-07  4.95750000e-08 -1.59302099e-05 
 4.96250000e-08 -5.80226205e-09  4.96250000e-08  1.59712398e-05 
 4.96750000e-08  1.35333488e-07  4.96750000e-08 -1.59663598e-05 
 4.97250000e-08 -1.68449092e-08  4.97250000e-08  1.60047930e-05 
 4.97750000e-08  1.46170587e-07  4.97750000e-08 -1.59977373e-05 
 4.98250000e-08 -2.76558641e-08  4.98250000e-08  1.60337048e-05 
 4.98750000e-08  1.56781681e-07  4.98750000e-08 -1.60245854e-05 
 4.99250000e-08 -3.82393891e-08  4.99250000e-08  1.60582101e-05 
 4.99625000e-08  1.68889717e-07  4.99625000e-08 -1.60504696e-05 
 5.00000000e-08 -5.19827193e-08  5.00000000e-08  1.60844503e-05 
 5.00050000e-08 -1.49469100e-05  5.00050000e-08 -8.15157843e-05 
 5.00150000e-08  8.66307857e-06  5.00150000e-08  8.28193346e-06 
 5.00350000e-08  6.61546272e-06  5.00350000e-08  1.85861875e-05 
 5.00750000e-08 -8.46522409e-06  5.00750000e-08  1.99152020e-05 
 5.01250000e-08  4.70439059e-05  5.01250000e-08  1.66291096e-04 
 5.01625000e-08  5.11781435e-05  5.01625000e-08  2.17396749e-04 
 5.02000000e-08 -9.97158642e-04  5.02000000e-08 -7.40377049e-06 
 5.02050000e-08 -1.09335274e-03  5.02050000e-08 -1.26503370e-04 
 5.02150000e-08 -3.14689868e-04  5.02150000e-08 -5.43042547e-04 
 5.02350000e-08  3.34515657e-04  5.02350000e-08 -1.45490160e-03 
 5.02750000e-08  2.45302246e-04  5.02750000e-08 -2.53694808e-03 
 5.03223485e-08  3.98840696e-04  5.03223485e-08 -1.30388540e-03 
 5.03676731e-08 -3.57516267e-04  5.03676731e-08  3.05051543e-03 
 5.04176731e-08  2.90078217e-04  5.04176731e-08 -1.42223232e-03 
 5.04676731e-08 -2.22772335e-04  5.04676731e-08  2.50670694e-03 
 5.05176731e-08  1.65922506e-04  5.05176731e-08 -7.45142112e-04 
 5.05676731e-08 -1.17632004e-04  5.05676731e-08  1.06112168e-03 
 5.06176731e-08  7.91010486e-05  5.06176731e-08 -4.78329945e-04 
 5.06676731e-08 -4.77173926e-05  5.06676731e-08  4.42727797e-04 
 5.07176731e-08  2.33879030e-05  5.07176731e-08 -2.33446932e-04 
 5.07676731e-08 -4.09587454e-06  5.07676731e-08  1.69449184e-04 
 5.08176731e-08 -1.03523335e-05  5.08176731e-08 -8.18849743e-05 
 5.08676731e-08  2.14730265e-05  5.08676731e-08  3.96085152e-05 
 5.09176731e-08 -2.93271174e-05  5.09176731e-08  6.11436159e-07 
 5.09676731e-08  3.50938312e-05  5.09676731e-08 -2.36014897e-05 
 5.10176731e-08 -3.86773053e-05  5.10176731e-08  4.25051041e-05 
 5.10676731e-08  4.10457953e-05  5.10676731e-08 -5.36344460e-05 
 5.11176731e-08 -4.19373235e-05  5.11176731e-08  6.20698367e-05 
 5.11676731e-08  4.22044058e-05  5.11676731e-08 -6.65937385e-05 
 5.12176731e-08 -4.14909553e-05  5.12176731e-08  6.96767993e-05 
 5.12676731e-08  4.05326220e-05  5.12676731e-08 -7.06777635e-05 
 5.13176731e-08 -3.89193851e-05  5.13176731e-08  7.10219949e-05 
 5.13676731e-08  3.73064434e-05  5.13676731e-08 -7.02332339e-05 
 5.14176731e-08 -3.52485791e-05  5.14176731e-08  6.92272106e-05 
 5.14676731e-08  3.33458705e-05  5.14676731e-08 -6.76037753e-05 
 5.15176731e-08 -3.11302031e-05  5.15176731e-08  6.59961632e-05 
 5.15676731e-08  2.91642704e-05  5.15676731e-08 -6.40569552e-05 
 5.16176731e-08 -2.69653044e-05  5.16176731e-08  6.22495454e-05 
 5.16676731e-08  2.50708198e-05  5.16676731e-08 -6.02692618e-05 
 5.17176731e-08 -2.29889653e-05  5.17176731e-08  5.84716970e-05 
 5.17676731e-08  2.12403908e-05  5.17676731e-08 -5.65880314e-05 
 5.18176731e-08 -1.93279245e-05  5.18176731e-08  5.49025962e-05 
 5.18676731e-08  1.77609734e-05  5.18676731e-08 -5.31767116e-05 
 5.19176731e-08 -1.60395657e-05  5.19176731e-08  5.16459846e-05 
 5.19676731e-08  1.46656450e-05  5.19676731e-08 -5.00970091e-05 
 5.20176731e-08 -1.31380990e-05  5.20176731e-08  4.87310642e-05 
 5.20676731e-08  1.19539370e-05  5.20676731e-08 -4.73559004e-05 
 5.21176731e-08 -1.06119693e-05  5.21176731e-08  4.61479348e-05 
 5.21676731e-08  9.60595363e-06  5.21676731e-08 -4.49326234e-05 
 5.22176731e-08 -8.43527753e-06  5.22176731e-08  4.38679058e-05 
 5.22676731e-08  7.59155996e-06  5.22676731e-08 -4.27940689e-05 
 5.23176731e-08 -6.57514210e-06  5.23176731e-08  4.18549826e-05 
 5.23676731e-08  5.87623534e-06  5.23676731e-08 -4.09033795e-05 
 5.24176731e-08 -4.99632541e-06  5.24176731e-08  4.00721702e-05 
 5.24676731e-08  4.42469201e-06  5.24676731e-08 -3.92245584e-05 
 5.25176731e-08 -3.66403565e-06  5.25176731e-08  3.84847369e-05 
 5.25676731e-08  3.20301061e-06  5.25676731e-08 -3.77247454e-05 
 5.26176731e-08 -2.54552630e-06  5.26176731e-08  3.70617084e-05 
 5.26676731e-08  2.17980586e-06  5.26676731e-08 -3.63751483e-05 
 5.27176731e-08 -1.61094475e-06  5.27176731e-08  3.57900430e-05 
 5.27676731e-08  1.32673409e-06  5.27676731e-08 -3.51670220e-05 
 5.28176731e-08 -8.33510880e-07  5.28176731e-08  3.46195845e-05 
 5.28676731e-08  6.18799987e-07  5.28676731e-08 -3.40441594e-05 
 5.29176731e-08 -1.89841959e-07  5.29176731e-08  3.35429191e-05 
 5.29676731e-08  3.40518524e-08  5.29676731e-08 -3.30115018e-05 
 5.30176731e-08  3.40497917e-07  5.30176731e-08  3.25491436e-05 
 5.30676731e-08 -4.46496744e-07  5.30676731e-08 -3.20548565e-05 
 5.31176731e-08  7.75114567e-07  5.31176731e-08  3.16251424e-05 
 5.31676731e-08 -8.39147706e-07  5.31676731e-08 -3.11623605e-05 
 5.32176731e-08  1.12908027e-06  5.32176731e-08  3.07604428e-05 
 5.32676731e-08 -1.15782100e-06  5.32676731e-08 -3.03247268e-05 
 5.33176731e-08  1.41523550e-06  5.33176731e-08  2.99468141e-05 
 5.33676731e-08 -1.41435129e-06  5.33676731e-08 -2.95346630e-05 
 5.34176731e-08  1.64447741e-06  5.34176731e-08  2.91777793e-05 
 5.34676731e-08 -1.61876608e-06  5.34676731e-08 -2.87864314e-05 
 5.35176731e-08  1.82602606e-06  5.35176731e-08  2.84482393e-05 
 5.35676731e-08 -1.77953917e-06  5.35676731e-08 -2.80755153e-05 
 5.36176731e-08  1.96766444e-06  5.36176731e-08  2.77541781e-05 
 5.36676731e-08 -1.90381676e-06  5.36676731e-08 -2.73983552e-05 
 5.37176731e-08  2.07595066e-06  5.37176731e-08  2.70924264e-05 
 5.37676731e-08 -1.99761617e-06  5.37676731e-08 -2.67521374e-05 
 5.38176731e-08  2.15640340e-06  5.38176731e-08  2.64604720e-05 
 5.38676731e-08 -2.06599825e-06  5.38676731e-08 -2.61346241e-05 
 5.39176731e-08  2.21366206e-06  5.39176731e-08  2.58563082e-05 
 5.39676731e-08 -2.11321608e-06  5.39676731e-08 -2.55440185e-05 
 5.40176731e-08  2.25162425e-06  5.40176731e-08  2.52783130e-05 
 5.40676731e-08 -2.14284166e-06  5.40676731e-08 -2.49788573e-05 
 5.41176731e-08  2.27356274e-06  5.41176731e-08  2.47251539e-05 
 5.41676731e-08 -2.15787401e-06  5.41676731e-08 -2.44379267e-05 
 5.42176731e-08  2.28222492e-06  5.42176731e-08  2.41957132e-05 
 5.42676731e-08 -2.16083040e-06  5.42676731e-08 -2.39201969e-05 
 5.43176731e-08  2.27991672e-06  5.43176731e-08  2.36890309e-05 
 5.43676731e-08 -2.15382361e-06  5.43676731e-08 -2.34247713e-05 
 5.44176731e-08  2.26857346e-06  5.44176731e-08  2.32042599e-05 
 5.44676731e-08 -2.13862682e-06  5.44676731e-08 -2.29508482e-05 
 5.45176731e-08  2.24981931e-06  5.45176731e-08  2.27406329e-05 
 5.45676731e-08 -2.11672814e-06  5.45676731e-08 -2.24976921e-05 
 5.46176731e-08  2.22501741e-06  5.46176731e-08  2.22974371e-05 
 5.46676731e-08 -2.08937657e-06  5.46676731e-08 -2.20646120e-05 
 5.47176731e-08  2.19531180e-06  5.47176731e-08  2.18739964e-05 
 5.47676731e-08 -2.05762034e-06  5.47676731e-08 -2.16509462e-05 
 5.48176731e-08  2.16166260e-06  5.48176731e-08  2.14696580e-05 
 5.48676731e-08 -2.02233914e-06  5.48676731e-08 -2.12560511e-05 
 5.49176731e-08  2.12487549e-06  5.49176731e-08  2.10837835e-05 
 5.49676731e-08 -1.98427110e-06  5.49676731e-08 -2.08792941e-05 
 5.50176731e-08  2.08562645e-06  5.50176731e-08  2.07157428e-05 
 5.50676731e-08 -1.94403545e-06  5.50676731e-08 -2.05200490e-05 
 5.51176731e-08  2.04448241e-06  5.51176731e-08  2.03649109e-05 
 5.51676731e-08 -1.90215145e-06  5.51676731e-08 -2.01776928e-05 
 5.52176731e-08  2.00191867e-06  5.52176731e-08  2.00306650e-05 
 5.52676731e-08 -1.85905426e-06  5.52676731e-08 -1.98516048e-05 
 5.53176731e-08  1.95833339e-06  5.53176731e-08  1.97123850e-05 
 5.53676731e-08 -1.81510831e-06  5.53676731e-08 -1.95411665e-05 
 5.54176731e-08  1.91405982e-06  5.54176731e-08  1.94094526e-05 
 5.54676731e-08 -1.77061842e-06  5.54676731e-08 -1.92457616e-05 
 5.55176731e-08  1.86937654e-06  5.55176731e-08  1.91212528e-05 
 5.55676731e-08 -1.72583921e-06  5.55676731e-08 -1.89647776e-05 
 5.56176731e-08  1.82451602e-06  5.56176731e-08  1.88471747e-05 
 5.56676731e-08 -1.68098300e-06  5.56676731e-08 -1.86976068e-05 
 5.57176731e-08  1.77967191e-06  5.57176731e-08  1.85866131e-05 
 5.57676731e-08 -1.63622641e-06  5.57676731e-08 -1.84436476e-05 
 5.58176731e-08  1.73500507e-06  5.58176731e-08  1.83389698e-05 
 5.58676731e-08 -1.59171595e-06  5.58676731e-08 -1.82023062e-05 
 5.59176731e-08  1.69064867e-06  5.59176731e-08  1.81036550e-05 
 5.59676731e-08 -1.54757269e-06  5.59676731e-08 -1.79729984e-05 
 5.60176731e-08  1.64671258e-06  5.60176731e-08  1.78800893e-05 
 5.60676731e-08 -1.50389625e-06  5.60676731e-08 -1.77551501e-05 
 5.61176731e-08  1.60328688e-06  5.61176731e-08  1.76677042e-05 
 5.61676731e-08 -1.46076809e-06  5.61676731e-08 -1.75481997e-05 
 5.62176731e-08  1.56044501e-06  5.62176731e-08  1.74659441e-05 
 5.62676731e-08 -1.41825436e-06  5.62676731e-08 -1.73515983e-05 
 5.63176731e-08  1.51824632e-06  5.63176731e-08  1.72742669e-05 
 5.63676731e-08 -1.37640826e-06  5.63676731e-08 -1.71648113e-05 
 5.64176731e-08  1.47673828e-06  5.64176731e-08  1.70921452e-05 
 5.64676731e-08 -1.33527204e-06  5.64676731e-08 -1.69873190e-05 
 5.65176731e-08  1.43595829e-06  5.65176731e-08  1.69190668e-05 
 5.65676731e-08 -1.29487873e-06  5.65676731e-08 -1.68186176e-05 
 5.66176731e-08  1.39593526e-06  5.66176731e-08  1.67545358e-05 
 5.66676731e-08 -1.25525354e-06  5.66676731e-08 -1.66582193e-05 
 5.67176731e-08  1.35669093e-06  5.67176731e-08  1.65980727e-05 
 5.67676731e-08 -1.21641509e-06  5.67676731e-08 -1.65056533e-05 
 5.68176731e-08  1.31824100e-06  5.68176731e-08  1.64492146e-05 
 5.68676731e-08 -1.17837643e-06  5.68676731e-08 -1.63604654e-05 
 5.69176731e-08  1.28059606e-06  5.69176731e-08  1.63075162e-05 
 5.69676731e-08 -1.14114596e-06  5.69676731e-08 -1.62222192e-05 
 5.70176731e-08  1.24376242e-06  5.70176731e-08  1.61725493e-05 
 5.70676731e-08 -1.10472811e-06  5.70676731e-08 -1.60904950e-05 
 5.71176731e-08  1.20774275e-06  5.71176731e-08  1.60439030e-05 
 5.71676731e-08 -1.06912403e-06  5.71676731e-08 -1.59648909e-05 
 5.72176731e-08  1.17253673e-06  5.72176731e-08  1.59211837e-05 
 5.72676731e-08 -1.03433206e-06  5.72676731e-08 -1.58450219e-05 
 5.73176731e-08  1.13814148e-06  5.73176731e-08  1.58040148e-05 
 5.73676731e-08 -1.00034823e-06  5.73676731e-08 -1.57305200e-05 
 5.74176731e-08  1.10455196e-06  5.74176731e-08  1.56920368e-05 
 5.74676731e-08 -9.67166635e-07  5.74676731e-08 -1.56210342e-05 
 5.75176731e-08  1.07176145e-06  5.75176731e-08  1.55849069e-05 
 5.75676731e-08 -9.34779784e-07  5.75676731e-08 -1.55162299e-05 
 5.76176731e-08  1.03976173e-06  5.76176731e-08  1.54822984e-05 
 5.76676731e-08 -9.03178845e-07  5.76676731e-08 -1.54157887e-05 
 5.77176731e-08  1.00854336e-06  5.77176731e-08  1.53839009e-05 
 5.77676731e-08 -8.72353883e-07  5.77676731e-08 -1.53194080e-05 
 5.78176731e-08  9.78095949e-07  5.78176731e-08  1.52894195e-05 
 5.78676731e-08 -8.42294082e-07  5.78676731e-08 -1.52268005e-05 
 5.79176731e-08  9.48408275e-07  5.79176731e-08  1.51985743e-05 
 5.79676731e-08 -8.12987911e-07  5.79676731e-08 -1.51376941e-05 
 5.80176731e-08  9.19468493e-07  5.80176731e-08  1.51111004e-05 
 5.80676731e-08 -7.84423288e-07  5.80676731e-08 -1.50518309e-05 
 5.81176731e-08  8.91264280e-07  5.81176731e-08  1.50267471e-05 
 5.81676731e-08 -7.56587664e-07  5.81676731e-08 -1.49689672e-05 
 5.82176731e-08  8.63782875e-07  5.82176731e-08  1.49452773e-05 
 5.82676731e-08 -7.29468146e-07  5.82676731e-08 -1.48888729e-05 
 5.83176731e-08  8.37011250e-07  5.83176731e-08  1.48664675e-05 
 5.83676731e-08 -7.03051606e-07  5.83676731e-08 -1.48113308e-05 
 5.84176731e-08  8.10936177e-07  5.84176731e-08  1.47901068e-05 
 5.84676731e-08 -6.77324739e-07  5.84676731e-08 -1.47361363e-05 
 5.85176731e-08  7.85544253e-07  5.85176731e-08  1.47159967e-05 
 5.85676731e-08 -6.52274109e-07  5.85676731e-08 -1.46630970e-05 
 5.86176731e-08  7.60822036e-07  5.86176731e-08  1.46439506e-05 
 5.86676731e-08 -6.27886266e-07  5.86676731e-08 -1.45920319e-05 
 5.87176731e-08  7.36756022e-07  5.87176731e-08  1.45737931e-05 
 5.87676731e-08 -6.04147708e-07  5.87676731e-08 -1.45227712e-05 
 5.88176731e-08  7.13332735e-07  5.88176731e-08  1.45053596e-05 
 5.88676731e-08 -5.81044993e-07  5.88676731e-08 -1.44551558e-05 
 5.89176731e-08  6.90538740e-07  5.89176731e-08  1.44384962e-05 
 5.89676731e-08 -5.58564721e-07  5.89676731e-08 -1.43890364e-05 
 5.90176731e-08  6.68360675e-07  5.90176731e-08  1.43730585e-05 
 5.90676731e-08 -5.36693592e-07  5.90676731e-08 -1.43242738e-05 
 5.91176731e-08  6.46785289e-07  5.91176731e-08  1.43089117e-05 
 5.91676731e-08 -5.15418427e-07  5.91676731e-08 -1.42607377e-05 
 5.92176731e-08  6.25799464e-07  5.92176731e-08  1.42459302e-05 
 5.92676731e-08 -4.94726173e-07  5.92676731e-08 -1.41983066e-05 
 5.93176731e-08  6.05390203e-07  5.93176731e-08  1.41839966e-05 
 5.93676731e-08 -4.74603923e-07  5.93676731e-08 -1.41368676e-05 
 5.94176731e-08  5.85544686e-07  5.94176731e-08  1.41230020e-05 
 5.94676731e-08 -4.55038931e-07  5.94676731e-08 -1.40763155e-05 
 5.95176731e-08  5.66250231e-07  5.95176731e-08  1.40628449e-05 
 5.95676731e-08 -4.36018633e-07  5.95676731e-08 -1.40165526e-05 
 5.96176731e-08  5.47494364e-07  5.96176731e-08  1.40034314e-05 
 5.96676731e-08 -4.17530627e-07  5.96676731e-08 -1.39574885e-05 
 5.97176731e-08  5.29264782e-07  5.97176731e-08  1.39446743e-05 
 5.97676731e-08 -3.99562729e-07  5.97676731e-08 -1.38990395e-05 
 5.98176731e-08  5.11549384e-07  5.98176731e-08  1.38864932e-05 
 5.98676731e-08 -3.82102926e-07  5.98676731e-08 -1.38411282e-05 
 5.99176731e-08  4.94336255e-07  5.99176731e-08  1.38288139e-05 
 5.99588366e-08 -3.63347337e-07  5.99588366e-08 -1.37775467e-05 
 6.00000000e-08  4.74086905e-07  6.00000000e-08  1.37593620e-05 
 6.00050000e-08  1.63700812e-05  6.00050000e-08  1.85827446e-04 
 6.00150000e-08 -9.39145576e-06  6.00150000e-08 -3.86296310e-06 
 6.00350000e-08 -6.94975290e-06  6.00350000e-08 -6.76196712e-05 
 6.00750000e-08  8.37985429e-06  6.00750000e-08 -6.11444150e-05 
 6.01250000e-08 -4.20454491e-05  6.01250000e-08 -1.52836628e-04 
 6.01625000e-08  1.43013907e-04  6.01625000e-08 -3.64203995e-04 
 6.02000000e-08  1.40580573e-03  6.02000000e-08  1.78855154e-03 
 6.02050000e-08  8.38842841e-04  6.02050000e-08  2.17324395e-03 
 6.02150000e-08 -1.61831783e-04  6.02150000e-08  3.47660821e-03 
 6.02350000e-08 -9.00479244e-04  6.02350000e-08  5.76477571e-03 
 6.02683712e-08 -2.68035221e-04  6.02683712e-08  6.25173035e-04 
 6.03039978e-08 -1.29982331e-04  6.03039978e-08 -2.00686591e-03 
 6.03496293e-08  8.82614170e-05  6.03496293e-08 -9.29087436e-04 
 6.03996293e-08 -7.74649402e-05  6.03996293e-08 -2.97919075e-03 
 6.04496293e-08  6.84083772e-05  6.04496293e-08  9.81177136e-04 
 6.04996293e-08 -5.99875181e-05  6.04996293e-08 -1.04892680e-03 
 6.05496293e-08  5.27368833e-05  6.05496293e-08  7.33714147e-04 
 6.05996293e-08 -4.60986548e-05  6.05996293e-08 -6.26501770e-04 
 6.06496293e-08  4.04996324e-05  6.06496293e-08  4.95909011e-04 
 6.06996293e-08 -3.53663655e-05  6.06996293e-08 -4.13440154e-04 
 6.07496293e-08  3.10942909e-05  6.07496293e-08  3.41665009e-04 
 6.07996293e-08 -2.71260074e-05  6.07996293e-08 -2.87297790e-04 
 6.08496293e-08  2.38776172e-05  6.08496293e-08  2.42483340e-04 
 6.08996293e-08 -2.08058330e-05  6.08996293e-08 -2.06384757e-04 
 6.09496293e-08  1.83389019e-05  6.09496293e-08  1.76499713e-04 
 6.09996293e-08 -1.59508315e-05  6.09996293e-08 -1.51730058e-04 
 6.10496293e-08  1.40839838e-05  6.10496293e-08  1.30930913e-04 
 6.10996293e-08 -1.22190102e-05  6.10996293e-08 -1.13347666e-04 
 6.11496293e-08  1.08110994e-05  6.11496293e-08  9.83685966e-05 
 6.11996293e-08 -9.34667660e-06  6.11996293e-08 -8.54983612e-05 
 6.12496293e-08  8.29016602e-06  6.12496293e-08  7.43870517e-05 
 6.12996293e-08 -7.13280016e-06  6.12996293e-08 -6.46976789e-05 
 6.13496293e-08  6.34569679e-06  6.13496293e-08  5.62283479e-05 
 6.13996293e-08 -5.42399989e-06  6.13996293e-08 -4.87373575e-05 
 6.14496293e-08  4.84370838e-06  6.14496293e-08  4.21131104e-05 
 6.14996293e-08 -4.10310849e-06  6.14996293e-08 -3.61727092e-05 
 6.15496293e-08  3.68177620e-06  6.15496293e-08  3.08623882e-05 
 6.15996293e-08 -3.08050489e-06  6.15996293e-08 -2.60365322e-05 
 6.16496293e-08  2.78150018e-06  6.16496293e-08  2.16796995e-05 
 6.16996293e-08 -2.28754997e-06  6.16996293e-08 -1.76703863e-05 
 6.17496293e-08  2.08279504e-06  6.17496293e-08  1.40191799e-05 
 6.17996293e-08 -1.67160990e-06  6.17996293e-08 -1.06203530e-05 
 6.18496293e-08  1.53955762e-06  6.18496293e-08  7.50249291e-06 
 6.18996293e-08 -1.19227752e-06  6.18996293e-08 -4.57024133e-06 
 6.19496293e-08  1.11637369e-06  6.19496293e-08  1.86480493e-06 
 6.19748146e-08 -6.64509282e-07  6.19748146e-08  3.07129660e-06 
 6.20000000e-08  5.29163627e-07  6.20000000e-08 -7.41785064e-06 
 6.20050000e-08  4.81077916e-04  6.20050000e-08  5.53571047e-03 
 6.20150000e-08  4.38413856e-04  6.20150000e-08  6.89831396e-03 
 6.20350000e-08  2.36426713e-05  6.20350000e-08  2.65690221e-03 
 6.20750000e-08  2.55527099e-04  6.20750000e-08  1.61877873e-03 
 6.21250000e-08 -1.53125191e-03  6.21250000e-08 -1.45049386e-02 
 6.21625000e-08 -2.80038599e-02  6.21625000e-08 -5.24695327e-02 
 6.22000000e-08  3.26885531e-01  6.22000000e-08 -5.99649605e-02 
 6.22050000e-08  4.52560373e-01  6.22050000e-08 -3.58510775e-02 
 6.22150000e-08  7.12572691e-01  6.22150000e-08  3.26448408e-02 
 6.22350000e-08  1.04500082e+00  6.22350000e-08  3.32619051e-01 
 6.22636319e-08  4.33838401e-01  6.22636319e-08  1.80124599e+00 
 6.22947256e-08 -2.28530836e-02  6.22947256e-08  2.99328849e+00 
 6.23362692e-08  2.17858392e-02  6.23362692e-08  3.26956931e+00 
 6.23793035e-08 -1.95033588e-02  6.23793035e-08  3.21892313e+00 
 6.24293035e-08  1.77866239e-02  6.24293035e-08  1.48920548e+00 
 6.24793035e-08 -1.56921614e-02  6.24793035e-08 -1.58700883e-02 
 6.25271253e-08  1.41526221e-02  6.25271253e-08  3.93955069e-02 
 6.25771253e-08 -1.25025317e-02  6.25771253e-08 -2.52150304e-02 
 6.26271253e-08  1.13014480e-02  6.26271253e-08  2.00235871e-02 
 6.26771253e-08 -1.00193807e-02  6.26771253e-08 -1.52101640e-02 
 6.27271253e-08  9.04265779e-03  6.27271253e-08  1.21061868e-02 
 6.27771253e-08 -8.04413128e-03  6.27771253e-08 -9.69553561e-03 
 6.28271253e-08  7.25397259e-03  6.28271253e-08  7.95790475e-03 
 6.28771253e-08 -6.47279571e-03  6.28771253e-08 -6.63432134e-03 
 6.29271253e-08  5.83562407e-03  6.29271253e-08  5.63625773e-03 
 6.29771253e-08 -5.22197838e-03  6.29771253e-08 -4.86460128e-03 
 6.30271253e-08  4.70929301e-03  6.30271253e-08  4.26471066e-03 
 6.30771253e-08 -4.22557106e-03  6.30771253e-08 -3.79019317e-03 
 6.31271253e-08  3.81365368e-03  6.31271253e-08  3.41117417e-03 
 6.31771253e-08 -3.43122041e-03  6.31771253e-08 -3.10403368e-03 
 6.32271253e-08  3.10056531e-03  6.32271253e-08  2.85229562e-03 
 6.32771253e-08 -2.79743880e-03  6.32771253e-08 -2.64345352e-03 
 6.33271253e-08  2.53213507e-03  6.33271253e-08  2.46799949e-03 
 6.33771253e-08 -2.29132423e-03  6.33771253e-08 -2.31922116e-03 
 6.34271253e-08  2.07702463e-03  6.34271253e-08  2.19163124e-03 
 6.34771253e-08 -1.88694132e-03  6.34771253e-08 -2.08049789e-03 
 6.35271253e-08  1.71607101e-03  6.35271253e-08  1.98368513e-03 
 6.35771253e-08 -1.56316282e-03  6.35771253e-08 -1.89755870e-03 
 6.36271253e-08  1.42672114e-03  6.36271253e-08  1.82130813e-03 
 6.36771253e-08 -1.30367066e-03  6.36771253e-08 -1.75218990e-03 
 6.37271253e-08  1.19453973e-03  6.37271253e-08  1.69017234e-03 
 6.37771253e-08 -1.09543515e-03  6.37771253e-08 -1.63301248e-03 
 6.38271253e-08  1.00799315e-03  6.38271253e-08  1.58117186e-03 
 6.38771253e-08 -9.26820576e-04  6.38771253e-08 -1.53215567e-03 
 6.39271253e-08  8.58022942e-04  6.39271253e-08  1.48846930e-03 
 6.39771253e-08 -7.92205259e-04  6.39771253e-08 -1.44592036e-03 
 6.40271253e-08  7.37098863e-04  6.40271253e-08  1.40794006e-03 
 6.40771253e-08 -6.83631802e-04  6.40771253e-08 -1.37037253e-03 
 6.41271253e-08  6.39375242e-04  6.41271253e-08  1.33684899e-03 
 6.41771253e-08 -5.95830227e-04  6.41771253e-08 -1.30323533e-03 
 6.42271253e-08  5.60187077e-04  6.42271253e-08  1.27327994e-03 
 6.42771253e-08 -5.24609100e-04  6.42771253e-08 -1.24288047e-03 
 6.43271253e-08  4.95815004e-04  6.43271253e-08  1.21584453e-03 
 6.43771253e-08 -4.66633489e-04  6.43771253e-08 -1.18811391e-03 
 6.44271253e-08  4.43293313e-04  6.44271253e-08  1.16351236e-03 
 6.44771253e-08 -4.19248277e-04  6.44771253e-08 -1.13803856e-03 
 6.45271253e-08  4.00256679e-04  6.45271253e-08  1.11550022e-03 
 6.45771253e-08 -3.80338295e-04  6.45771253e-08 -1.09196449e-03 
 6.46271253e-08  3.64818085e-04  6.46271253e-08  1.07119906e-03 
 6.46771253e-08 -3.48217542e-04  6.46771253e-08 -1.04934927e-03 
 6.47271253e-08  3.35471630e-04  6.47271253e-08  1.03012511e-03 
 6.47771253e-08 -3.21541388e-04  6.47771253e-08 -1.00975778e-03 
 6.48271253e-08  3.11015164e-04  6.48271253e-08  9.91886672e-04 
 6.48771253e-08 -2.99236898e-04  6.48771253e-08 -9.72834625e-04 
 6.49271253e-08  2.90488676e-04  6.49271253e-08  9.56161186e-04 
 6.49771253e-08 -2.80447508e-04  6.49771253e-08 -9.38284878e-04 
 6.50271253e-08  2.73125240e-04  6.50271253e-08  9.22679057e-04 
 6.50771253e-08 -2.64489056e-04  6.50771253e-08 -9.05860449e-04 
 6.51271253e-08  2.58311933e-04  6.51271253e-08  8.91212081e-04 
 6.51771253e-08 -2.50814804e-04  6.51771253e-08 -8.75350170e-04 
 6.52271253e-08  2.45558702e-04  6.52271253e-08  8.61564977e-04 
 6.52771253e-08 -2.38987619e-04  6.52771253e-08 -8.46572490e-04 
 6.53271253e-08  2.34473553e-04  6.53271253e-08  8.33569080e-04 
 6.53771253e-08 -2.28657810e-04  6.53771253e-08 -8.19369980e-04 
 6.54271253e-08  2.24742768e-04  6.54271253e-08  8.07077555e-04 
 6.54771253e-08 -2.19545477e-04  6.54771253e-08 -7.93605122e-04 
 6.55271253e-08  2.16115139e-04  6.55271253e-08  7.81961694e-04 
 6.55771253e-08 -2.11426446e-04  6.55771253e-08 -7.69157028e-04 
 6.56271253e-08  2.08389383e-04  6.56271253e-08  7.58108012e-04 
 6.56771253e-08 -2.04121052e-04  6.56771253e-08 -7.45918838e-04 
 6.57271253e-08  2.01404109e-04  6.57271253e-08  7.35415924e-04 
 6.57771253e-08 -1.97485190e-04  6.57771253e-08 -7.23795629e-04 
 6.58271253e-08  1.95029807e-04  6.58271253e-08  7.13795868e-04 
 6.58771253e-08 -1.91403178e-04  6.58771253e-08 -7.02702716e-04 
 6.59271253e-08  1.89162457e-04  6.59271253e-08  6.93167773e-04 
 6.59771253e-08 -1.85782060e-04  6.59771253e-08 -6.82564251e-04 
 6.60271253e-08  1.83718421e-04  6.60271253e-08  6.73459780e-04 
 6.60771253e-08 -1.80547053e-04  6.60771253e-08 -6.63312059e-04 
 6.61271253e-08  1.78630366e-04  6.61271253e-08  6.54607181e-04 
 6.61771253e-08 -1.75637918e-04  6.61771253e-08 -6.44884658e-04 
 6.62271253e-08  1.73844008e-04  6.62271253e-08  6.36551527e-04 
 6.62771253e-08 -1.71006051e-04  6.62771253e-08 -6.27226433e-04 
 6.63271253e-08  1.69315507e-04  6.63271253e-08  6.19239861e-04 
 6.63771253e-08 -1.66612167e-04  6.63771253e-08 -6.10286935e-04 
 6.64271253e-08  1.65009390e-04  6.64271253e-08  6.02624077e-04 
 6.64771253e-08 -1.62424446e-04  6.64771253e-08 -5.94020274e-04 
 6.65271253e-08  1.60896884e-04  6.65271253e-08  5.86660355e-04 
 6.65771253e-08 -1.58417047e-04  6.65771253e-08 -5.78384605e-04 
 6.66271253e-08  1.56954586e-04  6.66271253e-08  5.71308682e-04 
 6.66771253e-08 -1.54568923e-04  6.66771253e-08 -5.63341674e-04 
 6.67271253e-08  1.53163402e-04  6.67271253e-08  5.56532438e-04 
 6.67771253e-08 -1.50862874e-04  6.67771253e-08 -5.48856436e-04 
 6.68271253e-08  1.49507696e-04  6.68271253e-08  5.42298030e-04 
 6.68771253e-08 -1.47284789e-04  6.68771253e-08 -5.34896706e-04 
 6.69271253e-08  1.45974604e-04  6.69271253e-08  5.28574576e-04 
 6.69771253e-08 -1.43823032e-04  6.69771253e-08 -5.21432871e-04 
 6.70271253e-08  1.42553493e-04  6.70271253e-08  5.15333627e-04 
 6.70771253e-08 -1.40467966e-04  6.70771253e-08 -5.08437624e-04 
 6.71271253e-08  1.39235526e-04  6.71271253e-08  5.02548922e-04 
 6.71771253e-08 -1.37211552e-04  6.71771253e-08 -4.95885735e-04 
 6.72271253e-08  1.36013307e-04  6.72271253e-08  4.90196176e-04 
 6.72771253e-08 -1.34047047e-04  6.72771253e-08 -4.83753852e-04 
 6.73271253e-08  1.32880606e-04  6.73271253e-08  4.78252886e-04 
 6.73771253e-08 -1.30968750e-04  6.73771253e-08 -4.72020318e-04 
 6.74271253e-08  1.29832133e-04  6.74271253e-08  4.66698166e-04 
 6.74771253e-08 -1.27971800e-04  6.74771253e-08 -4.60665016e-04 
 6.75271253e-08  1.26863356e-04  6.75271253e-08  4.55512595e-04 
 6.75771253e-08 -1.25052018e-04  6.75771253e-08 -4.49669225e-04 
 6.76271253e-08  1.23970362e-04  6.76271253e-08  4.44678088e-04 
 6.76771253e-08 -1.22205779e-04  6.76771253e-08 -4.39015498e-04 
 6.77271253e-08  1.21149736e-04  6.77271253e-08  4.34177772e-04 
 6.77771253e-08 -1.19429907e-04  6.77771253e-08 -4.28687547e-04 
 6.78271253e-08  1.18398471e-04  6.78271253e-08  4.23995886e-04 
 6.78771253e-08 -1.16721591e-04  6.78771253e-08 -4.18670144e-04 
 6.79271253e-08  1.15713895e-04  6.79271253e-08  4.14117683e-04 
 6.79771253e-08 -1.14078322e-04  6.79771253e-08 -4.08949033e-04 
 6.80271253e-08  1.13093605e-04  6.80271253e-08  4.04529344e-04 
 6.80771253e-08 -1.11497837e-04  6.80771253e-08 -3.99510847e-04 
 6.81271253e-08  1.10535428e-04  6.81271253e-08  3.95217908e-04 
 6.81771253e-08 -1.08978076e-04  6.81771253e-08 -3.90343036e-04 
 6.82271253e-08  1.08037374e-04  6.82271253e-08  3.86171195e-04 
 6.82771253e-08 -1.06517149e-04  6.82771253e-08 -3.81433806e-04 
 6.83271253e-08  1.05597610e-04  6.83271253e-08  3.77377750e-04 
 6.83771253e-08 -1.04113305e-04  6.83771253e-08 -3.72772055e-04 
 6.84271253e-08  1.03214431e-04  6.84271253e-08  3.68826788e-04 
 6.84771253e-08 -1.01764916e-04  6.84771253e-08 -3.64347324e-04 
 6.85271253e-08  1.00886246e-04  6.85271253e-08  3.60508138e-04 
 6.85771253e-08 -9.94704488e-05  6.85771253e-08 -3.56149744e-04 
 6.86271253e-08  9.86115530e-05  6.86271253e-08  3.52412202e-04 
 6.86771253e-08 -9.72284604e-05  6.86771253e-08 -3.48170001e-04 
 6.87271253e-08  9.63889332e-05  6.87271253e-08  3.44529912e-04 
 6.87771253e-08 -9.50375798e-05  6.87771253e-08 -3.40399287e-04 
 6.88271253e-08  9.42170361e-05  6.88271253e-08  3.36852692e-04 
 6.88771253e-08 -9.28965008e-05  6.88771253e-08 -3.32829270e-04 
 6.89271253e-08  9.20945723e-05  6.89271253e-08  3.29372425e-04 
 6.89771253e-08 -9.08039733e-05  6.89771253e-08 -3.25452059e-04 
 6.90271253e-08  9.00203060e-05  6.90271253e-08  3.22081420e-04 
 6.90771253e-08 -8.87587974e-05  6.90771253e-08 -3.18260175e-04 
 6.91271253e-08  8.79930490e-05  6.91271253e-08  3.14972384e-04 
 6.91771253e-08 -8.67598180e-05  6.91771253e-08 -3.11246524e-04 
 6.92271253e-08  8.60116562e-05  6.92271253e-08  3.08038396e-04 
 6.92771253e-08 -8.48059200e-05  6.92771253e-08 -3.04404371e-04 
 6.93271253e-08  8.40750215e-05  6.93271253e-08  3.01272883e-04 
 6.93771253e-08 -8.28960255e-05  6.93771253e-08 -2.97727315e-04 
 6.94271253e-08  8.21820743e-05  6.94271253e-08  2.94669597e-04 
 6.94771253e-08 -8.10290903e-05  6.94771253e-08 -2.91209273e-04 
 6.95271253e-08  8.03317773e-05  6.95271253e-08  2.88222599e-04 
 6.95771253e-08 -7.92041013e-05  6.95771253e-08 -2.84844457e-04 
 6.96271253e-08  7.85231235e-05  6.96271253e-08  2.81926231e-04 
 6.96771253e-08 -7.74200750e-05  6.96771253e-08 -2.78627356e-04 
 6.97271253e-08  7.67551348e-05  6.97271253e-08  2.75775111e-04 
 6.97771253e-08 -7.56760551e-05  6.97771253e-08 -2.72552721e-04 
 6.98271253e-08  7.50268601e-05  6.98271253e-08  2.69764105e-04 
 6.98771253e-08 -7.39711112e-05  6.98771253e-08 -2.66615547e-04 
 6.99271253e-08  7.33373739e-05  6.99271253e-08  2.63888323e-04 
 6.99635626e-08 -7.19980269e-05  6.99635626e-08 -2.59744924e-04 
 7.00000000e-08  7.10807208e-05  7.00000000e-08  2.56037134e-04 
 7.00050000e-08 -9.78962418e-06  7.00050000e-08 -9.89968624e-05 
 7.00150000e-08  9.24044381e-06  7.00150000e-08  1.74740829e-05 
 7.00350000e-08  3.06961978e-06  7.00350000e-08  4.30286542e-05 
 7.00750000e-08 -6.99514626e-06  7.00750000e-08 -3.80648106e-07 
 7.01250000e-08  3.21377530e-05  7.01250000e-08  1.94226362e-04 
 7.01625000e-08  6.74442167e-06  7.01625000e-08  2.40953836e-04 
 7.02000000e-08 -4.81651919e-04  7.02000000e-08 -4.30973213e-04 
 7.02050000e-08 -3.56527475e-04  7.02050000e-08 -7.45528787e-04 
 7.02150000e-08  6.58334186e-04  7.02150000e-08 -2.01758260e-03 
 7.02350000e-08  2.53375546e-04  7.02350000e-08 -2.58707476e-03 
 7.02667500e-08 -4.21098180e-04  7.02667500e-08  1.95393143e-03 
 7.03028849e-08  4.05850480e-04  7.03028849e-08  2.37391853e-03 
 7.03488845e-08 -3.04406909e-04  7.03488845e-08 -2.14005367e-03 
 7.03988845e-08  2.43716635e-04  7.03988845e-08  8.97212501e-04 
 7.04488845e-08 -1.90768690e-04  7.04488845e-08 -5.03596736e-04 
 7.04988845e-08  1.50618455e-04  7.04988845e-08  3.52296769e-04 
 7.05488845e-08 -1.16950532e-04  7.05488845e-08 -1.75832869e-04 
 7.05988845e-08  9.09435010e-05  7.05988845e-08  1.14355623e-04 
 7.06488845e-08 -6.92778060e-05  7.06488845e-08 -3.27888438e-05 
 7.06988845e-08  5.25267198e-05  7.06988845e-08 -4.32326510e-06 
 7.07488845e-08 -3.85922416e-05  7.07488845e-08  4.81802778e-05 
 7.07988845e-08  2.79278398e-05  7.07988845e-08 -7.31204740e-05 
 7.08488845e-08 -1.90439881e-05  7.08488845e-08  9.95955202e-05 
 7.08988845e-08  1.23876497e-05  7.08988845e-08 -1.16694701e-04 
 7.09488845e-08 -6.81250490e-06  7.09488845e-08  1.33704125e-04 
 7.09988845e-08  2.78641613e-06  7.09988845e-08 -1.45362539e-04 
 7.10488845e-08  6.27757454e-07  7.10488845e-08  1.56537573e-04 
 7.10988845e-08 -2.93955856e-06  7.10988845e-08 -1.64332358e-04 
 7.11488845e-08  4.95223353e-06  7.11488845e-08  1.71634525e-04 
 7.11988845e-08 -6.15763641e-06  7.11988845e-08 -1.76633464e-04 
 7.12488845e-08  7.27333730e-06  7.12488845e-08  1.81327450e-04 
 7.12988845e-08 -7.77516874e-06  7.12988845e-08 -1.84316034e-04 
 7.13488845e-08  8.32219637e-06  7.13488845e-08  1.87073248e-04 
 7.13988845e-08 -8.38653167e-06  7.13988845e-08 -1.88619430e-04 
 7.14488845e-08  8.58393527e-06  7.14488845e-08  1.90029375e-04 
 7.14988845e-08 -8.38484279e-06  7.14988845e-08 -1.90529567e-04 
 7.15488845e-08  8.37480515e-06  7.15488845e-08  1.90967955e-04 
 7.15988845e-08 -8.02505669e-06  7.15988845e-08 -1.90709048e-04 
 7.16488845e-08  7.89939838e-06  7.16488845e-08  1.90443411e-04 
 7.16988845e-08 -7.47117702e-06  7.16988845e-08 -1.89633944e-04 
 7.17488845e-08  7.28835158e-06  7.17488845e-08  1.88856537e-04 
 7.17988845e-08 -6.82703608e-06  7.17988845e-08 -1.87647930e-04 
 7.18488845e-08  6.62348912e-06  7.18488845e-08  1.86497651e-04 
 7.18988845e-08 -6.15685238e-06  7.18988845e-08 -1.84999904e-04 
 7.19488845e-08  5.95460743e-06  7.19488845e-08  1.83577509e-04 
 7.19988845e-08 -5.49895015e-06  7.19988845e-08 -1.81870636e-04 
 7.20488845e-08  5.31066679e-06  7.20488845e-08  1.80249491e-04 
 7.20988845e-08 -4.87489907e-06  7.20988845e-08 -1.78391824e-04 
 7.21488845e-08  4.70723596e-06  7.21488845e-08  1.76625591e-04 
 7.21988845e-08 -4.29558359e-06  7.21988845e-08 -1.74659799e-04 
 7.22488845e-08  4.15142476e-06  7.22488845e-08  1.72787942e-04 
 7.22988845e-08 -3.76521429e-06  7.22988845e-08 -1.70745396e-04 
 7.23488845e-08  3.64513398e-06  7.23488845e-08  1.68797153e-04 
 7.23988845e-08 -3.28396122e-06  7.23988845e-08 -1.66701082e-04 
 7.24488845e-08  3.18717955e-06  7.24488845e-08  1.64698317e-04 
 7.24988845e-08 -2.84966671e-06  7.24988845e-08 -1.62566095e-04 
 7.25488845e-08  2.77466586e-06  7.25488845e-08  1.60525354e-04 
 7.25988845e-08 -2.45894481e-06  7.25988845e-08 -1.58370135e-04 
 7.26488845e-08  2.40385960e-06  7.26488845e-08  1.56304124e-04 
 7.26988845e-08 -2.10787390e-06  7.26988845e-08 -1.54136028e-04 
 7.27488845e-08  2.07073337e-06  7.27488845e-08  1.52054669e-04 
 7.27988845e-08 -1.79242106e-06  7.27988845e-08 -1.49881627e-04 
 7.28488845e-08  1.77129240e-06  7.28488845e-08  1.47792816e-04 
 7.28988845e-08 -1.50869118e-06  7.28988845e-08 -1.45621166e-04 
 7.29488845e-08  1.50176034e-06  7.29488845e-08  1.43531316e-04 
 7.29988845e-08 -1.25306281e-06  7.29988845e-08 -1.41366236e-04 
 7.30488845e-08  1.25867453e-06  7.30488845e-08  1.39280657e-04 
 7.30988845e-08 -1.02225193e-06  7.30988845e-08 -1.37126463e-04 
 7.31488845e-08  1.03892465e-06  7.31488845e-08  1.35049637e-04 
 7.31988845e-08 -8.13331333e-07  7.31988845e-08 -1.32909996e-04 
 7.32488845e-08  8.39756655e-07  7.32488845e-08  1.30845767e-04 
 7.32988845e-08 -6.23723151e-07  7.32988845e-08 -1.28723847e-04 
 7.33488845e-08  6.58756623e-07  7.33488845e-08  1.26675559e-04 
 7.33988845e-08 -4.51176659e-07  7.33988845e-08 -1.24574131e-04 
 7.34488845e-08  4.93823981e-07  7.34488845e-08  1.22544723e-04 
 7.34988845e-08 -2.93738559e-07  7.34988845e-08 -1.20466234e-04 
 7.35488845e-08  3.43139865e-07  7.35488845e-08  1.18458310e-04 
 7.35988845e-08 -1.49720477e-07  7.35988845e-08 -1.16404936e-04 
 7.36488845e-08  2.05134319e-07  7.36488845e-08  1.14420810e-04 
 7.36988845e-08 -1.76666327e-08  7.36988845e-08 -1.12394488e-04 
 7.37488845e-08  7.84546852e-08  7.37488845e-08  1.10436223e-04 
 7.37988845e-08  1.03676767e-07  7.37988845e-08 -1.08438681e-04 
 7.38488845e-08 -3.80639146e-08  7.38488845e-08  1.06508113e-04 
 7.38988845e-08  2.15389618e-07  7.38988845e-08 -1.04540886e-04 
 7.39488845e-08 -1.45425164e-07  7.39488845e-08  1.02639645e-04 
 7.39988845e-08  3.18402960e-07  7.39988845e-08 -1.00704093e-04 
 7.40488845e-08 -2.44495161e-07  7.40488845e-08  9.88336194e-05 
 7.40988845e-08  4.13521081e-07  7.40988845e-08 -9.69309357e-05 
 7.41488845e-08 -3.36023039e-07  7.41488845e-08  9.50924923e-05 
 7.41988845e-08  5.01440642e-07  7.41988845e-08 -9.32237162e-05 
 7.42488845e-08 -4.20658786e-07  7.42488845e-08  9.14184015e-05 
 7.42988845e-08  5.82767241e-07  7.42988845e-08 -8.95844268e-05 
 7.43488845e-08 -4.98968548e-07  7.43488845e-08  8.78131840e-05 
 7.43988845e-08  6.58029462e-07  7.43988845e-08 -8.60147670e-05 
 7.44488845e-08 -5.71447641e-07  7.44488845e-08  8.42783946e-05 
 7.44988845e-08  7.27690919e-07  7.44988845e-08 -8.25161628e-05 
 7.45488845e-08 -6.38531601e-07  7.45488845e-08  8.08153232e-05 
 7.45988845e-08  7.92160311e-07  7.45988845e-08 -7.90897825e-05 
 7.46488845e-08 -7.00605406e-07  7.46488845e-08  7.74250113e-05 
 7.46988845e-08  8.51799976e-07  7.46988845e-08 -7.57365538e-05 
 7.47488845e-08 -7.58011408e-07  7.47488845e-08  7.41082681e-05 
 7.47988845e-08  9.06932999e-07  7.47988845e-08 -7.24571799e-05 
 7.48488845e-08 -8.11055703e-07  7.48488845e-08  7.08656863e-05 
 7.48988845e-08  9.57849230e-07  7.48988845e-08 -6.92521545e-05 
 7.49488845e-08 -8.60013835e-07  7.49488845e-08  6.76976576e-05 
 7.49988845e-08  1.00481025e-06  7.49988845e-08 -6.61217772e-05 
 7.50488845e-08 -9.05135092e-07  7.50488845e-08  6.46043871e-05 
 7.50988845e-08  1.04805354e-06  7.50988845e-08 -6.30661685e-05 
 7.51488845e-08 -9.46646535e-07  7.51488845e-08  6.15859083e-05 
 7.51988845e-08  1.08779595e-06  7.51988845e-08 -6.00852837e-05 
 7.52488845e-08 -9.84756069e-07  7.52488845e-08  5.86420964e-05 
 7.52988845e-08  1.12423661e-06  7.52988845e-08 -5.71789262e-05 
 7.53488845e-08 -1.01965506e-06  7.53488845e-08  5.57726819e-05 
 7.53988845e-08  1.15755928e-06  7.53988845e-08 -5.43467614e-05 
 7.54488845e-08 -1.05152057e-06  7.54488845e-08  5.29772636e-05 
 7.54988845e-08  1.18793439e-06  7.54988845e-08 -5.15883281e-05 
 7.55488845e-08 -1.08051719e-06  7.55488845e-08  5.02553200e-05 
 7.55988845e-08  1.21552069e-06  7.55988845e-08 -4.89030512e-05 
 7.56488845e-08 -1.10679850e-06  7.56488845e-08  4.76062213e-05 
 7.56988845e-08  1.24046663e-06  7.56988845e-08 -4.62902525e-05 
 7.57488845e-08 -1.13050842e-06  7.57488845e-08  4.50292404e-05 
 7.57988845e-08  1.26291158e-06  7.57988845e-08 -4.37491610e-05 
 7.58488845e-08 -1.15178225e-06  7.58488845e-08  4.25235624e-05 
 7.58988845e-08  1.28298672e-06  7.58988845e-08 -4.12789233e-05 
 7.59488845e-08 -1.17074754e-06  7.59488845e-08  4.00882949e-05 
 7.59988845e-08  1.30081592e-06  7.59988845e-08 -3.88786125e-05 
 7.60488845e-08 -1.18752484e-06  7.60488845e-08  3.77224764e-05 
 7.60988845e-08  1.31651639e-06  7.60988845e-08 -3.65472371e-05 
 7.61488845e-08 -1.20222842e-06  7.61488845e-08  3.54250850e-05 
 7.61988845e-08  1.33019933e-06  7.61988845e-08 -3.42837486e-05 
 7.62488845e-08 -1.21496667e-06  7.62488845e-08  3.31950460e-05 
 7.62988845e-08  1.34197035e-06  7.62988845e-08 -3.20870497e-05 
 7.63488845e-08 -1.22584272e-06  7.63488845e-08  3.10312393e-05 
 7.63988845e-08  1.35192993e-06  7.63988845e-08 -2.99560006e-05 
 7.64488845e-08 -1.23495467e-06  7.64488845e-08  2.89325055e-05 
 7.64988845e-08  1.36017381e-06  7.64988845e-08 -2.78894257e-05 
 7.65488845e-08 -1.24239608e-06  7.65488845e-08  2.68976528e-05 
 7.65988845e-08  1.36679327e-06  7.65988845e-08 -2.58861195e-05 
 7.66488845e-08 -1.24825619e-06  7.66488845e-08  2.49254620e-05 
 7.66988845e-08  1.37187545e-06  7.66988845e-08 -2.39448519e-05 
 7.67488845e-08 -1.25262020e-06  7.67488845e-08  2.30146924e-05 
 7.67988845e-08  1.37550354e-06  7.67988845e-08 -2.20643735e-05 
 7.68488845e-08 -1.25556949e-06  7.68488845e-08  2.11640857e-05 
 7.68988845e-08  1.37775708e-06  7.68988845e-08 -2.02434196e-05 
 7.69488845e-08 -1.25718186e-06  7.69488845e-08  1.93723713e-05 
 7.69988845e-08  1.37871206e-06  7.69988845e-08 -1.84807152e-05 
 7.70488845e-08 -1.25753169e-06  7.70488845e-08  1.76382695e-05 
 7.70988845e-08  1.37844117e-06  7.70988845e-08 -1.67749780e-05 
 7.71488845e-08 -1.25669008e-06  7.71488845e-08  1.59604956e-05 
 7.71988845e-08  1.37701396e-06  7.71988845e-08 -1.51249223e-05 
 7.72488845e-08 -1.25472512e-06  7.72488845e-08  1.43377631e-05 
 7.72988845e-08  1.37449693e-06  7.72988845e-08 -1.35292622e-05 
 7.73488845e-08 -1.25170185e-06  7.73488845e-08  1.27687867e-05 
 7.73988845e-08  1.37095368e-06  7.73988845e-08 -1.19867142e-05 
 7.74488845e-08 -1.24768257e-06  7.74488845e-08  1.12522847e-05 
 7.74988845e-08  1.36644510e-06  7.74988845e-08 -1.04959999e-05 
 7.75488845e-08 -1.24272679e-06  7.75488845e-08  9.78698213e-06 
 7.75988845e-08  1.36102940e-06  7.75988845e-08 -9.05584841e-06 
 7.76488845e-08 -1.23689157e-06  7.76488845e-08  8.37161217e-06 
 7.76988845e-08  1.35476230e-06  7.76988845e-08 -7.66499818e-06 
 7.77488845e-08 -1.23023134e-06  7.77488845e-08  7.00491866e-06 
 7.77988845e-08  1.34769705e-06  7.77988845e-08 -6.32219910e-06 
 7.78488845e-08 -1.22279827e-06  7.78488845e-08  5.68565753e-06 
 7.78988845e-08  1.33988463e-06  7.78988845e-08 -5.02621401e-06 
 7.79488845e-08 -1.21464217e-06  7.79488845e-08  4.41259858e-06 
 7.79988845e-08  1.33137371e-06  7.79988845e-08 -3.77582027e-06 
 7.80488845e-08 -1.20581070e-06  7.80488845e-08  3.18452670e-06 
 7.80988845e-08  1.32221087e-06  7.80988845e-08 -2.56981093e-06 
 7.81488845e-08 -1.19634942e-06  7.81488845e-08  2.00024314e-06 
 7.81988845e-08  1.31244062e-06  7.81988845e-08 -1.40699594e-06 
 7.82488845e-08 -1.18630182e-06  7.82488845e-08  8.58566565e-07 
 7.82988845e-08  1.30210545e-06  7.82988845e-08 -2.86203156e-07 
 7.83488845e-08 -1.17570946e-06  7.83488845e-08 -2.41666059e-07 
 7.83988845e-08  1.29124600e-06  7.83988845e-08  7.93720887e-07 
 7.84488845e-08 -1.16461209e-06  7.84488845e-08 -1.30159858e-06 
 7.84988845e-08  1.27990102e-06  7.84988845e-08  1.83391018e-06 
 7.85488845e-08 -1.15304757e-06  7.85488845e-08 -2.32235518e-06 
 7.85988845e-08  1.26810755e-06  7.85988845e-08  2.83547867e-06 
 7.86488845e-08 -1.14105210e-06  7.86488845e-08 -3.30503959e-06 
 7.86988845e-08  1.25590091e-06  7.86988845e-08  3.79951970e-06 
 7.87488845e-08 -1.12866021e-06  7.87488845e-08 -4.25073482e-06 
 7.87988845e-08  1.24331480e-06  7.87988845e-08  4.72710564e-06 
 7.88488845e-08 -1.11590481e-06  7.88488845e-08 -5.16050266e-06 
 7.88988845e-08  1.23038134e-06  7.88988845e-08  5.61928755e-06 
 7.89488845e-08 -1.10281730e-06  7.89488845e-08 -6.03538347e-06 
 7.89988845e-08  1.21713119e-06  7.89988845e-08  6.47709492e-06 
 7.90488845e-08 -1.08942758e-06  7.90488845e-08 -6.87639590e-06 
 7.90988845e-08  1.20359352e-06  7.90988845e-08  7.30153543e-06 
 7.91488845e-08 -1.07576415e-06  7.91488845e-08 -7.68453681e-06 
 7.91988845e-08  1.18979613e-06  7.91988845e-08  8.09359500e-06 
 7.92488845e-08 -1.06185416e-06  7.92488845e-08 -8.46078114e-06 
 7.92988845e-08  1.17576550e-06  7.92988845e-08  8.85423755e-06 
 7.93488845e-08 -1.04772344e-06  7.93488845e-08 -9.20608197e-06 
 7.93988845e-08  1.16152681e-06  7.93988845e-08  9.58440518e-06 
 7.94488845e-08 -1.03339656e-06  7.94488845e-08 -9.92137037e-06 
 7.94988845e-08  1.14710401e-06  7.94988845e-08  1.02850180e-05 
 7.95488845e-08 -1.01889688e-06  7.95488845e-08 -1.06075557e-05 
 7.95988845e-08  1.13251989e-06  7.95988845e-08  1.09569744e-05 
 7.96488845e-08 -1.00424664e-06  7.96488845e-08 -1.12655254e-05 
 7.96988845e-08  1.11779608e-06  7.96988845e-08  1.16011511e-05 
 7.97488845e-08 -9.89466908e-07  7.97488845e-08 -1.18961456e-05 
 7.97988845e-08  1.10295311e-06  7.97988845e-08  1.22184035e-05 
 7.98488845e-08 -9.74577715e-07  7.98488845e-08 -1.25002608e-05 
 7.98988845e-08  1.08801052e-06  7.98988845e-08  1.28095654e-05 
 7.99488845e-08 -9.59598086e-07  7.99488845e-08 -1.30786946e-05 
 7.99744422e-08  1.06578120e-06  7.99744422e-08  1.36375125e-05 
 8.00000000e-08 -9.30093875e-07  8.00000000e-08 -1.41395454e-05 
 8.00050000e-08  2.18031404e-05  8.00050000e-08  2.54168152e-04 
 8.00150000e-08 -6.21907008e-06  8.00150000e-08  3.11565403e-05 
 8.00350000e-08 -1.41279477e-05  8.00350000e-08 -8.01920136e-05 
 8.00750000e-08  1.15107307e-05  8.00750000e-08 -1.21025812e-04 
 8.01250000e-08 -6.78170325e-05  8.01250000e-08 -2.66847298e-04 
 8.01625000e-08 -1.09367707e-04  8.01625000e-08 -5.62878423e-04 
 8.02000000e-08  9.10167973e-04  8.02000000e-08  5.77028897e-04 
 8.02050000e-08  2.18292979e-04  8.02050000e-08  8.04321064e-04 
 8.02150000e-08 -7.53714004e-04  8.02150000e-08  2.90328450e-03 
 8.02350000e-08 -2.02245511e-04  8.02350000e-08  3.50192851e-03 
 8.02639432e-08  1.81815455e-04  8.02639432e-08 -2.66030925e-03 
 8.02956788e-08 -9.48978497e-05  8.02956788e-08 -1.18710985e-03 
 8.03456788e-08  7.56267483e-05  8.03456788e-08  1.65309956e-04 
 8.03956788e-08 -6.32061674e-05  8.03956788e-08  2.14957986e-04 
 8.04456788e-08  5.47815666e-05  8.04456788e-08 -6.82384305e-05 
 8.04956788e-08 -4.82119265e-05  8.04956788e-08  9.54049191e-05 
 8.05456788e-08  4.31493305e-05  8.05456788e-08 -6.52165601e-05 
 8.05956788e-08 -3.87039057e-05  8.05956788e-08  5.72067686e-05 
 8.06456788e-08  3.50921348e-05  8.06456788e-08 -4.54407858e-05 
 8.06956788e-08 -3.17034052e-05  8.06956788e-08  3.81253776e-05 
 8.07456788e-08  2.89195933e-05  8.07456788e-08 -3.19209121e-05 
 8.07956788e-08 -2.62042246e-05  8.07956788e-08  2.74397291e-05 
 8.08456788e-08  2.39905965e-05  8.08456788e-08 -2.39977899e-05 
 8.08956788e-08 -2.17665129e-05  8.08956788e-08  2.15105793e-05 
 8.09456788e-08  1.99847166e-05  8.09456788e-08 -1.96862129e-05 
 8.09956788e-08 -1.81427407e-05  8.09956788e-08  1.84425626e-05 
 8.10456788e-08  1.67024787e-05  8.10456788e-08 -1.75900926e-05 
 8.10956788e-08 -1.51664056e-05  8.10956788e-08  1.70943250e-05 
 8.11456788e-08  1.40016606e-05  8.11456788e-08 -1.68135210e-05 
 8.11956788e-08 -1.27138135e-05  8.11956788e-08  1.67481424e-05 
 8.12456788e-08  1.17734654e-05  8.12456788e-08 -1.67850637e-05 
 8.12956788e-08 -1.06884101e-05  8.12956788e-08  1.69477715e-05 
 8.13456788e-08  9.93173747e-06  8.13456788e-08 -1.71415315e-05 
 8.13956788e-08 -9.01296362e-06  8.13956788e-08  1.74049534e-05 
 8.14456788e-08  8.40705736e-06  8.14456788e-08 -1.76553532e-05 
 8.14956788e-08 -7.62491865e-06  8.14956788e-08  1.79413058e-05 
 8.15456788e-08  7.14297700e-06  8.15456788e-08 -1.81880315e-05 
 8.15956788e-08 -6.47326383e-06  8.15956788e-08  1.84506502e-05 
 8.16456788e-08  6.09336453e-06  8.16456788e-08 -1.86595173e-05 
 8.16956788e-08 -5.51624353e-06  8.16956788e-08  1.88740035e-05 
 8.17456788e-08  5.22041144e-06  8.17456788e-08 -1.90277375e-05 
 8.17956788e-08 -4.71960485e-06  8.17956788e-08  1.91827959e-05 
 8.18456788e-08  4.49308058e-06  8.18456788e-08 -1.92748307e-05 
 8.18956788e-08 -4.05521499e-06  8.18956788e-08  1.93675880e-05 
 8.19456788e-08  3.88586990e-06  8.19456788e-08 -1.93979103e-05 
 8.19728394e-08 -3.29364487e-06  8.19728394e-08  1.94230812e-05 
 8.20000000e-08  3.01339170e-06  8.20000000e-08 -1.93249531e-05 
 8.20050000e-08  5.14366090e-06  8.20050000e-08  5.89820839e-05 
 8.20150000e-08 -1.71923245e-06  8.20150000e-08  2.84913601e-05 
 8.20350000e-08 -3.50224939e-06  8.20350000e-08 -3.61179795e-05 
 8.20750000e-08  3.84490329e-06  8.20750000e-08 -2.34288083e-05 
 8.21250000e-08 -1.68204235e-05  8.21250000e-08 -5.79761643e-05 
 8.21625000e-08 -8.02143289e-05  8.21625000e-08 -2.01734616e-04 
 8.22000000e-08  1.20854974e-03  8.22000000e-08 -1.30775254e-04 
 8.22050000e-08  1.23393810e-03  8.22050000e-08 -4.16782515e-04 
 8.22150000e-08  1.17022964e-03  8.22150000e-08  1.05531984e-03 
 8.22350000e-08 -1.30868506e-03  8.22350000e-08  5.54414601e-03 
 8.22750000e-08 -3.14464675e-02  8.22750000e-08  4.55994276e-03 
 8.23250000e-08  9.19042496e-01  8.23250000e-08 -9.07293267e-03 
 8.23750000e-08  1.25751975e+00  8.23750000e-08 -3.76379636e-02 
 8.24250000e-08  1.15276582e+00  8.24250000e-08 -4.10611557e-02 
 8.24750000e-08  1.23572831e+00  8.24750000e-08  9.59958169e-01 
 8.25250000e-08  1.17058865e+00  8.25250000e-08  2.90633158e+00 
 8.25750000e-08  1.22329057e+00  8.25750000e-08  3.29971146e+00 
 8.26250000e-08  1.18085287e+00  8.26250000e-08  3.24734601e+00 
 8.26750000e-08  1.21535751e+00  8.26750000e-08  3.30519089e+00 
 8.27250000e-08  1.18740997e+00  8.27250000e-08  3.28749228e+00 
 8.27750000e-08  1.21015909e+00  8.27750000e-08  3.30341590e+00 
 8.28250000e-08  1.19168821e+00  8.28250000e-08  3.29621927e+00 
 8.28750000e-08  1.20673238e+00  8.28750000e-08  3.30167826e+00 
 8.29250000e-08  1.19449784e+00  8.29250000e-08  3.29862007e+00 
 8.29750000e-08  1.20449570e+00  8.29750000e-08  3.30075464e+00 
 8.30250000e-08  1.19637300e+00  8.30250000e-08  3.29948147e+00 
 8.30750000e-08  1.20298113e+00  8.30750000e-08  3.30026707e+00 
 8.31250000e-08  1.19758381e+00  8.31250000e-08  3.29988383e+00 
 8.31750000e-08  1.20198127e+00  8.31750000e-08  3.29998712e+00 
 8.32250000e-08  1.19838918e+00  8.32250000e-08  3.30010835e+00 
 8.32750000e-08  1.20131894e+00  8.32750000e-08  3.29981613e+00 
 8.33250000e-08  1.19892549e+00  8.33250000e-08  3.30024434e+00 
 8.33750000e-08  1.20087886e+00  8.33750000e-08  3.29970992e+00 
 8.34250000e-08  1.19928324e+00  8.34250000e-08  3.30032751e+00 
 8.34750000e-08  1.20058554e+00  8.34750000e-08  3.29964564e+00 
 8.35250000e-08  1.19952244e+00  8.35250000e-08  3.30037614e+00 
 8.35750000e-08  1.20038944e+00  8.35750000e-08  3.29960965e+00 
 8.36250000e-08  1.19968278e+00  8.36250000e-08  3.30040138e+00 
 8.36750000e-08  1.20025788e+00  8.36750000e-08  3.29959300e+00 
 8.37250000e-08  1.19979062e+00  8.37250000e-08  3.30041066e+00 
 8.37750000e-08  1.20016930e+00  8.37750000e-08  3.29958952e+00 
 8.38250000e-08  1.19986341e+00  8.38250000e-08  3.30040915e+00 
 8.38750000e-08  1.20010940e+00  8.38750000e-08  3.29959487e+00 
 8.39250000e-08  1.19991275e+00  8.39250000e-08  3.30040049e+00 
 8.39750000e-08  1.20006872e+00  8.39750000e-08  3.29960599e+00 
 8.40250000e-08  1.19994636e+00  8.40250000e-08  3.30038728e+00 
 8.40750000e-08  1.20004094e+00  8.40750000e-08  3.29962069e+00 
 8.41250000e-08  1.19996938e+00  8.41250000e-08  3.30037132e+00 
 8.41750000e-08  1.20002186e+00  8.41750000e-08  3.29963747e+00 
 8.42250000e-08  1.19998523e+00  8.42250000e-08  3.30035388e+00 
 8.42750000e-08  1.20000868e+00  8.42750000e-08  3.29965524e+00 
 8.43250000e-08  1.19999621e+00  8.43250000e-08  3.30033586e+00 
 8.43750000e-08  1.19999951e+00  8.43750000e-08  3.29967329e+00 
 8.44250000e-08  1.20000388e+00  8.44250000e-08  3.30031784e+00 
 8.44750000e-08  1.19999310e+00  8.44750000e-08  3.29969112e+00 
 8.45250000e-08  1.20000925e+00  8.45250000e-08  3.30030023e+00 
 8.45750000e-08  1.19998860e+00  8.45750000e-08  3.29970840e+00 
 8.46250000e-08  1.20001304e+00  8.46250000e-08  3.30028328e+00 
 8.46750000e-08  1.19998541e+00  8.46750000e-08  3.29972494e+00 
 8.47250000e-08  1.20001572e+00  8.47250000e-08  3.30026714e+00 
 8.47750000e-08  1.19998316e+00  8.47750000e-08  3.29974063e+00 
 8.48250000e-08  1.20001762e+00  8.48250000e-08  3.30025189e+00 
 8.48750000e-08  1.19998157e+00  8.48750000e-08  3.29975540e+00 
 8.49250000e-08  1.20001895e+00  8.49250000e-08  3.30023758e+00 
 8.49750000e-08  1.19998046e+00  8.49750000e-08  3.29976924e+00 
 8.50250000e-08  1.20001987e+00  8.50250000e-08  3.30022419e+00 
 8.50750000e-08  1.19997969e+00  8.50750000e-08  3.29978216e+00 
 8.51250000e-08  1.20002050e+00  8.51250000e-08  3.30021171e+00 
 8.51750000e-08  1.19997918e+00  8.51750000e-08  3.29979420e+00 
 8.52250000e-08  1.20002091e+00  8.52250000e-08  3.30020010e+00 
 8.52750000e-08  1.19997887e+00  8.52750000e-08  3.29980539e+00 
 8.53250000e-08  1.20002114e+00  8.53250000e-08  3.30018930e+00 
 8.53750000e-08  1.19997870e+00  8.53750000e-08  3.29981579e+00 
 8.54250000e-08  1.20002125e+00  8.54250000e-08  3.30017928e+00 
 8.54750000e-08  1.19997864e+00  8.54750000e-08  3.29982544e+00 
 8.55250000e-08  1.20002126e+00  8.55250000e-08  3.30016998e+00 
 8.55750000e-08  1.19997867e+00  8.55750000e-08  3.29983440e+00 
 8.56250000e-08  1.20002119e+00  8.56250000e-08  3.30016135e+00 
 8.56750000e-08  1.19997878e+00  8.56750000e-08  3.29984272e+00 
 8.57250000e-08  1.20002106e+00  8.57250000e-08  3.30015333e+00 
 8.57750000e-08  1.19997893e+00  8.57750000e-08  3.29985044e+00 
 8.58250000e-08  1.20002089e+00  8.58250000e-08  3.30014588e+00 
 8.58750000e-08  1.19997913e+00  8.58750000e-08  3.29985762e+00 
 8.59250000e-08  1.20002067e+00  8.59250000e-08  3.30013896e+00 
 8.59750000e-08  1.19997936e+00  8.59750000e-08  3.29986430e+00 
 8.60250000e-08  1.20002042e+00  8.60250000e-08  3.30013252e+00 
 8.60750000e-08  1.19997962e+00  8.60750000e-08  3.29987051e+00 
 8.61250000e-08  1.20002015e+00  8.61250000e-08  3.30012652e+00 
 8.61750000e-08  1.19997991e+00  8.61750000e-08  3.29987630e+00 
 8.62250000e-08  1.20001985e+00  8.62250000e-08  3.30012093e+00 
 8.62750000e-08  1.19998021e+00  8.62750000e-08  3.29988171e+00 
 8.63250000e-08  1.20001955e+00  8.63250000e-08  3.30011570e+00 
 8.63750000e-08  1.19998052e+00  8.63750000e-08  3.29988676e+00 
 8.64250000e-08  1.20001922e+00  8.64250000e-08  3.30011082e+00 
 8.64750000e-08  1.19998085e+00  8.64750000e-08  3.29989148e+00 
 8.65250000e-08  1.20001889e+00  8.65250000e-08  3.30010625e+00 
 8.65750000e-08  1.19998118e+00  8.65750000e-08  3.29989590e+00 
 8.66250000e-08  1.20001856e+00  8.66250000e-08  3.30010197e+00 
 8.66750000e-08  1.19998152e+00  8.66750000e-08  3.29990005e+00 
 8.67250000e-08  1.20001821e+00  8.67250000e-08  3.30009795e+00 
 8.67750000e-08  1.19998187e+00  8.67750000e-08  3.29990395e+00 
 8.68250000e-08  1.20001787e+00  8.68250000e-08  3.30009417e+00 
 8.68750000e-08  1.19998222e+00  8.68750000e-08  3.29990762e+00 
 8.69250000e-08  1.20001752e+00  8.69250000e-08  3.30009061e+00 
 8.69750000e-08  1.19998257e+00  8.69750000e-08  3.29991108e+00 
 8.70250000e-08  1.20001717e+00  8.70250000e-08  3.30008725e+00 
 8.70750000e-08  1.19998292e+00  8.70750000e-08  3.29991434e+00 
 8.71250000e-08  1.20001682e+00  8.71250000e-08  3.30008408e+00 
 8.71750000e-08  1.19998327e+00  8.71750000e-08  3.29991742e+00 
 8.72250000e-08  1.20001647e+00  8.72250000e-08  3.30008108e+00 
 8.72750000e-08  1.19998361e+00  8.72750000e-08  3.29992034e+00 
 8.73250000e-08  1.20001612e+00  8.73250000e-08  3.30007824e+00 
 8.73750000e-08  1.19998396e+00  8.73750000e-08  3.29992311e+00 
 8.74250000e-08  1.20001578e+00  8.74250000e-08  3.30007554e+00 
 8.74750000e-08  1.19998430e+00  8.74750000e-08  3.29992573e+00 
 8.75250000e-08  1.20001543e+00  8.75250000e-08  3.30007298e+00 
 8.75750000e-08  1.19998464e+00  8.75750000e-08  3.29992823e+00 
 8.76250000e-08  1.20001509e+00  8.76250000e-08  3.30007055e+00 
 8.76750000e-08  1.19998498e+00  8.76750000e-08  3.29993061e+00 
 8.77250000e-08  1.20001476e+00  8.77250000e-08  3.30006822e+00 
 8.77750000e-08  1.19998531e+00  8.77750000e-08  3.29993288e+00 
 8.78250000e-08  1.20001443e+00  8.78250000e-08  3.30006601e+00 
 8.78750000e-08  1.19998564e+00  8.78750000e-08  3.29993505e+00 
 8.79250000e-08  1.20001410e+00  8.79250000e-08  3.30006389e+00 
 8.79750000e-08  1.19998597e+00  8.79750000e-08  3.29993712e+00 
 8.80250000e-08  1.20001378e+00  8.80250000e-08  3.30006186e+00 
 8.80750000e-08  1.19998629e+00  8.80750000e-08  3.29993911e+00 
 8.81250000e-08  1.20001346e+00  8.81250000e-08  3.30005991e+00 
 8.81750000e-08  1.19998661e+00  8.81750000e-08  3.29994101e+00 
 8.82250000e-08  1.20001314e+00  8.82250000e-08  3.30005805e+00 
 8.82750000e-08  1.19998692e+00  8.82750000e-08  3.29994284e+00 
 8.83250000e-08  1.20001283e+00  8.83250000e-08  3.30005626e+00 
 8.83750000e-08  1.19998723e+00  8.83750000e-08  3.29994460e+00 
 8.84250000e-08  1.20001253e+00  8.84250000e-08  3.30005453e+00 
 8.84750000e-08  1.19998753e+00  8.84750000e-08  3.29994629e+00 
 8.85250000e-08  1.20001223e+00  8.85250000e-08  3.30005287e+00 
 8.85750000e-08  1.19998783e+00  8.85750000e-08  3.29994792e+00 
 8.86250000e-08  1.20001193e+00  8.86250000e-08  3.30005127e+00 
 8.86750000e-08  1.19998812e+00  8.86750000e-08  3.29994950e+00 
 8.87250000e-08  1.20001164e+00  8.87250000e-08  3.30004972e+00 
 8.87750000e-08  1.19998841e+00  8.87750000e-08  3.29995102e+00 
 8.88250000e-08  1.20001135e+00  8.88250000e-08  3.30004822e+00 
 8.88750000e-08  1.19998870e+00  8.88750000e-08  3.29995249e+00 
 8.89250000e-08  1.20001107e+00  8.89250000e-08  3.30004678e+00 
 8.89750000e-08  1.19998898e+00  8.89750000e-08  3.29995391e+00 
 8.90250000e-08  1.20001079e+00  8.90250000e-08  3.30004538e+00 
 8.90750000e-08  1.19998925e+00  8.90750000e-08  3.29995529e+00 
 8.91250000e-08  1.20001052e+00  8.91250000e-08  3.30004402e+00 
 8.91750000e-08  1.19998952e+00  8.91750000e-08  3.29995663e+00 
 8.92250000e-08  1.20001025e+00  8.92250000e-08  3.30004270e+00 
 8.92750000e-08  1.19998979e+00  8.92750000e-08  3.29995793e+00 
 8.93250000e-08  1.20000999e+00  8.93250000e-08  3.30004142e+00 
 8.93750000e-08  1.19999005e+00  8.93750000e-08  3.29995919e+00 
 8.94250000e-08  1.20000973e+00  8.94250000e-08  3.30004017e+00 
 8.94750000e-08  1.19999030e+00  8.94750000e-08  3.29996042e+00 
 8.95250000e-08  1.20000948e+00  8.95250000e-08  3.30003896e+00 
 8.95750000e-08  1.19999056e+00  8.95750000e-08  3.29996162e+00 
 8.96250000e-08  1.20000923e+00  8.96250000e-08  3.30003778e+00 
 8.96750000e-08  1.19999080e+00  8.96750000e-08  3.29996278e+00 
 8.97250000e-08  1.20000898e+00  8.97250000e-08  3.30003663e+00 
 8.97750000e-08  1.19999105e+00  8.97750000e-08  3.29996391e+00 
 8.98250000e-08  1.20000874e+00  8.98250000e-08  3.30003551e+00 
 8.98750000e-08  1.19999129e+00  8.98750000e-08  3.29996502e+00 
 8.99250000e-08  1.20000850e+00  8.99250000e-08  3.30003442e+00 
 8.99625000e-08  1.19999156e+00  8.99625000e-08  3.29996628e+00 
 9.00000000e-08  1.20000819e+00  9.00000000e-08  3.30003301e+00 
 9.00050000e-08  1.19996358e+00  9.00050000e-08  3.29976121e+00 
 9.00150000e-08  1.20000201e+00  9.00150000e-08  3.29984160e+00 
 9.00350000e-08  1.20003194e+00  9.00350000e-08  3.30004848e+00 
 9.00750000e-08  1.19997163e+00  9.00750000e-08  3.30011960e+00 
 9.01250000e-08  1.20016475e+00  9.01250000e-08  3.30100281e+00 
 9.01625000e-08  1.20028750e+00  9.01625000e-08  3.30184609e+00 
 9.02000000e-08  1.19886977e+00  9.02000000e-08  3.30088150e+00 
 9.02050000e-08  1.19875476e+00  9.02050000e-08  3.30080112e+00 
 9.02150000e-08  1.20048174e+00  9.02150000e-08  3.29948776e+00 
 9.02350000e-08  1.20149306e+00  9.02350000e-08  3.29553965e+00 
 9.02750000e-08  1.19874484e+00  9.02750000e-08  3.29537781e+00 
 9.03127538e-08  1.20066961e+00  9.03127538e-08  3.30403246e+00 
 9.03528699e-08  1.19955192e+00  9.03528699e-08  3.30101123e+00 
 9.04028699e-08  1.20025321e+00  9.04028699e-08  3.29999329e+00 
 9.04528699e-08  1.19984649e+00  9.04528699e-08  3.30005078e+00 
 9.05028699e-08  1.20006877e+00  9.05028699e-08  3.29976466e+00 
 9.05528699e-08  1.19998369e+00  9.05528699e-08  3.29999894e+00 
 9.06028699e-08  1.19997746e+00  9.06028699e-08  3.29985285e+00 
 9.06528699e-08  1.20004609e+00  9.06528699e-08  3.30003122e+00 
 9.07028699e-08  1.19993815e+00  9.07028699e-08  3.29990048e+00 
 9.07528699e-08  1.20006964e+00  9.07528699e-08  3.30005583e+00 
 9.08028699e-08  1.19992646e+00  9.08028699e-08  3.29991512e+00 
 9.08528699e-08  1.20007331e+00  9.08528699e-08  3.30006973e+00 
 9.09028699e-08  1.19992852e+00  9.09028699e-08  3.29991784e+00 
 9.09528699e-08  1.20006758e+00  9.09528699e-08  3.30007684e+00 
 9.10028699e-08  1.19993663e+00  9.10028699e-08  3.29991772e+00 
 9.10528699e-08  1.20005818e+00  9.10528699e-08  3.30008006e+00 
 9.11028699e-08  1.19994670e+00  9.11028699e-08  3.29991774e+00 
 9.11528699e-08  1.20004805e+00  9.11528699e-08  3.30008090e+00 
 9.12028699e-08  1.19995662e+00  9.12028699e-08  3.29991842e+00 
 9.12528699e-08  1.20003862e+00  9.12528699e-08  3.30008038e+00 
 9.13028699e-08  1.19996547e+00  9.13028699e-08  3.29991969e+00 
 9.13528699e-08  1.20003046e+00  9.13528699e-08  3.30007911e+00 
 9.14028699e-08  1.19997294e+00  9.14028699e-08  3.29992135e+00 
 9.14528699e-08  1.20002371e+00  9.14528699e-08  3.30007744e+00 
 9.15028699e-08  1.19997902e+00  9.15028699e-08  3.29992321e+00 
 9.15528699e-08  1.20001827e+00  9.15528699e-08  3.30007561e+00 
 9.16028699e-08  1.19998387e+00  9.16028699e-08  3.29992512e+00 
 9.16528699e-08  1.20001399e+00  9.16528699e-08  3.30007374e+00 
 9.17028699e-08  1.19998766e+00  9.17028699e-08  3.29992701e+00 
 9.17528699e-08  1.20001065e+00  9.17528699e-08  3.30007192e+00 
 9.18028699e-08  1.19999059e+00  9.18028699e-08  3.29992881e+00 
 9.18528699e-08  1.20000809e+00  9.18528699e-08  3.30007019e+00 
 9.19028699e-08  1.19999283e+00  9.19028699e-08  3.29993052e+00 
 9.19528699e-08  1.20000614e+00  9.19528699e-08  3.30006856e+00 
 9.20028699e-08  1.19999454e+00  9.20028699e-08  3.29993210e+00 
 9.20528699e-08  1.20000465e+00  9.20528699e-08  3.30006704e+00 
 9.21028699e-08  1.19999583e+00  9.21028699e-08  3.29993358e+00 
 9.21528699e-08  1.20000353e+00  9.21528699e-08  3.30006563e+00 
 9.22028699e-08  1.19999681e+00  9.22028699e-08  3.29993495e+00 
 9.22528699e-08  1.20000268e+00  9.22528699e-08  3.30006431e+00 
 9.23028699e-08  1.19999754e+00  9.23028699e-08  3.29993623e+00 
 9.23528699e-08  1.20000205e+00  9.23528699e-08  3.30006308e+00 
 9.24028699e-08  1.19999810e+00  9.24028699e-08  3.29993743e+00 
 9.24528699e-08  1.20000157e+00  9.24528699e-08  3.30006193e+00 
 9.25028699e-08  1.19999852e+00  9.25028699e-08  3.29993856e+00 
 9.25528699e-08  1.20000120e+00  9.25528699e-08  3.30006084e+00 
 9.26028699e-08  1.19999883e+00  9.26028699e-08  3.29993962e+00 
 9.26528699e-08  1.20000093e+00  9.26528699e-08  3.30005980e+00 
 9.27028699e-08  1.19999907e+00  9.27028699e-08  3.29994064e+00 
 9.27528699e-08  1.20000072e+00  9.27528699e-08  3.30005881e+00 
 9.28028699e-08  1.19999926e+00  9.28028699e-08  3.29994162e+00 
 9.28528699e-08  1.20000056e+00  9.28528699e-08  3.30005786e+00 
 9.29028699e-08  1.19999940e+00  9.29028699e-08  3.29994256e+00 
 9.29528699e-08  1.20000044e+00  9.29528699e-08  3.30005694e+00 
 9.30028699e-08  1.19999951e+00  9.30028699e-08  3.29994347e+00 
 9.30528699e-08  1.20000034e+00  9.30528699e-08  3.30005604e+00 
 9.31028699e-08  1.19999959e+00  9.31028699e-08  3.29994436e+00 
 9.31528699e-08  1.20000027e+00  9.31528699e-08  3.30005517e+00 
 9.32028699e-08  1.19999966e+00  9.32028699e-08  3.29994523e+00 
 9.32528699e-08  1.20000021e+00  9.32528699e-08  3.30005431e+00 
 9.33028699e-08  1.19999971e+00  9.33028699e-08  3.29994608e+00 
 9.33528699e-08  1.20000016e+00  9.33528699e-08  3.30005346e+00 
 9.34028699e-08  1.19999976e+00  9.34028699e-08  3.29994692e+00 
 9.34528699e-08  1.20000012e+00  9.34528699e-08  3.30005262e+00 
 9.35028699e-08  1.19999979e+00  9.35028699e-08  3.29994776e+00 
 9.35528699e-08  1.20000009e+00  9.35528699e-08  3.30005180e+00 
 9.36028699e-08  1.19999982e+00  9.36028699e-08  3.29994858e+00 
 9.36528699e-08  1.20000006e+00  9.36528699e-08  3.30005098e+00 
 9.37028699e-08  1.19999985e+00  9.37028699e-08  3.29994940e+00 
 9.37528699e-08  1.20000004e+00  9.37528699e-08  3.30005017e+00 
 9.38028699e-08  1.19999987e+00  9.38028699e-08  3.29995021e+00 
 9.38528699e-08  1.20000002e+00  9.38528699e-08  3.30004936e+00 
 9.39028699e-08  1.19999989e+00  9.39028699e-08  3.29995101e+00 
 9.39528699e-08  1.20000000e+00  9.39528699e-08  3.30004856e+00 
 9.40028699e-08  1.19999991e+00  9.40028699e-08  3.29995181e+00 
 9.40528699e-08  1.19999998e+00  9.40528699e-08  3.30004776e+00 
 9.41028699e-08  1.19999993e+00  9.41028699e-08  3.29995261e+00 
 9.41528699e-08  1.19999996e+00  9.41528699e-08  3.30004697e+00 
 9.42028699e-08  1.19999994e+00  9.42028699e-08  3.29995340e+00 
 9.42528699e-08  1.19999995e+00  9.42528699e-08  3.30004618e+00 
 9.43028699e-08  1.19999996e+00  9.43028699e-08  3.29995419e+00 
 9.43528699e-08  1.19999993e+00  9.43528699e-08  3.30004539e+00 
 9.44028699e-08  1.19999997e+00  9.44028699e-08  3.29995497e+00 
 9.44528699e-08  1.19999992e+00  9.44528699e-08  3.30004461e+00 
 9.45028699e-08  1.19999999e+00  9.45028699e-08  3.29995575e+00 
 9.45528699e-08  1.19999991e+00  9.45528699e-08  3.30004384e+00 
 9.46028699e-08  1.20000000e+00  9.46028699e-08  3.29995652e+00 
 9.46528699e-08  1.19999990e+00  9.46528699e-08  3.30004307e+00 
 9.47028699e-08  1.20000001e+00  9.47028699e-08  3.29995729e+00 
 9.47528699e-08  1.19999989e+00  9.47528699e-08  3.30004230e+00 
 9.48028699e-08  1.20000002e+00  9.48028699e-08  3.29995806e+00 
 9.48528699e-08  1.19999988e+00  9.48528699e-08  3.30004154e+00 
 9.49028699e-08  1.20000003e+00  9.49028699e-08  3.29995881e+00 
 9.49528699e-08  1.19999987e+00  9.49528699e-08  3.30004079e+00 
 9.50028699e-08  1.20000004e+00  9.50028699e-08  3.29995957e+00 
 9.50528699e-08  1.19999986e+00  9.50528699e-08  3.30004004e+00 
 9.51028699e-08  1.20000005e+00  9.51028699e-08  3.29996031e+00 
 9.51528699e-08  1.19999985e+00  9.51528699e-08  3.30003930e+00 
 9.52028699e-08  1.20000006e+00  9.52028699e-08  3.29996105e+00 
 9.52528699e-08  1.19999984e+00  9.52528699e-08  3.30003856e+00 
 9.53028699e-08  1.20000007e+00  9.53028699e-08  3.29996178e+00 
 9.53528699e-08  1.19999983e+00  9.53528699e-08  3.30003783e+00 
 9.54028699e-08  1.20000007e+00  9.54028699e-08  3.29996251e+00 
 9.54528699e-08  1.19999982e+00  9.54528699e-08  3.30003711e+00 
 9.55028699e-08  1.20000008e+00  9.55028699e-08  3.29996323e+00 
 9.55528699e-08  1.19999982e+00  9.55528699e-08  3.30003639e+00 
 9.56028699e-08  1.20000009e+00  9.56028699e-08  3.29996394e+00 
 9.56528699e-08  1.19999981e+00  9.56528699e-08  3.30003568e+00 
 9.57028699e-08  1.20000009e+00  9.57028699e-08  3.29996465e+00 
 9.57528699e-08  1.19999980e+00  9.57528699e-08  3.30003498e+00 
 9.58028699e-08  1.20000010e+00  9.58028699e-08  3.29996534e+00 
 9.58528699e-08  1.19999980e+00  9.58528699e-08  3.30003429e+00 
 9.59028699e-08  1.20000011e+00  9.59028699e-08  3.29996603e+00 
 9.59528699e-08  1.19999979e+00  9.59528699e-08  3.30003361e+00 
 9.60028699e-08  1.20000011e+00  9.60028699e-08  3.29996671e+00 
 9.60528699e-08  1.19999979e+00  9.60528699e-08  3.30003293e+00 
 9.61028699e-08  1.20000012e+00  9.61028699e-08  3.29996739e+00 
 9.61528699e-08  1.19999978e+00  9.61528699e-08  3.30003226e+00 
 9.62028699e-08  1.20000012e+00  9.62028699e-08  3.29996805e+00 
 9.62528699e-08  1.19999978e+00  9.62528699e-08  3.30003160e+00 
 9.63028699e-08  1.20000013e+00  9.63028699e-08  3.29996871e+00 
 9.63528699e-08  1.19999977e+00  9.63528699e-08  3.30003095e+00 
 9.64028699e-08  1.20000013e+00  9.64028699e-08  3.29996936e+00 
 9.64528699e-08  1.19999977e+00  9.64528699e-08  3.30003030e+00 
 9.65028699e-08  1.20000013e+00  9.65028699e-08  3.29997000e+00 
 9.65528699e-08  1.19999977e+00  9.65528699e-08  3.30002967e+00 
 9.66028699e-08  1.20000014e+00  9.66028699e-08  3.29997063e+00 
 9.66528699e-08  1.19999976e+00  9.66528699e-08  3.30002904e+00 
 9.67028699e-08  1.20000014e+00  9.67028699e-08  3.29997125e+00 
 9.67528699e-08  1.19999976e+00  9.67528699e-08  3.30002843e+00 
 9.68028699e-08  1.20000014e+00  9.68028699e-08  3.29997186e+00 
 9.68528699e-08  1.19999976e+00  9.68528699e-08  3.30002782e+00 
 9.69028699e-08  1.20000015e+00  9.69028699e-08  3.29997247e+00 
 9.69528699e-08  1.19999975e+00  9.69528699e-08  3.30002722e+00 
 9.70028699e-08  1.20000015e+00  9.70028699e-08  3.29997306e+00 
 9.70528699e-08  1.19999975e+00  9.70528699e-08  3.30002662e+00 
 9.71028699e-08  1.20000015e+00  9.71028699e-08  3.29997365e+00 
 9.71528699e-08  1.19999975e+00  9.71528699e-08  3.30002604e+00 
 9.72028699e-08  1.20000015e+00  9.72028699e-08  3.29997423e+00 
 9.72528699e-08  1.19999975e+00  9.72528699e-08  3.30002547e+00 
 9.73028699e-08  1.20000016e+00  9.73028699e-08  3.29997480e+00 
 9.73528699e-08  1.19999975e+00  9.73528699e-08  3.30002490e+00 
 9.74028699e-08  1.20000016e+00  9.74028699e-08  3.29997536e+00 
 9.74528699e-08  1.19999974e+00  9.74528699e-08  3.30002435e+00 
 9.75028699e-08  1.20000016e+00  9.75028699e-08  3.29997591e+00 
 9.75528699e-08  1.19999974e+00  9.75528699e-08  3.30002380e+00 
 9.76028699e-08  1.20000016e+00  9.76028699e-08  3.29997646e+00 
 9.76528699e-08  1.19999974e+00  9.76528699e-08  3.30002326e+00 
 9.77028699e-08  1.20000016e+00  9.77028699e-08  3.29997699e+00 
 9.77528699e-08  1.19999974e+00  9.77528699e-08  3.30002273e+00 
 9.78028699e-08  1.20000016e+00  9.78028699e-08  3.29997752e+00 
 9.78528699e-08  1.19999974e+00  9.78528699e-08  3.30002221e+00 
 9.79028699e-08  1.20000016e+00  9.79028699e-08  3.29997804e+00 
 9.79528699e-08  1.19999974e+00  9.79528699e-08  3.30002169e+00 
 9.80028699e-08  1.20000016e+00  9.80028699e-08  3.29997855e+00 
 9.80528699e-08  1.19999974e+00  9.80528699e-08  3.30002119e+00 
 9.81028699e-08  1.20000016e+00  9.81028699e-08  3.29997905e+00 
 9.81528699e-08  1.19999974e+00  9.81528699e-08  3.30002069e+00 
 9.82028699e-08  1.20000016e+00  9.82028699e-08  3.29997954e+00 
 9.82528699e-08  1.19999974e+00  9.82528699e-08  3.30002020e+00 
 9.83028699e-08  1.20000016e+00  9.83028699e-08  3.29998003e+00 
 9.83528699e-08  1.19999974e+00  9.83528699e-08  3.30001972e+00 
 9.84028699e-08  1.20000016e+00  9.84028699e-08  3.29998050e+00 
 9.84528699e-08  1.19999974e+00  9.84528699e-08  3.30001925e+00 
 9.85028699e-08  1.20000016e+00  9.85028699e-08  3.29998097e+00 
 9.85528699e-08  1.19999974e+00  9.85528699e-08  3.30001878e+00 
 9.86028699e-08  1.20000016e+00  9.86028699e-08  3.29998143e+00 
 9.86528699e-08  1.19999974e+00  9.86528699e-08  3.30001833e+00 
 9.87028699e-08  1.20000016e+00  9.87028699e-08  3.29998188e+00 
 9.87528699e-08  1.19999974e+00  9.87528699e-08  3.30001788e+00 
 9.88028699e-08  1.20000016e+00  9.88028699e-08  3.29998233e+00 
 9.88528699e-08  1.19999974e+00  9.88528699e-08  3.30001744e+00 
 9.89028699e-08  1.20000016e+00  9.89028699e-08  3.29998277e+00 
 9.89528699e-08  1.19999974e+00  9.89528699e-08  3.30001700e+00 
 9.90028699e-08  1.20000016e+00  9.90028699e-08  3.29998320e+00 
 9.90528699e-08  1.19999974e+00  9.90528699e-08  3.30001658e+00 
 9.91028699e-08  1.20000016e+00  9.91028699e-08  3.29998362e+00 
 9.91528699e-08  1.19999974e+00  9.91528699e-08  3.30001616e+00 
 9.92028699e-08  1.20000016e+00  9.92028699e-08  3.29998403e+00 
 9.92528699e-08  1.19999975e+00  9.92528699e-08  3.30001575e+00 
 9.93028699e-08  1.20000016e+00  9.93028699e-08  3.29998444e+00 
 9.93528699e-08  1.19999975e+00  9.93528699e-08  3.30001534e+00 
 9.94028699e-08  1.20000016e+00  9.94028699e-08  3.29998484e+00 
 9.94528699e-08  1.19999975e+00  9.94528699e-08  3.30001495e+00 
 9.95028699e-08  1.20000015e+00  9.95028699e-08  3.29998523e+00 
 9.95528699e-08  1.19999975e+00  9.95528699e-08  3.30001456e+00 
 9.96028699e-08  1.20000015e+00  9.96028699e-08  3.29998562e+00 
 9.96528699e-08  1.19999975e+00  9.96528699e-08  3.30001417e+00 
 9.97028699e-08  1.20000015e+00  9.97028699e-08  3.29998600e+00 
 9.97528699e-08  1.19999975e+00  9.97528699e-08  3.30001380e+00 
 9.98028699e-08  1.20000015e+00  9.98028699e-08  3.29998637e+00 
 9.98528699e-08  1.19999975e+00  9.98528699e-08  3.30001343e+00 
 9.99028699e-08  1.20000015e+00  9.99028699e-08  3.29998674e+00 
 9.99528699e-08  1.19999975e+00  9.99528699e-08  3.30001307e+00 
 1.00000000e-07  1.20000015e+00  1.00000000e-07  3.29998711e+00 
 1.00005000e-07  1.20004441e+00  1.00005000e-07  3.30028114e+00 
 1.00015000e-07  1.20001302e+00  1.00015000e-07  3.30010744e+00 
 1.00035000e-07  1.19996217e+00  1.00035000e-07  3.29993856e+00 
 1.00075000e-07  1.20001732e+00  1.00075000e-07  3.29983421e+00 
 1.00125000e-07  1.19978053e+00  1.00125000e-07  3.29949018e+00 
 1.00162500e-07  1.19983994e+00  1.00162500e-07  3.29788268e+00 
 1.00200000e-07  1.20124433e+00  1.00200000e-07  3.29956355e+00 
 1.00205000e-07  1.20036050e+00  1.00205000e-07  3.30042006e+00 
 1.00215000e-07  1.19916001e+00  1.00215000e-07  3.30328691e+00 
 1.00235000e-07  1.19987135e+00  1.00235000e-07  3.30625736e+00 
 1.00265989e-07  1.20023265e+00  1.00265989e-07  3.30004033e+00 
 1.00301232e-07  1.19982696e+00  1.00301232e-07  3.29486671e+00 
 1.00345340e-07  1.20014635e+00  1.00345340e-07  3.30370226e+00 
 1.00395340e-07  1.19987813e+00  1.00395340e-07  3.29786444e+00 
 1.00445340e-07  1.20010033e+00  1.00445340e-07  3.30173500e+00 
 1.00495340e-07  1.19991786e+00  1.00495340e-07  3.29839066e+00 
 1.00545340e-07  1.20006671e+00  1.00545340e-07  3.30129330e+00 
 1.00595340e-07  1.19994590e+00  1.00595340e-07  3.29877088e+00 
 1.00645340e-07  1.20004354e+00  1.00645340e-07  3.30108027e+00 
 1.00695340e-07  1.19996492e+00  1.00695340e-07  3.29898681e+00 
 1.00745340e-07  1.20002801e+00  1.00745340e-07  3.30092942e+00 
 1.00795340e-07  1.19997757e+00  1.00795340e-07  3.29912877e+00 
 1.00845340e-07  1.20001774e+00  1.00845340e-07  3.30081369e+00 
 1.00895340e-07  1.19998588e+00  1.00895340e-07  3.29923409e+00 
 1.00945340e-07  1.20001103e+00  1.00945340e-07  3.30072156e+00 
 1.00995340e-07  1.19999129e+00  1.00995340e-07  3.29931770e+00 
 1.01045340e-07  1.20000668e+00  1.01045340e-07  3.30064620e+00 
 1.01095340e-07  1.19999477e+00  1.01095340e-07  3.29938660e+00 
 1.01145340e-07  1.20000390e+00  1.01145340e-07  3.30058309e+00 
 1.01195340e-07  1.19999698e+00  1.01195340e-07  3.29944485e+00 
 1.01245340e-07  1.20000215e+00  1.01245340e-07  3.30052915e+00 
 1.01295340e-07  1.19999837e+00  1.01295340e-07  3.29949508e+00 
 1.01345340e-07  1.20000106e+00  1.01345340e-07  3.30048220e+00 
 1.01395340e-07  1.19999921e+00  1.01395340e-07  3.29953916e+00 
 1.01445340e-07  1.20000041e+00  1.01445340e-07  3.30044067e+00 
 1.01495340e-07  1.19999971e+00  1.01495340e-07  3.29957843e+00 
 1.01545340e-07  1.20000003e+00  1.01545340e-07  3.30040342e+00 
 1.01595340e-07  1.19999999e+00  1.01595340e-07  3.29961387e+00 
 1.01645340e-07  1.19999983e+00  1.01645340e-07  3.30036962e+00 
 1.01695340e-07  1.20000013e+00  1.01695340e-07  3.29964620e+00 
 1.01745340e-07  1.19999973e+00  1.01745340e-07  3.30033863e+00 
 1.01795340e-07  1.20000019e+00  1.01795340e-07  3.29967596e+00 
 1.01845340e-07  1.19999970e+00  1.01845340e-07  3.30031001e+00 
 1.01895340e-07  1.20000020e+00  1.01895340e-07  3.29970353e+00 
 1.01945340e-07  1.19999971e+00  1.01945340e-07  3.30028341e+00 
 1.01972670e-07  1.20000017e+00  1.01972670e-07  3.29973938e+00 
 1.02000000e-07  1.19999977e+00  1.02000000e-07  3.30023917e+00 
 1.02005000e-07  1.19933251e+00  1.02005000e-07  3.29727370e+00 
 1.02015000e-07  1.19913911e+00  1.02015000e-07  3.29511568e+00 
 1.02035000e-07  1.19988620e+00  1.02035000e-07  3.29570143e+00 
 1.02075000e-07  1.19989052e+00  1.02075000e-07  3.30032003e+00 
 1.02125000e-07  1.21076369e+00  1.02125000e-07  3.34961905e+00 
 1.02162500e-07  1.24501616e+00  1.02162500e-07  3.41100548e+00 
 1.02200000e-07  4.93927965e-01  1.02200000e-07  3.32451232e+00 
 1.02205000e-07  2.70697258e-01  1.02205000e-07  3.28449300e+00 
 1.02215000e-07  3.04841429e-02  1.02215000e-07  3.16193907e+00 
 1.02235000e-07  4.94000396e-04  1.02235000e-07  2.04973306e+00 
 1.02264362e-07  3.21745746e-03  1.02264362e-07  2.10869675e-01 
 1.02297635e-07 -1.77569250e-03  1.02297635e-07 -4.96977618e-02 
 1.02340331e-07  1.58636690e-03  1.02340331e-07  4.29884578e-02 
 1.02385053e-07 -1.40906624e-03  1.02385053e-07 -2.63084268e-02 
 1.02435053e-07  1.26219833e-03  1.02435053e-07  1.99648599e-02 
 1.02485053e-07 -1.11805493e-03  1.02485053e-07 -1.21732277e-02 
 1.02535053e-07  9.88549278e-04  1.02535053e-07  1.00708323e-02 
 1.02585053e-07 -8.66193093e-04  1.02585053e-07 -7.10055524e-03 
 1.02635053e-07  7.58597102e-04  1.02635053e-07  5.55085610e-03 
 1.02685053e-07 -6.59177273e-04  1.02685053e-07 -4.27402263e-03 
 1.02735053e-07  5.72546475e-04  1.02735053e-07  3.43490070e-03 
 1.02785053e-07 -4.93515906e-04  1.02785053e-07 -2.80480613e-03 
 1.02835053e-07  4.24879667e-04  1.02835053e-07  2.35902823e-03 
 1.02885053e-07 -3.62740136e-04  1.02885053e-07 -2.02388554e-03 
 1.02935053e-07  3.08824101e-04  1.02935053e-07  1.77706228e-03 
 1.02985053e-07 -2.60241515e-04  1.02985053e-07 -1.58662880e-03 
 1.03035053e-07  2.18096830e-04  1.03035053e-07  1.44128318e-03 
 1.03085053e-07 -1.80236144e-04  1.03085053e-07 -1.32518574e-03 
 1.03135053e-07  1.47400993e-04  1.03135053e-07  1.23329609e-03 
 1.03185053e-07 -1.17961960e-04  1.03185053e-07 -1.15706337e-03 
 1.03235053e-07  9.24492991e-05  1.03235053e-07  1.09450171e-03 
 1.03285053e-07 -6.96046516e-05  1.03285053e-07 -1.04062684e-03 
 1.03335053e-07  4.98362839e-05  1.03335053e-07  9.94887473e-04 
 1.03385053e-07 -3.21486547e-05  1.03385053e-07 -9.54147945e-04 
 1.03435053e-07  1.68810139e-05  1.03435053e-07  9.18514082e-04 
 1.03485053e-07 -3.23773142e-06  1.03485053e-07 -8.86091461e-04 
 1.03535053e-07 -8.52040213e-06  1.03535053e-07  8.56527183e-04 
 1.03585053e-07  1.90415098e-05  1.03585053e-07 -8.29329955e-04 
 1.03635053e-07 -2.79771170e-05  1.03635053e-07  8.03824813e-04 
 1.03685053e-07  3.60858392e-05  1.03685053e-07 -7.80387788e-04 
 1.03735053e-07 -4.28211454e-05  1.03735053e-07  7.57828037e-04 
 1.03785053e-07  4.90351487e-05  1.03785053e-07 -7.36846278e-04 
 1.03835053e-07 -5.40517398e-05  1.03835053e-07  7.16440543e-04 
 1.03885053e-07  5.87795781e-05  1.03885053e-07 -6.97284817e-04 
 1.03935053e-07 -6.24536632e-05  1.03935053e-07  6.78525224e-04 
 1.03985053e-07  6.60159565e-05  1.03985053e-07 -6.60788872e-04 
 1.04035053e-07 -6.86415546e-05  1.04035053e-07  6.43343498e-04 
 1.04085053e-07  7.12899270e-05  1.04085053e-07 -6.26758295e-04 
 1.04135053e-07 -7.30970367e-05  1.04135053e-07  6.10404266e-04 
 1.04185053e-07  7.50290428e-05  1.04185053e-07 -5.94788706e-04 
 1.04235053e-07 -7.61977534e-05  1.04235053e-07  5.79372088e-04 
 1.04285053e-07  7.75685801e-05  1.04285053e-07 -5.64599932e-04 
 1.04335053e-07 -7.82400283e-05  1.04335053e-07  5.50011160e-04 
 1.04385053e-07  7.91716539e-05  1.04385053e-07 -5.35991935e-04 
 1.04435053e-07 -7.94565393e-05  1.04435053e-07  5.22150430e-04 
 1.04485053e-07  8.00448992e-05  1.04485053e-07 -5.08817112e-04 
 1.04535053e-07 -8.00301104e-05  1.04535053e-07  4.95661509e-04 
 1.04585053e-07  8.03507042e-05  1.04585053e-07 -4.82962645e-04 
 1.04635053e-07 -8.01044813e-05  1.04635053e-07  4.70444482e-04 
 1.04685053e-07  8.02167598e-05  1.04685053e-07 -4.58339084e-04 
 1.04735053e-07 -7.97927215e-05  1.04735053e-07  4.46418708e-04 
 1.04785053e-07  7.97435231e-05  1.04785053e-07 -4.34872913e-04 
 1.04835053e-07 -7.91838123e-05  1.04835053e-07  4.23516771e-04 
 1.04885053e-07  7.90100551e-05  1.04885053e-07 -4.12501639e-04 
 1.04935053e-07 -7.83477989e-05  1.04935053e-07  4.01680490e-04 
 1.04985053e-07  7.80785915e-05  1.04985053e-07 -3.91170546e-04 
 1.05035053e-07 -7.73398272e-05  1.05035053e-07  3.80858259e-04 
 1.05085053e-07  7.69981256e-05  1.05085053e-07 -3.70830512e-04 
 1.05135053e-07 -7.62033105e-05  1.05135053e-07  3.61003265e-04 
 1.05185053e-07  7.58072197e-05  1.05185053e-07 -3.51436555e-04 
 1.05235053e-07 -7.49724159e-05  1.05235053e-07  3.42072285e-04 
 1.05285053e-07  7.45362127e-05  1.05285053e-07 -3.32946845e-04 
 1.05335053e-07 -7.36740178e-05  1.05335053e-07  3.24024876e-04 
 1.05385053e-07  7.32089562e-05  1.05385053e-07 -3.15322030e-04 
 1.05435053e-07 -7.23292353e-05  1.05435053e-07  3.06822819e-04 
 1.05485053e-07  7.18441802e-05  1.05485053e-07 -2.98524782e-04 
 1.05535053e-07 -7.09546421e-05  1.05535053e-07  2.90429740e-04 
 1.05585053e-07  7.04565695e-05  1.05585053e-07 -2.82519487e-04 
 1.05635053e-07 -6.95632205e-05  1.05635053e-07  2.74810858e-04 
 1.05685053e-07  6.90576117e-05  1.05685053e-07 -2.67272026e-04 
 1.05735053e-07 -6.81651137e-05  1.05735053e-07  2.59932800e-04 
 1.05785053e-07  6.76562667e-05  1.05785053e-07 -2.52749628e-04 
 1.05835053e-07 -6.67682194e-05  1.05835053e-07  2.45763477e-04 
 1.05885053e-07  6.62594952e-05  1.05885053e-07 -2.38920763e-04 
 1.05935053e-07 -6.53786598e-05  1.05935053e-07  2.32272001e-04 
 1.05985053e-07  6.48726766e-05  1.05985053e-07 -2.25755075e-04 
 1.06035053e-07 -6.40011518e-05  1.06035053e-07  2.19428619e-04 
 1.06085053e-07  6.34999397e-05  1.06085053e-07 -2.13223317e-04 
 1.06135053e-07 -6.26393011e-05  1.06135053e-07  2.07204665e-04 
 1.06185053e-07  6.21444236e-05  1.06185053e-07 -2.01297318e-04 
 1.06235053e-07 -6.12958345e-05  1.06235053e-07  1.95572524e-04 
 1.06285053e-07  6.08084854e-05  1.06285053e-07 -1.89949947e-04 
 1.06335053e-07 -5.99727838e-05  1.06335053e-07  1.84505605e-04 
 1.06385053e-07  5.94938641e-05  1.06385053e-07 -1.79155083e-04 
 1.06435053e-07 -5.86716321e-05  1.06435053e-07  1.73978314e-04 
 1.06485053e-07  5.82018106e-05  1.06485053e-07 -1.68887594e-04 
 1.06535053e-07 -5.73934294e-05  1.06535053e-07  1.63966026e-04 
 1.06585053e-07  5.69331910e-05  1.06585053e-07 -1.59123313e-04 
 1.06635053e-07 -5.61388842e-05  1.06635053e-07  1.54445070e-04 
 1.06685053e-07  5.56885686e-05  1.06685053e-07 -1.49839013e-04 
 1.06735053e-07 -5.49084368e-05  1.06735053e-07  1.45392701e-04 
 1.06785053e-07  5.44682687e-05  1.06785053e-07 -1.41012389e-04 
 1.06835053e-07 -5.37023166e-05  1.06835053e-07  1.36787083e-04 
 1.06885053e-07  5.32724300e-05  1.06885053e-07 -1.32622029e-04 
 1.06935053e-07 -5.25205884e-05  1.06935053e-07  1.28607260e-04 
 1.06985053e-07  5.21010462e-05  1.06985053e-07 -1.24647399e-04 
 1.07035053e-07 -5.13631888e-05  1.07035053e-07  1.20833139e-04 
 1.07085053e-07  5.09539975e-05  1.07085053e-07 -1.17068814e-04 
 1.07135053e-07 -5.02299548e-05  1.07135053e-07  1.13445464e-04 
 1.07185053e-07  4.98310773e-05  1.07185053e-07 -1.09867416e-04 
 1.07235053e-07 -4.91206471e-05  1.07235053e-07  1.06425791e-04 
 1.07285053e-07  4.87320122e-05  1.07285053e-07 -1.03025148e-04 
 1.07335053e-07 -4.80349682e-05  1.07335053e-07  9.97564646e-05 
 1.07385053e-07  4.76564782e-05  1.07385053e-07 -9.65247334e-05 
 1.07435053e-07 -4.69725767e-05  1.07435053e-07  9.34205959e-05 
 1.07485053e-07  4.66041136e-05  1.07485053e-07 -9.03496463e-05 
 1.07535053e-07 -4.59330989e-05  1.07535053e-07  8.74020338e-05 
 1.07585053e-07  4.55745293e-05  1.07585053e-07 -8.44840901e-05 
 1.07635053e-07 -4.49161377e-05  1.07635053e-07  8.16853425e-05 
 1.07685053e-07  4.45673167e-05  1.07685053e-07 -7.89129710e-05 
 1.07735053e-07 -4.39212797e-05  1.07735053e-07  7.62557758e-05 
 1.07785053e-07  4.35820539e-05  1.07785053e-07 -7.36218736e-05 
 1.07835053e-07 -4.29481010e-05  1.07835053e-07  7.10992529e-05 
 1.07885053e-07  4.26183111e-05  1.07885053e-07 -6.85970360e-05 
 1.07935053e-07 -4.19961715e-05  1.07935053e-07  6.62023339e-05 
 1.07985053e-07  4.16756540e-05  1.07985053e-07 -6.38253259e-05 
 1.08035053e-07 -4.10650583e-05  1.08035053e-07  6.15521954e-05 
 1.08085053e-07  4.07536473e-05  1.08085053e-07 -5.92942160e-05 
 1.08135053e-07 -4.01543287e-05  1.08135053e-07  5.71366069e-05 
 1.08185053e-07  3.98518568e-05  1.08185053e-07 -5.49917605e-05 
 1.08235053e-07 -3.92635518e-05  1.08235053e-07  5.29439074e-05 
 1.08285053e-07  3.89698512e-05  1.08285053e-07 -5.09065722e-05 
 1.08335053e-07 -3.83923006e-05  1.08335053e-07  4.89629827e-05 
 1.08385053e-07  3.81072039e-05  1.08385053e-07 -4.70277997e-05 
 1.08435053e-07 -3.75401528e-05  1.08435053e-07  4.51832426e-05 
 1.08485053e-07  3.72634936e-05  1.08485053e-07 -4.33451051e-05 
 1.08535053e-07 -3.67066922e-05  1.08535053e-07  4.15945997e-05 
 1.08585053e-07  3.64383054e-05  1.08585053e-07 -3.98486428e-05 
 1.08635053e-07 -3.58915090e-05  1.08635053e-07  3.81874478e-05 
 1.08685053e-07  3.56312313e-05  1.08685053e-07 -3.65290382e-05 
 1.08735053e-07 -3.50942005e-05  1.08735053e-07  3.49526415e-05 
 1.08785053e-07  3.48418705e-05  1.08785053e-07 -3.33773680e-05 
 1.08835053e-07 -3.43143713e-05  1.08835053e-07  3.18814762e-05 
 1.08885053e-07  3.40698300e-05  1.08885053e-07 -3.03851397e-05 
 1.08935053e-07 -3.35516340e-05  1.08935053e-07  2.89656688e-05 
 1.08985053e-07  3.33147244e-05  1.08985053e-07 -2.75442734e-05 
 1.09035053e-07 -3.28056085e-05  1.09035053e-07  2.61973391e-05 
 1.09085053e-07  3.25761765e-05  1.09085053e-07 -2.48470829e-05 
 1.09135053e-07 -3.20759228e-05  1.09135053e-07  2.35689917e-05 
 1.09185053e-07  3.18538166e-05  1.09185053e-07 -2.22862583e-05 
 1.09235053e-07 -3.13622129e-05  1.09235053e-07  2.10734985e-05 
 1.09285053e-07  3.11472833e-05  1.09285053e-07 -1.98548488e-05 
 1.09335053e-07 -3.06641225e-05  1.09335053e-07  1.87040825e-05 
 1.09385053e-07  3.04562229e-05  1.09385053e-07 -1.75462463e-05 
 1.09435053e-07 -2.99813029e-05  1.09435053e-07  1.64543008e-05 
 1.09485053e-07  2.97802895e-05  1.09485053e-07 -1.53541695e-05 
 1.09535053e-07 -2.93134135e-05  1.09535053e-07  1.43180302e-05 
 1.09585053e-07  2.91191449e-05  1.09585053e-07 -1.32726489e-05 
 1.09635053e-07 -2.86601209e-05  1.09635053e-07  1.22894515e-05 
 1.09685053e-07  2.84724586e-05  1.09685053e-07 -1.12960121e-05 
 1.09735053e-07 -2.80210995e-05  1.09735053e-07  1.03630355e-05 
 1.09785053e-07  2.78399073e-05  1.09785053e-07 -9.41887004e-06 
 1.09835053e-07 -2.73960307e-05  1.09835053e-07  8.53352953e-06 
 1.09885053e-07  2.72211753e-05  1.09885053e-07 -7.63610324e-06 
 1.09935053e-07 -2.67846035e-05  1.09935053e-07  6.79594415e-06 
 1.09967527e-07  2.64549456e-05  1.09967527e-07 -5.50045055e-06 
 1.10000000e-07 -2.58690915e-05  1.10000000e-07  4.28898429e-06 
 1.10005000e-07 -9.61133275e-06  1.10005000e-07 -7.63573738e-05 
 1.10015000e-07  1.16801675e-05  1.10015000e-07  2.73235330e-05 
 1.10035000e-07 -2.81560884e-06  1.10035000e-07  2.75175035e-05 
 1.10075000e-07 -1.25781863e-06  1.10075000e-07 -4.57552769e-06 
 1.10125000e-07  1.75715459e-05  1.10125000e-07  1.20387952e-04 
 1.10162500e-07  7.25326368e-07  1.10162500e-07  1.27937902e-04 
 1.10200000e-07 -2.98529598e-04  1.10200000e-07 -3.16679340e-04 
 1.10205000e-07 -1.77286218e-04  1.10205000e-07 -5.22485766e-04 
 1.10215000e-07  5.88304723e-04  1.10215000e-07 -1.39138071e-03 
 1.10235000e-07  1.49411379e-06  1.10235000e-07 -1.49908723e-03 
 1.10266748e-07 -2.45809451e-04  1.10266748e-07  1.68626693e-03 
 1.10302880e-07  3.17140040e-04  1.10302880e-07  1.20683078e-03 
 1.10348885e-07 -2.85950355e-04  1.10348885e-07 -1.63906825e-03 
 1.10398885e-07  2.50863517e-04  1.10398885e-07  9.39626928e-04 
 1.10448885e-07 -2.11310349e-04  1.10448885e-07 -5.34674695e-04 
 1.10498885e-07  1.75258054e-04  1.10498885e-07  3.45447205e-04 
 1.10548885e-07 -1.42083140e-04  1.10548885e-07 -1.89347792e-04 
 1.10598885e-07  1.14125656e-04  1.10598885e-07  1.13502897e-04 
 1.10648885e-07 -8.99191793e-05  1.10648885e-07 -4.42399117e-05 
 1.10698885e-07  7.02316683e-05  1.10698885e-07  4.15023370e-06 
 1.10748885e-07 -5.36200535e-05  1.10748885e-07  3.28292252e-05 
 1.10798885e-07  4.04267908e-05  1.10798885e-07 -5.73512948e-05 
 1.10848885e-07 -2.94229675e-05  1.10848885e-07  7.96008163e-05 
 1.10898885e-07  2.08830330e-05  1.10898885e-07 -9.54532586e-05 
 1.10948885e-07 -1.37850470e-05  1.10948885e-07  1.09575028e-04 
 1.10998885e-07  8.43741894e-06  1.10998885e-07 -1.19906519e-04 
 1.11048885e-07 -3.97725778e-06  1.11048885e-07  1.28953400e-04 
 1.11098885e-07  7.65002099e-07  1.11098885e-07 -1.35545983e-04 
 1.11148885e-07  1.94882884e-06  1.11148885e-07  1.41209967e-04 
 1.11198885e-07 -3.75854999e-06  1.11198885e-07 -1.45203135e-04 
 1.11248885e-07  5.33562517e-06  1.11248885e-07  1.48572201e-04 
 1.11298885e-07 -6.23831665e-06  1.11298885e-07 -1.50713704e-04 
 1.11348885e-07  7.08712098e-06  1.11348885e-07  1.52447048e-04 
 1.11398885e-07 -7.41629131e-06  1.11398885e-07 -1.53306914e-04 
 1.11448885e-07  7.80851138e-06  1.11448885e-07  1.53909899e-04 
 1.11498885e-07 -7.78354970e-06  1.11498885e-07 -1.53871569e-04 
 1.11548885e-07  7.89766743e-06  1.11548885e-07  1.53684948e-04 
 1.11598885e-07 -7.66202851e-06  1.11598885e-07 -1.53021186e-04 
 1.11648885e-07  7.61427402e-06  1.11648885e-07  1.52286388e-04 
 1.11698885e-07 -7.26068538e-06  1.11698885e-07 -1.51192130e-04 
 1.11748885e-07  7.12576906e-06  1.11748885e-07  1.50080684e-04 
 1.11798885e-07 -6.71326845e-06  1.11798885e-07 -1.48694823e-04 
 1.11848885e-07  6.53837629e-06  1.11848885e-07  1.47328554e-04 
 1.11898885e-07 -6.10376598e-06  1.11898885e-07 -1.45749674e-04 
 1.11948885e-07  5.91796730e-06  1.11948885e-07  1.44214895e-04 
 1.11998885e-07 -5.48348683e-06  1.11998885e-07 -1.42512641e-04 
 1.12048885e-07  5.30403056e-06  1.12048885e-07  1.40870271e-04 
 1.12098885e-07 -4.88247632e-06  1.12098885e-07 -1.39093550e-04 
 1.12148885e-07  4.71898663e-06  1.12148885e-07  1.37386375e-04 
 1.12198885e-07 -4.31711334e-06  1.12198885e-07 -1.35569294e-04 
 1.12248885e-07  4.17437191e-06  1.12248885e-07  1.33827181e-04 
 1.12298885e-07 -3.79514096e-06  1.12298885e-07 -1.31993329e-04 
 1.12348885e-07  3.67492142e-06  1.12348885e-07  1.30236988e-04 
 1.12398885e-07 -3.31897715e-06  1.12398885e-07 -1.28402519e-04 
 1.12448885e-07  3.22124532e-06  1.12448885e-07  1.26646194e-04 
 1.12498885e-07 -2.88787581e-06  1.12498885e-07 -1.24822045e-04 
 1.12548885e-07  2.81156696e-06  1.12548885e-07  1.23075448e-04 
 1.12598885e-07 -2.49932173e-06  1.12598885e-07 -1.21268922e-04 
 1.12648885e-07  2.44283695e-06  1.12648885e-07  1.19538609e-04 
 1.12698885e-07 -2.14991732e-06  1.12698885e-07 -1.17754503e-04 
 1.12748885e-07  2.11143409e-06  1.12748885e-07  1.16044849e-04 
 1.12798885e-07 -1.83593381e-06  1.12798885e-07 -1.14286252e-04 
 1.12848885e-07  1.81359473e-06  1.12848885e-07  1.12600146e-04 
 1.12898885e-07 -1.55364279e-06  1.12898885e-07 -1.10868991e-04 
 1.12948885e-07  1.54566489e-06  1.12948885e-07  1.09208314e-04 
 1.12998885e-07 -1.29950512e-06  1.12998885e-07 -1.07505775e-04 
 1.13048885e-07  1.30423836e-06  1.13048885e-07  1.05871739e-04 
 1.13098885e-07 -1.07026881e-06  1.13098885e-07 -1.04198492e-04 
 1.13148885e-07  1.08622243e-06  1.13148885e-07  1.02591866e-04 
 1.13198885e-07 -8.63009779e-07  1.13198885e-07 -1.00948271e-04 
 1.13248885e-07  8.88858995e-07  1.13248885e-07  9.93695407e-05 
 1.13298885e-07 -6.75137937e-07  1.13298885e-07 -9.77557637e-05 
 1.13348885e-07  7.09719014e-07  1.13348885e-07  9.62052296e-05 
 1.13398885e-07 -5.04383056e-07  1.13398885e-07 -9.46213194e-05 
 1.13448885e-07  5.46681972e-07  1.13448885e-07  9.30991688e-05 
 1.13498885e-07 -3.48769868e-07  1.13498885e-07 -9.15451063e-05 
 1.13548885e-07  3.97908067e-07  1.13548885e-07  9.00514534e-05 
 1.13598885e-07 -2.06588437e-07  1.13598885e-07 -8.85271814e-05 
 1.13648885e-07  2.61807476e-07  1.13648885e-07  8.70620936e-05 
 1.13698885e-07 -7.63631980e-08  1.13698885e-07 -8.55675338e-05 
 1.13748885e-07  1.37009688e-07  1.13748885e-07  8.41310462e-05 
 1.13798885e-07  4.31770140e-08  1.13798885e-07 -8.26661070e-05 
 1.13848885e-07  2.23344727e-08  1.13848885e-07  8.12582300e-05 
 1.13898885e-07  1.53126770e-07  1.13898885e-07 -7.98228100e-05 
 1.13948885e-07 -8.32346229e-08  1.13948885e-07  7.84435323e-05 
 1.13998885e-07  2.54429207e-07  1.13998885e-07 -7.70375199e-05 
 1.14048885e-07 -1.80574077e-07  1.14048885e-07  7.56868093e-05 
 1.14098885e-07  3.47898333e-07  1.14098885e-07 -7.43100816e-05 
 1.14148885e-07 -2.70441222e-07  1.14148885e-07  7.29878842e-05 
 1.14198885e-07  4.34238432e-07  1.14198885e-07 -7.16403042e-05 
 1.14248885e-07 -3.53492301e-07  1.14248885e-07  7.03465429e-05 
 1.14298885e-07  5.14060846e-07  1.14298885e-07 -6.90279575e-05 
 1.14348885e-07 -4.30298076e-07  1.14348885e-07  6.77625310e-05 
 1.14398885e-07  5.87898366e-07  1.14398885e-07 -6.64727687e-05 
 1.14448885e-07 -5.01357048e-07  1.14448885e-07  6.52355504e-05 
 1.14498885e-07  6.56217459e-07  1.14498885e-07 -6.39744196e-05 
 1.14548885e-07 -5.67106780e-07  1.14548885e-07  6.27652566e-05 
 1.14598885e-07  7.19428587e-07  1.14598885e-07 -6.15325448e-05 
 1.14648885e-07 -6.27933304e-07  1.14648885e-07  6.03512577e-05 
 1.14698885e-07  7.77894917e-07  1.14698885e-07 -5.91467303e-05 
 1.14748885e-07 -6.84179169e-07  1.14748885e-07  5.79931135e-05 
 1.14798885e-07  8.31939625e-07  1.14798885e-07 -5.68165141e-05 
 1.14848885e-07 -7.36150119e-07  1.14848885e-07  5.56903362e-05 
 1.14898885e-07  8.81852052e-07  1.14898885e-07 -5.45413867e-05 
 1.14948885e-07 -7.84120679e-07  1.14948885e-07  5.34423913e-05 
 1.14998885e-07  9.27892746e-07  1.14998885e-07 -5.23207925e-05 
 1.15048885e-07 -8.28338820e-07  1.15048885e-07  5.12486996e-05 
 1.15098885e-07  9.70297791e-07  1.15098885e-07 -5.01541320e-05 
 1.15148885e-07 -8.69029874e-07  1.15148885e-07  4.91086392e-05 
 1.15198885e-07  1.00928230e-06  1.15198885e-07 -4.80407647e-05 
 1.15248885e-07 -9.06399760e-07  1.15248885e-07  4.70215485e-05 
 1.15298885e-07  1.04504345e-06  1.15298885e-07 -4.59800111e-05 
 1.15348885e-07 -9.40637688e-07  1.15348885e-07  4.49867293e-05 
 1.15398885e-07  1.07776284e-06  1.15398885e-07 -4.39711569e-05 
 1.15448885e-07 -9.71918400e-07  1.15448885e-07  4.30034495e-05 
 1.15498885e-07  1.10760861e-06  1.15498885e-07 -4.20134555e-05 
 1.15548885e-07 -1.00040403e-06  1.15548885e-07  4.10709470e-05 
 1.15598885e-07  1.13473711e-06  1.15598885e-07 -4.01061316e-05 
 1.15648885e-07 -1.02624567e-06  1.15648885e-07  3.91884325e-05 
 1.15698885e-07  1.15929437e-06  1.15698885e-07 -3.82483846e-05 
 1.15748885e-07 -1.04958471e-06  1.15748885e-07  3.73550931e-05 
 1.15798885e-07  1.18141725e-06  1.15798885e-07 -3.64393916e-05 
 1.15848885e-07 -1.07055386e-06  1.15848885e-07  3.55700957e-05 
 1.15898885e-07  1.20123441e-06  1.15898885e-07 -3.46783111e-05 
 1.15948885e-07 -1.08927809e-06  1.15948885e-07  3.38325897e-05 
 1.15998885e-07  1.21886722e-06  1.15998885e-07 -3.29642855e-05 
 1.16048885e-07 -1.10587544e-06  1.16048885e-07  3.21417102e-05 
 1.16098885e-07  1.23443042e-06  1.16098885e-07 -3.12964446e-05 
 1.16148885e-07 -1.12045760e-06  1.16148885e-07  3.04965811e-05 
 1.16198885e-07  1.24803272e-06  1.16198885e-07 -2.96739079e-05 
 1.16248885e-07 -1.13313049e-06  1.16248885e-07  2.88963174e-05 
 1.16298885e-07  1.25977727e-06  1.16298885e-07 -2.80957874e-05 
 1.16348885e-07 -1.14399473e-06  1.16348885e-07  2.73400280e-05 
 1.16398885e-07  1.26976218e-06  1.16398885e-07 -2.65611903e-05 
 1.16448885e-07 -1.15314607e-06  1.16448885e-07  2.58268179e-05 
 1.16498885e-07  1.27808086e-06  1.16498885e-07 -2.50692208e-05 
 1.16548885e-07 -1.16067572e-06  1.16548885e-07  2.43557905e-05 
 1.16598885e-07  1.28482230e-06  1.16598885e-07 -2.36189824e-05 
 1.16648885e-07 -1.16667060e-06  1.16648885e-07  2.29260493e-05 
 1.16698885e-07  1.29007140e-06  1.16698885e-07 -2.22095800e-05 
 1.16748885e-07 -1.17121369e-06  1.16748885e-07  2.15367002e-05 
 1.16798885e-07  1.29390919e-06  1.16798885e-07 -2.08401212e-05 
 1.16848885e-07 -1.17438421e-06  1.16848885e-07  2.01868527e-05 
 1.16898885e-07  1.29641310e-06  1.16898885e-07 -1.95097184e-05 
 1.16948885e-07 -1.17625787e-06  1.16948885e-07  1.88756217e-05 
 1.16998885e-07  1.29765708e-06  1.16998885e-07 -1.82174899e-05 
 1.17048885e-07 -1.17690697e-06  1.17048885e-07  1.76021290e-05 
 1.17098885e-07  1.29771184e-06  1.17098885e-07 -1.69625613e-05 
 1.17148885e-07 -1.17640070e-06  1.17148885e-07  1.63655037e-05 
 1.17198885e-07  1.29664499e-06  1.17198885e-07 -1.57440665e-05 
 1.17248885e-07 -1.17480517e-06  1.17248885e-07  1.51648846e-05 
 1.17298885e-07  1.29452117e-06  1.17298885e-07 -1.45611492e-05 
 1.17348885e-07 -1.17218361e-06  1.17348885e-07  1.39994200e-05 
 1.17398885e-07  1.29140221e-06  1.17398885e-07 -1.34129630e-05 
 1.17448885e-07 -1.16859653e-06  1.17448885e-07  1.28682690e-05 
 1.17498885e-07  1.28734724e-06  1.17498885e-07 -1.22986732e-05 
 1.17548885e-07 -1.16410177e-06  1.17548885e-07  1.17706026e-05 
 1.17598885e-07  1.28241284e-06  1.17598885e-07 -1.12174564e-05 
 1.17648885e-07 -1.15875464e-06  1.17648885e-07  1.07056035e-05 
 1.17698885e-07  1.27665306e-06  1.17698885e-07 -1.01685023e-05 
 1.17748885e-07 -1.15260805e-06  1.17748885e-07  9.67246763e-06 
 1.17798885e-07  1.27011965e-06  1.17798885e-07 -9.15101315e-06 
 1.17848885e-07 -1.14571258e-06  1.17848885e-07  8.67040378e-06 
 1.17898885e-07  1.26286204e-06  1.17898885e-07 -8.16420469e-06 
 1.17948885e-07 -1.13811658e-06  1.17948885e-07  7.69863455e-06 
 1.17998885e-07  1.25492749e-06  1.17998885e-07 -7.20730646e-06 
 1.18048885e-07 -1.12986629e-06  1.18048885e-07  6.75639636e-06 
 1.18098885e-07  1.24636119e-06  1.18098885e-07 -6.27956208e-06 
 1.18148885e-07 -1.12100586e-06  1.18148885e-07  5.84293990e-06 
 1.18198885e-07  1.23720630e-06  1.18198885e-07 -5.38022947e-06 
 1.18248885e-07 -1.11157750e-06  1.18248885e-07  4.95753019e-06 
 1.18298885e-07  1.22750405e-06  1.18298885e-07 -4.50858096e-06 
 1.18348885e-07 -1.10162151e-06  1.18348885e-07  4.09944683e-06 
 1.18398885e-07  1.21729381e-06  1.18398885e-07 -3.66390351e-06 
 1.18448885e-07 -1.09117637e-06  1.18448885e-07  3.26798401e-06 
 1.18498885e-07  1.20661318e-06  1.18498885e-07 -2.84549873e-06 
 1.18548885e-07 -1.08027883e-06  1.18548885e-07  2.46245066e-06 
 1.18598885e-07  1.19549805e-06  1.18598885e-07 -2.05268291e-06 
 1.18648885e-07 -1.06896392e-06  1.18648885e-07  1.68217034e-06 
 1.18698885e-07  1.18398262e-06  1.18698885e-07 -1.28478701e-06 
 1.18748885e-07 -1.05726509e-06  1.18748885e-07  9.26481343e-07 
 1.18798885e-07  1.17209957e-06  1.18798885e-07 -5.41156693e-07 
 1.18848885e-07 -1.04521425e-06  1.18848885e-07  1.94736592e-07 
 1.18898885e-07  1.15988003e-06  1.18898885e-07  1.78847785e-07 
 1.18948885e-07 -1.03284178e-06  1.18948885e-07 -5.13696456e-07 
 1.18998885e-07  1.14735366e-06  1.18998885e-07  8.75851735e-07 
 1.19048885e-07 -1.02017665e-06  1.19048885e-07 -1.19943593e-06 
 1.19098885e-07  1.13454872e-06  1.19098885e-07  1.55046607e-06 
 1.19148885e-07 -1.00724643e-06  1.19148885e-07 -1.86308561e-06 
 1.19198885e-07  1.12149212e-06  1.19198885e-07  2.20328742e-06 
 1.19248885e-07 -9.94077416e-07  1.19248885e-07 -2.50523511e-06 
 1.19298885e-07  1.10820949e-06  1.19298885e-07  2.83489839e-06 
 1.19348885e-07 -9.80694578e-07  1.19348885e-07 -3.12646010e-06 
 1.19398885e-07  1.09472520e-06  1.19398885e-07  3.44586768e-06 
 1.19448885e-07 -9.67121710e-07  1.19448885e-07 -3.72732238e-06 
 1.19498885e-07  1.08106243e-06  1.19498885e-07  4.03675023e-06 
 1.19548885e-07 -9.53381407e-07  1.19548885e-07 -4.30837013e-06 
 1.19598885e-07  1.06724323e-06  1.19598885e-07  4.60808746e-06 
 1.19648885e-07 -9.39495149e-07  1.19648885e-07 -4.87013815e-06 
 1.19698885e-07  1.05328849e-06  1.19698885e-07  5.16040756e-06 
 1.19748885e-07 -9.25483334e-07  1.19748885e-07 -5.41314802e-06 
 1.19798885e-07  1.03921811e-06  1.19798885e-07  5.69422553e-06 
 1.19848885e-07 -9.11365318e-07  1.19848885e-07 -5.93790831e-06 
 1.19898885e-07  1.02505093e-06  1.19898885e-07  6.21004356e-06 
 1.19948885e-07 -8.97159470e-07  1.19948885e-07 -6.44491488e-06 
 1.19974442e-07  1.00397092e-06  1.19974442e-07  6.94069815e-06 
 1.20000000e-07 -8.69176843e-07  1.20000000e-07 -7.38761810e-06 
 1.20005000e-07  1.65356522e-05  1.20005000e-07  1.87376704e-04 
 1.20015000e-07 -9.42511846e-06  1.20015000e-07 -4.32336622e-06 
 1.20035000e-07 -7.24095180e-06  1.20035000e-07 -6.79913517e-05 
 1.20075000e-07  8.73898124e-06  1.20075000e-07 -6.15408675e-05 
 1.20125000e-07 -4.33678045e-05  1.20125000e-07 -1.53875929e-04 
 1.20162500e-07 -5.99774880e-05  1.20162500e-07 -3.24211125e-04 
 1.20200000e-07  5.88570970e-04  1.20200000e-07  4.49900315e-04 
 1.20205000e-07  5.41381574e-06  1.20205000e-07  5.80702018e-04 
 1.20215000e-07 -6.51241306e-04  1.20215000e-07  2.05087975e-03 
 1.20235000e-07  5.21112389e-05  1.20235000e-07  2.02997681e-03 
 1.20263930e-07  9.06464362e-05  1.20263930e-07 -2.33747869e-03 
 1.20295656e-07 -8.44088585e-05  1.20295656e-07 -3.76688490e-04 
 1.20345656e-07  7.59713695e-05  1.20345656e-07  2.01985438e-04 
 1.20395656e-07 -6.76064634e-05  1.20395656e-07  8.28622471e-05 
 1.20445656e-07  6.03412986e-05  1.20445656e-07 -5.23692142e-05 
 1.20495656e-07 -5.37617384e-05  1.20495656e-07  6.27433168e-05 
 1.20545656e-07  4.82609684e-05  1.20545656e-07 -4.69749297e-05 
 1.20595656e-07 -4.32628903e-05  1.20595656e-07  3.79877770e-05 
 1.20645656e-07  3.91057165e-05  1.20645656e-07 -2.87908148e-05 
 1.20695656e-07 -3.52261140e-05  1.20695656e-07  2.21078520e-05 
 1.20745656e-07  3.20112876e-05  1.20745656e-07 -1.68380383e-05 
 1.20795656e-07 -2.89244832e-05  1.20795656e-07  1.29854590e-05 
 1.20845656e-07  2.63891372e-05  1.20845656e-07 -1.01434327e-05 
 1.20895656e-07 -2.38872432e-05  1.20895656e-07  8.17344306e-06 
 1.20945656e-07  2.18632668e-05  1.20945656e-07 -6.82479072e-06 
 1.20995656e-07 -1.98101525e-05  1.20995656e-07  6.01785802e-06 
 1.21045656e-07  1.81843066e-05  1.21045656e-07 -5.57256660e-06 
 1.21095656e-07 -1.64850999e-05  1.21095656e-07  5.45970979e-06 
 1.21145656e-07  1.51760810e-05  1.21145656e-07 -5.54110313e-06 
 1.21195656e-07 -1.37606881e-05  1.21195656e-07  5.82084399e-06 
 1.21245656e-07  1.27070798e-05  1.21245656e-07 -6.18753852e-06 
 1.21295656e-07 -1.15215144e-05  1.21295656e-07  6.66704779e-06 
 1.21345656e-07  1.06753462e-05  1.21345656e-07 -7.16557185e-06 
 1.21395656e-07 -9.67693892e-06  1.21395656e-07  7.72333060e-06 
 1.21445656e-07  8.99998636e-06  1.21445656e-07 -8.25817652e-06 
 1.21495656e-07 -8.15450092e-06  1.21495656e-07  8.81983290e-06 
 1.21545656e-07  7.61595381e-06  1.21545656e-07 -9.33384721e-06 
 1.21595656e-07 -6.89568356e-06  1.21595656e-07  9.85619809e-06 
 1.21645656e-07  6.47054451e-06  1.21645656e-07 -1.03174537e-05 
 1.21695656e-07 -5.85295655e-06  1.21695656e-07  1.07776539e-05 
 1.21745656e-07  5.52086693e-06  1.21745656e-07 -1.11705740e-05 
 1.21795656e-07 -4.98758293e-06  1.21795656e-07  1.15588303e-05 
 1.21845656e-07  4.73192403e-06  1.21845656e-07 -1.18781804e-05 
 1.21895656e-07 -4.26792766e-06  1.21895656e-07  1.21928180e-05 
 1.21945656e-07  4.07511400e-06  1.21945656e-07 -1.24396636e-05 
 1.21972828e-07 -3.44586725e-06  1.21972828e-07  1.28504103e-05 
 1.22000000e-07  3.13515659e-06  1.22000000e-07 -1.31218668e-05 
 1.22005000e-07  4.05011484e-06  1.22005000e-07  4.40032661e-05 
 1.22015000e-07 -2.39974998e-06  1.22015000e-07  1.44326462e-05 
 1.22035000e-07 -1.73831946e-06  1.22035000e-07 -3.06587942e-05 
 1.22075000e-07  2.79174393e-06  1.22075000e-07 -8.53002517e-06 
 1.22125000e-07 -1.08658892e-05  1.22125000e-07 -3.42629585e-05 
 1.22162500e-07 -4.75852860e-05  1.22162500e-07 -1.21832709e-04 
 1.22200000e-07  7.45134680e-04  1.22200000e-07 -5.48249333e-05 
 1.22205000e-07  6.61940496e-04  1.22205000e-07 -2.69371304e-04 
 1.22215000e-07  4.43987689e-04  1.22215000e-07  8.46215445e-04 
 1.22235000e-07  2.82548477e-04  1.22235000e-07  3.72424967e-03 
 1.22275000e-07 -9.01064752e-04  1.22275000e-07  2.25893583e-03 
 1.22325000e-07  1.04021476e-04  1.22325000e-07 -1.19857464e-04 
 1.22375000e-07 -1.98550998e-05  1.22375000e-07 -1.11875781e-03 
 1.22425000e-07  7.77694767e-05  1.22425000e-07 -3.07604030e-03 
 1.22475000e-07 -6.42955045e-05  1.22475000e-07  2.76838840e-04 
 1.22525000e-07  6.02457837e-05  1.22525000e-07 -5.84639638e-04 
 1.22575000e-07 -4.52625227e-05  1.22575000e-07  4.46351589e-04 
 1.22625000e-07  3.79192613e-05  1.22625000e-07 -3.32514591e-04 
 1.22675000e-07 -2.76058400e-05  1.22675000e-07  2.91863310e-04 
 1.22725000e-07  2.22199542e-05  1.22725000e-07 -2.23851050e-04 
 1.22775000e-07 -1.54727687e-05  1.22775000e-07  1.97185891e-04 
 1.22825000e-07  1.19583037e-05  1.22825000e-07 -1.57857377e-04 
 1.22875000e-07 -7.54808718e-06  1.22875000e-07  1.39365899e-04 
 1.22925000e-07  5.38889532e-06  1.22925000e-07 -1.15079780e-04 
 1.22975000e-07 -2.49662273e-06  1.22975000e-07  1.02227515e-04 
 1.23025000e-07  1.22767219e-06  1.23025000e-07 -8.64341124e-05 
 1.23075000e-07  6.56164663e-07  1.23075000e-07  7.73322344e-05 
 1.23125000e-07 -1.30644867e-06  1.23125000e-07 -6.64851236e-05 
 1.23175000e-07  2.52825093e-06  1.23175000e-07  6.00063973e-05 
 1.23225000e-07 -2.77502693e-06  1.23225000e-07 -5.22923171e-05 
 1.23275000e-07  3.55953367e-06  1.23275000e-07  4.75832268e-05 
 1.23325000e-07 -3.54735868e-06  1.23325000e-07 -4.19273284e-05 
 1.23375000e-07  4.04462084e-06  1.23375000e-07  3.84273661e-05 
 1.23425000e-07 -3.87132525e-06  1.23425000e-07 -3.41613236e-05 
 1.23475000e-07  4.18245436e-06  1.23475000e-07  3.14964079e-05 
 1.23525000e-07 -3.91393729e-06  1.23525000e-07 -2.81894632e-05 
 1.23575000e-07  4.10715841e-06  1.23575000e-07  2.61070613e-05 
 1.23625000e-07 -3.78734411e-06  1.23625000e-07 -2.34743695e-05 
 1.23675000e-07  3.90852138e-06  1.23675000e-07  2.18027247e-05 
 1.23725000e-07 -3.56620193e-06  1.23725000e-07 -1.96525179e-05 
 1.23775000e-07  3.64590543e-06  1.23775000e-07  1.82742920e-05 
 1.23825000e-07 -3.30034739e-06  1.23825000e-07 -1.64767014e-05 
 1.23875000e-07  3.35762377e-06  1.23875000e-07  1.53112145e-05 
 1.23925000e-07 -3.01752785e-06  1.23925000e-07 -1.37721913e-05 
 1.23975000e-07  3.06811015e-06  1.23975000e-07  1.27663377e-05 
 1.24025000e-07 -2.74287224e-06  1.24025000e-07 -1.14286572e-05 
 1.24075000e-07  2.79238904e-06  1.24075000e-07  1.05413204e-05 
 1.24125000e-07 -2.48393729e-06  1.24125000e-07 -9.35864752e-06 
 1.24175000e-07  2.53769778e-06  1.24175000e-07  8.56521697e-06 
 1.24225000e-07 -2.24747492e-06  1.24225000e-07 -7.50652479e-06 
 1.24275000e-07  2.30811241e-06  1.24275000e-07  6.78881265e-06 
 1.24325000e-07 -2.03605723e-06  1.24325000e-07 -5.83179665e-06 
 1.24375000e-07  2.10470985e-06  1.24375000e-07  5.17706172e-06 
 1.24425000e-07 -1.84994482e-06  1.24425000e-07 -4.30544635e-06 
 1.24475000e-07  1.92683699e-06  1.24475000e-07  3.70460985e-06 
 1.24525000e-07 -1.68804271e-06  1.24525000e-07 -2.90629142e-06 
 1.24575000e-07  1.77284885e-06  1.24575000e-07  2.35273400e-06 
 1.24625000e-07 -1.54850126e-06  1.24625000e-07 -1.61850241e-06 
 1.24675000e-07  1.64058659e-06  1.24675000e-07  1.10725178e-06 
 1.24725000e-07 -1.42910904e-06  1.24725000e-07 -4.29915034e-07 
 1.24775000e-07  1.52768824e-06  1.24775000e-07 -4.28996263e-08 
 1.24825000e-07 -1.32754582e-06  1.24825000e-07  6.69113962e-07 
 1.24875000e-07  1.43178530e-06  1.24875000e-07 -1.10662557e-06 
 1.24925000e-07 -1.24154001e-06  1.24925000e-07  1.68647917e-06 
 1.24975000e-07  1.35062128e-06  1.24975000e-07 -2.09132258e-06 
 1.25025000e-07 -1.16896088e-06  1.25025000e-07  2.62884514e-06 
 1.25075000e-07  1.28211769e-06  1.25075000e-07 -3.00331362e-06 
 1.25125000e-07 -1.10786721e-06  1.25125000e-07  3.50199309e-06 
 1.25175000e-07  1.22440497e-06  1.25175000e-07 -3.84813899e-06 
 1.25225000e-07 -1.05652718e-06  1.25225000e-07  4.31105159e-06 
 1.25275000e-07  1.17583097e-06  1.25275000e-07 -4.63075028e-06 
 1.25325000e-07 -1.01342020e-06  1.25325000e-07  5.06064958e-06 
 1.25375000e-07  1.13495545e-06  1.25375000e-07 -5.35563931e-06 
 1.25425000e-07 -9.77227583e-07  1.25425000e-07  5.75501791e-06 
 1.25475000e-07  1.10053635e-06  1.25475000e-07 -6.02692438e-06 
 1.25525000e-07 -9.46817059e-07  1.25525000e-07  6.39805695e-06 
 1.25575000e-07  1.07151180e-06  1.25575000e-07 -6.64840827e-06 
 1.25625000e-07 -9.21224200e-07  1.25625000e-07  6.99338242e-06 
 1.25675000e-07  1.04698054e-06  1.25675000e-07 -7.22361810e-06 
 1.25725000e-07 -8.99633165e-07  1.25725000e-07  7.54435689e-06 
 1.25775000e-07  1.02618218e-06  1.25775000e-07 -7.75583363e-06 
 1.25825000e-07 -8.81357630e-07  1.25825000e-07  8.05411268e-06 
 1.25875000e-07  1.00847842e-06  1.25875000e-07 -8.24810815e-06 
 1.25925000e-07 -8.65823062e-07  1.25925000e-07  8.52556922e-06 
 1.25975000e-07  9.93335787e-07  1.25975000e-07 -8.70328503e-06 
 1.26025000e-07 -8.52550452e-07  1.26025000e-07  8.96144706e-06 
 1.26075000e-07  9.80310031e-07  1.26075000e-07 -9.12401127e-06 
 1.26125000e-07 -8.41141887e-07  1.26125000e-07  9.36427986e-06 
 1.26175000e-07  9.69032350e-07  1.26175000e-07 -9.51274965e-06 
 1.26225000e-07 -8.31267821e-07  1.26225000e-07  9.73642542e-06 
 1.26275000e-07  9.59197471e-07  1.26275000e-07 -9.87178958e-06 
 1.26325000e-07 -8.22656091e-07  1.26325000e-07  1.00800758e-05 
 1.26375000e-07  9.50553306e-07  1.26375000e-07 -1.02032576e-05 
 1.26425000e-07 -8.15082481e-07  1.26425000e-07  1.03972671e-05 
 1.26475000e-07  9.42892051e-07  1.26475000e-07 -1.05091274e-05 
 1.26525000e-07 -8.08362614e-07  1.26525000e-07  1.06898888e-05 
 1.26575000e-07  9.36042749e-07  1.26575000e-07 -1.07912290e-05 
 1.26625000e-07 -8.02345124e-07  1.26625000e-07  1.09596932e-05 
 1.26675000e-07  9.29864922e-07  1.26675000e-07 -1.10512582e-05 
 1.26725000e-07 -7.96906027e-07  1.26725000e-07  1.12083037e-05 
 1.26775000e-07  9.24243309e-07  1.26775000e-07 -1.12907855e-05 
 1.26825000e-07 -7.91943829e-07  1.26825000e-07  1.14372240e-05 
 1.26875000e-07  9.19083432e-07  1.26875000e-07 -1.15112647e-05 
 1.26925000e-07 -7.87375570e-07  1.26925000e-07  1.16478457e-05 
 1.26975000e-07  9.14307857e-07  1.26975000e-07 -1.17140407e-05 
 1.27025000e-07 -7.83133470e-07  1.27025000e-07  1.18414566e-05 
 1.27075000e-07  9.09853172e-07  1.27075000e-07 -1.19003576e-05 
 1.27125000e-07 -7.79162247e-07  1.27125000e-07  1.20192479e-05 
 1.27175000e-07  9.05667500e-07  1.27175000e-07 -1.20713659e-05 
 1.27225000e-07 -7.75416778e-07  1.27225000e-07  1.21823212e-05 
 1.27275000e-07  9.01708316e-07  1.27275000e-07 -1.22281294e-05 
 1.27325000e-07 -7.71860266e-07  1.27325000e-07  1.23316953e-05 
 1.27375000e-07  8.97940824e-07  1.27375000e-07 -1.23716318e-05 
 1.27425000e-07 -7.68462727e-07  1.27425000e-07  1.24683124e-05 
 1.27475000e-07  8.94336514e-07  1.27475000e-07 -1.25027826e-05 
 1.27525000e-07 -7.65199690e-07  1.27525000e-07  1.25930440e-05 
 1.27575000e-07  8.90871963e-07  1.27575000e-07 -1.26224230e-05 
 1.27625000e-07 -7.62051168e-07  1.27625000e-07  1.27066959e-05 
 1.27675000e-07  8.87527970e-07  1.27675000e-07 -1.27313311e-05 
 1.27725000e-07 -7.59000885e-07  1.27725000e-07  1.28100139e-05 
 1.27775000e-07  8.84288725e-07  1.27775000e-07 -1.28302269e-05 
 1.27825000e-07 -7.56035492e-07  1.27825000e-07  1.29036882e-05 
 1.27875000e-07  8.81141210e-07  1.27875000e-07 -1.29197767e-05 
 1.27925000e-07 -7.53144098e-07  1.27925000e-07  1.29883576e-05 
 1.27975000e-07  8.78074655e-07  1.27975000e-07 -1.30005972e-05 
 1.28025000e-07 -7.50317736e-07  1.28025000e-07  1.30646137e-05 
 1.28075000e-07  8.75080131e-07  1.28075000e-07 -1.30732598e-05 
 1.28125000e-07 -7.47549063e-07  1.28125000e-07  1.31330047e-05 
 1.28175000e-07  8.72150241e-07  1.28175000e-07 -1.31382940e-05 
 1.28225000e-07 -7.44832016e-07  1.28225000e-07  1.31940384e-05 
 1.28275000e-07  8.69278792e-07  1.28275000e-07 -1.31961903e-05 
 1.28325000e-07 -7.42161588e-07  1.28325000e-07  1.32481860e-05 
 1.28375000e-07  8.66460584e-07  1.28375000e-07 -1.32474040e-05 
 1.28425000e-07 -7.39533599e-07  1.28425000e-07  1.32958844e-05 
 1.28475000e-07  8.63691262e-07  1.28475000e-07 -1.32923573e-05 
 1.28525000e-07 -7.36944597e-07  1.28525000e-07  1.33375394e-05 
 1.28575000e-07  8.60967124e-07  1.28575000e-07 -1.33314423e-05 
 1.28625000e-07 -7.34391677e-07  1.28625000e-07  1.33735275e-05 
 1.28675000e-07  8.58285028e-07  1.28675000e-07 -1.33650232e-05 
 1.28725000e-07 -7.31872380e-07  1.28725000e-07  1.34041989e-05 
 1.28775000e-07  8.55642241e-07  1.28775000e-07 -1.33934387e-05 
 1.28825000e-07 -7.29384619e-07  1.28825000e-07  1.34298790e-05 
 1.28875000e-07  8.53036459e-07  1.28875000e-07 -1.34170034e-05 
 1.28925000e-07 -7.26926645e-07  1.28925000e-07  1.34508707e-05 
 1.28975000e-07  8.50465660e-07  1.28975000e-07 -1.34360104e-05 
 1.29025000e-07 -7.24496925e-07  1.29025000e-07  1.34674557e-05 
 1.29075000e-07  8.47928068e-07  1.29075000e-07 -1.34507325e-05 
 1.29125000e-07 -7.22094142e-07  1.29125000e-07  1.34798966e-05 
 1.29175000e-07  8.45422122e-07  1.29175000e-07 -1.34614239e-05 
 1.29225000e-07 -7.19717133e-07  1.29225000e-07  1.34884382e-05 
 1.29275000e-07  8.42946423e-07  1.29275000e-07 -1.34683216e-05 
 1.29325000e-07 -7.17364893e-07  1.29325000e-07  1.34933087e-05 
 1.29375000e-07  8.40499758e-07  1.29375000e-07 -1.34716466e-05 
 1.29425000e-07 -7.15036521e-07  1.29425000e-07  1.34947212e-05 
 1.29475000e-07  8.38081000e-07  1.29475000e-07 -1.34716055e-05 
 1.29525000e-07 -7.12731217e-07  1.29525000e-07  1.34928744e-05 
 1.29575000e-07  8.35689155e-07  1.29575000e-07 -1.34683911e-05 
 1.29625000e-07 -7.10448259e-07  1.29625000e-07  1.34879545e-05 
 1.29675000e-07  8.33323282e-07  1.29675000e-07 -1.34621836e-05 
 1.29725000e-07 -7.08186958e-07  1.29725000e-07  1.34801352e-05 
 1.29775000e-07  8.30982552e-07  1.29775000e-07 -1.34531517e-05 
 1.29825000e-07 -7.05946759e-07  1.29825000e-07  1.34695793e-05 
 1.29875000e-07  8.28666194e-07  1.29875000e-07 -1.34414532e-05 
 1.29925000e-07 -7.03727083e-07  1.29925000e-07  1.34564392e-05 
 1.29962500e-07  8.26002291e-07  1.29962500e-07 -1.34246128e-05 
 1.30000000e-07 -7.00776302e-07  1.30000000e-07  1.34351771e-05 
 1.30005000e-07 -1.49633221e-05  1.30005000e-07 -8.14716011e-05 
 1.30015000e-07  8.67806809e-06  1.30015000e-07  8.24753935e-06 
 1.30035000e-07  6.60241588e-06  1.30035000e-07  1.86164849e-05 
 1.30075000e-07 -8.45263240e-06  1.30075000e-07  1.98831689e-05 
 1.30125000e-07  4.70350687e-05  1.30125000e-07  1.66314898e-04 
 1.30162500e-07  5.11982684e-05  1.30162500e-07  2.17357802e-04 
 1.30200000e-07 -9.97616142e-04  1.30200000e-07 -7.33088118e-06 
 1.30205000e-07 -1.09395774e-03  1.30205000e-07 -1.26444025e-04 
 1.30215000e-07 -3.15481490e-04  1.30215000e-07 -5.42916020e-04 
 1.30235000e-07  3.32728284e-04  1.30235000e-07 -1.45435183e-03 
 1.30275000e-07  2.46799089e-04  1.30275000e-07 -2.54054578e-03 
 1.30322368e-07  3.97707318e-04  1.30322368e-07 -1.29651156e-03 
 1.30367664e-07 -3.54851610e-04  1.30367664e-07  3.04608714e-03 
 1.30417664e-07  2.87330748e-04  1.30417664e-07 -1.42432244e-03 
 1.30467664e-07 -2.20051509e-04  1.30467664e-07  2.50911470e-03 
 1.30517664e-07  1.63423494e-04  1.30517664e-07 -7.45269483e-04 
 1.30567664e-07 -1.15391652e-04  1.30567664e-07  1.06227563e-03 
 1.30617664e-07  7.71489401e-05  1.30617664e-07 -4.78668407e-04 
 1.30667664e-07 -4.60394745e-05  1.30667664e-07  4.43250869e-04 
 1.30717664e-07  2.19681921e-05  1.30717664e-07 -2.33738503e-04 
 1.30767664e-07 -2.90560507e-06  1.30767664e-07  1.69738393e-04 
 1.30817664e-07 -1.13382109e-05  1.30817664e-07 -8.20871086e-05 
 1.30867664e-07  2.22829129e-05  1.30867664e-07  3.97785685e-05 
 1.30917664e-07 -2.99840615e-05  1.30917664e-07  4.88325486e-07 
 1.30967664e-07  3.56213721e-05  1.30967664e-07 -2.35095184e-05 
 1.31017664e-07 -3.90939144e-05  1.31017664e-07  4.24449145e-05 
 1.31067664e-07  4.13696079e-05  1.31067664e-07 -5.35997261e-05 
 1.31117664e-07 -4.21824684e-05  1.31117664e-07  6.20586552e-05 
 1.31167664e-07  4.23842772e-05  1.31167664e-07 -6.66025252e-05 
 1.31217664e-07 -4.16160935e-05  1.31217664e-07  6.97034819e-05 
 1.31267664e-07  4.06127645e-05  1.31267664e-07 -7.07198618e-05 
 1.31317664e-07 -3.89622228e-05  1.31317664e-07  7.10777386e-05 
 1.31367664e-07  3.73189965e-05  1.31367664e-07 -7.03007580e-05 
 1.31417664e-07 -3.52363767e-05  1.31417664e-07  6.93050840e-05 
 1.31467664e-07  3.33139384e-05  1.31467664e-07 -6.76905589e-05 
 1.31517664e-07 -3.10824639e-05  1.31517664e-07  6.60907227e-05 
 1.31567664e-07  2.91042939e-05  1.31567664e-07 -6.41581727e-05 
 1.31617664e-07 -2.68958335e-05  1.31617664e-07  6.23565309e-05 
 1.31667664e-07  2.49943651e-05  1.31667664e-07 -6.03811459e-05 
 1.31717664e-07 -2.29074111e-05  1.31717664e-07  5.85877863e-05 
 1.31767664e-07  2.11554791e-05  1.31767664e-07 -5.67076501e-05 
 1.31817664e-07 -1.92409191e-05  1.31817664e-07  5.50252067e-05 
 1.31867664e-07  1.76730610e-05  1.31867664e-07 -5.33017889e-05 
 1.31917664e-07 -1.59515646e-05  1.31917664e-07  5.17731135e-05 
 1.31967664e-07  1.45783429e-05  1.31967664e-07 -5.02257820e-05 
 1.32017664e-07 -1.30519975e-05  1.32017664e-07  4.88611612e-05 
 1.32067664e-07  1.18695387e-05  1.32067664e-07 -4.74870049e-05 
 1.32117664e-07 -1.05295531e-05  1.32117664e-07  4.62798010e-05 
 1.32167664e-07  9.52582041e-06  1.32167664e-07 -4.50650049e-05 
 1.32217664e-07 -8.35755182e-06  1.32217664e-07  4.40006138e-05 
 1.32267664e-07  7.51640177e-06  1.32267664e-07 -4.29269114e-05 
 1.32317664e-07 -6.50257109e-06  1.32317664e-07  4.19878146e-05 
 1.32367664e-07  5.80631481e-06  1.32367664e-07 -4.10360511e-05 
 1.32417664e-07 -4.92900587e-06  1.32417664e-07  4.02045700e-05 
 1.32467664e-07  4.35997200e-06  1.32467664e-07 -3.93565687e-05 
 1.32517664e-07 -3.60182209e-06  1.32517664e-07  3.86162721e-05 
 1.32567664e-07  3.14326024e-06  1.32567664e-07 -3.78557128e-05 
 1.32617664e-07 -2.48812059e-06  1.32617664e-07  3.71920423e-05 
 1.32667664e-07  2.12467612e-06  1.32667664e-07 -3.65047752e-05 
 1.32717664e-07 -1.55795916e-06  1.32717664e-07  3.59189021e-05 
 1.32767664e-07  1.27581111e-06  1.32767664e-07 -3.52950566e-05 
 1.32817664e-07 -7.84513928e-07  1.32817664e-07  3.47467704e-05 
 1.32867664e-07  5.71641758e-07  1.32867664e-07 -3.41704395e-05 
 1.32917664e-07 -1.44387360e-07  1.32917664e-07  3.36682722e-05 
 1.32967664e-07 -9.78606635e-09  1.32967664e-07 -3.31358812e-05 
 1.33017664e-07  3.82848933e-07  1.33017664e-07  3.26725340e-05 
 1.33067664e-07 -4.87444161e-07  1.33067664e-07 -3.21772196e-05 
 1.33117664e-07  8.14780525e-07  1.33117664e-07  3.17464678e-05 
 1.33167664e-07 -8.77609804e-07  1.33167664e-07 -3.12826164e-05 
 1.33217664e-07  1.16645168e-06  1.33217664e-07  3.08796225e-05 
 1.33267664e-07 -1.19417243e-06  1.33267664e-07 -3.04428039e-05 
 1.33317664e-07  1.45067052e-06  1.33317664e-07  3.00637848e-05 
 1.33367664e-07 -1.44893313e-06  1.33367664e-07 -2.96505052e-05 
 1.33417664e-07  1.67829996e-06  1.33417664e-07  2.92924914e-05 
 1.33467664e-07 -1.65188500e-06  1.33467664e-07 -2.88999950e-05 
 1.33517664e-07  1.85852576e-06  1.33517664e-07  2.85606545e-05 
 1.33567664e-07 -1.81146791e-06  1.33567664e-07 -2.81867669e-05 
 1.33617664e-07  1.99909764e-06  1.33617664e-07  2.78642675e-05 
 1.33667664e-07 -1.93479566e-06  1.33667664e-07 -2.75072698e-05 
 1.33717664e-07  2.10654223e-06  1.33717664e-07  2.72001687e-05 
 1.33767664e-07 -2.02785512e-06  1.33767664e-07 -2.68586972e-05 
 1.33817664e-07  2.18634896e-06  1.33817664e-07  2.65658526e-05 
 1.33867664e-07 -2.09567917e-06  1.33867664e-07 -2.62388174e-05 
 1.33917664e-07  2.24313044e-06  1.33917664e-07  2.59593182e-05 
 1.33967664e-07 -2.14249526e-06  1.33967664e-07 -2.56458388e-05 
 1.34017664e-07  2.28075997e-06  1.34017664e-07  2.53789484e-05 
 1.34067664e-07 -2.17185243e-06  1.34067664e-07 -2.50783028e-05 
 1.34117664e-07  2.30248851e-06  1.34117664e-07  2.48234148e-05 
 1.34167664e-07 -2.18672901e-06  1.34167664e-07 -2.45349997e-05 
 1.34217664e-07  2.31104398e-06  1.34217664e-07  2.42916039e-05 
 1.34267664e-07 -2.18962400e-06  1.34267664e-07 -2.40149031e-05 
 1.34317664e-07  2.30871513e-06  1.34317664e-07  2.37825589e-05 
 1.34367664e-07 -2.18263402e-06  1.34367664e-07 -2.35171198e-05 
 1.34417664e-07  2.29742210e-06  1.34417664e-07  2.32954357e-05 
 1.34467664e-07 -2.16751806e-06  1.34467664e-07 -2.30408510e-05 
 1.34517664e-07  2.27877583e-06  1.34517664e-07  2.28294697e-05 
 1.34567664e-07 -2.14575188e-06  1.34567664e-07 -2.25853638e-05 
 1.34617664e-07  2.25412792e-06  1.34617664e-07  2.23839508e-05 
 1.34667664e-07 -2.11857371e-06  1.34667664e-07 -2.21499695e-05 
 1.34717664e-07  2.22461238e-06  1.34717664e-07  2.19582051e-05 
 1.34767664e-07 -2.08702247e-06  1.34767664e-07 -2.17340085e-05 
 1.34817664e-07  2.19118070e-06  1.34817664e-07  2.15515817e-05 
 1.34867664e-07 -2.05196986e-06  1.34867664e-07 -2.13368392e-05 
 1.34917664e-07  2.15463117e-06  1.34917664e-07  2.11634440e-05 
 1.34967664e-07 -2.01414716e-06  1.34967664e-07 -2.09578308e-05 
 1.35017664e-07  2.11563343e-06  1.35017664e-07  2.07931638e-05 
 1.35067664e-07 -1.97416777e-06  1.35067664e-07 -2.05963585e-05 
 1.35117664e-07  2.07474903e-06  1.35117664e-07  2.04401173e-05 
 1.35167664e-07 -1.93254599e-06  1.35167664e-07 -2.02518008e-05 
 1.35217664e-07  2.03244873e-06  1.35217664e-07  2.01036832e-05 
 1.35267664e-07 -1.88971282e-06  1.35267664e-07 -1.99235383e-05 
 1.35317664e-07  1.98912688e-06  1.35317664e-07  1.97832424e-05 
 1.35367664e-07 -1.84602921e-06  1.35367664e-07 -1.96109534e-05 
 1.35417664e-07  1.94511355e-06  1.35417664e-07  1.94781778e-05 
 1.35467664e-07 -1.80179706e-06  1.35467664e-07 -1.93134311e-05 
 1.35517664e-07  1.90068467e-06  1.35517664e-07  1.91878753e-05 
 1.35567664e-07 -1.75726864e-06  1.35567664e-07 -1.90303595e-05 
 1.35617664e-07  1.85607059e-06  1.35617664e-07  1.89117248e-05 
 1.35667664e-07 -1.71265431e-06  1.35667664e-07 -1.87611316e-05 
 1.35717664e-07  1.81146317e-06  1.35717664e-07  1.86491217e-05 
 1.35767664e-07 -1.66812913e-06  1.35767664e-07 -1.85051467e-05 
 1.35817664e-07  1.76702190e-06  1.35817664e-07  1.83994684e-05 
 1.35867664e-07 -1.62383839e-06  1.35867664e-07 -1.82618114e-05 
 1.35917664e-07  1.72287891e-06  1.35917664e-07  1.81621757e-05 
 1.35967664e-07 -1.57990220e-06  1.35967664e-07 -1.80305418e-05 
 1.36017664e-07  1.67914318e-06  1.36017664e-07  1.79366645e-05 
 1.36067664e-07 -1.53641949e-06  1.36067664e-07 -1.78107645e-05 
 1.36117664e-07  1.63590423e-06  1.36117664e-07  1.77223668e-05 
 1.36167664e-07 -1.49347121e-06  1.36167664e-07 -1.76019179e-05 
 1.36217664e-07  1.59323507e-06  1.36217664e-07  1.75187270e-05 
 1.36267664e-07 -1.45112316e-06  1.36267664e-07 -1.74034535e-05 
 1.36317664e-07  1.55119481e-06  1.36317664e-07  1.73252034e-05 
 1.36367664e-07 -1.40942838e-06  1.36367664e-07 -1.72148367e-05 
 1.36417664e-07  1.50983080e-06  1.36417664e-07  1.71412685e-05 
 1.36467664e-07 -1.36842907e-06  1.36467664e-07 -1.70355480e-05 
 1.36517664e-07  1.46918042e-06  1.36517664e-07  1.69664104e-05 
 1.36567664e-07 -1.32815829e-06  1.36567664e-07 -1.68650835e-05 
 1.36617664e-07  1.42927268e-06  1.36617664e-07  1.68001330e-05 
 1.36667664e-07 -1.28864136e-06  1.36667664e-07 -1.67029555e-05 
 1.36717664e-07  1.39012947e-06  1.36717664e-07  1.66419566e-05 
 1.36767664e-07 -1.24989710e-06  1.36767664e-07 -1.65486929e-05 
 1.36817664e-07  1.35176674e-06  1.36817664e-07  1.64914187e-05 
 1.36867664e-07 -1.21193885e-06  1.36867664e-07 -1.64018418e-05 
 1.36917664e-07  1.31419534e-06  1.36917664e-07  1.63480735e-05 
 1.36967664e-07 -1.17477529e-06  1.36967664e-07 -1.62619652e-05 
 1.37017664e-07  1.27742192e-06  1.37017664e-07  1.62114927e-05 
 1.37067664e-07 -1.13841120e-06  1.37067664e-07 -1.61286435e-05 
 1.37117664e-07  1.24144950e-06  1.37117664e-07  1.60812651e-05 
 1.37167664e-07 -1.10284808e-06  1.37167664e-07 -1.60014744e-05 
 1.37217664e-07  1.20627812e-06  1.37217664e-07  1.59569969e-05 
 1.37267664e-07 -1.06808467e-06  1.37267664e-07 -1.58800726e-05 
 1.37317664e-07  1.17190531e-06  1.37317664e-07  1.58383113e-05 
 1.37367664e-07 -1.03411742e-06  1.37367664e-07 -1.57640700e-05 
 1.37417664e-07  1.13832650e-06  1.37417664e-07  1.57248485e-05 
 1.37467664e-07 -1.00094085e-06  1.37467664e-07 -1.56531152e-05 
 1.37517664e-07  1.10553533e-06  1.37517664e-07  1.56162652e-05 
 1.37567664e-07 -9.68547880e-07  1.37567664e-07 -1.55468732e-05 
 1.37617664e-07  1.07352402e-06  1.37617664e-07  1.55122347e-05 
 1.37667664e-07 -9.36930101e-07  1.37667664e-07 -1.54450254e-05 
 1.37717664e-07  1.04228357e-06  1.37717664e-07  1.54124459e-05 
 1.37767664e-07 -9.06078022e-07  1.37767664e-07 -1.53472686e-05 
 1.37817664e-07  1.01180402e-06  1.37817664e-07  1.53166035e-05 
 1.37867664e-07 -8.75981265e-07  1.37867664e-07 -1.52533154e-05 
 1.37917664e-07  9.82074579e-07  1.37917664e-07  1.52244275e-05 
 1.37967664e-07 -8.46628730e-07  1.37967664e-07 -1.51628929e-05 
 1.38017664e-07  9.53083836e-07  1.38017664e-07  1.51356524e-05 
 1.38067664e-07 -8.18008732e-07  1.38067664e-07 -1.50757432e-05 
 1.38117664e-07  9.24819846e-07  1.38117664e-07  1.50500270e-05 
 1.38167664e-07 -7.90109136e-07  1.38167664e-07 -1.49916220e-05 
 1.38217664e-07  8.97270288e-07  1.38217664e-07  1.49673140e-05 
 1.38267664e-07 -7.62917468e-07  1.38267664e-07 -1.49102987e-05 
 1.38317664e-07  8.70422537e-07  1.38317664e-07  1.48872894e-05 
 1.38367664e-07 -7.36420996e-07  1.38367664e-07 -1.48315557e-05 
 1.38417664e-07  8.44263738e-07  1.38417664e-07  1.48097417e-05 
 1.38467664e-07 -7.10606796e-07  1.38467664e-07 -1.47551880e-05 
 1.38517664e-07  8.18780899e-07  1.38517664e-07  1.47344721e-05 
 1.38567664e-07 -6.85461829e-07  1.38567664e-07 -1.46810028e-05 
 1.38617664e-07  7.93960929e-07  1.38617664e-07  1.46612935e-05 
 1.38667664e-07 -6.60972986e-07  1.38667664e-07 -1.46088185e-05 
 1.38717664e-07  7.69790689e-07  1.38717664e-07  1.45900300e-05 
 1.38767664e-07 -6.37127131e-07  1.38767664e-07 -1.45384651e-05 
 1.38817664e-07  7.46257057e-07  1.38817664e-07  1.45205167e-05 
 1.38867664e-07 -6.13911174e-07  1.38867664e-07 -1.44697826e-05 
 1.38917664e-07  7.23346935e-07  1.38917664e-07  1.44525990e-05 
 1.38967664e-07 -5.91312045e-07  1.38967664e-07 -1.44026217e-05 
 1.39017664e-07  7.01047304e-07  1.39017664e-07  1.43861323e-05 
 1.39067664e-07 -5.69316777e-07  1.39067664e-07 -1.43368425e-05 
 1.39117664e-07  6.79345226e-07  1.39117664e-07  1.43209812e-05 
 1.39167664e-07 -5.47912498e-07  1.39167664e-07 -1.42723142e-05 
 1.39217664e-07  6.58227875e-07  1.39217664e-07  1.42570197e-05 
 1.39267664e-07 -5.27086443e-07  1.39267664e-07 -1.42089152e-05 
 1.39317664e-07  6.37682566e-07  1.39317664e-07  1.41941299e-05 
 1.39367664e-07 -5.06826015e-07  1.39367664e-07 -1.41465317e-05 
 1.39417664e-07  6.17696747e-07  1.39417664e-07  1.41322025e-05 
 1.39467664e-07 -4.87118741e-07  1.39467664e-07 -1.40850582e-05 
 1.39517664e-07  5.98258052e-07  1.39517664e-07  1.40711355e-05 
 1.39567664e-07 -4.67952343e-07  1.39567664e-07 -1.40243967e-05 
 1.39617664e-07  5.79354239e-07  1.39617664e-07  1.40108345e-05 
 1.39667664e-07 -4.49314661e-07  1.39667664e-07 -1.39644563e-05 
 1.39717664e-07  5.60973272e-07  1.39717664e-07  1.39512121e-05 
 1.39767664e-07 -4.31193774e-07  1.39767664e-07 -1.39051527e-05 
 1.39817664e-07  5.43103293e-07  1.39817664e-07  1.38921872e-05 
 1.39867664e-07 -4.13577903e-07  1.39867664e-07 -1.38464083e-05 
 1.39917664e-07  5.25732613e-07  1.39917664e-07  1.38336851e-05 
 1.39958832e-07 -3.94647307e-07  1.39958832e-07 -1.37819326e-05 
 1.40000000e-07  5.05290489e-07  1.40000000e-07  1.37632697e-05 
 1.40005000e-07  1.63702856e-05  1.40005000e-07  1.85828397e-04 
 1.40015000e-07 -9.39166540e-06  1.40015000e-07 -3.86385542e-06 
 1.40035000e-07 -6.94953868e-06  1.40035000e-07 -6.76188062e-05 
 1.40075000e-07  8.37963851e-06  1.40075000e-07 -6.11452652e-05 
 1.40125000e-07 -4.20452317e-05  1.40125000e-07 -1.52835789e-04 
 1.40162500e-07  1.43013693e-04  1.40162500e-07 -3.64204817e-04 
 1.40200000e-07  1.40580585e-03  1.40200000e-07  1.78855234e-03 
 1.40205000e-07  8.38842775e-04  1.40205000e-07  2.17324394e-03 
 1.40215000e-07 -1.61831562e-04  1.40215000e-07  3.47660807e-03 
 1.40235000e-07 -9.00478920e-04  1.40235000e-07  5.76477413e-03 
 1.40268371e-07 -2.68035665e-04  1.40268371e-07  6.25165731e-04 
 1.40303998e-07 -1.29982392e-04  1.40303998e-07 -2.00685697e-03 
 1.40349629e-07  8.82613444e-05  1.40349629e-07 -9.29085473e-04 
 1.40399629e-07 -7.74648420e-05  1.40399629e-07 -2.97919393e-03 
 1.40449629e-07  6.84082884e-05  1.40449629e-07  9.81180004e-04 
 1.40499629e-07 -5.99874327e-05  1.40499629e-07 -1.04892908e-03 
 1.40549629e-07  5.27368111e-05  1.40549629e-07  7.33715960e-04 
 1.40599629e-07 -4.60985863e-05  1.40599629e-07 -6.26503298e-04 
 1.40649629e-07  4.04995761e-05  1.40649629e-07  4.95910260e-04 
 1.40699629e-07 -3.53663117e-05  1.40699629e-07 -4.13441203e-04 
 1.40749629e-07  3.10942478e-05  1.40749629e-07  3.41665884e-04 
 1.40799629e-07 -2.71259657e-05  1.40799629e-07 -2.87298522e-04 
 1.40849629e-07  2.38775847e-05  1.40849629e-07  2.42483953e-04 
 1.40899629e-07 -2.08058008e-05  1.40899629e-07 -2.06385266e-04 
 1.40949629e-07  1.83388778e-05  1.40949629e-07  1.76500136e-04 
 1.40999629e-07 -1.59508069e-05  1.40999629e-07 -1.51730404e-04 
 1.41049629e-07  1.40839662e-05  1.41049629e-07  1.30931195e-04 
 1.41099629e-07 -1.22189914e-05  1.41099629e-07 -1.13347891e-04 
 1.41149629e-07  1.08110868e-05  1.41149629e-07  9.83687742e-05 
 1.41199629e-07 -9.34666240e-06  1.41199629e-07 -8.54984954e-05 
 1.41249629e-07  8.29015736e-06  1.41249629e-07  7.43871508e-05 
 1.41299629e-07 -7.13278953e-06  1.41299629e-07 -6.46977453e-05 
 1.41349629e-07  6.34569113e-06  1.41349629e-07  5.62283885e-05 
 1.41399629e-07 -5.42399200e-06  1.41399629e-07 -4.87373737e-05 
 1.41449629e-07  4.84370502e-06  1.41449629e-07  4.21131078e-05 
 1.41499629e-07 -4.10310271e-06  1.41499629e-07 -3.61726885e-05 
 1.41549629e-07  3.68177460e-06  1.41549629e-07  3.08623543e-05 
 1.41599629e-07 -3.08050076e-06  1.41599629e-07 -2.60364849e-05 
 1.41649629e-07  2.78149989e-06  1.41649629e-07  2.16796433e-05 
 1.41699629e-07 -2.28754706e-06  1.41699629e-07 -1.76703205e-05 
 1.41749629e-07  2.08279573e-06  1.41749629e-07  1.40191084e-05 
 1.41799629e-07 -1.67160795e-06  1.41799629e-07 -1.06202748e-05 
 1.41849629e-07  1.53955905e-06  1.41849629e-07  7.50241148e-06 
 1.41899629e-07 -1.19227630e-06  1.41899629e-07 -4.57015536e-06 
 1.41949629e-07  1.11637566e-06  1.41949629e-07  1.86471761e-06 
 1.41974815e-07 -6.64508498e-07  1.41974815e-07  3.07139272e-06 
 1.42000000e-07  5.29165840e-07  1.42000000e-07 -7.41794994e-06 
 1.42005000e-07  4.81077950e-04  1.42005000e-07  5.53571039e-03 
 1.42015000e-07  4.38413988e-04  1.42015000e-07  6.89831405e-03 
 1.42035000e-07  2.36427920e-05  1.42035000e-07  2.65690228e-03 
 1.42075000e-07  2.55527195e-04  1.42075000e-07  1.61876298e-03 
 1.42125000e-07 -1.53136907e-03  1.42125000e-07 -1.45049465e-02 
 1.42162500e-07 -2.80040769e-02  1.42162500e-07 -5.24695299e-02 
 1.42200000e-07  3.26892054e-01  1.42200000e-07 -5.99649286e-02 
 1.42205000e-07  4.52568250e-01  1.42205000e-07 -3.58510195e-02 
 1.42215000e-07  7.12582424e-01  1.42215000e-07  3.26449503e-02 
 1.42235000e-07  1.04501126e+00  1.42235000e-07  3.32619391e-01 
 1.42263632e-07  4.33848978e-01  1.42263632e-07  1.80124688e+00 
 1.42294726e-07 -2.28522075e-02  1.42294726e-07  2.99328879e+00 
 1.42336269e-07  2.17851357e-02  1.42336269e-07  3.26956935e+00 
 1.42379303e-07 -1.95027842e-02  1.42379303e-07  3.21892320e+00 
 1.42429303e-07  1.77860966e-02  1.42429303e-07  1.48920550e+00 
 1.42479303e-07 -1.56917099e-02  1.42479303e-07 -1.58700929e-02 
 1.42527125e-07  1.41522106e-02  1.42527125e-07  3.93955096e-02 
 1.42577125e-07 -1.25021752e-02  1.42577125e-07 -2.52150332e-02 
 1.42627125e-07  1.13011231e-02  1.42627125e-07  2.00235900e-02 
 1.42677125e-07 -1.00190971e-02  1.42677125e-07 -1.52101670e-02 
 1.42727125e-07  9.04240042e-03  1.42727125e-07  1.21061899e-02 
 1.42777125e-07 -8.04390544e-03  1.42777125e-07 -9.69553864e-03 
 1.42827125e-07  7.25376833e-03  1.42827125e-07  7.95790782e-03 
 1.42877125e-07 -6.47261568e-03  1.42877125e-07 -6.63432441e-03 
 1.42927125e-07  5.83546168e-03  1.42927125e-07  5.63626081e-03 
 1.42977125e-07 -5.22183475e-03  1.42977125e-07 -4.86460435e-03 
 1.43027125e-07  4.70916370e-03  1.43027125e-07  4.26471372e-03 
 1.43077125e-07 -4.22545636e-03  1.43077125e-07 -3.79019621e-03 
 1.43127125e-07  3.81355056e-03  1.43127125e-07  3.41117719e-03 
 1.43177125e-07 -3.43112872e-03  1.43177125e-07 -3.10403667e-03 
 1.43227125e-07  3.10048295e-03  1.43227125e-07  2.85229858e-03 
 1.43277125e-07 -2.79736541e-03  1.43277125e-07 -2.64345645e-03 
 1.43327125e-07  2.53206918e-03  1.43327125e-07  2.46800239e-03 
 1.43377125e-07 -2.29126541e-03  1.43377125e-07 -2.31922401e-03 
 1.43427125e-07  2.07697206e-03  1.43427125e-07  2.19163406e-03 
 1.43477125e-07 -1.88689407e-03  1.43477125e-07 -2.08050066e-03 
 1.43527125e-07  1.71602872e-03  1.43527125e-07  1.98368785e-03 
 1.43577125e-07 -1.56312482e-03  1.43577125e-07 -1.89756138e-03 
 1.43627125e-07  1.42668707e-03  1.43627125e-07  1.82131077e-03 
 1.43677125e-07 -1.30364003e-03  1.43677125e-07 -1.75219249e-03 
 1.43727125e-07  1.19451222e-03  1.43727125e-07  1.69017488e-03 
 1.43777125e-07 -1.09541040e-03  1.43777125e-07 -1.63301498e-03 
 1.43827125e-07  1.00797089e-03  1.43827125e-07  1.58117430e-03 
 1.43877125e-07 -9.26800527e-04  1.43877125e-07 -1.53215808e-03 
 1.43927125e-07  8.58004869e-04  1.43927125e-07  1.48847165e-03 
 1.43977125e-07 -7.92188972e-04  1.43977125e-07 -1.44592267e-03 
 1.44027125e-07  7.37084141e-04  1.44027125e-07  1.40794232e-03 
 1.44077125e-07 -6.83618519e-04  1.44077125e-07 -1.37037475e-03 
 1.44127125e-07  6.39363202e-04  1.44127125e-07  1.33685116e-03 
 1.44177125e-07 -5.95819344e-04  1.44177125e-07 -1.30323745e-03 
 1.44227125e-07  5.60177183e-04  1.44227125e-07  1.27328202e-03 
 1.44277125e-07 -5.24600138e-04  1.44277125e-07 -1.24288251e-03 
 1.44327125e-07  4.95806830e-04  1.44327125e-07  1.21584652e-03 
 1.44377125e-07 -4.66626065e-04  1.44377125e-07 -1.18811586e-03 
 1.44427125e-07  4.43286519e-04  1.44427125e-07  1.16351427e-03 
 1.44477125e-07 -4.19242089e-04  1.44477125e-07 -1.13804043e-03 
 1.44527125e-07  4.00250994e-04  1.44527125e-07  1.11550206e-03 
 1.44577125e-07 -3.80333098e-04  1.44577125e-07 -1.09196628e-03 
 1.44627125e-07  3.64813291e-04  1.44627125e-07  1.07120082e-03 
 1.44677125e-07 -3.48213143e-04  1.44677125e-07 -1.04935098e-03 
 1.44727125e-07  3.35467554e-04  1.44727125e-07  1.03012679e-03 
 1.44777125e-07 -3.21537632e-04  1.44777125e-07 -1.00975943e-03 
 1.44827125e-07  3.11011667e-04  1.44827125e-07  9.91888279e-04 
 1.44877125e-07 -2.99233661e-04  1.44877125e-07 -9.72836195e-04 
 1.44927125e-07  2.90485648e-04  1.44927125e-07  9.56162723e-04 
 1.44977125e-07 -2.80444693e-04  1.44977125e-07 -9.38286381e-04 
 1.45027125e-07  2.73122593e-04  1.45027125e-07  9.22680528e-04 
 1.45077125e-07 -2.64486581e-04  1.45077125e-07 -9.05861887e-04 
 1.45127125e-07  2.58309595e-04  1.45127125e-07  8.91213488e-04 
 1.45177125e-07 -2.50812608e-04  1.45177125e-07 -8.75351546e-04 
 1.45227125e-07  2.45556616e-04  1.45227125e-07  8.61566324e-04 
 1.45277125e-07 -2.38985651e-04  1.45277125e-07 -8.46573806e-04 
 1.45327125e-07  2.34471674e-04  1.45327125e-07  8.33570369e-04 
 1.45377125e-07 -2.28656028e-04  1.45377125e-07 -8.19371239e-04 
 1.45427125e-07  2.24741060e-04  1.45427125e-07  8.07078788e-04 
 1.45477125e-07 -2.19543849e-04  1.45477125e-07 -7.93606327e-04 
 1.45527125e-07  2.16113571e-04  1.45527125e-07  7.81962874e-04 
 1.45577125e-07 -2.11424947e-04  1.45577125e-07 -7.69158182e-04 
 1.45627125e-07  2.08387933e-04  1.45627125e-07  7.58109141e-04 
 1.45677125e-07 -2.04119659e-04  1.45677125e-07 -7.45919941e-04 
 1.45727125e-07  2.01402757e-04  1.45727125e-07  7.35417004e-04 
 1.45777125e-07 -1.97483887e-04  1.45777125e-07 -7.23796684e-04 
 1.45827125e-07  1.95028538e-04  1.45827125e-07  7.13796902e-04 
 1.45877125e-07 -1.91401951e-04  1.45877125e-07 -7.02703725e-04 
 1.45927125e-07  1.89161259e-04  1.45927125e-07  6.93168762e-04 
 1.45977125e-07 -1.85780898e-04  1.45977125e-07 -6.82565217e-04 
 1.46027125e-07  1.83717284e-04  1.46027125e-07  6.73460725e-04 
 1.46077125e-07 -1.80545948e-04  1.46077125e-07 -6.63312983e-04 
 1.46127125e-07  1.78629281e-04  1.46127125e-07  6.54608086e-04 
 1.46177125e-07 -1.75636861e-04  1.46177125e-07 -6.44885542e-04 
 1.46227125e-07  1.73842969e-04  1.46227125e-07  6.36552392e-04 
 1.46277125e-07 -1.71005037e-04  1.46277125e-07 -6.27227279e-04 
 1.46327125e-07  1.69314509e-04  1.46327125e-07  6.19240689e-04 
 1.46377125e-07 -1.66611191e-04  1.46377125e-07 -6.10287744e-04 
 1.46427125e-07  1.65008428e-04  1.46427125e-07  6.02624869e-04 
 1.46477125e-07 -1.62423504e-04  1.46477125e-07 -5.94021047e-04 
 1.46527125e-07  1.60895953e-04  1.46527125e-07  5.86661111e-04 
 1.46577125e-07 -1.58416135e-04  1.46577125e-07 -5.78385344e-04 
 1.46627125e-07  1.56953685e-04  1.46627125e-07  5.71309405e-04 
 1.46677125e-07 -1.54568039e-04  1.46677125e-07 -5.63342381e-04 
 1.46727125e-07  1.53162528e-04  1.46727125e-07  5.56533130e-04 
 1.46777125e-07 -1.50862016e-04  1.46777125e-07 -5.48857111e-04 
 1.46827125e-07  1.49506847e-04  1.46827125e-07  5.42298692e-04 
 1.46877125e-07 -1.47283955e-04  1.46877125e-07 -5.34897352e-04 
 1.46927125e-07  1.45973778e-04  1.46927125e-07  5.28575208e-04 
 1.46977125e-07 -1.43822220e-04  1.46977125e-07 -5.21433488e-04 
 1.47027125e-07  1.42552689e-04  1.47027125e-07  5.15334231e-04 
 1.47077125e-07 -1.40467174e-04  1.47077125e-07 -5.08438213e-04 
 1.47127125e-07  1.39234742e-04  1.47127125e-07  5.02549499e-04 
 1.47177125e-07 -1.37210780e-04  1.47177125e-07 -4.95886298e-04 
 1.47227125e-07  1.36012542e-04  1.47227125e-07  4.90196727e-04 
 1.47277125e-07 -1.34046294e-04  1.47277125e-07 -4.83754390e-04 
 1.47327125e-07  1.32879860e-04  1.47327125e-07  4.78253413e-04 
 1.47377125e-07 -1.30968015e-04  1.47377125e-07 -4.72020832e-04 
 1.47427125e-07  1.29831404e-04  1.47427125e-07  4.66698669e-04 
 1.47477125e-07 -1.27971082e-04  1.47477125e-07 -4.60665506e-04 
 1.47527125e-07  1.26862644e-04  1.47527125e-07  4.55513075e-04 
 1.47577125e-07 -1.25051316e-04  1.47577125e-07 -4.49669693e-04 
 1.47627125e-07  1.23969666e-04  1.47627125e-07  4.44678546e-04 
 1.47677125e-07 -1.22205093e-04  1.47677125e-07 -4.39015945e-04 
 1.47727125e-07  1.21149055e-04  1.47727125e-07  4.34178209e-04 
 1.47777125e-07 -1.19429236e-04  1.47777125e-07 -4.28687973e-04 
 1.47827125e-07  1.18397806e-04  1.47827125e-07  4.23996303e-04 
 1.47877125e-07 -1.16720935e-04  1.47877125e-07 -4.18670551e-04 
 1.47927125e-07  1.15713244e-04  1.47927125e-07  4.14118080e-04 
 1.47977125e-07 -1.14077680e-04  1.47977125e-07 -4.08949421e-04 
 1.48027125e-07  1.13092968e-04  1.48027125e-07  4.04529723e-04 
 1.48077125e-07 -1.11497208e-04  1.48077125e-07 -3.99511216e-04 
 1.48127125e-07  1.10534805e-04  1.48127125e-07  3.95218268e-04 
 1.48177125e-07 -1.08977461e-04  1.48177125e-07 -3.90343388e-04 
 1.48227125e-07  1.08036764e-04  1.48227125e-07  3.86171538e-04 
 1.48277125e-07 -1.06516546e-04  1.48277125e-07 -3.81434141e-04 
 1.48327125e-07  1.05597012e-04  1.48327125e-07  3.77378077e-04 
 1.48377125e-07 -1.04112716e-04  1.48377125e-07 -3.72772374e-04 
 1.48427125e-07  1.03213846e-04  1.48427125e-07  3.68827099e-04 
 1.48477125e-07 -1.01764338e-04  1.48477125e-07 -3.64347627e-04 
 1.48527125e-07  1.00885673e-04  1.48527125e-07  3.60508434e-04 
 1.48577125e-07 -9.94698834e-05  1.48577125e-07 -3.56150032e-04 
 1.48627125e-07  9.86109920e-05  1.48627125e-07  3.52412483e-04 
 1.48677125e-07 -9.72279066e-05  1.48677125e-07 -3.48170275e-04 
 1.48727125e-07  9.63883837e-05  1.48727125e-07  3.44530179e-04 
 1.48777125e-07 -9.50370373e-05  1.48777125e-07 -3.40399547e-04 
 1.48827125e-07  9.42164978e-05  1.48827125e-07  3.36852946e-04 
 1.48877125e-07 -9.28959693e-05  1.48877125e-07 -3.32829516e-04 
 1.48927125e-07  9.20940450e-05  1.48927125e-07  3.29372666e-04 
 1.48977125e-07 -9.08034526e-05  1.48977125e-07 -3.25452292e-04 
 1.49027125e-07  9.00197893e-05  1.49027125e-07  3.22081648e-04 
 1.49077125e-07 -8.87582872e-05  1.49077125e-07 -3.18260396e-04 
 1.49127125e-07  8.79925427e-05  1.49127125e-07  3.14972599e-04 
 1.49177125e-07 -8.67593179e-05  1.49177125e-07 -3.11246734e-04 
 1.49227125e-07  8.60111601e-05  1.49227125e-07  3.08038600e-04 
 1.49277125e-07 -8.48054299e-05  1.49277125e-07 -3.04404568e-04 
 1.49327125e-07  8.40745352e-05  1.49327125e-07  3.01273075e-04 
 1.49377125e-07 -8.28955452e-05  1.49377125e-07 -2.97727502e-04 
 1.49427125e-07  8.21815977e-05  1.49427125e-07  2.94669779e-04 
 1.49477125e-07 -8.10286194e-05  1.49477125e-07 -2.91209449e-04 
 1.49527125e-07  8.03313100e-05  1.49527125e-07  2.88222770e-04 
 1.49577125e-07 -7.92036397e-05  1.49577125e-07 -2.84844623e-04 
 1.49627125e-07  7.85226654e-05  1.49627125e-07  2.81926393e-04 
 1.49677125e-07 -7.74196224e-05  1.49677125e-07 -2.78627512e-04 
 1.49727125e-07  7.67546857e-05  1.49727125e-07  2.75775262e-04 
 1.49777125e-07 -7.56756113e-05  1.49777125e-07 -2.72552867e-04 
 1.49827125e-07  7.50264198e-05  1.49827125e-07  2.69764247e-04 
 1.49877125e-07 -7.39706760e-05  1.49877125e-07 -2.66615685e-04 
 1.49927125e-07  7.33369421e-05  1.49927125e-07  2.63888456e-04 
 1.49963563e-07 -7.19976014e-05  1.49963563e-07 -2.59745050e-04 
 1.50000000e-07  7.10803001e-05  1.50000000e-07  2.56037254e-04 
 1.50005000e-07 -9.78963413e-06  1.50005000e-07 -9.89968523e-05 
 1.50015000e-07  9.24045312e-06  1.50015000e-07  1.74740738e-05 
 1.50035000e-07  3.06961073e-06  1.50035000e-07  4.30286630e-05 
 1.50075000e-07 -6.99513733e-06  1.50075000e-07 -3.80656676e-07 
 1.50125000e-07  3.21377442e-05  1.50125000e-07  1.94226371e-04 
 1.50162500e-07  6.74443036e-06  1.50162500e-07  2.40953828e-04 
 1.50200000e-07 -4.81651992e-04  1.50200000e-07 -4.30973205e-04 
 1.50205000e-07 -3.56527501e-04  1.50205000e-07 -7.45528787e-04 
 1.50215000e-07  6.58334190e-04  1.50215000e-07 -2.01758260e-03 
 1.50235000e-07  2.53375528e-04  1.50235000e-07 -2.58707475e-03 
 1.50266750e-07 -4.21098116e-04  1.50266750e-07  1.95393143e-03 
 1.50302885e-07  4.05850467e-04  1.50302885e-07  2.37391853e-03 
 1.50348884e-07 -3.04406903e-04  1.50348884e-07 -2.14005367e-03 
 1.50398884e-07  2.43716633e-04  1.50398884e-07  8.97212502e-04 
 1.50448884e-07 -1.90768690e-04  1.50448884e-07 -5.03596737e-04 
 1.50498884e-07  1.50618456e-04  1.50498884e-07  3.52296769e-04 
 1.50548884e-07 -1.16950534e-04  1.50548884e-07 -1.75832870e-04 
 1.50598884e-07  9.09435040e-05  1.50598884e-07  1.14355624e-04 
 1.50648884e-07 -6.92778094e-05  1.50648884e-07 -3.27888441e-05 
 1.50698884e-07  5.25267235e-05  1.50698884e-07 -4.32326480e-06 
 1.50748884e-07 -3.85922455e-05  1.50748884e-07  4.81802775e-05 
 1.50798884e-07  2.79278438e-05  1.50798884e-07 -7.31204737e-05 
 1.50848884e-07 -1.90439920e-05  1.50848884e-07  9.95955199e-05 
 1.50898884e-07  1.23876535e-05  1.50898884e-07 -1.16694701e-04 
 1.50948884e-07 -6.81250857e-06  1.50948884e-07  1.33704125e-04 
 1.50998884e-07  2.78641964e-06  1.50998884e-07 -1.45362538e-04 
 1.51048884e-07  6.27754117e-07  1.51048884e-07  1.56537573e-04 
 1.51098884e-07 -2.93955541e-06  1.51098884e-07 -1.64332358e-04 
 1.51148884e-07  4.95223055e-06  1.51148884e-07  1.71634525e-04 
 1.51198884e-07 -6.15763364e-06  1.51198884e-07 -1.76633464e-04 
 1.51248884e-07  7.27333472e-06  1.51248884e-07  1.81327450e-04 
 1.51298884e-07 -7.77516635e-06  1.51298884e-07 -1.84316034e-04 
 1.51348884e-07  8.32219417e-06  1.51348884e-07  1.87073247e-04 
 1.51398884e-07 -8.38652965e-06  1.51398884e-07 -1.88619429e-04 
 1.51448884e-07  8.58393341e-06  1.51448884e-07  1.90029375e-04 
 1.51498884e-07 -8.38484110e-06  1.51498884e-07 -1.90529567e-04 
 1.51548884e-07  8.37480362e-06  1.51548884e-07  1.90967955e-04 
 1.51598884e-07 -8.02505530e-06  1.51598884e-07 -1.90709047e-04 
 1.51648884e-07  7.89939712e-06  1.51648884e-07  1.90443411e-04 
 1.51698884e-07 -7.47117589e-06  1.51698884e-07 -1.89633944e-04 
 1.51748884e-07  7.28835057e-06  1.51748884e-07  1.88856537e-04 
 1.51798884e-07 -6.82703517e-06  1.51798884e-07 -1.87647930e-04 
 1.51848884e-07  6.62348832e-06  1.51848884e-07  1.86497651e-04 
 1.51898884e-07 -6.15685167e-06  1.51898884e-07 -1.84999904e-04 
 1.51948884e-07  5.95460680e-06  1.51948884e-07  1.83577508e-04 
 1.51998884e-07 -5.49894961e-06  1.51998884e-07 -1.81870635e-04 
 1.52048884e-07  5.31066633e-06  1.52048884e-07  1.80249491e-04 
 1.52098884e-07 -4.87489867e-06  1.52098884e-07 -1.78391824e-04 
 1.52148884e-07  4.70723562e-06  1.52148884e-07  1.76625591e-04 
 1.52198884e-07 -4.29558331e-06  1.52198884e-07 -1.74659799e-04 
 1.52248884e-07  4.15142452e-06  1.52248884e-07  1.72787942e-04 
 1.52298884e-07 -3.76521409e-06  1.52298884e-07 -1.70745396e-04 
 1.52348884e-07  3.64513382e-06  1.52348884e-07  1.68797153e-04 
 1.52398884e-07 -3.28396111e-06  1.52398884e-07 -1.66701082e-04 
 1.52448884e-07  3.18717947e-06  1.52448884e-07  1.64698317e-04 
 1.52498884e-07 -2.84966666e-06  1.52498884e-07 -1.62566095e-04 
 1.52548884e-07  2.77466584e-06  1.52548884e-07  1.60525354e-04 
 1.52598884e-07 -2.45894482e-06  1.52598884e-07 -1.58370135e-04 
 1.52648884e-07  2.40385963e-06  1.52648884e-07  1.56304123e-04 
 1.52698884e-07 -2.10787394e-06  1.52698884e-07 -1.54136028e-04 
 1.52748884e-07  2.07073344e-06  1.52748884e-07  1.52054669e-04 
 1.52798884e-07 -1.79242113e-06  1.52798884e-07 -1.49881626e-04 
 1.52848884e-07  1.77129249e-06  1.52848884e-07  1.47792816e-04 
 1.52898884e-07 -1.50869129e-06  1.52898884e-07 -1.45621166e-04 
 1.52948884e-07  1.50176046e-06  1.52948884e-07  1.43531316e-04 
 1.52998884e-07 -1.25306294e-06  1.52998884e-07 -1.41366236e-04 
 1.53048884e-07  1.25867467e-06  1.53048884e-07  1.39280657e-04 
 1.53098884e-07 -1.02225208e-06  1.53098884e-07 -1.37126463e-04 
 1.53148884e-07  1.03892481e-06  1.53148884e-07  1.35049637e-04 
 1.53198884e-07 -8.13331496e-07  1.53198884e-07 -1.32909996e-04 
 1.53248884e-07  8.39756818e-07  1.53248884e-07  1.30845767e-04 
 1.53298884e-07 -6.23723317e-07  1.53298884e-07 -1.28723847e-04 
 1.53348884e-07  6.58756795e-07  1.53348884e-07  1.26675558e-04 
 1.53398884e-07 -4.51176836e-07  1.53398884e-07 -1.24574131e-04 
 1.53448884e-07  4.93824160e-07  1.53448884e-07  1.22544723e-04 
 1.53498884e-07 -2.93738736e-07  1.53498884e-07 -1.20466234e-04 
 1.53548884e-07  3.43140040e-07  1.53548884e-07  1.18458310e-04 
 1.53598884e-07 -1.49720651e-07  1.53598884e-07 -1.16404936e-04 
 1.53648884e-07  2.05134485e-07  1.53648884e-07  1.14420810e-04 
 1.53698884e-07 -1.76667943e-08  1.53698884e-07 -1.12394488e-04 
 1.53748884e-07  7.84548558e-08  1.53748884e-07  1.10436223e-04 
 1.53798884e-07  1.03676591e-07  1.53798884e-07 -1.08438681e-04 
 1.53848884e-07 -3.80637403e-08  1.53848884e-07  1.06508113e-04 
 1.53898884e-07  2.15389443e-07  1.53898884e-07 -1.04540886e-04 
 1.53948884e-07 -1.45424993e-07  1.53948884e-07  1.02639645e-04 
 1.53998884e-07  3.18402796e-07  1.53998884e-07 -1.00704093e-04 
 1.54048884e-07 -2.44495003e-07  1.54048884e-07  9.88336193e-05 
 1.54098884e-07  4.13520918e-07  1.54098884e-07 -9.69309356e-05 
 1.54148884e-07 -3.36022875e-07  1.54148884e-07  9.50924922e-05 
 1.54198884e-07  5.01440491e-07  1.54198884e-07 -9.32237162e-05 
 1.54248884e-07 -4.20658640e-07  1.54248884e-07  9.14184014e-05 
 1.54298884e-07  5.82767092e-07  1.54298884e-07 -8.95844267e-05 
 1.54348884e-07 -4.98968403e-07  1.54348884e-07  8.78131839e-05 
 1.54398884e-07  6.58029324e-07  1.54398884e-07 -8.60147669e-05 
 1.54448884e-07 -5.71447510e-07  1.54448884e-07  8.42783946e-05 
 1.54498884e-07  7.27690782e-07  1.54498884e-07 -8.25161627e-05 
 1.54548884e-07 -6.38531458e-07  1.54548884e-07  8.08153232e-05 
 1.54598884e-07  7.92160173e-07  1.54598884e-07 -7.90897824e-05 
 1.54648884e-07 -7.00605274e-07  1.54648884e-07  7.74250112e-05 
 1.54698884e-07  8.51799853e-07  1.54698884e-07 -7.57365538e-05 
 1.54748884e-07 -7.58011285e-07  1.54748884e-07  7.41082680e-05 
 1.54798884e-07  9.06932882e-07  1.54798884e-07 -7.24571799e-05 
 1.54848884e-07 -8.11055587e-07  1.54848884e-07  7.08656862e-05 
 1.54898884e-07  9.57849110e-07  1.54898884e-07 -6.92521544e-05 
 1.54948884e-07 -8.60013717e-07  1.54948884e-07  6.76976575e-05 
 1.54998884e-07  1.00481014e-06  1.54998884e-07 -6.61217771e-05 
 1.55048884e-07 -9.05134982e-07  1.55048884e-07  6.46043870e-05 
 1.55098884e-07  1.04805343e-06  1.55098884e-07 -6.30661685e-05 
 1.55148884e-07 -9.46646434e-07  1.55148884e-07  6.15859082e-05 
 1.55198884e-07  1.08779586e-06  1.55198884e-07 -6.00852836e-05 
 1.55248884e-07 -9.84755983e-07  1.55248884e-07  5.86420963e-05 
 1.55298884e-07  1.12423652e-06  1.55298884e-07 -5.71789262e-05 
 1.55348884e-07 -1.01965497e-06  1.55348884e-07  5.57726819e-05 
 1.55398884e-07  1.15755920e-06  1.55398884e-07 -5.43467613e-05 
 1.55448884e-07 -1.05152049e-06  1.55448884e-07  5.29772635e-05 
 1.55498884e-07  1.18793431e-06  1.55498884e-07 -5.15883281e-05 
 1.55548884e-07 -1.08051712e-06  1.55548884e-07  5.02553199e-05 
 1.55598884e-07  1.21552061e-06  1.55598884e-07 -4.89030512e-05 
 1.55648884e-07 -1.10679842e-06  1.55648884e-07  4.76062213e-05 
 1.55698884e-07  1.24046656e-06  1.55698884e-07 -4.62902524e-05 
 1.55748884e-07 -1.13050836e-06  1.55748884e-07  4.50292403e-05 
 1.55798884e-07  1.26291151e-06  1.55798884e-07 -4.37491609e-05 
 1.55848884e-07 -1.15178218e-06  1.55848884e-07  4.25235623e-05 
 1.55898884e-07  1.28298666e-06  1.55898884e-07 -4.12789233e-05 
 1.55948884e-07 -1.17074747e-06  1.55948884e-07  4.00882948e-05 
 1.55998884e-07  1.30081586e-06  1.55998884e-07 -3.88786125e-05 
 1.56048884e-07 -1.18752479e-06  1.56048884e-07  3.77224763e-05 
 1.56098884e-07  1.31651634e-06  1.56098884e-07 -3.65472370e-05 
 1.56148884e-07 -1.20222837e-06  1.56148884e-07  3.54250849e-05 
 1.56198884e-07  1.33019929e-06  1.56198884e-07 -3.42837486e-05 
 1.56248884e-07 -1.21496663e-06  1.56248884e-07  3.31950460e-05 
 1.56298884e-07  1.34197031e-06  1.56298884e-07 -3.20870497e-05 
 1.56348884e-07 -1.22584268e-06  1.56348884e-07  3.10312392e-05 
 1.56398884e-07  1.35192990e-06  1.56398884e-07 -2.99560006e-05 
 1.56448884e-07 -1.23495464e-06  1.56448884e-07  2.89325055e-05 
 1.56498884e-07  1.36017378e-06  1.56498884e-07 -2.78894257e-05 
 1.56548884e-07 -1.24239604e-06  1.56548884e-07  2.68976527e-05 
 1.56598884e-07  1.36679323e-06  1.56598884e-07 -2.58861195e-05 
 1.56648884e-07 -1.24825616e-06  1.56648884e-07  2.49254620e-05 
 1.56698884e-07  1.37187542e-06  1.56698884e-07 -2.39448519e-05 
 1.56748884e-07 -1.25262018e-06  1.56748884e-07  2.30146924e-05 
 1.56798884e-07  1.37550352e-06  1.56798884e-07 -2.20643734e-05 
 1.56848884e-07 -1.25556947e-06  1.56848884e-07  2.11640857e-05 
 1.56898884e-07  1.37775706e-06  1.56898884e-07 -2.02434196e-05 
 1.56948884e-07 -1.25718184e-06  1.56948884e-07  1.93723713e-05 
 1.56998884e-07  1.37871205e-06  1.56998884e-07 -1.84807152e-05 
 1.57048884e-07 -1.25753167e-06  1.57048884e-07  1.76382695e-05 
 1.57098884e-07  1.37844117e-06  1.57098884e-07 -1.67749779e-05 
 1.57148884e-07 -1.25669008e-06  1.57148884e-07  1.59604956e-05 
 1.57198884e-07  1.37701396e-06  1.57198884e-07 -1.51249223e-05 
 1.57248884e-07 -1.25472510e-06  1.57248884e-07  1.43377631e-05 
 1.57298884e-07  1.37449692e-06  1.57298884e-07 -1.35292622e-05 
 1.57348884e-07 -1.25170184e-06  1.57348884e-07  1.27687866e-05 
 1.57398884e-07  1.37095367e-06  1.57398884e-07 -1.19867142e-05 
 1.57448884e-07 -1.24768255e-06  1.57448884e-07  1.12522847e-05 
 1.57498884e-07  1.36644510e-06  1.57498884e-07 -1.04959999e-05 
 1.57548884e-07 -1.24272679e-06  1.57548884e-07  9.78698210e-06 
 1.57598884e-07  1.36102940e-06  1.57598884e-07 -9.05584838e-06 
 1.57648884e-07 -1.23689158e-06  1.57648884e-07  8.37161214e-06 
 1.57698884e-07  1.35476230e-06  1.57698884e-07 -7.66499815e-06 
 1.57748884e-07 -1.23023135e-06  1.57748884e-07  7.00491863e-06 
 1.57798884e-07  1.34769707e-06  1.57798884e-07 -6.32219908e-06 
 1.57848884e-07 -1.22279828e-06  1.57848884e-07  5.68565751e-06 
 1.57898884e-07  1.33988463e-06  1.57898884e-07 -5.02621398e-06 
 1.57948884e-07 -1.21464218e-06  1.57948884e-07  4.41259856e-06 
 1.57998884e-07  1.33137372e-06  1.57998884e-07 -3.77582025e-06 
 1.58048884e-07 -1.20581072e-06  1.58048884e-07  3.18452668e-06 
 1.58098884e-07  1.32221088e-06  1.58098884e-07 -2.56981091e-06 
 1.58148884e-07 -1.19634943e-06  1.58148884e-07  2.00024312e-06 
 1.58198884e-07  1.31244063e-06  1.58198884e-07 -1.40699592e-06 
 1.58248884e-07 -1.18630183e-06  1.58248884e-07  8.58566543e-07 
 1.58298884e-07  1.30210547e-06  1.58298884e-07 -2.86203131e-07 
 1.58348884e-07 -1.17570948e-06  1.58348884e-07 -2.41666082e-07 
 1.58398884e-07  1.29124602e-06  1.58398884e-07  7.93720907e-07 
 1.58448884e-07 -1.16461211e-06  1.58448884e-07 -1.30159860e-06 
 1.58498884e-07  1.27990105e-06  1.58498884e-07  1.83391021e-06 
 1.58548884e-07 -1.15304759e-06  1.58548884e-07 -2.32235520e-06 
 1.58598884e-07  1.26810757e-06  1.58598884e-07  2.83547869e-06 
 1.58648884e-07 -1.14105213e-06  1.58648884e-07 -3.30503961e-06 
 1.58698884e-07  1.25590093e-06  1.58698884e-07  3.79951972e-06 
 1.58748884e-07 -1.12866023e-06  1.58748884e-07 -4.25073484e-06 
 1.58798884e-07  1.24331482e-06  1.58798884e-07  4.72710566e-06 
 1.58848884e-07 -1.11590484e-06  1.58848884e-07 -5.16050268e-06 
 1.58898884e-07  1.23038136e-06  1.58898884e-07  5.61928756e-06 
 1.58948884e-07 -1.10281731e-06  1.58948884e-07 -6.03538348e-06 
 1.58998884e-07  1.21713121e-06  1.58998884e-07  6.47709494e-06 
 1.59048884e-07 -1.08942760e-06  1.59048884e-07 -6.87639592e-06 
 1.59098884e-07  1.20359355e-06  1.59098884e-07  7.30153544e-06 
 1.59148884e-07 -1.07576418e-06  1.59148884e-07 -7.68453683e-06 
 1.59198884e-07  1.18979616e-06  1.59198884e-07  8.09359502e-06 
 1.59248884e-07 -1.06185419e-06  1.59248884e-07 -8.46078116e-06 
 1.59298884e-07  1.17576553e-06  1.59298884e-07  8.85423757e-06 
 1.59348884e-07 -1.04772348e-06  1.59348884e-07 -9.20608198e-06 
 1.59398884e-07  1.16152685e-06  1.59398884e-07  9.58440519e-06 
 1.59448884e-07 -1.03339659e-06  1.59448884e-07 -9.92137038e-06 
 1.59498884e-07  1.14710405e-06  1.59498884e-07  1.02850180e-05 
 1.59548884e-07 -1.01889692e-06  1.59548884e-07 -1.06075557e-05 
 1.59598884e-07  1.13251993e-06  1.59598884e-07  1.09569744e-05 
 1.59648884e-07 -1.00424668e-06  1.59648884e-07 -1.12655254e-05 
 1.59698884e-07  1.11779611e-06  1.59698884e-07  1.16011512e-05 
 1.59748884e-07 -9.89466944e-07  1.59748884e-07 -1.18961456e-05 
 1.59798884e-07  1.10295315e-06  1.59798884e-07  1.22184035e-05 
 1.59848884e-07 -9.74577757e-07  1.59848884e-07 -1.25002608e-05 
 1.59898884e-07  1.08801056e-06  1.59898884e-07  1.28095655e-05 
 1.59948884e-07 -9.59598120e-07  1.59948884e-07 -1.30786946e-05 
 1.59974442e-07  1.06578124e-06  1.59974442e-07  1.36375125e-05 
 1.60000000e-07 -9.30093924e-07  1.60000000e-07 -1.41395454e-05 
 1.60005000e-07  2.18031404e-05  1.60005000e-07  2.54168152e-04 
 1.60015000e-07 -6.21907008e-06  1.60015000e-07  3.11565403e-05 
 1.60035000e-07 -1.41279477e-05  1.60035000e-07 -8.01920136e-05 
 1.60075000e-07  1.15107307e-05  1.60075000e-07 -1.21025812e-04 
 1.60125000e-07 -6.78170325e-05  1.60125000e-07 -2.66847298e-04 
 1.60162500e-07 -1.09367707e-04  1.60162500e-07 -5.62878423e-04 
 1.60200000e-07  9.10167973e-04  1.60200000e-07  5.77028897e-04 
 1.60205000e-07  2.18292979e-04  1.60205000e-07  8.04321064e-04 
 1.60215000e-07 -7.53714004e-04  1.60215000e-07  2.90328450e-03 
 1.60235000e-07 -2.02245511e-04  1.60235000e-07  3.50192851e-03 
 1.60263943e-07  1.81815455e-04  1.60263943e-07 -2.66030925e-03 
 1.60295679e-07 -9.48978498e-05  1.60295679e-07 -1.18710985e-03 
 1.60345679e-07  7.56267484e-05  1.60345679e-07  1.65309956e-04 
 1.60395679e-07 -6.32061674e-05  1.60395679e-07  2.14957986e-04 
 1.60445679e-07  5.47815666e-05  1.60445679e-07 -6.82384305e-05 
 1.60495679e-07 -4.82119265e-05  1.60495679e-07  9.54049191e-05 
 1.60545679e-07  4.31493305e-05  1.60545679e-07 -6.52165601e-05 
 1.60595679e-07 -3.87039057e-05  1.60595679e-07  5.72067686e-05 
 1.60645679e-07  3.50921348e-05  1.60645679e-07 -4.54407859e-05 
 1.60695679e-07 -3.17034052e-05  1.60695679e-07  3.81253776e-05 
 1.60745679e-07  2.89195933e-05  1.60745679e-07 -3.19209121e-05 
 1.60795679e-07 -2.62042246e-05  1.60795679e-07  2.74397291e-05 
 1.60845679e-07  2.39905965e-05  1.60845679e-07 -2.39977899e-05 
 1.60895679e-07 -2.17665129e-05  1.60895679e-07  2.15105793e-05 
 1.60945679e-07  1.99847166e-05  1.60945679e-07 -1.96862129e-05 
 1.60995679e-07 -1.81427407e-05  1.60995679e-07  1.84425626e-05 
 1.61045679e-07  1.67024787e-05  1.61045679e-07 -1.75900926e-05 
 1.61095679e-07 -1.51664056e-05  1.61095679e-07  1.70943250e-05 
 1.61145679e-07  1.40016606e-05  1.61145679e-07 -1.68135210e-05 
 1.61195679e-07 -1.27138135e-05  1.61195679e-07  1.67481425e-05 
 1.61245679e-07  1.17734654e-05  1.61245679e-07 -1.67850637e-05 
 1.61295679e-07 -1.06884101e-05  1.61295679e-07  1.69477715e-05 
 1.61345679e-07  9.93173747e-06  1.61345679e-07 -1.71415315e-05 
 1.61395679e-07 -9.01296362e-06  1.61395679e-07  1.74049534e-05 
 1.61445679e-07  8.40705736e-06  1.61445679e-07 -1.76553532e-05 
 1.61495679e-07 -7.62491865e-06  1.61495679e-07  1.79413058e-05 
 1.61545679e-07  7.14297700e-06  1.61545679e-07 -1.81880315e-05 
 1.61595679e-07 -6.47326383e-06  1.61595679e-07  1.84506502e-05 
 1.61645679e-07  6.09336453e-06  1.61645679e-07 -1.86595174e-05 
 1.61695679e-07 -5.51624353e-06  1.61695679e-07  1.88740035e-05 
 1.61745679e-07  5.22041145e-06  1.61745679e-07 -1.90277375e-05 
 1.61795679e-07 -4.71960484e-06  1.61795679e-07  1.91827959e-05 
 1.61845679e-07  4.49308057e-06  1.61845679e-07 -1.92748307e-05 
 1.61895679e-07 -4.05521499e-06  1.61895679e-07  1.93675880e-05 
 1.61945679e-07  3.88586990e-06  1.61945679e-07 -1.93979103e-05 
 1.61972839e-07 -3.29364486e-06  1.61972839e-07  1.94230812e-05 
 1.62000000e-07  3.01339168e-06  1.62000000e-07 -1.93249531e-05 
 1.62005000e-07  5.14366090e-06  1.62005000e-07  5.89820839e-05 
 1.62015000e-07 -1.71923245e-06  1.62015000e-07  2.84913601e-05 
 1.62035000e-07 -3.50224939e-06  1.62035000e-07 -3.61179795e-05 
 1.62075000e-07  3.84490329e-06  1.62075000e-07 -2.34288083e-05 
 1.62125000e-07 -1.68204235e-05  1.62125000e-07 -5.79761642e-05 
 1.62162500e-07 -8.02143289e-05  1.62162500e-07 -2.01734616e-04 
 1.62200000e-07  1.20854974e-03  1.62200000e-07 -1.30775254e-04 
 1.62205000e-07  1.23393810e-03  1.62205000e-07 -4.16782515e-04 
 1.62215000e-07  1.17022964e-03  1.62215000e-07  1.05531984e-03 
 1.62235000e-07 -1.30868506e-03  1.62235000e-07  5.54414601e-03 
 1.62275000e-07 -3.14464675e-02  1.62275000e-07  4.55994276e-03 
 1.62325000e-07  9.19042496e-01  1.62325000e-07 -9.07293267e-03 
 1.62375000e-07  1.25751975e+00  1.62375000e-07 -3.76379636e-02 
 1.62425000e-07  1.15276582e+00  1.62425000e-07 -4.10611557e-02 
 1.62475000e-07  1.23572831e+00  1.62475000e-07  9.59958169e-01 
 1.62525000e-07  1.17058865e+00  1.62525000e-07  2.90633158e+00 
 1.62575000e-07  1.22329057e+00  1.62575000e-07  3.29971146e+00 
 1.62625000e-07  1.18085287e+00  1.62625000e-07  3.24734601e+00 
 1.62675000e-07  1.21535751e+00  1.62675000e-07  3.30519089e+00 
 1.62725000e-07  1.18740997e+00  1.62725000e-07  3.28749228e+00 
 1.62775000e-07  1.21015909e+00  1.62775000e-07  3.30341590e+00 
 1.62825000e-07  1.19168821e+00  1.62825000e-07  3.29621927e+00 
 1.62875000e-07  1.20673238e+00  1.62875000e-07  3.30167826e+00 
 1.62925000e-07  1.19449784e+00  1.62925000e-07  3.29862007e+00 
 1.62975000e-07  1.20449570e+00  1.62975000e-07  3.30075464e+00 
 1.63025000e-07  1.19637300e+00  1.63025000e-07  3.29948147e+00 
 1.63075000e-07  1.20298113e+00  1.63075000e-07  3.30026707e+00 
 1.63125000e-07  1.19758381e+00  1.63125000e-07  3.29988383e+00 
 1.63175000e-07  1.20198127e+00  1.63175000e-07  3.29998712e+00 
 1.63225000e-07  1.19838918e+00  1.63225000e-07  3.30010835e+00 
 1.63275000e-07  1.20131894e+00  1.63275000e-07  3.29981613e+00 
 1.63325000e-07  1.19892549e+00  1.63325000e-07  3.30024434e+00 
 1.63375000e-07  1.20087886e+00  1.63375000e-07  3.29970992e+00 
 1.63425000e-07  1.19928324e+00  1.63425000e-07  3.30032751e+00 
 1.63475000e-07  1.20058554e+00  1.63475000e-07  3.29964564e+00 
 1.63525000e-07  1.19952244e+00  1.63525000e-07  3.30037614e+00 
 1.63575000e-07  1.20038944e+00  1.63575000e-07  3.29960965e+00 
 1.63625000e-07  1.19968278e+00  1.63625000e-07  3.30040138e+00 
 1.63675000e-07  1.20025788e+00  1.63675000e-07  3.29959300e+00 
 1.63725000e-07  1.19979062e+00  1.63725000e-07  3.30041066e+00 
 1.63775000e-07  1.20016930e+00  1.63775000e-07  3.29958952e+00 
 1.63825000e-07  1.19986341e+00  1.63825000e-07  3.30040915e+00 
 1.63875000e-07  1.20010940e+00  1.63875000e-07  3.29959487e+00 
 1.63925000e-07  1.19991275e+00  1.63925000e-07  3.30040049e+00 
 1.63975000e-07  1.20006872e+00  1.63975000e-07  3.29960599e+00 
 1.64025000e-07  1.19994636e+00  1.64025000e-07  3.30038728e+00 
 1.64075000e-07  1.20004094e+00  1.64075000e-07  3.29962069e+00 
 1.64125000e-07  1.19996938e+00  1.64125000e-07  3.30037132e+00 
 1.64175000e-07  1.20002186e+00  1.64175000e-07  3.29963747e+00 
 1.64225000e-07  1.19998523e+00  1.64225000e-07  3.30035388e+00 
 1.64275000e-07  1.20000868e+00  1.64275000e-07  3.29965524e+00 
 1.64325000e-07  1.19999621e+00  1.64325000e-07  3.30033586e+00 
 1.64375000e-07  1.19999951e+00  1.64375000e-07  3.29967329e+00 
 1.64425000e-07  1.20000388e+00  1.64425000e-07  3.30031784e+00 
 1.64475000e-07  1.19999310e+00  1.64475000e-07  3.29969112e+00 
 1.64525000e-07  1.20000925e+00  1.64525000e-07  3.30030023e+00 
 1.64575000e-07  1.19998860e+00  1.64575000e-07  3.29970840e+00 
 1.64625000e-07  1.20001304e+00  1.64625000e-07  3.30028328e+00 
 1.64675000e-07  1.19998541e+00  1.64675000e-07  3.29972494e+00 
 1.64725000e-07  1.20001572e+00  1.64725000e-07  3.30026714e+00 
 1.64775000e-07  1.19998316e+00  1.64775000e-07  3.29974063e+00 
 1.64825000e-07  1.20001762e+00  1.64825000e-07  3.30025189e+00 
 1.64875000e-07  1.19998157e+00  1.64875000e-07  3.29975540e+00 
 1.64925000e-07  1.20001895e+00  1.64925000e-07  3.30023758e+00 
 1.64975000e-07  1.19998046e+00  1.64975000e-07  3.29976924e+00 
 1.65025000e-07  1.20001987e+00  1.65025000e-07  3.30022419e+00 
 1.65075000e-07  1.19997969e+00  1.65075000e-07  3.29978216e+00 
 1.65125000e-07  1.20002050e+00  1.65125000e-07  3.30021171e+00 
 1.65175000e-07  1.19997918e+00  1.65175000e-07  3.29979420e+00 
 1.65225000e-07  1.20002091e+00  1.65225000e-07  3.30020010e+00 
 1.65275000e-07  1.19997887e+00  1.65275000e-07  3.29980539e+00 
 1.65325000e-07  1.20002114e+00  1.65325000e-07  3.30018930e+00 
 1.65375000e-07  1.19997870e+00  1.65375000e-07  3.29981579e+00 
 1.65425000e-07  1.20002125e+00  1.65425000e-07  3.30017928e+00 
 1.65475000e-07  1.19997864e+00  1.65475000e-07  3.29982544e+00 
 1.65525000e-07  1.20002126e+00  1.65525000e-07  3.30016998e+00 
 1.65575000e-07  1.19997867e+00  1.65575000e-07  3.29983440e+00 
 1.65625000e-07  1.20002119e+00  1.65625000e-07  3.30016135e+00 
 1.65675000e-07  1.19997878e+00  1.65675000e-07  3.29984272e+00 
 1.65725000e-07  1.20002106e+00  1.65725000e-07  3.30015333e+00 
 1.65775000e-07  1.19997893e+00  1.65775000e-07  3.29985044e+00 
 1.65825000e-07  1.20002089e+00  1.65825000e-07  3.30014588e+00 
 1.65875000e-07  1.19997913e+00  1.65875000e-07  3.29985762e+00 
 1.65925000e-07  1.20002067e+00  1.65925000e-07  3.30013896e+00 
 1.65975000e-07  1.19997936e+00  1.65975000e-07  3.29986430e+00 
 1.66025000e-07  1.20002042e+00  1.66025000e-07  3.30013252e+00 
 1.66075000e-07  1.19997962e+00  1.66075000e-07  3.29987051e+00 
 1.66125000e-07  1.20002015e+00  1.66125000e-07  3.30012652e+00 
 1.66175000e-07  1.19997991e+00  1.66175000e-07  3.29987630e+00 
 1.66225000e-07  1.20001985e+00  1.66225000e-07  3.30012093e+00 
 1.66275000e-07  1.19998021e+00  1.66275000e-07  3.29988171e+00 
 1.66325000e-07  1.20001955e+00  1.66325000e-07  3.30011570e+00 
 1.66375000e-07  1.19998052e+00  1.66375000e-07  3.29988676e+00 
 1.66425000e-07  1.20001922e+00  1.66425000e-07  3.30011082e+00 
 1.66475000e-07  1.19998085e+00  1.66475000e-07  3.29989148e+00 
 1.66525000e-07  1.20001889e+00  1.66525000e-07  3.30010625e+00 
 1.66575000e-07  1.19998118e+00  1.66575000e-07  3.29989590e+00 
 1.66625000e-07  1.20001856e+00  1.66625000e-07  3.30010197e+00 
 1.66675000e-07  1.19998152e+00  1.66675000e-07  3.29990005e+00 
 1.66725000e-07  1.20001821e+00  1.66725000e-07  3.30009795e+00 
 1.66775000e-07  1.19998187e+00  1.66775000e-07  3.29990395e+00 
 1.66825000e-07  1.20001787e+00  1.66825000e-07  3.30009417e+00 
 1.66875000e-07  1.19998222e+00  1.66875000e-07  3.29990762e+00 
 1.66925000e-07  1.20001752e+00  1.66925000e-07  3.30009061e+00 
 1.66975000e-07  1.19998257e+00  1.66975000e-07  3.29991108e+00 
 1.67025000e-07  1.20001717e+00  1.67025000e-07  3.30008725e+00 
 1.67075000e-07  1.19998292e+00  1.67075000e-07  3.29991434e+00 
 1.67125000e-07  1.20001682e+00  1.67125000e-07  3.30008408e+00 
 1.67175000e-07  1.19998327e+00  1.67175000e-07  3.29991742e+00 
 1.67225000e-07  1.20001647e+00  1.67225000e-07  3.30008108e+00 
 1.67275000e-07  1.19998361e+00  1.67275000e-07  3.29992034e+00 
 1.67325000e-07  1.20001612e+00  1.67325000e-07  3.30007824e+00 
 1.67375000e-07  1.19998396e+00  1.67375000e-07  3.29992311e+00 
 1.67425000e-07  1.20001578e+00  1.67425000e-07  3.30007554e+00 
 1.67475000e-07  1.19998430e+00  1.67475000e-07  3.29992573e+00 
 1.67525000e-07  1.20001543e+00  1.67525000e-07  3.30007298e+00 
 1.67575000e-07  1.19998464e+00  1.67575000e-07  3.29992823e+00 
 1.67625000e-07  1.20001509e+00  1.67625000e-07  3.30007055e+00 
 1.67675000e-07  1.19998498e+00  1.67675000e-07  3.29993061e+00 
 1.67725000e-07  1.20001476e+00  1.67725000e-07  3.30006822e+00 
 1.67775000e-07  1.19998531e+00  1.67775000e-07  3.29993288e+00 
 1.67825000e-07  1.20001443e+00  1.67825000e-07  3.30006601e+00 
 1.67875000e-07  1.19998564e+00  1.67875000e-07  3.29993505e+00 
 1.67925000e-07  1.20001410e+00  1.67925000e-07  3.30006389e+00 
 1.67975000e-07  1.19998597e+00  1.67975000e-07  3.29993712e+00 
 1.68025000e-07  1.20001378e+00  1.68025000e-07  3.30006186e+00 
 1.68075000e-07  1.19998629e+00  1.68075000e-07  3.29993911e+00 
 1.68125000e-07  1.20001346e+00  1.68125000e-07  3.30005991e+00 
 1.68175000e-07  1.19998661e+00  1.68175000e-07  3.29994101e+00 
 1.68225000e-07  1.20001314e+00  1.68225000e-07  3.30005805e+00 
 1.68275000e-07  1.19998692e+00  1.68275000e-07  3.29994284e+00 
 1.68325000e-07  1.20001283e+00  1.68325000e-07  3.30005626e+00 
 1.68375000e-07  1.19998723e+00  1.68375000e-07  3.29994460e+00 
 1.68425000e-07  1.20001253e+00  1.68425000e-07  3.30005453e+00 
 1.68475000e-07  1.19998753e+00  1.68475000e-07  3.29994629e+00 
 1.68525000e-07  1.20001223e+00  1.68525000e-07  3.30005287e+00 
 1.68575000e-07  1.19998783e+00  1.68575000e-07  3.29994792e+00 
 1.68625000e-07  1.20001193e+00  1.68625000e-07  3.30005127e+00 
 1.68675000e-07  1.19998812e+00  1.68675000e-07  3.29994950e+00 
 1.68725000e-07  1.20001164e+00  1.68725000e-07  3.30004972e+00 
 1.68775000e-07  1.19998841e+00  1.68775000e-07  3.29995102e+00 
 1.68825000e-07  1.20001135e+00  1.68825000e-07  3.30004822e+00 
 1.68875000e-07  1.19998870e+00  1.68875000e-07  3.29995249e+00 
 1.68925000e-07  1.20001107e+00  1.68925000e-07  3.30004678e+00 
 1.68975000e-07  1.19998898e+00  1.68975000e-07  3.29995391e+00 
 1.69025000e-07  1.20001079e+00  1.69025000e-07  3.30004538e+00 
 1.69075000e-07  1.19998925e+00  1.69075000e-07  3.29995529e+00 
 1.69125000e-07  1.20001052e+00  1.69125000e-07  3.30004402e+00 
 1.69175000e-07  1.19998952e+00  1.69175000e-07  3.29995663e+00 
 1.69225000e-07  1.20001025e+00  1.69225000e-07  3.30004270e+00 
 1.69275000e-07  1.19998979e+00  1.69275000e-07  3.29995793e+00 
 1.69325000e-07  1.20000999e+00  1.69325000e-07  3.30004142e+00 
 1.69375000e-07  1.19999005e+00  1.69375000e-07  3.29995919e+00 
 1.69425000e-07  1.20000973e+00  1.69425000e-07  3.30004017e+00 
 1.69475000e-07  1.19999030e+00  1.69475000e-07  3.29996042e+00 
 1.69525000e-07  1.20000948e+00  1.69525000e-07  3.30003896e+00 
 1.69575000e-07  1.19999056e+00  1.69575000e-07  3.29996162e+00 
 1.69625000e-07  1.20000923e+00  1.69625000e-07  3.30003778e+00 
 1.69675000e-07  1.19999080e+00  1.69675000e-07  3.29996278e+00 
 1.69725000e-07  1.20000898e+00  1.69725000e-07  3.30003663e+00 
 1.69775000e-07  1.19999105e+00  1.69775000e-07  3.29996391e+00 
 1.69825000e-07  1.20000874e+00  1.69825000e-07  3.30003551e+00 
 1.69875000e-07  1.19999129e+00  1.69875000e-07  3.29996502e+00 
 1.69925000e-07  1.20000850e+00  1.69925000e-07  3.30003442e+00 
 1.69962500e-07  1.19999156e+00  1.69962500e-07  3.29996628e+00 
 1.70000000e-07  1.20000819e+00  1.70000000e-07  3.30003301e+00 
 1.70005000e-07  1.19996358e+00  1.70005000e-07  3.29976121e+00 
 1.70015000e-07  1.20000201e+00  1.70015000e-07  3.29984160e+00 
 1.70035000e-07  1.20003194e+00  1.70035000e-07  3.30004848e+00 
 1.70075000e-07  1.19997163e+00  1.70075000e-07  3.30011960e+00 
 1.70125000e-07  1.20016475e+00  1.70125000e-07  3.30100281e+00 
 1.70162500e-07  1.20028750e+00  1.70162500e-07  3.30184609e+00 
 1.70200000e-07  1.19886977e+00  1.70200000e-07  3.30088150e+00 
 1.70205000e-07  1.19875476e+00  1.70205000e-07  3.30080112e+00 
 1.70215000e-07  1.20048174e+00  1.70215000e-07  3.29948776e+00 
 1.70235000e-07  1.20149306e+00  1.70235000e-07  3.29553965e+00 
 1.70275000e-07  1.19874484e+00  1.70275000e-07  3.29537781e+00 
 1.70312754e-07  1.20066961e+00  1.70312754e-07  3.30403246e+00 
 1.70352870e-07  1.19955192e+00  1.70352870e-07  3.30101123e+00 
 1.70402870e-07  1.20025321e+00  1.70402870e-07  3.29999329e+00 
 1.70452870e-07  1.19984649e+00  1.70452870e-07  3.30005078e+00 
 1.70502870e-07  1.20006877e+00  1.70502870e-07  3.29976466e+00 
 1.70552870e-07  1.19998369e+00  1.70552870e-07  3.29999894e+00 
 1.70602870e-07  1.19997746e+00  1.70602870e-07  3.29985285e+00 
 1.70652870e-07  1.20004609e+00  1.70652870e-07  3.30003122e+00 
 1.70702870e-07  1.19993815e+00  1.70702870e-07  3.29990048e+00 
 1.70752870e-07  1.20006964e+00  1.70752870e-07  3.30005583e+00 
 1.70802870e-07  1.19992646e+00  1.70802870e-07  3.29991512e+00 
 1.70852870e-07  1.20007331e+00  1.70852870e-07  3.30006973e+00 
 1.70902870e-07  1.19992852e+00  1.70902870e-07  3.29991784e+00 
 1.70952870e-07  1.20006758e+00  1.70952870e-07  3.30007684e+00 
 1.71002870e-07  1.19993663e+00  1.71002870e-07  3.29991772e+00 
 1.71052870e-07  1.20005818e+00  1.71052870e-07  3.30008006e+00 
 1.71102870e-07  1.19994670e+00  1.71102870e-07  3.29991774e+00 
 1.71152870e-07  1.20004805e+00  1.71152870e-07  3.30008090e+00 
 1.71202870e-07  1.19995662e+00  1.71202870e-07  3.29991842e+00 
 1.71252870e-07  1.20003862e+00  1.71252870e-07  3.30008038e+00 
 1.71302870e-07  1.19996547e+00  1.71302870e-07  3.29991969e+00 
 1.71352870e-07  1.20003046e+00  1.71352870e-07  3.30007911e+00 
 1.71402870e-07  1.19997294e+00  1.71402870e-07  3.29992135e+00 
 1.71452870e-07  1.20002371e+00  1.71452870e-07  3.30007744e+00 
 1.71502870e-07  1.19997902e+00  1.71502870e-07  3.29992321e+00 
 1.71552870e-07  1.20001827e+00  1.71552870e-07  3.30007561e+00 
 1.71602870e-07  1.19998387e+00  1.71602870e-07  3.29992512e+00 
 1.71652870e-07  1.20001399e+00  1.71652870e-07  3.30007374e+00 
 1.71702870e-07  1.19998766e+00  1.71702870e-07  3.29992701e+00 
 1.71752870e-07  1.20001065e+00  1.71752870e-07  3.30007192e+00 
 1.71802870e-07  1.19999059e+00  1.71802870e-07  3.29992881e+00 
 1.71852870e-07  1.20000809e+00  1.71852870e-07  3.30007019e+00 
 1.71902870e-07  1.19999283e+00  1.71902870e-07  3.29993052e+00 
 1.71952870e-07  1.20000614e+00  1.71952870e-07  3.30006856e+00 
 1.72002870e-07  1.19999454e+00  1.72002870e-07  3.29993210e+00 
 1.72052870e-07  1.20000465e+00  1.72052870e-07  3.30006704e+00 
 1.72102870e-07  1.19999583e+00  1.72102870e-07  3.29993358e+00 
 1.72152870e-07  1.20000353e+00  1.72152870e-07  3.30006563e+00 
 1.72202870e-07  1.19999681e+00  1.72202870e-07  3.29993495e+00 
 1.72252870e-07  1.20000268e+00  1.72252870e-07  3.30006431e+00 
 1.72302870e-07  1.19999754e+00  1.72302870e-07  3.29993623e+00 
 1.72352870e-07  1.20000205e+00  1.72352870e-07  3.30006308e+00 
 1.72402870e-07  1.19999810e+00  1.72402870e-07  3.29993743e+00 
 1.72452870e-07  1.20000157e+00  1.72452870e-07  3.30006193e+00 
 1.72502870e-07  1.19999852e+00  1.72502870e-07  3.29993856e+00 
 1.72552870e-07  1.20000120e+00  1.72552870e-07  3.30006084e+00 
 1.72602870e-07  1.19999883e+00  1.72602870e-07  3.29993962e+00 
 1.72652870e-07  1.20000093e+00  1.72652870e-07  3.30005980e+00 
 1.72702870e-07  1.19999907e+00  1.72702870e-07  3.29994064e+00 
 1.72752870e-07  1.20000072e+00  1.72752870e-07  3.30005881e+00 
 1.72802870e-07  1.19999926e+00  1.72802870e-07  3.29994162e+00 
 1.72852870e-07  1.20000056e+00  1.72852870e-07  3.30005786e+00 
 1.72902870e-07  1.19999940e+00  1.72902870e-07  3.29994256e+00 
 1.72952870e-07  1.20000044e+00  1.72952870e-07  3.30005694e+00 
 1.73002870e-07  1.19999951e+00  1.73002870e-07  3.29994347e+00 
 1.73052870e-07  1.20000034e+00  1.73052870e-07  3.30005604e+00 
 1.73102870e-07  1.19999959e+00  1.73102870e-07  3.29994436e+00 
 1.73152870e-07  1.20000027e+00  1.73152870e-07  3.30005517e+00 
 1.73202870e-07  1.19999966e+00  1.73202870e-07  3.29994523e+00 
 1.73252870e-07  1.20000021e+00  1.73252870e-07  3.30005431e+00 
 1.73302870e-07  1.19999971e+00  1.73302870e-07  3.29994608e+00 
 1.73352870e-07  1.20000016e+00  1.73352870e-07  3.30005346e+00 
 1.73402870e-07  1.19999976e+00  1.73402870e-07  3.29994692e+00 
 1.73452870e-07  1.20000012e+00  1.73452870e-07  3.30005262e+00 
 1.73502870e-07  1.19999979e+00  1.73502870e-07  3.29994776e+00 
 1.73552870e-07  1.20000009e+00  1.73552870e-07  3.30005180e+00 
 1.73602870e-07  1.19999982e+00  1.73602870e-07  3.29994858e+00 
 1.73652870e-07  1.20000006e+00  1.73652870e-07  3.30005098e+00 
 1.73702870e-07  1.19999985e+00  1.73702870e-07  3.29994940e+00 
 1.73752870e-07  1.20000004e+00  1.73752870e-07  3.30005017e+00 
 1.73802870e-07  1.19999987e+00  1.73802870e-07  3.29995021e+00 
 1.73852870e-07  1.20000002e+00  1.73852870e-07  3.30004936e+00 
 1.73902870e-07  1.19999989e+00  1.73902870e-07  3.29995101e+00 
 1.73952870e-07  1.20000000e+00  1.73952870e-07  3.30004856e+00 
 1.74002870e-07  1.19999991e+00  1.74002870e-07  3.29995181e+00 
 1.74052870e-07  1.19999998e+00  1.74052870e-07  3.30004776e+00 
 1.74102870e-07  1.19999993e+00  1.74102870e-07  3.29995261e+00 
 1.74152870e-07  1.19999996e+00  1.74152870e-07  3.30004697e+00 
 1.74202870e-07  1.19999994e+00  1.74202870e-07  3.29995340e+00 
 1.74252870e-07  1.19999995e+00  1.74252870e-07  3.30004618e+00 
 1.74302870e-07  1.19999996e+00  1.74302870e-07  3.29995419e+00 
 1.74352870e-07  1.19999993e+00  1.74352870e-07  3.30004539e+00 
 1.74402870e-07  1.19999997e+00  1.74402870e-07  3.29995497e+00 
 1.74452870e-07  1.19999992e+00  1.74452870e-07  3.30004461e+00 
 1.74502870e-07  1.19999999e+00  1.74502870e-07  3.29995575e+00 
 1.74552870e-07  1.19999991e+00  1.74552870e-07  3.30004384e+00 
 1.74602870e-07  1.20000000e+00  1.74602870e-07  3.29995652e+00 
 1.74652870e-07  1.19999990e+00  1.74652870e-07  3.30004307e+00 
 1.74702870e-07  1.20000001e+00  1.74702870e-07  3.29995729e+00 
 1.74752870e-07  1.19999989e+00  1.74752870e-07  3.30004230e+00 
 1.74802870e-07  1.20000002e+00  1.74802870e-07  3.29995806e+00 
 1.74852870e-07  1.19999988e+00  1.74852870e-07  3.30004154e+00 
 1.74902870e-07  1.20000003e+00  1.74902870e-07  3.29995881e+00 
 1.74952870e-07  1.19999987e+00  1.74952870e-07  3.30004079e+00 
 1.75002870e-07  1.20000004e+00  1.75002870e-07  3.29995957e+00 
 1.75052870e-07  1.19999986e+00  1.75052870e-07  3.30004004e+00 
 1.75102870e-07  1.20000005e+00  1.75102870e-07  3.29996031e+00 
 1.75152870e-07  1.19999985e+00  1.75152870e-07  3.30003930e+00 
 1.75202870e-07  1.20000006e+00  1.75202870e-07  3.29996105e+00 
 1.75252870e-07  1.19999984e+00  1.75252870e-07  3.30003856e+00 
 1.75302870e-07  1.20000007e+00  1.75302870e-07  3.29996178e+00 
 1.75352870e-07  1.19999983e+00  1.75352870e-07  3.30003783e+00 
 1.75402870e-07  1.20000007e+00  1.75402870e-07  3.29996251e+00 
 1.75452870e-07  1.19999982e+00  1.75452870e-07  3.30003711e+00 
 1.75502870e-07  1.20000008e+00  1.75502870e-07  3.29996323e+00 
 1.75552870e-07  1.19999982e+00  1.75552870e-07  3.30003639e+00 
 1.75602870e-07  1.20000009e+00  1.75602870e-07  3.29996394e+00 
 1.75652870e-07  1.19999981e+00  1.75652870e-07  3.30003568e+00 
 1.75702870e-07  1.20000009e+00  1.75702870e-07  3.29996465e+00 
 1.75752870e-07  1.19999980e+00  1.75752870e-07  3.30003498e+00 
 1.75802870e-07  1.20000010e+00  1.75802870e-07  3.29996534e+00 
 1.75852870e-07  1.19999980e+00  1.75852870e-07  3.30003429e+00 
 1.75902870e-07  1.20000011e+00  1.75902870e-07  3.29996603e+00 
 1.75952870e-07  1.19999979e+00  1.75952870e-07  3.30003361e+00 
 1.76002870e-07  1.20000011e+00  1.76002870e-07  3.29996671e+00 
 1.76052870e-07  1.19999979e+00  1.76052870e-07  3.30003293e+00 
 1.76102870e-07  1.20000012e+00  1.76102870e-07  3.29996739e+00 
 1.76152870e-07  1.19999978e+00  1.76152870e-07  3.30003226e+00 
 1.76202870e-07  1.20000012e+00  1.76202870e-07  3.29996805e+00 
 1.76252870e-07  1.19999978e+00  1.76252870e-07  3.30003160e+00 
 1.76302870e-07  1.20000013e+00  1.76302870e-07  3.29996871e+00 
 1.76352870e-07  1.19999977e+00  1.76352870e-07  3.30003095e+00 
 1.76402870e-07  1.20000013e+00  1.76402870e-07  3.29996936e+00 
 1.76452870e-07  1.19999977e+00  1.76452870e-07  3.30003030e+00 
 1.76502870e-07  1.20000013e+00  1.76502870e-07  3.29997000e+00 
 1.76552870e-07  1.19999977e+00  1.76552870e-07  3.30002967e+00 
 1.76602870e-07  1.20000014e+00  1.76602870e-07  3.29997063e+00 
 1.76652870e-07  1.19999976e+00  1.76652870e-07  3.30002904e+00 
 1.76702870e-07  1.20000014e+00  1.76702870e-07  3.29997125e+00 
 1.76752870e-07  1.19999976e+00  1.76752870e-07  3.30002843e+00 
 1.76802870e-07  1.20000014e+00  1.76802870e-07  3.29997186e+00 
 1.76852870e-07  1.19999976e+00  1.76852870e-07  3.30002782e+00 
 1.76902870e-07  1.20000015e+00  1.76902870e-07  3.29997247e+00 
 1.76952870e-07  1.19999975e+00  1.76952870e-07  3.30002722e+00 
 1.77002870e-07  1.20000015e+00  1.77002870e-07  3.29997306e+00 
 1.77052870e-07  1.19999975e+00  1.77052870e-07  3.30002662e+00 
 1.77102870e-07  1.20000015e+00  1.77102870e-07  3.29997365e+00 
 1.77152870e-07  1.19999975e+00  1.77152870e-07  3.30002604e+00 
 1.77202870e-07  1.20000015e+00  1.77202870e-07  3.29997423e+00 
 1.77252870e-07  1.19999975e+00  1.77252870e-07  3.30002547e+00 
 1.77302870e-07  1.20000016e+00  1.77302870e-07  3.29997480e+00 
 1.77352870e-07  1.19999975e+00  1.77352870e-07  3.30002490e+00 
 1.77402870e-07  1.20000016e+00  1.77402870e-07  3.29997536e+00 
 1.77452870e-07  1.19999974e+00  1.77452870e-07  3.30002435e+00 
 1.77502870e-07  1.20000016e+00  1.77502870e-07  3.29997591e+00 
 1.77552870e-07  1.19999974e+00  1.77552870e-07  3.30002380e+00 
 1.77602870e-07  1.20000016e+00  1.77602870e-07  3.29997646e+00 
 1.77652870e-07  1.19999974e+00  1.77652870e-07  3.30002326e+00 
 1.77702870e-07  1.20000016e+00  1.77702870e-07  3.29997699e+00 
 1.77752870e-07  1.19999974e+00  1.77752870e-07  3.30002273e+00 
 1.77802870e-07  1.20000016e+00  1.77802870e-07  3.29997752e+00 
 1.77852870e-07  1.19999974e+00  1.77852870e-07  3.30002221e+00 
 1.77902870e-07  1.20000016e+00  1.77902870e-07  3.29997804e+00 
 1.77952870e-07  1.19999974e+00  1.77952870e-07  3.30002169e+00 
 1.78002870e-07  1.20000016e+00  1.78002870e-07  3.29997855e+00 
 1.78052870e-07  1.19999974e+00  1.78052870e-07  3.30002119e+00 
 1.78102870e-07  1.20000016e+00  1.78102870e-07  3.29997905e+00 
 1.78152870e-07  1.19999974e+00  1.78152870e-07  3.30002069e+00 
 1.78202870e-07  1.20000016e+00  1.78202870e-07  3.29997954e+00 
 1.78252870e-07  1.19999974e+00  1.78252870e-07  3.30002020e+00 
 1.78302870e-07  1.20000016e+00  1.78302870e-07  3.29998003e+00 
 1.78352870e-07  1.19999974e+00  1.78352870e-07  3.30001972e+00 
 1.78402870e-07  1.20000016e+00  1.78402870e-07  3.29998050e+00 
 1.78452870e-07  1.19999974e+00  1.78452870e-07  3.30001925e+00 
 1.78502870e-07  1.20000016e+00  1.78502870e-07  3.29998097e+00 
 1.78552870e-07  1.19999974e+00  1.78552870e-07  3.30001878e+00 
 1.78602870e-07  1.20000016e+00  1.78602870e-07  3.29998143e+00 
 1.78652870e-07  1.19999974e+00  1.78652870e-07  3.30001833e+00 
 1.78702870e-07  1.20000016e+00  1.78702870e-07  3.29998188e+00 
 1.78752870e-07  1.19999974e+00  1.78752870e-07  3.30001788e+00 
 1.78802870e-07  1.20000016e+00  1.78802870e-07  3.29998233e+00 
 1.78852870e-07  1.19999974e+00  1.78852870e-07  3.30001744e+00 
 1.78902870e-07  1.20000016e+00  1.78902870e-07  3.29998277e+00 
 1.78952870e-07  1.19999974e+00  1.78952870e-07  3.30001700e+00 
 1.79002870e-07  1.20000016e+00  1.79002870e-07  3.29998320e+00 
 1.79052870e-07  1.19999974e+00  1.79052870e-07  3.30001658e+00 
 1.79102870e-07  1.20000016e+00  1.79102870e-07  3.29998362e+00 
 1.79152870e-07  1.19999974e+00  1.79152870e-07  3.30001616e+00 
 1.79202870e-07  1.20000016e+00  1.79202870e-07  3.29998403e+00 
 1.79252870e-07  1.19999975e+00  1.79252870e-07  3.30001575e+00 
 1.79302870e-07  1.20000016e+00  1.79302870e-07  3.29998444e+00 
 1.79352870e-07  1.19999975e+00  1.79352870e-07  3.30001534e+00 
 1.79402870e-07  1.20000016e+00  1.79402870e-07  3.29998484e+00 
 1.79452870e-07  1.19999975e+00  1.79452870e-07  3.30001495e+00 
 1.79502870e-07  1.20000015e+00  1.79502870e-07  3.29998523e+00 
 1.79552870e-07  1.19999975e+00  1.79552870e-07  3.30001456e+00 
 1.79602870e-07  1.20000015e+00  1.79602870e-07  3.29998562e+00 
 1.79652870e-07  1.19999975e+00  1.79652870e-07  3.30001417e+00 
 1.79702870e-07  1.20000015e+00  1.79702870e-07  3.29998600e+00 
 1.79752870e-07  1.19999975e+00  1.79752870e-07  3.30001380e+00 
 1.79802870e-07  1.20000015e+00  1.79802870e-07  3.29998637e+00 
 1.79852870e-07  1.19999975e+00  1.79852870e-07  3.30001343e+00 
 1.79902870e-07  1.20000015e+00  1.79902870e-07  3.29998674e+00 
 1.79952870e-07  1.19999975e+00  1.79952870e-07  3.30001307e+00 
 1.80000000e-07  1.20000015e+00  1.80000000e-07  3.29998711e+00 
