 5.00000000e-13  6.37871492e-01  5.00000000e-13  1.17304647e+00 
 5.26828962e-13  6.39352197e-01  5.26828962e-13  1.12791647e+00 
 5.80486885e-13  6.43964155e-01  5.80486885e-13  1.07246740e+00 
 6.87802732e-13  6.51297160e-01  6.87802732e-13  1.13781557e+00 
 9.02434425e-13  6.58262509e-01  9.02434425e-13  1.47993956e+00 
 1.24499877e-12  6.66006127e-01  1.24499877e-12  1.86527224e+00 
 1.70983219e-12  6.73789027e-01  1.70983219e-12  2.03282309e+00 
 2.53447432e-12  6.83602164e-01  2.53447432e-12  2.10483963e+00 
 4.16038862e-12  6.84781791e-01  4.16038862e-12  2.13875419e+00 
 7.41221722e-12  6.29288883e-01  7.41221722e-12  1.99498220e+00 
 1.22344641e-11  4.45418039e-01  1.22344641e-11  1.61795032e+00 
 2.00658028e-11  1.25596671e-01  2.00658028e-11  9.26835149e-01 
 3.25542882e-11 -7.48056541e-03  3.25542882e-11  2.45438306e-01 
 5.00000000e-11  1.42602452e-02  5.00000000e-11  2.40356015e-02 
 5.24976971e-11  5.44586401e-03  5.24976971e-11  2.78137522e-02 
 5.74930913e-11 -1.19050450e-03  5.74930913e-11  2.87078963e-02 
 6.74838796e-11  1.04350535e-03  6.74838796e-11  1.91603727e-02 
 8.74654563e-11  1.22968351e-03  8.74654563e-11  4.04455361e-03 
 1.27428610e-10 -3.27294304e-05  1.27428610e-10  2.06651647e-04 
 1.63714305e-10 -4.34125864e-04  1.63714305e-10  2.70395816e-03 
 2.00000000e-10  4.97210245e-04  2.00000000e-10 -3.15178732e-03 
 2.05000000e-10 -2.95666131e-04  2.05000000e-10 -1.18633270e-03 
 2.15000000e-10 -4.11201188e-04  2.15000000e-10  2.50373741e-04 
 2.35000000e-10  1.74152943e-04  2.35000000e-10 -2.63011890e-05 
 2.61878764e-10 -1.02583139e-04  2.61878764e-10 -4.19657166e-04 
 2.94262880e-10  7.38648056e-05  2.94262880e-10 -1.90004605e-04 
 3.31566639e-10 -6.03580107e-05  3.31566639e-10  2.92706449e-04 
 3.81566639e-10  5.30061920e-05  3.81566639e-10  4.55678768e-05 
 4.29206914e-10 -4.66298804e-05  4.29206914e-10 -5.00082661e-05 
 4.79206914e-10  4.18342574e-05  4.79206914e-10  2.60945085e-05 
 5.29206914e-10 -3.74824885e-05  5.29206914e-10 -2.35254343e-05 
 5.79206914e-10  3.39292511e-05  5.79206914e-10  1.63942315e-05 
 6.29206914e-10 -3.05510124e-05  6.29206914e-10 -1.45551898e-05 
 6.79206914e-10  2.77700882e-05  6.79206914e-10  1.10991464e-05 
 7.29206914e-10 -2.50375082e-05  7.29206914e-10 -9.21160991e-06 
 7.79206914e-10  2.28028313e-05  7.79206914e-10  6.87451147e-06 
 8.29206914e-10 -2.05474785e-05  8.29206914e-10 -5.07881480e-06 
 8.79206914e-10  1.87307413e-05  8.79206914e-10  3.25216034e-06 
 9.29206914e-10 -1.68504860e-05  9.29206914e-10 -1.65981933e-06 
 9.79206914e-10  1.53705275e-05  9.79206914e-10  1.78069153e-07 
 1.02920691e-09 -1.37948285e-05  1.02920691e-09  1.16252778e-06 
 1.07920691e-09  1.25914831e-05  1.07920691e-09 -2.35586222e-06 
 1.12920691e-09 -1.12673452e-05  1.12920691e-09  3.44551629e-06 
 1.17920691e-09  1.02933842e-05  1.17920691e-09 -4.38648548e-06 
 1.22920691e-09 -9.17829537e-06  1.22920691e-09  5.24595557e-06 
 1.27920691e-09  8.39514665e-06  1.27920691e-09 -5.96844617e-06 
 1.32920691e-09 -7.45400249e-06  1.32920691e-09  6.62772170e-06 
 1.37920691e-09  6.82957406e-06  1.37920691e-09 -7.16573120e-06 
 1.42920691e-09 -6.03304045e-06  1.42920691e-09  7.65719370e-06 
 1.47920691e-09  5.54045157e-06  1.47920691e-09 -8.04334076e-06 
 1.52920691e-09 -4.86393355e-06  1.52920691e-09  8.39804365e-06 
 1.57920691e-09  4.48064701e-06  1.57920691e-09 -8.66205125e-06 
 1.62920691e-09 -3.90353495e-06  1.62920691e-09  8.90788900e-06 
 1.67920691e-09  3.61068546e-06  1.67920691e-09 -9.07573644e-06 
 1.72920691e-09 -3.11574697e-06  1.72920691e-09  9.23673007e-06 
 1.77920691e-09  2.89758282e-06  1.77920691e-09 -9.33040479e-06 
 1.82920691e-09 -2.47044813e-06  1.82920691e-09  9.42662333e-06 
 1.87920691e-09  2.31385323e-06  1.87920691e-09 -9.46426655e-06 
 1.92920691e-09 -1.94257190e-06  1.92920691e-09  9.51208781e-06 
 1.97920691e-09  1.83665322e-06  1.97920691e-09 -9.50835606e-06 
 2.02920691e-09 -1.51131164e-06  2.02920691e-09  9.52088630e-06 
 2.07920691e-09  1.44704383e-06  2.07920691e-09 -9.48740608e-06 
 2.12920691e-09 -1.15943656e-06  2.12920691e-09  9.47495214e-06 
 2.17920691e-09  1.12935745e-06  2.17920691e-09 -9.42079183e-06 
 2.22920691e-09 -8.72706407e-07  2.22920691e-09  9.39132585e-06 
 2.27920691e-09  8.70657836e-07  2.27920691e-09 -9.32344208e-06 
 2.32920691e-09 -6.39373828e-07  2.32920691e-09  9.28302775e-06 
 2.37920691e-09  6.60282084e-07  2.37920691e-09 -9.20666545e-06 
 2.42920691e-09 -4.49763493e-07  2.42920691e-09  9.15983215e-06 
 2.47920691e-09  4.89454511e-07  2.47920691e-09 -9.07887003e-06 
 2.52920691e-09 -2.95918096e-07  2.52920691e-09  9.02893135e-06 
 2.57920691e-09  3.50962479e-07  2.57920691e-09 -8.94617284e-06 
 2.62920691e-09 -1.71301698e-07  2.62920691e-09  8.89549195e-06 
 2.67920691e-09  2.38886821e-07  2.67920691e-09 -8.81290659e-06 
 2.72920691e-09 -7.05534095e-08  2.72920691e-09  8.76307937e-06 
 2.77920691e-09  1.48368583e-07  2.77920691e-09 -8.68200623e-06 
 2.82920691e-09  1.07252945e-08  2.82920691e-09  8.63418823e-06 
 2.87920691e-09  7.54327968e-08  2.87920691e-09 -8.55544899e-06 
 2.92920691e-09  7.61294041e-08  2.92920691e-09  8.51022899e-06 
 2.97920691e-09  1.68260729e-08  2.97920691e-09 -8.43431635e-06 
 3.02920691e-09  1.28602403e-07  3.02920691e-09  8.39205214e-06 
 3.07920691e-09 -3.01133240e-08  3.07920691e-09 -8.31918990e-06 
 3.12920691e-09  1.70550326e-07  3.12920691e-09  8.28000357e-06 
 3.17920691e-09 -6.75599826e-08  3.17920691e-09 -8.21022636e-06 
 3.22920691e-09  2.03938208e-07  3.22920691e-09  8.17408256e-06 
 3.27920691e-09 -9.72892126e-08  3.27920691e-09 -8.10729508e-06 
 3.32920691e-09  2.30369685e-07  3.32920691e-09  8.07405188e-06 
 3.37920691e-09 -1.20749308e-07  3.37920691e-09 -8.01007280e-06 
 3.42920691e-09  2.51152561e-07  3.42920691e-09  7.97951963e-06 
 3.47920691e-09 -1.39121050e-07  3.47920691e-09 -7.91811448e-06 
 3.52920691e-09  2.67352801e-07  3.52920691e-09  7.89000056e-06 
 3.57920691e-09 -1.53366565e-07  3.57920691e-09 -7.83090590e-06 
 3.62920691e-09  2.79838624e-07  3.62920691e-09  7.80496086e-06 
 3.67920691e-09 -1.64269234e-07  3.67920691e-09 -7.74790181e-06 
 3.72920691e-09  2.89316839e-07  3.72920691e-09  7.72385053e-06 
 3.77920691e-09 -1.72466658e-07  3.77920691e-09 -7.66855328e-06 
 3.82920691e-09  2.96362492e-07  3.82920691e-09  7.64612633e-06 
 3.87920691e-09 -1.78477407e-07  3.87920691e-09 -7.59232662e-06 
 3.92920691e-09  3.01443185e-07  3.92920691e-09  7.57126717e-06 
 3.97920691e-09 -1.82723051e-07  3.97920691e-09 -7.51871595e-06 
 4.02920691e-09  3.04938916e-07  4.02920691e-09  7.49878424e-06 
 4.07920691e-09 -1.85546088e-07  4.07920691e-09 -7.44725106e-06 
 4.12920691e-09  3.07158353e-07  4.12920691e-09  7.42822699e-06 
 4.17920691e-09 -1.87224644e-07  4.17920691e-09 -7.37750184e-06 
 4.22920691e-09  3.08352070e-07  4.22920691e-09  7.35918621e-06 
 4.27920691e-09 -1.87984444e-07  4.27920691e-09 -7.30908021e-06 
 4.32920691e-09  3.08723372e-07  4.32920691e-09  7.29129488e-06 
 4.37920691e-09 -1.88008571e-07  4.37920691e-09 -7.24164015e-06 
 4.42920691e-09  3.08437108e-07  4.42920691e-09  7.22422766e-06 
 4.47920691e-09 -1.87445428e-07  4.47920691e-09 -7.17487660e-06 
 4.52920691e-09  3.07626855e-07  4.52920691e-09  7.15769927e-06 
 4.57920691e-09 -1.86415240e-07  4.57920691e-09 -7.10852349e-06 
 4.62920691e-09  3.06400816e-07  4.62920691e-09  7.09146223e-06 
 4.67920691e-09 -1.85015361e-07  4.67920691e-09 -7.04235132e-06 
 4.72920691e-09  3.04846528e-07  4.72920691e-09  7.02530424e-06 
 4.77920691e-09 -1.83324495e-07  4.77920691e-09 -6.97616430e-06 
 4.82920691e-09  3.03034789e-07  4.82920691e-09  6.95904540e-06 
 4.87920691e-09 -1.81406305e-07  4.87920691e-09 -6.90979766e-06 
 4.92920691e-09  3.01022793e-07  4.92920691e-09  6.89253523e-06 
 4.97920691e-09 -1.79312178e-07  4.97920691e-09 -6.84311460e-06 
 5.02920691e-09  2.98856725e-07  5.02920691e-09  6.82564998e-06 
 5.07920691e-09 -1.77083592e-07  5.07920691e-09 -6.77600366e-06 
 5.12920691e-09  2.96573788e-07  5.12920691e-09  6.75828972e-06 
 5.17920691e-09 -1.74753924e-07  5.17920691e-09 -6.70837586e-06 
 5.22920691e-09  2.94203962e-07  5.22920691e-09  6.69037587e-06 
 5.27920691e-09 -1.72350070e-07  5.27920691e-09 -6.64016239e-06 
 5.32920691e-09  2.91771328e-07  5.32920691e-09  6.62184877e-06 
 5.37920691e-09 -1.69893611e-07  5.37920691e-09 -6.57131219e-06 
 5.42920691e-09  2.89295235e-07  5.42920691e-09  6.55266540e-06 
 5.47920691e-09 -1.67401875e-07  5.47920691e-09 -6.50178978e-06 
 5.52920691e-09  2.86791184e-07  5.52920691e-09  6.48279735e-06 
 5.57920691e-09 -1.64888700e-07  5.57920691e-09 -6.43157339e-06 
 5.62920691e-09  2.84271524e-07  5.62920691e-09  6.41222901e-06 
 5.67920691e-09 -1.62365123e-07  5.67920691e-09 -6.36065311e-06 
 5.72920691e-09  2.81746117e-07  5.72920691e-09  6.34095580e-06 
 5.77920691e-09 -1.59839940e-07  5.77920691e-09 -6.28902931e-06 
 5.82920691e-09  2.79222791e-07  5.82920691e-09  6.26898268e-06 
 5.87920691e-09 -1.57320105e-07  5.87920691e-09 -6.21671122e-06 
 5.92920691e-09  2.76707713e-07  5.92920691e-09  6.19632282e-06 
 5.97920691e-09 -1.54811091e-07  5.97920691e-09 -6.14371566e-06 
 6.02920691e-09  2.74205744e-07  6.02920691e-09  6.12299637e-06 
 6.07920691e-09 -1.52317204e-07  6.07920691e-09 -6.07006581e-06 
 6.12920691e-09  2.71720670e-07  6.12920691e-09  6.04902932e-06 
 6.17920691e-09 -1.49841758e-07  6.17920691e-09 -5.99579027e-06 
 6.22920691e-09  2.69255414e-07  6.22920691e-09  5.97445263e-06 
 6.27920691e-09 -1.47387322e-07  6.27920691e-09 -5.92092211e-06 
 6.32920691e-09  2.66812204e-07  6.32920691e-09  5.89930130e-06 
 6.37920691e-09 -1.44955832e-07  6.37920691e-09 -5.84549808e-06 
 6.42920691e-09  2.64392710e-07  6.42920691e-09  5.82361363e-06 
 6.47920691e-09 -1.42548725e-07  6.47920691e-09 -5.76955790e-06 
 6.52920691e-09  2.61998185e-07  6.52920691e-09  5.74743060e-06 
 6.57920691e-09 -1.40167071e-07  6.57920691e-09 -5.69314361e-06 
 6.62920691e-09  2.59629503e-07  6.62920691e-09  5.67079523e-06 
 6.67920691e-09 -1.37811574e-07  6.67920691e-09 -5.61629912e-06 
 6.72920691e-09  2.57287252e-07  6.72920691e-09  5.59375208e-06 
 6.77920691e-09 -1.35482730e-07  6.77920691e-09 -5.53906956e-06 
 6.82920691e-09  2.54971817e-07  6.82920691e-09  5.51634686e-06 
 6.87920691e-09 -1.33180817e-07  6.87920691e-09 -5.46150101e-06 
 6.92920691e-09  2.52683385e-07  6.92920691e-09  5.43862589e-06 
 6.97920691e-09 -1.30905940e-07  6.97920691e-09 -5.38364007e-06 
 7.02920691e-09  2.50422007e-07  7.02920691e-09  5.36063595e-06 
 7.07920691e-09 -1.28658102e-07  7.07920691e-09 -5.30553354e-06 
 7.12920691e-09  2.48187625e-07  7.12920691e-09  5.28242382e-06 
 7.17920691e-09 -1.26437194e-07  7.17920691e-09 -5.22722819e-06 
 7.22920691e-09  2.45980093e-07  7.22920691e-09  5.20403615e-06 
 7.27920691e-09 -1.24243046e-07  7.27920691e-09 -5.14877042e-06 
 7.32920691e-09  2.43799215e-07  7.32920691e-09  5.12551913e-06 
 7.37920691e-09 -1.22075415e-07  7.37920691e-09 -5.07020621e-06 
 7.42920691e-09  2.41644711e-07  7.42920691e-09  5.04691839e-06 
 7.47920691e-09 -1.19934023e-07  7.47920691e-09 -4.99158079e-06 
 7.52920691e-09  2.39516305e-07  7.52920691e-09  4.96827878e-06 
 7.57920691e-09 -1.17818563e-07  7.57920691e-09 -4.91293859e-06 
 7.62920691e-09  2.37413658e-07  7.62920691e-09  4.88964425e-06 
 7.67920691e-09 -1.15728704e-07  7.67920691e-09 -4.83432307e-06 
 7.72920691e-09  2.35336456e-07  7.72920691e-09  4.81105777e-06 
 7.77920691e-09 -1.13664094e-07  7.77920691e-09 -4.75577667e-06 
 7.82920691e-09  2.33284304e-07  7.82920691e-09  4.73256119e-06 
 7.87920691e-09 -1.11624360e-07  7.87920691e-09 -4.67734063e-06 
 7.92920691e-09  2.31256857e-07  7.92920691e-09  4.65419518e-06 
 7.97920691e-09 -1.09609154e-07  7.97920691e-09 -4.59905504e-06 
 8.02920691e-09  2.29253758e-07  8.02920691e-09  4.57599917e-06 
 8.07920691e-09 -1.07618112e-07  8.07920691e-09 -4.52095867e-06 
 8.12920691e-09  2.27274642e-07  8.12920691e-09  4.49801131e-06 
 8.17920691e-09 -1.05650855e-07  8.17920691e-09 -4.44308900e-06 
 8.22920691e-09  2.25319117e-07  8.22920691e-09  4.42026838e-06 
 8.27920691e-09 -1.03707025e-07  8.27920691e-09 -4.36548217e-06 
 8.32920691e-09  2.23386857e-07  8.32920691e-09  4.34280588e-06 
 8.37920691e-09 -1.01786261e-07  8.37920691e-09 -4.28817297e-06 
 8.42920691e-09  2.21477463e-07  8.42920691e-09  4.26565785e-06 
 8.47920691e-09 -9.98882009e-08  8.47920691e-09 -4.21119475e-06 
 8.52920691e-09  2.19590622e-07  8.52920691e-09  4.18885702e-06 
 8.57920691e-09 -9.80125167e-08  8.57920691e-09 -4.13457955e-06 
 8.62920691e-09  2.17725970e-07  8.62920691e-09  4.11243468e-06 
 8.67920691e-09 -9.61588545e-08  8.67920691e-09 -4.05835797e-06 
 8.72920691e-09  2.15883180e-07  8.72920691e-09  4.03642077e-06 
 8.77920691e-09 -9.43268843e-08  8.77920691e-09 -3.98255926e-06 
 8.82920691e-09  2.14061921e-07  8.82920691e-09  3.96084382e-06 
 8.87920691e-09 -9.25162805e-08  8.87920691e-09 -3.90721127e-06 
 8.92920691e-09  2.12261866e-07  8.92920691e-09  3.88573105e-06 
 8.97920691e-09 -9.07267289e-08  8.97920691e-09 -3.83234052e-06 
 9.02920691e-09  2.10482704e-07  9.02920691e-09  3.81110827e-06 
 9.07920691e-09 -8.89579115e-08  9.07920691e-09 -3.75797218e-06 
 9.12920691e-09  2.08724138e-07  9.12920691e-09  3.73699999e-06 
 9.17920691e-09 -8.72095452e-08  9.17920691e-09 -3.68413011e-06 
 9.22920691e-09  2.06985861e-07  9.22920691e-09  3.66342943e-06 
 9.27920691e-09 -8.54813123e-08  9.27920691e-09 -3.61083687e-06 
 9.32920691e-09  2.05267592e-07  9.32920691e-09  3.59041853e-06 
 9.37920691e-09 -8.37729627e-08  9.37920691e-09 -3.53811377e-06 
 9.42920691e-09  2.03569056e-07  9.42920691e-09  3.51798793e-06 
 9.47920691e-09 -8.20842041e-08  9.47920691e-09 -3.46598085e-06 
 9.52920691e-09  2.01889982e-07  9.52920691e-09  3.44615710e-06 
 9.57920691e-09 -8.04147604e-08  9.57920691e-09 -3.39445696e-06 
 9.62920691e-09  2.00230084e-07  9.62920691e-09  3.37494431e-06 
 9.67920691e-09 -7.87643724e-08  9.67920691e-09 -3.32355978e-06 
 9.72920691e-09  1.98589122e-07  9.72920691e-09  3.30436661e-06 
 9.77920691e-09 -7.71327965e-08  9.77920691e-09 -3.25330582e-06 
 9.82920691e-09  1.96966833e-07  9.82920691e-09  3.23443998e-06 
 9.87920691e-09 -7.55197581e-08  9.87920691e-09 -3.18371050e-06 
 9.92920691e-09  1.95362982e-07  9.92920691e-09  3.16517929e-06 
 9.96460346e-09 -7.35983276e-08  9.96460346e-09 -3.10065573e-06 
 1.00000000e-08  1.93128346e-07  1.00000000e-08  3.06850552e-06 
 1.00050000e-08 -3.08080986e-04  1.00050000e-08 -1.27791208e-03 
 1.00150000e-08 -2.39677123e-04  1.00150000e-08 -1.07261755e-03 
 1.00350000e-08  4.10610857e-05  1.00350000e-08 -7.48446513e-04 
 1.00750000e-08 -7.67772130e-05  1.00750000e-08 -4.79615760e-03 
 1.01250000e-08  3.24543955e-05  1.01250000e-08  3.69323695e-03 
 1.01625000e-08  7.29805918e-05  1.01625000e-08 -1.71485560e-03 
 1.02000000e-08 -6.09986326e-05  1.02000000e-08  1.77955831e-03 
 1.02050000e-08  4.02605067e-04  1.02050000e-08  5.26300868e-03 
 1.02150000e-08  3.34386094e-04  1.02150000e-08  4.35692224e-03 
 1.02350000e-08 -2.17892864e-04  1.02350000e-08  2.58819054e-05 
 1.02672528e-08  1.12963947e-04  1.02672528e-08  6.35577299e-04 
 1.03026171e-08 -4.98066937e-05  1.03026171e-08  2.00150795e-04 
 1.03441421e-08  2.15690642e-05  1.03441421e-08 -3.67580804e-04 
 1.03941421e-08 -8.70870018e-06  1.03941421e-08  1.35986867e-04 
 1.04441421e-08  2.50027651e-06  1.04441421e-08 -7.19021415e-05 
 1.04941421e-08 -1.03055937e-07  1.04941421e-08  7.32575976e-05 
 1.05441421e-08  3.68080805e-07  1.05441421e-08 -6.85968672e-05 
 1.05941421e-08 -1.69271328e-06  1.05941421e-08  7.16180038e-05 
 1.06441421e-08  3.83185227e-06  1.06441421e-08 -7.28310116e-05 
 1.06941421e-08 -5.84299519e-06  1.06941421e-08  7.50125477e-05 
 1.07441421e-08  7.94216142e-06  1.07441421e-08 -7.66013506e-05 
 1.07941421e-08 -9.50066896e-06  1.07941421e-08  7.81673468e-05 
 1.08441421e-08  1.09486221e-05  1.08441421e-08 -7.93486950e-05 
 1.08941421e-08 -1.17862878e-05  1.08941421e-08  8.03576636e-05 
 1.09441421e-08  1.25283900e-05  1.09441421e-08 -8.10382243e-05 
 1.09941421e-08 -1.27216934e-05  1.09941421e-08  8.15435454e-05 
 1.10441421e-08  1.29023328e-05  1.10441421e-08 -8.17608256e-05 
 1.10941421e-08 -1.26265937e-05  1.10941421e-08  8.18311520e-05 
 1.11441421e-08  1.24272463e-05  1.11441421e-08 -8.16506672e-05 
 1.11941421e-08 -1.18559467e-05  1.11941421e-08  8.13540951e-05 
 1.12441421e-08  1.14343981e-05  1.12441421e-08 -8.08399047e-05 
 1.12941421e-08 -1.07055904e-05  1.12941421e-08  8.02373761e-05 
 1.13441421e-08  1.01797125e-05  1.13441421e-08 -7.94460734e-05 
 1.13941421e-08 -9.39122360e-06  1.13941421e-08  7.85903312e-05 
 1.14441421e-08  8.84088877e-06  1.14441421e-08 -7.75710700e-05 
 1.14941421e-08 -8.05613769e-06  1.14941421e-08  7.65065467e-05 
 1.15441421e-08  7.53092249e-06  1.15441421e-08 -7.53016352e-05 
 1.15941421e-08 -6.78742297e-06  1.15941421e-08  7.40688662e-05 
 1.16441421e-08  6.31492429e-06  1.16441421e-08 -7.27133623e-05 
 1.16941421e-08 -5.63216769e-06  1.16941421e-08  7.13462245e-05 
 1.17441421e-08  5.22524771e-06  1.17441421e-08 -6.98714716e-05 
 1.17941421e-08 -4.61064891e-06  1.17941421e-08  6.83983486e-05 
 1.18441421e-08  4.27264285e-06  1.18441421e-08 -6.68324073e-05 
 1.18941421e-08 -3.72627825e-06  1.18941421e-08  6.52792780e-05 
 1.19441421e-08  3.45493758e-06  1.19441421e-08 -6.36461241e-05 
 1.19941421e-08 -2.97276952e-06  1.19941421e-08  6.20346386e-05 
 1.20441421e-08  2.76267906e-06  1.20441421e-08 -6.03537895e-05 
 1.20941421e-08 -2.33848923e-06  1.20941421e-08  5.87032998e-05 
 1.21441421e-08  2.18290137e-06  1.21441421e-08 -5.69926002e-05 
 1.21941421e-08 -1.80968599e-06  1.21941421e-08  5.53191758e-05 
 1.22441421e-08  1.70147819e-06  1.22441421e-08 -5.35933652e-05 
 1.22941421e-08 -1.37218396e-06  1.22941421e-08  5.19110402e-05 
 1.23441421e-08  1.30452925e-06  1.23441421e-08 -5.01831354e-05 
 1.23941421e-08 -1.01256179e-06  1.23941421e-08  4.85033422e-05 
 1.24441421e-08  9.79169537e-07  1.24441421e-08 -4.67837112e-05 
 1.24941421e-08 -7.18581325e-07  1.24941421e-08  4.51161921e-05 
 1.25441421e-08  7.13861218e-07  1.25441421e-08 -4.34136888e-05 
 1.25941421e-08 -4.79432210e-07  1.25941421e-08  4.17665414e-05 
 1.26441421e-08  4.98529268e-07  1.26441421e-08 -4.00884413e-05 
 1.26941421e-08 -2.85765932e-07  1.26941421e-08  3.84682838e-05 
 1.27441421e-08  3.24532718e-07  1.27441421e-08 -3.68204918e-05 
 1.27941421e-08 -1.29621130e-07  1.27941421e-08  3.52326656e-05 
 1.28441421e-08  1.84557480e-07  1.28441421e-08 -3.36199059e-05 
 1.28941421e-08 -4.29455040e-09  1.28941421e-08  3.20686527e-05 
 1.29441421e-08  7.24736112e-08  1.29441421e-08 -3.04946345e-05 
 1.29941421e-08  9.58092028e-08  1.29941421e-08  2.89832526e-05 
 1.30441421e-08 -1.68176845e-08  1.30441421e-08 -2.74508171e-05 
 1.30941421e-08  1.75329818e-07  1.30941421e-08  2.59818002e-05 
 1.31441421e-08 -8.75327357e-08  1.31441421e-08 -2.44930509e-05 
 1.31941421e-08  2.38094680e-07  1.31941421e-08  2.30682097e-05 
 1.32441421e-08 -1.43142224e-07  1.32441421e-08 -2.16246258e-05 
 1.32941421e-08  2.87248291e-07  1.32941421e-08  2.02451952e-05 
 1.33441421e-08 -1.86492787e-07  1.33441421e-08 -1.88477317e-05 
 1.33941421e-08  3.25365886e-07  1.33941421e-08  1.75144635e-05 
 1.34441421e-08 -2.19912581e-07  1.34441421e-08 -1.61636370e-05 
 1.34941421e-08  3.54551117e-07  1.34941421e-08  1.48768808e-05 
 1.35441421e-08 -2.45301402e-07  1.35441421e-08 -1.35728444e-05 
 1.35941421e-08  3.76518963e-07  1.35941421e-08  1.23326164e-05 
 1.36441421e-08 -2.64206735e-07  1.36441421e-08 -1.10752233e-05 
 1.36941421e-08  3.92665256e-07  1.36941421e-08  9.88126607e-06 
 1.37441421e-08 -2.77887184e-07  1.37441421e-08 -8.67012458e-06 
 1.37941421e-08  4.04124572e-07  1.37941421e-08  7.52195753e-06 
 1.38441421e-08 -2.87365226e-07  1.38441421e-08 -6.35647710e-06 
 1.38941421e-08  4.11818153e-07  1.38941421e-08  5.25343963e-06 
 1.39441421e-08 -2.93470692e-07  1.39441421e-08 -4.13287051e-06 
 1.39941421e-08  4.16493330e-07  1.39941421e-08  3.07415838e-06 
 1.40441421e-08 -2.96876472e-07  1.40441421e-08 -1.99762483e-06 
 1.40941421e-08  4.18755887e-07  1.40941421e-08  9.82320918e-07 
 1.41441421e-08 -2.98127851e-07  1.41441421e-08  5.11507137e-08 
 1.41941421e-08  4.19096547e-07  1.41941421e-08 -1.02405057e-06 
 1.42441421e-08 -2.97666363e-07  1.42441421e-08  2.01550844e-06 
 1.42941421e-08  4.17912545e-07  1.42941421e-08 -2.94707383e-06 
 1.43441421e-08 -2.95849341e-07  1.43441421e-08  3.89762092e-06 
 1.43941421e-08  4.15525263e-07  1.43941421e-08 -4.78896871e-06 
 1.44441421e-08 -2.92965781e-07  1.44441421e-08  5.69974644e-06 
 1.44941421e-08  4.12194527e-07  1.44941421e-08 -6.55202578e-06 
 1.45441421e-08 -2.89249246e-07  1.45441421e-08  7.42420048e-06 
 1.45941421e-08  4.08130269e-07  1.45941421e-08 -8.23858032e-06 
 1.46441421e-08 -2.84888384e-07  1.46441421e-08  9.07333196e-06 
 1.46941421e-08  4.03501951e-07  1.46941421e-08 -9.85099075e-06 
 1.47441421e-08 -2.80035404e-07  1.47441421e-08  1.06495037e-05 
 1.47941421e-08  3.98446262e-07  1.47941421e-08 -1.13916209e-05 
 1.48441421e-08 -2.74813013e-07  1.48441421e-08  1.21550764e-05 
 1.48941421e-08  3.93073319e-07  1.48941421e-08 -1.28628256e-05 
 1.49441421e-08 -2.69320009e-07  1.49441421e-08  1.35923955e-05 
 1.49941421e-08  3.87471737e-07  1.49941421e-08 -1.42669388e-05 
 1.50441421e-08 -2.63635841e-07  1.50441421e-08  1.49637807e-05 
 1.50941421e-08  3.81712709e-07  1.50941421e-08 -1.56062642e-05 
 1.51441421e-08 -2.57824277e-07  1.51441421e-08  1.62715173e-05 
 1.51941421e-08  3.75853312e-07  1.51941421e-08 -1.68830673e-05 
 1.52441421e-08 -2.51936373e-07  1.52441421e-08  1.75178495e-05 
 1.52941421e-08  3.69939196e-07  1.52941421e-08 -1.80995700e-05 
 1.53441421e-08 -2.46012932e-07  1.53441421e-08  1.87049751e-05 
 1.53941421e-08  3.64006787e-07  1.53941421e-08 -1.92579451e-05 
 1.54441421e-08 -2.40086425e-07  1.54441421e-08  1.98350413e-05 
 1.54941421e-08  3.58085004e-07  1.54941421e-08 -2.03603137e-05 
 1.55441421e-08 -2.34182598e-07  1.55441421e-08  2.09101416e-05 
 1.55941421e-08  3.52196737e-07  1.55941421e-08 -2.14087417e-05 
 1.56441421e-08 -2.28321763e-07  1.56441421e-08  2.19323139e-05 
 1.56941421e-08  3.46359970e-07  1.56941421e-08 -2.24052383e-05 
 1.57441421e-08 -2.22519823e-07  1.57441421e-08  2.29035385e-05 
 1.57941421e-08  3.40588748e-07  1.57941421e-08 -2.33517550e-05 
 1.58441421e-08 -2.16789150e-07  1.58441421e-08  2.38257375e-05 
 1.58941421e-08  3.34893919e-07  1.58941421e-08 -2.42501844e-05 
 1.59441421e-08 -2.11139228e-07  1.59441421e-08  2.47007741e-05 
 1.59941421e-08  3.29283745e-07  1.59941421e-08 -2.51023605e-05 
 1.60441421e-08 -2.05577228e-07  1.60441421e-08  2.55304529e-05 
 1.60941421e-08  3.23764420e-07  1.60941421e-08 -2.59100583e-05 
 1.61441421e-08 -2.00108463e-07  1.61441421e-08  2.63165196e-05 
 1.61941421e-08  3.18340459e-07  1.61941421e-08 -2.66749948e-05 
 1.62441421e-08 -1.94736740e-07  1.62441421e-08  2.70606621e-05 
 1.62941421e-08  3.13015037e-07  1.62941421e-08 -2.73988290e-05 
 1.63441421e-08 -1.89464667e-07  1.63441421e-08  2.77645110e-05 
 1.63941421e-08  3.07790245e-07  1.63941421e-08 -2.80831632e-05 
 1.64441421e-08 -1.84293873e-07  1.64441421e-08  2.84296406e-05 
 1.64941421e-08  3.02667301e-07  1.64941421e-08 -2.87295440e-05 
 1.65441421e-08 -1.79225229e-07  1.65441421e-08  2.90575699e-05 
 1.65941421e-08  2.97646763e-07  1.65941421e-08 -2.93394632e-05 
 1.66441421e-08 -1.74258981e-07  1.66441421e-08  2.96497639e-05 
 1.66941421e-08  2.92728596e-07  1.66941421e-08 -2.99143592e-05 
 1.67441421e-08 -1.69394880e-07  1.67441421e-08  3.02076347e-05 
 1.67941421e-08  2.87912352e-07  1.67941421e-08 -3.04556183e-05 
 1.68441421e-08 -1.64632297e-07  1.68441421e-08  3.07325430e-05 
 1.68941421e-08  2.83197252e-07  1.68941421e-08 -3.09645760e-05 
 1.69441421e-08 -1.59970300e-07  1.69441421e-08  3.12257996e-05 
 1.69941421e-08  2.78582220e-07  1.69941421e-08 -3.14425187e-05 
 1.70441421e-08 -1.55407713e-07  1.70441421e-08  3.16886666e-05 
 1.70941421e-08  2.74065987e-07  1.70941421e-08 -3.18906844e-05 
 1.71441421e-08 -1.50943176e-07  1.71441421e-08  3.21223588e-05 
 1.71941421e-08  2.69647123e-07  1.71941421e-08 -3.23102652e-05 
 1.72441421e-08 -1.46575202e-07  1.72441421e-08  3.25280453e-05 
 1.72941421e-08  2.65324082e-07  1.72941421e-08 -3.27024078e-05 
 1.73441421e-08 -1.42302201e-07  1.73441421e-08  3.29068510e-05 
 1.73941421e-08  2.61095223e-07  1.73941421e-08 -3.30682153e-05 
 1.74441421e-08 -1.38122480e-07  1.74441421e-08  3.32598579e-05 
 1.74941421e-08  2.56958830e-07  1.74941421e-08 -3.34087491e-05 
 1.75441421e-08 -1.34034314e-07  1.75441421e-08  3.35881066e-05 
 1.75941421e-08  2.52913152e-07  1.75941421e-08 -3.37250294e-05 
 1.76441421e-08 -1.30035940e-07  1.76441421e-08  3.38925977e-05 
 1.76941421e-08  2.48956429e-07  1.76941421e-08 -3.40180374e-05 
 1.77441421e-08 -1.26125590e-07  1.77441421e-08  3.41742932e-05 
 1.77941421e-08  2.45086870e-07  1.77941421e-08 -3.42887163e-05 
 1.78441421e-08 -1.22301458e-07  1.78441421e-08  3.44341177e-05 
 1.78941421e-08  2.41302680e-07  1.78941421e-08 -3.45379726e-05 
 1.79441421e-08 -1.18561774e-07  1.79441421e-08  3.46729601e-05 
 1.79941421e-08  2.37602081e-07  1.79941421e-08 -3.47666778e-05 
 1.80441421e-08 -1.14904743e-07  1.80441421e-08  3.48916746e-05 
 1.80941421e-08  2.33983288e-07  1.80941421e-08 -3.49756691e-05 
 1.81441421e-08 -1.11328604e-07  1.81441421e-08  3.50910820e-05 
 1.81941421e-08  2.30444554e-07  1.81941421e-08 -3.51657513e-05 
 1.82441421e-08 -1.07831616e-07  1.82441421e-08  3.52719712e-05 
 1.82941421e-08  2.26984138e-07  1.82941421e-08 -3.53376975e-05 
 1.83441421e-08 -1.04412053e-07  1.83441421e-08  3.54350999e-05 
 1.83941421e-08  2.23600342e-07  1.83941421e-08 -3.54922506e-05 
 1.84441421e-08 -1.01068223e-07  1.84441421e-08  3.55811964e-05 
 1.84941421e-08  2.20291465e-07  1.84941421e-08 -3.56301243e-05 
 1.85441421e-08 -9.77984502e-08  1.85441421e-08  3.57109603e-05 
 1.85941421e-08  2.17055860e-07  1.85941421e-08 -3.57520044e-05 
 1.86441421e-08 -9.46010968e-08  1.86441421e-08  3.58250635e-05 
 1.86941421e-08  2.13891901e-07  1.86941421e-08 -3.58585495e-05 
 1.87441421e-08 -9.14745557e-08  1.87441421e-08  3.59241519e-05 
 1.87941421e-08  2.10797993e-07  1.87941421e-08 -3.59503925e-05 
 1.88441421e-08 -8.84172462e-08  1.88441421e-08  3.60088455e-05 
 1.88941421e-08  2.07772567e-07  1.88941421e-08 -3.60281414e-05 
 1.89441421e-08 -8.54276110e-08  1.89441421e-08  3.60797404e-05 
 1.89941421e-08  2.04814090e-07  1.89941421e-08 -3.60923802e-05 
 1.90441421e-08 -8.25041477e-08  1.90441421e-08  3.61374089e-05 
 1.90941421e-08  2.01921068e-07  1.90941421e-08 -3.61436699e-05 
 1.91441421e-08 -7.96453562e-08  1.91441421e-08  3.61824009e-05 
 1.91941421e-08  1.99092016e-07  1.91941421e-08 -3.61825496e-05 
 1.92441421e-08 -7.68497907e-08  1.92441421e-08  3.62152448e-05 
 1.92941421e-08  1.96325505e-07  1.92941421e-08 -3.62095370e-05 
 1.93441421e-08 -7.41160283e-08  1.93441421e-08  3.62364481e-05 
 1.93941421e-08  1.93620128e-07  1.93941421e-08 -3.62251296e-05 
 1.94441421e-08 -7.14426793e-08  1.94441421e-08  3.62464983e-05 
 1.94941421e-08  1.90974510e-07  1.94941421e-08 -3.62298054e-05 
 1.95441421e-08 -6.88283745e-08  1.95441421e-08  3.62458640e-05 
 1.95941421e-08  1.88387294e-07  1.95941421e-08 -3.62240236e-05 
 1.96441421e-08 -6.62717914e-08  1.96441421e-08  3.62349952e-05 
 1.96941421e-08  1.85857169e-07  1.96941421e-08 -3.62082253e-05 
 1.97441421e-08 -6.37716184e-08  1.97441421e-08  3.62143244e-05 
 1.97941421e-08  1.83382847e-07  1.97941421e-08 -3.61828345e-05 
 1.98441421e-08 -6.13265911e-08  1.98441421e-08  3.61842672e-05 
 1.98941421e-08  1.80963064e-07  1.98941421e-08 -3.61482586e-05 
 1.99441421e-08 -5.89354507e-08  1.99441421e-08  3.61452229e-05 
 1.99720711e-08  1.77676300e-07  1.99720711e-08 -3.60854397e-05 
 2.00000000e-08 -5.47842682e-08  2.00000000e-08  3.60540877e-05 
 2.00050000e-08  3.81944154e-04  2.00050000e-08  4.66198704e-03 
 2.00150000e-08  1.99630561e-04  2.00150000e-08  4.57000920e-03 
 2.00350000e-08 -9.47791406e-05  2.00350000e-08  3.12939570e-04 
 2.00750000e-08  1.33878188e-04  2.00750000e-08  7.41042755e-04 
 2.01250000e-08 -6.87306071e-05  2.01250000e-08  1.14826762e-04 
 2.01625000e-08 -1.99644957e-05  2.01625000e-08  8.51243197e-04 
 2.02000000e-08  3.08596327e-05  2.02000000e-08 -5.61393297e-03 
 2.02050000e-08 -3.65263182e-04  2.02050000e-08 -3.32799543e-03 
 2.02150000e-08 -3.30521309e-04  2.02150000e-08 -1.30692455e-03 
 2.02350000e-08  1.29406303e-04  2.02350000e-08 -7.66897404e-04 
 2.02632242e-08 -7.15021778e-05  2.02632242e-08 -6.46664541e-04 
 2.02965568e-08  4.78669144e-05  2.02965568e-08 -2.43480615e-04 
 2.03339790e-08 -3.74401108e-05  2.03339790e-08  1.84732868e-04 
 2.03839790e-08  3.13176995e-05  2.03839790e-08  1.01484024e-04 
 2.04303914e-08 -2.64520986e-05  2.04303914e-08 -8.20212543e-05 
 2.04803914e-08  2.29919522e-05  2.04803914e-08  4.88709850e-05 
 2.05303914e-08 -1.99830490e-05  2.05303914e-08 -4.60840408e-05 
 2.05803914e-08  1.76861084e-05  2.05803914e-08  3.37282841e-05 
 2.06303914e-08 -1.55180575e-05  2.06303914e-08 -3.01632368e-05 
 2.06803914e-08  1.38754656e-05  2.06803914e-08  2.31143028e-05 
 2.07303914e-08 -1.22234108e-05  2.07303914e-08 -1.90164929e-05 
 2.07803914e-08  1.09989841e-05  2.07803914e-08  1.39237639e-05 
 2.08303914e-08 -9.69121520e-06  2.08303914e-08 -9.97741655e-06 
 2.08803914e-08  8.75677897e-06  2.08803914e-08  5.92115932e-06 
 2.09303914e-08 -7.69606606e-06  2.09303914e-08 -2.42945428e-06 
 2.09803914e-08  6.97539431e-06  2.09803914e-08 -8.79336654e-07 
 2.10303914e-08 -6.10102892e-06  2.10303914e-08  3.83013467e-06 
 2.10803914e-08  5.54449416e-06  2.10803914e-08 -6.51696947e-06 
 2.11303914e-08 -4.81532449e-06  2.11303914e-08  8.93511269e-06 
 2.11803914e-08  4.38810703e-06  2.11803914e-08 -1.10842305e-05 
 2.12303914e-08 -3.77435953e-06  2.12303914e-08  1.30175851e-05 
 2.12803914e-08  3.45062559e-06  2.12803914e-08 -1.47033032e-05 
 2.13303914e-08 -2.92973370e-06  2.13303914e-08  1.62138339e-05 
 2.13803914e-08  2.68957096e-06  2.13803914e-08 -1.75058633e-05 
 2.14303914e-08 -2.24389831e-06  2.14303914e-08  1.86573915e-05 
 2.14803914e-08  2.07157962e-06  2.14803914e-08 -1.96199969e-05 
 2.15303914e-08 -1.68707690e-06  2.15303914e-08  2.04723640e-05 
 2.15803914e-08  1.56999388e-06  2.15803914e-08 -2.11629852e-05 
 2.16303914e-08 -1.23533978e-06  2.16303914e-08  2.17695109e-05 
 2.16803914e-08  1.16329442e-06  2.16803914e-08 -2.22380834e-05 
 2.17303914e-08 -8.69304174e-07  2.17303914e-08  2.26447775e-05 
 2.17803914e-08  8.34005533e-07  2.17803914e-08 -2.29337666e-05 
 2.18303914e-08 -5.73198947e-07  2.18303914e-08  2.31794669e-05 
 2.18803914e-08  5.67886919e-07  2.18803914e-08 -2.33243751e-05 
 2.19303914e-08 -3.34158948e-07  2.19303914e-08  2.34413478e-05 
 2.19803914e-08  3.53312959e-07  2.19803914e-08 -2.34714691e-05 
 2.20303914e-08 -1.41675401e-07  2.20303914e-08  2.34862030e-05 
 2.20803914e-08  1.80783682e-07  2.20803914e-08 -2.34254645e-05 
 2.21303914e-08  1.28411244e-08  2.21303914e-08  2.33595096e-05 
 2.21803914e-08  4.25330205e-08  2.21803914e-08 -2.32273029e-05 
 2.22303914e-08  1.36412774e-07  2.22303914e-08  2.30980710e-05 
 2.22803914e-08 -6.77880333e-08  2.22803914e-08 -2.29100184e-05 
 2.23303914e-08  2.34779996e-07  2.23303914e-08  2.27315054e-05 
 2.23803914e-08 -1.55369140e-07  2.23803914e-08 -2.25001378e-05 
 2.24303914e-08  3.12634425e-07  2.24303914e-08  2.22835524e-05 
 2.24803914e-08 -2.24451129e-07  2.24803914e-08 -2.20188905e-05 
 2.25303914e-08  3.73809191e-07  2.25303914e-08  2.17731878e-05 
 2.25803914e-08 -2.78498161e-07  2.25803914e-08 -2.14832303e-05 
 2.26303914e-08  4.21434775e-07  2.26303914e-08  2.12155561e-05 
 2.26803914e-08 -3.20338725e-07  2.26803914e-08 -2.09066831e-05 
 2.27303914e-08  4.58066596e-07  2.27303914e-08  2.06227386e-05 
 2.27803914e-08 -3.52281178e-07  2.27803914e-08 -2.03000414e-05 
 2.28303914e-08  4.85789628e-07  2.28303914e-08  2.00043790e-05 
 2.28803914e-08 -3.76208431e-07  2.28803914e-08 -1.96719257e-05 
 2.29303914e-08  5.06304135e-07  2.29303914e-08  1.93681875e-05 
 2.29803914e-08 -3.93655538e-07  2.29803914e-08 -1.90292357e-05 
 2.30303914e-08  5.20995834e-07  2.30303914e-08  1.87203434e-05 
 2.30803914e-08 -4.05873207e-07  2.30803914e-08 -1.83775104e-05 
 2.31303914e-08  5.30993466e-07  2.31303914e-08  1.80658158e-05 
 2.31803914e-08 -4.13879922e-07  2.31803914e-08 -1.77212121e-05 
 2.32303914e-08  5.37215886e-07  2.32303914e-08  1.74086162e-05 
 2.32803914e-08 -4.18504505e-07  2.32803914e-08 -1.70639511e-05 
 2.33303914e-08  5.40410595e-07  2.33303914e-08  1.67519978e-05 
 2.33803914e-08 -4.20420995e-07  2.33803914e-08 -1.64086622e-05 
 2.34303914e-08  5.41185310e-07  2.34303914e-08  1.60986110e-05 
 2.34803914e-08 -4.20177183e-07  2.34803914e-08 -1.57577422e-05 
 2.35303914e-08  5.40033727e-07  2.35303914e-08  1.54506255e-05 
 2.35803914e-08 -4.18217914e-07  2.35803914e-08 -1.51131575e-05 
 2.36303914e-08  5.37356577e-07  2.36303914e-08  1.48098254e-05 
 2.36803914e-08 -4.14904114e-07  2.36803914e-08 -1.44765283e-05 
 2.37303914e-08  5.33478873e-07  2.37303914e-08  1.41776832e-05 
 2.37803914e-08 -4.10528367e-07  2.37803914e-08 -1.38491941e-05 
 2.38303914e-08  5.28663957e-07  2.38303914e-08  1.35554175e-05 
 2.38803914e-08 -4.05327645e-07  2.38803914e-08 -1.32322640e-05 
 2.39303914e-08  5.23125011e-07  2.39303914e-08  1.29440383e-05 
 2.39803914e-08 -3.99493633e-07  2.39803914e-08 -1.26266577e-05 
 2.40303914e-08  5.17034311e-07  2.40303914e-08  1.23443820e-05 
 2.40803914e-08 -3.93181143e-07  2.40803914e-08 -1.20331357e-05 
 2.41303914e-08  5.10530963e-07  2.41303914e-08  1.17571396e-05 
 2.41803914e-08 -3.86515097e-07  2.41803914e-08 -1.14523247e-05 
 2.42303914e-08  5.03727087e-07  2.42303914e-08  1.11828784e-05 
 2.42803914e-08 -3.79596081e-07  2.42803914e-08 -1.08847372e-05 
 2.43303914e-08  4.96712863e-07  2.43303914e-08  1.06220596e-05 
 2.43803914e-08 -3.72504901e-07  2.43803914e-08 -1.03307869e-05 
 2.44303914e-08  4.89560674e-07  2.44303914e-08  1.00750525e-05 
 2.44803914e-08 -3.65306342e-07  2.44803914e-08 -9.79080179e-06 
 2.45303914e-08  4.82328448e-07  2.45303914e-08  9.54214611e-06 
 2.45803914e-08 -3.58052171e-07  2.45803914e-08 -9.26503436e-06 
 2.46303914e-08  4.75062418e-07  2.46303914e-08  9.02355874e-06 
 2.46803914e-08 -3.50783629e-07  2.46803914e-08 -8.75367062e-06 
 2.47303914e-08  4.67799329e-07  2.47303914e-08  8.51944582e-06 
 2.47803914e-08 -3.43533404e-07  2.47803914e-08 -8.25683732e-06 
 2.48303914e-08  4.60568202e-07  2.48303914e-08  8.02990688e-06 
 2.48803914e-08 -3.36327249e-07  2.48803914e-08 -7.77460834e-06 
 2.49303914e-08  4.53391879e-07  2.49303914e-08  7.55499142e-06 
 2.49803914e-08 -3.29185374e-07  2.49803914e-08 -7.30701021e-06 
 2.50303914e-08  4.46288180e-07  2.50303914e-08  7.09470411e-06 
 2.50803914e-08 -3.22123418e-07  2.50803914e-08 -6.85402689e-06 
 2.51303914e-08  4.39270809e-07  2.51303914e-08  6.64900928e-06 
 2.51803914e-08 -3.15153410e-07  2.51803914e-08 -6.41560423e-06 
 2.52303914e-08  4.32350254e-07  2.52303914e-08  6.21783516e-06 
 2.52803914e-08 -3.08284409e-07  2.52803914e-08 -5.99165381e-06 
 2.53303914e-08  4.25534328e-07  2.53303914e-08  5.80107754e-06 
 2.53803914e-08 -3.01523128e-07  2.53803914e-08 -5.58205648e-06 
 2.54303914e-08  4.18828754e-07  2.54303914e-08  5.39860311e-06 
 2.54803914e-08 -2.94874399e-07  2.54803914e-08 -5.18666572e-06 
 2.55303914e-08  4.12237538e-07  2.55303914e-08  5.01025275e-06 
 2.55803914e-08 -2.88341489e-07  2.55803914e-08 -4.80531045e-06 
 2.56303914e-08  4.05763313e-07  2.56303914e-08  4.63584417e-06 
 2.56803914e-08 -2.81926468e-07  2.56803914e-08 -4.43779796e-06 
 2.57303914e-08  3.99407637e-07  2.57303914e-08  4.27517477e-06 
 2.57803914e-08 -2.75630427e-07  2.57803914e-08 -4.08391636e-06 
 2.58303914e-08  3.93171194e-07  2.58303914e-08  3.92802395e-06 
 2.58803914e-08 -2.69453712e-07  2.58803914e-08 -3.74343695e-06 
 2.59303914e-08  3.87054008e-07  2.59303914e-08  3.59415543e-06 
 2.59803914e-08 -2.63396020e-07  2.59803914e-08 -3.41611642e-06 
 2.60303914e-08  3.81055504e-07  2.60303914e-08  3.27331935e-06 
 2.60803914e-08 -2.57456593e-07  2.60803914e-08 -3.10169888e-06 
 2.61303914e-08  3.75174754e-07  2.61303914e-08  2.96525422e-06 
 2.61803914e-08 -2.51634292e-07  2.61803914e-08 -2.79991771e-06 
 2.62303914e-08  3.69410449e-07  2.62303914e-08  2.66968870e-06 
 2.62803914e-08 -2.45927696e-07  2.62803914e-08 -2.51049727e-06 
 2.63303914e-08  3.63761032e-07  2.63303914e-08  2.38634326e-06 
 2.63803914e-08 -2.40335139e-07  2.63803914e-08 -2.23315456e-06 
 2.64303914e-08  3.58224800e-07  2.64303914e-08  2.11493172e-06 
 2.64803914e-08 -2.34854852e-07  2.64803914e-08 -1.96760057e-06 
 2.65303914e-08  3.52799870e-07  2.65303914e-08  1.85516262e-06 
 2.65803914e-08 -2.29484875e-07  2.65803914e-08 -1.71354173e-06 
 2.66303914e-08  3.47484255e-07  2.66303914e-08  1.60674057e-06 
 2.66803914e-08 -2.24223198e-07  2.66803914e-08 -1.47068113e-06 
 2.67303914e-08  3.42275911e-07  2.67303914e-08  1.36936734e-06 
 2.67803914e-08 -2.19067734e-07  2.67803914e-08 -1.23871952e-06 
 2.68303914e-08  3.37172724e-07  2.68303914e-08  1.14274303e-06 
 2.68803914e-08 -2.14016390e-07  2.68803914e-08 -1.01735657e-06 
 2.69303914e-08  3.32172601e-07  2.69303914e-08  9.26566983e-07 
 2.69803914e-08 -2.09067039e-07  2.69803914e-08 -8.06291545e-07 
 2.70303914e-08  3.27273407e-07  2.70303914e-08  7.20538674e-07 
 2.70803914e-08 -2.04217539e-07  2.70803914e-08 -6.05224320e-07 
 2.71303914e-08  3.22473007e-07  2.71303914e-08  5.24358542e-07 
 2.71803914e-08 -1.99465789e-07  2.71803914e-08 -4.13856105e-07 
 2.72303914e-08  3.17769301e-07  2.72303914e-08  3.37728697e-07 
 2.72803914e-08 -1.94809670e-07  2.72803914e-08 -2.31890075e-07 
 2.73303914e-08  3.13160190e-07  2.73303914e-08  1.60353581e-07 
 2.73803914e-08 -1.90247121e-07  2.73803914e-08 -5.90320414e-08 
 2.74303914e-08  3.08643629e-07  2.74303914e-08 -8.05951592e-09 
 2.74803914e-08 -1.85776094e-07  2.74803914e-08  1.05009029e-07 
 2.75303914e-08  3.04217564e-07  2.75303914e-08 -1.67799833e-07 
 2.75803914e-08 -1.81394562e-07  2.75803914e-08  2.60520523e-07 
 2.76303914e-08  2.99880010e-07  2.76303914e-08 -3.19152787e-07 
 2.76803914e-08 -1.77100559e-07  2.76803914e-08  4.07785764e-07 
 2.77303914e-08  2.95629004e-07  2.77303914e-08 -4.62399533e-07 
 2.77803914e-08 -1.72892128e-07  2.77803914e-08  5.47083652e-07 
 2.78303914e-08  2.91462633e-07  2.78303914e-08 -5.97816605e-07 
 2.78803914e-08 -1.68767399e-07  2.78803914e-08  6.78688259e-07 
 2.79303914e-08  2.87379019e-07  2.79303914e-08 -7.25675605e-07 
 2.79803914e-08 -1.64724487e-07  2.79803914e-08  8.02868711e-07 
 2.80303914e-08  2.83376302e-07  2.80303914e-08 -8.46243044e-07 
 2.80803914e-08 -1.60761573e-07  2.80803914e-08  9.19888794e-07 
 2.81303914e-08  2.79452702e-07  2.81303914e-08 -9.59779985e-07 
 2.81803914e-08 -1.56876897e-07  2.81803914e-08  1.03000682e-06 
 2.82303914e-08  2.75606463e-07  2.82303914e-08 -1.06654196e-06 
 2.82803914e-08 -1.53068715e-07  2.82803914e-08  1.13347551e-06 
 2.83303914e-08  2.71835870e-07  2.83303914e-08 -1.16677877e-06 
 2.83803914e-08 -1.49335331e-07  2.83803914e-08  1.23054175e-06 
 2.84303914e-08  2.68139239e-07  2.84303914e-08 -1.26073444e-06 
 2.84803914e-08 -1.45675094e-07  2.84803914e-08  1.32144661e-06 
 2.85303914e-08  2.64514947e-07  2.85303914e-08 -1.34864703e-06 
 2.85803914e-08 -1.42086381e-07  2.85803914e-08  1.40642520e-06 
 2.86303914e-08  2.60961388e-07  2.86303914e-08 -1.43074868e-06 
 2.86803914e-08 -1.38567640e-07  2.86803914e-08  1.48570662e-06 
 2.87303914e-08  2.57477026e-07  2.87303914e-08 -1.50726546e-06 
 2.87803914e-08 -1.35117312e-07  2.87803914e-08  1.55951396e-06 
 2.88303914e-08  2.54060322e-07  2.88303914e-08 -1.57841747e-06 
 2.88803914e-08 -1.31733895e-07  2.88803914e-08  1.62806426e-06 
 2.89303914e-08  2.50709797e-07  2.89303914e-08 -1.64441870e-06 
 2.89803914e-08 -1.28415942e-07  2.89803914e-08  1.69156856e-06 
 2.90303914e-08  2.47424018e-07  2.90303914e-08 -1.70547720e-06 
 2.90803914e-08 -1.25162026e-07  2.90803914e-08  1.75023185e-06 
 2.91303914e-08  2.44201586e-07  2.91303914e-08 -1.76179498e-06 
 2.91803914e-08 -1.21970757e-07  2.91803914e-08  1.80425322e-06 
 2.92303914e-08  2.41041112e-07  2.92303914e-08 -1.81356815e-06 
 2.92803914e-08 -1.18840776e-07  2.92803914e-08  1.85382578e-06 
 2.93303914e-08  2.37941259e-07  2.93303914e-08 -1.86098688e-06 
 2.93803914e-08 -1.15770758e-07  2.93803914e-08  1.89913681e-06 
 2.94303914e-08  2.34900718e-07  2.94303914e-08 -1.90423555e-06 
 2.94803914e-08 -1.12759409e-07  2.94803914e-08  1.94036782e-06 
 2.95303914e-08  2.31918214e-07  2.95303914e-08 -1.94349284e-06 
 2.95803914e-08 -1.09805462e-07  2.95803914e-08  1.97769461e-06 
 2.96303914e-08  2.28992500e-07  2.96303914e-08 -1.97893169e-06 
 2.96803914e-08 -1.06907709e-07  2.96803914e-08  2.01128735e-06 
 2.97303914e-08  2.26122386e-07  2.97303914e-08 -2.01071951e-06 
 2.97803914e-08 -1.04064961e-07  2.97803914e-08  2.04131071e-06 
 2.98303914e-08  2.23306670e-07  2.98303914e-08 -2.03901825e-06 
 2.98803914e-08 -1.01276009e-07  2.98803914e-08  2.06792394e-06 
 2.99303914e-08  2.20544183e-07  2.99303914e-08 -2.06398449e-06 
 2.99651957e-08 -9.79492851e-08  2.99651957e-08  2.09596376e-06 
 3.00000000e-08  2.16666504e-07  3.00000000e-08 -2.09432544e-06 
 3.00050000e-08 -3.08081357e-04  3.00050000e-08 -1.27798827e-03 
 3.00150000e-08 -2.39673581e-04  3.00150000e-08 -1.07253060e-03 
 3.00350000e-08  4.10577784e-05  3.00350000e-08 -7.48525961e-04 
 3.00750000e-08 -7.67749301e-05  3.00750000e-08 -4.79608201e-03 
 3.01250000e-08  3.24550403e-05  3.01250000e-08  3.69317196e-03 
 3.01625000e-08  7.29742446e-05  3.01625000e-08 -1.71480785e-03 
 3.02000000e-08 -6.10157118e-05  3.02000000e-08  1.77954087e-03 
 3.02050000e-08  4.02896891e-04  3.02050000e-08  5.26281778e-03 
 3.02150000e-08  3.34673867e-04  3.02150000e-08  4.35641714e-03 
 3.02350000e-08 -2.18511525e-04  3.02350000e-08  2.62340942e-05 
 3.02672482e-08  1.13399092e-04  3.02672482e-08  6.36363988e-04 
 3.03026059e-08 -5.01533623e-05  3.03026059e-08  2.01029762e-04 
 3.03441698e-08  2.19852351e-05  3.03441698e-08 -3.71429185e-04 
 3.03941698e-08 -9.09583519e-06  3.03941698e-08  1.39918160e-04 
 3.04441698e-08  2.81728126e-06  3.04441698e-08 -7.48790944e-05 
 3.04941698e-08 -3.37812249e-07  3.04941698e-08  7.64301346e-05 
 3.05441698e-08  5.18057329e-07  3.05441698e-08 -7.17713777e-05 
 3.05941698e-08 -1.76493173e-06  3.05941698e-08  7.46561231e-05 
 3.06441698e-08  3.83642378e-06  3.06441698e-08 -7.57902325e-05 
 3.06941698e-08 -5.79193367e-06  3.06941698e-08  7.78368575e-05 
 3.07441698e-08  7.84702300e-06  3.07441698e-08 -7.93146591e-05 
 3.07941698e-08 -9.37228523e-06  3.07941698e-08  8.07549831e-05 
 3.08441698e-08  1.07963117e-05  3.08441698e-08 -8.18206618e-05 
 3.08941698e-08 -1.16182539e-05  3.08941698e-08  8.27126043e-05 
 3.09441698e-08  1.23510588e-05  3.09441698e-08 -8.32835857e-05 
 3.09941698e-08 -1.25404011e-05  3.09941698e-08  8.36824973e-05 
 3.10441698e-08  1.27210523e-05  3.10441698e-08 -8.37991696e-05 
 3.10941698e-08 -1.24484935e-05  3.10941698e-08  8.37731129e-05 
 3.11441698e-08  1.22545499e-05  3.11441698e-08 -8.35013133e-05 
 3.11941698e-08 -1.16903202e-05  3.11941698e-08  8.31177410e-05 
 3.12441698e-08  1.12768982e-05  3.12441698e-08 -8.25210510e-05 
 3.12941698e-08 -1.05569075e-05  3.12941698e-08  8.18400704e-05 
 3.13441698e-08  1.00401689e-05  3.13441698e-08 -8.09742874e-05 
 3.13941698e-08 -9.26091421e-06  3.13941698e-08  8.00477165e-05 
 3.14441698e-08  8.71968455e-06  3.14441698e-08 -7.89607593e-05 
 3.14941698e-08 -7.94384743e-06  3.14941698e-08  7.78330287e-05 
 3.15441698e-08  7.42713141e-06  3.15441698e-08 -7.65660340e-05 
 3.15941698e-08 -6.69182068e-06  3.15941698e-08  7.52753838e-05 
 3.16441698e-08  6.22699611e-06  3.16441698e-08 -7.38638335e-05 
 3.16941698e-08 -5.55142919e-06  3.16941698e-08  7.24433361e-05 
 3.17441698e-08  5.15121413e-06  3.17441698e-08 -7.09179568e-05 
 3.17941698e-08 -4.54283870e-06  3.17941698e-08  6.93962979e-05 
 3.18441698e-08  4.21059228e-06  3.18441698e-08 -6.77837386e-05 
 3.18941698e-08 -3.66957449e-06  3.18941698e-08  6.61858034e-05 
 3.19441698e-08  3.40306799e-06  3.19441698e-08 -6.45091512e-05 
 3.19941698e-08 -2.92540387e-06  3.19941698e-08  6.28564788e-05 
 3.20441698e-08  2.71937379e-06  3.20441698e-08 -6.11356681e-05 
 3.20941698e-08 -2.29895005e-06  3.20941698e-08  5.94468228e-05 
 3.21441698e-08  2.14675196e-06  3.21441698e-08 -5.76989786e-05 
 3.21941698e-08 -1.77665176e-06  3.21941698e-08  5.59898687e-05 
 3.22441698e-08  1.67128265e-06  3.22441698e-08 -5.42296084e-05 
 3.22941698e-08 -1.34457125e-06  3.22941698e-08  5.25137712e-05 
 3.23441698e-08  1.27926481e-06  3.23441698e-08 -5.07534775e-05 
 3.23941698e-08 -9.89429222e-07  3.23941698e-08  4.90423407e-05 
 3.24441698e-08  9.57971929e-07  3.24441698e-08 -4.72924132e-05 
 3.24941698e-08 -6.99138278e-07  3.24941698e-08  4.55955358e-05 
 3.25441698e-08  6.96009307e-07  3.25441698e-08 -4.38646233e-05 
 3.25941698e-08 -4.63022380e-07  3.25941698e-08  4.21899184e-05 
 3.26441698e-08  4.83426836e-07  3.26441698e-08 -4.04851334e-05 
 3.26941698e-08 -2.71848425e-07  3.26941698e-08  3.88390739e-05 
 3.27441698e-08  3.11689644e-07  3.27441698e-08 -3.71661888e-05 
 3.27941698e-08 -1.17752231e-07  3.27941698e-08  3.55539947e-05 
 3.28441698e-08  1.73572407e-07  3.28441698e-08 -3.39176207e-05 
 3.28941698e-08  5.88856501e-09  3.28941698e-08  3.23434291e-05 
 3.29441698e-08  6.30187208e-08  3.29441698e-08 -3.07471769e-05 
 3.29941698e-08  1.04602611e-07  3.29941698e-08  2.92141941e-05 
 3.30441698e-08 -2.50096980e-08  3.30441698e-08 -2.76608182e-05 
 3.30941698e-08  1.82974796e-07  3.30941698e-08  2.61714560e-05 
 3.31441698e-08 -9.46796033e-08  3.31441698e-08 -2.46629821e-05 
 3.31941698e-08  2.44787688e-07  3.31941698e-08  2.32189778e-05 
 3.32441698e-08 -1.49421217e-07  3.32441698e-08 -2.17568150e-05 
 3.32941698e-08  2.93149285e-07  3.32941698e-08  2.03593367e-05 
 3.33441698e-08 -1.92048213e-07  3.33441698e-08 -1.89443759e-05 
 3.33941698e-08  3.30605078e-07  3.33941698e-08  1.75941142e-05 
 3.34441698e-08 -2.24861966e-07  3.34441698e-08 -1.62268134e-05 
 3.34941698e-08  3.59234602e-07  3.34941698e-08  1.49240612e-05 
 3.35441698e-08 -2.49740532e-07  3.35441698e-08 -1.36045188e-05 
 3.35941698e-08  3.80733230e-07  3.35941698e-08  1.23492399e-05 
 3.36441698e-08 -2.68213733e-07  3.36441698e-08 -1.10772583e-05 
 3.36941698e-08  3.96480911e-07  3.36941698e-08  9.86914595e-06 
 3.37441698e-08 -2.81525873e-07  3.37441698e-08 -8.64428577e-06 
 3.37941698e-08  4.07599334e-07  3.37941698e-08  7.48281319e-06 
 3.38441698e-08 -2.90687841e-07  3.38441698e-08 -6.30443908e-06 
 3.38941698e-08  4.14999305e-07  3.38941698e-08  5.18890206e-06 
 3.39441698e-08 -2.96520050e-07  3.39441698e-08 -4.05622197e-06 
 3.39941698e-08  4.19419691e-07  3.39941698e-08  2.98577505e-06 
 3.40441698e-08 -2.99687801e-07  3.40441698e-08 -1.89787322e-06 
 3.40941698e-08  4.21459423e-07  3.40941698e-08  8.71560213e-07 
 3.41441698e-08 -3.00730168e-07  3.41441698e-08  1.72574972e-07 
 3.41941698e-08  4.21603638e-07  3.41941698e-08 -1.15579531e-06 
 3.42441698e-08 -3.00083686e-07  3.42441698e-08  2.15724802e-06 
 3.42941698e-08  4.20245079e-07  3.42941698e-08 -3.09848048e-06 
 3.43441698e-08 -2.98101621e-07  3.43441698e-08  4.05838790e-06 
 3.43941698e-08  4.17701440e-07  3.43941698e-08 -4.95878284e-06 
 3.44441698e-08 -2.95069653e-07  3.44441698e-08  5.87831896e-06 
 3.44941698e-08  4.14229583e-07  3.44941698e-08 -6.73905739e-06 
 3.45441698e-08 -2.91218672e-07  3.45441698e-08  7.61941947e-06 
 3.45941698e-08  4.10036994e-07  3.45941698e-08 -8.44170063e-06 
 3.46441698e-08 -2.86735105e-07  3.46441698e-08  9.28409809e-06 
 3.46941698e-08  4.05291158e-07  3.46941698e-08 -1.00691293e-05 
 3.47441698e-08 -2.81769398e-07  3.47441698e-08  1.08747745e-05 
 3.47941698e-08  4.00127167e-07  3.47941698e-08 -1.16237626e-05 
 3.48441698e-08 -2.76442798e-07  3.48441698e-08  1.23938634e-05 
 3.48941698e-08  3.94653820e-07  3.48941698e-08 -1.31080082e-05 
 3.49441698e-08 -2.70852921e-07  3.49441698e-08  1.38437619e-05 
 3.49941698e-08  3.88958639e-07  3.49941698e-08 -1.45242502e-05 
 3.50441698e-08 -2.65078212e-07  3.50441698e-08  1.52268385e-05 
 3.50941698e-08  3.83111929e-07  3.50941698e-08 -1.58748400e-05 
 3.51441698e-08 -2.59181646e-07  3.51441698e-08  1.65454250e-05 
 3.51941698e-08  3.77170047e-07  3.51941698e-08 -1.71620886e-05 
 3.52441698e-08 -2.53213625e-07  3.52441698e-08  1.78018100e-05 
 3.52941698e-08  3.71178042e-07  3.52941698e-08 -1.83882610e-05 
 3.53441698e-08 -2.47214392e-07  3.53441698e-08  1.89982334e-05 
 3.53941698e-08  3.65171825e-07  3.53941698e-08 -1.95555712e-05 
 3.54441698e-08 -2.41215964e-07  3.54441698e-08  2.01368822e-05 
 3.54941698e-08  3.59179912e-07  3.54941698e-08 -2.06661790e-05 
 3.55441698e-08 -2.35243710e-07  3.55441698e-08  2.12198883e-05 
 3.55941698e-08  3.53224849e-07  3.55941698e-08 -2.17221875e-05 
 3.56441698e-08 -2.29317634e-07  3.56441698e-08  2.22493254e-05 
 3.56941698e-08  3.47324326e-07  3.56941698e-08 -2.27256413e-05 
 3.57441698e-08 -2.23453367e-07  3.57441698e-08  2.32272083e-05 
 3.57941698e-08  3.41492142e-07  3.57941698e-08 -2.36785250e-05 
 3.58441698e-08 -2.17663043e-07  3.58441698e-08  2.41554915e-05 
 3.58941698e-08  3.35738932e-07  3.58941698e-08 -2.45827632e-05 
 3.59441698e-08 -2.11955967e-07  3.59441698e-08  2.50360694e-05 
 3.59941698e-08  3.30072785e-07  3.59941698e-08 -2.54402199e-05 
 3.60441698e-08 -2.06339131e-07  3.60441698e-08  2.58707757e-05 
 3.60941698e-08  3.24499732e-07  3.60941698e-08 -2.62526989e-05 
 3.61441698e-08 -2.00817717e-07  3.61441698e-08  2.66613842e-05 
 3.61941698e-08  3.19024167e-07  3.61941698e-08 -2.70219442e-05 
 3.62441698e-08 -1.95395403e-07  3.62441698e-08  2.74096092e-05 
 3.62941698e-08  3.13649137e-07  3.62941698e-08 -2.77496407e-05 
 3.63441698e-08 -1.90074684e-07  3.63441698e-08  2.81171065e-05 
 3.63941698e-08  3.08376639e-07  3.63941698e-08 -2.84374152e-05 
 3.64441698e-08 -1.84857107e-07  3.64441698e-08  2.87854741e-05 
 3.64941698e-08  3.03207807e-07  3.64941698e-08 -2.90868374e-05 
 3.65441698e-08 -1.79743439e-07  3.65441698e-08  2.94162538e-05 
 3.65941698e-08  2.98143093e-07  3.65941698e-08 -2.96994212e-05 
 3.66441698e-08 -1.74733851e-07  3.66441698e-08  3.00109318e-05 
 3.66941698e-08  2.93182404e-07  3.66941698e-08 -3.02766259e-05 
 3.67441698e-08 -1.69828030e-07  3.67441698e-08  3.05709408e-05 
 3.67941698e-08  2.88325230e-07  3.67941698e-08 -3.08198576e-05 
 3.68441698e-08 -1.65025281e-07  3.68441698e-08  3.10976609e-05 
 3.68941698e-08  2.83570711e-07  3.68941698e-08 -3.13304708e-05 
 3.69441698e-08 -1.60324603e-07  3.69441698e-08  3.15924210e-05 
 3.69941698e-08  2.78917723e-07  3.69941698e-08 -3.18097694e-05 
 3.70441698e-08 -1.55724774e-07  3.70441698e-08  3.20565005e-05 
 3.70941698e-08  2.74364954e-07  3.70941698e-08 -3.22590087e-05 
 3.71441698e-08 -1.51224395e-07  3.71441698e-08  3.24911309e-05 
 3.71941698e-08  2.69910917e-07  3.71941698e-08 -3.26793965e-05 
 3.72441698e-08 -1.46821902e-07  3.72441698e-08  3.28974970e-05 
 3.72941698e-08  2.65554006e-07  3.72941698e-08 -3.30720949e-05 
 3.73441698e-08 -1.42515675e-07  3.73441698e-08  3.32767383e-05 
 3.73941698e-08  2.61292555e-07  3.73941698e-08 -3.34382215e-05 
 3.74441698e-08 -1.38303983e-07  3.74441698e-08  3.36299509e-05 
 3.74941698e-08  2.57124793e-07  3.74941698e-08 -3.37788512e-05 
 3.75441698e-08 -1.34185048e-07  3.75441698e-08  3.39581888e-05 
 3.75941698e-08  2.53048949e-07  3.75941698e-08 -3.40950174e-05 
 3.76441698e-08 -1.30157089e-07  3.76441698e-08  3.42624652e-05 
 3.76941698e-08  2.49063204e-07  3.76941698e-08 -3.43877135e-05 
 3.77441698e-08 -1.26218272e-07  3.77441698e-08  3.45437541e-05 
 3.77941698e-08  2.45165729e-07  3.77941698e-08 -3.46578943e-05 
 3.78441698e-08 -1.22366770e-07  3.78441698e-08  3.48029916e-05 
 3.78941698e-08  2.41354699e-07  3.78941698e-08 -3.49064775e-05 
 3.79441698e-08 -1.18600772e-07  3.79441698e-08  3.50410771e-05 
 3.79941698e-08  2.37628314e-07  3.79941698e-08 -3.51343449e-05 
 3.80441698e-08 -1.14918467e-07  3.80441698e-08  3.52588753e-05 
 3.80941698e-08  2.33984747e-07  3.80941698e-08 -3.53423440e-05 
 3.81441698e-08 -1.11318050e-07  3.81441698e-08  3.54572166e-05 
 3.81941698e-08  2.30422222e-07  3.81941698e-08 -3.55312887e-05 
 3.82441698e-08 -1.07797746e-07  3.82441698e-08  3.56368989e-05 
 3.82941698e-08  2.26938961e-07  3.82941698e-08 -3.57019613e-05 
 3.83441698e-08 -1.04355800e-07  3.83441698e-08  3.57986890e-05 
 3.83941698e-08  2.23533237e-07  3.83941698e-08 -3.58551130e-05 
 3.84441698e-08 -1.00990496e-07  3.84441698e-08  3.59433231e-05 
 3.84941698e-08  2.20203325e-07  3.84941698e-08 -3.59914656e-05 
 3.85441698e-08 -9.77001208e-08  3.85441698e-08  3.60715087e-05 
 3.85941698e-08  2.16947554e-07  3.85941698e-08 -3.61117125e-05 
 3.86441698e-08 -9.44830272e-08  3.86441698e-08  3.61839254e-05 
 3.86941698e-08  2.13764266e-07  3.86941698e-08 -3.62165197e-05 
 3.87441698e-08 -9.13375649e-08  3.87441698e-08  3.62812257e-05 
 3.87941698e-08  2.10651840e-07  3.87941698e-08 -3.63065268e-05 
 3.88441698e-08 -8.82621327e-08  3.88441698e-08  3.63640368e-05 
 3.88941698e-08  2.07608686e-07  3.88941698e-08 -3.63823482e-05 
 3.89441698e-08 -8.52551603e-08  3.89441698e-08  3.64329607e-05 
 3.89941698e-08  2.04633248e-07  3.89941698e-08 -3.64445743e-05 
 3.90441698e-08 -8.23150988e-08  3.90441698e-08  3.64885759e-05 
 3.90941698e-08  2.01723992e-07  3.90941698e-08 -3.64937719e-05 
 3.91441698e-08 -7.94404445e-08  3.91441698e-08  3.65314380e-05 
 3.91941698e-08  1.98879436e-07  3.91941698e-08 -3.65304855e-05 
 3.92441698e-08 -7.66297184e-08  3.92441698e-08  3.65620807e-05 
 3.92941698e-08  1.96098106e-07  3.92941698e-08 -3.65552382e-05 
 3.93441698e-08 -7.38814732e-08  3.93441698e-08  3.65810166e-05 
 3.93941698e-08  1.93378582e-07  3.93941698e-08 -3.65685324e-05 
 3.94441698e-08 -7.11943070e-08  3.94441698e-08  3.65887382e-05 
 3.94941698e-08  1.90719469e-07  3.94941698e-08 -3.65708509e-05 
 3.95441698e-08 -6.85668291e-08  3.95441698e-08  3.65857186e-05 
 3.95941698e-08  1.88119386e-07  3.95941698e-08 -3.65626572e-05 
 3.96441698e-08 -6.59976845e-08  3.96441698e-08  3.65724122e-05 
 3.96941698e-08  1.85577009e-07  3.96941698e-08 -3.65443969e-05 
 3.97441698e-08 -6.34855540e-08  3.97441698e-08  3.65492556e-05 
 3.97941698e-08  1.83091020e-07  3.97941698e-08 -3.65164978e-05 
 3.98441698e-08 -6.10291471e-08  3.98441698e-08  3.65166684e-05 
 3.98941698e-08  1.80660145e-07  3.98941698e-08 -3.64793712e-05 
 3.99441698e-08 -5.86272011e-08  3.99441698e-08  3.64750534e-05 
 3.99720849e-08  1.77357804e-07  3.99720849e-08 -3.64129066e-05 
 4.00000000e-08 -5.44560028e-08  4.00000000e-08  3.63791715e-05 
 4.00050000e-08  3.81944908e-04  4.00050000e-08  4.66198950e-03 
 4.00150000e-08  1.99629419e-04  4.00150000e-08  4.57000757e-03 
 4.00350000e-08 -9.47783926e-05  4.00350000e-08  3.12948651e-04 
 4.00750000e-08  1.33877624e-04  4.00750000e-08  7.41034625e-04 
 4.01250000e-08 -6.87309390e-05  4.01250000e-08  1.14821981e-04 
 4.01625000e-08 -1.99606385e-05  4.01625000e-08  8.51250495e-04 
 4.02000000e-08  3.08400690e-05  4.02000000e-08 -5.61392264e-03 
 4.02050000e-08 -3.65284844e-04  4.02050000e-08 -3.32800340e-03 
 4.02150000e-08 -3.30464932e-04  4.02150000e-08 -1.30695546e-03 
 4.02350000e-08  1.29410493e-04  4.02350000e-08 -7.66923855e-04 
 4.02632228e-08 -7.15339806e-05  4.02632228e-08 -6.46667794e-04 
 4.02965544e-08  4.78942177e-05  4.02965544e-08 -2.43464772e-04 
 4.03339772e-08 -3.74607745e-05  4.03339772e-08  1.84713062e-04 
 4.03839772e-08  3.13338165e-05  4.03839772e-08  1.01500943e-04 
 4.04303898e-08 -2.64639775e-05  4.04303898e-08 -8.20570368e-05 
 4.04803898e-08  2.30006372e-05  4.04803898e-08  4.89076560e-05 
 4.05303898e-08 -1.99891756e-05  4.05303898e-08 -4.61200848e-05 
 4.05803898e-08  1.76902394e-05  4.05803898e-08  3.37642891e-05 
 4.06303898e-08 -1.55206548e-05  4.06303898e-08 -3.01985903e-05 
 4.06803898e-08  1.38769025e-05  4.06803898e-08  2.31491976e-05 
 4.07303898e-08 -1.22239895e-05  4.07303898e-08 -1.90507377e-05 
 4.07803898e-08  1.09989379e-05  4.07803898e-08  1.39573611e-05 
 4.08303898e-08 -9.69072833e-06  4.08303898e-08 -1.00102839e-05 
 4.08803898e-08  8.75599111e-06  4.08803898e-08  5.95327922e-06 
 4.09303898e-08 -7.69508475e-06  4.09303898e-08 -2.46079435e-06 
 4.09803898e-08  6.97429954e-06  4.09803898e-08 -8.48788279e-07 
 4.10303898e-08 -6.09988062e-06  4.10303898e-08  3.80038567e-06 
 4.10803898e-08  5.54333575e-06  4.10803898e-08 -6.48802101e-06 
 4.11303898e-08 -4.81418732e-06  4.11303898e-08  8.90695872e-06 
 4.11803898e-08  4.38701282e-06  4.11803898e-08 -1.10568638e-05 
 4.12303898e-08 -3.77332294e-06  4.12303898e-08  1.29909917e-05 
 4.12803898e-08  3.44965581e-06  4.12803898e-08 -1.46774704e-05 
 4.13303898e-08 -2.92883602e-06  4.13303898e-08  1.61887435e-05 
 4.13803898e-08  2.68874764e-06  4.13803898e-08 -1.74814997e-05 
 4.14303898e-08 -2.24314956e-06  4.14303898e-08  1.86337345e-05 
 4.14803898e-08  2.07090406e-06  4.14803898e-08 -1.95970295e-05 
 4.15303898e-08 -1.68647218e-06  4.15303898e-08  2.04500656e-05 
 4.15803898e-08  1.56945689e-06  4.15803898e-08 -2.11413386e-05 
 4.16303898e-08 -1.23486707e-06  4.16303898e-08  2.17484958e-05 
 4.16803898e-08  1.16288222e-06  4.16803898e-08 -2.22176830e-05 
 4.17303898e-08 -8.68948721e-07  4.17303898e-08  2.26249723e-05 
 4.17803898e-08  8.33702961e-07  4.17803898e-08 -2.29145409e-05 
 4.18303898e-08 -5.72945607e-07  4.18303898e-08  2.31608023e-05 
 4.18803898e-08  5.67679173e-07  4.18803898e-08 -2.33062569e-05 
 4.19303898e-08 -3.33993445e-07  4.19303898e-08  2.34237589e-05 
 4.19651949e-08  3.12117409e-07  4.19651949e-08 -2.34601842e-05 
 4.20000000e-08 -6.97076138e-08  4.20000000e-08  2.34346719e-05 
 4.20050000e-08  4.99110165e-07  4.20050000e-08  1.09147874e-05 
 4.20150000e-08 -1.10836976e-06  4.20150000e-08 -1.57791856e-05 
 4.20350000e-08  9.17065828e-07  4.20350000e-08  7.98937847e-06 
 4.20750000e-08 -4.23796322e-07  4.20750000e-08 -8.59912493e-06 
 4.21250000e-08  1.86385928e-07  4.21250000e-08  1.46742936e-05 
 4.21625000e-08  8.97826339e-07  4.21625000e-08 -1.47806335e-05 
 4.22000000e-08 -2.48359108e-06  4.22000000e-08 -5.40608360e-07 
 4.22050000e-08  1.47094617e-06  4.22050000e-08  3.60640818e-06 
 4.22150000e-08  2.11790546e-06  4.22150000e-08  3.05357260e-05 
 4.22350000e-08 -2.13788918e-06  4.22350000e-08 -1.47773659e-05 
 4.22750000e-08  1.88586315e-06  4.22750000e-08  7.51350029e-06 
 4.23250000e-08 -1.49633022e-06  4.23250000e-08 -8.33841490e-06 
 4.23750000e-08  1.36478058e-06  4.23750000e-08  7.63127273e-06 
 4.24250000e-08 -1.00652777e-06  4.24250000e-08 -5.76743221e-06 
 4.24750000e-08  9.07447481e-07  4.24750000e-08  4.70342827e-06 
 4.25250000e-08 -5.87044110e-07  4.25250000e-08 -3.41356062e-06 
 4.25750000e-08  5.29251864e-07  4.25750000e-08  2.44097861e-06 
 4.26250000e-08 -2.51813433e-07  4.26250000e-08 -1.48514573e-06 
 4.26750000e-08  2.36801512e-07  4.26750000e-08  6.92620234e-07 
 4.27250000e-08 -5.77166974e-10  4.27250000e-08  3.84712146e-08 
 4.27750000e-08  2.42593738e-08  4.27750000e-08 -6.52327882e-07 
 4.28250000e-08  1.76378866e-07  4.28250000e-08  1.20916238e-06 
 4.28750000e-08 -1.20512998e-07  4.28750000e-08 -1.66927640e-06 
 4.29250000e-08  2.92458179e-07  4.29250000e-08  2.08757957e-06 
 4.29750000e-08 -2.11325776e-07  4.29750000e-08 -2.42156919e-06 
 4.30250000e-08  3.61273653e-07  4.30250000e-08  2.72933440e-06 
 4.30750000e-08 -2.61189101e-07  4.30750000e-08 -2.96459188e-06 
 4.31250000e-08  3.94976513e-07  4.31250000e-08  3.18655797e-06 
 4.31750000e-08 -2.81254335e-07  4.31750000e-08 -3.34357862e-06 
 4.32250000e-08  4.03656902e-07  4.32250000e-08  3.49801227e-06 
 4.32750000e-08 -2.80543520e-07  4.32750000e-08 -3.59478674e-06 
 4.33250000e-08  3.95302040e-07  4.33250000e-08  3.69741195e-06 
 4.33750000e-08 -2.66065408e-07  4.33750000e-08 -3.74836130e-06 
 4.34250000e-08  3.76012775e-07  4.34250000e-08  3.81170196e-06 
 4.34750000e-08 -2.43090408e-07  4.34750000e-08 -3.82817898e-06 
 4.35250000e-08  3.50308879e-07  4.35250000e-08  3.86209270e-06 
 4.35750000e-08 -2.15466297e-07  4.35750000e-08 -3.85294559e-06 
 4.36250000e-08  3.21441544e-07  4.36250000e-08  3.86510141e-06 
 4.36750000e-08 -1.85918419e-07  4.36750000e-08 -3.83715519e-06 
 4.37250000e-08  2.91675560e-07  4.37250000e-08  3.83345247e-06 
 4.37750000e-08 -1.56310730e-07  4.37750000e-08 -3.79191851e-06 
 4.38250000e-08  2.62527981e-07  4.38250000e-08  3.77684715e-06 
 4.38750000e-08 -1.27861661e-07  4.38750000e-08 -3.72566572e-06 
 4.39250000e-08  2.34961547e-07  4.39250000e-08  3.70260799e-06 
 4.39750000e-08 -1.01316295e-07  4.39750000e-08 -3.64472957e-06 
 4.40250000e-08  2.09537077e-07  4.40250000e-08  3.61620782e-06 
 4.40750000e-08 -7.70804366e-08  4.40750000e-08 -3.55382030e-06 
 4.41250000e-08  1.86530819e-07  4.41250000e-08  3.52169665e-06 
 4.41750000e-08 -5.53228559e-08  4.41750000e-08 -3.45640635e-06 
 4.42250000e-08  1.66023133e-07  4.42250000e-08  3.42204135e-06 
 4.42750000e-08 -3.60519485e-08  4.42750000e-08 -3.35501544e-06 
 4.43250000e-08  1.47964488e-07  4.43250000e-08  3.31939241e-06 
 4.43750000e-08 -1.91721548e-08  4.43750000e-08 -3.25146973e-06 
 4.44250000e-08  1.32223421e-07  4.44250000e-08  3.21529119e-06 
 4.44750000e-08 -4.52475089e-09  4.44750000e-08 -3.14706756e-06 
 4.45250000e-08  1.18621149e-07  4.45250000e-08  3.11082926e-06 
 4.45750000e-08  8.08314353e-09  4.45750000e-08 -3.04272246e-06 
 4.46250000e-08  1.06955710e-07  4.46250000e-08  3.00676944e-06 
 4.46750000e-08  1.88584342e-08  4.46750000e-08 -2.93906838e-06 
 4.47250000e-08  9.70185594e-08  4.47250000e-08  2.90363722e-06 
 4.47750000e-08  2.80086354e-08  4.47750000e-08 -2.83653853e-06 
 4.48250000e-08  8.86053856e-08  4.48250000e-08  2.80178869e-06 
 4.48750000e-08  3.57331364e-08  4.48750000e-08 -2.73542393e-06 
 4.49250000e-08  8.15230142e-08  4.49250000e-08  2.70146090e-06 
 4.49750000e-08  4.22179521e-08  4.49750000e-08 -2.63591627e-06 
 4.50250000e-08  7.55932617e-08  4.50250000e-08  2.60280830e-06 
 4.50750000e-08  4.76329706e-08  4.50750000e-08 -2.53813914e-06 
 4.51250000e-08  7.06548673e-08  4.51250000e-08  2.50592932e-06 
 4.51750000e-08  5.21306882e-08  4.51750000e-08 -2.44217023e-06 
 4.52250000e-08  6.65640179e-08  4.52250000e-08  2.41088501e-06 
 4.52750000e-08  5.58463580e-08  4.52750000e-08 -2.34805701e-06 
 4.53250000e-08  6.31939026e-08  4.53250000e-08  2.31771213e-06 
 4.53750000e-08  5.88985803e-08  4.53750000e-08 -2.25582767e-06 
 4.54250000e-08  6.04338126e-08  4.54250000e-08  2.22643221e-06 
 4.54750000e-08  6.13904826e-08  4.54750000e-08 -2.16549841e-06 
 4.55250000e-08  5.81878628e-08  4.55250000e-08  2.13705739e-06 
 4.55750000e-08  6.34110800e-08  4.55750000e-08 -2.07707825e-06 
 4.56250000e-08  5.63735625e-08  4.56250000e-08  2.04959441e-06 
 4.56750000e-08  6.50367058e-08  4.56750000e-08 -1.99057214e-06 
 4.57250000e-08  5.49203544e-08  4.57250000e-08  1.96404694e-06 
 4.57750000e-08  6.63324821e-08  4.57750000e-08 -1.90598277e-06 
 4.58250000e-08  5.37681981e-08  4.58250000e-08  1.88041691e-06 
 4.58750000e-08  6.73537176e-08  4.58750000e-08 -1.82331150e-06 
 4.59250000e-08  5.28662292e-08  4.59250000e-08  1.79870531e-06 
 4.59750000e-08  6.81471269e-08  4.59750000e-08 -1.74255889e-06 
 4.60250000e-08  5.21715448e-08  4.60250000e-08  1.71891231e-06 
 4.60750000e-08  6.87521017e-08  4.60750000e-08 -1.66372475e-06 
 4.61250000e-08  5.16480368e-08  4.61250000e-08  1.64103736e-06 
 4.61750000e-08  6.92016783e-08  4.61750000e-08 -1.58680811e-06 
 4.62250000e-08  5.12654862e-08  4.62250000e-08  1.56507901e-06 
 4.62750000e-08  6.95235234e-08  4.62750000e-08 -1.51180691e-06 
 4.63250000e-08  5.09985888e-08  4.63250000e-08  1.49103460e-06 
 4.63750000e-08  6.97407251e-08  4.63750000e-08 -1.43871793e-06 
 4.64250000e-08  5.08262777e-08  4.64250000e-08  1.41890023e-06 
 4.64750000e-08  6.98725084e-08  4.64750000e-08 -1.36753642e-06 
 4.65250000e-08  5.07310460e-08  4.65250000e-08  1.34867032e-06 
 4.65750000e-08  6.99348331e-08  4.65750000e-08 -1.29825600e-06 
 4.66250000e-08  5.06983240e-08  4.66250000e-08  1.28033760e-06 
 4.66750000e-08  6.99409454e-08  4.66750000e-08 -1.23086839e-06 
 4.67250000e-08  5.07160994e-08  4.67250000e-08  1.21389285e-06 
 4.67750000e-08  6.99017568e-08  4.67750000e-08 -1.16536346e-06 
 4.68250000e-08  5.07744324e-08  4.68250000e-08  1.14932490e-06 
 4.68750000e-08  6.98263334e-08  4.68750000e-08 -1.10172897e-06 
 4.69250000e-08  5.08651008e-08  4.69250000e-08  1.08662052e-06 
 4.69750000e-08  6.97220979e-08  4.69750000e-08 -1.03995068e-06 
 4.70250000e-08  5.09813751e-08  4.70250000e-08  1.02576445e-06 
 4.70750000e-08  6.95951784e-08  4.70750000e-08 -9.80012330e-07 
 4.71250000e-08  5.11176889e-08  4.71250000e-08  9.66739429e-07 
 4.71750000e-08  6.94505907e-08  4.71750000e-08 -9.21895640e-07 
 4.72250000e-08  5.12695161e-08  4.72250000e-08  9.09526178e-07 
 4.72750000e-08  6.92924605e-08  4.72750000e-08 -8.65580415e-07 
 4.73250000e-08  5.14331228e-08  4.73250000e-08  8.54103623e-07 
 4.73750000e-08  6.91241282e-08  4.73750000e-08 -8.11044673e-07 
 4.74250000e-08  5.16054927e-08  4.74250000e-08  8.00448893e-07 
 4.74750000e-08  6.89483495e-08  4.74750000e-08 -7.58264671e-07 
 4.75250000e-08  5.17841195e-08  4.75250000e-08  7.48537419e-07 
 4.75750000e-08  6.87673621e-08  4.75750000e-08 -7.07215085e-07 
 4.76250000e-08  5.19670157e-08  4.76250000e-08  6.98343141e-07 
 4.76750000e-08  6.85829705e-08  4.76750000e-08 -6.57869146e-07 
 4.77250000e-08  5.21525377e-08  4.77250000e-08  6.49838612e-07 
 4.77750000e-08  6.83966481e-08  4.77750000e-08 -6.10198737e-07 
 4.78250000e-08  5.23393656e-08  4.78250000e-08  6.02995093e-07 
 4.78750000e-08  6.82095808e-08  4.78750000e-08 -5.64174550e-07 
 4.79250000e-08  5.25264452e-08  4.79250000e-08  5.57782739e-07 
 4.79750000e-08  6.80226941e-08  4.79750000e-08 -5.19766212e-07 
 4.80250000e-08  5.27129368e-08  4.80250000e-08  5.14170691e-07 
 4.80750000e-08  6.78367713e-08  4.80750000e-08 -4.76942455e-07 
 4.81250000e-08  5.28981371e-08  4.81250000e-08  4.72127281e-07 
 4.81750000e-08  6.76524149e-08  4.81750000e-08 -4.35671187e-07 
 4.82250000e-08  5.30815324e-08  4.82250000e-08  4.31620047e-07 
 4.82750000e-08  6.74701100e-08  4.82750000e-08 -3.95919661e-07 
 4.83250000e-08  5.32626674e-08  4.83250000e-08  3.92615973e-07 
 4.83750000e-08  6.72902097e-08  4.83750000e-08 -3.57654589e-07 
 4.84250000e-08  5.34412504e-08  4.84250000e-08  3.55081538e-07 
 4.84750000e-08  6.71130072e-08  4.84750000e-08 -3.20842240e-07 
 4.85250000e-08  5.36170133e-08  4.85250000e-08  3.18982830e-07 
 4.85750000e-08  6.69387410e-08  4.85750000e-08 -2.85448562e-07 
 4.86250000e-08  5.37897485e-08  4.86250000e-08  2.84285661e-07 
 4.86750000e-08  6.67675609e-08  4.86750000e-08 -2.51439256e-07 
 4.87250000e-08  5.39593401e-08  4.87250000e-08  2.50955685e-07 
 4.87750000e-08  6.65995950e-08  4.87750000e-08 -2.18779936e-07 
 4.88250000e-08  5.41256578e-08  4.88250000e-08  2.18958439e-07 
 4.88750000e-08  6.64349235e-08  4.88750000e-08 -1.87436105e-07 
 4.89250000e-08  5.42886764e-08  4.89250000e-08  1.88259478e-07 
 4.89750000e-08  6.62735870e-08  4.89750000e-08 -1.57373352e-07 
 4.90250000e-08  5.44483188e-08  4.90250000e-08  1.58824405e-07 
 4.90750000e-08  6.61156316e-08  4.90750000e-08 -1.28557370e-07 
 4.91250000e-08  5.46045857e-08  4.91250000e-08  1.30619002e-07 
 4.91750000e-08  6.59610604e-08  4.91750000e-08 -1.00953982e-07 
 4.92250000e-08  5.47574685e-08  4.92250000e-08  1.03609209e-07 
 4.92750000e-08  6.58098543e-08  4.92750000e-08 -7.45293071e-08 
 4.93250000e-08  5.49069901e-08  4.93250000e-08  7.77612759e-08 
 4.93750000e-08  6.56620267e-08  4.93750000e-08 -4.92496942e-08 
 4.94250000e-08  5.50531413e-08  4.94250000e-08  5.30417133e-08 
 4.94750000e-08  6.55175238e-08  4.94750000e-08 -2.50818919e-08 
 4.95250000e-08  5.51960002e-08  4.95250000e-08  2.94174644e-08 
 4.95750000e-08  6.53763109e-08  4.95750000e-08 -1.99298346e-09 
 4.96250000e-08  5.53355791e-08  4.96250000e-08  6.85582009e-09 
 4.96750000e-08  6.52383577e-08  4.96750000e-08  2.00494840e-08 
 4.97250000e-08  5.54719139e-08  4.97250000e-08 -1.46754479e-08 
 4.97750000e-08  6.51036257e-08  4.97750000e-08  4.10775333e-08 
 4.98250000e-08  5.56050600e-08  4.98250000e-08 -3.52081178e-08 
 4.98750000e-08  6.49720373e-08  4.98750000e-08  6.11226550e-08 
 4.99250000e-08  5.57351046e-08  4.99250000e-08 -5.47734327e-08 
 4.99625000e-08  6.48224400e-08  4.99625000e-08  8.33077480e-08 
 5.00000000e-08  5.59036788e-08  5.00000000e-08 -7.94089626e-08 
 5.00050000e-08 -3.08066617e-04  5.00050000e-08 -1.27771789e-03 
 5.00150000e-08 -2.39709251e-04  5.00150000e-08 -1.07274891e-03 
 5.00350000e-08  4.10822742e-05  5.00350000e-08 -7.48606214e-04 
 5.00750000e-08 -7.67856423e-05  5.00750000e-08 -4.79596177e-03 
 5.01250000e-08  3.24172116e-05  5.01250000e-08  3.69279371e-03 
 5.01625000e-08  7.05071661e-05  5.01625000e-08 -1.73235664e-03 
 5.02000000e-08 -1.08309667e-04  5.02000000e-08  1.67271934e-03 
 5.02050000e-08  3.43993645e-04  5.02050000e-08  5.17161923e-03 
 5.02150000e-08  4.22684262e-04  5.02150000e-08  4.35886936e-03 
 5.02350000e-08  8.03889245e-04  5.02350000e-08 -4.81381029e-05 
 5.02625406e-08  1.00837933e-03  5.02625406e-08  6.64327700e-04 
 5.02930872e-08 -2.94138625e-03  5.02930872e-08  2.10376773e-03 
 5.03249667e-08  1.35119779e-03  5.03249667e-08  2.14186129e-03 
 5.03627630e-08 -3.28397366e-04  5.03627630e-08  2.98321477e-03 
 5.04037200e-08  2.14652022e-04  5.04037200e-08  1.83484307e-04 
 5.04485210e-08 -1.37889805e-04  5.04485210e-08 -7.88985541e-03 
 5.04947080e-08  1.04060889e-04  5.04947080e-08  2.94761442e-03 
 5.05447080e-08 -6.32743927e-05  5.05447080e-08 -1.95613623e-03 
 5.05947080e-08  3.47390445e-05  5.05947080e-08  1.84362974e-03 
 5.06447080e-08 -4.20389656e-06  5.06447080e-08 -1.55608054e-03 
 5.06947080e-08 -1.79559764e-05  5.06947080e-08  1.38667396e-03 
 5.07447080e-08  3.91950991e-05  5.07447080e-08 -1.21669722e-03 
 5.07947080e-08 -5.41404816e-05  5.07947080e-08  1.10093856e-03 
 5.08447080e-08  6.76566590e-05  5.08447080e-08 -9.92183668e-04 
 5.08947080e-08 -7.65280468e-05  5.08947080e-08  9.11983672e-04 
 5.09447080e-08  8.42290623e-05  5.09447080e-08 -8.37460016e-04 
 5.09947080e-08 -8.85558796e-05  5.09947080e-08  7.79631916e-04 
 5.10447080e-08  9.21320113e-05  5.10447080e-08 -7.25725033e-04 
 5.10947080e-08 -9.32734625e-05  5.10947080e-08  6.82357360e-04 
 5.11447080e-08  9.40500442e-05  5.11447080e-08 -6.41611774e-04 
 5.11947080e-08 -9.30710954e-05  5.11947080e-08  6.07915310e-04 
 5.12447080e-08  9.20307614e-05  5.12447080e-08 -5.75964102e-04 
 5.12947080e-08 -8.97197443e-05  5.12947080e-08  5.48945144e-04 
 5.13447080e-08  8.75683935e-05  5.13447080e-08 -5.23089296e-04 
 5.13947080e-08 -8.44893937e-05  5.13947080e-08  5.00813188e-04 
 5.14447080e-08  8.17223456e-05  5.14447080e-08 -4.79312929e-04 
 5.14947080e-08 -7.82681440e-05  5.14947080e-08  4.60492834e-04 
 5.15447080e-08  7.52250078e-05  5.15447080e-08 -4.42189816e-04 
 5.15947080e-08 -7.16614340e-05  5.15947080e-08  4.25949482e-04 
 5.16447080e-08  6.85686597e-05  5.16447080e-08 -4.10052922e-04 
 5.16947080e-08 -6.50693010e-05  5.16947080e-08  3.95784214e-04 
 5.17447080e-08  6.20722218e-05  5.17447080e-08 -3.81743324e-04 
 5.17947080e-08 -5.87334129e-05  5.17947080e-08  3.69022523e-04 
 5.18447080e-08  5.59427986e-05  5.18447080e-08 -3.56444424e-04 
 5.18947080e-08 -5.28291480e-05  5.18947080e-08  3.44950500e-04 
 5.19447080e-08  5.02655595e-05  5.19447080e-08 -3.33564906e-04 
 5.19947080e-08 -4.74173370e-05  5.19947080e-08  3.23080410e-04 
 5.20447080e-08  4.51032190e-05  5.20447080e-08 -3.12675968e-04 
 5.20947080e-08 -4.25280638e-05  5.20947080e-08  3.03037123e-04 
 5.21447080e-08  4.04670564e-05  5.21447080e-08 -2.93460186e-04 
 5.21947080e-08 -3.81585930e-05  5.21947080e-08  2.84543931e-04 
 5.22447080e-08  3.63424954e-05  5.22447080e-08 -2.75678002e-04 
 5.22947080e-08 -3.42858474e-05  5.22947080e-08  2.67390125e-04 
 5.23447080e-08  3.26993920e-05  5.23447080e-08 -2.59145117e-04 
 5.23947080e-08 -3.08749457e-05  5.23947080e-08  2.51411992e-04 
 5.24447080e-08  2.94990607e-05  5.24447080e-08 -2.43716785e-04 
 5.24947080e-08 -2.78850199e-05  5.24947080e-08  2.36479607e-04 
 5.25447080e-08  2.66990345e-05  5.25447080e-08 -2.29276854e-04 
 5.25947080e-08 -2.52731231e-05  5.25947080e-08  2.22487622e-04 
 5.26447080e-08  2.42562214e-05  5.26447080e-08 -2.15730110e-04 
 5.26947080e-08 -2.29967778e-05  5.26947080e-08  2.09348798e-04 
 5.27447080e-08  2.21289203e-05  5.27447080e-08 -2.02996878e-04 
 5.27947080e-08 -2.10155635e-05  5.27947080e-08  1.96989451e-04 
 5.28447080e-08  2.02780351e-05  5.28447080e-08 -1.91009225e-04 
 5.28947080e-08 -1.92920329e-05  5.28947080e-08  1.85346230e-04 
 5.29447080e-08  1.86677326e-05  5.29447080e-08 -1.79708252e-04 
 5.29947080e-08 -1.77921655e-05  5.29947080e-08  1.74363817e-04 
 5.30447080e-08  1.72657213e-05  5.30447080e-08 -1.69042158e-04 
 5.30947080e-08 -1.64855107e-05  5.30947080e-08  1.63993270e-04 
 5.31447080e-08  1.60432794e-05  5.31447080e-08 -1.58964842e-04 
 5.31947080e-08 -1.53451290e-05  5.31947080e-08  1.54190822e-04 
 5.32447080e-08  1.49751240e-05  5.32447080e-08 -1.49434877e-04 
 5.32947080e-08 -1.43474091e-05  5.32947080e-08  1.44916995e-04 
 5.33447080e-08  1.40391849e-05  5.33447080e-08 -1.40414752e-04 
 5.33947080e-08 -1.34718129e-05  5.33947080e-08  1.36135935e-04 
 5.34447080e-08  1.32163286e-05  5.34447080e-08 -1.31870292e-04 
 5.34947080e-08 -1.27005872e-05  5.34947080e-08  1.27814904e-04 
 5.35447080e-08  1.24900614e-05  5.35447080e-08 -1.23770223e-04 
 5.35947080e-08 -1.20184656e-05  5.35947080e-08  1.19923888e-04 
 5.36447080e-08  1.18462321e-05  5.36447080e-08 -1.16085814e-04 
 5.36947080e-08 -1.14123774e-05  5.36947080e-08  1.12435281e-04 
 5.37447080e-08  1.12727479e-05  5.37447080e-08 -1.08790601e-04 
 5.37947080e-08 -1.08711718e-05  5.37947080e-08  1.05323623e-04 
 5.38447080e-08  1.07593090e-05  5.38447080e-08 -1.01860150e-04 
 5.38947080e-08 -1.03853654e-05  5.38947080e-08  9.85653965e-05 
 5.39447080e-08  1.02971664e-05  5.39447080e-08 -9.52718683e-05 
 5.39947080e-08 -9.94691252e-06  5.39947080e-08  9.21388339e-05 
 5.40447080e-08  9.87890593e-06  5.40447080e-08 -8.90048280e-05 
 5.40947080e-08 -9.54900149e-06  5.40947080e-08  8.60237675e-05 
 5.41447080e-08  9.49825566e-06  5.41447080e-08 -8.30396267e-05 
 5.41947080e-08 -9.18587477e-06  5.41947080e-08  8.02014887e-05 
 5.42447080e-08  9.14991756e-06  5.42447080e-08 -7.73582550e-05 
 5.42947080e-08 -8.85267187e-06  5.42947080e-08  7.46546262e-05 
 5.43447080e-08  8.82942114e-06  5.43447080e-08 -7.19439822e-05 
 5.43947080e-08 -8.54529322e-06  5.43947080e-08  6.93670364e-05 
 5.44447080e-08  8.53299669e-06  5.44447080e-08 -6.67812527e-05 
 5.44947080e-08 -8.26028293e-06  5.44947080e-08  6.43237045e-05 
 5.45447080e-08  8.25746670e-06  5.45447080e-08 -6.18555921e-05 
 5.45947080e-08 -7.99472827e-06  5.45947080e-08  5.95106547e-05 
 5.46447080e-08  8.00015280e-06  5.46447080e-08 -5.71535217e-05 
 5.46947080e-08 -7.74617398e-06  5.46947080e-08  5.49148690e-05 
 5.47447080e-08  7.75879663e-06  5.47447080e-08 -5.26624815e-05 
 5.47947080e-08 -7.51254935e-06  5.47947080e-08  5.05242123e-05 
 5.48447080e-08  7.53149274e-06  5.48447080e-08 -4.83707584e-05 
 5.48947080e-08 -7.29210658e-06  5.48947080e-08  4.63273643e-05 
 5.49447080e-08  7.31663171e-06  5.49447080e-08 -4.42674216e-05 
 5.49947080e-08 -7.08336861e-06  5.49947080e-08  4.23137575e-05 
 5.50447080e-08  7.11285234e-06  5.50447080e-08 -4.03422630e-05 
 5.50947080e-08 -6.88508523e-06  5.50947080e-08  3.84735199e-05 
 5.51447080e-08  6.91900124e-06  5.51447080e-08 -3.65857427e-05 
 5.51947080e-08 -6.69619608e-06  5.51947080e-08  3.47974223e-05 
 5.52447080e-08  6.73409897e-06  5.52447080e-08 -3.29889385e-05 
 5.52947080e-08 -6.51579977e-06  5.52947080e-08  3.12768307e-05 
 5.53447080e-08  6.55731169e-06  5.53447080e-08 -2.95435003e-05 
 5.53947080e-08 -6.34312780e-06  5.53947080e-08  2.79036617e-05 
 5.54447080e-08  6.38792732e-06  5.54447080e-08 -2.62416077e-05 
 5.54947080e-08 -6.17752292e-06  5.54947080e-08  2.46703422e-05 
 5.55447080e-08  6.22533570e-06  5.55447080e-08 -2.30759310e-05 
 5.55947080e-08 -6.01842095e-06  5.55947080e-08  2.15697721e-05 
 5.56447080e-08  6.06901192e-06  5.56447080e-08 -2.00395959e-05 
 5.56947080e-08 -5.86533557e-06  5.56947080e-08  1.85952900e-05 
 5.57447080e-08  5.91850252e-06  5.57447080e-08 -1.71261506e-05 
 5.57947080e-08 -5.71784574e-06  5.57947080e-08  1.57406419e-05 
 5.58447080e-08  5.77341385e-06  5.58447080e-08 -1.43295352e-05 
 5.58947080e-08 -5.57558509e-06  5.58947080e-08  1.29999520e-05 
 5.59447080e-08  5.63340250e-06  5.59447080e-08 -1.16440549e-05 
 5.59947080e-08 -5.43823322e-06  5.59947080e-08  1.03676963e-05 
 5.60447080e-08  5.49816722e-06  5.60447080e-08 -9.06435341e-06 
 5.60947080e-08 -5.30550827e-06  5.60947080e-08  7.83867781e-06 
 5.61447080e-08  5.36744227e-06  5.61447080e-08 -6.58539020e-06 
 5.61947080e-08 -5.17716089e-06  5.61947080e-08  5.40800424e-06 
 5.62447080e-08  5.24099177e-06  5.62447080e-08 -4.20241845e-06 
 5.62947080e-08 -5.05296913e-06  5.62947080e-08  3.07106698e-06 
 5.63447080e-08  5.11860514e-06  5.63447080e-08 -1.91096518e-06 
 5.63947080e-08 -4.93273426e-06  5.63947080e-08  8.23521924e-07 
 5.64447080e-08  5.00009321e-06  5.64447080e-08  2.93187173e-07 
 5.64947080e-08 -4.81627715e-06  5.64947080e-08 -1.33872821e-06 
 5.65447080e-08  4.88528493e-06  5.65447080e-08  2.41401791e-06 
 5.65947080e-08 -4.70343540e-06  5.65947080e-08 -3.41955034e-06 
 5.66447080e-08  4.77402477e-06  5.66447080e-08  4.45528365e-06 
 5.66947080e-08 -4.59406091e-06  5.66947080e-08 -5.42259605e-06 
 5.67447080e-08  4.66617042e-06  5.67447080e-08  6.42053295e-06 
 5.67947080e-08 -4.48801773e-06  5.67947080e-08 -7.35131574e-06 
 5.68447080e-08  4.56159094e-06  5.68447080e-08  8.31311983e-06 
 5.68947080e-08 -4.38518049e-06  5.68947080e-08 -9.20897145e-06 
 5.69447080e-08  4.46016517e-06  5.69447080e-08  1.01362161e-05 
 5.69947080e-08 -4.28543283e-06  5.69947080e-08 -1.09986489e-05 
 5.70447080e-08  4.36178045e-06  5.70447080e-08  1.18928230e-05 
 5.70947080e-08 -4.18866630e-06  5.70947080e-08 -1.27232688e-05 
 5.71447080e-08  4.26633148e-06  5.71447080e-08  1.35857821e-05 
 5.71947080e-08 -4.09477933e-06  5.71947080e-08 -1.43855967e-05 
 5.72447080e-08  4.17371946e-06  5.72447080e-08  1.52177847e-05 
 5.72947080e-08 -4.00367636e-06  5.72947080e-08 -1.59882533e-05 
 5.73447080e-08  4.08385124e-06  5.73447080e-08  1.67913817e-05 
 5.73947080e-08 -3.91526717e-06  5.73947080e-08 -1.75337227e-05 
 5.74447080e-08  3.99663871e-06  5.74447080e-08  1.83089919e-05 
 5.74947080e-08 -3.82946622e-06  5.74947080e-08 -1.90243610e-05 
 5.75447080e-08  3.91199823e-06  5.75447080e-08  1.97729098e-05 
 5.75947080e-08 -3.74619225e-06  5.75947080e-08 -2.04624041e-05 
 5.76447080e-08  3.82985021e-06  5.76447080e-08  2.11853135e-05 
 5.76947080e-08 -3.66536773e-06  5.76947080e-08 -2.18499744e-05 
 5.77447080e-08  3.75011862e-06  5.77447080e-08  2.25482712e-05 
 5.77947080e-08 -3.58691858e-06  5.77947080e-08 -2.31890883e-05 
 5.78447080e-08  3.67273072e-06  5.78447080e-08  2.38637479e-05 
 5.78947080e-08 -3.51077381e-06  5.78947080e-08 -2.44816615e-05 
 5.79447080e-08  3.59761677e-06  5.79447080e-08  2.51336113e-05 
 5.79947080e-08 -3.43686529e-06  5.79947080e-08 -2.57295157e-05 
 5.80447080e-08  3.52470978e-06  5.80447080e-08  2.63596376e-05 
 5.80947080e-08 -3.36512749e-06  5.80947080e-08 -2.69343834e-05 
 5.81447080e-08  3.45394524e-06  5.81447080e-08  2.75435165e-05 
 5.81947080e-08 -3.29549729e-06  5.81947080e-08 -2.80979133e-05 
 5.82447080e-08  3.38526099e-06  5.82447080e-08  2.86868562e-05 
 5.82947080e-08 -3.22791383e-06  5.82947080e-08 -2.92216749e-05 
 5.83447080e-08  3.31859708e-06  5.83447080e-08  2.97911884e-05 
 5.83947080e-08 -3.16231832e-06  5.83947080e-08 -3.03071631e-05 
 5.84447080e-08  3.25389554e-06  5.84447080e-08  3.08579718e-05 
 5.84947080e-08 -3.09865396e-06  5.84947080e-08 -3.13558023e-05 
 5.85447080e-08  3.19110039e-06  5.85447080e-08  3.18885968e-05 
 5.85947080e-08 -3.03686579e-06  5.85947080e-08 -3.23689503e-05 
 5.86447080e-08  3.13015738e-06  5.86447080e-08  3.28843892e-05 
 5.86947080e-08 -2.97690056e-06  5.86947080e-08 -3.33479017e-05 
 5.87447080e-08  3.07101397e-06  5.87447080e-08  3.38466133e-05 
 5.87947080e-08 -2.91870673e-06  5.87947080e-08 -3.42938920e-05 
 5.88447080e-08  3.01361933e-06  5.88447080e-08  3.47764757e-05 
 5.88947080e-08 -2.86223431e-06  5.88947080e-08 -3.52081000e-05 
 5.89447080e-08  2.95792406e-06  5.89447080e-08  3.56751283e-05 
 5.89947080e-08 -2.80743480e-06  5.89947080e-08 -3.60916514e-05 
 5.90447080e-08  2.90388031e-06  5.90447080e-08  3.65436709e-05 
 5.90947080e-08 -2.75426114e-06  5.90947080e-08 -3.69456215e-05 
 5.91447080e-08  2.85144159e-06  5.91447080e-08  3.73831545e-05 
 5.91947080e-08 -2.70266767e-06  5.91947080e-08 -3.77710378e-05 
 5.92447080e-08  2.80056283e-06  5.92447080e-08  3.81945835e-05 
 5.92947080e-08 -2.65261002e-06  5.92947080e-08 -3.85688824e-05 
 5.93447080e-08  2.75120018e-06  5.93447080e-08  3.89789183e-05 
 5.93947080e-08 -2.60404509e-06  5.93947080e-08 -3.93400946e-05 
 5.94447080e-08  2.70331109e-06  5.94447080e-08  3.97370773e-05 
 5.94947080e-08 -2.55693104e-06  5.94947080e-08 -4.00855732e-05 
 5.95447080e-08  2.65685421e-06  5.95447080e-08  4.04699396e-05 
 5.95947080e-08 -2.51122714e-06  5.95947080e-08 -4.08061781e-05 
 5.96447080e-08  2.61178933e-06  5.96447080e-08  4.11783466e-05 
 5.96947080e-08 -2.46689387e-06  5.96947080e-08 -4.15027327e-05 
 5.97447080e-08  2.56807739e-06  5.97447080e-08  4.18631040e-05 
 5.97947080e-08 -2.42389277e-06  5.97947080e-08 -4.21760257e-05 
 5.98447080e-08  2.52568040e-06  5.98447080e-08  4.25249837e-05 
 5.98947080e-08 -2.38218646e-06  5.98947080e-08 -4.28268129e-05 
 5.99447080e-08  2.48456145e-06  5.99447080e-08  4.31647254e-05 
 5.99723540e-08 -2.32572379e-06  5.99723540e-08 -4.37041304e-05 
 6.00000000e-08  2.41335248e-06  6.00000000e-08  4.42677986e-05 
 6.00050000e-08  5.19067346e-04  6.00050000e-08  6.12658873e-03 
 6.00150000e-08  4.38912419e-04  6.00150000e-08  7.29051770e-03 
 6.00350000e-08 -8.42134107e-07  6.00350000e-08  2.50041890e-03 
 6.00750000e-08  2.84412696e-04  6.00750000e-08  1.53002070e-03 
 6.01250000e-08 -1.64721127e-03  6.01250000e-08 -1.65229547e-02 
 6.01625000e-08 -3.49607450e-02  6.01625000e-08 -6.52343236e-02 
 6.02000000e-08  6.79731113e-01  6.02000000e-08 -3.55910142e-02 
 6.02050000e-08  8.77071582e-01  6.02050000e-08  7.49517891e-03 
 6.02150000e-08  1.12078533e+00  6.02150000e-08  1.28457492e-01 
 6.02350000e-08  1.20174746e+00  6.02350000e-08  8.72069981e-01 
 6.02669734e-08  1.19373873e+00  6.02669734e-08  2.71905824e+00 
 6.03012878e-08  1.20483924e+00  6.03012878e-08  3.24497870e+00 
 6.03416263e-08  1.19620126e+00  6.03416263e-08  3.23909321e+00 
 6.03916263e-08  1.20309627e+00  6.03916263e-08  3.29732895e+00 
 6.04416263e-08  1.19746759e+00  6.04416263e-08  3.28725508e+00 
 6.04916263e-08  1.20206289e+00  6.04916263e-08  3.30389601e+00 
 6.05416263e-08  1.19831524e+00  6.05416263e-08  3.29528312e+00 
 6.05916263e-08  1.20137187e+00  6.05916263e-08  3.30297108e+00 
 6.06416263e-08  1.19888105e+00  6.06416263e-08  3.29746085e+00 
 6.06916263e-08  1.20091041e+00  6.06916263e-08  3.30192534e+00 
 6.07416263e-08  1.19925852e+00  6.07416263e-08  3.29845274e+00 
 6.07916263e-08  1.20060254e+00  6.07916263e-08  3.30120977e+00 
 6.08416263e-08  1.19951009e+00  6.08416263e-08  3.29905562e+00 
 6.08916263e-08  1.20039744e+00  6.08916263e-08  3.30072151e+00 
 6.09416263e-08  1.19967750e+00  6.09416263e-08  3.29946435e+00 
 6.09916263e-08  1.20026107e+00  6.09916263e-08  3.30038006e+00 
 6.10416263e-08  1.19978863e+00  6.10416263e-08  3.29975108e+00 
 6.10916263e-08  1.20017065e+00  6.10916263e-08  3.30013907e+00 
 6.11416263e-08  1.19986225e+00  6.11416263e-08  3.29995350e+00 
 6.11916263e-08  1.20011098e+00  6.11916263e-08  3.29997033e+00 
 6.12416263e-08  1.19991070e+00  6.12416263e-08  3.30009473e+00 
 6.12916263e-08  1.20007169e+00  6.12916263e-08  3.29985316e+00 
 6.13416263e-08  1.19994245e+00  6.13416263e-08  3.30019127e+00 
 6.13916263e-08  1.20004603e+00  6.13916263e-08  3.29977411e+00 
 6.14416263e-08  1.19996311e+00  6.14416263e-08  3.30025515e+00 
 6.14916263e-08  1.20002942e+00  6.14916263e-08  3.29972296e+00 
 6.15416263e-08  1.19997641e+00  6.15416263e-08  3.30029521e+00 
 6.15916263e-08  1.20001880e+00  6.15916263e-08  3.29969212e+00 
 6.16416263e-08  1.19998485e+00  6.16416263e-08  3.30031799e+00 
 6.16916263e-08  1.20001212e+00  6.16916263e-08  3.29967596e+00 
 6.17416263e-08  1.19999009e+00  6.17416263e-08  3.30032835e+00 
 6.17916263e-08  1.20000802e+00  6.17916263e-08  3.29967030e+00 
 6.18416263e-08  1.19999326e+00  6.18416263e-08  3.30032990e+00 
 6.18916263e-08  1.20000560e+00  6.18916263e-08  3.29967205e+00 
 6.19416263e-08  1.19999508e+00  6.19416263e-08  3.30032529e+00 
 6.19708132e-08  1.20000395e+00  6.19708132e-08  3.29968222e+00 
 6.20000000e-08  1.19999640e+00  6.20000000e-08  3.30030858e+00 
 6.20050000e-08  1.19999849e+00  6.20050000e-08  3.30000819e+00 
 6.20150000e-08  1.20000139e+00  6.20150000e-08  3.29998965e+00 
 6.20350000e-08  1.20000019e+00  6.20350000e-08  3.30001565e+00 
 6.20750000e-08  1.19999891e+00  6.20750000e-08  3.29998655e+00 
 6.21250000e-08  1.20000166e+00  6.21250000e-08  3.30002004e+00 
 6.21625000e-08  1.19999481e+00  6.21625000e-08  3.29994023e+00 
 6.22000000e-08  1.20001087e+00  6.22000000e-08  3.30009184e+00 
 6.22050000e-08  1.20000158e+00  6.22050000e-08  3.30001842e+00 
 6.22150000e-08  1.19999051e+00  6.22150000e-08  3.29998389e+00 
 6.22350000e-08  1.20000328e+00  6.22350000e-08  3.30000404e+00 
 6.22750000e-08  1.19999932e+00  6.22750000e-08  3.29999497e+00 
 6.23250000e-08  1.19999939e+00  6.23250000e-08  3.30000416e+00 
 6.23750000e-08  1.20000126e+00  6.23750000e-08  3.29999522e+00 
 6.24250000e-08  1.19999822e+00  6.24250000e-08  3.30000437e+00 
 6.24750000e-08  1.20000188e+00  6.24750000e-08  3.29999610e+00 
 6.25250000e-08  1.19999797e+00  6.25250000e-08  3.30000353e+00 
 6.25750000e-08  1.20000189e+00  6.25750000e-08  3.29999688e+00 
 6.26250000e-08  1.19999812e+00  6.26250000e-08  3.30000278e+00 
 6.26750000e-08  1.20000165e+00  6.26750000e-08  3.29999753e+00 
 6.27250000e-08  1.19999841e+00  6.27250000e-08  3.30000219e+00 
 6.27750000e-08  1.20000133e+00  6.27750000e-08  3.29999805e+00 
 6.28250000e-08  1.19999873e+00  6.28250000e-08  3.30000172e+00 
 6.28750000e-08  1.20000103e+00  6.28750000e-08  3.29999846e+00 
 6.29250000e-08  1.19999901e+00  6.29250000e-08  3.30000136e+00 
 6.29750000e-08  1.20000077e+00  6.29750000e-08  3.29999877e+00 
 6.30250000e-08  1.19999925e+00  6.30250000e-08  3.30000108e+00 
 6.30750000e-08  1.20000056e+00  6.30750000e-08  3.29999902e+00 
 6.31250000e-08  1.19999944e+00  6.31250000e-08  3.30000087e+00 
 6.31750000e-08  1.20000039e+00  6.31750000e-08  3.29999920e+00 
 6.32250000e-08  1.19999958e+00  6.32250000e-08  3.30000071e+00 
 6.32750000e-08  1.20000027e+00  6.32750000e-08  3.29999934e+00 
 6.33250000e-08  1.19999969e+00  6.33250000e-08  3.30000059e+00 
 6.33750000e-08  1.20000017e+00  6.33750000e-08  3.29999944e+00 
 6.34250000e-08  1.19999977e+00  6.34250000e-08  3.30000051e+00 
 6.34750000e-08  1.20000011e+00  6.34750000e-08  3.29999951e+00 
 6.35250000e-08  1.19999982e+00  6.35250000e-08  3.30000044e+00 
 6.35750000e-08  1.20000006e+00  6.35750000e-08  3.29999957e+00 
 6.36250000e-08  1.19999987e+00  6.36250000e-08  3.30000040e+00 
 6.36750000e-08  1.20000002e+00  6.36750000e-08  3.29999961e+00 
 6.37250000e-08  1.19999990e+00  6.37250000e-08  3.30000037e+00 
 6.37750000e-08  1.20000000e+00  6.37750000e-08  3.29999963e+00 
 6.38250000e-08  1.19999992e+00  6.38250000e-08  3.30000034e+00 
 6.38750000e-08  1.19999998e+00  6.38750000e-08  3.29999965e+00 
 6.39250000e-08  1.19999993e+00  6.39250000e-08  3.30000033e+00 
 6.39750000e-08  1.19999996e+00  6.39750000e-08  3.29999967e+00 
 6.40250000e-08  1.19999994e+00  6.40250000e-08  3.30000032e+00 
 6.40750000e-08  1.19999996e+00  6.40750000e-08  3.29999968e+00 
 6.41250000e-08  1.19999995e+00  6.41250000e-08  3.30000031e+00 
 6.41750000e-08  1.19999995e+00  6.41750000e-08  3.29999968e+00 
 6.42250000e-08  1.19999996e+00  6.42250000e-08  3.30000030e+00 
 6.42750000e-08  1.19999994e+00  6.42750000e-08  3.29999969e+00 
 6.43250000e-08  1.19999996e+00  6.43250000e-08  3.30000030e+00 
 6.43750000e-08  1.19999994e+00  6.43750000e-08  3.29999969e+00 
 6.44250000e-08  1.19999996e+00  6.44250000e-08  3.30000029e+00 
 6.44750000e-08  1.19999994e+00  6.44750000e-08  3.29999970e+00 
 6.45250000e-08  1.19999996e+00  6.45250000e-08  3.30000029e+00 
 6.45750000e-08  1.19999994e+00  6.45750000e-08  3.29999970e+00 
 6.46250000e-08  1.19999997e+00  6.46250000e-08  3.30000028e+00 
 6.46750000e-08  1.19999994e+00  6.46750000e-08  3.29999971e+00 
 6.47250000e-08  1.19999997e+00  6.47250000e-08  3.30000028e+00 
 6.47750000e-08  1.19999994e+00  6.47750000e-08  3.29999971e+00 
 6.48250000e-08  1.19999997e+00  6.48250000e-08  3.30000027e+00 
 6.48750000e-08  1.19999994e+00  6.48750000e-08  3.29999972e+00 
 6.49250000e-08  1.19999997e+00  6.49250000e-08  3.30000027e+00 
 6.49750000e-08  1.19999994e+00  6.49750000e-08  3.29999972e+00 
 6.50250000e-08  1.19999997e+00  6.50250000e-08  3.30000026e+00 
 6.50750000e-08  1.19999994e+00  6.50750000e-08  3.29999973e+00 
 6.51250000e-08  1.19999997e+00  6.51250000e-08  3.30000025e+00 
 6.51750000e-08  1.19999994e+00  6.51750000e-08  3.29999974e+00 
 6.52250000e-08  1.19999997e+00  6.52250000e-08  3.30000025e+00 
 6.52750000e-08  1.19999994e+00  6.52750000e-08  3.29999974e+00 
 6.53250000e-08  1.19999997e+00  6.53250000e-08  3.30000024e+00 
 6.53750000e-08  1.19999994e+00  6.53750000e-08  3.29999975e+00 
 6.54250000e-08  1.19999997e+00  6.54250000e-08  3.30000023e+00 
 6.54750000e-08  1.19999994e+00  6.54750000e-08  3.29999976e+00 
 6.55250000e-08  1.19999997e+00  6.55250000e-08  3.30000023e+00 
 6.55750000e-08  1.19999994e+00  6.55750000e-08  3.29999976e+00 
 6.56250000e-08  1.19999996e+00  6.56250000e-08  3.30000022e+00 
 6.56750000e-08  1.19999994e+00  6.56750000e-08  3.29999977e+00 
 6.57250000e-08  1.19999996e+00  6.57250000e-08  3.30000021e+00 
 6.57750000e-08  1.19999994e+00  6.57750000e-08  3.29999978e+00 
 6.58250000e-08  1.19999996e+00  6.58250000e-08  3.30000020e+00 
 6.58750000e-08  1.19999994e+00  6.58750000e-08  3.29999979e+00 
 6.59250000e-08  1.19999996e+00  6.59250000e-08  3.30000020e+00 
 6.59750000e-08  1.19999994e+00  6.59750000e-08  3.29999979e+00 
 6.60250000e-08  1.19999996e+00  6.60250000e-08  3.30000019e+00 
 6.60750000e-08  1.19999994e+00  6.60750000e-08  3.29999980e+00 
 6.61250000e-08  1.19999996e+00  6.61250000e-08  3.30000018e+00 
 6.61750000e-08  1.19999994e+00  6.61750000e-08  3.29999981e+00 
 6.62250000e-08  1.19999996e+00  6.62250000e-08  3.30000018e+00 
 6.62750000e-08  1.19999994e+00  6.62750000e-08  3.29999981e+00 
 6.63250000e-08  1.19999996e+00  6.63250000e-08  3.30000017e+00 
 6.63750000e-08  1.19999994e+00  6.63750000e-08  3.29999982e+00 
 6.64250000e-08  1.19999996e+00  6.64250000e-08  3.30000016e+00 
 6.64750000e-08  1.19999994e+00  6.64750000e-08  3.29999983e+00 
 6.65250000e-08  1.19999996e+00  6.65250000e-08  3.30000016e+00 
 6.65750000e-08  1.19999994e+00  6.65750000e-08  3.29999983e+00 
 6.66250000e-08  1.19999996e+00  6.66250000e-08  3.30000015e+00 
 6.66750000e-08  1.19999994e+00  6.66750000e-08  3.29999984e+00 
 6.67250000e-08  1.19999996e+00  6.67250000e-08  3.30000014e+00 
 6.67750000e-08  1.19999994e+00  6.67750000e-08  3.29999985e+00 
 6.68250000e-08  1.19999996e+00  6.68250000e-08  3.30000014e+00 
 6.68750000e-08  1.19999994e+00  6.68750000e-08  3.29999985e+00 
 6.69250000e-08  1.19999996e+00  6.69250000e-08  3.30000013e+00 
 6.69750000e-08  1.19999994e+00  6.69750000e-08  3.29999986e+00 
 6.70250000e-08  1.19999996e+00  6.70250000e-08  3.30000013e+00 
 6.70750000e-08  1.19999994e+00  6.70750000e-08  3.29999986e+00 
 6.71250000e-08  1.19999996e+00  6.71250000e-08  3.30000012e+00 
 6.71750000e-08  1.19999994e+00  6.71750000e-08  3.29999987e+00 
 6.72250000e-08  1.19999996e+00  6.72250000e-08  3.30000011e+00 
 6.72750000e-08  1.19999994e+00  6.72750000e-08  3.29999988e+00 
 6.73250000e-08  1.19999996e+00  6.73250000e-08  3.30000011e+00 
 6.73750000e-08  1.19999994e+00  6.73750000e-08  3.29999988e+00 
 6.74250000e-08  1.19999996e+00  6.74250000e-08  3.30000010e+00 
 6.74750000e-08  1.19999995e+00  6.74750000e-08  3.29999989e+00 
 6.75250000e-08  1.19999996e+00  6.75250000e-08  3.30000010e+00 
 6.75750000e-08  1.19999995e+00  6.75750000e-08  3.29999989e+00 
 6.76250000e-08  1.19999996e+00  6.76250000e-08  3.30000009e+00 
 6.76750000e-08  1.19999995e+00  6.76750000e-08  3.29999989e+00 
 6.77250000e-08  1.19999996e+00  6.77250000e-08  3.30000009e+00 
 6.77750000e-08  1.19999995e+00  6.77750000e-08  3.29999990e+00 
 6.78250000e-08  1.19999996e+00  6.78250000e-08  3.30000009e+00 
 6.78750000e-08  1.19999995e+00  6.78750000e-08  3.29999990e+00 
 6.79250000e-08  1.19999996e+00  6.79250000e-08  3.30000008e+00 
 6.79750000e-08  1.19999995e+00  6.79750000e-08  3.29999991e+00 
 6.80250000e-08  1.19999996e+00  6.80250000e-08  3.30000008e+00 
 6.80750000e-08  1.19999995e+00  6.80750000e-08  3.29999991e+00 
 6.81250000e-08  1.19999996e+00  6.81250000e-08  3.30000007e+00 
 6.81750000e-08  1.19999995e+00  6.81750000e-08  3.29999992e+00 
 6.82250000e-08  1.19999996e+00  6.82250000e-08  3.30000007e+00 
 6.82750000e-08  1.19999995e+00  6.82750000e-08  3.29999992e+00 
 6.83250000e-08  1.19999996e+00  6.83250000e-08  3.30000007e+00 
 6.83750000e-08  1.19999995e+00  6.83750000e-08  3.29999992e+00 
 6.84250000e-08  1.19999996e+00  6.84250000e-08  3.30000006e+00 
 6.84750000e-08  1.19999995e+00  6.84750000e-08  3.29999993e+00 
 6.85250000e-08  1.19999996e+00  6.85250000e-08  3.30000006e+00 
 6.85750000e-08  1.19999995e+00  6.85750000e-08  3.29999993e+00 
 6.86250000e-08  1.19999996e+00  6.86250000e-08  3.30000006e+00 
 6.86750000e-08  1.19999995e+00  6.86750000e-08  3.29999993e+00 
 6.87250000e-08  1.19999996e+00  6.87250000e-08  3.30000005e+00 
 6.87750000e-08  1.19999995e+00  6.87750000e-08  3.29999994e+00 
 6.88250000e-08  1.19999996e+00  6.88250000e-08  3.30000005e+00 
 6.88750000e-08  1.19999995e+00  6.88750000e-08  3.29999994e+00 
 6.89250000e-08  1.19999996e+00  6.89250000e-08  3.30000005e+00 
 6.89750000e-08  1.19999995e+00  6.89750000e-08  3.29999994e+00 
 6.90250000e-08  1.19999996e+00  6.90250000e-08  3.30000004e+00 
 6.90750000e-08  1.19999995e+00  6.90750000e-08  3.29999995e+00 
 6.91250000e-08  1.19999996e+00  6.91250000e-08  3.30000004e+00 
 6.91750000e-08  1.19999995e+00  6.91750000e-08  3.29999995e+00 
 6.92250000e-08  1.19999996e+00  6.92250000e-08  3.30000004e+00 
 6.92750000e-08  1.19999995e+00  6.92750000e-08  3.29999995e+00 
 6.93250000e-08  1.19999996e+00  6.93250000e-08  3.30000004e+00 
 6.93750000e-08  1.19999995e+00  6.93750000e-08  3.29999995e+00 
 6.94250000e-08  1.19999996e+00  6.94250000e-08  3.30000003e+00 
 6.94750000e-08  1.19999995e+00  6.94750000e-08  3.29999996e+00 
 6.95250000e-08  1.19999996e+00  6.95250000e-08  3.30000003e+00 
 6.95750000e-08  1.19999995e+00  6.95750000e-08  3.29999996e+00 
 6.96250000e-08  1.19999996e+00  6.96250000e-08  3.30000003e+00 
 6.96750000e-08  1.19999995e+00  6.96750000e-08  3.29999996e+00 
 6.97250000e-08  1.19999995e+00  6.97250000e-08  3.30000003e+00 
 6.97750000e-08  1.19999995e+00  6.97750000e-08  3.29999996e+00 
 6.98250000e-08  1.19999995e+00  6.98250000e-08  3.30000002e+00 
 6.98750000e-08  1.19999995e+00  6.98750000e-08  3.29999996e+00 
 6.99250000e-08  1.19999995e+00  6.99250000e-08  3.30000002e+00 
 6.99625000e-08  1.19999995e+00  6.99625000e-08  3.29999997e+00 
 7.00000000e-08  1.19999995e+00  7.00000000e-08  3.30000002e+00 
 7.00050000e-08  1.19929429e+00  7.00050000e-08  3.29693651e+00 
 7.00150000e-08  1.19912140e+00  7.00150000e-08  3.29470470e+00 
 7.00350000e-08  1.19990420e+00  7.00350000e-08  3.29546072e+00 
 7.00750000e-08  1.19986034e+00  7.00750000e-08  3.30063965e+00 
 7.01250000e-08  1.21108730e+00  7.01250000e-08  3.35422680e+00 
 7.01625000e-08  1.24634921e+00  7.01625000e-08  3.41721831e+00 
 7.02000000e-08  3.88115965e-01  7.02000000e-08  3.29791255e+00 
 7.02050000e-08  1.78385171e-01  7.02050000e-08  3.24386309e+00 
 7.02150000e-08  6.64673054e-03  7.02150000e-08  3.04143310e+00 
 7.02350000e-08  9.21956419e-03  7.02350000e-08  1.38920620e+00 
 7.02621424e-08 -6.84327354e-03  7.02621424e-08  3.89324215e-02 
 7.02914754e-08  3.98520612e-03  7.02914754e-08  2.16317986e-02 
 7.03298175e-08 -2.09130418e-03  7.03298175e-08 -4.11445556e-03 
 7.03725512e-08  2.92563893e-03  7.03725512e-08  2.89196707e-03 
 7.04225512e-08 -3.19305148e-03  7.04225512e-08 -7.20673635e-03 
 7.04725512e-08  3.16887482e-03  7.04725512e-08  2.25005581e-03 
 7.05225512e-08 -3.06277972e-03  7.05225512e-08  4.84719961e-03 
 7.05725512e-08  2.88267726e-03  7.05725512e-08 -1.08402577e-03 
 7.06225512e-08 -2.68911731e-03  7.06225512e-08  1.70651788e-03 
 7.06725512e-08  2.48750289e-03  7.06725512e-08 -2.04325907e-03 
 7.07225512e-08 -2.29214363e-03  7.07225512e-08  2.28895939e-03 
 7.07725512e-08  2.10631670e-03  7.07725512e-08 -2.45718149e-03 
 7.08225512e-08 -1.93167975e-03  7.08225512e-08  2.59922032e-03 
 7.08725512e-08  1.76998849e-03  7.08725512e-08 -2.70232372e-03 
 7.09225512e-08 -1.61992518e-03  7.09225512e-08  2.79245320e-03 
 7.09725512e-08  1.48230413e-03  7.09725512e-08 -2.85351824e-03 
 7.10225512e-08 -1.35544549e-03  7.10225512e-08  2.90640611e-03 
 7.10725512e-08  1.23957027e-03  7.10725512e-08 -2.93567233e-03 
 7.11225512e-08 -1.13325976e-03  7.11225512e-08  2.96001556e-03 
 7.11725512e-08  1.03635556e-03  7.11725512e-08 -2.96517199e-03 
 7.12225512e-08 -9.47780632e-04  7.12225512e-08  2.96794428e-03 
 7.12725512e-08  8.67148635e-04  7.12725512e-08 -2.95526756e-03 
 7.13225512e-08 -7.93669063e-04  7.13225512e-08  2.94210649e-03 
 7.13725512e-08  7.26841814e-04  7.13725512e-08 -2.91656199e-03 
 7.14225512e-08 -6.66086171e-04  7.14225512e-08  2.89187306e-03 
 7.14725512e-08  6.10871940e-04  7.14725512e-08 -2.85726547e-03 
 7.15225512e-08 -5.60760628e-04  7.15225512e-08  2.82440721e-03 
 7.15725512e-08  5.15248894e-04  7.15725512e-08 -2.78359554e-03 
 7.16225512e-08 -4.73988461e-04  7.16225512e-08  2.74509375e-03 
 7.16725512e-08  4.36789907e-04  7.16725512e-08 -2.70387330e-03 
 7.17225512e-08 -4.02327996e-04  7.17225512e-08  2.65357328e-03 
 7.17725512e-08  3.72059795e-04  7.17725512e-08 -2.61407181e-03 
 7.18225512e-08 -3.43665357e-04  7.18225512e-08  2.56222278e-03 
 7.18725512e-08  3.18855285e-04  7.18725512e-08 -2.52042290e-03 
 7.19225512e-08 -2.95670823e-04  7.19225512e-08  2.47071454e-03 
 7.19725512e-08  2.75100560e-04  7.19725512e-08 -2.42423947e-03 
 7.20225512e-08 -2.55820578e-04  7.20225512e-08  2.37234258e-03 
 7.20725512e-08  2.39149167e-04  7.20725512e-08 -2.32880138e-03 
 7.21225512e-08 -2.23238627e-04  7.21225512e-08  2.27746035e-03 
 7.21725512e-08  2.09557924e-04  7.21725512e-08 -2.23379571e-03 
 7.22225512e-08 -1.96407028e-04  7.22225512e-08  2.18347084e-03 
 7.22725512e-08  1.85168140e-04  7.22725512e-08 -2.14013691e-03 
 7.23225512e-08 -1.74274657e-04  7.23225512e-08  2.09110619e-03 
 7.23725512e-08  1.65027975e-04  7.23725512e-08 -2.04842008e-03 
 7.24225512e-08 -1.55979526e-04  7.24225512e-08  2.00086279e-03 
 7.24725512e-08  1.48357478e-04  7.24725512e-08 -1.95905202e-03 
 7.25225512e-08 -1.40816227e-04  7.25225512e-08  1.91308091e-03 
 7.25725512e-08  1.34518730e-04  7.25725512e-08 -1.87230803e-03 
 7.26225512e-08 -1.28208393e-04  7.26225512e-08  1.82798841e-03 
 7.26725512e-08  1.22990718e-04  7.26725512e-08 -1.78836728e-03 
 7.27225512e-08 -1.17685646e-04  7.27225512e-08  1.74573001e-03 
 7.27725512e-08  1.13348361e-04  7.27725512e-08 -1.70733753e-03 
 7.28225512e-08 -1.08864449e-04  7.28225512e-08  1.66638821e-03 
 7.28725512e-08  1.05245130e-04  7.28725512e-08 -1.62927294e-03 
 7.29225512e-08 -1.01432285e-04  7.29225512e-08  1.58999873e-03 
 7.29725512e-08  9.83987068e-05  7.29725512e-08 -1.55418742e-03 
 7.30225512e-08 -9.51346329e-05  7.30225512e-08  1.51656200e-03 
 7.30725512e-08  9.25791870e-05  7.30725512e-08 -1.48206459e-03 
 7.31225512e-08 -8.97642790e-05  7.31225512e-08  1.44605198e-03 
 7.31725512e-08  8.75994132e-05  7.31725512e-08 -1.41286549e-03 
 7.32225512e-08 -8.51525703e-05  7.32225512e-08  1.37842287e-03 
 7.32725512e-08  8.33070600e-05  7.32725512e-08 -1.34653442e-03 
 7.33225512e-08 -8.11622588e-05  7.33225512e-08  1.31361431e-03 
 7.33725512e-08  7.95781683e-05  7.33725512e-08 -1.28300348e-03 
 7.34225512e-08 -7.76816632e-05  7.34225512e-08  1.25155534e-03 
 7.34725512e-08  7.63118681e-05  7.34725512e-08 -1.22219604e-03 
 7.35225512e-08 -7.46199067e-05  7.35225512e-08  1.19216757e-03 
 7.35725512e-08  7.34260763e-05  7.35725512e-08 -1.16402950e-03 
 7.36225512e-08 -7.19030372e-05  7.36225512e-08  1.13536754e-03 
 7.36725512e-08  7.08539912e-05  7.36725512e-08 -1.10841734e-03 
 7.37225512e-08 -6.94708665e-05  7.37225512e-08  1.08106861e-03 
 7.37725512e-08  6.85412387e-05  7.37725512e-08 -1.05527080e-03 
 7.38225512e-08 -6.72743988e-05  7.38225512e-08  1.02918241e-03 
 7.38725512e-08  6.64435493e-05  7.38725512e-08 -1.00450009e-03 
 7.39225512e-08 -6.52737376e-05  7.39225512e-08  9.79619958e-04 
 7.39725512e-08  6.45248688e-05  7.39725512e-08 -9.56015393e-04 
 7.40225512e-08 -6.34363839e-05  7.40225512e-08  9.32292516e-04 
 7.40725512e-08  6.27558205e-05  7.40725512e-08 -9.09727588e-04 
 7.41225512e-08 -6.17358514e-05  7.41225512e-08  8.87112266e-04 
 7.41725512e-08  6.11124563e-05  7.41725512e-08 -8.65548835e-04 
 7.42225512e-08 -6.01505416e-05  7.42225512e-08  8.43992805e-04 
 7.42725512e-08  5.95752404e-05  7.42725512e-08 -8.23392987e-04 
 7.43225512e-08 -5.86628288e-05  7.43225512e-08  8.02849527e-04 
 7.43725512e-08  5.81282233e-05  7.43725512e-08 -7.83175913e-04 
 7.44225512e-08 -5.72583166e-05  7.44225512e-08  7.63599901e-04 
 7.44725512e-08  5.67583709e-05  7.44725512e-08 -7.44815729e-04 
 7.45225512e-08 -5.59252337e-05  7.45225512e-08  7.26163672e-04 
 7.45725512e-08  5.54550190e-05  7.45725512e-08 -7.08232956e-04 
 7.46225512e-08 -5.46539426e-05  7.46225512e-08  6.90463002e-04 
 7.46725512e-08  5.42094300e-05  7.46725512e-08 -6.73350633e-04 
 7.47225512e-08 -5.34365411e-05  7.47225512e-08  6.56422563e-04 
 7.47725512e-08  5.30144328e-05  7.47725512e-08 -6.40094381e-04 
 7.48225512e-08 -5.22665377e-05  7.48225512e-08  6.23969590e-04 
 7.48725512e-08  5.18641301e-05  7.48725512e-08 -6.08392433e-04 
 7.49225512e-08 -5.11385881e-05  7.49225512e-08  5.93033901e-04 
 7.49725512e-08  5.07536610e-05  7.49725512e-08 -5.78175645e-04 
 7.50225512e-08 -5.00482817e-05  7.50225512e-08  5.63547901e-04 
 7.50725512e-08  4.96790075e-05  7.50725512e-08 -5.49377477e-04 
 7.51225512e-08 -4.89919673e-05  7.51225512e-08  5.35446558e-04 
 7.51725512e-08  4.86368377e-05  7.51725512e-08 -5.21933966e-04 
 7.52225512e-08 -4.79666120e-05  7.52225512e-08  5.08667372e-04 
 7.52725512e-08  4.76243784e-05  7.52725512e-08 -4.95783682e-04 
 7.53225512e-08 -4.69696862e-05  7.53225512e-08  4.83150329e-04 
 7.53725512e-08  4.66393113e-05  7.53725512e-08 -4.70867673e-04 
 7.54225512e-08 -4.59990709e-05  7.54225512e-08  4.58837849e-04 
 7.54725512e-08  4.56796891e-05  7.54725512e-08 -4.47129411e-04 
 7.55225512e-08 -4.50529813e-05  7.55225512e-08  4.35674721e-04 
 7.55725512e-08  4.47438669e-05  7.55725512e-08 -4.24514723e-04 
 7.56225512e-08 -4.41299055e-05  7.56225512e-08  4.13608045e-04 
 7.56725512e-08  4.38304469e-05  7.56725512e-08 -4.02971723e-04 
 7.57225512e-08 -4.32285547e-05  7.57225512e-08  3.92587159e-04 
 7.57725512e-08  4.29382328e-05  7.57725512e-08 -3.82450744e-04 
 7.58225512e-08 -4.23478220e-05  7.58225512e-08  3.72563568e-04 
 7.58725512e-08  4.20661937e-05  7.58725512e-08 -3.62904261e-04 
 7.59225512e-08 -4.14867501e-05  7.59225512e-08  3.53490877e-04 
 7.59725512e-08  4.12134338e-05  7.59725512e-08 -3.44286822e-04 
 7.60225512e-08 -4.06445036e-05  7.60225512e-08  3.35324714e-04 
 7.60725512e-08  4.03791683e-05  7.60725512e-08 -3.26554972e-04 
 7.61225512e-08 -3.98203479e-05  7.61225512e-08  3.18022661e-04 
 7.61725512e-08  3.95627038e-05  7.61725512e-08 -3.09667178e-04 
 7.62225512e-08 -3.90136309e-05  7.62225512e-08  3.01544179e-04 
 7.62725512e-08  3.87634220e-05  7.62725512e-08 -2.93583761e-04 
 7.63225512e-08 -3.82237690e-05  7.63225512e-08  2.85850539e-04 
 7.63725512e-08  3.79807669e-05  7.63725512e-08 -2.78266823e-04 
 7.64225512e-08 -3.74502349e-05  7.64225512e-08  2.70904750e-04 
 7.64725512e-08  3.72142343e-05  7.64725512e-08 -2.63680174e-04 
 7.65225512e-08 -3.66925484e-05  7.65225512e-08  2.56671495e-04 
 7.65725512e-08  3.64633625e-05  7.65725512e-08 -2.49789268e-04 
 7.66225512e-08 -3.59502685e-05  7.66225512e-08  2.43117058e-04 
 7.66725512e-08  3.57277263e-05  7.66725512e-08 -2.36561134e-04 
 7.67225512e-08 -3.52229869e-05  7.67225512e-08  2.30209262e-04 
 7.67725512e-08  3.50069303e-05  7.67725512e-08 -2.23964309e-04 
 7.68225512e-08 -3.45103230e-05  7.68225512e-08  2.17917406e-04 
 7.68725512e-08  3.43006045e-05  7.68725512e-08 -2.11968779e-04 
 7.69225512e-08 -3.38119198e-05  7.69225512e-08  2.06212198e-04 
 7.69725512e-08  3.36084011e-05  7.69725512e-08 -2.00545915e-04 
 7.70225512e-08 -3.31274400e-05  7.70225512e-08  1.95065705e-04 
 7.70725512e-08  3.29299903e-05  7.70725512e-08 -1.89668416e-04 
 7.71225512e-08 -3.24565637e-05  7.71225512e-08  1.84451283e-04 
 7.71725512e-08  3.22650587e-05  7.71725512e-08 -1.79310248e-04 
 7.72225512e-08 -3.17989856e-05  7.72225512e-08  1.74343532e-04 
 7.72725512e-08  3.16133067e-05  7.72725512e-08 -1.69446593e-04 
 7.73225512e-08 -3.11544138e-05  7.73225512e-08  1.64718235e-04 
 7.73725512e-08  3.09744467e-05  7.73725512e-08 -1.60053793e-04 
 7.74225512e-08 -3.05225673e-05  7.74225512e-08  1.55552308e-04 
 7.74725512e-08  3.03482022e-05  7.74725512e-08 -1.51109299e-04 
 7.75225512e-08 -2.99031755e-05  7.75225512e-08  1.46823750e-04 
 7.75725512e-08  2.97343061e-05  7.75725512e-08 -1.42591624e-04 
 7.76225512e-08 -2.92959769e-05  7.76225512e-08  1.38511595e-04 
 7.76725512e-08  2.91325000e-05  7.76725512e-08 -1.34480291e-04 
 7.77225512e-08 -2.87007180e-05  7.77225512e-08  1.30595867e-04 
 7.77725512e-08  2.85425335e-05  7.77725512e-08 -1.26755792e-04 
 7.78225512e-08 -2.81171531e-05  7.78225512e-08  1.23057531e-04 
 7.78725512e-08  2.79641633e-05  7.78725512e-08 -1.19399542e-04 
 7.79225512e-08 -2.75450430e-05  7.79225512e-08  1.15878455e-04 
 7.79725512e-08  2.73971525e-05  7.79725512e-08 -1.12393838e-04 
 7.80225512e-08 -2.69841550e-05  7.80225512e-08  1.09041367e-04 
 7.80725512e-08  2.68412708e-05  7.80725512e-08 -1.05721815e-04 
 7.81225512e-08 -2.64342624e-05  7.81225512e-08  1.02529814e-04 
 7.81725512e-08  2.62962933e-05  7.81725512e-08 -9.93674138e-05 
 7.82225512e-08 -2.58951441e-05  7.82225512e-08  9.63281277e-05 
 7.82725512e-08  2.57620008e-05  7.82725512e-08 -9.33153394e-05 
 7.83225512e-08 -2.53665839e-05  7.83225512e-08  9.04213869e-05 
 7.83725512e-08  2.52381790e-05  7.83725512e-08 -8.75510267e-05 
 7.84225512e-08 -2.48483710e-05  7.84225512e-08  8.47953819e-05 
 7.84725512e-08  2.47246186e-05  7.84725512e-08 -8.20606068e-05 
 7.85225512e-08 -2.43402992e-05  7.85225512e-08  7.94365827e-05 
 7.85725512e-08  2.42211152e-05  7.85725512e-08 -7.68308746e-05 
 7.86225512e-08 -2.38421667e-05  7.86225512e-08  7.43321067e-05 
 7.86725512e-08  2.37274684e-05  7.86725512e-08 -7.18492579e-05 
 7.87225512e-08 -2.33537763e-05  7.87225512e-08  6.94696890e-05 
 7.87725512e-08  2.32434826e-05  7.87725512e-08 -6.71037874e-05 
 7.88225512e-08 -2.28749350e-05  7.88225512e-08  6.48376531e-05 
 7.88725512e-08  2.27689661e-05  7.88725512e-08 -6.25830689e-05 
 7.89225512e-08 -2.24054537e-05  7.89225512e-08  6.04248832e-05 
 7.89725512e-08  2.23037313e-05  7.89725512e-08 -5.82762556e-05 
 7.90225512e-08 -2.19451474e-05  7.90225512e-08  5.62207982e-05 
 7.90725512e-08  2.18475946e-05  7.90725512e-08 -5.41730228e-05 
 7.91225512e-08 -2.14938349e-05  7.91225512e-08  5.22153260e-05 
 7.91725512e-08  2.14003760e-05  7.91725512e-08 -5.02635432e-05 
 7.92225512e-08 -2.10513387e-05  7.92225512e-08  4.83988797e-05 
 7.92725512e-08  2.09618993e-05  7.92725512e-08 -4.65384630e-05 
 7.93225512e-08 -2.06174849e-05  7.93225512e-08  4.47623345e-05 
 7.93725512e-08  2.05319921e-05  7.93725512e-08 -4.29888796e-05 
 7.94225512e-08 -2.01921032e-05  7.94225512e-08  4.12970060e-05 
 7.94725512e-08  2.01104851e-05  7.94725512e-08 -3.96063202e-05 
 7.95225512e-08 -1.97750268e-05  7.95225512e-08  3.79946289e-05 
 7.95725512e-08  1.96972128e-05  7.95725512e-08 -3.63827214e-05 
 7.96225512e-08 -1.93660920e-05  7.96225512e-08  3.48473372e-05 
 7.96725512e-08  1.92920128e-05  7.96725512e-08 -3.33104094e-05 
 7.97225512e-08 -1.89651387e-05  7.97225512e-08  3.18476453e-05 
 7.97725512e-08  1.88947261e-05  7.97725512e-08 -3.03820816e-05 
 7.98225512e-08 -1.85720099e-05  7.98225512e-08  2.89884296e-05 
 7.98725512e-08  1.85051968e-05  7.98725512e-08 -2.75907889e-05 
 7.99225512e-08 -1.81865517e-05  7.99225512e-08  2.62629113e-05 
 7.99612756e-08  1.80683059e-05  7.99612756e-08 -2.45529508e-05 
 8.00000000e-08 -1.76999434e-05  8.00000000e-08  2.29310325e-05 
 8.00050000e-08  3.81575968e-04  8.00050000e-08  4.66057662e-03 
 8.00150000e-08  1.99887205e-04  8.00150000e-08  4.56837596e-03 
 8.00350000e-08 -9.52340695e-05  8.00350000e-08  2.99915425e-04 
 8.00750000e-08  1.33301598e-04  8.00750000e-08  6.54209965e-04 
 8.01250000e-08 -7.85150615e-05  8.01250000e-08  3.01251884e-04 
 8.01625000e-08  2.93996634e-05  8.01625000e-08  7.85846017e-04 
 8.02000000e-08 -4.65396863e-05  8.02000000e-08 -5.64652270e-03 
 8.02050000e-08 -3.69638427e-04  8.02050000e-08 -3.35683231e-03 
 8.02150000e-08 -3.08853768e-04  8.02150000e-08 -1.28083174e-03 
 8.02350000e-08  1.08931436e-04  8.02350000e-08 -7.44580311e-04 
 8.02635602e-08 -5.54689095e-05  8.02635602e-08 -6.73779177e-04 
 8.02972556e-08  3.45224334e-05  8.02972556e-08 -2.79081404e-04 
 8.03337712e-08 -2.59970575e-05  8.03337712e-08  2.10336182e-04 
 8.03837712e-08  2.21416987e-05  8.03837712e-08  1.03395520e-04 
 8.04290618e-08 -1.89926426e-05  8.04290618e-08 -9.17408321e-05 
 8.04790618e-08  1.71018788e-05  8.04790618e-08  5.78617231e-05 
 8.05290618e-08 -1.53707326e-05  8.05290618e-08 -5.29219482e-05 
 8.05790618e-08  1.41699961e-05  8.05790618e-08  4.12813218e-05 
 8.06290618e-08 -1.29056222e-05  8.06290618e-08 -3.68486161e-05 
 8.06790618e-08  1.20187975e-05  8.06790618e-08  3.01259173e-05 
 8.07290618e-08 -1.09836900e-05  8.07290618e-08 -2.57011763e-05 
 8.07790618e-08  1.02669888e-05  8.07790618e-08  2.07121799e-05 
 8.08290618e-08 -9.36864003e-06  8.08290618e-08 -1.66159307e-05 
 8.08790618e-08  8.76504599e-06  8.08790618e-08  1.25580817e-05 
 8.09290618e-08 -7.96608855e-06  8.09290618e-08 -8.95843526e-06 
 8.09790618e-08  7.45189330e-06  8.09790618e-08  5.59528888e-06 
 8.10290618e-08 -6.73619464e-06  8.10290618e-08 -2.54455857e-06 
 8.10790618e-08  6.30010790e-06  8.10790618e-08 -2.25469496e-07 
 8.11290618e-08 -5.65878763e-06  8.11290618e-08  2.74826145e-06 
 8.11790618e-08  5.29354330e-06  8.11790618e-08 -4.99671471e-06 
 8.12290618e-08 -4.71999062e-06  8.12290618e-08  7.04020614e-06 
 8.12790618e-08  4.41937247e-06  8.12790618e-08 -8.83424348e-06 
 8.13290618e-08 -3.90744632e-06  8.13290618e-08  1.04587592e-05 
 8.13790618e-08  3.66536558e-06  8.13790618e-08 -1.18638416e-05 
 8.14290618e-08 -3.20894610e-06  8.14290618e-08  1.31313561e-05 
 8.14790618e-08  3.01930362e-06  8.14790618e-08 -1.42090990e-05 
 8.15290618e-08 -2.61231265e-06  8.15290618e-08  1.51779619e-05 
 8.15790618e-08  2.46911224e-06  8.15790618e-08 -1.59841131e-05 
 8.16290618e-08 -2.10565850e-06  8.16290618e-08  1.67065693e-05 
 8.16790618e-08  2.00316218e-06  8.16790618e-08 -1.72899755e-05 
 8.17290618e-08 -1.67768365e-06  8.17290618e-08  1.78113031e-05 
 8.17790618e-08  1.61053701e-06  8.17790618e-08 -1.82137311e-05 
 8.18290618e-08 -1.31790199e-06  8.18290618e-08  1.85722879e-05 
 8.18790618e-08  1.28121300e-06  8.18790618e-08 -1.88287961e-05 
 8.19290618e-08 -1.01677596e-06  8.19290618e-08  1.90565421e-05 
 8.19645309e-08  9.55653335e-07  8.19645309e-08 -1.92461536e-05 
 8.20000000e-08 -6.75441000e-07  8.20000000e-08  1.93750348e-05 
 8.20050000e-08  4.38994427e-07  8.20050000e-08  1.06983503e-05 
 8.20150000e-08 -1.06396033e-06  8.20150000e-08 -1.55835245e-05 
 8.20350000e-08  8.78388765e-07  8.20350000e-08  7.76041935e-06 
 8.20750000e-08 -3.87267303e-07  8.20750000e-08 -8.35468705e-06 
 8.21250000e-08  1.53128777e-07  8.21250000e-08  1.44470965e-05 
 8.21625000e-08  9.15075959e-07  8.21625000e-08 -1.47057000e-05 
 8.22000000e-08 -2.47278075e-06  8.22000000e-08 -3.91207609e-07 
 8.22050000e-08  1.45606498e-06  8.22050000e-08  3.44659542e-06 
 8.22150000e-08  2.09702846e-06  8.22150000e-08  3.05034475e-05 
 8.22350000e-08 -2.12703810e-06  8.22350000e-08 -1.47484682e-05 
 8.22750000e-08  1.87995973e-06  8.22750000e-08  7.48514309e-06 
 8.23250000e-08 -1.49294405e-06  8.23250000e-08 -8.31555368e-06 
 8.23750000e-08  1.36327759e-06  8.23750000e-08  7.60707179e-06 
 8.24250000e-08 -1.00621205e-06  8.24250000e-08 -5.74214131e-06 
 8.24750000e-08  9.07872250e-07  8.24750000e-08  4.67874278e-06 
 8.25250000e-08 -5.87843612e-07  8.25250000e-08 -3.39091224e-06 
 8.25750000e-08  5.30216697e-07  8.25750000e-08  2.41896615e-06 
 8.26250000e-08 -2.52764820e-07  8.26250000e-08 -1.45917009e-06 
 8.26750000e-08  2.37650371e-07  8.26750000e-08  6.66722211e-07 
 8.27250000e-08 -1.25558597e-09  8.27250000e-08  6.19638976e-08 
 8.27750000e-08  2.47532618e-08  8.27750000e-08 -6.74505506e-07 
 8.28250000e-08  1.76083407e-07  8.28250000e-08  1.22993164e-06 
 8.28750000e-08 -1.20397240e-07  8.28750000e-08 -1.68892768e-06 
 8.29250000e-08  2.92513808e-07  8.29250000e-08  2.10618658e-06 
 8.29750000e-08 -2.11523886e-07  8.29750000e-08 -2.43918185e-06 
 8.30250000e-08  3.61599632e-07  8.30250000e-08  2.74608009e-06 
 8.30750000e-08 -2.61612350e-07  8.30750000e-08 -2.98043512e-06 
 8.31250000e-08  3.95482459e-07  8.31250000e-08  3.20163156e-06 
 8.31750000e-08 -2.81816488e-07  8.31750000e-08 -3.35786201e-06 
 8.32250000e-08  4.04263934e-07  8.32250000e-08  3.51162820e-06 
 8.32750000e-08 -2.81174003e-07  8.32750000e-08 -3.60772003e-06 
 8.33250000e-08  3.95948421e-07  8.33250000e-08  3.70977047e-06 
 8.33750000e-08 -2.66711104e-07  8.33750000e-08 -3.76013367e-06 
 8.34250000e-08  3.76653682e-07  8.34250000e-08  3.82298179e-06 
 8.34750000e-08 -2.43714080e-07  8.34750000e-08 -3.83895673e-06 
 8.35250000e-08  3.50913977e-07  8.35250000e-08  3.87244935e-06 
 8.35750000e-08 -2.16043686e-07  8.35750000e-08 -3.86287206e-06 
 8.36250000e-08  3.21991946e-07  8.36250000e-08  3.87466767e-06 
 8.36750000e-08 -1.86435262e-07  8.36750000e-08 -3.84635190e-06 
 8.37250000e-08  2.92161051e-07  8.37250000e-08  3.84234018e-06 
 8.37750000e-08 -1.56760175e-07  8.37750000e-08 -3.80048728e-06 
 8.38250000e-08  2.62944529e-07  8.38250000e-08  3.78514955e-06 
 8.38750000e-08 -1.28242008e-07  8.38750000e-08 -3.73369121e-06 
 8.39250000e-08  2.35309422e-07  8.39250000e-08  3.71040232e-06 
 8.39750000e-08 -1.01629355e-07  8.39750000e-08 -3.65228171e-06 
 8.40250000e-08  2.09819330e-07  8.40250000e-08  3.62355778e-06 
 8.40750000e-08 -7.73302209e-08  8.40750000e-08 -3.56095670e-06 
 8.41250000e-08  1.86752231e-07  8.41250000e-08  3.52865466e-06 
 8.41750000e-08 -5.55146774e-08  8.41750000e-08 -3.46317444e-06 
 8.42250000e-08  1.66189401e-07  8.42250000e-08  3.42865057e-06 
 8.42750000e-08 -3.61917200e-08  8.42750000e-08 -3.36145426e-06 
 8.43250000e-08  1.48081627e-07  8.43250000e-08  3.32568842e-06 
 8.43750000e-08 -1.92659047e-08  8.43750000e-08 -3.25761153e-06 
 8.44250000e-08  1.32297448e-07  8.44250000e-08  3.22130346e-06 
 8.44750000e-08 -4.57838931e-09  8.44750000e-08 -3.15293912e-06 
 8.45250000e-08  1.18657829e-07  8.45250000e-08  3.11658228e-06 
 8.45750000e-08  8.06403652e-09  8.45750000e-08 -3.04834615e-06 
 8.46250000e-08  1.06960411e-07  8.46250000e-08  3.01228382e-06 
 8.46750000e-08  1.88687495e-08  8.46750000e-08 -2.94446302e-06 
 8.47250000e-08  9.69961389e-08  8.47250000e-08  2.90893032e-06 
 8.47750000e-08  2.80437677e-08  8.47750000e-08 -2.84172011e-06 
 8.48250000e-08  8.85602124e-08  8.48250000e-08  2.80687537e-06 
 8.48750000e-08  3.57889808e-08  8.48750000e-08 -2.74040616e-06 
 8.49250000e-08  8.14589330e-08  8.49250000e-08  2.70635394e-06 
 8.49750000e-08  4.22909143e-08  8.49750000e-08 -2.64071107e-06 
 8.50250000e-08  7.55136522e-08  8.50250000e-08  2.60751890e-06 
 8.50750000e-08  4.77198931e-08  8.50750000e-08 -2.54275695e-06 
 8.51250000e-08  7.05626439e-08  8.51250000e-08  2.51046733e-06 
 8.51750000e-08  5.22288946e-08  8.51750000e-08 -2.44662030e-06 
 8.52250000e-08  6.64616889e-08  8.52250000e-08  2.41525921e-06 
 8.52750000e-08  5.59535061e-08  8.52750000e-08 -2.35234765e-06 
 8.53250000e-08  6.30836093e-08  8.53250000e-08  2.32193046e-06 
 8.53750000e-08  5.90127146e-08  8.53750000e-08 -2.25996640e-06 
 8.54250000e-08  6.03173692e-08  8.54250000e-08  2.23050185e-06 
 8.54750000e-08  6.15099427e-08  8.54750000e-08 -2.16949211e-06 
 8.55250000e-08  5.80667919e-08  8.55250000e-08  2.14098498e-06 
 8.55750000e-08  6.35344721e-08  8.55750000e-08 -2.08093326e-06 
 8.56250000e-08  5.62491426e-08  8.56250000e-08  2.05338605e-06 
 8.56750000e-08  6.51628557e-08  8.56750000e-08 -1.99429435e-06 
 8.57250000e-08  5.47936578e-08  8.57250000e-08  1.96770835e-06 
 8.57750000e-08  6.64604235e-08  8.57750000e-08 -1.90957764e-06 
 8.58250000e-08  5.36401097e-08  8.58250000e-08  1.88395342e-06 
 8.58750000e-08  6.74826291e-08  8.58750000e-08 -1.82678420e-06 
 8.59250000e-08  5.27374975e-08  8.59250000e-08  1.80212192e-06 
 8.59750000e-08  6.82763475e-08  8.59750000e-08 -1.74591428e-06 
 8.60250000e-08  5.20427624e-08  8.60250000e-08  1.72221376e-06 
 8.60750000e-08  6.88810975e-08  8.60750000e-08 -1.66696744e-06 
 8.61250000e-08  5.15196909e-08  8.61250000e-08  1.64422817e-06 
 8.61750000e-08  6.93300140e-08  8.61750000e-08 -1.58994243e-06 
 8.62250000e-08  5.11379740e-08  8.62250000e-08  1.56816338e-06 
 8.62750000e-08  6.96508210e-08  8.62750000e-08 -1.51483704e-06 
 8.63250000e-08  5.08722462e-08  8.63250000e-08  1.49401665e-06 
 8.63750000e-08  6.98667119e-08  8.63750000e-08 -1.44164779e-06 
 8.64250000e-08  5.07013619e-08  8.64250000e-08  1.42178378e-06 
 8.64750000e-08  6.99969466e-08  8.64750000e-08 -1.37036979e-06 
 8.65250000e-08  5.06077411e-08  8.65250000e-08  1.35145908e-06 
 8.65750000e-08  7.00575539e-08  8.65750000e-08 -1.30099646e-06 
 8.66250000e-08  5.05768111e-08  8.66250000e-08  1.28303509e-06 
 8.66750000e-08  7.00618006e-08  8.66750000e-08 -1.23351942e-06 
 8.67250000e-08  5.05964787e-08  8.67250000e-08  1.21650245e-06 
 8.67750000e-08  7.00206637e-08  8.67750000e-08 -1.16792831e-06 
 8.68250000e-08  5.06568023e-08  8.68250000e-08  1.15184982e-06 
 8.68750000e-08  6.99431936e-08  8.68750000e-08 -1.10421080e-06 
 8.69250000e-08  5.07495233e-08  8.69250000e-08  1.08906387e-06 
 8.69750000e-08  6.98368787e-08  8.69750000e-08 -1.04235254e-06 
 8.70250000e-08  5.08678942e-08  8.70250000e-08  1.02812918e-06 
 8.70750000e-08  6.97078205e-08  8.70750000e-08 -9.82337088e-07 
 8.71250000e-08  5.10063409e-08  8.71250000e-08  9.69028381e-07 
 8.71750000e-08  6.95610974e-08  8.71750000e-08 -9.24146073e-07 
 8.72250000e-08  5.11603096e-08  8.72250000e-08  9.11742088e-07 
 8.72750000e-08  6.94008014e-08  8.72750000e-08 -8.67759206e-07 
 8.73250000e-08  5.13260704e-08  8.73250000e-08  8.56249100e-07 
 8.73750000e-08  6.92303177e-08  8.73750000e-08 -8.13154349e-07 
 8.74250000e-08  5.15005691e-08  8.74250000e-08  8.02526424e-07 
 8.74750000e-08  6.90523947e-08  8.74750000e-08 -7.60307695e-07 
 8.75250000e-08  5.16813317e-08  8.75250000e-08  7.50549424e-07 
 8.75750000e-08  6.88692788e-08  8.75750000e-08 -7.09193814e-07 
 8.76250000e-08  5.18663410e-08  8.76250000e-08  7.00291938e-07 
 8.76750000e-08  6.86827832e-08  8.76750000e-08 -6.59785836e-07 
 8.77250000e-08  5.20539390e-08  8.77250000e-08  6.51726405e-07 
 8.77750000e-08  6.84943789e-08  8.77750000e-08 -6.12055561e-07 
 8.78250000e-08  5.22428484e-08  8.78250000e-08  6.04824013e-07 
 8.78750000e-08  6.83052243e-08  8.78750000e-08 -5.65973581e-07 
 8.79250000e-08  5.24319791e-08  8.79250000e-08  5.59554845e-07 
 8.79750000e-08  6.81163295e-08  8.79750000e-08 -5.21509475e-07 
 8.80250000e-08  5.26204538e-08  8.80250000e-08  5.15887936e-07 
 8.80750000e-08  6.79284112e-08  8.80750000e-08 -4.78631864e-07 
 8.81250000e-08  5.28076306e-08  8.81250000e-08  4.73791566e-07 
 8.81750000e-08  6.77421077e-08  8.81750000e-08 -4.37308604e-07 
 8.82250000e-08  5.29929490e-08  8.82250000e-08  4.33233202e-07 
 8.82750000e-08  6.75578652e-08  8.82750000e-08 -3.97506867e-07 
 8.83250000e-08  5.31759995e-08  8.83250000e-08  3.94179733e-07 
 8.83750000e-08  6.73760725e-08  8.83750000e-08 -3.59193288e-07 
 8.84250000e-08  5.33564558e-08  8.84250000e-08  3.56597596e-07 
 8.84750000e-08  6.71970200e-08  8.84750000e-08 -3.22334104e-07 
 8.85250000e-08  5.35340378e-08  8.85250000e-08  3.20452808e-07 
 8.85750000e-08  6.70209337e-08  8.85750000e-08 -2.86895157e-07 
 8.86250000e-08  5.37085798e-08  8.86250000e-08  2.85711110e-07 
 8.86750000e-08  6.68479705e-08  8.86750000e-08 -2.52842124e-07 
 8.87250000e-08  5.38799216e-08  8.87250000e-08  2.52338110e-07 
 8.87750000e-08  6.66782557e-08  8.87750000e-08 -2.20140539e-07 
 8.88250000e-08  5.40479875e-08  8.88250000e-08  2.20299296e-07 
 8.88750000e-08  6.65118567e-08  8.88750000e-08 -1.88755878e-07 
 8.89250000e-08  5.42126918e-08  8.89250000e-08  1.89560156e-07 
 8.89750000e-08  6.63488458e-08  8.89750000e-08 -1.58653662e-07 
 8.90250000e-08  5.43739965e-08  8.90250000e-08  1.60086258e-07 
 8.90750000e-08  6.61892429e-08  8.90750000e-08 -1.29799519e-07 
 8.91250000e-08  5.45318828e-08  8.91250000e-08  1.31843310e-07 
 8.91750000e-08  6.60330630e-08  8.91750000e-08 -1.02159258e-07 
 8.92250000e-08  5.46863627e-08  8.92250000e-08  1.04797230e-07 
 8.92750000e-08  6.58802778e-08  8.92750000e-08 -7.56989119e-08 
 8.93250000e-08  5.48374343e-08  8.93250000e-08  7.89141979e-08 
 8.93750000e-08  6.57309052e-08  8.93750000e-08 -5.03848259e-08 
 8.94250000e-08  5.49851241e-08  8.94250000e-08  5.41607085e-08 
 8.94750000e-08  6.55848876e-08  8.94750000e-08 -2.61836784e-08 
 8.95250000e-08  5.51294655e-08  8.95250000e-08  3.05036481e-08 
 8.95750000e-08  6.54421972e-08  8.95750000e-08 -3.06253249e-09 
 8.96250000e-08  5.52705080e-08  8.96250000e-08  7.91028665e-09 
 8.96750000e-08  6.53027907e-08  8.96750000e-08  1.90111168e-08 
 8.97250000e-08  5.54082827e-08  8.97250000e-08 -1.36516703e-08 
 8.97750000e-08  6.51666291e-08  8.97750000e-08  4.00693150e-08 
 8.98250000e-08  5.55428411e-08  8.98250000e-08 -3.42140131e-08 
 8.98750000e-08  6.50336557e-08  8.98750000e-08  6.01436126e-08 
 8.99250000e-08  5.56742404e-08  8.99250000e-08 -5.38080468e-08 
 8.99625000e-08  6.48824844e-08  8.99625000e-08  8.23615922e-08 
 9.00000000e-08  5.58446019e-08  9.00000000e-08 -7.84804416e-08 
 9.00050000e-08 -3.08066366e-04  9.00050000e-08 -1.27772157e-03 
 9.00150000e-08 -2.39710399e-04  9.00150000e-08 -1.07274555e-03 
 9.00350000e-08  4.10833915e-05  9.00350000e-08 -7.48606674e-04 
 9.00750000e-08 -7.67865999e-05  9.00750000e-08 -4.79596028e-03 
 9.01250000e-08  3.24181695e-05  9.01250000e-08  3.69279639e-03 
 9.01625000e-08  7.05066923e-05  9.01625000e-08 -1.73231407e-03 
 9.02000000e-08 -1.08329959e-04  9.02000000e-08  1.67251049e-03 
 9.02050000e-08  3.43975286e-04  9.02050000e-08  5.17171545e-03 
 9.02150000e-08  4.22729533e-04  9.02150000e-08  4.35899836e-03 
 9.02350000e-08  8.03959273e-04  9.02350000e-08 -4.82465660e-05 
 9.02625416e-08  1.00865591e-03  9.02625416e-08  6.64457585e-04 
 9.02930890e-08 -2.94125230e-03  9.02930890e-08  2.10380314e-03 
 9.03249693e-08  1.34754842e-03  9.03249693e-08  2.14200702e-03 
 9.03627673e-08 -3.21505223e-04  9.03627673e-08  2.98359616e-03 
 9.04037246e-08  2.07669984e-04  9.04037246e-08  1.84695177e-04 
 9.04485156e-08 -1.32389235e-04  9.04485156e-08 -7.89621877e-03 
 9.04946944e-08  1.00216710e-04  9.04946944e-08  2.95339777e-03 
 9.05446944e-08 -6.09498746e-05  9.05446944e-08 -1.96060739e-03 
 9.05946944e-08  3.37440688e-05  9.05946944e-08  1.84675098e-03 
 9.06446944e-08 -4.34377682e-06  9.06446944e-08 -1.55821314e-03 
 9.06946944e-08 -1.68917611e-05  9.06946944e-08  1.38807385e-03 
 9.07446944e-08  3.73973426e-05  9.07446944e-08 -1.21752993e-03 
 9.07946944e-08 -5.17767184e-05  9.07946944e-08  1.10133474e-03 
 9.08446944e-08  6.48768333e-05  9.08446944e-08 -9.92238482e-04 
 9.08946944e-08 -7.34523003e-05  9.08946944e-08  9.11774483e-04 
 9.09446944e-08  8.09651737e-05  9.09446944e-08 -8.37045277e-04 
 9.09946944e-08 -8.51852729e-05  9.09946944e-08  7.79060257e-04 
 9.10446944e-08  8.87277741e-05  9.10446944e-08 -7.25033767e-04 
 9.10946944e-08 -8.98881247e-05  9.10946944e-08  6.81578057e-04 
 9.11446944e-08  9.07304555e-05  9.11446944e-08 -6.40768670e-04 
 9.11946944e-08 -8.98490770e-05  9.11946944e-08  6.07029125e-04 
 9.12446944e-08  8.89341879e-05  9.12446944e-08 -5.75050559e-04 
 9.12946944e-08 -8.67659715e-05  9.12946944e-08  5.48017756e-04 
 9.13446944e-08  8.47720063e-05  9.13446944e-08 -5.22158074e-04 
 9.13946944e-08 -8.18578800e-05  9.13946944e-08  4.99886748e-04 
 9.14446944e-08  7.92612591e-05  9.14446944e-08 -4.78397401e-04 
 9.14946944e-08 -7.59784316e-05  9.14946944e-08  4.59593486e-04 
 9.15446944e-08  7.31062978e-05  9.15446944e-08 -4.41310144e-04 
 9.15946944e-08 -6.97105088e-05  9.15946944e-08  4.25092473e-04 
 9.16446944e-08  6.67814426e-05  9.16446944e-08 -4.09220309e-04 
 9.16946944e-08 -6.34400866e-05  9.16946944e-08  3.94977452e-04 
 9.17446944e-08  6.05947861e-05  9.17446944e-08 -3.80962986e-04 
 9.17946944e-08 -5.74008002e-05  9.17946944e-08  3.68268974e-04 
 9.18446944e-08  5.47474850e-05  9.18446944e-08 -3.55717816e-04 
 9.18946944e-08 -5.17637765e-05  9.18946944e-08  3.44250235e-04 
 9.19446944e-08  4.93224005e-05  9.19446944e-08 -3.32890740e-04 
 9.19946944e-08 -4.65888032e-05  9.19946944e-08  3.22431468e-04 
 9.20446944e-08  4.43818619e-05  9.20446944e-08 -3.12051685e-04 
 9.20946944e-08 -4.19064735e-05  9.20946944e-08  3.02436491e-04 
 9.21446944e-08  3.99382828e-05  9.21446944e-08 -2.92882468e-04 
 9.21946944e-08 -3.77156576e-05  9.21946944e-08  2.83988083e-04 
 9.22446944e-08  3.59790665e-05  9.22446944e-08 -2.75143216e-04 
 9.22946944e-08 -3.39955159e-05  9.22946944e-08  2.66875386e-04 
 9.23446944e-08  3.24764955e-05  9.23446944e-08 -2.58649606e-04 
 9.23946944e-08 -3.07137044e-05  9.23946944e-08  2.50934758e-04 
 9.24446944e-08  2.93944862e-05  9.24446944e-08 -2.43257041e-04 
 9.24946944e-08 -2.78319714e-05  9.24946944e-08  2.36036486e-04 
 9.25446944e-08  2.66931717e-05  9.25446944e-08 -2.28849618e-04 
 9.25946944e-08 -2.53099226e-05  9.25946944e-08  2.22075494e-04 
 9.26446944e-08  2.43319475e-05  9.26446944e-08 -2.15332415e-04 
 9.26946944e-08 -2.31074838e-05  9.26946944e-08  2.08964850e-04 
 9.27446944e-08  2.22714221e-05  9.27446944e-08 -2.02626066e-04 
 9.27946944e-08 -2.11864413e-05  9.27946944e-08  1.96631175e-04 
 9.28446944e-08  2.04745988e-05  9.28446944e-08 -1.90662938e-04 
 9.28946944e-08 -1.95113358e-05  9.28946944e-08  1.85011411e-04 
 9.29446944e-08  1.89075211e-05  9.29446944e-08 -1.79384413e-04 
 9.29946944e-08 -1.80499121e-05  9.29946944e-08  1.74050507e-04 
 9.30446944e-08  1.75395539e-05  9.30446944e-08 -1.68738945e-04 
 9.30946944e-08 -1.67732695e-05  9.30946944e-08  1.63699762e-04 
 9.31446944e-08  1.63434224e-05  9.31446944e-08 -1.58680658e-04 
 9.31946944e-08 -1.56558164e-05  9.31946944e-08  1.53915624e-04 
 9.32446944e-08  1.52950967e-05  9.32446944e-08 -1.49168327e-04 
 9.32946944e-08 -1.46751041e-05  9.32946944e-08  1.44658799e-04 
 9.33446944e-08  1.43735844e-05  9.33446944e-08 -1.40164610e-04 
 9.33946944e-08 -1.38115914e-05  9.33946944e-08  1.35893594e-04 
 9.34446944e-08  1.35606726e-05  9.34446944e-08 -1.31635484e-04 
 9.34946944e-08 -1.30483745e-05  9.34946944e-08  1.27587408e-04 
 9.35446944e-08  1.28406503e-05  9.35446944e-08 -1.23549799e-04 
 9.35946944e-08 -1.23709074e-05  9.35946944e-08  1.19710344e-04 
 9.36446944e-08  1.22000286e-05  9.36446944e-08 -1.15878933e-04 
 9.36946944e-08 -1.17667272e-05  9.36946944e-08  1.12234893e-04 
 9.37446944e-08  1.16272726e-05  9.37446944e-08 -1.08596512e-04 
 9.37946944e-08 -1.12251948e-05  9.37946944e-08  1.05135683e-04 
 9.38446944e-08  1.11125506e-05  9.38446944e-08 -1.01678181e-04 
 9.38946944e-08 -1.07372549e-05  9.38946944e-08  9.83892644e-05 
 9.39446944e-08  1.06475055e-05  9.39446944e-08 -9.51014109e-05 
 9.39946944e-08 -1.02952196e-05  9.39946944e-08  9.19739312e-05 
 9.40446944e-08  1.02250494e-05  9.40446944e-08 -8.88453306e-05 
 9.40946944e-08 -9.89257498e-06  9.40946944e-08  8.58695665e-05 
 9.41446944e-08  9.83918181e-06  9.41446944e-08 -8.28905841e-05 
 9.41946944e-08 -9.52381061e-06  9.41946944e-08  8.00575050e-05 
 9.42446944e-08  9.48482953e-06  9.42446944e-08 -7.72192022e-05 
 9.42946944e-08 -9.18427042e-06  9.42946944e-08  7.45204126e-05 
 9.43446944e-08  9.15770779e-06  9.43446944e-08 -7.18144885e-05 
 9.43946944e-08 -8.87002346e-06  9.43946944e-08  6.92421775e-05 
 9.44446944e-08  8.85419992e-06  9.44446944e-08 -6.66609168e-05 
 9.44946944e-08 -8.57775255e-06  9.44946944e-08  6.42078122e-05 
 9.45446944e-08  8.57125402e-06  9.45446944e-08 -6.17440384e-05 
 9.45946944e-08 -8.30465867e-06  9.45946944e-08  5.94033649e-05 
 9.46446944e-08  8.30629457e-06  9.46446944e-08 -5.70503969e-05 
 9.46946944e-08 -8.04837946e-06  9.46946944e-08  5.48158385e-05 
 9.47446944e-08  8.05714707e-06  9.47446944e-08 -5.25674517e-05 
 9.47946944e-08 -7.80691985e-06  9.47946944e-08  5.04331161e-05 
 9.48446944e-08  7.82197418e-06  9.48446944e-08 -4.82835073e-05 
 9.48946944e-08 -7.57859335e-06  9.48946944e-08  4.62438941e-05 
 9.49446944e-08  7.59922161e-06  9.49446944e-08 -4.41876484e-05 
 9.49946944e-08 -7.36197234e-06  9.49946944e-08  4.22376197e-05 
 9.50446944e-08  7.38757245e-06  9.50446944e-08 -4.02696809e-05 
 9.50946944e-08 -7.15584627e-06  9.50946944e-08  3.84044341e-05 
 9.51446944e-08  7.18590874e-06  9.51446944e-08 -3.65200774e-05 
 9.51946944e-08 -6.95918641e-06  9.51946944e-08  3.47351204e-05 
 9.52446944e-08  6.99327921e-06  9.52446944e-08 -3.29299278e-05 
 9.52946944e-08 -6.77111632e-06  9.52946944e-08  3.12210558e-05 
 9.53446944e-08  6.80887208e-06  9.53446944e-08 -2.94908924e-05 
 9.53946944e-08 -6.59088704e-06  9.53946944e-08  2.78541671e-05 
 9.54446944e-08  6.63199249e-06  9.54446944e-08 -2.61951609e-05 
 9.54946944e-08 -6.41785639e-06  9.54946944e-08  2.46268911e-05 
 9.55446944e-08  6.46204337e-06  9.55446944e-08 -2.30354131e-05 
 9.55946944e-08 -6.25147154e-06  9.55946944e-08  2.15321367e-05 
 9.56446944e-08  6.29850966e-06  9.56446944e-08 -2.00047834e-05 
 9.56946944e-08 -6.09125465e-06  9.56946944e-08  1.85632510e-05 
 9.57446944e-08  6.14094507e-06  9.57446944e-08 -1.70968281e-05 
 9.57946944e-08 -5.93679067e-06  9.57946944e-08  1.57139881e-05 
 9.58446944e-08  5.98896086e-06  9.58446944e-08 -1.43054956e-05 
 9.58946944e-08 -5.78771723e-06  9.58946944e-08  1.29784798e-05 
 9.59446944e-08  5.84221684e-06  9.59446944e-08 -1.16250982e-05 
 9.59946944e-08 -5.64371639e-06  9.59946944e-08  1.03512095e-05 
 9.60446944e-08  5.70041350e-06  9.60446944e-08 -9.05028699e-06 
 9.60946944e-08 -5.50450740e-06  9.60946944e-08  7.82698728e-06 
 9.61446944e-08  5.56328566e-06  9.61446944e-08 -6.57602819e-06 
 9.61946944e-08 -5.36984104e-06  9.61946944e-08  5.40092740e-06 
 9.62446944e-08  5.43059714e-06  9.62446944e-08 -4.19758158e-06 
 9.62946944e-08 -5.23949464e-06  9.62946944e-08  3.06842773e-06 
 9.63446944e-08  5.30213630e-06  9.63446944e-08 -1.91048045e-06 
 9.63946944e-08 -5.11326807e-06  9.63946944e-08  8.25150350e-07 
 9.64446944e-08  5.17771227e-06  9.64446944e-08  2.89486724e-07 
 9.64946944e-08 -4.99098033e-06  9.64946944e-08 -1.33299612e-06 
 9.65446944e-08  5.05715191e-06  9.65446944e-08  2.40629338e-06 
 9.65946944e-08 -4.87246671e-06  9.65946944e-08 -3.40987283e-06 
 9.66446944e-08  4.94029721e-06  9.66446944e-08  4.44369053e-06 
 9.66946944e-08 -4.75757649e-06  9.66946944e-08 -5.40912590e-06 
 9.67446944e-08  4.82700314e-06  9.67446944e-08  6.40522136e-06 
 9.67946944e-08 -4.64617089e-06  9.67946944e-08 -7.33420039e-06 
 9.68446944e-08  4.71713578e-06  9.68446944e-08  8.29423463e-06 
 9.68946944e-08 -4.53812148e-06  9.68946944e-08 -9.18835324e-06 
 9.69446944e-08  4.61057090e-06  9.69446944e-08  1.01138972e-05 
 9.69946944e-08 -4.43330879e-06  9.69946944e-08 -1.09746653e-05 
 9.70446944e-08  4.50719261e-06  9.70446944e-08  1.18672054e-05 
 9.70946944e-08 -4.33162110e-06  9.70946944e-08 -1.26960522e-05 
 9.71446944e-08  4.40689238e-06  9.71446944e-08  1.35569959e-05 
 9.71946944e-08 -4.23295356e-06  9.71946944e-08 -1.43552754e-05 
 9.72446944e-08  4.30956807e-06  9.72446944e-08  1.51859559e-05 
 9.72946944e-08 -4.13720730e-06  9.72946944e-08 -1.59549507e-05 
 9.73446944e-08  4.21512323e-06  9.73446944e-08  1.67566317e-05 
 9.73946944e-08 -4.04428877e-06  9.73946944e-08 -1.74975582e-05 
 9.74446944e-08  4.12346640e-06  9.74446944e-08  1.82714379e-05 
 9.74946944e-08 -3.95410914e-06  9.74946944e-08 -1.89854497e-05 
 9.75446944e-08  4.03451068e-06  9.75446944e-08  1.97326649e-05 
 9.75946944e-08 -3.86658385e-06  9.75946944e-08 -2.04208571e-05 
 9.76446944e-08  3.94817317e-06  9.76446944e-08  2.11424870e-05 
 9.76946944e-08 -3.78163212e-06  9.76946944e-08 -2.18058991e-05 
 9.77446944e-08  3.86437462e-06  9.77446944e-08  2.25029685e-05 
 9.77946944e-08 -3.69917667e-06  9.77946944e-08 -2.31425882e-05 
 9.78446944e-08  3.78303914e-06  9.78446944e-08  2.38160707e-05 
 9.78946944e-08 -3.61914335e-06  9.78946944e-08 -2.44328367e-05 
 9.79446944e-08  3.70409383e-06  9.79446944e-08  2.50836579e-05 
 9.79946944e-08 -3.54146093e-06  9.79946944e-08 -2.56784627e-05 
 9.80446944e-08  3.62746861e-06  9.80446944e-08  2.63075028e-05 
 9.80946944e-08 -3.46606082e-06  9.80946944e-08 -2.68811952e-05 
 9.81446944e-08  3.55309597e-06  9.81446944e-08  2.74892919e-05 
 9.81946944e-08 -3.39287695e-06  9.81946944e-08 -2.80426800e-05 
 9.82446944e-08  3.48091082e-06  9.82446944e-08  2.86306302e-05 
 9.82946944e-08 -3.32184552e-06  9.82946944e-08 -2.91644833e-05 
 9.83446944e-08  3.41085029e-06  9.83446944e-08  2.97330462e-05 
 9.83946944e-08 -3.25290491e-06  9.83946944e-08 -3.02480970e-05 
 9.84446944e-08  3.34285364e-06  9.84446944e-08  3.07979958e-05 
 9.84946944e-08 -3.18599550e-06  9.84946944e-08 -3.12949426e-05 
 9.85446944e-08  3.27686206e-06  9.85446944e-08  3.18268666e-05 
 9.85946944e-08 -3.12105961e-06  9.85946944e-08 -3.23063750e-05 
 9.86446944e-08  3.21281865e-06  9.86446944e-08  3.28209815e-05 
 9.86946944e-08 -3.05804136e-06  9.86946944e-08 -3.32836864e-05 
 9.87446944e-08  3.15066824e-06  9.87446944e-08  3.37816022e-05 
 9.87946944e-08 -2.99688657e-06  9.87946944e-08 -3.42281094e-05 
 9.88446944e-08  3.09035740e-06  9.88446944e-08  3.47099328e-05 
 9.88946944e-08 -2.93754275e-06  9.88946944e-08 -3.51408205e-05 
 9.89446944e-08  3.03183429e-06  9.89446944e-08  3.56071225e-05 
 9.89946944e-08 -2.87995893e-06  9.89946944e-08 -3.60229428e-05 
 9.90446944e-08  2.97504857e-06  9.90446944e-08  3.64742691e-05 
 9.90946944e-08 -2.82408564e-06  9.90946944e-08 -3.68755494e-05 
 9.91446944e-08  2.91995142e-06  9.91446944e-08  3.73124211e-05 
 9.91946944e-08 -2.76987487e-06  9.91946944e-08 -3.76996654e-05 
 9.92446944e-08  2.86649539e-06  9.92446944e-08  3.81225806e-05 
 9.92946944e-08 -2.71727995e-06  9.92946944e-08 -3.84962709e-05 
 9.93446944e-08  2.81463442e-06  9.93446944e-08  3.89057059e-05 
 9.93946944e-08 -2.66625558e-06  9.93946944e-08 -3.92663031e-05 
 9.94446944e-08  2.76432375e-06  9.94446944e-08  3.96627135e-05 
 9.94946944e-08 -2.61675772e-06  9.94946944e-08 -4.00106585e-05 
 9.95446944e-08  2.71551988e-06  9.95446944e-08  4.03944805e-05 
 9.95946944e-08 -2.56874357e-06  9.95946944e-08 -4.07301953e-05 
 9.96446944e-08  2.66818054e-06  9.96446944e-08  4.11018461e-05 
 9.96946944e-08 -2.52217153e-06  9.96946944e-08 -4.14257350e-05 
 9.97446944e-08  2.62226463e-06  9.97446944e-08  4.17856145e-05 
 9.97946944e-08 -2.47700114e-06  9.97946944e-08 -4.20980645e-05 
 9.98446944e-08  2.57773216e-06  9.98446944e-08  4.24465556e-05 
 9.98946944e-08 -2.43319304e-06  9.98946944e-08 -4.27479377e-05 
 9.99446944e-08  2.53454429e-06  9.99446944e-08  4.30854074e-05 
 9.99723472e-08 -2.37389827e-06  9.99723472e-08 -4.36239169e-05 
 1.00000000e-07  2.45977434e-06  1.00000000e-07  4.41867273e-05 
