 5.00000000e-13  6.67612529e-01  5.00000000e-13  2.30544157e+00  5.00000000e-13  6.58368916e-01  5.00000000e-13  2.20328015e+00 
 5.31169920e-13  6.69762187e-01  5.31169920e-13  2.31412306e+00  5.31169920e-13  6.59225215e-01  5.31169920e-13  2.20746231e+00 
 5.93509761e-13  6.73655805e-01  5.93509761e-13  2.32679499e+00  5.93509761e-13  6.60803284e-01  5.93509761e-13  2.21943488e+00 
 7.18189442e-13  6.76709668e-01  7.18189442e-13  2.34895595e+00  7.18189442e-13  6.61951331e-01  7.18189442e-13  2.26692523e+00 
 9.67548804e-13  6.75194720e-01  9.67548804e-13  2.38662080e+00  9.67548804e-13  6.61539490e-01  9.67548804e-13  2.35842948e+00 
 1.28890486e-12  6.70482604e-01  1.28890486e-12  2.37946372e+00  1.28890486e-12  6.60496923e-01  1.28890486e-12  2.38290586e+00 
 1.88990057e-12  6.61621558e-01  1.88990057e-12  2.29669387e+00  1.88990057e-12  6.58362715e-01  1.88990057e-12  2.33804350e+00 
 2.65284830e-12  6.50839146e-01  2.65284830e-12  2.18431791e+00  2.65284830e-12  6.54779224e-01  2.65284830e-12  2.26392587e+00 
 4.17874375e-12  6.30414406e-01  4.17874375e-12  1.95532095e+00  4.17874375e-12  6.44871715e-01  4.17874375e-12  2.09080396e+00 
 7.23053466e-12  5.96441169e-01  7.23053466e-12  1.50811707e+00  7.23053466e-12  6.16946823e-01  7.23053466e-12  1.71219078e+00 
 1.18392949e-11  5.64464400e-01  1.18392949e-11  9.84065134e-01  1.18392949e-11  5.63128946e-01  1.18392949e-11  1.16657024e+00 
 1.95826346e-11  5.61683768e-01  1.95826346e-11  5.32254159e-01  1.95826346e-11  4.73774837e-01  1.95826346e-11  4.95604173e-01 
 3.19831533e-11  6.35491391e-01  3.19831533e-11  5.37856789e-01  3.19831533e-11  4.19291668e-01  3.19831533e-11  9.46292557e-02 
 5.00000000e-11  7.04554984e-01  5.00000000e-11  1.46030628e+00  5.00000000e-11  5.76829430e-01  5.00000000e-11  8.25284008e-02 
 5.24801037e-11  6.96936535e-01  5.24801037e-11  1.64173014e+00  5.24801037e-11  6.17085260e-01  5.24801037e-11  8.87631472e-02 
 5.74403112e-11  6.70963657e-01  5.74403112e-11  1.99424872e+00  5.74403112e-11  7.01759686e-01  5.74403112e-11  1.03843358e-01 
 6.73607261e-11  5.55383103e-01  6.73607261e-11  2.55872073e+00  6.73607261e-11  8.92493581e-01  6.73607261e-11  1.39009879e-01 
 8.72015559e-11  1.48658314e-01  8.72015559e-11  3.04009927e+00  8.72015559e-11  1.14538078e+00  8.72015559e-11  2.34845301e-01 
 1.25111377e-10 -1.64562829e-02  1.25111377e-10  3.21149573e+00  1.25111377e-10  1.20134127e+00  1.25111377e-10  7.18032345e-01 
 1.62555688e-10  1.65047659e-02  1.62555688e-10  3.18943120e+00  1.62555688e-10  1.18729311e+00  1.62555688e-10  1.93331278e+00 
 2.00000000e-10 -1.44939355e-02  2.00000000e-10  3.00376087e+00  2.00000000e-10  1.20821964e+00  2.00000000e-10  2.87991159e+00 
 2.05000000e-10 -2.72881198e-03  2.05000000e-10  2.94378716e+00  2.05000000e-10  1.20502620e+00  2.05000000e-10  2.92984278e+00 
 2.15000000e-10  1.62172123e-03  2.15000000e-10  2.76352377e+00  2.15000000e-10  1.19950036e+00  2.15000000e-10  3.00574594e+00 
 2.35000000e-10 -1.63433726e-03  2.35000000e-10  1.90178093e+00  2.35000000e-10  1.19536236e+00  2.35000000e-10  3.07521084e+00 
 2.75000000e-10  1.54113508e-03  2.75000000e-10  2.30501915e-01  2.75000000e-10  1.19976751e+00  2.75000000e-10  3.08877574e+00 
 3.20849274e-10 -1.27128533e-03  3.20849274e-10 -1.40256142e-03  3.20849274e-10  1.20009253e+00  3.20849274e-10  3.14893870e+00 
 3.63589006e-10  1.07698824e-03  3.63589006e-10  3.34589816e-02  3.63589006e-10  1.19983425e+00  3.63589006e-10  3.23693709e+00 
 4.13589006e-10 -9.42323053e-04  4.13589006e-10 -1.54548953e-02  4.13589006e-10  1.20017223e+00  4.13589006e-10  3.26799462e+00 
 4.63589006e-10  8.33464363e-04  4.63589006e-10  1.26371748e-02  4.63589006e-10  1.19983719e+00  4.63589006e-10  3.28125548e+00 
 5.13589006e-10 -7.39519030e-04  5.13589006e-10 -8.43350195e-03  5.13589006e-10  1.20014238e+00  5.13589006e-10  3.28932769e+00 
 5.63589006e-10  6.60125370e-04  5.63589006e-10  6.90283182e-03  5.63589006e-10  1.19987945e+00  5.63589006e-10  3.29403062e+00 
 6.13589006e-10 -5.89958271e-04  6.13589006e-10 -5.05545728e-03  6.13589006e-10  1.20009796e+00  6.13589006e-10  3.29646859e+00 
 6.63589006e-10  5.29183628e-04  6.63589006e-10  4.18636268e-03  6.63589006e-10  1.19992191e+00  6.63589006e-10  3.29812821e+00 
 7.13589006e-10 -4.74754447e-04  7.13589006e-10 -3.30826080e-03  7.13589006e-10  1.20006014e+00  7.13589006e-10  3.29881271e+00 
 7.63589006e-10  4.26990473e-04  7.63589006e-10  2.80869600e-03  7.63589006e-10  1.19995448e+00  7.63589006e-10  3.29942109e+00 
 8.13589006e-10 -3.84137841e-04  8.13589006e-10 -2.35421582e-03  8.13589006e-10  1.20003304e+00  8.13589006e-10  3.29959753e+00 
 8.63589006e-10  3.45778906e-04  8.63589006e-10  2.05600078e-03  8.63589006e-10  1.19997663e+00  8.63589006e-10  3.29981803e+00 
 9.13589006e-10 -3.11416173e-04  9.13589006e-10 -1.79803190e-03  9.13589006e-10  1.20001539e+00  9.13589006e-10  3.29987196e+00 
 9.63589006e-10  2.80638372e-04  9.63589006e-10  1.61058909e-03  9.63589006e-10  1.19999049e+00  9.63589006e-10  3.29993013e+00 
 1.01358901e-09 -2.52903743e-04  1.01358901e-09 -1.45086236e-03  1.01358901e-09  1.20000474e+00  1.01358901e-09  3.29997546e+00 
 1.06358901e-09  2.28082766e-04  1.06358901e-09  1.32591405e-03  1.06358901e-09  1.19999853e+00  1.06358901e-09  3.29995415e+00 
 1.11358901e-09 -2.05609769e-04  1.11358901e-09 -1.21907147e-03  1.11358901e-09  1.19999884e+00  1.11358901e-09  3.30001995e+00 
 1.16358901e-09  1.85533024e-04  1.16358901e-09  1.13114727e-03  1.16358901e-09  1.20000275e+00  1.16358901e-09  3.29995255e+00 
 1.21358901e-09 -1.67277622e-04  1.21358901e-09 -1.05511008e-03  1.21358901e-09  1.19999596e+00  1.21358901e-09  3.30004266e+00 
 1.26358901e-09  1.50976796e-04  1.26358901e-09  9.90506974e-04  1.26358901e-09  1.20000460e+00  1.26358901e-09  3.29994483e+00 
 1.31358901e-09 -1.36158832e-04  1.31358901e-09 -9.33644861e-04  1.31358901e-09  1.19999492e+00  1.31358901e-09  3.30005635e+00 
 1.36358901e-09  1.22941976e-04  1.36358901e-09  8.84357048e-04  1.36358901e-09  1.20000504e+00  1.36358901e-09  3.29993691e+00 
 1.41358901e-09 -1.10862192e-04  1.41358901e-09 -8.40483094e-04  1.41358901e-09  1.19999493e+00  1.41358901e-09  3.30006558e+00 
 1.46358901e-09  1.00140170e-04  1.46358901e-09  8.01814634e-04  1.46358901e-09  1.20000472e+00  1.46358901e-09  3.29993020e+00 
 1.51358901e-09 -9.02834080e-05  1.51358901e-09 -7.67063620e-04  1.51358901e-09  1.19999549e+00  1.51358901e-09  3.30007220e+00 
 1.56358901e-09  8.15837527e-05  1.56358901e-09  7.36043997e-04  1.56358901e-09  1.20000400e+00  1.56358901e-09  3.29992490e+00 
 1.61358901e-09 -7.35340374e-05  1.61358901e-09 -7.07941234e-04  1.61358901e-09  1.19999630e+00  1.61358901e-09  3.30007706e+00 
 1.66358901e-09  6.64761574e-05  1.66358901e-09  6.82591902e-04  1.66358901e-09  1.20000314e+00  1.66358901e-09  3.29992086e+00 
 1.71358901e-09 -5.98965899e-05  1.71358901e-09 -6.59464472e-04  1.71358901e-09  1.19999719e+00  1.71358901e-09  3.30008061e+00 
 1.76358901e-09  5.41729042e-05  1.76358901e-09  6.38409673e-04  1.76358901e-09  1.20000227e+00  1.76358901e-09  3.29991789e+00 
 1.81358901e-09 -4.87900821e-05  1.81358901e-09 -6.19078375e-04  1.81358901e-09  1.19999804e+00  1.81358901e-09  3.30008317e+00 
 1.86358901e-09  4.41514468e-05  1.86358901e-09  6.01329226e-04  1.86358901e-09  1.20000144e+00  1.86358901e-09  3.29991577e+00 
 1.91358901e-09 -3.97431958e-05  1.91358901e-09 -5.84937081e-04  1.91358901e-09  1.19999883e+00  1.91358901e-09  3.30008494e+00 
 1.96358901e-09  3.59874742e-05  1.96358901e-09  5.69765188e-04  1.96358901e-09  1.20000071e+00  1.96358901e-09  3.29991434e+00 
 2.01358901e-09 -3.23730819e-05  2.01358901e-09 -5.55675671e-04  2.01358901e-09  1.19999952e+00  2.01358901e-09  3.30008609e+00 
 2.06358901e-09  2.93360833e-05  2.06358901e-09  5.42534940e-04  2.06358901e-09  1.20000007e+00  2.06358901e-09  3.29991346e+00 
 2.11358901e-09 -2.63684671e-05  2.11358901e-09 -5.30267875e-04  2.11358901e-09  1.20000010e+00  2.11358901e-09  3.30008674e+00 
 2.16358901e-09  2.39167087e-05  2.16358901e-09  5.18743603e-04  2.16358901e-09  1.19999953e+00  2.16358901e-09  3.29991304e+00 
 2.21358901e-09 -2.14761040e-05  2.21358901e-09 -5.07932647e-04  2.21358901e-09  1.20000060e+00  2.21358901e-09  3.30008698e+00 
 2.26358901e-09  1.95009986e-05  2.26358901e-09  4.97706880e-04  2.26358901e-09  1.19999908e+00  2.26358901e-09  3.29991298e+00 
 2.31358901e-09 -1.74898541e-05  2.31358901e-09 -4.88070147e-04  2.31358901e-09  1.20000101e+00  2.31358901e-09  3.30008689e+00 
 2.36358901e-09  1.59030251e-05  2.36358901e-09  4.78897291e-04  2.36358901e-09  1.19999871e+00  2.36358901e-09  3.29991321e+00 
 2.41358901e-09 -1.42418651e-05  2.41358901e-09 -4.70216402e-04  2.41358901e-09  1.20000134e+00  2.41358901e-09  3.30008654e+00 
 2.46358901e-09  1.29713589e-05  2.46358901e-09  4.61905588e-04  2.46358901e-09  1.19999841e+00  2.46358901e-09  3.29991368e+00 
 2.51358901e-09 -1.15954245e-05  2.51358901e-09 -4.54010385e-04  2.51358901e-09  1.20000161e+00  2.51358901e-09  3.30008597e+00 
 2.56358901e-09  1.05826433e-05  2.56358901e-09  4.46412469e-04  2.56358901e-09  1.19999817e+00  2.56358901e-09  3.29991435e+00 
 2.61358901e-09 -9.43916108e-06  2.61358901e-09 -4.39169678e-04  2.61358901e-09  1.20000182e+00  2.61358901e-09  3.30008522e+00 
 2.66358901e-09  8.63637404e-06  2.66358901e-09  4.32167528e-04  2.66358901e-09  1.19999798e+00  2.66358901e-09  3.29991517e+00 
 2.71358901e-09 -7.68233508e-06  2.71358901e-09 -4.25472236e-04  2.71358901e-09  1.20000199e+00  2.71358901e-09  3.30008432e+00 
 2.76358901e-09  7.05065742e-06  2.76358901e-09  4.18973394e-04  2.76358901e-09  1.19999784e+00  2.76358901e-09  3.29991613e+00 
 2.81358901e-09 -6.25100893e-06  2.81358901e-09 -4.12742592e-04  2.81358901e-09  1.20000212e+00  2.81358901e-09  3.30008331e+00 
 2.86358901e-09  5.75875891e-06  2.86358901e-09  4.06673693e-04  2.86358901e-09  1.19999772e+00  2.86358901e-09  3.29991720e+00 
 2.91358901e-09 -5.08493173e-06  2.91358901e-09 -4.00841350e-04  2.91358901e-09  1.20000222e+00  2.91358901e-09  3.30008221e+00 
 2.96358901e-09  4.70629433e-06  2.96358901e-09  3.95143849e-04  2.96358901e-09  1.19999764e+00  2.96358901e-09  3.29991835e+00 
 3.01358901e-09 -4.13500333e-06  3.01358901e-09 -3.89657135e-04  3.01358901e-09  1.20000230e+00  3.01358901e-09  3.30008102e+00 
 3.06358901e-09  3.84894266e-06  3.06358901e-09  3.84284023e-04  3.06358901e-09  1.19999757e+00  3.06358901e-09  3.29991957e+00 
 3.11358901e-09 -3.36120945e-06  3.11358901e-09 -3.79100396e-04  3.11358901e-09  1.20000235e+00  3.11358901e-09  3.30007977e+00 
 3.16358901e-09  3.15058335e-06  3.16358901e-09  3.74013672e-04  3.16358901e-09  1.19999753e+00  3.16358901e-09  3.29992085e+00 
 3.21358901e-09 -2.73093976e-06  3.21358901e-09 -3.69098637e-04  3.21358901e-09  1.20000239e+00  3.21358901e-09  3.30007847e+00 
 3.26358901e-09  2.58177876e-06  3.26358901e-09  3.64267345e-04  3.26358901e-09  1.19999750e+00  3.26358901e-09  3.29992217e+00 
 3.31358901e-09 -2.21761777e-06  3.31358901e-09 -3.59592709e-04  3.31358901e-09  1.20000241e+00  3.31358901e-09  3.30007713e+00 
 3.36358901e-09  2.11853770e-06  3.36358901e-09  3.54991424e-04  3.36358901e-09  1.19999748e+00  3.36358901e-09  3.29992353e+00 
 3.41358901e-09 -1.79958436e-06  3.41358901e-09 -3.50533952e-04  3.41358901e-09  1.20000242e+00  3.41358901e-09  3.30007575e+00 
 3.46358901e-09  1.74130787e-06  3.46358901e-09  3.46141602e-04  3.46358901e-09  1.19999748e+00  3.46358901e-09  3.29992492e+00 
 3.51358901e-09 -1.45918808e-06  3.51358901e-09 -3.41881965e-04  3.51358901e-09  1.20000242e+00  3.51358901e-09  3.30007435e+00 
 3.56358901e-09  1.43415476e-06  3.56358901e-09  3.37680915e-04  3.56358901e-09  1.19999748e+00  3.56358901e-09  3.29992633e+00 
 3.61358901e-09 -1.18204374e-06  3.61358901e-09 -3.33602876e-04  3.61358901e-09  1.20000242e+00  3.61358901e-09  3.30007294e+00 
 3.66358901e-09  1.18409246e-06  3.66358901e-09  3.29578216e-04  3.66358901e-09  1.19999749e+00  3.66358901e-09  3.29992775e+00 
 3.71358901e-09 -9.56428298e-07  3.71358901e-09 -3.25667991e-04  3.71358901e-09  1.20000241e+00  3.71358901e-09  3.30007151e+00 
 3.76358901e-09  9.80538222e-07  3.76358901e-09  3.21806980e-04  3.76358901e-09  1.19999750e+00  3.76358901e-09  3.29992919e+00 
 3.81358901e-09 -7.72788249e-07  3.81358901e-09 -3.18052746e-04  3.81358901e-09  1.20000239e+00  3.81358901e-09  3.30007007e+00 
 3.86358901e-09  8.14867944e-07  3.86358901e-09  3.14344377e-04  3.86358901e-09  1.19999752e+00  3.86358901e-09  3.29993063e+00 
 3.91358901e-09 -6.23338423e-07  3.91358901e-09 -3.10735881e-04  3.91358901e-09  1.20000238e+00  3.91358901e-09  3.30006863e+00 
 3.96358901e-09  6.80053849e-07  3.96358901e-09  3.07170544e-04  3.96358901e-09  1.19999754e+00  3.96358901e-09  3.29993207e+00 
 4.01358901e-09 -5.01734764e-07  4.01358901e-09 -3.03698800e-04  4.01358901e-09  1.20000235e+00  4.01358901e-09  3.30006718e+00 
 4.06358901e-09  5.70369148e-07  4.06358901e-09  3.00268016e-04  4.06358901e-09  1.19999756e+00  4.06358901e-09  3.29993352e+00 
 4.11358901e-09 -4.02807747e-07  4.11358901e-09 -2.96925070e-04  4.11358901e-09  1.20000233e+00  4.11358901e-09  3.30006574e+00 
 4.16358901e-09  4.81147380e-07  4.16358901e-09  2.93621281e-04  4.16358901e-09  1.19999758e+00  4.16358901e-09  3.29993496e+00 
 4.21358901e-09 -3.22345089e-07  4.21358901e-09 -2.90400020e-04  4.21358901e-09  1.20000231e+00  4.21358901e-09  3.30006430e+00 
 4.26358901e-09  4.08586230e-07  4.26358901e-09  2.87216429e-04  4.26358901e-09  1.19999761e+00  4.26358901e-09  3.29993639e+00 
 4.31358901e-09 -2.56914588e-07  4.31358901e-09 -2.84110436e-04  4.31358901e-09  1.20000228e+00  4.31358901e-09  3.30006287e+00 
 4.36358901e-09  3.49587590e-07  4.36358901e-09  2.81040875e-04  4.36358901e-09  1.19999764e+00  4.36358901e-09  3.29993782e+00 
 4.41358901e-09 -2.03719806e-07  4.41358901e-09 -2.78044313e-04  4.41358901e-09  1.20000225e+00  4.41358901e-09  3.30006145e+00 
 4.46358901e-09  3.01627305e-07  4.46358901e-09  2.75083143e-04  4.46358901e-09  1.19999766e+00  4.46358901e-09  3.29993924e+00 
 4.51358901e-09 -1.60482402e-07  4.51358901e-09 -2.72190663e-04  4.51358901e-09  1.20000222e+00  4.51358901e-09  3.30006003e+00 
 4.56358901e-09  2.62648917e-07  4.56358901e-09  2.69332693e-04  4.56358901e-09  1.19999769e+00  4.56358901e-09  3.29994065e+00 
 4.61358901e-09 -1.25346249e-07  4.61358901e-09 -2.66539363e-04  4.61358901e-09  1.20000220e+00  4.61358901e-09  3.30005863e+00 
 4.66358901e-09  2.30977091e-07  4.66358901e-09  2.63779785e-04  4.66358901e-09  1.19999772e+00  4.66358901e-09  3.29994205e+00 
 4.71358901e-09 -9.67992681e-08  4.71358901e-09 -2.61081027e-04  4.71358901e-09  1.20000217e+00  4.71358901e-09  3.30005724e+00 
 4.76358901e-09  2.05247125e-07  4.76358901e-09  2.58415366e-04  4.76358901e-09  1.19999775e+00  4.76358901e-09  3.29994343e+00 
 4.81358901e-09 -7.36098005e-08  4.81358901e-09 -2.55806914e-04  4.81358901e-09  1.20000214e+00  4.81358901e-09  3.30005586e+00 
 4.86358901e-09  1.84347395e-07  4.86358901e-09  2.53230986e-04  4.86358901e-09  1.19999778e+00  4.86358901e-09  3.29994480e+00 
 4.91358901e-09 -5.47746121e-08  4.91358901e-09 -2.50708846e-04  4.91358901e-09  1.20000211e+00  4.91358901e-09  3.30005450e+00 
 4.96358901e-09  1.67372516e-07  4.96358901e-09  2.48218722e-04  4.96358901e-09  1.19999781e+00  4.96358901e-09  3.29994616e+00 
 5.01358901e-09 -3.94766503e-08  5.01358901e-09 -2.45779142e-04  5.01358901e-09  1.20000208e+00  5.01358901e-09  3.30005315e+00 
 5.06358901e-09  1.53585154e-07  5.06358901e-09  2.43371127e-04  5.06358901e-09  1.19999783e+00  5.06358901e-09  3.29994750e+00 
 5.11358901e-09 -2.70505721e-08  5.11358901e-09 -2.41010571e-04  5.11358901e-09  1.20000205e+00  5.11358901e-09  3.30005182e+00 
 5.16358901e-09  1.42384934e-07  5.16358901e-09  2.38681173e-04  5.16358901e-09  1.19999786e+00  5.16358901e-09  3.29994882e+00 
 5.21358901e-09 -1.69546382e-08  5.21358901e-09 -2.36396302e-04  5.21358901e-09  1.20000203e+00  5.21358901e-09  3.30005050e+00 
 5.26358901e-09  1.33283018e-07  5.26358901e-09  2.34142221e-04  5.26358901e-09  1.19999789e+00  5.26358901e-09  3.29995013e+00 
 5.31358901e-09 -8.74779434e-09  5.31358901e-09 -2.31929873e-04  5.31358901e-09  1.20000200e+00  5.31358901e-09  3.30004920e+00 
 5.36358901e-09  1.25881489e-07  5.36358901e-09  2.29747981e-04  5.36358901e-09  1.19999792e+00  5.36358901e-09  3.29995142e+00 
 5.41358901e-09 -2.07106369e-09  5.41358901e-09 -2.27605159e-04  5.41358901e-09  1.20000197e+00  5.41358901e-09  3.30004792e+00 
 5.46358901e-09  1.19856501e-07  5.46358901e-09  2.25492485e-04  5.46358901e-09  1.19999795e+00  5.46358901e-09  3.29995270e+00 
 5.51358901e-09  3.36769904e-09  5.51358901e-09 -2.23416345e-04  5.51358901e-09  1.20000194e+00  5.51358901e-09  3.30004665e+00 
 5.56358901e-09  1.14944534e-07  5.56358901e-09  2.21370068e-04  5.56358901e-09  1.19999797e+00  5.56358901e-09  3.29995396e+00 
 5.61358901e-09  7.80614972e-09  5.61358901e-09 -2.19357903e-04  5.61358901e-09  1.20000192e+00  5.61358901e-09  3.30004541e+00 
 5.66358901e-09  1.10931243e-07  5.66358901e-09  2.17375339e-04  5.66358901e-09  1.19999800e+00  5.66358901e-09  3.29995519e+00 
 5.71358901e-09  1.14376006e-08  5.71358901e-09 -2.15424575e-04  5.71358901e-09  1.20000189e+00  5.71358901e-09  3.30004418e+00 
 5.76358901e-09  1.07642315e-07  5.76358901e-09  2.13503169e-04  5.76358901e-09  1.19999803e+00  5.76358901e-09  3.29995642e+00 
 5.81358901e-09  1.44192129e-08  5.81358901e-09 -2.11611356e-04  5.81358901e-09  1.20000186e+00  5.81358901e-09  3.30004296e+00 
 5.86358901e-09  1.04936051e-07  5.86358901e-09  2.09748674e-04  5.86358901e-09  1.19999805e+00  5.86358901e-09  3.29995762e+00 
 5.91358901e-09  1.68787290e-08  5.91358901e-09 -2.07913476e-04  5.91358901e-09  1.20000184e+00  5.91358901e-09  3.30004177e+00 
 5.96358901e-09  1.02697312e-07  5.96358901e-09  2.06107198e-04  5.96358901e-09  1.19999808e+00  5.96358901e-09  3.29995880e+00 
 6.01358901e-09  1.89199011e-08  6.01358901e-09 -2.04326387e-04  6.01358901e-09  1.20000181e+00  6.01358901e-09  3.30004059e+00 
 6.06358901e-09  1.00832629e-07  6.06358901e-09  2.02574299e-04  6.06358901e-09  1.19999810e+00  6.06358901e-09  3.29995997e+00 
 6.11358901e-09  2.06269393e-08  6.11358901e-09 -2.00845752e-04  6.11358901e-09  1.20000179e+00  6.11358901e-09  3.30003944e+00 
 6.16358901e-09  9.92661236e-08  6.16358901e-09  1.99145745e-04  6.16358901e-09  1.19999813e+00  6.16358901e-09  3.29996112e+00 
 6.21358901e-09  2.20681720e-08  6.21358901e-09 -1.97467434e-04  6.21358901e-09  1.20000176e+00  6.21358901e-09  3.30003830e+00 
 6.26358901e-09  9.79362766e-08  6.26358901e-09  1.95817491e-04  6.26358901e-09  1.19999815e+00  6.26358901e-09  3.29996225e+00 
 6.31358901e-09  2.32989845e-08  6.31358901e-09 -1.94187481e-04  6.31358901e-09  1.20000174e+00  6.31358901e-09  3.30003718e+00 
 6.36358901e-09  9.67932627e-08  6.36358901e-09  1.92585681e-04  6.36358901e-09  1.19999818e+00  6.36358901e-09  3.29996336e+00 
 6.41358901e-09  2.43641970e-08  6.41358901e-09 -1.91002124e-04  6.41358901e-09  1.20000171e+00  6.41358901e-09  3.30003607e+00 
 6.46358901e-09  9.57967455e-08  6.46358901e-09  1.89446628e-04  6.46358901e-09  1.19999820e+00  6.46358901e-09  3.29996445e+00 
 6.51358901e-09  2.53000934e-08  6.51358901e-09 -1.87907760e-04  6.51358901e-09  1.20000169e+00  6.51358901e-09  3.30003499e+00 
 6.56358901e-09  9.49141149e-08  6.56358901e-09  1.86396814e-04  6.56358901e-09  1.19999822e+00  6.56358901e-09  3.29996553e+00 
 6.61358901e-09  2.61359518e-08  6.61358901e-09 -1.84900948e-04  6.61358901e-09  1.20000167e+00  6.61358901e-09  3.30003392e+00 
 6.66358901e-09  9.41191022e-08  6.66358901e-09  1.83432876e-04  6.66358901e-09  1.19999825e+00  6.66358901e-09  3.29996659e+00 
 6.71358901e-09  2.68953618e-08  6.71358901e-09 -1.81978401e-04  6.71358901e-09  1.20000164e+00  6.71358901e-09  3.30003288e+00 
 6.76358901e-09  9.33905233e-08  6.76358901e-09  1.80551601e-04  6.76358901e-09  1.19999827e+00  6.76358901e-09  3.29996763e+00 
 6.81358901e-09  2.75972940e-08  6.81358901e-09 -1.79136977e-04  6.81358901e-09  1.20000162e+00  6.81358901e-09  3.30003185e+00 
 6.86358901e-09  9.27113917e-08  6.86358901e-09  1.77749917e-04  6.86358901e-09  1.19999829e+00  6.86358901e-09  3.29996865e+00 
 6.91358901e-09  2.82569867e-08  6.91358901e-09 -1.76373672e-04  6.91358901e-09  1.20000160e+00  6.91358901e-09  3.30003083e+00 
 6.96358901e-09  9.20680665e-08  6.96358901e-09  1.75024888e-04  6.96358901e-09  1.19999831e+00  6.96358901e-09  3.29996965e+00 
 7.01358901e-09  2.88866153e-08  7.01358901e-09 -1.73685614e-04  7.01358901e-09  1.20000158e+00  7.01358901e-09  3.30002984e+00 
 7.06358901e-09  9.14496762e-08  7.06358901e-09  1.72373707e-04  7.06358901e-09  1.19999833e+00  7.06358901e-09  3.29997064e+00 
 7.11358901e-09  2.94958708e-08  7.11358901e-09 -1.71070057e-04  7.11358901e-09  1.20000156e+00  7.11358901e-09  3.30002886e+00 
 7.16358901e-09  9.08476090e-08  7.16358901e-09  1.69793689e-04  7.16358901e-09  1.19999836e+00  7.16358901e-09  3.29997161e+00 
 7.21358901e-09  3.00924268e-08  7.21358901e-09 -1.68524375e-04  7.21358901e-09  1.20000154e+00  7.21358901e-09  3.30002790e+00 
 7.26358901e-09  9.02550201e-08  7.26358901e-09  1.67282265e-04  7.26358901e-09  1.19999838e+00  7.26358901e-09  3.29997256e+00 
 7.31358901e-09  3.06823389e-08  7.31358901e-09 -1.66046055e-04  7.31358901e-09  1.20000152e+00  7.31358901e-09  3.30002696e+00 
 7.36358901e-09  8.96665744e-08  7.36358901e-09  1.64836977e-04  7.36358901e-09  1.19999840e+00  7.36358901e-09  3.29997349e+00 
 7.41358901e-09  3.12703217e-08  7.41358901e-09 -1.63632693e-04  7.41358901e-09  1.20000150e+00  7.41358901e-09  3.30002603e+00 
 7.46358901e-09  8.90781114e-08  7.46358901e-09  1.62455475e-04  7.46358901e-09  1.19999842e+00  7.46358901e-09  3.29997441e+00 
 7.51358901e-09  3.18600362e-08  7.51358901e-09 -1.61281987e-04  7.51358901e-09  1.20000148e+00  7.51358901e-09  3.30002512e+00 
 7.56358901e-09  8.84864244e-08  7.56358901e-09  1.60135508e-04  7.56358901e-09  1.19999844e+00  7.56358901e-09  3.29997531e+00 
 7.61358901e-09  3.24542684e-08  7.61358901e-09 -1.58991736e-04  7.61358901e-09  1.20000146e+00  7.61358901e-09  3.30002423e+00 
 7.66358901e-09  8.78890947e-08  7.66358901e-09  1.57874921e-04  7.66358901e-09  1.19999846e+00  7.66358901e-09  3.29997620e+00 
 7.71358901e-09  3.30551151e-08  7.71358901e-09 -1.56759831e-04  7.71358901e-09  1.20000144e+00  7.71358901e-09  3.30002335e+00 
 7.76358901e-09  8.72843240e-08  7.76358901e-09  1.55671652e-04  7.76358901e-09  1.19999848e+00  7.76358901e-09  3.29997707e+00 
 7.81358901e-09  3.36640890e-08  7.81358901e-09 -1.54584253e-04  7.81358901e-09  1.20000142e+00  7.81358901e-09  3.30002249e+00 
 7.86358901e-09  8.66708554e-08  7.86358901e-09  1.53523724e-04  7.86358901e-09  1.19999849e+00  7.86358901e-09  3.29997792e+00 
 7.91358901e-09  3.42822590e-08  7.91358901e-09 -1.52463067e-04  7.91358901e-09  1.20000140e+00  7.91358901e-09  3.30002165e+00 
 7.96358901e-09  8.60477811e-08  7.96358901e-09  1.51429246e-04  7.96358901e-09  1.19999851e+00  7.96358901e-09  3.29997875e+00 
 8.01358901e-09  3.49103405e-08  8.01358901e-09 -1.50394422e-04  8.01358901e-09  1.20000138e+00  8.01358901e-09  3.30002082e+00 
 8.06358901e-09  8.54145607e-08  8.06358901e-09  1.49386403e-04  8.06358901e-09  1.19999853e+00  8.06358901e-09  3.29997957e+00 
 8.11358901e-09  3.55487471e-08  8.11358901e-09 -1.48376542e-04  8.11358901e-09  1.20000136e+00  8.11358901e-09  3.30002001e+00 
 8.16358901e-09  8.47709012e-08  8.16358901e-09  1.47393460e-04  8.16358901e-09  1.19999855e+00  8.16358901e-09  3.29998038e+00 
 8.21358901e-09  3.61976628e-08  8.21358901e-09 -1.46407725e-04  8.21358901e-09  1.20000135e+00  8.21358901e-09  3.30001921e+00 
 8.26358901e-09  8.41166997e-08  8.26358901e-09  1.45448749e-04  8.26358901e-09  1.19999857e+00  8.26358901e-09  3.29998117e+00 
 8.31358901e-09  3.68570974e-08  8.31358901e-09 -1.44486342e-04  8.31358901e-09  1.20000133e+00  8.31358901e-09  3.30001843e+00 
 8.36358901e-09  8.34520553e-08  8.36358901e-09  1.43550676e-04  8.36358901e-09  1.19999858e+00  8.36358901e-09  3.29998194e+00 
 8.41358901e-09  3.75268863e-08  8.41358901e-09 -1.42610827e-04  8.41358901e-09  1.20000131e+00  8.41358901e-09  3.30001766e+00 
 8.46358901e-09  8.27771538e-08  8.46358901e-09  1.41697708e-04  8.46358901e-09  1.19999860e+00  8.46358901e-09  3.29998270e+00 
 8.51358901e-09  3.82068020e-08  8.51358901e-09 -1.40779682e-04  8.51358901e-09  1.20000129e+00  8.51358901e-09  3.30001691e+00 
 8.56358901e-09  8.20922824e-08  8.56358901e-09  1.39888378e-04  8.56358901e-09  1.19999862e+00  8.56358901e-09  3.29998345e+00 
 8.61358901e-09  3.88965097e-08  8.61358901e-09 -1.38991469e-04  8.61358901e-09  1.20000128e+00  8.61358901e-09  3.30001617e+00 
 8.66358901e-09  8.13978284e-08  8.66358901e-09  1.38121276e-04  8.66358901e-09  1.19999863e+00  8.66358901e-09  3.29998418e+00 
 8.71358901e-09  3.95955836e-08  8.71358901e-09 -1.37244806e-04  8.71358901e-09  1.20000126e+00  8.71358901e-09  3.30001545e+00 
 8.76358901e-09  8.06942252e-08  8.76358901e-09  1.36395051e-04  8.76358901e-09  1.19999865e+00  8.76358901e-09  3.29998489e+00 
 8.81358901e-09  4.03035686e-08  8.81358901e-09 -1.35538369e-04  8.81358901e-09  1.20000125e+00  8.81358901e-09  3.30001474e+00 
 8.86358901e-09  7.99819513e-08  8.86358901e-09  1.34708406e-04  8.86358901e-09  1.19999867e+00  8.86358901e-09  3.29998559e+00 
 8.91358901e-09  4.10199978e-08  8.91358901e-09 -1.33870887e-04  8.91358901e-09  1.20000123e+00  8.91358901e-09  3.30001405e+00 
 8.96358901e-09  7.92614890e-08  8.96358901e-09  1.33060093e-04  8.96358901e-09  1.19999868e+00  8.96358901e-09  3.29998628e+00 
 9.01358901e-09  4.17443360e-08  9.01358901e-09 -1.32241139e-04  9.01358901e-09  1.20000121e+00  9.01358901e-09  3.30001337e+00 
 9.06358901e-09  7.85333740e-08  9.06358901e-09  1.31448918e-04  9.06358901e-09  1.19999870e+00  9.06358901e-09  3.29998695e+00 
 9.11358901e-09  4.24760737e-08  9.11358901e-09 -1.30647952e-04  9.11358901e-09  1.20000120e+00  9.11358901e-09  3.30001270e+00 
 9.16358901e-09  7.77981358e-08  9.16358901e-09  1.29873731e-04  9.16358901e-09  1.19999871e+00  9.16358901e-09  3.29998762e+00 
 9.21358901e-09  4.32146614e-08  9.21358901e-09 -1.29090200e-04  9.21358901e-09  1.20000118e+00  9.21358901e-09  3.30001205e+00 
 9.26358901e-09  7.70563226e-08  9.26358901e-09  1.28333429e-04  9.26358901e-09  1.19999873e+00  9.26358901e-09  3.29998826e+00 
 9.31358901e-09  4.39595471e-08  9.31358901e-09 -1.27566801e-04  9.31358901e-09  1.20000117e+00  9.31358901e-09  3.30001141e+00 
 9.36358901e-09  7.63084781e-08  9.36358901e-09  1.26826950e-04  9.36358901e-09  1.19999874e+00  9.36358901e-09  3.29998890e+00 
 9.41358901e-09  4.47102056e-08  9.41358901e-09 -1.26076715e-04  9.41358901e-09  1.20000116e+00  9.41358901e-09  3.30001078e+00 
 9.46358901e-09  7.55551221e-08  9.46358901e-09  1.25353274e-04  9.46358901e-09  1.19999876e+00  9.46358901e-09  3.29998952e+00 
 9.51358901e-09  4.54660999e-08  9.51358901e-09 -1.24618941e-04  9.51358901e-09  1.20000114e+00  9.51358901e-09  3.30001016e+00 
 9.56358901e-09  7.47968013e-08  9.56358901e-09  1.23911423e-04  9.56358901e-09  1.19999877e+00  9.56358901e-09  3.29999013e+00 
 9.61358901e-09  4.62266980e-08  9.61358901e-09 -1.23192518e-04  9.61358901e-09  1.20000113e+00  9.61358901e-09  3.30000956e+00 
 9.66358901e-09  7.40340359e-08  9.66358901e-09  1.22500451e-04  9.66358901e-09  1.19999878e+00  9.66358901e-09  3.29999072e+00 
 9.71358901e-09  4.69914929e-08  9.71358901e-09 -1.21796521e-04  9.71358901e-09  1.20000111e+00  9.71358901e-09  3.30000897e+00 
 9.76358901e-09  7.32673267e-08  9.76358901e-09  1.21119453e-04  9.76358901e-09  1.19999880e+00  9.76358901e-09  3.29999131e+00 
 9.81358901e-09  4.77599738e-08  9.81358901e-09 -1.20430059e-04  9.81358901e-09  1.20000110e+00  9.81358901e-09  3.30000839e+00 
 9.86358901e-09  7.24971785e-08  9.86358901e-09  1.19767556e-04  9.86358901e-09  1.19999881e+00  9.86358901e-09  3.29999188e+00 
 9.91358901e-09  4.85316533e-08  9.91358901e-09 -1.19092278e-04  9.91358901e-09  1.20000109e+00  9.91358901e-09  3.30000783e+00 
 9.95679450e-09  7.16631908e-08  9.95679450e-09  1.18340959e-04  9.95679450e-09  1.19999882e+00  9.95679450e-09  3.29999248e+00 
 1.00000000e-08  4.94280232e-08  1.00000000e-08 -1.17578904e-04  1.00000000e-08  1.20000107e+00  1.00000000e-08  3.30000719e+00 
 1.00050000e-08 -8.95547404e-06  1.00050000e-08 -6.06735639e-05  1.00050000e-08  1.19991924e+00  1.00050000e-08  3.29971180e+00 
 1.00150000e-08  6.34406525e-06  1.00150000e-08 -8.16777203e-07  1.00150000e-08  1.19996646e+00  1.00150000e-08  3.29970095e+00 
 1.00350000e-08  3.47427283e-06  1.00350000e-08  2.23785279e-05  1.00350000e-08  1.20006214e+00  1.00350000e-08  3.29995924e+00 
 1.00750000e-08 -5.35312452e-06  1.00750000e-08  1.15919402e-05  1.00750000e-08  1.19996486e+00  1.00750000e-08  3.30016125e+00 
 1.01250000e-08  2.64047624e-05  1.01250000e-08  1.47434144e-04  1.01250000e-08  1.20059958e+00  1.01250000e-08  3.30213603e+00 
 1.01625000e-08  5.15877273e-06  1.01625000e-08  1.56792180e-04  1.01625000e-08  1.20102144e+00  1.01625000e-08  3.30432654e+00 
 1.02000000e-08 -2.11894156e-04  1.02000000e-08 -1.31227385e-04  1.02000000e-08  1.19647975e+00  1.02000000e-08  3.30334932e+00 
 1.02050000e-08 -1.30870706e-04  1.02050000e-08 -2.50528978e-04  1.02050000e-08  1.19623405e+00  1.02050000e-08  3.30244509e+00 
 1.02150000e-08  1.72885792e-04  1.02150000e-08 -6.35140562e-04  1.02150000e-08  1.19784766e+00  1.02150000e-08  3.29941580e+00 
 1.02350000e-08  2.67091874e-04  1.02350000e-08 -1.05929302e-03  1.02350000e-08  1.20258969e+00  1.02350000e-08  3.29109293e+00 
 1.02718109e-08 -2.55051375e-04  1.02718109e-08  7.67342455e-05  1.02718109e-08  1.19998190e+00  1.02718109e-08  3.28852731e+00 
 1.03128780e-08  1.46551412e-04  1.03128780e-08  8.91507223e-04  1.03128780e-08  1.19985252e+00  1.03128780e-08  3.30024358e+00 
 1.03573019e-08 -7.90595076e-05  1.03573019e-08  1.43836614e-05  1.03573019e-08  1.20040157e+00  1.03573019e-08  3.30415039e+00 
 1.04073019e-08  3.28556246e-05  1.04073019e-08 -1.98809397e-04  1.04073019e-08  1.19953523e+00  1.04073019e-08  3.30075344e+00 
 1.04573019e-08  3.68476799e-07  1.04573019e-08  1.01221769e-04  1.04573019e-08  1.20047897e+00  1.04573019e-08  3.30134982e+00 
 1.05073019e-08 -2.35659172e-05  1.05073019e-08 -1.35585730e-04  1.05073019e-08  1.19953017e+00  1.05073019e-08  3.30020965e+00 
 1.05573019e-08  3.96241133e-05  1.05573019e-08  1.07021075e-04  1.05573019e-08  1.20043662e+00  1.05573019e-08  3.30066229e+00 
 1.06073019e-08 -4.99167043e-05  1.06073019e-08 -1.24432690e-04  1.06073019e-08  1.19960009e+00  1.06073019e-08  3.29992735e+00 
 1.06573019e-08  5.63335176e-05  1.06573019e-08  1.14558100e-04  1.06573019e-08  1.20035538e+00  1.06573019e-08  3.30040710e+00 
 1.07073019e-08 -5.94857538e-05  1.07073019e-08 -1.21837777e-04  1.07073019e-08  1.19968580e+00  1.07073019e-08  3.29981684e+00 
 1.07573019e-08  6.06610793e-05  1.07573019e-08  1.17456344e-04  1.07573019e-08  1.20027192e+00  1.07573019e-08  3.30029392e+00 
 1.08073019e-08 -5.99579549e-05  1.08073019e-08 -1.19586387e-04  1.08073019e-08  1.19976482e+00  1.08073019e-08  3.29978439e+00 
 1.08573019e-08  5.83813140e-05  1.08573019e-08  1.16872979e-04  1.08573019e-08  1.20019988e+00  1.08573019e-08  3.30023712e+00 
 1.09073019e-08 -5.57611713e-05  1.09073019e-08 -1.16459703e-04  1.09073019e-08  1.19982986e+00  1.09073019e-08  3.29978425e+00 
 1.09573019e-08  5.28758547e-05  1.09573019e-08  1.14105365e-04  1.09573019e-08  1.20014246e+00  1.09573019e-08  3.30020401e+00 
 1.10073019e-08 -4.94254047e-05  1.10073019e-08 -1.12395663e-04  1.10073019e-08  1.19988034e+00  1.10073019e-08  3.29979655e+00 
 1.10573019e-08  4.60562556e-05  1.10573019e-08  1.09997984e-04  1.10573019e-08  1.20009878e+00  1.10573019e-08  3.30018161e+00 
 1.11073019e-08 -4.23905109e-05  1.11073019e-08 -1.07630787e-04  1.11073019e-08  1.19991810e+00  1.11073019e-08  3.29981275e+00 
 1.11573019e-08  3.89972562e-05  1.11573019e-08  1.05106129e-04  1.11573019e-08  1.20006652e+00  1.11573019e-08  3.30016437e+00 
 1.12073019e-08 -3.54511944e-05  1.12073019e-08 -1.02422535e-04  1.12073019e-08  1.19994568e+00  1.12073019e-08  3.29982932e+00 
 1.12573019e-08  3.22764669e-05  1.12573019e-08  9.97978976e-05  1.12573019e-08  1.20004318e+00  1.12573019e-08  3.30014993e+00 
 1.13073019e-08 -2.90188440e-05  1.13073019e-08 -9.69886447e-05  1.13073019e-08  1.19996546e+00  1.13073019e-08  3.29984491e+00 
 1.13573019e-08  2.61768156e-05  1.13573019e-08  9.43197001e-05  1.13573019e-08  1.20002656e+00  1.13573019e-08  3.30013725e+00 
 1.14073019e-08 -2.32802937e-05  1.14073019e-08 -9.14875401e-05  1.14073019e-08  1.19997947e+00  1.14073019e-08  3.29985915e+00 
 1.14573019e-08  2.08086486e-05  1.14573019e-08  8.88299499e-05  1.14573019e-08  1.20001487e+00  1.14573019e-08  3.30012590e+00 
 1.15073019e-08 -1.82862569e-05  1.15073019e-08 -8.60555332e-05  1.15073019e-08  1.19998928e+00  1.15073019e-08  3.29987181e+00 
 1.15573019e-08  1.61843455e-05  1.15573019e-08  8.34493499e-05  1.15573019e-08  1.20000672e+00  1.15573019e-08  3.30011560e+00 
 1.16073019e-08 -1.40203208e-05  1.16073019e-08 -8.07640604e-05  1.16073019e-08  1.19999608e+00  1.16073019e-08  3.29988312e+00 
 1.16573019e-08  1.22632660e-05  1.16573019e-08  7.82388716e-05  1.16573019e-08  1.20000110e+00  1.16573019e-08  3.30010623e+00 
 1.17073019e-08 -1.04264258e-05  1.17073019e-08 -7.56642535e-05  1.17073019e-08  1.20000075e+00  1.17073019e-08  3.29989322e+00 
 1.17573019e-08  8.97891079e-06  1.17573019e-08  7.32396646e-05  1.17573019e-08  1.19999726e+00  1.17573019e-08  3.30009771e+00 
 1.18073019e-08 -7.43173077e-06  1.18073019e-08 -7.07868955e-05  1.18073019e-08  1.20000393e+00  1.18073019e-08  3.29990226e+00 
 1.18573019e-08  6.25507856e-06  1.18573019e-08  6.84739146e-05  1.18573019e-08  1.19999467e+00  1.18573019e-08  3.30008994e+00 
 1.19073019e-08 -4.95897355e-06  1.19073019e-08 -6.61472037e-05  1.19073019e-08  1.20000606e+00  1.19073019e-08  3.29991037e+00 
 1.19573019e-08  4.01513150e-06  1.19573019e-08  6.39505883e-05  1.19573019e-08  1.19999295e+00  1.19573019e-08  3.30008286e+00 
 1.20073019e-08 -2.93335743e-06  1.20073019e-08 -6.17495815e-05  1.20073019e-08  1.20000747e+00  1.20073019e-08  3.29991768e+00 
 1.20573019e-08  2.18699731e-06  1.20573019e-08  5.96697491e-05  1.20573019e-08  1.19999182e+00  1.20573019e-08  3.30007639e+00 
 1.21073019e-08 -1.28610206e-06  1.21073019e-08 -5.75911688e-05  1.21073019e-08  1.20000838e+00  1.21073019e-08  3.29992429e+00 
 1.21573019e-08  7.05582188e-07  1.21573019e-08  5.56256474e-05  1.21573019e-08  1.19999111e+00  1.21573019e-08  3.30007048e+00 
 1.22073019e-08  4.40135992e-08  1.22073019e-08 -5.36644230e-05  1.22073019e-08  1.20000895e+00  1.22073019e-08  3.29993030e+00 
 1.22573019e-08 -4.86357578e-07  1.22573019e-08  5.18089137e-05  1.22573019e-08  1.19999068e+00  1.22573019e-08  3.30006505e+00 
 1.23073019e-08  1.11028551e-06  1.23073019e-08 -4.99589619e-05  1.23073019e-08  1.20000928e+00  1.23073019e-08  3.29993578e+00 
 1.23573019e-08 -1.43823036e-06  1.23573019e-08  4.82081003e-05  1.23573019e-08  1.19999045e+00  1.23573019e-08  3.30006007e+00 
 1.24073019e-08  1.95837811e-06  1.24073019e-08 -4.64628604e-05  1.24073019e-08  1.20000945e+00  1.24073019e-08  3.29994079e+00 
 1.24573019e-08 -2.19210320e-06  1.24573019e-08  4.48107481e-05  1.24573019e-08  1.19999035e+00  1.24573019e-08  3.30005548e+00 
 1.25073019e-08  2.62695718e-06  1.25073019e-08 -4.31635440e-05  1.25073019e-08  1.20000951e+00  1.25073019e-08  3.29994538e+00 
 1.25573019e-08 -2.78342558e-06  1.25573019e-08  4.16041116e-05  1.25573019e-08  1.19999033e+00  1.25573019e-08  3.30005123e+00 
 1.26073019e-08  3.14846811e-06  1.26073019e-08 -4.00483899e-05  1.26073019e-08  1.20000950e+00  1.26073019e-08  3.29994962e+00 
 1.26573019e-08 -3.24183346e-06  1.26573019e-08  3.85756376e-05  1.26573019e-08  1.19999038e+00  1.26573019e-08  3.30004731e+00 
 1.27073019e-08  3.54994512e-06  1.27073019e-08 -3.71051177e-05  1.27073019e-08  1.20000943e+00  1.27073019e-08  3.29995353e+00 
 1.27573019e-08 -3.59194745e-06  1.27573019e-08  3.57132676e-05  1.27573019e-08  1.19999046e+00  1.27573019e-08  3.30004366e+00 
 1.28073019e-08  3.85378764e-06  1.28073019e-08 -3.43220296e-05  1.28073019e-08  1.20000934e+00  1.28073019e-08  3.29995715e+00 
 1.28573019e-08 -3.85411882e-06  1.28573019e-08  3.30056162e-05  1.28573019e-08  1.19999057e+00  1.28573019e-08  3.30004027e+00 
 1.29073019e-08  4.07847076e-06  1.29073019e-08 -3.16881457e-05  1.29073019e-08  1.20000923e+00  1.29073019e-08  3.29996052e+00 
 1.29573019e-08 -4.04510069e-06  1.29573019e-08  3.04420636e-05  1.29573019e-08  1.19999069e+00  1.29573019e-08  3.30003711e+00 
 1.30073019e-08  4.23917595e-06  1.30073019e-08 -2.91932671e-05  1.30073019e-08  1.20000910e+00  1.30073019e-08  3.29996365e+00 
 1.30573019e-08 -4.17863730e-06  1.30573019e-08  2.80127891e-05  1.30573019e-08  1.19999082e+00  1.30573019e-08  3.30003416e+00 
 1.31073019e-08  4.34833938e-06  1.31073019e-08 -2.68279894e-05  1.31073019e-08  1.20000897e+00  1.31073019e-08  3.29996658e+00 
 1.31573019e-08 -4.26597211e-06  1.31573019e-08  2.57087652e-05  1.31573019e-08  1.19999096e+00  1.31573019e-08  3.30003139e+00 
 1.32073019e-08  4.41612140e-06  1.32073019e-08 -2.45836849e-05  1.32073019e-08  1.20000883e+00  1.32073019e-08  3.29996932e+00 
 1.32573019e-08 -4.31628020e-06  1.32573019e-08  2.35217275e-05  1.32573019e-08  1.19999110e+00  1.32573019e-08  3.30002880e+00 
 1.33073019e-08  4.45080396e-06  1.33073019e-08 -2.24524646e-05  1.33073019e-08  1.20000869e+00  1.33073019e-08  3.29997188e+00 
 1.33573019e-08 -4.33703265e-06  1.33573019e-08  2.14441293e-05  1.33573019e-08  1.19999124e+00  1.33573019e-08  3.30002637e+00 
 1.34073019e-08  4.45912420e-06  1.34073019e-08 -2.04271291e-05  1.34073019e-08  1.20000856e+00  1.34073019e-08  3.29997429e+00 
 1.34573019e-08 -4.33430129e-06  1.34573019e-08  1.94690884e-05  1.34573019e-08  1.19999138e+00  1.34573019e-08  3.30002407e+00 
 1.35073019e-08  4.44655252e-06  1.35073019e-08 -1.85011137e-05  1.35073019e-08  1.20000842e+00  1.35073019e-08  3.29997656e+00 
 1.35573019e-08 -4.31301207e-06  1.35573019e-08  1.75903310e-05  1.35573019e-08  1.19999152e+00  1.35573019e-08  3.30002191e+00 
 1.36073019e-08  4.41752310e-06  1.36073019e-08 -1.66684329e-05  1.36073019e-08  1.20000828e+00  1.36073019e-08  3.29997869e+00 
 1.36573019e-08 -4.27715454e-06  1.36573019e-08  1.58021356e-05  1.36573019e-08  1.19999166e+00  1.36573019e-08  3.30001987e+00 
 1.37073019e-08  4.37562433e-06  1.37073019e-08 -1.49236245e-05  1.37073019e-08  1.20000815e+00  1.37073019e-08  3.29998070e+00 
 1.37573019e-08 -4.22995466e-06  1.37573019e-08  1.40992784e-05  1.37573019e-08  1.19999179e+00  1.37573019e-08  3.30001795e+00 
 1.38073019e-08  4.32375534e-06  1.38073019e-08 -1.32616979e-05  1.38073019e-08  1.20000802e+00  1.38073019e-08  3.29998261e+00 
 1.38573019e-08 -4.17401663e-06  1.38573019e-08  1.24769829e-05  1.38573019e-08  1.19999193e+00  1.38573019e-08  3.30001613e+00 
 1.39073019e-08  4.26425455e-06  1.39073019e-08 -1.16780848e-05  1.39073019e-08  1.20000789e+00  1.39073019e-08  3.29998440e+00 
 1.39573019e-08 -4.11143912e-06  1.39573019e-08  1.09308726e-05  1.39573019e-08  1.19999205e+00  1.39573019e-08  3.30001440e+00 
 1.40073019e-08  4.19900470e-06  1.40073019e-08 -1.01685947e-05  1.40073019e-08  1.20000776e+00  1.40073019e-08  3.29998611e+00 
 1.40573019e-08 -4.04391030e-06  1.40573019e-08  9.45692884e-06  1.40573019e-08  1.19999218e+00  1.40573019e-08  3.30001277e+00 
 1.41073019e-08  4.12951885e-06  1.41073019e-08 -8.72937477e-06  1.41073019e-08  1.20000764e+00  1.41073019e-08  3.29998772e+00 
 1.41573019e-08 -3.97278550e-06  1.41573019e-08  8.05145157e-06  1.41573019e-08  1.19999231e+00  1.41573019e-08  3.30001122e+00 
 1.42073019e-08  4.05701036e-06  1.42073019e-08 -7.35687276e-06  1.42073019e-08  1.20000752e+00  1.42073019e-08  3.29998925e+00 
 1.42573019e-08 -3.89915030e-06  1.42573019e-08  6.71102553e-06  1.42573019e-08  1.19999243e+00  1.42573019e-08  3.30000974e+00 
 1.43073019e-08  3.98244989e-06  1.43073019e-08 -6.04780518e-06  1.43073019e-08  1.20000740e+00  1.43073019e-08  3.29999070e+00 
 1.43573019e-08 -3.82387199e-06  1.43573019e-08  5.43248935e-06  1.43573019e-08  1.19999255e+00  1.43573019e-08  3.30000834e+00 
 1.44073019e-08  3.90661179e-06  1.44073019e-08 -4.79912827e-06  1.44073019e-08  1.20000728e+00  1.44073019e-08  3.29999208e+00 
 1.44573019e-08 -3.74764136e-06  1.44573019e-08  4.21290857e-06  1.44573019e-08  1.19999266e+00  1.44573019e-08  3.30000701e+00 
 1.45073019e-08  3.83011177e-06  1.45073019e-08 -3.60801271e-06  1.45073019e-08  1.20000716e+00  1.45073019e-08  3.29999340e+00 
 1.45573019e-08 -3.67100665e-06  1.45573019e-08  3.04955172e-06  1.45573019e-08  1.19999278e+00  1.45573019e-08  3.30000575e+00 
 1.46073019e-08  3.75343746e-06  1.46073019e-08 -2.47182121e-06  1.46073019e-08  1.20000705e+00  1.46073019e-08  3.29999464e+00 
 1.46573019e-08 -3.59440109e-06  1.46573019e-08  1.93986938e-06  1.46573019e-08  1.19999289e+00  1.46573019e-08  3.30000454e+00 
 1.47073019e-08  3.67697321e-06  1.47073019e-08 -1.38808881e-06  1.47073019e-08  1.20000694e+00  1.47073019e-08  3.29999583e+00 
 1.47573019e-08 -3.51816517e-06  1.47573019e-08  8.81475599e-07  1.47573019e-08  1.19999300e+00  1.47573019e-08  3.30000339e+00 
 1.48073019e-08  3.60102017e-06  1.48073019e-08 -3.54505667e-07  1.48073019e-08  1.20000683e+00  1.48073019e-08  3.29999696e+00 
 1.48573019e-08 -3.44256475e-06  1.48573019e-08 -1.27868161e-07  1.48573019e-08  1.19999311e+00  1.48573019e-08  3.30000230e+00 
 1.49073019e-08  3.52581251e-06  1.49073019e-08  6.31098147e-07  1.49073019e-08  1.20000673e+00  1.49073019e-08  3.29999804e+00 
 1.49573019e-08 -3.36780565e-06  1.49573019e-08 -1.09026732e-06  1.49573019e-08  1.19999321e+00  1.49573019e-08  3.30000126e+00 
 1.50073019e-08  3.45153063e-06  1.50073019e-08  1.57076591e-06  1.50073019e-08  1.20000662e+00  1.50073019e-08  3.29999907e+00 
 1.50573019e-08 -3.29404547e-06  1.50573019e-08 -2.00770663e-06  1.50573019e-08  1.19999332e+00  1.50573019e-08  3.30000026e+00 
 1.51073019e-08  3.37831174e-06  1.51073019e-08  2.46642590e-06  1.51073019e-08  1.20000652e+00  1.51073019e-08  3.30000005e+00 
 1.51573019e-08 -3.22140322e-06  1.51573019e-08 -2.88206106e-06  1.51573019e-08  1.19999342e+00  1.51573019e-08  3.29999931e+00 
 1.52073019e-08  3.30625846e-06  1.52073019e-08  3.31990171e-06  1.52073019e-08  1.20000642e+00  1.52073019e-08  3.30000098e+00 
 1.52573019e-08 -3.14996690e-06  1.52573019e-08 -3.71510555e-06  1.52573019e-08  1.19999352e+00  1.52573019e-08  3.29999841e+00 
 1.53073019e-08  3.23544576e-06  1.53073019e-08  4.13292121e-06  1.53073019e-08  1.20000632e+00  1.53073019e-08  3.30000187e+00 
 1.53573019e-08 -3.07979984e-06  1.53573019e-08 -4.50852330e-06  1.53573019e-08  1.19999362e+00  1.53573019e-08  3.29999754e+00 
 1.54073019e-08  3.16592655e-06  1.54073019e-08  4.90712449e-06  1.54073019e-08  1.20000622e+00  1.54073019e-08  3.30000272e+00 
 1.54573019e-08 -3.01094567e-06  1.54573019e-08 -5.26391342e-06  1.54573019e-08  1.19999371e+00  1.54573019e-08  3.29999672e+00 
 1.55073019e-08  3.09773618e-06  1.55073019e-08  5.64407093e-06  1.55073019e-08  1.20000613e+00  1.55073019e-08  3.30000354e+00 
 1.55573019e-08 -2.94343240e-06  1.55573019e-08 -5.98279739e-06  1.55573019e-08  1.19999381e+00  1.55573019e-08  3.29999593e+00 
 1.56073019e-08  3.03089608e-06  1.56073019e-08  6.34524535e-06  1.56073019e-08  1.20000604e+00  1.56073019e-08  3.30000431e+00 
 1.56573019e-08 -2.87727562e-06  1.56573019e-08 -6.66662500e-06  1.56573019e-08  1.19999390e+00  1.56573019e-08  3.29999518e+00 
 1.57073019e-08  2.96541663e-06  1.57073019e-08  7.01206357e-06  1.57073019e-08  1.20000594e+00  1.57073019e-08  3.30000505e+00 
 1.57573019e-08 -2.81248112e-06  1.57573019e-08 -7.31677952e-06  1.57573019e-08  1.19999399e+00  1.57573019e-08  3.29999447e+00 
 1.58073019e-08  2.90129957e-06  1.58073019e-08  7.64587725e-06  1.58073019e-08  1.20000585e+00  1.58073019e-08  3.30000576e+00 
 1.58573019e-08 -2.74904704e-06  1.58573019e-08 -7.93458233e-06  1.58573019e-08  1.19999408e+00  1.58573019e-08  3.29999378e+00 
 1.59073019e-08  2.83853984e-06  1.59073019e-08  8.24797834e-06  1.59073019e-08  1.20000576e+00  1.59073019e-08  3.30000643e+00 
 1.59573019e-08 -2.68696555e-06  1.59573019e-08 -8.52129703e-06  1.59573019e-08  1.19999417e+00  1.59573019e-08  3.29999313e+00 
 1.60073019e-08  2.77712710e-06  1.60073019e-08  8.81960293e-06  1.60073019e-08  1.20000568e+00  1.60073019e-08  3.30000707e+00 
 1.60573019e-08 -2.62622413e-06  1.60573019e-08 -9.07813325e-06  1.60573019e-08  1.19999426e+00  1.60573019e-08  3.29999250e+00 
 1.61073019e-08  2.71704696e-06  1.61073019e-08  9.36193484e-06  1.61073019e-08  1.20000559e+00  1.61073019e-08  3.30000769e+00 
 1.61573019e-08 -2.56680675e-06  1.61573019e-08 -9.60624986e-06  1.61573019e-08  1.19999434e+00  1.61573019e-08  3.29999191e+00 
 1.62073019e-08  2.65828193e-06  1.62073019e-08  9.87610871e-06  1.62073019e-08  1.20000551e+00  1.62073019e-08  3.30000827e+00 
 1.62573019e-08 -2.50869466e-06  1.62573019e-08 -1.01067581e-05  1.62573019e-08  1.19999443e+00  1.62573019e-08  3.29999134e+00 
 1.63073019e-08  2.60081218e-06  1.63073019e-08  1.03632129e-05  1.63073019e-08  1.20000542e+00  1.63073019e-08  3.30000883e+00 
 1.63573019e-08 -2.45186713e-06  1.63573019e-08 -1.05807242e-05  1.63573019e-08  1.19999451e+00  1.63573019e-08  3.29999080e+00 
 1.64073019e-08  2.54461617e-06  1.64073019e-08  1.08242923e-05  1.64073019e-08  1.20000534e+00  1.64073019e-08  3.30000937e+00 
 1.64573019e-08 -2.39630195e-06  1.64573019e-08 -1.10291721e-05  1.64573019e-08  1.19999459e+00  1.64573019e-08  3.29999028e+00 
 1.65073019e-08  2.48967112e-06  1.65073019e-08  1.12603501e-05  1.65073019e-08  1.20000526e+00  1.65073019e-08  3.30000988e+00 
 1.65573019e-08 -2.34197589e-06  1.65573019e-08 -1.14530854e-05  1.65573019e-08  1.19999467e+00  1.65573019e-08  3.29998978e+00 
 1.66073019e-08  2.43595344e-06  1.66073019e-08  1.16723508e-05  1.66073019e-08  1.20000518e+00  1.66073019e-08  3.30001036e+00 
 1.66573019e-08 -2.28886505e-06  1.66573019e-08 -1.18534096e-05  1.66573019e-08  1.19999475e+00  1.66573019e-08  3.29998931e+00 
 1.67073019e-08  2.38343896e-06  1.67073019e-08  1.20612215e-05  1.67073019e-08  1.20000511e+00  1.67073019e-08  3.30001082e+00 
 1.67573019e-08 -2.23694512e-06  1.67573019e-08 -1.22310540e-05  1.67573019e-08  1.19999483e+00  1.67573019e-08  3.29998886e+00 
 1.68073019e-08  2.33210327e-06  1.68073019e-08  1.24278540e-05  1.68073019e-08  1.20000503e+00  1.68073019e-08  3.30001127e+00 
 1.68573019e-08 -2.18619159e-06  1.68573019e-08 -1.25868934e-05  1.68573019e-08  1.19999490e+00  1.68573019e-08  3.29998844e+00 
 1.69073019e-08  2.28192181e-06  1.69073019e-08  1.27731066e-05  1.69073019e-08  1.20000495e+00  1.69073019e-08  3.30001169e+00 
 1.69573019e-08 -2.13657994e-06  1.69573019e-08 -1.29217700e-05  1.69573019e-08  1.19999498e+00  1.69573019e-08  3.29998803e+00 
 1.70073019e-08  2.23287008e-06  1.70073019e-08  1.30978055e-05  1.70073019e-08  1.20000488e+00  1.70073019e-08  3.30001209e+00 
 1.70573019e-08 -2.08808572e-06  1.70573019e-08 -1.32364943e-05  1.70573019e-08  1.19999505e+00  1.70573019e-08  3.29998764e+00 
 1.71073019e-08  2.18492375e-06  1.71073019e-08  1.34027463e-05  1.71073019e-08  1.20000481e+00  1.71073019e-08  3.30001247e+00 
 1.71573019e-08 -2.04068473e-06  1.71573019e-08 -1.35318472e-05  1.71573019e-08  1.19999512e+00  1.71573019e-08  3.29998727e+00 
 1.72073019e-08  2.13805870e-06  1.72073019e-08  1.36886951e-05  1.72073019e-08  1.20000474e+00  1.72073019e-08  3.30001283e+00 
 1.72573019e-08 -1.99435299e-06  1.72573019e-08 -1.38085809e-05  1.72573019e-08  1.19999519e+00  1.72573019e-08  3.29998692e+00 
 1.73073019e-08  2.09225114e-06  1.73073019e-08  1.39563905e-05  1.73073019e-08  1.20000467e+00  1.73073019e-08  3.30001318e+00 
 1.73573019e-08 -1.94906688e-06  1.73573019e-08 -1.40674200e-05  1.73573019e-08  1.19999526e+00  1.73573019e-08  3.29998658e+00 
 1.74073019e-08  2.04747763e-06  1.74073019e-08  1.42065437e-05  1.74073019e-08  1.20000460e+00  1.74073019e-08  3.30001351e+00 
 1.74573019e-08 -1.90480317e-06  1.74573019e-08 -1.43090631e-05  1.74573019e-08  1.19999533e+00  1.74573019e-08  3.29998626e+00 
 1.75073019e-08  2.00371510e-06  1.75073019e-08  1.44398406e-05  1.75073019e-08  1.20000453e+00  1.75073019e-08  3.30001382e+00 
 1.75573019e-08 -1.86153901e-06  1.75573019e-08 -1.45341834e-05  1.75573019e-08  1.19999540e+00  1.75573019e-08  3.29998596e+00 
 1.76073019e-08  1.96094095e-06  1.76073019e-08  1.46569422e-05  1.76073019e-08  1.20000446e+00  1.76073019e-08  3.30001412e+00 
 1.76573019e-08 -1.81925199e-06  1.76573019e-08 -1.47434302e-05  1.76573019e-08  1.19999547e+00  1.76573019e-08  3.29998567e+00 
 1.77073019e-08  1.91913296e-06  1.77073019e-08  1.48584861e-05  1.77073019e-08  1.20000440e+00  1.77073019e-08  3.30001440e+00 
 1.77573019e-08 -1.77792014e-06  1.77573019e-08 -1.49374293e-05  1.77573019e-08  1.19999553e+00  1.77573019e-08  3.29998540e+00 
 1.78073019e-08  1.87826939e-06  1.78073019e-08  1.50450868e-05  1.78073019e-08  1.20000433e+00  1.78073019e-08  3.30001467e+00 
 1.78573019e-08 -1.73752193e-06  1.78573019e-08 -1.51167843e-05  1.78573019e-08  1.19999560e+00  1.78573019e-08  3.29998514e+00 
 1.79073019e-08  1.83832893e-06  1.79073019e-08  1.52173371e-05  1.79073019e-08  1.20000427e+00  1.79073019e-08  3.30001492e+00 
 1.79573019e-08 -1.69803630e-06  1.79573019e-08 -1.52820774e-05  1.79573019e-08  1.19999566e+00  1.79573019e-08  3.29998489e+00 
 1.80073019e-08  1.79929074e-06  1.80073019e-08  1.53758087e-05  1.80073019e-08  1.20000421e+00  1.80073019e-08  3.30001516e+00 
 1.80573019e-08 -1.65944264e-06  1.80573019e-08 -1.54338701e-05  1.80573019e-08  1.19999572e+00  1.80573019e-08  3.29998466e+00 
 1.81073019e-08  1.76113443e-06  1.81073019e-08  1.55210531e-05  1.81073019e-08  1.20000414e+00  1.81073019e-08  3.30001539e+00 
 1.81573019e-08 -1.62172076e-06  1.81573019e-08 -1.55727039e-05  1.81573019e-08  1.19999578e+00  1.81573019e-08  3.29998444e+00 
 1.82073019e-08  1.72384004e-06  1.82073019e-08  1.56536022e-05  1.82073019e-08  1.20000408e+00  1.82073019e-08  3.30001560e+00 
 1.82573019e-08 -1.58485095e-06  1.82573019e-08 -1.56991013e-05  1.82573019e-08  1.19999585e+00  1.82573019e-08  3.29998423e+00 
 1.83073019e-08  1.68738809e-06  1.83073019e-08  1.57739692e-05  1.83073019e-08  1.20000402e+00  1.83073019e-08  3.30001581e+00 
 1.83573019e-08 -1.54881394e-06  1.83573019e-08 -1.58135663e-05  1.83573019e-08  1.19999590e+00  1.83573019e-08  3.29998404e+00 
 1.84073019e-08  1.65175951e-06  1.84073019e-08  1.58826491e-05  1.84073019e-08  1.20000396e+00  1.84073019e-08  3.30001600e+00 
 1.84573019e-08 -1.51359088e-06  1.84573019e-08 -1.59165852e-05  1.84573019e-08  1.19999596e+00  1.84573019e-08  3.29998385e+00 
 1.85073019e-08  1.61693565e-06  1.85073019e-08  1.59801194e-05  1.85073019e-08  1.20000391e+00  1.85073019e-08  3.30001618e+00 
 1.85573019e-08 -1.47916334e-06  1.85573019e-08 -1.60086270e-05  1.85573019e-08  1.19999602e+00  1.85573019e-08  3.29998368e+00 
 1.86073019e-08  1.58289830e-06  1.86073019e-08  1.60668410e-05  1.86073019e-08  1.20000385e+00  1.86073019e-08  3.30001635e+00 
 1.86573019e-08 -1.44551333e-06  1.86573019e-08 -1.60901443e-05  1.86573019e-08  1.19999608e+00  1.86573019e-08  3.29998352e+00 
 1.87073019e-08  1.54962969e-06  1.87073019e-08  1.61432583e-05  1.87073019e-08  1.20000379e+00  1.87073019e-08  3.30001651e+00 
 1.87573019e-08 -1.41262326e-06  1.87573019e-08 -1.61615737e-05  1.87573019e-08  1.19999613e+00  1.87573019e-08  3.29998336e+00 
 1.88073019e-08  1.51711240e-06  1.88073019e-08  1.62098001e-05  1.88073019e-08  1.20000374e+00  1.88073019e-08  3.30001666e+00 
 1.88573019e-08 -1.38047594e-06  1.88573019e-08 -1.62233363e-05  1.88573019e-08  1.19999619e+00  1.88573019e-08  3.29998322e+00 
 1.89073019e-08  1.48532947e-06  1.89073019e-08  1.62668802e-05  1.89073019e-08  1.20000368e+00  1.89073019e-08  3.30001680e+00 
 1.89573019e-08 -1.34905457e-06  1.89573019e-08 -1.62758384e-05  1.89573019e-08  1.19999624e+00  1.89573019e-08  3.29998309e+00 
 1.90073019e-08  1.45426425e-06  1.90073019e-08  1.63148976e-05  1.90073019e-08  1.20000363e+00  1.90073019e-08  3.30001693e+00 
 1.90573019e-08 -1.31834275e-06  1.90573019e-08 -1.63194722e-05  1.90573019e-08  1.19999629e+00  1.90573019e-08  3.29998296e+00 
 1.91073019e-08  1.42390056e-06  1.91073019e-08  1.63542373e-05  1.91073019e-08  1.20000358e+00  1.91073019e-08  3.30001705e+00 
 1.91573019e-08 -1.28832442e-06  1.91573019e-08 -1.63546157e-05  1.91573019e-08  1.19999635e+00  1.91573019e-08  3.29998285e+00 
 1.92073019e-08  1.39422250e-06  1.92073019e-08  1.63852709e-05  1.92073019e-08  1.20000353e+00  1.92073019e-08  3.30001716e+00 
 1.92573019e-08 -1.25898392e-06  1.92573019e-08 -1.63816336e-05  1.92573019e-08  1.19999640e+00  1.92573019e-08  3.29998274e+00 
 1.93073019e-08  1.36521459e-06  1.93073019e-08  1.64083564e-05  1.93073019e-08  1.20000348e+00  1.93073019e-08  3.30001727e+00 
 1.93573019e-08 -1.23030592e-06  1.93573019e-08 -1.64008779e-05  1.93573019e-08  1.19999645e+00  1.93573019e-08  3.29998264e+00 
 1.94073019e-08  1.33686172e-06  1.94073019e-08  1.64238394e-05  1.94073019e-08  1.20000343e+00  1.94073019e-08  3.30001736e+00 
 1.94573019e-08 -1.20227549e-06  1.94573019e-08 -1.64126879e-05  1.94573019e-08  1.19999650e+00  1.94573019e-08  3.29998255e+00 
 1.95073019e-08  1.30914905e-06  1.95073019e-08  1.64320533e-05  1.95073019e-08  1.20000338e+00  1.95073019e-08  3.30001745e+00 
 1.95573019e-08 -1.17487797e-06  1.95573019e-08 -1.64173910e-05  1.95573019e-08  1.19999655e+00  1.95573019e-08  3.29998246e+00 
 1.96073019e-08  1.28206215e-06  1.96073019e-08  1.64333195e-05  1.96073019e-08  1.20000333e+00  1.96073019e-08  3.30001753e+00 
 1.96573019e-08 -1.14809908e-06  1.96573019e-08 -1.64153027e-05  1.96573019e-08  1.19999660e+00  1.96573019e-08  3.29998238e+00 
 1.97073019e-08  1.25558688e-06  1.97073019e-08  1.64279480e-05  1.97073019e-08  1.20000328e+00  1.97073019e-08  3.30001761e+00 
 1.97573019e-08 -1.12192485e-06  1.97573019e-08 -1.64067275e-05  1.97573019e-08  1.19999664e+00  1.97573019e-08  3.29998231e+00 
 1.98073019e-08  1.22970943e-06  1.98073019e-08  1.64162378e-05  1.98073019e-08  1.20000323e+00  1.98073019e-08  3.30001768e+00 
 1.98573019e-08 -1.09634164e-06  1.98573019e-08 -1.63919589e-05  1.98573019e-08  1.19999669e+00  1.98573019e-08  3.29998225e+00 
 1.99073019e-08  1.20441632e-06  1.99073019e-08  1.63984770e-05  1.99073019e-08  1.20000319e+00  1.99073019e-08  3.30001774e+00 
 1.99536509e-08 -1.07036287e-06  1.99536509e-08 -1.63703499e-05  1.99536509e-08  1.19999674e+00  1.99536509e-08  3.29998219e+00 
 2.00000000e-08  1.17777083e-06  2.00000000e-08  1.63728562e-05  2.00000000e-08  1.20000314e+00  2.00000000e-08  3.30001780e+00 
 2.00050000e-08  1.30643404e-05  2.00050000e-08  1.35651039e-04  2.00050000e-08  1.20011621e+00  2.00050000e-08  3.30066264e+00 
 2.00150000e-08 -3.88445446e-06  2.00150000e-08  2.89988952e-05  2.00150000e-08  1.20009400e+00  2.00150000e-08  3.30080069e+00 
 2.00350000e-08 -7.70904543e-06  2.00350000e-08 -5.32562652e-05  2.00350000e-08  1.19994423e+00  2.00350000e-08  3.30026349e+00 
 2.00750000e-08  6.63663504e-06  2.00750000e-08 -4.12172592e-05  2.00750000e-08  1.20000872e+00  2.00750000e-08  3.29955849e+00 
 2.01250000e-08 -3.49174140e-05  2.01250000e-08 -1.14668207e-04  2.01250000e-08  1.19916795e+00  2.01250000e-08  3.29789677e+00 
 2.01625000e-08 -7.26460111e-05  2.01625000e-08 -2.82916645e-04  2.01625000e-08  1.19718626e+00  2.01625000e-08  3.29450404e+00 
 2.02000000e-08  3.80769374e-04  2.02000000e-08  1.41384869e-04  2.02000000e-08  1.20460102e+00  2.02000000e-08  3.29504822e+00 
 2.02050000e-08  3.43490907e-04  2.02050000e-08  6.57890750e-05  2.02050000e-08  1.20606213e+00  2.02050000e-08  3.29507617e+00 
 2.02150000e-08 -1.46056130e-04  2.02150000e-08  2.03639742e-04  2.02150000e-08  1.20475721e+00  2.02150000e-08  3.29604647e+00 
 2.02350000e-08 -4.30889638e-04  2.02350000e-08  5.21960751e-04  2.02350000e-08  1.19752718e+00  2.02350000e-08  3.30003431e+00 
 2.02750000e-08  3.34258835e-04  2.02750000e-08  1.38601607e-03  2.02750000e-08  1.19989014e+00  2.02750000e-08  3.31757193e+00 
 2.03181779e-08 -1.93965505e-04  2.03181779e-08 -1.79750364e-03  2.03181779e-08  1.20020154e+00  2.03181779e-08  3.30246413e+00 
 2.03635852e-08  1.19128708e-04  2.03635852e-08  3.21152516e-04  2.03635852e-08  1.19973293e+00  2.03635852e-08  3.29543719e+00 
 2.04135852e-08 -7.59357639e-05  2.04135852e-08 -1.01652102e-04  2.04135852e-08  1.20027895e+00  2.04135852e-08  3.29950212e+00 
 2.04635852e-08  4.78858245e-05  2.04635852e-08  1.70958121e-04  2.04635852e-08  1.19973242e+00  2.04635852e-08  3.29878112e+00 
 2.05135852e-08 -2.89802308e-05  2.05135852e-08 -1.09152749e-04  2.05135852e-08  1.20024463e+00  2.05135852e-08  3.29984897e+00 
 2.05635852e-08  1.64822263e-05  2.05635852e-08  1.10921168e-04  2.05635852e-08  1.19978286e+00  2.05635852e-08  3.29950783e+00 
 2.06135852e-08 -7.84718288e-06  2.06135852e-08 -7.51113162e-05  2.06135852e-08  1.20018872e+00  2.06135852e-08  3.30005771e+00 
 2.06635852e-08  2.17459925e-06  2.06635852e-08  6.50218591e-05  2.06635852e-08  1.19983804e+00  2.06635852e-08  3.29973138e+00 
 2.07135852e-08  1.86133201e-06  2.07135852e-08 -4.48954496e-05  2.07135852e-08  1.20013751e+00  2.07135852e-08  3.30012527e+00 
 2.07635852e-08 -4.36753265e-06  2.07635852e-08  3.45932664e-05  2.07635852e-08  1.19988385e+00  2.07635852e-08  3.29980942e+00 
 2.08135852e-08  6.21964058e-06  2.08135852e-08 -2.20756697e-05  2.08135852e-08  1.20009756e+00  2.08135852e-08  3.30014068e+00 
 2.08635852e-08 -7.20054058e-06  2.08635852e-08  1.36395580e-05  2.08635852e-08  1.19991810e+00  2.08635852e-08  3.29984153e+00 
 2.09135852e-08  7.98310177e-06  2.09135852e-08 -5.20635404e-06  2.09135852e-08  1.20006855e+00  2.09135852e-08  3.30013893e+00 
 2.09635852e-08 -8.21119374e-06  2.09635852e-08 -1.24163479e-06  2.09635852e-08  1.19994244e+00  2.09635852e-08  3.29985858e+00 
 2.10135852e-08  8.46303255e-06  2.10135852e-08  7.15818517e-06  2.10135852e-08  1.20004825e+00  2.10135852e-08  3.30013188e+00 
 2.10635852e-08 -8.31882674e-06  2.10635852e-08 -1.19317628e-05  2.10635852e-08  1.19995929e+00  2.10635852e-08  3.29987042e+00 
 2.11135852e-08  8.31082213e-06  2.11135852e-08  1.61445952e-05  2.11135852e-08  1.20003431e+00  2.11135852e-08  3.30012349e+00 
 2.11635852e-08 -7.98849278e-06  2.11635852e-08 -1.96099365e-05  2.11635852e-08  1.19997079e+00  2.11635852e-08  3.29988013e+00 
 2.12135852e-08  7.86087891e-06  2.12135852e-08  2.26123228e-05  2.12135852e-08  1.20002484e+00  2.12135852e-08  3.30011514e+00 
 2.12635852e-08 -7.46194294e-06  2.12635852e-08 -2.50875412e-05  2.12635852e-08  1.19997859e+00  2.12635852e-08  3.29988867e+00 
 2.13135852e-08  7.28857837e-06  2.13135852e-08  2.72118857e-05  2.13135852e-08  1.20001841e+00  2.13135852e-08  3.30010728e+00 
 2.13635852e-08 -6.86662502e-06  2.13635852e-08 -2.89493091e-05  2.13635852e-08  1.19998388e+00  2.13635852e-08  3.29989634e+00 
 2.14135852e-08  6.68641233e-06  2.14135852e-08  3.04319473e-05  2.14135852e-08  1.20001405e+00  2.14135852e-08  3.30010006e+00 
 2.14635852e-08 -6.26940630e-06  2.14635852e-08 -3.16242489e-05  2.14635852e-08  1.19998748e+00  2.14635852e-08  3.29990326e+00 
 2.15135852e-08  6.10229870e-06  2.15135852e-08  3.26370729e-05  2.15135852e-08  1.20001107e+00  2.15135852e-08  3.30009351e+00 
 2.15635852e-08 -5.70416150e-06  2.15635852e-08 -3.34286687e-05  2.15635852e-08  1.19998996e+00  2.15635852e-08  3.29990950e+00 
 2.16135852e-08  5.55963776e-06  2.16135852e-08  3.40976767e-05  2.16135852e-08  1.20000901e+00  2.16135852e-08  3.30008760e+00 
 2.16635852e-08 -5.18648788e-06  2.16635852e-08 -3.45957064e-05  2.16635852e-08  1.19999167e+00  2.16635852e-08  3.29991512e+00 
 2.17135852e-08  5.06819578e-06  2.17135852e-08  3.50133791e-05  2.17135852e-08  1.20000758e+00  2.17135852e-08  3.30008227e+00 
 2.17635852e-08 -4.72181856e-06  2.17635852e-08 -3.52968168e-05  2.17635852e-08  1.19999287e+00  2.17635852e-08  3.29992018e+00 
 2.18135852e-08  4.63019111e-06  2.18135852e-08  3.55309473e-05  2.18135852e-08  1.20000657e+00  2.18135852e-08  3.30007746e+00 
 2.18635852e-08 -4.31001516e-06  2.18635852e-08 -3.56577392e-05  2.18635852e-08  1.19999373e+00  2.18635852e-08  3.29992475e+00 
 2.19135852e-08  4.24377403e-06  2.19135852e-08  3.57579118e-05  2.19135852e-08  1.20000584e+00  2.19135852e-08  3.30007312e+00 
 2.19635852e-08 -3.94801445e-06  2.19635852e-08 -3.57704209e-05  2.19635852e-08  1.19999436e+00  2.19635852e-08  3.29992888e+00 
 2.20135852e-08  3.90504278e-06  2.20135852e-08  3.57728111e-05  2.20135852e-08  1.20000530e+00  2.20135852e-08  3.30006919e+00 
 2.20635852e-08 -3.63136538e-06  2.20635852e-08 -3.57019124e-05  2.20635852e-08  1.19999482e+00  2.20635852e-08  3.29993263e+00 
 2.21135852e-08  3.60921384e-06  2.21135852e-08  3.56328475e-05  2.21135852e-08  1.20000490e+00  2.21135852e-08  3.30006561e+00 
 2.21635852e-08 -3.35511799e-06  2.21635852e-08 -3.55009848e-05  2.21635852e-08  1.19999517e+00  2.21635852e-08  3.29993605e+00 
 2.22135852e-08  3.35129340e-06  2.22135852e-08  3.53795831e-05  2.22135852e-08  1.20000459e+00  2.22135852e-08  3.30006234e+00 
 2.22635852e-08 -3.11432695e-06  2.22635852e-08 -3.52030368e-05  2.22635852e-08  1.19999544e+00  2.22635852e-08  3.29993917e+00 
 2.23135852e-08  3.12645072e-06  2.23135852e-08  3.50431584e-05  2.23135852e-08  1.20000435e+00  2.23135852e-08  3.30005935e+00 
 2.23635852e-08 -2.90432409e-06  2.23635852e-08 -3.48337218e-05  2.23635852e-08  1.19999566e+00  2.23635852e-08  3.29994205e+00 
 2.24135852e-08  2.93021233e-06  2.24135852e-08  3.46454071e-05  2.24135852e-08  1.20000415e+00  2.24135852e-08  3.30005659e+00 
 2.24635852e-08 -2.72085211e-06  2.24635852e-08 -3.44116206e-05  2.24635852e-08  1.19999584e+00  2.24635852e-08  3.29994470e+00 
 2.25135852e-08  2.75854905e-06  2.25135852e-08  3.42021467e-05  2.25135852e-08  1.20000399e+00  2.25135852e-08  3.30005404e+00 
 2.25635852e-08 -2.56011581e-06  2.25635852e-08 -3.39502035e-05  2.25635852e-08  1.19999599e+00  2.25635852e-08  3.29994716e+00 
 2.26135852e-08  2.60789990e-06  2.26135852e-08  3.37248582e-05  2.26135852e-08  1.20000385e+00  2.26135852e-08  3.30005167e+00 
 2.26635852e-08 -2.41878534e-06  2.26635852e-08 -3.34592657e-05  2.26635852e-08  1.19999611e+00  2.26635852e-08  3.29994945e+00 
 2.27135852e-08  2.47515991e-06  2.27135852e-08  3.32219115e-05  2.27135852e-08  1.20000373e+00  2.27135852e-08  3.30004945e+00 
 2.27635852e-08 -2.29397279e-06  2.27635852e-08 -3.29459728e-05  2.27635852e-08  1.19999622e+00  2.27635852e-08  3.29995158e+00 
 2.28135852e-08  2.35764869e-06  2.28135852e-08  3.26994562e-05  2.28135852e-08  1.20000363e+00  2.28135852e-08  3.30004739e+00 
 2.28635852e-08 -2.18319520e-06  2.28635852e-08 -3.24156183e-05  2.28635852e-08  1.19999632e+00  2.28635852e-08  3.29995359e+00 
 2.29135852e-08  2.25306990e-06  2.29135852e-08  3.21620659e-05  2.29135852e-08  1.20000354e+00  2.29135852e-08  3.30004545e+00 
 2.29635852e-08 -2.08433200e-06  2.29635852e-08 -3.18721708e-05  2.29635852e-08  1.19999641e+00  2.29635852e-08  3.29995547e+00 
 2.30135852e-08  2.15946774e-06  2.30135852e-08  3.16132005e-05  2.30135852e-08  1.20000345e+00  2.30135852e-08  3.30004362e+00 
 2.30635852e-08 -1.99558156e-06  2.30635852e-08 -3.13186641e-05  2.30635852e-08  1.19999649e+00  2.30635852e-08  3.29995724e+00 
 2.31135852e-08  2.07518416e-06  2.31135852e-08  3.10555370e-05  2.31135852e-08  1.20000337e+00  2.31135852e-08  3.30004189e+00 
 2.31635852e-08 -1.91541943e-06  2.31635852e-08 -3.07574764e-05  2.31635852e-08  1.19999657e+00  2.31635852e-08  3.29995892e+00 
 2.32135852e-08  1.99881867e-06  2.32135852e-08  3.04912030e-05  2.32135852e-08  1.20000330e+00  2.32135852e-08  3.30004026e+00 
 2.32635852e-08 -1.84255996e-06  2.32635852e-08 -3.01905260e-05  2.32635852e-08  1.19999664e+00  2.32635852e-08  3.29996051e+00 
 2.33135852e-08  1.92919175e-06  2.33135852e-08  2.99219410e-05  2.33135852e-08  1.20000323e+00  2.33135852e-08  3.30003871e+00 
 2.33635852e-08 -1.77592166e-06  2.33635852e-08 -2.96194081e-05  2.33635852e-08  1.19999671e+00  2.33635852e-08  3.29996202e+00 
 2.34135852e-08  1.86531223e-06  2.34135852e-08  2.93492219e-05  2.34135852e-08  1.20000316e+00  2.34135852e-08  3.30003725e+00 
 2.34635852e-08 -1.71459660e-06  2.34635852e-08 -2.90454891e-05  2.34635852e-08  1.19999677e+00  2.34635852e-08  3.29996345e+00 
 2.35135852e-08  1.80634872e-06  2.35135852e-08  2.87743229e-05  2.35135852e-08  1.20000310e+00  2.35135852e-08  3.30003585e+00 
 2.35635852e-08 -1.65782374e-06  2.35635852e-08 -2.84699705e-05  2.35635852e-08  1.19999683e+00  2.35635852e-08  3.29996481e+00 
 2.36135852e-08  1.75160476e-06  2.36135852e-08  2.81983805e-05  2.36135852e-08  1.20000304e+00  2.36135852e-08  3.30003452e+00 
 2.36635852e-08 -1.60496589e-06  2.36635852e-08 -2.78939324e-05  2.36635852e-08  1.19999689e+00  2.36635852e-08  3.29996611e+00 
 2.37135852e-08  1.70049742e-06  2.37135852e-08  2.76224246e-05  2.37135852e-08  1.20000298e+00  2.37135852e-08  3.30003325e+00 
 2.37635852e-08 -1.55548988e-06  2.37635852e-08 -2.73183607e-05  2.37635852e-08  1.19999695e+00  2.37635852e-08  3.29996735e+00 
 2.38135852e-08  1.65253909e-06  2.38135852e-08  2.70474014e-05  2.38135852e-08  1.20000293e+00  2.38135852e-08  3.30003204e+00 
 2.38635852e-08 -1.50894979e-06  2.38635852e-08 -2.67441658e-05  2.38635852e-08  1.19999700e+00  2.38635852e-08  3.29996853e+00 
 2.39135852e-08  1.60732196e-06  2.39135852e-08  2.64741876e-05  2.39135852e-08  1.20000288e+00  2.39135852e-08  3.30003089e+00 
 2.39635852e-08 -1.46497264e-06  2.39635852e-08 -2.61721932e-05  2.39635852e-08  1.19999705e+00  2.39635852e-08  3.29996966e+00 
 2.40135852e-08  1.56450484e-06  2.40135852e-08  2.59035991e-05  2.40135852e-08  1.20000282e+00  2.40135852e-08  3.30002979e+00 
 2.40635852e-08 -1.42324629e-06  2.40635852e-08 -2.56032306e-05  2.40635852e-08  1.19999711e+00  2.40635852e-08  3.29997073e+00 
 2.41135852e-08  1.52380212e-06  2.41135852e-08  2.53363959e-05  2.41135852e-08  1.20000277e+00  2.41135852e-08  3.30002873e+00 
 2.41635852e-08 -1.38350938e-06  2.41635852e-08 -2.50380116e-05  2.41635852e-08  1.19999716e+00  2.41635852e-08  3.29997177e+00 
 2.42135852e-08  1.48497450e-06  2.42135852e-08  2.47732855e-05  2.42135852e-08  1.20000272e+00  2.42135852e-08  3.30002772e+00 
 2.42635852e-08 -1.34554274e-06  2.42635852e-08 -2.44772180e-05  2.42635852e-08  1.19999721e+00  2.42635852e-08  3.29997275e+00 
 2.43135852e-08  1.44782120e-06  2.43135852e-08  2.42149240e-05  2.43135852e-08  1.20000267e+00  2.43135852e-08  3.30002675e+00 
 2.43635852e-08 -1.30916232e-06  2.43635852e-08 -2.39214810e-05  2.43635852e-08  1.19999725e+00  2.43635852e-08  3.29997370e+00 
 2.44135852e-08  1.41217341e-06  2.44135852e-08  2.36619179e-05  2.44135852e-08  1.20000263e+00  2.44135852e-08  3.30002583e+00 
 2.44635852e-08 -1.27421323e-06  2.44635852e-08 -2.33713826e-05  2.44635852e-08  1.19999730e+00  2.44635852e-08  3.29997460e+00 
 2.45135852e-08  1.37788890e-06  2.45135852e-08  2.31148244e-05  2.45135852e-08  1.20000258e+00  2.45135852e-08  3.30002494e+00 
 2.45635852e-08 -1.24056477e-06  2.45635852e-08 -2.28274557e-05  2.45635852e-08  1.19999734e+00  2.45635852e-08  3.29997547e+00 
 2.46135852e-08  1.34484747e-06  2.46135852e-08  2.25741522e-05  2.46135852e-08  1.20000254e+00  2.46135852e-08  3.30002409e+00 
 2.46635852e-08 -1.20810634e-06  2.46635852e-08 -2.22901854e-05  2.46635852e-08  1.19999739e+00  2.46635852e-08  3.29997630e+00 
 2.47135852e-08  1.31294724e-06  2.47135852e-08  2.20403629e-05  2.47135852e-08  1.20000249e+00  2.47135852e-08  3.30002328e+00 
 2.47635852e-08 -1.17674397e-06  2.47635852e-08 -2.17600101e-05  2.47635852e-08  1.19999743e+00  2.47635852e-08  3.29997710e+00 
 2.48135852e-08  1.28210144e-06  2.48135852e-08  2.15138716e-05  2.48135852e-08  1.20000245e+00  2.48135852e-08  3.30002250e+00 
 2.48635852e-08 -1.14639749e-06  2.48635852e-08 -2.12373224e-05  2.48635852e-08  1.19999748e+00  2.48635852e-08  3.29997786e+00 
 2.49135852e-08  1.25223596e-06  2.49135852e-08  2.09950488e-05  2.49135852e-08  1.20000241e+00  2.49135852e-08  3.30002175e+00 
 2.49635852e-08 -1.11699825e-06  2.49635852e-08 -2.07224711e-05  2.49635852e-08  1.19999752e+00  2.49635852e-08  3.29997860e+00 
 2.50135852e-08  1.22328703e-06  2.50135852e-08  2.04842217e-05  2.50135852e-08  1.20000237e+00  2.50135852e-08  3.30002104e+00 
 2.50635852e-08 -1.08848700e-06  2.50635852e-08 -2.02157623e-05  2.50635852e-08  1.19999756e+00  2.50635852e-08  3.29997930e+00 
 2.51135852e-08  1.19519959e-06  2.51135852e-08  1.99816759e-05  2.51135852e-08  1.20000233e+00  2.51135852e-08  3.30002035e+00 
 2.51635852e-08 -1.06081248e-06  2.51635852e-08 -1.97174618e-05  2.51635852e-08  1.19999760e+00  2.51635852e-08  3.29997997e+00 
 2.52135852e-08  1.16792579e-06  2.52135852e-08  1.94876575e-05  2.52135852e-08  1.20000229e+00  2.52135852e-08  3.30001969e+00 
 2.52635852e-08 -1.03392991e-06  2.52635852e-08 -1.92277968e-05  2.52635852e-08  1.19999764e+00  2.52635852e-08  3.29998062e+00 
 2.53135852e-08  1.14142370e-06  2.53135852e-08  1.90023752e-05  2.53135852e-08  1.20000225e+00  2.53135852e-08  3.30001905e+00 
 2.53635852e-08 -1.00780001e-06  2.53635852e-08 -1.87469582e-05  2.53635852e-08  1.19999767e+00  2.53635852e-08  3.29998124e+00 
 2.54135852e-08  1.11565641e-06  2.54135852e-08  1.85260023e-05  2.54135852e-08  1.20000221e+00  2.54135852e-08  3.30001844e+00 
 2.54635852e-08 -9.82388038e-07  2.54635852e-08 -1.82751022e-05  2.54635852e-08  1.19999771e+00  2.54635852e-08  3.29998184e+00 
 2.55135852e-08  1.09059115e-06  2.55135852e-08  1.80586789e-05  2.55135852e-08  1.20000217e+00  2.55135852e-08  3.30001786e+00 
 2.55635852e-08 -9.57663022e-07  2.55635852e-08 -1.78123535e-05  2.55635852e-08  1.19999775e+00  2.55635852e-08  3.29998241e+00 
 2.56135852e-08  1.06619862e-06  2.56135852e-08  1.76005142e-05  2.56135852e-08  1.20000214e+00  2.56135852e-08  3.30001730e+00 
 2.56635852e-08 -9.33597191e-07  2.56635852e-08 -1.73588065e-05  2.56635852e-08  1.19999778e+00  2.56635852e-08  3.29998296e+00 
 2.57135852e-08  1.04245245e-06  2.57135852e-08  1.71515884e-05  2.57135852e-08  1.20000210e+00  2.57135852e-08  3.30001676e+00 
 2.57635852e-08 -9.10165419e-07  2.57635852e-08 -1.69145279e-05  2.57635852e-08  1.19999782e+00  2.57635852e-08  3.29998349e+00 
 2.58135852e-08  1.01932863e-06  2.58135852e-08  1.67119552e-05  2.58135852e-08  1.20000207e+00  2.58135852e-08  3.30001624e+00 
 2.58635852e-08 -8.87344813e-07  2.58635852e-08 -1.64795588e-05  2.58635852e-08  1.19999785e+00  2.58635852e-08  3.29998400e+00 
 2.59135852e-08  9.96805307e-07  2.59135852e-08  1.62816437e-05  2.59135852e-08  1.20000203e+00  2.59135852e-08  3.30001574e+00 
 2.59635852e-08 -8.65114408e-07  2.59635852e-08 -1.60539170e-05  2.59635852e-08  1.19999789e+00  2.59635852e-08  3.29998449e+00 
 2.60135852e-08  9.74862321e-07  2.60135852e-08  1.58606604e-05  2.60135852e-08  1.20000200e+00  2.60135852e-08  3.30001526e+00 
 2.60635852e-08 -8.43454816e-07  2.60635852e-08 -1.56375983e-05  2.60635852e-08  1.19999792e+00  2.60635852e-08  3.29998496e+00 
 2.61135852e-08  9.53481003e-07  2.61135852e-08  1.54489911e-05  2.61135852e-08  1.20000197e+00  2.61135852e-08  3.30001480e+00 
 2.61635852e-08 -8.22348018e-07  2.61635852e-08 -1.52305790e-05  2.61635852e-08  1.19999795e+00  2.61635852e-08  3.29998541e+00 
 2.62135852e-08  9.32643932e-07  2.62135852e-08  1.50466029e-05  2.62135852e-08  1.20000193e+00  2.62135852e-08  3.30001436e+00 
 2.62635852e-08 -8.01777174e-07  2.62635852e-08 -1.48328175e-05  2.62635852e-08  1.19999799e+00  2.62635852e-08  3.29998585e+00 
 2.63135852e-08  9.12334807e-07  2.63135852e-08  1.46534460e-05  2.63135852e-08  1.20000190e+00  2.63135852e-08  3.30001393e+00 
 2.63635852e-08 -7.81726465e-07  2.63635852e-08 -1.44442562e-05  2.63635852e-08  1.19999802e+00  2.63635852e-08  3.29998627e+00 
 2.64135852e-08  8.92538254e-07  2.64135852e-08  1.42694550e-05  2.64135852e-08  1.20000187e+00  2.64135852e-08  3.30001352e+00 
 2.64635852e-08 -7.62180940e-07  2.64635852e-08 -1.40648227e-05  2.64635852e-08  1.19999805e+00  2.64635852e-08  3.29998667e+00 
 2.65135852e-08  8.73239713e-07  2.65135852e-08  1.38945510e-05  2.65135852e-08  1.20000184e+00  2.65135852e-08  3.30001312e+00 
 2.65635852e-08 -7.43126407e-07  2.65635852e-08 -1.36944316e-05  2.65635852e-08  1.19999808e+00  2.65635852e-08  3.29998706e+00 
 2.66135852e-08  8.54425342e-07  2.66135852e-08  1.35286426e-05  2.66135852e-08  1.20000181e+00  2.66135852e-08  3.30001274e+00 
 2.66635852e-08 -7.24549365e-07  2.66635852e-08 -1.33329860e-05  2.66635852e-08  1.19999811e+00  2.66635852e-08  3.29998743e+00 
 2.67135852e-08  8.36081960e-07  2.67135852e-08  1.31716275e-05  2.67135852e-08  1.20000178e+00  2.67135852e-08  3.30001238e+00 
 2.67635852e-08 -7.06436909e-07  2.67635852e-08 -1.29803786e-05  2.67635852e-08  1.19999814e+00  2.67635852e-08  3.29998779e+00 
 2.68135852e-08  8.18196904e-07  2.68135852e-08  1.28233938e-05  2.68135852e-08  1.20000175e+00  2.68135852e-08  3.30001202e+00 
 2.68635852e-08 -6.88776640e-07  2.68635852e-08 -1.26364932e-05  2.68635852e-08  1.19999816e+00  2.68635852e-08  3.29998814e+00 
 2.69135852e-08  8.00758060e-07  2.69135852e-08  1.24838210e-05  2.69135852e-08  1.20000172e+00  2.69135852e-08  3.30001168e+00 
 2.69635852e-08 -6.71556686e-07  2.69635852e-08 -1.23012055e-05  2.69635852e-08  1.19999819e+00  2.69635852e-08  3.29998847e+00 
 2.70135852e-08  7.83753753e-07  2.70135852e-08  1.21527814e-05  2.70135852e-08  1.20000170e+00  2.70135852e-08  3.30001135e+00 
 2.70635852e-08 -6.54765580e-07  2.70635852e-08 -1.19743845e-05  2.70635852e-08  1.19999822e+00  2.70635852e-08  3.29998879e+00 
 2.71135852e-08  7.67172725e-07  2.71135852e-08  1.18301408e-05  2.71135852e-08  1.20000167e+00  2.71135852e-08  3.30001104e+00 
 2.71635852e-08 -6.38392266e-07  2.71635852e-08 -1.16558931e-05  2.71635852e-08  1.19999825e+00  2.71635852e-08  3.29998910e+00 
 2.72135852e-08  7.51004110e-07  2.72135852e-08  1.15157596e-05  2.72135852e-08  1.20000164e+00  2.72135852e-08  3.30001073e+00 
 2.72635852e-08 -6.22426047e-07  2.72635852e-08 -1.13455896e-05  2.72635852e-08  1.19999827e+00  2.72635852e-08  3.29998940e+00 
 2.73135852e-08  7.35237383e-07  2.73135852e-08  1.12094938e-05  2.73135852e-08  1.20000162e+00  2.73135852e-08  3.30001044e+00 
 2.73635852e-08 -6.06856577e-07  2.73635852e-08 -1.10433276e-05  2.73635852e-08  1.19999830e+00  2.73635852e-08  3.29998969e+00 
 2.74135852e-08  7.19862356e-07  2.74135852e-08  1.09111954e-05  2.74135852e-08  1.20000159e+00  2.74135852e-08  3.30001015e+00 
 2.74635852e-08 -5.91673811e-07  2.74635852e-08 -1.07489579e-05  2.74635852e-08  1.19999832e+00  2.74635852e-08  3.29998997e+00 
 2.75135852e-08  7.04869137e-07  2.75135852e-08  1.06207135e-05  2.75135852e-08  1.20000157e+00  2.75135852e-08  3.30000988e+00 
 2.75635852e-08 -5.76868026e-07  2.75635852e-08 -1.04623281e-05  2.75635852e-08  1.19999835e+00  2.75635852e-08  3.29999024e+00 
 2.76135852e-08  6.90248147e-07  2.76135852e-08  1.03378947e-05  2.76135852e-08  1.20000154e+00  2.76135852e-08  3.30000961e+00 
 2.76635852e-08 -5.62429761e-07  2.76635852e-08 -1.01832839e-05  2.76635852e-08  1.19999837e+00  2.76635852e-08  3.29999050e+00 
 2.77135852e-08  6.75990055e-07  2.77135852e-08  1.00625839e-05  2.77135852e-08  1.20000152e+00  2.77135852e-08  3.30000936e+00 
 2.77635852e-08 -5.48349819e-07  2.77635852e-08 -9.91166955e-06  2.77635852e-08  1.19999840e+00  2.77635852e-08  3.29999075e+00 
 2.78135852e-08  6.62085793e-07  2.78135852e-08  9.79462466e-06  2.78135852e-08  1.20000150e+00  2.78135852e-08  3.30000911e+00 
 2.78635852e-08 -5.34619277e-07  2.78635852e-08 -9.64732818e-06  2.78635852e-08  1.19999842e+00  2.78635852e-08  3.29999100e+00 
 2.79135852e-08  6.48526556e-07  2.79135852e-08  9.53385986e-06  2.79135852e-08  1.20000147e+00  2.79135852e-08  3.30000887e+00 
 2.79635852e-08 -5.21229416e-07  2.79635852e-08 -9.39010245e-06  2.79635852e-08  1.19999844e+00  2.79635852e-08  3.29999123e+00 
 2.80135852e-08  6.35303743e-07  2.80135852e-08  9.28013205e-06  2.80135852e-08  1.20000145e+00  2.80135852e-08  3.30000864e+00 
 2.80635852e-08 -5.08171782e-07  2.80635852e-08 -9.13983491e-06  2.80635852e-08  1.19999846e+00  2.80635852e-08  3.29999146e+00 
 2.81135852e-08  6.22409022e-07  2.81135852e-08  9.03328382e-06  2.81135852e-08  1.20000143e+00  2.81135852e-08  3.30000842e+00 
 2.81635852e-08 -4.95438130e-07  2.81635852e-08 -8.89636835e-06  2.81635852e-08  1.19999849e+00  2.81635852e-08  3.29999168e+00 
 2.82135852e-08  6.09834240e-07  2.82135852e-08  8.79315827e-06  2.82135852e-08  1.20000141e+00  2.82135852e-08  3.30000820e+00 
 2.82635852e-08 -4.83020430e-07  2.82635852e-08 -8.65954622e-06  2.82635852e-08  1.19999851e+00  2.82635852e-08  3.29999189e+00 
 2.83135852e-08  5.97571480e-07  2.83135852e-08  8.55959927e-06  2.83135852e-08  1.20000139e+00  2.83135852e-08  3.30000799e+00 
 2.83635852e-08 -4.70910854e-07  2.83635852e-08 -8.42921288e-06  2.83635852e-08  1.19999853e+00  2.83635852e-08  3.29999210e+00 
 2.84135852e-08  5.85613011e-07  2.84135852e-08  8.33245169e-06  2.84135852e-08  1.20000136e+00  2.84135852e-08  3.30000779e+00 
 2.84635852e-08 -4.59101778e-07  2.84635852e-08 -8.20521387e-06  2.84635852e-08  1.19999855e+00  2.84635852e-08  3.29999229e+00 
 2.85135852e-08  5.73951304e-07  2.85135852e-08  8.11156181e-06  2.85135852e-08  1.20000134e+00  2.85135852e-08  3.30000760e+00 
 2.85635852e-08 -4.47585769e-07  2.85635852e-08 -7.98739618e-06  2.85635852e-08  1.19999857e+00  2.85635852e-08  3.29999249e+00 
 2.86135852e-08  5.62579025e-07  2.86135852e-08  7.89677739e-06  2.86135852e-08  1.20000132e+00  2.86135852e-08  3.30000741e+00 
 2.86635852e-08 -4.36355576e-07  2.86635852e-08 -7.77560844e-06  2.86635852e-08  1.19999859e+00  2.86635852e-08  3.29999267e+00 
 2.87135852e-08  5.51489011e-07  2.87135852e-08  7.68794797e-06  2.87135852e-08  1.20000130e+00  2.87135852e-08  3.30000722e+00 
 2.87635852e-08 -4.25404140e-07  2.87635852e-08 -7.56970113e-06  2.87635852e-08  1.19999861e+00  2.87635852e-08  3.29999285e+00 
 2.88135852e-08  5.40674289e-07  2.88135852e-08  7.48492498e-06  2.88135852e-08  1.20000128e+00  2.88135852e-08  3.30000704e+00 
 2.88635852e-08 -4.14724570e-07  2.88635852e-08 -7.36952671e-06  2.88635852e-08  1.19999863e+00  2.88635852e-08  3.29999303e+00 
 2.89135852e-08  5.30128064e-07  2.89135852e-08  7.28756193e-06  2.89135852e-08  1.20000127e+00  2.89135852e-08  3.30000687e+00 
 2.89635852e-08 -4.04310145e-07  2.89635852e-08 -7.17493979e-06  2.89635852e-08  1.19999865e+00  2.89635852e-08  3.29999320e+00 
 2.90135852e-08  5.19843681e-07  2.90135852e-08  7.09571459e-06  2.90135852e-08  1.20000125e+00  2.90135852e-08  3.30000670e+00 
 2.90635852e-08 -3.94154316e-07  2.90635852e-08 -6.98579727e-06  2.90635852e-08  1.19999867e+00  2.90635852e-08  3.29999337e+00 
 2.91135852e-08  5.09814691e-07  2.91135852e-08  6.90924098e-06  2.91135852e-08  1.20000123e+00  2.91135852e-08  3.30000654e+00 
 2.91635852e-08 -3.84250702e-07  2.91635852e-08 -6.80195838e-06  2.91635852e-08  1.19999868e+00  2.91635852e-08  3.29999352e+00 
 2.92135852e-08  5.00034779e-07  2.92135852e-08  6.72800157e-06  2.92135852e-08  1.20000121e+00  2.92135852e-08  3.30000638e+00 
 2.92635852e-08 -3.74593048e-07  2.92635852e-08 -6.62328481e-06  2.92635852e-08  1.19999870e+00  2.92635852e-08  3.29999368e+00 
 2.93135852e-08  4.90497765e-07  2.93135852e-08  6.55185930e-06  2.93135852e-08  1.20000119e+00  2.93135852e-08  3.30000623e+00 
 2.93635852e-08 -3.65175280e-07  2.93635852e-08 -6.44964080e-06  2.93635852e-08  1.19999872e+00  2.93635852e-08  3.29999383e+00 
 2.94135852e-08  4.81197666e-07  2.94135852e-08  6.38067970e-06  2.94135852e-08  1.20000118e+00  2.94135852e-08  3.30000608e+00 
 2.94635852e-08 -3.55991480e-07  2.94635852e-08 -6.28089318e-06  2.94635852e-08  1.19999874e+00  2.94635852e-08  3.29999398e+00 
 2.95135852e-08  4.72128623e-07  2.95135852e-08  6.21433089e-06  2.95135852e-08  1.20000116e+00  2.95135852e-08  3.30000594e+00 
 2.95635852e-08 -3.47035854e-07  2.95635852e-08 -6.11691138e-06  2.95635852e-08  1.19999875e+00  2.95635852e-08  3.29999412e+00 
 2.96135852e-08  4.63284914e-07  2.96135852e-08  6.05268365e-06  2.96135852e-08  1.20000114e+00  2.96135852e-08  3.30000580e+00 
 2.96635852e-08 -3.38302755e-07  2.96635852e-08 -5.95756754e-06  2.96635852e-08  1.19999877e+00  2.96635852e-08  3.29999426e+00 
 2.97135852e-08  4.54660972e-07  2.97135852e-08  5.89561147e-06  2.97135852e-08  1.20000113e+00  2.97135852e-08  3.30000566e+00 
 2.97635852e-08 -3.29786690e-07  2.97635852e-08 -5.80273646e-06  2.97635852e-08  1.19999879e+00  2.97635852e-08  3.29999439e+00 
 2.98135852e-08  4.46251358e-07  2.98135852e-08  5.74299047e-06  2.98135852e-08  1.20000111e+00  2.98135852e-08  3.30000553e+00 
 2.98635852e-08 -3.21482285e-07  2.98635852e-08 -5.65229566e-06  2.98635852e-08  1.19999880e+00  2.98635852e-08  3.29999452e+00 
 2.99135852e-08  4.38050783e-07  2.99135852e-08  5.59469956e-06  2.99135852e-08  1.20000109e+00  2.99135852e-08  3.30000540e+00 
 2.99567926e-08 -3.12756341e-07  2.99567926e-08 -5.49481332e-06  2.99567926e-08  1.19999882e+00  2.99567926e-08  3.29999466e+00 
 3.00000000e-08  4.28815060e-07  3.00000000e-08  5.42834407e-06  3.00000000e-08  1.20000108e+00  3.00000000e-08  3.30000526e+00 
 3.00050000e-08 -8.94615732e-06  3.00050000e-08 -5.89348829e-05  3.00050000e-08  1.19991923e+00  3.00050000e-08  3.29971125e+00 
 3.00150000e-08  6.33693278e-06  3.00150000e-08 -2.46463222e-06  3.00150000e-08  1.19996647e+00  3.00150000e-08  3.29970144e+00 
 3.00350000e-08  3.48177182e-06  3.00350000e-08  2.39926697e-05  3.00350000e-08  1.20006215e+00  3.00350000e-08  3.29995880e+00 
 3.00750000e-08 -5.36147599e-06  3.00750000e-08  9.99761517e-06  3.00750000e-08  1.19996485e+00  3.00750000e-08  3.30016172e+00 
 3.01250000e-08  2.64143286e-05  3.01250000e-08  1.49014016e-04  3.01250000e-08  1.20059960e+00  3.01250000e-08  3.30213561e+00 
 3.01625000e-08  5.14867840e-06  3.01625000e-08  1.55223721e-04  3.01625000e-08  1.20102144e+00  3.01625000e-08  3.30432691e+00 
 3.02000000e-08 -2.11990960e-04  3.02000000e-08 -1.29745536e-04  3.02000000e-08  1.19647748e+00  3.02000000e-08  3.30334816e+00 
 3.02050000e-08 -1.30815754e-04  3.02050000e-08 -2.50506750e-04  3.02050000e-08  1.19623272e+00  3.02050000e-08  3.30244444e+00 
 3.02150000e-08  1.73591142e-04  3.02150000e-08 -6.35280219e-04  3.02150000e-08  1.19785276e+00  3.02150000e-08  3.29941473e+00 
 3.02350000e-08  2.64465867e-04  3.02350000e-08 -1.05962580e-03  3.02350000e-08  1.20256230e+00  3.02350000e-08  3.29108907e+00 
 3.02718092e-08 -2.53659551e-04  3.02718092e-08  7.70882395e-05  3.02718092e-08  1.19995180e+00  3.02718092e-08  3.28852647e+00 
 3.03129386e-08  1.48297011e-04  3.03129386e-08  9.26729284e-04  3.03129386e-08  1.19988327e+00  3.03129386e-08  3.30065516e+00 
 3.03574397e-08 -8.19358876e-05  3.03574397e-08 -1.22352518e-04  3.03574397e-08  1.20038452e+00  3.03574397e-08  3.30311486e+00 
 3.04074397e-08  3.60481975e-05  3.04074397e-08 -5.70953533e-05  3.04074397e-08  1.19955737e+00  3.04074397e-08  3.30069959e+00 
 3.04574397e-08 -2.95766464e-06  3.04574397e-08  1.51429811e-05  3.04574397e-08  1.20046660e+00  3.04574397e-08  3.30122144e+00 
 3.05074397e-08 -2.03706056e-05  3.05074397e-08 -5.21920699e-05  3.05074397e-08  1.19954374e+00  3.05074397e-08  3.30035314e+00 
 3.05574397e-08  3.66058612e-05  3.05574397e-08  3.66747833e-05  3.05574397e-08  1.20042885e+00  3.05574397e-08  3.30066632e+00 
 3.06074397e-08 -4.71555320e-05  3.06074397e-08 -5.96190517e-05  3.06074397e-08  1.19960815e+00  3.06074397e-08  3.30008566e+00 
 3.06574397e-08  5.38207922e-05  3.06574397e-08  5.47854934e-05  3.06574397e-08  1.20035089e+00  3.06574397e-08  3.30042399e+00 
 3.07074397e-08 -5.72337354e-05  3.07074397e-08 -6.77527608e-05  3.07074397e-08  1.19969052e+00  3.07074397e-08  3.29994680e+00 
 3.07574397e-08  5.86292239e-05  3.07574397e-08  6.63602428e-05  3.07574397e-08  1.20026950e+00  3.07574397e-08  3.30030231e+00 
 3.08074397e-08 -5.81620262e-05  3.08074397e-08 -7.33122422e-05  3.08074397e-08  1.19976754e+00  3.08074397e-08  3.29988366e+00 
 3.08574397e-08  5.67952835e-05  3.08574397e-08  7.28907469e-05  3.08574397e-08  1.20019860e+00  3.08574397e-08  3.30023566e+00 
 3.09074397e-08 -5.43513915e-05  3.09074397e-08 -7.63192572e-05  3.09074397e-08  1.19983149e+00  3.09074397e-08  3.29985946e+00 
 3.09574397e-08  5.16290131e-05  3.09574397e-08  7.59431158e-05  3.09574397e-08  1.20014181e+00  3.09574397e-08  3.30019588e+00 
 3.10074397e-08 -4.83207098e-05  3.10074397e-08 -7.72815212e-05  3.10074397e-08  1.19988135e+00  3.10074397e-08  3.29985443e+00 
 3.10574397e-08  4.50768216e-05  3.10574397e-08  7.66315831e-05  3.10574397e-08  1.20009844e+00  3.10574397e-08  3.30016955e+00 
 3.11074397e-08 -4.15243527e-05  3.11074397e-08 -7.67010977e-05  3.11074397e-08  1.19991878e+00  3.11074397e-08  3.29985843e+00 
 3.11574397e-08  3.82276360e-05  3.11574397e-08  7.57240185e-05  3.11574397e-08  1.20006633e+00  3.11574397e-08  3.30015034e+00 
 3.12074397e-08 -3.47713168e-05  3.12074397e-08 -7.50151447e-05  3.12074397e-08  1.19994618e+00  3.12074397e-08  3.29986637e+00 
 3.12574397e-08  3.16714489e-05  3.12574397e-08  7.37568752e-05  3.12574397e-08  1.20004305e+00  3.12574397e-08  3.30013515e+00 
 3.13074397e-08 -2.84847517e-05  3.13074397e-08 -7.25728767e-05  3.13074397e-08  1.19996587e+00  3.13074397e-08  3.29987573e+00 
 3.13574397e-08  2.57011839e-05  3.13574397e-08  7.11081010e-05  3.13574397e-08  1.20002644e+00  3.13574397e-08  3.30012247e+00 
 3.14074397e-08 -2.28590901e-05  3.14074397e-08 -6.96424491e-05  3.14074397e-08  1.19997984e+00  3.14074397e-08  3.29988529e+00 
 3.14574397e-08  2.04351410e-05  3.14574397e-08  6.80449848e-05  3.14574397e-08  1.20001473e+00  3.14574397e-08  3.30011152e+00 
 3.15074397e-08 -1.79557958e-05  3.15074397e-08 -6.64240270e-05  3.15074397e-08  1.19998962e+00  3.15074397e-08  3.29989448e+00 
 3.15574397e-08  1.58916891e-05  3.15574397e-08  6.47560915e-05  3.15574397e-08  1.20000657e+00  3.15574397e-08  3.30010186e+00 
 3.16074397e-08 -1.37618238e-05  3.16074397e-08 -6.30634676e-05  3.16074397e-08  1.19999641e+00  3.16074397e-08  3.29990305e+00 
 3.16574397e-08  1.20347977e-05  3.16574397e-08  6.13733169e-05  3.16574397e-08  1.20000093e+00  3.16574397e-08  3.30009326e+00 
 3.17074397e-08 -1.02251546e-05  3.17074397e-08 -5.96645531e-05  3.17074397e-08  1.20000108e+00  3.17074397e-08  3.29991092e+00 
 3.17574397e-08  8.80157205e-06  3.17574397e-08  5.79875315e-05  3.17574397e-08  1.19999708e+00  3.17574397e-08  3.30008555e+00 
 3.18074397e-08 -7.27612781e-06  3.18074397e-08 -5.62991598e-05  3.18074397e-08  1.20000425e+00  3.18074397e-08  3.29991810e+00 
 3.18574397e-08  6.11861897e-06  3.18574397e-08  5.46598835e-05  3.18574397e-08  1.19999448e+00  3.18574397e-08  3.30007862e+00 
 3.19074397e-08 -4.83995214e-06  3.19074397e-08 -5.30153803e-05  3.19074397e-08  1.20000638e+00  3.19074397e-08  3.29992462e+00 
 3.19574397e-08  3.91147828e-06  3.19574397e-08  5.14300587e-05  3.19574397e-08  1.19999275e+00  3.19574397e-08  3.30007236e+00 
 3.20074397e-08 -2.84374713e-06  3.20074397e-08 -4.98438476e-05  3.20074397e-08  1.20000778e+00  3.20074397e-08  3.29993055e+00 
 3.20574397e-08  2.10976746e-06  3.20574397e-08  4.83223537e-05  3.20574397e-08  1.19999162e+00  3.20574397e-08  3.30006669e+00 
 3.21074397e-08 -1.22022155e-06  3.21074397e-08 -4.68025748e-05  3.21074397e-08  1.20000868e+00  3.21074397e-08  3.29993593e+00 
 3.21574397e-08  6.49708032e-07  3.21574397e-08  4.53501488e-05  3.21574397e-08  1.19999091e+00  3.21574397e-08  3.30006155e+00 
 3.22074397e-08  9.06841664e-08  3.22074397e-08 -4.39006089e-05  3.22074397e-08  1.20000923e+00  3.22074397e-08  3.29994082e+00 
 3.22574397e-08 -5.24915739e-07  3.22574397e-08  4.25191980e-05  3.22574397e-08  1.19999048e+00  3.22574397e-08  3.30005687e+00 
 3.23074397e-08  1.14135625e-06  3.23074397e-08 -4.11407577e-05  3.23074397e-08  1.20000956e+00  3.23074397e-08  3.29994528e+00 
 3.23574397e-08 -1.46270531e-06  3.23574397e-08  3.98300390e-05  3.23574397e-08  1.19999025e+00  3.23574397e-08  3.30005260e+00 
 3.24074397e-08  1.97674340e-06  3.24074397e-08 -3.85216036e-05  3.24074397e-08  1.20000972e+00  3.24074397e-08  3.29994937e+00 
 3.24574397e-08 -2.20509152e-06  3.24574397e-08  3.72797480e-05  3.24574397e-08  1.19999015e+00  3.24574397e-08  3.30004869e+00 
 3.25074397e-08  2.63494590e-06  3.25074397e-08 -3.60389737e-05  3.25074397e-08  1.20000977e+00  3.25074397e-08  3.29995311e+00 
 3.25574397e-08 -2.78702008e-06  3.25574397e-08  3.48632056e-05  3.25574397e-08  1.19999014e+00  3.25574397e-08  3.30004510e+00 
 3.26074397e-08  3.14796034e-06  3.26074397e-08 -3.36870006e-05  3.26074397e-08  1.20000975e+00  3.26074397e-08  3.29995656e+00 
 3.26574397e-08 -3.23772639e-06  3.26574397e-08  3.25740005e-05  3.26574397e-08  1.19999018e+00  3.26574397e-08  3.30004180e+00 
 3.27074397e-08  3.54246348e-06  3.27074397e-08 -3.14588754e-05  3.27074397e-08  1.20000968e+00  3.27074397e-08  3.29995973e+00 
 3.27574397e-08 -3.58151136e-06  3.27574397e-08  3.04050639e-05  3.27574397e-08  1.19999027e+00  3.27574397e-08  3.30003874e+00 
 3.28074397e-08  3.84056882e-06  3.28074397e-08 -2.93473740e-05  3.28074397e-08  1.20000958e+00  3.28074397e-08  3.29996268e+00 
 3.28574397e-08 -3.83847012e-06  3.28574397e-08  2.83491069e-05  3.28574397e-08  1.19999038e+00  3.28574397e-08  3.30003591e+00 
 3.29074397e-08  4.06052208e-06  3.29074397e-08 -2.73452152e-05  3.29074397e-08  1.20000946e+00  3.29074397e-08  3.29996541e+00 
 3.29574397e-08 -4.02514995e-06  3.29574397e-08  2.63989138e-05  3.29574397e-08  1.19999051e+00  3.29574397e-08  3.30003327e+00 
 3.30074397e-08  4.21732003e-06  3.30074397e-08 -2.54452965e-05  3.30074397e-08  1.20000932e+00  3.30074397e-08  3.29996795e+00 
 3.30574397e-08 -4.15512913e-06  3.30574397e-08  2.45475309e-05  3.30574397e-08  1.19999065e+00  3.30574397e-08  3.30003082e+00 
 3.31074397e-08  4.32324975e-06  3.31074397e-08 -2.36408421e-05  3.31074397e-08  1.20000918e+00  3.31074397e-08  3.29997032e+00 
 3.31574397e-08 -4.23951692e-06  3.31574397e-08  2.27883801e-05  3.31574397e-08  1.19999079e+00  3.31574397e-08  3.30002853e+00 
 3.32074397e-08  4.38835086e-06  3.32074397e-08 -2.19254883e-05  3.32074397e-08  1.20000904e+00  3.32074397e-08  3.29997254e+00 
 3.32574397e-08 -4.28737962e-06  3.32574397e-08  2.11153208e-05  3.32574397e-08  1.19999093e+00  3.32574397e-08  3.30002638e+00 
 3.33074397e-08  4.42080735e-06  3.33074397e-08 -2.02933250e-05  3.33074397e-08  1.20000890e+00  3.33074397e-08  3.29997462e+00 
 3.33574397e-08 -4.30609994e-06  3.33574397e-08  1.95226744e-05  3.33574397e-08  1.19999108e+00  3.33574397e-08  3.30002436e+00 
 3.34074397e-08  4.42727669e-06  3.34074397e-08 -1.87389067e-05  3.34074397e-08  1.20000875e+00  3.34074397e-08  3.29997658e+00 
 3.34574397e-08 -4.30167776e-06  3.34574397e-08  1.80052254e-05  3.34574397e-08  1.19999122e+00  3.34574397e-08  3.30002246e+00 
 3.35074397e-08  4.41316425e-06  3.35074397e-08 -1.72572447e-05  3.35074397e-08  1.20000861e+00  3.35074397e-08  3.29997842e+00 
 3.35574397e-08 -4.27898022e-06  3.35574397e-08  1.65582054e-05  3.35574397e-08  1.19999137e+00  3.35574397e-08  3.30002067e+00 
 3.36074397e-08  4.38285122e-06  3.36074397e-08 -1.58437855e-05  3.36074397e-08  1.20000847e+00  3.36074397e-08  3.29998016e+00 
 3.36574397e-08 -4.24194892e-06  3.36574397e-08  1.51772680e-05  3.36574397e-08  1.19999151e+00  3.36574397e-08  3.30001898e+00 
 3.37074397e-08  4.33988250e-06  3.37074397e-08 -1.44943831e-05  3.37074397e-08  1.20000833e+00  3.37074397e-08  3.29998180e+00 
 3.37574397e-08 -4.19377044e-06  3.37574397e-08  1.38584584e-05  3.37574397e-08  1.19999164e+00  3.37574397e-08  3.30001738e+00 
 3.38074397e-08  4.28712165e-06  3.38074397e-08 -1.32052661e-05  3.38074397e-08  1.20000819e+00  3.38074397e-08  3.29998336e+00 
 3.38574397e-08 -4.13701669e-06  3.38574397e-08  1.25981801e-05  3.38574397e-08  1.19999178e+00  3.38574397e-08  3.30001587e+00 
 3.39074397e-08  4.22687780e-06  3.39074397e-08 -1.19730050e-05  3.39074397e-08  1.20000806e+00  3.39074397e-08  3.29998483e+00 
 3.39574397e-08 -4.07375979e-06  3.39574397e-08  1.13931613e-05  3.39574397e-08  1.19999191e+00  3.39574397e-08  3.30001443e+00 
 3.40074397e-08  4.16100966e-06  3.40074397e-08 -1.07944783e-05  3.40074397e-08  1.20000792e+00  3.40074397e-08  3.29998623e+00 
 3.40574397e-08 -4.00566609e-06  3.40574397e-08  1.02404228e-05  3.40574397e-08  1.19999204e+00  3.40574397e-08  3.30001307e+00 
 3.41074397e-08  4.09101043e-06  3.41074397e-08 -9.66684160e-06  3.41074397e-08  1.20000779e+00  3.41074397e-08  3.29998756e+00 
 3.41574397e-08 -3.93407284e-06  3.41574397e-08  9.13724709e-06  3.41574397e-08  1.19999217e+00  3.41574397e-08  3.30001177e+00 
 3.42074397e-08  4.01807708e-06  3.42074397e-08 -8.58749773e-06  3.42074397e-08  1.20000767e+00  3.42074397e-08  3.29998883e+00 
 3.42574397e-08 -3.86005070e-06  3.42574397e-08  8.08115017e-06  3.42574397e-08  1.19999230e+00  3.42574397e-08  3.30001053e+00 
 3.43074397e-08  3.94316672e-06  3.43074397e-08 -7.55406951e-06  3.43074397e-08  1.20000754e+00  3.43074397e-08  3.29999004e+00 
 3.43574397e-08 -3.78445465e-06  3.43574397e-08  7.06985541e-06  3.43574397e-08  1.19999242e+00  3.43574397e-08  3.30000936e+00 
 3.44074397e-08  3.86704248e-06  3.44074397e-08 -6.56437528e-06  3.44074397e-08  1.20000742e+00  3.44074397e-08  3.29999118e+00 
 3.44574397e-08 -3.70796520e-06  3.44574397e-08  6.10127026e-06  3.44574397e-08  1.19999254e+00  3.44574397e-08  3.30000824e+00 
 3.45074397e-08  3.79031071e-06  3.45074397e-08 -5.61640663e-06  3.45074397e-08  1.20000730e+00  3.45074397e-08  3.29999228e+00 
 3.45574397e-08 -3.63112208e-06  3.45574397e-08  5.17346538e-06  3.45574397e-08  1.19999266e+00  3.45574397e-08  3.30000717e+00 
 3.46074397e-08  3.71345128e-06  3.46074397e-08 -4.70830881e-06  3.46074397e-08  1.20000719e+00  3.46074397e-08  3.29999333e+00 
 3.46574397e-08 -3.55435142e-06  3.46574397e-08  4.28465609e-06  3.46574397e-08  1.19999277e+00  3.46574397e-08  3.30000614e+00 
 3.47074397e-08  3.63684206e-06  3.47074397e-08 -3.83836321e-06  3.47074397e-08  1.20000707e+00  3.47074397e-08  3.29999433e+00 
 3.47574397e-08 -3.47798777e-06  3.47574397e-08  3.43318587e-06  3.47574397e-08  1.19999288e+00  3.47574397e-08  3.30000517e+00 
 3.48074397e-08  3.56077874e-06  3.48074397e-08 -3.00497198e-06  3.48074397e-08  1.20000696e+00  3.48074397e-08  3.29999528e+00 
 3.48574397e-08 -3.40229199e-06  3.48574397e-08  2.61751209e-06  3.48574397e-08  1.19999300e+00  3.48574397e-08  3.30000423e+00 
 3.49074397e-08  3.48549098e-06  3.49074397e-08 -2.20664458e-06  3.49074397e-08  1.20000685e+00  3.49074397e-08  3.29999619e+00 
 3.49574397e-08 -3.32746575e-06  3.49574397e-08  1.83619325e-06  3.49574397e-08  1.19999310e+00  3.49574397e-08  3.30000334e+00 
 3.50074397e-08  3.41115531e-06  3.50074397e-08 -1.44198592e-06  3.50074397e-08  1.20000674e+00  3.50074397e-08  3.29999707e+00 
 3.50574397e-08 -3.25366311e-06  3.50574397e-08  1.08787800e-06  3.50574397e-08  1.19999321e+00  3.50574397e-08  3.30000249e+00 
 3.51074397e-08  3.33790572e-06  3.51074397e-08 -7.09686052e-07  3.51074397e-08  1.20000664e+00  3.51074397e-08  3.29999790e+00 
 3.51574397e-08 -3.18100009e-06  3.51574397e-08  3.71295547e-07  3.51574397e-08  1.19999332e+00  3.51574397e-08  3.30000167e+00 
 3.52074397e-08  3.26584209e-06  3.52074397e-08 -8.51127056e-09  3.52074397e-08  1.20000653e+00  3.52074397e-08  3.29999870e+00 
 3.52574397e-08 -3.10956218e-06  3.52574397e-08 -3.14752794e-07  3.52574397e-08  1.19999342e+00  3.52574397e-08  3.30000089e+00 
 3.53074397e-08  3.19503707e-06  3.53074397e-08  6.62703850e-07  3.53074397e-08  1.20000643e+00  3.53074397e-08  3.29999946e+00 
 3.53574397e-08 -3.03941055e-06  3.53574397e-08 -9.71400873e-07  3.53574397e-08  1.19999352e+00  3.53574397e-08  3.30000014e+00 
 3.54074397e-08  3.12554155e-06  3.54074397e-08  1.30506314e-06  3.54074397e-08  1.20000633e+00  3.54074397e-08  3.30000020e+00 
 3.54574397e-08 -2.97058698e-06  3.54574397e-08 -1.59972405e-06  3.54574397e-08  1.19999362e+00  3.54574397e-08  3.29999943e+00 
 3.55074397e-08  3.05738918e-06  3.55074397e-08  1.91961484e-06  3.55074397e-08  1.20000623e+00  3.55074397e-08  3.30000090e+00 
 3.55574397e-08 -2.90311788e-06  3.55574397e-08 -2.20074471e-06  3.55574397e-08  1.19999372e+00  3.55574397e-08  3.29999874e+00 
 3.56074397e-08  2.99059993e-06  3.56074397e-08  2.50735670e-06  3.56074397e-08  1.20000614e+00  3.56074397e-08  3.30000157e+00 
 3.56574397e-08 -2.83701748e-06  3.56574397e-08 -2.77543716e-06  3.56574397e-08  1.19999381e+00  3.56574397e-08  3.29999808e+00 
 3.57074397e-08  2.92518292e-06  3.57074397e-08  3.06924054e-06  3.57074397e-08  1.20000604e+00  3.57074397e-08  3.30000221e+00 
 3.57574397e-08 -2.77229039e-06  3.57574397e-08 -3.32473166e-06  3.57574397e-08  1.19999391e+00  3.57574397e-08  3.29999745e+00 
 3.58074397e-08  2.86113874e-06  3.58074397e-08  3.60617607e-06  3.58074397e-08  1.20000595e+00  3.58074397e-08  3.30000283e+00 
 3.58574397e-08 -2.70893371e-06  3.58574397e-08 -3.84951825e-06  3.58574397e-08  1.19999400e+00  3.58574397e-08  3.29999685e+00 
 3.59074397e-08  2.79846139e-06  3.59074397e-08  4.11903439e-06  3.59074397e-08  1.20000586e+00  3.59074397e-08  3.30000342e+00 
 3.59574397e-08 -2.64693869e-06  3.59574397e-08 -4.35064988e-06  3.59574397e-08  1.19999409e+00  3.59574397e-08  3.29999628e+00 
 3.60074397e-08  2.73713971e-06  3.60074397e-08  4.60865096e-06  3.60074397e-08  1.20000577e+00  3.60074397e-08  3.30000398e+00 
 3.60574397e-08 -2.58629204e-06  3.60574397e-08 -4.82894513e-06  3.60574397e-08  1.19999418e+00  3.60574397e-08  3.29999572e+00 
 3.61074397e-08  2.67715851e-06  3.61074397e-08  5.07582820e-06  3.61074397e-08  1.20000568e+00  3.61074397e-08  3.30000452e+00 
 3.61574397e-08 -2.52697701e-06  3.61574397e-08 -5.28519085e-06  3.61574397e-08  1.19999427e+00  3.61574397e-08  3.29999519e+00 
 3.62074397e-08  2.61849967e-06  3.62074397e-08  5.52133785e-06  3.62074397e-08  1.20000559e+00  3.62074397e-08  3.30000504e+00 
 3.62574397e-08 -2.46897420e-06  3.62574397e-08 -5.72014417e-06  3.62574397e-08  1.19999435e+00  3.62574397e-08  3.29999469e+00 
 3.63074397e-08  2.56114273e-06  3.63074397e-08  5.94592297e-06  3.63074397e-08  1.20000551e+00  3.63074397e-08  3.30000553e+00 
 3.63574397e-08 -2.41226233e-06  3.63574397e-08 -6.13453453e-06  3.63574397e-08  1.19999444e+00  3.63574397e-08  3.29999420e+00 
 3.64074397e-08  2.50506562e-06  3.64074397e-08  6.35029976e-06  3.64074397e-08  1.20000542e+00  3.64074397e-08  3.30000601e+00 
 3.64574397e-08 -2.35681867e-06  3.64574397e-08 -6.52906526e-06  3.64574397e-08  1.19999452e+00  3.64574397e-08  3.29999374e+00 
 3.65074397e-08  2.45024510e-06  3.65074397e-08  6.73515912e-06  3.65074397e-08  1.20000534e+00  3.65074397e-08  3.30000646e+00 
 3.65574397e-08 -2.30261954e-06  3.65574397e-08 -6.90441520e-06  3.65574397e-08  1.19999460e+00  3.65574397e-08  3.29999330e+00 
 3.66074397e-08  2.39665713e-06  3.66074397e-08  7.10116813e-06  3.66074397e-08  1.20000526e+00  3.66074397e-08  3.30000690e+00 
 3.66574397e-08 -2.24964062e-06  3.66574397e-08 -7.26123996e-06  3.66574397e-08  1.19999469e+00  3.66574397e-08  3.29999287e+00 
 3.67074397e-08  2.34427715e-06  3.67074397e-08  7.44897128e-06  3.67074397e-08  1.20000518e+00  3.67074397e-08  3.30000731e+00 
 3.67574397e-08 -2.19785722e-06  3.67574397e-08 -7.60017319e-06  3.67574397e-08  1.19999476e+00  3.67574397e-08  3.29999247e+00 
 3.68074397e-08  2.29308036e-06  3.68074397e-08  7.77919165e-06  3.68074397e-08  1.20000510e+00  3.68074397e-08  3.30000771e+00 
 3.68574397e-08 -2.14724447e-06  3.68574397e-08 -7.92182763e-06  3.68574397e-08  1.19999484e+00  3.68574397e-08  3.29999208e+00 
 3.69074397e-08  2.24304189e-06  3.69074397e-08  8.09243189e-06  3.69074397e-08  1.20000502e+00  3.69074397e-08  3.30000809e+00 
 3.69574397e-08 -2.09777753e-06  3.69574397e-08 -8.22679611e-06  3.69574397e-08  1.19999492e+00  3.69574397e-08  3.29999171e+00 
 3.70074397e-08  2.19413693e-06  3.70074397e-08  8.38927523e-06  3.70074397e-08  1.20000495e+00  3.70074397e-08  3.30000845e+00 
 3.70574397e-08 -2.04943167e-06  3.70574397e-08 -8.51565242e-06  3.70574397e-08  1.19999499e+00  3.70574397e-08  3.29999135e+00 
 3.71074397e-08  2.14634083e-06  3.71074397e-08  8.67028627e-06  3.71074397e-08  1.20000487e+00  3.71074397e-08  3.30000880e+00 
 3.71574397e-08 -2.00218236e-06  3.71574397e-08 -8.78895214e-06  3.71574397e-08  1.19999507e+00  3.71574397e-08  3.29999101e+00 
 3.72074397e-08  2.09962923e-06  3.72074397e-08  8.93601176e-06  3.72074397e-08  1.20000480e+00  3.72074397e-08  3.30000913e+00 
 3.72574397e-08 -1.95600542e-06  3.72574397e-08 -9.04723339e-06  3.72574397e-08  1.19999514e+00  3.72574397e-08  3.29999069e+00 
 3.73074397e-08  2.05397809e-06  3.73074397e-08  9.18698136e-06  3.73074397e-08  1.20000472e+00  3.73074397e-08  3.30000944e+00 
 3.73574397e-08 -1.91087696e-06  3.73574397e-08 -9.29101749e-06  3.73574397e-08  1.19999521e+00  3.73574397e-08  3.29999038e+00 
 3.74074397e-08  2.00936372e-06  3.74074397e-08  9.42370824e-06  3.74074397e-08  1.20000465e+00  3.74074397e-08  3.30000975e+00 
 3.74574397e-08 -1.86677353e-06  3.74574397e-08 -9.52080961e-06  3.74574397e-08  1.19999528e+00  3.74574397e-08  3.29999009e+00 
 3.75074397e-08  1.96576286e-06  3.75074397e-08  9.64668972e-06  3.75074397e-08  1.20000458e+00  3.75074397e-08  3.30001003e+00 
 3.75574397e-08 -1.82367205e-06  3.75574397e-08 -9.73709936e-06  3.75574397e-08  1.19999535e+00  3.75574397e-08  3.29998981e+00 
 3.76074397e-08  1.92315266e-06  3.76074397e-08  9.85640785e-06  3.76074397e-08  1.20000451e+00  3.76074397e-08  3.30001031e+00 
 3.76574397e-08 -1.78154994e-06  3.76574397e-08 -9.94036133e-06  3.76574397e-08  1.19999542e+00  3.76574397e-08  3.29998954e+00 
 3.77074397e-08  1.88151075e-06  3.77074397e-08  1.00533299e-05  3.77074397e-08  1.20000445e+00  3.77074397e-08  3.30001057e+00 
 3.77574397e-08 -1.74038501e-06  3.77574397e-08 -1.01310556e-05  3.77574397e-08  1.19999549e+00  3.77574397e-08  3.29998929e+00 
 3.78074397e-08  1.84081518e-06  3.78074397e-08  1.02379089e-05  3.78074397e-08  1.20000438e+00  3.78074397e-08  3.30001081e+00 
 3.78574397e-08 -1.70015557e-06  3.78574397e-08 -1.03096282e-05  3.78574397e-08  1.19999556e+00  3.78574397e-08  3.29998905e+00 
 3.79074397e-08  1.80104447e-06  3.79074397e-08  1.04105840e-05  3.79074397e-08  1.20000431e+00  3.79074397e-08  3.30001105e+00 
 3.79574397e-08 -1.66084039e-06  3.79574397e-08 -1.04765116e-05  3.79574397e-08  1.19999562e+00  3.79574397e-08  3.29998882e+00 
 3.80074397e-08  1.76217762e-06  3.80074397e-08  1.05717811e-05  3.80074397e-08  1.20000425e+00  3.80074397e-08  3.30001127e+00 
 3.80574397e-08 -1.62241867e-06  3.80574397e-08 -1.06321252e-05  3.80574397e-08  1.19999569e+00  3.80574397e-08  3.29998860e+00 
 3.81074397e-08  1.72419408e-06  3.81074397e-08  1.07219132e-05  3.81074397e-08  1.20000419e+00  3.81074397e-08  3.30001149e+00 
 3.81574397e-08 -1.58487011e-06  3.81574397e-08 -1.07768755e-05  3.81574397e-08  1.19999575e+00  3.81574397e-08  3.29998839e+00 
 3.82074397e-08  1.68707375e-06  3.82074397e-08  1.08613805e-05  3.82074397e-08  1.20000412e+00  3.82074397e-08  3.30001169e+00 
 3.82574397e-08 -1.54817483e-06  3.82574397e-08 -1.09111568e-05  3.82574397e-08  1.19999581e+00  3.82574397e-08  3.29998819e+00 
 3.83074397e-08  1.65079699e-06  3.83074397e-08  1.09905714e-05  3.83074397e-08  1.20000406e+00  3.83074397e-08  3.30001188e+00 
 3.83574397e-08 -1.51231344e-06  3.83574397e-08 -1.10353514e-05  3.83574397e-08  1.19999587e+00  3.83574397e-08  3.29998801e+00 
 3.84074397e-08  1.61534460e-06  3.84074397e-08  1.11098621e-05  3.84074397e-08  1.20000400e+00  3.84074397e-08  3.30001206e+00 
 3.84574397e-08 -1.47726692e-06  3.84574397e-08 -1.11498298e-05  3.84574397e-08  1.19999593e+00  3.84574397e-08  3.29998783e+00 
 3.85074397e-08  1.58069782e-06  3.85074397e-08  1.12196177e-05  3.85074397e-08  1.20000394e+00  3.85074397e-08  3.30001223e+00 
 3.85574397e-08 -1.44301677e-06  3.85574397e-08 -1.12549513e-05  3.85574397e-08  1.19999599e+00  3.85574397e-08  3.29998767e+00 
 3.86074397e-08  1.54683832e-06  3.86074397e-08  1.13201919e-05  3.86074397e-08  1.20000388e+00  3.86074397e-08  3.30001239e+00 
 3.86574397e-08 -1.40954485e-06  3.86574397e-08 -1.13510644e-05  3.86574397e-08  1.19999605e+00  3.86574397e-08  3.29998751e+00 
 3.87074397e-08  1.51374819e-06  3.87074397e-08  1.14119277e-05  3.87074397e-08  1.20000383e+00  3.87074397e-08  3.30001255e+00 
 3.87574397e-08 -1.37683345e-06  3.87574397e-08 -1.14385067e-05  3.87574397e-08  1.19999611e+00  3.87574397e-08  3.29998736e+00 
 3.88074397e-08  1.48140991e-06  3.88074397e-08  1.14951577e-05  3.88074397e-08  1.20000377e+00  3.88074397e-08  3.30001269e+00 
 3.88574397e-08 -1.34486529e-06  3.88574397e-08 -1.15176056e-05  3.88574397e-08  1.19999616e+00  3.88574397e-08  3.29998722e+00 
 3.89074397e-08  1.44980642e-06  3.89074397e-08  1.15702040e-05  3.89074397e-08  1.20000371e+00  3.89074397e-08  3.30001282e+00 
 3.89574397e-08 -1.31362346e-06  3.89574397e-08 -1.15886784e-05  3.89574397e-08  1.19999622e+00  3.89574397e-08  3.29998709e+00 
 3.90074397e-08  1.41892098e-06  3.90074397e-08  1.16373791e-05  3.90074397e-08  1.20000366e+00  3.90074397e-08  3.30001295e+00 
 3.90574397e-08 -1.28309145e-06  3.90574397e-08 -1.16520324e-05  3.90574397e-08  1.19999627e+00  3.90574397e-08  3.29998697e+00 
 3.91074397e-08  1.38873727e-06  3.91074397e-08  1.16969856e-05  3.91074397e-08  1.20000360e+00  3.91074397e-08  3.30001307e+00 
 3.91574397e-08 -1.25325313e-06  3.91574397e-08 -1.17079658e-05  3.91574397e-08  1.19999633e+00  3.91574397e-08  3.29998686e+00 
 3.92074397e-08  1.35923935e-06  3.92074397e-08  1.17493169e-05  3.92074397e-08  1.20000355e+00  3.92074397e-08  3.30001318e+00 
 3.92574397e-08 -1.22409273e-06  3.92574397e-08 -1.17567672e-05  3.92574397e-08  1.19999638e+00  3.92574397e-08  3.29998675e+00 
 3.93074397e-08  1.33041165e-06  3.93074397e-08  1.17946572e-05  3.93074397e-08  1.20000350e+00  3.93074397e-08  3.30001328e+00 
 3.93574397e-08 -1.19559487e-06  3.93574397e-08 -1.17987165e-05  3.93574397e-08  1.19999643e+00  3.93574397e-08  3.29998665e+00 
 3.94074397e-08  1.30223894e-06  3.94074397e-08  1.18332818e-05  3.94074397e-08  1.20000345e+00  3.94074397e-08  3.30001338e+00 
 3.94574397e-08 -1.16774449e-06  3.94574397e-08 -1.18340845e-05  3.94574397e-08  1.19999648e+00  3.94574397e-08  3.29998656e+00 
 3.95074397e-08  1.27470634e-06  3.95074397e-08  1.18654576e-05  3.95074397e-08  1.20000340e+00  3.95074397e-08  3.30001347e+00 
 3.95574397e-08 -1.14052689e-06  3.95574397e-08 -1.18631338e-05  3.95574397e-08  1.19999653e+00  3.95574397e-08  3.29998647e+00 
 3.96074397e-08  1.24779931e-06  3.96074397e-08  1.18914427e-05  3.96074397e-08  1.20000335e+00  3.96074397e-08  3.30001355e+00 
 3.96574397e-08 -1.11392769e-06  3.96574397e-08 -1.18861188e-05  3.96574397e-08  1.19999658e+00  3.96574397e-08  3.29998639e+00 
 3.97074397e-08  1.22150366e-06  3.97074397e-08  1.19114875e-05  3.97074397e-08  1.20000330e+00  3.97074397e-08  3.30001363e+00 
 3.97574397e-08 -1.08793286e-06  3.97574397e-08 -1.19032854e-05  3.97574397e-08  1.19999663e+00  3.97574397e-08  3.29998632e+00 
 3.98074397e-08  1.19580550e-06  3.98074397e-08  1.19258341e-05  3.98074397e-08  1.20000325e+00  3.98074397e-08  3.30001370e+00 
 3.98574397e-08 -1.06252872e-06  3.98574397e-08 -1.19148723e-05  3.98574397e-08  1.19999668e+00  3.98574397e-08  3.29998625e+00 
 3.99074397e-08  1.17069130e-06  3.99074397e-08  1.19347173e-05  3.99074397e-08  1.20000320e+00  3.99074397e-08  3.30001376e+00 
 3.99537199e-08 -1.03671592e-06  3.99537199e-08 -1.19212529e-05  3.99537199e-08  1.19999673e+00  3.99537199e-08  3.29998619e+00 
 4.00000000e-08  1.14419940e-06  4.00000000e-08  1.19384370e-05  4.00000000e-08  1.20000315e+00  4.00000000e-08  3.30001383e+00 
 4.00050000e-08  1.30642706e-05  4.00050000e-08  1.35558470e-04  4.00050000e-08  1.20011622e+00  4.00050000e-08  3.30066237e+00 
 4.00150000e-08 -3.88426821e-06  4.00150000e-08  2.90680500e-05  4.00150000e-08  1.20009400e+00  4.00150000e-08  3.30080059e+00 
 4.00350000e-08 -7.70911957e-06  4.00350000e-08 -5.32732939e-05  4.00350000e-08  1.19994424e+00  4.00350000e-08  3.30026366e+00 
 4.00750000e-08  6.63660932e-06  4.00750000e-08 -4.11847089e-05  4.00750000e-08  1.20000872e+00  4.00750000e-08  3.29955864e+00 
 4.01250000e-08 -3.49184384e-05  4.01250000e-08 -1.14694742e-04  4.01250000e-08  1.19916793e+00  4.01250000e-08  3.29789703e+00 
 4.01625000e-08 -7.26534224e-05  4.01625000e-08 -2.82742897e-04  4.01625000e-08  1.19718606e+00  4.01625000e-08  3.29450579e+00 
 4.02000000e-08  3.80845345e-04  4.02000000e-08  1.40712756e-04  4.02000000e-08  1.20460240e+00  4.02000000e-08  3.29504375e+00 
 4.02050000e-08  3.43474698e-04  4.02050000e-08  6.51747853e-05  4.02050000e-08  1.20606303e+00  4.02050000e-08  3.29507043e+00 
 4.02150000e-08 -1.46295637e-04  4.02150000e-08  2.04132189e-04  4.02150000e-08  1.20475587e+00  4.02150000e-08  3.29604368e+00 
 4.02350000e-08 -4.30771041e-04  4.02350000e-08  5.22332963e-04  4.02350000e-08  1.19752623e+00  4.02350000e-08  3.30003603e+00 
 4.02750000e-08  3.34263819e-04  4.02750000e-08  1.38587542e-03  4.02750000e-08  1.19989134e+00  4.02750000e-08  3.31757268e+00 
 4.03181768e-08 -1.94027300e-04  4.03181768e-08 -1.79748175e-03  4.03181768e-08  1.20020079e+00  4.03181768e-08  3.30246462e+00 
 4.03635834e-08  1.19201645e-04  4.03635834e-08  3.21118651e-04  4.03635834e-08  1.19973344e+00  4.03635834e-08  3.29543765e+00 
 4.04135834e-08 -7.60073470e-05  4.04135834e-08 -1.01630751e-04  4.04135834e-08  1.20027858e+00  4.04135834e-08  3.29950266e+00 
 4.04635834e-08  4.79519542e-05  4.04635834e-08  1.70910230e-04  4.04635834e-08  1.19973269e+00  4.04635834e-08  3.29878116e+00 
 4.05135834e-08 -2.90397903e-05  4.05135834e-08 -1.09116618e-04  4.05135834e-08  1.20024443e+00  4.05135834e-08  3.29984921e+00 
 4.05635834e-08  1.65354360e-05  4.05635834e-08  1.10881213e-04  4.05635834e-08  1.19978301e+00  4.05635834e-08  3.29950779e+00 
 4.06135834e-08 -7.89473291e-06  4.06135834e-08 -7.50773324e-05  4.06135834e-08  1.20018860e+00  4.06135834e-08  3.30005784e+00 
 4.06635834e-08  2.21710664e-06  4.06635834e-08  6.49878735e-05  4.06635834e-08  1.19983813e+00  4.06635834e-08  3.29973131e+00 
 4.07135834e-08  1.82317015e-06  4.07135834e-08 -4.48643361e-05  4.07135834e-08  1.20013744e+00  4.07135834e-08  3.30012536e+00 
 4.07635834e-08 -4.33319014e-06  4.07635834e-08  3.45629318e-05  4.07635834e-08  1.19988391e+00  4.07635834e-08  3.29980936e+00 
 4.08135834e-08  6.18862784e-06  4.08135834e-08 -2.20469740e-05  4.08135834e-08  1.20009752e+00  4.08135834e-08  3.30014075e+00 
 4.08635834e-08 -7.17247952e-06  4.08635834e-08  1.36117747e-05  4.08635834e-08  1.19991814e+00  4.08635834e-08  3.29984147e+00 
 4.09135834e-08  7.95765496e-06  4.09135834e-08 -5.17972478e-06  4.09135834e-08  1.20006852e+00  4.09135834e-08  3.30013899e+00 
 4.09635834e-08 -8.18808962e-06  4.09635834e-08 -1.26737074e-06  4.09635834e-08  1.19994247e+00  4.09635834e-08  3.29985853e+00 
 4.10135834e-08  8.44202907e-06  4.10135834e-08  7.18297362e-06  4.10135834e-08  1.20004823e+00  4.10135834e-08  3.30013193e+00 
 4.10635834e-08 -8.29972116e-06  4.10635834e-08 -1.19557046e-05  4.10635834e-08  1.19995931e+00  4.10635834e-08  3.29987037e+00 
 4.11135834e-08  8.29343199e-06  4.11135834e-08  1.61676919e-05  4.11135834e-08  1.20003430e+00  4.11135834e-08  3.30012354e+00 
 4.11635834e-08 -7.97266046e-06  4.11635834e-08 -1.96322343e-05  4.11635834e-08  1.19997080e+00  4.11635834e-08  3.29988009e+00 
 4.12135834e-08  7.84646115e-06  4.12135834e-08  2.26338404e-05  4.12135834e-08  1.20002483e+00  4.12135834e-08  3.30011518e+00 
 4.12635834e-08 -7.44881333e-06  4.12635834e-08 -2.51083069e-05  4.12635834e-08  1.19997860e+00  4.12635834e-08  3.29988863e+00 
 4.13135834e-08  7.27662128e-06  4.13135834e-08  2.72319234e-05  4.13135834e-08  1.20001841e+00  4.13135834e-08  3.30010731e+00 
 4.13635834e-08 -6.85573704e-06  4.13635834e-08 -2.89686419e-05  4.13635834e-08  1.19998389e+00  4.13635834e-08  3.29989631e+00 
 4.14135834e-08  6.67649853e-06  4.14135834e-08  3.04506006e-05  4.14135834e-08  1.20001404e+00  4.14135834e-08  3.30010009e+00 
 4.14635834e-08 -6.26038113e-06  4.14635834e-08 -3.16422444e-05  4.14635834e-08  1.19998749e+00  4.14635834e-08  3.29990324e+00 
 4.15135834e-08  6.09408348e-06  4.15135834e-08  3.26544363e-05  4.15135834e-08  1.20001106e+00  4.15135834e-08  3.30009354e+00 
 4.15635834e-08 -5.69668506e-06  4.15635834e-08 -3.34454212e-05  4.15635834e-08  1.19998996e+00  4.15635834e-08  3.29990948e+00 
 4.16135834e-08  5.55283460e-06  4.16135834e-08  3.41138433e-05  4.16135834e-08  1.20000901e+00  4.16135834e-08  3.30008762e+00 
 4.16635834e-08 -5.18029866e-06  4.16635834e-08 -3.46113078e-05  4.16635834e-08  1.19999167e+00  4.16635834e-08  3.29991510e+00 
 4.17135834e-08  5.06256589e-06  4.17135834e-08  3.50284393e-05  4.17135834e-08  1.20000758e+00  4.17135834e-08  3.30008229e+00 
 4.17635834e-08 -4.71669849e-06  4.17635834e-08 -3.53113557e-05  4.17635834e-08  1.19999288e+00  4.17635834e-08  3.29992016e+00 
 4.18135834e-08  4.62553533e-06  4.18135834e-08  3.55449875e-05  4.18135834e-08  1.20000656e+00  4.18135834e-08  3.30007748e+00 
 4.18635834e-08 -4.30578242e-06  4.18635834e-08 -3.56712997e-05  4.18635834e-08  1.19999373e+00  4.18635834e-08  3.29992473e+00 
 4.19135834e-08  4.23992639e-06  4.19135834e-08  3.57710137e-05  4.19135834e-08  1.20000583e+00  4.19135834e-08  3.30007314e+00 
 4.19567917e-08 -3.91808445e-06  4.19567917e-08 -3.57836893e-05  4.19567917e-08  1.19999440e+00  4.19567917e-08  3.29992917e+00 
 4.20000000e-08  3.85270479e-06  4.20000000e-08  3.57723410e-05  4.20000000e-08  1.20000523e+00  4.20000000e-08  3.30006862e+00 
 4.20050000e-08  9.63395090e-07  4.20050000e-08  5.30591445e-06  4.20050000e-08  1.20000550e+00  4.20050000e-08  3.30002865e+00 
 4.20150000e-08 -1.15372942e-06  4.20150000e-08 -5.24543939e-06  4.20150000e-08  1.19999666e+00  4.20150000e-08  3.29999786e+00 
 4.20350000e-08  7.01253018e-07  4.20350000e-08  6.85164068e-07  4.20350000e-08  1.19999693e+00  4.20350000e-08  3.29998857e+00 
 4.20750000e-08 -1.41937777e-07  4.20750000e-08 -6.44578901e-09  4.20750000e-08  1.20000445e+00  4.20750000e-08  3.30000134e+00 
 4.21250000e-08 -2.15946515e-08  4.21250000e-08  3.45010210e-07  4.21250000e-08  1.19999523e+00  4.21250000e-08  3.30000000e+00 
 4.21625000e-08  3.72429273e-07  4.21625000e-08 -1.67971565e-07  4.21625000e-08  1.20000379e+00  4.21625000e-08  3.30000210e+00 
 4.22000000e-08 -2.79454453e-07  4.22000000e-08 -1.28606415e-06  4.22000000e-08  1.19999829e+00  4.22000000e-08  3.29998617e+00 
 4.22050000e-08 -6.32531401e-07  4.22050000e-08  1.75215351e-06  4.22050000e-08  1.19999392e+00  4.22050000e-08  3.29999841e+00 
 4.22150000e-08  1.03233339e-06  4.22150000e-08  2.44555629e-06  4.22150000e-08  1.20000253e+00  4.22150000e-08  3.30001191e+00 
 4.22350000e-08 -3.05985986e-07  4.22350000e-08 -7.97335181e-07  4.22350000e-08  1.20000373e+00  4.22350000e-08  3.30000812e+00 
 4.22750000e-08 -3.33793009e-08  4.22750000e-08 -3.22799073e-07  4.22750000e-08  1.19999429e+00  4.22750000e-08  3.29999670e+00 
 4.23250000e-08  4.39285517e-07  4.23250000e-08  1.45381057e-07  4.23250000e-08  1.20000520e+00  4.23250000e-08  3.29999979e+00 
 4.23750000e-08 -4.76495871e-07  4.23750000e-08  4.43290849e-08  4.23750000e-08  1.19999555e+00  4.23750000e-08  3.29999968e+00 
 4.24250000e-08  6.63810601e-07  4.24250000e-08 -2.12409105e-08  4.24250000e-08  1.20000355e+00  4.24250000e-08  3.30000021e+00 
 4.24750000e-08 -5.55236320e-07  4.24750000e-08  1.60942360e-08  4.24750000e-08  1.19999707e+00  4.24750000e-08  3.29999959e+00 
 4.25250000e-08  6.56715541e-07  4.25250000e-08  3.02752496e-08  4.25250000e-08  1.20000222e+00  4.25250000e-08  3.30000038e+00 
 4.25750000e-08 -5.00549862e-07  4.25750000e-08 -3.66035753e-08  4.25750000e-08  1.19999818e+00  4.25750000e-08  3.29999957e+00 
 4.26250000e-08  5.78133236e-07  4.26250000e-08  7.17155217e-08  4.26250000e-08  1.20000133e+00  4.26250000e-08  3.30000040e+00 
 4.26750000e-08 -4.12053747e-07  4.26750000e-08 -6.90957199e-08  4.26750000e-08  1.19999889e+00  4.26750000e-08  3.29999960e+00 
 4.27250000e-08  4.87757979e-07  4.27250000e-08  9.48890236e-08  4.27250000e-08  1.20000076e+00  4.27250000e-08  3.30000036e+00 
 4.27750000e-08 -3.24225232e-07  4.27750000e-08 -8.48321841e-08  4.27750000e-08  1.19999934e+00  4.27750000e-08  3.29999965e+00 
 4.28250000e-08  4.04786522e-07  4.28250000e-08  1.03942040e-07  4.28250000e-08  1.20000040e+00  4.28250000e-08  3.30000031e+00 
 4.28750000e-08 -2.47185817e-07  4.28750000e-08 -8.84441907e-08  4.28750000e-08  1.19999962e+00  4.28750000e-08  3.29999971e+00 
 4.29250000e-08  3.34049743e-07  4.29250000e-08  1.02949744e-07  4.29250000e-08  1.20000019e+00  4.29250000e-08  3.30000025e+00 
 4.29750000e-08 -1.82724324e-07  4.29750000e-08 -8.37452348e-08  4.29750000e-08  1.19999979e+00  4.29750000e-08  3.29999977e+00 
 4.30250000e-08  2.75619576e-07  4.30250000e-08  9.52573197e-08  4.30250000e-08  1.20000006e+00  4.30250000e-08  3.30000019e+00 
 4.30750000e-08 -1.29969085e-07  4.30750000e-08 -7.37232038e-08  4.30750000e-08  1.19999988e+00  4.30750000e-08  3.29999983e+00 
 4.31250000e-08  2.28131840e-07  4.31250000e-08  8.34597115e-08  4.31250000e-08  1.19999999e+00  4.31250000e-08  3.30000013e+00 
 4.31750000e-08 -8.73254263e-08  4.31750000e-08 -6.06351930e-08  4.31750000e-08  1.19999994e+00  4.31750000e-08  3.29999988e+00 
 4.32250000e-08  1.89912547e-07  4.32250000e-08  6.94885298e-08  4.32250000e-08  1.19999994e+00  4.32250000e-08  3.30000009e+00 
 4.32750000e-08 -5.31273165e-08  4.32750000e-08 -4.61269690e-08  4.32750000e-08  1.19999997e+00  4.32750000e-08  3.29999992e+00 
 4.33250000e-08  1.59356919e-07  4.33250000e-08  5.47333626e-08  4.33250000e-08  1.19999992e+00  4.33250000e-08  3.30000005e+00 
 4.33750000e-08 -2.58628992e-08  4.33750000e-08 -3.13637545e-08  4.33750000e-08  1.19999999e+00  4.33750000e-08  3.29999996e+00 
 4.34250000e-08  1.35059305e-07  4.34250000e-08  4.01552523e-08  4.34250000e-08  1.19999991e+00  4.34250000e-08  3.30000001e+00 
 4.34750000e-08 -4.23335255e-09  4.34750000e-08 -1.71250305e-08  4.34750000e-08  1.20000000e+00  4.34750000e-08  3.29999999e+00 
 4.35250000e-08  1.15824398e-07  4.35250000e-08  2.63778964e-08  4.35250000e-08  1.19999991e+00  4.35250000e-08  3.29999998e+00 
 4.35750000e-08  1.28555230e-08  4.35750000e-08 -3.90280215e-09  4.35750000e-08  1.20000000e+00  4.35750000e-08  3.30000002e+00 
 4.36250000e-08  1.00656498e-07  4.36250000e-08  1.37803825e-08  4.36250000e-08  1.19999991e+00  4.36250000e-08  3.29999996e+00 
 4.36750000e-08  2.63065080e-08  4.36750000e-08  8.02233133e-09  4.36750000e-08  1.20000000e+00  4.36750000e-08  3.30000004e+00 
 4.37250000e-08  8.87371311e-08  4.37250000e-08  2.55783898e-09  4.37250000e-08  1.19999991e+00  4.37250000e-08  3.29999994e+00 
 4.37750000e-08  3.68615268e-08  4.37750000e-08  1.85253894e-08  4.37750000e-08  1.20000000e+00  4.37750000e-08  3.30000005e+00 
 4.38250000e-08  7.93970681e-08  4.38250000e-08 -7.21956883e-09  4.38250000e-08  1.19999991e+00  4.38250000e-08  3.29999993e+00 
 4.38750000e-08  4.51194647e-08  4.38750000e-08  2.75809624e-08  4.38750000e-08  1.19999999e+00  4.38750000e-08  3.30000006e+00 
 4.39250000e-08  7.21028820e-08  4.39250000e-08 -1.55653173e-08  4.39250000e-08  1.19999991e+00  4.39250000e-08  3.29999992e+00 
 4.39750000e-08  5.15557434e-08  4.39750000e-08  3.52351726e-08  4.39750000e-08  1.19999999e+00  4.39750000e-08  3.30000007e+00 
 4.40250000e-08  6.64298430e-08  4.40250000e-08 -2.25508865e-08  4.40250000e-08  1.19999991e+00  4.40250000e-08  3.29999991e+00 
 4.40750000e-08  5.65501671e-08  4.40750000e-08  4.15785292e-08  4.40750000e-08  1.19999999e+00  4.40750000e-08  3.30000008e+00 
 4.41250000e-08  6.20384581e-08  4.41250000e-08 -2.82809662e-08  4.41250000e-08  1.19999992e+00  4.41250000e-08  3.29999991e+00 
 4.41750000e-08  6.04059525e-08  4.41750000e-08  4.67260023e-08  4.41750000e-08  1.19999999e+00  4.41750000e-08  3.30000008e+00 
 4.42250000e-08  5.86581623e-08  4.42250000e-08 -3.28774755e-08  4.42250000e-08  1.19999992e+00  4.42250000e-08  3.29999990e+00 
 4.42750000e-08  6.33643078e-08  4.42750000e-08  5.08036598e-08  4.42750000e-08  1.19999998e+00  4.42750000e-08  3.30000008e+00 
 4.43250000e-08  5.60740973e-08  4.43250000e-08 -3.64683746e-08  4.43250000e-08  1.19999992e+00  4.43250000e-08  3.29999990e+00 
 4.43750000e-08  6.56164877e-08  4.43750000e-08  5.39394850e-08  4.43750000e-08  1.19999998e+00  4.43750000e-08  3.30000008e+00 
 4.44250000e-08  5.41160835e-08  4.44250000e-08 -3.91801171e-08  4.44250000e-08  1.19999992e+00  4.44250000e-08  3.29999990e+00 
 4.44750000e-08  6.73138498e-08  4.44750000e-08  5.62572481e-08  4.44750000e-08  1.19999998e+00  4.44750000e-08  3.30000008e+00 
 4.45250000e-08  5.26495853e-08  4.45250000e-08 -4.11328924e-08  4.45250000e-08  1.19999992e+00  4.45250000e-08  3.29999990e+00 
 4.45750000e-08  6.85759573e-08  4.45750000e-08  5.78728152e-08  4.45750000e-08  1.19999998e+00  4.45750000e-08  3.30000008e+00 
 4.46250000e-08  5.15683749e-08  4.46250000e-08 -4.24377477e-08  4.46250000e-08  1.19999993e+00  4.46250000e-08  3.29999990e+00 
 4.46750000e-08  6.94971294e-08  4.46750000e-08  5.88920910e-08  4.46750000e-08  1.19999998e+00  4.46750000e-08  3.30000008e+00 
 4.47250000e-08  5.07887190e-08  4.47250000e-08 -4.31951843e-08  4.47250000e-08  1.19999993e+00  4.47250000e-08  3.29999991e+00 
 4.47750000e-08  7.01517055e-08  4.47750000e-08  5.94100703e-08  4.47750000e-08  1.19999998e+00  4.47750000e-08  3.30000008e+00 
 4.48250000e-08  5.02446425e-08  4.48250000e-08 -4.34947073e-08  4.48250000e-08  1.19999993e+00  4.48250000e-08  3.29999991e+00 
 4.48750000e-08  7.05982232e-08  4.48750000e-08  5.95107628e-08  4.48750000e-08  1.19999998e+00  4.48750000e-08  3.30000008e+00 
 4.49250000e-08  4.98842001e-08  4.49250000e-08 -4.34148932e-08  4.49250000e-08  1.19999993e+00  4.49250000e-08  3.29999991e+00 
 4.49750000e-08  7.08827548e-08  4.49750000e-08  5.92675129e-08  4.49750000e-08  1.19999998e+00  4.49750000e-08  3.30000007e+00 
 4.50250000e-08  4.96665652e-08  4.50250000e-08 -4.30240613e-08  4.50250000e-08  1.19999993e+00  4.50250000e-08  3.29999991e+00 
 4.50750000e-08  7.10415020e-08  4.50750000e-08  5.87437958e-08  4.50750000e-08  1.19999997e+00  4.50750000e-08  3.30000007e+00 
 4.51250000e-08  4.95596124e-08  4.51250000e-08 -4.23810399e-08  4.51250000e-08  1.19999993e+00  4.51250000e-08  3.29999992e+00 
 4.51750000e-08  7.11029455e-08  4.51750000e-08  5.79940006e-08  4.51750000e-08  1.19999997e+00  4.51750000e-08  3.30000007e+00 
 4.52250000e-08  4.95381008e-08  4.52250000e-08 -4.15360470e-08  4.52250000e-08  1.19999993e+00  4.52250000e-08  3.29999992e+00 
 4.52750000e-08  7.10894553e-08  4.52750000e-08  5.70644505e-08  4.52750000e-08  1.19999997e+00  4.52750000e-08  3.30000007e+00 
 4.53250000e-08  4.95822273e-08  4.53250000e-08 -4.05316906e-08  4.53250000e-08  1.19999993e+00  4.53250000e-08  3.29999992e+00 
 4.53750000e-08  7.10185654e-08  4.53750000e-08  5.59942510e-08  4.53750000e-08  1.19999997e+00  4.53750000e-08  3.30000006e+00 
 4.54250000e-08  4.96764481e-08  4.54250000e-08 -3.94038707e-08  4.54250000e-08  1.19999993e+00  4.54250000e-08  3.29999993e+00 
 4.54750000e-08  7.09040516e-08  4.54750000e-08  5.48163095e-08  4.54750000e-08  1.19999997e+00  4.54750000e-08  3.30000006e+00 
 4.55250000e-08  4.98085714e-08  4.55250000e-08 -3.81826470e-08  4.55250000e-08  1.19999993e+00  4.55250000e-08  3.29999993e+00 
 4.55750000e-08  7.07566958e-08  4.55750000e-08  5.35580618e-08  4.55750000e-08  1.19999997e+00  4.55750000e-08  3.30000006e+00 
 4.56250000e-08  4.99690479e-08  4.56250000e-08 -3.68930809e-08  4.56250000e-08  1.19999993e+00  4.56250000e-08  3.29999993e+00 
 4.56750000e-08  7.05849598e-08  4.56750000e-08  5.22423449e-08  4.56750000e-08  1.19999997e+00  4.56750000e-08  3.30000005e+00 
 4.57250000e-08  5.01504045e-08  4.57250000e-08 -3.55559239e-08  4.57250000e-08  1.19999993e+00  4.57250000e-08  3.29999993e+00 
 4.57750000e-08  7.03954409e-08  4.57750000e-08  5.08880287e-08  4.57750000e-08  1.19999997e+00  4.57750000e-08  3.30000005e+00 
 4.58250000e-08  5.03467975e-08  4.58250000e-08 -3.41882992e-08  4.58250000e-08  1.19999993e+00  4.58250000e-08  3.29999994e+00 
 4.58750000e-08  7.01933107e-08  4.58750000e-08  4.95105844e-08  4.58750000e-08  1.19999997e+00  4.58750000e-08  3.30000005e+00 
 4.59250000e-08  5.05536661e-08  4.59250000e-08 -3.28042189e-08  4.59250000e-08  1.19999993e+00  4.59250000e-08  3.29999994e+00 
 4.59750000e-08  6.99825843e-08  4.59750000e-08  4.81227270e-08  4.59750000e-08  1.19999997e+00  4.59750000e-08  3.30000005e+00 
 4.60250000e-08  5.07674632e-08  4.60250000e-08 -3.14151397e-08  4.60250000e-08  1.19999993e+00  4.60250000e-08  3.29999994e+00 
 4.60750000e-08  6.97664061e-08  4.60750000e-08  4.67347279e-08  4.60750000e-08  1.19999997e+00  4.60750000e-08  3.30000004e+00 
 4.61250000e-08  5.09854113e-08  4.61250000e-08 -3.00302941e-08  4.61250000e-08  1.19999993e+00  4.61250000e-08  3.29999994e+00 
 4.61750000e-08  6.95472179e-08  4.61750000e-08  4.53548943e-08  4.61750000e-08  1.19999997e+00  4.61750000e-08  3.30000004e+00 
 4.62250000e-08  5.12053848e-08  4.62250000e-08 -2.86571337e-08  4.62250000e-08  1.19999993e+00  4.62250000e-08  3.29999995e+00 
 4.62750000e-08  6.93268712e-08  4.62750000e-08  4.39898890e-08  4.62750000e-08  1.19999997e+00  4.62750000e-08  3.30000004e+00 
 4.63250000e-08  5.14257280e-08  4.63250000e-08 -2.73016047e-08  4.63250000e-08  1.19999994e+00  4.63250000e-08  3.29999995e+00 
 4.63750000e-08  6.91068554e-08  4.63750000e-08  4.26449999e-08  4.63750000e-08  1.19999997e+00  4.63750000e-08  3.30000004e+00 
 4.64250000e-08  5.16451555e-08  4.64250000e-08 -2.59683920e-08  4.64250000e-08  1.19999994e+00  4.64250000e-08  3.29999995e+00 
 4.64750000e-08  6.88882486e-08  4.64750000e-08  4.13243802e-08  4.64750000e-08  1.19999997e+00  4.64750000e-08  3.30000004e+00 
 4.65250000e-08  5.18627229e-08  4.65250000e-08 -2.46611612e-08  4.65250000e-08  1.19999994e+00  4.65250000e-08  3.29999995e+00 
 4.65750000e-08  6.86719109e-08  4.65750000e-08  4.00312305e-08  4.65750000e-08  1.19999997e+00  4.65750000e-08  3.30000003e+00 
 4.66250000e-08  5.20776660e-08  4.66250000e-08 -2.33827071e-08  4.66250000e-08  1.19999994e+00  4.66250000e-08  3.29999995e+00 
 4.66750000e-08  6.84584915e-08  4.66750000e-08  3.87679992e-08  4.66750000e-08  1.19999997e+00  4.66750000e-08  3.30000003e+00 
 4.67250000e-08  5.22894544e-08  4.67250000e-08 -2.21351323e-08  4.67250000e-08  1.19999994e+00  4.67250000e-08  3.29999996e+00 
 4.67750000e-08  6.82484371e-08  4.67750000e-08  3.75364642e-08  4.67750000e-08  1.19999997e+00  4.67750000e-08  3.30000003e+00 
 4.68250000e-08  5.24976817e-08  4.68250000e-08 -2.09199743e-08  4.68250000e-08  1.19999994e+00  4.68250000e-08  3.29999996e+00 
 4.68750000e-08  6.80421123e-08  4.68750000e-08  3.63379371e-08  4.68750000e-08  1.19999997e+00  4.68750000e-08  3.30000003e+00 
 4.69250000e-08  5.27020455e-08  4.69250000e-08 -1.97382875e-08  4.69250000e-08  1.19999994e+00  4.69250000e-08  3.29999996e+00 
 4.69750000e-08  6.78397542e-08  4.69750000e-08  3.51732658e-08  4.69750000e-08  1.19999997e+00  4.69750000e-08  3.30000003e+00 
 4.70250000e-08  5.29023569e-08  4.70250000e-08 -1.85907582e-08  4.70250000e-08  1.19999994e+00  4.70250000e-08  3.29999996e+00 
 4.70750000e-08  6.76415334e-08  4.70750000e-08  3.40429690e-08  4.70750000e-08  1.19999997e+00  4.70750000e-08  3.30000002e+00 
 4.71250000e-08  5.30984586e-08  4.71250000e-08 -1.74777489e-08  4.71250000e-08  1.19999994e+00  4.71250000e-08  3.29999996e+00 
 4.71750000e-08  6.74475655e-08  4.71750000e-08  3.29472759e-08  4.71750000e-08  1.19999997e+00  4.71750000e-08  3.30000002e+00 
 4.72250000e-08  5.32902776e-08  4.72250000e-08 -1.63993763e-08  4.72250000e-08  1.19999994e+00  4.72250000e-08  3.29999996e+00 
 4.72750000e-08  6.72579024e-08  4.72750000e-08  3.18861968e-08  4.72750000e-08  1.19999997e+00  4.72750000e-08  3.30000002e+00 
 4.73250000e-08  5.34777842e-08  4.73250000e-08 -1.53555461e-08  4.73250000e-08  1.19999994e+00  4.73250000e-08  3.29999997e+00 
 4.73750000e-08  6.70725575e-08  4.73750000e-08  3.08595392e-08  4.73750000e-08  1.19999996e+00  4.73750000e-08  3.30000002e+00 
 4.74250000e-08  5.36609539e-08  4.74250000e-08 -1.43459933e-08  4.74250000e-08  1.19999994e+00  4.74250000e-08  3.29999997e+00 
 4.74750000e-08  6.68915610e-08  4.74750000e-08  2.98670116e-08  4.74750000e-08  1.19999996e+00  4.74750000e-08  3.30000002e+00 
 4.75250000e-08  5.38397936e-08  4.75250000e-08 -1.33703577e-08  4.75250000e-08  1.19999994e+00  4.75250000e-08  3.29999997e+00 
 4.75750000e-08  6.67148679e-08  4.75750000e-08  2.89081390e-08  4.75750000e-08  1.19999996e+00  4.75750000e-08  3.30000002e+00 
 4.76250000e-08  5.40143528e-08  4.76250000e-08 -1.24281311e-08  4.76250000e-08  1.19999994e+00  4.76250000e-08  3.29999997e+00 
 4.76750000e-08  6.65424312e-08  4.76750000e-08  2.79824116e-08  4.76750000e-08  1.19999996e+00  4.76750000e-08  3.30000002e+00 
 4.77250000e-08  5.41846854e-08  4.77250000e-08 -1.15187408e-08  4.77250000e-08  1.19999994e+00  4.77250000e-08  3.29999997e+00 
 4.77750000e-08  6.63741818e-08  4.77750000e-08  2.70891984e-08  4.77750000e-08  1.19999996e+00  4.77750000e-08  3.30000002e+00 
 4.78250000e-08  5.43508470e-08  4.78250000e-08 -1.06415429e-08  4.78250000e-08  1.19999994e+00  4.78250000e-08  3.29999997e+00 
 4.78750000e-08  6.62100995e-08  4.78750000e-08  2.62278469e-08  4.78750000e-08  1.19999996e+00  4.78750000e-08  3.30000002e+00 
 4.79250000e-08  5.45128873e-08  4.79250000e-08 -9.79586451e-09  4.79250000e-08  1.19999994e+00  4.79250000e-08  3.29999997e+00 
 4.79750000e-08  6.60500781e-08  4.79750000e-08  2.53976559e-08  4.79750000e-08  1.19999996e+00  4.79750000e-08  3.30000001e+00 
 4.80250000e-08  5.46708956e-08  4.80250000e-08 -8.98097151e-09  4.80250000e-08  1.19999994e+00  4.80250000e-08  3.29999997e+00 
 4.80750000e-08  6.58940604e-08  4.80750000e-08  2.45978704e-08  4.80750000e-08  1.19999996e+00  4.80750000e-08  3.30000001e+00 
 4.81250000e-08  5.48249495e-08  4.81250000e-08 -8.19611067e-09  4.81250000e-08  1.19999994e+00  4.81250000e-08  3.29999997e+00 
 4.81750000e-08  6.57419546e-08  4.81750000e-08  2.38277380e-08  4.81750000e-08  1.19999996e+00  4.81750000e-08  3.30000001e+00 
 4.82250000e-08  5.49751227e-08  4.82250000e-08 -7.44050593e-09  4.82250000e-08  1.19999994e+00  4.82250000e-08  3.29999997e+00 
 4.82750000e-08  6.55936940e-08  4.82750000e-08  2.30864816e-08  4.82750000e-08  1.19999996e+00  4.82750000e-08  3.30000001e+00 
 4.83250000e-08  5.51215007e-08  4.83250000e-08 -6.71340328e-09  4.83250000e-08  1.19999994e+00  4.83250000e-08  3.29999998e+00 
 4.83750000e-08  6.54491799e-08  4.83750000e-08  2.23733074e-08  4.83750000e-08  1.19999996e+00  4.83750000e-08  3.30000001e+00 
 4.84250000e-08  5.52641644e-08  4.84250000e-08 -6.01396388e-09  4.84250000e-08  1.19999994e+00  4.84250000e-08  3.29999998e+00 
 4.84750000e-08  6.53083417e-08  4.84750000e-08  2.16874260e-08  4.84750000e-08  1.19999996e+00  4.84750000e-08  3.30000001e+00 
 4.85250000e-08  5.54031994e-08  4.85250000e-08 -5.34142819e-09  4.85250000e-08  1.19999994e+00  4.85250000e-08  3.29999998e+00 
 4.85750000e-08  6.51710907e-08  4.85750000e-08  2.10280347e-08  4.85750000e-08  1.19999996e+00  4.85750000e-08  3.30000001e+00 
 4.86250000e-08  5.55386816e-08  4.86250000e-08 -4.69500526e-09  4.86250000e-08  1.19999994e+00  4.86250000e-08  3.29999998e+00 
 4.86750000e-08  6.50373524e-08  4.86750000e-08  2.03943719e-08  4.86750000e-08  1.19999996e+00  4.86750000e-08  3.30000001e+00 
 4.87250000e-08  5.56706983e-08  4.87250000e-08 -4.07388701e-09  4.87250000e-08  1.19999994e+00  4.87250000e-08  3.29999998e+00 
 4.87750000e-08  6.49070396e-08  4.87750000e-08  1.97856118e-08  4.87750000e-08  1.19999996e+00  4.87750000e-08  3.30000001e+00 
 4.88250000e-08  5.57993300e-08  4.88250000e-08 -3.47729921e-09  4.88250000e-08  1.19999994e+00  4.88250000e-08  3.29999998e+00 
 4.88750000e-08  6.47800720e-08  4.88750000e-08  1.92010123e-08  4.88750000e-08  1.19999996e+00  4.88750000e-08  3.30000001e+00 
 4.89250000e-08  5.59246565e-08  4.89250000e-08 -2.90449637e-09  4.89250000e-08  1.19999994e+00  4.89250000e-08  3.29999998e+00 
 4.89750000e-08  6.46563676e-08  4.89750000e-08  1.86397924e-08  4.89750000e-08  1.19999996e+00  4.89750000e-08  3.30000001e+00 
 4.90250000e-08  5.60467527e-08  4.90250000e-08 -2.35467737e-09  4.90250000e-08  1.19999994e+00  4.90250000e-08  3.29999998e+00 
 4.90750000e-08  6.45358555e-08  4.90750000e-08  1.81011959e-08  4.90750000e-08  1.19999996e+00  4.90750000e-08  3.30000001e+00 
 4.91250000e-08  5.61656953e-08  4.91250000e-08 -1.82711797e-09  4.91250000e-08  1.19999994e+00  4.91250000e-08  3.29999998e+00 
 4.91750000e-08  6.44184615e-08  4.91750000e-08  1.75844979e-08  4.91750000e-08  1.19999996e+00  4.91750000e-08  3.30000001e+00 
 4.92250000e-08  5.62815727e-08  4.92250000e-08 -1.32109046e-09  4.92250000e-08  1.19999994e+00  4.92250000e-08  3.29999998e+00 
 4.92750000e-08  6.43040900e-08  4.92750000e-08  1.70889526e-08  4.92750000e-08  1.19999996e+00  4.92750000e-08  3.30000001e+00 
 4.93250000e-08  5.63944512e-08  4.93250000e-08 -8.35858271e-10  4.93250000e-08  1.19999994e+00  4.93250000e-08  3.29999998e+00 
 4.93750000e-08  6.41926793e-08  4.93750000e-08  1.66138568e-08  4.93750000e-08  1.19999996e+00  4.93750000e-08  3.30000001e+00 
 4.94250000e-08  5.65044095e-08  4.94250000e-08 -3.70722245e-10  4.94250000e-08  1.19999994e+00  4.94250000e-08  3.29999998e+00 
 4.94750000e-08  6.40841612e-08  4.94750000e-08  1.61585136e-08  4.94750000e-08  1.19999996e+00  4.94750000e-08  3.30000000e+00 
 4.95250000e-08  5.66115007e-08  4.95250000e-08  7.50069035e-11  4.95250000e-08  1.19999994e+00  4.95250000e-08  3.29999998e+00 
 4.95750000e-08  6.39784719e-08  4.95750000e-08  1.57222248e-08  4.95750000e-08  1.19999996e+00  4.95750000e-08  3.30000000e+00 
 4.96250000e-08  5.67158151e-08  4.96250000e-08  5.02004993e-10  4.96250000e-08  1.19999994e+00  4.96250000e-08  3.29999998e+00 
 4.96750000e-08  6.38755211e-08  4.96750000e-08  1.53043455e-08  4.96750000e-08  1.19999996e+00  4.96750000e-08  3.30000000e+00 
 4.97250000e-08  5.68174136e-08  4.97250000e-08  9.10939740e-10  4.97250000e-08  1.19999994e+00  4.97250000e-08  3.29999998e+00 
 4.97750000e-08  6.37752511e-08  4.97750000e-08  1.49042047e-08  4.97750000e-08  1.19999996e+00  4.97750000e-08  3.30000000e+00 
 4.98250000e-08  5.69163683e-08  4.98250000e-08  1.30243777e-09  4.98250000e-08  1.19999994e+00  4.98250000e-08  3.29999998e+00 
 4.98750000e-08  6.36776002e-08  4.98750000e-08  1.45211941e-08  4.98750000e-08  1.19999996e+00  4.98750000e-08  3.30000000e+00 
 4.99250000e-08  5.70127417e-08  4.99250000e-08  1.67712134e-09  4.99250000e-08  1.19999994e+00  4.99250000e-08  3.29999998e+00 
 4.99625000e-08  6.35668870e-08  4.99625000e-08  1.40951483e-08  4.99625000e-08  1.19999996e+00  4.99625000e-08  3.30000000e+00 
 5.00000000e-08  5.71373241e-08  5.00000000e-08  2.15162799e-09  5.00000000e-08  1.19999994e+00  5.00000000e-08  3.29999998e+00 
 5.00050000e-08 -8.96639940e-06  5.00050000e-08 -5.91470783e-05  5.00050000e-08  1.19991912e+00  5.00050000e-08  3.29971090e+00 
 5.00150000e-08  6.36214940e-06  5.00150000e-08 -2.25079724e-06  5.00150000e-08  1.19996653e+00  5.00150000e-08  3.29970164e+00 
 5.00350000e-08  3.47206178e-06  5.00350000e-08  2.38192061e-05  5.00350000e-08  1.20006226e+00  5.00350000e-08  3.29995875e+00 
 5.00750000e-08 -5.36439323e-06  5.00750000e-08  1.01603992e-05  5.00750000e-08  1.19996469e+00  5.00750000e-08  3.30016185e+00 
 5.01250000e-08  2.64381003e-05  5.01250000e-08  1.48878706e-04  5.01250000e-08  1.20060011e+00  5.01250000e-08  3.30213583e+00 
 5.01625000e-08  5.11586128e-06  5.01625000e-08  1.55356185e-04  5.01625000e-08  1.20102146e+00  5.01625000e-08  3.30432722e+00 
 5.02000000e-08 -2.12202627e-04  5.02000000e-08 -1.30018512e-04  5.02000000e-08  1.19647260e+00  5.02000000e-08  3.30334681e+00 
 5.02050000e-08 -1.31268131e-04  5.02050000e-08 -2.50547632e-04  5.02050000e-08  1.19622474e+00  5.02050000e-08  3.30244340e+00 
 5.02150000e-08  1.74595517e-04  5.02150000e-08 -6.35547365e-04  5.02150000e-08  1.19785345e+00  5.02150000e-08  3.29941249e+00 
 5.02350000e-08  2.65294705e-04  5.02350000e-08 -1.06106271e-03  5.02350000e-08  1.20258041e+00  5.02350000e-08  3.29107620e+00 
 5.02718042e-08 -2.55541001e-04  5.02718042e-08  6.92247576e-05  5.02718042e-08  1.19993771e+00  5.02718042e-08  3.28842657e+00 
 5.03135067e-08  1.51403000e-04  5.03135067e-08  9.52779849e-04  5.03135067e-08  1.19989095e+00  5.03135067e-08  3.30093259e+00 
 5.03583625e-08 -8.46431946e-05  5.03583625e-08 -1.69691673e-04  5.03583625e-08  1.20038153e+00  5.03583625e-08  3.30299823e+00 
 5.04083625e-08  3.79182413e-05  5.04083625e-08 -2.17007093e-05  5.04083625e-08  1.19955558e+00  5.04083625e-08  3.30073263e+00 
 5.04583625e-08 -4.09886570e-06  5.04583625e-08 -1.23412130e-05  5.04583625e-08  1.20047061e+00  5.04583625e-08  3.30118581e+00 
 5.05083625e-08 -1.97902492e-05  5.05083625e-08 -2.82496809e-05  5.05083625e-08  1.19953865e+00  5.05083625e-08  3.30037569e+00 
 5.05583625e-08  3.64416123e-05  5.05583625e-08  1.55311879e-05  5.05583625e-08  1.20043429e+00  5.05583625e-08  3.30064284e+00 
 5.06083625e-08 -4.72868237e-05  5.06083625e-08 -4.04558745e-05  5.06083625e-08  1.19960287e+00  5.06083625e-08  3.30010425e+00 
 5.06583625e-08  5.41504266e-05  5.06583625e-08  3.73274578e-05  5.06583625e-08  1.20035575e+00  5.06583625e-08  3.30040527e+00 
 5.07083625e-08 -5.76878402e-05  5.07083625e-08 -5.16626781e-05  5.07083625e-08  1.19968622e+00  5.07083625e-08  3.29996278e+00 
 5.07583625e-08  5.91510010e-05  5.07583625e-08  5.14893088e-05  5.07583625e-08  1.20027318e+00  5.07583625e-08  3.30028669e+00 
 5.08083625e-08 -5.87105021e-05  5.08083625e-08 -5.94749433e-05  5.08083625e-08  1.19976448e+00  5.08083625e-08  3.29989754e+00 
 5.08583625e-08  5.73419209e-05  5.08583625e-08  5.99882509e-05  5.08583625e-08  1.20020109e+00  5.08583625e-08  3.30022234e+00 
 5.09083625e-08 -5.48757670e-05  5.09083625e-08 -6.42392364e-05  5.09083625e-08  1.19982952e+00  5.09083625e-08  3.29987158e+00 
 5.09583625e-08  5.21189723e-05  5.09583625e-08  6.46151695e-05  5.09583625e-08  1.20014333e+00  5.09583625e-08  3.30018437e+00 
 5.10083625e-08 -4.87688962e-05  5.10083625e-08 -6.66316608e-05  5.10083625e-08  1.19988021e+00  5.10083625e-08  3.29986506e+00 
 5.10583625e-08  4.54799354e-05  5.10583625e-08  6.66069452e-05  5.10583625e-08  1.20009927e+00  5.10583625e-08  3.30015951e+00 
 5.11083625e-08 -4.18819443e-05  5.11083625e-08 -6.72496605e-05  5.11083625e-08  1.19991821e+00  5.11083625e-08  3.29986778e+00 
 5.11583625e-08  3.85408771e-05  5.11583625e-08  6.68046783e-05  5.11583625e-08  1.20006670e+00  5.11583625e-08  3.30014153e+00 
 5.12083625e-08 -3.50429026e-05  5.12083625e-08 -6.65893193e-05  5.12083625e-08  1.19994597e+00  5.12083625e-08  3.29987461e+00 
 5.12583625e-08  3.19044364e-05  5.12583625e-08  6.57918456e-05  5.12583625e-08  1.20004314e+00  5.12583625e-08  3.30012740e+00 
 5.13083625e-08 -2.86828828e-05  5.13083625e-08 -6.50388248e-05  5.13083625e-08  1.19996588e+00  5.13083625e-08  3.29988301e+00 
 5.13583625e-08  2.58679892e-05  5.13583625e-08  6.39785344e-05  5.13583625e-08  1.20002638e+00  5.13583625e-08  3.30011563e+00 
 5.14083625e-08 -2.29982977e-05  5.14083625e-08 -6.28935905e-05  5.14083625e-08  1.19997995e+00  5.14083625e-08  3.29989173e+00 
 5.14583625e-08  2.05500610e-05  5.14583625e-08  6.16550874e-05  5.14583625e-08  1.20001460e+00  5.14583625e-08  3.30010548e+00 
 5.15083625e-08 -1.80496825e-05  5.15083625e-08 -6.03736675e-05  5.15083625e-08  1.19998978e+00  5.15083625e-08  3.29990016e+00 
 5.15583625e-08  1.59673508e-05  5.15583625e-08  5.90272024e-05  5.15583625e-08  1.20000641e+00  5.15583625e-08  3.30009654e+00 
 5.16083625e-08 -1.38219025e-05  5.16083625e-08 -5.76398738e-05  5.16083625e-08  1.19999658e+00  5.16083625e-08  3.29990805e+00 
 5.16583625e-08  1.20815384e-05  5.16583625e-08  5.62398371e-05  5.16583625e-08  1.20000077e+00  5.16583625e-08  3.30008859e+00 
 5.17083625e-08 -1.02606050e-05  5.17083625e-08 -5.48074996e-05  5.17083625e-08  1.20000123e+00  5.17083625e-08  3.29991531e+00 
 5.17583625e-08  8.82745668e-06  5.17583625e-08  5.33940087e-05  5.17583625e-08  1.19999694e+00  5.17583625e-08  3.30008146e+00 
 5.18083625e-08 -7.29398375e-06  5.18083625e-08 -5.19574226e-05  5.18083625e-08  1.20000439e+00  5.18083625e-08  3.29992194e+00 
 5.18583625e-08  6.12973346e-06  5.18583625e-08  5.05588610e-05  5.18583625e-08  1.19999435e+00  5.18583625e-08  3.30007505e+00 
 5.19083625e-08 -4.84545158e-06  5.19083625e-08 -4.91448698e-05  5.19083625e-08  1.20000650e+00  5.19083625e-08  3.29992796e+00 
 5.19583625e-08  3.91230299e-06  5.19583625e-08  4.77804569e-05  5.19583625e-08  1.19999264e+00  5.19583625e-08  3.30006928e+00 
 5.20083625e-08 -2.84070730e-06  5.20083625e-08 -4.64061931e-05  5.20083625e-08  1.20000788e+00  5.20083625e-08  3.29993342e+00 
 5.20583625e-08  2.10353847e-06  5.20583625e-08  4.50882333e-05  5.20583625e-08  1.19999153e+00  5.20583625e-08  3.30006405e+00 
 5.21083625e-08 -1.21137735e-06  5.21083625e-08 -4.37640384e-05  5.21083625e-08  1.20000877e+00  5.21083625e-08  3.29993838e+00 
 5.21583625e-08  6.38727148e-07  5.21583625e-08  4.24997556e-05  5.21583625e-08  1.19999083e+00  5.21583625e-08  3.30005931e+00 
 5.22083625e-08  1.03400377e-07  5.22083625e-08 -4.12312425e-05  5.22083625e-08  1.20000931e+00  5.22083625e-08  3.29994289e+00 
 5.22583625e-08 -5.39031930e-07  5.22583625e-08  4.00242194e-05  5.22583625e-08  1.19999041e+00  5.22583625e-08  3.30005500e+00 
 5.23083625e-08  1.15659497e-06  5.23083625e-08 -3.88137454e-05  5.23083625e-08  1.20000962e+00  5.23083625e-08  3.29994700e+00 
 5.23583625e-08 -1.47883373e-06  5.23583625e-08  3.76650210e-05  5.23583625e-08  1.19999019e+00  5.23583625e-08  3.30005107e+00 
 5.24083625e-08  1.99357180e-06  5.24083625e-08 -3.65127442e-05  5.24083625e-08  1.20000977e+00  5.24083625e-08  3.29995075e+00 
 5.24583625e-08 -2.22245944e-06  5.24583625e-08  3.54216354e-05  5.24583625e-08  1.19999010e+00  5.24583625e-08  3.30004747e+00 
 5.25083625e-08  2.65272500e-06  5.25083625e-08 -3.43262716e-05  5.25083625e-08  1.20000982e+00  5.25083625e-08  3.29995420e+00 
 5.25583625e-08 -2.80510050e-06  5.25583625e-08  3.32909771e-05  5.25583625e-08  1.19999009e+00  5.25583625e-08  3.30004417e+00 
 5.26083625e-08  3.16625627e-06  5.26083625e-08 -3.22503395e-05  5.26083625e-08  1.20000979e+00  5.26083625e-08  3.29995737e+00 
 5.26583625e-08 -3.25616294e-06  5.26583625e-08  3.12683767e-05  5.26583625e-08  1.19999014e+00  5.26583625e-08  3.30004113e+00 
 5.27083625e-08  3.56098406e-06  5.27083625e-08 -3.02797577e-05  5.27083625e-08  1.20000972e+00  5.27083625e-08  3.29996029e+00 
 5.27583625e-08 -3.60006513e-06  5.27583625e-08  2.93482737e-05  5.27583625e-08  1.19999023e+00  5.27583625e-08  3.30003831e+00 
 5.28083625e-08  3.85911908e-06  5.28083625e-08 -2.84087101e-05  5.28083625e-08  1.20000962e+00  5.28083625e-08  3.29996300e+00 
 5.28583625e-08 -3.85698239e-06  5.28583625e-08  2.75246975e-05  5.28583625e-08  1.19999034e+00  5.28583625e-08  3.30003570e+00 
 5.29083625e-08  4.07897309e-06  5.29083625e-08 -2.66311524e-05  5.29083625e-08  1.20000950e+00  5.29083625e-08  3.29996552e+00 
 5.29583625e-08 -4.04351635e-06  5.29583625e-08  2.57915965e-05  5.29583625e-08  1.19999047e+00  5.29583625e-08  3.30003328e+00 
 5.30083625e-08  4.23558755e-06  5.30083625e-08 -2.49410792e-05  5.30083625e-08  1.20000936e+00  5.30083625e-08  3.29996786e+00 
 5.30583625e-08 -4.17328190e-06  5.30583625e-08  2.41430535e-05  5.30583625e-08  1.19999061e+00  5.30583625e-08  3.30003101e+00 
 5.31083625e-08  4.34127950e-06  5.31083625e-08 -2.33326965e-05  5.31083625e-08  1.20000922e+00  5.31083625e-08  3.29997005e+00 
 5.31583625e-08 -4.25741281e-06  5.31583625e-08  2.25734220e-05  5.31583625e-08  1.19999075e+00  5.31583625e-08  3.30002889e+00 
 5.32083625e-08  4.40610856e-06  5.32083625e-08 -2.18005257e-05  5.32083625e-08  1.20000908e+00  5.32083625e-08  3.29997210e+00 
 5.32583625e-08 -4.30499167e-06  5.32583625e-08  2.10774044e-05  5.32583625e-08  1.19999090e+00  5.32583625e-08  3.30002690e+00 
 5.33083625e-08  4.43827199e-06  5.33083625e-08 -2.03394611e-05  5.33083625e-08  1.20000893e+00  5.33083625e-08  3.29997403e+00 
 5.33583625e-08 -4.32341194e-06  5.33583625e-08  1.96500912e-05  5.33583625e-08  1.19999105e+00  5.33583625e-08  3.30002503e+00 
 5.34083625e-08  4.44443594e-06  5.34083625e-08 -1.89447928e-05  5.34083625e-08  1.20000878e+00  5.34083625e-08  3.29997585e+00 
 5.34583625e-08 -4.31868057e-06  5.34583625e-08  1.82869718e-05  5.34583625e-08  1.19999119e+00  5.34583625e-08  3.30002327e+00 
 5.35083625e-08  4.43001159e-06  5.35083625e-08 -1.76122088e-05  5.35083625e-08  1.20000864e+00  5.35083625e-08  3.29997756e+00 
 5.35583625e-08 -4.29566939e-06  5.35583625e-08  1.69839281e-05  5.35583625e-08  1.19999133e+00  5.35583625e-08  3.30002160e+00 
 5.36083625e-08  4.39938382e-06  5.36083625e-08 -1.63377813e-05  5.36083625e-08  1.20000850e+00  5.36083625e-08  3.29997918e+00 
 5.36583625e-08 -4.25832296e-06  5.36583625e-08  1.57372163e-05  5.36583625e-08  1.19999147e+00  5.36583625e-08  3.30002003e+00 
 5.37083625e-08  4.35609998e-06  5.37083625e-08 -1.51179450e-05  5.37083625e-08  1.20000836e+00  5.37083625e-08  3.29998071e+00 
 5.37583625e-08 -4.20982984e-06  5.37583625e-08  1.45434422e-05  5.37583625e-08  1.19999161e+00  5.37583625e-08  3.30001853e+00 
 5.38083625e-08  4.30302519e-06  5.38083625e-08 -1.39494699e-05  5.38083625e-08  1.20000822e+00  5.38083625e-08  3.29998217e+00 
 5.38583625e-08 -4.15276320e-06  5.38583625e-08  1.33995324e-05  5.38583625e-08  1.19999175e+00  5.38583625e-08  3.30001711e+00 
 5.39083625e-08  4.24246961e-06  5.39083625e-08 -1.28294326e-05  5.39083625e-08  1.20000809e+00  5.39083625e-08  3.29998355e+00 
 5.39583625e-08 -4.08919598e-06  5.39583625e-08  1.23027053e-05  5.39583625e-08  1.19999188e+00  5.39583625e-08  3.30001576e+00 
 5.40083625e-08  4.17629260e-06  5.40083625e-08 -1.17551862e-05  5.40083625e-08  1.20000795e+00  5.40083625e-08  3.29998487e+00 
 5.40583625e-08 -4.02079507e-06  5.40583625e-08  1.12504412e-05  5.40583625e-08  1.19999201e+00  5.40583625e-08  3.30001448e+00 
 5.41083625e-08  4.10598783e-06  5.41083625e-08 -1.07243319e-05  5.41083625e-08  1.20000783e+00  5.41083625e-08  3.29998613e+00 
 5.41583625e-08 -3.94889810e-06  5.41583625e-08  1.02404552e-05  5.41583625e-08  1.19999214e+00  5.41583625e-08  3.30001325e+00 
 5.42083625e-08  4.03275255e-06  5.42083625e-08 -9.73469218e-06  5.42083625e-08  1.20000770e+00  5.42083625e-08  3.29998732e+00 
 5.42583625e-08 -3.87457595e-06  5.42583625e-08  9.27067051e-06  5.42583625e-08  1.19999227e+00  5.42583625e-08  3.30001208e+00 
 5.43083625e-08  3.95754406e-06  5.43083625e-08 -8.78428537e-06  5.43083625e-08  1.20000757e+00  5.43083625e-08  3.29998847e+00 
 5.43583625e-08 -3.79868375e-06  5.43583625e-08  8.33919468e-06  5.43583625e-08  1.19999239e+00  5.43583625e-08  3.30001096e+00 
 5.44083625e-08  3.88112562e-06  5.44083625e-08 -7.87130311e-06  5.44083625e-08  1.20000745e+00  5.44083625e-08  3.29998956e+00 
 5.44583625e-08 -3.72190216e-06  5.44583625e-08  7.44429804e-06  5.44583625e-08  1.19999251e+00  5.44583625e-08  3.30000989e+00 
 5.45083625e-08  3.80410370e-06  5.45083625e-08 -6.99408977e-06  5.45083625e-08  1.20000733e+00  5.45083625e-08  3.29999061e+00 
 5.45583625e-08 -3.64477099e-06  5.45583625e-08  6.58439424e-06  5.45583625e-08  1.19999263e+00  5.45583625e-08  3.30000887e+00 
 5.46083625e-08  3.72695826e-06  5.46083625e-08 -6.15112410e-06  5.46083625e-08  1.20000722e+00  5.46083625e-08  3.29999161e+00 
 5.46583625e-08 -3.56771644e-06  5.46583625e-08  5.75802299e-06  5.46583625e-08  1.19999274e+00  5.46583625e-08  3.30000789e+00 
 5.47083625e-08  3.65006721e-06  5.47083625e-08 -5.34100313e-06  5.47083625e-08  1.20000710e+00  5.47083625e-08  3.29999256e+00 
 5.47583625e-08 -3.49107310e-06  5.47583625e-08  4.96383491e-06  5.47583625e-08  1.19999286e+00  5.47583625e-08  3.30000696e+00 
 5.48083625e-08  3.57372630e-06  5.48083625e-08 -4.56242785e-06  5.48083625e-08  1.20000699e+00  5.48083625e-08  3.29999348e+00 
 5.48583625e-08 -3.41510189e-06  5.48583625e-08  4.20057812e-06  5.48583625e-08  1.19999297e+00  5.48583625e-08  3.30000606e+00 
 5.49083625e-08  3.49816521e-06  5.49083625e-08 -3.81419073e-06  5.49083625e-08  1.20000688e+00  5.49083625e-08  3.29999436e+00 
 5.49583625e-08 -3.34000448e-06  5.49583625e-08  3.46708663e-06  5.49583625e-08  1.19999308e+00  5.49583625e-08  3.30000520e+00 
 5.50083625e-08  3.42356050e-06  5.50083625e-08 -3.09516485e-06  5.50083625e-08  1.20000677e+00  5.50083625e-08  3.29999520e+00 
 5.50583625e-08 -3.26593499e-06  5.50583625e-08  2.76227016e-06  5.50583625e-08  1.19999319e+00  5.50583625e-08  3.30000437e+00 
 5.51083625e-08  3.35004618e-06  5.51083625e-08 -2.40429443e-06  5.51083625e-08  1.20000667e+00  5.51083625e-08  3.29999601e+00 
 5.51583625e-08 -3.19300942e-06  5.51583625e-08  2.08510531e-06  5.51583625e-08  1.19999329e+00  5.51583625e-08  3.30000358e+00 
 5.52083625e-08  3.27772214e-06  5.52083625e-08 -1.74058662e-06  5.52083625e-08  1.20000656e+00  5.52083625e-08  3.29999679e+00 
 5.52583625e-08 -3.12131330e-06  5.52583625e-08  1.43462792e-06  5.52583625e-08  1.19999339e+00  5.52583625e-08  3.30000282e+00 
 5.53083625e-08  3.20666104e-06  5.53083625e-08 -1.10310438e-06  5.53083625e-08  1.20000646e+00  5.53083625e-08  3.29999753e+00 
 5.53583625e-08 -3.05090780e-06  5.53583625e-08  8.09926518e-07  5.53583625e-08  1.19999350e+00  5.53583625e-08  3.30000209e+00 
 5.54083625e-08  3.13691380e-06  5.54083625e-08 -4.90960361e-07  5.54083625e-08  1.20000636e+00  5.54083625e-08  3.29999825e+00 
 5.54583625e-08 -2.98183468e-06  5.54583625e-08  2.10136523e-07  5.54583625e-08  1.19999359e+00  5.54583625e-08  3.30000139e+00 
 5.55083625e-08  3.06851403e-06  5.55083625e-08  9.66883991e-08  5.55083625e-08  1.20000626e+00  5.55083625e-08  3.29999893e+00 
 5.55583625e-08 -2.91412034e-06  5.55583625e-08 -3.65564604e-07  5.55583625e-08  1.19999369e+00  5.55583625e-08  3.30000072e+00 
 5.56083625e-08  3.00148166e-06  5.56083625e-08  6.60645034e-07  5.56083625e-08  1.20000616e+00  5.56083625e-08  3.29999959e+00 
 5.56583625e-08 -2.84777899e-06  5.56583625e-08 -9.17961612e-07  5.56583625e-08  1.19999379e+00  5.56583625e-08  3.30000007e+00 
 5.57083625e-08  2.93582581e-06  5.57083625e-08  1.20167684e-06  5.57083625e-08  1.20000607e+00  5.57083625e-08  3.30000023e+00 
 5.57583625e-08 -2.78281523e-06  5.57583625e-08 -1.44780519e-06  5.57583625e-08  1.19999388e+00  5.57583625e-08  3.29999945e+00 
 5.58083625e-08  2.87154707e-06  5.58083625e-08  1.72051864e-06  5.58083625e-08  1.20000597e+00  5.58083625e-08  3.30000083e+00 
 5.58583625e-08 -2.71922613e-06  5.58583625e-08 -1.95581504e-06  5.58583625e-08  1.19999398e+00  5.58583625e-08  3.29999886e+00 
 5.59083625e-08  2.80863941e-06  5.59083625e-08  2.21787569e-06  5.59083625e-08  1.20000588e+00  5.59083625e-08  3.30000142e+00 
 5.59583625e-08 -2.65700292e-06  5.59583625e-08 -2.44268266e-06  5.59583625e-08  1.19999407e+00  5.59583625e-08  3.29999829e+00 
 5.60083625e-08  2.74709161e-06  5.60083625e-08  2.69442628e-06  5.60083625e-08  1.20000579e+00  5.60083625e-08  3.30000198e+00 
 5.60583625e-08 -2.59613226e-06  5.60583625e-08 -2.90907366e-06  5.60583625e-08  1.19999416e+00  5.60583625e-08  3.29999774e+00 
 5.61083625e-08  2.68688848e-06  5.61083625e-08  3.15082388e-06  5.61083625e-08  1.20000570e+00  5.61083625e-08  3.30000251e+00 
 5.61583625e-08 -2.53659736e-06  5.61583625e-08 -3.35562984e-06  5.61583625e-08  1.19999425e+00  5.61583625e-08  3.29999721e+00 
 5.62083625e-08  2.62801180e-06  5.62083625e-08  3.58769904e-06  5.62083625e-08  1.20000561e+00  5.62083625e-08  3.30000303e+00 
 5.62583625e-08 -2.47837880e-06  5.62583625e-08 -3.78297093e-06  5.62583625e-08  1.19999433e+00  5.62583625e-08  3.29999671e+00 
 5.63083625e-08  2.57044114e-06  5.63083625e-08  4.00566104e-06  5.63083625e-08  1.20000553e+00  5.63083625e-08  3.30000352e+00 
 5.63583625e-08 -2.42145525e-06  5.63583625e-08 -4.19169613e-06  5.63583625e-08  1.19999442e+00  5.63583625e-08  3.29999622e+00 
 5.64083625e-08  2.51415435e-06  5.64083625e-08  4.40529936e-06  5.64083625e-08  1.20000544e+00  5.64083625e-08  3.30000400e+00 
 5.64583625e-08 -2.36580391e-06  5.64583625e-08 -4.58238548e-06  5.64583625e-08  1.19999450e+00  5.64583625e-08  3.29999576e+00 
 5.65083625e-08  2.45912813e-06  5.65083625e-08  4.78718487e-06  5.65083625e-08  1.20000536e+00  5.65083625e-08  3.30000445e+00 
 5.65583625e-08 -2.31140108e-06  5.65583625e-08 -4.95560096e-06  5.65583625e-08  1.19999458e+00  5.65583625e-08  3.29999531e+00 
 5.66083625e-08  2.40533842e-06  5.66083625e-08  5.15187090e-06  5.66083625e-08  1.20000528e+00  5.66083625e-08  3.30000489e+00 
 5.66583625e-08 -2.25822238e-06  5.66583625e-08 -5.31188753e-06  5.66583625e-08  1.19999466e+00  5.66583625e-08  3.29999488e+00 
 5.67083625e-08  2.35276058e-06  5.67083625e-08  5.49989431e-06  5.67083625e-08  1.20000520e+00  5.67083625e-08  3.30000531e+00 
 5.67583625e-08 -2.20624306e-06  5.67583625e-08 -5.65177410e-06  5.67583625e-08  1.19999474e+00  5.67583625e-08  3.29999447e+00 
 5.68083625e-08  2.30136978e-06  5.68083625e-08  5.83177624e-06  5.68083625e-08  1.20000512e+00  5.68083625e-08  3.30000571e+00 
 5.68583625e-08 -2.15543822e-06  5.68583625e-08 -5.97577423e-06  5.68583625e-08  1.19999482e+00  5.68583625e-08  3.29999408e+00 
 5.69083625e-08  2.25114109e-06  5.69083625e-08  6.14802284e-06  5.69083625e-08  1.20000504e+00  5.69083625e-08  3.30000610e+00 
 5.69583625e-08 -2.10578295e-06  5.69583625e-08 -6.28438686e-06  5.69583625e-08  1.19999490e+00  5.69583625e-08  3.29999370e+00 
 5.70083625e-08  2.20204965e-06  5.70083625e-08  6.44912602e-06  5.70083625e-08  1.20000497e+00  5.70083625e-08  3.30000647e+00 
 5.70583625e-08 -2.05725246e-06  5.70583625e-08 -6.57809699e-06  5.70583625e-08  1.19999498e+00  5.70583625e-08  3.29999334e+00 
 5.71083625e-08  2.15407075e-06  5.71083625e-08  6.73556400e-06  5.71083625e-08  1.20000489e+00  5.71083625e-08  3.30000682e+00 
 5.71583625e-08 -2.00982218e-06  5.71583625e-08 -6.85737615e-06  5.71583625e-08  1.19999505e+00  5.71583625e-08  3.29999299e+00 
 5.72083625e-08  2.10717998e-06  5.72083625e-08  7.00780178e-06  5.72083625e-08  1.20000482e+00  5.72083625e-08  3.30000716e+00 
 5.72583625e-08 -1.96346787e-06  5.72583625e-08 -7.12268297e-06  5.72583625e-08  1.19999512e+00  5.72583625e-08  3.29999266e+00 
 5.73083625e-08  2.06135324e-06  5.73083625e-08  7.26629171e-06  5.73083625e-08  1.20000474e+00  5.73083625e-08  3.30000748e+00 
 5.73583625e-08 -1.91816558e-06  5.73583625e-08 -7.37446360e-06  5.73583625e-08  1.19999520e+00  5.73583625e-08  3.29999235e+00 
 5.74083625e-08  2.01656679e-06  5.74083625e-08  7.51147389e-06  5.74083625e-08  1.20000467e+00  5.74083625e-08  3.30000779e+00 
 5.74583625e-08 -1.87389181e-06  5.74583625e-08 -7.61315217e-06  5.74583625e-08  1.19999527e+00  5.74583625e-08  3.29999204e+00 
 5.75083625e-08  1.97279730e-06  5.75083625e-08  7.74377655e-06  5.75083625e-08  1.20000460e+00  5.75083625e-08  3.30000809e+00 
 5.75583625e-08 -1.83062343e-06  5.75583625e-08 -7.83917113e-06  5.75583625e-08  1.19999534e+00  5.75583625e-08  3.29999175e+00 
 5.76083625e-08  1.93002188e-06  5.76083625e-08  7.96361645e-06  5.76083625e-08  1.20000453e+00  5.76083625e-08  3.30000837e+00 
 5.76583625e-08 -1.78833777e-06  5.76583625e-08 -8.05293159e-06  5.76583625e-08  1.19999541e+00  5.76583625e-08  3.29999148e+00 
 5.77083625e-08  1.88821809e-06  5.77083625e-08  8.17139916e-06  5.77083625e-08  1.20000446e+00  5.77083625e-08  3.30000864e+00 
 5.77583625e-08 -1.74701262e-06  5.77583625e-08 -8.25483369e-06  5.77583625e-08  1.19999547e+00  5.77583625e-08  3.29999121e+00 
 5.78083625e-08  1.84736393e-06  5.78083625e-08  8.36751948e-06  5.78083625e-08  1.20000440e+00  5.78083625e-08  3.30000890e+00 
 5.78583625e-08 -1.70662624e-06  5.78583625e-08 -8.44526689e-06  5.78583625e-08  1.19999554e+00  5.78583625e-08  3.29999096e+00 
 5.79083625e-08  1.80743788e-06  5.79083625e-08  8.55236159e-06  5.79083625e-08  1.20000433e+00  5.79083625e-08  3.30000915e+00 
 5.79583625e-08 -1.66715731e-06  5.79583625e-08 -8.62461021e-06  5.79583625e-08  1.19999560e+00  5.79583625e-08  3.29999072e+00 
 5.80083625e-08  1.76841887e-06  5.80083625e-08  8.72629944e-06  5.80083625e-08  1.20000427e+00  5.80083625e-08  3.30000938e+00 
 5.80583625e-08 -1.62858501e-06  5.80583625e-08 -8.79323256e-06  5.80583625e-08  1.19999567e+00  5.80583625e-08  3.29999049e+00 
 5.81083625e-08  1.73028630e-06  5.81083625e-08  8.88969695e-06  5.81083625e-08  1.20000420e+00  5.81083625e-08  3.30000961e+00 
 5.81583625e-08 -1.59088897e-06  5.81583625e-08 -8.95149293e-06  5.81583625e-08  1.19999573e+00  5.81583625e-08  3.29999027e+00 
 5.82083625e-08  1.69302000e-06  5.82083625e-08  9.04290829e-06  5.82083625e-08  1.20000414e+00  5.82083625e-08  3.30000982e+00 
 5.82583625e-08 -1.55404925e-06  5.82583625e-08 -9.09974071e-06  5.82583625e-08  1.19999579e+00  5.82583625e-08  3.29999006e+00 
 5.83083625e-08  1.65660030e-06  5.83083625e-08  9.18627811e-06  5.83083625e-08  1.20000408e+00  5.83083625e-08  3.30001002e+00 
 5.83583625e-08 -1.51804640e-06  5.83583625e-08 -9.23831586e-06  5.83583625e-08  1.19999586e+00  5.83583625e-08  3.29998987e+00 
 5.84083625e-08  1.62100794e-06  5.84083625e-08  9.32014172e-06  5.84083625e-08  1.20000402e+00  5.84083625e-08  3.30001021e+00 
 5.84583625e-08 -1.48286138e-06  5.84583625e-08 -9.36754913e-06  5.84583625e-08  1.19999592e+00  5.84583625e-08  3.29998968e+00 
 5.85083625e-08  1.58622410e-06  5.85083625e-08  9.44482538e-06  5.85083625e-08  1.20000396e+00  5.85083625e-08  3.30001040e+00 
 5.85583625e-08 -1.44847561e-06  5.85583625e-08 -9.48776227e-06  5.85583625e-08  1.19999598e+00  5.85583625e-08  3.29998950e+00 
 5.86083625e-08  1.55223039e-06  5.86083625e-08  9.56064646e-06  5.86083625e-08  1.20000390e+00  5.86083625e-08  3.30001057e+00 
 5.86583625e-08 -1.41487089e-06  5.86583625e-08 -9.59926832e-06  5.86583625e-08  1.19999603e+00  5.86583625e-08  3.29998933e+00 
 5.87083625e-08  1.51900887e-06  5.87083625e-08  9.66791363e-06  5.87083625e-08  1.20000384e+00  5.87083625e-08  3.30001074e+00 
 5.87583625e-08 -1.38202950e-06  5.87583625e-08 -9.70237169e-06  5.87583625e-08  1.19999609e+00  5.87583625e-08  3.29998917e+00 
 5.88083625e-08  1.48654197e-06  5.88083625e-08  9.76692715e-06  5.88083625e-08  1.20000378e+00  5.88083625e-08  3.30001089e+00 
 5.88583625e-08 -1.34993407e-06  5.88583625e-08 -9.79736843e-06  5.88583625e-08  1.19999615e+00  5.88583625e-08  3.29998902e+00 
 5.89083625e-08  1.45481254e-06  5.89083625e-08  9.85797890e-06  5.89083625e-08  1.20000373e+00  5.89083625e-08  3.30001104e+00 
 5.89583625e-08 -1.31856764e-06  5.89583625e-08 -9.88454640e-06  5.89583625e-08  1.19999620e+00  5.89583625e-08  3.29998888e+00 
 5.90083625e-08  1.42380383e-06  5.90083625e-08  9.94135275e-06  5.90083625e-08  1.20000367e+00  5.90083625e-08  3.30001118e+00 
 5.90583625e-08 -1.28791369e-06  5.90583625e-08 -9.96418543e-06  5.90583625e-08  1.19999626e+00  5.90583625e-08  3.29998874e+00 
 5.91083625e-08  1.39349948e-06  5.91083625e-08  1.00173246e-05  5.91083625e-08  1.20000362e+00  5.91083625e-08  3.30001131e+00 
 5.91583625e-08 -1.25795601e-06  5.91583625e-08 -1.00365575e-05  5.91583625e-08  1.19999631e+00  5.91583625e-08  3.29998861e+00 
 5.92083625e-08  1.36388347e-06  5.92083625e-08  1.00861626e-05  5.92083625e-08  1.20000356e+00  5.92083625e-08  3.30001143e+00 
 5.92583625e-08 -1.22867878e-06  5.92583625e-08 -1.01019271e-05  5.92583625e-08  1.19999637e+00  5.92583625e-08  3.29998849e+00 
 5.93083625e-08  1.33494019e-06  5.93083625e-08  1.01481274e-05  5.93083625e-08  1.20000351e+00  5.93083625e-08  3.30001155e+00 
 5.93583625e-08 -1.20006658e-06  5.93583625e-08 -1.01605510e-05  5.93583625e-08  1.19999642e+00  5.93583625e-08  3.29998838e+00 
 5.94083625e-08  1.30665437e-06  5.94083625e-08  1.02034721e-05  5.94083625e-08  1.20000346e+00  5.94083625e-08  3.30001166e+00 
 5.94583625e-08 -1.17210431e-06  5.94583625e-08 -1.02126788e-05  5.94583625e-08  1.19999647e+00  5.94583625e-08  3.29998828e+00 
 5.95083625e-08  1.27901107e-06  5.95083625e-08  1.02524428e-05  5.95083625e-08  1.20000341e+00  5.95083625e-08  3.30001176e+00 
 5.95583625e-08 -1.14477720e-06  5.95583625e-08 -1.02585529e-05  5.95583625e-08  1.19999652e+00  5.95583625e-08  3.29998818e+00 
 5.96083625e-08  1.25199572e-06  5.96083625e-08  1.02952784e-05  5.96083625e-08  1.20000336e+00  5.96083625e-08  3.30001185e+00 
 5.96583625e-08 -1.11807086e-06  5.96583625e-08 -1.02984088e-05  5.96583625e-08  1.19999657e+00  5.96583625e-08  3.29998808e+00 
 5.97083625e-08  1.22559408e-06  5.97083625e-08  1.03322109e-05  5.97083625e-08  1.20000331e+00  5.97083625e-08  3.30001194e+00 
 5.97583625e-08 -1.09197121e-06  5.97583625e-08 -1.03324751e-05  5.97583625e-08  1.19999662e+00  5.97583625e-08  3.29998800e+00 
 5.98083625e-08  1.19979224e-06  5.98083625e-08  1.03634656e-05  5.98083625e-08  1.20000326e+00  5.98083625e-08  3.30001203e+00 
 5.98583625e-08 -1.06646448e-06  5.98583625e-08 -1.03609738e-05  5.98583625e-08  1.19999667e+00  5.98583625e-08  3.29998792e+00 
 5.99083625e-08  1.17457657e-06  5.99083625e-08  1.03892612e-05  5.99083625e-08  1.20000321e+00  5.99083625e-08  3.30001210e+00 
 5.99541813e-08 -1.04041343e-06  5.99541813e-08 -1.03850531e-05  5.99541813e-08  1.19999672e+00  5.99541813e-08  3.29998784e+00 
 6.00000000e-08  1.14771302e-06  6.00000000e-08  1.04114318e-05  6.00000000e-08  1.20000316e+00  6.00000000e-08  3.30001218e+00 
 6.00050000e-08  1.30838067e-05  6.00050000e-08  1.35766090e-04  6.00050000e-08  1.20011639e+00  6.00050000e-08  3.30066347e+00 
 6.00150000e-08 -3.90383928e-06  6.00150000e-08  2.88048070e-05  6.00150000e-08  1.20009402e+00  6.00150000e-08  3.30080033e+00 
 6.00350000e-08 -7.71902795e-06  6.00350000e-08 -5.31908099e-05  6.00350000e-08  1.19994398e+00  6.00350000e-08  3.30026324e+00 
 6.00750000e-08  6.66071845e-06  6.00750000e-08 -4.12509405e-05  6.00750000e-08  1.20000894e+00  6.00750000e-08  3.29955844e+00 
 6.01250000e-08 -3.49758049e-05  6.01250000e-08 -1.14642743e-04  6.01250000e-08  1.19916698e+00  6.01250000e-08  3.29789666e+00 
 6.01625000e-08 -7.27357565e-05  6.01625000e-08 -2.83074968e-04  6.01625000e-08  1.19718267e+00  6.01625000e-08  3.29450244e+00 
 6.02000000e-08  3.82153727e-04  6.02000000e-08  1.41080627e-04  6.02000000e-08  1.20462676e+00  6.02000000e-08  3.29504276e+00 
 6.02050000e-08  3.42731583e-04  6.02050000e-08  6.58969614e-05  6.02050000e-08  1.20607516e+00  6.02050000e-08  3.29507211e+00 
 6.02150000e-08 -1.49984658e-04  6.02150000e-08  2.06211226e-04  6.02150000e-08  1.20473266e+00  6.02150000e-08  3.29605532e+00 
 6.02350000e-08 -4.28239486e-04  6.02350000e-08  5.30028533e-04  6.02350000e-08  1.19751944e+00  6.02350000e-08  3.30010497e+00 
 6.02750000e-08  3.33186388e-04  6.02750000e-08  1.38230392e-03  6.02750000e-08  1.19990058e+00  6.02750000e-08  3.31763581e+00 
 6.03186865e-08 -1.95089033e-04  6.03186865e-08 -1.82427032e-03  6.03186865e-08  1.20019056e+00  6.03186865e-08  3.30212845e+00 
 6.03645540e-08  1.20821611e-04  6.03645540e-08  3.74165870e-04  6.03645540e-08  1.19974149e+00  6.03645540e-08  3.29552516e+00 
 6.04145540e-08 -7.73117916e-05  6.04145540e-08 -1.35493703e-04  6.04145540e-08  1.20027334e+00  6.04145540e-08  3.29948013e+00 
 6.04645540e-08  4.89846885e-05  6.04645540e-08  1.98650510e-04  6.04645540e-08  1.19973590e+00  6.04645540e-08  3.29883917e+00 
 6.05145540e-08 -2.98434946e-05  6.05145540e-08 -1.36103719e-04  6.05145540e-08  1.20024259e+00  6.05145540e-08  3.29980796e+00 
 6.05645540e-08  1.71566182e-05  6.05645540e-08  1.37047399e-04  6.05645540e-08  1.19978400e+00  6.05645540e-08  3.29956239e+00 
 6.06145540e-08 -8.37768872e-06  6.06145540e-08 -1.01247528e-04  6.06145540e-08  1.20018812e+00  6.06145540e-08  3.30001056e+00 
 6.06645540e-08  2.59757867e-06  6.06645540e-08  9.07538642e-05  6.06645540e-08  1.19983835e+00  6.06645540e-08  3.29978132e+00 
 6.07145540e-08  1.51521474e-06  6.07145540e-08 -7.03926820e-05  6.07145540e-08  1.20013735e+00  6.07145540e-08  3.30007923e+00 
 6.07645540e-08 -4.07589035e-06  6.07645540e-08  5.96709313e-05  6.07645540e-08  1.19988395e+00  6.07645540e-08  3.29985503e+00 
 6.08145540e-08  5.96591110e-06  6.08145540e-08 -4.67632210e-05  6.08145540e-08  1.20009746e+00  6.08145540e-08  3.30009758e+00 
 6.08645540e-08 -6.97346949e-06  6.08645540e-08  3.78559172e-05  6.08645540e-08  1.19991821e+00  6.08645540e-08  3.29988331e+00 
 6.09145540e-08  7.77502309e-06  6.09145540e-08 -2.89478863e-05  6.09145540e-08  1.20006842e+00  6.09145540e-08  3.30009907e+00 
 6.09645540e-08 -8.01726087e-06  6.09645540e-08  2.19854745e-05  6.09645540e-08  1.19994259e+00  6.09645540e-08  3.29989696e+00 
 6.10145540e-08  8.28013939e-06  6.10145540e-08 -1.55466430e-05  6.10145540e-08  1.20004808e+00  6.10145540e-08  3.30009515e+00 
 6.10645540e-08 -8.14515891e-06  6.10645540e-08  1.02302344e-05  6.10645540e-08  1.19995946e+00  6.10645540e-08  3.29990569e+00 
 6.11145540e-08  8.14524712e-06  6.11145540e-08 -5.47029253e-06  6.11145540e-08  1.20003413e+00  6.11145540e-08  3.30008968e+00 
 6.11645540e-08 -7.83038870e-06  6.11645540e-08  1.44782027e-06  6.11645540e-08  1.19997097e+00  6.11645540e-08  3.29991258e+00 
 6.12145540e-08  7.70981191e-06  6.12145540e-08  2.11120505e-06  6.12145540e-08  1.20002466e+00  6.12145540e-08  3.30008402e+00 
 6.12645540e-08 -7.31764711e-06  6.12645540e-08 -5.14645649e-06  6.12645540e-08  1.19997876e+00  6.12645540e-08  3.29991853e+00 
 6.13145540e-08  7.15078817e-06  6.13145540e-08  7.82630763e-06  6.13145540e-08  1.20001825e+00  6.13145540e-08  3.30007864e+00 
 6.13645540e-08 -6.73511793e-06  6.13645540e-08 -1.01182010e-05  6.13645540e-08  1.19998404e+00  6.13645540e-08  3.29992383e+00 
 6.14145540e-08  6.56091713e-06  6.14145540e-08  1.21478466e-05  6.14145540e-08  1.20001390e+00  6.14145540e-08  3.30007370e+00 
 6.14645540e-08 -6.14966319e-06  6.14645540e-08 -1.38831130e-05  6.14645540e-08  1.19998763e+00  6.14645540e-08  3.29992857e+00 
 6.15145540e-08  5.98800191e-06  6.15145540e-08  1.54294885e-05  6.15145540e-08  1.20001093e+00  6.15145540e-08  3.30006923e+00 
 6.15645540e-08 -5.59501793e-06  6.15645540e-08 -1.67485766e-05  6.15645540e-08  1.19999009e+00  6.15645540e-08  3.29993281e+00 
 6.16145540e-08  5.45532435e-06  6.16145540e-08  1.79344815e-05  6.16145540e-08  1.20000889e+00  6.16145540e-08  3.30006524e+00 
 6.16645540e-08 -5.08670275e-06  6.16645540e-08 -1.89420366e-05  6.16645540e-08  1.19999179e+00  6.16645540e-08  3.29993658e+00 
 6.17145540e-08  4.97262204e-06  6.17145540e-08  1.98580203e-05  6.17145540e-08  1.20000746e+00  6.17145540e-08  3.30006168e+00 
 6.17645540e-08 -4.63016741e-06  6.17645540e-08 -2.06315894e-05  6.17645540e-08  1.19999299e+00  6.17645540e-08  3.29993995e+00 
 6.18145540e-08  4.54216900e-06  6.18145540e-08  2.13444158e-05  6.18145540e-08  1.20000645e+00  6.18145540e-08  3.30005850e+00 
 6.18645540e-08 -4.22536003e-06  6.18645540e-08 -2.19412746e-05  6.18645540e-08  1.19999384e+00  6.18645540e-08  3.29994295e+00 
 6.19145540e-08  4.16222479e-06  6.19145540e-08  2.25001308e-05  6.19145540e-08  1.20000573e+00  6.19145540e-08  3.30005567e+00 
 6.19572770e-08 -3.84112161e-06  6.19572770e-08 -2.30387083e-05  6.19572770e-08  1.19999450e+00  6.19572770e-08  3.29994584e+00 
 6.20000000e-08  3.77655264e-06  6.20000000e-08  2.35371852e-05  6.20000000e-08  1.20000512e+00  6.20000000e-08  3.30005272e+00 
 6.20050000e-08  1.34568836e-05  6.20050000e-08  1.70456878e-04  6.20050000e-08  1.20011744e+00  6.20050000e-08  3.30083923e+00 
 6.20150000e-08 -6.54372417e-07  6.20150000e-08  2.70650407e-05  6.20150000e-08  1.20012555e+00  6.20150000e-08  3.30095985e+00 
 6.20350000e-08 -8.30908138e-06  6.20350000e-08 -6.39871557e-05  6.20350000e-08  1.19998371e+00  6.20350000e-08  3.30029314e+00 
 6.20750000e-08  5.60724545e-06  6.20750000e-08 -8.09845622e-05  6.20750000e-08  1.20001142e+00  6.20750000e-08  3.29911155e+00 
 6.21250000e-08 -1.24056147e-05  6.21250000e-08  1.07454947e-04  6.21250000e-08  1.19976947e+00  6.21250000e-08  3.30010706e+00 
 6.21625000e-08  2.81854766e-05  6.21625000e-08 -3.38180315e-05  6.21625000e-08  1.20022485e+00  6.21625000e-08  3.30022010e+00 
 6.22000000e-08 -2.93058376e-05  6.22000000e-08 -6.31651755e-05  6.22000000e-08  1.19994253e+00  6.22000000e-08  3.29922885e+00 
 6.22050000e-08 -1.85336814e-05  6.22050000e-08 -1.07513835e-05  6.22050000e-08  1.19988868e+00  6.22050000e-08  3.29939734e+00 
 6.22150000e-08  9.31228126e-06  6.22150000e-08  3.77332873e-05  6.22150000e-08  1.19996957e+00  6.22150000e-08  3.29968318e+00 
 6.22350000e-08  1.40513249e-08  6.22350000e-08  2.88000844e-05  6.22350000e-08  1.20004658e+00  6.22350000e-08  3.29998683e+00 
 6.22750000e-08 -1.37053166e-06  6.22750000e-08  3.07841411e-06  6.22750000e-08  1.19998019e+00  6.22750000e-08  3.30008884e+00 
 6.23250000e-08  1.73112012e-06  6.23250000e-08  2.21074302e-06  6.23250000e-08  1.20002513e+00  6.23250000e-08  3.30011925e+00 
 6.23750000e-08 -2.09510665e-06  6.23750000e-08 -5.75969139e-06  6.23750000e-08  1.19997824e+00  6.23750000e-08  3.30006023e+00 
 6.24250000e-08  2.55164090e-06  6.24250000e-08  3.41878706e-06  6.24250000e-08  1.20002023e+00  6.24250000e-08  3.30006692e+00 
 6.24750000e-08 -2.69373188e-06  6.24750000e-08 -5.46871462e-06  6.24750000e-08  1.19998167e+00  6.24750000e-08  3.30002521e+00 
 6.25250000e-08  2.98658414e-06  6.25250000e-08  3.84424390e-06  6.25250000e-08  1.20001640e+00  6.25250000e-08  3.30003350e+00 
 6.25750000e-08 -2.96257107e-06  6.25750000e-08 -4.69238450e-06  6.25750000e-08  1.19998528e+00  6.25750000e-08  3.30000749e+00 
 6.26250000e-08  3.11526451e-06  6.26250000e-08  3.76061980e-06  6.26250000e-08  1.20001295e+00  6.26250000e-08  3.30001650e+00 
 6.26750000e-08 -2.97408724e-06  6.26750000e-08 -3.93090762e-06  6.26750000e-08  1.19998851e+00  6.26750000e-08  3.30000072e+00 
 6.27250000e-08  3.03281086e-06  6.27250000e-08  3.35561526e-06  6.27250000e-08  1.20000998e+00  6.27250000e-08  3.30000823e+00 
 6.27750000e-08 -2.81837176e-06  6.27750000e-08 -3.22078042e-06  6.27750000e-08  1.19999121e+00  6.27750000e-08  3.29999892e+00 
 6.28250000e-08  2.82169440e-06  6.28250000e-08  2.81146829e-06  6.28250000e-08  1.20000753e+00  6.28250000e-08  3.30000405e+00 
 6.28750000e-08 -2.56707200e-06  6.28750000e-08 -2.56289977e-06  6.28750000e-08  1.19999341e+00  6.28750000e-08  3.29999902e+00 
 6.29250000e-08  2.54283129e-06  6.29250000e-08  2.23702274e-06  6.29250000e-08  1.20000558e+00  6.29250000e-08  3.30000173e+00 
 6.29750000e-08 -2.27095850e-06  6.29750000e-08 -1.96186252e-06  6.29750000e-08  1.19999513e+00  6.29750000e-08  3.29999969e+00 
 6.30250000e-08  2.23774703e-06  6.30250000e-08  1.68795072e-06  6.30250000e-08  1.20000406e+00  6.30250000e-08  3.30000031e+00 
 6.30750000e-08 -1.96351280e-06  6.30750000e-08 -1.42318051e-06  6.30750000e-08  1.19999647e+00  6.30750000e-08  3.30000043e+00 
 6.31250000e-08  1.93308705e-06  6.31250000e-08  1.18970634e-06  6.31250000e-08  1.20000289e+00  6.31250000e-08  3.29999937e+00 
 6.31750000e-08 -1.66560777e-06  6.31750000e-08 -9.49708145e-07  6.31750000e-08  1.19999748e+00  6.31750000e-08  3.30000106e+00 
 6.32250000e-08  1.64489880e-06  6.32250000e-08  7.51735878e-07  6.32250000e-08  1.20000201e+00  6.32250000e-08  3.29999871e+00 
 6.32750000e-08 -1.38929147e-06  6.32750000e-08 -5.40862040e-07  6.32750000e-08  1.19999825e+00  6.32750000e-08  3.30000156e+00 
 6.33250000e-08  1.38193809e-06  6.33250000e-08  3.75136082e-07  6.33250000e-08  1.20000135e+00  6.33250000e-08  3.29999825e+00 
 6.33750000e-08 -1.14063543e-06  6.33750000e-08 -1.93296377e-07  6.33750000e-08  1.19999881e+00  6.33750000e-08  3.30000192e+00 
 6.34250000e-08  1.14810393e-06  6.34250000e-08  5.67521294e-08  6.34250000e-08  1.20000087e+00  6.34250000e-08  3.29999793e+00 
 6.34750000e-08 -9.21799647e-07  6.34750000e-08  9.80757201e-08  6.34750000e-08  1.19999922e+00  6.34750000e-08  3.30000218e+00 
 6.35250000e-08  9.44177998e-07  6.35250000e-08 -2.08590443e-07  6.35250000e-08  1.20000052e+00  6.35250000e-08  3.29999772e+00 
 6.35750000e-08 -7.32489413e-07  6.35750000e-08  3.39192522e-07  6.35750000e-08  1.19999952e+00  6.35750000e-08  3.30000235e+00 
 6.36250000e-08  7.69038013e-07  6.36250000e-08 -4.26843318e-07  6.36250000e-08  1.20000026e+00  6.36250000e-08  3.29999758e+00 
 6.36750000e-08 -5.70960719e-07  6.36750000e-08  5.36203773e-07  6.36750000e-08  1.19999974e+00  6.36750000e-08  3.30000245e+00 
 6.37250000e-08  6.20486135e-07  6.37250000e-08 -6.04039974e-07  6.37250000e-08  1.20000008e+00  6.37250000e-08  3.29999750e+00 
 6.37750000e-08 -4.34698932e-07  6.37750000e-08  6.95060849e-07  6.37750000e-08  1.19999989e+00  6.37750000e-08  3.30000251e+00 
 6.38250000e-08  4.95801186e-07  6.38250000e-08 -7.45915787e-07  6.38250000e-08  1.19999996e+00  6.38250000e-08  3.29999747e+00 
 6.38750000e-08 -3.20864682e-07  6.38750000e-08  8.21281411e-07  6.38750000e-08  1.20000000e+00  6.38750000e-08  3.30000252e+00 
 6.39250000e-08  3.92095491e-07  6.39250000e-08 -8.57715731e-07  6.39250000e-08  1.19999987e+00  6.39250000e-08  3.29999747e+00 
 6.39750000e-08 -2.26576728e-07  6.39750000e-08  9.19834490e-07  6.39750000e-08  1.20000007e+00  6.39750000e-08  3.30000250e+00 
 6.40250000e-08  3.06536268e-07  6.40250000e-08 -9.44114652e-07  6.40250000e-08  1.19999981e+00  6.40250000e-08  3.29999750e+00 
 6.40750000e-08 -1.49082354e-07  6.40750000e-08  9.95103527e-07  6.40750000e-08  1.20000012e+00  6.40750000e-08  3.30000246e+00 
 6.41250000e-08  2.36474092e-07  6.41250000e-08 -1.00920427e-06  6.41250000e-08  1.19999977e+00  6.41250000e-08  3.29999755e+00 
 6.41750000e-08 -8.58517343e-08  6.41750000e-08  1.05089710e-06  6.41750000e-08  1.20000015e+00  6.41750000e-08  3.30000241e+00 
 6.42250000e-08  1.79509499e-07  6.42250000e-08 -1.05651841e-06  6.42250000e-08  1.19999975e+00  6.42250000e-08  3.29999761e+00 
 6.42750000e-08 -3.46220332e-08  6.42750000e-08  1.09048650e-06  6.42750000e-08  1.20000016e+00  6.42750000e-08  3.30000234e+00 
 6.43250000e-08  1.33519072e-07  6.43250000e-08 -1.08907835e-06  6.43250000e-08  1.19999973e+00  6.43250000e-08  3.29999768e+00 
 6.43750000e-08  6.59077144e-09  6.43750000e-08  1.11665688e-06  6.43750000e-08  1.20000017e+00  6.43750000e-08  3.30000227e+00 
 6.44250000e-08  9.66561191e-08  6.44250000e-08 -1.10944706e-06  6.44250000e-08  1.19999973e+00  6.44250000e-08  3.29999775e+00 
 6.44750000e-08  3.94997143e-08  6.44750000e-08  1.13176328e-06  6.44750000e-08  1.20000018e+00  6.44750000e-08  3.30000219e+00 
 6.45250000e-08  6.73364116e-08  6.45250000e-08 -1.11978553e-06  6.45250000e-08  1.19999972e+00  6.45250000e-08  3.29999783e+00 
 6.45750000e-08  6.55659665e-08  6.45750000e-08  1.13778630e-06  6.45750000e-08  1.20000018e+00  6.45750000e-08  3.30000211e+00 
 6.46250000e-08  4.42155970e-08  6.46250000e-08 -1.12190712e-06  6.46250000e-08  1.19999973e+00  6.46250000e-08  3.29999791e+00 
 6.46750000e-08  8.60236529e-08  6.46750000e-08  1.13638465e-06  6.46750000e-08  1.20000018e+00  6.46750000e-08  3.30000203e+00 
 6.47250000e-08  2.61630464e-08  6.47250000e-08 -1.11732782e-06  6.47250000e-08  1.19999973e+00  6.47250000e-08  3.29999800e+00 
 6.47750000e-08  1.01906641e-07  6.47750000e-08  1.12894288e-06  6.47750000e-08  1.20000017e+00  6.47750000e-08  3.30000195e+00 
 6.48250000e-08  1.22350168e-08  6.48250000e-08 -1.10731130e-06  6.48250000e-08  1.19999973e+00  6.48250000e-08  3.29999808e+00 
 6.48750000e-08  1.14075074e-07  6.48750000e-08  1.11661371e-06  6.48750000e-08  1.20000017e+00  6.48750000e-08  3.30000187e+00 
 6.49250000e-08  1.64871181e-09  6.49250000e-08 -1.09290857e-06  6.49250000e-08  1.19999974e+00  6.49250000e-08  3.29999816e+00 
 6.49750000e-08  1.23240363e-07  6.49750000e-08  1.10035499e-06  6.49750000e-08  1.20000016e+00  6.49750000e-08  3.30000179e+00 
 6.50250000e-08 -6.24159097e-09  6.50250000e-08 -1.07499228e-06  6.50250000e-08  1.19999975e+00  6.50250000e-08  3.29999824e+00 
 6.50750000e-08  1.29987924e-07  6.50750000e-08  1.08096154e-06  6.50750000e-08  1.20000015e+00  6.50750000e-08  3.30000171e+00 
 6.51250000e-08 -1.19660126e-08  6.51250000e-08 -1.05428615e-06  6.51250000e-08  1.19999975e+00  6.51250000e-08  3.29999832e+00 
 6.51750000e-08  1.34797306e-07  6.51750000e-08  1.05909221e-06  6.51750000e-08  1.20000015e+00  6.51750000e-08  3.30000163e+00 
 6.52250000e-08 -1.59579399e-08  6.52250000e-08 -1.03138988e-06  6.52250000e-08  1.19999976e+00  6.52250000e-08  3.29999839e+00 
 6.52750000e-08  1.38059802e-07  6.52750000e-08  1.03529280e-06  6.52750000e-08  1.20000014e+00  6.52750000e-08  3.30000156e+00 
 6.53250000e-08 -1.85703277e-08  6.53250000e-08 -1.00680020e-06  6.53250000e-08  1.19999976e+00  6.53250000e-08  3.29999846e+00 
 6.53750000e-08  1.40093512e-07  6.53750000e-08  1.01001533e-06  6.53750000e-08  1.20000014e+00  6.53750000e-08  3.30000149e+00 
 6.54250000e-08 -2.00896348e-08  6.54250000e-08 -9.80928404e-07  6.54250000e-08  1.19999977e+00  6.54250000e-08  3.29999853e+00 
 6.54750000e-08  1.41156196e-07  6.54750000e-08  9.83634045e-07  6.54750000e-08  1.20000013e+00  6.54750000e-08  3.30000142e+00 
 6.55250000e-08 -2.07476308e-08  6.55250000e-08 -9.54115048e-07  6.55250000e-08  1.19999978e+00  6.55250000e-08  3.29999860e+00 
 6.55750000e-08  1.41456123e-07  6.55750000e-08  9.56458870e-07  6.55750000e-08  1.20000012e+00  6.55750000e-08  3.30000136e+00 
 6.56250000e-08 -2.07313087e-08  6.56250000e-08 -9.26642171e-07  6.56250000e-08  1.19999978e+00  6.56250000e-08  3.29999866e+00 
 6.56750000e-08  1.41161029e-07  6.56750000e-08  9.28746457e-07  6.56750000e-08  1.20000012e+00  6.56750000e-08  3.30000129e+00 
 6.57250000e-08 -2.01910290e-08  6.57250000e-08 -8.98743333e-07  6.57250000e-08  1.19999979e+00  6.57250000e-08  3.29999873e+00 
 6.57750000e-08  1.40405630e-07  6.57750000e-08  9.00709363e-07  6.57750000e-08  1.20000011e+00  6.57750000e-08  3.30000123e+00 
 6.58250000e-08 -1.92474379e-08  6.58250000e-08 -8.70611989e-07  6.58250000e-08  1.19999979e+00  6.58250000e-08  3.29999879e+00 
 6.58750000e-08  1.39297909e-07  6.58750000e-08  8.72523659e-07  6.58750000e-08  1.20000011e+00  6.58750000e-08  3.30000117e+00 
 6.59250000e-08 -1.79970799e-08  6.59250000e-08 -8.42408354e-07  6.59250000e-08  1.19999980e+00  6.59250000e-08  3.29999884e+00 
 6.59750000e-08  1.37924095e-07  6.59750000e-08  8.44335115e-07  6.59750000e-08  1.20000010e+00  6.59750000e-08  3.30000112e+00 
 6.60250000e-08 -1.65169414e-08  6.60250000e-08 -8.14265082e-07  6.60250000e-08  1.19999980e+00  6.60250000e-08  3.29999890e+00 
 6.60750000e-08  1.36352897e-07  6.60750000e-08  8.16264429e-07  6.60750000e-08  1.20000010e+00  6.60750000e-08  3.30000106e+00 
 6.61250000e-08 -1.48682955e-08  6.61250000e-08 -7.86291930e-07  6.61250000e-08  1.19999981e+00  6.61250000e-08  3.29999895e+00 
 6.61750000e-08  1.34638907e-07  6.61750000e-08  7.88411372e-07  6.61750000e-08  1.20000009e+00  6.61750000e-08  3.30000101e+00 
 6.62250000e-08 -1.30997342e-08  6.62250000e-08 -7.58579580e-07  6.62250000e-08  1.19999981e+00  6.62250000e-08  3.29999900e+00 
 6.62750000e-08  1.32825335e-07  6.62750000e-08  7.60858331e-07  6.62750000e-08  1.20000009e+00  6.62750000e-08  3.30000096e+00 
 6.63250000e-08 -1.12496565e-08  6.63250000e-08 -7.31202823e-07  6.63250000e-08  1.19999982e+00  6.63250000e-08  3.29999905e+00 
 6.63750000e-08  1.30946285e-07  6.63750000e-08  7.33673151e-07  6.63750000e-08  1.20000009e+00  6.63750000e-08  3.30000092e+00 
 6.64250000e-08 -9.34831495e-09  6.64250000e-08 -7.04223153e-07  6.64250000e-08  1.19999982e+00  6.64250000e-08  3.29999909e+00 
 6.64750000e-08  1.29028555e-07  6.64750000e-08  7.06911488e-07  6.64750000e-08  1.20000008e+00  6.64750000e-08  3.30000087e+00 
 6.65250000e-08 -7.41943162e-09  6.65250000e-08 -6.77690883e-07  6.65250000e-08  1.19999982e+00  6.65250000e-08  3.29999914e+00 
 6.65750000e-08  1.27093114e-07  6.65750000e-08  6.80618800e-07  6.65750000e-08  1.20000008e+00  6.65750000e-08  3.30000083e+00 
 6.66250000e-08 -5.48148896e-09  6.66250000e-08 -6.51646977e-07  6.66250000e-08  1.19999983e+00  6.66250000e-08  3.29999918e+00 
 6.66750000e-08  1.25156251e-07  6.66750000e-08  6.54831892e-07  6.66750000e-08  1.20000007e+00  6.66750000e-08  3.30000079e+00 
 6.67250000e-08 -3.54884366e-09  6.67250000e-08 -6.26124483e-07  6.67250000e-08  1.19999983e+00  6.67250000e-08  3.29999922e+00 
 6.67750000e-08  1.23230552e-07  6.67750000e-08  6.29580327e-07  6.67750000e-08  1.20000007e+00  6.67750000e-08  3.30000075e+00 
 6.68250000e-08 -1.63250562e-09  6.68250000e-08 -6.01149699e-07  6.68250000e-08  1.19999983e+00  6.68250000e-08  3.29999926e+00 
 6.68750000e-08  1.21325674e-07  6.68750000e-08  6.04887451e-07  6.68750000e-08  1.20000007e+00  6.68750000e-08  3.30000071e+00 
 6.69250000e-08  2.59093677e-10  6.69250000e-08 -5.76743288e-07  6.69250000e-08  1.19999984e+00  6.69250000e-08  3.29999929e+00 
 6.69750000e-08  1.19448930e-07  6.69750000e-08  5.80771408e-07  6.69750000e-08  1.20000006e+00  6.69750000e-08  3.30000068e+00 
 6.70250000e-08  2.11963081e-09  6.70250000e-08 -5.52921010e-07  6.70250000e-08  1.19999984e+00  6.70250000e-08  3.29999933e+00 
 6.70750000e-08  1.17605753e-07  6.70750000e-08  5.57245778e-07  6.70750000e-08  1.20000006e+00  6.70750000e-08  3.30000064e+00 
 6.71250000e-08  3.94444095e-09  6.71250000e-08 -5.29694500e-07  6.71250000e-08  1.19999984e+00  6.71250000e-08  3.29999936e+00 
 6.71750000e-08  1.15800144e-07  6.71750000e-08  5.34320376e-07  6.71750000e-08  1.20000006e+00  6.71750000e-08  3.30000061e+00 
 6.72250000e-08  5.73014008e-09  6.72250000e-08 -5.07071836e-07  6.72250000e-08  1.19999985e+00  6.72250000e-08  3.29999939e+00 
 6.72750000e-08  1.14034936e-07  6.72750000e-08  5.12001684e-07  6.72750000e-08  1.20000005e+00  6.72750000e-08  3.30000058e+00 
 6.73250000e-08  7.47438215e-09  6.73250000e-08 -4.85058043e-07  6.73250000e-08  1.19999985e+00  6.73250000e-08  3.29999942e+00 
 6.73750000e-08  1.12312043e-07  6.73750000e-08  4.90293365e-07  6.73750000e-08  1.20000005e+00  6.73750000e-08  3.30000055e+00 
 6.74250000e-08  9.17561140e-09  6.74250000e-08 -4.63655506e-07  6.74250000e-08  1.19999985e+00  6.74250000e-08  3.29999945e+00 
 6.74750000e-08  1.10632701e-07  6.74750000e-08  4.69196622e-07  6.74750000e-08  1.20000005e+00  6.74750000e-08  3.30000052e+00 
 6.75250000e-08  1.08329021e-08  6.75250000e-08 -4.42864334e-07  6.75250000e-08  1.19999986e+00  6.75250000e-08  3.29999948e+00 
 6.75750000e-08  1.08997579e-07  6.75750000e-08  4.48710561e-07  6.75750000e-08  1.20000005e+00  6.75750000e-08  3.30000049e+00 
 6.76250000e-08  1.24457922e-08  6.76250000e-08 -4.22682717e-07  6.76250000e-08  1.19999986e+00  6.76250000e-08  3.29999951e+00 
 6.76750000e-08  1.07406916e-07  6.76750000e-08  4.28832461e-07  6.76750000e-08  1.20000004e+00  6.76750000e-08  3.30000047e+00 
 6.77250000e-08  1.40142627e-08  6.77250000e-08 -4.03107072e-07  6.77250000e-08  1.19999986e+00  6.77250000e-08  3.29999953e+00 
 6.77750000e-08  1.05860589e-07  6.77750000e-08  4.09558027e-07  6.77750000e-08  1.20000004e+00  6.77750000e-08  3.30000044e+00 
 6.78250000e-08  1.55385181e-08  6.78250000e-08 -3.84132435e-07  6.78250000e-08  1.19999987e+00  6.78250000e-08  3.29999955e+00 
 6.78750000e-08  1.04358285e-07  6.78750000e-08  3.90881601e-07  6.78750000e-08  1.20000004e+00  6.78750000e-08  3.30000042e+00 
 6.79250000e-08  1.70190090e-08  6.79250000e-08 -3.65752515e-07  6.79250000e-08  1.19999987e+00  6.79250000e-08  3.29999958e+00 
 6.79750000e-08  1.02899451e-07  6.79750000e-08  3.72796349e-07  6.79750000e-08  1.20000003e+00  6.79750000e-08  3.30000040e+00 
 6.80250000e-08  1.84563649e-08  6.80250000e-08 -3.47959973e-07  6.80250000e-08  1.19999987e+00  6.80250000e-08  3.29999960e+00 
 6.80750000e-08  1.01483382e-07  6.80750000e-08  3.55294431e-07  6.80750000e-08  1.20000003e+00  6.80750000e-08  3.30000038e+00 
 6.81250000e-08  1.98513359e-08  6.81250000e-08 -3.30746510e-07  6.81250000e-08  1.19999987e+00  6.81250000e-08  3.29999962e+00 
 6.81750000e-08  1.00109299e-07  6.81750000e-08  3.38367151e-07  6.81750000e-08  1.20000003e+00  6.81750000e-08  3.30000036e+00 
 6.82250000e-08  2.12047435e-08  6.82250000e-08 -3.14103046e-07  6.82250000e-08  1.19999988e+00  6.82250000e-08  3.29999964e+00 
 6.82750000e-08  9.87763456e-08  6.82750000e-08  3.22005051e-07  6.82750000e-08  1.20000003e+00  6.82750000e-08  3.30000034e+00 
 6.83250000e-08  2.25174732e-08  6.83250000e-08 -2.98019803e-07  6.83250000e-08  1.19999988e+00  6.83250000e-08  3.29999966e+00 
 6.83750000e-08  9.74835914e-08  6.83750000e-08  3.06198067e-07  6.83750000e-08  1.20000003e+00  6.83750000e-08  3.30000032e+00 
 6.84250000e-08  2.37904960e-08  6.84250000e-08 -2.82486426e-07  6.84250000e-08  1.19999988e+00  6.84250000e-08  3.29999968e+00 
 6.84750000e-08  9.62300619e-08  6.84750000e-08  2.90935591e-07  6.84750000e-08  1.20000002e+00  6.84750000e-08  3.30000030e+00 
 6.85250000e-08  2.50247715e-08  6.85250000e-08 -2.67492093e-07  6.85250000e-08  1.19999988e+00  6.85250000e-08  3.29999969e+00 
 6.85750000e-08  9.50147968e-08  6.85750000e-08  2.76206597e-07  6.85750000e-08  1.20000002e+00  6.85750000e-08  3.30000029e+00 
 6.86250000e-08  2.62212783e-08  6.86250000e-08 -2.53025588e-07  6.86250000e-08  1.19999988e+00  6.86250000e-08  3.29999971e+00 
 6.86750000e-08  9.38367995e-08  6.86750000e-08  2.61999690e-07  6.86750000e-08  1.20000002e+00  6.86750000e-08  3.30000027e+00 
 6.87250000e-08  2.73810071e-08  6.87250000e-08 -2.39075358e-07  6.87250000e-08  1.19999989e+00  6.87250000e-08  3.29999973e+00 
 6.87750000e-08  9.26950808e-08  6.87750000e-08  2.48303180e-07  6.87750000e-08  1.20000002e+00  6.87750000e-08  3.30000025e+00 
 6.88250000e-08  2.85049583e-08  6.88250000e-08 -2.25629594e-07  6.88250000e-08  1.19999989e+00  6.88250000e-08  3.29999974e+00 
 6.88750000e-08  9.15886551e-08  6.88750000e-08  2.35105165e-07  6.88750000e-08  1.20000001e+00  6.88750000e-08  3.30000024e+00 
 6.89250000e-08  2.95941128e-08  6.89250000e-08 -2.12676318e-07  6.89250000e-08  1.19999989e+00  6.89250000e-08  3.29999975e+00 
 6.89750000e-08  9.05165320e-08  6.89750000e-08  2.22393592e-07  6.89750000e-08  1.20000001e+00  6.89750000e-08  3.30000023e+00 
 6.90250000e-08  3.06494355e-08  6.90250000e-08 -2.00203386e-07  6.90250000e-08  1.19999989e+00  6.90250000e-08  3.29999977e+00 
 6.90750000e-08  8.94777615e-08  6.90750000e-08  2.10156247e-07  6.90750000e-08  1.20000001e+00  6.90750000e-08  3.30000021e+00 
 6.91250000e-08  3.16718900e-08  6.91250000e-08 -1.88198580e-07  6.91250000e-08  1.19999989e+00  6.91250000e-08  3.29999978e+00 
 6.91750000e-08  8.84713960e-08  6.91750000e-08  1.98380899e-07  6.91750000e-08  1.20000001e+00  6.91750000e-08  3.30000020e+00 
 6.92250000e-08  3.26624022e-08  6.92250000e-08 -1.76649608e-07  6.92250000e-08  1.19999990e+00  6.92250000e-08  3.29999979e+00 
 6.92750000e-08  8.74965039e-08  6.92750000e-08  1.87055254e-07  6.92750000e-08  1.20000001e+00  6.92750000e-08  3.30000019e+00 
 6.93250000e-08  3.36218961e-08  6.93250000e-08 -1.65544226e-07  6.93250000e-08  1.19999990e+00  6.93250000e-08  3.29999981e+00 
 6.93750000e-08  8.65521741e-08  6.93750000e-08  1.76167050e-07  6.93750000e-08  1.20000001e+00  6.93750000e-08  3.30000018e+00 
 6.94250000e-08  3.45512820e-08  6.94250000e-08 -1.54870135e-07  6.94250000e-08  1.19999990e+00  6.94250000e-08  3.29999982e+00 
 6.94750000e-08  8.56375243e-08  6.94750000e-08  1.65704029e-07  6.94750000e-08  1.20000000e+00  6.94750000e-08  3.30000017e+00 
 6.95250000e-08  3.54514169e-08  6.95250000e-08 -1.44615145e-07  6.95250000e-08  1.19999990e+00  6.95250000e-08  3.29999983e+00 
 6.95750000e-08  8.47516798e-08  6.95750000e-08  1.55654041e-07  6.95750000e-08  1.20000000e+00  6.95750000e-08  3.30000016e+00 
 6.96250000e-08  3.63231765e-08  6.96250000e-08 -1.34767137e-07  6.96250000e-08  1.19999990e+00  6.96250000e-08  3.29999984e+00 
 6.96750000e-08  8.38938096e-08  6.96750000e-08  1.46005009e-07  6.96750000e-08  1.20000000e+00  6.96750000e-08  3.30000015e+00 
 6.97250000e-08  3.71673748e-08  6.97250000e-08 -1.25314107e-07  6.97250000e-08  1.19999990e+00  6.97250000e-08  3.29999985e+00 
 6.97750000e-08  8.30630686e-08  6.97750000e-08  1.36744999e-07  6.97750000e-08  1.20000000e+00  6.97750000e-08  3.30000014e+00 
 6.98250000e-08  3.79848408e-08  6.98250000e-08 -1.16244145e-07  6.98250000e-08  1.19999991e+00  6.98250000e-08  3.29999986e+00 
 6.98750000e-08  8.22586771e-08  6.98750000e-08  1.27862161e-07  6.98750000e-08  1.20000000e+00  6.98750000e-08  3.30000013e+00 
 6.99250000e-08  3.87763625e-08  6.99250000e-08 -1.07545535e-07  6.99250000e-08  1.19999991e+00  6.99250000e-08  3.29999986e+00 
 6.99625000e-08  8.13524572e-08  6.99625000e-08  1.17959949e-07  6.99625000e-08  1.20000000e+00  6.99625000e-08  3.30000012e+00 
 7.00000000e-08  3.97927103e-08  7.00000000e-08 -9.65048388e-08  7.00000000e-08  1.19999991e+00  7.00000000e-08  3.29999988e+00 
 7.00050000e-08 -9.09195588e-06  7.00050000e-08 -6.06436884e-05  7.00050000e-08  1.19991800e+00  7.00050000e-08  3.29970362e+00 
 7.00150000e-08  6.29471232e-06  7.00150000e-08 -2.88477453e-06  7.00150000e-08  1.19996468e+00  7.00150000e-08  3.29969129e+00 
 7.00350000e-08  3.68546474e-06  7.00350000e-08  2.34055699e-05  7.00350000e-08  1.20006319e+00  7.00350000e-08  3.29994663e+00 
 7.00750000e-08 -5.49531740e-06  7.00750000e-08  1.18336456e-05  7.00750000e-08  1.19996552e+00  7.00750000e-08  3.30016681e+00 
 7.01250000e-08  2.70123766e-05  7.01250000e-08  1.56125343e-04  7.01250000e-08  1.20061407e+00  7.01250000e-08  3.30224579e+00 
 7.01625000e-08  5.13279307e-06  7.01625000e-08  1.65261957e-04  7.01625000e-08  1.20104296e+00  7.01625000e-08  3.30456662e+00 
 7.02000000e-08 -2.16221675e-04  7.02000000e-08 -1.43254293e-04  7.02000000e-08  1.19640692e+00  7.02000000e-08  3.30347478e+00 
 7.02050000e-08 -1.33066238e-04  7.02050000e-08 -2.65646045e-04  7.02050000e-08  1.19616069e+00  7.02050000e-08  3.30253132e+00 
 7.02150000e-08  1.80139725e-04  7.02150000e-08 -6.54945354e-04  7.02150000e-08  1.19784082e+00  7.02150000e-08  3.29941434e+00 
 7.02350000e-08  2.69038106e-04  7.02350000e-08 -1.04107242e-03  7.02350000e-08  1.20265063e+00  7.02350000e-08  3.29120806e+00 
 7.02711924e-08 -2.60972068e-04  7.02711924e-08 -6.41588571e-05  7.02711924e-08  1.19992760e+00  7.02711924e-08  3.28739425e+00 
 7.03147572e-08  1.58432421e-04  7.03147572e-08  1.12929620e-03  7.03147572e-08  1.19988715e+00  7.03147572e-08  3.30165677e+00 
 7.03607163e-08 -8.98250501e-05  7.03607163e-08 -3.54395681e-04  7.03607163e-08  1.20038862e+00  7.03607163e-08  3.30269865e+00 
 7.04107163e-08  4.07617180e-05  7.04107163e-08  1.28885938e-04  7.04107163e-08  1.19954284e+00  7.04107163e-08  3.30097567e+00 
 7.04607163e-08 -5.31215528e-06  7.04607163e-08 -1.52409228e-04  7.04607163e-08  1.20048428e+00  7.04607163e-08  3.30092322e+00 
 7.05107163e-08 -1.95979649e-05  7.05107163e-08  1.06206440e-04  7.05107163e-08  1.19952612e+00  7.05107163e-08  3.30059410e+00 
 7.05607163e-08  3.68419711e-05  7.05607163e-08 -1.12657927e-04  7.05607163e-08  1.20044509e+00  7.05607163e-08  3.30042745e+00 
 7.06107163e-08 -4.80031078e-05  7.06107163e-08  8.26375066e-05  7.06107163e-08  1.19959396e+00  7.06107163e-08  3.30029683e+00 
 7.06607163e-08  5.50067682e-05  7.06607163e-08 -8.04541536e-05  7.06607163e-08  1.20036291e+00  7.06607163e-08  3.30022212e+00 
 7.07107163e-08 -5.85810269e-05  7.07107163e-08  6.13410725e-05  7.07107163e-08  1.19968057e+00  7.07107163e-08  3.30013223e+00 
 7.07607163e-08  6.00213995e-05  7.07607163e-08 -5.67790985e-05  7.07607163e-08  1.20027756e+00  7.07607163e-08  3.30012772e+00 
 7.08107163e-08 -5.95386524e-05  7.08107163e-08  4.43139779e-05  7.08107163e-08  1.19976110e+00  7.08107163e-08  3.30004645e+00 
 7.08607163e-08  5.80886189e-05  7.08607163e-08 -3.94367606e-05  7.08607163e-08  1.20020367e+00  7.08607163e-08  3.30008324e+00 
 7.09107163e-08 -5.55525235e-05  7.09107163e-08  3.09712502e-05  7.09107163e-08  1.19982756e+00  7.09107163e-08  3.30000241e+00 
 7.09607163e-08  5.27273599e-05  7.09607163e-08 -2.65288486e-05  7.09607163e-08  1.20014483e+00  7.09607163e-08  3.30006211e+00 
 7.10107163e-08 -4.93136732e-05  7.10107163e-08  2.05683601e-05  7.10107163e-08  1.19987907e+00  7.10107163e-08  3.29998012e+00 
 7.10607163e-08  4.59669155e-05  7.10607163e-08 -1.67953602e-05  7.10607163e-08  1.20010015e+00  7.10607163e-08  3.30005187e+00 
 7.11107163e-08 -4.23175868e-05  7.11107163e-08  1.24720831e-05  7.11107163e-08  1.19991752e+00  7.11107163e-08  3.29996909e+00 
 7.11607163e-08  3.89310519e-05  7.11607163e-08 -9.37934751e-06  7.11607163e-08  1.20006725e+00  7.11607163e-08  3.30004662e+00 
 7.12107163e-08 -3.53933443e-05  7.12107163e-08  6.17349194e-06  7.12107163e-08  1.19994552e+00  7.12107163e-08  3.29996392e+00 
 7.12607163e-08  3.22199540e-05  7.12607163e-08 -3.68649342e-06  7.12607163e-08  1.20004352e+00  7.12607163e-08  3.30004364e+00 
 7.13107163e-08 -2.89679484e-05  7.13107163e-08  1.27000323e-06  7.13107163e-08  1.19996555e+00  7.13107163e-08  3.29996182e+00 
 7.13607163e-08  2.61262238e-05  7.13607163e-08  7.10018645e-07  7.13607163e-08  1.20002666e+00  7.13607163e-08  3.30004164e+00 
 7.14107163e-08 -2.32329912e-05  7.14107163e-08 -2.55388548e-06  7.14107163e-08  1.19997968e+00  7.14107163e-08  3.29996133e+00 
 7.14607163e-08  2.07638282e-05  7.14607163e-08  4.12335042e-06  7.14607163e-08  1.20001484e+00  7.14607163e-08  3.30004009e+00 
 7.15107163e-08 -1.82448765e-05  7.15107163e-08 -5.54352241e-06  7.15107163e-08  1.19998955e+00  7.15107163e-08  3.29996167e+00 
 7.15607163e-08  1.61458233e-05  7.15607163e-08  6.78655126e-06  7.15607163e-08  1.20000662e+00  7.15607163e-08  3.30003874e+00 
 7.16107163e-08 -1.39853219e-05  7.16107163e-08 -7.88857860e-06  7.16107163e-08  1.19999638e+00  7.16107163e-08  3.29996242e+00 
 7.16607163e-08  1.22312132e-05  7.16607163e-08  8.87460635e-06  7.16607163e-08  1.20000096e+00  7.16607163e-08  3.30003749e+00 
 7.17107163e-08 -1.03977272e-05  7.17107163e-08 -9.73502201e-06  7.17107163e-08  1.20000105e+00  7.17107163e-08  3.29996335e+00 
 7.17607163e-08  8.95296506e-06  7.17607163e-08  1.05196096e-05  7.17607163e-08  1.19999711e+00  7.17607163e-08  3.30003632e+00 
 7.18107163e-08 -7.40874991e-06  7.18107163e-08 -1.11948000e-05  7.18107163e-08  1.20000423e+00  7.18107163e-08  3.29996436e+00 
 7.18607163e-08  6.23445366e-06  7.18607163e-08  1.18215854e-05  7.18607163e-08  1.19999450e+00  7.18607163e-08  3.30003521e+00 
 7.19107163e-08 -4.94078771e-06  7.19107163e-08 -1.23535451e-05  7.19107163e-08  1.20000636e+00  7.19107163e-08  3.29996537e+00 
 7.19607163e-08  3.99879658e-06  7.19607163e-08  1.28564073e-05  7.19607163e-08  1.19999277e+00  7.19607163e-08  3.30003417e+00 
 7.20107163e-08 -2.91888533e-06  7.20107163e-08 -1.32766395e-05  7.20107163e-08  1.20000777e+00  7.20107163e-08  3.29996635e+00 
 7.20607163e-08  2.17384579e-06  7.20607163e-08  1.36816916e-05  7.20607163e-08  1.19999163e+00  7.20607163e-08  3.30003318e+00 
 7.21107163e-08 -1.27425439e-06  7.21107163e-08 -1.40139472e-05  7.21107163e-08  1.20000867e+00  7.21107163e-08  3.29996729e+00 
 7.21607163e-08  6.94558516e-07  7.21607163e-08  1.43412309e-05  7.21607163e-08  1.19999091e+00  7.21607163e-08  3.30003225e+00 
 7.22107163e-08  5.42309145e-08  7.22107163e-08 -1.46034838e-05  7.22107163e-08  1.20000924e+00  7.22107163e-08  3.29996819e+00 
 7.22607163e-08 -4.96178459e-07  7.22607163e-08  1.48683495e-05  7.22607163e-08  1.19999048e+00  7.22607163e-08  3.30003138e+00 
 7.23107163e-08  1.11971287e-06  7.23107163e-08 -1.50742481e-05  7.23107163e-08  1.20000957e+00  7.23107163e-08  3.29996903e+00 
 7.23607163e-08 -1.44760396e-06  7.23607163e-08  1.52884511e-05  7.23607163e-08  1.19999023e+00  7.23607163e-08  3.30003055e+00 
 7.24107163e-08  1.96767923e-06  7.24107163e-08 -1.54483967e-05  7.24107163e-08  1.20000974e+00  7.24107163e-08  3.29996984e+00 
 7.24607163e-08 -2.20160617e-06  7.24607163e-08  1.56209544e-05  7.24607163e-08  1.19999012e+00  7.24607163e-08  3.30002976e+00 
 7.25107163e-08  2.63662056e-06  7.25107163e-08 -1.57429099e-05  7.25107163e-08  1.20000980e+00  7.25107163e-08  3.29997060e+00 
 7.25607163e-08 -2.79346577e-06  7.25607163e-08  1.58807641e-05  7.25607163e-08  1.19999010e+00  7.25607163e-08  3.30002902e+00 
 7.26107163e-08  3.15882327e-06  7.26107163e-08 -1.59708608e-05  7.26107163e-08  1.20000979e+00  7.26107163e-08  3.29997133e+00 
 7.26607163e-08 -3.25267089e-06  7.26607163e-08  1.60793862e-05  7.26607163e-08  1.19999014e+00  7.26607163e-08  3.30002830e+00 
 7.27107163e-08  3.56118661e-06  7.27107163e-08 -1.61423815e-05  7.27107163e-08  1.20000973e+00  7.27107163e-08  3.29997203e+00 
 7.27607163e-08 -3.60372005e-06  7.27607163e-08  1.62257725e-05  7.27607163e-08  1.19999021e+00  7.27607163e-08  3.30002762e+00 
 7.28107163e-08  3.86600132e-06  7.28107163e-08 -1.62653941e-05  7.28107163e-08  1.20000964e+00  7.28107163e-08  3.29997270e+00 
 7.28607163e-08 -3.86686867e-06  7.28607163e-08  1.63269592e-05  7.28607163e-08  1.19999032e+00  7.28607163e-08  3.30002695e+00 
 7.29107163e-08  4.09165935e-06  7.29107163e-08 -1.63461632e-05  7.29107163e-08  1.20000953e+00  7.29107163e-08  3.29997335e+00 
 7.29607163e-08 -4.05879839e-06  7.29607163e-08  1.63885461e-05  7.29607163e-08  1.19999044e+00  7.29607163e-08  3.30002631e+00 
 7.30107163e-08  4.25328186e-06  7.30107163e-08 -1.63897117e-05  7.30107163e-08  1.20000940e+00  7.30107163e-08  3.29997398e+00 
 7.30607163e-08 -4.19320321e-06  7.30607163e-08  1.64150583e-05  7.30607163e-08  1.19999057e+00  7.30607163e-08  3.30002569e+00 
 7.31107163e-08  4.36326410e-06  7.31107163e-08 -1.64001321e-05  7.31107163e-08  1.20000926e+00  7.31107163e-08  3.29997460e+00 
 7.31607163e-08 -4.28129389e-06  7.31607163e-08  1.64102146e-05  7.31607163e-08  1.19999071e+00  7.31607163e-08  3.30002509e+00 
 7.32107163e-08  4.43174120e-06  7.32107163e-08 -1.63808193e-05  7.32107163e-08  1.20000912e+00  7.32107163e-08  3.29997520e+00 
 7.32607163e-08 -4.33222668e-06  7.32607163e-08  1.63771293e-05  7.32607163e-08  1.19999085e+00  7.32607163e-08  3.30002449e+00 
 7.33107163e-08  4.46698208e-06  7.33107163e-08 -1.63346433e-05  7.33107163e-08  1.20000898e+00  7.33107163e-08  3.29997578e+00 
 7.33607163e-08 -4.35346453e-06  7.33607163e-08  1.63184605e-05  7.33607163e-08  1.19999099e+00  7.33607163e-08  3.30002391e+00 
 7.34107163e-08  4.47571999e-06  7.34107163e-08 -1.62640773e-05  7.34107163e-08  1.20000884e+00  7.34107163e-08  3.29997636e+00 
 7.34607163e-08 -4.35107888e-06  7.34607163e-08  1.62365204e-05  7.34607163e-08  1.19999113e+00  7.34607163e-08  3.30002334e+00 
 7.35107163e-08  4.46342796e-06  7.35107163e-08 -1.61712924e-05  7.35107163e-08  1.20000870e+00  7.35107163e-08  3.29997692e+00 
 7.35607163e-08 -4.33000070e-06  7.35607163e-08  1.61333559e-05  7.35607163e-08  1.19999127e+00  7.35607163e-08  3.30002278e+00 
 7.36107163e-08  4.43454725e-06  7.36107163e-08 -1.60582262e-05  7.36107163e-08  1.20000856e+00  7.36107163e-08  3.29997748e+00 
 7.36607163e-08 -4.29422815e-06  7.36607163e-08  1.60108080e-05  7.36607163e-08  1.19999141e+00  7.36607163e-08  3.30002223e+00 
 7.37107163e-08  4.39267605e-06  7.37107163e-08 -1.59266334e-05  7.37107163e-08  1.20000842e+00  7.37107163e-08  3.29997803e+00 
 7.37607163e-08 -4.24699788e-06  7.37607163e-08  1.58705545e-05  7.37607163e-08  1.19999155e+00  7.37607163e-08  3.30002169e+00 
 7.38107163e-08  4.34072488e-06  7.38107163e-08 -1.57781227e-05  7.38107163e-08  1.20000829e+00  7.38107163e-08  3.29997856e+00 
 7.38607163e-08 -4.19092580e-06  7.38607163e-08  1.57141416e-05  7.38607163e-08  1.19999168e+00  7.38607163e-08  3.30002116e+00 
 7.39107163e-08  4.28104409e-06  7.39107163e-08 -1.56141833e-05  7.39107163e-08  1.20000815e+00  7.39107163e-08  3.29997909e+00 
 7.39607163e-08 -4.12812259e-06  7.39607163e-08  1.55430061e-05  7.39607163e-08  1.19999182e+00  7.39607163e-08  3.30002063e+00 
 7.40107163e-08  4.21552839e-06  7.40107163e-08 -1.54362036e-05  7.40107163e-08  1.20000802e+00  7.40107163e-08  3.29997962e+00 
 7.40607163e-08 -4.06028816e-06  7.40607163e-08  1.53584917e-05  7.40607163e-08  1.19999194e+00  7.40607163e-08  3.30002011e+00 
 7.41107163e-08  4.14570228e-06  7.41107163e-08 -1.52454855e-05  7.41107163e-08  1.20000789e+00  7.41107163e-08  3.29998013e+00 
 7.41607163e-08 -3.98878889e-06  7.41607163e-08  1.51618607e-05  7.41607163e-08  1.19999207e+00  7.41607163e-08  3.30001960e+00 
 7.42107163e-08  4.07278980e-06  7.42107163e-08 -1.50432537e-05  7.42107163e-08  1.20000777e+00  7.42107163e-08  3.29998064e+00 
 7.42607163e-08 -3.91472063e-06  7.42607163e-08  1.49543024e-05  7.42607163e-08  1.19999220e+00  7.42607163e-08  3.30001910e+00 
 7.43107163e-08  3.99777144e-06  7.43107163e-08 -1.48306637e-05  7.43107163e-08  1.20000765e+00  7.43107163e-08  3.29998113e+00 
 7.43607163e-08 -3.83895998e-06  7.43607163e-08  1.47369394e-05  7.43607163e-08  1.19999232e+00  7.43607163e-08  3.30001861e+00 
 7.44107163e-08  3.92143040e-06  7.44107163e-08 -1.46088063e-05  7.44107163e-08  1.20000752e+00  7.44107163e-08  3.29998162e+00 
 7.44607163e-08 -3.76220609e-06  7.44607163e-08  1.45108320e-05  7.44607163e-08  1.19999244e+00  7.44607163e-08  3.30001812e+00 
 7.45107163e-08  3.84439023e-06  7.45107163e-08 -1.43787122e-05  7.45107163e-08  1.20000741e+00  7.45107163e-08  3.29998211e+00 
 7.45607163e-08 -3.68501457e-06  7.45607163e-08  1.42769818e-05  7.45607163e-08  1.19999256e+00  7.45607163e-08  3.30001764e+00 
 7.46107163e-08  3.76714550e-06  7.46107163e-08 -1.41413548e-05  7.46107163e-08  1.20000729e+00  7.46107163e-08  3.29998258e+00 
 7.46607163e-08 -3.60782510e-06  7.46607163e-08  1.40363347e-05  7.46607163e-08  1.19999267e+00  7.46607163e-08  3.30001717e+00 
 7.47107163e-08  3.69008658e-06  7.47107163e-08 -1.38976527e-05  7.47107163e-08  1.20000717e+00  7.47107163e-08  3.29998305e+00 
 7.47607163e-08 -3.53098380e-06  7.47607163e-08  1.37897829e-05  7.47607163e-08  1.19999279e+00  7.47607163e-08  3.30001671e+00 
 7.48107163e-08  3.61351985e-06  7.48107163e-08 -1.36484723e-05  7.48107163e-08  1.20000706e+00  7.48107163e-08  3.29998351e+00 
 7.48607163e-08 -3.45476135e-06  7.48607163e-08  1.35381670e-05  7.48607163e-08  1.19999290e+00  7.48607163e-08  3.30001625e+00 
 7.49107163e-08  3.53768400e-06  7.49107163e-08 -1.33946292e-05  7.49107163e-08  1.20000695e+00  7.49107163e-08  3.29998396e+00 
 7.49607163e-08 -3.37936777e-06  7.49607163e-08  1.32822781e-05  7.49607163e-08  1.19999301e+00  7.49607163e-08  3.30001581e+00 
 7.50107163e-08  3.46276327e-06  7.50107163e-08 -1.31368901e-05  7.50107163e-08  1.20000684e+00  7.50107163e-08  3.29998440e+00 
 7.50607163e-08 -3.30496422e-06  7.50607163e-08  1.30228593e-05  7.50607163e-08  1.19999311e+00  7.50607163e-08  3.30001537e+00 
 7.51107163e-08  3.38889815e-06  7.51107163e-08 -1.28759751e-05  7.51107163e-08  1.20000674e+00  7.51107163e-08  3.29998483e+00 
 7.51607163e-08 -3.23167268e-06  7.51607163e-08  1.27606076e-05  7.51607163e-08  1.19999322e+00  7.51607163e-08  3.30001494e+00 
 7.52107163e-08  3.31619407e-06  7.52107163e-08 -1.26125587e-05  7.52107163e-08  1.20000663e+00  7.52107163e-08  3.29998526e+00 
 7.52607163e-08 -3.15958377e-06  7.52607163e-08  1.24961756e-05  7.52607163e-08  1.19999332e+00  7.52607163e-08  3.30001452e+00 
 7.53107163e-08  3.24472834e-06  7.53107163e-08 -1.23472717e-05  7.53107163e-08  1.20000653e+00  7.53107163e-08  3.29998568e+00 
 7.53607163e-08 -3.08876297e-06  7.53607163e-08  1.22301729e-05  7.53607163e-08  1.19999342e+00  7.53607163e-08  3.30001410e+00 
 7.54107163e-08  3.17455588e-06  7.54107163e-08 -1.20807033e-05  7.54107163e-08  1.20000643e+00  7.54107163e-08  3.29998608e+00 
 7.54607163e-08 -3.01925575e-06  7.54607163e-08  1.19631684e-05  7.54607163e-08  1.19999352e+00  7.54607163e-08  3.30001370e+00 
 7.55107163e-08  3.10571372e-06  7.55107163e-08 -1.18134022e-05  7.55107163e-08  1.20000633e+00  7.55107163e-08  3.29998648e+00 
 7.55607163e-08 -2.95109160e-06  7.55607163e-08  1.16956912e-05  7.55607163e-08  1.19999362e+00  7.55607163e-08  3.30001330e+00 
 7.56107163e-08  3.03822464e-06  7.56107163e-08 -1.15458787e-05  7.56107163e-08  1.20000623e+00  7.56107163e-08  3.29998688e+00 
 7.56607163e-08 -2.88428741e-06  7.56607163e-08  1.14282332e-05  7.56607163e-08  1.19999372e+00  7.56607163e-08  3.30001292e+00 
 7.57107163e-08  2.97210024e-06  7.57107163e-08 -1.12786065e-05  7.57107163e-08  1.20000614e+00  7.57107163e-08  3.29998726e+00 
 7.57607163e-08 -2.81885007e-06  7.57607163e-08  1.11612501e-05  7.57607163e-08  1.19999381e+00  7.57607163e-08  3.30001254e+00 
 7.58107163e-08  2.90734323e-06  7.58107163e-08 -1.10120238e-05  7.58107163e-08  1.20000604e+00  7.58107163e-08  3.29998763e+00 
 7.58607163e-08 -2.75477860e-06  7.58607163e-08  1.08951633e-05  7.58607163e-08  1.19999391e+00  7.58607163e-08  3.30001217e+00 
 7.59107163e-08  2.84394937e-06  7.59107163e-08 -1.07465356e-05  7.59107163e-08  1.20000595e+00  7.59107163e-08  3.29998800e+00 
 7.59607163e-08 -2.69206591e-06  7.59607163e-08  1.06303616e-05  7.59607163e-08  1.19999400e+00  7.59607163e-08  3.30001181e+00 
 7.60107163e-08  2.78190903e-06  7.60107163e-08 -1.04825150e-05  7.60107163e-08  1.20000586e+00  7.60107163e-08  3.29998836e+00 
 7.60607163e-08 -2.63070011e-06  7.60607163e-08  1.03672029e-05  7.60607163e-08  1.19999409e+00  7.60607163e-08  3.30001145e+00 
 7.61107163e-08  2.72120835e-06  7.61107163e-08 -1.02203051e-05  7.61107163e-08  1.20000577e+00  7.61107163e-08  3.29998871e+00 
 7.61607163e-08 -2.57066567e-06  7.61607163e-08  1.01060156e-05  7.61607163e-08  1.19999418e+00  7.61607163e-08  3.30001111e+00 
 7.62107163e-08  2.66183030e-06  7.62107163e-08 -9.96022003e-06  7.62107163e-08  1.20000568e+00  7.62107163e-08  3.29998905e+00 
 7.62607163e-08 -2.51194429e-06  7.62607163e-08  9.84710027e-06  7.62607163e-08  1.19999426e+00  7.62607163e-08  3.30001077e+00 
 7.63107163e-08  2.60375547e-06  7.63107163e-08 -9.70254708e-06  7.63107163e-08  1.20000560e+00  7.63107163e-08  3.29998938e+00 
 7.63607163e-08 -2.45451557e-06  7.63607163e-08  9.59073109e-06  7.63607163e-08  1.19999435e+00  7.63607163e-08  3.30001044e+00 
 7.64107163e-08  2.54696261e-06  7.64107163e-08 -9.44754783e-06  7.64107163e-08  1.20000551e+00  7.64107163e-08  3.29998971e+00 
 7.64607163e-08 -2.39835756e-06  7.64607163e-08  9.33715741e-06  7.64607163e-08  1.19999443e+00  7.64607163e-08  3.30001012e+00 
 7.65107163e-08  2.49142921e-06  7.65107163e-08 -9.19545973e-06  7.65107163e-08  1.20000543e+00  7.65107163e-08  3.29999002e+00 
 7.65607163e-08 -2.34344730e-06  7.65607163e-08  9.08660509e-06  7.65607163e-08  1.19999452e+00  7.65607163e-08  3.30000981e+00 
 7.66107163e-08  2.43713186e-06  7.66107163e-08 -8.94649741e-06  7.66107163e-08  1.20000534e+00  7.66107163e-08  3.29999033e+00 
 7.66607163e-08 -2.28976104e-06  7.66607163e-08  8.83927787e-06  7.66607163e-08  1.19999460e+00  7.66607163e-08  3.30000950e+00 
 7.67107163e-08  2.38404659e-06  7.67107163e-08 -8.70085407e-06  7.67107163e-08  1.20000526e+00  7.67107163e-08  3.29999063e+00 
 7.67607163e-08 -2.23727464e-06  7.67607163e-08  8.59535870e-06  7.67607163e-08  1.19999468e+00  7.67607163e-08  3.30000921e+00 
 7.68107163e-08  2.33214909e-06  7.68107163e-08 -8.45870272e-06  7.68107163e-08  1.20000518e+00  7.68107163e-08  3.29999093e+00 
 7.68607163e-08 -2.18596370e-06  7.68607163e-08  8.35501095e-06  7.68607163e-08  1.19999476e+00  7.68607163e-08  3.30000892e+00 
 7.69107163e-08  2.28141493e-06  7.69107163e-08 -8.22019742e-06  7.69107163e-08  1.20000511e+00  7.69107163e-08  3.29999121e+00 
 7.69607163e-08 -2.13580378e-06  7.69607163e-08  8.11837965e-06  7.69607163e-08  1.19999484e+00  7.69607163e-08  3.30000863e+00 
 7.70107163e-08  2.23181966e-06  7.70107163e-08 -7.98547445e-06  7.70107163e-08  1.20000503e+00  7.70107163e-08  3.29999149e+00 
 7.70607163e-08 -2.08677050e-06  7.70607163e-08  7.88559262e-06  7.70607163e-08  1.19999491e+00  7.70607163e-08  3.30000836e+00 
 7.71107163e-08  2.18333902e-06  7.71107163e-08 -7.75465346e-06  7.71107163e-08  1.20000495e+00  7.71107163e-08  3.29999176e+00 
 7.71607163e-08 -2.03883968e-06  7.71607163e-08  7.65676156e-06  7.71607163e-08  1.19999499e+00  7.71607163e-08  3.30000809e+00 
 7.72107163e-08  2.13594890e-06  7.72107163e-08 -7.52783850e-06  7.72107163e-08  1.20000488e+00  7.72107163e-08  3.29999202e+00 
 7.72607163e-08 -1.99198739e-06  7.72607163e-08  7.43198310e-06  7.72607163e-08  1.19999506e+00  7.72607163e-08  3.30000783e+00 
 7.73107163e-08  2.08962556e-06  7.73107163e-08 -7.30511902e-06  7.73107163e-08  1.20000481e+00  7.73107163e-08  3.29999228e+00 
 7.73607163e-08 -1.94619002e-06  7.73607163e-08  7.21133977e-06  7.73607163e-08  1.19999513e+00  7.73607163e-08  3.30000758e+00 
 7.74107163e-08  2.04434553e-06  7.74107163e-08 -7.08657087e-06  7.74107163e-08  1.20000473e+00  7.74107163e-08  3.29999253e+00 
 7.74607163e-08 -1.90142431e-06  7.74607163e-08  6.99490095e-06  7.74607163e-08  1.19999521e+00  7.74607163e-08  3.30000733e+00 
 7.75107163e-08  2.00008574e-06  7.75107163e-08 -6.87225723e-06  7.75107163e-08  1.20000466e+00  7.75107163e-08  3.29999277e+00 
 7.75607163e-08 -1.85766741e-06  7.75607163e-08  6.78272381e-06  7.75607163e-08  1.19999528e+00  7.75607163e-08  3.30000710e+00 
 7.76107163e-08  1.95682357e-06  7.76107163e-08 -6.66222943e-06  7.76107163e-08  1.20000459e+00  7.76107163e-08  3.29999301e+00 
 7.76607163e-08 -1.81489689e-06  7.76607163e-08  6.57485406e-06  7.76607163e-08  1.19999535e+00  7.76607163e-08  3.30000686e+00 
 7.77107163e-08  1.91453678e-06  7.77107163e-08 -6.45652780e-06  7.77107163e-08  1.20000452e+00  7.77107163e-08  3.29999324e+00 
 7.77607163e-08 -1.77309073e-06  7.77607163e-08  6.37132683e-06  7.77607163e-08  1.19999541e+00  7.77607163e-08  3.30000664e+00 
 7.78107163e-08  1.87320358e-06  7.78107163e-08 -6.25518247e-06  7.78107163e-08  1.20000446e+00  7.78107163e-08  3.29999346e+00 
 7.78607163e-08 -1.73222737e-06  7.78607163e-08  6.17216741e-06  7.78607163e-08  1.19999548e+00  7.78607163e-08  3.30000642e+00 
 7.79107163e-08  1.83280262e-06  7.79107163e-08 -6.05821403e-06  7.79107163e-08  1.20000439e+00  7.79107163e-08  3.29999367e+00 
 7.79607163e-08 -1.69228569e-06  7.79607163e-08  5.97739190e-06  7.79607163e-08  1.19999555e+00  7.79607163e-08  3.30000621e+00 
 7.80107163e-08  1.79331299e-06  7.80107163e-08 -5.86563437e-06  7.80107163e-08  1.20000432e+00  7.80107163e-08  3.29999388e+00 
 7.80607163e-08 -1.65324501e-06  7.80607163e-08  5.78700805e-06  7.80607163e-08  1.19999561e+00  7.80607163e-08  3.30000600e+00 
 7.81107163e-08  1.75471425e-06  7.81107163e-08 -5.67744717e-06  7.81107163e-08  1.20000426e+00  7.81107163e-08  3.29999409e+00 
 7.81607163e-08 -1.61508511e-06  7.81607163e-08  5.60101570e-06  7.81607163e-08  1.19999568e+00  7.81607163e-08  3.30000580e+00 
 7.82107163e-08  1.71698640e-06  7.82107163e-08 -5.49364862e-06  7.82107163e-08  1.20000420e+00  7.82107163e-08  3.29999428e+00 
 7.82607163e-08 -1.57778619e-06  7.82607163e-08  5.41940750e-06  7.82607163e-08  1.19999574e+00  7.82607163e-08  3.30000560e+00 
 7.83107163e-08  1.68010984e-06  7.83107163e-08 -5.31422800e-06  7.83107163e-08  1.20000413e+00  7.83107163e-08  3.29999448e+00 
 7.83607163e-08 -1.54132892e-06  7.83607163e-08  5.24216948e-06  7.83607163e-08  1.19999580e+00  7.83607163e-08  3.30000542e+00 
 7.84107163e-08  1.64406546e-06  7.84107163e-08 -5.13916821e-06  7.84107163e-08  1.20000407e+00  7.84107163e-08  3.29999466e+00 
 7.84607163e-08 -1.50569436e-06  7.84607163e-08  5.06928153e-06  7.84607163e-08  1.19999586e+00  7.84607163e-08  3.30000523e+00 
 7.85107163e-08  1.60883453e-06  7.85107163e-08 -4.96844627e-06  7.85107163e-08  1.20000401e+00  7.85107163e-08  3.29999484e+00 
 7.85607163e-08 -1.47086402e-06  7.85607163e-08  4.90071796e-06  7.85607163e-08  1.19999592e+00  7.85607163e-08  3.30000506e+00 
 7.86107163e-08  1.57439877e-06  7.86107163e-08 -4.80203387e-06  7.86107163e-08  1.20000395e+00  7.86107163e-08  3.29999502e+00 
 7.86607163e-08 -1.43681981e-06  7.86607163e-08  4.73644792e-06  7.86607163e-08  1.19999598e+00  7.86607163e-08  3.30000488e+00 
 7.87107163e-08  1.54074029e-06  7.87107163e-08 -4.63989778e-06  7.87107163e-08  1.20000389e+00  7.87107163e-08  3.29999519e+00 
 7.87607163e-08 -1.40354406e-06  7.87607163e-08  4.57643589e-06  7.87607163e-08  1.19999604e+00  7.87607163e-08  3.30000472e+00 
 7.88107163e-08  1.50784161e-06  7.88107163e-08 -4.48200028e-06  7.88107163e-08  1.20000384e+00  7.88107163e-08  3.29999535e+00 
 7.88607163e-08 -1.37101949e-06  7.88607163e-08  4.42064207e-06  7.88607163e-08  1.19999610e+00  7.88607163e-08  3.30000456e+00 
 7.89107163e-08  1.47568566e-06  7.89107163e-08 -4.32829960e-06  7.89107163e-08  1.20000378e+00  7.89107163e-08  3.29999551e+00 
 7.89607163e-08 -1.33922922e-06  7.89607163e-08  4.26902279e-06  7.89607163e-08  1.19999615e+00  7.89607163e-08  3.30000440e+00 
 7.90107163e-08  1.44425573e-06  7.90107163e-08 -4.17875025e-06  7.90107163e-08  1.20000372e+00  7.90107163e-08  3.29999566e+00 
 7.90607163e-08 -1.30815672e-06  7.90607163e-08  4.12153085e-06  7.90607163e-08  1.19999621e+00  7.90607163e-08  3.30000425e+00 
 7.91107163e-08  1.41353550e-06  7.91107163e-08 -4.03330343e-06  7.91107163e-08  1.20000367e+00  7.91107163e-08  3.29999581e+00 
 7.91607163e-08 -1.27778586e-06  7.91607163e-08  3.97811590e-06  7.91607163e-08  1.19999626e+00  7.91607163e-08  3.30000410e+00 
 7.92107163e-08  1.38350902e-06  7.92107163e-08 -3.89190733e-06  7.92107163e-08  1.20000361e+00  7.92107163e-08  3.29999596e+00 
 7.92607163e-08 -1.24810090e-06  7.92607163e-08  3.83872478e-06  7.92607163e-08  1.19999632e+00  7.92607163e-08  3.30000396e+00 
 7.93107163e-08  1.35416070e-06  7.93107163e-08 -3.75450747e-06  7.93107163e-08  1.20000356e+00  7.93107163e-08  3.29999610e+00 
 7.93607163e-08 -1.21908639e-06  7.93607163e-08  3.70330174e-06  7.93607163e-08  1.19999637e+00  7.93607163e-08  3.30000382e+00 
 7.94107163e-08  1.32547528e-06  7.94107163e-08 -3.62104697e-06  7.94107163e-08  1.20000351e+00  7.94107163e-08  3.29999623e+00 
 7.94607163e-08 -1.19072727e-06  7.94607163e-08  3.57178883e-06  7.94607163e-08  1.19999642e+00  7.94607163e-08  3.30000369e+00 
 7.95107163e-08  1.29743788e-06  7.95107163e-08 -3.49146681e-06  7.95107163e-08  1.20000346e+00  7.95107163e-08  3.29999636e+00 
 7.95607163e-08 -1.16300884e-06  7.95607163e-08  3.44412604e-06  7.95607163e-08  1.19999647e+00  7.95607163e-08  3.30000356e+00 
 7.96107163e-08  1.27003395e-06  7.96107163e-08 -3.36570613e-06  7.96107163e-08  1.20000341e+00  7.96107163e-08  3.29999649e+00 
 7.96607163e-08 -1.13591668e-06  7.96607163e-08  3.32025170e-06  7.96607163e-08  1.19999652e+00  7.96607163e-08  3.30000344e+00 
 7.97107163e-08  1.24324925e-06  7.97107163e-08 -3.24370245e-06  7.97107163e-08  1.20000336e+00  7.97107163e-08  3.29999661e+00 
 7.97607163e-08 -1.10943674e-06  7.97607163e-08  3.20010258e-06  7.97607163e-08  1.19999657e+00  7.97607163e-08  3.30000332e+00 
 7.98107163e-08  1.21706985e-06  7.98107163e-08 -3.12539187e-06  7.98107163e-08  1.20000331e+00  7.98107163e-08  3.29999673e+00 
 7.98607163e-08 -1.08355524e-06  7.98607163e-08  3.08361415e-06  7.98607163e-08  1.19999662e+00  7.98607163e-08  3.30000320e+00 
 7.99107163e-08  1.19148217e-06  7.99107163e-08 -3.01070930e-06  7.99107163e-08  1.20000326e+00  7.99107163e-08  3.29999684e+00 
 7.99553582e-08 -1.05675892e-06  7.99553582e-08  2.96405793e-06  7.99553582e-08  1.19999667e+00  7.99553582e-08  3.30000308e+00 
 8.00000000e-08  1.16350936e-06  8.00000000e-08 -2.88648712e-06  8.00000000e-08  1.20000320e+00  8.00000000e-08  3.29999696e+00 
 8.00050000e-08  1.31227370e-05  8.00050000e-08  1.37299586e-04  8.00050000e-08  1.20011674e+00  8.00050000e-08  3.30067148e+00 
 8.00150000e-08 -3.95810979e-06  8.00150000e-08  2.75782455e-05  8.00150000e-08  1.20009392e+00  8.00150000e-08  3.30080182e+00 
 8.00350000e-08 -7.74265509e-06  8.00350000e-08 -5.31629734e-05  8.00350000e-08  1.19994320e+00  8.00350000e-08  3.30026067e+00 
 8.00750000e-08  6.73196537e-06  8.00750000e-08 -4.17548709e-05  8.00750000e-08  1.20000960e+00  8.00750000e-08  3.29955320e+00 
 8.01250000e-08 -3.50905536e-05  8.01250000e-08 -1.14220740e-04  8.01250000e-08  1.19916569e+00  8.01250000e-08  3.29789236e+00 
 8.01625000e-08 -7.27001534e-05  8.01625000e-08 -2.85549587e-04  8.01625000e-08  1.19718078e+00  8.01625000e-08  3.29447504e+00 
 8.02000000e-08  3.85241003e-04  8.02000000e-08  1.43394633e-04  8.02000000e-08  1.20469341e+00  8.02000000e-08  3.29502896e+00 
 8.02050000e-08  3.43469174e-04  8.02050000e-08  6.91215750e-05  8.02050000e-08  1.20613538e+00  8.02050000e-08  3.29506878e+00 
 8.02150000e-08 -1.55792017e-04  8.02150000e-08  2.14476596e-04  8.02150000e-08  1.20473794e+00  8.02150000e-08  3.29609137e+00 
 8.02350000e-08 -4.31107827e-04  8.02350000e-08  5.46910397e-04  8.02350000e-08  1.19745231e+00  8.02350000e-08  3.30027090e+00 
 8.02750000e-08  3.36760166e-04  8.02750000e-08  1.39305321e-03  8.02750000e-08  1.19988827e+00  8.02750000e-08  3.31798964e+00 
 8.03184895e-08 -1.95237601e-04  8.03184895e-08 -1.87029007e-03  8.03184895e-08  1.20021098e+00  8.03184895e-08  3.30199051e+00 
 8.03642013e-08  1.19697372e-04  8.03642013e-08  3.87012410e-04  8.03642013e-08  1.19973482e+00  8.03642013e-08  3.29533024e+00 
 8.04142013e-08 -7.62173484e-05  8.04142013e-08 -1.39555773e-04  8.04142013e-08  1.20027819e+00  8.04142013e-08  3.29938496e+00 
 8.04642013e-08  4.80453714e-05  8.04642013e-08  2.15051852e-04  8.04642013e-08  1.19973421e+00  8.04642013e-08  3.29887439e+00 
 8.05142013e-08 -2.91498648e-05  8.05142013e-08 -1.49875894e-04  8.05142013e-08  1.20024256e+00  8.05142013e-08  3.29979878e+00 
 8.05642013e-08  1.67058361e-05  8.05642013e-08  1.50030808e-04  8.05642013e-08  1.19978523e+00  8.05642013e-08  3.29959598e+00 
 8.06142013e-08 -8.13965175e-06  8.06142013e-08 -1.14096667e-04  8.06142013e-08  1.20018626e+00  8.06142013e-08  3.29999867e+00 
 8.06642013e-08  2.53289024e-06  8.06642013e-08  1.02755845e-04  8.06642013e-08  1.19984047e+00  8.06642013e-08  3.29980542e+00 
 8.07142013e-08  1.45312837e-06  8.07142013e-08 -8.22063402e-05  8.07142013e-08  1.20013519e+00  8.07142013e-08  3.30006447e+00 
 8.07642013e-08 -3.92373266e-06  8.07642013e-08  7.08953115e-05  8.07642013e-08  1.19988600e+00  8.07642013e-08  3.29987369e+00 
 8.08142013e-08  5.75362621e-06  8.08142013e-08 -5.76616135e-05  8.08142013e-08  1.20009561e+00  8.08142013e-08  3.30008281e+00 
 8.08642013e-08 -6.72650777e-06  8.08642013e-08  4.82760958e-05  8.08642013e-08  1.19991983e+00  8.08642013e-08  3.29989876e+00 
 8.09142013e-08  7.50953634e-06  8.09142013e-08 -3.89799250e-05  8.09142013e-08  1.20006703e+00  8.09142013e-08  3.30008552e+00 
 8.09642013e-08 -7.74841585e-06  8.09642013e-08  3.15882029e-05  8.09642013e-08  1.19994375e+00  8.09642013e-08  3.29991020e+00 
 8.10142013e-08  8.01521586e-06  8.10142013e-08 -2.47663741e-05  8.10142013e-08  1.20004713e+00  8.10142013e-08  3.30008290e+00 
 8.10642013e-08 -7.89058033e-06  8.10642013e-08  1.90566427e-05  8.10642013e-08  1.19996024e+00  8.10642013e-08  3.29991725e+00 
 8.11142013e-08  7.90441404e-06  8.11142013e-08 -1.39220128e-05  8.11142013e-08  1.20003351e+00  8.11142013e-08  3.30007884e+00 
 8.11642013e-08 -7.60518053e-06  8.11642013e-08  9.53497099e-06  8.11642013e-08  1.19997146e+00  8.11642013e-08  3.29992279e+00 
 8.12142013e-08  7.50087247e-06  8.12142013e-08 -5.62646346e-06  8.12142013e-08  1.20002427e+00  8.12142013e-08  3.30007440e+00 
 8.12642013e-08 -7.12487600e-06  8.12642013e-08  2.25332834e-06  8.12642013e-08  1.19997907e+00  8.12642013e-08  3.29992759e+00 
 8.13142013e-08  6.97352569e-06  8.13142013e-08  7.50762104e-07  8.13142013e-08  1.20001801e+00  8.13142013e-08  3.30007009e+00 
 8.13642013e-08 -6.57241691e-06  8.13642013e-08 -3.35513818e-06  8.13642013e-08  1.19998423e+00  8.13642013e-08  3.29993189e+00 
 8.14142013e-08  6.41163051e-06  8.14142013e-08  5.68439367e-06  8.14142013e-08  1.20001375e+00  8.14142013e-08  3.30006608e+00 
 8.14642013e-08 -6.01259017e-06  8.14642013e-08 -7.70802764e-06  8.14642013e-08  1.19998775e+00  8.14642013e-08  3.29993576e+00 
 8.15142013e-08  5.86191717e-06  8.15142013e-08  9.53073686e-06  8.15142013e-08  1.20001083e+00  8.15142013e-08  3.30006245e+00 
 8.15642013e-08 -5.47875069e-06  8.15642013e-08 -1.11156878e-05  8.15642013e-08  1.19999017e+00  8.15642013e-08  3.29993922e+00 
 8.16142013e-08  5.34775527e-06  8.16142013e-08  1.25563460e-05  8.16142013e-08  1.20000881e+00  8.16142013e-08  3.30005918e+00 
 8.16642013e-08 -4.98680876e-06  8.16642013e-08 -1.38090137e-05  8.16642013e-08  1.19999186e+00  8.16642013e-08  3.29994231e+00 
 8.17142013e-08  4.87945670e-06  8.17142013e-08  1.49599395e-05  8.17142013e-08  1.20000740e+00  8.17142013e-08  3.30005627e+00 
 8.17642013e-08 -4.54288888e-06  8.17642013e-08 -1.59596163e-05  8.17642013e-08  1.19999305e+00  8.17642013e-08  3.29994506e+00 
 8.18142013e-08  4.46001310e-06  8.18142013e-08  1.68892807e-05  8.18142013e-08  1.20000639e+00  8.18142013e-08  3.30005367e+00 
 8.18642013e-08 -4.14766024e-06  8.18642013e-08 -1.76948938e-05  8.18642013e-08  1.19999390e+00  8.18642013e-08  3.29994751e+00 
 8.19142013e-08  4.08838294e-06  8.19142013e-08  1.84540697e-05  8.19142013e-08  1.20000566e+00  8.19142013e-08  3.30005135e+00 
 8.19571006e-08 -3.77192723e-06  8.19571006e-08 -1.92146320e-05  8.19571006e-08  1.19999457e+00  8.19571006e-08  3.29994987e+00 
 8.20000000e-08  3.71127962e-06  8.20000000e-08  1.99254142e-05  8.20000000e-08  1.20000505e+00  8.20000000e-08  3.30004896e+00 
 8.20050000e-08  1.20146485e-06  8.20050000e-08  6.52573477e-06  8.20050000e-08  1.20000772e+00  8.20050000e-08  3.30003958e+00 
 8.20150000e-08 -1.28171944e-06  8.20150000e-08 -5.15287785e-06  8.20150000e-08  1.19999792e+00  8.20150000e-08  3.30000674e+00 
 8.20350000e-08  4.34220713e-07  8.20350000e-08 -1.46668538e-06  8.20350000e-08  1.19999347e+00  8.20350000e-08  3.29998105e+00 
 8.20750000e-08  2.40450595e-07  8.20750000e-08  4.42828275e-07  8.20750000e-08  1.20000654e+00  8.20750000e-08  3.29998805e+00 
 8.21250000e-08 -9.65421148e-07  8.21250000e-08 -1.92227275e-06  8.21250000e-08  1.19997830e+00  8.21250000e-08  3.29996420e+00 
 8.21625000e-08  1.28435320e-06  8.21625000e-08 -9.97381349e-06  8.21625000e-08  1.19999502e+00  8.21625000e-08  3.29985084e+00 
 8.22000000e-08  3.94748551e-06  8.22000000e-08  3.78347141e-05  8.22000000e-08  1.20009328e+00  8.22000000e-08  3.30021731e+00 
 8.22050000e-08 -5.09416793e-06  8.22050000e-08  8.85175545e-06  8.22050000e-08  1.20003002e+00  8.22050000e-08  3.30015788e+00 
 8.22150000e-08 -5.62406645e-06  8.22150000e-08  6.52555699e-06  8.22150000e-08  1.19996997e+00  8.22150000e-08  3.30015839e+00 
 8.22350000e-08  2.60937639e-06  8.22350000e-08 -6.23991328e-06  8.22350000e-08  1.19998418e+00  8.22350000e-08  3.30010932e+00 
 8.22750000e-08 -1.26576001e-06  8.22750000e-08 -8.26599999e-06  8.22750000e-08  1.19999355e+00  8.22750000e-08  3.29997564e+00 
 8.23250000e-08  1.60079937e-06  8.23250000e-08  2.56847123e-06  8.23250000e-08  1.20000506e+00  8.23250000e-08  3.29997705e+00 
 8.23750000e-08 -1.50219593e-06  8.23750000e-08 -6.12601772e-07  8.23750000e-08  1.19999614e+00  8.23750000e-08  3.29998532e+00 
 8.24250000e-08  1.54391704e-06  8.24250000e-08  1.51226666e-06  8.24250000e-08  1.20000274e+00  8.24250000e-08  3.29999818e+00 
 8.24750000e-08 -1.29672337e-06  8.24750000e-08 -1.25831203e-06  8.24750000e-08  1.19999806e+00  8.24750000e-08  3.29999209e+00 
 8.25250000e-08  1.26986326e-06  8.25250000e-08  1.57382103e-06  8.25250000e-08  1.20000112e+00  8.25250000e-08  3.30000284e+00 
 8.25750000e-08 -9.97942859e-07  8.25750000e-08 -1.50553749e-06  8.25750000e-08  1.19999936e+00  8.25750000e-08  3.29999467e+00 
 8.26250000e-08  9.72807555e-07  8.26250000e-08  1.61480732e-06  8.26250000e-08  1.20000011e+00  8.26250000e-08  3.30000374e+00 
 8.26750000e-08 -7.16738020e-07  8.26750000e-08 -1.58856582e-06  8.26750000e-08  1.20000012e+00  8.26750000e-08  3.29999571e+00 
 8.27250000e-08  7.14342326e-07  8.27250000e-08  1.62940576e-06  8.27250000e-08  1.19999955e+00  8.27250000e-08  3.30000371e+00 
 8.27750000e-08 -4.83577608e-07  8.27750000e-08 -1.60454362e-06  8.27750000e-08  1.20000052e+00  8.27750000e-08  3.29999626e+00 
 8.28250000e-08  5.06650700e-07  8.28250000e-08  1.61722111e-06  8.28250000e-08  1.19999927e+00  8.28250000e-08  3.30000345e+00 
 8.28750000e-08 -3.00226525e-07  8.28750000e-08 -1.58525940e-06  8.28750000e-08  1.20000071e+00  8.28750000e-08  3.29999664e+00 
 8.29250000e-08  3.45895477e-07  8.29250000e-08  1.58418340e-06  8.29250000e-08  1.19999915e+00  8.29250000e-08  3.30000316e+00 
 8.29750000e-08 -1.60069214e-07  8.29750000e-08 -1.54561741e-06  8.29750000e-08  1.20000077e+00  8.29750000e-08  3.29999696e+00 
 8.30250000e-08  2.24302561e-07  8.30250000e-08  1.53724033e-06  8.30250000e-08  1.19999914e+00  8.30250000e-08  3.30000289e+00 
 8.30750000e-08 -5.50735449e-08  8.30750000e-08 -1.49426847e-06  8.30750000e-08  1.20000075e+00  8.30750000e-08  3.29999723e+00 
 8.31250000e-08  1.34064188e-07  8.31250000e-08  1.48208028e-06  8.31250000e-08  1.19999917e+00  8.31250000e-08  3.30000264e+00 
 8.31750000e-08  2.21019877e-08  8.31750000e-08 -1.43672286e-06  8.31750000e-08  1.20000071e+00  8.31750000e-08  3.29999746e+00 
 8.32250000e-08  6.84122971e-08  8.32250000e-08  1.42283846e-06  8.32250000e-08  1.19999923e+00  8.32250000e-08  3.30000242e+00 
 8.32750000e-08  7.76202079e-08  8.32750000e-08 -1.37659363e-06  8.32750000e-08  1.20000064e+00  8.32750000e-08  3.29999767e+00 
 8.33250000e-08  2.17812079e-08  8.33250000e-08  1.36235121e-06  8.33250000e-08  1.19999930e+00  8.33250000e-08  3.30000223e+00 
 8.33750000e-08  1.16478885e-07  8.33750000e-08 -1.31623644e-06  8.33750000e-08  1.20000057e+00  8.33750000e-08  3.29999785e+00 
 8.34250000e-08 -1.02977597e-08  8.34250000e-08  1.30247927e-06  8.34250000e-08  1.19999937e+00  8.34250000e-08  3.30000206e+00 
 8.34750000e-08  1.42660461e-07  8.34750000e-08 -1.25714335e-06  8.34750000e-08  1.20000050e+00  8.34750000e-08  3.29999801e+00 
 8.35250000e-08 -3.13638839e-08  8.35250000e-08  1.24438239e-06  8.35250000e-08  1.19999943e+00  8.35250000e-08  3.30000191e+00 
 8.35750000e-08  1.59302907e-07  8.35750000e-08 -1.20020935e-06  8.35750000e-08  1.20000044e+00  8.35750000e-08  3.29999815e+00 
 8.36250000e-08 -4.41932552e-08  8.36250000e-08  1.18872968e-06  8.36250000e-08  1.19999949e+00  8.36250000e-08  3.30000177e+00 
 8.36750000e-08  1.68857173e-07  8.36750000e-08 -1.14592015e-06  8.36750000e-08  1.20000038e+00  8.36750000e-08  3.29999828e+00 
 8.37250000e-08 -5.09455031e-08  8.37250000e-08  1.13585474e-06  8.37250000e-08  1.19999955e+00  8.37250000e-08  3.30000165e+00 
 8.37750000e-08  1.73222607e-07  8.37750000e-08 -1.09448604e-06  8.37750000e-08  1.20000033e+00  8.37750000e-08  3.29999839e+00 
 8.38250000e-08 -5.32878923e-08  8.38250000e-08  1.08586772e-06  8.38250000e-08  1.19999960e+00  8.38250000e-08  3.30000155e+00 
 8.38750000e-08  1.73859918e-07  8.38750000e-08 -1.04593705e-06  8.38750000e-08  1.20000029e+00  8.38750000e-08  3.29999849e+00 
 8.39250000e-08 -5.24975897e-08  8.39250000e-08  1.03873510e-06  8.39250000e-08  1.19999964e+00  8.39250000e-08  3.30000145e+00 
 8.39750000e-08  1.71883517e-07  8.39750000e-08 -1.00019008e-06  8.39750000e-08  1.20000025e+00  8.39750000e-08  3.29999858e+00 
 8.40250000e-08 -4.95449145e-08  8.40250000e-08  9.94335747e-07  8.40250000e-08  1.19999967e+00  8.40250000e-08  3.30000137e+00 
 8.40750000e-08  1.68136302e-07  8.40750000e-08 -9.57095575e-07  8.40750000e-08  1.20000021e+00  8.40750000e-08  3.29999866e+00 
 8.41250000e-08 -4.51602802e-08  8.41250000e-08  9.52499612e-07  8.41250000e-08  1.19999971e+00  8.41250000e-08  3.30000129e+00 
 8.41750000e-08  1.63249612e-07  8.41750000e-08 -9.16469442e-07  8.41750000e-08  1.20000018e+00  8.41750000e-08  3.29999874e+00 
 8.42250000e-08 -3.98878422e-08  8.42250000e-08  9.13033816e-07  8.42250000e-08  1.19999973e+00  8.42250000e-08  3.30000122e+00 
 8.42750000e-08  1.57690925e-07  8.42750000e-08 -8.78114330e-07  8.42750000e-08  1.20000016e+00  8.42750000e-08  3.29999881e+00 
 8.43250000e-08 -3.41277914e-08  8.43250000e-08  8.75739965e-07  8.43250000e-08  1.19999976e+00  8.43250000e-08  3.30000115e+00 
 8.43750000e-08  1.51801540e-07  8.43750000e-08 -8.41833436e-07  8.43750000e-08  1.20000014e+00  8.43750000e-08  3.29999887e+00 
 8.44250000e-08 -2.81699203e-08  8.44250000e-08  8.40424903e-07  8.44250000e-08  1.19999978e+00  8.44250000e-08  3.30000109e+00 
 8.44750000e-08  1.45826230e-07  8.44750000e-08 -8.07438901e-07  8.44750000e-08  1.20000012e+00  8.44750000e-08  3.29999893e+00 
 8.45250000e-08 -2.22197697e-08  8.45250000e-08  8.06907263e-07  8.45250000e-08  1.19999979e+00  8.45250000e-08  3.30000103e+00 
 8.45750000e-08  1.39936448e-07  8.45750000e-08 -7.74756655e-07  8.45750000e-08  1.20000010e+00  8.45750000e-08  3.29999898e+00 
 8.46250000e-08 -1.64192059e-08  8.46250000e-08  7.75020844e-07  8.46250000e-08  1.19999981e+00  8.46250000e-08  3.30000098e+00 
 8.46750000e-08  1.34248405e-07  8.46750000e-08 -7.43628728e-07  8.46750000e-08  1.20000009e+00  8.46750000e-08  3.29999903e+00 
 8.47250000e-08 -1.08622545e-08  8.47250000e-08  7.44616054e-07  8.47250000e-08  1.19999982e+00  8.47250000e-08  3.30000093e+00 
 8.47750000e-08  1.28837024e-07  8.47750000e-08 -7.13913911e-07  8.47750000e-08  1.20000007e+00  8.47750000e-08  3.29999908e+00 
 8.48250000e-08 -5.60742998e-09  8.48250000e-08  7.15559988e-07  8.48250000e-08  1.19999984e+00  8.48250000e-08  3.30000089e+00 
 8.48750000e-08  1.23746746e-07  8.48750000e-08 -6.85487436e-07  8.48750000e-08  1.20000006e+00  8.48750000e-08  3.29999912e+00 
 8.49250000e-08 -6.87173839e-10  8.49250000e-08  6.87735737e-07  8.49250000e-08  1.19999985e+00  8.49250000e-08  3.30000084e+00 
 8.49750000e-08  1.18999829e-07  8.49750000e-08 -6.58239940e-07  8.49750000e-08  1.20000005e+00  8.49750000e-08  3.29999916e+00 
 8.50250000e-08  3.88488327e-09  8.50250000e-08  6.61041164e-07  8.50250000e-08  1.19999985e+00  8.50250000e-08  3.30000080e+00 
 8.50750000e-08  1.14602631e-07  8.50750000e-08 -6.32076164e-07  8.50750000e-08  1.20000005e+00  8.50750000e-08  3.29999920e+00 
 8.51250000e-08  8.10847121e-09  8.51250000e-08  6.35387523e-07  8.51250000e-08  1.19999986e+00  8.51250000e-08  3.30000076e+00 
 8.51750000e-08  1.10550370e-07  8.51750000e-08 -6.06913494e-07  8.51750000e-08  1.20000004e+00  8.51750000e-08  3.29999924e+00 
 8.52250000e-08  1.19925075e-08  8.52250000e-08  6.10697943e-07  8.52250000e-08  1.19999987e+00  8.52250000e-08  3.30000073e+00 
 8.52750000e-08  1.06830780e-07  8.52750000e-08 -5.82680435e-07  8.52750000e-08  1.20000003e+00  8.52750000e-08  3.29999928e+00 
 8.53250000e-08  1.55519585e-08  8.53250000e-08  5.86905947e-07  8.53250000e-08  1.19999987e+00  8.53250000e-08  3.30000070e+00 
 8.53750000e-08  1.03426742e-07  8.53750000e-08 -5.59315181e-07  8.53750000e-08  1.20000003e+00  8.53750000e-08  3.29999931e+00 
 8.54250000e-08  1.88056011e-08  8.54250000e-08  5.63954074e-07  8.54250000e-08  1.19999988e+00  8.54250000e-08  3.30000066e+00 
 8.54750000e-08  1.00318263e-07  8.54750000e-08 -5.36764300e-07  8.54750000e-08  1.20000002e+00  8.54750000e-08  3.29999934e+00 
 8.55250000e-08  2.17742760e-08  8.55250000e-08  5.41792606e-07  8.55250000e-08  1.19999989e+00  8.55250000e-08  3.30000063e+00 
 8.55750000e-08  9.74839523e-08  8.55750000e-08 -5.14981493e-07  8.55750000e-08  1.20000002e+00  8.55750000e-08  3.29999937e+00 
 8.56250000e-08  2.44796871e-08  8.56250000e-08  5.20378388e-07  8.56250000e-08  1.19999989e+00  8.56250000e-08  3.30000060e+00 
 8.56750000e-08  9.49019927e-08  8.56750000e-08 -4.93926503e-07  8.56750000e-08  1.20000001e+00  8.56750000e-08  3.29999940e+00 
 8.57250000e-08  2.69435750e-08  8.57250000e-08  4.99673848e-07  8.57250000e-08  1.19999989e+00  8.57250000e-08  3.30000058e+00 
 8.57750000e-08  9.25508913e-08  8.57750000e-08 -4.73564212e-07  8.57750000e-08  1.20000001e+00  8.57750000e-08  3.29999943e+00 
 8.58250000e-08  2.91870730e-08  8.58250000e-08  4.79646095e-07  8.58250000e-08  1.19999990e+00  8.58250000e-08  3.30000055e+00 
 8.58750000e-08  9.04099445e-08  8.58750000e-08 -4.53863785e-07  8.58750000e-08  1.20000001e+00  8.58750000e-08  3.29999945e+00 
 8.59250000e-08  3.12303639e-08  8.59250000e-08  4.60266177e-07  8.59250000e-08  1.19999990e+00  8.59250000e-08  3.30000052e+00 
 8.59750000e-08  8.84595601e-08  8.59750000e-08 -4.34797969e-07  8.59750000e-08  1.20000000e+00  8.59750000e-08  3.29999948e+00 
 8.60250000e-08  3.30924080e-08  8.60250000e-08  4.41508397e-07  8.60250000e-08  1.19999990e+00  8.60250000e-08  3.30000050e+00 
 8.60750000e-08  8.66814585e-08  8.60750000e-08 -4.16342499e-07  8.60750000e-08  1.20000000e+00  8.60750000e-08  3.29999950e+00 
 8.61250000e-08  3.47908105e-08  8.61250000e-08  4.23349774e-07  8.61250000e-08  1.19999991e+00  8.61250000e-08  3.30000048e+00 
 8.61750000e-08  8.50587033e-08  8.61750000e-08 -3.98475560e-07  8.61750000e-08  1.20000000e+00  8.61750000e-08  3.29999952e+00 
 8.62250000e-08  3.63417885e-08  8.62250000e-08  4.05769602e-07  8.62250000e-08  1.19999991e+00  8.62250000e-08  3.30000046e+00 
 8.62750000e-08  8.35757868e-08  8.62750000e-08 -3.81177451e-07  8.62750000e-08  1.20000000e+00  8.62750000e-08  3.29999954e+00 
 8.63250000e-08  3.77601833e-08  8.63250000e-08  3.88749033e-07  8.63250000e-08  1.19999991e+00  8.63250000e-08  3.30000043e+00 
 8.63750000e-08  8.22185550e-08  8.63750000e-08 -3.64430103e-07  8.63750000e-08  1.19999999e+00  8.63750000e-08  3.29999956e+00 
 8.64250000e-08  3.90594492e-08  8.64250000e-08  3.72270740e-07  8.64250000e-08  1.19999991e+00  8.64250000e-08  3.30000041e+00 
 8.64750000e-08  8.09742123e-08  8.64750000e-08 -3.48216868e-07  8.64750000e-08  1.19999999e+00  8.64750000e-08  3.29999958e+00 
 8.65250000e-08  4.02517549e-08  8.65250000e-08  3.56318695e-07  8.65250000e-08  1.19999991e+00  8.65250000e-08  3.30000040e+00 
 8.65750000e-08  7.98311972e-08  8.65750000e-08 -3.32522273e-07  8.65750000e-08  1.19999999e+00  8.65750000e-08  3.29999960e+00 
 8.66250000e-08  4.13480662e-08  8.66250000e-08  3.40877902e-07  8.66250000e-08  1.19999992e+00  8.66250000e-08  3.30000038e+00 
 8.66750000e-08  7.87791305e-08  8.66750000e-08 -3.17331753e-07  8.66750000e-08  1.19999999e+00  8.66750000e-08  3.29999962e+00 
 8.67250000e-08  4.23582265e-08  8.67250000e-08  3.25934225e-07  8.67250000e-08  1.19999992e+00  8.67250000e-08  3.30000036e+00 
 8.67750000e-08  7.78086904e-08  8.67750000e-08 -3.02631573e-07  8.67750000e-08  1.19999999e+00  8.67750000e-08  3.29999964e+00 
 8.68250000e-08  4.32910202e-08  8.68250000e-08  3.11474260e-07  8.68250000e-08  1.19999992e+00  8.68250000e-08  3.30000034e+00 
 8.68750000e-08  7.69115684e-08  8.68750000e-08 -2.88408629e-07  8.68750000e-08  1.19999998e+00  8.68750000e-08  3.29999965e+00 
 8.69250000e-08  4.41543202e-08  8.69250000e-08  2.97485202e-07  8.69250000e-08  1.19999992e+00  8.69250000e-08  3.30000033e+00 
 8.69750000e-08  7.60803447e-08  8.69750000e-08 -2.74650378e-07  8.69750000e-08  1.19999998e+00  8.69750000e-08  3.29999967e+00 
 8.70250000e-08  4.49551207e-08  8.70250000e-08  2.83954729e-07  8.70250000e-08  1.19999992e+00  8.70250000e-08  3.30000031e+00 
 8.70750000e-08  7.53084087e-08  8.70750000e-08 -2.61344710e-07  8.70750000e-08  1.19999998e+00  8.70750000e-08  3.29999968e+00 
 8.71250000e-08  4.56996599e-08  8.71250000e-08  2.70870946e-07  8.71250000e-08  1.19999992e+00  8.71250000e-08  3.30000030e+00 
 8.71750000e-08  7.45898757e-08  8.71750000e-08 -2.48479934e-07  8.71750000e-08  1.19999998e+00  8.71750000e-08  3.29999970e+00 
 8.72250000e-08  4.63934932e-08  8.72250000e-08  2.58222327e-07  8.72250000e-08  1.19999992e+00  8.72250000e-08  3.30000028e+00 
 8.72750000e-08  7.39195177e-08  8.72750000e-08 -2.36044672e-07  8.72750000e-08  1.19999998e+00  8.72750000e-08  3.29999971e+00 
 8.73250000e-08  4.70415375e-08  8.73250000e-08  2.45997660e-07  8.73250000e-08  1.19999992e+00  8.73250000e-08  3.30000027e+00 
 8.73750000e-08  7.32926985e-08  8.73750000e-08 -2.24027864e-07  8.73750000e-08  1.19999998e+00  8.73750000e-08  3.29999973e+00 
 8.74250000e-08  4.76481625e-08  8.74250000e-08  2.34185993e-07  8.74250000e-08  1.19999993e+00  8.74250000e-08  3.30000026e+00 
 8.74750000e-08  7.27052897e-08  8.74750000e-08 -2.12418661e-07  8.74750000e-08  1.19999998e+00  8.74750000e-08  3.29999974e+00 
 8.75250000e-08  4.82172622e-08  8.75250000e-08  2.22776617e-07  8.75250000e-08  1.19999993e+00  8.75250000e-08  3.30000024e+00 
 8.75750000e-08  7.21536397e-08  8.75750000e-08 -2.01206489e-07  8.75750000e-08  1.19999998e+00  8.75750000e-08  3.29999975e+00 
 8.76250000e-08  4.87522710e-08  8.76250000e-08  2.11759047e-07  8.76250000e-08  1.19999993e+00  8.76250000e-08  3.30000023e+00 
 8.76750000e-08  7.16345122e-08  8.76750000e-08 -1.90380951e-07  8.76750000e-08  1.19999998e+00  8.76750000e-08  3.29999976e+00 
 8.77250000e-08  4.92562472e-08  8.77250000e-08  2.01122991e-07  8.77250000e-08  1.19999993e+00  8.77250000e-08  3.30000022e+00 
 8.77750000e-08  7.11450067e-08  8.77750000e-08 -1.79931849e-07  8.77750000e-08  1.19999998e+00  8.77750000e-08  3.29999977e+00 
 8.78250000e-08  4.97319146e-08  8.78250000e-08  1.90858343e-07  8.78250000e-08  1.19999993e+00  8.78250000e-08  3.30000021e+00 
 8.78750000e-08  7.06825761e-08  8.78750000e-08 -1.69849191e-07  8.78750000e-08  1.19999997e+00  8.78750000e-08  3.29999978e+00 
 8.79250000e-08  5.01816767e-08  8.79250000e-08  1.80955214e-07  8.79250000e-08  1.19999993e+00  8.79250000e-08  3.30000020e+00 
 8.79750000e-08  7.02449407e-08  8.79750000e-08 -1.60123130e-07  8.79750000e-08  1.19999997e+00  8.79750000e-08  3.29999979e+00 
 8.80250000e-08  5.06076947e-08  8.80250000e-08  1.71403803e-07  8.80250000e-08  1.19999993e+00  8.80250000e-08  3.30000019e+00 
 8.80750000e-08  6.98300596e-08  8.80750000e-08 -1.50743992e-07  8.80750000e-08  1.19999997e+00  8.80750000e-08  3.29999980e+00 
 8.81250000e-08  5.10118912e-08  8.81250000e-08  1.62194563e-07  8.81250000e-08  1.19999993e+00  8.81250000e-08  3.30000018e+00 
 8.81750000e-08  6.94361290e-08  8.81750000e-08 -1.41702290e-07  8.81750000e-08  1.19999997e+00  8.81750000e-08  3.29999981e+00 
 8.82250000e-08  5.13959500e-08  8.82250000e-08  1.53318067e-07  8.82250000e-08  1.19999993e+00  8.82250000e-08  3.30000017e+00 
 8.82750000e-08  6.90615652e-08  8.82750000e-08 -1.32988680e-07  8.82750000e-08  1.19999997e+00  8.82750000e-08  3.29999982e+00 
 8.83250000e-08  5.17613934e-08  8.83250000e-08  1.44765043e-07  8.83250000e-08  1.19999993e+00  8.83250000e-08  3.30000016e+00 
 8.83750000e-08  6.87048886e-08  8.83750000e-08 -1.24593972e-07  8.83750000e-08  1.19999997e+00  8.83750000e-08  3.29999983e+00 
 8.84250000e-08  5.21096083e-08  8.84250000e-08  1.36526404e-07  8.84250000e-08  1.19999993e+00  8.84250000e-08  3.30000015e+00 
 8.84750000e-08  6.83648405e-08  8.84750000e-08 -1.16509162e-07  8.84750000e-08  1.19999997e+00  8.84750000e-08  3.29999984e+00 
 8.85250000e-08  5.24417847e-08  8.85250000e-08  1.28593208e-07  8.85250000e-08  1.19999993e+00  8.85250000e-08  3.30000014e+00 
 8.85750000e-08  6.80402621e-08  8.85750000e-08 -1.08725383e-07  8.85750000e-08  1.19999997e+00  8.85750000e-08  3.29999985e+00 
 8.86250000e-08  5.27590258e-08  8.86250000e-08  1.20956677e-07  8.86250000e-08  1.19999993e+00  8.86250000e-08  3.30000014e+00 
 8.86750000e-08  6.77301078e-08  8.86750000e-08 -1.01233954e-07  8.86750000e-08  1.19999997e+00  8.86750000e-08  3.29999986e+00 
 8.87250000e-08  5.30623308e-08  8.87250000e-08  1.13608207e-07  8.87250000e-08  1.19999993e+00  8.87250000e-08  3.30000013e+00 
 8.87750000e-08  6.74334321e-08  8.87750000e-08 -9.40263270e-08  8.87750000e-08  1.19999997e+00  8.87750000e-08  3.29999986e+00 
 8.88250000e-08  5.33525846e-08  8.88250000e-08  1.06539333e-07  8.88250000e-08  1.19999994e+00  8.88250000e-08  3.30000012e+00 
 8.88750000e-08  6.71494050e-08  8.88750000e-08 -8.70941381e-08  8.88750000e-08  1.19999997e+00  8.88750000e-08  3.29999987e+00 
 8.89250000e-08  5.36305731e-08  8.89250000e-08  9.97417728e-08  8.89250000e-08  1.19999994e+00  8.89250000e-08  3.30000011e+00 
 8.89750000e-08  6.68772663e-08  8.89750000e-08 -8.04291720e-08  8.89750000e-08  1.19999997e+00  8.89750000e-08  3.29999988e+00 
 8.90250000e-08  5.38970348e-08  8.90250000e-08  9.32074053e-08  8.90250000e-08  1.19999994e+00  8.90250000e-08  3.30000011e+00 
 8.90750000e-08  6.66163091e-08  8.90750000e-08 -7.40234032e-08  8.90750000e-08  1.19999997e+00  8.90750000e-08  3.29999988e+00 
 8.91250000e-08  5.41526449e-08  8.91250000e-08  8.69282461e-08  8.91250000e-08  1.19999994e+00  8.91250000e-08  3.30000010e+00 
 8.91750000e-08  6.63659080e-08  8.91750000e-08 -6.78689123e-08  8.91750000e-08  1.19999997e+00  8.91750000e-08  3.29999989e+00 
 8.92250000e-08  5.43979797e-08  8.92250000e-08  8.08965139e-08  8.92250000e-08  1.19999994e+00  8.92250000e-08  3.30000009e+00 
 8.92750000e-08  6.61255004e-08  8.92750000e-08 -6.19580295e-08  8.92750000e-08  1.19999997e+00  8.92750000e-08  3.29999990e+00 
 8.93250000e-08  5.46335953e-08  8.93250000e-08  7.51045849e-08  8.93250000e-08  1.19999994e+00  8.93250000e-08  3.30000009e+00 
 8.93750000e-08  6.58945502e-08  8.93750000e-08 -5.62831883e-08  8.93750000e-08  1.19999997e+00  8.93750000e-08  3.29999990e+00 
 8.94250000e-08  5.48599984e-08  8.94250000e-08  6.95449894e-08  8.94250000e-08  1.19999994e+00  8.94250000e-08  3.30000008e+00 
 8.94750000e-08  6.56725775e-08  8.94750000e-08 -5.08370046e-08  8.94750000e-08  1.19999997e+00  8.94750000e-08  3.29999991e+00 
 8.95250000e-08  5.50776514e-08  8.95250000e-08  6.42104140e-08  8.95250000e-08  1.19999994e+00  8.95250000e-08  3.30000008e+00 
 8.95750000e-08  6.54591463e-08  8.95750000e-08 -4.56122581e-08  8.95750000e-08  1.19999996e+00  8.95750000e-08  3.29999991e+00 
 8.96250000e-08  5.52869598e-08  8.96250000e-08  5.90937304e-08  8.96250000e-08  1.19999994e+00  8.96250000e-08  3.30000007e+00 
 8.96750000e-08  6.52538493e-08  8.96750000e-08 -4.06018986e-08  8.96750000e-08  1.19999996e+00  8.96750000e-08  3.29999992e+00 
 8.97250000e-08  5.54883464e-08  8.97250000e-08  5.41879721e-08  8.97250000e-08  1.19999994e+00  8.97250000e-08  3.30000007e+00 
 8.97750000e-08  6.50562909e-08  8.97750000e-08 -3.57990345e-08  8.97750000e-08  1.19999996e+00  8.97750000e-08  3.29999992e+00 
 8.98250000e-08  5.56821602e-08  8.98250000e-08  4.94863207e-08  8.98250000e-08  1.19999994e+00  8.98250000e-08  3.30000006e+00 
 8.98750000e-08  6.48661333e-08  8.98750000e-08 -3.11969378e-08  8.98750000e-08  1.19999996e+00  8.98750000e-08  3.29999993e+00 
 8.99250000e-08  5.58687488e-08  8.99250000e-08  4.49821417e-08  8.99250000e-08  1.19999994e+00  8.99250000e-08  3.30000006e+00 
 8.99625000e-08  6.46531886e-08  8.99625000e-08 -2.60727654e-08  8.99625000e-08  1.19999996e+00  8.99625000e-08  3.29999993e+00 
 9.00000000e-08  5.61068267e-08  9.00000000e-08  3.92724193e-08  9.00000000e-08  1.19999994e+00  9.00000000e-08  3.30000005e+00 
 9.00050000e-08 -9.07350134e-06  9.00050000e-08 -6.05928372e-05  9.00050000e-08  1.19991816e+00  9.00050000e-08  3.29970381e+00 
 9.00150000e-08  6.27634662e-06  9.00150000e-08 -2.89385454e-06  9.00150000e-08  1.19996469e+00  9.00150000e-08  3.29969147e+00 
 9.00350000e-08  3.67872646e-06  9.00350000e-08  2.33813260e-05  9.00350000e-08  1.20006298e+00  9.00350000e-08  3.29994653e+00 
 9.00750000e-08 -5.47610554e-06  9.00750000e-08  1.18427158e-05  9.00750000e-08  1.19996571e+00  9.00750000e-08  3.30016675e+00 
 9.01250000e-08  2.68948151e-05  9.01250000e-08  1.55929237e-04  9.01250000e-08  1.20061135e+00  9.01250000e-08  3.30224324e+00 
 9.01625000e-08  3.99503519e-06  9.01625000e-08  1.54564931e-04  9.01625000e-08  1.20101408e+00  9.01625000e-08  3.30444951e+00 
 9.02000000e-08 -2.30570983e-04  9.02000000e-08 -1.82712530e-04  9.02000000e-08  1.19605878e+00  9.02000000e-08  3.30289668e+00 
 9.02050000e-08 -1.28778553e-04  9.02050000e-08 -2.93984200e-04  9.02050000e-08  1.19591319e+00  9.02050000e-08  3.30192982e+00 
 9.02150000e-08  2.20822144e-04  9.02150000e-08 -6.66505109e-04  9.02150000e-08  1.19797029e+00  9.02150000e-08  3.29879981e+00 
 9.02350000e-08  2.71767162e-04  9.02350000e-08 -1.13204719e-03  9.02350000e-08  1.20302164e+00  9.02350000e-08  3.28997755e+00 
 9.02733939e-08 -2.80989018e-04  9.02733939e-08  3.79795909e-05  9.02733939e-08  1.19982655e+00  9.02733939e-08  3.28645253e+00 
 9.03153643e-08  1.66830067e-04  9.03153643e-08  1.38612143e-03  9.03153643e-08  1.19983649e+00  9.03153643e-08  3.30390003e+00 
 9.03592245e-08 -8.93167877e-05  9.03592245e-08 -6.30718858e-04  9.03592245e-08  1.20039290e+00  9.03592245e-08  3.30251068e+00 
 9.04092245e-08  4.06253098e-05  9.04092245e-08  3.33489075e-04  9.04092245e-08  1.19955612e+00  9.04092245e-08  3.30148616e+00 
 9.04592245e-08 -4.42569202e-06  9.04592245e-08 -3.24111717e-04  9.04592245e-08  1.20051626e+00  9.04592245e-08  3.30094895e+00 
 9.05092245e-08 -2.36533660e-05  9.05092245e-08  2.19776175e-04  9.05092245e-08  1.19946516e+00  9.05092245e-08  3.30051753e+00 
 9.05592245e-08  4.42096661e-05  9.05592245e-08 -1.96888534e-04  9.05592245e-08  1.20051272e+00  9.05592245e-08  3.30047289e+00 
 9.06092245e-08 -5.76964470e-05  9.06092245e-08  1.61362045e-04  9.06092245e-08  1.19952999e+00  9.06092245e-08  3.30040256e+00 
 9.06592245e-08  6.58777102e-05  9.06592245e-08 -1.52164458e-04  9.06592245e-08  1.20041765e+00  9.06592245e-08  3.30024805e+00 
 9.07092245e-08 -6.96752098e-05  9.07092245e-08  1.22390549e-04  9.07092245e-08  1.19963699e+00  9.07092245e-08  3.30018717e+00 
 9.07592245e-08  7.06363266e-05  9.07592245e-08 -1.12532204e-04  9.07592245e-08  1.20031000e+00  9.07592245e-08  3.30012640e+00 
 9.08092245e-08 -6.92328718e-05  9.08092245e-08  9.33720745e-05  9.08092245e-08  1.19973875e+00  9.08092245e-08  3.30007801e+00 
 9.08592245e-08  6.66080969e-05  9.08592245e-08 -8.43145585e-05  9.08592245e-08  1.20021733e+00  9.08592245e-08  3.30007182e+00 
 9.09092245e-08 -6.28138009e-05  9.09092245e-08  7.13894498e-05  9.09092245e-08  1.19982100e+00  9.09092245e-08  3.30002405e+00 
 9.09592245e-08  5.87023447e-05  9.09592245e-08 -6.36319688e-05  9.09592245e-08  1.20014567e+00  9.09592245e-08  3.30004822e+00 
 9.10092245e-08 -5.40650689e-05  9.10092245e-08  5.44231007e-05  9.10092245e-08  1.19988261e+00  9.10092245e-08  3.29999663e+00 
 9.10592245e-08  4.95812419e-05  9.10592245e-08 -4.79543976e-05  9.10592245e-08  1.20009328e+00  9.10592245e-08  3.30003874e+00 
 9.11092245e-08 -4.48981636e-05  9.11092245e-08  4.10815092e-05  9.11092245e-08  1.19992678e+00  9.11092245e-08  3.29998206e+00 
 9.11592245e-08  4.05975362e-05  9.11592245e-08 -3.57311112e-05  9.11592245e-08  1.20005631e+00  9.11592245e-08  3.30003559e+00 
 9.12092245e-08 -3.62504631e-05  9.12092245e-08  3.04082776e-05  9.12092245e-08  1.19995753e+00  9.12092245e-08  3.29997383e+00 
 9.12592245e-08  3.23844977e-05  9.12592245e-08 -2.59769719e-05  9.12592245e-08  1.20003088e+00  9.12592245e-08  3.30003524e+00 
 9.13092245e-08 -2.85315937e-05  9.13092245e-08  2.17326103e-05  9.13092245e-08  1.19997845e+00  9.13092245e-08  3.29996881e+00 
 9.13592245e-08  2.51895761e-05  9.13592245e-08 -1.80394690e-05  9.13592245e-08  1.20001376e+00  9.13592245e-08  3.30003605e+00 
 9.14092245e-08 -2.18711098e-05  9.14092245e-08  1.45758635e-05  9.14092245e-08  1.19999239e+00  9.14092245e-08  3.29996546e+00 
 9.14592245e-08  1.90580896e-05  9.14592245e-08 -1.14713416e-05  9.14592245e-08  1.20000247e+00  9.14592245e-08  3.30003730e+00 
 9.15092245e-08 -1.62544770e-05  9.15092245e-08  8.59200874e-06  9.15092245e-08  1.20000148e+00  9.15092245e-08  3.29996304e+00 
 9.15592245e-08  1.39340981e-05  9.15592245e-08 -5.95778215e-06  9.15592245e-08  1.19999520e+00  9.15592245e-08  3.30003866e+00 
 9.16092245e-08 -1.15978013e-05  9.16092245e-08  3.52816493e-06  9.16092245e-08  1.20000725e+00  9.16092245e-08  3.29996116e+00 
 9.16592245e-08  9.71582714e-06  9.16592245e-08 -1.27254877e-06  9.16592245e-08  1.19999066e+00  9.16592245e-08  3.30003997e+00 
 9.17092245e-08 -7.78879287e-06  9.17092245e-08 -8.02332136e-07  9.17092245e-08  1.20001078e+00  9.17092245e-08  3.29995964e+00 
 9.17592245e-08  6.28587905e-06  9.17592245e-08  2.74976997e-06  9.17592245e-08  1.19998796e+00  9.17592245e-08  3.30004117e+00 
 9.18092245e-08 -4.70887547e-06  9.18092245e-08 -4.53865312e-06  9.18092245e-08  1.20001281e+00  9.18092245e-08  3.29995838e+00 
 9.18592245e-08  3.52727878e-06  9.18592245e-08  6.23195358e-06  9.18592245e-08  1.19998647e+00  9.18592245e-08  3.30004224e+00 
 9.19092245e-08 -2.24464944e-06  9.19092245e-08 -7.78565545e-06  9.19092245e-08  1.20001387e+00  9.19092245e-08  3.29995733e+00 
 9.19592245e-08  1.33149824e-06  9.19592245e-08  9.26643976e-06  9.19592245e-08  1.19998576e+00  9.19592245e-08  3.30004315e+00 
 9.20092245e-08 -2.93321850e-07  9.20092245e-08 -1.06232450e-05  9.20092245e-08  1.20001429e+00  9.20092245e-08  3.29995646e+00 
 9.20592245e-08 -3.98053663e-07  9.20592245e-08  1.19238066e-05  9.20592245e-08  1.19998557e+00  9.20592245e-08  3.30004391e+00 
 9.21092245e-08  1.23525376e-06  9.21092245e-08 -1.31130722e-05  9.21092245e-08  1.20001431e+00  9.21092245e-08  3.29995576e+00 
 9.21592245e-08 -1.74506327e-06  9.21592245e-08  1.42587224e-05  9.21592245e-08  1.19998569e+00  9.21592245e-08  3.30004453e+00 
 9.22092245e-08  2.41839521e-06  9.22092245e-08 -1.53033484e-05  9.22092245e-08  1.20001408e+00  9.22092245e-08  3.29995521e+00 
 9.22592245e-08 -2.78057030e-06  9.22592245e-08  1.63140087e-05  9.22592245e-08  1.19998599e+00  9.22592245e-08  3.30004500e+00 
 9.23092245e-08  3.32153437e-06  9.23092245e-08 -1.72312400e-05  9.23092245e-08  1.20001371e+00  9.23092245e-08  3.29995480e+00 
 9.23592245e-08 -3.56447626e-06  9.23592245e-08  1.81241198e-05  9.23592245e-08  1.19998641e+00  9.23592245e-08  3.30004534e+00 
 9.24092245e-08  3.99882275e-06  9.24092245e-08 -1.89297075e-05  9.24092245e-08  1.20001327e+00  9.24092245e-08  3.29995452e+00 
 9.24592245e-08 -4.14629484e-06  9.24592245e-08  1.97171849e-05  9.24592245e-08  1.19998687e+00  9.24592245e-08  3.30004555e+00 
 9.25092245e-08  4.49540392e-06  9.25092245e-08 -2.04230088e-05  9.25092245e-08  1.20001279e+00  9.25092245e-08  3.29995437e+00 
 9.25592245e-08 -4.56680482e-06  9.25592245e-08  2.11160048e-05  9.25592245e-08  1.19998736e+00  9.25592245e-08  3.30004565e+00 
 9.26092245e-08  4.84819469e-06  9.26092245e-08 -2.17320892e-05  9.26092245e-08  1.20001230e+00  9.26092245e-08  3.29995433e+00 
 9.26592245e-08 -4.85936889e-06  9.26592245e-08  2.23398221e-05  9.26592245e-08  1.19998784e+00  9.26592245e-08  3.30004563e+00 
 9.27092245e-08  5.08730736e-06  9.27092245e-08 -2.28747022e-05  9.27092245e-08  1.20001183e+00  9.27092245e-08  3.29995440e+00 
 9.27592245e-08 -5.05111896e-06  9.27592245e-08  2.34050697e-05  9.27592245e-08  1.19998831e+00  9.27592245e-08  3.30004551e+00 
 9.28092245e-08  5.23698007e-06  9.28092245e-08 -2.38664163e-05  9.28092245e-08  1.20001137e+00  9.28092245e-08  3.29995457e+00 
 9.28592245e-08 -5.16401982e-06  9.28592245e-08  2.43258551e-05  9.28592245e-08  1.19998875e+00  9.28592245e-08  3.30004530e+00 
 9.29092245e-08  5.31746155e-06  9.29092245e-08 -2.47196229e-05  9.29092245e-08  1.20001094e+00  9.29092245e-08  3.29995482e+00 
 9.29592245e-08 -5.21567216e-06  9.29592245e-08  2.51150115e-05  9.29592245e-08  1.19998917e+00  9.29592245e-08  3.30004500e+00 
 9.30092245e-08  5.34402493e-06  9.30092245e-08 -2.54469099e-05  9.30092245e-08  1.20001053e+00  9.30092245e-08  3.29995516e+00 
 9.30592245e-08 -5.22032054e-06  9.30592245e-08  2.57831910e-05  9.30592245e-08  1.19998956e+00  9.30592245e-08  3.30004462e+00 
 9.31092245e-08  5.32954577e-06  9.31092245e-08 -2.60584930e-05  9.31092245e-08  1.20001016e+00  9.31092245e-08  3.29995558e+00 
 9.31592245e-08 -5.18924731e-06  9.31592245e-08  2.63405106e-05  9.31592245e-08  1.19998992e+00  9.31592245e-08  3.30004418e+00 
 9.32092245e-08  5.28408943e-06  9.32092245e-08 -2.65638063e-05  9.32092245e-08  1.20000981e+00  9.32092245e-08  3.29995606e+00 
 9.32592245e-08 -5.13142350e-06  9.32592245e-08  2.67959351e-05  9.32592245e-08  1.19999026e+00  9.32592245e-08  3.30004367e+00 
 9.33092245e-08  5.21564134e-06  9.33092245e-08 -2.69714120e-05  9.33092245e-08  1.20000948e+00  9.33092245e-08  3.29995660e+00 
 9.33592245e-08 -5.05394684e-06  9.33592245e-08  2.71576539e-05  9.33592245e-08  1.19999057e+00  9.33592245e-08  3.30004310e+00 
 9.34092245e-08  5.13050201e-06  9.34092245e-08 -2.72891511e-05  9.34092245e-08  1.20000918e+00  9.34092245e-08  3.29995719e+00 
 9.34592245e-08 -4.96240155e-06  9.34592245e-08  2.74331843e-05  9.34592245e-08  1.19999086e+00  9.34592245e-08  3.30004248e+00 
 9.35092245e-08  5.03361386e-06  9.35092245e-08 -2.75242382e-05  9.35092245e-08  1.20000890e+00  9.35092245e-08  3.29995783e+00 
 9.35592245e-08 -4.86115486e-06  9.35592245e-08  2.76294582e-05  9.35592245e-08  1.19999113e+00  9.35592245e-08  3.30004182e+00 
 9.36092245e-08  4.92882959e-06  9.36092245e-08 -2.76833393e-05  9.36092245e-08  1.20000865e+00  9.36092245e-08  3.29995851e+00 
 9.36592245e-08 -4.75359917e-06  9.36592245e-08  2.77528921e-05  9.36592245e-08  1.19999138e+00  9.36592245e-08  3.30004112e+00 
 9.37092245e-08  4.81913058e-06  9.37092245e-08 -2.77726344e-05  9.37092245e-08  1.20000841e+00  9.37092245e-08  3.29995923e+00 
 9.37592245e-08 -4.64234887e-06  9.37592245e-08  2.78094426e-05  9.37592245e-08  1.19999161e+00  9.37592245e-08  3.30004039e+00 
 9.38092245e-08  4.70680406e-06  9.38092245e-08 -2.77978674e-05  9.38092245e-08  1.20000818e+00  9.38092245e-08  3.29995997e+00 
 9.38592245e-08 -4.52939973e-06  9.38592245e-08  2.78046521e-05  9.38592245e-08  1.19999182e+00  9.38592245e-08  3.30003963e+00 
 9.39092245e-08  4.59358640e-06  9.39092245e-08 -2.77643877e-05  9.39092245e-08  1.20000798e+00  9.39092245e-08  3.29996075e+00 
 9.39592245e-08 -4.41625743e-06  9.39592245e-08  2.77436856e-05  9.39592245e-08  1.19999203e+00  9.39592245e-08  3.30003884e+00 
 9.40092245e-08  4.48077847e-06  9.40092245e-08 -2.76771835e-05  9.40092245e-08  1.20000778e+00  9.40092245e-08  3.29996154e+00 
 9.40592245e-08 -4.30404119e-06  9.40592245e-08  2.76313623e-05  9.40592245e-08  1.19999221e+00  9.40592245e-08  3.30003804e+00 
 9.41092245e-08  4.36933843e-06  9.41092245e-08 -2.75409104e-05  9.41092245e-08  1.20000760e+00  9.41092245e-08  3.29996236e+00 
 9.41592245e-08 -4.19356670e-06  9.41592245e-08  2.74721812e-05  9.41592245e-08  1.19999239e+00  9.41592245e-08  3.30003722e+00 
 9.42092245e-08  4.25995610e-06  9.42092245e-08 -2.73599167e-05  9.42092245e-08  1.20000743e+00  9.42092245e-08  3.29996318e+00 
 9.42592245e-08 -4.08541279e-06  9.42592245e-08  2.72703449e-05  9.42592245e-08  1.19999255e+00  9.42592245e-08  3.30003638e+00 
 9.43092245e-08  4.15311245e-06  9.43092245e-08 -2.71382641e-05  9.43092245e-08  1.20000727e+00  9.43092245e-08  3.29996402e+00 
 9.43592245e-08 -3.97997438e-06  9.43592245e-08  2.70297795e-05  9.43592245e-08  1.19999271e+00  9.43592245e-08  3.30003554e+00 
 9.44092245e-08  4.04912690e-06  9.44092245e-08 -2.68797467e-05  9.44092245e-08  1.20000712e+00  9.44092245e-08  3.29996487e+00 
 9.44592245e-08 -3.87750488e-06  9.44592245e-08  2.67541521e-05  9.44592245e-08  1.19999285e+00  9.44592245e-08  3.30003469e+00 
 9.45092245e-08  3.94819508e-06  9.45092245e-08 -2.65879087e-05  9.45092245e-08  1.20000698e+00  9.45092245e-08  3.29996572e+00 
 9.45592245e-08 -3.77814962e-06  9.45592245e-08  2.64468876e-05  9.45592245e-08  1.19999299e+00  9.45592245e-08  3.30003384e+00 
 9.46092245e-08  3.85041860e-06  9.46092245e-08 -2.62660593e-05  9.46092245e-08  1.20000685e+00  9.46092245e-08  3.29996658e+00 
 9.46592245e-08 -3.68197239e-06  9.46592245e-08  2.61111833e-05  9.46592245e-08  1.19999312e+00  9.46592245e-08  3.30003298e+00 
 9.47092245e-08  3.75582854e-06  9.47092245e-08 -2.59172872e-05  9.47092245e-08  1.20000672e+00  9.47092245e-08  3.29996743e+00 
 9.47592245e-08 -3.58897626e-06  9.47592245e-08  2.57500230e-05  9.47592245e-08  1.19999325e+00  9.47592245e-08  3.30003213e+00 
 9.48092245e-08  3.66440400e-06  9.48092245e-08 -2.55444738e-05  9.48092245e-08  1.20000660e+00  9.48092245e-08  3.29996829e+00 
 9.48592245e-08 -3.49912001e-06  9.48592245e-08  2.53661888e-05  9.48592245e-08  1.19999337e+00  9.48592245e-08  3.30003127e+00 
 9.49092245e-08  3.57608656e-06  9.49092245e-08 -2.51503054e-05  9.49092245e-08  1.20000648e+00  9.49092245e-08  3.29996914e+00 
 9.49592245e-08 -3.41233083e-06  9.49592245e-08  2.49622739e-05  9.49592245e-08  1.19999348e+00  9.49592245e-08  3.30003043e+00 
 9.50092245e-08  3.49079142e-06  9.50092245e-08 -2.47372847e-05  9.50092245e-08  1.20000637e+00  9.50092245e-08  3.29996998e+00 
 9.50592245e-08 -3.32851417e-06  9.50592245e-08  2.45406934e-05  9.50592245e-08  1.19999359e+00  9.50592245e-08  3.30002958e+00 
 9.51092245e-08  3.40841613e-06  9.51092245e-08 -2.43077414e-05  9.51092245e-08  1.20000626e+00  9.51092245e-08  3.29997082e+00 
 9.51592245e-08 -3.24756135e-06  9.51592245e-08  2.41036945e-05  9.51592245e-08  1.19999369e+00  9.51592245e-08  3.30002875e+00 
 9.52092245e-08  3.32884720e-06  9.52092245e-08 -2.38638429e-05  9.52092245e-08  1.20000616e+00  9.52092245e-08  3.29997166e+00 
 9.52592245e-08 -3.16935538e-06  9.52592245e-08  2.36533666e-05  9.52592245e-08  1.19999379e+00  9.52592245e-08  3.30002792e+00 
 9.53092245e-08  3.25196514e-06  9.53092245e-08 -2.34076030e-05  9.53092245e-08  1.20000606e+00  9.53092245e-08  3.29997248e+00 
 9.53592245e-08 -3.09377524e-06  9.53592245e-08  2.31916508e-05  9.53592245e-08  1.19999389e+00  9.53592245e-08  3.30002710e+00 
 9.54092245e-08  3.17764819e-06  9.54092245e-08 -2.29408920e-05  9.54092245e-08  1.20000597e+00  9.54092245e-08  3.29997329e+00 
 9.54592245e-08 -3.02069917e-06  9.54592245e-08  2.27203482e-05  9.54592245e-08  1.19999398e+00  9.54592245e-08  3.30002629e+00 
 9.55092245e-08  3.10577514e-06  9.55092245e-08 -2.24654442e-05  9.55092245e-08  1.20000587e+00  9.55092245e-08  3.29997410e+00 
 9.55592245e-08 -2.95000700e-06  9.55592245e-08  2.22411287e-05  9.55592245e-08  1.19999407e+00  9.55592245e-08  3.30002549e+00 
 9.56092245e-08  3.03622725e-06  9.56092245e-08 -2.19828668e-05  9.56092245e-08  1.20000579e+00  9.56092245e-08  3.29997489e+00 
 9.56592245e-08 -2.88158183e-06  9.56592245e-08  2.17555386e-05  9.56592245e-08  1.19999416e+00  9.56592245e-08  3.30002471e+00 
 9.57092245e-08  2.96888972e-06  9.57092245e-08 -2.14946472e-05  9.57092245e-08  1.20000570e+00  9.57092245e-08  3.29997567e+00 
 9.57592245e-08 -2.81531121e-06  9.57592245e-08  2.12650080e-05  9.57592245e-08  1.19999425e+00  9.57592245e-08  3.30002393e+00 
 9.58092245e-08  2.90365258e-06  9.58092245e-08 -2.10021602e-05  9.58092245e-08  1.20000562e+00  9.58092245e-08  3.29997644e+00 
 9.58592245e-08 -2.75108779e-06  9.58592245e-08  2.07708582e-05  9.58592245e-08  1.19999433e+00  9.58592245e-08  3.30002317e+00 
 9.59092245e-08  2.84041122e-06  9.59092245e-08 -2.05066750e-05  9.59092245e-08  1.20000554e+00  9.59092245e-08  3.29997719e+00 
 9.59592245e-08 -2.68880985e-06  9.59592245e-08  2.02743080e-05  9.59592245e-08  1.19999441e+00  9.59592245e-08  3.30002242e+00 
 9.60092245e-08  2.77906681e-06  9.60092245e-08 -2.00093618e-05  9.60092245e-08  1.20000546e+00  9.60092245e-08  3.29997793e+00 
 9.60592245e-08 -2.62838145e-06  9.60592245e-08  1.97764801e-05  9.60592245e-08  1.19999449e+00  9.60592245e-08  3.30002169e+00 
 9.61092245e-08  2.71952632e-06  9.61092245e-08 -1.95112973e-05  9.61092245e-08  1.20000538e+00  9.61092245e-08  3.29997866e+00 
 9.61592245e-08 -2.56971249e-06  9.61592245e-08  1.92784072e-05  9.61592245e-08  1.19999456e+00  9.61592245e-08  3.30002097e+00 
 9.62092245e-08  2.66170248e-06  9.62092245e-08 -1.90134715e-05  9.62092245e-08  1.20000530e+00  9.62092245e-08  3.29997937e+00 
 9.62592245e-08 -2.51271855e-06  9.62592245e-08  1.87810373e-05  9.62592245e-08  1.19999464e+00  9.62592245e-08  3.30002026e+00 
 9.63092245e-08  2.60551372e-06  9.63092245e-08 -1.85167922e-05  9.63092245e-08  1.20000523e+00  9.63092245e-08  3.29998007e+00 
 9.63592245e-08 -2.45732082e-06  9.63592245e-08  1.82852395e-05  9.63592245e-08  1.19999471e+00  9.63592245e-08  3.30001957e+00 
 9.64092245e-08  2.55088387e-06  9.64092245e-08 -1.80220907e-05  9.64092245e-08  1.20000516e+00  9.64092245e-08  3.29998075e+00 
 9.64592245e-08 -2.40344575e-06  9.64592245e-08  1.77918085e-05  9.64592245e-08  1.19999478e+00  9.64592245e-08  3.30001890e+00 
 9.65092245e-08  2.49774193e-06  9.65092245e-08 -1.75301265e-05  9.65092245e-08  1.20000509e+00  9.65092245e-08  3.29998142e+00 
 9.65592245e-08 -2.35102483e-06  9.65592245e-08  1.73014698e-05  9.65592245e-08  1.19999485e+00  9.65592245e-08  3.30001823e+00 
 9.66092245e-08  2.44602179e-06  9.66092245e-08 -1.70415923e-05  9.66092245e-08  1.20000502e+00  9.66092245e-08  3.29998208e+00 
 9.66592245e-08 -2.29999428e-06  9.66592245e-08  1.68148838e-05  9.66592245e-08  1.19999492e+00  9.66592245e-08  3.30001759e+00 
 9.67092245e-08  2.39566191e-06  9.67092245e-08 -1.65571174e-05  9.67092245e-08  1.20000495e+00  9.67092245e-08  3.29998272e+00 
 9.67592245e-08 -2.25029473e-06  9.67592245e-08  1.63326503e-05  9.67592245e-08  1.19999498e+00  9.67592245e-08  3.30001695e+00 
 9.68092245e-08  2.34660502e-06  9.68092245e-08 -1.60772729e-05  9.68092245e-08  1.20000489e+00  9.68092245e-08  3.29998334e+00 
 9.68592245e-08 -2.20187095e-06  9.68592245e-08  1.58553123e-05  9.68592245e-08  1.19999505e+00  9.68592245e-08  3.30001634e+00 
 9.69092245e-08  2.29879780e-06  9.69092245e-08 -1.56025749e-05  9.69092245e-08  1.20000482e+00  9.69092245e-08  3.29998395e+00 
 9.69592245e-08 -2.15467148e-06  9.69592245e-08  1.53833598e-05  9.69592245e-08  1.19999511e+00  9.69592245e-08  3.30001573e+00 
 9.70092245e-08  2.25219059e-06  9.70092245e-08 -1.51334881e-05  9.70092245e-08  1.20000476e+00  9.70092245e-08  3.29998455e+00 
 9.70592245e-08 -2.10864837e-06  9.70592245e-08  1.49172333e-05  9.70592245e-08  1.19999518e+00  9.70592245e-08  3.30001514e+00 
 9.71092245e-08  2.20673708e-06  9.71092245e-08 -1.46704298e-05  9.71092245e-08  1.20000470e+00  9.71092245e-08  3.29998513e+00 
 9.71592245e-08 -2.06375693e-06  9.71592245e-08  1.44573271e-05  9.71592245e-08  1.19999524e+00  9.71592245e-08  3.30001457e+00 
 9.72092245e-08  2.16239411e-06  9.72092245e-08 -1.42137722e-05  9.72092245e-08  1.20000463e+00  9.72092245e-08  3.29998570e+00 
 9.72592245e-08 -2.01995544e-06  9.72592245e-08  1.40039926e-05  9.72592245e-08  1.19999530e+00  9.72592245e-08  3.30001401e+00 
 9.73092245e-08  2.11912133e-06  9.73092245e-08 -1.37638464e-05  9.73092245e-08  1.20000457e+00  9.73092245e-08  3.29998625e+00 
 9.73592245e-08 -1.97720486e-06  9.73592245e-08  1.35575411e-05  9.73592245e-08  1.19999536e+00  9.73592245e-08  3.30001346e+00 
 9.74092245e-08  2.07688098e-06  9.74092245e-08 -1.33209448e-05  9.74092245e-08  1.20000452e+00  9.74092245e-08  3.29998679e+00 
 9.74592245e-08 -1.93546871e-06  9.74592245e-08  1.31182464e-05  9.74592245e-08  1.19999542e+00  9.74592245e-08  3.30001293e+00 
 9.75092245e-08  2.03563774e-06  9.75092245e-08 -1.28853234e-05  9.75092245e-08  1.20000446e+00  9.75092245e-08  3.29998732e+00 
 9.75592245e-08 -1.89471275e-06  9.75592245e-08  1.26863478e-05  9.75592245e-08  1.19999548e+00  9.75592245e-08  3.30001241e+00 
 9.76092245e-08  1.99535844e-06  9.76092245e-08 -1.24572053e-05  9.76092245e-08  1.20000440e+00  9.76092245e-08  3.29998783e+00 
 9.76592245e-08 -1.85490485e-06  9.76592245e-08  1.22620523e-05  9.76592245e-08  1.19999553e+00  9.76592245e-08  3.30001191e+00 
 9.77092245e-08  1.95601191e-06  9.77092245e-08 -1.20367820e-05  9.77092245e-08  1.20000434e+00  9.77092245e-08  3.29998833e+00 
 9.77592245e-08 -1.81601476e-06  9.77592245e-08  1.18455367e-05  9.77592245e-08  1.19999559e+00  9.77592245e-08  3.30001141e+00 
 9.78092245e-08  1.91756879e-06  9.78092245e-08 -1.16242164e-05  9.78092245e-08  1.20000429e+00  9.78092245e-08  3.29998881e+00 
 9.78592245e-08 -1.77801401e-06  9.78592245e-08  1.14369504e-05  9.78592245e-08  1.19999564e+00  9.78592245e-08  3.30001094e+00 
 9.79092245e-08  1.88000145e-06  9.79092245e-08 -1.12196447e-05  9.79092245e-08  1.20000423e+00  9.79092245e-08  3.29998928e+00 
 9.79592245e-08 -1.74087572e-06  9.79592245e-08  1.10364167e-05  9.79592245e-08  1.19999570e+00  9.79592245e-08  3.30001047e+00 
 9.80092245e-08  1.84328373e-06  9.80092245e-08 -1.08231779e-05  9.80092245e-08  1.20000418e+00  9.80092245e-08  3.29998974e+00 
 9.80592245e-08 -1.70457446e-06  9.80592245e-08  1.06440351e-05  9.80592245e-08  1.19999575e+00  9.80592245e-08  3.30001002e+00 
 9.81092245e-08  1.80739087e-06  9.81092245e-08 -1.04349044e-05  9.81092245e-08  1.20000413e+00  9.81092245e-08  3.29999019e+00 
 9.81592245e-08 -1.66908612e-06  9.81592245e-08  1.02598830e-05  9.81592245e-08  1.19999580e+00  9.81592245e-08  3.30000958e+00 
 9.82092245e-08  1.77229941e-06  9.82092245e-08 -1.00548913e-05  9.82092245e-08  1.20000407e+00  9.82092245e-08  3.29999062e+00 
 9.82592245e-08 -1.63438785e-06  9.82592245e-08  9.88401764e-06  9.82592245e-08  1.19999586e+00  9.82592245e-08  3.30000915e+00 
 9.83092245e-08  1.73798706e-06  9.83092245e-08 -9.68318606e-06  9.83092245e-08  1.20000402e+00  9.83092245e-08  3.29999104e+00 
 9.83592245e-08 -1.60045790e-06  9.83592245e-08  9.51647704e-06  9.83592245e-08  1.19999591e+00  9.83592245e-08  3.30000874e+00 
 9.84092245e-08  1.70443260e-06  9.84092245e-08 -9.31981797e-06  9.84092245e-08  1.20000397e+00  9.84092245e-08  3.29999145e+00 
 9.84592245e-08 -1.56727557e-06  9.84592245e-08  9.15728214e-06  9.84592245e-08  1.19999596e+00  9.84592245e-08  3.30000833e+00 
 9.85092245e-08  1.67161579e-06  9.85092245e-08 -8.96479977e-06  9.85092245e-08  1.20000392e+00  9.85092245e-08  3.29999185e+00 
 9.85592245e-08 -1.53482108e-06  9.85592245e-08  8.80643778e-06  9.85592245e-08  1.19999601e+00  9.85592245e-08  3.30000794e+00 
 9.86092245e-08  1.63951732e-06  9.86092245e-08 -8.61812887e-06  9.86092245e-08  1.20000387e+00  9.86092245e-08  3.29999224e+00 
 9.86592245e-08 -1.50307554e-06  9.86592245e-08  8.46393420e-06  9.86592245e-08  1.19999606e+00  9.86592245e-08  3.30000756e+00 
 9.87092245e-08  1.60811868e-06  9.87092245e-08 -8.27978858e-06  9.87092245e-08  1.20000382e+00  9.87092245e-08  3.29999261e+00 
 9.87592245e-08 -1.47202085e-06  9.87592245e-08  8.12974809e-06  9.87592245e-08  1.19999610e+00  9.87592245e-08  3.30000719e+00 
 9.88092245e-08  1.57740219e-06  9.88092245e-08 -7.94974936e-06  9.88092245e-08  1.20000378e+00  9.88092245e-08  3.29999297e+00 
 9.88592245e-08 -1.44163969e-06  9.88592245e-08  7.80384391e-06  9.88592245e-08  1.19999615e+00  9.88592245e-08  3.30000683e+00 
 9.89092245e-08  1.54735082e-06  9.89092245e-08 -7.62796988e-06  9.89092245e-08  1.20000373e+00  9.89092245e-08  3.29999333e+00 
 9.89592245e-08 -1.41191537e-06  9.89592245e-08  7.48617476e-06  9.89592245e-08  1.19999620e+00  9.89592245e-08  3.30000649e+00 
 9.90092245e-08  1.51794826e-06  9.90092245e-08 -7.31439801e-06  9.90092245e-08  1.20000368e+00  9.90092245e-08  3.29999367e+00 
 9.90592245e-08 -1.38283188e-06  9.90592245e-08  7.17668354e-06  9.90592245e-08  1.19999624e+00  9.90592245e-08  3.30000615e+00 
 9.91092245e-08  1.48917876e-06  9.91092245e-08 -7.00897186e-06  9.91092245e-08  1.20000364e+00  9.91092245e-08  3.29999400e+00 
 9.91592245e-08 -1.35437380e-06  9.91592245e-08  6.87530378e-06  9.91592245e-08  1.19999629e+00  9.91592245e-08  3.30000582e+00 
 9.92092245e-08  1.46102719e-06  9.92092245e-08 -6.71162063e-06  9.92092245e-08  1.20000359e+00  9.92092245e-08  3.29999432e+00 
 9.92592245e-08 -1.32652624e-06  9.92592245e-08  6.58196051e-06  9.92592245e-08  1.19999633e+00  9.92592245e-08  3.30000551e+00 
 9.93092245e-08  1.43347893e-06  9.93092245e-08 -6.42226543e-06  9.93092245e-08  1.20000355e+00  9.93092245e-08  3.29999463e+00 
 9.93592245e-08 -1.29927483e-06  9.93592245e-08  6.29657115e-06  9.93592245e-08  1.19999638e+00  9.93592245e-08  3.30000520e+00 
 9.94092245e-08  1.40651985e-06  9.94092245e-08 -6.14082018e-06  9.94092245e-08  1.20000350e+00  9.94092245e-08  3.29999494e+00 
 9.94592245e-08 -1.27260569e-06  9.94592245e-08  6.01904620e-06  9.94592245e-08  1.19999642e+00  9.94592245e-08  3.30000490e+00 
 9.95092245e-08  1.38013628e-06  9.95092245e-08 -5.86719212e-06  9.95092245e-08  1.20000346e+00  9.95092245e-08  3.29999523e+00 
 9.95592245e-08 -1.24650538e-06  9.95592245e-08  5.74928993e-06  9.95592245e-08  1.19999647e+00  9.95592245e-08  3.30000461e+00 
 9.96092245e-08  1.35431502e-06  9.96092245e-08 -5.60128275e-06  9.96092245e-08  1.20000342e+00  9.96092245e-08  3.29999551e+00 
 9.96592245e-08 -1.22096090e-06  9.96592245e-08  5.48720111e-06  9.96592245e-08  1.19999651e+00  9.96592245e-08  3.30000434e+00 
 9.97092245e-08  1.32904325e-06  9.97092245e-08 -5.34298828e-06  9.97092245e-08  1.20000337e+00  9.97092245e-08  3.29999579e+00 
 9.97592245e-08 -1.19595962e-06  9.97592245e-08  5.23267358e-06  9.97592245e-08  1.19999655e+00  9.97592245e-08  3.30000407e+00 
 9.98092245e-08  1.30430854e-06  9.98092245e-08 -5.09220032e-06  9.98092245e-08  1.20000333e+00  9.98092245e-08  3.29999605e+00 
 9.98592245e-08 -1.17148932e-06  9.98592245e-08  4.98559682e-06  9.98592245e-08  1.19999659e+00  9.98592245e-08  3.30000380e+00 
 9.99092245e-08  1.28009884e-06  9.99092245e-08 -4.84880636e-06  9.99092245e-08  1.20000329e+00  9.99092245e-08  3.29999631e+00 
 9.99546122e-08 -1.14633478e-06  9.99546122e-08  4.73386754e-06  9.99546122e-08  1.19999663e+00  9.99546122e-08  3.30000354e+00 
 1.00000000e-07  1.25402269e-06  1.00000000e-07 -4.58909763e-06  1.00000000e-07  1.20000325e+00  1.00000000e-07  3.29999658e+00 
 1.00005000e-07  1.28655731e-05  1.00005000e-07  1.34234358e-04  1.00005000e-07  1.20011444e+00  1.00005000e-07  3.30065706e+00 
 1.00015000e-07 -3.85805267e-06  1.00015000e-07  2.65778718e-05  1.00015000e-07  1.20009227e+00  1.00015000e-07  3.30078224e+00 
 1.00035000e-07 -7.52005394e-06  1.00035000e-07 -5.07006009e-05  1.00035000e-07  1.19994556e+00  1.00035000e-07  3.30026172e+00 
 1.00075000e-07  6.48649324e-06  1.00075000e-07 -4.15270659e-05  1.00075000e-07  1.20000896e+00  1.00075000e-07  3.29956896e+00 
 1.00125000e-07 -3.38038994e-05  1.00125000e-07 -1.10285544e-04  1.00125000e-07  1.19919572e+00  1.00125000e-07  3.29795641e+00 
 1.00162500e-07 -2.00688005e-06  1.00162500e-07 -3.00768927e-04  1.00162500e-07  1.19874557e+00  1.00162500e-07  3.29439366e+00 
 1.00200000e-07  1.28383674e-03  1.00200000e-07  3.99690484e-04  1.00200000e-07  1.22810261e+00  1.00200000e-07  3.29759910e+00 
 1.00205000e-07  1.26102197e-03  1.00205000e-07  8.47319447e-04  1.00205000e-07  1.23447812e+00  1.00205000e-07  3.30072471e+00 
 1.00215000e-07  9.95345450e-04  1.00215000e-07  1.65699868e-03  1.00215000e-07  1.24490431e+00  1.00215000e-07  3.30852902e+00 
 1.00235000e-07 -1.89293015e-03  1.00235000e-07  2.51894624e-03  1.00235000e-07  1.21418528e+00  1.00235000e-07  3.32820925e+00 
 1.00275000e-07 -2.55716153e-02  1.00275000e-07  5.14736012e-03  1.00275000e-07  4.94113850e-01  1.00275000e-07  3.39622001e+00 
 1.00325000e-07  9.23864986e-01  1.00325000e-07 -7.05045209e-03  1.00325000e-07 -1.76736048e-02  1.00325000e-07  3.32763677e+00 
 1.00373913e-07  1.26302421e+00  1.00373913e-07 -1.81568301e-02  1.00373913e-07  1.86994546e-02  1.00373913e-07  2.97277528e+00 
 1.00423913e-07  1.14923612e+00  1.00423913e-07 -5.87707114e-02  1.00423913e-07 -1.07007699e-02  1.00423913e-07  1.02883525e+00 
 1.00473913e-07  1.23452954e+00  1.00473913e-07  2.01055395e-01  1.00473913e-07  1.01227074e-02  1.00473913e-07  5.71021304e-03 
 1.00523913e-07  1.17272560e+00  1.00523913e-07  2.70272701e+00  1.00523913e-07 -8.53062694e-03  1.00523913e-07  6.35756798e-02 
 1.00573913e-07  1.22035857e+00  1.00573913e-07  3.35109403e+00  1.00573913e-07  7.68686818e-03  1.00573913e-07 -1.58134846e-02 
 1.00623913e-07  1.18371675e+00  1.00623913e-07  3.24310831e+00  1.00623913e-07 -6.78660899e-03  1.00623913e-07  2.52652573e-02 
 1.00673913e-07  1.21283017e+00  1.00673913e-07  3.33671807e+00  1.00673913e-07  6.11102255e-03  1.00673913e-07 -6.69706653e-03 
 1.00723913e-07  1.18952883e+00  1.00723913e-07  3.27468581e+00  1.00723913e-07 -5.45618363e-03  1.00723913e-07  9.65372242e-03 
 1.00773913e-07  1.20853778e+00  1.00773913e-07  3.31768357e+00  1.00773913e-07  4.92426380e-03  1.00773913e-07 -2.90731417e-03 
 1.00823913e-07  1.19290836e+00  1.00823913e-07  3.28689301e+00  1.00823913e-07 -4.41966247e-03  1.00823913e-07  3.32147617e-03 
 1.00873913e-07  1.20590615e+00  1.00873913e-07  3.30994963e+00  1.00873913e-07  3.99508801e-03  1.00873913e-07 -6.81799306e-04 
 1.00923913e-07  1.19503266e+00  1.00923913e-07  3.29217108e+00  1.00923913e-07 -3.59696606e-03  1.00923913e-07  5.17673435e-04 
 1.00973913e-07  1.20418971e+00  1.00973913e-07  3.30628657e+00  1.00973913e-07  3.25488193e-03  1.00973913e-07  5.92772080e-04 
 1.01023913e-07  1.19644818e+00  1.01023913e-07  3.29486767e+00  1.01023913e-07 -2.93704934e-03  1.01023913e-07 -8.02834262e-04 
 1.01073913e-07  1.20301767e+00  1.01073913e-07  3.30424660e+00  1.01073913e-07  2.66018133e-03  1.01073913e-07  1.29709731e-03 
 1.01123913e-07  1.19742982e+00  1.01123913e-07  3.29647041e+00  1.01123913e-07 -2.40497517e-03  1.01123913e-07 -1.44309536e-03 
 1.01173913e-07  1.20219227e+00  1.01173913e-07  3.30295685e+00  1.01173913e-07  2.18053750e-03  1.01173913e-07  1.66773018e-03 
 1.01223913e-07  1.19812826e+00  1.01223913e-07  3.29752720e+00  1.01223913e-07 -1.97507611e-03  1.01223913e-07 -1.74748974e-03 
 1.01273913e-07  1.20159943e+00  1.01273913e-07  3.30207661e+00  1.01273913e-07  1.79313021e-03  1.01273913e-07  1.84436603e-03 
 1.01323913e-07  1.19863317e+00  1.01323913e-07  3.29826425e+00  1.01323913e-07 -1.62753920e-03  1.01323913e-07 -1.87589260e-03 
 1.01373913e-07  1.20116788e+00  1.01373913e-07  3.30145000e+00  1.01373913e-07  1.47928239e-03  1.01373913e-07  1.90634211e-03 
 1.01423913e-07  1.19900130e+00  1.01423913e-07  3.29878775e+00  1.01423913e-07 -1.34727493e-03  1.01423913e-07 -1.91014010e-03 
 1.01473913e-07  1.20085228e+00  1.01473913e-07  3.30100373e+00  1.01473913e-07  1.22709083e-03  1.01473913e-07  1.90393360e-03 
 1.01523913e-07  1.19927203e+00  1.01523913e-07  3.29916800e+00  1.01523913e-07 -1.11969705e-03  1.01523913e-07 -1.88816941e-03 
 1.01573913e-07  1.20062000e+00  1.01573913e-07  3.30068319e+00  1.01573913e-07  1.02326306e-03  1.01573913e-07  1.86342545e-03 
 1.01623913e-07  1.19947166e+00  1.01623913e-07  3.29944006e+00  1.01623913e-07 -9.35984702e-04  1.01623913e-07 -1.83596241e-03 
 1.01673913e-07  1.20044852e+00  1.01673913e-07  3.30045460e+00  1.01673913e-07  8.58543925e-04  1.01673913e-07  1.80129173e-03 
 1.01723913e-07  1.19961923e+00  1.01723913e-07  3.29963266e+00  1.01723913e-07 -7.87659175e-04  1.01723913e-07 -1.76720551e-03 
 1.01773913e-07  1.20032166e+00  1.01773913e-07  3.30029389e+00  1.01773913e-07  7.25412898e-04  1.01773913e-07  1.72752326e-03 
 1.01823913e-07  1.19972850e+00  1.01823913e-07  3.29976665e+00  1.01823913e-07 -6.67846339e-04  1.01823913e-07 -1.69003840e-03 
 1.01873913e-07  1.20022767e+00  1.01873913e-07  3.30018331e+00  1.01873913e-07  6.17757019e-04  1.01873913e-07  1.64822741e-03 
 1.01923913e-07  1.19980950e+00  1.01923913e-07  3.29985747e+00  1.01923913e-07 -5.70980042e-04  1.01923913e-07 -1.60936933e-03 
 1.01961956e-07  1.20014874e+00  1.01961956e-07  3.30010068e+00  1.01961956e-07  5.18481390e-04  1.01961956e-07  1.55440746e-03 
 1.02000000e-07  1.19988515e+00  1.02000000e-07  3.29993025e+00  1.02000000e-07 -4.71063782e-04  1.02000000e-07 -1.50287088e-03 
 1.02005000e-07  1.19994325e+00  1.02005000e-07  3.29988625e+00  1.02005000e-07 -1.35886240e-04  1.02005000e-07 -4.85375474e-04 
 1.02015000e-07  1.20002346e+00  1.02015000e-07  3.29998131e+00  1.02015000e-07 -1.01200668e-06  1.02015000e-07 -1.50418191e-04 
 1.02035000e-07  1.19999577e+00  1.02035000e-07  3.30002502e+00  1.02035000e-07 -3.54684100e-06  1.02035000e-07 -1.64692142e-04 
 1.02075000e-07  1.20000176e+00  1.02075000e-07  3.30002081e+00  1.02075000e-07  8.76741156e-06  1.02075000e-07  1.90180725e-04 
 1.02125000e-07  1.20002937e+00  1.02125000e-07  3.30029069e+00  1.02125000e-07  4.14673483e-04  1.02125000e-07  2.26365612e-03 
 1.02162500e-07  1.20004576e+00  1.02162500e-07  3.30029763e+00  1.02162500e-07  1.10488205e-03  1.02162500e-07  4.37870933e-03 
 1.02200000e-07  1.19991649e+00  1.02200000e-07  3.29995079e+00  1.02200000e-07  4.31441557e-04  1.02200000e-07  3.60392557e-03 
 1.02205000e-07  1.19989243e+00  1.02205000e-07  3.29989884e+00  1.02205000e-07  1.37834803e-04  1.02205000e-07  3.45158814e-03 
 1.02215000e-07  1.19968078e+00  1.02215000e-07  3.29950132e+00  1.02215000e-07 -1.38603824e-03  1.02215000e-07  1.53149041e-03 
 1.02235000e-07  1.19935216e+00  1.02235000e-07  3.29895831e+00  1.02235000e-07 -6.62950834e-03  1.02235000e-07 -3.14589409e-03 
 1.02275000e-07  1.19951913e+00  1.02275000e-07  3.29888429e+00  1.02275000e-07 -1.67856164e-02  1.02275000e-07 -1.05643623e-02 
 1.02325000e-07  1.22587750e+00  1.02325000e-07  3.29857157e+00  1.02325000e-07  5.60507148e-01  1.02325000e-07 -2.26234802e-02 
 1.02375000e-07  3.12451519e-01  1.02375000e-07  3.29850538e+00  1.02375000e-07  1.18405385e+00  1.02375000e-07 -3.55295489e-02 
 1.02425000e-07 -3.74410892e-02  1.02425000e-07  3.30572846e+00  1.02425000e-07  1.20315002e+00  1.02425000e-07  1.40135847e-02 
 1.02475000e-07  3.46152207e-02  1.02475000e-07  3.32902230e+00  1.02475000e-07  1.19570214e+00  1.02475000e-07  3.39546155e-01 
 1.02525000e-07 -2.61868206e-02  1.02525000e-07  3.38840255e+00  1.02525000e-07  1.20426978e+00  1.02525000e-07  2.17813460e+00 
 1.02575000e-07  2.36497424e-02  1.02575000e-07  3.27665109e+00  1.02575000e-07  1.19612488e+00  1.02575000e-07  3.15989206e+00 
 1.02625000e-07 -1.99419605e-02  1.02625000e-07  7.18242049e-01  1.02625000e-07  1.20337148e+00  1.02625000e-07  3.25384714e+00 
 1.02668420e-07  1.77095791e-02  1.02668420e-07 -1.50046659e-01  1.02668420e-07  1.19721109e+00  1.02668420e-07  3.27748219e+00 
 1.02713548e-07 -1.53492338e-02  1.02713548e-07  1.10854657e-01  1.02713548e-07  1.20227232e+00  1.02713548e-07  3.27439315e+00 
 1.02763548e-07  1.39170588e-02  1.02763548e-07 -7.66946918e-02  1.02763548e-07  1.19812576e+00  1.02763548e-07  3.28852769e+00 
 1.02813548e-07 -1.23809658e-02  1.02813548e-07  5.60644598e-02  1.02813548e-07  1.20153092e+00  1.02813548e-07  3.29265243e+00 
 1.02863548e-07  1.12306166e-02  1.02863548e-07 -4.02123268e-02  1.02863548e-07  1.19875192e+00  1.02863548e-07  3.29552476e+00 
 1.02913548e-07 -1.00524787e-02  1.02913548e-07  2.97662608e-02  1.02913548e-07  1.20101138e+00  1.02913548e-07  3.29836644e+00 
 1.02963548e-07  9.11771308e-03  1.02963548e-07 -2.20171142e-02  1.02963548e-07  1.19918039e+00  1.02963548e-07  3.29779439e+00 
 1.03013548e-07 -8.19160702e-03  1.03013548e-07  1.65926217e-02  1.03013548e-07  1.20066167e+00  1.03013548e-07  3.30023461e+00 
 1.03063548e-07  7.42927819e-03  1.03063548e-07 -1.25964466e-02  1.03063548e-07  1.19946513e+00  1.03063548e-07  3.29850789e+00 
 1.03113548e-07 -6.69322864e-03  1.03113548e-07  9.67791002e-03  1.03113548e-07  1.20043148e+00  1.03113548e-07  3.30085013e+00 
 1.03163548e-07  6.07118356e-03  1.03163548e-07 -7.51142481e-03  1.03163548e-07  1.19965094e+00  1.03163548e-07  3.29874284e+00 
 1.03213548e-07 -5.48275451e-03  1.03213548e-07  5.87531409e-03  1.03213548e-07  1.20028234e+00  1.03213548e-07  3.30103501e+00 
 1.03263548e-07  4.97537510e-03  1.03263548e-07 -4.64202140e-03  1.03263548e-07  1.19977044e+00  1.03263548e-07  3.29884542e+00 
 1.03313548e-07 -4.50320181e-03  1.03313548e-07  3.68423659e-03  1.03313548e-07  1.20018710e+00  1.03313548e-07  3.30106057e+00 
 1.03363548e-07  4.08957117e-03  1.03363548e-07 -2.94866181e-03  1.03363548e-07  1.19984616e+00  1.03363548e-07  3.29892095e+00 
 1.03413548e-07 -3.70964648e-03  1.03413548e-07  2.36384827e-03  1.03413548e-07  1.20012726e+00  1.03413548e-07  3.30102157e+00 
 1.03463548e-07  3.37257916e-03  1.03463548e-07 -1.90609566e-03  1.03463548e-07  1.19989326e+00  1.03463548e-07  3.29899745e+00 
 1.03513548e-07 -3.06620756e-03  1.03513548e-07  1.53511730e-03  1.03513548e-07  1.20009046e+00  1.03513548e-07  3.30095429e+00 
 1.03563548e-07  2.79158630e-03  1.03563548e-07 -1.23961529e-03  1.03563548e-07  1.19992183e+00  1.03563548e-07  3.29907928e+00 
 1.03613548e-07 -2.54406480e-03  1.03613548e-07  9.96509087e-04  1.03613548e-07  1.20006850e+00  1.03613548e-07  3.30087454e+00 
 1.03663548e-07  2.32031583e-03  1.03663548e-07 -7.99932017e-04  1.03663548e-07  1.19993854e+00  1.03663548e-07  3.29916450e+00 
 1.03713548e-07 -2.11837388e-03  1.03713548e-07  6.37981525e-04  1.03713548e-07  1.20005602e+00  1.03713548e-07  3.30079091e+00 
 1.03763548e-07  1.94008573e-03  1.03763548e-07 -5.00971474e-04  1.03763548e-07  1.19994775e+00  1.03763548e-07  3.29925108e+00 
 1.03813548e-07 -1.77294159e-03  1.03813548e-07  3.91373816e-04  1.03813548e-07  1.20004943e+00  1.03813548e-07  3.30070655e+00 
 1.03863548e-07  1.62937543e-03  1.03863548e-07 -2.96861581e-04  1.03863548e-07  1.19995230e+00  1.03863548e-07  3.29933470e+00 
 1.03913548e-07 -1.49471107e-03  1.03913548e-07  2.19864494e-04  1.03913548e-07  1.20004645e+00  1.03913548e-07  3.30062419e+00 
 1.03963548e-07  1.37344470e-03  1.03963548e-07 -1.55050552e-04  1.03963548e-07  1.19995403e+00  1.03963548e-07  3.29941427e+00 
 1.04013548e-07 -1.26633289e-03  1.04013548e-07  1.00547790e-04  1.04013548e-07  1.20004563e+00  1.04013548e-07  3.30054626e+00 
 1.04063548e-07  1.16729770e-03  1.04063548e-07 -5.50771098e-05  1.04063548e-07  1.19995417e+00  1.04063548e-07  3.29948995e+00 
 1.04113548e-07 -1.08008578e-03  1.04113548e-07  1.69926503e-05  1.04113548e-07  1.20004599e+00  1.04113548e-07  3.30047327e+00 
 1.04163548e-07  9.99119632e-04  1.04163548e-07  1.47826588e-05  1.04163548e-07  1.19995345e+00  1.04163548e-07  3.29956047e+00 
 1.04213548e-07 -9.27997660e-04  1.04213548e-07 -4.11469710e-05  1.04213548e-07  1.20004695e+00  1.04213548e-07  3.30040554e+00 
 1.04263548e-07  8.61712969e-04  1.04263548e-07  6.30486374e-05  1.04263548e-07  1.19995236e+00  1.04263548e-07  3.29962562e+00 
 1.04313548e-07 -8.03610308e-04  1.04313548e-07 -8.09142277e-05  1.04313548e-07  1.20004812e+00  1.04313548e-07  3.30034317e+00 
 1.04363548e-07  7.49254113e-04  1.04363548e-07  9.55964306e-05  1.04363548e-07  1.19995117e+00  1.04363548e-07  3.29968544e+00 
 1.04413548e-07 -7.01694084e-04  1.04413548e-07 -1.07222832e-04  1.04413548e-07  1.20004928e+00  1.04413548e-07  3.30028604e+00 
 1.04463548e-07  6.57030705e-04  1.04463548e-07  1.16568013e-04  1.04463548e-07  1.19995007e+00  1.04463548e-07  3.29974009e+00 
 1.04513548e-07 -6.18013845e-04  1.04513548e-07 -1.23571384e-04  1.04513548e-07  1.20005031e+00  1.04513548e-07  3.30023395e+00 
 1.04563548e-07  5.82786324e-04  1.04563548e-07  1.28804655e-04  1.04563548e-07  1.19994914e+00  1.04563548e-07  3.29978991e+00 
 1.04613548e-07 -5.47491383e-04  1.04613548e-07 -1.32673422e-04  1.04613548e-07  1.20005115e+00  1.04613548e-07  3.30018672e+00 
 1.04663548e-07  5.20178252e-04  1.04663548e-07  1.34729651e-04  1.04663548e-07  1.19994843e+00  1.04663548e-07  3.29983502e+00 
 1.04713548e-07 -4.90816704e-04  1.04713548e-07 -1.36033976e-04  1.04713548e-07  1.20005175e+00  1.04713548e-07  3.30014380e+00 
 1.04763548e-07  4.68409427e-04  1.04763548e-07  1.35858922e-04  1.04763548e-07  1.19994794e+00  1.04763548e-07  3.29987583e+00 
 1.04813548e-07 -4.43888103e-04  1.04813548e-07 -1.35229983e-04  1.04813548e-07  1.20005213e+00  1.04813548e-07  3.30010502e+00 
 1.04863548e-07  4.25457788e-04  1.04863548e-07  1.33392893e-04  1.04863548e-07  1.19994767e+00  1.04863548e-07  3.29991268e+00 
 1.04913548e-07 -4.04885265e-04  1.04913548e-07 -1.31313001e-04  1.04913548e-07  1.20005229e+00  1.04913548e-07  3.30007004e+00 
 1.04963548e-07  3.89680270e-04  1.04963548e-07  1.28246988e-04  1.04963548e-07  1.19994761e+00  1.04963548e-07  3.29994588e+00 
 1.05013548e-07 -3.72330805e-04  1.05013548e-07 -1.25086144e-04  1.05013548e-07  1.20005226e+00  1.05013548e-07  3.30003855e+00 
 1.05063548e-07  3.59743049e-04  1.05063548e-07  1.21123099e-04  1.05063548e-07  1.19994773e+00  1.05063548e-07  3.29997574e+00 
 1.05113548e-07 -3.45026328e-04  1.05113548e-07 -1.17167251e-04  1.05113548e-07  1.20005205e+00  1.05113548e-07  3.30001026e+00 
 1.05163548e-07  3.34563662e-04  1.05163548e-07  1.12563144e-04  1.05163548e-07  1.19994802e+00  1.05163548e-07  3.30000255e+00 
 1.05213548e-07 -3.21999709e-04  1.05213548e-07 -1.08034642e-04  1.05213548e-07  1.20005169e+00  1.05213548e-07  3.29998488e+00 
 1.05263548e-07  3.13263592e-04  1.05263548e-07  1.02987877e-04  1.05263548e-07  1.19994845e+00  1.05263548e-07  3.30002657e+00 
 1.05313548e-07 -3.02462202e-04  1.05313548e-07 -9.80604344e-05  1.05313548e-07  1.20005119e+00  1.05313548e-07  3.29996217e+00 
 1.05363548e-07  2.95129720e-04  1.05363548e-07  9.27253318e-05  1.05363548e-07  1.19994901e+00  1.05363548e-07  3.30004805e+00 
 1.05413548e-07 -2.85773659e-04  1.05413548e-07 -8.75351153e-05  1.05413548e-07  1.20005059e+00  1.05413548e-07  3.29994187e+00 
 1.05463548e-07  2.79583057e-04  1.05463548e-07  8.20319370e-05  1.05463548e-07  1.19994966e+00  1.05463548e-07  3.30006722e+00 
 1.05513548e-07 -2.71414381e-04  1.05513548e-07 -7.66858815e-05  1.05513548e-07  1.20004989e+00  1.05513548e-07  3.29992379e+00 
 1.05563548e-07  2.66153393e-04  1.05563548e-07  7.11083764e-05  1.05563548e-07  1.19995039e+00  1.05563548e-07  3.30008429e+00 
 1.05613548e-07 -2.58962321e-04  1.05613548e-07 -6.56904918e-05  1.05613548e-07  1.20004912e+00  1.05613548e-07  3.29990771e+00 
 1.05663548e-07  2.54458756e-04  1.05663548e-07  6.01116320e-05  1.05663548e-07  1.19995119e+00  1.05663548e-07  3.30009944e+00 
 1.05713548e-07 -2.48074618e-04  1.05713548e-07 -5.46878350e-05  1.05713548e-07  1.20004829e+00  1.05713548e-07  3.29989346e+00 
 1.05763548e-07  2.44188756e-04  1.05763548e-07  4.91642185e-05  1.05763548e-07  1.19995205e+00  1.05763548e-07  3.30011285e+00 
 1.05813548e-07 -2.38472644e-04  1.05813548e-07 -4.37860693e-05  1.05813548e-07  1.20004742e+00  1.05813548e-07  3.29988087e+00 
 1.05863548e-07  2.35091090e-04  1.05863548e-07  3.83613292e-05  1.05863548e-07  1.19995294e+00  1.05863548e-07  3.30012468e+00 
 1.05913548e-07 -2.29929887e-04  1.05913548e-07 -3.30689433e-05  1.05913548e-07  1.20004650e+00  1.05913548e-07  3.29986978e+00 
 1.05963548e-07  2.26960588e-04  1.05963548e-07  2.77764062e-05  1.05963548e-07  1.19995387e+00  1.05963548e-07  3.30013507e+00 
 1.06013548e-07 -2.22262124e-04  1.06013548e-07 -2.26007413e-05  1.06013548e-07  1.20004557e+00  1.06013548e-07  3.29986007e+00 
 1.06063548e-07  2.19630345e-04  1.06063548e-07  1.74655153e-05  1.06063548e-07  1.19995482e+00  1.06063548e-07  3.30014415e+00 
 1.06113548e-07 -2.15319458e-04  1.06113548e-07 -1.24301780e-05  1.06113548e-07  1.20004461e+00  1.06113548e-07  3.29985160e+00 
 1.06163548e-07  2.12964517e-04  1.06163548e-07  7.47080218e-06  1.06163548e-07  1.19995578e+00  1.06163548e-07  3.30015205e+00 
 1.06213548e-07 -2.08979860e-04  1.06213548e-07 -2.59348362e-06  1.06213548e-07  1.20004364e+00  1.06213548e-07  3.29984426e+00 
 1.06263548e-07  2.06852480e-04  1.06263548e-07 -2.17676274e-06  1.06263548e-07  1.19995676e+00  1.06263548e-07  3.30015887e+00 
 1.06313548e-07 -2.03143932e-04  1.06313548e-07  6.88313952e-06  1.06313548e-07  1.20004266e+00  1.06313548e-07  3.29983795e+00 
 1.06363548e-07  2.01204093e-04  1.06363548e-07 -1.14551920e-05  1.06363548e-07  1.19995774e+00  1.06363548e-07  3.30016471e+00 
 1.06413548e-07 -1.97730653e-04  1.06413548e-07  1.59815520e-05  1.06413548e-07  1.20004168e+00  1.06413548e-07  3.29983256e+00 
 1.06463548e-07  1.95945853e-04  1.06463548e-07 -2.03497241e-05  1.06463548e-07  1.19995872e+00  1.06463548e-07  3.30016967e+00 
 1.06513548e-07 -1.92673933e-04  1.06513548e-07  2.46900987e-05  1.06513548e-07  1.20004070e+00  1.06513548e-07  3.29982803e+00 
 1.06563548e-07  1.91017774e-04  1.06563548e-07 -2.88514084e-05  1.06563548e-07  1.19995969e+00  1.06563548e-07  3.30017382e+00 
 1.06613548e-07 -1.87919811e-04  1.06613548e-07  3.30023360e-05  1.06613548e-07  1.20003973e+00  1.06613548e-07  3.29982426e+00 
 1.06663548e-07  1.86370852e-04  1.06663548e-07 -3.69559627e-05  1.06663548e-07  1.19996066e+00  1.06663548e-07  3.30017724e+00 
 1.06713548e-07 -1.83424186e-04  1.06713548e-07  4.09160015e-05  1.06713548e-07  1.20003877e+00  1.06713548e-07  3.29982118e+00 
 1.06763548e-07  1.81965012e-04  1.06763548e-07 -4.46628467e-05  1.06763548e-07  1.19996162e+00  1.06763548e-07  3.30018000e+00 
 1.06813548e-07 -1.79150970e-04  1.06813548e-07  4.84321790e-05  1.06813548e-07  1.20003781e+00  1.06813548e-07  3.29981873e+00 
 1.06863548e-07  1.77767434e-04  1.06863548e-07 -5.19745090e-05  1.06863548e-07  1.19996257e+00  1.06863548e-07  3.30018216e+00 
 1.06913548e-07 -1.75070589e-04  1.06913548e-07  5.55546176e-05  1.06913548e-07  1.20003687e+00  1.06913548e-07  3.29981685e+00 
 1.06963548e-07  1.73751200e-04  1.06963548e-07 -5.88957736e-05  1.06963548e-07  1.19996351e+00  1.06963548e-07  3.30018378e+00 
 1.07013548e-07 -1.71158770e-04  1.07013548e-07  6.22891774e-05  1.07013548e-07  1.20003594e+00  1.07013548e-07  3.29981548e+00 
 1.07063548e-07  1.69894193e-04  1.07063548e-07 -6.54333389e-05  1.07063548e-07  1.19996443e+00  1.07063548e-07  3.30018492e+00 
 1.07113548e-07 -1.67395550e-04  1.07113548e-07  6.86433756e-05  1.07113548e-07  1.20003502e+00  1.07113548e-07  3.29981458e+00 
 1.07163548e-07  1.66178198e-04  1.07163548e-07 -7.15953672e-05  1.07163548e-07  1.19996534e+00  1.07163548e-07  3.30018561e+00 
 1.07213548e-07 -1.63764473e-04  1.07213548e-07  7.46260153e-05  1.07213548e-07  1.20003411e+00  1.07213548e-07  3.29981409e+00 
 1.07263548e-07  1.62588182e-04  1.07263548e-07 -7.73911488e-05  1.07263548e-07  1.19996624e+00  1.07263548e-07  3.30018591e+00 
 1.07313548e-07 -1.60251938e-04  1.07313548e-07  8.02468808e-05  1.07313548e-07  1.20003322e+00  1.07313548e-07  3.29981398e+00 
 1.07363548e-07  1.59111697e-04  1.07363548e-07 -8.28308261e-05  1.07363548e-07  1.19996712e+00  1.07363548e-07  3.30018586e+00 
 1.07413548e-07 -1.56846672e-04  1.07413548e-07  8.55164875e-05  1.07413548e-07  1.20003235e+00  1.07413548e-07  3.29981420e+00 
 1.07463548e-07  1.55738406e-04  1.07463548e-07 -8.79251669e-05  1.07463548e-07  1.19996799e+00  1.07463548e-07  3.30018548e+00 
 1.07513548e-07 -1.53539293e-04  1.07513548e-07  9.04458769e-05  1.07513548e-07  1.20003149e+00  1.07513548e-07  3.29981473e+00 
 1.07563548e-07  1.52459686e-04  1.07563548e-07 -9.26853783e-05  1.07563548e-07  1.19996884e+00  1.07563548e-07  3.30018481e+00 
 1.07613548e-07 -1.50321966e-04  1.07613548e-07  9.50464473e-05  1.07613548e-07  1.20003065e+00  1.07613548e-07  3.29981553e+00 
 1.07663548e-07  1.49268318e-04  1.07663548e-07 -9.71229540e-05  1.07663548e-07  1.19996967e+00  1.07663548e-07  3.30018389e+00 
 1.07713548e-07 -1.47188116e-04  1.07713548e-07  9.93298163e-05  1.07713548e-07  1.20002982e+00  1.07713548e-07  3.29981657e+00 
 1.07763548e-07  1.46158226e-04  1.07763548e-07 -1.01249549e-04  1.07763548e-07  1.19997049e+00  1.07763548e-07  3.30018274e+00 
 1.07813548e-07 -1.44132195e-04  1.07813548e-07  1.03307707e-04  1.07813548e-07  1.20002901e+00  1.07813548e-07  3.29981783e+00 
 1.07863548e-07  1.43124265e-04  1.07863548e-07 -1.05076876e-04  1.07863548e-07  1.19997130e+00  1.07863548e-07  3.30018139e+00 
 1.07913548e-07 -1.41149494e-04  1.07913548e-07  1.06991854e-04  1.07913548e-07  1.20002821e+00  1.07913548e-07  3.29981928e+00 
 1.07963548e-07  1.40162056e-04  1.07963548e-07 -1.08616624e-04  1.07963548e-07  1.19997208e+00  1.07963548e-07  3.30017986e+00 
 1.08013548e-07 -1.38235995e-04  1.08013548e-07  1.10393931e-04  1.08013548e-07  1.20002743e+00  1.08013548e-07  3.29982090e+00 
 1.08063548e-07  1.37267844e-04  1.08063548e-07 -1.11880387e-04  1.08063548e-07  1.19997286e+00  1.08063548e-07  3.30017816e+00 
 1.08113548e-07 -1.35388239e-04  1.08113548e-07  1.13525486e-04  1.08113548e-07  1.20002667e+00  1.08113548e-07  3.29982266e+00 
 1.08163548e-07  1.34438384e-04  1.08163548e-07 -1.14879610e-04  1.08163548e-07  1.19997361e+00  1.08163548e-07  3.30017633e+00 
 1.08213548e-07 -1.32603229e-04  1.08213548e-07  1.16397895e-04  1.08213548e-07  1.20002592e+00  1.08213548e-07  3.29982456e+00 
 1.08263548e-07  1.31670853e-04  1.08263548e-07 -1.17625548e-04  1.08263548e-07  1.19997435e+00  1.08263548e-07  3.30017438e+00 
 1.08313548e-07 -1.29878347e-04  1.08313548e-07  1.19022320e-04  1.08313548e-07  1.20002519e+00  1.08313548e-07  3.29982657e+00 
 1.08363548e-07  1.28962772e-04  1.08363548e-07 -1.20129225e-04  1.08363548e-07  1.19997508e+00  1.08363548e-07  3.30017232e+00 
 1.08413548e-07 -1.27211287e-04  1.08413548e-07  1.21409679e-04  1.08413548e-07  1.20002447e+00  1.08413548e-07  3.29982868e+00 
 1.08463548e-07  1.26311946e-04  1.08463548e-07 -1.22401410e-04  1.08463548e-07  1.19997579e+00  1.08463548e-07  3.30017016e+00 
 1.08513548e-07 -1.24599999e-04  1.08513548e-07  1.23570623e-04  1.08513548e-07  1.20002376e+00  1.08513548e-07  3.29983088e+00 
 1.08563548e-07  1.23716417e-04  1.08563548e-07 -1.24452597e-04  1.08563548e-07  1.19997649e+00  1.08563548e-07  3.30016793e+00 
 1.08613548e-07 -1.22042646e-04  1.08613548e-07  1.25515516e-04  1.08613548e-07  1.20002307e+00  1.08613548e-07  3.29983315e+00 
 1.08663548e-07  1.21174419e-04  1.08663548e-07 -1.26292985e-04  1.08663548e-07  1.19997717e+00  1.08663548e-07  3.30016563e+00 
 1.08713548e-07 -1.19537566e-04  1.08713548e-07  1.27254422e-04  1.08713548e-07  1.20002240e+00  1.08713548e-07  3.29983548e+00 
 1.08763548e-07  1.18684349e-04  1.08763548e-07 -1.27932470e-04  1.08763548e-07  1.19997784e+00  1.08763548e-07  3.30016328e+00 
 1.08813548e-07 -1.17083245e-04  1.08813548e-07  1.28797095e-04  1.08813548e-07  1.20002174e+00  1.08813548e-07  3.29983786e+00 
 1.08863548e-07  1.16244738e-04  1.08863548e-07 -1.29380636e-04  1.08863548e-07  1.19997849e+00  1.08863548e-07  3.30016088e+00 
 1.08913548e-07 -1.14678290e-04  1.08913548e-07  1.30152974e-04  1.08913548e-07  1.20002109e+00  1.08913548e-07  3.29984028e+00 
 1.08963548e-07  1.13854233e-04  1.08963548e-07 -1.30646750e-04  1.08963548e-07  1.19997913e+00  1.08963548e-07  3.30015844e+00 
 1.09013548e-07 -1.12321412e-04  1.09013548e-07  1.31331179e-04  1.09013548e-07  1.20002046e+00  1.09013548e-07  3.29984273e+00 
 1.09063548e-07  1.11511570e-04  1.09063548e-07 -1.31739762e-04  1.09063548e-07  1.19997976e+00  1.09063548e-07  3.30015597e+00 
 1.09113548e-07 -1.10011407e-04  1.09113548e-07  1.32340512e-04  1.09113548e-07  1.20001984e+00  1.09113548e-07  3.29984521e+00 
 1.09163548e-07  1.09215572e-04  1.09163548e-07 -1.32668302e-04  1.09163548e-07  1.19998037e+00  1.09163548e-07  3.30015349e+00 
 1.09213548e-07 -1.07747146e-04  1.09213548e-07  1.33189454e-04  1.09213548e-07  1.20001923e+00  1.09213548e-07  3.29984771e+00 
 1.09263548e-07  1.06965126e-04  1.09263548e-07 -1.33440684e-04  1.09263548e-07  1.19998097e+00  1.09263548e-07  3.30015098e+00 
 1.09313548e-07 -1.05527562e-04  1.09313548e-07  1.33886173e-04  1.09313548e-07  1.20001863e+00  1.09313548e-07  3.29985022e+00 
 1.09363548e-07  1.04759179e-04  1.09363548e-07 -1.34064909e-04  1.09363548e-07  1.19998156e+00  1.09363548e-07  3.30014847e+00 
 1.09413548e-07 -1.03351641e-04  1.09413548e-07  1.34438524e-04  1.09413548e-07  1.20001805e+00  1.09413548e-07  3.29985274e+00 
 1.09463548e-07  1.02596730e-04  1.09463548e-07 -1.34548670e-04  1.09463548e-07  1.19998214e+00  1.09463548e-07  3.30014595e+00 
 1.09513548e-07 -1.01218419e-04  1.09513548e-07  1.34854056e-04  1.09513548e-07  1.20001748e+00  1.09513548e-07  3.29985526e+00 
 1.09563548e-07  1.00476821e-04  1.09563548e-07 -1.34899357e-04  1.09563548e-07  1.19998270e+00  1.09563548e-07  3.30014344e+00 
 1.09613548e-07 -9.91269685e-05  1.09613548e-07  1.35140018e-04  1.09613548e-07  1.20001692e+00  1.09613548e-07  3.29985777e+00 
 1.09663548e-07  9.83985321e-05  1.09663548e-07 -1.35124063e-04  1.09663548e-07  1.19998325e+00  1.09663548e-07  3.30014093e+00 
 1.09713548e-07 -9.70764007e-05  1.09713548e-07  1.35303364e-04  1.09713548e-07  1.20001638e+00  1.09713548e-07  3.29986027e+00 
 1.09763548e-07  9.63609792e-05  1.09763548e-07 -1.35229592e-04  1.09763548e-07  1.19998380e+00  1.09763548e-07  3.30013843e+00 
 1.09813548e-07 -9.50658575e-05  1.09813548e-07  1.35350764e-04  1.09813548e-07  1.20001584e+00  1.09813548e-07  3.29986277e+00 
 1.09863548e-07  9.43633079e-05  1.09863548e-07 -1.35222464e-04  1.09863548e-07  1.19998432e+00  1.09863548e-07  3.30013594e+00 
 1.09913548e-07 -9.30945099e-05  1.09913548e-07  1.35288606e-04  1.09913548e-07  1.20001532e+00  1.09913548e-07  3.29986525e+00 
 1.09956774e-07  9.22530362e-05  1.09956774e-07 -1.35095792e-04  1.09956774e-07  1.19998488e+00  1.09956774e-07  3.30013328e+00 
 1.10000000e-07 -9.08618701e-05  1.10000000e-07  1.35087992e-04  1.10000000e-07  1.20001473e+00  1.10000000e-07  3.29986810e+00 
 1.10005000e-07 -1.12727975e-05  1.10005000e-07 -5.87097065e-05  1.10005000e-07  1.19991981e+00  1.10005000e-07  3.29970781e+00 
 1.10015000e-07  8.55324866e-06  1.10015000e-07 -2.97501470e-06  1.10015000e-07  1.19996586e+00  1.10015000e-07  3.29970437e+00 
 1.10035000e-07  1.32319621e-06  1.10035000e-07  2.46514194e-05  1.10035000e-07  1.20006275e+00  1.10035000e-07  3.29995577e+00 
 1.10075000e-07 -3.22849053e-06  1.10075000e-07  9.30950012e-06  1.10075000e-07  1.19996429e+00  1.10075000e-07  3.30016494e+00 
 1.10125000e-07  2.43069311e-05  1.10125000e-07  1.49796467e-04  1.10125000e-07  1.20060029e+00  1.10125000e-07  3.30213336e+00 
 1.10162500e-07  7.22600877e-06  1.10162500e-07  1.54358671e-04  1.10162500e-07  1.20102094e+00  1.10162500e-07  3.30433010e+00 
 1.10200000e-07 -2.07524493e-04  1.10200000e-07 -1.28721216e-04  1.10200000e-07  1.19661777e+00  1.10200000e-07  3.30334691e+00 
 1.10205000e-07 -1.00218561e-04  1.10205000e-07 -2.50845536e-04  1.10205000e-07  1.19661695e+00  1.10205000e-07  3.30244444e+00 
 1.10215000e-07  2.54124437e-04  1.10215000e-07 -6.39210494e-04  1.10215000e-07  1.19898055e+00  1.10215000e-07  3.29939509e+00 
 1.10235000e-07  2.06863517e-04  1.10235000e-07 -1.10613726e-03  1.10235000e-07  1.20329569e+00  1.10235000e-07  3.29073158e+00 
 1.10271803e-07 -2.91300398e-04  1.10271803e-07  2.51112900e-04  1.10271803e-07  1.19905434e+00  1.10271803e-07  3.28980214e+00 
 1.10313893e-07  2.01842170e-04  1.10313893e-07  1.03617278e-03  1.10313893e-07  1.19984716e+00  1.10313893e-07  3.30427814e+00 
 1.10359127e-07 -1.17289521e-04  1.10359127e-07 -3.42841241e-04  1.10359127e-07  1.20022735e+00  1.10359127e-07  3.30440909e+00 
 1.10409127e-07  6.63612829e-05  1.10409127e-07 -1.33446937e-04  1.10409127e-07  1.19961130e+00  1.10409127e-07  3.29970626e+00 
 1.10459127e-07 -2.74669712e-05  1.10459127e-07  4.72594141e-05  1.10459127e-07  1.20041056e+00  1.10459127e-07  3.30049294e+00 
 1.10509127e-07  3.56207888e-07  1.10509127e-07 -6.79586119e-05  1.10509127e-07  1.19957460e+00  1.10509127e-07  3.29956361e+00 
 1.10559127e-07  1.89979481e-05  1.10559127e-07  6.26511699e-05  1.10559127e-07  1.20040152e+00  1.10559127e-07  3.30010152e+00 
 1.10609127e-07 -3.19136206e-05  1.10609127e-07 -6.81379684e-05  1.10609127e-07  1.19962419e+00  1.10609127e-07  3.29959428e+00 
 1.10659127e-07  4.05588848e-05  1.10659127e-07  7.41820009e-05  1.10659127e-07  1.20033662e+00  1.10659127e-07  3.30008222e+00 
 1.10709127e-07 -4.55781744e-05  1.10709127e-07 -7.56256686e-05  1.10709127e-07  1.19969893e+00  1.10709127e-07  3.29965662e+00 
 1.10759127e-07  4.83550440e-05  1.10759127e-07  8.10581417e-05  1.10759127e-07  1.20026166e+00  1.10759127e-07  3.30010747e+00 
 1.10809127e-07 -4.90545456e-05  1.10809127e-07 -8.10391508e-05  1.10809127e-07  1.19977211e+00  1.10809127e-07  3.29971358e+00 
 1.10859127e-07  4.87006972e-05  1.10859127e-07  8.44462022e-05  1.10859127e-07  1.20019399e+00  1.10859127e-07  3.30012713e+00 
 1.10909127e-07 -4.71468483e-05  1.10909127e-07 -8.37240176e-05  1.10909127e-07  1.19983419e+00  1.10909127e-07  3.29975877e+00 
 1.10959127e-07  4.52011639e-05  1.10959127e-07  8.53325670e-05  1.10959127e-07  1.20013881e+00  1.10959127e-07  3.30013576e+00 
 1.11009127e-07 -4.25769358e-05  1.11009127e-07 -8.41770431e-05  1.11009127e-07  1.19988315e+00  1.11009127e-07  3.29979311e+00 
 1.11059127e-07  3.99406241e-05  1.11059127e-07  8.44964881e-05  1.11059127e-07  1.20009626e+00  1.11059127e-07  3.30013637e+00 
 1.11109127e-07 -3.69222077e-05  1.11109127e-07 -8.30073726e-05  1.11109127e-07  1.19992018e+00  1.11109127e-07  3.29981974e+00 
 1.11159127e-07  3.41057678e-05  1.11159127e-07  8.24397444e-05  1.11159127e-07  1.20006456e+00  1.11159127e-07  3.30013203e+00 
 1.11209127e-07 -3.10738777e-05  1.11209127e-07 -8.07143180e-05  1.11209127e-07  1.19994739e+00  1.11209127e-07  3.29984085e+00 
 1.11259127e-07  2.83568499e-05  1.11259127e-07  7.95699903e-05  1.11259127e-07  1.20004150e+00  1.11259127e-07  3.30012507e+00 
 1.11309127e-07 -2.55096815e-05  1.11309127e-07 -7.76840087e-05  1.11309127e-07  1.19996700e+00  1.11309127e-07  3.29985810e+00 
 1.11359127e-07  2.30331601e-05  1.11359127e-07  7.61827981e-05  1.11359127e-07  1.20002502e+00  1.11359127e-07  3.30011695e+00 
 1.11409127e-07 -2.04642184e-05  1.11409127e-07 -7.42040383e-05  1.11409127e-07  1.19998092e+00  1.11409127e-07  3.29987256e+00 
 1.11459127e-07  1.82877926e-05  1.11459127e-07  7.24975037e-05  1.11459127e-07  1.20001340e+00  1.11459127e-07  3.30010855e+00 
 1.11509127e-07 -1.60292429e-05  1.11509127e-07 -7.04818115e-05  1.11509127e-07  1.19999068e+00  1.11509127e-07  3.29988492e+00 
 1.11559127e-07  1.41655449e-05  1.11559127e-07  6.86733272e-05  1.11559127e-07  1.20000531e+00  1.11559127e-07  3.30010033e+00 
 1.11609127e-07 -1.22148731e-05  1.11609127e-07 -6.66638855e-05  1.11609127e-07  1.19999744e+00  1.11609127e-07  3.29989563e+00 
 1.11659127e-07  1.06507174e-05  1.11659127e-07  6.48231443e-05  1.11659127e-07  1.19999974e+00  1.11659127e-07  3.30009253e+00 
 1.11709127e-07 -8.98700863e-06  1.11709127e-07 -6.28515247e-05  1.11709127e-07  1.20000207e+00  1.11709127e-07  3.29990502e+00 
 1.11759127e-07  7.69622002e-06  1.11759127e-07  6.10247345e-05  1.11759127e-07  1.19999595e+00  1.11759127e-07  3.30008526e+00 
 1.11809127e-07 -6.28998191e-06  1.11809127e-07 -5.91127269e-05  1.11809127e-07  1.20000520e+00  1.11809127e-07  3.29991332e+00 
 1.11859127e-07  5.24105244e-06  1.11859127e-07  5.73297325e-05  1.11859127e-07  1.19999341e+00  1.11859127e-07  3.30007855e+00 
 1.11909127e-07 -4.06001489e-06  1.11909127e-07 -5.54913367e-05  1.11909127e-07  1.20000729e+00  1.11909127e-07  3.29992070e+00 
 1.11959127e-07  3.22054211e-06  1.11959127e-07  5.37706023e-05  1.11959127e-07  1.19999173e+00  1.11959127e-07  3.30007239e+00 
 1.12009127e-07 -2.23295273e-06  1.12009127e-07 -5.20138685e-05  1.12009127e-07  1.20000865e+00  1.12009127e-07  3.29992730e+00 
 1.12059127e-07  1.57208468e-06  1.12059127e-07  5.03659789e-05  1.12059127e-07  1.19999066e+00  1.12059127e-07  3.30006675e+00 
 1.12109127e-07 -7.48457392e-07  1.12109127e-07 -4.86945716e-05  1.12109127e-07  1.20000950e+00  1.12109127e-07  3.29993324e+00 
 1.12159127e-07  2.38116384e-07  1.12159127e-07  4.71247041e-05  1.12159127e-07  1.19999000e+00  1.12159127e-07  3.30006159e+00 
 1.12209127e-07  4.47961715e-07  1.12209127e-07 -4.55391639e-05  1.12209127e-07  1.20001002e+00  1.12209127e-07  3.29993859e+00 
 1.12259127e-07 -8.32589229e-07  1.12259127e-07  4.40488377e-05  1.12259127e-07  1.19998963e+00  1.12259127e-07  3.30005687e+00 
 1.12309127e-07  1.40421039e-06  1.12309127e-07 -4.25475634e-05  1.12309127e-07  1.20001030e+00  1.12309127e-07  3.29994344e+00 
 1.12359127e-07 -1.68461101e-06  1.12359127e-07  4.11358795e-05  1.12359127e-07  1.19998944e+00  1.12359127e-07  3.30005254e+00 
 1.12409127e-07  2.16161810e-06  1.12409127e-07 -3.97158709e-05  1.12409127e-07  1.20001042e+00  1.12409127e-07  3.29994786e+00 
 1.12459127e-07 -2.35612426e-06  1.12459127e-07  3.83803871e-05  1.12459127e-07  1.19998938e+00  1.12459127e-07  3.30004856e+00 
 1.12509127e-07  2.75535102e-06  1.12509127e-07 -3.70377947e-05  1.12509127e-07  1.20001044e+00  1.12509127e-07  3.29995189e+00 
 1.12559127e-07 -2.87943089e-06  1.12559127e-07  3.57751403e-05  1.12559127e-07  1.19998941e+00  1.12559127e-07  3.30004489e+00 
 1.12609127e-07  3.21501935e-06  1.12609127e-07 -3.45056614e-05  1.12609127e-07  1.20001039e+00  1.12609127e-07  3.29995559e+00 
 1.12659127e-07 -3.28161272e-06  1.12659127e-07  3.33119645e-05  1.12659127e-07  1.19998950e+00  1.12659127e-07  3.30004151e+00 
 1.12709127e-07  3.56535320e-06  1.12709127e-07 -3.21111225e-05  1.12709127e-07  1.20001029e+00  1.12709127e-07  3.29995899e+00 
 1.12759127e-07 -3.58521160e-06  1.12759127e-07  3.09823026e-05  1.12759127e-07  1.19998962e+00  1.12759127e-07  3.30003837e+00 
 1.12809127e-07  3.82687413e-06  1.12809127e-07 -2.98456374e-05  1.12809127e-07  1.20001016e+00  1.12809127e-07  3.29996213e+00 
 1.12859127e-07 -3.80888217e-06  1.12859127e-07  2.87776011e-05  1.12859127e-07  1.19998976e+00  1.12859127e-07  3.30003547e+00 
 1.12909127e-07  4.01652266e-06  1.12909127e-07 -2.77007947e-05  1.12909127e-07  1.20001001e+00  1.12909127e-07  3.29996504e+00 
 1.12959127e-07 -3.96798949e-06  1.12959127e-07  2.66895628e-05  1.12959127e-07  1.19998992e+00  1.12959127e-07  3.30003276e+00 
 1.13009127e-07  4.14822337e-06  1.13009127e-07 -2.56685164e-05  1.13009127e-07  1.20000985e+00  1.13009127e-07  3.29996774e+00 
 1.13059127e-07 -4.07513960e-06  1.13059127e-07  2.47103015e-05  1.13059127e-07  1.19999009e+00  1.13059127e-07  3.30003024e+00 
 1.13109127e-07  4.23338066e-06  1.13109127e-07 -2.37411794e-05  1.13109127e-07  1.20000969e+00  1.13109127e-07  3.29997025e+00 
 1.13159127e-07 -4.14064063e-06  1.13159127e-07  2.28324297e-05  1.13159127e-07  1.19999025e+00  1.13159127e-07  3.30002788e+00 
 1.13209127e-07  4.28130626e-06  1.13209127e-07 -2.19116783e-05  1.13209127e-07  1.20000953e+00  1.13209127e-07  3.29997260e+00 
 1.13259127e-07 -4.17289765e-06  1.13259127e-07  2.10490979e-05  1.13259127e-07  1.19999042e+00  1.13259127e-07  3.30002567e+00 
 1.13309127e-07  4.29958282e-06  1.13309127e-07 -2.01734492e-05  1.13309127e-07  1.20000936e+00  1.13309127e-07  3.29997480e+00 
 1.13359127e-07 -4.17874668e-06  1.13359127e-07  1.93540021e-05  1.13359127e-07  1.19999059e+00  1.13359127e-07  3.30002360e+00 
 1.13409127e-07  4.29437033e-06  1.13409127e-07 -1.85204659e-05  1.13409127e-07  1.20000920e+00  1.13409127e-07  3.29997686e+00 
 1.13459127e-07 -4.16373496e-06  1.13459127e-07  1.77413697e-05  1.13459127e-07  1.19999075e+00  1.13459127e-07  3.30002165e+00 
 1.13509127e-07  4.27066199e-06  1.13509127e-07 -1.69472197e-05  1.13509127e-07  1.20000904e+00  1.13509127e-07  3.29997879e+00 
 1.13559127e-07 -4.13235439e-06  1.13559127e-07  1.62059333e-05  1.13559127e-07  1.19999091e+00  1.13559127e-07  3.30001981e+00 
 1.13609127e-07  4.23249690e-06  1.13609127e-07 -1.54486885e-05  1.13609127e-07  1.20000888e+00  1.13609127e-07  3.29998062e+00 
 1.13659127e-07 -4.08823485e-06  1.13659127e-07  1.47428954e-05  1.13659127e-07  1.19999107e+00  1.13659127e-07  3.30001808e+00 
 1.13709127e-07  4.18313581e-06  1.13709127e-07 -1.40203006e-05  1.13709127e-07  1.20000872e+00  1.13709127e-07  3.29998234e+00 
 1.13759127e-07 -4.03430387e-06  1.13759127e-07  1.33478909e-05  1.13759127e-07  1.19999123e+00  1.13759127e-07  3.30001643e+00 
 1.13809127e-07  4.12520583e-06  1.13809127e-07 -1.26578957e-05  1.13809127e-07  1.20000857e+00  1.13809127e-07  3.29998397e+00 
 1.13859127e-07 -3.97291765e-06  1.13859127e-07  1.20169475e-05  1.13859127e-07  1.19999138e+00  1.13859127e-07  3.30001488e+00 
 1.13909127e-07  4.06081917e-06  1.13909127e-07 -1.13576868e-05  1.13909127e-07  1.20000842e+00  1.13909127e-07  3.29998551e+00 
 1.13959127e-07 -3.90596854e-06  1.13959127e-07  1.07464480e-05  1.13959127e-07  1.19999153e+00  1.13959127e-07  3.30001341e+00 
 1.14009127e-07  3.99167028e-06  1.14009127e-07 -1.01162227e-05  1.14009127e-07  1.20000828e+00  1.14009127e-07  3.29998697e+00 
 1.14059127e-07 -3.83497283e-06  1.14059127e-07  9.53309350e-06  1.14059127e-07  1.19999167e+00  1.14059127e-07  3.30001201e+00 
 1.14109127e-07  3.91911516e-06  1.14109127e-07 -8.93035269e-06  1.14109127e-07  1.20000814e+00  1.14109127e-07  3.29998835e+00 
 1.14159127e-07 -3.76114238e-06  1.14159127e-07  8.37386966e-06  1.14159127e-07  1.19999181e+00  1.14159127e-07  3.30001069e+00 
 1.14209127e-07  3.84423612e-06  1.14209127e-07 -7.79719463e-06  1.14209127e-07  1.20000800e+00  1.14209127e-07  3.29998966e+00 
 1.14259127e-07 -3.68544299e-06  1.14259127e-07  7.26601579e-06  1.14259127e-07  1.19999195e+00  1.14259127e-07  3.30000942e+00 
 1.14309127e-07  3.76789422e-06  1.14309127e-07 -6.71410525e-06  1.14309127e-07  1.20000786e+00  1.14309127e-07  3.29999091e+00 
 1.14359127e-07 -3.60864171e-06  1.14359127e-07  6.20699674e-06  1.14359127e-07  1.19999208e+00  1.14359127e-07  3.30000822e+00 
 1.14409127e-07  3.69077213e-06  1.14409127e-07 -5.67865369e-06  1.14409127e-07  1.20000773e+00  1.14409127e-07  3.29999210e+00 
 1.14459127e-07 -3.53134541e-06  1.14459127e-07  5.19447778e-06  1.14459127e-07  1.19999222e+00  1.14459127e-07  3.30000708e+00 
 1.14509127e-07  3.61340869e-06  1.14509127e-07 -4.68859775e-06  1.14509127e-07  1.20000760e+00  1.14509127e-07  3.29999323e+00 
 1.14559127e-07 -3.45403194e-06  1.14559127e-07  4.22630215e-06  1.14559127e-07  1.19999235e+00  1.14559127e-07  3.30000599e+00 
 1.14609127e-07  3.53622698e-06  1.14609127e-07 -3.74186291e-06  1.14609127e-07  1.20000748e+00  1.14609127e-07  3.29999431e+00 
 1.14659127e-07 -3.37707535e-06  1.14659127e-07  3.30047139e-06  1.14659127e-07  1.19999247e+00  1.14659127e-07  3.30000495e+00 
 1.14709127e-07  3.45955713e-06  1.14709127e-07 -2.83652376e-06  1.14709127e-07  1.20000735e+00  1.14709127e-07  3.29999534e+00 
 1.14759127e-07 -3.30076639e-06  1.14759127e-07  2.41512773e-06  1.14759127e-07  1.19999260e+00  1.14759127e-07  3.30000396e+00 
 1.14809127e-07  3.38365460e-06  1.14809127e-07 -1.97078761e-06  1.14809127e-07  1.20000723e+00  1.14809127e-07  3.29999632e+00 
 1.14859127e-07 -3.22532898e-06  1.14859127e-07  1.56853890e-06  1.14859127e-07  1.19999272e+00  1.14859127e-07  3.30000301e+00 
 1.14909127e-07  3.30871508e-06  1.14909127e-07 -1.14298018e-06  1.14909127e-07  1.20000711e+00  1.14909127e-07  3.29999725e+00 
 1.14959127e-07 -3.15093360e-06  1.14959127e-07  7.59084575e-07  1.14959127e-07  1.19999284e+00  1.14959127e-07  3.30000211e+00 
 1.15009127e-07  3.23488645e-06  1.15009127e-07 -3.51533081e-07  1.15009127e-07  1.20000699e+00  1.15009127e-07  3.29999815e+00 
 1.15059127e-07 -3.07770794e-06  1.15059127e-07 -1.47552639e-08  1.15059127e-07  1.19999295e+00  1.15059127e-07  3.30000124e+00 
 1.15109127e-07  3.16227839e-06  1.15109127e-07  4.05027210e-07  1.15109127e-07  1.20000688e+00  1.15109127e-07  3.29999900e+00 
 1.15159127e-07 -3.00574566e-06  1.15159127e-07 -7.54410670e-07  1.15159127e-07  1.19999307e+00  1.15159127e-07  3.30000042e+00 
 1.15209127e-07  3.09097026e-06  1.15209127e-07  1.12808888e-06  1.15209127e-07  1.20000677e+00  1.15209127e-07  3.29999982e+00 
 1.15259127e-07 -2.93511336e-06  1.15259127e-07 -1.46123062e-06  1.15259127e-07  1.19999318e+00  1.15259127e-07  3.29999963e+00 
 1.15309127e-07  3.02101721e-06  1.15309127e-07  1.81896313e-06  1.15309127e-07  1.20000666e+00  1.15309127e-07  3.30000060e+00 
 1.15359127e-07 -2.86585608e-06  1.15359127e-07 -2.13649088e-06  1.15359127e-07  1.19999329e+00  1.15359127e-07  3.29999887e+00 
 1.15409127e-07  2.95245533e-06  1.15409127e-07  2.47889156e-06  1.15409127e-07  1.20000655e+00  1.15409127e-07  3.30000134e+00 
 1.15459127e-07 -2.79800195e-06  1.15459127e-07 -2.78140081e-06  1.15459127e-07  1.19999340e+00  1.15459127e-07  3.29999815e+00 
 1.15509127e-07  2.88530562e-06  1.15509127e-07  3.10905240e-06  1.15509127e-07  1.20000644e+00  1.15509127e-07  3.30000205e+00 
 1.15559127e-07 -2.73156568e-06  1.15559127e-07 -3.39710935e-06  1.15559127e-07  1.19999350e+00  1.15559127e-07  3.29999746e+00 
 1.15609127e-07  2.81957726e-06  1.15609127e-07  3.71056624e-06  1.15609127e-07  1.20000634e+00  1.15609127e-07  3.30000274e+00 
 1.15659127e-07 -2.66655155e-06  1.15659127e-07 -3.98471020e-06  1.15659127e-07  1.19999361e+00  1.15659127e-07  3.29999680e+00 
 1.15709127e-07  2.75527014e-06  1.15709127e-07  4.28450078e-06  1.15709127e-07  1.20000623e+00  1.15709127e-07  3.30000339e+00 
 1.15759127e-07 -2.60295566e-06  1.15759127e-07 -4.54524643e-06  1.15759127e-07  1.19999371e+00  1.15759127e-07  3.29999617e+00 
 1.15809127e-07  2.69237702e-06  1.15809127e-07  4.83187524e-06  1.15809127e-07  1.20000613e+00  1.15809127e-07  3.30000401e+00 
 1.15859127e-07 -2.54076781e-06  1.15859127e-07 -5.07971451e-06  1.15859127e-07  1.19999381e+00  1.15859127e-07  3.29999556e+00 
 1.15909127e-07  2.63088512e-06  1.15909127e-07  5.35366398e-06  1.15909127e-07  1.20000604e+00  1.15909127e-07  3.30000461e+00 
 1.15959127e-07 -2.47997300e-06  1.15959127e-07 -5.58906783e-06  1.15959127e-07  1.19999391e+00  1.15959127e-07  3.29999499e+00 
 1.16009127e-07  2.57077743e-06  1.16009127e-07  5.85080002e-06  1.16009127e-07  1.20000594e+00  1.16009127e-07  3.30000518e+00 
 1.16059127e-07 -2.42055250e-06  1.16059127e-07 -6.07421980e-06  1.16059127e-07  1.19999400e+00  1.16059127e-07  3.29999443e+00 
 1.16109127e-07  2.51203379e-06  1.16109127e-07  6.32417774e-06  1.16109127e-07  1.20000584e+00  1.16109127e-07  3.30000572e+00 
 1.16159127e-07 -2.36248493e-06  1.16159127e-07 -6.53604666e-06  1.16159127e-07  1.19999410e+00  1.16159127e-07  3.29999390e+00 
 1.16209127e-07  2.45463172e-06  1.16209127e-07  6.77465569e-06  1.16209127e-07  1.20000575e+00  1.16209127e-07  3.30000624e+00 
 1.16259127e-07 -2.30574689e-06  1.16259127e-07 -6.97538992e-06  1.16259127e-07  1.19999419e+00  1.16259127e-07  3.29999340e+00 
 1.16309127e-07  2.39854707e-06  1.16309127e-07  7.20305876e-06  1.16309127e-07  1.20000566e+00  1.16309127e-07  3.30000674e+00 
 1.16359127e-07 -2.25031360e-06  1.16359127e-07 -7.39305853e-06  1.16359127e-07  1.19999428e+00  1.16359127e-07  3.29999291e+00 
 1.16409127e-07  2.34375449e-06  1.16409127e-07  7.61018036e-06  1.16409127e-07  1.20000557e+00  1.16409127e-07  3.30000722e+00 
 1.16459127e-07 -2.19615930e-06  1.16459127e-07 -7.78983084e-06  1.16459127e-07  1.19999437e+00  1.16459127e-07  3.29999245e+00 
 1.16509127e-07  2.29022791e-06  1.16509127e-07  7.99678413e-06  1.16509127e-07  1.20000548e+00  1.16509127e-07  3.30000767e+00 
 1.16559127e-07 -2.14325769e-06  1.16559127e-07 -8.16645633e-06  1.16559127e-07  1.19999446e+00  1.16559127e-07  3.29999201e+00 
 1.16609127e-07  2.23794084e-06  1.16609127e-07  8.36360572e-06  1.16609127e-07  1.20000539e+00  1.16609127e-07  3.30000811e+00 
 1.16659127e-07 -2.09158215e-06  1.16659127e-07 -8.52365724e-06  1.16659127e-07  1.19999455e+00  1.16659127e-07  3.29999159e+00 
 1.16709127e-07  2.18686660e-06  1.16709127e-07  8.71135425e-06  1.16709127e-07  1.20000531e+00  1.16709127e-07  3.30000853e+00 
 1.16759127e-07 -2.04110599e-06  1.16759127e-07 -8.86212998e-06  1.16759127e-07  1.19999463e+00  1.16759127e-07  3.29999118e+00 
 1.16809127e-07  2.13697850e-06  1.16809127e-07  9.04071368e-06  1.16809127e-07  1.20000522e+00  1.16809127e-07  3.30000892e+00 
 1.16859127e-07 -1.99180260e-06  1.16859127e-07 -9.18254638e-06  1.16859127e-07  1.19999472e+00  1.16859127e-07  3.29999080e+00 
 1.16909127e-07  2.08825003e-06  1.16909127e-07  9.35234397e-06  1.16909127e-07  1.20000514e+00  1.16909127e-07  3.30000930e+00 
 1.16959127e-07 -1.94364557e-06  1.16959127e-07 -9.48555493e-06  1.16959127e-07  1.19999480e+00  1.16959127e-07  3.29999043e+00 
 1.17009127e-07  2.04065491e-06  1.17009127e-07  9.64688235e-06  1.17009127e-07  1.20000506e+00  1.17009127e-07  3.30000966e+00 
 1.17059127e-07 -1.89660881e-06  1.17059127e-07 -9.77178182e-06  1.17059127e-07  1.19999488e+00  1.17059127e-07  3.29999008e+00 
 1.17109127e-07  1.99416724e-06  1.17109127e-07  9.92494420e-06  1.17109127e-07  1.20000498e+00  1.17109127e-07  3.30001001e+00 
 1.17159127e-07 -1.85066662e-06  1.17159127e-07 -1.00418319e-05  1.17159127e-07  1.19999496e+00  1.17159127e-07  3.29998974e+00 
 1.17209127e-07  1.94876152e-06  1.17209127e-07  1.01871241e-05  1.17209127e-07  1.20000490e+00  1.17209127e-07  3.30001034e+00 
 1.17259127e-07 -1.80579372e-06  1.17259127e-07 -1.02962897e-05  1.17259127e-07  1.19999504e+00  1.17259127e-07  3.29998942e+00 
 1.17309127e-07  1.90441270e-06  1.17309127e-07  1.04339966e-05  1.17309127e-07  1.20000482e+00  1.17309127e-07  3.30001065e+00 
 1.17359127e-07 -1.76196531e-06  1.17359127e-07 -1.05357203e-05  1.17359127e-07  1.19999512e+00  1.17359127e-07  3.29998912e+00 
 1.17409127e-07  1.86109621e-06  1.17409127e-07  1.06661174e-05  1.17409127e-07  1.20000474e+00  1.17409127e-07  3.30001095e+00 
 1.17459127e-07 -1.71915707e-06  1.17459127e-07 -1.07606697e-05  1.17459127e-07  1.19999519e+00  1.17459127e-07  3.29998883e+00 
 1.17509127e-07  1.81878801e-06  1.17509127e-07  1.08840233e-05  1.17509127e-07  1.20000467e+00  1.17509127e-07  3.30001124e+00 
 1.17559127e-07 -1.67734521e-06  1.17559127e-07 -1.09716662e-05  1.17559127e-07  1.19999527e+00  1.17559127e-07  3.29998855e+00 
 1.17609127e-07  1.77746453e-06  1.17609127e-07  1.10882340e-05  1.17609127e-07  1.20000459e+00  1.17609127e-07  3.30001151e+00 
 1.17659127e-07 -1.63650645e-06  1.17659127e-07 -1.11692207e-05  1.17659127e-07  1.19999534e+00  1.17659127e-07  3.29998829e+00 
 1.17709127e-07  1.73710277e-06  1.17709127e-07  1.12792517e-05  1.17709127e-07  1.20000452e+00  1.17709127e-07  3.30001177e+00 
 1.17759127e-07 -1.59661804e-06  1.17759127e-07 -1.13538272e-05  1.17759127e-07  1.19999541e+00  1.17759127e-07  3.29998804e+00 
 1.17809127e-07  1.69768023e-06  1.17809127e-07  1.14575625e-05  1.17809127e-07  1.20000445e+00  1.17809127e-07  3.30001201e+00 
 1.17859127e-07 -1.55765774e-06  1.17859127e-07 -1.15259638e-05  1.17859127e-07  1.19999548e+00  1.17859127e-07  3.29998781e+00 
 1.17909127e-07  1.65917493e-06  1.17909127e-07  1.16236366e-05  1.17909127e-07  1.20000438e+00  1.17909127e-07  3.30001224e+00 
 1.17959127e-07 -1.51960383e-06  1.17959127e-07 -1.16860930e-05  1.17959127e-07  1.19999555e+00  1.17959127e-07  3.29998758e+00 
 1.18009127e-07  1.62156540e-06  1.18009127e-07  1.17779289e-05  1.18009127e-07  1.20000431e+00  1.18009127e-07  3.30001247e+00 
 1.18059127e-07 -1.48243512e-06  1.18059127e-07 -1.18346624e-05  1.18059127e-07  1.19999562e+00  1.18059127e-07  3.29998737e+00 
 1.18109127e-07  1.58483070e-06  1.18109127e-07  1.19208796e-05  1.18109127e-07  1.20000424e+00  1.18109127e-07  3.30001267e+00 
 1.18159127e-07 -1.44613089e-06  1.18159127e-07 -1.19721049e-05  1.18159127e-07  1.19999569e+00  1.18159127e-07  3.29998716e+00 
 1.18209127e-07  1.54895037e-06  1.18209127e-07  1.20529148e-05  1.18209127e-07  1.20000418e+00  1.18209127e-07  3.30001287e+00 
 1.18259127e-07 -1.41067093e-06  1.18259127e-07 -1.20988395e-05  1.18259127e-07  1.19999575e+00  1.18259127e-07  3.29998697e+00 
 1.18309127e-07  1.51390443e-06  1.18309127e-07  1.21744465e-05  1.18309127e-07  1.20000411e+00  1.18309127e-07  3.30001306e+00 
 1.18359127e-07 -1.37603553e-06  1.18359127e-07 -1.22152719e-05  1.18359127e-07  1.19999582e+00  1.18359127e-07  3.29998679e+00 
 1.18409127e-07  1.47967339e-06  1.18409127e-07  1.22858738e-05  1.18409127e-07  1.20000405e+00  1.18409127e-07  3.30001324e+00 
 1.18459127e-07 -1.34220543e-06  1.18459127e-07 -1.23217943e-05  1.18459127e-07  1.19999588e+00  1.18459127e-07  3.29998662e+00 
 1.18509127e-07  1.44623824e-06  1.18509127e-07  1.23875826e-05  1.18509127e-07  1.20000398e+00  1.18509127e-07  3.30001341e+00 
 1.18559127e-07 -1.30916183e-06  1.18559127e-07 -1.24187865e-05  1.18559127e-07  1.19999595e+00  1.18559127e-07  3.29998646e+00 
 1.18609127e-07  1.41358039e-06  1.18609127e-07  1.24799464e-05  1.18609127e-07  1.20000392e+00  1.18609127e-07  3.30001356e+00 
 1.18659127e-07 -1.27688638e-06  1.18659127e-07 -1.25066160e-05  1.18659127e-07  1.19999601e+00  1.18659127e-07  3.29998631e+00 
 1.18709127e-07  1.38168174e-06  1.18709127e-07  1.25633266e-05  1.18709127e-07  1.20000386e+00  1.18709127e-07  3.30001371e+00 
 1.18759127e-07 -1.24536120e-06  1.18759127e-07 -1.25856382e-05  1.18759127e-07  1.19999607e+00  1.18759127e-07  3.29998616e+00 
 1.18809127e-07  1.35052457e-06  1.18809127e-07  1.26380732e-05  1.18809127e-07  1.20000380e+00  1.18809127e-07  3.30001385e+00 
 1.18859127e-07 -1.21456878e-06  1.18859127e-07 -1.26561973e-05  1.18859127e-07  1.19999613e+00  1.18859127e-07  3.29998603e+00 
 1.18909127e-07  1.32009163e-06  1.18909127e-07  1.27045244e-05  1.18909127e-07  1.20000374e+00  1.18909127e-07  3.30001398e+00 
 1.18959127e-07 -1.18449208e-06  1.18959127e-07 -1.27186262e-05  1.18959127e-07  1.19999619e+00  1.18959127e-07  3.29998590e+00 
 1.19009127e-07  1.29036606e-06  1.19009127e-07  1.27630078e-05  1.19009127e-07  1.20000368e+00  1.19009127e-07  3.30001411e+00 
 1.19059127e-07 -1.15511446e-06  1.19059127e-07 -1.27732468e-05  1.19059127e-07  1.19999625e+00  1.19059127e-07  3.29998579e+00 
 1.19109127e-07  1.26133141e-06  1.19109127e-07  1.28138400e-05  1.19109127e-07  1.20000362e+00  1.19109127e-07  3.30001422e+00 
 1.19159127e-07 -1.12641965e-06  1.19159127e-07 -1.28203709e-05  1.19159127e-07  1.19999630e+00  1.19159127e-07  3.29998568e+00 
 1.19209127e-07  1.23297162e-06  1.19209127e-07  1.28573277e-05  1.19209127e-07  1.20000357e+00  1.19209127e-07  3.30001433e+00 
 1.19259127e-07 -1.09839177e-06  1.19259127e-07 -1.28602999e-05  1.19259127e-07  1.19999636e+00  1.19259127e-07  3.29998557e+00 
 1.19309127e-07  1.20527099e-06  1.19309127e-07  1.28937672e-05  1.19309127e-07  1.20000351e+00  1.19309127e-07  3.30001443e+00 
 1.19359127e-07 -1.07101534e-06  1.19359127e-07 -1.28933252e-05  1.19359127e-07  1.19999641e+00  1.19359127e-07  3.29998548e+00 
 1.19409127e-07  1.17821421e-06  1.19409127e-07  1.29234454e-05  1.19409127e-07  1.20000346e+00  1.19409127e-07  3.30001452e+00 
 1.19459127e-07 -1.04427521e-06  1.19459127e-07 -1.29197291e-05  1.19459127e-07  1.19999647e+00  1.19459127e-07  3.29998539e+00 
 1.19509127e-07  1.15178634e-06  1.19509127e-07  1.29466396e-05  1.19509127e-07  1.20000340e+00  1.19509127e-07  3.30001461e+00 
 1.19559127e-07 -1.01815664e-06  1.19559127e-07 -1.29397842e-05  1.19559127e-07  1.19999652e+00  1.19559127e-07  3.29998531e+00 
 1.19609127e-07  1.12597278e-06  1.19609127e-07  1.29636181e-05  1.19609127e-07  1.20000335e+00  1.19609127e-07  3.30001468e+00 
 1.19659127e-07 -9.92645179e-07  1.19659127e-07 -1.29537544e-05  1.19659127e-07  1.19999657e+00  1.19659127e-07  3.29998523e+00 
 1.19709127e-07  1.10075927e-06  1.19709127e-07  1.29746403e-05  1.19709127e-07  1.20000330e+00  1.19709127e-07  3.30001476e+00 
 1.19759127e-07 -9.67726744e-07  1.19759127e-07 -1.29618946e-05  1.19759127e-07  1.19999663e+00  1.19759127e-07  3.29998517e+00 
 1.19809127e-07  1.07613189e-06  1.19809127e-07  1.29799569e-05  1.19809127e-07  1.20000325e+00  1.19809127e-07  3.30001482e+00 
 1.19859127e-07 -9.43387589e-07  1.19859127e-07 -1.29644517e-05  1.19859127e-07  1.19999668e+00  1.19859127e-07  3.29998510e+00 
 1.19909127e-07  1.05207705e-06  1.19909127e-07  1.29798105e-05  1.19909127e-07  1.20000320e+00  1.19909127e-07  3.30001488e+00 
 1.19954563e-07 -9.18435125e-07  1.19954563e-07 -1.29613885e-05  1.19954563e-07  1.19999673e+00  1.19954563e-07  3.29998504e+00 
 1.20000000e-07  1.02625211e-06  1.20000000e-07  1.29736176e-05  1.20000000e-07  1.20000314e+00  1.20000000e-07  3.30001494e+00 
 1.20005000e-07  1.30729022e-05  1.20005000e-07  1.35670818e-04  1.20005000e-07  1.20011631e+00  1.20005000e-07  3.30066285e+00 
 1.20015000e-07 -3.88944988e-06  1.20015000e-07  2.90161710e-05  1.20015000e-07  1.20009404e+00  1.20015000e-07  3.30080087e+00 
 1.20035000e-07 -7.71539180e-06  1.20035000e-07 -5.32916676e-05  1.20035000e-07  1.19994416e+00  1.20035000e-07  3.30026351e+00 
 1.20075000e-07  6.64439449e-06  1.20075000e-07 -4.12052960e-05  1.20075000e-07  1.20000874e+00  1.20075000e-07  3.29955835e+00 
 1.20125000e-07 -3.49391281e-05  1.20125000e-07 -1.14712676e-04  1.20125000e-07  1.19916753e+00  1.20125000e-07  3.29789629e+00 
 1.20162500e-07 -7.27000355e-05  1.20162500e-07 -2.82949730e-04  1.20162500e-07  1.19718440e+00  1.20162500e-07  3.29450291e+00 
 1.20200000e-07  3.81076571e-04  1.20200000e-07  1.41434924e-04  1.20200000e-07  1.20460524e+00  1.20200000e-07  3.29504766e+00 
 1.20205000e-07  3.43717612e-04  1.20205000e-07  6.58256160e-05  1.20205000e-07  1.20606708e+00  1.20205000e-07  3.29507560e+00 
 1.20215000e-07 -1.46368091e-04  1.20215000e-07  2.03695533e-04  1.20215000e-07  1.20475931e+00  1.20215000e-07  3.29604613e+00 
 1.20235000e-07 -4.31169035e-04  1.20235000e-07  5.22073615e-04  1.20235000e-07  1.19752340e+00  1.20235000e-07  3.30003481e+00 
 1.20275000e-07  3.34609893e-04  1.20275000e-07  1.38626048e-03  1.20275000e-07  1.19989138e+00  1.20275000e-07  3.31757561e+00 
 1.20318178e-07 -1.94228570e-04  1.20318178e-07 -1.79802527e-03  1.20318178e-07  1.20020131e+00  1.20318178e-07  3.30246271e+00 
 1.20363585e-07  1.19310314e-04  1.20363585e-07  3.21434054e-04  1.20363585e-07  1.19973299e+00  1.20363585e-07  3.29543621e+00 
 1.20413585e-07 -7.60676491e-05  1.20413585e-07 -1.01771979e-04  1.20413585e-07  1.20027900e+00  1.20413585e-07  3.29950214e+00 
 1.20463585e-07  4.79825932e-05  1.20463585e-07  1.71079924e-04  1.20463585e-07  1.19973232e+00  1.20463585e-07  3.29878115e+00 
 1.20513585e-07 -2.90513324e-05  1.20513585e-07 -1.09250559e-04  1.20513585e-07  1.20024477e+00  1.20513585e-07  3.29984910e+00 
 1.20563585e-07  1.65343828e-05  1.20563585e-07  1.11006271e-04  1.20563585e-07  1.19978272e+00  1.20563585e-07  3.29950794e+00 
 1.20613585e-07 -7.88524082e-06  1.20613585e-07 -7.51869394e-05  1.20613585e-07  1.20018886e+00  1.20613585e-07  3.30005780e+00 
 1.20663585e-07  2.20188898e-06  1.20663585e-07  6.50843886e-05  1.20663585e-07  1.19983790e+00  1.20663585e-07  3.29973143e+00 
 1.20713585e-07  1.84223412e-06  1.20713585e-07 -4.49507280e-05  1.20713585e-07  1.20013764e+00  1.20713585e-07  3.30012533e+00 
 1.20763585e-07 -4.35475803e-06  1.20763585e-07  3.46383280e-05  1.20763585e-07  1.19988373e+00  1.20763585e-07  3.29980943e+00 
 1.20813585e-07  6.21175227e-06  1.20813585e-07 -2.21144600e-05  1.20813585e-07  1.20009767e+00  1.20813585e-07  3.30014072e+00 
 1.20863585e-07 -7.19644671e-06  1.20863585e-07  1.36709624e-05  1.20863585e-07  1.19991800e+00  1.20863585e-07  3.29984151e+00 
 1.20913585e-07  7.98196063e-06  1.20913585e-07 -5.23268273e-06  1.20913585e-07  1.20006864e+00  1.20913585e-07  3.30013897e+00 
 1.20963585e-07 -8.21234590e-06  1.20963585e-07 -1.22047721e-06  1.20963585e-07  1.19994237e+00  1.20963585e-07  3.29985856e+00 
 1.21013585e-07  8.46596732e-06  1.21013585e-07  7.14084931e-06  1.21013585e-07  1.20004832e+00  1.21013585e-07  3.30013191e+00 
 1.21063585e-07 -8.32313545e-06  1.21063585e-07 -1.19179701e-05  1.21063585e-07  1.19995923e+00  1.21063585e-07  3.29987039e+00 
 1.21113585e-07  8.31618706e-06  1.21113585e-07  1.61335285e-05  1.21113585e-07  1.20003437e+00  1.21113585e-07  3.30012352e+00 
 1.21163585e-07 -7.99465585e-06  1.21163585e-07 -1.96012515e-05  1.21163585e-07  1.19997074e+00  1.21163585e-07  3.29988010e+00 
 1.21213585e-07  7.86763918e-06  1.21213585e-07  2.26055065e-05  1.21213585e-07  1.20002488e+00  1.21213585e-07  3.30011516e+00 
 1.21263585e-07 -7.46913541e-06  1.21263585e-07 -2.50822962e-05  1.21263585e-07  1.19997855e+00  1.21263585e-07  3.29988865e+00 
 1.21313585e-07  7.29607494e-06  1.21313585e-07  2.72078822e-05  1.21313585e-07  1.20001845e+00  1.21313585e-07  3.30010730e+00 
 1.21363585e-07 -6.87431966e-06  1.21363585e-07 -2.89463217e-05  1.21363585e-07  1.19998385e+00  1.21363585e-07  3.29989632e+00 
 1.21413585e-07  6.69422339e-06  1.21413585e-07  3.04297620e-05  1.21413585e-07  1.20001408e+00  1.21413585e-07  3.30010008e+00 
 1.21463585e-07 -6.27726581e-06  1.21463585e-07 -3.16227061e-05  1.21463585e-07  1.19998746e+00  1.21463585e-07  3.29990325e+00 
 1.21513585e-07  6.11015513e-06  1.21513585e-07  3.26360336e-05  1.21513585e-07  1.20001109e+00  1.21513585e-07  3.30009353e+00 
 1.21563585e-07 -5.71197180e-06  1.21563585e-07 -3.34280244e-05  1.21563585e-07  1.19998993e+00  1.21563585e-07  3.29990949e+00 
 1.21613585e-07  5.56737019e-06  1.21613585e-07  3.40973383e-05  1.21613585e-07  1.20000904e+00  1.21613585e-07  3.30008761e+00 
 1.21663585e-07 -5.19411586e-06  1.21663585e-07 -3.45956019e-05  1.21663585e-07  1.19999165e+00  1.21663585e-07  3.29991511e+00 
 1.21713585e-07  5.07570063e-06  1.21713585e-07  3.50134525e-05  1.21713585e-07  1.20000760e+00  1.21713585e-07  3.30008228e+00 
 1.21763585e-07 -4.72918460e-06  1.21763585e-07 -3.52970217e-05  1.21763585e-07  1.19999285e+00  1.21763585e-07  3.29992017e+00 
 1.21813585e-07  4.63740832e-06  1.21813585e-07  3.55312496e-05  1.21813585e-07  1.20000658e+00  1.21813585e-07  3.30007747e+00 
 1.21863585e-07 -4.31707513e-06  1.21863585e-07 -3.56581101e-05  1.21863585e-07  1.19999371e+00  1.21863585e-07  3.29992474e+00 
 1.21913585e-07  4.25067242e-06  1.21913585e-07  3.57583317e-05  1.21913585e-07  1.20000585e+00  1.21913585e-07  3.30007313e+00 
 1.21956793e-07 -3.92823169e-06  1.21956793e-07 -3.57715519e-05  1.21956793e-07  1.19999438e+00  1.21956793e-07  3.29992918e+00 
 1.22000000e-07  3.86229478e-06  1.22000000e-07  3.57607067e-05  1.22000000e-07  1.20000524e+00  1.22000000e-07  3.30006861e+00 
 1.22005000e-07  9.64633726e-07  1.22005000e-07  5.30783229e-06  1.22005000e-07  1.20000550e+00  1.22005000e-07  3.30002866e+00 
 1.22015000e-07 -1.15551928e-06  1.22015000e-07 -5.23432105e-06  1.22015000e-07  1.19999665e+00  1.22015000e-07  3.29999793e+00 
 1.22035000e-07  7.01015214e-07  1.22035000e-07  6.03409280e-07  1.22035000e-07  1.19999691e+00  1.22035000e-07  3.29998807e+00 
 1.22075000e-07 -1.50382475e-07  1.22075000e-07  1.77317059e-08  1.22075000e-07  1.20000424e+00  1.22075000e-07  3.30000069e+00 
 1.22125000e-07  6.35927951e-09  1.22125000e-07  5.78140433e-07  1.22125000e-07  1.19999562e+00  1.22125000e-07  3.30000268e+00 
 1.22162500e-07  3.63622372e-07  1.22162500e-07 -7.20191959e-07  1.22162500e-07  1.20000434e+00  1.22162500e-07  3.29999966e+00 
 1.22200000e-07 -3.71943819e-07  1.22200000e-07 -8.14155578e-07  1.22200000e-07  1.19999669e+00  1.22200000e-07  3.29998635e+00 
 1.22205000e-07 -6.15056765e-07  1.22205000e-07  1.99091734e-06  1.22205000e-07  1.19999289e+00  1.22205000e-07  3.29999870e+00 
 1.22215000e-07  1.17018464e-06  1.22215000e-07  2.47992452e-06  1.22215000e-07  1.20000285e+00  1.22215000e-07  3.30001221e+00 
 1.22235000e-07 -3.44623805e-07  1.22235000e-07 -7.78969934e-07  1.22235000e-07  1.20000420e+00  1.22235000e-07  3.30000827e+00 
 1.22275000e-07 -3.45921310e-08  1.22275000e-07 -3.46631956e-07  1.22275000e-07  1.19999399e+00  1.22275000e-07  3.29999669e+00 
 1.22325000e-07  4.52284368e-07  1.22325000e-07  1.63396649e-07  1.22325000e-07  1.20000545e+00  1.22325000e-07  3.29999982e+00 
 1.22375000e-07 -4.95636518e-07  1.22375000e-07  2.84303331e-08  1.22375000e-07  1.19999534e+00  1.22375000e-07  3.29999968e+00 
 1.22425000e-07  6.85528451e-07  1.22425000e-07 -7.80228386e-09  1.22425000e-07  1.20000372e+00  1.22425000e-07  3.30000022e+00 
 1.22475000e-07 -5.77484848e-07  1.22475000e-07  4.12710872e-09  1.22475000e-07  1.19999694e+00  1.22475000e-07  3.29999959e+00 
 1.22525000e-07  6.78362752e-07  1.22525000e-07  4.07025503e-08  1.22525000e-07  1.20000233e+00  1.22525000e-07  3.30000038e+00 
 1.22575000e-07 -5.21002637e-07  1.22575000e-07 -4.58818001e-08  1.22575000e-07  1.19999809e+00  1.22575000e-07  3.29999957e+00 
 1.22625000e-07  5.97111727e-07  1.22625000e-07  7.99085948e-08  1.22625000e-07  1.20000139e+00  1.22625000e-07  3.30000040e+00 
 1.22675000e-07 -4.29457865e-07  1.22675000e-07 -7.64094874e-08  1.22675000e-07  1.19999884e+00  1.22675000e-07  3.29999960e+00 
 1.22725000e-07  5.03589703e-07  1.22725000e-07  1.01415311e-07  1.22725000e-07  1.20000080e+00  1.22725000e-07  3.30000036e+00 
 1.22775000e-07 -3.38542393e-07  1.22775000e-07 -9.06988289e-08  1.22775000e-07  1.19999931e+00  1.22775000e-07  3.29999965e+00 
 1.22825000e-07  4.17676608e-07  1.22825000e-07  1.09232687e-07  1.22825000e-07  1.20000043e+00  1.22825000e-07  3.30000031e+00 
 1.22875000e-07 -2.58749800e-07  1.22875000e-07 -9.32456951e-08  1.22875000e-07  1.19999960e+00  1.22875000e-07  3.29999971e+00 
 1.22925000e-07  3.44393438e-07  1.22925000e-07  1.07329297e-07  1.22925000e-07  1.20000020e+00  1.22925000e-07  3.30000025e+00 
 1.22975000e-07 -1.91952523e-07  1.22975000e-07 -8.77642699e-08  1.22975000e-07  1.19999978e+00  1.22975000e-07  3.29999977e+00 
 1.23025000e-07  2.83833501e-07  1.23025000e-07  9.89670981e-08  1.23025000e-07  1.20000007e+00  1.23025000e-07  3.30000019e+00 
 1.23075000e-07 -1.37264222e-07  1.23075000e-07 -7.71677147e-08  1.23075000e-07  1.19999988e+00  1.23075000e-07  3.29999983e+00 
 1.23125000e-07  2.34597553e-07  1.23125000e-07  8.66770397e-08  1.23125000e-07  1.19999999e+00  1.23125000e-07  3.30000013e+00 
 1.23175000e-07 -9.30441793e-08  1.23175000e-07 -6.36567902e-08  1.23175000e-07  1.19999994e+00  1.23175000e-07  3.29999988e+00 
 1.23225000e-07  1.94960261e-07  1.23225000e-07  7.23421785e-08  1.23225000e-07  1.19999995e+00  1.23225000e-07  3.30000009e+00 
 1.23275000e-07 -5.75731634e-08  1.23275000e-07 -4.88348295e-08  1.23275000e-07  1.19999997e+00  1.23275000e-07  3.29999992e+00 
 1.23325000e-07  1.63264028e-07  1.23325000e-07  5.73154529e-08  1.23325000e-07  1.19999992e+00  1.23325000e-07  3.30000005e+00 
 1.23375000e-07 -2.92883314e-08  1.23375000e-07 -3.38354632e-08  1.23375000e-07  1.19999999e+00  1.23375000e-07  3.29999996e+00 
 1.23425000e-07  1.38054824e-07  1.23425000e-07  4.25307846e-08  1.23425000e-07  1.19999991e+00  1.23425000e-07  3.30000001e+00 
 1.23475000e-07 -6.84546465e-09  1.23475000e-07 -1.94148147e-08  1.23475000e-07  1.20000000e+00  1.23475000e-07  3.29999999e+00 
 1.23525000e-07  1.18095111e-07  1.23525000e-07  2.85918713e-08  1.23525000e-07  1.19999991e+00  1.23525000e-07  3.29999998e+00 
 1.23575000e-07  1.08886463e-08  1.23575000e-07 -6.04784212e-09  1.23575000e-07  1.20000000e+00  1.23575000e-07  3.30000001e+00 
 1.23625000e-07  1.02353417e-07  1.23625000e-07  1.58634234e-08  1.23625000e-07  1.19999990e+00  1.23625000e-07  3.29999996e+00 
 1.23675000e-07  2.48493685e-08  1.23675000e-07  5.99699178e-09  1.23675000e-07  1.20000000e+00  1.23675000e-07  3.30000003e+00 
 1.23725000e-07  8.99816365e-08  1.23725000e-07  4.53011878e-09  1.23725000e-07  1.19999991e+00  1.23725000e-07  3.29999994e+00 
 1.23775000e-07  3.58055734e-08  1.23775000e-07  1.66036783e-08  1.23775000e-07  1.20000000e+00  1.23775000e-07  3.30000005e+00 
 1.23825000e-07  8.02861299e-08  1.23825000e-07 -5.34523027e-09  1.23825000e-07  1.19999991e+00  1.23825000e-07  3.29999993e+00 
 1.23875000e-07  4.43781413e-08  1.23875000e-07  2.57527284e-08  1.23875000e-07  1.19999999e+00  1.23875000e-07  3.30000006e+00 
 1.23925000e-07  7.27136845e-08  1.23925000e-07 -1.37810389e-08  1.23925000e-07  1.19999991e+00  1.23925000e-07  3.29999992e+00 
 1.23975000e-07  5.10602823e-08  1.23975000e-07  3.34943542e-08  1.23975000e-07  1.19999999e+00  1.23975000e-07  3.30000007e+00 
 1.24025000e-07  6.68236273e-08  1.24025000e-07 -2.08520635e-08  1.24025000e-07  1.19999991e+00  1.24025000e-07  3.29999991e+00 
 1.24075000e-07  5.62460672e-08  1.24075000e-07  3.99217459e-08  1.24075000e-07  1.19999999e+00  1.24075000e-07  3.30000008e+00 
 1.24125000e-07  6.22636826e-08  1.24125000e-07 -2.66651953e-08  1.24125000e-07  1.19999992e+00  1.24125000e-07  3.29999991e+00 
 1.24175000e-07  6.02501504e-08  1.24175000e-07  4.51515631e-08  1.24175000e-07  1.19999999e+00  1.24175000e-07  3.30000008e+00 
 1.24225000e-07  5.87530868e-08  1.24225000e-07 -3.13435981e-08  1.24225000e-07  1.19999992e+00  1.24225000e-07  3.29999991e+00 
 1.24275000e-07  6.33228213e-08  1.24275000e-07  4.93108089e-08  1.24275000e-07  1.19999998e+00  1.24275000e-07  3.30000008e+00 
 1.24325000e-07  5.60688726e-08  1.24325000e-07 -3.50158870e-08  1.24325000e-07  1.19999992e+00  1.24325000e-07  3.29999990e+00 
 1.24375000e-07  6.56625945e-08  1.24375000e-07  5.25278999e-08  1.24375000e-07  1.19999998e+00  1.24375000e-07  3.30000008e+00 
 1.24425000e-07  5.40343999e-08  1.24425000e-07 -3.78088317e-08  1.24425000e-07  1.19999992e+00  1.24425000e-07  3.29999990e+00 
 1.24475000e-07  6.74265532e-08  1.24475000e-07  5.49267609e-08  1.24475000e-07  1.19999998e+00  1.24475000e-07  3.30000008e+00 
 1.24525000e-07  5.25100435e-08  1.24525000e-07 -3.98426065e-08  1.24525000e-07  1.19999992e+00  1.24525000e-07  3.29999990e+00 
 1.24575000e-07  6.87387749e-08  1.24575000e-07  5.66231857e-08  1.24575000e-07  1.19999998e+00  1.24575000e-07  3.30000008e+00 
 1.24625000e-07  5.13855568e-08  1.24625000e-07 -4.12281256e-08  1.24625000e-07  1.19999992e+00  1.24625000e-07  3.29999991e+00 
 1.24675000e-07  6.96971758e-08  1.24675000e-07  5.77228658e-08  1.24675000e-07  1.19999998e+00  1.24675000e-07  3.30000008e+00 
 1.24725000e-07  5.05740176e-08  1.24725000e-07 -4.20656573e-08  1.24725000e-07  1.19999993e+00  1.24725000e-07  3.29999991e+00 
 1.24775000e-07  7.03789164e-08  1.24775000e-07  5.83205369e-08  1.24775000e-07  1.19999998e+00  1.24775000e-07  3.30000008e+00 
 1.24825000e-07  5.00069442e-08  1.24825000e-07 -4.24444029e-08  1.24825000e-07  1.19999993e+00  1.24825000e-07  3.29999991e+00 
 1.24875000e-07  7.08447378e-08  1.24875000e-07  5.84998994e-08  1.24875000e-07  1.19999998e+00  1.24875000e-07  3.30000008e+00 
 1.24925000e-07  4.96304603e-08  1.24925000e-07 -4.24426568e-08  1.24925000e-07  1.19999993e+00  1.24925000e-07  3.29999991e+00 
 1.24975000e-07  7.11424513e-08  1.24975000e-07  5.83340309e-08  1.24975000e-07  1.19999998e+00  1.24975000e-07  3.30000007e+00 
 1.25025000e-07  4.94021473e-08  1.25025000e-07 -4.21284601e-08  1.25025000e-07  1.19999993e+00  1.25025000e-07  3.29999992e+00 
 1.25075000e-07  7.13096629e-08  1.25075000e-07  5.78861154e-08  1.25075000e-07  1.19999997e+00  1.25075000e-07  3.30000007e+00 
 1.25125000e-07  4.92886772e-08  1.25125000e-07 -4.15603666e-08  1.25125000e-07  1.19999993e+00  1.25125000e-07  3.29999992e+00 
 1.25175000e-07  7.13759102e-08  1.25175000e-07  5.72103166e-08  1.25175000e-07  1.19999997e+00  1.25175000e-07  3.30000007e+00 
 1.25225000e-07  4.92638787e-08  1.25225000e-07 -4.07883792e-08  1.25225000e-07  1.19999993e+00  1.25225000e-07  3.29999992e+00 
 1.25275000e-07  7.13643756e-08  1.25275000e-07  5.63527157e-08  1.25275000e-07  1.19999997e+00  1.25275000e-07  3.30000006e+00 
 1.25325000e-07  4.93072007e-08  1.25325000e-07 -3.98549037e-08  1.25325000e-07  1.19999993e+00  1.25325000e-07  3.29999992e+00 
 1.25375000e-07  7.12932906e-08  1.25375000e-07  5.53522830e-08  1.25375000e-07  1.19999997e+00  1.25375000e-07  3.30000006e+00 
 1.25425000e-07  4.94024961e-08  1.25425000e-07 -3.87957034e-08  1.25425000e-07  1.19999993e+00  1.25425000e-07  3.29999993e+00 
 1.25475000e-07  7.11769317e-08  1.25475000e-07  5.42417735e-08  1.25475000e-07  1.19999997e+00  1.25475000e-07  3.30000006e+00 
 1.25525000e-07  4.95371213e-08  1.25525000e-07 -3.76407176e-08  1.25525000e-07  1.19999993e+00  1.25525000e-07  3.29999993e+00 
 1.25575000e-07  7.10265014e-08  1.25575000e-07  5.30485277e-08  1.25575000e-07  1.19999997e+00  1.25575000e-07  3.30000006e+00 
 1.25625000e-07  4.97011804e-08  1.25625000e-07 -3.64149002e-08  1.25625000e-07  1.19999993e+00  1.25625000e-07  3.29999993e+00 
 1.25675000e-07  7.08507415e-08  1.25675000e-07  5.17953008e-08  1.25675000e-07  1.19999997e+00  1.25675000e-07  3.30000005e+00 
 1.25725000e-07  4.98869182e-08  1.25725000e-07 -3.51389709e-08  1.25725000e-07  1.19999993e+00  1.25725000e-07  3.29999994e+00 
 1.25775000e-07  7.06565363e-08  1.25775000e-07  5.05009058e-08  1.25775000e-07  1.19999997e+00  1.25775000e-07  3.30000005e+00 
 1.25825000e-07  5.00882741e-08  1.25825000e-07 -3.38299894e-08  1.25825000e-07  1.19999993e+00  1.25825000e-07  3.29999994e+00 
 1.25875000e-07  7.04492094e-08  1.25875000e-07  4.91808277e-08  1.25875000e-07  1.19999997e+00  1.25875000e-07  3.30000005e+00 
 1.25925000e-07  5.03005155e-08  1.25925000e-07 -3.25019743e-08  1.25925000e-07  1.19999993e+00  1.25925000e-07  3.29999994e+00 
 1.25975000e-07  7.02329681e-08  1.25975000e-07  4.78477264e-08  1.25975000e-07  1.19999997e+00  1.25975000e-07  3.30000005e+00 
 1.26025000e-07  5.05199576e-08  1.26025000e-07 -3.11663770e-08  1.26025000e-07  1.19999993e+00  1.26025000e-07  3.29999994e+00 
 1.26075000e-07  7.00110332e-08  1.26075000e-07  4.65119307e-08  1.26075000e-07  1.19999997e+00  1.26075000e-07  3.30000004e+00 
 1.26125000e-07  5.07437490e-08  1.26125000e-07 -2.98324669e-08  1.26125000e-07  1.19999993e+00  1.26125000e-07  3.29999994e+00 
 1.26175000e-07  6.97859373e-08  1.26175000e-07  4.51817721e-08  1.26175000e-07  1.19999997e+00  1.26175000e-07  3.30000004e+00 
 1.26225000e-07  5.09696649e-08  1.26225000e-07 -2.85077487e-08  1.26225000e-07  1.19999993e+00  1.26225000e-07  3.29999995e+00 
 1.26275000e-07  6.95596276e-08  1.26275000e-07  4.38639635e-08  1.26275000e-07  1.19999997e+00  1.26275000e-07  3.30000004e+00 
 1.26325000e-07  5.11959875e-08  1.26325000e-07 -2.71981799e-08  1.26325000e-07  1.19999993e+00  1.26325000e-07  3.29999995e+00 
 1.26375000e-07  6.93336194e-08  1.26375000e-07  4.25638271e-08  1.26375000e-07  1.19999997e+00  1.26375000e-07  3.30000004e+00 
 1.26425000e-07  5.14214042e-08  1.26425000e-07 -2.59085405e-08  1.26425000e-07  1.19999994e+00  1.26425000e-07  3.29999995e+00 
 1.26475000e-07  6.91090469e-08  1.26475000e-07  4.12855950e-08  1.26475000e-07  1.19999997e+00  1.26475000e-07  3.30000003e+00 
 1.26525000e-07  5.16449069e-08  1.26525000e-07 -2.46425386e-08  1.26525000e-07  1.19999994e+00  1.26525000e-07  3.29999995e+00 
 1.26575000e-07  6.88867936e-08  1.26575000e-07  4.00325281e-08  1.26575000e-07  1.19999997e+00  1.26575000e-07  3.30000003e+00 
 1.26625000e-07  5.18657494e-08  1.26625000e-07 -2.34030456e-08  1.26625000e-07  1.19999994e+00  1.26625000e-07  3.29999995e+00 
 1.26675000e-07  6.86675124e-08  1.26675000e-07  3.88071433e-08  1.26675000e-07  1.19999997e+00  1.26675000e-07  3.30000003e+00 
 1.26725000e-07  5.20833429e-08  1.26725000e-07 -2.21922471e-08  1.26725000e-07  1.19999994e+00  1.26725000e-07  3.29999996e+00 
 1.26775000e-07  6.84517006e-08  1.26775000e-07  3.76113223e-08  1.26775000e-07  1.19999997e+00  1.26775000e-07  3.30000003e+00 
 1.26825000e-07  5.22972798e-08  1.26825000e-07 -2.10117518e-08  1.26825000e-07  1.19999994e+00  1.26825000e-07  3.29999996e+00 
 1.26875000e-07  6.82397188e-08  1.26875000e-07  3.64464380e-08  1.26875000e-07  1.19999997e+00  1.26875000e-07  3.30000003e+00 
 1.26925000e-07  5.25072468e-08  1.26925000e-07 -1.98626999e-08  1.26925000e-07  1.19999994e+00  1.26925000e-07  3.29999996e+00 
 1.26975000e-07  6.80318164e-08  1.26975000e-07  3.53133997e-08  1.26975000e-07  1.19999997e+00  1.26975000e-07  3.30000003e+00 
 1.27025000e-07  5.27130376e-08  1.27025000e-07 -1.87458548e-08  1.27025000e-07  1.19999994e+00  1.27025000e-07  3.29999996e+00 
 1.27075000e-07  6.78281729e-08  1.27075000e-07  3.42128451e-08  1.27075000e-07  1.19999997e+00  1.27075000e-07  3.30000002e+00 
 1.27125000e-07  5.29145074e-08  1.27125000e-07 -1.76616632e-08  1.27125000e-07  1.19999994e+00  1.27125000e-07  3.29999996e+00 
 1.27175000e-07  6.76289018e-08  1.27175000e-07  3.31450517e-08  1.27175000e-07  1.19999997e+00  1.27175000e-07  3.30000002e+00 
 1.27225000e-07  5.31115670e-08  1.27225000e-07 -1.66102968e-08  1.27225000e-07  1.19999994e+00  1.27225000e-07  3.29999996e+00 
 1.27275000e-07  6.74340510e-08  1.27275000e-07  3.21101127e-08  1.27275000e-07  1.19999997e+00  1.27275000e-07  3.30000002e+00 
 1.27325000e-07  5.33041889e-08  1.27325000e-07 -1.55917742e-08  1.27325000e-07  1.19999994e+00  1.27325000e-07  3.29999997e+00 
 1.27375000e-07  6.72436611e-08  1.27375000e-07  3.11079570e-08  1.27375000e-07  1.19999997e+00  1.27375000e-07  3.30000002e+00 
 1.27425000e-07  5.34923556e-08  1.27425000e-07 -1.46059193e-08  1.27425000e-07  1.19999994e+00  1.27425000e-07  3.29999997e+00 
 1.27475000e-07  6.70577238e-08  1.27475000e-07  3.01383116e-08  1.27475000e-07  1.19999996e+00  1.27475000e-07  3.30000002e+00 
 1.27525000e-07  5.36760735e-08  1.27525000e-07 -1.36523997e-08  1.27525000e-07  1.19999994e+00  1.27525000e-07  3.29999997e+00 
 1.27575000e-07  6.68762079e-08  1.27575000e-07  2.92008079e-08  1.27575000e-07  1.19999996e+00  1.27575000e-07  3.30000002e+00 
 1.27625000e-07  5.38553898e-08  1.27625000e-07 -1.27308121e-08  1.27625000e-07  1.19999994e+00  1.27625000e-07  3.29999997e+00 
 1.27675000e-07  6.66990808e-08  1.27675000e-07  2.82950015e-08  1.27675000e-07  1.19999996e+00  1.27675000e-07  3.30000002e+00 
 1.27725000e-07  5.40303423e-08  1.27725000e-07 -1.18406549e-08  1.27725000e-07  1.19999994e+00  1.27725000e-07  3.29999997e+00 
 1.27775000e-07  6.65262839e-08  1.27775000e-07  2.74203512e-08  1.27775000e-07  1.19999996e+00  1.27775000e-07  3.30000002e+00 
 1.27825000e-07  5.42010014e-08  1.27825000e-07 -1.09813575e-08  1.27825000e-07  1.19999994e+00  1.27825000e-07  3.29999997e+00 
 1.27875000e-07  6.63577389e-08  1.27875000e-07  2.65762436e-08  1.27875000e-07  1.19999996e+00  1.27875000e-07  3.30000002e+00 
 1.27925000e-07  5.43674484e-08  1.27925000e-07 -1.01522953e-08  1.27925000e-07  1.19999994e+00  1.27925000e-07  3.29999997e+00 
 1.27975000e-07  6.61933857e-08  1.27975000e-07  2.57620501e-08  1.27975000e-07  1.19999996e+00  1.27975000e-07  3.30000001e+00 
 1.28025000e-07  5.45297310e-08  1.28025000e-07 -9.35281641e-09  1.28025000e-07  1.19999994e+00  1.28025000e-07  3.29999997e+00 
 1.28075000e-07  6.60331412e-08  1.28075000e-07  2.49771116e-08  1.28075000e-07  1.19999996e+00  1.28075000e-07  3.30000001e+00 
 1.28125000e-07  5.46879531e-08  1.28125000e-07 -8.58223830e-09  1.28125000e-07  1.19999994e+00  1.28125000e-07  3.29999997e+00 
 1.28175000e-07  6.58769253e-08  1.28175000e-07  2.42207117e-08  1.28175000e-07  1.19999996e+00  1.28175000e-07  3.30000001e+00 
 1.28225000e-07  5.48421833e-08  1.28225000e-07 -7.83983689e-09  1.28225000e-07  1.19999994e+00  1.28225000e-07  3.29999997e+00 
 1.28275000e-07  6.57246573e-08  1.28275000e-07  2.34921240e-08  1.28275000e-07  1.19999996e+00  1.28275000e-07  3.30000001e+00 
 1.28325000e-07  5.49925046e-08  1.28325000e-07 -7.12489341e-09  1.28325000e-07  1.19999994e+00  1.28325000e-07  3.29999998e+00 
 1.28375000e-07  6.55762590e-08  1.28375000e-07  2.27906355e-08  1.28375000e-07  1.19999996e+00  1.28375000e-07  3.30000001e+00 
 1.28425000e-07  5.51390029e-08  1.28425000e-07 -6.43667597e-09  1.28425000e-07  1.19999994e+00  1.28425000e-07  3.29999998e+00 
 1.28475000e-07  6.54316439e-08  1.28475000e-07  2.21154925e-08  1.28475000e-07  1.19999996e+00  1.28475000e-07  3.30000001e+00 
 1.28525000e-07  5.52817676e-08  1.28525000e-07 -5.77442663e-09  1.28525000e-07  1.19999994e+00  1.28525000e-07  3.29999998e+00 
 1.28575000e-07  6.52907010e-08  1.28575000e-07  2.14659494e-08  1.28575000e-07  1.19999996e+00  1.28575000e-07  3.30000001e+00 
 1.28625000e-07  5.54208954e-08  1.28625000e-07 -5.13740582e-09  1.28625000e-07  1.19999994e+00  1.28625000e-07  3.29999998e+00 
 1.28675000e-07  6.51533733e-08  1.28675000e-07  2.08412753e-08  1.28675000e-07  1.19999996e+00  1.28675000e-07  3.30000001e+00 
 1.28725000e-07  5.55564477e-08  1.28725000e-07 -4.52490026e-09  1.28725000e-07  1.19999994e+00  1.28725000e-07  3.29999998e+00 
 1.28775000e-07  6.50195679e-08  1.28775000e-07  2.02407382e-08  1.28775000e-07  1.19999996e+00  1.28775000e-07  3.30000001e+00 
 1.28825000e-07  5.56885232e-08  1.28825000e-07 -3.93615969e-09  1.28825000e-07  1.19999994e+00  1.28825000e-07  3.29999998e+00 
 1.28875000e-07  6.48892018e-08  1.28875000e-07  1.96636033e-08  1.28875000e-07  1.19999996e+00  1.28875000e-07  3.30000001e+00 
 1.28925000e-07  5.58172050e-08  1.28925000e-07 -3.37045145e-09  1.28925000e-07  1.19999994e+00  1.28925000e-07  3.29999998e+00 
 1.28975000e-07  6.47621911e-08  1.28975000e-07  1.91091456e-08  1.28975000e-07  1.19999996e+00  1.28975000e-07  3.30000001e+00 
 1.29025000e-07  5.59425535e-08  1.29025000e-07 -2.82707055e-09  1.29025000e-07  1.19999994e+00  1.29025000e-07  3.29999998e+00 
 1.29075000e-07  6.46384779e-08  1.29075000e-07  1.85766523e-08  1.29075000e-07  1.19999996e+00  1.29075000e-07  3.30000001e+00 
 1.29125000e-07  5.60646627e-08  1.29125000e-07 -2.30529504e-09  1.29125000e-07  1.19999994e+00  1.29125000e-07  3.29999998e+00 
 1.29175000e-07  6.45179525e-08  1.29175000e-07  1.80654227e-08  1.29175000e-07  1.19999996e+00  1.29175000e-07  3.30000001e+00 
 1.29225000e-07  5.61836195e-08  1.29225000e-07 -1.80444150e-09  1.29225000e-07  1.19999994e+00  1.29225000e-07  3.29999998e+00 
 1.29275000e-07  6.44005417e-08  1.29275000e-07  1.75747690e-08  1.29275000e-07  1.19999996e+00  1.29275000e-07  3.30000001e+00 
 1.29325000e-07  5.62995068e-08  1.29325000e-07 -1.32381824e-09  1.29325000e-07  1.19999994e+00  1.29325000e-07  3.29999998e+00 
 1.29375000e-07  6.42861651e-08  1.29375000e-07  1.71040077e-08  1.29375000e-07  1.19999996e+00  1.29375000e-07  3.30000001e+00 
 1.29425000e-07  5.64123775e-08  1.29425000e-07 -8.62755867e-10  1.29425000e-07  1.19999994e+00  1.29425000e-07  3.29999998e+00 
 1.29475000e-07  6.41747773e-08  1.29475000e-07  1.66524680e-08  1.29475000e-07  1.19999996e+00  1.29475000e-07  3.30000001e+00 
 1.29525000e-07  5.65223107e-08  1.29525000e-07 -4.20590188e-10  1.29525000e-07  1.19999994e+00  1.29525000e-07  3.29999998e+00 
 1.29575000e-07  6.40662857e-08  1.29575000e-07  1.62195148e-08  1.29575000e-07  1.19999996e+00  1.29575000e-07  3.30000000e+00 
 1.29625000e-07  5.66293793e-08  1.29625000e-07  3.31673577e-12  1.29625000e-07  1.19999994e+00  1.29625000e-07  3.29999998e+00 
 1.29675000e-07  6.39606144e-08  1.29675000e-07  1.58044964e-08  1.29675000e-07  1.19999996e+00  1.29675000e-07  3.30000000e+00 
 1.29725000e-07  5.67336685e-08  1.29725000e-07  4.09589168e-10  1.29725000e-07  1.19999994e+00  1.29725000e-07  3.29999998e+00 
 1.29775000e-07  6.38576968e-08  1.29775000e-07  1.54068066e-08  1.29775000e-07  1.19999996e+00  1.29775000e-07  3.30000000e+00 
 1.29825000e-07  5.68352259e-08  1.29825000e-07  7.98850874e-10  1.29825000e-07  1.19999994e+00  1.29825000e-07  3.29999998e+00 
 1.29875000e-07  6.37574753e-08  1.29875000e-07  1.50258282e-08  1.29875000e-07  1.19999996e+00  1.29875000e-07  3.30000000e+00 
 1.29925000e-07  5.69341329e-08  1.29925000e-07  1.17168232e-09  1.29925000e-07  1.19999994e+00  1.29925000e-07  3.29999998e+00 
 1.29962500e-07  6.36438622e-08  1.29962500e-07  1.46016942e-08  1.29962500e-07  1.19999996e+00  1.29962500e-07  3.30000000e+00 
 1.30000000e-07  5.70619823e-08  1.30000000e-07  1.64429931e-09  1.30000000e-07  1.19999994e+00  1.30000000e-07  3.29999998e+00 
 1.30005000e-07 -8.97319630e-06  1.30005000e-07 -5.91700536e-05  1.30005000e-07  1.19991906e+00  1.30005000e-07  3.29971079e+00 
 1.30015000e-07  6.37012771e-06  1.30015000e-07 -2.24212182e-06  1.30015000e-07  1.19996653e+00  1.30015000e-07  3.29970157e+00 
 1.30035000e-07  3.47200630e-06  1.30035000e-07  2.38257240e-05  1.30035000e-07  1.20006232e+00  1.30035000e-07  3.29995878e+00 
 1.30075000e-07 -5.36805442e-06  1.30075000e-07  1.01620000e-05  1.30075000e-07  1.19996464e+00  1.30075000e-07  3.30016190e+00 
 1.30125000e-07  2.64514070e-05  1.30125000e-07  1.48915324e-04  1.30125000e-07  1.20060038e+00  1.30125000e-07  3.30213637e+00 
 1.30162500e-07  5.10446601e-06  1.30162500e-07  1.55374508e-04  1.30162500e-07  1.20102163e+00  1.30162500e-07  3.30432808e+00 
 1.30200000e-07 -2.12283655e-04  1.30200000e-07 -1.30088593e-04  1.30200000e-07  1.19647089e+00  1.30200000e-07  3.30334695e+00 
 1.30205000e-07 -1.31310242e-04  1.30205000e-07 -2.50654673e-04  1.30205000e-07  1.19622301e+00  1.30205000e-07  3.30244321e+00 
 1.30215000e-07  1.74643244e-04  1.30215000e-07 -6.35753941e-04  1.30215000e-07  1.19785217e+00  1.30215000e-07  3.29941135e+00 
 1.30235000e-07  2.65544369e-04  1.30235000e-07 -1.06125298e-03  1.30235000e-07  1.20258284e+00  1.30235000e-07  3.29107350e+00 
 1.30271804e-07 -2.55784691e-04  1.30271804e-07  6.93909221e-05  1.30271804e-07  1.19993787e+00  1.30271804e-07  3.28842519e+00 
 1.30313507e-07  1.51527821e-04  1.30313507e-07  9.52877153e-04  1.30313507e-07  1.19989038e+00  1.30313507e-07  3.30093338e+00 
 1.30358364e-07 -8.46932123e-05  1.30358364e-07 -1.69821457e-04  1.30358364e-07  1.20038205e+00  1.30358364e-07  3.30299768e+00 
 1.30408364e-07  3.79265076e-05  1.30408364e-07 -2.13944570e-05  1.30408364e-07  1.19955500e+00  1.30408364e-07  3.30073533e+00 
 1.30458364e-07 -4.07815065e-06  1.30458364e-07 -1.27733696e-05  1.30458364e-07  1.20047113e+00  1.30458364e-07  3.30118483e+00 
 1.30508364e-07 -1.98290441e-05  1.30508364e-07 -2.78472451e-05  1.30508364e-07  1.19953817e+00  1.30508364e-07  3.30037693e+00 
 1.30558364e-07  3.64915125e-05  1.30558364e-07  1.51564053e-05  1.30558364e-07  1.20043471e+00  1.30558364e-07  3.30064241e+00 
 1.30608364e-07 -4.73430563e-05  1.30608364e-07 -4.01407541e-05  1.30608364e-07  1.19960250e+00  1.30608364e-07  3.30010472e+00 
 1.30658364e-07  5.42096532e-05  1.30658364e-07  3.70519850e-05  1.30658364e-07  1.20035607e+00  1.30658364e-07  3.30040506e+00 
 1.30708364e-07 -5.77478582e-05  1.30708364e-07 -5.14303716e-05  1.30708364e-07  1.19968594e+00  1.30708364e-07  3.29996295e+00 
 1.30758364e-07  5.92102398e-05  1.30758364e-07  5.12885361e-05  1.30758364e-07  1.20027341e+00  1.30758364e-07  3.30028658e+00 
 1.30808364e-07 -5.87679298e-05  1.30808364e-07 -5.93035952e-05  1.30808364e-07  1.19976428e+00  1.30808364e-07  3.29989759e+00 
 1.30858364e-07  5.73968809e-05  1.30858364e-07  5.98405213e-05  1.30858364e-07  1.20020126e+00  1.30858364e-07  3.30022229e+00 
 1.30908364e-07 -5.49277647e-05  1.30908364e-07 -6.41122266e-05  1.30908364e-07  1.19982938e+00  1.30908364e-07  3.29987159e+00 
 1.30958364e-07  5.21677750e-05  1.30958364e-07  6.45055819e-05  1.30958364e-07  1.20014345e+00  1.30958364e-07  3.30018434e+00 
 1.31008364e-07 -4.88143492e-05  1.31008364e-07 -6.65369469e-05  1.31008364e-07  1.19988011e+00  1.31008364e-07  3.29986504e+00 
 1.31058364e-07  4.55219993e-05  1.31058364e-07  6.65251583e-05  1.31058364e-07  1.20009935e+00  1.31058364e-07  3.30015951e+00 
 1.31108364e-07 -4.19206388e-05  1.31108364e-07 -6.71787491e-05  1.31108364e-07  1.19991815e+00  1.31108364e-07  3.29986775e+00 
 1.31158364e-07  3.85762662e-05  1.31158364e-07  6.67433458e-05  1.31158364e-07  1.20006675e+00  1.31158364e-07  3.30014154e+00 
 1.31208364e-07 -3.50750953e-05  1.31208364e-07 -6.65359942e-05  1.31208364e-07  1.19994593e+00  1.31208364e-07  3.29987458e+00 
 1.31258364e-07  3.19335511e-05  1.31258364e-07  6.57455920e-05  1.31258364e-07  1.20004317e+00  1.31258364e-07  3.30012741e+00 
 1.31308364e-07 -2.87090710e-05  1.31308364e-07 -6.49984651e-05  1.31308364e-07  1.19996585e+00  1.31308364e-07  3.29988298e+00 
 1.31358364e-07  2.58913952e-05  1.31358364e-07  6.39433651e-05  1.31358364e-07  1.20002639e+00  1.31358364e-07  3.30011565e+00 
 1.31408364e-07 -2.30190893e-05  1.31408364e-07 -6.28627377e-05  1.31408364e-07  1.19997993e+00  1.31408364e-07  3.29989169e+00 
 1.31458364e-07  2.05683916e-05  1.31458364e-07  6.16280159e-05  1.31458364e-07  1.20001460e+00  1.31458364e-07  3.30010549e+00 
 1.31508364e-07 -1.80657207e-05  1.31508364e-07 -6.03497317e-05  1.31508364e-07  1.19998978e+00  1.31508364e-07  3.29990013e+00 
 1.31558364e-07  1.59812491e-05  1.31558364e-07  5.90059975e-05  1.31558364e-07  1.20000640e+00  1.31558364e-07  3.30009655e+00 
 1.31608364e-07 -1.38338214e-05  1.31608364e-07 -5.76209238e-05  1.31608364e-07  1.19999658e+00  1.31608364e-07  3.29990803e+00 
 1.31658364e-07  1.20916232e-05  1.31658364e-07  5.62228405e-05  1.31658364e-07  1.20000076e+00  1.31658364e-07  3.30008859e+00 
 1.31708364e-07 -1.02690036e-05  1.31708364e-07 -5.47921063e-05  1.31708364e-07  1.20000124e+00  1.31708364e-07  3.29991529e+00 
 1.31758364e-07  8.83430349e-06  1.31758364e-07  5.33799985e-05  1.31758364e-07  1.19999692e+00  1.31758364e-07  3.30008146e+00 
 1.31808364e-07 -7.29941179e-06  1.31808364e-07 -5.19445392e-05  1.31808364e-07  1.20000440e+00  1.31808364e-07  3.29992192e+00 
 1.31858364e-07  6.13386442e-06  1.31858364e-07  5.05469480e-05  1.31858364e-07  1.19999434e+00  1.31858364e-07  3.30007505e+00 
 1.31908364e-07 -4.84840294e-06  1.31908364e-07 -4.91337401e-05  1.31908364e-07  1.20000651e+00  1.31908364e-07  3.29992794e+00 
 1.31958364e-07  3.91418299e-06  1.31958364e-07  4.77700035e-05  1.31958364e-07  1.19999262e+00  1.31958364e-07  3.30006927e+00 
 1.32008364e-07 -2.84161820e-06  1.32008364e-07 -4.63962801e-05  1.32008364e-07  1.20000790e+00  1.32008364e-07  3.29993341e+00 
 1.32058364e-07  2.10357521e-06  1.32058364e-07  4.50787911e-05  1.32058364e-07  1.19999151e+00  1.32058364e-07  3.30006404e+00 
 1.32108364e-07 -1.21062786e-06  1.32108364e-07 -4.37549690e-05  1.32108364e-07  1.20000878e+00  1.32108364e-07  3.29993837e+00 
 1.32158364e-07  6.37273760e-07  1.32158364e-07  4.24910175e-05  1.32158364e-07  1.19999081e+00  1.32158364e-07  3.30005930e+00 
 1.32208364e-07  1.05482860e-07  1.32208364e-07 -4.12227653e-05  1.32208364e-07  1.20000933e+00  1.32208364e-07  3.29994288e+00 
 1.32258364e-07 -5.41672854e-07  1.32258364e-07  4.00159823e-05  1.32258364e-07  1.19999039e+00  1.32258364e-07  3.30005499e+00 
 1.32308364e-07  1.15973131e-06  1.32308364e-07 -3.88056981e-05  1.32308364e-07  1.20000964e+00  1.32308364e-07  3.29994700e+00 
 1.32358364e-07 -1.48240533e-06  1.32358364e-07  3.76571574e-05  1.32358364e-07  1.19999017e+00  1.32358364e-07  3.30005106e+00 
 1.32408364e-07  1.99752604e-06  1.32408364e-07 -3.65050285e-05  1.32408364e-07  1.20000979e+00  1.32408364e-07  3.29995075e+00 
 1.32458364e-07 -2.22674554e-06  1.32458364e-07  3.54140718e-05  1.32458364e-07  1.19999008e+00  1.32458364e-07  3.30004746e+00 
 1.32508364e-07  2.65729936e-06  1.32508364e-07 -3.43188346e-05  1.32508364e-07  1.20000984e+00  1.32508364e-07  3.29995420e+00 
 1.32558364e-07 -2.80992050e-06  1.32558364e-07  3.32836779e-05  1.32558364e-07  1.19999007e+00  1.32558364e-07  3.30004415e+00 
 1.32608364e-07  3.17128611e-06  1.32608364e-07 -3.22431597e-05  1.32608364e-07  1.20000981e+00  1.32608364e-07  3.29995737e+00 
 1.32658364e-07 -3.26136708e-06  1.32658364e-07  3.12613321e-05  1.32658364e-07  1.19999012e+00  1.32658364e-07  3.30004111e+00 
 1.32708364e-07  3.56633335e-06  1.32708364e-07 -3.02728345e-05  1.32708364e-07  1.20000974e+00  1.32708364e-07  3.29996030e+00 
 1.32758364e-07 -3.60553010e-06  1.32758364e-07  2.93414905e-05  1.32758364e-07  1.19999021e+00  1.32758364e-07  3.30003829e+00 
 1.32808364e-07  3.86467619e-06  1.32808364e-07 -2.84020564e-05  1.32808364e-07  1.20000964e+00  1.32808364e-07  3.29996301e+00 
 1.32858364e-07 -3.86260737e-06  1.32858364e-07  2.75181932e-05  1.32858364e-07  1.19999032e+00  1.32858364e-07  3.30003568e+00 
 1.32908364e-07  4.08464710e-06  1.32908364e-07 -2.66247887e-05  1.32908364e-07  1.20000951e+00  1.32908364e-07  3.29996552e+00 
 1.32958364e-07 -4.04921947e-06  1.32958364e-07  2.57853940e-05  1.32958364e-07  1.19999045e+00  1.32958364e-07  3.30003326e+00 
 1.33008364e-07  4.24130488e-06  1.33008364e-07 -2.49350302e-05  1.33008364e-07  1.20000938e+00  1.33008364e-07  3.29996787e+00 
 1.33058364e-07 -4.17899722e-06  1.33058364e-07  2.41371782e-05  1.33058364e-07  1.19999059e+00  1.33058364e-07  3.30003099e+00 
 1.33108364e-07  4.34698118e-06  1.33108364e-07 -2.33269878e-05  1.33108364e-07  1.20000924e+00  1.33108364e-07  3.29997006e+00 
 1.33158364e-07 -4.26308770e-06  1.33158364e-07  2.25678996e-05  1.33158364e-07  1.19999074e+00  1.33158364e-07  3.30002887e+00 
 1.33208364e-07  4.41174771e-06  1.33208364e-07 -2.17951825e-05  1.33208364e-07  1.20000909e+00  1.33208364e-07  3.29997211e+00 
 1.33258364e-07 -4.31058448e-06  1.33258364e-07  2.10722592e-05  1.33258364e-07  1.19999088e+00  1.33258364e-07  3.30002688e+00 
 1.33308364e-07  4.44381175e-06  1.33308364e-07 -2.03345066e-05  1.33308364e-07  1.20000894e+00  1.33308364e-07  3.29997404e+00 
 1.33358364e-07 -4.32889017e-06  1.33358364e-07  1.96453453e-05  1.33358364e-07  1.19999103e+00  1.33358364e-07  3.30002501e+00 
 1.33408364e-07  4.44984772e-06  1.33408364e-07 -1.89402479e-05  1.33408364e-07  1.20000880e+00  1.33408364e-07  3.29997585e+00 
 1.33458364e-07 -4.32401919e-06  1.33458364e-07  1.82826445e-05  1.33458364e-07  1.19999118e+00  1.33458364e-07  3.30002325e+00 
 1.33508364e-07  4.43527359e-06  1.33508364e-07 -1.76080914e-05  1.33508364e-07  1.20000865e+00  1.33508364e-07  3.29997757e+00 
 1.33558364e-07 -4.30084949e-06  1.33558364e-07  1.69800360e-05  1.33558364e-07  1.19999132e+00  1.33558364e-07  3.30002159e+00 
 1.33608364e-07  4.40447976e-06  1.33608364e-07 -1.63341063e-05  1.33608364e-07  1.20000851e+00  1.33608364e-07  3.29997919e+00 
 1.33658364e-07 -4.26333065e-06  1.33658364e-07  1.57337728e-05  1.33658364e-07  1.19999146e+00  1.33658364e-07  3.30002001e+00 
 1.33708364e-07  4.36101812e-06  1.33708364e-07 -1.51147243e-05  1.33708364e-07  1.20000837e+00  1.33708364e-07  3.29998072e+00 
 1.33758364e-07 -4.21465531e-06  1.33758364e-07  1.45404578e-05  1.33758364e-07  1.19999160e+00  1.33758364e-07  3.30001852e+00 
 1.33808364e-07  4.30775743e-06  1.33808364e-07 -1.39467127e-05  1.33808364e-07  1.20000823e+00  1.33808364e-07  3.29998218e+00 
 1.33858364e-07 -4.15739990e-06  1.33858364e-07  1.33970149e-05  1.33858364e-07  1.19999174e+00  1.33858364e-07  3.30001710e+00 
 1.33908364e-07  4.24701082e-06  1.33908364e-07 -1.28271452e-05  1.33908364e-07  1.20000810e+00  1.33908364e-07  3.29998356e+00 
 1.33958364e-07 -4.09364004e-06  1.33958364e-07  1.23006597e-05  1.33958364e-07  1.19999187e+00  1.33958364e-07  3.30001575e+00 
 1.34008364e-07  4.18064003e-06  1.34008364e-07 -1.17533726e-05  1.34008364e-07  1.20000797e+00  1.34008364e-07  3.29998488e+00 
 1.34058364e-07 -4.02504472e-06  1.34058364e-07  1.12488705e-05  1.34058364e-07  1.19999200e+00  1.34058364e-07  3.30001446e+00 
 1.34108364e-07  4.11014059e-06  1.34108364e-07 -1.07229940e-05  1.34108364e-07  1.20000784e+00  1.34108364e-07  3.29998613e+00 
 1.34158364e-07 -3.95295324e-06  1.34158364e-07  1.02393601e-05  1.34158364e-07  1.19999213e+00  1.34158364e-07  3.30001324e+00 
 1.34208364e-07  4.03671126e-06  1.34208364e-07 -9.73382966e-06  1.34208364e-07  1.20000771e+00  1.34208364e-07  3.29998733e+00 
 1.34258364e-07 -3.87843786e-06  1.34258364e-07  9.27004988e-06  1.34258364e-07  1.19999226e+00  1.34258364e-07  3.30001207e+00 
 1.34308364e-07  3.96131056e-06  1.34308364e-07 -8.78389629e-06  1.34308364e-07  1.20000758e+00  1.34308364e-07  3.29998847e+00 
 1.34358364e-07 -3.80235473e-06  1.34358364e-07  8.33904577e-06  1.34358364e-07  1.19999238e+00  1.34358364e-07  3.30001095e+00 
 1.34408364e-07  3.88470264e-06  1.34408364e-07 -7.87138397e-06  1.34408364e-07  1.20000746e+00  1.34408364e-07  3.29998956e+00 
 1.34458364e-07 -3.72538533e-06  1.34458364e-07  7.44461668e-06  1.34458364e-07  1.19999250e+00  1.34458364e-07  3.30000988e+00 
 1.34508364e-07  3.80749469e-06  1.34508364e-07 -6.99463571e-06  1.34508364e-07  1.20000734e+00  1.34508364e-07  3.29999061e+00 
 1.34558364e-07 -3.64807008e-06  1.34558364e-07  6.58517499e-06  1.34558364e-07  1.19999262e+00  1.34558364e-07  3.30000886e+00 
 1.34608364e-07  3.73016720e-06  1.34608364e-07 -6.15212915e-06  1.34608364e-07  1.20000722e+00  1.34608364e-07  3.29999161e+00 
 1.34658364e-07 -3.57083564e-06  1.34658364e-07  5.75925935e-06  1.34658364e-07  1.19999273e+00  1.34658364e-07  3.30000788e+00 
 1.34708364e-07  3.65309848e-06  1.34708364e-07 -5.34246031e-06  1.34708364e-07  1.20000711e+00  1.34708364e-07  3.29999257e+00 
 1.34758364e-07 -3.49401695e-06  1.34758364e-07  4.96551945e-06  1.34758364e-07  1.19999285e+00  1.34758364e-07  3.30000695e+00 
 1.34808364e-07  3.57658458e-06  1.34808364e-07 -4.56432931e-06  1.34808364e-07  1.20000700e+00  1.34808364e-07  3.29999348e+00 
 1.34858364e-07 -3.41787519e-06  1.34858364e-07  4.20270265e-06  1.34858364e-07  1.19999296e+00  1.34858364e-07  3.30000605e+00 
 1.34908364e-07  3.50085538e-06  1.34908364e-07 -3.81652794e-06  1.34908364e-07  1.20000689e+00  1.34908364e-07  3.29999436e+00 
 1.34958364e-07 -3.34261218e-06  1.34958364e-07  3.46964230e-06  1.34958364e-07  1.19999307e+00  1.34958364e-07  3.30000519e+00 
 1.35008364e-07  3.42608756e-06  1.35008364e-07 -3.09792866e-06  1.35008364e-07  1.20000678e+00  1.35008364e-07  3.29999520e+00 
 1.35058364e-07 -3.26838212e-06  1.35058364e-07  2.76524755e-06  1.35058364e-07  1.19999318e+00  1.35058364e-07  3.30000436e+00 
 1.35108364e-07  3.35241520e-06  1.35108364e-07 -2.40747518e-06  1.35108364e-07  1.20000667e+00  1.35108364e-07  3.29999601e+00 
 1.35158364e-07 -3.19530108e-06  1.35158364e-07  2.08849455e-06  1.35158364e-07  1.19999328e+00  1.35158364e-07  3.30000357e+00 
 1.35208364e-07  3.27993822e-06  1.35208364e-07 -1.74417425e-06  1.35208364e-07  1.20000657e+00  1.35208364e-07  3.29999679e+00 
 1.35258364e-07 -3.12345456e-06  1.35258364e-07  1.43841880e-06  1.35258364e-07  1.19999339e+00  1.35258364e-07  3.30000281e+00 
 1.35308364e-07  3.20872924e-06  1.35308364e-07 -1.10708849e-06  1.35308364e-07  1.20000646e+00  1.35308364e-07  3.29999753e+00 
 1.35358364e-07 -3.05290371e-06  1.35358364e-07  8.14108449e-07  1.35358364e-07  1.19999349e+00  1.35358364e-07  3.30000208e+00 
 1.35408364e-07  3.13883916e-06  1.35408364e-07 -4.95330267e-07  1.35408364e-07  1.20000636e+00  1.35408364e-07  3.29999825e+00 
 1.35458364e-07 -2.98369027e-06  1.35458364e-07  2.14698758e-07  1.35458364e-07  1.19999359e+00  1.35458364e-07  3.30000138e+00 
 1.35508364e-07  3.07030153e-06  1.35508364e-07  9.19435533e-08  1.35508364e-07  1.20000626e+00  1.35508364e-07  3.29999893e+00 
 1.35558364e-07 -2.91584054e-06  1.35558364e-07 -3.60633024e-07  1.35558364e-07  1.19999369e+00  1.35558364e-07  3.30000071e+00 
 1.35608364e-07  3.00313620e-06  1.35608364e-07  6.55536299e-07  1.35608364e-07  1.20000617e+00  1.35608364e-07  3.29999959e+00 
 1.35658364e-07 -2.84936865e-06  1.35658364e-07 -9.12671809e-07  1.35658364e-07  1.19999378e+00  1.35658364e-07  3.30000007e+00 
 1.35708364e-07  2.93735219e-06  1.35708364e-07  1.19621539e-06  1.35708364e-07  1.20000607e+00  1.35708364e-07  3.30000022e+00 
 1.35758364e-07 -2.78427910e-06  1.35758364e-07 -1.44216834e-06  1.35758364e-07  1.19999388e+00  1.35758364e-07  3.29999945e+00 
 1.35808364e-07  2.87295000e-06  1.35808364e-07  1.71471567e-06  1.35808364e-07  1.20000598e+00  1.35808364e-07  3.30000083e+00 
 1.35858364e-07 -2.72056887e-06  1.35858364e-07 -1.94984239e-06  1.35858364e-07  1.19999397e+00  1.35858364e-07  3.29999885e+00 
 1.35908364e-07  2.80992348e-06  1.35908364e-07  2.21174247e-06  1.35908364e-07  1.20000588e+00  1.35908364e-07  3.30000141e+00 
 1.35958364e-07 -2.65822906e-06  1.35958364e-07 -2.43638547e-06  1.35958364e-07  1.19999406e+00  1.35958364e-07  3.29999828e+00 
 1.36008364e-07  2.74826129e-06  1.36008364e-07  2.68797408e-06  1.36008364e-07  1.20000579e+00  1.36008364e-07  3.30000197e+00 
 1.36058364e-07 -2.59724622e-06  1.36058364e-07 -2.90246319e-06  1.36058364e-07  1.19999415e+00  1.36058364e-07  3.29999773e+00 
 1.36108364e-07  2.68794813e-06  1.36108364e-07  3.14406393e-06  1.36108364e-07  1.20000570e+00  1.36108364e-07  3.30000251e+00 
 1.36158364e-07 -2.53760344e-06  1.36158364e-07 -3.34871732e-06  1.36158364e-07  1.19999424e+00  1.36158364e-07  3.29999721e+00 
 1.36208364e-07  2.62896568e-06  1.36208364e-07  3.58064257e-06  1.36208364e-07  1.20000562e+00  1.36208364e-07  3.30000302e+00 
 1.36258364e-07 -2.47928119e-06  1.36258364e-07 -3.77576753e-06  1.36258364e-07  1.19999433e+00  1.36258364e-07  3.29999670e+00 
 1.36308364e-07  2.57129336e-06  1.36308364e-07  3.99831918e-06  1.36308364e-07  1.20000553e+00  1.36308364e-07  3.30000352e+00 
 1.36358364e-07 -2.42225800e-06  1.36358364e-07 -4.18421295e-06  1.36358364e-07  1.19999441e+00  1.36358364e-07  3.29999622e+00 
 1.36408364e-07  2.51490893e-06  1.36408364e-07  4.39768316e-06  1.36408364e-07  1.20000545e+00  1.36408364e-07  3.30000399e+00 
 1.36458364e-07 -2.36651099e-06  1.36458364e-07 -4.57463350e-06  1.36458364e-07  1.19999450e+00  1.36458364e-07  3.29999575e+00 
 1.36508364e-07  2.45978896e-06  1.36508364e-07  4.77930524e-06  1.36508364e-07  1.20000536e+00  1.36508364e-07  3.30000445e+00 
 1.36558364e-07 -2.31201631e-06  1.36558364e-07 -4.94759106e-06  1.36558364e-07  1.19999458e+00  1.36558364e-07  3.29999531e+00 
 1.36608364e-07  2.40590925e-06  1.36608364e-07  5.14373873e-06  1.36608364e-07  1.20000528e+00  1.36608364e-07  3.30000489e+00 
 1.36658364e-07 -2.25874946e-06  1.36658364e-07 -5.30363053e-06  1.36658364e-07  1.19999466e+00  1.36658364e-07  3.29999488e+00 
 1.36708364e-07  2.35324509e-06  1.36708364e-07  5.49152029e-06  1.36708364e-07  1.20000520e+00  1.36708364e-07  3.30000530e+00 
 1.36758364e-07 -2.20668561e-06  1.36758364e-07 -5.64328060e-06  1.36758364e-07  1.19999474e+00  1.36758364e-07  3.29999447e+00 
 1.36808364e-07  2.30177150e-06  1.36808364e-07  5.82317091e-06  1.36808364e-07  1.20000512e+00  1.36808364e-07  3.30000571e+00 
 1.36858364e-07 -2.15579971e-06  1.36858364e-07 -5.96705471e-06  1.36858364e-07  1.19999482e+00  1.36858364e-07  3.29999408e+00 
 1.36908364e-07  2.25146345e-06  1.36908364e-07  6.13919663e-06  1.36908364e-07  1.20000504e+00  1.36908364e-07  3.30000609e+00 
 1.36958364e-07 -2.10606677e-06  1.36958364e-07 -6.27545167e-06  1.36958364e-07  1.19999490e+00  1.36958364e-07  3.29999370e+00 
 1.37008364e-07  2.20229599e-06  1.37008364e-07  6.44008918e-06  1.37008364e-07  1.20000497e+00  1.37008364e-07  3.30000646e+00 
 1.37058364e-07 -2.05746189e-06  1.37058364e-07 -6.56895628e-06  1.37058364e-07  1.19999497e+00  1.37058364e-07  3.29999334e+00 
 1.37108364e-07  2.15424430e-06  1.37108364e-07  6.72632661e-06  1.37108364e-07  1.20000489e+00  1.37108364e-07  3.30000681e+00 
 1.37158364e-07 -2.00996039e-06  1.37158364e-07 -6.84803992e-06  1.37158364e-07  1.19999505e+00  1.37158364e-07  3.29999300e+00 
 1.37208364e-07  2.10728384e-06  1.37208364e-07  6.99837373e-06  1.37208364e-07  1.20000482e+00  1.37208364e-07  3.30000715e+00 
 1.37258364e-07 -1.96353791e-06  1.37258364e-07 -7.11316101e-06  1.37258364e-07  1.19999512e+00  1.37258364e-07  3.29999266e+00 
 1.37308364e-07  2.06139043e-06  1.37308364e-07  7.25668273e-06  1.37308364e-07  1.20000474e+00  1.37308364e-07  3.30000747e+00 
 1.37358364e-07 -1.91817043e-06  1.37358364e-07 -7.36476556e-06  1.37358364e-07  1.19999519e+00  1.37358364e-07  3.29999235e+00 
 1.37408364e-07  2.01654021e-06  1.37408364e-07  7.50169351e-06  1.37408364e-07  1.20000467e+00  1.37408364e-07  3.30000778e+00 
 1.37458364e-07 -1.87383432e-06  1.37458364e-07 -7.60328748e-06  1.37458364e-07  1.19999527e+00  1.37458364e-07  3.29999205e+00 
 1.37508364e-07  1.97270980e-06  1.37508364e-07  7.73383411e-06  1.37508364e-07  1.20000460e+00  1.37508364e-07  3.30000808e+00 
 1.37558364e-07 -1.83050639e-06  1.37558364e-07 -7.82914902e-06  1.37558364e-07  1.19999534e+00  1.37558364e-07  3.29999176e+00 
 1.37608364e-07  1.92987619e-06  1.37608364e-07  7.95352109e-06  1.37608364e-07  1.20000453e+00  1.37608364e-07  3.30000836e+00 
 1.37658364e-07 -1.78816387e-06  1.37658364e-07 -8.04276110e-06  1.37658364e-07  1.19999540e+00  1.37658364e-07  3.29999148e+00 
 1.37708364e-07  1.88801684e-06  1.37708364e-07  8.16115983e-06  1.37708364e-07  1.20000446e+00  1.37708364e-07  3.30000863e+00 
 1.37758364e-07 -1.74678447e-06  1.37758364e-07 -8.24452367e-06  1.37758364e-07  1.19999547e+00  1.37758364e-07  3.29999122e+00 
 1.37808364e-07  1.84710969e-06  1.37808364e-07  8.35714492e-06  1.37808364e-07  1.20000440e+00  1.37808364e-07  3.30000889e+00 
 1.37858364e-07 -1.70634633e-06  1.37858364e-07 -8.43482597e-06  1.37858364e-07  1.19999554e+00  1.37858364e-07  3.29999096e+00 
 1.37908364e-07  1.80713310e-06  1.37908364e-07  8.54186031e-06  1.37908364e-07  1.20000433e+00  1.37908364e-07  3.30000914e+00 
 1.37958364e-07 -1.66682807e-06  1.37958364e-07 -8.61404681e-06  1.37958364e-07  1.19999560e+00  1.37958364e-07  3.29999072e+00 
 1.38008364e-07  1.76806594e-06  1.38008364e-07  8.71567979e-06  1.38008364e-07  1.20000427e+00  1.38008364e-07  3.30000937e+00 
 1.38058364e-07 -1.62820879e-06  1.38058364e-07 -8.78255491e-06  1.38058364e-07  1.19999567e+00  1.38058364e-07  3.29999049e+00 
 1.38108364e-07  1.72988752e-06  1.38108364e-07  8.87896704e-06  1.38108364e-07  1.20000420e+00  1.38108364e-07  3.30000960e+00 
 1.38158364e-07 -1.59046803e-06  1.38158364e-07 -8.94070905e-06  1.38158364e-07  1.19999573e+00  1.38158364e-07  3.29999028e+00 
 1.38208364e-07  1.69257762e-06  1.38208364e-07  9.03207603e-06  1.38208364e-07  1.20000414e+00  1.38208364e-07  3.30000981e+00 
 1.38258364e-07 -1.55358579e-06  1.38258364e-07 -9.08885839e-06  1.38258364e-07  1.19999580e+00  1.38258364e-07  3.29999007e+00 
 1.38308364e-07  1.65611646e-06  1.38308364e-07  9.17535118e-06  1.38308364e-07  1.20000408e+00  1.38308364e-07  3.30001001e+00 
 1.38358364e-07 -1.51754253e-06  1.38358364e-07 -9.22734267e-06  1.38358364e-07  1.19999586e+00  1.38358364e-07  3.29998987e+00 
 1.38408364e-07  1.62048472e-06  1.38408364e-07  9.30912761e-06  1.38408364e-07  1.20000402e+00  1.38408364e-07  3.30001020e+00 
 1.38458364e-07 -1.48231916e-06  1.38458364e-07 -9.35649245e-06  1.38458364e-07  1.19999592e+00  1.38458364e-07  3.29998968e+00 
 1.38508364e-07  1.58566351e-06  1.38508364e-07  9.43373136e-06  1.38508364e-07  1.20000396e+00  1.38508364e-07  3.30001039e+00 
 1.38558364e-07 -1.44789699e-06  1.38558364e-07 -9.47662930e-06  1.38558364e-07  1.19999598e+00  1.38558364e-07  3.29998951e+00 
 1.38608364e-07  1.55163439e-06  1.38608364e-07  9.54947960e-06  1.38608364e-07  1.20000390e+00  1.38608364e-07  3.30001056e+00 
 1.38658364e-07 -1.41425781e-06  1.38658364e-07 -9.58806600e-06  1.38658364e-07  1.19999603e+00  1.38658364e-07  3.29998934e+00 
 1.38708364e-07  1.51837931e-06  1.38708364e-07  9.65668080e-06  1.38708364e-07  1.20000384e+00  1.38708364e-07  3.30001072e+00 
 1.38758364e-07 -1.38138377e-06  1.38758364e-07 -9.69110676e-06  1.38758364e-07  1.19999609e+00  1.38758364e-07  3.29998918e+00 
 1.38808364e-07  1.48588066e-06  1.38808364e-07  9.75563496e-06  1.38808364e-07  1.20000378e+00  1.38808364e-07  3.30001088e+00 
 1.38858364e-07 -1.34925747e-06  1.38858364e-07 -9.78604744e-06  1.38858364e-07  1.19999615e+00  1.38858364e-07  3.29998903e+00 
 1.38908364e-07  1.45412124e-06  1.38908364e-07  9.84663383e-06  1.38908364e-07  1.20000373e+00  1.38908364e-07  3.30001103e+00 
 1.38958364e-07 -1.31786192e-06  1.38958364e-07 -9.87317569e-06  1.38958364e-07  1.19999620e+00  1.38958364e-07  3.29998888e+00 
 1.39008364e-07  1.42308423e-06  1.39008364e-07  9.92996101e-06  1.39008364e-07  1.20000367e+00  1.39008364e-07  3.30001117e+00 
 1.39058364e-07 -1.28718047e-06  1.39058364e-07 -9.95277113e-06  1.39058364e-07  1.19999626e+00  1.39058364e-07  3.29998875e+00 
 1.39108364e-07  1.39275319e-06  1.39108364e-07  1.00058922e-05  1.39108364e-07  1.20000362e+00  1.39108364e-07  3.30001130e+00 
 1.39158364e-07 -1.25719689e-06  1.39158364e-07 -1.00251056e-05  1.39158364e-07  1.19999631e+00  1.39158364e-07  3.29998862e+00 
 1.39208364e-07  1.36311206e-06  1.39208364e-07  1.00746954e-05  1.39208364e-07  1.20000356e+00  1.39208364e-07  3.30001142e+00 
 1.39258364e-07 -1.22789532e-06  1.39258364e-07 -1.00904432e-05  1.39258364e-07  1.19999637e+00  1.39258364e-07  3.29998850e+00 
 1.39308364e-07  1.33414517e-06  1.39308364e-07  1.01366311e-05  1.39308364e-07  1.20000351e+00  1.39308364e-07  3.30001154e+00 
 1.39358364e-07 -1.19926023e-06  1.39358364e-07 -1.01490407e-05  1.39358364e-07  1.19999642e+00  1.39358364e-07  3.29998839e+00 
 1.39408364e-07  1.30583719e-06  1.39408364e-07  1.01919521e-05  1.39408364e-07  1.20000346e+00  1.39408364e-07  3.30001165e+00 
 1.39458364e-07 -1.17127651e-06  1.39458364e-07 -1.02011475e-05  1.39458364e-07  1.19999647e+00  1.39458364e-07  3.29998828e+00 
 1.39508364e-07  1.27817315e-06  1.39508364e-07  1.02409044e-05  1.39508364e-07  1.20000341e+00  1.39508364e-07  3.30001175e+00 
 1.39558364e-07 -1.14392935e-06  1.39558364e-07 -1.02470057e-05  1.39558364e-07  1.19999652e+00  1.39558364e-07  3.29998818e+00 
 1.39608364e-07  1.25113842e-06  1.39608364e-07  1.02837266e-05  1.39608364e-07  1.20000336e+00  1.39608364e-07  3.30001184e+00 
 1.39658364e-07 -1.11720429e-06  1.39658364e-07 -1.02868507e-05  1.39658364e-07  1.19999657e+00  1.39658364e-07  3.29998809e+00 
 1.39708364e-07  1.22471871e-06  1.39708364e-07  1.03206505e-05  1.39708364e-07  1.20000331e+00  1.39708364e-07  3.30001193e+00 
 1.39758364e-07 -1.09108720e-06  1.39758364e-07 -1.03209109e-05  1.39758364e-07  1.19999662e+00  1.39758364e-07  3.29998801e+00 
 1.39808364e-07  1.19890003e-06  1.39808364e-07  1.03519014e-05  1.39808364e-07  1.20000326e+00  1.39808364e-07  3.30001201e+00 
 1.39858364e-07 -1.06556426e-06  1.39858364e-07 -1.03494081e-05  1.39858364e-07  1.19999667e+00  1.39858364e-07  3.29998793e+00 
 1.39908364e-07  1.17366876e-06  1.39908364e-07  1.03776977e-05  1.39908364e-07  1.20000321e+00  1.39908364e-07  3.30001209e+00 
 1.39954182e-07 -1.03949738e-06  1.39954182e-07 -1.03734906e-05  1.39954182e-07  1.19999672e+00  1.39954182e-07  3.29998785e+00 
 1.40000000e-07  1.14678920e-06  1.40000000e-07  1.03998743e-05  1.40000000e-07  1.20000316e+00  1.40000000e-07  3.30001217e+00 
 1.40005000e-07  1.30938475e-05  1.40005000e-07  1.35827039e-04  1.40005000e-07  1.20011648e+00  1.40005000e-07  3.30066377e+00 
 1.40015000e-07 -3.91028579e-06  1.40015000e-07  2.87869745e-05  1.40015000e-07  1.20009406e+00  1.40015000e-07  3.30080054e+00 
 1.40035000e-07 -7.72399696e-06  1.40035000e-07 -5.32065325e-05  1.40035000e-07  1.19994390e+00  1.40035000e-07  3.30026320e+00 
 1.40075000e-07  6.66715015e-06  1.40075000e-07 -4.12635293e-05  1.40075000e-07  1.20000896e+00  1.40075000e-07  3.29955826e+00 
 1.40125000e-07 -3.49958685e-05  1.40125000e-07 -1.14664624e-04  1.40125000e-07  1.19916656e+00  1.40125000e-07  3.29789610e+00 
 1.40162500e-07 -7.27888048e-05  1.40162500e-07 -2.83182575e-04  1.40162500e-07  1.19718088e+00  1.40162500e-07  3.29450070e+00 
 1.40200000e-07  3.82429470e-04  1.40200000e-07  1.41372961e-04  1.40200000e-07  1.20463034e+00  1.40200000e-07  3.29504371e+00 
 1.40205000e-07  3.42967997e-04  1.40205000e-07  6.61273357e-05  1.40205000e-07  1.20607971e+00  1.40205000e-07  3.29507341e+00 
 1.40215000e-07 -1.50183426e-04  1.40215000e-07  2.06093384e-04  1.40215000e-07  1.20473541e+00  1.40215000e-07  3.29605581e+00 
 1.40235000e-07 -4.28572768e-04  1.40235000e-07  5.30036729e-04  1.40235000e-07  1.19751616e+00  1.40235000e-07  3.30010494e+00 
 1.40275000e-07  3.33530865e-04  1.40275000e-07  1.38258271e-03  1.40275000e-07  1.19990125e+00  1.40275000e-07  3.31763924e+00 
 1.40318687e-07 -1.95321255e-04  1.40318687e-07 -1.82479348e-03  1.40318687e-07  1.20019068e+00  1.40318687e-07  3.30212677e+00 
 1.40364555e-07  1.20968271e-04  1.40364555e-07  3.74469983e-04  1.40364555e-07  1.19974131e+00  1.40364555e-07  3.29552408e+00 
 1.40414555e-07 -7.74092521e-05  1.40414555e-07 -1.35626857e-04  1.40414555e-07  1.20027356e+00  1.40414555e-07  3.29947999e+00 
 1.40464555e-07  4.90495845e-05  1.40464555e-07  1.98791551e-04  1.40464555e-07  1.19973567e+00  1.40464555e-07  3.29883920e+00 
 1.40514555e-07 -2.98858296e-05  1.40514555e-07 -1.36217976e-04  1.40514555e-07  1.20024282e+00  1.40514555e-07  3.29980799e+00 
 1.40564555e-07  1.71830255e-05  1.40564555e-07  1.37150640e-04  1.40564555e-07  1.19978378e+00  1.40564555e-07  3.29956253e+00 
 1.40614555e-07 -8.39270252e-06  1.40614555e-07 -1.01339993e-04  1.40614555e-07  1.20018832e+00  1.40614555e-07  3.30001058e+00 
 1.40664555e-07  2.60424798e-06  1.40664555e-07  9.08335939e-05  1.40664555e-07  1.19983816e+00  1.40664555e-07  3.29978141e+00 
 1.40714555e-07  1.51463350e-06  1.40714555e-07 -7.04644770e-05  1.40714555e-07  1.20013752e+00  1.40714555e-07  3.30007924e+00 
 1.40764555e-07 -4.07977105e-06  1.40764555e-07  5.97324092e-05  1.40764555e-07  1.19988381e+00  1.40764555e-07  3.29985507e+00 
 1.40814555e-07  5.97304436e-06  1.40814555e-07 -4.68179573e-05  1.40814555e-07  1.20009759e+00  1.40814555e-07  3.30009759e+00 
 1.40864555e-07 -6.98294120e-06  1.40864555e-07  3.79029991e-05  1.40864555e-07  1.19991810e+00  1.40864555e-07  3.29988333e+00 
 1.40914555e-07  7.78615179e-06  1.40914555e-07 -2.89894943e-05  1.40914555e-07  1.20006852e+00  1.40914555e-07  3.30009908e+00 
 1.40964555e-07 -8.02951820e-06  1.40964555e-07  2.20215822e-05  1.40964555e-07  1.19994251e+00  1.40964555e-07  3.29989696e+00 
 1.41014555e-07  8.29313231e-06  1.41014555e-07 -1.55785573e-05  1.41014555e-07  1.20004816e+00  1.41014555e-07  3.30009516e+00 
 1.41064555e-07 -8.15857899e-06  1.41064555e-07  1.02582581e-05  1.41064555e-07  1.19995940e+00  1.41064555e-07  3.29990569e+00 
 1.41114555e-07  8.15886702e-06  1.41114555e-07 -5.49523278e-06  1.41114555e-07  1.20003419e+00  1.41114555e-07  3.30008969e+00 
 1.41164555e-07 -7.84402954e-06  1.41164555e-07  1.47003142e-06  1.41164555e-07  1.19997091e+00  1.41164555e-07  3.29991257e+00 
 1.41214555e-07  7.72334459e-06  1.41214555e-07  2.09120717e-06  1.41214555e-07  1.20002471e+00  1.41214555e-07  3.30008403e+00 
 1.41264555e-07 -7.33097077e-06  1.41264555e-07 -5.12836797e-06  1.41264555e-07  1.19997872e+00  1.41264555e-07  3.29991852e+00 
 1.41314555e-07  7.16383298e-06  1.41314555e-07  7.80979052e-06  1.41314555e-07  1.20001829e+00  1.41314555e-07  3.30007864e+00 
 1.41364555e-07 -6.74783050e-06  1.41364555e-07 -1.01030239e-05  1.41364555e-07  1.19998400e+00  1.41364555e-07  3.29992383e+00 
 1.41414555e-07  6.57326368e-06  1.41414555e-07  1.21337849e-05  1.41414555e-07  1.20001393e+00  1.41414555e-07  3.30007370e+00 
 1.41464555e-07 -6.16161929e-06  1.41464555e-07 -1.38700006e-05  1.41464555e-07  1.19998760e+00  1.41464555e-07  3.29992857e+00 
 1.41514555e-07  5.99955566e-06  1.41514555e-07  1.54171750e-05  1.41514555e-07  1.20001096e+00  1.41514555e-07  3.30006923e+00 
 1.41564555e-07 -5.60616243e-06  1.41564555e-07 -1.67369464e-05  1.41564555e-07  1.19999006e+00  1.41564555e-07  3.29993281e+00 
 1.41614555e-07  5.46606072e-06  1.41614555e-07  1.79234338e-05  1.41614555e-07  1.20000891e+00  1.41614555e-07  3.30006523e+00 
 1.41664555e-07 -5.09703445e-06  1.41664555e-07 -1.89314923e-05  1.41664555e-07  1.19999177e+00  1.41664555e-07  3.29993659e+00 
 1.41714555e-07  4.98255770e-06  1.41714555e-07  1.98479117e-05  1.41714555e-07  1.20000748e+00  1.41714555e-07  3.30006167e+00 
 1.41764555e-07 -4.63971636e-06  1.41764555e-07 -2.06218631e-05  1.41764555e-07  1.19999297e+00  1.41764555e-07  3.29993995e+00 
 1.41814555e-07  4.55134386e-06  1.41814555e-07  2.13350264e-05  1.41814555e-07  1.20000647e+00  1.41814555e-07  3.30005849e+00 
 1.41864555e-07 -4.23417317e-06  1.41864555e-07 -2.19321863e-05  1.41864555e-07  1.19999382e+00  1.41864555e-07  3.29994295e+00 
 1.41914555e-07  4.17069066e-06  1.41914555e-07  2.24913133e-05  1.41914555e-07  1.20000575e+00  1.41914555e-07  3.30005566e+00 
 1.41957278e-07 -3.84919551e-06  1.41957278e-07 -2.30301860e-05  1.41957278e-07  1.19999449e+00  1.41957278e-07  3.29994585e+00 
 1.42000000e-07  3.78425526e-06  1.42000000e-07  2.35289296e-05  1.42000000e-07  1.20000514e+00  1.42000000e-07  3.30005271e+00 
 1.42005000e-07  1.34778482e-05  1.42005000e-07  1.68984320e-04  1.42005000e-07  1.20011763e+00  1.42005000e-07  3.30083204e+00 
 1.42015000e-07 -6.74070949e-07  1.42015000e-07  2.69221615e-05  1.42015000e-07  1.20012558e+00  1.42015000e-07  3.30095199e+00 
 1.42035000e-07 -8.31631740e-06  1.42035000e-07 -6.34153615e-05  1.42035000e-07  1.19998349e+00  1.42035000e-07  3.30029138e+00 
 1.42075000e-07  5.23619334e-06  1.42075000e-07 -1.17345248e-04  1.42075000e-07  1.20000271e+00  1.42075000e-07  3.29870854e+00 
 1.42125000e-07 -1.95921380e-05  1.42125000e-07  1.30181447e-04  1.42125000e-07  1.19955865e+00  1.42125000e-07  3.29978064e+00 
 1.42162500e-07  5.62900104e-05  1.42162500e-07  3.22189339e-05  1.42162500e-07  1.20053822e+00  1.42162500e-07  3.30072720e+00 
 1.42200000e-07 -6.36572878e-05  1.42200000e-07 -1.26019206e-04  1.42200000e-07  1.19985559e+00  1.42200000e-07  3.29927144e+00 
 1.42205000e-07 -3.10215866e-05  1.42205000e-07 -3.63592791e-05  1.42205000e-07  1.19982686e+00  1.42205000e-07  3.29947080e+00 
 1.42215000e-07  1.55140566e-05  1.42215000e-07  3.88745572e-05  1.42215000e-07  1.19997413e+00  1.42215000e-07  3.29979836e+00 
 1.42235000e-07 -3.48056705e-06  1.42235000e-07  2.17822274e-05  1.42235000e-07  1.20005266e+00  1.42235000e-07  3.30009259e+00 
 1.42275000e-07  1.08637096e-06  1.42275000e-07  3.07472081e-06  1.42275000e-07  1.19997404e+00  1.42275000e-07  3.30015142e+00 
 1.42325000e-07 -1.12878010e-07  1.42325000e-07 -9.90415653e-07  1.42325000e-07  1.20003185e+00  1.42325000e-07  3.30015871e+00 
 1.42375000e-07 -7.60485190e-07  1.42375000e-07 -5.03123490e-06  1.42375000e-07  1.19997144e+00  1.42375000e-07  3.30007929e+00 
 1.42425000e-07  1.63335233e-06  1.42425000e-07  1.80691378e-06  1.42425000e-07  1.20002690e+00  1.42425000e-07  3.30008089e+00 
 1.42475000e-07 -2.11431080e-06  1.42475000e-07 -4.77061640e-06  1.42475000e-07  1.19997528e+00  1.42475000e-07  3.30003047e+00 
 1.42525000e-07  2.68031121e-06  1.42525000e-07  2.94750668e-06  1.42525000e-07  1.20002241e+00  1.42525000e-07  3.30003895e+00 
 1.42575000e-07 -2.87448366e-06  1.42575000e-07 -4.16333593e-06  1.42575000e-07  1.19997971e+00  1.42575000e-07  3.30000847e+00 
 1.42625000e-07  3.19944794e-06  1.42625000e-07  3.22017842e-06  1.42625000e-07  1.20001806e+00  1.42625000e-07  3.30001896e+00 
 1.42675000e-07 -3.19212620e-06  1.42675000e-07 -3.55305968e-06  1.42675000e-07  1.19998385e+00  1.42675000e-07  3.30000047e+00 
 1.42725000e-07  3.35295409e-06  1.42725000e-07  3.00594608e-06  1.42725000e-07  1.20001418e+00  1.42725000e-07  3.30000954e+00 
 1.42775000e-07 -3.21423969e-06  1.42775000e-07 -2.94907243e-06  1.42775000e-07  1.19998744e+00  1.42775000e-07  3.29999843e+00 
 1.42825000e-07  3.27169476e-06  1.42825000e-07  2.56730660e-06  1.42825000e-07  1.20001091e+00  1.42825000e-07  3.30000483e+00 
 1.42875000e-07 -3.05354166e-06  1.42875000e-07 -2.35814277e-06  1.42875000e-07  1.19999040e+00  1.42875000e-07  3.29999857e+00 
 1.42925000e-07  3.05156325e-06  1.42925000e-07  2.05131519e-06  1.42925000e-07  1.20000825e+00  1.42925000e-07  3.30000223e+00 
 1.42975000e-07 -2.79048848e-06  1.42975000e-07 -1.79638237e-06  1.42975000e-07  1.19999277e+00  1.42975000e-07  3.29999935e+00 
 1.43025000e-07  2.75904845e-06  1.43025000e-07  1.53379545e-06  1.43025000e-07  1.20000614e+00  1.43025000e-07  3.30000063e+00 
 1.43075000e-07 -2.47947892e-06  1.43075000e-07 -1.27915933e-06  1.43075000e-07  1.19999463e+00  1.43075000e-07  3.30000019e+00 
 1.43125000e-07  2.43829363e-06  1.43125000e-07  1.05166776e-06  1.43125000e-07  1.20000451e+00  1.43125000e-07  3.29999956e+00 
 1.43175000e-07 -2.15595400e-06  1.43175000e-07 -8.16408335e-07  1.43175000e-07  1.19999606e+00  1.43175000e-07  3.30000092e+00 
 1.43225000e-07  2.11742004e-06  1.43225000e-07  6.21190219e-07  1.43225000e-07  1.20000326e+00  1.43225000e-07  3.29999882e+00 
 1.43275000e-07 -1.84191477e-06  1.43275000e-07 -4.12258806e-07  1.43275000e-07  1.19999715e+00  1.43275000e-07  3.30000148e+00 
 1.43325000e-07  1.81333756e-06  1.43325000e-07  2.47564970e-07  1.43325000e-07  1.20000232e+00  1.43325000e-07  3.29999830e+00 
 1.43375000e-07 -1.55006839e-06  1.43375000e-07 -6.63560069e-08  1.43375000e-07  1.19999797e+00  1.43375000e-07  3.30000190e+00 
 1.43425000e-07  1.53530173e-06  1.43425000e-07 -6.99064602e-08  1.43425000e-07  1.20000161e+00  1.43425000e-07  3.29999793e+00 
 1.43475000e-07 -1.28685962e-06  1.43475000e-07  2.24567711e-07  1.43475000e-07  1.19999857e+00  1.43475000e-07  3.30000220e+00 
 1.43525000e-07  1.28748302e-06  1.43525000e-07 -3.34968439e-07  1.43525000e-07  1.20000109e+00  1.43525000e-07  3.29999768e+00 
 1.43575000e-07 -1.05463793e-06  1.43575000e-07  4.65400179e-07  1.43575000e-07  1.19999902e+00  1.43575000e-07  3.30000239e+00 
 1.43625000e-07  1.07078625e-06  1.43625000e-07 -5.52783244e-07  1.43625000e-07  1.20000071e+00  1.43625000e-07  3.29999752e+00 
 1.43675000e-07 -8.53178452e-07  1.43675000e-07  6.61731097e-07  1.43675000e-07  1.19999934e+00  1.43675000e-07  3.30000252e+00 
 1.43725000e-07  8.84116224e-07  1.43725000e-07 -7.28990831e-07  1.43725000e-07  1.20000044e+00  1.43725000e-07  3.29999743e+00 
 1.43775000e-07 -6.80730329e-07  1.43775000e-07  8.19255849e-07  1.43775000e-07  1.19999958e+00  1.43775000e-07  3.30000258e+00 
 1.43825000e-07  7.25241499e-07  1.43825000e-07 -8.69172299e-07  1.43825000e-07  1.20000024e+00  1.43825000e-07  3.29999739e+00 
 1.43875000e-07 -5.34724587e-07  1.43875000e-07  9.43418054e-07  1.43875000e-07  1.19999974e+00  1.43875000e-07  3.30000260e+00 
 1.43925000e-07  5.91370766e-07  1.43925000e-07 -9.78557460e-07  1.43925000e-07  1.20000010e+00  1.43925000e-07  3.29999739e+00 
 1.43975000e-07 -4.12240133e-07  1.43975000e-07  1.03921593e-06  1.43975000e-07  1.19999986e+00  1.43975000e-07  3.30000259e+00 
 1.44025000e-07  4.79526361e-07  1.44025000e-07 -1.06188176e-06  1.44025000e-07  1.20000000e+00  1.44025000e-07  3.29999742e+00 
 1.44075000e-07 -3.10300156e-07  1.44075000e-07  1.11111568e-06  1.44075000e-07  1.19999994e+00  1.44075000e-07  3.30000255e+00 
 1.44125000e-07  3.86776642e-07  1.44125000e-07 -1.12333408e-06  1.44125000e-07  1.19999993e+00  1.44125000e-07  3.29999746e+00 
 1.44175000e-07 -2.26051711e-07  1.44175000e-07  1.16303162e-06  1.44175000e-07  1.20000000e+00  1.44175000e-07  3.30000249e+00 
 1.44225000e-07  3.10371952e-07  1.44225000e-07 -1.16655805e-06  1.44225000e-07  1.19999988e+00  1.44225000e-07  3.29999753e+00 
 1.44275000e-07 -1.56865841e-07  1.44275000e-07  1.19834559e-06  1.44275000e-07  1.20000004e+00  1.44275000e-07  3.30000243e+00 
 1.44325000e-07  2.47815778e-07  1.44325000e-07 -1.19468369e-06  1.44325000e-07  1.19999985e+00  1.44325000e-07  3.29999760e+00 
 1.44375000e-07 -1.00385453e-07  1.44375000e-07  1.21994788e-06  1.44375000e-07  1.20000006e+00  1.44375000e-07  3.30000235e+00 
 1.44425000e-07  1.96893688e-07  1.44425000e-07 -1.21037420e-06  1.44425000e-07  1.19999983e+00  1.44425000e-07  3.29999768e+00 
 1.44475000e-07 -5.45391475e-08  1.44475000e-07  1.23028804e-06  1.44475000e-07  1.20000008e+00  1.44475000e-07  3.30000227e+00 
 1.44525000e-07  1.55675542e-07  1.44525000e-07 -1.21587885e-06  1.44525000e-07  1.19999982e+00  1.44525000e-07  3.29999776e+00 
 1.44575000e-07 -1.75344805e-08  1.44575000e-07  1.23142841e-06  1.44575000e-07  1.20000009e+00  1.44575000e-07  3.30000219e+00 
 1.44625000e-07  1.22501792e-07  1.44625000e-07 -1.21308614e-06  1.44625000e-07  1.19999981e+00  1.44625000e-07  3.29999784e+00 
 1.44675000e-07  1.21608901e-08  1.44675000e-07  1.22509639e-06  1.44675000e-07  1.20000009e+00  1.44675000e-07  3.30000210e+00 
 1.44725000e-07  9.59610275e-08  1.44725000e-07 -1.20357444e-06  1.44725000e-07  1.19999981e+00  1.44725000e-07  3.29999793e+00 
 1.44775000e-07  3.58441271e-08  1.44775000e-07  1.21273278e-06  1.44775000e-07  1.20000009e+00  1.44775000e-07  3.30000201e+00 
 1.44825000e-07  7.48635250e-08  1.44825000e-07 -1.18865793e-06  1.44825000e-07  1.19999981e+00  1.44825000e-07  3.29999802e+00 
 1.44875000e-07  5.46043869e-08  1.44875000e-07  1.19553543e-06  1.44875000e-07  1.20000009e+00  1.44875000e-07  3.30000193e+00 
 1.44925000e-07  5.82138649e-08  1.44925000e-07 -1.16942768e-06  1.44925000e-07  1.19999981e+00  1.44925000e-07  3.29999810e+00 
 1.44975000e-07  6.93500178e-08  1.44975000e-07  1.17449757e-06  1.44975000e-07  1.20000009e+00  1.44975000e-07  3.30000184e+00 
 1.45025000e-07  4.51843719e-08  1.45025000e-07 -1.14678736e-06  1.45025000e-07  1.19999982e+00  1.45025000e-07  3.29999818e+00 
 1.45075000e-07  8.08341526e-08  1.45075000e-07  1.15044104e-06  1.45075000e-07  1.20000009e+00  1.45075000e-07  3.30000176e+00 
 1.45125000e-07  3.50906091e-08  1.45125000e-07 -1.12148411e-06  1.45125000e-07  1.19999982e+00  1.45125000e-07  3.29999826e+00 
 1.45175000e-07  8.96781296e-08  1.45175000e-07  1.12404478e-06  1.45175000e-07  1.20000008e+00  1.45175000e-07  3.30000168e+00 
 1.45225000e-07  2.73691123e-08  1.45225000e-07 -1.09413469e-06  1.45225000e-07  1.19999982e+00  1.45225000e-07  3.29999834e+00 
 1.45275000e-07  9.63923533e-08  1.45275000e-07  1.09586892e-06  1.45275000e-07  1.20000008e+00  1.45275000e-07  3.30000161e+00 
 1.45325000e-07  2.15580032e-08  1.45325000e-07 -1.06524765e-06  1.45325000e-07  1.19999983e+00  1.45325000e-07  3.29999842e+00 
 1.45375000e-07  1.01394461e-07  1.45375000e-07  1.06637508e-06  1.45375000e-07  1.20000007e+00  1.45375000e-07  3.30000153e+00 
 1.45425000e-07  1.72799650e-08  1.45425000e-07 -1.03524195e-06  1.45425000e-07  1.19999983e+00  1.45425000e-07  3.29999849e+00 
 1.45475000e-07  1.05025037e-07  1.45475000e-07  1.03594343e-06  1.45475000e-07  1.20000007e+00  1.45475000e-07  3.30000146e+00 
 1.45525000e-07  1.42278176e-08  1.45525000e-07 -1.00446248e-06  1.45525000e-07  1.19999984e+00  1.45525000e-07  3.29999856e+00 
 1.45575000e-07  1.07560947e-07  1.45575000e-07  1.00488676e-06  1.45575000e-07  1.20000007e+00  1.45575000e-07  3.30000139e+00 
 1.45625000e-07  1.21521760e-08  1.45625000e-07 -9.73192870e-07  1.45625000e-07  1.19999984e+00  1.45625000e-07  3.29999863e+00 
 1.45675000e-07  1.09226654e-07  1.45675000e-07  9.73462269e-07  1.45675000e-07  1.20000006e+00  1.45675000e-07  3.30000133e+00 
 1.45725000e-07  1.08511446e-08  1.45725000e-07 -9.41666274e-07  1.45725000e-07  1.19999984e+00  1.45725000e-07  3.29999869e+00 
 1.45775000e-07  1.10203663e-07  1.45775000e-07  9.41881227e-07  1.45775000e-07  1.20000006e+00  1.45775000e-07  3.30000126e+00 
 1.45825000e-07  1.01616658e-08  1.45825000e-07 -9.10074127e-07  1.45825000e-07  1.19999985e+00  1.45825000e-07  3.29999876e+00 
 1.45875000e-07  1.10638360e-07  1.45875000e-07  9.10317048e-07  1.45875000e-07  1.20000006e+00  1.45875000e-07  3.30000120e+00 
 1.45925000e-07  9.95237567e-09  1.45925000e-07 -8.78573420e-07  1.45925000e-07  1.19999985e+00  1.45925000e-07  3.29999882e+00 
 1.45975000e-07  1.10648564e-07  1.45975000e-07  8.78911799e-07  1.45975000e-07  1.20000005e+00  1.45975000e-07  3.30000114e+00 
 1.46025000e-07  1.01176755e-08  1.46025000e-07 -8.47292700e-07  1.46025000e-07  1.19999985e+00  1.46025000e-07  3.29999887e+00 
 1.46075000e-07  1.10328867e-07  1.46075000e-07  8.47781728e-07  1.46075000e-07  1.20000005e+00  1.46075000e-07  3.30000109e+00 
 1.46125000e-07  1.05728736e-08  1.46125000e-07 -8.16336979e-07  1.46125000e-07  1.19999986e+00  1.46125000e-07  3.29999893e+00 
 1.46175000e-07  1.09755069e-07  1.46175000e-07  8.17021626e-07  1.46175000e-07  1.20000005e+00  1.46175000e-07  3.30000103e+00 
 1.46225000e-07  1.12501688e-08  1.46225000e-07 -7.85791774e-07  1.46225000e-07  1.19999986e+00  1.46225000e-07  3.29999898e+00 
 1.46275000e-07  1.08987754e-07  1.46275000e-07  7.86708561e-07  1.46275000e-07  1.20000004e+00  1.46275000e-07  3.30000098e+00 
 1.46325000e-07  1.20954630e-08  1.46325000e-07 -7.55726432e-07  1.46325000e-07  1.19999986e+00  1.46325000e-07  3.29999903e+00 
 1.46375000e-07  1.08075228e-07  1.46375000e-07  7.56904827e-07  1.46375000e-07  1.20000004e+00  1.46375000e-07  3.30000093e+00 
 1.46425000e-07  1.30656396e-08  1.46425000e-07 -7.26196830e-07  1.46425000e-07  1.19999987e+00  1.46425000e-07  3.29999908e+00 
 1.46475000e-07  1.07055935e-07  1.46475000e-07  7.27660444e-07  1.46475000e-07  1.20000004e+00  1.46475000e-07  3.30000089e+00 
 1.46525000e-07  1.41264367e-08  1.46525000e-07 -6.97247626e-07  1.46525000e-07  1.19999987e+00  1.46525000e-07  3.29999912e+00 
 1.46575000e-07  1.05960383e-07  1.46575000e-07  6.99015190e-07  1.46575000e-07  1.20000003e+00  1.46575000e-07  3.30000084e+00 
 1.46625000e-07  1.52507443e-08  1.46625000e-07 -6.68914147e-07  1.46625000e-07  1.19999987e+00  1.46625000e-07  3.29999916e+00 
 1.46675000e-07  1.04812668e-07  1.46675000e-07  6.71000292e-07  1.46675000e-07  1.20000003e+00  1.46675000e-07  3.30000080e+00 
 1.46725000e-07  1.64171169e-08  1.46725000e-07 -6.41223844e-07  1.46725000e-07  1.19999987e+00  1.46725000e-07  3.29999921e+00 
 1.46775000e-07  1.03631828e-07  1.46775000e-07  6.43639753e-07  1.46775000e-07  1.20000003e+00  1.46775000e-07  3.30000076e+00 
 1.46825000e-07  1.76087016e-08  1.46825000e-07 -6.14197581e-07  1.46825000e-07  1.19999988e+00  1.46825000e-07  3.29999925e+00 
 1.46875000e-07  1.02432795e-07  1.46875000e-07  6.16951553e-07  1.46875000e-07  1.20000003e+00  1.46875000e-07  3.30000072e+00 
 1.46925000e-07  1.88122740e-08  1.46925000e-07 -5.87850678e-07  1.46925000e-07  1.19999988e+00  1.46925000e-07  3.29999928e+00 
 1.46975000e-07  1.01227243e-07  1.46975000e-07  5.90948571e-07  1.46975000e-07  1.20000002e+00  1.46975000e-07  3.30000069e+00 
 1.47025000e-07  2.00175505e-08  1.47025000e-07 -5.62193762e-07  1.47025000e-07  1.19999988e+00  1.47025000e-07  3.29999932e+00 
 1.47075000e-07  1.00024227e-07  1.47075000e-07  5.65639349e-07  1.47075000e-07  1.20000002e+00  1.47075000e-07  3.30000065e+00 
 1.47125000e-07  2.12165590e-08  1.47125000e-07 -5.37233464e-07  1.47125000e-07  1.19999988e+00  1.47125000e-07  3.29999935e+00 
 1.47175000e-07  9.88307494e-08  1.47175000e-07  5.41028778e-07  1.47175000e-07  1.20000002e+00  1.47175000e-07  3.30000062e+00 
 1.47225000e-07  2.24031652e-08  1.47225000e-07 -5.12973087e-07  1.47225000e-07  1.19999989e+00  1.47225000e-07  3.29999939e+00 
 1.47275000e-07  9.76521639e-08  1.47275000e-07  5.17118674e-07  1.47275000e-07  1.20000002e+00  1.47275000e-07  3.30000058e+00 
 1.47325000e-07  2.35727276e-08  1.47325000e-07 -4.89413047e-07  1.47325000e-07  1.19999989e+00  1.47325000e-07  3.29999942e+00 
 1.47375000e-07  9.64924988e-08  1.47375000e-07  4.93908158e-07  1.47375000e-07  1.20000002e+00  1.47375000e-07  3.30000055e+00 
 1.47425000e-07  2.47217449e-08  1.47425000e-07 -4.66551289e-07  1.47425000e-07  1.19999989e+00  1.47425000e-07  3.29999945e+00 
 1.47475000e-07  9.53547673e-08  1.47475000e-07  4.71394129e-07  1.47475000e-07  1.20000001e+00  1.47475000e-07  3.30000052e+00 
 1.47525000e-07  2.58476488e-08  1.47525000e-07 -4.44383733e-07  1.47525000e-07  1.19999989e+00  1.47525000e-07  3.29999948e+00 
 1.47575000e-07  9.42411411e-08  1.47575000e-07  4.49571559e-07  1.47575000e-07  1.20000001e+00  1.47575000e-07  3.30000050e+00 
 1.47625000e-07  2.69486145e-08  1.47625000e-07 -4.22904498e-07  1.47625000e-07  1.19999989e+00  1.47625000e-07  3.29999950e+00 
 1.47675000e-07  9.31531561e-08  1.47675000e-07  4.28433789e-07  1.47675000e-07  1.20000001e+00  1.47675000e-07  3.30000047e+00 
 1.47725000e-07  2.80233600e-08  1.47725000e-07 -4.02106176e-07  1.47725000e-07  1.19999989e+00  1.47725000e-07  3.29999953e+00 
 1.47775000e-07  9.20918467e-08  1.47775000e-07  4.07972732e-07  1.47775000e-07  1.20000001e+00  1.47775000e-07  3.30000045e+00 
 1.47825000e-07  2.90710846e-08  1.47825000e-07 -3.81980080e-07  1.47825000e-07  1.19999990e+00  1.47825000e-07  3.29999955e+00 
 1.47875000e-07  9.10578265e-08  1.47875000e-07  3.88179161e-07  1.47875000e-07  1.20000001e+00  1.47875000e-07  3.30000042e+00 
 1.47925000e-07  3.00913120e-08  1.47925000e-07 -3.62516472e-07  1.47925000e-07  1.19999990e+00  1.47925000e-07  3.29999958e+00 
 1.47975000e-07  9.00514304e-08  1.47975000e-07  3.69042823e-07  1.47975000e-07  1.20000000e+00  1.47975000e-07  3.30000040e+00 
 1.48025000e-07  3.10838595e-08  1.48025000e-07 -3.43704620e-07  1.48025000e-07  1.19999990e+00  1.48025000e-07  3.29999960e+00 
 1.48075000e-07  8.90727216e-08  1.48075000e-07  3.50552583e-07  1.48075000e-07  1.20000000e+00  1.48075000e-07  3.30000038e+00 
 1.48125000e-07  3.20487607e-08  1.48125000e-07 -3.25533056e-07  1.48125000e-07  1.19999990e+00  1.48125000e-07  3.29999962e+00 
 1.48175000e-07  8.81215874e-08  1.48175000e-07  3.32696656e-07  1.48175000e-07  1.20000000e+00  1.48175000e-07  3.30000036e+00 
 1.48225000e-07  3.29861939e-08  1.48225000e-07 -3.07989659e-07  1.48225000e-07  1.19999990e+00  1.48225000e-07  3.29999964e+00 
 1.48275000e-07  8.71977724e-08  1.48275000e-07  3.15462625e-07  1.48275000e-07  1.20000000e+00  1.48275000e-07  3.30000034e+00 
 1.48325000e-07  3.38964693e-08  1.48325000e-07 -2.91061776e-07  1.48325000e-07  1.19999990e+00  1.48325000e-07  3.29999966e+00 
 1.48375000e-07  8.63009249e-08  1.48375000e-07  2.98837605e-07  1.48375000e-07  1.20000000e+00  1.48375000e-07  3.30000032e+00 
 1.48425000e-07  3.47800105e-08  1.48425000e-07 -2.74736301e-07  1.48425000e-07  1.19999991e+00  1.48425000e-07  3.29999968e+00 
 1.48475000e-07  8.54305794e-08  1.48475000e-07  2.82808310e-07  1.48475000e-07  1.20000000e+00  1.48475000e-07  3.30000030e+00 
 1.48525000e-07  3.56372819e-08  1.48525000e-07 -2.58999790e-07  1.48525000e-07  1.19999991e+00  1.48525000e-07  3.29999970e+00 
 1.48575000e-07  8.45862425e-08  1.48575000e-07  2.67361150e-07  1.48575000e-07  1.20000000e+00  1.48575000e-07  3.30000028e+00 
 1.48625000e-07  3.64688307e-08  1.48625000e-07 -2.43838528e-07  1.48625000e-07  1.19999991e+00  1.48625000e-07  3.29999971e+00 
 1.48675000e-07  8.37673447e-08  1.48675000e-07  2.52482309e-07  1.48675000e-07  1.19999999e+00  1.48675000e-07  3.30000026e+00 
 1.48725000e-07  3.72752118e-08  1.48725000e-07 -2.29238603e-07  1.48725000e-07  1.19999991e+00  1.48725000e-07  3.29999973e+00 
 1.48775000e-07  8.29733246e-08  1.48775000e-07  2.38157787e-07  1.48775000e-07  1.19999999e+00  1.48775000e-07  3.30000025e+00 
 1.48825000e-07  3.80570264e-08  1.48825000e-07 -2.15185954e-07  1.48825000e-07  1.19999991e+00  1.48825000e-07  3.29999975e+00 
 1.48875000e-07  8.22035737e-08  1.48875000e-07  2.24373467e-07  1.48875000e-07  1.19999999e+00  1.48875000e-07  3.30000023e+00 
 1.48925000e-07  3.88148595e-08  1.48925000e-07 -2.01666429e-07  1.48925000e-07  1.19999991e+00  1.48925000e-07  3.29999976e+00 
 1.48975000e-07  8.14574941e-08  1.48975000e-07  2.11115204e-07  1.48975000e-07  1.19999999e+00  1.48975000e-07  3.30000022e+00 
 1.49025000e-07  3.95493448e-08  1.49025000e-07 -1.88665883e-07  1.49025000e-07  1.19999991e+00  1.49025000e-07  3.29999977e+00 
 1.49075000e-07  8.07344503e-08  1.49075000e-07  1.98368814e-07  1.49075000e-07  1.19999999e+00  1.49075000e-07  3.30000021e+00 
 1.49125000e-07  4.02610948e-08  1.49125000e-07 -1.76170105e-07  1.49125000e-07  1.19999992e+00  1.49125000e-07  3.29999979e+00 
 1.49175000e-07  8.00338440e-08  1.49175000e-07  1.86120129e-07  1.49175000e-07  1.19999999e+00  1.49175000e-07  3.30000019e+00 
 1.49225000e-07  4.09507196e-08  1.49225000e-07 -1.64164998e-07  1.49225000e-07  1.19999992e+00  1.49225000e-07  3.29999980e+00 
 1.49275000e-07  7.93550403e-08  1.49275000e-07  1.74355087e-07  1.49275000e-07  1.19999999e+00  1.49275000e-07  3.30000018e+00 
 1.49325000e-07  4.16188440e-08  1.49325000e-07 -1.52636512e-07  1.49325000e-07  1.19999992e+00  1.49325000e-07  3.29999981e+00 
 1.49375000e-07  7.86974479e-08  1.49375000e-07  1.63059665e-07  1.49375000e-07  1.19999999e+00  1.49375000e-07  3.30000017e+00 
 1.49425000e-07  4.22660541e-08  1.49425000e-07 -1.41570693e-07  1.49425000e-07  1.19999992e+00  1.49425000e-07  3.29999982e+00 
 1.49475000e-07  7.80604661e-08  1.49475000e-07  1.52220001e-07  1.49475000e-07  1.19999998e+00  1.49475000e-07  3.30000016e+00 
 1.49525000e-07  4.28929555e-08  1.49525000e-07 -1.30953754e-07  1.49525000e-07  1.19999992e+00  1.49525000e-07  3.29999984e+00 
 1.49575000e-07  7.74435092e-08  1.49575000e-07  1.41822384e-07  1.49575000e-07  1.19999998e+00  1.49575000e-07  3.30000015e+00 
 1.49625000e-07  4.35001171e-08  1.49625000e-07 -1.20772063e-07  1.49625000e-07  1.19999992e+00  1.49625000e-07  3.29999985e+00 
 1.49675000e-07  7.68459956e-08  1.49675000e-07  1.31853245e-07  1.49675000e-07  1.19999998e+00  1.49675000e-07  3.30000014e+00 
 1.49725000e-07  4.40881174e-08  1.49725000e-07 -1.11012145e-07  1.49725000e-07  1.19999992e+00  1.49725000e-07  3.29999986e+00 
 1.49775000e-07  7.62673668e-08  1.49775000e-07  1.22299236e-07  1.49775000e-07  1.19999998e+00  1.49775000e-07  3.30000013e+00 
 1.49825000e-07  4.46575128e-08  1.49825000e-07 -1.01660745e-07  1.49825000e-07  1.19999992e+00  1.49825000e-07  3.29999986e+00 
 1.49875000e-07  7.57070672e-08  1.49875000e-07  1.13147186e-07  1.49875000e-07  1.19999998e+00  1.49875000e-07  3.30000012e+00 
 1.49925000e-07  4.52088561e-08  1.49925000e-07 -9.27048144e-08  1.49925000e-07  1.19999992e+00  1.49925000e-07  3.29999987e+00 
 1.49962500e-07  7.50758198e-08  1.49962500e-07  1.02960455e-07  1.49962500e-07  1.19999998e+00  1.49962500e-07  3.30000011e+00 
 1.50000000e-07  4.59168141e-08  1.50000000e-07 -8.13563540e-08  1.50000000e-07  1.19999993e+00  1.50000000e-07  3.29999989e+00 
 1.50005000e-07 -9.09153659e-06  1.50005000e-07 -6.06436156e-05  1.50005000e-07  1.19991800e+00  1.50005000e-07  3.29970362e+00 
 1.50015000e-07  6.29412396e-06  1.50015000e-07 -2.88493881e-06  1.50015000e-07  1.19996468e+00  1.50015000e-07  3.29969129e+00 
 1.50035000e-07  3.68595299e-06  1.50035000e-07  2.34053539e-05  1.50035000e-07  1.20006319e+00  1.50035000e-07  3.29994663e+00 
 1.50075000e-07 -5.49567583e-06  1.50075000e-07  1.18339365e-05  1.50075000e-07  1.19996552e+00  1.50075000e-07  3.30016681e+00 
 1.50125000e-07  2.70125752e-05  1.50125000e-07  1.56125225e-04  1.50125000e-07  1.20061407e+00  1.50125000e-07  3.30224580e+00 
 1.50162500e-07  5.13277284e-06  1.50162500e-07  1.65263851e-04  1.50162500e-07  1.20104296e+00  1.50162500e-07  3.30456664e+00 
 1.50200000e-07 -2.16210566e-04  1.50200000e-07 -1.43253516e-04  1.50200000e-07  1.19640715e+00  1.50200000e-07  3.30347482e+00 
 1.50205000e-07 -1.33068678e-04  1.50205000e-07 -2.65653587e-04  1.50205000e-07  1.19616085e+00  1.50205000e-07  3.30253132e+00 
 1.50215000e-07  1.80051548e-04  1.50215000e-07 -6.54947951e-04  1.50215000e-07  1.19784019e+00  1.50215000e-07  3.29941432e+00 
 1.50235000e-07  2.69097311e-04  1.50235000e-07 -1.04105532e-03  1.50235000e-07  1.20265034e+00  1.50235000e-07  3.29120817e+00 
 1.50271192e-07 -2.60972012e-04  1.50271192e-07 -6.41742065e-05  1.50271192e-07  1.19992817e+00  1.50271192e-07  3.28739429e+00 
 1.50314758e-07  1.58403071e-04  1.50314758e-07  1.12926373e-03  1.50314758e-07  1.19988680e+00  1.50314758e-07  3.30165642e+00 
 1.50360717e-07 -8.97889227e-05  1.50360717e-07 -3.54381620e-04  1.50360717e-07  1.20038887e+00  1.50360717e-07  3.30269836e+00 
 1.50410717e-07  4.07260413e-05  1.50410717e-07  1.28960351e-04  1.50410717e-07  1.19954268e+00  1.50410717e-07  3.30097647e+00 
 1.50460717e-07 -5.28065211e-06  1.50460717e-07 -1.52532390e-04  1.50460717e-07  1.20048438e+00  1.50460717e-07  3.30092281e+00 
 1.50510717e-07 -1.96240540e-05  1.50510717e-07  1.06330759e-04  1.50510717e-07  1.19952607e+00  1.50510717e-07  3.30059450e+00 
 1.50560717e-07  3.68624786e-05  1.50560717e-07 -1.12774845e-04  1.50560717e-07  1.20044511e+00  1.50560717e-07  3.30042728e+00 
 1.50610717e-07 -4.80184753e-05  1.50610717e-07  8.27401373e-05  1.50610717e-07  1.19959396e+00  1.50610717e-07  3.30029703e+00 
 1.50660717e-07  5.50176631e-05  1.50660717e-07 -8.05462543e-05  1.50660717e-07  1.20036289e+00  1.50660717e-07  3.30022203e+00 
 1.50710717e-07 -5.85881697e-05  1.50710717e-07  6.14218514e-05  1.50710717e-07  1.19968061e+00  1.50710717e-07  3.30013233e+00 
 1.50760717e-07  6.00254937e-05  1.50760717e-07 -5.68516601e-05  1.50760717e-07  1.20027753e+00  1.50760717e-07  3.30012766e+00 
 1.50810717e-07 -5.95403178e-05  1.50810717e-07  4.43784068e-05  1.50810717e-07  1.19976114e+00  1.50810717e-07  3.30004651e+00 
 1.50860717e-07  5.80884013e-05  1.50860717e-07 -3.94949331e-05  1.50860717e-07  1.20020363e+00  1.50860717e-07  3.30008320e+00 
 1.50910717e-07 -5.55508931e-05  1.50910717e-07  3.10234635e-05  1.50910717e-07  1.19982760e+00  1.50910717e-07  3.30000246e+00 
 1.50960717e-07  5.27246866e-05  1.50960717e-07 -2.65762678e-05  1.50960717e-07  1.20014479e+00  1.50960717e-07  3.30006208e+00 
 1.51010717e-07 -4.93102821e-05  1.51010717e-07  2.06112773e-05  1.51010717e-07  1.19987910e+00  1.51010717e-07  3.29998015e+00 
 1.51060717e-07  4.59630524e-05  1.51060717e-07 -1.68345102e-05  1.51060717e-07  1.20010012e+00  1.51060717e-07  3.30005184e+00 
 1.51110717e-07 -4.23134605e-05  1.51110717e-07  1.25077538e-05  1.51110717e-07  1.19991755e+00  1.51110717e-07  3.29996911e+00 
 1.51160717e-07  3.89268190e-05  1.51160717e-07 -9.41202520e-06  1.51160717e-07  1.20006722e+00  1.51160717e-07  3.30004660e+00 
 1.51210717e-07 -3.53891314e-05  1.51210717e-07  6.20343271e-06  1.51210717e-07  1.19994554e+00  1.51210717e-07  3.29996394e+00 
 1.51260717e-07  3.22158551e-05  1.51260717e-07 -3.71403541e-06  1.51260717e-07  1.20004350e+00  1.51260717e-07  3.30004362e+00 
 1.51310717e-07 -2.89640344e-05  1.51310717e-07  1.29536346e-06  1.51310717e-07  1.19996556e+00  1.51310717e-07  3.29996184e+00 
 1.51360717e-07  2.61225464e-05  1.51360717e-07  6.86595433e-07  1.51360717e-07  1.20002665e+00  1.51360717e-07  3.30004163e+00 
 1.51410717e-07 -2.32295847e-05  1.51410717e-07 -2.53222033e-06  1.51410717e-07  1.19997969e+00  1.51410717e-07  3.29996134e+00 
 1.51460717e-07  2.07607163e-05  1.51460717e-07  4.10326103e-06  1.51460717e-07  1.20001483e+00  1.51460717e-07  3.30004008e+00 
 1.51510717e-07 -1.82420707e-05  1.51510717e-07 -5.52486361e-06  1.51510717e-07  1.19998956e+00  1.51510717e-07  3.29996168e+00 
 1.51560717e-07  1.61433294e-05  1.51560717e-07  6.76918464e-06  1.51560717e-07  1.20000662e+00  1.51560717e-07  3.30003873e+00 
 1.51610717e-07 -1.39831374e-05  1.51610717e-07 -7.87238754e-06  1.51610717e-07  1.19999638e+00  1.51610717e-07  3.29996242e+00 
 1.51660717e-07  1.22293333e-05  1.51660717e-07  8.85948446e-06  1.51660717e-07  1.20000096e+00  1.51660717e-07  3.30003748e+00 
 1.51710717e-07 -1.03961414e-05  1.51710717e-07 -9.72087608e-06  1.51710717e-07  1.20000106e+00  1.51710717e-07  3.29996336e+00 
 1.51760717e-07  8.95166248e-06  1.51760717e-07  1.05063572e-05  1.51760717e-07  1.19999710e+00  1.51760717e-07  3.30003631e+00 
 1.51810717e-07 -7.40771616e-06  1.51810717e-07 -1.11823668e-05  1.51810717e-07  1.20000423e+00  1.51810717e-07  3.29996436e+00 
 1.51860717e-07  6.23367482e-06  1.51860717e-07  1.18099072e-05  1.51860717e-07  1.19999450e+00  1.51860717e-07  3.30003520e+00 
 1.51910717e-07 -4.94024796e-06  1.51910717e-07 -1.23425625e-05  1.51910717e-07  1.20000636e+00  1.51910717e-07  3.29996537e+00 
 1.51960717e-07  3.99848096e-06  1.51960717e-07  1.28460702e-05  1.51960717e-07  1.19999277e+00  1.51960717e-07  3.30003416e+00 
 1.52010717e-07 -2.91877805e-06  1.52010717e-07 -1.32669001e-05  1.52010717e-07  1.20000776e+00  1.52010717e-07  3.29996636e+00 
 1.52060717e-07  2.17393206e-06  1.52060717e-07  1.36725106e-05  1.52060717e-07  1.19999163e+00  1.52060717e-07  3.30003317e+00 
 1.52110717e-07 -1.27451930e-06  1.52110717e-07 -1.40052861e-05  1.52110717e-07  1.20000867e+00  1.52110717e-07  3.29996730e+00 
 1.52160717e-07  6.94988175e-07  1.52160717e-07  1.43330587e-05  1.52160717e-07  1.19999091e+00  1.52160717e-07  3.30003224e+00 
 1.52210717e-07  5.36500758e-08  1.52210717e-07 -1.45957693e-05  1.52210717e-07  1.20000924e+00  1.52210717e-07  3.29996819e+00 
 1.52260717e-07 -4.95459131e-07  1.52260717e-07  1.48610679e-05  1.52260717e-07  1.19999048e+00  1.52260717e-07  3.30003137e+00 
 1.52310717e-07  1.11886709e-06  1.52310717e-07 -1.50673738e-05  1.52310717e-07  1.20000957e+00  1.52310717e-07  3.29996904e+00 
 1.52360717e-07 -1.44664304e-06  1.52360717e-07  1.52819644e-05  1.52360717e-07  1.19999024e+00  1.52360717e-07  3.30003054e+00 
 1.52410717e-07  1.96661368e-06  1.52410717e-07 -1.54422763e-05  1.52410717e-07  1.20000974e+00  1.52410717e-07  3.29996984e+00 
 1.52460717e-07 -2.20044592e-06  1.52460717e-07  1.56151844e-05  1.52460717e-07  1.19999012e+00  1.52460717e-07  3.30002976e+00 
 1.52510717e-07  2.63537462e-06  1.52510717e-07 -1.57374724e-05  1.52510717e-07  1.20000980e+00  1.52510717e-07  3.29997060e+00 
 1.52560717e-07 -2.79214278e-06  1.52560717e-07  1.58756462e-05  1.52560717e-07  1.19999010e+00  1.52560717e-07  3.30002901e+00 
 1.52610717e-07  3.15743091e-06  1.52610717e-07 -1.59660473e-05  1.52610717e-07  1.20000979e+00  1.52610717e-07  3.29997133e+00 
 1.52660717e-07 -3.25121656e-06  1.52660717e-07  1.60748663e-05  1.52660717e-07  1.19999014e+00  1.52660717e-07  3.30002830e+00 
 1.52710717e-07  3.55967681e-06  1.52710717e-07 -1.61381422e-05  1.52710717e-07  1.20000973e+00  1.52710717e-07  3.29997203e+00 
 1.52760717e-07 -3.60216111e-06  1.52760717e-07  1.62218049e-05  1.52760717e-07  1.19999022e+00  1.52760717e-07  3.30002761e+00 
 1.52810717e-07  3.86439867e-06  1.52810717e-07 -1.62616864e-05  1.52810717e-07  1.20000963e+00  1.52810717e-07  3.29997270e+00 
 1.52860717e-07 -3.86522768e-06  1.52860717e-07  1.63235042e-05  1.52860717e-07  1.19999032e+00  1.52860717e-07  3.30002695e+00 
 1.52910717e-07  4.08998454e-06  1.52910717e-07 -1.63429505e-05  1.52910717e-07  1.20000952e+00  1.52910717e-07  3.29997335e+00 
 1.52960717e-07 -4.05709431e-06  1.52960717e-07  1.63855694e-05  1.52960717e-07  1.19999044e+00  1.52960717e-07  3.30002631e+00 
 1.53010717e-07  4.25155225e-06  1.53010717e-07 -1.63869617e-05  1.53010717e-07  1.20000939e+00  1.53010717e-07  3.29997399e+00 
 1.53060717e-07 -4.19145193e-06  1.53060717e-07  1.64125295e-05  1.53060717e-07  1.19999058e+00  1.53060717e-07  3.30002569e+00 
 1.53110717e-07  4.36149421e-06  1.53110717e-07 -1.63978161e-05  1.53110717e-07  1.20000926e+00  1.53110717e-07  3.29997460e+00 
 1.53160717e-07 -4.27950862e-06  1.53160717e-07  1.64081066e-05  1.53160717e-07  1.19999071e+00  1.53160717e-07  3.30002508e+00 
 1.53210717e-07  4.42994308e-06  1.53210717e-07 -1.63789115e-05  1.53210717e-07  1.20000912e+00  1.53210717e-07  3.29997520e+00 
 1.53260717e-07 -4.33041843e-06  1.53260717e-07  1.63754176e-05  1.53260717e-07  1.19999085e+00  1.53260717e-07  3.30002449e+00 
 1.53310717e-07  4.46516574e-06  1.53310717e-07 -1.63331203e-05  1.53310717e-07  1.20000898e+00  1.53310717e-07  3.29997578e+00 
 1.53360717e-07 -4.35164240e-06  1.53360717e-07  1.63171227e-05  1.53360717e-07  1.19999100e+00  1.53360717e-07  3.30002391e+00 
 1.53410717e-07  4.47389372e-06  1.53410717e-07 -1.62629178e-05  1.53410717e-07  1.20000884e+00  1.53410717e-07  3.29997636e+00 
 1.53460717e-07 -4.34925039e-06  1.53460717e-07  1.62355359e-05  1.53460717e-07  1.19999114e+00  1.53460717e-07  3.30002334e+00 
 1.53510717e-07  4.46159858e-06  1.53510717e-07 -1.61704766e-05  1.53510717e-07  1.20000870e+00  1.53510717e-07  3.29997692e+00 
 1.53560717e-07 -4.32817204e-06  1.53560717e-07  1.61327058e-05  1.53560717e-07  1.19999128e+00  1.53560717e-07  3.30002278e+00 
 1.53610717e-07  4.43272037e-06  1.53610717e-07 -1.60577357e-05  1.53610717e-07  1.20000856e+00  1.53610717e-07  3.29997748e+00 
 1.53660717e-07 -4.29240441e-06  1.53660717e-07  1.60104745e-05  1.53660717e-07  1.19999142e+00  1.53660717e-07  3.30002223e+00 
 1.53710717e-07  4.39085630e-06  1.53710717e-07 -1.59264512e-05  1.53710717e-07  1.20000842e+00  1.53710717e-07  3.29997803e+00 
 1.53760717e-07 -4.24518323e-06  1.53760717e-07  1.58705212e-05  1.53760717e-07  1.19999155e+00  1.53760717e-07  3.30002169e+00 
 1.53810717e-07  4.33891601e-06  1.53810717e-07 -1.57782328e-05  1.53810717e-07  1.20000828e+00  1.53810717e-07  3.29997856e+00 
 1.53860717e-07 -4.18912364e-06  1.53860717e-07  1.57143929e-05  1.53860717e-07  1.19999169e+00  1.53860717e-07  3.30002115e+00 
 1.53910717e-07  4.27924917e-06  1.53910717e-07 -1.56145706e-05  1.53910717e-07  1.20000815e+00  1.53910717e-07  3.29997909e+00 
 1.53960717e-07 -4.12633569e-06  1.53960717e-07  1.55435275e-05  1.53960717e-07  1.19999182e+00  1.53960717e-07  3.30002063e+00 
 1.54010717e-07  4.21374991e-06  1.54010717e-07 -1.54368541e-05  1.54010717e-07  1.20000802e+00  1.54010717e-07  3.29997961e+00 
 1.54060717e-07 -4.05851876e-06  1.54060717e-07  1.53592694e-05  1.54060717e-07  1.19999195e+00  1.54060717e-07  3.30002011e+00 
 1.54110717e-07  4.14394225e-06  1.54110717e-07 -1.52463856e-05  1.54110717e-07  1.20000789e+00  1.54110717e-07  3.29998013e+00 
 1.54160717e-07 -3.98703880e-06  1.54160717e-07  1.51628816e-05  1.54160717e-07  1.19999208e+00  1.54160717e-07  3.30001960e+00 
 1.54210717e-07  4.07104985e-06  1.54210717e-07 -1.50443909e-05  1.54210717e-07  1.20000776e+00  1.54210717e-07  3.29998063e+00 
 1.54260717e-07 -3.91299128e-06  1.54260717e-07  1.49555543e-05  1.54260717e-07  1.19999220e+00  1.54260717e-07  3.30001910e+00 
 1.54310717e-07  3.99605284e-06  1.54310717e-07 -1.48320260e-05  1.54310717e-07  1.20000764e+00  1.54310717e-07  3.29998113e+00 
 1.54360717e-07 -3.83725252e-06  1.54360717e-07  1.47384106e-05  1.54360717e-07  1.19999232e+00  1.54360717e-07  3.30001860e+00 
 1.54410717e-07  3.91973415e-06  1.54410717e-07 -1.46103823e-05  1.54410717e-07  1.20000752e+00  1.54410717e-07  3.29998162e+00 
 1.54460717e-07 -3.76052138e-06  1.54460717e-07  1.45125115e-05  1.54460717e-07  1.19999244e+00  1.54460717e-07  3.30001812e+00 
 1.54510717e-07  3.84271711e-06  1.54510717e-07 -1.43804911e-05  1.54510717e-07  1.20000740e+00  1.54510717e-07  3.29998211e+00 
 1.54560717e-07 -3.68335330e-06  1.54560717e-07  1.42788591e-05  1.54560717e-07  1.19999256e+00  1.54560717e-07  3.30001764e+00 
 1.54610717e-07  3.76549610e-06  1.54610717e-07 -1.41433264e-05  1.54610717e-07  1.20000728e+00  1.54610717e-07  3.29998258e+00 
 1.54660717e-07 -3.60618780e-06  1.54660717e-07  1.40383997e-05  1.54660717e-07  1.19999268e+00  1.54660717e-07  3.30001717e+00 
 1.54710717e-07  3.68846135e-06  1.54710717e-07 -1.38998073e-05  1.54710717e-07  1.20000717e+00  1.54710717e-07  3.29998305e+00 
 1.54760717e-07 -3.52937082e-06  1.54760717e-07  1.37920262e-05  1.54760717e-07  1.19999279e+00  1.54760717e-07  3.30001671e+00 
 1.54810717e-07  3.61191909e-06  1.54810717e-07 -1.36508006e-05  1.54810717e-07  1.20000706e+00  1.54810717e-07  3.29998351e+00 
 1.54860717e-07 -3.45317297e-06  1.54860717e-07  1.35405795e-05  1.54860717e-07  1.19999290e+00  1.54860717e-07  3.30001625e+00 
 1.54910717e-07  3.53610792e-06  1.54910717e-07 -1.33971223e-05  1.54910717e-07  1.20000695e+00  1.54910717e-07  3.29998396e+00 
 1.54960717e-07 -3.37780412e-06  1.54960717e-07  1.32848512e-05  1.54960717e-07  1.19999301e+00  1.54960717e-07  3.30001581e+00 
 1.55010717e-07  3.46121198e-06  1.55010717e-07 -1.31395398e-05  1.55010717e-07  1.20000684e+00  1.55010717e-07  3.29998440e+00 
 1.55060717e-07 -3.30342539e-06  1.55060717e-07  1.30255848e-05  1.55060717e-07  1.19999312e+00  1.55060717e-07  3.30001537e+00 
 1.55110717e-07  3.38737171e-06  1.55110717e-07 -1.28787732e-05  1.55110717e-07  1.20000673e+00  1.55110717e-07  3.29998483e+00 
 1.55160717e-07 -3.23015869e-06  1.55160717e-07  1.27634776e-05  1.55160717e-07  1.19999322e+00  1.55160717e-07  3.30001494e+00 
 1.55210717e-07  3.31469244e-06  1.55210717e-07 -1.26154974e-05  1.55210717e-07  1.20000663e+00  1.55210717e-07  3.29998526e+00 
 1.55260717e-07 -3.15809456e-06  1.55260717e-07  1.24991825e-05  1.55260717e-07  1.19999333e+00  1.55260717e-07  3.30001452e+00 
 1.55310717e-07  3.24325147e-06  1.55310717e-07 -1.23503439e-05  1.55310717e-07  1.20000653e+00  1.55310717e-07  3.29998567e+00 
 1.55360717e-07 -3.08729846e-06  1.55360717e-07  1.22333097e-05  1.55360717e-07  1.19999343e+00  1.55360717e-07  3.30001411e+00 
 1.55410717e-07  3.17310365e-06  1.55410717e-07 -1.20839018e-05  1.55410717e-07  1.20000643e+00  1.55410717e-07  3.29998608e+00 
 1.55460717e-07 -3.01781579e-06  1.55460717e-07  1.19664281e-05  1.55460717e-07  1.19999353e+00  1.55460717e-07  3.30001370e+00 
 1.55510717e-07  3.10428596e-06  1.55510717e-07 -1.18167204e-05  1.55510717e-07  1.20000633e+00  1.55510717e-07  3.29998648e+00 
 1.55560717e-07 -2.94967606e-06  1.55560717e-07  1.16990674e-05  1.55560717e-07  1.19999363e+00  1.55560717e-07  3.30001331e+00 
 1.55610717e-07  3.03682122e-06  1.55610717e-07 -1.15493102e-05  1.55610717e-07  1.20000623e+00  1.55610717e-07  3.29998687e+00 
 1.55660717e-07 -2.88289610e-06  1.55660717e-07  1.14317195e-05  1.55660717e-07  1.19999372e+00  1.55660717e-07  3.30001292e+00 
 1.55710717e-07  2.97072094e-06  1.55710717e-07 -1.12821450e-05  1.55710717e-07  1.20000613e+00  1.55710717e-07  3.29998726e+00 
 1.55760717e-07 -2.81748277e-06  1.55760717e-07  1.11648405e-05  1.55760717e-07  1.19999382e+00  1.55760717e-07  3.30001254e+00 
 1.55810717e-07  2.90598784e-06  1.55810717e-07 -1.10156635e-05  1.55810717e-07  1.20000604e+00  1.55810717e-07  3.29998763e+00 
 1.55860717e-07 -2.75343510e-06  1.55860717e-07  1.08988520e-05  1.55860717e-07  1.19999391e+00  1.55860717e-07  3.30001217e+00 
 1.55910717e-07  2.84261766e-06  1.55910717e-07 -1.07502708e-05  1.55910717e-07  1.20000595e+00  1.55910717e-07  3.29998800e+00 
 1.55960717e-07 -2.69074595e-06  1.55960717e-07  1.06341431e-05  1.55960717e-07  1.19999400e+00  1.55960717e-07  3.30001181e+00 
 1.56010717e-07  2.78060075e-06  1.56010717e-07 -1.04863403e-05  1.56010717e-07  1.20000586e+00  1.56010717e-07  3.29998835e+00 
 1.56060717e-07 -2.62940347e-06  1.56060717e-07  1.03710718e-05  1.56060717e-07  1.19999409e+00  1.56060717e-07  3.30001145e+00 
 1.56110717e-07  2.71992325e-06  1.56110717e-07 -1.02242152e-05  1.56110717e-07  1.20000577e+00  1.56110717e-07  3.29998870e+00 
 1.56160717e-07 -2.56939208e-06  1.56160717e-07  1.01099668e-05  1.56160717e-07  1.19999418e+00  1.56160717e-07  3.30001111e+00 
 1.56210717e-07  2.66056813e-06  1.56210717e-07 -9.96420995e-06  1.56210717e-07  1.20000568e+00  1.56210717e-07  3.29998904e+00 
 1.56260717e-07 -2.51069350e-06  1.56260717e-07  9.85112881e-06  1.56260717e-07  1.19999427e+00  1.56260717e-07  3.30001077e+00 
 1.56310717e-07  2.60251596e-06  1.56310717e-07 -9.70661198e-06  1.56310717e-07  1.20000559e+00  1.56310717e-07  3.29998938e+00 
 1.56360717e-07 -2.45328727e-06  1.56360717e-07  9.59483224e-06  1.56360717e-07  1.19999435e+00  1.56360717e-07  3.30001044e+00 
 1.56410717e-07  2.54574544e-06  1.56410717e-07 -9.45168307e-06  1.56410717e-07  1.20000551e+00  1.56410717e-07  3.29998970e+00 
 1.56460717e-07 -2.39715148e-06  1.56460717e-07  9.34132663e-06  1.56460717e-07  1.19999444e+00  1.56460717e-07  3.30001012e+00 
 1.56510717e-07  2.49023413e-06  1.56510717e-07 -9.19966083e-06  1.56510717e-07  1.20000542e+00  1.56510717e-07  3.29999002e+00 
 1.56560717e-07 -2.34226316e-06  1.56560717e-07  9.09083800e-06  1.56560717e-07  1.19999452e+00  1.56560717e-07  3.30000981e+00 
 1.56610717e-07  2.43595858e-06  1.56610717e-07 -8.95076007e-06  1.56610717e-07  1.20000534e+00  1.56610717e-07  3.29999033e+00 
 1.56660717e-07 -2.28859856e-06  1.56660717e-07  8.84357024e-06  1.56660717e-07  1.19999460e+00  1.56660717e-07  3.30000951e+00 
 1.56710717e-07  2.38289482e-06  1.56710717e-07 -8.70517414e-06  1.56710717e-07  1.20000526e+00  1.56710717e-07  3.29999063e+00 
 1.56760717e-07 -2.23613354e-06  1.56760717e-07  8.59970645e-06  1.56760717e-07  1.19999468e+00  1.56760717e-07  3.30000921e+00 
 1.56810717e-07  2.33101856e-06  1.56810717e-07 -8.46307620e-06  1.56810717e-07  1.20000518e+00  1.56810717e-07  3.29999092e+00 
 1.56860717e-07 -2.18484368e-06  1.56860717e-07  8.35941017e-06  1.56860717e-07  1.19999476e+00  1.56860717e-07  3.30000892e+00 
 1.56910717e-07  2.28030533e-06  1.56910717e-07 -8.22462046e-06  1.56910717e-07  1.20000510e+00  1.56910717e-07  3.29999121e+00 
 1.56960717e-07 -2.13470455e-06  1.56960717e-07  8.12282655e-06  1.56960717e-07  1.19999484e+00  1.56960717e-07  3.30000864e+00 
 1.57010717e-07  2.23073073e-06  1.57010717e-07 -7.98994336e-06  1.57010717e-07  1.20000503e+00  1.57010717e-07  3.29999149e+00 
 1.57060717e-07 -2.08569178e-06  1.57060717e-07  7.89008357e-06  1.57060717e-07  1.19999492e+00  1.57060717e-07  3.30000836e+00 
 1.57110717e-07  2.18227043e-06  1.57110717e-07 -7.75916465e-06  1.57110717e-07  1.20000495e+00  1.57110717e-07  3.29999176e+00 
 1.57160717e-07 -2.03778117e-06  1.57160717e-07  7.66129305e-06  1.57160717e-07  1.19999499e+00  1.57160717e-07  3.30000810e+00 
 1.57210717e-07  2.13490040e-06  1.57210717e-07 -7.53238853e-06  1.57210717e-07  1.20000488e+00  1.57210717e-07  3.29999202e+00 
 1.57260717e-07 -1.99094880e-06  1.57260717e-07  7.43655174e-06  1.57260717e-07  1.19999506e+00  1.57260717e-07  3.30000784e+00 
 1.57310717e-07  2.08859682e-06  1.57310717e-07 -7.30970456e-06  1.57310717e-07  1.20000480e+00  1.57310717e-07  3.29999228e+00 
 1.57360717e-07 -1.94517106e-06  1.57360717e-07  7.21594230e-06  1.57360717e-07  1.19999514e+00  1.57360717e-07  3.30000758e+00 
 1.57410717e-07  2.04333627e-06  1.57410717e-07 -7.09118873e-06  1.57410717e-07  1.20000473e+00  1.57410717e-07  3.29999252e+00 
 1.57460717e-07 -1.90042469e-06  1.57460717e-07  6.99953424e-06  1.57460717e-07  1.19999521e+00  1.57460717e-07  3.30000734e+00 
 1.57510717e-07  1.99909570e-06  1.57510717e-07 -6.87690432e-06  1.57510717e-07  1.20000466e+00  1.57510717e-07  3.29999277e+00 
 1.57560717e-07 -1.85668686e-06  1.57560717e-07  6.78738482e-06  1.57560717e-07  1.19999528e+00  1.57560717e-07  3.30000710e+00 
 1.57610717e-07  1.95585245e-06  1.57610717e-07 -6.66690278e-06  1.57610717e-07  1.20000459e+00  1.57610717e-07  3.29999300e+00 
 1.57660717e-07 -1.81393511e-06  1.57660717e-07  6.57953988e-06  1.57660717e-07  1.19999535e+00  1.57660717e-07  3.30000687e+00 
 1.57710717e-07  1.91358429e-06  1.57710717e-07 -6.46122455e-06  1.57710717e-07  1.20000452e+00  1.57710717e-07  3.29999323e+00 
 1.57760717e-07 -1.77214744e-06  1.57760717e-07  6.37603464e-06  1.57760717e-07  1.19999542e+00  1.57760717e-07  3.30000664e+00 
 1.57810717e-07  1.87226944e-06  1.57810717e-07 -6.25989983e-06  1.57810717e-07  1.20000445e+00  1.57810717e-07  3.29999345e+00 
 1.57860717e-07 -1.73130229e-06  1.57860717e-07  6.17689449e-06  1.57860717e-07  1.19999548e+00  1.57860717e-07  3.30000642e+00 
 1.57910717e-07  1.83188655e-06  1.57910717e-07 -6.06294939e-06  1.57910717e-07  1.20000439e+00  1.57910717e-07  3.29999367e+00 
 1.57960717e-07 -1.69137854e-06  1.57960717e-07  5.98213568e-06  1.57960717e-07  1.19999555e+00  1.57960717e-07  3.30000621e+00 
 1.58010717e-07  1.79241472e-06  1.58010717e-07 -5.87038513e-06  1.58010717e-07  1.20000432e+00  1.58010717e-07  3.29999388e+00 
 1.58060717e-07 -1.65235552e-06  1.58060717e-07  5.79176598e-06  1.58060717e-07  1.19999561e+00  1.58060717e-07  3.30000600e+00 
 1.58110717e-07  1.75383350e-06  1.58110717e-07 -5.68221087e-06  1.58110717e-07  1.20000426e+00  1.58110717e-07  3.29999408e+00 
 1.58160717e-07 -1.61421299e-06  1.58160717e-07  5.60578536e-06  1.58160717e-07  1.19999568e+00  1.58160717e-07  3.30000580e+00 
 1.58210717e-07  1.71612287e-06  1.58210717e-07 -5.49842290e-06  1.58210717e-07  1.20000419e+00  1.58210717e-07  3.29999428e+00 
 1.58260717e-07 -1.57693118e-06  1.58260717e-07  5.42418658e-06  1.58260717e-07  1.19999574e+00  1.58260717e-07  3.30000561e+00 
 1.58310717e-07  1.67926328e-06  1.58310717e-07 -5.31901057e-06  1.58310717e-07  1.20000413e+00  1.58310717e-07  3.29999447e+00 
 1.58360717e-07 -1.54049073e-06  1.58360717e-07  5.24695574e-06  1.58360717e-07  1.19999580e+00  1.58360717e-07  3.30000542e+00 
 1.58410717e-07  1.64323559e-06  1.58410717e-07 -5.14395686e-06  1.58410717e-07  1.20000407e+00  1.58410717e-07  3.29999466e+00 
 1.58460717e-07 -1.50487273e-06  1.58460717e-07  5.07407281e-06  1.58460717e-07  1.19999586e+00  1.58460717e-07  3.30000524e+00 
 1.58510717e-07  1.60802110e-06  1.58510717e-07 -4.97323891e-06  1.58510717e-07  1.20000401e+00  1.58510717e-07  3.29999484e+00 
 1.58560717e-07 -1.47005870e-06  1.58560717e-07  4.90551219e-06  1.58560717e-07  1.19999592e+00  1.58560717e-07  3.30000506e+00 
 1.58610717e-07  1.57360151e-06  1.58610717e-07 -4.80682846e-06  1.58610717e-07  1.20000395e+00  1.58610717e-07  3.29999501e+00 
 1.58660717e-07 -1.43603053e-06  1.58660717e-07  4.74124311e-06  1.58660717e-07  1.19999598e+00  1.58660717e-07  3.30000489e+00 
 1.58710717e-07  1.53995893e-06  1.58710717e-07 -4.64469237e-06  1.58710717e-07  1.20000389e+00  1.58710717e-07  3.29999518e+00 
 1.58760717e-07 -1.40277054e-06  1.58760717e-07  4.58123012e-06  1.58760717e-07  1.19999604e+00  1.58760717e-07  3.30000472e+00 
 1.58810717e-07  1.50707590e-06  1.58810717e-07 -4.48679299e-06  1.58810717e-07  1.20000383e+00  1.58810717e-07  3.29999535e+00 
 1.58860717e-07 -1.37026149e-06  1.58860717e-07  4.42543352e-06  1.58860717e-07  1.19999610e+00  1.58860717e-07  3.30000456e+00 
 1.58910717e-07  1.47493533e-06  1.58910717e-07 -4.33308864e-06  1.58910717e-07  1.20000378e+00  1.58910717e-07  3.29999550e+00 
 1.58960717e-07 -1.33848647e-06  1.58960717e-07  4.27380970e-06  1.58960717e-07  1.19999616e+00  1.58960717e-07  3.30000440e+00 
 1.59010717e-07  1.44352054e-06  1.59010717e-07 -4.18353391e-06  1.59010717e-07  1.20000372e+00  1.59010717e-07  3.29999566e+00 
 1.59060717e-07 -1.30742898e-06  1.59060717e-07  4.12631153e-06  1.59060717e-07  1.19999621e+00  1.59060717e-07  3.30000425e+00 
 1.59110717e-07  1.41281519e-06  1.59110717e-07 -4.03808004e-06  1.59110717e-07  1.20000367e+00  1.59110717e-07  3.29999581e+00 
 1.59160717e-07 -1.27707289e-06  1.59160717e-07  3.98288873e-06  1.59160717e-07  1.19999627e+00  1.59160717e-07  3.30000410e+00 
 1.59210717e-07  1.38280334e-06  1.59210717e-07 -3.89667532e-06  1.59210717e-07  1.20000361e+00  1.59210717e-07  3.29999595e+00 
 1.59260717e-07 -1.24740242e-06  1.59260717e-07  3.84348822e-06  1.59260717e-07  1.19999632e+00  1.59260717e-07  3.30000396e+00 
 1.59310717e-07  1.35346939e-06  1.59310717e-07 -3.75926533e-06  1.59310717e-07  1.20000356e+00  1.59310717e-07  3.29999609e+00 
 1.59360717e-07 -1.21840218e-06  1.59360717e-07  3.70805431e-06  1.59360717e-07  1.19999637e+00  1.59360717e-07  3.30000383e+00 
 1.59410717e-07  1.32479813e-06  1.59410717e-07 -3.62579323e-06  1.59410717e-07  1.20000351e+00  1.59410717e-07  3.29999623e+00 
 1.59460717e-07 -1.19005710e-06  1.59460717e-07  3.57652910e-06  1.59460717e-07  1.19999642e+00  1.59460717e-07  3.30000369e+00 
 1.59510717e-07  1.29677464e-06  1.59510717e-07 -3.49620010e-06  1.59510717e-07  1.20000345e+00  1.59510717e-07  3.29999636e+00 
 1.59560717e-07 -1.16235245e-06  1.59560717e-07  3.44885267e-06  1.59560717e-07  1.19999647e+00  1.59560717e-07  3.30000356e+00 
 1.59610717e-07  1.26938438e-06  1.59610717e-07 -3.37042513e-06  1.59610717e-07  1.20000340e+00  1.59610717e-07  3.29999648e+00 
 1.59660717e-07 -1.13527384e-06  1.59660717e-07  3.32496339e-06  1.59660717e-07  1.19999653e+00  1.59660717e-07  3.30000344e+00 
 1.59710717e-07  1.24261310e-06  1.59710717e-07 -3.24840589e-06  1.59710717e-07  1.20000335e+00  1.59710717e-07  3.29999660e+00 
 1.59760717e-07 -1.10880720e-06  1.59760717e-07  3.20479809e-06  1.59760717e-07  1.19999657e+00  1.59760717e-07  3.30000332e+00 
 1.59810717e-07  1.21644691e-06  1.59810717e-07 -3.13007854e-06  1.59810717e-07  1.20000330e+00  1.59810717e-07  3.29999672e+00 
 1.59860717e-07 -1.08293880e-06  1.59860717e-07  3.08829233e-06  1.59860717e-07  1.19999662e+00  1.59860717e-07  3.30000320e+00 
 1.59910717e-07  1.19087220e-06  1.59910717e-07 -3.01537808e-06  1.59910717e-07  1.20000326e+00  1.59910717e-07  3.29999684e+00 
 1.59955358e-07 -1.05615601e-06  1.59955358e-07  2.96871605e-06  1.59955358e-07  1.19999667e+00  1.59955358e-07  3.30000309e+00 
 1.60000000e-07  1.16291345e-06  1.60000000e-07 -2.89113368e-06  1.60000000e-07  1.20000320e+00  1.60000000e-07  3.29999696e+00 
 1.60005000e-07  1.31226615e-05  1.60005000e-07  1.37308591e-04  1.60005000e-07  1.20011674e+00  1.60005000e-07  3.30067153e+00 
 1.60015000e-07 -3.95798649e-06  1.60015000e-07  2.75730127e-05  1.60015000e-07  1.20009392e+00  1.60015000e-07  3.30080184e+00 
 1.60035000e-07 -7.74279907e-06  1.60035000e-07 -5.31658972e-05  1.60035000e-07  1.19994320e+00  1.60035000e-07  3.30026064e+00 
 1.60075000e-07  6.73210399e-06  1.60075000e-07 -4.17543923e-05  1.60075000e-07  1.20000960e+00  1.60075000e-07  3.29955318e+00 
 1.60125000e-07 -3.50904869e-05  1.60125000e-07 -1.14222343e-04  1.60125000e-07  1.19916570e+00  1.60125000e-07  3.29789232e+00 
 1.60162500e-07 -7.26987562e-05  1.60162500e-07 -2.85576629e-04  1.60162500e-07  1.19718082e+00  1.60162500e-07  3.29447470e+00 
 1.60200000e-07  3.85211721e-04  1.60200000e-07  1.43511687e-04  1.60200000e-07  1.20469282e+00  1.60200000e-07  3.29502976e+00 
 1.60205000e-07  3.43486600e-04  1.60205000e-07  6.92284561e-05  1.60205000e-07  1.20613507e+00  1.60205000e-07  3.29506979e+00 
 1.60215000e-07 -1.55678957e-04  1.60215000e-07  2.14377462e-04  1.60215000e-07  1.20473870e+00  1.60215000e-07  3.29609179e+00 
 1.60235000e-07 -4.31171690e-04  1.60235000e-07  5.46848350e-04  1.60235000e-07  1.19745276e+00  1.60235000e-07  3.30027053e+00 
 1.60275000e-07  3.36762966e-04  1.60275000e-07  1.39307747e-03  1.60275000e-07  1.19988772e+00  1.60275000e-07  3.31798948e+00 
 1.60318490e-07 -1.95212402e-04  1.60318490e-07 -1.87027298e-03  1.60318490e-07  1.20021133e+00  1.60318490e-07  3.30199061e+00 
 1.60364202e-07  1.19665628e-04  1.60364202e-07  3.86993966e-04  1.60364202e-07  1.19973458e+00  1.60364202e-07  3.29533014e+00 
 1.60414202e-07 -7.61855747e-05  1.60414202e-07 -1.39544668e-04  1.60414202e-07  1.20027837e+00  1.60414202e-07  3.29938485e+00 
 1.60464202e-07  4.80156904e-05  1.60464202e-07  2.15049890e-04  1.60464202e-07  1.19973407e+00  1.60464202e-07  3.29887438e+00 
 1.60514202e-07 -2.91229505e-05  1.60514202e-07 -1.49873182e-04  1.60514202e-07  1.20024265e+00  1.60514202e-07  3.29979873e+00 
 1.60564202e-07  1.66816766e-05  1.60564202e-07  1.50030165e-04  1.60564202e-07  1.19978515e+00  1.60564202e-07  3.29959598e+00 
 1.60614202e-07 -8.11798323e-06  1.60614202e-07 -1.14095718e-04  1.60614202e-07  1.20018632e+00  1.60614202e-07  3.29999865e+00 
 1.60664202e-07  2.51345248e-06  1.60664202e-07  1.02755718e-04  1.60664202e-07  1.19984043e+00  1.60664202e-07  3.29980542e+00 
 1.60714202e-07  1.47062278e-06  1.60714202e-07 -8.22063324e-05  1.60714202e-07  1.20013522e+00  1.60714202e-07  3.30006446e+00 
 1.60764202e-07 -3.93952214e-06  1.60764202e-07  7.08957695e-05  1.60764202e-07  1.19988597e+00  1.60764202e-07  3.29987370e+00 
 1.60814202e-07  5.76792007e-06  1.60814202e-07 -5.76623004e-05  1.60814202e-07  1.20009563e+00  1.60814202e-07  3.30008280e+00 
 1.60864202e-07 -6.73947584e-06  1.60864202e-07  4.82770961e-05  1.60864202e-07  1.19991981e+00  1.60864202e-07  3.29989877e+00 
 1.60914202e-07  7.52132360e-06  1.60914202e-07 -3.89811424e-05  1.60914202e-07  1.20006704e+00  1.60914202e-07  3.30008551e+00 
 1.60964202e-07 -7.75914492e-06  1.60964202e-07  3.15896412e-05  1.60964202e-07  1.19994374e+00  1.60964202e-07  3.29991020e+00 
 1.61014202e-07  8.02499100e-06  1.61014202e-07 -2.47679817e-05  1.61014202e-07  1.20004714e+00  1.61014202e-07  3.30008289e+00 
 1.61064202e-07 -7.89949133e-06  1.61064202e-07  1.90584013e-05  1.61064202e-07  1.19996023e+00  1.61064202e-07  3.29991726e+00 
 1.61114202e-07  7.91254133e-06  1.61114202e-07 -1.39238897e-05  1.61114202e-07  1.20003352e+00  1.61114202e-07  3.30007883e+00 
 1.61164202e-07 -7.61259382e-06  1.61164202e-07  9.53694493e-06  1.61164202e-07  1.19997146e+00  1.61164202e-07  3.29992280e+00 
 1.61214202e-07  7.50763540e-06  1.61214202e-07 -5.62851056e-06  1.61214202e-07  1.20002428e+00  1.61214202e-07  3.30007439e+00 
 1.61264202e-07 -7.13104494e-06  1.61264202e-07  2.25543014e-06  1.61264202e-07  1.19997906e+00  1.61264202e-07  3.29992760e+00 
 1.61314202e-07  6.97915245e-06  1.61314202e-07  7.48622963e-07  1.61314202e-07  1.20001801e+00  1.61314202e-07  3.30007008e+00 
 1.61364202e-07 -6.57754805e-06  1.61364202e-07 -3.35297618e-06  1.61364202e-07  1.19998423e+00  1.61364202e-07  3.29993190e+00 
 1.61414202e-07  6.41630898e-06  1.61414202e-07  5.68222132e-06  1.61414202e-07  1.20001375e+00  1.61414202e-07  3.30006608e+00 
 1.61464202e-07 -6.01685485e-06  1.61464202e-07 -7.70585569e-06  1.61464202e-07  1.19998775e+00  1.61464202e-07  3.29993576e+00 
 1.61514202e-07  5.86580393e-06  1.61514202e-07  9.52857403e-06  1.61514202e-07  1.20001083e+00  1.61514202e-07  3.30006244e+00 
 1.61564202e-07 -5.48229215e-06  1.61564202e-07 -1.11135418e-05  1.61564202e-07  1.19999017e+00  1.61564202e-07  3.29993922e+00 
 1.61614202e-07  5.35098151e-06  1.61614202e-07  1.25542226e-05  1.61614202e-07  1.20000882e+00  1.61614202e-07  3.30005918e+00 
 1.61664202e-07 -4.98974716e-06  1.61664202e-07 -1.38069180e-05  1.61664202e-07  1.19999186e+00  1.61664202e-07  3.29994231e+00 
 1.61714202e-07  4.88213249e-06  1.61714202e-07  1.49578753e-05  1.61714202e-07  1.20000740e+00  1.61714202e-07  3.30005626e+00 
 1.61764202e-07 -4.54532503e-06  1.61764202e-07 -1.59575869e-05  1.61764202e-07  1.19999305e+00  1.61764202e-07  3.29994506e+00 
 1.61814202e-07  4.46223076e-06  1.61814202e-07  1.68872881e-05  1.61814202e-07  1.20000639e+00  1.61814202e-07  3.30005367e+00 
 1.61864202e-07 -4.14967864e-06  1.61864202e-07 -1.76929400e-05  1.61864202e-07  1.19999390e+00  1.61864202e-07  3.29994751e+00 
 1.61914202e-07  4.09021978e-06  1.61914202e-07  1.84521555e-05  1.61914202e-07  1.20000567e+00  1.61914202e-07  3.30005135e+00 
 1.61957101e-07 -3.77357125e-06  1.61957101e-07 -1.92127704e-05  1.61957101e-07  1.19999457e+00  1.61957101e-07  3.29994987e+00 
 1.62000000e-07  3.71275077e-06  1.62000000e-07  1.99236041e-05  1.62000000e-07  1.20000505e+00  1.62000000e-07  3.30004896e+00 
 1.62005000e-07  1.20172191e-06  1.62005000e-07  6.52558200e-06  1.62005000e-07  1.20000772e+00  1.62005000e-07  3.30003958e+00 
 1.62015000e-07 -1.28182698e-06  1.62015000e-07 -5.15267135e-06  1.62015000e-07  1.19999792e+00  1.62015000e-07  3.30000675e+00 
 1.62035000e-07  4.34301173e-07  1.62035000e-07 -1.46682026e-06  1.62035000e-07  1.19999347e+00  1.62035000e-07  3.29998105e+00 
 1.62075000e-07  2.40361776e-07  1.62075000e-07  4.42907538e-07  1.62075000e-07  1.20000654e+00  1.62075000e-07  3.29998805e+00 
 1.62125000e-07 -9.65321644e-07  1.62125000e-07 -1.92235748e-06  1.62125000e-07  1.19997830e+00  1.62125000e-07  3.29996420e+00 
 1.62162500e-07  1.28421759e-06  1.62162500e-07 -9.97376434e-06  1.62162500e-07  1.19999502e+00  1.62162500e-07  3.29985084e+00 
 1.62200000e-07  3.94761302e-06  1.62200000e-07  3.78345273e-05  1.62200000e-07  1.20009328e+00  1.62200000e-07  3.30021731e+00 
 1.62205000e-07 -5.09383470e-06  1.62205000e-07  8.85194939e-06  1.62205000e-07  1.20003002e+00  1.62205000e-07  3.30015788e+00 
 1.62215000e-07 -5.62411090e-06  1.62215000e-07  6.52570689e-06  1.62215000e-07  1.19996998e+00  1.62215000e-07  3.30015839e+00 
 1.62235000e-07  2.60917863e-06  1.62235000e-07 -6.23979202e-06  1.62235000e-07  1.19998418e+00  1.62235000e-07  3.30010932e+00 
 1.62275000e-07 -1.26558421e-06  1.62275000e-07 -8.26605987e-06  1.62275000e-07  1.19999355e+00  1.62275000e-07  3.29997564e+00 
 1.62325000e-07  1.60065058e-06  1.62325000e-07  2.56840969e-06  1.62325000e-07  1.20000506e+00  1.62325000e-07  3.29997705e+00 
 1.62375000e-07 -1.50206010e-06  1.62375000e-07 -6.12547666e-07  1.62375000e-07  1.19999614e+00  1.62375000e-07  3.29998532e+00 
 1.62425000e-07  1.54378930e-06  1.62425000e-07  1.51223476e-06  1.62425000e-07  1.20000274e+00  1.62425000e-07  3.29999818e+00 
 1.62475000e-07 -1.29660345e-06  1.62475000e-07 -1.25828158e-06  1.62475000e-07  1.19999806e+00  1.62475000e-07  3.29999209e+00 
 1.62525000e-07  1.26975167e-06  1.62525000e-07  1.57378822e-06  1.62525000e-07  1.20000112e+00  1.62525000e-07  3.30000284e+00 
 1.62575000e-07 -9.97840360e-07  1.62575000e-07 -1.50550373e-06  1.62575000e-07  1.19999936e+00  1.62575000e-07  3.29999467e+00 
 1.62625000e-07  9.72714680e-07  1.62625000e-07  1.61477089e-06  1.62625000e-07  1.20000011e+00  1.62625000e-07  3.30000374e+00 
 1.62675000e-07 -7.16654947e-07  1.62675000e-07 -1.58852889e-06  1.62675000e-07  1.20000012e+00  1.62675000e-07  3.29999571e+00 
 1.62725000e-07  7.14268942e-07  1.62725000e-07  1.62936740e-06  1.62725000e-07  1.19999955e+00  1.62725000e-07  3.30000371e+00 
 1.62775000e-07 -4.83513553e-07  1.62775000e-07 -1.60450510e-06  1.62775000e-07  1.20000052e+00  1.62775000e-07  3.29999626e+00 
 1.62825000e-07  5.06595437e-07  1.62825000e-07  1.61718210e-06  1.62825000e-07  1.19999927e+00  1.62825000e-07  3.30000345e+00 
 1.62875000e-07 -3.00179410e-07  1.62875000e-07 -1.58522055e-06  1.62875000e-07  1.20000071e+00  1.62875000e-07  3.29999664e+00 
 1.62925000e-07  3.45855828e-07  1.62925000e-07  1.58414468e-06  1.62925000e-07  1.19999915e+00  1.62925000e-07  3.30000316e+00 
 1.62975000e-07 -1.60036310e-07  1.62975000e-07 -1.54557916e-06  1.62975000e-07  1.20000077e+00  1.62975000e-07  3.29999696e+00 
 1.63025000e-07  2.24275708e-07  1.63025000e-07  1.53720262e-06  1.63025000e-07  1.19999914e+00  1.63025000e-07  3.30000289e+00 
 1.63075000e-07 -5.50520794e-08  1.63075000e-07 -1.49423146e-06  1.63075000e-07  1.20000075e+00  1.63075000e-07  3.29999723e+00 
 1.63125000e-07  1.34047490e-07  1.63125000e-07  1.48204406e-06  1.63125000e-07  1.19999917e+00  1.63125000e-07  3.30000264e+00 
 1.63175000e-07  2.21145019e-08  1.63175000e-07 -1.43668753e-06  1.63175000e-07  1.20000071e+00  1.63175000e-07  3.29999746e+00 
 1.63225000e-07  6.84034335e-08  1.63225000e-07  1.42280405e-06  1.63225000e-07  1.19999923e+00  1.63225000e-07  3.30000242e+00 
 1.63275000e-07  7.76259032e-08  1.63275000e-07 -1.37656021e-06  1.63275000e-07  1.20000064e+00  1.63275000e-07  3.29999767e+00 
 1.63325000e-07  2.17782448e-08  1.63325000e-07  1.36231882e-06  1.63325000e-07  1.19999930e+00  1.63325000e-07  3.30000223e+00 
 1.63375000e-07  1.16479524e-07  1.63375000e-07 -1.31620511e-06  1.63375000e-07  1.20000057e+00  1.63375000e-07  3.29999785e+00 
 1.63425000e-07 -1.02964187e-08  1.63425000e-07  1.30244903e-06  1.63425000e-07  1.19999937e+00  1.63425000e-07  3.30000206e+00 
 1.63475000e-07  1.42657455e-07  1.63475000e-07 -1.25711417e-06  1.63475000e-07  1.20000050e+00  1.63475000e-07  3.29999801e+00 
 1.63525000e-07 -3.13594888e-08  1.63525000e-07  1.24435430e-06  1.63525000e-07  1.19999943e+00  1.63525000e-07  3.30000191e+00 
 1.63575000e-07  1.59297361e-07  1.63575000e-07 -1.20018234e-06  1.63575000e-07  1.20000044e+00  1.63575000e-07  3.29999815e+00 
 1.63625000e-07 -4.41867570e-08  1.63625000e-07  1.18870375e-06  1.63625000e-07  1.19999949e+00  1.63625000e-07  3.30000177e+00 
 1.63675000e-07  1.68849917e-07  1.63675000e-07 -1.14589527e-06  1.63675000e-07  1.20000038e+00  1.63675000e-07  3.29999828e+00 
 1.63725000e-07 -5.09376670e-08  1.63725000e-07  1.13583091e-06  1.63725000e-07  1.19999955e+00  1.63725000e-07  3.30000165e+00 
 1.63775000e-07  1.73214331e-07  1.63775000e-07 -1.09446322e-06  1.63775000e-07  1.20000033e+00  1.63775000e-07  3.29999839e+00 
 1.63825000e-07 -5.32792875e-08  1.63825000e-07  1.08584590e-06  1.63825000e-07  1.19999960e+00  1.63825000e-07  3.30000155e+00 
 1.63875000e-07  1.73851099e-07  1.63875000e-07 -1.04591619e-06  1.63875000e-07  1.20000029e+00  1.63875000e-07  3.29999849e+00 
 1.63925000e-07 -5.24886421e-08  1.63925000e-07  1.03871519e-06  1.63925000e-07  1.19999964e+00  1.63925000e-07  3.30000145e+00 
 1.63975000e-07  1.71874510e-07  1.63975000e-07 -1.00017109e-06  1.63975000e-07  1.20000025e+00  1.63975000e-07  3.29999858e+00 
 1.64025000e-07 -4.95359053e-08  1.64025000e-07  9.94317661e-07  1.64025000e-07  1.19999967e+00  1.64025000e-07  3.30000137e+00 
 1.64075000e-07  1.68127355e-07  1.64075000e-07 -9.57078335e-07  1.64075000e-07  1.20000021e+00  1.64075000e-07  3.29999866e+00 
 1.64125000e-07 -4.51514409e-08  1.64125000e-07  9.52483210e-07  1.64125000e-07  1.19999971e+00  1.64125000e-07  3.30000129e+00 
 1.64175000e-07  1.63240914e-07  1.64175000e-07 -9.16453835e-07  1.64175000e-07  1.20000018e+00  1.64175000e-07  3.29999874e+00 
 1.64225000e-07 -3.98793066e-08  1.64225000e-07  9.13019003e-07  1.64225000e-07  1.19999973e+00  1.64225000e-07  3.30000122e+00 
 1.64275000e-07  1.57682581e-07  1.64275000e-07 -8.78100263e-07  1.64275000e-07  1.20000016e+00  1.64275000e-07  3.29999881e+00 
 1.64325000e-07 -3.41196550e-08  1.64325000e-07  8.75726621e-07  1.64325000e-07  1.19999976e+00  1.64325000e-07  3.30000115e+00 
 1.64375000e-07  1.51793624e-07  1.64375000e-07 -8.41820773e-07  1.64375000e-07  1.20000014e+00  1.64375000e-07  3.29999887e+00 
 1.64425000e-07 -2.81622287e-08  1.64425000e-07  8.40412917e-07  1.64425000e-07  1.19999978e+00  1.64425000e-07  3.30000109e+00 
 1.64475000e-07  1.45818776e-07  1.64475000e-07 -8.07427544e-07  1.64475000e-07  1.20000012e+00  1.64475000e-07  3.29999893e+00 
 1.64525000e-07 -2.22125625e-08  1.64525000e-07  8.06896524e-07  1.64525000e-07  1.19999979e+00  1.64525000e-07  3.30000103e+00 
 1.64575000e-07  1.39929493e-07  1.64575000e-07 -7.74746502e-07  1.64575000e-07  1.20000010e+00  1.64575000e-07  3.29999898e+00 
 1.64625000e-07 -1.64124866e-08  1.64625000e-07  7.75011273e-07  1.64625000e-07  1.19999981e+00  1.64625000e-07  3.30000098e+00 
 1.64675000e-07  1.34241918e-07  1.64675000e-07 -7.43619689e-07  1.64675000e-07  1.20000009e+00  1.64675000e-07  3.29999903e+00 
 1.64725000e-07 -1.08559996e-08  1.64725000e-07  7.44607546e-07  1.64725000e-07  1.19999982e+00  1.64725000e-07  3.30000093e+00 
 1.64775000e-07  1.28830999e-07  1.64775000e-07 -7.13905893e-07  1.64775000e-07  1.20000007e+00  1.64775000e-07  3.29999908e+00 
 1.64825000e-07 -5.60163835e-09  1.64825000e-07  7.15552458e-07  1.64825000e-07  1.19999984e+00  1.64825000e-07  3.30000089e+00 
 1.64875000e-07  1.23741186e-07  1.64875000e-07 -6.85480355e-07  1.64875000e-07  1.20000006e+00  1.64875000e-07  3.29999912e+00 
 1.64925000e-07 -6.81823854e-10  1.64925000e-07  6.87729102e-07  1.64925000e-07  1.19999985e+00  1.64925000e-07  3.30000084e+00 
 1.64975000e-07  1.18994680e-07  1.64975000e-07 -6.58233712e-07  1.64975000e-07  1.20000005e+00  1.64975000e-07  3.29999916e+00 
 1.65025000e-07  3.88984066e-09  1.65025000e-07  6.61035351e-07  1.65025000e-07  1.19999985e+00  1.65025000e-07  3.30000080e+00 
 1.65075000e-07  1.14597860e-07  1.65075000e-07 -6.32070731e-07  1.65075000e-07  1.20000005e+00  1.65075000e-07  3.29999920e+00 
 1.65125000e-07  8.11305689e-09  1.65125000e-07  6.35382462e-07  1.65125000e-07  1.19999986e+00  1.65125000e-07  3.30000076e+00 
 1.65175000e-07  1.10545967e-07  1.65175000e-07 -6.06908767e-07  1.65175000e-07  1.20000004e+00  1.65175000e-07  3.29999924e+00 
 1.65225000e-07  1.19967448e-08  1.65225000e-07  6.10693551e-07  1.65225000e-07  1.19999987e+00  1.65225000e-07  3.30000073e+00 
 1.65275000e-07  1.06826704e-07  1.65275000e-07 -5.82676352e-07  1.65275000e-07  1.20000003e+00  1.65275000e-07  3.29999928e+00 
 1.65325000e-07  1.55558753e-08  1.65325000e-07  5.86902188e-07  1.65325000e-07  1.19999987e+00  1.65325000e-07  3.30000070e+00 
 1.65375000e-07  1.03422976e-07  1.65375000e-07 -5.59311706e-07  1.65375000e-07  1.20000003e+00  1.65375000e-07  3.29999931e+00 
 1.65425000e-07  1.88092279e-08  1.65425000e-07  5.63950881e-07  1.65425000e-07  1.19999988e+00  1.65425000e-07  3.30000066e+00 
 1.65475000e-07  1.00314772e-07  1.65475000e-07 -5.36761363e-07  1.65475000e-07  1.20000002e+00  1.65475000e-07  3.29999934e+00 
 1.65525000e-07  2.17776406e-08  1.65525000e-07  5.41789929e-07  1.65525000e-07  1.19999989e+00  1.65525000e-07  3.30000063e+00 
 1.65575000e-07  9.74807141e-08  1.65575000e-07 -5.14979047e-07  1.65575000e-07  1.20000002e+00  1.65575000e-07  3.29999937e+00 
 1.65625000e-07  2.44828108e-08  1.65625000e-07  5.20376184e-07  1.65625000e-07  1.19999989e+00  1.65625000e-07  3.30000060e+00 
 1.65675000e-07  9.48989802e-08  1.65675000e-07 -4.93924510e-07  1.65675000e-07  1.20000001e+00  1.65675000e-07  3.29999940e+00 
 1.65725000e-07  2.69464858e-08  1.65725000e-07  4.99672074e-07  1.65725000e-07  1.19999989e+00  1.65725000e-07  3.30000058e+00 
 1.65775000e-07  9.25480817e-08  1.65775000e-07 -4.73562632e-07  1.65775000e-07  1.20000001e+00  1.65775000e-07  3.29999943e+00 
 1.65825000e-07  2.91897854e-08  1.65825000e-07  4.79644715e-07  1.65825000e-07  1.19999990e+00  1.65825000e-07  3.30000055e+00 
 1.65875000e-07  9.04073229e-08  1.65875000e-07 -4.53862579e-07  1.65875000e-07  1.20000001e+00  1.65875000e-07  3.29999945e+00 
 1.65925000e-07  3.12328960e-08  1.65925000e-07  4.60265153e-07  1.65925000e-07  1.19999990e+00  1.65925000e-07  3.30000052e+00 
 1.65975000e-07  8.84571209e-08  1.65975000e-07 -4.34797098e-07  1.65975000e-07  1.20000000e+00  1.65975000e-07  3.29999948e+00 
 1.66025000e-07  3.30947700e-08  1.66025000e-07  4.41507691e-07  1.66025000e-07  1.19999990e+00  1.66025000e-07  3.30000050e+00 
 1.66075000e-07  8.66791665e-08  1.66075000e-07 -4.16341932e-07  1.66075000e-07  1.20000000e+00  1.66075000e-07  3.29999950e+00 
 1.66125000e-07  3.47930351e-08  1.66125000e-07  4.23349359e-07  1.66125000e-07  1.19999991e+00  1.66125000e-07  3.30000048e+00 
 1.66175000e-07  8.50565458e-08  1.66175000e-07 -3.98475275e-07  1.66175000e-07  1.20000000e+00  1.66175000e-07  3.29999952e+00 
 1.66225000e-07  3.63438859e-08  1.66225000e-07  4.05769453e-07  1.66225000e-07  1.19999991e+00  1.66225000e-07  3.30000046e+00 
 1.66275000e-07  8.35737497e-08  1.66275000e-07 -3.81177412e-07  1.66275000e-07  1.20000000e+00  1.66275000e-07  3.29999954e+00 
 1.66325000e-07  3.77621629e-08  1.66325000e-07  3.88749118e-07  1.66325000e-07  1.19999991e+00  1.66325000e-07  3.30000043e+00 
 1.66375000e-07  8.22166331e-08  1.66375000e-07 -3.64430301e-07  1.66375000e-07  1.19999999e+00  1.66375000e-07  3.29999956e+00 
 1.66425000e-07  3.90613098e-08  1.66425000e-07  3.72271055e-07  1.66425000e-07  1.19999991e+00  1.66425000e-07  3.30000041e+00 
 1.66475000e-07  8.09724082e-08  1.66475000e-07 -3.48217276e-07  1.66475000e-07  1.19999999e+00  1.66475000e-07  3.29999958e+00 
 1.66525000e-07  4.02535098e-08  1.66525000e-07  3.56319200e-07  1.66525000e-07  1.19999991e+00  1.66525000e-07  3.30000040e+00 
 1.66575000e-07  7.98294912e-08  1.66575000e-07 -3.32522854e-07  1.66575000e-07  1.19999999e+00  1.66575000e-07  3.29999960e+00 
 1.66625000e-07  4.13497376e-08  1.66625000e-07  3.40878578e-07  1.66625000e-07  1.19999992e+00  1.66625000e-07  3.30000038e+00 
 1.66675000e-07  7.87775041e-08  1.66675000e-07 -3.17332507e-07  1.66675000e-07  1.19999999e+00  1.66675000e-07  3.29999962e+00 
 1.66725000e-07  4.23597998e-08  1.66725000e-07  3.25935061e-07  1.66725000e-07  1.19999992e+00  1.66725000e-07  3.30000036e+00 
 1.66775000e-07  7.78071577e-08  1.66775000e-07 -3.02632469e-07  1.66775000e-07  1.19999999e+00  1.66775000e-07  3.29999964e+00 
 1.66825000e-07  4.32925198e-08  1.66825000e-07  3.11475230e-07  1.66825000e-07  1.19999992e+00  1.66825000e-07  3.30000034e+00 
 1.66875000e-07  7.69101147e-08  1.66875000e-07 -2.88409658e-07  1.66875000e-07  1.19999998e+00  1.66875000e-07  3.29999965e+00 
 1.66925000e-07  4.41557317e-08  1.66925000e-07  2.97486298e-07  1.66925000e-07  1.19999992e+00  1.66925000e-07  3.30000033e+00 
 1.66975000e-07  7.60789685e-08  1.66975000e-07 -2.74651517e-07  1.66975000e-07  1.19999998e+00  1.66975000e-07  3.29999967e+00 
 1.67025000e-07  4.49564739e-08  1.67025000e-07  2.83955922e-07  1.67025000e-07  1.19999992e+00  1.67025000e-07  3.30000031e+00 
 1.67075000e-07  7.53070836e-08  1.67075000e-07 -2.61345948e-07  1.67075000e-07  1.19999998e+00  1.67075000e-07  3.29999968e+00 
 1.67125000e-07  4.57009550e-08  1.67125000e-07  2.70872244e-07  1.67125000e-07  1.19999992e+00  1.67125000e-07  3.30000030e+00 
 1.67175000e-07  7.45886100e-08  1.67175000e-07 -2.48481273e-07  1.67175000e-07  1.19999998e+00  1.67175000e-07  3.29999970e+00 
 1.67225000e-07  4.63947345e-08  1.67225000e-07  2.58223716e-07  1.67225000e-07  1.19999992e+00  1.67225000e-07  3.30000028e+00 
 1.67275000e-07  7.39183072e-08  1.67275000e-07 -2.36046097e-07  1.67275000e-07  1.19999998e+00  1.67275000e-07  3.29999971e+00 
 1.67325000e-07  4.70427180e-08  1.67325000e-07  2.45999126e-07  1.67325000e-07  1.19999992e+00  1.67325000e-07  3.30000027e+00 
 1.67375000e-07  7.32915419e-08  1.67375000e-07 -2.24029345e-07  1.67375000e-07  1.19999998e+00  1.67375000e-07  3.29999973e+00 
 1.67425000e-07  4.76492932e-08  1.67425000e-07  2.34187514e-07  1.67425000e-07  1.19999993e+00  1.67425000e-07  3.30000026e+00 
 1.67475000e-07  7.27041862e-08  1.67475000e-07 -2.12420204e-07  1.67475000e-07  1.19999998e+00  1.67475000e-07  3.29999974e+00 
 1.67525000e-07  4.82183387e-08  1.67525000e-07  2.22778190e-07  1.67525000e-07  1.19999993e+00  1.67525000e-07  3.30000024e+00 
 1.67575000e-07  7.21525933e-08  1.67575000e-07 -2.01208084e-07  1.67575000e-07  1.19999998e+00  1.67575000e-07  3.29999975e+00 
 1.67625000e-07  4.87532987e-08  1.67625000e-07  2.11760668e-07  1.67625000e-07  1.19999993e+00  1.67625000e-07  3.30000023e+00 
 1.67675000e-07  7.16335034e-08  1.67675000e-07 -1.90382585e-07  1.67675000e-07  1.19999998e+00  1.67675000e-07  3.29999976e+00 
 1.67725000e-07  4.92572343e-08  1.67725000e-07  2.01124645e-07  1.67725000e-07  1.19999993e+00  1.67725000e-07  3.30000022e+00 
 1.67775000e-07  7.11440414e-08  1.67775000e-07 -1.79933519e-07  1.67775000e-07  1.19999998e+00  1.67775000e-07  3.29999977e+00 
 1.67825000e-07  4.97328576e-08  1.67825000e-07  1.90860044e-07  1.67825000e-07  1.19999993e+00  1.67825000e-07  3.30000021e+00 
 1.67875000e-07  7.06816537e-08  1.67875000e-07 -1.69850892e-07  1.67875000e-07  1.19999997e+00  1.67875000e-07  3.29999978e+00 
 1.67925000e-07  5.01825854e-08  1.67925000e-07  1.80956928e-07  1.67925000e-07  1.19999993e+00  1.67925000e-07  3.30000020e+00 
 1.67975000e-07  7.02440510e-08  1.67975000e-07 -1.60124849e-07  1.67975000e-07  1.19999997e+00  1.67975000e-07  3.29999979e+00 
 1.68025000e-07  5.06085667e-08  1.68025000e-07  1.71405537e-07  1.68025000e-07  1.19999993e+00  1.68025000e-07  3.30000019e+00 
 1.68075000e-07  6.98292084e-08  1.68075000e-07 -1.50745729e-07  1.68075000e-07  1.19999997e+00  1.68075000e-07  3.29999980e+00 
 1.68125000e-07  5.10127172e-08  1.68125000e-07  1.62196313e-07  1.68125000e-07  1.19999993e+00  1.68125000e-07  3.30000018e+00 
 1.68175000e-07  6.94353274e-08  1.68175000e-07 -1.41704034e-07  1.68175000e-07  1.19999997e+00  1.68175000e-07  3.29999981e+00 
 1.68225000e-07  5.13967405e-08  1.68225000e-07  1.53319814e-07  1.68225000e-07  1.19999993e+00  1.68225000e-07  3.30000017e+00 
 1.68275000e-07  6.90607765e-08  1.68275000e-07 -1.32990419e-07  1.68275000e-07  1.19999997e+00  1.68275000e-07  3.29999982e+00 
 1.68325000e-07  5.17621745e-08  1.68325000e-07  1.44766801e-07  1.68325000e-07  1.19999993e+00  1.68325000e-07  3.30000016e+00 
 1.68375000e-07  6.87041348e-08  1.68375000e-07 -1.24595726e-07  1.68375000e-07  1.19999997e+00  1.68375000e-07  3.29999983e+00 
 1.68425000e-07  5.21103446e-08  1.68425000e-07  1.36528147e-07  1.68425000e-07  1.19999993e+00  1.68425000e-07  3.30000015e+00 
 1.68475000e-07  6.83641240e-08  1.68475000e-07 -1.16510895e-07  1.68475000e-07  1.19999997e+00  1.68475000e-07  3.29999984e+00 
 1.68525000e-07  5.24424796e-08  1.68525000e-07  1.28594953e-07  1.68525000e-07  1.19999993e+00  1.68525000e-07  3.30000014e+00 
 1.68575000e-07  6.80395787e-08  1.68575000e-07 -1.08727122e-07  1.68575000e-07  1.19999997e+00  1.68575000e-07  3.29999985e+00 
 1.68625000e-07  5.27597003e-08  1.68625000e-07  1.20958412e-07  1.68625000e-07  1.19999993e+00  1.68625000e-07  3.30000014e+00 
 1.68675000e-07  6.77294478e-08  1.68675000e-07 -1.01235675e-07  1.68675000e-07  1.19999997e+00  1.68675000e-07  3.29999986e+00 
 1.68725000e-07  5.30629778e-08  1.68725000e-07  1.13609925e-07  1.68725000e-07  1.19999993e+00  1.68725000e-07  3.30000013e+00 
 1.68775000e-07  6.74327967e-08  1.68775000e-07 -9.40280242e-08  1.68775000e-07  1.19999997e+00  1.68775000e-07  3.29999986e+00 
 1.68825000e-07  5.33532081e-08  1.68825000e-07  1.06541034e-07  1.68825000e-07  1.19999994e+00  1.68825000e-07  3.30000012e+00 
 1.68875000e-07  6.71487924e-08  1.68875000e-07 -8.70958238e-08  1.68875000e-07  1.19999997e+00  1.68875000e-07  3.29999987e+00 
 1.68925000e-07  5.36311750e-08  1.68925000e-07  9.97434588e-08  1.68925000e-07  1.19999994e+00  1.68925000e-07  3.30000011e+00 
 1.68975000e-07  6.68766755e-08  1.68975000e-07 -8.04308449e-08  1.68975000e-07  1.19999997e+00  1.68975000e-07  3.29999988e+00 
 1.69025000e-07  5.38976168e-08  1.69025000e-07  9.32090662e-08  1.69025000e-07  1.19999994e+00  1.69025000e-07  3.30000011e+00 
 1.69075000e-07  6.66157472e-08  1.69075000e-07 -7.40250509e-08  1.69075000e-07  1.19999997e+00  1.69075000e-07  3.29999988e+00 
 1.69125000e-07  5.41531907e-08  1.69125000e-07  8.69298941e-08  1.69125000e-07  1.19999994e+00  1.69125000e-07  3.30000010e+00 
 1.69175000e-07  6.63653794e-08  1.69175000e-07 -6.78705446e-08  1.69175000e-07  1.19999997e+00  1.69175000e-07  3.29999989e+00 
 1.69225000e-07  5.43984973e-08  1.69225000e-07  8.08981396e-08  1.69225000e-07  1.19999994e+00  1.69225000e-07  3.30000009e+00 
 1.69275000e-07  6.61249907e-08  1.69275000e-07 -6.19596314e-08  1.69275000e-07  1.19999997e+00  1.69275000e-07  3.29999990e+00 
 1.69325000e-07  5.46340985e-08  1.69325000e-07  7.51061832e-08  1.69325000e-07  1.19999994e+00  1.69325000e-07  3.30000009e+00 
 1.69375000e-07  6.58940580e-08  1.69375000e-07 -5.62847699e-08  1.69375000e-07  1.19999997e+00  1.69375000e-07  3.29999990e+00 
 1.69425000e-07  5.48604792e-08  1.69425000e-07  6.95465557e-08  1.69425000e-07  1.19999994e+00  1.69425000e-07  3.30000008e+00 
 1.69475000e-07  6.56721061e-08  1.69475000e-07 -5.08385562e-08  1.69475000e-07  1.19999997e+00  1.69475000e-07  3.29999991e+00 
 1.69525000e-07  5.50781130e-08  1.69525000e-07  6.42119527e-08  1.69525000e-07  1.19999994e+00  1.69525000e-07  3.30000008e+00 
 1.69575000e-07  6.54586939e-08  1.69575000e-07 -4.56137759e-08  1.69575000e-07  1.19999996e+00  1.69575000e-07  3.29999991e+00 
 1.69625000e-07  5.52874131e-08  1.69625000e-07  5.90952432e-08  1.69625000e-07  1.19999994e+00  1.69625000e-07  3.30000007e+00 
 1.69675000e-07  6.52534041e-08  1.69675000e-07 -4.06033861e-08  1.69675000e-07  1.19999996e+00  1.69675000e-07  3.29999992e+00 
 1.69725000e-07  5.54887822e-08  1.69725000e-07  5.41894498e-08  1.69725000e-07  1.19999994e+00  1.69725000e-07  3.30000007e+00 
 1.69775000e-07  6.50558563e-08  1.69775000e-07 -3.58004996e-08  1.69775000e-07  1.19999996e+00  1.69775000e-07  3.29999992e+00 
 1.69825000e-07  5.56825888e-08  1.69825000e-07  4.94877714e-08  1.69825000e-07  1.19999994e+00  1.69825000e-07  3.30000006e+00 
 1.69875000e-07  6.48657209e-08  1.69875000e-07 -3.11983635e-08  1.69875000e-07  1.19999996e+00  1.69875000e-07  3.29999993e+00 
 1.69925000e-07  5.58691424e-08  1.69925000e-07  4.49835648e-08  1.69925000e-07  1.19999994e+00  1.69925000e-07  3.30000006e+00 
 1.69962500e-07  6.46528076e-08  1.69962500e-07 -2.60741586e-08  1.69962500e-07  1.19999996e+00  1.69962500e-07  3.29999993e+00 
 1.70000000e-07  5.61071987e-08  1.70000000e-07  3.92737983e-08  1.70000000e-07  1.19999994e+00  1.70000000e-07  3.30000005e+00 
 1.70005000e-07 -9.07339275e-06  1.70005000e-07 -6.05926214e-05  1.70005000e-07  1.19991816e+00  1.70005000e-07  3.29970382e+00 
 1.70015000e-07  6.27610112e-06  1.70015000e-07 -2.89406759e-06  1.70015000e-07  1.19996469e+00  1.70015000e-07  3.29969147e+00 
 1.70035000e-07  3.67890513e-06  1.70035000e-07  2.33812694e-05  1.70035000e-07  1.20006298e+00  1.70035000e-07  3.29994653e+00 
 1.70075000e-07 -5.47619371e-06  1.70075000e-07  1.18428137e-05  1.70075000e-07  1.19996571e+00  1.70075000e-07  3.30016675e+00 
 1.70125000e-07  2.68947847e-05  1.70125000e-07  1.55929200e-04  1.70125000e-07  1.20061135e+00  1.70125000e-07  3.30224324e+00 
 1.70162500e-07  3.99518120e-06  1.70162500e-07  1.54566007e-04  1.70162500e-07  1.20101408e+00  1.70162500e-07  3.30444953e+00 
 1.70200000e-07 -2.30564243e-04  1.70200000e-07 -1.82711887e-04  1.70200000e-07  1.19605892e+00  1.70200000e-07  3.30289670e+00 
 1.70205000e-07 -1.28783870e-04  1.70205000e-07 -2.93988528e-04  1.70205000e-07  1.19591326e+00  1.70205000e-07  3.30192982e+00 
 1.70215000e-07  2.20757727e-04  1.70215000e-07 -6.66505684e-04  1.70215000e-07  1.19796977e+00  1.70215000e-07  3.29879981e+00 
 1.70235000e-07  2.71818751e-04  1.70235000e-07 -1.13203364e-03  1.70235000e-07  1.20302150e+00  1.70235000e-07  3.28997764e+00 
 1.70273394e-07 -2.80999680e-04  1.70273394e-07  3.79633094e-05  1.70273394e-07  1.19982694e+00  1.70273394e-07  3.28645251e+00 
 1.70315364e-07  1.66826397e-04  1.70315364e-07  1.38609396e-03  1.70315364e-07  1.19983652e+00  1.70315364e-07  3.30389951e+00 
 1.70359225e-07 -8.93491870e-05  1.70359225e-07 -6.30650425e-04  1.70359225e-07  1.20039221e+00  1.70359225e-07  3.30251093e+00 
 1.70409225e-07  4.07139632e-05  1.70409225e-07  3.33450474e-04  1.70409225e-07  1.19955720e+00  1.70409225e-07  3.30148635e+00 
 1.70459225e-07 -4.56570324e-06  1.70459225e-07 -3.24085503e-04  1.70459225e-07  1.20051515e+00  1.70459225e-07  3.30094914e+00 
 1.70509225e-07 -2.34825829e-05  1.70509225e-07  2.19702157e-04  1.70509225e-07  1.19946613e+00  1.70509225e-07  3.30051702e+00 
 1.70559225e-07  4.40293415e-05  1.70559225e-07 -1.96765301e-04  1.70559225e-07  1.20051196e+00  1.70559225e-07  3.30047345e+00 
 1.70609225e-07 -5.75224252e-05  1.70609225e-07  1.61222123e-04  1.70609225e-07  1.19953052e+00  1.70609225e-07  3.30040218e+00 
 1.70659225e-07  6.57206404e-05  1.70659225e-07 -1.52027723e-04  1.70659225e-07  1.20041732e+00  1.70659225e-07  3.30024838e+00 
 1.70709225e-07 -6.95408143e-05  1.70709225e-07  1.22260119e-04  1.70709225e-07  1.19963714e+00  1.70709225e-07  3.30018693e+00 
 1.70759225e-07  7.05269287e-05  1.70759225e-07 -1.12410949e-04  1.70759225e-07  1.20030999e+00  1.70759225e-07  3.30012661e+00 
 1.70809225e-07 -6.91485046e-05  1.70809225e-07  9.32596483e-05  1.70809225e-07  1.19973866e+00  1.70809225e-07  3.30007785e+00 
 1.70859225e-07  6.65472641e-05  1.70859225e-07 -8.42112498e-05  1.70859225e-07  1.20021751e+00  1.70859225e-07  3.30007195e+00 
 1.70909225e-07 -6.27743427e-05  1.70909225e-07  7.12946184e-05  1.70909225e-07  1.19982077e+00  1.70909225e-07  3.30002394e+00 
 1.70959225e-07  5.86816256e-05  1.70959225e-07 -6.35452813e-05  1.70959225e-07  1.20014593e+00  1.70959225e-07  3.30004832e+00 
 1.71009225e-07 -5.40605051e-05  1.71009225e-07  5.43439211e-05  1.71009225e-07  1.19988232e+00  1.71009225e-07  3.29999655e+00 
 1.71059225e-07  4.95902501e-05  1.71059225e-07 -4.78822122e-05  1.71059225e-07  1.20009357e+00  1.71059225e-07  3.30003880e+00 
 1.71109225e-07 -4.49184437e-05  1.71109225e-07  4.10157208e-05  1.71109225e-07  1.19992649e+00  1.71109225e-07  3.29998200e+00 
 1.71159225e-07  4.06269616e-05  1.71159225e-07 -3.56711831e-05  1.71159225e-07  1.20005659e+00  1.71159225e-07  3.30003564e+00 
 1.71209225e-07 -3.62872146e-05  1.71209225e-07  3.03536720e-05  1.71209225e-07  1.19995725e+00  1.71209225e-07  3.29997379e+00 
 1.71259225e-07  3.24269644e-05  1.71259225e-07 -2.59271946e-05  1.71259225e-07  1.20003114e+00  1.71259225e-07  3.30003527e+00 
 1.71309225e-07 -2.85784248e-05  1.71309225e-07  2.16871954e-05  1.71309225e-07  1.19997820e+00  1.71309225e-07  3.29996878e+00 
 1.71359225e-07  2.52396099e-05  1.71359225e-07 -1.79979889e-05  1.71359225e-07  1.20001399e+00  1.71359225e-07  3.30003608e+00 
 1.71409225e-07 -2.19233829e-05  1.71409225e-07  1.45379267e-05  1.71409225e-07  1.19999217e+00  1.71409225e-07  3.29996544e+00 
 1.71459225e-07  1.91117932e-05  1.71459225e-07 -1.14365914e-05  1.71459225e-07  1.20000268e+00  1.71459225e-07  3.30003732e+00 
 1.71509225e-07 -1.63089454e-05  1.71509225e-07  8.56012369e-06  1.71509225e-07  1.20000128e+00  1.71509225e-07  3.29996302e+00 
 1.71559225e-07  1.39887847e-05  1.71559225e-07 -5.92847190e-06  1.71559225e-07  1.19999538e+00  1.71559225e-07  3.30003868e+00 
 1.71609225e-07 -1.16522598e-05  1.71609225e-07  3.50117014e-06  1.71609225e-07  1.20000708e+00  1.71609225e-07  3.29996114e+00 
 1.71659225e-07  9.76970059e-06  1.71659225e-07 -1.24763702e-06  1.71659225e-07  1.19999082e+00  1.71659225e-07  3.30003999e+00 
 1.71709225e-07 -7.84179233e-06  1.71709225e-07 -8.25367135e-07  1.71709225e-07  1.20001063e+00  1.71709225e-07  3.29995963e+00 
 1.71759225e-07  6.33778181e-06  1.71759225e-07  2.77111200e-06  1.71759225e-07  1.19998810e+00  1.71759225e-07  3.30004118e+00 
 1.71809225e-07 -4.75950389e-06  1.71809225e-07 -4.55846441e-06  1.71809225e-07  1.20001268e+00  1.71809225e-07  3.29995837e+00 
 1.71859225e-07  3.57650374e-06  1.71859225e-07  6.25037803e-06  1.71859225e-07  1.19998659e+00  1.71859225e-07  3.30004224e+00 
 1.71909225e-07 -2.29237090e-06  1.71909225e-07 -7.80281954e-06  1.71909225e-07  1.20001375e+00  1.71909225e-07  3.29995732e+00 
 1.71959225e-07  1.37765146e-06  1.71959225e-07  9.28245535e-06  1.71959225e-07  1.19998587e+00  1.71959225e-07  3.30004316e+00 
 1.72009225e-07 -3.37860249e-07  1.72009225e-07 -1.06382100e-05  1.72009225e-07  1.20001419e+00  1.72009225e-07  3.29995645e+00 
 1.72059225e-07 -3.55151102e-07  1.72059225e-07  1.19378074e-05  1.72059225e-07  1.19998566e+00  1.72059225e-07  3.30004392e+00 
 1.72109225e-07  1.19399738e-06  1.72109225e-07 -1.31261842e-05  1.72109225e-07  1.20001422e+00  1.72109225e-07  3.29995575e+00 
 1.72159225e-07 -1.70544497e-06  1.72159225e-07  1.42710122e-05  1.72159225e-07  1.19998577e+00  1.72159225e-07  3.30004454e+00 
 1.72209225e-07  2.38040120e-06  1.72209225e-07 -1.53148736e-05  1.72209225e-07  1.20001400e+00  1.72209225e-07  3.29995520e+00 
 1.72259225e-07 -2.74417552e-06  1.72259225e-07  1.63248228e-05  1.72259225e-07  1.19998607e+00  1.72259225e-07  3.30004500e+00 
 1.72309225e-07  3.28670338e-06  1.72309225e-07 -1.72413846e-05  1.72309225e-07  1.20001364e+00  1.72309225e-07  3.29995479e+00 
 1.72359225e-07 -3.53117850e-06  1.72359225e-07  1.81336336e-05  1.72359225e-07  1.19998647e+00  1.72359225e-07  3.30004535e+00 
 1.72409225e-07  3.96701165e-06  1.72409225e-07 -1.89386256e-05  1.72409225e-07  1.20001321e+00  1.72409225e-07  3.29995452e+00 
 1.72459225e-07 -4.11593201e-06  1.72459225e-07  1.97255374e-05  1.72459225e-07  1.19998693e+00  1.72459225e-07  3.30004556e+00 
 1.72509225e-07  4.46643841e-06  1.72509225e-07 -2.04308220e-05  1.72509225e-07  1.20001273e+00  1.72509225e-07  3.29995436e+00 
 1.72559225e-07 -4.53919398e-06  1.72559225e-07  2.11233023e-05  1.72559225e-07  1.19998741e+00  1.72559225e-07  3.30004565e+00 
 1.72609225e-07  4.82188596e-06  1.72609225e-07 -2.17388914e-05  1.72609225e-07  1.20001225e+00  1.72609225e-07  3.29995433e+00 
 1.72659225e-07 -4.83431773e-06  1.72659225e-07  2.23461475e-05  1.72659225e-07  1.19998789e+00  1.72659225e-07  3.30004564e+00 
 1.72709225e-07  5.06346148e-06  1.72709225e-07 -2.28805669e-05  1.72709225e-07  1.20001178e+00  1.72709225e-07  3.29995440e+00 
 1.72759225e-07 -5.02843367e-06  1.72759225e-07  2.34104886e-05  1.72759225e-07  1.19998835e+00  1.72759225e-07  3.30004552e+00 
 1.72809225e-07  5.21540547e-06  1.72809225e-07 -2.38714025e-05  1.72809225e-07  1.20001133e+00  1.72809225e-07  3.29995456e+00 
 1.72859225e-07 -5.14351025e-06  1.72859225e-07  2.43304208e-05  1.72859225e-07  1.19998879e+00  1.72859225e-07  3.30004530e+00 
 1.72909225e-07  5.29796972e-06  1.72909225e-07 -2.47237782e-05  1.72909225e-07  1.20001090e+00  1.72909225e-07  3.29995482e+00 
 1.72959225e-07 -5.19715608e-06  1.72959225e-07  2.51187669e-05  1.72959225e-07  1.19998920e+00  1.72959225e-07  3.30004500e+00 
 1.73009225e-07  5.32643885e-06  1.73009225e-07 -2.54502746e-05  1.73009225e-07  1.20001050e+00  1.73009225e-07  3.29995516e+00 
 1.73059225e-07 -5.20362459e-06  1.73059225e-07  2.57861740e-05  1.73059225e-07  1.19998959e+00  1.73059225e-07  3.30004463e+00 
 1.73109225e-07  5.31369719e-06  1.73109225e-07 -2.60611022e-05  1.73109225e-07  1.20001013e+00  1.73109225e-07  3.29995557e+00 
 1.73159225e-07 -5.17420866e-06  1.73159225e-07  2.63427538e-05  1.73159225e-07  1.19998995e+00  1.73159225e-07  3.30004418e+00 
 1.73209225e-07  5.26982109e-06  1.73209225e-07 -2.65656908e-05  1.73209225e-07  1.20000978e+00  1.73209225e-07  3.29995605e+00 
 1.73259225e-07 -5.11789064e-06  1.73259225e-07  2.67974682e-05  1.73259225e-07  1.19999029e+00  1.73259225e-07  3.30004367e+00 
 1.73309225e-07  5.20280745e-06  1.73309225e-07 -2.69726004e-05  1.73309225e-07  1.20000946e+00  1.73309225e-07  3.29995659e+00 
 1.73359225e-07 -5.04177964e-06  1.73359225e-07  2.71585045e-05  1.73359225e-07  1.19999060e+00  1.73359225e-07  3.30004310e+00 
 1.73409225e-07  5.11896803e-06  1.73409225e-07 -2.72896703e-05  1.73409225e-07  1.20000916e+00  1.73409225e-07  3.29995719e+00 
 1.73459225e-07 -4.95147108e-06  1.73459225e-07  2.74333785e-05  1.73459225e-07  1.19999088e+00  1.73459225e-07  3.30004248e+00 
 1.73509225e-07  5.02325630e-06  1.73509225e-07 -2.75241138e-05  1.73509225e-07  1.20000888e+00  1.73509225e-07  3.29995783e+00 
 1.73559225e-07 -4.85134295e-06  1.73559225e-07  2.76290215e-05  1.73559225e-07  1.19999115e+00  1.73559225e-07  3.30004182e+00 
 1.73609225e-07  4.91953545e-06  1.73609225e-07 -2.76825965e-05  1.73609225e-07  1.20000863e+00  1.73609225e-07  3.29995851e+00 
 1.73659225e-07 -4.74479788e-06  1.73659225e-07  2.77518492e-05  1.73659225e-07  1.19999140e+00  1.73659225e-07  3.30004112e+00 
 1.73709225e-07  4.81079681e-06  1.73709225e-07 -2.77712976e-05  1.73709225e-07  1.20000839e+00  1.73709225e-07  3.29995923e+00 
 1.73759225e-07 -4.63445993e-06  1.73759225e-07  2.78078180e-05  1.73759225e-07  1.19999163e+00  1.73759225e-07  3.30004039e+00 
 1.73809225e-07  4.69933696e-06  1.73809225e-07 -2.77959612e-05  1.73809225e-07  1.20000817e+00  1.73809225e-07  3.29995998e+00 
 1.73859225e-07 -4.52233382e-06  1.73859225e-07  2.78024701e-05  1.73859225e-07  1.19999184e+00  1.73859225e-07  3.30003962e+00 
 1.73909225e-07  4.58690091e-06  1.73909225e-07 -2.77619362e-05  1.73909225e-07  1.20000796e+00  1.73909225e-07  3.29996075e+00 
 1.73959225e-07 -4.40993359e-06  1.73959225e-07  2.77409704e-05  1.73959225e-07  1.19999204e+00  1.73959225e-07  3.30003884e+00 
 1.74009225e-07  4.47479750e-06  1.74009225e-07 -2.76742106e-05  1.74009225e-07  1.20000777e+00  1.74009225e-07  3.29996155e+00 
 1.74059225e-07 -4.29838611e-06  1.74059225e-07  2.76281376e-05  1.74059225e-07  1.19999222e+00  1.74059225e-07  3.30003803e+00 
 1.74109225e-07  4.36399231e-06  1.74109225e-07 -2.75374401e-05  1.74109225e-07  1.20000759e+00  1.74109225e-07  3.29996236e+00 
 1.74159225e-07 -4.18851417e-06  1.74159225e-07  2.74684709e-05  1.74159225e-07  1.19999240e+00  1.74159225e-07  3.30003721e+00 
 1.74209225e-07  4.25518190e-06  1.74209225e-07 -2.73559726e-05  1.74209225e-07  1.20000742e+00  1.74209225e-07  3.29996319e+00 
 1.74259225e-07 -4.08090299e-06  1.74259225e-07  2.72661726e-05  1.74259225e-07  1.19999256e+00  1.74259225e-07  3.30003638e+00 
 1.74309225e-07  4.14885335e-06  1.74309225e-07 -2.71338695e-05  1.74309225e-07  1.20000726e+00  1.74309225e-07  3.29996403e+00 
 1.74359225e-07 -3.97595342e-06  1.74359225e-07  2.70251683e-05  1.74359225e-07  1.19999272e+00  1.74359225e-07  3.30003553e+00 
 1.74409225e-07  4.04533174e-06  1.74409225e-07 -2.68749248e-05  1.74409225e-07  1.20000711e+00  1.74409225e-07  3.29996487e+00 
 1.74459225e-07 -3.87392418e-06  1.74459225e-07  2.67491250e-05  1.74459225e-07  1.19999286e+00  1.74459225e-07  3.30003468e+00 
 1.74509225e-07  3.94481777e-06  1.74509225e-07 -2.65826821e-05  1.74509225e-07  1.20000697e+00  1.74509225e-07  3.29996573e+00 
 1.74559225e-07 -3.77496547e-06  1.74559225e-07  2.64414670e-05  1.74559225e-07  1.19999300e+00  1.74559225e-07  3.30003383e+00 
 1.74609225e-07  3.84741765e-06  1.74609225e-07 -2.62604504e-05  1.74609225e-07  1.20000684e+00  1.74609225e-07  3.29996658e+00 
 1.74659225e-07 -3.67914544e-06  1.74659225e-07  2.61053915e-05  1.74659225e-07  1.19999313e+00  1.74659225e-07  3.30003297e+00 
 1.74709225e-07  3.75316667e-06  1.74709225e-07 -2.59113179e-05  1.74709225e-07  1.20000671e+00  1.74709225e-07  3.29996744e+00 
 1.74759225e-07 -3.58647117e-06  1.74759225e-07  2.57438814e-05  1.74759225e-07  1.19999325e+00  1.74759225e-07  3.30003212e+00 
 1.74809225e-07  3.66204770e-06  1.74809225e-07 -2.55381654e-05  1.74809225e-07  1.20000659e+00  1.74809225e-07  3.29996829e+00 
 1.74859225e-07 -3.49690502e-06  1.74859225e-07  2.53597186e-05  1.74859225e-07  1.19999337e+00  1.74859225e-07  3.30003127e+00 
 1.74909225e-07  3.57400570e-06  1.74909225e-07 -2.51436788e-05  1.74909225e-07  1.20000647e+00  1.74909225e-07  3.29996914e+00 
 1.74959225e-07 -3.41037737e-06  1.74959225e-07  2.49554957e-05  1.74959225e-07  1.19999349e+00  1.74959225e-07  3.30003042e+00 
 1.75009225e-07  3.48895894e-06  1.75009225e-07 -2.47303600e-05  1.75009225e-07  1.20000636e+00  1.75009225e-07  3.29996999e+00 
 1.75059225e-07 -3.32679660e-06  1.75059225e-07  2.45336270e-05  1.75059225e-07  1.19999359e+00  1.75059225e-07  3.30002957e+00 
 1.75109225e-07  3.40680772e-06  1.75109225e-07 -2.43005383e-05  1.75109225e-07  1.20000626e+00  1.75109225e-07  3.29997083e+00 
 1.75159225e-07 -3.24605665e-06  1.75159225e-07  2.40963592e-05  1.75159225e-07  1.19999370e+00  1.75159225e-07  3.30002874e+00 
 1.75209225e-07  3.32744104e-06  1.75209225e-07 -2.38563803e-05  1.75209225e-07  1.20000615e+00  1.75209225e-07  3.29997166e+00 
 1.75259225e-07 -3.16804285e-06  1.75259225e-07  2.36457812e-05  1.75259225e-07  1.19999380e+00  1.75259225e-07  3.30002791e+00 
 1.75309225e-07  3.25074161e-06  1.75309225e-07 -2.33998994e-05  1.75309225e-07  1.20000606e+00  1.75309225e-07  3.29997249e+00 
 1.75359225e-07 -3.09263630e-06  1.75359225e-07  2.31838333e-05  1.75359225e-07  1.19999389e+00  1.75359225e-07  3.30002709e+00 
 1.75409225e-07  3.17658970e-06  1.75409225e-07 -2.29329650e-05  1.75409225e-07  1.20000596e+00  1.75409225e-07  3.29997330e+00 
 1.75459225e-07 -3.01971714e-06  1.75459225e-07  2.27123160e-05  1.75459225e-07  1.19999399e+00  1.75459225e-07  3.30002628e+00 
 1.75509225e-07  3.10486586e-06  1.75509225e-07 -2.24573109e-05  1.75509225e-07  1.20000587e+00  1.75509225e-07  3.29997410e+00 
 1.75559225e-07 -2.94916687e-06  1.75559225e-07  2.22328985e-05  1.75559225e-07  1.19999408e+00  1.75559225e-07  3.30002548e+00 
 1.75609225e-07  3.03545297e-06  1.75609225e-07 -2.19745436e-05  1.75609225e-07  1.20000578e+00  1.75609225e-07  3.29997490e+00 
 1.75659225e-07 -2.88087017e-06  1.75659225e-07  2.17471264e-05  1.75659225e-07  1.19999416e+00  1.75659225e-07  3.30002470e+00 
 1.75709225e-07  2.96823769e-06  1.75709225e-07 -2.14861499e-05  1.75709225e-07  1.20000570e+00  1.75709225e-07  3.29997568e+00 
 1.75759225e-07 -2.81471588e-06  1.75759225e-07  2.12564293e-05  1.75759225e-07  1.19999425e+00  1.75759225e-07  3.30002392e+00 
 1.75809225e-07  2.90311130e-06  1.75809225e-07 -2.09935038e-05  1.75809225e-07  1.20000561e+00  1.75809225e-07  3.29997644e+00 
 1.75859225e-07 -2.75059792e-06  1.75859225e-07  2.07621277e-05  1.75859225e-07  1.19999433e+00  1.75859225e-07  3.30002316e+00 
 1.75909225e-07  2.83997037e-06  1.75909225e-07 -2.04978739e-05  1.75909225e-07  1.20000553e+00  1.75909225e-07  3.29997720e+00 
 1.75959225e-07 -2.68841563e-06  1.75959225e-07  2.02654397e-05  1.75959225e-07  1.19999441e+00  1.75959225e-07  3.30002241e+00 
 1.76009225e-07  2.77871710e-06  1.76009225e-07 -2.00004297e-05  1.76009225e-07  1.20000545e+00  1.76009225e-07  3.29997794e+00 
 1.76059225e-07 -2.62807407e-06  1.76059225e-07  1.97674876e-05  1.76059225e-07  1.19999449e+00  1.76059225e-07  3.30002168e+00 
 1.76109225e-07  2.71925936e-06  1.76109225e-07 -1.95022475e-05  1.76109225e-07  1.20000538e+00  1.76109225e-07  3.29997867e+00 
 1.76159225e-07 -2.56948401e-06  1.76159225e-07  1.92693032e-05  1.76159225e-07  1.19999456e+00  1.76159225e-07  3.30002096e+00 
 1.76209225e-07  2.66151077e-06  1.76209225e-07 -1.90043164e-05  1.76209225e-07  1.20000530e+00  1.76209225e-07  3.29997938e+00 
 1.76259225e-07 -2.51256183e-06  1.76259225e-07  1.87718340e-05  1.76259225e-07  1.19999464e+00  1.76259225e-07  3.30002025e+00 
 1.76309225e-07  2.60539045e-06  1.76309225e-07 -1.85075437e-05  1.76309225e-07  1.20000523e+00  1.76309225e-07  3.29998008e+00 
 1.76359225e-07 -2.45722939e-06  1.76359225e-07  1.82759486e-05  1.76359225e-07  1.19999471e+00  1.76359225e-07  3.30001956e+00 
 1.76409225e-07  2.55082289e-06  1.76409225e-07 -1.80127601e-05  1.76409225e-07  1.20000516e+00  1.76409225e-07  3.29998076e+00 
 1.76459225e-07 -2.40341377e-06  1.76459225e-07  1.77824410e-05  1.76459225e-07  1.19999478e+00  1.76459225e-07  3.30001889e+00 
 1.76509225e-07  2.49773771e-06  1.76509225e-07 -1.75207247e-05  1.76509225e-07  1.20000509e+00  1.76509225e-07  3.29998143e+00 
 1.76559225e-07 -2.35104705e-06  1.76559225e-07  1.72920362e-05  1.76559225e-07  1.19999485e+00  1.76559225e-07  3.30001822e+00 
 1.76609225e-07  2.44606934e-06  1.76609225e-07 -1.70321294e-05  1.76609225e-07  1.20000502e+00  1.76609225e-07  3.29998209e+00 
 1.76659225e-07 -2.30006595e-06  1.76659225e-07  1.68053940e-05  1.76659225e-07  1.19999492e+00  1.76659225e-07  3.30001758e+00 
 1.76709225e-07  2.39575670e-06  1.76709225e-07 -1.65476031e-05  1.76709225e-07  1.20000495e+00  1.76709225e-07  3.29998273e+00 
 1.76759225e-07 -2.25041154e-06  1.76759225e-07  1.63231137e-05  1.76759225e-07  1.19999499e+00  1.76759225e-07  3.30001694e+00 
 1.76809225e-07  2.34674294e-06  1.76809225e-07 -1.60677163e-05  1.76809225e-07  1.20000489e+00  1.76809225e-07  3.29998335e+00 
 1.76859225e-07 -2.20202899e-06  1.76859225e-07  1.58457378e-05  1.76859225e-07  1.19999505e+00  1.76859225e-07  3.30001633e+00 
 1.76909225e-07  2.29897515e-06  1.76909225e-07 -1.55929846e-05  1.76909225e-07  1.20000482e+00  1.76909225e-07  3.29998396e+00 
 1.76959225e-07 -2.15486722e-06  1.76959225e-07  1.53737558e-05  1.76959225e-07  1.19999511e+00  1.76959225e-07  3.30001572e+00 
 1.77009225e-07  2.25240398e-06  1.77009225e-07 -1.51238724e-05  1.77009225e-07  1.20000476e+00  1.77009225e-07  3.29998456e+00 
 1.77059225e-07 -2.10887859e-06  1.77059225e-07  1.49076076e-05  1.77059225e-07  1.19999518e+00  1.77059225e-07  3.30001513e+00 
 1.77109225e-07  2.20698347e-06  1.77109225e-07 -1.46607961e-05  1.77109225e-07  1.20000469e+00  1.77109225e-07  3.29998514e+00 
 1.77159225e-07 -2.06401872e-06  1.77159225e-07  1.44476873e-05  1.77159225e-07  1.19999524e+00  1.77159225e-07  3.30001456e+00 
 1.77209225e-07  2.16267070e-06  1.77209225e-07 -1.42041280e-05  1.77209225e-07  1.20000463e+00  1.77209225e-07  3.29998571e+00 
 1.77259225e-07 -2.02024612e-06  1.77259225e-07  1.39943457e-05  1.77259225e-07  1.19999530e+00  1.77259225e-07  3.30001400e+00 
 1.77309225e-07  2.11942557e-06  1.77309225e-07 -1.37541984e-05  1.77309225e-07  1.20000457e+00  1.77309225e-07  3.29998626e+00 
 1.77359225e-07 -1.97752202e-06  1.77359225e-07  1.35478936e-05  1.77359225e-07  1.19999536e+00  1.77359225e-07  3.30001345e+00 
 1.77409225e-07  2.07721057e-06  1.77409225e-07 -1.33112993e-05  1.77409225e-07  1.20000451e+00  1.77409225e-07  3.29998680e+00 
 1.77459225e-07 -1.93581013e-06  1.77459225e-07  1.31086046e-05  1.77459225e-07  1.19999542e+00  1.77459225e-07  3.30001292e+00 
 1.77509225e-07  2.03599055e-06  1.77509225e-07 -1.28756866e-05  1.77509225e-07  1.20000446e+00  1.77509225e-07  3.29998733e+00 
 1.77559225e-07 -1.89507641e-06  1.77559225e-07  1.26767175e-05  1.77559225e-07  1.19999548e+00  1.77559225e-07  3.30001240e+00 
 1.77609225e-07  1.99573253e-06  1.77609225e-07 -1.24475827e-05  1.77609225e-07  1.20000440e+00  1.77609225e-07  3.29998784e+00 
 1.77659225e-07 -1.85528888e-06  1.77659225e-07  1.22524388e-05  1.77659225e-07  1.19999553e+00  1.77659225e-07  3.30001190e+00 
 1.77709225e-07  1.95640551e-06  1.77709225e-07 -1.20271788e-05  1.77709225e-07  1.20000434e+00  1.77709225e-07  3.29998834e+00 
 1.77759225e-07 -1.81641746e-06  1.77759225e-07  1.18359452e-05  1.77759225e-07  1.19999559e+00  1.77759225e-07  3.30001140e+00 
 1.77809225e-07  1.91798028e-06  1.77809225e-07 -1.16146376e-05  1.77809225e-07  1.20000429e+00  1.77809225e-07  3.29998882e+00 
 1.77859225e-07 -1.77843383e-06  1.77859225e-07  1.14273856e-05  1.77859225e-07  1.19999564e+00  1.77859225e-07  3.30001093e+00 
 1.77909225e-07  1.88042931e-06  1.77909225e-07 -1.12100948e-05  1.77909225e-07  1.20000423e+00  1.77909225e-07  3.29998929e+00 
 1.77959225e-07 -1.74131122e-06  1.77959225e-07  1.10268830e-05  1.77959225e-07  1.19999570e+00  1.77959225e-07  3.30001046e+00 
 1.78009225e-07  1.84372660e-06  1.78009225e-07 -1.08136612e-05  1.78009225e-07  1.20000418e+00  1.78009225e-07  3.29998975e+00 
 1.78059225e-07 -1.70502431e-06  1.78059225e-07  1.06345366e-05  1.78059225e-07  1.19999575e+00  1.78059225e-07  3.30001001e+00 
 1.78109225e-07  1.80784747e-06  1.78109225e-07 -1.04254249e-05  1.78109225e-07  1.20000413e+00  1.78109225e-07  3.29999020e+00 
 1.78159225e-07 -1.66954911e-06  1.78159225e-07  1.02504236e-05  1.78159225e-07  1.19999580e+00  1.78159225e-07  3.30000957e+00 
 1.78209225e-07  1.77276858e-06  1.78209225e-07 -1.00454527e-05  1.78209225e-07  1.20000407e+00  1.78209225e-07  3.29999063e+00 
 1.78259225e-07 -1.63486285e-06  1.78259225e-07  9.87460081e-06  1.78259225e-07  1.19999586e+00  1.78259225e-07  3.30000914e+00 
 1.78309225e-07  1.73846771e-06  1.78309225e-07 -9.67379170e-06  1.78309225e-07  1.20000402e+00  1.78309225e-07  3.29999105e+00 
 1.78359225e-07 -1.60094388e-06  1.78359225e-07  9.50710610e-06  1.78359225e-07  1.19999591e+00  1.78359225e-07  3.30000873e+00 
 1.78409225e-07  1.70492372e-06  1.78409225e-07 -9.31047104e-06  1.78409225e-07  1.20000397e+00  1.78409225e-07  3.29999146e+00 
 1.78459225e-07 -1.56777154e-06  1.78459225e-07  9.14796010e-06  1.78459225e-07  1.19999596e+00  1.78459225e-07  3.30000832e+00 
 1.78509225e-07  1.67211644e-06  1.78509225e-07 -8.95550316e-06  1.78509225e-07  1.20000392e+00  1.78509225e-07  3.29999186e+00 
 1.78559225e-07 -1.53532614e-06  1.78559225e-07  8.79716745e-06  1.78559225e-07  1.19999601e+00  1.78559225e-07  3.30000793e+00 
 1.78609225e-07  1.64002664e-06  1.78609225e-07 -8.60888527e-06  1.78609225e-07  1.20000387e+00  1.78609225e-07  3.29999225e+00 
 1.78659225e-07 -1.50358885e-06  1.78659225e-07  8.45471811e-06  1.78659225e-07  1.19999606e+00  1.78659225e-07  3.30000755e+00 
 1.78709225e-07  1.60863587e-06  1.78709225e-07 -8.27060044e-06  1.78709225e-07  1.20000382e+00  1.78709225e-07  3.29999262e+00 
 1.78759225e-07 -1.47254166e-06  1.78759225e-07  8.12058862e-06  1.78759225e-07  1.19999610e+00  1.78759225e-07  3.30000718e+00 
 1.78809225e-07  1.57792648e-06  1.78809225e-07 -7.94061894e-06  1.78809225e-07  1.20000378e+00  1.78809225e-07  3.29999298e+00 
 1.78859225e-07 -1.44216724e-06  1.78859225e-07  7.79474321e-06  1.78859225e-07  1.19999615e+00  1.78859225e-07  3.30000682e+00 
 1.78909225e-07  1.54788153e-06  1.78909225e-07 -7.61889922e-06  1.78909225e-07  1.20000373e+00  1.78909225e-07  3.29999334e+00 
 1.78959225e-07 -1.41244901e-06  1.78959225e-07  7.47713478e-06  1.78959225e-07  1.19999620e+00  1.78959225e-07  3.30000648e+00 
 1.79009225e-07  1.51848471e-06  1.79009225e-07 -7.30538898e-06  1.79009225e-07  1.20000368e+00  1.79009225e-07  3.29999368e+00 
 1.79059225e-07 -1.38337096e-06  1.79059225e-07  7.16770605e-06  1.79059225e-07  1.19999624e+00  1.79059225e-07  3.30000614e+00 
 1.79109225e-07  1.48972036e-06  1.79109225e-07 -7.00002614e-06  1.79109225e-07  1.20000364e+00  1.79109225e-07  3.29999401e+00 
 1.79159225e-07 -1.35491772e-06  1.79159225e-07  6.86639037e-06  1.79159225e-07  1.19999629e+00  1.79159225e-07  3.30000581e+00 
 1.79209225e-07  1.46157336e-06  1.79209225e-07 -6.70273974e-06  1.79209225e-07  1.20000359e+00  1.79209225e-07  3.29999433e+00 
 1.79259225e-07 -1.32707445e-06  1.79259225e-07  6.57311266e-06  1.79259225e-07  1.19999633e+00  1.79259225e-07  3.30000550e+00 
 1.79309225e-07  1.43402911e-06  1.79309225e-07 -6.41345077e-06  1.79309225e-07  1.20000355e+00  1.79309225e-07  3.29999464e+00 
 1.79359225e-07 -1.29982680e-06  1.79359225e-07  6.28779014e-06  1.79359225e-07  1.19999638e+00  1.79359225e-07  3.30000519e+00 
 1.79409225e-07  1.40707354e-06  1.79409225e-07 -6.13207292e-06  1.79409225e-07  1.20000350e+00  1.79409225e-07  3.29999495e+00 
 1.79459225e-07 -1.27316094e-06  1.79459225e-07  6.01033316e-06  1.79459225e-07  1.19999642e+00  1.79459225e-07  3.30000489e+00 
 1.79509225e-07  1.38069302e-06  1.79509225e-07 -5.85851337e-06  1.79509225e-07  1.20000346e+00  1.79509225e-07  3.29999524e+00 
 1.79559225e-07 -1.24706345e-06  1.79559225e-07  5.74064588e-06  1.79559225e-07  1.19999647e+00  1.79559225e-07  3.30000460e+00 
 1.79609225e-07  1.35487435e-06  1.79609225e-07 -5.59267344e-06  1.79609225e-07  1.20000342e+00  1.79609225e-07  3.29999552e+00 
 1.79659225e-07 -1.22152134e-06  1.79659225e-07  5.47862694e-06  1.79659225e-07  1.19999651e+00  1.79659225e-07  3.30000433e+00 
 1.79709225e-07  1.32960474e-06  1.79709225e-07 -5.33444925e-06  1.79709225e-07  1.20000337e+00  1.79709225e-07  3.29999580e+00 
 1.79759225e-07 -1.19652204e-06  1.79759225e-07  5.22417004e-06  1.79759225e-07  1.19999655e+00  1.79759225e-07  3.30000406e+00 
 1.79809225e-07  1.30487181e-06  1.79809225e-07 -5.08373225e-06  1.79809225e-07  1.20000333e+00  1.79809225e-07  3.29999606e+00 
 1.79859225e-07 -1.17205330e-06  1.79859225e-07  4.97716457e-06  1.79859225e-07  1.19999659e+00  1.79859225e-07  3.30000379e+00 
 1.79909225e-07  1.28066349e-06  1.79909225e-07 -4.84040987e-06  1.79909225e-07  1.20000329e+00  1.79909225e-07  3.29999632e+00 
 1.79954612e-07 -1.14690000e-06  1.79954612e-07  4.72551062e-06  1.79954612e-07  1.19999663e+00  1.79954612e-07  3.30000353e+00 
 1.80000000e-07  1.25458843e-06  1.80000000e-07 -4.58078021e-06  1.80000000e-07  1.20000325e+00  1.80000000e-07  3.29999659e+00 
