 5.00000000e-13  6.44124726e-01  5.00000000e-13  1.81854626e+00 
 5.27016008e-13  6.44197286e-01  5.27016008e-13  1.80430188e+00 
 5.81048025e-13  6.45099326e-01  5.81048025e-13  1.79070373e+00 
 6.89112059e-13  6.46379054e-01  6.89112059e-13  1.82047192e+00 
 9.05240126e-13  6.46826268e-01  9.05240126e-13  1.90602205e+00 
 1.20738753e-12  6.47461748e-01  1.20738753e-12  1.94722456e+00 
 1.69933156e-12  6.47752910e-01  1.69933156e-12  1.93420934e+00 
 2.43322764e-12  6.46676620e-01  2.43322764e-12  1.89354216e+00 
 3.84857040e-12  6.38794183e-01  3.84857040e-12  1.78759774e+00 
 6.51545363e-12  6.08300228e-01  6.51545363e-12  1.50896012e+00 
 1.01193706e-11  5.42825077e-01  1.01193706e-11  1.09039019e+00 
 1.54135981e-11  4.19367432e-01  1.54135981e-11  5.90707671e-01 
 2.37372066e-11  2.10282449e-01  2.37372066e-11  2.23169725e-01 
 3.68686033e-11  3.25670812e-02  3.68686033e-11  1.11789416e-01 
 5.00000000e-11  1.34272011e-02  5.00000000e-11  8.65985630e-02 
 5.22097031e-11  1.30148957e-02  5.22097031e-11  8.25220948e-02 
 5.66291092e-11  1.15698141e-02  5.66291092e-11  7.47981453e-02 
 6.54679215e-11  8.60320444e-03  6.54679215e-11  6.26149373e-02 
 8.31455460e-11  4.64473859e-03  8.31455460e-11  4.34809767e-02 
 1.18500795e-10  5.86100633e-04  1.18500795e-10  1.54299262e-02 
 1.59250398e-10 -8.37009062e-05  1.59250398e-10  8.75128843e-03 
 2.00000000e-10  4.06120222e-04  2.00000000e-10  2.88760514e-03 
 2.05000000e-10  2.60622376e-04  2.05000000e-10  2.50284309e-03 
 2.15000000e-10 -2.20397291e-04  2.15000000e-10  2.82058083e-03 
 2.35000000e-10 -2.88538514e-04  2.35000000e-10  2.58863713e-03 
 2.75000000e-10  1.80437923e-04  2.75000000e-10  9.73489284e-04 
 3.22735686e-10 -1.10440749e-04  3.22735686e-10 -1.33159972e-03 
 3.66670696e-10  7.19226795e-05  3.66670696e-10  6.00707625e-04 
 4.16670696e-10 -5.26359718e-05  4.16670696e-10 -1.68198841e-04 
 4.66670696e-10  4.04615275e-05  4.66670696e-10  2.16437682e-04 
 5.16670696e-10 -3.18600732e-05  5.16670696e-10 -9.74691884e-05 
 5.66670696e-10  2.58770087e-05  5.66670696e-10  4.86252499e-05 
 6.16670696e-10 -2.12004028e-05  6.16670696e-10  5.03453461e-06 
 6.66670696e-10  1.78498677e-05  6.66670696e-10 -4.49430433e-05 
 7.16670696e-10 -1.50340220e-05  7.16670696e-10  7.83581802e-05 
 7.66670696e-10  1.30265497e-05  7.66670696e-10 -1.04886834e-04 
 8.16670696e-10 -1.12057189e-05  8.16670696e-10  1.26081967e-04 
 8.66670696e-10  9.94477982e-06  8.66670696e-10 -1.42622112e-04 
 9.16670696e-10 -8.68936885e-06  9.16670696e-10  1.55371992e-04 
 9.66670696e-10  7.86174445e-06  9.66670696e-10 -1.64875671e-04 
 1.01667070e-09 -6.94140587e-06  1.01667070e-09  1.71759086e-04 
 1.06667070e-09  6.37592406e-06  1.06667070e-09 -1.76403715e-04 
 1.11667070e-09 -5.66284183e-06  1.11667070e-09  1.79275315e-04 
 1.16667070e-09  5.26327880e-06  1.16667070e-09 -1.80630366e-04 
 1.21667070e-09 -4.68461454e-06  1.21667070e-09  1.80817319e-04 
 1.26667070e-09  4.39527656e-06  1.26667070e-09 -1.79991617e-04 
 1.31667070e-09 -3.90830924e-06  1.31667070e-09  1.78448834e-04 
 1.36667070e-09  3.69614608e-06  1.36667070e-09 -1.76236159e-04 
 1.41667070e-09 -3.27489892e-06  1.41667070e-09  1.73602900e-04 
 1.46667070e-09  3.11935973e-06  1.46667070e-09 -1.70553723e-04 
 1.51667070e-09 -2.74736889e-06  1.51667070e-09  1.67284812e-04 
 1.56667070e-09  2.63513490e-06  1.56667070e-09 -1.63773699e-04 
 1.61667070e-09 -2.30151938e-06  1.61667070e-09  1.60177430e-04 
 1.66667070e-09  2.22358085e-06  1.66667070e-09 -1.56456103e-04 
 1.71667070e-09 -1.92080243e-06  1.71667070e-09  1.52737631e-04 
 1.76667070e-09  1.87077271e-06  1.76667070e-09 -1.48971467e-04 
 1.81667070e-09 -1.59336739e-06  1.81667070e-09  1.45263782e-04 
 1.86667070e-09  1.56651927e-06  1.86667070e-09 -1.41558033e-04 
 1.91667070e-09 -1.31036199e-06  1.91667070e-09  1.37944138e-04 
 1.96667070e-09  1.30306162e-06  1.96667070e-09 -1.34362674e-04 
 2.01667070e-09 -1.06492848e-06  2.01667070e-09  1.30891382e-04 
 2.06667070e-09  1.07429332e-06  2.06667070e-09 -1.27470002e-04 
 2.11667070e-09 -8.51592469e-07  2.11667070e-09  1.24167110e-04 
 2.16667070e-09  8.75277661e-07  2.16667070e-09 -1.20922901e-04 
 2.21667070e-09 -6.65878739e-07  2.21667070e-09  1.17799020e-04 
 2.26667070e-09  7.01939433e-07  2.26667070e-09 -1.14736894e-04 
 2.31667070e-09 -5.04061369e-07  2.31667070e-09  1.11792892e-04 
 2.36667070e-09  5.50860429e-07  2.36667070e-09 -1.08910104e-04 
 2.41667070e-09 -3.62995036e-07  2.41667070e-09  1.06140849e-04 
 2.46667070e-09  4.19138977e-07  2.46667070e-09 -1.03430075e-04 
 2.51667070e-09 -2.39996818e-07  2.51667070e-09  1.00826969e-04 
 2.56667070e-09  3.04289809e-07  2.56667070e-09 -9.82783850e-05 
 2.61667070e-09 -1.32760656e-07  2.61667070e-09  9.58310587e-05 
 2.66667070e-09  2.04170169e-07  2.66667070e-09 -9.34337030e-05 
 2.71667070e-09 -3.92931397e-08  2.71667070e-09  9.11311189e-05 
 2.76667070e-09  1.16923720e-07  2.76667070e-09 -8.88737736e-05 
 2.81667070e-09  4.21359224e-08  2.81667070e-09  8.67049233e-05 
 2.86667070e-09  4.09366671e-08  2.86667070e-09 -8.45766554e-05 
 2.91667070e-09  1.13032849e-07  2.91667070e-09  8.25309801e-05 
 2.96667070e-09 -2.51976761e-08  2.96667070e-09 -8.05214567e-05 
 3.01667070e-09  1.74711763e-07  3.01667070e-09  7.85890802e-05 
 3.06667070e-09 -8.27074006e-08  3.06667070e-09 -7.66887315e-05 
 3.11667070e-09  2.28320773e-07  3.11667070e-09  7.48605712e-05 
 3.16667070e-09 -1.32666028e-07  3.16667070e-09 -7.30606553e-05 
 3.21667070e-09  2.74863838e-07  3.21667070e-09  7.13284528e-05 
 3.26667070e-09 -1.76012658e-07  3.26667070e-09 -6.96210576e-05 
 3.31667070e-09  3.15219510e-07  3.31667070e-09  6.79773616e-05 
 3.36667070e-09 -2.13569182e-07  3.36667070e-09 -6.63553692e-05 
 3.41667070e-09  3.50156716e-07  3.41667070e-09  6.47934887e-05 
 3.46667070e-09 -2.46055033e-07  3.46667070e-09 -6.32505195e-05 
 3.51667070e-09  3.80348642e-07  3.51667070e-09  6.17644626e-05 
 3.56667070e-09 -2.74100072e-07  3.56667070e-09 -6.02948087e-05 
 3.61667070e-09  4.06384485e-07  3.61667070e-09  5.88792154e-05 
 3.66667070e-09 -2.98255466e-07  3.66667070e-09 -5.74777718e-05 
 3.71667070e-09  4.28779976e-07  3.71667070e-09  5.61278460e-05 
 3.76667070e-09 -3.19003700e-07  3.76667070e-09 -5.47900431e-05 
 3.81667070e-09  4.47986382e-07  3.81667070e-09  5.35014874e-05 
 3.86667070e-09 -3.36766882e-07  3.86667070e-09 -5.22232275e-05 
 3.91667070e-09  4.64398536e-07  3.91667070e-09  5.09921832e-05 
 3.96667070e-09 -3.51914290e-07  3.96667070e-09 -4.97697827e-05 
 4.01667070e-09  4.78361803e-07  4.01667070e-09  4.85927749e-05 
 4.06667070e-09 -3.64768869e-07  4.06667070e-09 -4.74229121e-05 
 4.11667070e-09  4.90178162e-07  4.11667070e-09  4.62968016e-05 
 4.16667070e-09 -3.75613022e-07  4.16667070e-09 -4.51764705e-05 
 4.21667070e-09  5.00111690e-07  4.21667070e-09  4.40984103e-05 
 4.26667070e-09 -3.84693624e-07  4.26667070e-09 -4.30248805e-05 
 4.31667070e-09  5.08393204e-07  4.31667070e-09  4.19922788e-05 
 4.36667070e-09 -3.92226531e-07  4.36667070e-09 -4.09630601e-05 
 4.41667070e-09  5.15224516e-07  4.41667070e-09  3.99735476e-05 
 4.46667070e-09 -3.98400393e-07  4.46667070e-09 -3.89863598e-05 
 4.51667070e-09  5.20782022e-07  4.51667070e-09  3.80377621e-05 
 4.56667070e-09 -4.03380141e-07  4.56667070e-09 -3.70905084e-05 
 4.61667070e-09  5.25219924e-07  4.61667070e-09  3.61808217e-05 
 4.66667070e-09 -4.07309958e-07  4.66667070e-09 -3.52715669e-05 
 4.71667070e-09  5.28673061e-07  4.71667070e-09  3.43989373e-05 
 4.76667070e-09 -4.10315975e-07  4.76667070e-09 -3.35258881e-05 
 4.81667070e-09  5.31259338e-07  4.81667070e-09  3.26885940e-05 
 4.86667070e-09 -4.12508382e-07  4.86667070e-09 -3.18500828e-05 
 4.91667070e-09  5.33081888e-07  4.91667070e-09  3.10465200e-05 
 4.96667070e-09 -4.13983756e-07  4.96667070e-09 -3.02409905e-05 
 5.01667070e-09  5.34231063e-07  5.01667070e-09  2.94696590e-05 
 5.06667070e-09 -4.14826548e-07  5.06667070e-09 -2.86956543e-05 
 5.11667070e-09  5.34785832e-07  5.11667070e-09  2.79551476e-05 
 5.16667070e-09 -4.15110731e-07  5.16667070e-09 -2.72112999e-05 
 5.21667070e-09  5.34815505e-07  5.21667070e-09  2.65002950e-05 
 5.26667070e-09 -4.14901194e-07  5.26667070e-09 -2.57853168e-05 
 5.31667070e-09  5.34380876e-07  5.31667070e-09  2.51025664e-05 
 5.36667070e-09 -4.14254876e-07  5.36667070e-09 -2.44152425e-05 
 5.41667070e-09  5.33535218e-07  5.41667070e-09  2.37595682e-05 
 5.46667070e-09 -4.13221727e-07  5.46667070e-09 -2.30987494e-05 
 5.51667070e-09  5.32325426e-07  5.51667070e-09  2.24690349e-05 
 5.56667070e-09 -4.11845669e-07  5.56667070e-09 -2.18336323e-05 
 5.61667070e-09  5.30792700e-07  5.61667070e-09  2.12288188e-05 
 5.66667070e-09 -4.10165471e-07  5.66667070e-09 -2.06177988e-05 
 5.71667070e-09  5.28973370e-07  5.71667070e-09  2.00368800e-05 
 5.76667070e-09 -4.08215114e-07  5.76667070e-09 -1.94492598e-05 
 5.81667070e-09  5.26899425e-07  5.81667070e-09  1.88912784e-05 
 5.86667070e-09 -4.06024744e-07  5.86667070e-09 -1.83261223e-05 
 5.91667070e-09  5.24599157e-07  5.91667070e-09  1.77901658e-05 
 5.96667070e-09 -4.03620983e-07  5.96667070e-09 -1.72465820e-05 
 6.01667070e-09  5.22097684e-07  6.01667070e-09  1.67317800e-05 
 6.06667070e-09 -4.01027433e-07  6.06667070e-09 -1.62089174e-05 
 6.11667070e-09  5.19417149e-07  6.11667070e-09  1.57144389e-05 
 6.16667070e-09 -3.98264946e-07  6.16667070e-09 -1.52114846e-05 
 6.21667070e-09  5.16577284e-07  6.21667070e-09  1.47365352e-05 
 6.26667070e-09 -3.95352173e-07  6.26667070e-09 -1.42527122e-05 
 6.31667070e-09  5.13595608e-07  6.31667070e-09  1.37965321e-05 
 6.36667070e-09 -3.92305651e-07  6.36667070e-09 -1.33310970e-05 
 6.41667070e-09  5.10487859e-07  6.41667070e-09  1.28929591e-05 
 6.46667070e-09 -3.89140257e-07  6.46667070e-09 -1.24452001e-05 
 6.51667070e-09  5.07268009e-07  6.51667070e-09  1.20244080e-05 
 6.56667070e-09 -3.85869194e-07  6.56667070e-09 -1.15936436e-05 
 6.61667070e-09  5.03948606e-07  6.61667070e-09  1.11895299e-05 
 6.66667070e-09 -3.82504343e-07  6.66667070e-09 -1.07751070e-05 
 6.71667070e-09  5.00540907e-07  6.71667070e-09  1.03870320e-05 
 6.76667070e-09 -3.79056456e-07  6.76667070e-09 -9.98832413e-06 
 6.81667070e-09  4.97055134e-07  6.81667070e-09  9.61567437e-06 
 6.86667070e-09 -3.75535170e-07  6.86667070e-09 -9.23208102e-06 
 6.91667070e-09  4.93500402e-07  6.91667070e-09  8.87426791e-06 
 6.96667070e-09 -3.71949156e-07  6.96667070e-09 -8.50521280e-06 
 7.01667070e-09  4.89885002e-07  7.01667070e-09  8.16167148e-06 
 7.06667070e-09 -3.68306348e-07  7.06667070e-09 -7.80660154e-06 
 7.11667070e-09  4.86216504e-07  7.11667070e-09  7.47678979e-06 
 7.16667070e-09 -3.64613981e-07  7.16667070e-09 -7.13517411e-06 
 7.21667070e-09  4.82501787e-07  7.21667070e-09  6.81857128e-06 
 7.26667070e-09 -3.60878533e-07  7.26667070e-09 -6.48990001e-06 
 7.31667070e-09  4.78747025e-07  7.31667070e-09  6.18600613e-06 
 7.36667070e-09 -3.57106005e-07  7.36667070e-09 -5.86978962e-06 
 7.41667070e-09  4.74958020e-07  7.41667070e-09  5.57812432e-06 
 7.46667070e-09 -3.53301902e-07  7.46667070e-09 -5.27389227e-06 
 7.51667070e-09  4.71139960e-07  7.51667070e-09  4.99399410e-06 
 7.56667070e-09 -3.49471160e-07  7.56667070e-09 -4.70129454e-06 
 7.61667070e-09  4.67297665e-07  7.61667070e-09  4.43272006e-06 
 7.66667070e-09 -3.45618508e-07  7.66667070e-09 -4.15111874e-06 
 7.71667070e-09  4.63435596e-07  7.71667070e-09  3.89344178e-06 
 7.76667070e-09 -3.41748135e-07  7.76667070e-09 -3.62252131e-06 
 7.81667070e-09  4.59557812e-07  7.81667070e-09  3.37533223e-06 
 7.86667070e-09 -3.37863940e-07  7.86667070e-09 -3.11469143e-06 
 7.91667070e-09  4.55668086e-07  7.91667070e-09  2.87759646e-06 
 7.96667070e-09 -3.33969643e-07  7.96667070e-09 -2.62684967e-06 
 8.01667070e-09  4.51769951e-07  8.01667070e-09  2.39947019e-06 
 8.06667070e-09 -3.30068552e-07  8.06667070e-09 -2.15824658e-06 
 8.11667070e-09  4.47866631e-07  8.11667070e-09  1.94021857e-06 
 8.16667070e-09 -3.26163801e-07  8.16667070e-09 -1.70816161e-06 
 8.21667070e-09  4.43961081e-07  8.21667070e-09  1.49913501e-06 
 8.26667070e-09 -3.22258285e-07  8.26667070e-09 -1.27590181e-06 
 8.31667070e-09  4.40056213e-07  8.31667070e-09  1.07553998e-06 
 8.36667070e-09 -3.18354747e-07  8.36667070e-09 -8.60800785e-07 
 8.41667070e-09  4.36154599e-07  8.41667070e-09  6.68779901e-07 
 8.46667070e-09 -3.14455730e-07  8.46667070e-09 -4.62217558e-07 
 8.51667070e-09  4.32258661e-07  8.51667070e-09  2.78226178e-07 
 8.56667070e-09 -3.10563503e-07  8.56667070e-09 -7.95355912e-08 
 8.61667070e-09  4.28370657e-07  8.61667070e-09 -9.67258776e-08 
 8.66667070e-09 -3.06680317e-07  8.66667070e-09  2.87838183e-07 
 8.71667070e-09  4.24492738e-07  8.71667070e-09 -4.56657986e-07 
 8.76667070e-09 -3.02808248e-07  8.76667070e-09  6.40474378e-07 
 8.81667070e-09  4.20626912e-07  8.81667070e-09 -8.02129817e-07 
 8.86667070e-09 -2.98949156e-07  8.86667070e-09  9.78921944e-07 
 8.91667070e-09  4.16774942e-07  8.91667070e-09 -1.13367980e-06 
 8.96667070e-09 -2.95104834e-07  8.96667070e-09  1.30370907e-06 
 9.01667070e-09  4.12938642e-07  9.01667070e-09 -1.45182612e-06 
 9.06667070e-09 -2.91276997e-07  9.06667070e-09  1.61534407e-06 
 9.11667070e-09  4.09119618e-07  9.11667070e-09 -1.75706734e-06 
 9.16667070e-09 -2.87467224e-07  9.16667070e-09  1.91431597e-06 
 9.21667070e-09  4.05319386e-07  9.21667070e-09 -2.04988325e-06 
 9.26667070e-09 -2.83676944e-07  9.26667070e-09  2.20109557e-06 
 9.31667070e-09  4.01539352e-07  9.31667070e-09 -2.33073565e-06 
 9.36667070e-09 -2.79907542e-07  9.36667070e-09  2.47613585e-06 
 9.41667070e-09  3.97780861e-07  9.41667070e-09 -2.60006902e-06 
 9.46667070e-09 -2.76160302e-07  9.46667070e-09  2.73987288e-06 
 9.51667070e-09  3.94045115e-07  9.51667070e-09 -2.85831108e-06 
 9.56667070e-09 -2.72436419e-07  9.56667070e-09  2.99272638e-06 
 9.61667070e-09  3.90333320e-07  9.61667070e-09 -3.10587371e-06 
 9.66667070e-09 -2.68737021e-07  9.66667070e-09  3.23510039e-06 
 9.71667070e-09  3.86646544e-07  9.71667070e-09 -3.34315325e-06 
 9.76667070e-09 -2.65063152e-07  9.76667070e-09  3.46738381e-06 
 9.81667070e-09  3.82985779e-07  9.81667070e-09 -3.57053137e-06 
 9.86667070e-09 -2.61415804e-07  9.86667070e-09  3.68995119e-06 
 9.91667070e-09  3.79351995e-07  9.91667070e-09 -3.78837548e-06 
 9.95833535e-09 -2.57435269e-07  9.95833535e-09  3.92399064e-06 
 1.00000000e-08  3.75028040e-07  1.00000000e-08 -4.03771586e-06 
 1.00050000e-08 -6.86688210e-06  1.00050000e-08 -6.14278811e-05 
 1.00150000e-08  6.55453856e-06  1.00150000e-08  1.68362242e-05 
 1.00350000e-08  3.25799346e-07  1.00350000e-08  1.51247781e-05 
 1.00750000e-08 -2.08154234e-06  1.00750000e-08  9.03569116e-06 
 1.01250000e-08  1.68011530e-05  1.01250000e-08  1.21071224e-04 
 1.01625000e-08  5.30945032e-06  1.01625000e-08  1.15741400e-04 
 1.02000000e-08 -2.35536429e-04  1.02000000e-08 -1.22659501e-04 
 1.02050000e-08 -2.25375204e-04  1.02050000e-08 -3.17277029e-04 
 1.02150000e-08  5.71635957e-05  1.02150000e-08 -6.70593732e-04 
 1.02350000e-08  4.12783831e-04  1.02350000e-08 -9.25438572e-04 
 1.02717503e-08 -2.83717722e-04  1.02717503e-08  1.54962561e-05 
 1.03127936e-08  1.50588243e-04  1.03127936e-08  7.64262750e-04 
 1.03571749e-08 -6.89561745e-05  1.03571749e-08  2.67600591e-04 
 1.04071749e-08  2.45858999e-05  1.04071749e-08 -3.46714278e-04 
 1.04571749e-08  5.65183256e-06  1.04571749e-08  1.72594075e-04 
 1.05071749e-08 -2.51350652e-05  1.05071749e-08 -2.28497878e-04 
 1.05571749e-08  3.85949467e-05  1.05571749e-08  2.27279114e-04 
 1.06071749e-08 -4.68660296e-05  1.06071749e-08 -2.35602313e-04 
 1.06571749e-08  5.22994854e-05  1.06571749e-08  2.43488977e-04 
 1.07071749e-08 -5.49082239e-05  1.07071749e-08 -2.44810502e-04 
 1.07571749e-08  5.61914996e-05  1.07571749e-08  2.47930792e-04 
 1.08071749e-08 -5.58027576e-05  1.08071749e-08 -2.46107463e-04 
 1.08571749e-08  5.49034108e-05  1.08571749e-08  2.45285202e-04 
 1.09071749e-08 -5.30079117e-05  1.09071749e-08 -2.41540311e-04 
 1.09571749e-08  5.10139569e-05  1.09571749e-08  2.38130115e-04 
 1.10071749e-08 -4.84197683e-05  1.10071749e-08 -2.32891506e-04 
 1.10571749e-08  4.59697820e-05  1.10571749e-08  2.28088745e-04 
 1.11071749e-08 -4.31351913e-05  1.11071749e-08 -2.22028061e-04 
 1.11571749e-08  4.05741749e-05  1.11571749e-08  2.16339187e-04 
 1.12071749e-08 -3.77555398e-05  1.12071749e-08 -2.09871275e-04 
 1.12571749e-08  3.52788859e-05  1.12571749e-08  2.03779376e-04 
 1.13071749e-08 -3.26120220e-05  1.13071749e-08 -1.97198578e-04 
 1.13571749e-08  3.03193255e-05  1.13571749e-08  1.91004336e-04 
 1.14071749e-08 -2.78696716e-05  1.14071749e-08 -1.84515012e-04 
 1.14571749e-08  2.58053100e-05  1.14571749e-08  1.78414030e-04 
 1.15071749e-08 -2.35973023e-05  1.15071749e-08 -1.72148310e-04 
 1.15571749e-08  2.17736636e-05  1.15571749e-08  1.66263552e-04 
 1.16071749e-08 -1.98082848e-05  1.16071749e-08 -1.60300950e-04 
 1.16571749e-08  1.82197645e-05  1.16571749e-08  1.54704791e-04 
 1.17071749e-08 -1.64851451e-05  1.17071749e-08 -1.49087677e-04 
 1.17571749e-08  1.51165900e-05  1.17571749e-08  1.43817662e-04 
 1.18071749e-08 -1.35943981e-05  1.18071749e-08 -1.38562848e-04 
 1.18571749e-08  1.24261721e-05  1.18571749e-08  1.33632982e-04 
 1.19071749e-08 -1.10954277e-05  1.19071749e-08 -1.28740206e-04 
 1.19571749e-08  1.01064087e-05  1.19571749e-08  1.24148998e-04 
 1.20071749e-08 -8.94571543e-06  1.20071749e-08 -1.19607035e-04 
 1.20571749e-08  8.11502035e-06  1.20571749e-08  1.15343174e-04 
 1.21071749e-08 -7.10382193e-06  1.21071749e-08 -1.11134162e-04 
 1.21571749e-08  6.41175031e-06  1.21571749e-08  1.07180484e-04 
 1.22071749e-08 -5.53098809e-06  1.22071749e-08 -1.03282937e-04 
 1.22571749e-08  4.95948875e-06  1.22571749e-08  9.96191536e-05 
 1.23071749e-08 -4.19189491e-06  1.23071749e-08 -9.60100160e-05 
 1.23571749e-08  3.72474439e-06  1.23571749e-08  9.26145585e-05 
 1.24071749e-08 -3.05491794e-06  1.24071749e-08 -8.92705701e-05 
 1.24571749e-08  2.67773016e-06  1.24571749e-08  8.61218032e-05 
 1.25071749e-08 -2.09208749e-06  1.25071749e-08 -8.30203743e-05 
 1.25571749e-08  1.79222804e-06  1.25571749e-08  8.00973645e-05 
 1.26071749e-08 -1.27888529e-06  1.26071749e-08 -7.72171051e-05 
 1.26571749e-08  1.04533654e-06  1.26571749e-08  7.45000804e-05 
 1.27071749e-08 -5.93959524e-07  1.27071749e-08 -7.18210908e-05 
 1.27571749e-08  4.17164500e-07  1.27571749e-08  6.92916878e-05 
 1.28071749e-08 -1.88073518e-08  1.28071749e-08 -6.67956878e-05 
 1.28571749e-08 -1.09490560e-07  1.28571749e-08  6.44370552e-05 
 1.29071749e-08  4.62545017e-07  1.29071749e-08 -6.21074052e-05 
 1.29571749e-08 -5.49456992e-07  1.29571749e-08  5.99042130e-05 
 1.30071749e-08  8.63848235e-07  1.30071749e-08 -5.77258675e-05 
 1.30571749e-08 -9.15484308e-07  1.30571749e-08  5.56642571e-05 
 1.31071749e-08  1.19691270e-06  1.31071749e-08 -5.36236764e-05 
 1.31571749e-08 -1.21851283e-06  1.31571749e-08  5.16911745e-05 
 1.32071749e-08  1.47186464e-06  1.32071749e-08 -4.97762143e-05 
 1.32571749e-08 -1.46791610e-06  1.32571749e-08  4.79616287e-05 
 1.33071749e-08  1.69737430e-06  1.33071749e-08 -4.61614191e-05 
 1.33571749e-08 -1.67171520e-06  1.33571749e-08  4.44547258e-05 
 1.34071749e-08  1.88085717e-06  1.34071749e-08 -4.27595495e-05 
 1.34571749e-08 -1.83676737e-06  1.34571749e-08  4.11517800e-05 
 1.35071749e-08  2.02865008e-06  1.35071749e-08 -3.95529534e-05 
 1.35571749e-08 -1.96893023e-06  1.35571749e-08  3.80360853e-05 
 1.36071749e-08  2.14616430e-06  1.36071749e-08 -3.65258472e-05 
 1.36571749e-08 -2.07320437e-06  1.36571749e-08  3.50927019e-05 
 1.37071749e-08  2.23801797e-06  1.37071749e-08 -3.36641102e-05 
 1.37571749e-08 -2.15385638e-06  1.37571749e-08  3.23082585e-05 
 1.38071749e-08  2.30815056e-06  1.38071749e-08 -3.09550968e-05 
 1.38571749e-08 -2.21452515e-06  1.38571749e-08  2.96707735e-05 
 1.39071749e-08  2.35992117e-06  1.39071749e-08 -2.83874663e-05 
 1.39571749e-08 -2.25831290e-06  1.39571749e-08  2.71694931e-05 
 1.40071749e-08  2.39619298e-06  1.40071749e-08 -2.59510310e-05 
 1.40571749e-08 -2.28786343e-06  1.40571749e-08  2.47947479e-05 
 1.41071749e-08  2.41940569e-06  1.41071749e-08 -2.36366207e-05 
 1.41571749e-08 -2.30542922e-06  1.41571749e-08  2.25378255e-05 
 1.42071749e-08  2.43163749e-06  1.42071749e-08 -2.14359635e-05 
 1.42571749e-08 -2.31292862e-06  1.42571749e-08  2.03908578e-05 
 1.43071749e-08  2.43465801e-06  1.43071749e-08 -1.93415800e-05 
 1.43571749e-08 -2.31199505e-06  1.43571749e-08  1.83467226e-05 
 1.44071749e-08  2.42997379e-06  1.44071749e-08 -1.73466914e-05 
 1.44571749e-08 -2.30401875e-06  1.44571749e-08  1.63989565e-05 
 1.45071749e-08  2.41886679e-06  1.45071749e-08 -1.54451381e-05 
 1.45571749e-08 -2.29018257e-06  1.45571749e-08  1.45416796e-05 
 1.46071749e-08  2.40242755e-06  1.46071749e-08 -1.36313089e-05 
 1.46571749e-08 -2.27149253e-06  1.46571749e-08  1.27695285e-05 
 1.47071749e-08  2.38158333e-06  1.47071749e-08 -1.19000792e-05 
 1.47571749e-08 -2.24880390e-06  1.47571749e-08  1.10775989e-05 
 1.48071749e-08  2.35712224e-06  1.48071749e-08 -1.02467570e-05 
 1.48571749e-08 -2.22284340e-06  1.48571749e-08  9.46139470e-06 
 1.49071749e-08  2.32971371e-06  1.49071749e-08 -8.66703492e-06 
 1.49571749e-08 -2.19422807e-06  1.49571749e-08  7.91678362e-06 
 1.50071749e-08  2.29992597e-06  1.50071749e-08 -7.15694965e-06 
 1.50571749e-08 -2.16348159e-06  1.50571749e-08  6.43995860e-06 
 1.51071749e-08  2.26824103e-06  1.51071749e-08 -5.71284504e-06 
 1.51571749e-08 -2.13104799e-06  1.51571749e-08  5.02740375e-06 
 1.52071749e-08  2.23506745e-06  1.52071749e-08 -4.33134069e-06 
 1.52571749e-08 -2.09730345e-06  1.52571749e-08  3.67586456e-06 
 1.53071749e-08  2.20075107e-06  1.53071749e-08 -3.00930392e-06 
 1.53571749e-08 -2.06256622e-06  1.53571749e-08  2.38232183e-06 
 1.54071749e-08  2.16558442e-06  1.54071749e-08 -1.74382531e-06 
 1.54571749e-08 -2.02710533e-06  1.54571749e-08  1.14396845e-06 
 1.55071749e-08  2.12981446e-06  1.55071749e-08 -5.32196973e-07 
 1.55571749e-08 -1.99114779e-06  1.55571749e-08 -4.18106995e-08 
 1.56071749e-08  2.09364947e-06  1.56071749e-08  6.28106312e-07 
 1.56571749e-08 -1.95488479e-06  1.56571749e-08 -1.17745678e-06 
 1.57071749e-08  2.05726463e-06  1.57071749e-08  1.73944407e-06 
 1.57571749e-08 -1.91847704e-06  1.57571749e-08 -2.26525290e-06 
 1.58071749e-08  2.02080709e-06  1.58071749e-08  2.80402520e-06 
 1.58571749e-08 -1.88205935e-06  1.58571749e-08 -3.30733818e-06 
 1.59071749e-08  1.98439995e-06  1.59071749e-08  3.82392098e-06 
 1.59571749e-08 -1.84574436e-06  1.59571749e-08 -4.30572028e-06 
 1.60071749e-08  1.94814607e-06  1.60071749e-08  4.80107714e-06 
 1.60571749e-08 -1.80962592e-06  1.60571749e-08 -5.26228655e-06 
 1.61071749e-08  1.91213080e-06  1.61071749e-08  5.73732424e-06 
 1.61571749e-08 -1.77378186e-06  1.61571749e-08 -6.17881411e-06 
 1.62071749e-08  1.87642482e-06  1.62071749e-08  6.63438723e-06 
 1.62571749e-08 -1.73827639e-06  1.62571749e-08 -7.05697864e-06 
 1.63071749e-08  1.84108629e-06  1.63071749e-08  7.49389386e-06 
 1.63571749e-08 -1.70316218e-06  1.63571749e-08 -7.89836255e-06 
 1.64071749e-08  1.80616261e-06  1.64071749e-08  8.31738227e-06 
 1.64571749e-08 -1.66848204e-06  1.64571749e-08 -8.70446214e-06 
 1.65071749e-08  1.77169221e-06  1.65071749e-08  9.10630782e-06 
 1.65571749e-08 -1.63427038e-06  1.65571749e-08 -9.47669401e-06 
 1.66071749e-08  1.73770574e-06  1.66071749e-08  9.86204936e-06 
 1.66571749e-08 -1.60055457e-06  1.66571749e-08 -1.02164011e-05 
 1.67071749e-08  1.70422741e-06  1.67071749e-08  1.05859147e-05 
 1.67571749e-08 -1.56735603e-06  1.67571749e-08 -1.09248579e-05 
 1.68071749e-08  1.67127590e-06  1.68071749e-08  1.12791458e-05 
 1.68571749e-08 -1.53469097e-06  1.68571749e-08 -1.16032754e-05 
 1.69071749e-08  1.63886516e-06  1.69071749e-08  1.19429232e-05 
 1.69571749e-08 -1.50257138e-06  1.69571749e-08 -1.22528053e-05 
 1.70071749e-08  1.60700521e-06  1.70071749e-08  1.25783704e-05 
 1.70571749e-08 -1.47100558e-06  1.70571749e-08 -1.28745442e-05 
 1.71071749e-08  1.57570275e-06  1.71071749e-08  1.31865576e-05 
 1.71571749e-08 -1.43999886e-06  1.71571749e-08 -1.34695369e-05 
 1.72071749e-08  1.54496170e-06  1.72071749e-08  1.37685050e-05 
 1.72571749e-08 -1.40955392e-06  1.72571749e-08 -1.40387803e-05 
 1.73071749e-08  1.51478356e-06  1.73071749e-08  1.43251864e-05 
 1.73571749e-08 -1.37967131e-06  1.73571749e-08 -1.45832261e-05 
 1.74071749e-08  1.48516793e-06  1.74071749e-08  1.48575318e-05 
 1.74571749e-08 -1.35034972e-06  1.74571749e-08 -1.51037834e-05 
 1.75071749e-08  1.45611267e-06  1.75071749e-08  1.53664301e-05 
 1.75571749e-08 -1.32158641e-06  1.75571749e-08 -1.56013217e-05 
 1.76071749e-08  1.42761435e-06  1.76071749e-08  1.58527316e-05 
 1.76571749e-08 -1.29337735e-06  1.76571749e-08 -1.60766732e-05 
 1.77071749e-08  1.39966838e-06  1.77071749e-08  1.63172505e-05 
 1.77571749e-08 -1.26571748e-06  1.77571749e-08 -1.65306345e-05 
 1.78071749e-08  1.37226923e-06  1.78071749e-08  1.67607665e-05 
 1.78571749e-08 -1.23860091e-06  1.78571749e-08 -1.69639694e-05 
 1.79071749e-08  1.34541059e-06  1.79071749e-08  1.71840274e-05 
 1.79571749e-08 -1.21202096e-06  1.79571749e-08 -1.73774101e-05 
 1.80071749e-08  1.31908551e-06  1.80071749e-08  1.75877504e-05 
 1.80571749e-08 -1.18597055e-06  1.80571749e-08 -1.77716591e-05 
 1.81071749e-08  1.29328664e-06  1.81071749e-08  1.79726236e-05 
 1.81571749e-08 -1.16044212e-06  1.81571749e-08 -1.81473912e-05 
 1.82071749e-08  1.26800618e-06  1.82071749e-08  1.83393083e-05 
 1.82571749e-08 -1.13542766e-06  1.82571749e-08 -1.85052543e-05 
 1.83071749e-08  1.24323601e-06  1.83071749e-08  1.86884396e-05 
 1.83571749e-08 -1.11091900e-06  1.83571749e-08 -1.88458713e-05 
 1.84071749e-08  1.21896782e-06  1.84071749e-08  1.90206282e-05 
 1.84571749e-08 -1.08690773e-06  1.84571749e-08 -1.91698413e-05 
 1.85071749e-08  1.19519311e-06  1.85071749e-08  1.93364617e-05 
 1.85571749e-08 -1.06338532e-06  1.85571749e-08 -1.94777404e-05 
 1.86071749e-08  1.17190326e-06  1.86071749e-08  1.96365052e-05 
 1.86571749e-08 -1.04034318e-06  1.86571749e-08 -1.97701234e-05 
 1.87071749e-08  1.14908966e-06  1.87071749e-08  1.99213032e-05 
 1.87571749e-08 -1.01777258e-06  1.87571749e-08 -2.00475245e-05 
 1.88071749e-08  1.12674355e-06  1.88071749e-08  2.01913799e-05 
 1.88571749e-08 -9.95664882e-07  1.88571749e-08 -2.03104584e-05 
 1.89071749e-08  1.10485630e-06  1.89071749e-08  2.04472403e-05 
 1.89571749e-08 -9.74011404e-07  1.89571749e-08 -2.05594209e-05 
 1.90071749e-08  1.08341922e-06  1.90071749e-08  2.06893715e-05 
 1.90571749e-08 -9.52803570e-07  1.90571749e-08 -2.07948904e-05 
 1.91071749e-08  1.06242375e-06  1.91071749e-08  2.09182430e-05 
 1.91571749e-08 -9.32032816e-07  1.91571749e-08 -2.10173279e-05 
 1.92071749e-08  1.04186135e-06  1.92071749e-08  2.11343077e-05 
 1.92571749e-08 -9.11690629e-07  1.92571749e-08 -2.12271785e-05 
 1.93071749e-08  1.02172355e-06  1.93071749e-08  2.13380027e-05 
 1.93571749e-08 -8.91768654e-07  1.93571749e-08 -2.14248715e-05 
 1.94071749e-08  1.00200203e-06  1.94071749e-08  2.15297500e-05 
 1.94571749e-08 -8.72258594e-07  1.94571749e-08 -2.16108215e-05 
 1.95071749e-08  9.82688541e-07  1.95071749e-08  2.17099567e-05 
 1.95571749e-08 -8.53152308e-07  1.95571749e-08 -2.17854288e-05 
 1.96071749e-08  9.63774993e-07  1.96071749e-08  2.18790164e-05 
 1.96571749e-08 -8.34441735e-07  1.96571749e-08 -2.19490801e-05 
 1.97071749e-08  9.45253368e-07  1.97071749e-08  2.20373091e-05 
 1.97571749e-08 -8.16118961e-07  1.97571749e-08 -2.21021490e-05 
 1.98071749e-08  9.27115810e-07  1.98071749e-08  2.21852019e-05 
 1.98571749e-08 -7.98176149e-07  1.98571749e-08 -2.22449965e-05 
 1.99071749e-08  9.09354575e-07  1.99071749e-08  2.23230499e-05 
 1.99535874e-08 -7.79933840e-07  1.99535874e-08 -2.23829196e-05 
 2.00000000e-08  8.90633123e-07  2.00000000e-08  2.24607144e-05 
 2.00050000e-08  1.30919997e-05  2.00050000e-08  1.78579469e-04 
 2.00150000e-08 -5.58972508e-06  2.00150000e-08  2.61309243e-06 
 2.00350000e-08 -6.42111624e-06  2.00350000e-08 -5.70982318e-05 
 2.00750000e-08  5.95434160e-06  2.00750000e-08 -5.26045915e-05 
 2.01250000e-08 -3.09234507e-05  2.01250000e-08 -1.21326785e-04 
 2.01625000e-08 -6.30192126e-05  2.01625000e-08 -3.03741860e-04 
 2.02000000e-08  4.54171182e-04  2.02000000e-08  2.45893572e-04 
 2.02050000e-08  2.85051582e-04  2.02050000e-08  1.26029740e-04 
 2.02150000e-08 -2.43314447e-04  2.02150000e-08  3.42013709e-04 
 2.02350000e-08 -3.02456002e-04  2.02350000e-08  8.42356949e-04 
 2.02750000e-08  1.91543375e-04  2.02750000e-08  1.14070391e-03 
 2.03174794e-08 -1.14042802e-04  2.03174794e-08 -1.88123048e-03 
 2.03623532e-08  7.70803585e-05  2.03623532e-08  4.14031494e-04 
 2.04123532e-08 -5.78325203e-05  2.04123532e-08 -2.11034935e-04 
 2.04623532e-08  4.54962401e-05  2.04623532e-08  2.51114935e-04 
 2.05123532e-08 -3.66478738e-05  2.05123532e-08 -1.33898041e-04 
 2.05623532e-08  3.03748461e-05  2.05623532e-08  8.17202794e-05 
 2.06123532e-08 -2.54018042e-05  2.06123532e-08 -2.84540854e-05 
 2.06623532e-08  2.17584219e-05  2.06623532e-08 -9.79166620e-06 
 2.07123532e-08 -1.86615246e-05  2.07123532e-08  4.01652240e-05 
 2.07623532e-08  1.63821579e-05  2.07623532e-08 -6.31162120e-05 
 2.08123532e-08 -1.43075885e-05  2.08123532e-08  8.04865557e-05 
 2.08623532e-08  1.28028795e-05  2.08623532e-08 -9.32901757e-05 
 2.09123532e-08 -1.13195078e-05  2.09123532e-08  1.02540309e-04 
 2.09623532e-08  1.02750517e-05  2.09623532e-08 -1.08892517e-04 
 2.10123532e-08 -9.15192051e-06  2.10123532e-08  1.13021213e-04 
 2.10623532e-08  8.39473453e-06  2.10623532e-08 -1.15320434e-04 
 2.11123532e-08 -7.50253284e-06  2.11123532e-08  1.16253520e-04 
 2.11623532e-08  6.93437626e-06  2.11623532e-08 -1.16050524e-04 
 2.12123532e-08 -6.19840355e-06  2.12123532e-08  1.15036538e-04 
 2.12623532e-08  5.76158202e-06  2.12623532e-08 -1.13337703e-04 
 2.13123532e-08 -5.13710011e-06  2.13123532e-08  1.11186865e-04 
 2.13623532e-08  4.79636119e-06  2.13623532e-08 -1.08643886e-04 
 2.14123532e-08 -4.25540407e-06  2.14123532e-08  1.05879362e-04 
 2.14623532e-08  3.98819220e-06  2.14623532e-08 -1.02910887e-04 
 2.15123532e-08 -3.51240974e-06  2.15123532e-08  9.98667375e-05 
 2.15623532e-08  3.30354822e-06  2.15623532e-08 -9.67377444e-05 
 2.16123532e-08 -2.88026979e-06  2.16123532e-08  9.36232682e-05 
 2.16623532e-08  2.71901474e-06  2.16623532e-08 -9.04974431e-05 
 2.17123532e-08 -2.33904811e-06  2.17123532e-08  8.74398136e-05 
 2.17623532e-08  2.21742594e-06  2.17623532e-08 -8.44143553e-05 
 2.18123532e-08 -1.87380151e-06  2.18123532e-08  8.14870078e-05 
 2.18623532e-08  1.78564930e-06  2.18623532e-08 -7.86158233e-05 
 2.19123532e-08 -1.47288495e-06  2.19123532e-08  7.58573935e-05 
 2.19623532e-08  1.41328055e-06  2.19623532e-08 -7.31665680e-05 
 2.20123532e-08 -1.12693812e-06  2.20123532e-08  7.05935168e-05 
 2.20623532e-08  1.09185040e-06  2.20623532e-08 -6.80916107e-05 
 2.21123532e-08 -8.28258145e-07  2.21123532e-08  6.57066130e-05 
 2.21623532e-08  8.14323681e-07  2.21623532e-08 -6.33914849e-05 
 2.22123532e-08 -5.70395493e-07  2.22123532e-08  6.11889713e-05 
 2.22623532e-08  5.74770060e-07  2.22623532e-08 -5.90522637e-05 
 2.23123532e-08 -3.47882343e-07  2.23123532e-08  5.70220458e-05 
 2.23623532e-08  3.68137527e-07  2.23623532e-08 -5.50521011e-05 
 2.24123532e-08 -1.56041990e-07  2.24123532e-08  5.31817112e-05 
 2.24623532e-08  1.90090443e-07  2.24623532e-08 -5.13654336e-05 
 2.25123532e-08  9.15069822e-09  2.25123532e-08  4.96416020e-05 
 2.25623532e-08  3.68881101e-08  2.25623532e-08 -4.79656176e-05 
 2.26123532e-08  1.51175320e-07  2.26123532e-08  4.63751771e-05 
 2.26623532e-08 -9.47083839e-08  2.26623532e-08 -4.48265266e-05 
 2.27123532e-08  2.73048926e-07  2.27123532e-08  4.33569388e-05 
 2.27623532e-08 -2.07510706e-07  2.27623532e-08 -4.19234651e-05 
 2.28123532e-08  3.77393016e-07  2.28123532e-08  4.05631002e-05 
 2.28623532e-08 -3.03963799e-07  2.28623532e-08 -3.92336391e-05 
 2.29123532e-08  4.66488601e-07  2.29123532e-08  3.79718970e-05 
 2.29623532e-08 -3.86196070e-07  2.29623532e-08 -3.67363420e-05 
 2.30123532e-08  5.42322093e-07  2.30123532e-08  3.55636768e-05 
 2.30623532e-08 -4.56061575e-07  2.30623532e-08 -3.44129686e-05 
 2.31123532e-08  6.06624323e-07  2.31123532e-08  3.33208526e-05 
 2.31623532e-08 -5.15176085e-07  2.31623532e-08 -3.22469238e-05 
 2.32123532e-08  6.60903698e-07  2.32123532e-08  3.12277800e-05 
 2.32623532e-08 -5.64947830e-07  2.32623532e-08 -3.02234770e-05 
 2.33123532e-08  7.06475046e-07  2.33123532e-08  2.92705950e-05 
 2.33623532e-08 -6.06604306e-07  2.33623532e-08 -2.83295898e-05 
 2.34123532e-08  7.44484235e-07  2.34123532e-08  2.74370371e-05 
 2.34623532e-08 -6.41215084e-07  2.34623532e-08 -2.65537375e-05 
 2.35123532e-08  7.75929621e-07  2.35123532e-08  2.57162712e-05 
 2.35623532e-08 -6.69711985e-07  2.35623532e-08 -2.48857349e-05 
 2.36123532e-08  8.01680951e-07  2.36123532e-08  2.40987190e-05 
 2.36623532e-08 -6.92906680e-07  2.36623532e-08 -2.33165735e-05 
 2.37123532e-08  8.22495603e-07  2.37123532e-08  2.25759026e-05 
 2.37623532e-08 -7.11505903e-07  2.37623532e-08 -2.18382727e-05 
 2.38123532e-08  8.39033023e-07  2.38123532e-08  2.11403041e-05 
 2.38623532e-08 -7.26124769e-07  2.38623532e-08 -2.04437472e-05 
 2.39123532e-08  8.51866939e-07  2.39123532e-08  1.97852400e-05 
 2.39623532e-08 -7.37298506e-07  2.39623532e-08 -1.91266893e-05 
 2.40123532e-08  8.61496635e-07  2.40123532e-08  1.85047516e-05 
 2.40623532e-08 -7.45492659e-07  2.40623532e-08 -1.78814663e-05 
 2.41123532e-08  8.68356195e-07  2.41123532e-08  1.72935091e-05 
 2.41623532e-08 -7.51112023e-07  2.41623532e-08 -1.67030315e-05 
 2.42123532e-08  8.72823035e-07  2.42123532e-08  1.61467287e-05 
 2.42623532e-08 -7.54508468e-07  2.42623532e-08 -1.55868468e-05 
 2.43123532e-08  8.75225214e-07  2.43123532e-08  1.50601009e-05 
 2.43623532e-08 -7.55987769e-07  2.43623532e-08 -1.45288167e-05 
 2.44123532e-08  8.75847767e-07  2.44123532e-08  1.40297295e-05 
 2.44623532e-08 -7.55815645e-07  2.44623532e-08 -1.35252317e-05 
 2.45123532e-08  8.74938323e-07  2.45123532e-08  1.30520786e-05 
 2.45623532e-08 -7.54222816e-07  2.45623532e-08 -1.25727188e-05 
 2.46123532e-08  8.72711862e-07  2.46123532e-08  1.21239276e-05 
 2.46623532e-08 -7.51409602e-07  2.46623532e-08 -1.16682006e-05 
 2.47123532e-08  8.69355085e-07  2.47123532e-08  1.12423329e-05 
 2.47623532e-08 -7.47550047e-07  2.47623532e-08 -1.08088592e-05 
 2.48123532e-08  8.65030199e-07  2.48123532e-08  1.04045943e-05 
 2.48623532e-08 -7.42795228e-07  2.48623532e-08 -9.99210566e-06 
 2.49123532e-08  8.59877892e-07  2.49123532e-08  9.60822750e-06 
 2.49623532e-08 -7.37276241e-07  2.49623532e-08 -9.21555407e-06 
 2.50123532e-08  8.54020369e-07  2.50123532e-08  8.85093895e-06 
 2.50623532e-08 -7.31106954e-07  2.50623532e-08 -8.47699869e-06 
 2.51123532e-08  8.47563698e-07  2.51123532e-08  8.13060569e-06 
 2.51623532e-08 -7.24386175e-07  2.51623532e-08 -7.77439483e-06 
 2.52123532e-08  8.40599939e-07  2.52123532e-08  7.44525698e-06 
 2.52623532e-08 -7.17199682e-07  2.52623532e-08 -7.10584203e-06 
 2.53123532e-08  8.33209046e-07  2.53123532e-08  6.79305890e-06 
 2.53623532e-08 -7.09621987e-07  2.53623532e-08 -6.46956971e-06 
 2.54123532e-08  8.25460392e-07  2.54123532e-08  6.17230092e-06 
 2.54623532e-08 -7.01717703e-07  2.54623532e-08 -5.86392459e-06 
 2.55123532e-08  8.17414256e-07  2.55123532e-08  5.58138422e-06 
 2.55623532e-08 -6.93543075e-07  2.55623532e-08 -5.28735978e-06 
 2.56123532e-08  8.09123003e-07  2.56123532e-08  5.01881136e-06 
 2.56623532e-08 -6.85146811e-07  2.56623532e-08 -4.73842523e-06 
 2.57123532e-08  8.00632070e-07  2.57123532e-08  4.48317750e-06 
 2.57623532e-08 -6.76571328e-07  2.57623532e-08 -4.21575940e-06 
 2.58123532e-08  7.91980980e-07  2.58123532e-08  3.97316247e-06 
 2.58623532e-08 -6.67853456e-07  2.58623532e-08 -3.71808179e-06 
 2.59123532e-08  7.83204047e-07  2.59123532e-08  3.48752381e-06 
 2.59623532e-08 -6.59025197e-07  2.59623532e-08 -3.24418655e-06 
 2.60123532e-08  7.74331166e-07  2.60123532e-08  3.02509075e-06 
 2.60623532e-08 -6.50114402e-07  2.60623532e-08 -2.79293661e-06 
 2.61123532e-08  7.65388234e-07  2.61123532e-08  2.58475858e-06 
 2.61623532e-08 -6.41145227e-07  2.61623532e-08 -2.36325848e-06 
 2.62123532e-08  7.56397860e-07  2.62123532e-08  2.16548390e-06 
 2.62623532e-08 -6.32138767e-07  2.62623532e-08 -1.95413774e-06 
 2.63123532e-08  7.47379659e-07  2.63123532e-08  1.76628012e-06 
 2.63623532e-08 -6.23113333e-07  2.63623532e-08 -1.56461471e-06 
 2.64123532e-08  7.38350744e-07  2.64123532e-08  1.38621359e-06 
 2.64623532e-08 -6.14084898e-07  2.64623532e-08 -1.19378085e-06 
 2.65123532e-08  7.29325994e-07  2.65123532e-08  1.02439998e-06 
 2.65623532e-08 -6.05067276e-07  2.65623532e-08 -8.40775284e-07 
 2.66123532e-08  7.20318342e-07  2.66123532e-08  6.80001078e-07 
 2.66623532e-08 -5.96072617e-07  2.66623532e-08 -5.04781717e-07 
 2.67123532e-08  7.11339087e-07  2.67123532e-08  3.52221763e-07 
 2.67623532e-08 -5.87111438e-07  2.67623532e-08 -1.85025550e-07 
 2.68123532e-08  7.02398066e-07  2.68123532e-08  4.03073868e-08 
 2.68623532e-08 -5.78192893e-07  2.68623532e-08  1.19228554e-07 
 2.69123532e-08  6.93503797e-07  2.69123532e-08 -2.56458770e-07 
 2.69623532e-08 -5.69324952e-07  2.69623532e-08  4.08679243e-07 
 2.70123532e-08  6.84663713e-07  2.70123532e-08 -5.38757757e-07 
 2.70623532e-08 -5.60514537e-07  2.70623532e-08  6.83990478e-07 
 2.71123532e-08  6.75884307e-07  2.71123532e-08 -8.07237015e-07 
 2.71623532e-08 -5.51767734e-07  2.71623532e-08  9.45793685e-07 
 2.72123532e-08  6.67171227e-07  2.72123532e-08 -1.06251237e-06 
 2.72623532e-08 -5.43089768e-07  2.72623532e-08  1.19468956e-06 
 2.73123532e-08  6.58529334e-07  2.73123532e-08 -1.30516986e-06 
 2.73623532e-08 -5.34485185e-07  2.73623532e-08  1.43124987e-06 
 2.74123532e-08  6.49962868e-07  2.74123532e-08 -1.53576734e-06 
 2.74623532e-08 -5.25957915e-07  2.74623532e-08  1.65601894e-06 
 2.75123532e-08  6.41475492e-07  2.75123532e-08 -1.75483601e-06 
 2.75623532e-08 -5.17511405e-07  2.75623532e-08  1.86951524e-06 
 2.76123532e-08  6.33070419e-07  2.76123532e-08 -1.96288201e-06 
 2.76623532e-08 -5.09148577e-07  2.76623532e-08  2.07223288e-06 
 2.77123532e-08  6.24750342e-07  2.77123532e-08 -2.16038762e-06 
 2.77623532e-08 -5.00871997e-07  2.77623532e-08  2.26464270e-06 
 2.78123532e-08  6.16517634e-07  2.78123532e-08 -2.34781261e-06 
 2.78623532e-08 -4.92683803e-07  2.78623532e-08  2.44719365e-06 
 2.79123532e-08  6.08374273e-07  2.79123532e-08 -2.52559542e-06 
 2.79623532e-08 -4.84585852e-07  2.79623532e-08  2.62031393e-06 
 2.80123532e-08  6.00321960e-07  2.80123532e-08 -2.69415425e-06 
 2.80623532e-08 -4.76579691e-07  2.80623532e-08  2.78441205e-06 
 2.81123532e-08  5.92362169e-07  2.81123532e-08 -2.85388812e-06 
 2.81623532e-08 -4.68666651e-07  2.81623532e-08  2.93987775e-06 
 2.82123532e-08  5.84496020e-07  2.82123532e-08 -3.00517783e-06 
 2.82623532e-08 -4.60847811e-07  2.82623532e-08  3.08708314e-06 
 2.83123532e-08  5.76724547e-07  2.83123532e-08 -3.14838693e-06 
 2.83623532e-08 -4.53124028e-07  2.83623532e-08  3.22638346e-06 
 2.84123532e-08  5.69048547e-07  2.84123532e-08 -3.28386256e-06 
 2.84623532e-08 -4.45496052e-07  2.84623532e-08  3.35811791e-06 
 2.85123532e-08  5.61468608e-07  2.85123532e-08 -3.41193627e-06 
 2.85623532e-08 -4.37964407e-07  2.85623532e-08  3.48261058e-06 
 2.86123532e-08  5.53985233e-07  2.86123532e-08 -3.53292473e-06 
 2.86623532e-08 -4.30529488e-07  2.86623532e-08  3.60017102e-06 
 2.87123532e-08  5.46598734e-07  2.87123532e-08 -3.64713064e-06 
 2.87623532e-08 -4.23191576e-07  2.87623532e-08  3.71109513e-06 
 2.88123532e-08  5.39309347e-07  2.88123532e-08 -3.75484324e-06 
 2.88623532e-08 -4.15950839e-07  2.88623532e-08  3.81566566e-06 
 2.89123532e-08  5.32117155e-07  2.89123532e-08 -3.85633900e-06 
 2.89623532e-08 -4.08807296e-07  2.89623532e-08  3.91415305e-06 
 2.90123532e-08  5.25022165e-07  2.90123532e-08 -3.95188231e-06 
 2.90623532e-08 -4.01760921e-07  2.90623532e-08  4.00681576e-06 
 2.91123532e-08  5.18024275e-07  2.91123532e-08 -4.04172604e-06 
 2.91623532e-08 -3.94811610e-07  2.91623532e-08  4.09390111e-06 
 2.92123532e-08  5.11123397e-07  2.92123532e-08 -4.12611195e-06 
 2.92623532e-08 -3.87959156e-07  2.92623532e-08  4.17564558e-06 
 2.93123532e-08  5.04319199e-07  2.93123532e-08 -4.20527145e-06 
 2.93623532e-08 -3.81203224e-07  2.93623532e-08  4.25227553e-06 
 2.94123532e-08  4.97611389e-07  2.94123532e-08 -4.27942591e-06 
 2.94623532e-08 -3.74543544e-07  2.94623532e-08  4.32400750e-06 
 2.95123532e-08  4.90999632e-07  2.95123532e-08 -4.34878718e-06 
 2.95623532e-08 -3.67979704e-07  2.95623532e-08  4.39104881e-06 
 2.96123532e-08  4.84483516e-07  2.96123532e-08 -4.41355810e-06 
 2.96623532e-08 -3.61511232e-07  2.96623532e-08  4.45359786e-06 
 2.97123532e-08  4.78062496e-07  2.97123532e-08 -4.47393281e-06 
 2.97623532e-08 -3.55137627e-07  2.97623532e-08  4.51184463e-06 
 2.98123532e-08  4.71736098e-07  2.98123532e-08 -4.53009722e-06 
 2.98623532e-08 -3.48858360e-07  2.98623532e-08  4.56597112e-06 
 2.99123532e-08  4.65503733e-07  2.99123532e-08 -4.58222942e-06 
 2.99561766e-08 -3.42240451e-07  2.99561766e-08  4.61954397e-06 
 3.00000000e-08  4.58507063e-07  3.00000000e-08 -4.63700323e-06 
 3.00050000e-08 -6.85454545e-06  3.00050000e-08 -6.16811419e-05 
 3.00150000e-08  6.54698885e-06  3.00150000e-08  1.69807446e-05 
 3.00350000e-08  3.23177005e-07  3.00350000e-08  1.50175864e-05 
 3.00750000e-08 -2.07785365e-06  3.00750000e-08  9.18950503e-06 
 3.01250000e-08  1.67704163e-05  3.01250000e-08  1.21108158e-04 
 3.01625000e-08  5.27268520e-06  3.01625000e-08  1.16009716e-04 
 3.02000000e-08 -2.33340394e-04  3.02000000e-08 -1.23733503e-04 
 3.02050000e-08 -2.23287318e-04  3.02050000e-08 -3.18366846e-04 
 3.02150000e-08  5.91343257e-05  3.02150000e-08 -6.72449784e-04 
 3.02350000e-08  4.15679921e-04  3.02350000e-08 -9.30167733e-04 
 3.02717495e-08 -2.89022319e-04  3.02717495e-08  1.34779804e-05 
 3.03128340e-08  1.56905047e-04  3.03128340e-08  8.94805546e-04 
 3.03572603e-08 -7.65510792e-05  3.03572603e-08  8.08465956e-05 
 3.04072603e-08  3.14743207e-05  3.04072603e-08 -2.19846707e-04 
 3.04572603e-08 -1.21033152e-06  3.04572603e-08  8.30116666e-05 
 3.05072603e-08 -1.89672268e-05  3.05072603e-08 -1.44486428e-04 
 3.05572603e-08  3.27122529e-05  3.05572603e-08  1.46136273e-04 
 3.06072603e-08 -4.15948245e-05  3.06072603e-08 -1.64626361e-04 
 3.06572603e-08  4.73588172e-05  3.06572603e-08  1.74476279e-04 
 3.07072603e-08 -5.04812946e-05  3.07072603e-08 -1.83337496e-04 
 3.07572603e-08  5.20684068e-05  3.07572603e-08  1.89237135e-04 
 3.08072603e-08 -5.21042672e-05  3.08072603e-08 -1.93135275e-04 
 3.08572603e-08  5.14770833e-05  3.08572603e-08  1.95258777e-04 
 3.09072603e-08 -4.99290521e-05  3.09072603e-08 -1.95837513e-04 
 3.09572603e-08  4.81657115e-05  3.09572603e-08  1.95179448e-04 
 3.10072603e-08 -4.58570859e-05  3.10072603e-08 -1.93476797e-04 
 3.10572603e-08  4.35983426e-05  3.10572603e-08  1.90972941e-04 
 3.11072603e-08 -4.09987470e-05  3.11072603e-08 -1.87740006e-04 
 3.11572603e-08  3.85990247e-05  3.11572603e-08  1.84024763e-04 
 3.12072603e-08 -3.59752221e-05  3.12072603e-08 -1.79847556e-04 
 3.12572603e-08  3.36330770e-05  3.12572603e-08  1.75403894e-04 
 3.13072603e-08 -3.11283853e-05  3.13072603e-08 -1.70691826e-04 
 3.13572603e-08  2.89478723e-05  3.13572603e-08  1.65867021e-04 
 3.14072603e-08 -2.66337907e-05  3.14072603e-08 -1.60910327e-04 
 3.14572603e-08  2.46630358e-05  3.14572603e-08  1.55947129e-04 
 3.15072603e-08 -2.25687948e-05  3.15072603e-08 -1.50946375e-04 
 3.15572603e-08  2.08233023e-05  3.15572603e-08  1.46010159e-04 
 3.16072603e-08 -1.89537174e-05  3.16072603e-08 -1.41099628e-04 
 3.16572603e-08  1.74304665e-05  3.16572603e-08  1.36299087e-04 
 3.17072603e-08 -1.57767577e-05  3.17072603e-08 -1.31564846e-04 
 3.17572603e-08  1.44627356e-05  3.17572603e-08  1.26967736e-04 
 3.18072603e-08 -1.30090791e-05  3.18072603e-08 -1.22461307e-04 
 3.18572603e-08  1.18864242e-05  3.18572603e-08  1.18106268e-04 
 3.19072603e-08 -1.06138895e-05  3.19072603e-08 -1.13854843e-04 
 3.19572603e-08  9.66295254e-06  3.19572603e-08  1.09760198e-04 
 3.20072603e-08 -8.55182708e-06  3.20072603e-08 -1.05774179e-04 
 3.20572603e-08  7.75295034e-06  3.20572603e-08  1.01944385e-04 
 3.21072603e-08 -6.78406767e-06  3.21072603e-08 -9.82228954e-05 
 3.21572603e-08  6.11857177e-06  3.21572603e-08  9.46532397e-05 
 3.22072603e-08 -5.27402511e-06  3.22072603e-08 -9.11881013e-05 
 3.22572603e-08  4.72471090e-06  3.22572603e-08  8.78680693e-05 
 3.23072603e-08 -3.98819063e-06  3.23072603e-08 -8.46466362e-05 
 3.23572603e-08  3.53954690e-06  3.23572603e-08  8.15622984e-05 
 3.24072603e-08 -2.89645139e-06  3.24072603e-08 -7.85694482e-05 
 3.24572603e-08  2.53468795e-06  3.24572603e-08  7.57051221e-05 
 3.25072603e-08 -1.97210200e-06  3.25072603e-08 -7.29246279e-05 
 3.25572603e-08  1.68508345e-06  3.25572603e-08  7.02640120e-05 
 3.26072603e-08 -1.19168354e-06  3.26072603e-08 -6.76794652e-05 
 3.26572603e-08  9.68810539e-07  3.26572603e-08  6.52063905e-05 
 3.27072603e-08 -5.34732879e-07  3.27072603e-08 -6.28018011e-05 
 3.27572603e-08  3.66799199e-07  3.27572603e-08  6.05007099e-05 
 3.28072603e-08  1.65063976e-08  3.28072603e-08 -5.82608767e-05 
 3.28572603e-08 -1.37463223e-07  3.28572603e-08  5.61171085e-05 
 3.29072603e-08  4.77380664e-07  3.29072603e-08 -5.40278293e-05 
 3.29572603e-08 -5.58224966e-07  3.29572603e-08  5.20277723e-05 
 3.30072603e-08  8.61112661e-07  3.30072603e-08 -5.00759429e-05 
 3.30572603e-08 -9.07747335e-07  3.30572603e-08  4.82070940e-05 
 3.31072603e-08  1.17906845e-06  3.31072603e-08 -4.63807329e-05 
 3.31572603e-08 -1.19655976e-06  3.31572603e-08  4.46316976e-05 
 3.32072603e-08  1.44099994e-06  3.32072603e-08 -4.29199227e-05 
 3.32572603e-08 -1.43368935e-06  3.32572603e-08  4.12803753e-05 
 3.33072603e-08  1.65526191e-06  3.33072603e-08 -3.96733501e-05 
 3.33572603e-08 -1.62686531e-06  3.33572603e-08  3.81339718e-05 
 3.34072603e-08  1.82900391e-06  3.34072603e-08 -3.66228345e-05 
 3.34572603e-08 -1.78269863e-06  3.34572603e-08  3.51752382e-05 
 3.35072603e-08  1.96833842e-06  3.35072603e-08 -3.37520226e-05 
 3.35572603e-08 -1.90683925e-06  3.35572603e-08  3.23886727e-05 
 3.36072603e-08  2.07848736e-06  3.36072603e-08 -3.10462270e-05 
 3.36572603e-08 -2.00411225e-06  3.36572603e-08  2.97603589e-05 
 3.37072603e-08  2.16390907e-06  3.37072603e-08 -2.84922655e-05 
 3.37572603e-08 -2.07863627e-06  3.37572603e-08  2.72778082e-05 
 3.38072603e-08  2.22840811e-06  3.38072603e-08 -2.60783076e-05 
 3.38572603e-08 -2.13392496e-06  3.38572603e-08  2.49298100e-05 
 3.39072603e-08  2.27522945e-06  3.39072603e-08 -2.37937302e-05 
 3.39572603e-08 -2.17297478e-06  3.39572603e-08  2.27062941e-05 
 3.40072603e-08  2.30713985e-06  3.40072603e-08 -2.16289857e-05 
 3.40572603e-08 -2.19833997e-06  3.40572603e-08  2.05982040e-05 
 3.41072603e-08  2.32649745e-06  3.41072603e-08 -1.95754812e-05 
 3.41572603e-08 -2.21219731e-06  3.41572603e-08  1.85973825e-05 
 3.42072603e-08  2.33531142e-06  3.42072603e-08 -1.76254709e-05 
 3.42572603e-08 -2.21640099e-06  3.42572603e-08  1.66964699e-05 
 3.43072603e-08  2.33529289e-06  3.43072603e-08 -1.57719591e-05 
 3.43572603e-08 -2.21252995e-06  3.43572603e-08  1.48888126e-05 
 3.44072603e-08  2.32789878e-06  3.44072603e-08 -1.40086149e-05 
 3.44572603e-08 -2.20192828e-06  3.44572603e-08  1.31683827e-05 
 3.45072603e-08  2.31436896e-06  3.45072603e-08 -1.23296960e-05 
 3.45572603e-08 -2.18573963e-06  3.45572603e-08  1.15297064e-05 
 3.46072603e-08  2.29575825e-06  3.46072603e-08 -1.07299820e-05 
 3.46572603e-08 -2.16493664e-06  3.46572603e-08  9.96780160e-06 
 3.47072603e-08  2.27296345e-06  3.47072603e-08 -9.20471559e-06 
 3.47572603e-08 -2.14034615e-06  3.47572603e-08  8.47812266e-06 
 3.48072603e-08  2.24674676e-06  3.48072603e-08 -7.74955102e-06 
 3.48572603e-08 -2.11267057e-06  3.48572603e-08  7.05651213e-06 
 3.49072603e-08  2.21775545e-06  3.49072603e-08 -6.36050875e-06 
 3.49572603e-08 -2.08250630e-06  3.49572603e-08  5.69915821e-06 
 3.50072603e-08  2.18653888e-06  3.50072603e-08 -5.03393559e-06 
 3.50572603e-08 -2.05035919e-06  3.50572603e-08  4.40255757e-06 
 3.51072603e-08  2.15356281e-06  3.51072603e-08 -3.76647004e-06 
 3.51572603e-08 -2.01665806e-06  3.51572603e-08  3.16348272e-06 
 3.52072603e-08  2.11922190e-06  3.52072603e-08 -2.55501155e-06 
 3.52572603e-08 -1.98176591e-06  3.52572603e-08  1.97895325e-06 
 3.53072603e-08  2.08384995e-06  3.53072603e-08 -1.39669367e-06 
 3.53572603e-08 -1.94598969e-06  3.53572603e-08  8.46210793e-07 
 3.54072603e-08  2.04772913e-06  3.54072603e-08 -2.88860456e-07 
 3.54572603e-08 -1.90958864e-06  3.54572603e-08 -2.37303430e-07 
 3.55072603e-08  2.01109745e-06  3.55072603e-08  7.70954373e-07 
 3.55572603e-08 -1.87278119e-06  3.55572603e-08 -1.27396783e-06 
 3.56072603e-08  1.97415532e-06  3.56072603e-08  1.78504578e-06 
 3.56572603e-08 -1.83575110e-06  3.56572603e-08 -2.26599793e-06 
 3.57072603e-08  1.93707115e-06  3.57072603e-08  2.75555362e-06 
 3.57572603e-08 -1.79865261e-06  3.57572603e-08 -3.21546152e-06 
 3.58072603e-08  1.89998604e-06  3.58072603e-08  3.68447701e-06 
 3.58572603e-08 -1.76161475e-06  3.58572603e-08 -4.12429219e-06 
 3.59072603e-08  1.86301791e-06  3.59072603e-08  4.57368707e-06 
 3.59572603e-08 -1.72474511e-06  3.59572603e-08 -4.99430135e-06 
 3.60072603e-08  1.82626484e-06  3.60072603e-08  5.42493815e-06 
 3.60572603e-08 -1.68813306e-06  3.60572603e-08 -5.82718886e-06 
 3.61072603e-08  1.78980812e-06  3.61072603e-08  6.23987803e-06 
 3.61572603e-08 -1.65185242e-06  3.61572603e-08 -6.62455258e-06 
 3.62072603e-08  1.75371468e-06  3.62072603e-08  7.02005684e-06 
 3.62572603e-08 -1.61596379e-06  3.62572603e-08 -7.38789683e-06 
 3.63072603e-08  1.71803932e-06  3.63072603e-08  7.76693506e-06 
 3.63572603e-08 -1.58051662e-06  3.63572603e-08 -8.11864010e-06 
 3.64072603e-08  1.68282652e-06  3.64072603e-08  8.48189086e-06 
 3.64572603e-08 -1.54555077e-06  3.64572603e-08 -8.81812170e-06 
 3.65072603e-08  1.64811187e-06  3.65072603e-08  9.16622639e-06 
 3.65572603e-08 -1.51109799e-06  3.65572603e-08 -9.48760814e-06 
 3.66072603e-08  1.61392362e-06  3.66072603e-08  9.82117381e-06 
 3.66572603e-08 -1.47718322e-06  3.66572603e-08 -1.01282985e-05 
 3.67072603e-08  1.58028367e-06  3.67072603e-08  1.04479004e-05 
 3.67572603e-08 -1.44382562e-06  3.67572603e-08 -1.07413294e-05 
 3.68072603e-08  1.54720859e-06  3.68072603e-08  1.10475135e-05 
 3.68572603e-08 -1.41103933e-06  3.68572603e-08 -1.13277796e-05 
 3.69072603e-08  1.51471036e-06  3.69072603e-08  1.16210644e-05 
 3.69572603e-08 -1.37883443e-06  3.69572603e-08 -1.18886743e-05 
 3.70072603e-08  1.48279724e-06  3.70072603e-08  1.21695529e-05 
 3.70572603e-08 -1.34721745e-06  3.70572603e-08 -1.24249885e-05 
 3.71072603e-08  1.45147424e-06  3.71072603e-08  1.26939302e-05 
 3.71572603e-08 -1.31619202e-06  3.71572603e-08 -1.29376506e-05 
 3.72072603e-08  1.42074365e-06  3.72072603e-08  1.31951027e-05 
 3.72572603e-08 -1.28575923e-06  3.72572603e-08 -1.34275455e-05 
 3.73072603e-08  1.39060553e-06  3.73072603e-08  1.36739346e-05 
 3.73572603e-08 -1.25591819e-06  3.73572603e-08 -1.38955173e-05 
 3.74072603e-08  1.36105807e-06  3.74072603e-08  1.41312507e-05 
 3.74572603e-08 -1.22666621e-06  3.74572603e-08 -1.43423722e-05 
 3.75072603e-08  1.33209781e-06  3.75072603e-08  1.45678390e-05 
 3.75572603e-08 -1.19799922e-06  3.75572603e-08 -1.47688804e-05 
 3.76072603e-08  1.30372005e-06  3.76072603e-08  1.49844527e-05 
 3.76572603e-08 -1.16991189e-06  3.76572603e-08 -1.51757787e-05 
 3.77072603e-08  1.27591899e-06  3.77072603e-08  1.53818126e-05 
 3.77572603e-08 -1.14239799e-06  3.77572603e-08 -1.55637724e-05 
 3.78072603e-08  1.24868798e-06  3.78072603e-08  1.57606090e-05 
 3.78572603e-08 -1.11545051e-06  3.78572603e-08 -1.59335369e-05 
 3.79072603e-08  1.22201962e-06  3.79072603e-08  1.61215030e-05 
 3.79572603e-08 -1.08906175e-06  3.79572603e-08 -1.62857198e-05 
 3.80072603e-08  1.19590601e-06  3.80072603e-08  1.64651289e-05 
 3.80572603e-08 -1.06322354e-06  3.80572603e-08 -1.66209421e-05 
 3.81072603e-08  1.17033868e-06  3.81072603e-08  1.67920952e-05 
 3.81572603e-08 -1.03792724e-06  3.81572603e-08 -1.69398001e-05 
 3.82072603e-08  1.14530891e-06  3.82072603e-08  1.71029859e-05 
 3.82572603e-08 -1.01316400e-06  3.82572603e-08 -1.72428662e-05 
 3.83072603e-08  1.12080771e-06  3.83072603e-08  1.73983624e-05 
 3.83572603e-08 -9.88924715e-07  3.83572603e-08 -1.75306906e-05 
 3.84072603e-08  1.09682586e-06  3.84072603e-08  1.76787639e-05 
 3.84572603e-08 -9.65200121e-07  3.84572603e-08 -1.78038023e-05 
 3.85072603e-08  1.07335404e-06  3.85072603e-08  1.79447094e-05 
 3.85572603e-08 -9.41980816e-07  3.85572603e-08 -1.80627100e-05 
 3.86072603e-08  1.05038283e-06  3.86072603e-08  1.81966981e-05 
 3.86572603e-08 -9.19257376e-07  3.86572603e-08 -1.83079036e-05 
 3.87072603e-08  1.02790280e-06  3.87072603e-08  1.84352104e-05 
 3.87572603e-08 -8.97020390e-07  3.87572603e-08 -1.85398546e-05 
 3.88072603e-08  1.00590450e-06  3.88072603e-08  1.86607091e-05 
 3.88572603e-08 -8.75260364e-07  3.88572603e-08 -1.87590173e-05 
 3.89072603e-08  9.84378513e-07  3.89072603e-08  1.88736404e-05 
 3.89572603e-08 -8.53967971e-07  3.89572603e-08 -1.89658295e-05 
 3.90072603e-08  9.63315505e-07  3.90072603e-08  1.90744340e-05 
 3.90572603e-08 -8.33133906e-07  3.90572603e-08 -1.91607133e-05 
 3.91072603e-08  9.42706234e-07  3.91072603e-08  1.92635044e-05 
 3.91572603e-08 -8.12748924e-07  3.91572603e-08 -1.93440758e-05 
 3.92072603e-08  9.22541484e-07  3.92072603e-08  1.94412516e-05 
 3.92572603e-08 -7.92803919e-07  3.92572603e-08 -1.95163099e-05 
 3.93072603e-08  9.02812210e-07  3.93072603e-08  1.96080615e-05 
 3.93572603e-08 -7.73289860e-07  3.93572603e-08 -1.96777946e-05 
 3.94072603e-08  8.83509462e-07  3.94072603e-08  1.97643066e-05 
 3.94572603e-08 -7.54197931e-07  3.94572603e-08 -1.98288962e-05 
 3.95072603e-08  8.64624445e-07  3.95072603e-08  1.99103467e-05 
 3.95572603e-08 -7.35519304e-07  3.95572603e-08 -1.99699680e-05 
 3.96072603e-08  8.46148466e-07  3.96072603e-08  2.00465292e-05 
 3.96572603e-08 -7.17245463e-07  3.96572603e-08 -2.01013516e-05 
 3.97072603e-08  8.28073028e-07  3.97072603e-08  2.01731899e-05 
 3.97572603e-08 -6.99367904e-07  3.97572603e-08 -2.02233771e-05 
 3.98072603e-08  8.10389729e-07  3.98072603e-08  2.02906533e-05 
 3.98572603e-08 -6.81878355e-07  3.98572603e-08 -2.03363635e-05 
 3.99072603e-08  7.93090327e-07  3.99072603e-08  2.03992330e-05 
 3.99536301e-08 -6.64106442e-07  3.99536301e-08 -2.04445279e-05 
 4.00000000e-08  7.74857471e-07  4.00000000e-08  2.05067083e-05 
 4.00050000e-08  1.30899399e-05  4.00050000e-08  1.78418970e-04 
 4.00150000e-08 -5.58844635e-06  4.00150000e-08  2.67487269e-06 
 4.00350000e-08 -6.42148492e-06  4.00350000e-08 -5.70325794e-05 
 4.00750000e-08  5.95436610e-06  4.00750000e-08 -5.26073208e-05 
 4.01250000e-08 -3.09197616e-05  4.01250000e-08 -1.21225257e-04 
 4.01625000e-08 -6.30146216e-05  4.01625000e-08 -3.03067956e-04 
 4.02000000e-08  4.53857367e-04  4.02000000e-08  2.43727503e-04 
 4.02050000e-08  2.84705455e-04  4.02050000e-08  1.23802649e-04 
 4.02150000e-08 -2.43479479e-04  4.02150000e-08  3.43026631e-04 
 4.02350000e-08 -3.02002216e-04  4.02350000e-08  8.43240723e-04 
 4.02750000e-08  1.91463138e-04  4.02750000e-08  1.14064961e-03 
 4.03174783e-08 -1.14025108e-04  4.03174783e-08 -1.88122787e-03 
 4.03623512e-08  7.70785225e-05  4.03623512e-08  4.13768494e-04 
 4.04123512e-08 -5.78371896e-05  4.04123512e-08 -2.10901064e-04 
 4.04623512e-08  4.55047306e-05  4.04623512e-08  2.50954248e-04 
 4.05123512e-08 -3.66588754e-05  4.05123512e-08 -1.33759275e-04 
 4.05623512e-08  3.03875240e-05  4.05623512e-08  8.15912252e-05 
 4.06123512e-08 -2.54155637e-05  4.06123512e-08 -2.83380079e-05 
 4.06623512e-08  2.17728204e-05  4.06623512e-08 -9.89596974e-06 
 4.07123512e-08 -1.86762315e-05  4.07123512e-08  4.02581518e-05 
 4.07623512e-08  1.63969264e-05  4.07623512e-08 -6.31985086e-05 
 4.08123512e-08 -1.43222376e-05  4.08123512e-08  8.05590374e-05 
 4.08623512e-08  1.28172737e-05  4.08623512e-08 -9.33536548e-05 
 4.09123512e-08 -1.13335507e-05  4.09123512e-08  1.02595622e-04 
 4.09623512e-08  1.02886716e-05  4.09623512e-08 -1.08940436e-04 
 4.10123512e-08 -9.16506871e-06  4.10123512e-08  1.13062505e-04 
 4.10623512e-08  8.40737597e-06  4.10623512e-08 -1.15355778e-04 
 4.11123512e-08 -7.51464658e-06  4.11123512e-08  1.16283568e-04 
 4.11623512e-08  6.94594906e-06  4.11623512e-08 -1.16075846e-04 
 4.12123512e-08 -6.20943111e-06  4.12123512e-08  1.15057666e-04 
 4.12623512e-08  5.77206441e-06  4.12623512e-08 -1.13355096e-04 
 4.13123512e-08 -5.14704337e-06  4.13123512e-08  1.11200950e-04 
 4.13623512e-08  4.80577372e-06  4.13623512e-08 -1.08655026e-04 
 4.14123512e-08 -4.26429826e-06  4.14123512e-08  1.05887892e-04 
 4.14623512e-08  3.99658156e-06  4.14623512e-08 -1.02917093e-04 
 4.15123512e-08 -3.52031041e-06  4.15123512e-08  9.98708774e-05 
 4.15623512e-08  3.31097670e-06  4.15623512e-08 -9.67400395e-05 
 4.16123512e-08 -2.88724425e-06  4.16123512e-08  9.36239197e-05 
 4.16623512e-08  2.72555320e-06  4.16623512e-08 -9.04966218e-05 
 4.17123512e-08 -2.34516965e-06  4.17123512e-08  8.74376752e-05 
 4.17623512e-08  2.22314906e-06  4.17623512e-08 -8.44110324e-05 
 4.18123512e-08 -1.87914524e-06  4.18123512e-08  8.14826216e-05 
 4.18623512e-08  1.79063198e-06  4.18623512e-08 -7.86104774e-05 
 4.19123512e-08 -1.47752508e-06  4.19123512e-08  7.58511830e-05 
 4.19561756e-08  1.39329803e-06  4.19561756e-08 -7.27895552e-05 
 4.20000000e-08 -1.08602407e-06  4.20000000e-08  6.98741579e-05 
 4.20050000e-08 -2.61806384e-07  4.20050000e-08  5.95123689e-06 
 4.20150000e-08  2.51321443e-07  4.20150000e-08 -5.22640546e-06 
 4.20350000e-08 -8.39961117e-08  4.20350000e-08  4.73706622e-06 
 4.20750000e-08  1.88533446e-07  4.20750000e-08 -4.42913187e-06 
 4.21250000e-08 -6.12635958e-08  4.21250000e-08  4.22260049e-06 
 4.21625000e-08  1.73300715e-07  4.21625000e-08 -3.96491317e-06 
 4.22000000e-08  7.75293255e-08  4.22000000e-08  3.73552220e-06 
 4.22050000e-08  5.37075131e-07  4.22050000e-08  4.13575976e-07 
 4.22150000e-08 -2.51280477e-07  4.22150000e-08  6.19637572e-08 
 4.22350000e-08 -2.65277373e-06  4.22350000e-08  1.37676471e-07 
 4.22750000e-08  5.05902131e-06  4.22750000e-08 -2.49954899e-07 
 4.23250000e-08 -6.08661740e-06  4.23250000e-08  9.99829720e-07 
 4.23750000e-08  6.29780029e-06  4.23750000e-08 -5.01979537e-06 
 4.24250000e-08 -5.47134229e-06  4.24250000e-08  1.13570189e-05 
 4.24750000e-08  4.52388555e-06  4.24750000e-08 -1.49965282e-05 
 4.25250000e-08 -3.29947624e-06  4.25250000e-08  1.51750138e-05 
 4.25750000e-08  2.44383110e-06  4.25750000e-08 -1.46908627e-05 
 4.26250000e-08 -1.53400272e-06  4.26250000e-08  1.45956905e-05 
 4.26750000e-08  1.04705281e-06  4.26750000e-08 -1.45690956e-05 
 4.27250000e-08 -4.77498647e-07  4.27250000e-08  1.45277143e-05 
 4.27750000e-08  2.72065394e-07  4.27750000e-08 -1.43966011e-05 
 4.28250000e-08  7.82077549e-08  4.28250000e-08  1.42120856e-05 
 4.28750000e-08 -1.19044993e-07  4.28750000e-08 -1.39477174e-05 
 4.29250000e-08  3.48630510e-07  4.29250000e-08  1.36530065e-05 
 4.29750000e-08 -3.02330281e-07  4.29750000e-08 -1.33025850e-05 
 4.30250000e-08  4.69636517e-07  4.30250000e-08  1.29436559e-05 
 4.30750000e-08 -3.79123551e-07  4.30750000e-08 -1.25476793e-05 
 4.31250000e-08  5.15187541e-07  4.31250000e-08  1.21588716e-05 
 4.31750000e-08 -4.02672611e-07  4.31750000e-08 -1.17459486e-05 
 4.32250000e-08  5.23291022e-07  4.32250000e-08  1.13507813e-05 
 4.32750000e-08 -3.99973695e-07  4.32750000e-08 -1.09400236e-05 
 4.33250000e-08  5.13080116e-07  4.33250000e-08  1.05538177e-05 
 4.33750000e-08 -3.84586059e-07  4.33750000e-08 -1.01573029e-05 
 4.34250000e-08  4.94182003e-07  4.34250000e-08  9.78945659e-06 
 4.34750000e-08 -3.63367760e-07  4.34750000e-08 -9.41425671e-06 
 4.35250000e-08  4.71502330e-07  4.35250000e-08  9.06989349e-06 
 4.35750000e-08 -3.39848258e-07  4.35750000e-08 -8.71962336e-06 
 4.36250000e-08  4.47594394e-07  4.36250000e-08  8.40102670e-06 
 4.36750000e-08 -3.15882424e-07  4.36750000e-08 -8.07690975e-06 
 4.37250000e-08  4.23813168e-07  4.37250000e-08  7.78445995e-06 
 4.37750000e-08 -2.92464533e-07  4.37750000e-08 -7.48620321e-06 
 4.38250000e-08  4.00889406e-07  4.38250000e-08  7.21908463e-06 
 4.38750000e-08 -2.70130070e-07  4.38750000e-08 -6.94547024e-06 
 4.39250000e-08  3.79211813e-07  4.39250000e-08  6.70216823e-06 
 4.39750000e-08 -2.49156101e-07  4.39750000e-08 -6.45146689e-06 
 4.40250000e-08  3.58971709e-07  4.40250000e-08  6.23010897e-06 
 4.40750000e-08 -2.29667368e-07  4.40750000e-08 -6.00035928e-06 
 4.41250000e-08  3.40241518e-07  4.41250000e-08  5.79894209e-06 
 4.41750000e-08 -2.11695000e-07  4.41750000e-08 -5.58813290e-06 
 4.42250000e-08  3.23019791e-07  4.42250000e-08  5.40466692e-06 
 4.42750000e-08 -1.95211850e-07  4.42750000e-08 -5.21085048e-06 
 4.43250000e-08  3.07259114e-07  4.43250000e-08  5.04344702e-06 
 4.43750000e-08 -1.80154606e-07  4.43750000e-08 -4.86480435e-06 
 4.44250000e-08  2.92883896e-07  4.44250000e-08  4.71172300e-06 
 4.44750000e-08 -1.66438432e-07  4.44750000e-08 -4.54659648e-06 
 4.45250000e-08  2.79802551e-07  4.45250000e-08  4.40626598e-06 
 4.45750000e-08 -1.53967029e-07  4.45750000e-08 -4.25317090e-06 
 4.46250000e-08  2.67915739e-07  4.46250000e-08  4.12419302e-06 
 4.46750000e-08 -1.42639411e-07  4.46750000e-08 -3.98181546e-06 
 4.47250000e-08  2.57121976e-07  4.47250000e-08  3.86295858e-06 
 4.47750000e-08 -1.32354548e-07  4.47750000e-08 -3.73014556e-06 
 4.48250000e-08  2.47321512e-07  4.48250000e-08  3.62033223e-06 
 4.48750000e-08 -1.23014608e-07  4.48750000e-08 -3.49607769e-06 
 4.49250000e-08  2.38418840e-07  4.49250000e-08  3.39436952e-06 
 4.49750000e-08 -1.14526747e-07  4.49750000e-08 -3.27779841e-06 
 4.50250000e-08  2.30324102e-07  4.50250000e-08  3.18338005e-06 
 4.50750000e-08 -1.06804358e-07  4.50750000e-08 -3.07373254e-06 
 4.51250000e-08  2.22954095e-07  4.51250000e-08  2.98589599e-06 
 4.51750000e-08 -9.97676309e-08  4.51750000e-08 -2.88251214e-06 
 4.52250000e-08  2.16232441e-07  4.52250000e-08  2.80064223e-06 
 4.52750000e-08 -9.33437517e-08  4.52750000e-08 -2.70294812e-06 
 4.53250000e-08  2.10089816e-07  4.53250000e-08  2.62650927e-06 
 4.53750000e-08 -8.74667084e-08  4.53750000e-08 -2.53400463e-06 
 4.54250000e-08  2.04463514e-07  4.54250000e-08  2.46252922e-06 
 4.54750000e-08 -8.20771206e-08  4.54750000e-08 -2.37477651e-06 
 4.55250000e-08  1.99297284e-07  4.55250000e-08  2.30785482e-06 
 4.55750000e-08 -7.71216978e-08  4.55750000e-08 -2.22446983e-06 
 4.56250000e-08  1.94540808e-07  4.56250000e-08  2.16174125e-06 
 4.56750000e-08 -7.25529544e-08  4.56750000e-08 -2.08238515e-06 
 4.57250000e-08  1.90149192e-07  4.57250000e-08  2.02353095e-06 
 4.57750000e-08 -6.83285284e-08  4.57750000e-08 -1.94790341e-06 
 4.58250000e-08  1.86082590e-07  4.58250000e-08  1.89264035e-06 
 4.58750000e-08 -6.44109377e-08  4.58750000e-08 -1.82047393e-06 
 4.59250000e-08  1.82305691e-07  4.59250000e-08  1.76854917e-06 
 4.59750000e-08 -6.07669196e-08  4.59750000e-08 -1.69960445e-06 
 4.60250000e-08  1.78787170e-07  4.60250000e-08  1.65079105e-06 
 4.60750000e-08 -5.73669979e-08  4.60750000e-08 -1.58485267e-06 
 4.61250000e-08  1.75499386e-07  4.61250000e-08  1.53894600e-06 
 4.61750000e-08 -5.41852599e-08  4.61750000e-08 -1.47581931e-06 
 4.62250000e-08  1.72417911e-07  4.62250000e-08  1.43263398e-06 
 4.62750000e-08 -5.11986599e-08  4.62750000e-08 -1.37214218e-06 
 4.63250000e-08  1.69521159e-07  4.63250000e-08  1.33150946e-06 
 4.63750000e-08 -4.83870285e-08  4.63750000e-08 -1.27349136e-06 
 4.64250000e-08  1.66790177e-07  4.64250000e-08  1.23525707e-06 
 4.64750000e-08 -4.57325272e-08  4.64750000e-08 -1.17956505e-06 
 4.65250000e-08  1.64208228e-07  4.65250000e-08  1.14358780e-06 
 4.65750000e-08 -4.32194365e-08  4.65750000e-08 -1.09008625e-06 
 4.66250000e-08  1.61760518e-07  4.66250000e-08  1.05623582e-06 
 4.66750000e-08 -4.08338659e-08  4.66750000e-08 -1.00479968e-06 
 4.67250000e-08  1.59434014e-07  4.67250000e-08  9.72955855e-07 
 4.67750000e-08 -3.85635745e-08  4.67750000e-08 -9.23469477e-07 
 4.68250000e-08  1.57217267e-07  4.68250000e-08  8.93520924e-07 
 4.68750000e-08 -3.63978374e-08  4.68750000e-08 -8.45877080e-07 
 4.69250000e-08  1.55100149e-07  4.69250000e-08  8.17720472e-07 
 4.69750000e-08 -3.43271181e-08  4.69750000e-08 -7.71819484e-07 
 4.70250000e-08  1.53073730e-07  4.70250000e-08  7.45358614e-07 
 4.70750000e-08 -3.23430503e-08  4.70750000e-08 -7.01107631e-07 
 4.71250000e-08  1.51130153e-07  4.71250000e-08  6.76252820e-07 
 4.71750000e-08 -3.04382171e-08  4.71750000e-08 -6.33565188e-07 
 4.72250000e-08  1.49262412e-07  4.72250000e-08  6.10232644e-07 
 4.72750000e-08 -2.86060249e-08  4.72750000e-08 -5.69027335e-07 
 4.73250000e-08  1.47464330e-07  4.73250000e-08  5.47138661e-07 
 4.73750000e-08 -2.68407024e-08  4.73750000e-08 -5.07339788e-07 
 4.74250000e-08  1.45730495e-07  4.74250000e-08  4.86821542e-07 
 4.74750000e-08 -2.51371464e-08  4.74750000e-08 -4.48357973e-07 
 4.75250000e-08  1.44056047e-07  4.75250000e-08  4.29141188e-07 
 4.75750000e-08 -2.34907481e-08  4.75750000e-08 -3.91946105e-07 
 4.76250000e-08  1.42436697e-07  4.76250000e-08  3.73966017e-07 
 4.76750000e-08 -2.18974909e-08  4.76750000e-08 -3.37976631e-07 
 4.77250000e-08  1.40868638e-07  4.77250000e-08  3.21172346e-07 
 4.77750000e-08 -2.03537766e-08  4.77750000e-08 -2.86329566e-07 
 4.78250000e-08  1.39348452e-07  4.78250000e-08  2.70643725e-07 
 4.78750000e-08 -1.88563831e-08  4.78750000e-08 -2.36891900e-07 
 4.79250000e-08  1.37873153e-07  4.79250000e-08  2.22270506e-07 
 4.79750000e-08 -1.74024872e-08  4.79750000e-08 -1.89557184e-07 
 4.80250000e-08  1.36440006e-07  4.80250000e-08  1.75949228e-07 
 4.80750000e-08 -1.59895092e-08  4.80750000e-08 -1.44224905e-07 
 4.81250000e-08  1.35046612e-07  4.81250000e-08  1.31582339e-07 
 4.81750000e-08 -1.46151512e-08  4.81750000e-08 -1.00800283e-07 
 4.82250000e-08  1.33690755e-07  4.82250000e-08  8.90776627e-08 
 4.82750000e-08 -1.32773020e-08  4.82750000e-08 -5.91937185e-08 
 4.83250000e-08  1.32370472e-07  4.83250000e-08  4.83481138e-08 
 4.83750000e-08 -1.19741630e-08  4.83750000e-08 -1.93205590e-08 
 4.84250000e-08  1.31084056e-07  4.84250000e-08  9.31138822e-09 
 4.84750000e-08 -1.07040513e-08  4.84750000e-08  1.88992774e-08 
 4.85250000e-08  1.29829863e-07  4.85250000e-08 -2.81104519e-08 
 4.85750000e-08 -9.46543874e-09  4.85750000e-08  5.55415965e-08 
 4.86250000e-08  1.28606485e-07  4.86250000e-08 -6.39911422e-08 
 4.86750000e-08 -8.25695316e-09  4.86750000e-08  9.06781872e-08 
 4.87250000e-08  1.27412586e-07  4.87250000e-08 -9.84005716e-08 
 4.87750000e-08 -7.07735347e-09  4.87750000e-08  1.24377042e-07 
 4.88250000e-08  1.26246987e-07  4.88250000e-08 -1.31404908e-07 
 4.88750000e-08 -5.92548086e-09  4.88750000e-08  1.56702595e-07 
 4.89250000e-08  1.25108586e-07  4.89250000e-08 -1.63066938e-07 
 4.89750000e-08 -4.80031211e-09  4.89750000e-08  1.87716031e-07 
 4.90250000e-08  1.23996391e-07  4.90250000e-08 -1.93446223e-07 
 4.90750000e-08 -3.70084209e-09  4.90750000e-08  2.17475325e-07 
 4.91250000e-08  1.22909433e-07  4.91250000e-08 -2.22599263e-07 
 4.91750000e-08 -2.62618940e-09  4.91750000e-08  2.46035565e-07 
 4.92250000e-08  1.21846891e-07  4.92250000e-08 -2.50579721e-07 
 4.92750000e-08 -1.57556383e-09  4.92750000e-08  2.73449023e-07 
 4.93250000e-08  1.20807959e-07  4.93250000e-08 -2.77438583e-07 
 4.93750000e-08 -5.48153758e-10  4.93750000e-08  2.99765421e-07 
 4.94250000e-08  1.19791912e-07  4.94250000e-08 -3.03224283e-07 
 4.94750000e-08  4.56713910e-10  4.94750000e-08  3.25031970e-07 
 4.95250000e-08  1.18798023e-07  4.95250000e-08 -3.27982878e-07 
 4.95750000e-08  1.43975307e-09  4.95750000e-08  3.49293580e-07 
 4.96250000e-08  1.17825704e-07  4.96250000e-08 -3.51758152e-07 
 4.96750000e-08  2.40153396e-09  4.96750000e-08  3.72592969e-07 
 4.97250000e-08  1.16874315e-07  4.97250000e-08 -3.74591800e-07 
 4.97750000e-08  3.34266596e-09  4.97750000e-08  3.94970799e-07 
 4.98250000e-08  1.15943290e-07  4.98250000e-08 -3.96523466e-07 
 4.98750000e-08  4.26370938e-09  4.98750000e-08  4.16465764e-07 
 4.99250000e-08  1.15032112e-07  4.99250000e-08 -4.17590900e-07 
 4.99625000e-08  5.31355183e-09  4.99625000e-08  4.40476776e-07 
 5.00000000e-08  1.13847140e-07  5.00000000e-08 -4.44399070e-07 
 5.00050000e-08 -6.86826522e-06  5.00050000e-08 -6.17521433e-05 
 5.00150000e-08  6.56662608e-06  5.00150000e-08  1.70565727e-05 
 5.00350000e-08  3.12880423e-07  5.00350000e-08  1.49796257e-05 
 5.00750000e-08 -2.07645265e-06  5.00750000e-08  9.21698020e-06 
 5.01250000e-08  1.67815141e-05  5.01250000e-08  1.21115195e-04 
 5.01625000e-08  5.24984285e-06  5.01625000e-08  1.16013747e-04 
 5.02000000e-08 -2.33250474e-04  5.02000000e-08 -1.23906325e-04 
 5.02050000e-08 -2.23581975e-04  5.02050000e-08 -3.18441443e-04 
 5.02150000e-08  6.02936894e-05  5.02150000e-08 -6.72786619e-04 
 5.02350000e-08  4.16407966e-04  5.02350000e-08 -9.31881948e-04 
 5.02717444e-08 -2.91246629e-04  5.02717444e-08  4.08222042e-06 
 5.03133983e-08  1.60621339e-04  5.03133983e-08  9.29480642e-04 
 5.03581779e-08 -7.96489927e-05  5.03581779e-08  2.43937804e-05 
 5.04081779e-08  3.34906301e-05  5.04081779e-08 -1.82474120e-04 
 5.04581779e-08 -2.42647351e-06  5.04581779e-08  5.51679390e-05 
 5.05081779e-08 -1.83205963e-05  5.05081779e-08 -1.18843494e-04 
 5.05581779e-08  3.24677853e-05  5.05581779e-08  1.24002896e-04 
 5.06081779e-08 -4.16315508e-05  5.06081779e-08 -1.45153026e-04 
 5.06581779e-08  4.75855570e-05  5.06581779e-08  1.57362551e-04 
 5.07081779e-08 -5.08317653e-05  5.07081779e-08 -1.68289687e-04 
 5.07581779e-08  5.24920074e-05  5.07581779e-08  1.75981856e-04 
 5.08081779e-08 -5.25638851e-05  5.08081779e-08 -1.81446461e-04 
 5.08581779e-08  5.19467528e-05  5.08581779e-08  1.84927865e-04 
 5.09081779e-08 -5.03899272e-05  5.09081779e-08 -1.86689692e-04 
 5.09581779e-08  4.86050906e-05  5.09581779e-08  1.87060225e-04 
 5.10081779e-08 -4.62673422e-05  5.10081779e-08 -1.86253968e-04 
 5.10581779e-08  4.39745841e-05  5.10581779e-08  1.84529918e-04 
 5.11081779e-08 -4.13393767e-05  5.11081779e-08 -1.81979979e-04 
 5.11581779e-08  3.89033281e-05  5.11581779e-08  1.78861370e-04 
 5.12081779e-08 -3.62446651e-05  5.12081779e-08 -1.75208900e-04 
 5.12581779e-08  3.38689692e-05  5.12581779e-08  1.71225882e-04 
 5.13081779e-08 -3.13334904e-05  5.13081779e-08 -1.66921305e-04 
 5.13581779e-08  2.91242986e-05  5.13581779e-08  1.62456340e-04 
 5.14081779e-08 -2.67846339e-05  5.14081779e-08 -1.57820055e-04 
 5.14581779e-08  2.47905380e-05  5.14581779e-08  1.53141664e-04 
 5.15081779e-08 -2.26759016e-05  5.15081779e-08 -1.48396322e-04 
 5.15581779e-08  2.09120623e-05  5.15581779e-08  1.43688721e-04 
 5.16081779e-08 -1.90267200e-05  5.16081779e-08 -1.38984753e-04 
 5.16581779e-08  1.74894330e-05  5.16581779e-08  1.34370416e-04 
 5.17081779e-08 -1.58238643e-05  5.17081779e-08 -1.29805707e-04 
 5.17581779e-08  1.44993471e-05  5.17581779e-08  1.25362485e-04 
 5.18081779e-08 -1.30369753e-05  5.18081779e-08 -1.20997232e-04 
 5.18581779e-08  1.19066364e-05  5.18581779e-08  1.16771195e-04 
 5.19081779e-08 -1.06278502e-05  5.19081779e-08 -1.12638982e-04 
 5.19581779e-08  9.67140503e-06  5.19581779e-08  1.08653941e-04 
 5.20081779e-08 -8.55591440e-06  5.20081779e-08 -1.04769911e-04 
 5.20581779e-08  7.75317872e-06  5.20581779e-08  1.01034404e-04 
 5.21081779e-08 -6.78134735e-06  5.21081779e-08 -9.74012143e-05 
 5.21581779e-08  6.11322036e-06  5.21581779e-08  9.39135852e-05 
 5.22081779e-08 -5.26676998e-06  5.22081779e-08 -9.05257149e-05 
 5.22581779e-08  4.71572329e-06  5.22581779e-08  8.72777560e-05 
 5.23081779e-08 -3.97805668e-06  5.23081779e-08 -8.41245733e-05 
 5.23581779e-08  3.52832678e-06  5.23581779e-08  8.11041125e-05 
 5.24081779e-08 -2.88462359e-06  5.24081779e-08 -7.81720362e-05 
 5.24581779e-08  2.52222992e-06  5.24581779e-08  7.53647429e-05 
 5.25081779e-08 -1.95941112e-06  5.25081779e-08 -7.26387379e-05 
 5.25581779e-08  1.67207673e-06  5.25581779e-08  7.00293619e-05 
 5.26081779e-08 -1.17869763e-06  5.26081779e-08 -6.74939519e-05 
 5.26581779e-08  9.55719197e-07  5.26581779e-08  6.50671519e-05 
 5.27081779e-08 -5.21827665e-07  5.27081779e-08 -6.27070846e-05 
 5.27581779e-08  3.53923652e-07  5.27581779e-08  6.04479625e-05 
 5.28081779e-08  2.90940277e-08  5.28081779e-08 -5.82486286e-05 
 5.28581779e-08 -1.49939757e-07  5.28581779e-08  5.61430568e-05 
 5.29081779e-08  4.89512437e-07  5.29081779e-08 -5.40907349e-05 
 5.29581779e-08 -5.70201921e-07  5.29581779e-08  5.21255372e-05 
 5.30081779e-08  8.72719242e-07  5.30081779e-08 -5.02075192e-05 
 5.30581779e-08 -9.19181253e-07  5.30581779e-08  4.83705545e-05 
 5.31081779e-08  1.19012742e-06  5.31081779e-08 -4.65751897e-05 
 5.31581779e-08 -1.20744547e-06  5.31581779e-08  4.48553672e-05 
 5.32081779e-08  1.45151998e-06  5.32081779e-08 -4.31720530e-05 
 5.32581779e-08 -1.44404658e-06  5.32581779e-08  4.15593060e-05 
 5.33081779e-08  1.66527132e-06  5.33081779e-08 -3.99784450e-05 
 5.33581779e-08 -1.63672901e-06  5.33581779e-08  3.84636775e-05 
 5.34081779e-08  1.83854246e-06  5.34081779e-08 -3.69766152e-05 
 5.34581779e-08 -1.79211212e-06  5.34581779e-08  3.55516339e-05 
 5.35081779e-08  1.97745172e-06  5.35081779e-08 -3.41505854e-05 
 5.35581779e-08 -1.91584948e-06  5.35581779e-08  3.28080253e-05 
 5.36081779e-08  2.08722291e-06  5.36081779e-08 -3.14859986e-05 
 5.36581779e-08 -2.01276675e-06  5.36581779e-08  3.02192463e-05 
 5.37081779e-08  2.17231374e-06  5.37081779e-08 -2.89699660e-05 
 5.37581779e-08 -2.08698087e-06  5.37581779e-08  2.77730853e-05 
 5.38081779e-08  2.23652636e-06  5.38081779e-08 -2.65909196e-05 
 5.38581779e-08 -2.14200265e-06  5.38581779e-08  2.54585809e-05 
 5.39081779e-08  2.28310249e-06  5.39081779e-08 -2.43384724e-05 
 5.39581779e-08 -2.18082490e-06  5.39581779e-08  2.32658872e-05 
 5.40081779e-08  2.31480507e-06  5.40081779e-08 -2.22032904e-05 
 5.40581779e-08 -2.20599798e-06  5.40581779e-08  2.11861509e-05 
 5.41081779e-08  2.33398818e-06  5.41081779e-08 -2.01769750e-05 
 5.41581779e-08 -2.21969445e-06  5.41581779e-08  1.92114006e-05 
 5.42081779e-08  2.34265686e-06  5.42081779e-08 -1.82519572e-05 
 5.42581779e-08 -2.22376458e-06  5.42581779e-08  1.73344454e-05 
 5.43081779e-08  2.34251844e-06  5.43081779e-08 -1.64214033e-05 
 5.43581779e-08 -2.21978359e-06  5.43581779e-08  1.55487868e-05 
 5.44081779e-08  2.33502619e-06  5.44081779e-08 -1.46791307e-05 
 5.44581779e-08 -2.20909200e-06  5.44581779e-08  1.38485391e-05 
 5.45081779e-08  2.32141660e-06  5.45081779e-08 -1.30195335e-05 
 5.45581779e-08 -2.19283027e-06  5.45581779e-08  1.22283593e-05 
 5.46081779e-08  2.30274143e-06  5.46081779e-08 -1.14375169e-05 
 5.46581779e-08 -2.17196813e-06  5.46581779e-08  1.06833858e-05 
 5.47081779e-08  2.27989470e-06  5.47081779e-08 -9.92843939e-06 
 5.47581779e-08 -2.14732976e-06  5.47581779e-08  9.20918419e-06 
 5.48081779e-08  2.25363618e-06  5.48081779e-08 -8.48806200e-06 
 5.48581779e-08 -2.11961537e-06  5.48581779e-08  7.80169967e-06 
 5.49081779e-08  2.22461104e-06  5.49081779e-08 -7.11250386e-06 
 5.49581779e-08 -2.08941928e-06  5.49581779e-08  6.45721536e-06 
 5.50081779e-08  2.19336666e-06  5.50081779e-08 -5.79820321e-06 
 5.50581779e-08 -2.05724561e-06  5.50581779e-08  5.17231581e-06 
 5.51081779e-08  2.16036726e-06  5.51081779e-08 -4.54188298e-06 
 5.51581779e-08 -2.02352163e-06  5.51581779e-08  3.94385482e-06 
 5.52081779e-08  2.12600600e-06  5.52081779e-08 -3.34052096e-06 
 5.52581779e-08 -1.98860907e-06  5.52581779e-08  2.76892744e-06 
 5.53081779e-08  2.09061554e-06  5.53081779e-08 -2.19132334e-06 
 5.53581779e-08 -1.95281376e-06  5.53581779e-08  1.64484514e-06 
 5.54081779e-08  2.05447698e-06  5.54081779e-08 -1.09170152e-06 
 5.54581779e-08 -1.91639391e-06  5.54581779e-08  5.69114092e-07 
 5.55081779e-08  2.01782748e-06  5.55081779e-08 -3.92517064e-08 
 5.55581779e-08 -1.87956729e-06  5.55581779e-08 -4.60583917e-07 
 5.56081779e-08  1.98086676e-06  5.56081779e-08  9.68262968e-07 
 5.56581779e-08 -1.84251694e-06  5.56581779e-08 -1.44640843e-06 
 5.57081779e-08  1.94376261e-06  5.57081779e-08  1.93292843e-06 
 5.57581779e-08 -1.80539659e-06  5.57581779e-08 -2.39037526e-06 
 5.58081779e-08  1.90665567e-06  5.58081779e-08  2.85669363e-06 
 5.58581779e-08 -1.76833480e-06  5.58581779e-08 -3.29436958e-06 
 5.59081779e-08  1.86966340e-06  5.59081779e-08  3.74138303e-06 
 5.59581779e-08 -1.73143882e-06  5.59581779e-08 -4.16015783e-06 
 5.60081779e-08  1.83288366e-06  5.60081779e-08  4.58870758e-06 
 5.60581779e-08 -1.69479778e-06  5.60581779e-08 -4.98939800e-06 
 5.61081779e-08  1.79639747e-06  5.61081779e-08  5.40027461e-06 
 5.61581779e-08 -1.65848530e-06  5.61581779e-08 -5.78364888e-06 
 5.62081779e-08  1.76027164e-06  5.62081779e-08  6.17759660e-06 
 5.62581779e-08 -1.62256183e-06  5.62581779e-08 -6.54437852e-06 
 5.63081779e-08  1.72456082e-06  5.63081779e-08  6.92209899e-06 
 5.63581779e-08 -1.58707673e-06  5.63581779e-08 -7.27297146e-06 
 5.64081779e-08  1.68930938e-06  5.64081779e-08  7.63512714e-06 
 5.64581779e-08 -1.55206981e-06  5.64581779e-08 -7.97073551e-06 
 5.65081779e-08  1.65455297e-06  5.65081779e-08  8.31795279e-06 
 5.65581779e-08 -1.51757283e-06  5.65581779e-08 -8.63890766e-06 
 5.66081779e-08  1.62031983e-06  5.66081779e-08  8.97177963e-06 
 5.66581779e-08 -1.48361077e-06  5.66581779e-08 -9.27865946e-06 
 5.67081779e-08  1.58663183e-06  5.67081779e-08  9.59774831e-06 
 5.67581779e-08 -1.45020275e-06  5.67581779e-08 -9.89110192e-06 
 5.68081779e-08  1.55350566e-06  5.68081779e-08  1.01969413e-05 
 5.68581779e-08 -1.41736307e-06  5.68581779e-08 -1.04772899e-05 
 5.69081779e-08  1.52095334e-06  5.69081779e-08  1.07703870e-05 
 5.69581779e-08 -1.38510184e-06  5.69581779e-08 -1.10382261e-05 
 5.70081779e-08  1.48898325e-06  5.70081779e-08  1.13190632e-05 
 5.70581779e-08 -1.35342569e-06  5.70581779e-08 -1.15748645e-05 
 5.71081779e-08  1.45760044e-06  5.71081779e-08  1.18439011e-05 
 5.71581779e-08 -1.32233836e-06  5.71581779e-08 -1.20881140e-05 
 5.72081779e-08  1.42680742e-06  5.72081779e-08  1.23457881e-05 
 5.72581779e-08 -1.29184109e-06  5.72581779e-08 -1.25788413e-05 
 5.73081779e-08  1.39660428e-06  5.73081779e-08  1.28255706e-05 
 5.73581779e-08 -1.26193306e-06  5.73581779e-08 -1.30478733e-05 
 5.74081779e-08  1.36698934e-06  5.74081779e-08  1.32840569e-05 
 5.74581779e-08 -1.23261172e-06  5.74581779e-08 -1.34960000e-05 
 5.75081779e-08  1.33795930e-06  5.75081779e-08  1.37220195e-05 
 5.75581779e-08 -1.20387314e-06  5.75581779e-08 -1.39239768e-05 
 5.76081779e-08  1.30950960e-06  5.76081779e-08  1.41401971e-05 
 5.76581779e-08 -1.17571216e-06  5.76581779e-08 -1.43325265e-05 
 5.77081779e-08  1.28163456e-06  5.77081779e-08  1.45392970e-05 
 5.77581779e-08 -1.14812262e-06  5.77581779e-08 -1.47223410e-05 
 5.78081779e-08  1.25432765e-06  5.78081779e-08  1.49199964e-05 
 5.78581779e-08 -1.12109772e-06  5.78581779e-08 -1.50940836e-05 
 5.79081779e-08  1.22758166e-06  5.79081779e-08  1.52829450e-05 
 5.79581779e-08 -1.09462979e-06  5.79581779e-08 -1.54483903e-05 
 5.80081779e-08  1.20138872e-06  5.80081779e-08  1.56287655e-05 
 5.80581779e-08 -1.06871087e-06  5.80581779e-08 -1.57858712e-05 
 5.81081779e-08  1.17574059e-06  5.81081779e-08  1.59580559e-05 
 5.81581779e-08 -1.04333243e-06  5.81581779e-08 -1.61071125e-05 
 5.82081779e-08  1.15062864e-06  5.82081779e-08  1.62713908e-05 
 5.82581779e-08 -1.01848578e-06  5.82581779e-08 -1.64126771e-05 
 5.83081779e-08  1.12604401e-06  5.83081779e-08  1.65693219e-05 
 5.83581779e-08 -9.94161873e-07  5.83581779e-08 -1.67031062e-05 
 5.84081779e-08  1.10197758e-06  5.84081779e-08  1.68523801e-05 
 5.84581779e-08 -9.70351558e-07  5.84581779e-08 -1.69789204e-05 
 5.85081779e-08  1.07842012e-06  5.85081779e-08  1.71210762e-05 
 5.85581779e-08 -9.47045585e-07  5.85581779e-08 -1.72406209e-05 
 5.86081779e-08  1.05536241e-06  5.86081779e-08  1.73759017e-05 
 5.86581779e-08 -9.24234676e-07  5.86581779e-08 -1.74886898e-05 
 5.87081779e-08  1.03279509e-06  5.87081779e-08  1.76173300e-05 
 5.87581779e-08 -9.01909478e-07  5.87581779e-08 -1.77235920e-05 
 5.88081779e-08  1.01070881e-06  5.88081779e-08  1.78458172e-05 
 5.88581779e-08 -8.80060654e-07  5.88581779e-08 -1.79457752e-05 
 5.89081779e-08  9.89094303e-07  5.89081779e-08  1.80618032e-05 
 5.89581779e-08 -8.58678923e-07  5.89581779e-08 -1.81556711e-05 
 5.90081779e-08  9.67942241e-07  5.90081779e-08  1.82657118e-05 
 5.90581779e-08 -8.37755058e-07  5.90581779e-08 -1.83536962e-05 
 5.91081779e-08  9.47243530e-07  5.91081779e-08  1.84579521e-05 
 5.91581779e-08 -8.17279998e-07  5.91581779e-08 -1.85402523e-05 
 5.92081779e-08  9.26989080e-07  5.92081779e-08  1.86389188e-05 
 5.92581779e-08 -7.97244640e-07  5.92581779e-08 -1.87157271e-05 
 5.93081779e-08  9.07169861e-07  5.93081779e-08  1.88089929e-05 
 5.93581779e-08 -7.77640069e-07  5.93581779e-08 -1.88804951e-05 
 5.94081779e-08  8.87777057e-07  5.94081779e-08  1.89685426e-05 
 5.94581779e-08 -7.58457557e-07  5.94581779e-08 -1.90349180e-05 
 5.95081779e-08  8.68801956e-07  5.95081779e-08  1.91179232e-05 
 5.95581779e-08 -7.39688394e-07  5.95581779e-08 -1.91793451e-05 
 5.96081779e-08  8.50235942e-07  5.96081779e-08  1.92574782e-05 
 5.96581779e-08 -7.21324069e-07  5.96581779e-08 -1.93141142e-05 
 5.97081779e-08  8.32070537e-07  5.97081779e-08  1.93875397e-05 
 5.97581779e-08 -7.03356168e-07  5.97581779e-08 -1.94395517e-05 
 5.98081779e-08  8.14297453e-07  5.98081779e-08  1.95084285e-05 
 5.98581779e-08 -6.85776470e-07  5.98581779e-08 -1.95559731e-05 
 5.99081779e-08  7.96908504e-07  5.99081779e-08  1.96204552e-05 
 5.99540890e-08 -6.67819638e-07  5.99540890e-08 -1.96682835e-05 
 6.00000000e-08  7.78398402e-07  6.00000000e-08  1.97327300e-05 
 6.00050000e-08  1.31119106e-05  6.00050000e-08  1.78681938e-04 
 6.00150000e-08 -5.61172940e-06  6.00150000e-08  2.35898601e-06 
 6.00350000e-08 -6.43085574e-06  6.00350000e-08 -5.69659403e-05 
 6.00750000e-08  5.97998340e-06  6.00750000e-08 -5.26400270e-05 
 6.01250000e-08 -3.09791125e-05  6.01250000e-08 -1.21182504e-04 
 6.01625000e-08 -6.31030310e-05  6.01625000e-08 -3.03278102e-04 
 6.02000000e-08  4.54894025e-04  6.02000000e-08  2.43772982e-04 
 6.02050000e-08  2.83459792e-04  6.02050000e-08  1.24338785e-04 
 6.02150000e-08 -2.46306894e-04  6.02150000e-08  3.46060734e-04 
 6.02350000e-08 -2.99495882e-04  6.02350000e-08  8.53927557e-04 
 6.02750000e-08  1.90113360e-04  6.02750000e-08  1.13056778e-03 
 6.03181857e-08 -1.14236703e-04  6.03181857e-08 -1.90171426e-03 
 6.03636156e-08  7.75536101e-05  6.03636156e-08  4.70570680e-04 
 6.04136156e-08 -5.81490820e-05  6.04136156e-08 -2.47730323e-04 
 6.04636156e-08  4.57306478e-05  6.04636156e-08  2.83504584e-04 
 6.05136156e-08 -3.68299621e-05  6.05136156e-08 -1.67540222e-04 
 6.05636156e-08  3.05198223e-05  6.05636156e-08  1.14716179e-04 
 6.06136156e-08 -2.55197866e-05  6.06136156e-08 -6.14047032e-05 
 6.06636156e-08  2.18576284e-05  6.06636156e-08  2.27842853e-05 
 6.07136156e-08 -1.87486604e-05  6.07136156e-08  8.02855210e-06 
 6.07636156e-08  1.64624984e-05  6.07636156e-08 -3.15363061e-05 
 6.08136156e-08 -1.43851237e-05  6.08136156e-08  4.95256242e-05 
 6.08636156e-08  1.28803503e-05  6.08636156e-08 -6.30149754e-05 
 6.09136156e-08 -1.13986609e-05  6.09136156e-08  7.29832918e-05 
 6.09636156e-08  1.03568498e-05  6.09636156e-08 -8.00915205e-05 
 6.10136156e-08 -9.23672692e-06  6.10136156e-08  8.49874504e-05 
 6.10636156e-08  8.48251715e-06  6.10636156e-08 -8.80724257e-05 
 6.11136156e-08 -7.59297262e-06  6.11136156e-08  8.97887108e-05 
 6.11636156e-08  7.02700798e-06  6.11636156e-08 -9.03742454e-05 
 6.12136156e-08 -6.29266765e-06  6.12136156e-08  9.01373826e-05 
 6.12636156e-08  5.85690595e-06  6.12636156e-08 -8.92120621e-05 
 6.13136156e-08 -5.23291722e-06  6.13136156e-08  8.78178551e-05 
 6.13636156e-08  4.89215022e-06  6.13636156e-08 -8.60219905e-05 
 6.14136156e-08 -4.35069210e-06  6.14136156e-08  8.39845650e-05 
 6.14636156e-08  4.08256895e-06  6.14636156e-08 -8.17299432e-05 
 6.15136156e-08 -3.60552458e-06  6.15136156e-08  7.93781220e-05 
 6.15636156e-08  3.39511056e-06  6.15636156e-08 -7.69260355e-05 
 6.16136156e-08 -2.97004509e-06  6.16136156e-08  7.44665412e-05 
 6.16636156e-08  2.80681824e-06  6.16636156e-08 -7.19791959e-05 
 6.17136156e-08 -2.42474199e-06  6.17136156e-08  6.95384548e-05 
 6.17636156e-08  2.30091003e-06  6.17636156e-08 -6.71130605e-05 
 6.18136156e-08 -1.95501234e-06  6.18136156e-08  6.47649864e-05 
 6.18636156e-08  1.86455010e-06  6.18636156e-08 -6.24564385e-05 
 6.19136156e-08 -1.54946630e-06  6.19136156e-08  6.02409339e-05 
 6.19568078e-08  1.46007745e-06  6.19568078e-08 -5.77446446e-05 
 6.20000000e-08 -1.14812152e-06  6.20000000e-08  5.53739154e-05 
 6.20050000e-08  1.82848564e-04  6.20050000e-08  2.47896007e-03 
 6.20150000e-08  1.50813092e-04  6.20150000e-08  2.66800481e-03 
 6.20350000e-08  1.09087119e-05  6.20350000e-08  9.76603058e-04 
 6.20750000e-08  4.99123311e-05  6.20750000e-08  8.19620542e-04 
 6.21250000e-08 -1.12083284e-05  6.21250000e-08  3.31841881e-04 
 6.21625000e-08 -1.38209757e-05  6.21625000e-08  5.80739611e-04 
 6.22000000e-08 -6.62536999e-06  6.22000000e-08 -2.68769010e-03 
 6.22050000e-08 -1.35608409e-04  6.22050000e-08 -1.88224097e-03 
 6.22150000e-08 -1.32521084e-04  6.22150000e-08 -1.26074936e-03 
 6.22350000e-08 -3.94066690e-05  6.22350000e-08 -1.04011277e-03 
 6.22671417e-08 -2.92401587e-05  6.22671417e-08 -6.03408307e-04 
 6.23171417e-08 -1.67113093e-06  6.23171417e-08 -2.90418443e-04 
 6.23671417e-08  9.14026599e-06  6.23671417e-08 -1.22163233e-04 
 6.24171417e-08 -1.22374016e-05  6.24171417e-08 -1.24253813e-04 
 6.24671417e-08  1.07563731e-05  6.24671417e-08  6.63265891e-05 
 6.25171417e-08 -7.30921950e-06  6.25171417e-08 -1.07482625e-04 
 6.25671417e-08  3.78851513e-06  6.25671417e-08  8.42842685e-05 
 6.26171417e-08 -3.82982296e-07  6.26171417e-08 -9.46264652e-05 
 6.26671417e-08 -2.19687075e-06  6.26671417e-08  8.87097789e-05 
 6.27171417e-08  4.40875625e-06  6.27171417e-08 -9.00977346e-05 
 6.27671417e-08 -5.84171087e-06  6.27671417e-08  8.74502223e-05 
 6.28171417e-08  7.06571129e-06  6.28171417e-08 -8.61990750e-05 
 6.28671417e-08 -7.69447002e-06  6.28671417e-08  8.38622578e-05 
 6.29171417e-08  8.28508715e-06  6.29171417e-08 -8.17137953e-05 
 6.29671417e-08 -8.42477264e-06  6.29671417e-08  7.92527715e-05 
 6.30171417e-08  8.64366123e-06  6.30171417e-08 -7.67836667e-05 
 6.30671417e-08 -8.50289363e-06  6.30671417e-08  7.42489029e-05 
 6.31171417e-08  8.51383602e-06  6.31171417e-08 -7.17061081e-05 
 6.31671417e-08 -8.22022599e-06  6.31671417e-08  6.91936619e-05 
 6.32171417e-08  8.12054414e-06  6.32171417e-08 -6.67043162e-05 
 6.32671417e-08 -7.74909339e-06  6.32671417e-08  6.42884763e-05 
 6.33171417e-08  7.59629189e-06  6.33171417e-08 -6.19184800e-05 
 6.33671417e-08 -7.19095422e-06  6.33671417e-08  5.96419655e-05 
 6.34171417e-08  7.01873114e-06  6.34171417e-08 -5.74231820e-05 
 6.34671417e-08 -6.60518544e-06  6.34671417e-08  5.53053970e-05 
 6.35171417e-08  6.43313346e-06  6.35171417e-08 -5.32491456e-05 
 6.35671417e-08 -6.02618378e-06  6.35671417e-08  5.12943017e-05 
 6.36171417e-08  5.86544847e-06  6.36171417e-08 -4.93996713e-05 
 6.36671417e-08 -5.47334394e-06  6.36671417e-08  4.76028930e-05 
 6.37171417e-08  5.32994677e-06  6.37171417e-08 -4.58620993e-05 
 6.37671417e-08 -4.95693742e-06  6.37671417e-08  4.42135822e-05 
 6.38171417e-08  4.83376055e-06  6.38171417e-08 -4.26153948e-05 
 6.38671417e-08 -4.48164056e-06  6.38671417e-08  4.11030864e-05 
 6.39171417e-08  4.37963808e-06  6.39171417e-08 -3.96349589e-05 
 6.39671417e-08 -4.04869681e-06  6.39671417e-08  3.82462064e-05 
 6.40171417e-08  3.96764853e-06  6.40171417e-08 -3.68955436e-05 
 6.40671417e-08 -3.65726866e-06  6.40671417e-08  3.56180471e-05 
 6.41171417e-08  3.59625836e-06  6.41171417e-08 -3.43729088e-05 
 6.41671417e-08 -3.30529762e-06  6.41671417e-08  3.31952263e-05 
 6.42171417e-08  3.26301972e-06  6.42171417e-08 -3.20446739e-05 
 6.42671417e-08 -2.99005673e-06  6.42671417e-08  3.09564446e-05 
 6.43171417e-08  2.96501417e-06  6.43171417e-08 -2.98906679e-05 
 6.43671417e-08 -2.70850731e-06  6.43671417e-08  2.88826677e-05 
 6.44171417e-08  2.69913906e-06  6.44171417e-08 -2.78929847e-05 
 6.44671417e-08 -2.45752771e-06  6.44671417e-08  2.69570856e-05 
 6.45171417e-08  2.46228929e-06  6.45171417e-08 -2.60358725e-05 
 6.45671417e-08 -2.23405759e-06  6.45671417e-08  2.51649540e-05 
 6.46171417e-08  2.25147088e-06  6.46171417e-08 -2.43055433e-05 
 6.46671417e-08 -2.03518579e-06  6.46671417e-08  2.34933827e-05 
 6.47171417e-08  2.06386763e-06  6.47171417e-08 -2.26899501e-05 
 6.47671417e-08 -1.85819984e-06  6.47671417e-08  2.19311104e-05 
 6.48171417e-08  1.89687697e-06  6.48171417e-08 -2.11785639e-05 
 6.48671417e-08 -1.70061067e-06  6.48671417e-08  2.04682867e-05 
 6.49171417e-08  1.74812497e-06  6.49171417e-08 -1.97621644e-05 
 6.49671417e-08 -1.56015992e-06  6.49671417e-08  1.90962729e-05 
 6.50171417e-08  1.61546800e-06  6.50171417e-08 -1.84326517e-05 
 6.50671417e-08 -1.43481661e-06  6.50671417e-08  1.78074664e-05 
 6.51171417e-08  1.49698520e-06  6.51171417e-08 -1.71828833e-05 
 6.51671417e-08 -1.32276703e-06  6.51671417e-08  1.65951484e-05 
 6.52171417e-08  1.39096642e-06  6.52171417e-08 -1.60065327e-05 
 6.52671417e-08 -1.22240052e-06  6.52671417e-08  1.54533548e-05 
 6.53171417e-08  1.29589645e-06  6.53171417e-08 -1.48979713e-05 
 6.53671417e-08 -1.13229317e-06  6.53671417e-08  1.43767667e-05 
 6.54171417e-08  1.21043840e-06  6.54171417e-08 -1.38521679e-05 
 6.54671417e-08 -1.05119094e-06  6.54671417e-08  1.33606193e-05 
 6.55171417e-08  1.13341681e-06  6.55171417e-08 -1.28646052e-05 
 6.55671417e-08 -9.77992609e-07  6.55671417e-08  1.24006252e-05 
 6.56171417e-08  1.06380076e-06  6.56171417e-08 -1.19312101e-05 
 6.56671417e-08 -9.11733663e-07  6.56671417e-08  1.14929104e-05 
 6.57171417e-08  1.00068828e-06  6.57171417e-08 -1.10482948e-05 
 6.57671417e-08 -8.51570986e-07  6.57671417e-08  1.06339610e-05 
 6.58171417e-08  9.43291511e-07  6.58171417e-08 -1.02125084e-05 
 6.58671417e-08 -7.96768672e-07  6.58671417e-08  9.82057840e-06 
 6.59171417e-08  8.90923383e-07  6.59171417e-08 -9.42079531e-06 
 6.59671417e-08 -7.46685433e-07  6.59671417e-08  9.04984115e-06 
 6.60171417e-08  8.42985469e-07  6.60171417e-08 -8.67036039e-06 
 6.60671417e-08 -7.00762793e-07  6.60671417e-08  8.31907319e-06 
 6.61171417e-08  7.98956681e-07  6.61171417e-08 -7.95863996e-06 
 6.61671417e-08 -6.58514815e-07  6.61671417e-08  7.62581654e-06 
 6.62171417e-08  7.58383885e-07  6.62171417e-08 -7.28327610e-06 
 6.62671417e-08 -6.19518864e-07  6.62671417e-08  6.96780794e-06 
 6.63171417e-08  7.20872927e-07  6.63171417e-08 -6.64209522e-06 
 6.63671417e-08 -5.83407420e-07  6.63671417e-08  6.34295871e-06 
 6.64171417e-08  6.86081149e-07  6.64171417e-08 -6.03308934e-06 
 6.64671417e-08 -5.49860962e-07  6.64671417e-08  5.74933741e-06 
 6.65171417e-08  6.53710518e-07  6.65171417e-08 -5.45439978e-06 
 6.65671417e-08 -5.18601520e-07  6.65671417e-08  5.18515447e-06 
 6.66171417e-08  6.23501809e-07  6.66171417e-08 -4.90430290e-06 
 6.66671417e-08 -4.89387295e-07  6.66671417e-08  4.64874915e-06 
 6.67171417e-08  5.95229473e-07  6.67171417e-08 -4.38119785e-06 
 6.67671417e-08 -4.62007787e-07  6.67671417e-08  4.13857755e-06 
 6.68171417e-08  5.68696929e-07  6.68171417e-08 -3.88359522e-06 
 6.68671417e-08 -4.36279528e-07  6.68671417e-08  3.65320240e-06 
 6.69171417e-08  5.43732975e-07  6.69171417e-08 -3.41010753e-06 
 6.69671417e-08 -4.12042595e-07  6.69671417e-08  3.19128372e-06 
 6.70171417e-08  5.20188114e-07  6.70171417e-08 -2.95944031e-06 
 6.70671417e-08 -3.89157218e-07  6.70671417e-08  2.75157065e-06 
 6.71171417e-08  4.97931709e-07  6.71171417e-08 -2.53038446e-06 
 6.71671417e-08 -3.67501254e-07  6.71671417e-08  2.33289410e-06 
 6.72171417e-08  4.76849434e-07  6.72171417e-08 -2.12180924e-06 
 6.72671417e-08 -3.46967669e-07  6.72671417e-08  1.93416004e-06 
 6.73171417e-08  4.56841059e-07  6.73171417e-08 -1.73265589e-06 
 6.73671417e-08 -3.27462587e-07  6.73671417e-08  1.55434361e-06 
 6.74171417e-08  4.37818603e-07  6.74171417e-08 -1.36193206e-06 
 6.74671417e-08 -3.08903390e-07  6.74671417e-08  1.19248368e-06 
 6.75171417e-08  4.19704497e-07  6.75171417e-08 -1.00870663e-06 
 6.75671417e-08 -2.91217334e-07  6.75671417e-08  8.47677965e-07 
 6.76171417e-08  4.02430402e-07  6.76171417e-08 -6.72105082e-07 
 6.76671417e-08 -2.74340076e-07  6.76671417e-08  5.19078653e-07 
 6.77171417e-08  3.85935774e-07  6.77171417e-08 -3.51305250e-07 
 6.77671417e-08 -2.58214667e-07  6.77671417e-08  2.05888354e-07 
 6.78171417e-08  3.70166932e-07  6.78171417e-08 -4.55335941e-08 
 6.78671417e-08 -2.42790464e-07  6.78671417e-08 -9.26435857e-08 
 6.79171417e-08  3.55076105e-07  6.79171417e-08  2.45938465e-07 
 6.79671417e-08 -2.28022404e-07  6.79671417e-08 -3.77224483e-07 
 6.80171417e-08  3.40620668e-07  6.80171417e-08  5.23797727e-07 
 6.80671417e-08 -2.13870059e-07  6.80671417e-08 -6.48521213e-07 
 6.81171417e-08  3.26762413e-07  6.81171417e-08  7.88691929e-07 
 6.81671417e-08 -2.00297293e-07  6.81671417e-08 -9.07163175e-07 
 6.82171417e-08  3.13467021e-07  6.82171417e-08  1.04123269e-06 
 6.82671417e-08 -1.87271536e-07  6.82671417e-08 -1.15374475e-06 
 6.83171417e-08  3.00703515e-07  6.83171417e-08  1.28199782e-06 
 6.83671417e-08 -1.74763259e-07  6.83671417e-08 -1.38882774e-06 
 6.84171417e-08  2.88443821e-07  6.84171417e-08  1.51153360e-06 
 6.84671417e-08 -1.62745806e-07  6.84671417e-08 -1.61294342e-06 
 6.85171417e-08  2.76662492e-07  6.85171417e-08  1.73035688e-06 
 6.85671417e-08 -1.51194767e-07  6.85671417e-08 -1.82659465e-06 
 6.86171417e-08  2.65336228e-07  6.86171417e-08  1.93895690e-06 
 6.86671417e-08 -1.40087922e-07  6.86671417e-08 -2.03025761e-06 
 6.87171417e-08  2.54443751e-07  6.87171417e-08  2.13779729e-06 
 6.87671417e-08 -1.29404911e-07  6.87671417e-08 -2.22438358e-06 
 6.88171417e-08  2.43965454e-07  6.88171417e-08  2.32731738e-06 
 6.88671417e-08 -1.19126817e-07  6.88671417e-08 -2.40940047e-06 
 6.89171417e-08  2.33883255e-07  6.89171417e-08  2.50793395e-06 
 6.89671417e-08 -1.09236316e-07  6.89671417e-08 -2.58571421e-06 
 6.90171417e-08  2.24180424e-07  6.90171417e-08  2.68004249e-06 
 6.90671417e-08 -9.97172192e-08  6.90671417e-08 -2.75371016e-06 
 6.91171417e-08  2.14841329e-07  6.91171417e-08  2.84401856e-06 
 6.91671417e-08 -9.05545004e-08  6.91671417e-08 -2.91375437e-06 
 6.92171417e-08  2.05851449e-07  6.92171417e-08  3.00021891e-06 
 6.92671417e-08 -8.17340863e-08  6.92671417e-08 -3.06619464e-06 
 6.93171417e-08  1.97197248e-07  6.93171417e-08  3.14898272e-06 
 6.93671417e-08 -7.32428099e-08  6.93671417e-08 -3.21136166e-06 
 6.94171417e-08  1.88865819e-07  6.94171417e-08  3.29063249e-06 
 6.94671417e-08 -6.50682732e-08  6.94671417e-08 -3.34957004e-06 
 6.95171417e-08  1.80845227e-07  6.95171417e-08  3.42547509e-06 
 6.95671417e-08 -5.71987445e-08  6.95671417e-08 -3.48111908e-06 
 6.96171417e-08  1.73124010e-07  6.96171417e-08  3.55380258e-06 
 6.96671417e-08 -4.96231533e-08  6.96671417e-08 -3.60629392e-06 
 6.97171417e-08  1.65691472e-07  6.97171417e-08  3.67589321e-06 
 6.97671417e-08 -4.23310706e-08  6.97671417e-08 -3.72536599e-06 
 6.98171417e-08  1.58537317e-07  6.98171417e-08  3.79201194e-06 
 6.98671417e-08 -3.53124213e-08  6.98671417e-08 -3.83859400e-06 
 6.99171417e-08  1.51651854e-07  6.99171417e-08  3.90241141e-06 
 6.99585708e-08 -2.78737326e-08  6.99585708e-08 -3.95704934e-06 
 7.00000000e-08  1.43686461e-07  7.00000000e-08  4.02837829e-06 
 7.00050000e-08 -8.05455709e-06  7.00050000e-08 -7.29166940e-05 
 7.00150000e-08  5.89964849e-06  7.00150000e-08  1.24765295e-05 
 7.00350000e-08  1.73034510e-06  7.00350000e-08  1.43226013e-05 
 7.00750000e-08 -2.67701712e-06  7.00750000e-08  1.69950296e-05 
 7.01250000e-08  2.40116424e-05  7.01250000e-08  1.72788424e-04 
 7.01625000e-08  1.54439099e-05  7.01625000e-08  2.04609835e-04 
 7.02000000e-08 -3.24725486e-04  7.02000000e-08 -1.12227241e-04 
 7.02050000e-08 -3.32791825e-04  7.02050000e-08 -3.47005575e-04 
 7.02150000e-08 -2.83133520e-05  7.02150000e-08 -8.01715427e-04 
 7.02350000e-08  4.98807266e-04  7.02350000e-08 -1.21136940e-03 
 7.02711715e-08 -2.38627238e-04  7.02711715e-08 -4.66802991e-04 
 7.03146906e-08  1.27899255e-04  7.03146906e-08  1.27808930e-03 
 7.03605808e-08 -5.81224455e-05  7.03605808e-08  2.71179701e-05 
 7.04105808e-08  1.91969089e-05  7.04105808e-08  6.11603299e-05 
 7.04605808e-08  7.30523235e-06  7.04605808e-08 -1.38953033e-04 
 7.05105808e-08 -2.51254009e-05  7.05105808e-08  4.83675742e-05 
 7.05605808e-08  3.73145164e-05  7.05605808e-08 -5.72203224e-05 
 7.06105808e-08 -4.51340511e-05  7.06105808e-08  1.55398079e-05 
 7.06605808e-08  5.01292277e-05  7.06605808e-08 -3.81147624e-06 
 7.07105808e-08 -5.26793189e-05  7.07105808e-08 -1.79949761e-05 
 7.07605808e-08  5.38244830e-05  7.07605808e-08  3.05988975e-05 
 7.08105808e-08 -5.35190012e-05  7.08105808e-08 -4.38124393e-05 
 7.08605808e-08  5.26181857e-05  7.08605808e-08  5.33758563e-05 
 7.09105808e-08 -5.08496626e-05  7.09105808e-08 -6.17595246e-05 
 7.09605808e-08  4.89147928e-05  7.09605808e-08  6.81945222e-05 
 7.10105808e-08 -4.64622434e-05  7.10105808e-08 -7.33828679e-05 
 7.10605808e-08  4.40873466e-05  7.10605808e-08  7.73253529e-05 
 7.11105808e-08 -4.13936764e-05  7.11105808e-08 -8.02710776e-05 
 7.11605808e-08  3.89163203e-05  7.11605808e-08  8.23679253e-05 
 7.12105808e-08 -3.62296383e-05  7.12105808e-08 -8.37262985e-05 
 7.12605808e-08  3.38353879e-05  7.12605808e-08  8.45019238e-05 
 7.13105808e-08 -3.12884842e-05  7.13105808e-08 -8.47482979e-05 
 7.13605808e-08  2.90728368e-05  7.13605808e-08  8.46016092e-05 
 7.14105808e-08 -2.67303006e-05  7.14105808e-08 -8.40841322e-05 
 7.14605808e-08  2.47357244e-05  7.14605808e-08  8.33106650e-05 
 7.15105808e-08 -2.26222009e-05  7.15105808e-08 -8.22832071e-05 
 7.15605808e-08  2.08604292e-05  7.15605808e-08  8.10985227e-05 
 7.16105808e-08 -1.89776740e-05  7.16105808e-08 -7.97445795e-05 
 7.16605808e-08  1.74431685e-05  7.16605808e-08  7.83039285e-05 
 7.17105808e-08 -1.57803613e-05  7.17105808e-08 -7.67546889e-05 
 7.17605808e-08  1.44584348e-05  7.17605808e-08  7.51684681e-05 
 7.18105808e-08 -1.29983984e-05  7.18105808e-08 -7.35165132e-05 
 7.18605808e-08  1.18700826e-05  7.18605808e-08  7.18620864e-05 
 7.19105808e-08 -1.05929951e-05  7.19105808e-08 -7.01717116e-05 
 7.19605808e-08  9.63791520e-06  7.19605808e-08  6.85023171e-05 
 7.20105808e-08 -8.52348109e-06  7.20105808e-08 -6.68172532e-05 
 7.20605808e-08  7.72150612e-06  7.20605808e-08  6.51686521e-05 
 7.21105808e-08 -6.75017960e-06  7.21105808e-08 -6.35178006e-05 
 7.21605808e-08  6.08232259e-06  7.21605808e-08  6.19132037e-05 
 7.22105808e-08 -5.23595027e-06  7.22105808e-08 -6.03148709e-05 
 7.22605808e-08  4.68481153e-06  7.22605808e-08  5.87685655e-05 
 7.23105808e-08 -3.94692202e-06  7.23105808e-08 -5.72335703e-05 
 7.23605808e-08  3.49685772e-06  7.23605808e-08  5.57535757e-05 
 7.24105808e-08 -2.85274131e-06  7.24105808e-08 -5.42875165e-05 
 7.24605808e-08  2.48987133e-06  7.24605808e-08  5.28775156e-05 
 7.25105808e-08 -1.92653834e-06  7.25105808e-08 -5.14824149e-05 
 7.25605808e-08  1.63866387e-06  7.25605808e-08  5.01431502e-05 
 7.26105808e-08 -1.14473682e-06  7.26105808e-08 -4.88186379e-05 
 7.26605808e-08  9.21211444e-07  7.26605808e-08  4.75489133e-05 
 7.27105808e-08 -4.86785592e-07  7.27105808e-08 -4.62930715e-05 
 7.27605808e-08  3.18366195e-07  7.27605808e-08  4.50904644e-05 
 7.28105808e-08  6.51414915e-08  7.28105808e-08 -4.39004255e-05 
 7.28605808e-08 -1.86447404e-07  7.28605808e-08  4.27617870e-05 
 7.29105808e-08  5.26448281e-07  7.29105808e-08 -4.16341510e-05 
 7.29605808e-08 -6.07530663e-07  7.29605808e-08  4.05559534e-05 
 7.30105808e-08  9.10406616e-07  7.30105808e-08 -3.94870746e-05 
 7.30605808e-08 -9.57190355e-07  7.30605808e-08  3.84656476e-05 
 7.31105808e-08  1.22842486e-06  7.31105808e-08 -3.74518273e-05 
 7.31605808e-08 -1.24599540e-06  7.31605808e-08  3.64835150e-05 
 7.32105808e-08  1.49029180e-06  7.32105808e-08 -3.55211278e-05 
 7.32605808e-08 -1.48300717e-06  7.32605808e-08  3.46023893e-05 
 7.33105808e-08  1.70439407e-06  7.33105808e-08 -3.36879612e-05 
 7.33605808e-08 -1.67598441e-06  7.33605808e-08  3.28154312e-05 
 7.34105808e-08  1.87790836e-06  7.34105808e-08 -3.19456855e-05 
 7.34605808e-08 -1.83156303e-06  7.34605808e-08  3.11162076e-05 
 7.35105808e-08  2.01697015e-06  7.35105808e-08 -3.02880873e-05 
 7.35605808e-08 -1.95541398e-06  7.35605808e-08  2.94987287e-05 
 7.36105808e-08  2.12682034e-06  7.36105808e-08 -2.87094041e-05 
 7.36605808e-08 -2.05237940e-06  7.36605808e-08  2.79574570e-05 
 7.37105808e-08  2.21193253e-06  7.37105808e-08 -2.72043227e-05 
 7.37605808e-08 -2.12659146e-06  7.37605808e-08  2.64872992e-05 
 7.38105808e-08  2.27612321e-06  7.38105808e-08 -2.57679653e-05 
 7.38605808e-08 -2.18157436e-06  7.38605808e-08  2.50835854e-05 
 7.39105808e-08  2.32264649e-06  7.39105808e-08 -2.43958647e-05 
 7.39605808e-08 -2.22033219e-06  7.39605808e-08  2.37420435e-05 
 7.40105808e-08  2.35427565e-06  7.40105808e-08 -2.30839370e-05 
 7.40605808e-08 -2.24542475e-06  7.40605808e-08  2.24587688e-05 
 7.41105808e-08  2.37337315e-06  7.41105808e-08 -2.18284503e-05 
 7.41605808e-08 -2.25903200e-06  7.41605808e-08  2.12301942e-05 
 7.42105808e-08  2.38195059e-06  7.42105808e-08 -2.06259950e-05 
 7.42605808e-08 -2.26300995e-06  7.42605808e-08  2.00530597e-05 
 7.43105808e-08  2.38172018e-06  7.43105808e-08 -1.94734542e-05 
 7.43605808e-08 -2.25893789e-06  7.43605808e-08  1.89243837e-05 
 7.44105808e-08  2.37413864e-06  7.44105808e-08 -1.83679753e-05 
 7.44605808e-08 -2.24815921e-06  7.44605808e-08  1.78414358e-05 
 7.45105808e-08  2.36044474e-06  7.45105808e-08 -1.73069447e-05 
 7.45605808e-08 -2.23181610e-06  7.45605808e-08  1.68017127e-05 
 7.46105808e-08  2.34169144e-06  7.46105808e-08 -1.62879638e-05 
 7.46605808e-08 -2.21087912e-06  7.46605808e-08  1.58029150e-05 
 7.47105808e-08  2.31877334e-06  7.47105808e-08 -1.53088276e-05 
 7.47605808e-08 -2.18617260e-06  7.47605808e-08  1.48429267e-05 
 7.48105808e-08  2.29244987e-06  7.48105808e-08 -1.43675051e-05 
 7.48605808e-08 -2.15839620e-06  7.48605808e-08  1.39197974e-05 
 7.49105808e-08  2.26336557e-06  7.49105808e-08 -1.34621222e-05 
 7.49605808e-08 -2.12814345e-06  7.49605808e-08  1.30317250e-05 
 7.50105808e-08  2.23206681e-06  7.50105808e-08 -1.25909458e-05 
 7.50605808e-08 -2.09591724e-06  7.50605808e-08  1.21770416e-05 
 7.51105808e-08  2.19901652e-06  7.51105808e-08 -1.17523700e-05 
 7.51605808e-08 -2.06214357e-06  7.51605808e-08  1.13542003e-05 
 7.52105808e-08  2.16460648e-06  7.52105808e-08 -1.09449038e-05 
 7.52605808e-08 -2.02718267e-06  7.52605808e-08  1.05617630e-05 
 7.53105808e-08  2.12916789e-06  7.53105808e-08 -1.01671601e-05 
 7.53605808e-08 -1.99133891e-06  7.53605808e-08  9.79839081e-06 
 7.54105808e-08  2.09298034e-06  7.54105808e-08 -9.41784575e-06 
 7.54605808e-08 -1.95486907e-06  7.54605808e-08  9.06283420e-06 
 7.55105808e-08  2.05627950e-06  7.55105808e-08 -8.69575289e-06 
 7.55605808e-08 -1.91798935e-06  7.55605808e-08  8.35392494e-06 
 7.56105808e-08  2.01926374e-06  7.56105808e-08 -7.99975130e-06 
 7.56605808e-08 -1.88088157e-06  7.56605808e-08  7.67056885e-06 
 7.57105808e-08  1.98209951e-06  7.57105808e-08 -7.32878123e-06 
 7.57605808e-08 -1.84369813e-06  7.57605808e-08  7.01173915e-06 
 7.58105808e-08  1.94492631e-06  7.58105808e-08 -6.68184748e-06 
 7.58605808e-08 -1.80656653e-06  7.58605808e-08  6.37647066e-06 
 7.59105808e-08  1.90786055e-06  7.59105808e-08 -6.05801366e-06 
 7.59605808e-08 -1.76959306e-06  7.59605808e-08  5.76385454e-06 
 7.60105808e-08  1.87099909e-06  7.60105808e-08 -5.45639740e-06 
 7.60605808e-08 -1.73286582e-06  7.60605808e-08  5.17303359e-06 
 7.61105808e-08  1.83442216e-06  7.61105808e-08 -4.87616565e-06 
 7.61605808e-08 -1.69645772e-06  7.61605808e-08  4.60319806e-06 
 7.62105808e-08  1.79819582e-06  7.62105808e-08 -4.31653104e-06 
 7.62605808e-08 -1.66042867e-06  7.62605808e-08  4.05358187e-06 
 7.63105808e-08  1.76237424e-06  7.63105808e-08 -3.77674804e-06 
 7.63605808e-08 -1.62482743e-06  7.63605808e-08  3.52345922e-06 
 7.64105808e-08  1.72700128e-06  7.64105808e-08 -3.25610974e-06 
 7.64605808e-08 -1.58969345e-06  7.64605808e-08  3.01214139e-06 
 7.65105808e-08  1.69211228e-06  7.65105808e-08 -2.75394501e-06 
 7.65605808e-08 -1.55505819e-06  7.65605808e-08  2.51897413e-06 
 7.66105808e-08  1.65773518e-06  7.66105808e-08 -2.26961580e-06 
 7.66605808e-08 -1.52094637e-06  7.66605808e-08  2.04333492e-06 
 7.67105808e-08  1.62389171e-06  7.67105808e-08 -1.80251471e-06 
 7.67605808e-08 -1.48737708e-06  7.67605808e-08  1.58463093e-06 
 7.68105808e-08  1.59059846e-06  7.68105808e-08 -1.35206285e-06 
 7.68605808e-08 -1.45436448e-06  7.68605808e-08  1.14229674e-06 
 7.69105808e-08  1.55786754e-06  7.69105808e-08 -9.17707850e-07 
 7.69605808e-08 -1.42191885e-06  7.69605808e-08  7.15792511e-07 
 7.70105808e-08  1.52570734e-06  7.70105808e-08 -4.98921988e-07 
 7.70605808e-08 -1.39004689e-06  7.70605808e-08  3.04602287e-07 
 7.71105808e-08  1.49412306e-06  7.71105808e-08 -9.52006688e-08 
 7.71605808e-08 -1.35875238e-06  7.71605808e-08 -9.17676498e-08 
 7.72105808e-08  1.46311732e-06  7.72105808e-08  2.93939242e-07 
 7.72605808e-08 -1.32803687e-06  7.72605808e-08 -4.73790142e-07 
 7.73105808e-08  1.43269056e-06  7.73105808e-08  6.68960711e-07 
 7.73605808e-08 -1.29789981e-06  7.73605808e-08 -8.41918622e-07 
 7.74105808e-08  1.40284129e-06  7.74105808e-08  1.03030782e-06 
 7.74605808e-08 -1.26833887e-06  7.74605808e-08 -1.19658810e-06 
 7.75105808e-08  1.37356655e-06  7.75105808e-08  1.37840689e-06 
 7.75605808e-08 -1.23935047e-06  7.75605808e-08 -1.53821651e-06 
 7.76105808e-08  1.34486205e-06  7.76105808e-08  1.71366767e-06 
 7.76605808e-08 -1.21092978e-06  7.76605808e-08 -1.86720561e-06 
 7.77105808e-08  1.31672251e-06  7.77105808e-08  2.03648416e-06 
 7.77605808e-08 -1.18307101e-06  7.77605808e-08 -2.18394192e-06 
 7.78105808e-08  1.28914179e-06  7.78105808e-08  2.34723565e-06 
 7.78605808e-08 -1.15576770e-06  7.78605808e-08 -2.48879768e-06 
 7.79105808e-08  1.26211302e-06  7.79105808e-08  2.64628745e-06 
 7.79605808e-08 -1.12901268e-06  7.79605808e-08 -2.78213151e-06 
 7.80105808e-08  1.23562878e-06  7.80105808e-08  2.93399179e-06 
 7.80605808e-08 -1.10279828e-06  7.80605808e-08 -3.06428935e-06 
 7.81105808e-08  1.20968118e-06  7.81105808e-08  3.21068838e-06 
 7.81605808e-08 -1.07711645e-06  7.81605808e-08 -3.33560489e-06 
 7.82105808e-08  1.18426205e-06  7.82105808e-08  3.47670516e-06 
 7.82605808e-08 -1.05195884e-06  7.82605808e-08 -3.59640047e-06 
 7.83105808e-08  1.15936291e-06  7.83105808e-08  3.73235892e-06 
 7.83605808e-08 -1.02731691e-06  7.83605808e-08 -3.84698748e-06 
 7.84105808e-08  1.13497502e-06  7.84105808e-08  3.97795584e-06 
 7.84605808e-08 -1.00318184e-06  7.84605808e-08 -4.08766697e-06 
 7.85105808e-08  1.11108969e-06  7.85105808e-08  4.21379201e-06 
 7.85605808e-08 -9.79544872e-07  7.85605808e-08 -4.31873019e-06 
 7.86105808e-08  1.08769801e-06  7.86105808e-08  4.44015389e-06 
 7.86605808e-08 -9.56397038e-07  7.86605808e-08 -4.54045901e-06 
 7.87105808e-08  1.06479096e-06  7.87105808e-08  4.65731882e-06 
 7.87605808e-08 -9.33729419e-07  7.87605808e-08 -4.75312633e-06 
 7.88105808e-08  1.04235972e-06  7.88105808e-08  4.86555551e-06 
 7.88605808e-08 -9.11533081e-07  7.88605808e-08 -4.95699658e-06 
 7.89105808e-08  1.02039535e-06  7.89105808e-08  5.06512420e-06 
 7.89605808e-08 -8.89799198e-07  7.89605808e-08 -5.15232610e-06 
 7.90105808e-08  9.98888932e-07  7.90105808e-08  5.25627724e-06 
 7.90605808e-08 -8.68518849e-07  7.90605808e-08 -5.33936332e-06 
 7.91105808e-08  9.77831736e-07  7.91105808e-08  5.43925940e-06 
 7.91605808e-08 -8.47683284e-07  7.91605808e-08 -5.51834929e-06 
 7.92105808e-08  9.57214966e-07  7.92105808e-08  5.61430811e-06 
 7.92605808e-08 -8.27283893e-07  7.92605808e-08 -5.68951799e-06 
 7.93105808e-08  9.37030086e-07  7.93105808e-08  5.78165381e-06 
 7.93605808e-08 -8.07312077e-07  7.93605808e-08 -5.85309641e-06 
 7.94105808e-08  9.17268555e-07  7.94105808e-08  5.94152028e-06 
 7.94605808e-08 -7.87759370e-07  7.94605808e-08 -6.00930513e-06 
 7.95105808e-08  8.97921962e-07  7.95105808e-08  6.09412481e-06 
 7.95605808e-08 -7.68617467e-07  7.95605808e-08 -6.15835824e-06 
 7.96105808e-08  8.78982066e-07  7.96105808e-08  6.23967853e-06 
 7.96605808e-08 -7.49878132e-07  7.96605808e-08 -6.30046384e-06 
 7.97105808e-08  8.60440658e-07  7.97105808e-08  6.37838650e-06 
 7.97605808e-08 -7.31533292e-07  7.97605808e-08 -6.43582421e-06 
 7.98105808e-08  8.42289802e-07  7.98105808e-08  6.51044822e-06 
 7.98605808e-08 -7.13574984e-07  7.98605808e-08 -6.56463596e-06 
 7.99105808e-08  8.24521568e-07  7.99105808e-08  6.63605749e-06 
 7.99552904e-08 -6.94967071e-07  7.99552904e-08 -6.69414056e-06 
 8.00000000e-08  8.05094537e-07  8.00000000e-08  6.76912010e-06 
 8.00050000e-08  1.51768703e-05  8.00050000e-08  2.07597310e-04 
 8.00150000e-08 -3.44932211e-06  8.00150000e-08  2.11220968e-05 
 8.00350000e-08 -8.30528856e-06  8.00350000e-08 -5.07582441e-05 
 8.00750000e-08  5.49079268e-06  8.00750000e-08 -7.77035990e-05 
 8.01250000e-08 -4.26826455e-05  8.01250000e-08 -1.80817240e-04 
 8.01625000e-08 -1.00325763e-04  8.01625000e-08 -4.46856105e-04 
 8.02000000e-08  6.01791598e-04  8.02000000e-08  1.94946616e-04 
 8.02050000e-08  4.45236915e-04  8.02050000e-08  7.91601703e-05 
 8.02150000e-08 -1.34343204e-04  8.02150000e-08  3.67503555e-04 
 8.02350000e-08 -3.79723140e-04  8.02350000e-08  1.08140229e-03 
 8.02750000e-08  1.36648205e-04  8.02750000e-08  1.71374983e-03 
 8.03188599e-08 -9.51325338e-05  8.03188599e-08 -2.05281068e-03 
 8.03647245e-08  6.48788248e-05  8.03647245e-08  2.67776813e-04 
 8.04147245e-08 -5.02321824e-05  8.04147245e-08 -3.69509168e-04 
 8.04647245e-08  4.01117956e-05  8.04647245e-08  3.15039661e-04 
 8.05147245e-08 -3.26815406e-05  8.05147245e-08 -1.95306248e-04 
 8.05647245e-08  2.73364749e-05  8.05647245e-08  1.44953189e-04 
 8.06147245e-08 -2.30252267e-05  8.06147245e-08 -8.24331199e-05 
 8.06647245e-08  1.98692062e-05  8.06647245e-08  4.39909697e-05 
 8.07147245e-08 -1.71401057e-05  8.07147245e-08 -9.06967274e-06 
 8.07647245e-08  1.51484837e-05  8.07647245e-08 -1.57856259e-05 
 8.08147245e-08 -1.32955106e-05  8.08147245e-08  3.59859896e-05 
 8.08647245e-08  1.19657181e-05  8.08647245e-08 -5.09150943e-05 
 8.09147245e-08 -1.06202296e-05  8.09147245e-08  6.23724481e-05 
 8.09647245e-08  9.68605294e-06  8.09647245e-08 -7.06977465e-05 
 8.10147245e-08 -8.65135200e-06  8.10147245e-08  7.67191051e-05 
 8.10647245e-08  7.96608061e-06  8.10647245e-08 -8.07867849e-05 
 8.11147245e-08 -7.13268638e-06  8.11147245e-08  8.33893016e-05 
 8.11647245e-08  6.61332804e-06  8.11647245e-08 -8.47639782e-05 
 8.12147245e-08 -5.91815985e-06  8.12147245e-08  8.52358348e-05 
 8.12647245e-08  5.51596811e-06  8.12647245e-08 -8.49454266e-05 
 8.13147245e-08 -4.92112769e-06  8.13147245e-08  8.41217020e-05 
 8.13647245e-08  4.60611876e-06  8.13647245e-08 -8.28379719e-05 
 8.14147245e-08 -4.08767621e-06  8.14147245e-08  8.12612944e-05 
 8.14647245e-08  3.84040748e-06  8.14647245e-08 -7.94206524e-05 
 8.15147245e-08 -3.38240563e-06  8.15147245e-08  7.74417522e-05 
 8.15647245e-08  3.18955336e-06  8.15647245e-08 -7.53248885e-05 
 8.16147245e-08 -2.78075499e-06  8.16147245e-08  7.31677330e-05 
 8.16647245e-08  2.63269410e-06  8.16647245e-08 -7.09522432e-05 
 8.17147245e-08 -2.26478223e-06  8.17147245e-08  6.87569620e-05 
 8.17647245e-08  2.15423179e-06  8.17647245e-08 -6.65523118e-05 
 8.18147245e-08 -1.82075839e-06  8.18147245e-08  6.44023784e-05 
 8.18647245e-08  1.74201027e-06  8.18647245e-08 -6.22751833e-05 
 8.19147245e-08 -1.43792024e-06  8.19147245e-08  6.02216503e-05 
 8.19573622e-08  1.35798480e-06  8.19573622e-08 -5.78632933e-05 
 8.20000000e-08 -1.05503415e-06  8.20000000e-08  5.56142840e-05 
 8.20050000e-08 -2.38111313e-07  8.20050000e-08  4.73359965e-06 
 8.20150000e-08  2.25580001e-07  8.20150000e-08 -4.43992830e-06 
 8.20350000e-08 -6.64273543e-08  8.20350000e-08  3.96032506e-06 
 8.20750000e-08  1.78848355e-07  8.20750000e-08 -3.64488024e-06 
 8.21250000e-08 -5.84694695e-08  8.21250000e-08  3.46446641e-06 
 8.21625000e-08  1.74690833e-07  8.21625000e-08 -3.25093482e-06 
 8.22000000e-08  2.78794131e-07  8.22000000e-08  3.03779517e-06 
 8.22050000e-08  1.19115596e-06  8.22050000e-08  3.94082380e-07 
 8.22150000e-08 -3.57168587e-06  8.22150000e-08  3.73287802e-07 
 8.22350000e-08 -1.14502911e-05  8.22350000e-08  2.07113906e-07 
 8.22750000e-08  2.42747034e-05  8.22750000e-08 -2.71475775e-07 
 8.23250000e-08 -2.66690509e-05  8.23250000e-08 -1.47753699e-07 
 8.23750000e-08  2.17533688e-05  8.23750000e-08 -2.18178255e-05 
 8.24250000e-08 -1.51750723e-05  8.24250000e-08  6.12988203e-05 
 8.24750000e-08  1.00940675e-05  8.24750000e-08 -6.50551461e-05 
 8.25250000e-08 -6.19704810e-06  8.25250000e-08  4.66722842e-05 
 8.25750000e-08  3.65652888e-06  8.25750000e-08 -4.37705170e-05 
 8.26250000e-08 -1.66634231e-06  8.26250000e-08  4.36562192e-05 
 8.26750000e-08  4.55756529e-07  8.26750000e-08 -4.13659923e-05 
 8.27250000e-08  6.24977573e-07  8.27250000e-08  3.99686367e-05 
 8.27750000e-08 -1.21026706e-06  8.27750000e-08 -3.79922434e-05 
 8.28250000e-08  1.85353551e-06  8.28250000e-08  3.62119458e-05 
 8.28750000e-08 -2.12552808e-06  8.28750000e-08 -3.43450821e-05 
 8.29250000e-08  2.53861874e-06  8.29250000e-08  3.25784578e-05 
 8.29750000e-08 -2.63711376e-06  8.29750000e-08 -3.08509200e-05 
 8.30250000e-08  2.91627593e-06  8.30250000e-08  2.92290849e-05 
 8.30750000e-08 -2.90913012e-06  8.30750000e-08 -2.76800832e-05 
 8.31250000e-08  3.10344423e-06  8.31250000e-08  2.62452517e-05 
 8.31750000e-08 -3.02711073e-06  8.31750000e-08 -2.48894760e-05 
 8.32250000e-08  3.16437708e-06  8.32250000e-08  2.36475278e-05 
 8.32750000e-08 -3.04060962e-06  8.32750000e-08 -2.24802082e-05 
 8.33250000e-08  3.13825939e-06  8.33250000e-08  2.14199750e-05 
 8.33750000e-08 -2.98132872e-06  8.33750000e-08 -2.04252995e-05 
 8.34250000e-08  3.05125813e-06  8.34250000e-08  1.95277862e-05 
 8.34750000e-08 -2.87123308e-06  8.34750000e-08 -1.86849998e-05 
 8.35250000e-08  2.92206276e-06  8.35250000e-08  1.79284388e-05 
 8.35750000e-08 -2.72639126e-06  8.35750000e-08 -1.72155910e-05 
 8.36250000e-08  2.76459358e-06  8.36250000e-08  1.65782736e-05 
 8.36750000e-08 -2.55891642e-06  8.36750000e-08 -1.59743033e-05 
 8.37250000e-08  2.58944044e-06  8.37250000e-08  1.54361535e-05 
 8.37750000e-08 -2.37807515e-06  8.37750000e-08 -1.49220172e-05 
 8.38250000e-08  2.40468340e-06  8.38250000e-08  1.44650590e-05 
 8.38750000e-08 -2.19095039e-06  8.38750000e-08 -1.40241231e-05 
 8.39250000e-08  2.21652137e-06  8.39250000e-08  1.36329887e-05 
 8.39750000e-08 -2.00291297e-06  8.39750000e-08 -1.32511147e-05 
 8.40250000e-08  2.02959817e-06  8.40250000e-08  1.29128489e-05 
 8.40750000e-08 -1.81795986e-06  8.40750000e-08 -1.25782314e-05 
 8.41250000e-08  1.84733528e-06  8.41250000e-08  1.22821211e-05 
 8.41750000e-08 -1.63900025e-06  8.41750000e-08 -1.19850687e-05 
 8.42250000e-08  1.67218524e-06  8.42250000e-08  1.17223789e-05 
 8.42750000e-08 -1.46808053e-06  8.42750000e-08 -1.14550398e-05 
 8.43250000e-08  1.50583317e-06  8.43250000e-08  1.12187347e-05 
 8.43750000e-08 -1.30656582e-06  8.43750000e-08 -1.09748192e-05 
 8.44250000e-08  1.34936102e-06  8.44250000e-08  1.07592922e-05 
 8.44750000e-08 -1.15528837e-06  8.44750000e-08 -1.05338134e-05 
 8.45250000e-08  1.20338116e-06  8.45250000e-08  1.03346408e-05 
 8.45750000e-08 -1.01466798e-06  8.45750000e-08 -1.01236821e-05 
 8.46250000e-08  1.06814515e-06  8.46250000e-08  9.93740516e-06 
 8.46750000e-08 -8.84809978e-07  8.46750000e-08 -9.73791860e-06 
 8.47250000e-08  9.43631592e-07  8.47250000e-08  9.56185797e-06 
 8.47750000e-08 -7.65584087e-07  8.47750000e-08 -9.37149270e-06 
 8.48250000e-08  8.29617038e-07  8.48250000e-08  9.20359122e-06 
 8.48750000e-08 -6.56687642e-07  8.48750000e-08 -9.02055072e-06 
 8.49250000e-08  7.25732073e-07  8.49250000e-08  8.85924383e-06 
 8.49750000e-08 -5.57695711e-07  8.49750000e-08 -8.68216840e-06 
 8.50250000e-08  6.31506078e-07  8.50250000e-08  8.52627795e-06 
 8.50750000e-08 -4.68100849e-07  8.50750000e-08 -8.35414914e-06 
 8.51250000e-08  5.46402467e-07  8.51250000e-08  8.20279780e-06 
 8.51750000e-08 -3.87344034e-07  8.51750000e-08 -8.03486170e-06 
 8.52250000e-08  4.69845781e-07  8.52250000e-08  7.88740410e-06 
 8.52750000e-08 -3.14838660e-07  8.52750000e-08 -7.72310995e-06 
 8.53250000e-08  4.01242745e-07  8.53250000e-08  7.57907831e-06 
 8.53750000e-08 -2.49988775e-07  8.53750000e-08 -7.41803025e-06 
 8.54250000e-08  3.39998196e-07  8.54250000e-08  7.27709142e-06 
 8.54750000e-08 -1.92202891e-07  8.54750000e-08 -7.11901030e-06 
 8.55250000e-08  2.85526830e-07  8.55250000e-08  6.98093219e-06 
 8.55750000e-08 -1.40904094e-07  8.55750000e-08 -6.82562610e-06 
 8.56250000e-08  2.37261930e-07  8.56250000e-08  6.69025163e-06 
 8.56750000e-08 -9.55373162e-08  8.56750000e-08 -6.53759299e-06 
 8.57250000e-08  1.94661257e-07  8.57250000e-08  6.40481997e-06 
 8.57750000e-08 -5.55741698e-08  8.57750000e-08 -6.25472795e-06 
 8.58250000e-08  1.57211154e-07  8.58250000e-08  6.12449385e-06 
 8.58750000e-08 -2.05162876e-08  8.58750000e-08 -5.97692093e-06 
 8.59250000e-08  1.24428889e-07  8.59250000e-08  5.84919100e-06 
 8.59750000e-08  1.01030418e-08  8.59750000e-08 -5.70411293e-06 
 8.60250000e-08  9.58640451e-08  8.60250000e-08  5.57887161e-06 
 8.60750000e-08  3.67180058e-08  8.60750000e-08 -5.43627965e-06 
 8.61250000e-08  7.10985478e-08  8.61250000e-08  5.31352393e-06 
 8.61750000e-08  5.97304960e-08  8.61750000e-08 -5.17341931e-06 
 8.62250000e-08  4.97465568e-08  8.62250000e-08  5.05315387e-06 
 8.62750000e-08  7.95106927e-08  8.62750000e-08 -4.91554363e-06 
 8.63250000e-08  3.14533724e-08  8.63250000e-08  4.79777725e-06 
 8.63750000e-08  9.63980428e-08  8.63750000e-08 -4.66267115e-06 
 8.64250000e-08  1.58943101e-08  8.64250000e-08  4.54741421e-06 
 8.64750000e-08  1.10702923e-07  8.64750000e-08 -4.41482268e-06 
 8.65250000e-08  2.77304264e-09  8.65250000e-08  4.30208541e-06 
 8.65750000e-08  1.22707947e-07  8.65750000e-08 -4.17201793e-06 
 8.66250000e-08 -8.17988225e-09  8.66250000e-08  4.06180903e-06 
 8.66750000e-08  1.32669823e-07  8.66750000e-08 -3.93427321e-06 
 8.67250000e-08 -1.72088175e-08  8.67250000e-08  3.82659910e-06 
 8.67750000e-08  1.40821046e-07  8.67750000e-08 -3.70160000e-06 
 8.68250000e-08 -2.45348270e-08  8.68250000e-08  3.59646432e-06 
 8.68750000e-08  1.47371699e-07  8.68750000e-08 -3.47400395e-06 
 8.69250000e-08 -3.03574057e-08  8.69250000e-08  3.37140728e-06 
 8.69750000e-08  1.52511093e-07  8.69750000e-08 -3.25148460e-06 
 8.70250000e-08 -3.48561752e-08  8.70250000e-08  3.15142423e-06 
 8.70750000e-08  1.56409563e-07  8.70750000e-08 -3.03403484e-06 
 8.71250000e-08 -3.81925538e-08  8.71250000e-08  2.93650485e-06 
 8.71750000e-08  1.59220010e-07  8.71750000e-08 -2.82164121e-06 
 8.72250000e-08 -4.05112937e-08  8.72250000e-08  2.72663249e-06 
 8.72750000e-08  1.61079395e-07  8.72750000e-08 -2.61428393e-06 
 8.73250000e-08 -4.19418956e-08  8.73250000e-08  2.52178429e-06 
 8.73750000e-08  1.62110166e-07  8.73750000e-08 -2.41193713e-06 
 8.74250000e-08 -4.26002058e-08  8.74250000e-08  2.32193156e-06 
 8.74750000e-08  1.62421708e-07  8.74750000e-08 -2.21456931e-06 
 8.75250000e-08 -4.25893741e-08  8.75250000e-08  2.12703995e-06 
 8.75750000e-08  1.62111527e-07  8.75750000e-08 -2.02214351e-06 
 8.76250000e-08 -4.20014215e-08  8.76250000e-08  1.93707001e-06 
 8.76750000e-08  1.61266260e-07  8.76750000e-08 -1.83461779e-06 
 8.77250000e-08 -4.09181202e-08  8.77250000e-08  1.75197743e-06 
 8.77750000e-08  1.59962974e-07  8.77750000e-08 -1.65194564e-06 
 8.78250000e-08 -3.94119264e-08  8.78250000e-08  1.57171359e-06 
 8.78750000e-08  1.58269968e-07  8.78750000e-08 -1.47407632e-06 
 8.79250000e-08 -3.75472264e-08  8.79250000e-08  1.39622568e-06 
 8.79750000e-08  1.56247726e-07  8.79750000e-08 -1.30095517e-06 
 8.80250000e-08 -3.53807898e-08  8.80250000e-08  1.22545734e-06 
 8.80750000e-08  1.53949678e-07  8.80750000e-08 -1.13252410e-06 
 8.81250000e-08 -3.29628922e-08  8.81250000e-08  1.05934883e-06 
 8.81750000e-08  1.51422966e-07  8.81750000e-08 -9.68721871e-07 
 8.82250000e-08 -3.03378061e-08  8.82250000e-08  8.97837450e-07 
 8.82750000e-08  1.48709177e-07  8.82750000e-08 -8.09484374e-07 
 8.83250000e-08 -2.75443859e-08  8.83250000e-08  7.40857778e-07 
 8.83750000e-08  1.45844755e-07  8.83750000e-08 -6.54745071e-07 
 8.84250000e-08 -2.46169778e-08  8.84250000e-08  5.88342156e-07 
 8.84750000e-08  1.42861796e-07  8.84750000e-08 -5.04435084e-07 
 8.85250000e-08 -2.15854738e-08  8.85250000e-08  4.40220702e-07 
 8.85750000e-08  1.39788303e-07  8.85750000e-08 -3.58483731e-07 
 8.86250000e-08 -1.84760974e-08  8.86250000e-08  2.96421857e-07 
 8.86750000e-08  1.36648714e-07  8.86750000e-08 -2.16818560e-07 
 8.87250000e-08 -1.53117050e-08  8.87250000e-08  1.56872447e-07 
 8.87750000e-08  1.33464504e-07  8.87750000e-08 -7.93657431e-08 
 8.88250000e-08 -1.21122489e-08  8.88250000e-08  2.14979998e-08 
 8.88750000e-08  1.30254114e-07  8.88750000e-08  5.39497727e-08 
 8.89250000e-08 -8.89492250e-09  8.89250000e-08 -1.09777069e-07 
 8.89750000e-08  1.27033591e-07  8.89750000e-08  1.83203986e-07 
 8.90250000e-08 -5.67470092e-09  8.90250000e-08 -2.37029170e-07 
 8.90750000e-08  1.23816862e-07  8.90750000e-08  3.08473781e-07 
 8.91250000e-08 -2.46439133e-09  8.91250000e-08 -3.60336341e-07 
 8.91750000e-08  1.20615696e-07  8.91750000e-08  4.29836503e-07 
 8.92250000e-08  7.25012751e-10  8.92250000e-08 -4.79773279e-07 
 8.92750000e-08  1.17440483e-07  8.92750000e-08  5.47369950e-07 
 8.93250000e-08  3.88389510e-09  8.93250000e-08 -5.95421541e-07 
 8.93750000e-08  1.14299876e-07  8.93750000e-08  6.61152592e-07 
 8.94250000e-08  7.00438690e-09  8.94250000e-08 -7.07357893e-07 
 8.94750000e-08  1.11201184e-07  8.94750000e-08  7.71262523e-07 
 8.95250000e-08  1.00797854e-08  8.95250000e-08 -8.15660605e-07 
 8.95750000e-08  1.08150498e-07  8.95750000e-08  8.77777917e-07 
 8.96250000e-08  1.31044354e-08  8.96250000e-08 -9.20407843e-07 
 8.96750000e-08  1.05153037e-07  8.96750000e-08  9.80776898e-07 
 8.97250000e-08  1.60736741e-08  8.97250000e-08 -1.02167764e-06 
 8.97750000e-08  1.02212968e-07  8.97750000e-08  1.08033730e-06 
 8.98250000e-08  1.89836589e-08  8.98250000e-08 -1.11954766e-06 
 8.98750000e-08  9.93338411e-08  8.98750000e-08  1.17653661e-06 
 8.99250000e-08  2.18312902e-08  8.99250000e-08 -1.21409515e-06 
 8.99625000e-08  9.60554101e-08  8.99625000e-08  1.28462460e-06 
 9.00000000e-08  2.55270627e-08  9.00000000e-08 -1.33512432e-06 
 9.00050000e-08 -8.05043840e-06  9.00050000e-08 -7.26472124e-05 
 9.00150000e-08  5.89515786e-06  9.00150000e-08  1.22568068e-05 
 9.00350000e-08  1.71563804e-06  9.00350000e-08  1.44973724e-05 
 9.00750000e-08 -2.65383604e-06  9.00750000e-08  1.68154738e-05 
 9.01250000e-08  2.38914769e-05  9.01250000e-08  1.72758655e-04 
 9.01625000e-08  1.44483536e-05  9.01625000e-08  1.92599533e-04 
 9.02000000e-08 -3.40810907e-04  9.02000000e-08 -1.50164695e-04 
 9.02050000e-08 -3.40443681e-04  9.02050000e-08 -3.70876164e-04 
 9.02150000e-08  8.43038089e-06  9.02150000e-08 -8.11040538e-04 
 9.02350000e-08  5.21741115e-04  9.02350000e-08 -1.33162740e-03 
 9.02733054e-08 -2.74593462e-04  9.02733054e-08 -4.37250516e-04 
 9.03157198e-08  1.33773454e-04  9.03157198e-08  1.69791607e-03 
 9.03601527e-08 -5.38183372e-05  9.03601527e-08 -2.84243011e-04 
 9.04101527e-08  1.67918154e-05  9.04101527e-08  2.41938521e-04 
 9.04601527e-08  1.01308049e-05  9.04601527e-08 -3.07989122e-04 
 9.05101527e-08 -3.15229361e-05  9.05101527e-08  1.31781688e-04 
 9.05601527e-08  4.69151934e-05  9.05601527e-08 -1.05072134e-04 
 9.06101527e-08 -5.64851837e-05  9.06101527e-08  6.10202123e-05 
 9.06601527e-08  6.19753180e-05  9.06601527e-08 -3.26386366e-05 
 9.07101527e-08 -6.41659676e-05  9.07101527e-08 -6.97603250e-06 
 9.07601527e-08  6.44170923e-05  9.07601527e-08  2.79554836e-05 
 9.08101527e-08 -6.29715190e-05  9.08101527e-08 -5.13655509e-05 
 9.08601527e-08  6.07862393e-05  9.08601527e-08  6.73590171e-05 
 9.09101527e-08 -5.77444205e-05  9.09101527e-08 -8.13050741e-05 
 9.09601527e-08  5.45759073e-05  9.09601527e-08  9.19390556e-05 
 9.10101527e-08 -5.09770007e-05  9.10101527e-08 -1.00246788e-04 
 9.10601527e-08  4.75586161e-05  9.10601527e-08  1.06637758e-04 
 9.11101527e-08 -4.39227068e-05  9.11101527e-08 -1.11281834e-04 
 9.11601527e-08  4.06167417e-05  9.11601527e-08  1.14663189e-04 
 9.12101527e-08 -3.71948010e-05  9.12101527e-08 -1.16854025e-04 
 9.12601527e-08  3.41695457e-05  9.12601527e-08  1.18192654e-04 
 9.13101527e-08 -3.10708126e-05  9.13101527e-08 -1.18745813e-04 
 9.13601527e-08  2.83918528e-05  9.13601527e-08  1.18733905e-04 
 9.14101527e-08 -2.56505292e-05  9.14101527e-08 -1.18213334e-04 
 9.14601527e-08  2.33292826e-05  9.14601527e-08  1.17331122e-04 
 9.15101527e-08 -2.09404622e-05  9.15101527e-08 -1.16126314e-04 
 9.15601527e-08  1.89606334e-05  9.15601527e-08  1.14702052e-04 
 9.16101527e-08 -1.69000400e-05  9.16101527e-08 -1.13079438e-04 
 9.16601527e-08  1.52322480e-05  9.16601527e-08  1.11334993e-04 
 9.17101527e-08 -1.34671688e-05  9.17101527e-08 -1.09474550e-04 
 9.17601527e-08  1.20770501e-05  9.17601527e-08  1.07558091e-04 
 9.18101527e-08 -1.05723567e-05  9.18101527e-08 -1.05579590e-04 
 9.18601527e-08  9.42499071e-06  9.18601527e-08  1.03588584e-04 
 9.19101527e-08 -8.14637135e-06  9.19101527e-08 -1.01570260e-04 
 9.19601527e-08  7.20860211e-06  9.19601527e-08  9.95675308e-05 
 9.20101527e-08 -6.12419596e-06  9.20101527e-08 -9.75592313e-05 
 9.20601527e-08  5.36574618e-06  9.20601527e-08  9.55841096e-05 
 9.21101527e-08 -4.44686060e-06  9.21101527e-08 -9.36164718e-05 
 9.21601527e-08  3.84075533e-06  9.21601527e-08  9.16925111e-05 
 9.22101527e-08 -3.06206491e-06  9.22101527e-08 -8.97833235e-05 
 9.22601527e-08  2.58456837e-06  9.22601527e-08  8.79252286e-05 
 9.23101527e-08 -1.92421713e-06  9.23101527e-08 -8.60788324e-05 
 9.23601527e-08  1.55492855e-06  9.23601527e-08  8.42936907e-05 
 9.24101527e-08 -9.93636173e-07  9.24101527e-08 -8.25200957e-05 
 9.24601527e-08  7.15088274e-07  9.24601527e-08  8.08066697e-05 
 9.25101527e-08 -2.36649679e-07  9.25101527e-08 -7.91056212e-05 
 9.25601527e-08  3.38499039e-08  9.25601527e-08  7.74633231e-05 
 9.26101527e-08  3.75530228e-07  9.26101527e-08 -7.58329598e-05 
 9.26601527e-08 -5.15307640e-07  9.26601527e-08  7.42594343e-05 
 9.27101527e-08  8.67293571e-07  9.27101527e-08 -7.26979552e-05 
 9.27601527e-08 -9.54798722e-07  9.27601527e-08  7.11886863e-05 
 9.28101527e-08  1.25925087e-06  9.28101527e-08 -6.96903073e-05 
 9.28601527e-08 -1.30351377e-06  9.28601527e-08  6.82442516e-05 
 9.29101527e-08  1.56873157e-06  9.29101527e-08 -6.68062768e-05 
 9.29601527e-08 -1.57735686e-06  9.29601527e-08  6.54184441e-05 
 9.30101527e-08  1.81025575e-06  9.30101527e-08 -6.40372258e-05 
 9.30601527e-08 -1.78958144e-06  9.30601527e-08  6.27039703e-05 
 9.31101527e-08  1.99595510e-06  9.31101527e-08 -6.13759100e-05 
 9.31601527e-08 -1.95127901e-06  9.31601527e-08  6.00938005e-05 
 9.32101527e-08  2.13596048e-06  9.32101527e-08 -5.88155436e-05 
 9.32601527e-08 -2.07169478e-06  9.32601527e-08  5.75813898e-05 
 9.33101527e-08  2.23870469e-06  9.33101527e-08 -5.63498426e-05 
 9.33601527e-08 -2.15851491e-06  9.33601527e-08  5.51607139e-05 
 9.34101527e-08  2.31118992e-06  9.34101527e-08 -5.39730486e-05 
 9.34601527e-08 -2.21811426e-06  9.34601527e-08  5.28262746e-05 
 9.35101527e-08  2.35921706e-06  9.35101527e-08 -5.16799214e-05 
 9.35601527e-08 -2.25576792e-06  9.35601527e-08  5.05730796e-05 
 9.36101527e-08  2.38758051e-06  9.36101527e-08 -4.94657110e-05 
 9.36601527e-08 -2.27583029e-06  9.36601527e-08  4.83966086e-05 
 9.37101527e-08  2.40023266e-06  9.37101527e-08 -4.73261187e-05 
 9.37601527e-08 -2.28188632e-06  9.37601527e-08  4.62927718e-05 
 9.38101527e-08  2.40042315e-06  9.38101527e-08 -4.52572547e-05 
 9.38601527e-08 -2.27687942e-06  9.38601527e-08  4.42578666e-05 
 9.39101527e-08  2.39081606e-06  9.39101527e-08 -4.32555950e-05 
 9.39601527e-08 -2.26321875e-06  9.39601527e-08  4.22885356e-05 
 9.40101527e-08  2.37358833e-06  9.40101527e-08 -4.13179404e-05 
 9.40601527e-08 -2.24286973e-06  9.40601527e-08  4.03817263e-05 
 9.41101527e-08  2.35051277e-06  9.41101527e-08 -3.94413780e-05 
 9.41601527e-08 -2.21742975e-06  9.41601527e-08  3.85346554e-05 
 9.42101527e-08  2.32302727e-06  9.42101527e-08 -3.76232469e-05 
 9.42601527e-08 -2.18819166e-06  9.42601527e-08  3.67447758e-05 
 9.43101527e-08  2.29229280e-06  9.43101527e-08 -3.58611080e-05 
 9.43601527e-08 -2.15619671e-06  9.43601527e-08  3.50097482e-05 
 9.44101527e-08  2.25924210e-06  9.44101527e-08 -3.41527165e-05 
 9.44601527e-08 -2.12227913e-06  9.44601527e-08  3.33274156e-05 
 9.45101527e-08  2.22461997e-06  9.45101527e-08 -3.24959991e-05 
 9.45601527e-08 -2.08710275e-06  9.45601527e-08  3.16957819e-05 
 9.46101527e-08  2.18901705e-06  9.46101527e-08 -3.08890327e-05 
 9.46601527e-08 -2.05119199e-06  9.46601527e-08  3.01129922e-05 
 9.47101527e-08  2.15289790e-06  9.47101527e-08 -2.93300276e-05 
 9.47601527e-08 -2.01495734e-06  9.47601527e-08  2.85773171e-05 
 9.48101527e-08  2.11662413e-06  9.48101527e-08 -2.78173118e-05 
 9.48601527e-08 -1.97871644e-06  9.48601527e-08  2.70871383e-05 
 9.49101527e-08  2.08047387e-06  9.49101527e-08 -2.63493182e-05 
 9.49601527e-08 -1.94271173e-06  9.49601527e-08  2.56409363e-05 
 9.50101527e-08  2.04465748e-06  9.50101527e-08 -2.49245731e-05 
 9.50601527e-08 -1.90712496e-06  9.50601527e-08  2.42372800e-05 
 9.51101527e-08  2.00933104e-06  9.51101527e-08 -2.35416865e-05 
 9.51601527e-08 -1.87208911e-06  9.51601527e-08  2.28748180e-05 
 9.52101527e-08  1.97460686e-06  9.52101527e-08 -2.21993436e-05 
 9.52601527e-08 -1.83769814e-06  9.52601527e-08  2.15522700e-05 
 9.53101527e-08  1.94056264e-06  9.53101527e-08 -2.08962977e-05 
 9.53601527e-08 -1.80401523e-06  9.53601527e-08  2.02684208e-05 
 9.54101527e-08  1.90724857e-06  9.54101527e-08 -1.96313638e-05 
 9.54601527e-08 -1.77107921e-06  9.54601527e-08  1.90221138e-05 
 9.55101527e-08  1.87469349e-06  9.55101527e-08 -1.84034131e-05 
 9.55601527e-08 -1.73891001e-06  9.55601527e-08  1.78122463e-05 
 9.56101527e-08  1.84290955e-06  9.56101527e-08 -1.72113679e-05 
 9.56601527e-08 -1.70751304e-06  9.56601527e-08  1.66377645e-05 
 9.57101527e-08  1.81189628e-06  9.57101527e-08 -1.60541978e-05 
 9.57601527e-08 -1.67688277e-06  9.57601527e-08  1.54976600e-05 
 9.58101527e-08  1.78164375e-06  9.58101527e-08 -1.49309159e-05 
 9.58601527e-08 -1.64700540e-06  9.58601527e-08  1.43909662e-05 
 9.59101527e-08  1.75213495e-06  9.59101527e-08 -1.38405751e-05 
 9.59601527e-08 -1.61786139e-06  9.59601527e-08  1.33167549e-05 
 9.60101527e-08  1.72334811e-06  9.60101527e-08 -1.27822656e-05 
 9.60601527e-08 -1.58942698e-06  9.60601527e-08  1.22741337e-05 
 9.61101527e-08  1.69525803e-06  9.61101527e-08 -1.17551124e-05 
 9.61601527e-08 -1.56167597e-06  9.61601527e-08  1.12622440e-05 
 9.62101527e-08  1.66783756e-06  9.62101527e-08 -1.07582725e-05 
 9.62601527e-08 -1.53458045e-06  9.62601527e-08  1.02802579e-05 
 9.63101527e-08  1.64105845e-06  9.63101527e-08 -9.79093303e-06 
 9.63601527e-08 -1.50811209e-06  9.63601527e-08  9.32737701e-06 
 9.64101527e-08  1.61489227e-06  9.64101527e-08 -8.85230958e-06 
 9.64601527e-08 -1.48224237e-06  9.64601527e-08  8.40283025e-06 
 9.65101527e-08  1.58931067e-06  9.65101527e-08 -7.94164422e-06 
 9.65601527e-08 -1.45694341e-06  9.65601527e-08  7.50587227e-06 
 9.66101527e-08  1.56428628e-06  9.66101527e-08 -7.05820407e-06 
 9.66601527e-08 -1.43218821e-06  9.66601527e-08  6.63578224e-06 
 9.67101527e-08  1.53979251e-06  9.67101527e-08 -6.20127983e-06 
 9.67601527e-08 -1.40795080e-06  9.67601527e-08  5.79186209e-06 
 9.68101527e-08  1.51580409e-06  9.68101527e-08 -5.37018465e-06 
 9.68601527e-08 -1.38420661e-06  9.68601527e-08  4.97343564e-06 
 9.69101527e-08  1.49229711e-06  9.69101527e-08 -4.56425274e-06 
 9.69601527e-08 -1.36093240e-06  9.69601527e-08  4.17984724e-06 
 9.70101527e-08  1.46924909e-06  9.70101527e-08 -3.78283848e-06 
 9.70601527e-08 -1.33810642e-06  9.70601527e-08  3.41046091e-06 
 9.71101527e-08  1.44663897e-06  9.71101527e-08 -3.02531534e-06 
 9.71601527e-08 -1.31570838e-06  9.71601527e-08  2.66465932e-06 
 9.72101527e-08  1.42444720e-06  9.72101527e-08 -2.29107494e-06 
 9.72601527e-08 -1.29371944e-06  9.72601527e-08  1.94184284e-06 
 9.73101527e-08  1.40265568e-06  9.73101527e-08 -1.57952634e-06 
 9.73601527e-08 -1.27212217e-06  9.73601527e-08  1.24142887e-06 
 9.74101527e-08  1.38124764e-06  9.74101527e-08 -8.90095109e-07 
 9.74601527e-08 -1.25090048e-06  9.74601527e-08  5.62850987e-07 
 9.75101527e-08  1.36020764e-06  9.75101527e-08 -2.22222704e-07 
 9.75601527e-08 -1.23003959e-06  9.75601527e-08 -9.44417230e-08 
 9.76101527e-08  1.33952149e-06  9.76101527e-08  4.24634276e-07 
 9.76601527e-08 -1.20952589e-06  9.76601527e-08 -7.30985284e-07 
 9.77101527e-08  1.31917620e-06  9.77101527e-08  1.05100461e-06 
 9.77601527e-08 -1.18934694e-06  9.77601527e-08 -1.34730145e-06 
 9.78101527e-08  1.29915985e-06  9.78101527e-08  1.65740318e-06 
 9.78601527e-08 -1.16949134e-06  9.78601527e-08 -1.94389831e-06 
 9.79101527e-08  1.27946152e-06  9.79101527e-08  2.24433134e-06 
 9.79601527e-08 -1.14994865e-06  9.79601527e-08 -2.52127075e-06 
 9.80101527e-08  1.26007124e-06  9.80101527e-08  2.81227762e-06 
 9.80601527e-08 -1.13070934e-06  9.80601527e-08 -3.07990095e-06 
 9.81101527e-08  1.24097990e-06  9.81101527e-08  3.36171800e-06 
 9.81601527e-08 -1.11176471e-06  9.81601527e-08 -3.62025889e-06 
 9.82101527e-08  1.22217920e-06  9.82101527e-08  3.89311649e-06 
 9.82601527e-08 -1.09310683e-06  9.82601527e-08 -4.14280277e-06 
 9.83101527e-08  1.20366151e-06  9.83101527e-08  4.40692553e-06 
 9.83601527e-08 -1.07472832e-06  9.83601527e-08 -4.64797929e-06 
 9.84101527e-08  1.18541983e-06  9.84101527e-08  4.90358634e-06 
 9.84601527e-08 -1.05662264e-06  9.84601527e-08 -5.13622432e-06 
 9.85101527e-08  1.16744785e-06  9.85101527e-08  5.38352932e-06 
 9.85601527e-08 -1.03878362e-06  9.85601527e-08 -5.60796289e-06 
 9.86101527e-08  1.14973967e-06  9.86101527e-08  5.84717439e-06 
 9.86601527e-08 -1.02120561e-06  9.86601527e-08 -6.06360987e-06 
 9.87101527e-08  1.13228990e-06  9.87101527e-08  6.29493129e-06 
 9.87601527e-08 -1.00388354e-06  9.87601527e-08 -6.50357004e-06 
 9.88101527e-08  1.11509363e-06  9.88101527e-08  6.72720000e-06 
 9.88601527e-08 -9.86812580e-07  9.88601527e-08 -6.92823851e-06 
 9.89101527e-08  1.09814628e-06  9.89101527e-08  7.14437085e-06 
 9.89601527e-08 -9.69988416e-07  9.89601527e-08 -7.33800101e-06 
 9.90101527e-08  1.08144362e-06  9.90101527e-08  7.54682504e-06 
 9.90601527e-08 -9.53406935e-07  9.90601527e-08 -7.73323418e-06 
 9.91101527e-08  1.06498174e-06  9.91101527e-08  7.93493464e-06 
 9.91601527e-08 -9.37064309e-07  9.91601527e-08 -8.11430572e-06 
 9.92101527e-08  1.04875692e-06  9.92101527e-08  8.30906308e-06 
 9.92601527e-08 -9.20957054e-07  9.92601527e-08 -8.48157473e-06 
 9.93101527e-08  1.03276580e-06  9.93101527e-08  8.66956521e-06 
 9.93601527e-08 -9.05081836e-07  9.93601527e-08 -8.83539191e-06 
 9.94101527e-08  1.01700514e-06  9.94101527e-08  9.01678766e-06 
 9.94601527e-08 -8.89435540e-07  9.94601527e-08 -9.17609984e-06 
 9.95101527e-08  1.00147192e-06  9.95101527e-08  9.35106902e-06 
 9.95601527e-08 -8.74015201e-07  9.95601527e-08 -9.50403314e-06 
 9.96101527e-08  9.86163241e-07  9.96101527e-08  9.67273997e-06 
 9.96601527e-08 -8.58818009e-07  9.96601527e-08 -9.81951870e-06 
 9.97101527e-08  9.71076364e-07  9.97101527e-08  9.98212359e-06 
 9.97601527e-08 -8.43841327e-07  9.97601527e-08 -1.01228758e-05 
 9.98101527e-08  9.56208693e-07  9.98101527e-08  1.02795355e-05 
 9.98601527e-08 -8.29082535e-07  9.98601527e-08 -1.04144164e-05 
 9.99101527e-08  9.41557720e-07  9.99101527e-08  1.05652842e-05 
 9.99550763e-08 -8.13723928e-07  9.99550763e-08 -1.07099313e-05 
 1.00000000e-07  9.25503040e-07  1.00000000e-07  1.08699783e-05 
 1.00005000e-07  1.48882812e-05  1.00005000e-07  2.03233129e-04 
 1.00015000e-07 -3.36771014e-06  1.00015000e-07  2.00779069e-05 
 1.00035000e-07 -8.05781429e-06  1.00035000e-07 -4.80909604e-05 
 1.00075000e-07  5.26488369e-06  1.00075000e-07 -7.66580960e-05 
 1.00125000e-07 -4.11005946e-05  1.00125000e-07 -1.74873101e-04 
 1.00162500e-07 -1.73959567e-05  1.00162500e-07 -4.64136750e-04 
 1.00200000e-07  1.81186645e-03  1.00200000e-07  5.51461952e-04 
 1.00205000e-07  1.19906368e-03  1.00205000e-07  1.08352753e-03 
 1.00215000e-07 -2.66104618e-03  1.00215000e-07  2.26559295e-03 
 1.00235000e-07 -1.05326542e-02  1.00235000e-07  4.09329651e-03 
 1.00275000e-07 -1.67268207e-02  1.00275000e-07  2.51983429e-03 
 1.00325000e-07  7.77683196e-01  1.00325000e-07 -1.90765108e-02 
 1.00375000e-07  1.21114769e+00  1.00375000e-07 -3.22868406e-02 
 1.00425000e-07  1.17995703e+00  1.00425000e-07 -1.96140797e-02 
 1.00475000e-07  1.21482490e+00  1.00475000e-07  9.88146871e-02 
 1.00525000e-07  1.18695331e+00  1.00525000e-07  4.79119904e-01 
 1.00575000e-07  1.21120979e+00  1.00575000e-07  2.04352078e+00 
 1.00625000e-07  1.19023519e+00  1.00625000e-07  3.02105464e+00 
 1.00675000e-07  1.20842184e+00  1.00675000e-07  3.16780342e+00 
 1.00725000e-07  1.19266930e+00  1.00725000e-07  3.24445764e+00 
 1.00775000e-07  1.20633563e+00  1.00775000e-07  3.26669294e+00 
 1.00825000e-07  1.19448704e+00  1.00825000e-07  3.28307136e+00 
 1.00875000e-07  1.20477267e+00  1.00875000e-07  3.28359424e+00 
 1.00925000e-07  1.19584727e+00  1.00925000e-07  3.29248422e+00 
 1.00975000e-07  1.20360029e+00  1.00975000e-07  3.29169202e+00 
 1.01025000e-07  1.19686680e+00  1.01025000e-07  3.29689209e+00 
 1.01075000e-07  1.20271988e+00  1.01075000e-07  3.29572574e+00 
 1.01125000e-07  1.19763211e+00  1.01125000e-07  3.29883037e+00 
 1.01175000e-07  1.20205798e+00  1.01175000e-07  3.29774982e+00 
 1.01225000e-07  1.19820740e+00  1.01225000e-07  3.29963830e+00 
 1.01275000e-07  1.20156178e+00  1.01275000e-07  3.29878764e+00 
 1.01325000e-07  1.19864078e+00  1.01325000e-07  3.29994610e+00 
 1.01375000e-07  1.20118512e+00  1.01375000e-07  3.29933907e+00 
 1.01425000e-07  1.19896798e+00  1.01425000e-07  3.30004151e+00 
 1.01475000e-07  1.20090134e+00  1.01475000e-07  3.29964029e+00 
 1.01525000e-07  1.19921392e+00  1.01525000e-07  3.30005191e+00 
 1.01575000e-07  1.20068695e+00  1.01575000e-07  3.29981087e+00 
 1.01625000e-07  1.19939999e+00  1.01625000e-07  3.30003318e+00 
 1.01675000e-07  1.20052474e+00  1.01675000e-07  3.29991088e+00 
 1.01725000e-07  1.19954100e+00  1.01725000e-07  3.30000828e+00 
 1.01775000e-07  1.20040177e+00  1.01775000e-07  3.29997124e+00 
 1.01825000e-07  1.19964806e+00  1.01825000e-07  3.29998581e+00 
 1.01875000e-07  1.20030835e+00  1.01875000e-07  3.30000840e+00 
 1.01925000e-07  1.19972950e+00  1.01925000e-07  3.29996827e+00 
 1.01962500e-07  1.20022710e+00  1.01962500e-07  3.30003351e+00 
 1.02000000e-07  1.19980892e+00  1.02000000e-07  3.29995149e+00 
 1.02005000e-07  1.19962115e+00  1.02005000e-07  3.29883884e+00 
 1.02015000e-07  1.19955066e+00  1.02015000e-07  3.29791301e+00 
 1.02035000e-07  1.19979592e+00  1.02035000e-07  3.29801856e+00 
 1.02075000e-07  1.19983244e+00  1.02075000e-07  3.29957682e+00 
 1.02125000e-07  1.20335421e+00  1.02125000e-07  3.31767754e+00 
 1.02162500e-07  1.21215605e+00  1.02162500e-07  3.33828426e+00 
 1.02200000e-07  1.22957425e+00  1.02200000e-07  3.36638907e+00 
 1.02205000e-07  1.22828043e+00  1.02205000e-07  3.36933514e+00 
 1.02215000e-07  1.20897521e+00  1.02215000e-07  3.36761001e+00 
 1.02235000e-07  9.78592517e-01  1.02235000e-07  3.34197990e+00 
 1.02275000e-07  9.81003418e-02  1.02275000e-07  3.23675504e+00 
 1.02325000e-07 -1.38356144e-02  1.02325000e-07  2.93483116e+00 
 1.02375000e-07  1.52455405e-02  1.02375000e-07  1.01587850e+00 
 1.02425000e-07 -1.47222664e-02  1.02425000e-07  4.34332739e-02 
 1.02475000e-07  1.38109238e-02  1.02475000e-07  6.46600108e-02 
 1.02525000e-07 -1.25918838e-02  1.02525000e-07 -1.79197468e-02 
 1.02575000e-07  1.17420954e-02  1.02575000e-07  2.26211484e-02 
 1.02625000e-07 -1.07190585e-02  1.02625000e-07 -1.59614244e-02 
 1.02675000e-07  9.98356973e-03  1.02675000e-07  1.33863337e-02 
 1.02725000e-07 -9.13837172e-03  1.02725000e-07 -1.07985401e-02 
 1.02775000e-07  8.50422559e-03  1.02775000e-07  8.88501102e-03 
 1.02825000e-07 -7.80139751e-03  1.02825000e-07 -7.33453893e-03 
 1.02875000e-07  7.25534692e-03  1.02875000e-07  6.08539722e-03 
 1.02925000e-07 -6.66797777e-03  1.02925000e-07 -5.07598820e-03 
 1.02975000e-07  6.19834918e-03  1.02975000e-07  4.24364903e-03 
 1.03025000e-07 -5.70556824e-03  1.03025000e-07 -3.56196682e-03 
 1.03075000e-07  5.30205473e-03  1.03075000e-07  2.99145546e-03 
 1.03125000e-07 -4.88730518e-03  1.03125000e-07 -2.51795817e-03 
 1.03175000e-07  4.54084352e-03  1.03175000e-07  2.11701529e-03 
 1.03225000e-07 -4.19081595e-03  1.03225000e-07 -1.78034232e-03 
 1.03275000e-07  3.89348325e-03  1.03275000e-07  1.49258126e-03 
 1.03325000e-07 -3.59737932e-03  1.03325000e-07 -1.24851970e-03 
 1.03375000e-07  3.34228576e-03  1.03375000e-07  1.03838011e-03 
 1.03425000e-07 -3.09128039e-03  1.03425000e-07 -8.58644224e-04 
 1.03475000e-07  2.87245963e-03  1.03475000e-07  7.03024580e-04 
 1.03525000e-07 -2.65929641e-03  1.03525000e-07 -5.68985374e-04 
 1.03575000e-07  2.47159852e-03  1.03575000e-07  4.52465044e-04 
 1.03625000e-07 -2.29027972e-03  1.03625000e-07 -3.51528336e-04 
 1.03675000e-07  2.12927034e-03  1.03675000e-07  2.63558904e-04 
 1.03725000e-07 -1.97481607e-03  1.03725000e-07 -1.87009236e-04 
 1.03775000e-07  1.83668386e-03  1.03775000e-07  1.20216028e-04 
 1.03825000e-07 -1.70494284e-03  1.03825000e-07 -6.18961411e-05 
 1.03875000e-07  1.58641628e-03  1.03875000e-07  1.10229118e-05 
 1.03925000e-07 -1.47630637e-03  1.03925000e-07  3.35325905e-05 
 1.03975000e-07  1.37007169e-03  1.03975000e-07 -7.22400948e-05 
 1.04025000e-07 -1.27764758e-03  1.04025000e-07  1.06199632e-04 
 1.04075000e-07  1.18722748e-03  1.04075000e-07 -1.35706457e-04 
 1.04125000e-07 -1.10746865e-03  1.04125000e-07  1.61419476e-04 
 1.04175000e-07  1.03039976e-03  1.04175000e-07 -1.83781606e-04 
 1.04225000e-07 -9.61595794e-04  1.04225000e-07  2.03080063e-04 
 1.04275000e-07  8.95815225e-04  1.04275000e-07 -2.19850972e-04 
 1.04325000e-07 -8.36471416e-04  1.04325000e-07  2.34123667e-04 
 1.04375000e-07  7.80253911e-04  1.04375000e-07 -2.46489308e-04 
 1.04425000e-07 -7.29070711e-04  1.04425000e-07  2.56799718e-04 
 1.04475000e-07  6.80969730e-04  1.04475000e-07 -2.65674101e-04 
 1.04525000e-07 -6.36820280e-04  1.04525000e-07  2.72844004e-04 
 1.04575000e-07  5.95619371e-04  1.04575000e-07 -2.78937681e-04 
 1.04625000e-07 -5.57528527e-04  1.04625000e-07  2.83607385e-04 
 1.04675000e-07  5.22202013e-04  1.04675000e-07 -2.87477151e-04 
 1.04725000e-07 -4.89327274e-04  1.04725000e-07  2.90149409e-04 
 1.04775000e-07  4.59008305e-04  1.04775000e-07 -2.92234812e-04 
 1.04825000e-07 -4.30622687e-04  1.04825000e-07  2.93307200e-04 
 1.04875000e-07  4.04577141e-04  1.04875000e-07 -2.93957626e-04 
 1.04925000e-07 -3.80053971e-04  1.04925000e-07  2.93746652e-04 
 1.04975000e-07  3.57659004e-04  1.04975000e-07 -2.93241626e-04 
 1.05025000e-07 -3.36458512e-04  1.05025000e-07  2.92000841e-04 
 1.05075000e-07  3.17184851e-04  1.05075000e-07 -2.90565362e-04 
 1.05125000e-07 -2.98842409e-04  1.05125000e-07  2.88499084e-04 
 1.05175000e-07  2.82239668e-04  1.05175000e-07 -2.86315301e-04 
 1.05225000e-07 -2.66355527e-04  1.05225000e-07  2.83589080e-04 
 1.05275000e-07  2.52039978e-04  1.05275000e-07 -2.80805249e-04 
 1.05325000e-07 -2.38270345e-04  1.05325000e-07  2.77553922e-04 
 1.05375000e-07  2.25914699e-04  1.05375000e-07 -2.74291323e-04 
 1.05425000e-07 -2.13963986e-04  1.05425000e-07  2.70625232e-04 
 1.05475000e-07  2.03288830e-04  1.05475000e-07 -2.66983541e-04 
 1.05525000e-07 -1.92902954e-04  1.05525000e-07  2.62993383e-04 
 1.05575000e-07  1.83669545e-04  1.05575000e-07 -2.59054869e-04 
 1.05625000e-07 -1.74630138e-04  1.05625000e-07  2.54815490e-04 
 1.05675000e-07  1.66634331e-04  1.05675000e-07 -2.50648323e-04 
 1.05725000e-07 -1.58753736e-04  1.05725000e-07  2.46221705e-04 
 1.05775000e-07  1.51820859e-04  1.05775000e-07 -2.41882563e-04 
 1.05825000e-07 -1.44937824e-04  1.05825000e-07  2.37320190e-04 
 1.05875000e-07  1.38918334e-04  1.05875000e-07 -2.32856339e-04 
 1.05925000e-07 -1.32894302e-04  1.05925000e-07  2.28201086e-04 
 1.05975000e-07  1.27660103e-04  1.05975000e-07 -2.23652034e-04 
 1.06025000e-07 -1.22376017e-04  1.06025000e-07  2.18939674e-04 
 1.06075000e-07  1.17817333e-04  1.06075000e-07 -2.14338512e-04 
 1.06125000e-07 -1.13170888e-04  1.06125000e-07  2.09598930e-04 
 1.06175000e-07  1.09193604e-04  1.06175000e-07 -2.04973407e-04 
 1.06225000e-07 -1.05096889e-04  1.06225000e-07  2.00231589e-04 
 1.06275000e-07  1.01620284e-04  1.06275000e-07 -1.95604986e-04 
 1.06325000e-07 -9.79977485e-05  1.06325000e-07  1.90881816e-04 
 1.06375000e-07  9.49525658e-05  1.06375000e-07 -1.86273665e-04 
 1.06425000e-07 -9.17392781e-05  1.06425000e-07  1.81586581e-04 
 1.06475000e-07  8.90660788e-05  1.06475000e-07 -1.77013252e-04 
 1.06525000e-07 -8.62062259e-05  1.06525000e-07  1.72376785e-04 
 1.06575000e-07  8.38539801e-05  1.06575000e-07 -1.67851970e-04 
 1.06625000e-07 -8.12995817e-05  1.06625000e-07  1.63278190e-04 
 1.06675000e-07  7.92244668e-05  1.06675000e-07 -1.58813305e-04 
 1.06725000e-07 -7.69342702e-05  1.06725000e-07  1.54312193e-04 
 1.06775000e-07  7.50986422e-05  1.06775000e-07 -1.49916715e-04 
 1.06825000e-07 -7.30371727e-05  1.06825000e-07  1.45496467e-04 
 1.06875000e-07  7.14086863e-05  1.06875000e-07 -1.41178214e-04 
 1.06925000e-07 -6.95454323e-05  1.06925000e-07  1.36845505e-04 
 1.06975000e-07  6.80962875e-05  1.06975000e-07 -1.32610874e-04 
 1.07025000e-07 -6.64050005e-05  1.07025000e-07  1.28371075e-04 
 1.07075000e-07  6.51112975e-05  1.07075000e-07 -1.24225237e-04 
 1.07125000e-07 -6.35693912e-05  1.07125000e-07  1.20082600e-04 
 1.07175000e-07  6.24105773e-05  1.07175000e-07 -1.16029679e-04 
 1.07225000e-07 -6.09986115e-05  1.07225000e-07  1.11987493e-04 
 1.07275000e-07  5.99570071e-05  1.07275000e-07 -1.08030703e-04 
 1.07325000e-07 -5.86582447e-05  1.07325000e-07  1.04091431e-04 
 1.07375000e-07  5.77186373e-05  1.07375000e-07 -1.00233201e-04 
 1.07425000e-07 -5.65186631e-05  1.07425000e-07  9.63985915e-05 
 1.07475000e-07  5.56679586e-05  1.07475000e-07 -9.26406771e-05 
 1.07525000e-07 -5.45543535e-05  1.07525000e-07  8.89118658e-05 
 1.07575000e-07  5.37812772e-05  1.07575000e-07 -8.52554358e-05 
 1.07625000e-07 -5.27433366e-05  1.07625000e-07  8.16330289e-05 
 1.07675000e-07  5.20381769e-05  1.07675000e-07 -7.80787470e-05 
 1.07725000e-07 -5.10666703e-05  1.07725000e-07  7.45628957e-05 
 1.07775000e-07  5.04210581e-05  1.07775000e-07 -7.11109891e-05 
 1.07825000e-07 -4.95080219e-05  1.07825000e-07  6.77014531e-05 
 1.07875000e-07  4.89147422e-05  1.07875000e-07 -6.43517722e-05 
 1.07925000e-07 -4.80533018e-05  1.07925000e-07  6.10479755e-05 
 1.07975000e-07  4.75061309e-05  1.07975000e-07 -5.78000463e-05 
 1.08025000e-07 -4.66903482e-05  1.08025000e-07  5.46011253e-05 
 1.08075000e-07  4.61839148e-05  1.08075000e-07 -5.14541949e-05 
 1.08125000e-07 -4.54086567e-05  1.08125000e-07  4.83590407e-05 
 1.08175000e-07  4.49383221e-05  1.08175000e-07 -4.53121173e-05 
 1.08225000e-07 -4.41991482e-05  1.08225000e-07  4.23194126e-05 
 1.08275000e-07  4.37609036e-05  1.08275000e-07 -3.93713006e-05 
 1.08325000e-07 -4.30539688e-05  1.08325000e-07  3.64795516e-05 
 1.08375000e-07  4.26443473e-05  1.08375000e-07 -3.36288821e-05 
 1.08425000e-07 -4.19663193e-05  1.08425000e-07  3.08364475e-05 
 1.08475000e-07  4.15823194e-05  1.08475000e-07 -2.80817052e-05 
 1.08525000e-07 -4.09303067e-05  1.08525000e-07  2.53868205e-05 
 1.08575000e-07  4.05693281e-05  1.08575000e-07 -2.27263680e-05 
 1.08625000e-07 -3.99408188e-05  1.08625000e-07  2.01271674e-05 
 1.08675000e-07  3.96006056e-05  1.08675000e-07 -1.75592653e-05 
 1.08725000e-07 -3.89934148e-05  1.08725000e-07  1.50538011e-05 
 1.08775000e-07  3.86720080e-05  1.08775000e-07 -1.25766270e-05 
 1.08825000e-07 -3.80842320e-05  1.08825000e-07  1.01628858e-05 
 1.08875000e-07  3.77799279e-05  1.08875000e-07 -7.77455041e-06 
 1.08925000e-07 -3.72099056e-05  1.08925000e-07  5.45046851e-06 
 1.08975000e-07  3.69212205e-05  1.08975000e-07 -3.14902967e-06 
 1.09025000e-07 -3.63674997e-05  1.09025000e-07  9.12505681e-07 
 1.09075000e-07  3.60931392e-05  1.09075000e-07  1.30401878e-06 
 1.09125000e-07 -3.55544479e-05  1.09125000e-07 -3.45511245e-06 
 1.09175000e-07  3.52932806e-05  1.09175000e-07  5.58873382e-06 
 1.09225000e-07 -3.47685023e-05  1.09225000e-07 -7.65654107e-06 
 1.09275000e-07  3.45195376e-05  1.09275000e-07  9.70928992e-06 
 1.09325000e-07 -3.40076896e-05  1.09325000e-07 -1.16959622e-05 
 1.09375000e-07  3.37700580e-05  1.09375000e-07  1.36698799e-05 
 1.09425000e-07 -3.32702737e-05  1.09425000e-07 -1.55775685e-05 
 1.09475000e-07  3.30432102e-05  1.09475000e-07  1.74746997e-05 
 1.09525000e-07 -3.25547231e-05  1.09525000e-07 -1.93055493e-05 
 1.09575000e-07  3.23375530e-05  1.09575000e-07  2.11279353e-05 
 1.09625000e-07 -3.18596828e-05  1.09625000e-07 -2.28840780e-05 
 1.09675000e-07  3.16518093e-05  1.09675000e-07  2.46337512e-05 
 1.09725000e-07 -3.11839508e-05  1.09725000e-07 -2.63173016e-05 
 1.09775000e-07  3.09848443e-05  1.09775000e-07  2.79962804e-05 
 1.09825000e-07 -3.05264570e-05  1.09825000e-07 -2.96093311e-05 
 1.09875000e-07  3.03356463e-05  1.09875000e-07  3.12196154e-05 
 1.09925000e-07 -2.98862460e-05  1.09925000e-07 -3.27642337e-05 
 1.09962500e-07  2.95995204e-05  1.09962500e-07  3.48097153e-05 
 1.10000000e-07 -2.90580084e-05  1.10000000e-07 -3.67644367e-05 
 1.10005000e-07 -7.62657931e-06  1.10005000e-07 -5.82489785e-05 
 1.10015000e-07  7.26204378e-06  1.10015000e-07  1.44534276e-05 
 1.10035000e-07 -3.44411730e-07  1.10035000e-07  1.74231951e-05 
 1.10075000e-07 -1.42246877e-06  1.10075000e-07  6.57657669e-06 
 1.10125000e-07  1.61973955e-05  1.10125000e-07  1.22890105e-04 
 1.10162500e-07  6.01531919e-06  1.10162500e-07  1.12535879e-04 
 1.10200000e-07 -2.60035389e-04  1.10200000e-07 -1.17113046e-04 
 1.10205000e-07 -2.89847525e-04  1.10205000e-07 -3.13452323e-04 
 1.10215000e-07 -4.49335257e-05  1.10215000e-07 -6.78455104e-04 
 1.10235000e-07  4.30701548e-04  1.10235000e-07 -1.14940436e-03 
 1.10271733e-07 -2.63861578e-04  1.10271733e-07 -5.81010999e-05 
 1.10313796e-07  2.01363305e-04  1.10313796e-07  1.05242732e-03 
 1.10358973e-07 -1.04076010e-04  1.10358973e-07 -4.72761749e-06 
 1.10408973e-07  5.26711854e-05  1.10408973e-07 -2.72790581e-04 
 1.10458973e-07 -1.65705995e-05  1.10458973e-07  1.77550164e-04 
 1.10508973e-07 -6.13026052e-06  1.10508973e-07 -1.34177066e-04 
 1.10558973e-07  2.24156559e-05  1.10558973e-07  1.88983233e-04 
 1.10608973e-07 -3.26513243e-05  1.10608973e-07 -1.75450891e-04 
 1.10658973e-07  3.99022556e-05  1.10658973e-07  1.98080867e-04 
 1.10708973e-07 -4.39273891e-05  1.10708973e-07 -1.97085689e-04 
 1.10758973e-07  4.65132514e-05  1.10758973e-07  2.06032623e-04 
 1.10808973e-07 -4.72186830e-05  1.10808973e-07 -2.05558362e-04 
 1.10858973e-07  4.73180572e-05  1.10858973e-07  2.08425422e-04 
 1.10908973e-07 -4.62662268e-05  1.10908973e-07 -2.06539062e-04 
 1.10958973e-07  4.50545057e-05  1.10958973e-07  2.05950151e-04 
 1.11008973e-07 -4.31208034e-05  1.11008973e-07 -2.02600169e-04 
 1.11058973e-07  4.12825254e-05  1.11058973e-07  1.99981070e-04 
 1.11108973e-07 -3.89697656e-05  1.11108973e-07 -1.95542348e-04 
 1.11158973e-07  3.68927284e-05  1.11158973e-07  1.91591871e-04 
 1.11208973e-07 -3.44898314e-05  1.11208973e-07 -1.86499836e-04 
 1.11258973e-07  3.23991330e-05  1.11258973e-07  1.81781854e-04 
 1.11308973e-07 -3.00634483e-05  1.11308973e-07 -1.76357690e-04 
 1.11358973e-07  2.80793960e-05  1.11358973e-07  1.71328623e-04 
 1.11408973e-07 -2.58960902e-05  1.11408973e-07 -1.65782308e-04 
 1.11458973e-07  2.40783728e-05  1.11458973e-07  1.60611690e-04 
 1.11508973e-07 -2.20841257e-05  1.11508973e-07 -1.55129853e-04 
 1.11558973e-07  2.04583979e-05  1.11558973e-07  1.50009388e-04 
 1.11608973e-07 -1.86647400e-05  1.11608973e-07 -1.44699621e-04 
 1.11658973e-07  1.72351624e-05  1.11658973e-07  1.39738144e-04 
 1.11708973e-07 -1.56385299e-05  1.11708973e-07 -1.34669833e-04 
 1.11758973e-07  1.43976858e-05  1.11758973e-07  1.29933521e-04 
 1.11808973e-07 -1.29863721e-05  1.11808973e-07 -1.25145756e-04 
 1.11858973e-07  1.19207845e-05  1.11858973e-07  1.20671114e-04 
 1.11908973e-07 -1.06791141e-05  1.11908973e-07 -1.16181459e-04 
 1.11958973e-07  9.77258534e-06  1.11958973e-07  1.11984496e-04 
 1.12008973e-07 -8.68342349e-06  1.12008973e-07 -1.07795724e-04 
 1.12058973e-07  7.91902223e-06  1.12058973e-07  1.03878616e-04 
 1.12108973e-07 -6.96524578e-06  1.12108973e-07 -9.99837156e-05 
 1.12158973e-07  6.32645155e-06  1.12158973e-07  9.63396160e-05 
 1.12208973e-07 -5.49177258e-06  1.12208973e-07 -9.27254226e-05 
 1.12258973e-07  4.96309779e-06  1.12258973e-07  8.93418866e-05 
 1.12308973e-07 -4.23248730e-06  1.12308973e-07 -8.59916796e-05 
 1.12358973e-07  3.79977747e-06  1.12358973e-07  8.28530744e-05 
 1.12408973e-07 -3.15964393e-06  1.12408973e-07 -7.97483879e-05 
 1.12458973e-07  2.81018347e-06  1.12458973e-07  7.68375554e-05 
 1.12508973e-07 -2.24840558e-06  1.12508973e-07 -7.39594137e-05 
 1.12558973e-07  1.97090853e-06  1.12558973e-07  7.12587924e-05 
 1.12608973e-07 -1.47678326e-06  1.12608973e-07 -6.85885242e-05 
 1.12658973e-07  1.26131979e-06  1.12658973e-07  6.60808817e-05 
 1.12708973e-07 -8.25465296e-07  1.12708973e-07 -6.36006326e-05 
 1.12758973e-07  6.63354831e-07  1.12758973e-07  6.12695215e-05 
 1.12808973e-07 -2.77591968e-07  1.12808973e-07 -5.89625531e-05 
 1.12858973e-07  1.61282839e-07  1.12858973e-07  5.67925740e-05 
 1.12908973e-07  1.81489625e-07  1.12908973e-07 -5.46434148e-05 
 1.12958973e-07 -2.58542881e-07  1.12958973e-07  5.26203453e-05 
 1.13008973e-07  5.64470910e-07  1.13008973e-07 -5.06148417e-05 
 1.13058973e-07 -6.07925473e-07  1.13058973e-07  4.87256764e-05 
 1.13108973e-07  8.82315418e-07  1.13108973e-07 -4.68509775e-05 
 1.13158973e-07 -8.97050014e-07  1.13158973e-07  4.50839090e-05 
 1.13208973e-07  1.14447463e-06  1.13208973e-07 -4.33284103e-05 
 1.13258973e-07 -1.13468933e-06  1.13258973e-07  4.16727744e-05 
 1.13308973e-07  1.35908331e-06  1.13308973e-07 -4.00260373e-05 
 1.13358973e-07 -1.32838906e-06  1.13358973e-07  3.84722370e-05 
 1.13408973e-07  1.53313419e-06  1.13408973e-07 -3.69248956e-05 
 1.13458973e-07 -1.48463197e-06  1.13458973e-07  3.54643149e-05 
 1.13508973e-07  1.67263206e-06  1.13508973e-07 -3.40079797e-05 
 1.13558973e-07 -1.60898256e-06  1.13558973e-07  3.26328941e-05 
 1.13608973e-07  1.78272912e-06  1.13608973e-07 -3.12600552e-05 
 1.13658973e-07 -1.70621363e-06  1.13658973e-07  2.99635435e-05 
 1.13708973e-07  1.86784308e-06  1.13708973e-07 -2.86674791e-05 
 1.13758973e-07 -1.78041624e-06  1.13758973e-07  2.74433394e-05 
 1.13808973e-07  1.93175958e-06  1.13808973e-07 -2.62180303e-05 
 1.13858973e-07 -1.83509544e-06  1.13858973e-07  2.50607017e-05 
 1.13908973e-07  1.97772118e-06  1.13908973e-07 -2.39007524e-05 
 1.13958973e-07 -1.87325255e-06  1.13958973e-07  2.28052436e-05 
 1.14008973e-07  2.00850378e-06  1.14008973e-07 -2.17058114e-05 
 1.14058973e-07 -1.89745661e-06  1.14058973e-07  2.06676359e-05 
 1.14108973e-07  2.02648298e-06  1.14108973e-07 -1.96243670e-05 
 1.14158973e-07 -1.90990562e-06  1.14158973e-07  1.86394849e-05 
 1.14208973e-07  2.03369083e-06  1.14208973e-07 -1.76484575e-05 
 1.14258973e-07 -1.91247947e-06  1.14258973e-07  1.67132243e-05 
 1.14308973e-07  2.03186488e-06  1.14308973e-07 -1.57708984e-05 
 1.14358973e-07 -1.90678515e-06  1.14358973e-07  1.48820188e-05 
 1.14408973e-07  2.02249009e-06  1.14408973e-07 -1.39851917e-05 
 1.14458973e-07 -1.89419586e-06  1.14458973e-07  1.31396795e-05 
 1.14508973e-07  2.00683507e-06  1.14508973e-07 -1.22854472e-05 
 1.14558973e-07 -1.87588429e-06  1.14558973e-07  1.14805899e-05 
 1.14608973e-07  1.98598284e-06  1.14608973e-07 -1.06663123e-05 
 1.14658973e-07 -1.85285148e-06  1.14658973e-07  9.89963981e-06 
 1.14708973e-07  1.96085766e-06  1.14708973e-07 -9.12291107e-06 
 1.14758973e-07 -1.82595131e-06  1.14758973e-07  8.39216886e-06 
 1.14808973e-07  1.93224752e-06  1.14808973e-07 -7.65079109e-06 
 1.14858973e-07 -1.79591163e-06  1.14858973e-07  6.95391586e-06 
 1.14908973e-07  1.90082396e-06  1.14908973e-07 -6.24587619e-06 
 1.14958973e-07 -1.76335236e-06  1.14958973e-07  5.58097521e-06 
 1.15008973e-07  1.86715848e-06  1.15008973e-07 -4.90442561e-06 
 1.15058973e-07 -1.72880089e-06  1.15058973e-07  4.26975835e-06 
 1.15108973e-07  1.83173714e-06  1.15108973e-07 -3.62299810e-06 
 1.15158973e-07 -1.69270548e-06  1.15158973e-07  3.01696018e-06 
 1.15208973e-07  1.79497270e-06  1.15208973e-07 -2.39842041e-06 
 1.15258973e-07 -1.65544659e-06  1.15258973e-07  1.81952953e-06 
 1.15308973e-07  1.75721533e-06  1.15308973e-07 -1.22775966e-06 
 1.15358973e-07 -1.61734670e-06  1.15358973e-07  6.74643239e-07 
 1.15408973e-07  1.71876139e-06  1.15408973e-07 -1.08299131e-07 
 1.15458973e-07 -1.57867844e-06  1.15458973e-07 -4.20316628e-07 
 1.15508973e-07  1.67986138e-06  1.15508973e-07  9.62483212e-07 
 1.15558973e-07 -1.53967214e-06  1.15558973e-07 -1.46778286e-06 
 1.15608973e-07  1.64072643e-06  1.15608973e-07  1.98693347e-06 
 1.15658973e-07 -1.50052155e-06  1.15658973e-07 -2.47002080e-06 
 1.15708973e-07  1.60153412e-06  1.15708973e-07  2.96723846e-06 
 1.15758973e-07 -1.46138952e-06  1.15758973e-07 -3.42914404e-06 
 1.15808973e-07  1.56243320e-06  1.15808973e-07  3.90544044e-06 
 1.15858973e-07 -1.42241209e-06  1.15858973e-07 -4.34712819e-06 
 1.15908973e-07  1.52354786e-06  1.15908973e-07  4.80345020e-06 
 1.15958973e-07 -1.38370266e-06  1.15958973e-07 -5.22582336e-06 
 1.16008973e-07  1.48498125e-06  1.16008973e-07  5.66305858e-06 
 1.16058973e-07 -1.34535521e-06  1.16058973e-07 -6.06696491e-06 
 1.16108973e-07  1.44681865e-06  1.16108973e-07  6.48594696e-06 
 1.16158973e-07 -1.30744711e-06  1.16158973e-07 -6.87218349e-06 
 1.16208973e-07  1.40912999e-06  1.16208973e-07  7.27369634e-06 
 1.16258973e-07 -1.27004159e-06  1.16258973e-07 -7.64301348e-06 
 1.16308973e-07  1.37197208e-06  1.16308973e-07  8.02779564e-06 
 1.16358973e-07 -1.23318976e-06  1.16358973e-07 -8.38090105e-06 
 1.16408973e-07  1.33539064e-06  1.16408973e-07  8.74964921e-06 
 1.16458973e-07 -1.19693253e-06  1.16458973e-07 -9.08721109e-06 
 1.16508973e-07  1.29942197e-06  1.16508973e-07  9.44058333e-06 
 1.16558973e-07 -1.16130202e-06  1.16558973e-07 -9.76323349e-06 
 1.16608973e-07  1.26409419e-06  1.16608973e-07  1.01018523e-05 
 1.16658973e-07 -1.12632286e-06  1.16658973e-07 -1.04101890e-05 
 1.16708973e-07  1.22942865e-06  1.16708973e-07  1.07346439e-05 
 1.16758973e-07 -1.09201345e-06  1.16758973e-07 -1.10292340e-05 
 1.16808973e-07  1.19544086e-06  1.16808973e-07  1.13400841e-05 
 1.16858973e-07 -1.05838680e-06  1.16858973e-07 -1.16214658e-05 
 1.16908973e-07  1.16214147e-06  1.16908973e-07  1.19192417e-05 
 1.16958973e-07 -1.02545145e-06  1.16958973e-07 -1.21879263e-05 
 1.17008973e-07  1.12953689e-06  1.17008973e-07  1.24731323e-05 
 1.17058973e-07 -9.93211972e-07  1.17058973e-07 -1.27296060e-05 
 1.17108973e-07  1.09763009e-06  1.17108973e-07  1.30027219e-05 
 1.17158973e-07 -9.61669921e-07  1.17158973e-07 -1.32474476e-05 
 1.17208973e-07  1.06642108e-06  1.17208973e-07  1.35089302e-05 
 1.17258973e-07 -9.30824057e-07  1.17258973e-07 -1.37423490e-05 
 1.17308973e-07  1.03590741e-06  1.17308973e-07  1.39926340e-05 
 1.17358973e-07 -9.00670845e-07  1.17358973e-07 -1.42151667e-05 
 1.17408973e-07  1.00608457e-06  1.17408973e-07  1.44546694e-05 
 1.17458973e-07 -8.71204954e-07  1.17458973e-07 -1.46667178e-05 
 1.17508973e-07  9.76946383e-07  1.17508973e-07  1.48958350e-05 
 1.17558973e-07 -8.42419530e-07  1.17558973e-07 -1.50977827e-05 
 1.17608973e-07  9.48485246e-07  1.17608973e-07  1.53168937e-05 
 1.17658973e-07 -8.14306333e-07  1.17658973e-07 -1.55091078e-05 
 1.17708973e-07  9.20692407e-07  1.17708973e-07  1.57185751e-05 
 1.17758973e-07 -7.86856207e-07  1.17758973e-07 -1.59014070e-05 
 1.17808973e-07  8.93558186e-07  1.17808973e-07  1.61015777e-05 
 1.17858973e-07 -7.60059073e-07  1.17858973e-07 -1.62753636e-05 
 1.17908973e-07  8.67072149e-07  1.17908973e-07  1.64665702e-05 
 1.17958973e-07 -7.33904242e-07  1.17958973e-07 -1.66316325e-05 
 1.18008973e-07  8.41223335e-07  1.18008973e-07  1.68141938e-05 
 1.18058973e-07 -7.08380513e-07  1.18058973e-07 -1.69708417e-05 
 1.18108973e-07  8.16000259e-07  1.18108973e-07  1.71450633e-05 
 1.18158973e-07 -6.83476235e-07  1.18158973e-07 -1.72935934e-05 
 1.18208973e-07  7.91391134e-07  1.18208973e-07  1.74597686e-05 
 1.18258973e-07 -6.59179538e-07  1.18258973e-07 -1.76004658e-05 
 1.18308973e-07  7.67383942e-07  1.18308973e-07  1.77588765e-05 
 1.18358973e-07 -6.35478346e-07  1.18358973e-07 -1.78920144e-05 
 1.18408973e-07  7.43966515e-07  1.18408973e-07  1.80429312e-05 
 1.18458973e-07 -6.12360387e-07  1.18458973e-07 -1.81687728e-05 
 1.18508973e-07  7.21126571e-07  1.18508973e-07  1.83124560e-05 
 1.18558973e-07 -5.89813466e-07  1.18558973e-07 -1.84312545e-05 
 1.18608973e-07  6.98851776e-07  1.18608973e-07  1.85679544e-05 
 1.18658973e-07 -5.67825208e-07  1.18658973e-07 -1.86799531e-05 
 1.18708973e-07  6.77129925e-07  1.18708973e-07  1.88099106e-05 
 1.18758973e-07 -5.46383501e-07  1.18758973e-07 -1.89153439e-05 
 1.18808973e-07  6.55948773e-07  1.18808973e-07  1.90387911e-05 
 1.18858973e-07 -5.25476066e-07  1.18858973e-07 -1.91378847e-05 
 1.18908973e-07  6.35296140e-07  1.18908973e-07  1.92550449e-05 
 1.18958973e-07 -5.05090898e-07  1.18958973e-07 -1.93480164e-05 
 1.19008973e-07  6.15160089e-07  1.19008973e-07  1.94591050e-05 
 1.19058973e-07 -4.85216100e-07  1.19058973e-07 -1.95461640e-05 
 1.19108973e-07  5.95528760e-07  1.19108973e-07  1.96513886e-05 
 1.19158973e-07 -4.65839883e-07  1.19158973e-07 -1.97327373e-05 
 1.19208973e-07  5.76390450e-07  1.19208973e-07  1.98322980e-05 
 1.19258973e-07 -4.46950691e-07  1.19258973e-07 -1.99081314e-05 
 1.19308973e-07  5.57733659e-07  1.19308973e-07  2.00022214e-05 
 1.19358973e-07 -4.28537077e-07  1.19358973e-07 -2.00727278e-05 
 1.19408973e-07  5.39547051e-07  1.19408973e-07  2.01615334e-05 
 1.19458973e-07 -4.10587862e-07  1.19458973e-07 -2.02268944e-05 
 1.19508973e-07  5.21819530e-07  1.19508973e-07  2.03105957e-05 
 1.19558973e-07 -3.93092025e-07  1.19558973e-07 -2.03709868e-05 
 1.19608973e-07  5.04540188e-07  1.19608973e-07  2.04497575e-05 
 1.19658973e-07 -3.76038803e-07  1.19658973e-07 -2.05053481e-05 
 1.19708973e-07  4.87698303e-07  1.19708973e-07  2.05793561e-05 
 1.19758973e-07 -3.59417566e-07  1.19758973e-07 -2.06303099e-05 
 1.19808973e-07  4.71283418e-07  1.19808973e-07  2.06997173e-05 
 1.19858973e-07 -3.43218000e-07  1.19858973e-07 -2.07461927e-05 
 1.19908973e-07  4.55285275e-07  1.19908973e-07  2.08111563e-05 
 1.19954486e-07 -3.26662025e-07  1.19954486e-07 -2.08583661e-05 
 1.20000000e-07  4.38178859e-07  1.20000000e-07  2.09236627e-05 
 1.20005000e-07  1.31020421e-05  1.20005000e-07  1.78682102e-04 
 1.20015000e-07 -5.59903705e-06  1.20015000e-07  2.57107113e-06 
 1.20035000e-07 -6.42643708e-06  1.20035000e-07 -5.70992113e-05 
 1.20075000e-07  5.96415401e-06  1.20075000e-07 -5.26450680e-05 
 1.20125000e-07 -3.09461594e-05  1.20125000e-07 -1.21321444e-04 
 1.20162500e-07 -6.30807769e-05  1.20162500e-07 -3.03840861e-04 
 1.20200000e-07  4.54558931e-04  1.20200000e-07  2.46094523e-04 
 1.20205000e-07  2.85129761e-04  1.20205000e-07  1.26143143e-04 
 1.20215000e-07 -2.43907654e-04  1.20215000e-07  3.42095168e-04 
 1.20235000e-07 -3.02370638e-04  1.20235000e-07  8.42561775e-04 
 1.20275000e-07  1.91649375e-04  1.20275000e-07  1.14081533e-03 
 1.20317479e-07 -1.14185741e-04  1.20317479e-07 -1.88188594e-03 
 1.20362353e-07  7.72104390e-05  1.20362353e-07  4.14494882e-04 
 1.20412353e-07 -5.79463277e-05  1.20412353e-07 -2.11211409e-04 
 1.20462353e-07  4.55963680e-05  1.20462353e-07  2.51310218e-04 
 1.20512353e-07 -3.67370967e-05  1.20512353e-07 -1.34115522e-04 
 1.20562353e-07  3.04554609e-05  1.20562353e-07  8.19080946e-05 
 1.20612353e-07 -2.54754400e-05  1.20612353e-07 -2.86267091e-05 
 1.20662353e-07  2.18263213e-05  1.20662353e-07 -9.64291277e-06 
 1.20712353e-07 -1.87246057e-05  1.20712353e-07  4.00387565e-05 
 1.20762353e-07  1.64411064e-05  1.20762353e-07 -6.30120096e-05 
 1.20812353e-07 -1.43629718e-05  1.20812353e-07  8.04029729e-05 
 1.20862353e-07  1.28551037e-05  1.20862353e-07 -9.32253949e-05 
 1.20912353e-07 -1.13689154e-05  1.20912353e-07  1.02492165e-04 
 1.20962353e-07  1.03218915e-05  1.20962353e-07 -1.08858785e-04 
 1.21012353e-07 -9.19640260e-06  1.21012353e-07  1.12999693e-04 
 1.21062353e-07  8.43701440e-06  1.21062353e-07 -1.15309029e-04 
 1.21112353e-07 -7.54274465e-06  1.21112353e-07  1.16250308e-04 
 1.21162353e-07  6.97262287e-06  1.21162353e-07 -1.16053755e-04 
 1.21212353e-07 -6.23477768e-06  1.21212353e-07  1.15044684e-04 
 1.21262353e-07  5.79615862e-06  1.21262353e-07 -1.13349418e-04 
 1.21312353e-07 -5.16995063e-06  1.21312353e-07  1.11201020e-04 
 1.21362353e-07  4.82754691e-06  1.21362353e-07 -1.08659512e-04 
 1.21412353e-07 -4.28498618e-06  1.21412353e-07  1.05895675e-04 
 1.21462353e-07  4.01622580e-06  1.21462353e-07 -1.02927235e-04 
 1.21512353e-07 -3.53895137e-06  1.21512353e-07  9.98826133e-05 
 1.21562353e-07  3.32865044e-06  1.21562353e-07 -9.67527408e-05 
 1.21612353e-07 -2.90398690e-06  1.21612353e-07  9.36370874e-05 
 1.21662353e-07  2.74139808e-06  1.21662353e-07 -9.05098589e-05 
 1.21712353e-07 -2.36015068e-06  1.21712353e-07  8.74506782e-05 
 1.21762353e-07  2.23729810e-06  1.21762353e-07 -8.44235702e-05 
 1.21812353e-07 -1.89249477e-06  1.21812353e-07  8.14945281e-05 
 1.21862353e-07  1.80321278e-06  1.21862353e-07 -7.86216364e-05 
 1.21912353e-07 -1.48936847e-06  1.21912353e-07  7.58615217e-05 
 1.21956176e-07  1.40433240e-06  1.21956176e-07 -7.27988499e-05 
 1.22000000e-07 -1.09628896e-06  1.22000000e-07  6.98824019e-05 
 1.22005000e-07 -2.61129827e-07  1.22005000e-07  6.03277488e-06 
 1.22015000e-07  2.45819213e-07  1.22015000e-07 -5.39387391e-06 
 1.22035000e-07 -7.79120427e-08  1.22035000e-07  4.85762748e-06 
 1.22075000e-07  1.83770784e-07  1.22075000e-07 -4.50572679e-06 
 1.22125000e-07 -5.85074146e-08  1.22125000e-07  4.27798253e-06 
 1.22162500e-07  1.72518052e-07  1.22162500e-07 -4.03506062e-06 
 1.22200000e-07  1.50631723e-07  1.22200000e-07  3.93141030e-06 
 1.22205000e-07  2.55844534e-08  1.22205000e-07  1.43272288e-06 
 1.22215000e-07 -1.13352848e-06  1.22215000e-07 -4.19616184e-07 
 1.22235000e-07 -2.69076549e-07  1.22235000e-07 -2.77184695e-07 
 1.22275000e-07  2.24277280e-06  1.22275000e-07  9.53481114e-07 
 1.22317182e-07 -3.45904931e-06  1.22317182e-07 -4.96578243e-06 
 1.22363266e-07  3.93546046e-06  1.22363266e-07  8.78577292e-06 
 1.22413266e-07 -3.56903715e-06  1.22413266e-07 -7.96708448e-06 
 1.22463266e-07  3.17665242e-06  1.22463266e-07  4.99894385e-06 
 1.22513266e-07 -2.47046180e-06  1.22513266e-07 -3.10502801e-06 
 1.22563266e-07  2.03205472e-06  1.22563266e-07  2.14482833e-06 
 1.22613266e-07 -1.42588133e-06  1.22613266e-07 -1.41778168e-06 
 1.22663266e-07  1.14216482e-06  1.22663266e-07  8.66627337e-07 
 1.22713266e-07 -6.97488298e-07  1.22713266e-07 -3.90935230e-07 
 1.22763266e-07  5.60470847e-07  1.22763266e-07  1.13816800e-08 
 1.22813266e-07 -2.40410846e-07  1.22813266e-07  3.20626917e-07 
 1.22863266e-07  2.05328381e-07  1.22863266e-07 -5.76460966e-07 
 1.22913266e-07  3.31455764e-08  1.22913266e-07  8.01041158e-07 
 1.22963266e-07 -3.74392311e-09  1.22963266e-07 -9.64177206e-07 
 1.23013266e-07  1.91650429e-07  1.23013266e-07  1.10938328e-06 
 1.23063266e-07 -1.22759916e-07  1.23063266e-07 -1.20508884e-06 
 1.23113266e-07  2.79910040e-07  1.23113266e-07  1.29345010e-06 
 1.23163266e-07 -1.87098385e-07  1.23163266e-07 -1.34155726e-06 
 1.23213266e-07  3.25662163e-07  1.23213266e-07  1.39033847e-06 
 1.23263266e-07 -2.18422857e-07  1.23263266e-07 -1.40576075e-06 
 1.23313266e-07  3.45800249e-07  1.23313266e-07  1.42774980e-06 
 1.23363266e-07 -2.29904289e-07  1.23363266e-07 -1.42138340e-06 
 1.23413266e-07  3.50601046e-07  1.23413266e-07  1.42580834e-06 
 1.23463266e-07 -2.29571886e-07  1.23463266e-07 -1.40542495e-06 
 1.23513266e-07  3.46348373e-07  1.23513266e-07  1.39879482e-06 
 1.23563266e-07 -2.22352379e-07  1.23563266e-07 -1.36981678e-06 
 1.23613266e-07  3.36911879e-07  1.23613266e-07  1.35662408e-06 
 1.23663266e-07 -2.11290146e-07  1.23663266e-07 -1.32275301e-06 
 1.23713266e-07  3.24689804e-07  1.23713266e-07  1.30603007e-06 
 1.23763266e-07 -1.98275895e-07  1.23763266e-07 -1.26973478e-06 
 1.23813266e-07  3.11172934e-07  1.23813266e-07  1.25147818e-06 
 1.23863266e-07 -1.84484422e-07  1.23863266e-07 -1.21436144e-06 
 1.23913266e-07  2.97285483e-07  1.23913266e-07  1.19584714e-06 
 1.23963266e-07 -1.70640476e-07  1.23963266e-07 -1.15891491e-06 
 1.24013266e-07  2.83593012e-07  1.24013266e-07  1.14092690e-06 
 1.24063266e-07 -1.57182436e-07  1.24063266e-07 -1.10478153e-06 
 1.24113266e-07  2.70431936e-07  1.24113266e-07  1.08777452e-06 
 1.24163266e-07 -1.44364653e-07  1.24163266e-07 -1.05275127e-06 
 1.24213266e-07  2.57990716e-07  1.24213266e-07  1.03696455e-06 
 1.24263266e-07 -1.32322786e-07  1.24263266e-07 -1.00322615e-06 
 1.24313266e-07  2.46362434e-07  1.24313266e-07  9.88761775e-07 
 1.24363266e-07 -1.21115646e-07  1.24363266e-07 -9.56362673e-07 
 1.24413266e-07  2.35578572e-07  1.24413266e-07  9.43238340e-07 
 1.24463266e-07 -1.10753010e-07  1.24463266e-07 -9.12168043e-07 
 1.24513266e-07  2.25631657e-07  1.24513266e-07  9.00351919e-07 
 1.24563266e-07 -1.01213752e-07  1.24563266e-07 -8.70562956e-07 
 1.24613266e-07  2.16489998e-07  1.24613266e-07  8.59996529e-07 
 1.24663266e-07 -9.24581562e-08  1.24663266e-07 -8.31422640e-07 
 1.24713266e-07  2.08107821e-07  1.24713266e-07  8.22034657e-07 
 1.24763266e-07 -8.44360600e-08  1.24763266e-07 -7.94601891e-07 
 1.24813266e-07  2.00431917e-07  1.24813266e-07  7.86317298e-07 
 1.24863266e-07 -7.70922285e-08  1.24863266e-07 -7.59950623e-07 
 1.24913266e-07  1.93406006e-07  1.24913266e-07  7.52695381e-07 
 1.24963266e-07 -7.03701810e-08  1.24963266e-07 -7.27322369e-07 
 1.25013266e-07  1.86973894e-07  1.25013266e-07  7.21026146e-07 
 1.25063266e-07 -6.42143700e-08  1.25063266e-07 -6.96578849e-07 
 1.25113266e-07  1.81081053e-07  1.25113266e-07  6.91176188e-07 
 1.25163266e-07 -5.85715780e-08  1.25163266e-07 -6.67591735e-07 
 1.25213266e-07  1.75675830e-07  1.25213266e-07  6.63022442e-07 
 1.25263266e-07 -5.33919549e-08  1.25263266e-07 -6.40243240e-07 
 1.25313266e-07  1.70710250e-07  1.25313266e-07  6.36452213e-07 
 1.25363266e-07 -4.86293594e-08  1.25363266e-07 -6.14425545e-07 
 1.25413266e-07  1.66140073e-07  1.25413266e-07  6.11362389e-07 
 1.25463266e-07 -4.42415057e-08  1.25463266e-07 -5.90040025e-07 
 1.25513266e-07  1.61924951e-07  1.25513266e-07  5.87658551e-07 
 1.25563266e-07 -4.01899966e-08  1.25563266e-07 -5.66996280e-07 
 1.25613266e-07  1.58028369e-07  1.25613266e-07  5.65254099e-07 
 1.25663266e-07 -3.64401754e-08  1.25663266e-07 -5.45211163e-07 
 1.25713266e-07  1.54417521e-07  1.25713266e-07  5.44069107e-07 
 1.25763266e-07 -3.29609064e-08  1.25763266e-07 -5.24607890e-07 
 1.25813266e-07  1.51062855e-07  1.25813266e-07  5.24029718e-07 
 1.25863266e-07 -2.97242867e-08  1.25863266e-07 -5.05115247e-07 
 1.25913266e-07  1.47938080e-07  1.25913266e-07  5.05067252e-07 
 1.25963266e-07 -2.67054824e-08  1.25963266e-07 -4.86666970e-07 
 1.26013266e-07  1.45019682e-07  1.26013266e-07  4.87117699e-07 
 1.26063266e-07 -2.38822861e-08  1.26063266e-07 -4.69201193e-07 
 1.26113266e-07  1.42286782e-07  1.26113266e-07  4.70121217e-07 
 1.26163266e-07 -2.12350648e-08  1.26163266e-07 -4.52660002e-07 
 1.26213266e-07  1.39720882e-07  1.26213266e-07  4.54021719e-07 
 1.26263266e-07 -1.87463478e-08  1.26263266e-07 -4.36989041e-07 
 1.26313266e-07  1.37305459e-07  1.26313266e-07  4.38766469e-07 
 1.26363266e-07 -1.64006142e-08  1.26363266e-07 -4.22137156e-07 
 1.26413266e-07  1.35025988e-07  1.26413266e-07  4.24305942e-07 
 1.26463266e-07 -1.41841828e-08  1.26463266e-07 -4.08056316e-07 
 1.26513266e-07  1.32869560e-07  1.26513266e-07  4.10593455e-07 
 1.26563266e-07 -1.20849100e-08  1.26563266e-07 -3.94701212e-07 
 1.26613266e-07  1.30824754e-07  1.26613266e-07  3.97585084e-07 
 1.26663266e-07 -1.00920151e-08  1.26663266e-07 -3.82029212e-07 
 1.26713266e-07  1.28881370e-07  1.26713266e-07  3.85239405e-07 
 1.26763266e-07 -8.19592761e-09  1.26763266e-07 -3.70000164e-07 
 1.26813266e-07  1.27030471e-07  1.26813266e-07  3.73517505e-07 
 1.26863266e-07 -6.38824565e-09  1.26863266e-07 -3.58576223e-07 
 1.26913266e-07  1.25264127e-07  1.26913266e-07  3.62382609e-07 
 1.26963266e-07 -4.66145240e-09  1.26963266e-07 -3.47721734e-07 
 1.27013266e-07  1.23575264e-07  1.27013266e-07  3.51800162e-07 
 1.27063266e-07 -3.00897589e-09  1.27063266e-07 -3.37403202e-07 
 1.27113266e-07  1.21957660e-07  1.27113266e-07  3.41737622e-07 
 1.27163266e-07 -1.42483392e-09  1.27163266e-07 -3.27589028e-07 
 1.27213266e-07  1.20405670e-07  1.27213266e-07  3.32164401e-07 
 1.27263266e-07  9.62026916e-11  1.27263266e-07 -3.18249555e-07 
 1.27313266e-07  1.18914418e-07  1.27313266e-07  3.23051703e-07 
 1.27363266e-07  1.55877587e-09  1.27363266e-07 -3.09356876e-07 
 1.27413266e-07  1.17479481e-07  1.27413266e-07  3.14372481e-07 
 1.27463266e-07  2.96707914e-09  1.27463266e-07 -3.00884770e-07 
 1.27513266e-07  1.16096896e-07  1.27513266e-07  3.06101334e-07 
 1.27563266e-07  4.32481698e-09  1.27563266e-07 -2.92808614e-07 
 1.27613266e-07  1.14763149e-07  1.27613266e-07  2.98214362e-07 
 1.27663266e-07  5.63533635e-09  1.27663266e-07 -2.85105255e-07 
 1.27713266e-07  1.13475117e-07  1.27713266e-07  2.90689200e-07 
 1.27763266e-07  6.90157773e-09  1.27763266e-07 -2.77753017e-07 
 1.27813266e-07  1.12229985e-07  1.27813266e-07  2.83504794e-07 
 1.27863266e-07  8.12626792e-09  1.27863266e-07 -2.70731495e-07 
 1.27913266e-07  1.11025162e-07  1.27913266e-07  2.76641382e-07 
 1.27963266e-07  9.31177149e-09  1.27963266e-07 -2.64021573e-07 
 1.28013266e-07  1.09858433e-07  1.28013266e-07  2.70080452e-07 
 1.28063266e-07  1.04602613e-08  1.28063266e-07 -2.57605313e-07 
 1.28113266e-07  1.08727663e-07  1.28113266e-07  2.63804664e-07 
 1.28163266e-07  1.15737578e-08  1.28163266e-07 -2.51465913e-07 
 1.28213266e-07  1.07630999e-07  1.28213266e-07  2.57797687e-07 
 1.28263266e-07  1.26540012e-08  1.28263266e-07 -2.45587570e-07 
 1.28313266e-07  1.06566782e-07  1.28313266e-07  2.52044263e-07 
 1.28363266e-07  1.37025952e-08  1.28363266e-07 -2.39955471e-07 
 1.28413266e-07  1.05533437e-07  1.28413266e-07  2.46530033e-07 
 1.28463266e-07  1.47210382e-08  1.28463266e-07 -2.34555761e-07 
 1.28513266e-07  1.04529562e-07  1.28513266e-07  2.41241590e-07 
 1.28563266e-07  1.57106837e-08  1.28563266e-07 -2.29375401e-07 
 1.28613266e-07  1.03553832e-07  1.28613266e-07  2.36166261e-07 
 1.28663266e-07  1.66727744e-08  1.28663266e-07 -2.24402161e-07 
 1.28713266e-07  1.02605078e-07  1.28713266e-07  2.31292235e-07 
 1.28763266e-07  1.76084615e-08  1.28763266e-07 -2.19624604e-07 
 1.28813266e-07  1.01682218e-07  1.28813266e-07  2.26608459e-07 
 1.28863266e-07  1.85187459e-08  1.28863266e-07 -2.15031978e-07 
 1.28913266e-07  1.00784263e-07  1.28913266e-07  2.22104459e-07 
 1.28963266e-07  1.94046067e-08  1.28963266e-07 -2.10614167e-07 
 1.29013266e-07  9.99102479e-08  1.29013266e-07  2.17770462e-07 
 1.29063266e-07  2.02670030e-08  1.29063266e-07 -2.06361697e-07 
 1.29113266e-07  9.90592816e-08  1.29113266e-07  2.13597302e-07 
 1.29163266e-07  2.11067212e-08  1.29163266e-07 -2.02265693e-07 
 1.29213266e-07  9.82306070e-08  1.29213266e-07  2.09576352e-07 
 1.29263266e-07  2.19245573e-08  1.29263266e-07 -1.98317785e-07 
 1.29313266e-07  9.74234209e-08  1.29313266e-07  2.05699531e-07 
 1.29363266e-07  2.27212716e-08  1.29363266e-07 -1.94510144e-07 
 1.29413266e-07  9.66370214e-08  1.29413266e-07  2.01959226e-07 
 1.29463266e-07  2.34975207e-08  1.29463266e-07 -1.90835384e-07 
 1.29513266e-07  9.58707438e-08  1.29513266e-07  1.98348284e-07 
 1.29563266e-07  2.42539550e-08  1.29563266e-07 -1.87286595e-07 
 1.29613266e-07  9.51239897e-08  1.29613266e-07  1.94860003e-07 
 1.29663266e-07  2.49911899e-08  1.29663266e-07 -1.83857242e-07 
 1.29713266e-07  9.43961209e-08  1.29713266e-07  1.91488053e-07 
 1.29763266e-07  2.57098420e-08  1.29763266e-07 -1.80541212e-07 
 1.29813266e-07  9.36865826e-08  1.29813266e-07  1.88226497e-07 
 1.29863266e-07  2.64104098e-08  1.29863266e-07 -1.77332731e-07 
 1.29913266e-07  9.29948574e-08  1.29913266e-07  1.85069739e-07 
 1.29956633e-07  2.71449630e-08  1.29956633e-07 -1.73992897e-07 
 1.30000000e-07  9.22187144e-08  1.30000000e-07  1.81553424e-07 
 1.30005000e-07 -6.87522745e-06  1.30005000e-07 -6.17945210e-05 
 1.30015000e-07  6.57677427e-06  1.30015000e-07  1.70926943e-05 
 1.30035000e-07  3.08563720e-07  1.30035000e-07  1.49627516e-05 
 1.30075000e-07 -2.07547841e-06  1.30075000e-07  9.23622020e-06 
 1.30125000e-07  1.67908432e-05  1.30125000e-07  1.21117480e-04 
 1.30162500e-07  5.24844951e-06  1.30162500e-07  1.16021729e-04 
 1.30200000e-07 -2.33644394e-04  1.30200000e-07 -1.23947685e-04 
 1.30205000e-07 -2.23931402e-04  1.30205000e-07 -3.18497768e-04 
 1.30215000e-07  6.02552549e-05  1.30215000e-07 -6.72896732e-04 
 1.30235000e-07  4.17041223e-04  1.30235000e-07 -9.31781772e-04 
 1.30271744e-07 -2.91599920e-04  1.30271744e-07  4.41396005e-06 
 1.30313399e-07  1.60857128e-04  1.30313399e-07  9.29370364e-04 
 1.30358179e-07 -7.97631509e-05  1.30358179e-07  2.37419643e-05 
 1.30408179e-07  3.35240985e-05  1.30408179e-07 -1.81524340e-04 
 1.30458179e-07 -2.40421586e-06  1.30458179e-07  5.40222534e-05 
 1.30508179e-07 -1.83791020e-05  1.30508179e-07 -1.17728753e-04 
 1.30558179e-07  3.25496569e-05  1.30558179e-07  1.22988372e-04 
 1.30608179e-07 -4.17275204e-05  1.30608179e-07 -1.44238950e-04 
 1.30658179e-07  4.76896989e-05  1.30658179e-07  1.56555406e-04 
 1.30708179e-07 -5.09395002e-05  1.30708179e-07 -1.67580350e-04 
 1.30758179e-07  5.26006629e-05  1.30758179e-07  1.75365383e-04 
 1.30808179e-07 -5.26708959e-05  1.30808179e-07 -1.80912100e-04 
 1.30858179e-07  5.20510731e-05  1.30858179e-07  1.84468047e-04 
 1.30908179e-07 -5.04901798e-05  1.30908179e-07 -1.86295389e-04 
 1.30958179e-07  4.87009453e-05  1.30958179e-07  1.86723656e-04 
 1.31008179e-07 -4.63580998e-05  1.31008179e-07 -1.85966955e-04 
 1.31058179e-07  4.40603579e-05  1.31058179e-07  1.84286914e-04 
 1.31108179e-07 -4.14198021e-05  1.31108179e-07 -1.81773609e-04 
 1.31158179e-07  3.89787421e-05  1.31158179e-07  1.78686956e-04 
 1.31208179e-07 -3.63149053e-05  1.31208179e-07 -1.75060677e-04 
 1.31258179e-07  3.39344892e-05  1.31258179e-07  1.71100418e-04 
 1.31308179e-07 -3.13942234e-05  1.31308179e-07 -1.66813958e-04 
 1.31358179e-07  2.91807491e-05  1.31358179e-07  1.62364739e-04 
 1.31408179e-07 -2.68367735e-05  1.31408179e-07 -1.57740508e-04 
 1.31458179e-07  2.48388840e-05  1.31458179e-07  1.53072652e-04 
 1.31508179e-07 -2.27204320e-05  1.31508179e-07 -1.48334921e-04 
 1.31558179e-07  2.09532858e-05  1.31558179e-07  1.43634074e-04 
 1.31608179e-07 -1.90646046e-05  1.31608179e-07 -1.38934538e-04 
 1.31658179e-07  1.75244670e-05  1.31658179e-07  1.34324276e-04 
 1.31708179e-07 -1.58559980e-05  1.31708179e-07 -1.29761784e-04 
 1.31758179e-07  1.45290433e-05  1.31758179e-07  1.25320792e-04 
 1.31808179e-07 -1.30641641e-05  1.31808179e-07 -1.20956258e-04 
 1.31858179e-07  1.19317535e-05  1.31858179e-07  1.16731221e-04 
 1.31908179e-07 -1.06508057e-05  1.31908179e-07 -1.12598757e-04 
 1.31958179e-07  9.69260791e-06  1.31958179e-07  1.08613933e-04 
 1.32008179e-07 -8.57525635e-06  1.32008179e-07 -1.04729058e-04 
 1.32058179e-07  7.77104377e-06  1.32058179e-07  1.00993305e-04 
 1.32108179e-07 -6.79761103e-06  1.32108179e-07 -9.73589457e-05 
 1.32158179e-07  6.12824359e-06  1.32158179e-07  9.38708278e-05 
 1.32208179e-07 -5.28041460e-06  1.32208179e-07 -9.04816453e-05 
 1.32258179e-07  4.72832934e-06  1.32258179e-07  8.72331062e-05 
 1.32308179e-07 -3.98947457e-06  1.32308179e-07 -8.40785910e-05 
 1.32358179e-07  3.53887772e-06  1.32358179e-07  8.10575573e-05 
 1.32408179e-07 -2.89414876e-06  1.32408179e-07 -7.81242064e-05 
 1.32458179e-07  2.53103372e-06  1.32458179e-07  7.53164093e-05 
 1.32508179e-07 -1.96732735e-06  1.32508179e-07 -7.25892347e-05 
 1.32558179e-07  1.67939477e-06  1.32558179e-07  6.99794594e-05 
 1.32608179e-07 -1.18524552e-06  1.32608179e-07 -6.74430100e-05 
 1.32658179e-07  9.61772916e-07  1.32658179e-07  6.50159331e-05 
 1.32708179e-07 -5.27210960e-07  1.32708179e-07 -6.26549673e-05 
 1.32758179e-07  3.58900490e-07  1.32758179e-07  6.03956961e-05 
 1.32808179e-07  2.47029900e-08  1.32808179e-07 -5.81956052e-05 
 1.32858179e-07 -1.45881326e-07  1.32858179e-07  5.60900097e-05 
 1.32908179e-07  4.85968053e-07  1.32908179e-07 -5.40370671e-05 
 1.32958179e-07 -5.66928084e-07  1.32958179e-07  5.20719644e-05 
 1.33008179e-07  8.69898558e-07  1.33008179e-07 -5.01534528e-05 
 1.33058179e-07 -9.16578955e-07  1.33058179e-07  4.83166918e-05 
 1.33108179e-07  1.18792669e-06  1.33108179e-07 -4.65209497e-05 
 1.33158179e-07 -1.20541942e-06  1.33158179e-07  4.48014287e-05 
 1.33208179e-07  1.44985169e-06  1.33208179e-07 -4.31178419e-05 
 1.33258179e-07 -1.44251636e-06  1.33258179e-07  4.15054828e-05 
 1.33308179e-07  1.66406162e-06  1.33308179e-07 -3.99244424e-05 
 1.33358179e-07 -1.63562673e-06  1.33358179e-07  3.84101381e-05 
 1.33408179e-07  1.83772905e-06  1.33408179e-07 -3.69229785e-05 
 1.33458179e-07 -1.79138052e-06  1.33458179e-07  3.54985255e-05 
 1.33508179e-07  1.97698208e-06  1.33508179e-07 -3.40974514e-05 
 1.33558179e-07 -1.91544029e-06  1.33558179e-07  3.27554750e-05 
 1.33608179e-07  2.08705268e-06  1.33608179e-07 -3.14334850e-05 
 1.33658179e-07 -2.01263913e-06  1.33658179e-07  3.01673633e-05 
 1.33708179e-07  2.17240544e-06  1.33708179e-07 -2.89181738e-05 
 1.33758179e-07 -2.08710032e-06  1.33758179e-07  2.77219630e-05 
 1.33808179e-07  2.23684830e-06  1.33808179e-07 -2.65399343e-05 
 1.33858179e-07 -2.14234001e-06  1.33858179e-07  2.54082980e-05 
 1.33908179e-07  2.28362781e-06  1.33908179e-07 -2.42883665e-05 
 1.33958179e-07 -2.18135533e-06  1.33958179e-07  2.32165101e-05 
 1.34008179e-07  2.31551095e-06  1.34008179e-07 -2.21541245e-05 
 1.34058179e-07 -2.20670042e-06  1.34058179e-07  2.11377354e-05 
 1.34108179e-07  2.33485524e-06  1.34108179e-07 -2.01287996e-05 
 1.34158179e-07 -2.22055100e-06  1.34158179e-07  1.91639924e-05 
 1.34208179e-07  2.34366854e-06  1.34208179e-07 -1.82048139e-05 
 1.34258179e-07 -2.22475987e-06  1.34258179e-07  1.72880826e-05 
 1.34308179e-07  2.34366061e-06  1.34308179e-07 -1.63753262e-05 
 1.34358179e-07 -2.22090449e-06  1.34358179e-07  1.55035001e-05 
 1.34408179e-07  2.33628664e-06  1.34408179e-07 -1.46341473e-05 
 1.34458179e-07 -2.21032712e-06  1.34458179e-07  1.38043530e-05 
 1.34508179e-07  2.32278478e-06  1.34508179e-07 -1.29756655e-05 
 1.34558179e-07 -2.19416976e-06  1.34558179e-07  1.21852931e-05 
 1.34608179e-07  2.30420821e-06  1.34608179e-07 -1.13947811e-05 
 1.34658179e-07 -2.17340346e-06  1.34658179e-07  1.06414543e-05 
 1.34708179e-07  2.28145213e-06  1.34708179e-07 -9.88684830e-06 
 1.34758179e-07 -2.14885343e-06  1.34758179e-07  9.16839806e-06 
 1.34808179e-07  2.25527726e-06  1.34808179e-07 -8.44762448e-06 
 1.34858179e-07 -2.12122077e-06  1.34858179e-07  7.76206622e-06 
 1.34908179e-07  2.22632953e-06  1.34908179e-07 -7.07322559e-06 
 1.34958179e-07 -2.09110054e-06  1.34958179e-07  6.41873888e-06 
 1.35008179e-07  2.19515711e-06  1.35008179e-07 -5.76008698e-06 
 1.35058179e-07 -2.05899749e-06  1.35058179e-07  5.13499798e-06 
 1.35108179e-07  2.16222467e-06  1.35108179e-07 -4.50492922e-06 
 1.35158179e-07 -2.02533940e-06  1.35158179e-07  3.90769501e-06 
 1.35208179e-07  2.12792593e-06  1.35208179e-07 -3.30472793e-06 
 1.35258179e-07 -1.99048844e-06  1.35258179e-07  2.73392303e-06 
 1.35308179e-07  2.09259394e-06  1.35308179e-07 -2.15668739e-06 
 1.35358179e-07 -1.95475082e-06  1.35358179e-07  1.61099172e-06 
 1.35408179e-07  2.05651010e-06  1.35408179e-07 -1.05821737e-06 
 1.35458179e-07 -1.91838509e-06  1.35458179e-07  5.36405699e-07 
 1.35508179e-07  2.01991189e-06  1.35508179e-07 -6.91258850e-09 
 1.35558179e-07 -1.88160922e-06  1.35558179e-07 -4.92154614e-07 
 1.35608179e-07  1.98299928e-06  1.35608179e-07  9.99465104e-07 
 1.35658179e-07 -1.84460655e-06  1.35658179e-07 -1.47685005e-06 
 1.35708179e-07  1.94594025e-06  1.35708179e-07  1.96300284e-06 
 1.35758179e-07 -1.80753093e-06  1.35758179e-07 -2.41969745e-06 
 1.35808179e-07  1.90887562e-06  1.35808179e-07  2.88565057e-06 
 1.35858179e-07 -1.77051115e-06  1.35858179e-07 -3.32258304e-06 
 1.35908179e-07  1.87192307e-06  1.35908179e-07  3.76923365e-06 
 1.35958179e-07 -1.73365464e-06  1.35958179e-07 -4.18727407e-06 
 1.36008179e-07  1.83518053e-06  1.36008179e-07  4.61546393e-06 
 1.36058179e-07 -1.69705057e-06  1.36058179e-07 -5.01542931e-06 
 1.36108179e-07  1.79872918e-06  1.36108179e-07  5.42594940e-06 
 1.36158179e-07 -1.66077272e-06  1.36158179e-07 -5.80860831e-06 
 1.36208179e-07  1.76263589e-06  1.36208179e-07  6.20220324e-06 
 1.36258179e-07 -1.62488167e-06  1.36258179e-07 -6.56827966e-06 
 1.36308179e-07  1.72695544e-06  1.36308179e-07  6.94565143e-06 
 1.36358179e-07 -1.58942680e-06  1.36358179e-07 -7.29582851e-06 
 1.36408179e-07  1.69173233e-06  1.36408179e-07  7.65763988e-06 
 1.36458179e-07 -1.55444811e-06  1.36458179e-07 -7.99256308e-06 
 1.36508179e-07  1.65700225e-06  1.36508179e-07  8.33944076e-06 
 1.36558179e-07 -1.51997735e-06  1.36558179e-07 -8.65972085e-06 
 1.36608179e-07  1.62279345e-06  1.36608179e-07  8.99225815e-06 
 1.36658179e-07 -1.48603958e-06  1.36658179e-07 -9.29847374e-06 
 1.36708179e-07  1.58912799e-06  1.36708179e-07  9.61723309e-06 
 1.36758179e-07 -1.45265402e-06  1.36758179e-07 -9.90993307e-06 
 1.36808179e-07  1.55602251e-06  1.36808179e-07  1.02154483e-05 
 1.36858179e-07 -1.41983501e-06  1.36858179e-07 -1.04951539e-05 
 1.36908179e-07  1.52348919e-06  1.36908179e-07  1.07879324e-05 
 1.36958179e-07 -1.38759273e-06  1.36958179e-07 -1.10551393e-05 
 1.37008179e-07  1.49153640e-06  1.37008179e-07  1.13356635e-05 
 1.37058179e-07 -1.35593386e-06  1.37058179e-07 -1.15908434e-05 
 1.37108179e-07  1.46016929e-06  1.37108179e-07  1.18595729e-05 
 1.37158179e-07 -1.32486222e-06  1.37158179e-07 -1.21031752e-05 
 1.37208179e-07  1.42939037e-06  1.37208179e-07  1.23605481e-05 
 1.37258179e-07 -1.29437906e-06  1.37258179e-07 -1.25930015e-05 
 1.37308179e-07  1.39919984e-06  1.37308179e-07  1.28394357e-05 
 1.37358179e-07 -1.26448367e-06  1.37358179e-07 -1.30611493e-05 
 1.37408179e-07  1.36959606e-06  1.37408179e-07  1.32970441e-05 
 1.37458179e-07 -1.23517348e-06  1.37458179e-07 -1.35084088e-05 
 1.37508179e-07  1.34057572e-06  1.37508179e-07  1.37341456e-05 
 1.37558179e-07 -1.20644464e-06  1.37558179e-07 -1.39355353e-05 
 1.37608179e-07  1.31213435e-06  1.37608179e-07  1.41514792e-05 
 1.37658179e-07 -1.17829203e-06  1.37658179e-07 -1.43432516e-05 
 1.37708179e-07  1.28426635e-06  1.37708179e-07  1.45497519e-05 
 1.37758179e-07 -1.15070960e-06  1.37758179e-07 -1.47322496e-05 
 1.37808179e-07  1.25696517e-06  1.37808179e-07  1.49296412e-05 
 1.37858179e-07 -1.12369045e-06  1.37858179e-07 -1.51031926e-05 
 1.37908179e-07  1.23022367e-06  1.37908179e-07  1.52917964e-05 
 1.37958179e-07 -1.09722710e-06  1.37958179e-07 -1.54567164e-05 
 1.38008179e-07  1.20403403e-06  1.38008179e-07  1.56368403e-05 
 1.38058179e-07 -1.07131153e-06  1.38058179e-07 -1.57934312e-05 
 1.38108179e-07  1.17838803e-06  1.38108179e-07  1.59653710e-05 
 1.38158179e-07 -1.04593532e-06  1.38158179e-07 -1.61139229e-05 
 1.38208179e-07  1.15327710e-06  1.38208179e-07  1.62779625e-05 
 1.38258179e-07 -1.02108975e-06  1.38258179e-07 -1.64187543e-05 
 1.38308179e-07  1.12869240e-06  1.38308179e-07  1.65751668e-05 
 1.38358179e-07 -9.96765880e-07  1.38358179e-07 -1.67084667e-05 
 1.38408179e-07  1.10462486e-06  1.38408179e-07  1.68575145e-05 
 1.38458179e-07 -9.72954568e-07  1.38458179e-07 -1.69835804e-05 
 1.38508179e-07  1.08106532e-06  1.38508179e-07  1.71255161e-05 
 1.38558179e-07 -9.49646610e-07  1.38558179e-07 -1.72445962e-05 
 1.38608179e-07  1.05800453e-06  1.38608179e-07  1.73796632e-05 
 1.38658179e-07 -9.26832741e-07  1.38658179e-07 -1.74919964e-05 
 1.38708179e-07  1.03543322e-06  1.38708179e-07  1.76204287e-05 
 1.38758179e-07 -9.04503659e-07  1.38758179e-07 -1.77262454e-05 
 1.38808179e-07  1.01334201e-06  1.38808179e-07  1.78482689e-05 
 1.38858179e-07 -8.82650029e-07  1.38858179e-07 -1.79477909e-05 
 1.38908179e-07  9.91721714e-07  1.38908179e-07  1.80636231e-05 
 1.38958179e-07 -8.61262662e-07  1.38958179e-07 -1.81570644e-05 
 1.39008179e-07  9.70563068e-07  1.39008179e-07  1.82669151e-05 
 1.39058179e-07 -8.40332350e-07  1.39058179e-07 -1.83544821e-05 
 1.39108179e-07  9.49856965e-07  1.39108179e-07  1.84585538e-05 
 1.39158179e-07 -8.19850039e-07  1.39158179e-07 -1.85404456e-05 
 1.39208179e-07  9.29594354e-07  1.39208179e-07  1.86389336e-05 
 1.39258179e-07 -7.99806664e-07  1.39258179e-07 -1.87153424e-05 
 1.39308179e-07  9.09766252e-07  1.39308179e-07  1.88084354e-05 
 1.39358179e-07 -7.80193406e-07  1.39358179e-07 -1.88795467e-05 
 1.39408179e-07  8.90363862e-07  1.39408179e-07  1.89674269e-05 
 1.39458179e-07 -7.61001427e-07  1.39458179e-07 -1.90334200e-05 
 1.39508179e-07  8.71378474e-07  1.39508179e-07  1.91162634e-05 
 1.39558179e-07 -7.42222178e-07  1.39558179e-07 -1.91773114e-05 
 1.39608179e-07  8.52801529e-07  1.39608179e-07  1.92552880e-05 
 1.39658179e-07 -7.23847057e-07  1.39658179e-07 -1.93115584e-05 
 1.39708179e-07  8.34624549e-07  1.39708179e-07  1.93848327e-05 
 1.39758179e-07 -7.05867786e-07  1.39758179e-07 -1.94364872e-05 
 1.39808179e-07  8.16839342e-07  1.39808179e-07  1.95052180e-05 
 1.39858179e-07 -6.88276144e-07  1.39858179e-07 -1.95524131e-05 
 1.39908179e-07  7.99437680e-07  1.39908179e-07  1.96167541e-05 
 1.39954090e-07 -6.70306064e-07  1.39954090e-07 -1.96642205e-05 
 1.40000000e-07  7.80912881e-07  1.40000000e-07  1.97285113e-05 
 1.40005000e-07  1.31249750e-05  1.40005000e-07  1.78812078e-04 
 1.40015000e-07 -5.62386589e-06  1.40015000e-07  2.31638431e-06 
 1.40035000e-07 -6.43387570e-06  1.40035000e-07 -5.70037744e-05 
 1.40075000e-07  5.98763154e-06  1.40075000e-07 -5.26619182e-05 
 1.40125000e-07 -3.10013468e-05  1.40125000e-07 -1.21225830e-04 
 1.40162500e-07 -6.31686477e-05  1.40162500e-07 -3.03592383e-04 
 1.40200000e-07  4.55465212e-04  1.40200000e-07  2.44686542e-04 
 1.40205000e-07  2.83729499e-04  1.40205000e-07  1.25141192e-04 
 1.40215000e-07 -2.46827189e-04  1.40215000e-07  3.45753454e-04 
 1.40235000e-07 -2.99659164e-04  1.40235000e-07  8.53871183e-04 
 1.40275000e-07  1.90259225e-04  1.40275000e-07  1.13062048e-03 
 1.40318186e-07 -1.14387814e-04  1.40318186e-07 -1.90229396e-03 
 1.40363616e-07  7.76852398e-05  1.40363616e-07  4.71116814e-04 
 1.40413616e-07 -5.82617992e-05  1.40413616e-07 -2.47931974e-04 
 1.40463616e-07  4.58281302e-05  1.40463616e-07  2.83735626e-04 
 1.40513616e-07 -3.69154949e-05  1.40513616e-07 -1.67786664e-04 
 1.40563616e-07  3.05960151e-05  1.40563616e-07  1.14931121e-04 
 1.40613616e-07 -2.55884799e-05  1.40613616e-07 -6.16001253e-05 
 1.40663616e-07  2.19202182e-05  1.40663616e-07  2.29518269e-05 
 1.40713616e-07 -1.88061803e-05  1.40713616e-07  7.88757818e-06 
 1.40763616e-07  1.65157245e-05  1.40763616e-07 -3.14217962e-05 
 1.40813616e-07 -1.44346965e-05  1.40813616e-07  4.94358258e-05 
 1.40863616e-07  1.29267362e-05  1.40863616e-07 -6.29478902e-05 
 1.40913616e-07 -1.14422527e-05  1.40913616e-07  7.29365281e-05 
 1.40963616e-07  1.03979378e-05  1.40963616e-07 -8.00626055e-05 
 1.41013616e-07 -9.27555524e-06  1.41013616e-07  8.49739175e-05 
 1.41063616e-07  8.51926911e-06  1.41063616e-07 -8.80719096e-05 
 1.41113616e-07 -7.62780400e-06  1.41113616e-07  8.97990227e-05 
 1.41163616e-07  7.06003863e-06  1.41163616e-07 -9.03933770e-05 
 1.41213616e-07 -6.32400258e-06  1.41213616e-07  9.01635600e-05 
 1.41263616e-07  5.88662905e-06  1.41263616e-07 -8.92437055e-05 
 1.41313616e-07 -5.26110537e-06  1.41313616e-07  8.78536177e-05 
 1.41363616e-07  4.91886798e-06  1.41363616e-07 -8.60607002e-05 
 1.41413616e-07 -4.37600156e-06  1.41413616e-07  8.40252531e-05 
 1.41463616e-07  4.10652480e-06  1.41463616e-07 -8.17717835e-05 
 1.41513616e-07 -3.62818128e-06  1.41513616e-07  7.94204534e-05 
 1.41563616e-07  3.41651781e-06  1.41563616e-07 -7.69683057e-05 
 1.41613616e-07 -2.99025340e-06  1.41613616e-07  7.45083252e-05 
 1.41663616e-07  2.82587471e-06  1.41663616e-07 -7.20201474e-05 
 1.41713616e-07 -2.44269470e-06  1.41713616e-07  6.95783221e-05 
 1.41763616e-07  2.31780430e-06  1.41763616e-07 -6.71516461e-05 
 1.41813616e-07 -1.97089431e-06  1.41813616e-07  6.48021609e-05 
 1.41863616e-07  1.87946347e-06  1.41863616e-07 -6.24921081e-05 
 1.41913616e-07 -1.56345526e-06  1.41913616e-07  6.02750522e-05 
 1.41956808e-07  1.47304703e-06  1.41956808e-07 -5.77769202e-05 
 1.42000000e-07 -1.16012780e-06  1.42000000e-07  5.54043630e-05 
 1.42005000e-07  1.82864802e-04  1.42005000e-07  2.47810540e-03 
 1.42015000e-07  1.50788163e-04  1.42015000e-07  2.66806297e-03 
 1.42035000e-07  1.09153332e-05  1.42035000e-07  9.77015979e-04 
 1.42075000e-07  4.97199497e-05  1.42075000e-07  7.95628930e-04 
 1.42125000e-07 -1.57153340e-05  1.42125000e-07  3.57797049e-04 
 1.42162500e-07  1.66564672e-06  1.42162500e-07  5.96605607e-04 
 1.42200000e-07 -2.37915601e-05  1.42200000e-07 -2.70217657e-03 
 1.42205000e-07 -1.40392966e-04  1.42205000e-07 -1.88904628e-03 
 1.42215000e-07 -1.30958537e-04  1.42215000e-07 -1.25975818e-03 
 1.42235000e-07 -4.36981034e-05  1.42235000e-07 -1.04679862e-03 
 1.42275000e-07 -1.96099760e-05  1.42275000e-07 -5.26593130e-04 
 1.42325000e-07 -4.51738045e-06  1.42325000e-07 -2.61772766e-04 
 1.42375000e-07  1.15949756e-05  1.42375000e-07 -1.08317344e-04 
 1.42425000e-07 -1.34392305e-05  1.42425000e-07 -1.14054769e-04 
 1.42475000e-07  1.09886741e-05  1.42475000e-07  6.88699092e-05 
 1.42525000e-07 -6.80737656e-06  1.42525000e-07 -1.07608254e-04 
 1.42575000e-07  2.77038446e-06  1.42575000e-07  8.66612145e-05 
 1.42625000e-07  9.82184495e-07  1.42625000e-07 -9.56358943e-05 
 1.42675000e-07 -3.78259708e-06  1.42675000e-07  9.00482733e-05 
 1.42725000e-07  6.12164738e-06  1.42725000e-07 -9.10246978e-05 
 1.42775000e-07 -7.61484817e-06  1.42775000e-07  8.83968311e-05 
 1.42825000e-07  8.85062855e-06  1.42825000e-07 -8.70186199e-05 
 1.42875000e-07 -9.45729805e-06  1.42875000e-07  8.46657493e-05 
 1.42925000e-07  1.00019124e-05  1.42925000e-07 -8.24759034e-05 
 1.42975000e-07 -1.00795485e-05  1.42975000e-07  8.00045843e-05 
 1.43025000e-07  1.02254903e-05  1.43025000e-07 -7.75242553e-05 
 1.43075000e-07 -1.00060269e-05  1.43075000e-07  7.49832285e-05 
 1.43125000e-07  9.93393094e-06  1.43125000e-07 -7.24395696e-05 
 1.43175000e-07 -9.55632328e-06  1.43175000e-07  6.99266486e-05 
 1.43225000e-07  9.37250230e-06  1.43225000e-07 -6.74400631e-05 
 1.43275000e-07 -8.91864753e-06  1.43275000e-07  6.50239832e-05 
 1.43325000e-07  8.68542983e-06  1.43325000e-07 -6.26550225e-05 
 1.43375000e-07 -8.20253376e-06  1.43375000e-07  6.03774764e-05 
 1.43425000e-07  7.95575945e-06  1.43425000e-07 -5.81576217e-05 
 1.43475000e-07 -7.47103856e-06  1.43475000e-07  5.60380030e-05 
 1.43525000e-07  7.23124346e-06  1.43525000e-07 -5.39788155e-05 
 1.43575000e-07 -6.76011629e-06  1.43575000e-07  5.20201241e-05 
 1.43625000e-07  6.53868729e-06  1.43625000e-07 -5.01206495e-05 
 1.43675000e-07 -6.08940231e-06  1.43675000e-07  4.83181899e-05 
 1.43725000e-07  5.89218373e-06  1.43725000e-07 -4.65708567e-05 
 1.43775000e-07 -5.46868019e-06  1.43775000e-07  4.49150913e-05 
 1.43825000e-07  5.29815016e-06  1.43825000e-07 -4.33089519e-05 
 1.43875000e-07 -4.90175081e-06  1.43875000e-07  4.17881228e-05 
 1.43925000e-07  4.75834759e-06  1.43925000e-07 -4.03109194e-05 
 1.43975000e-07 -4.38879814e-06  1.43975000e-07  3.89126530e-05 
 1.44025000e-07  4.27174264e-06  1.44025000e-07 -3.75520529e-05 
 1.44075000e-07 -3.92786194e-06  1.44075000e-07  3.62642936e-05 
 1.44125000e-07  3.83567633e-06  1.44125000e-07 -3.50085799e-05 
 1.44175000e-07 -3.51576942e-06  1.44175000e-07  3.38200889e-05 
 1.44225000e-07  3.44660772e-06  1.44225000e-07 -3.26585055e-05 
 1.44275000e-07 -3.14872966e-06  1.44275000e-07  3.15590860e-05 
 1.44325000e-07  3.10058929e-06  1.44325000e-07 -3.04819682e-05 
 1.44375000e-07 -2.82271328e-06  1.44375000e-07  2.94625253e-05 
 1.44425000e-07  2.79356892e-06  1.44425000e-07 -2.84613049e-05 
 1.44475000e-07 -2.53369250e-06  1.44475000e-07  2.75138116e-05 
 1.44525000e-07  2.52157934e-06  1.44525000e-07 -2.65809534e-05 
 1.44575000e-07 -2.27778863e-06  1.44575000e-07  2.56983673e-05 
 1.44625000e-07  2.28085198e-06  1.44625000e-07 -2.48272723e-05 
 1.44675000e-07 -2.05135893e-06  1.44675000e-07  2.40034316e-05 
 1.44725000e-07  2.06788105e-06  1.44725000e-07 -2.31883288e-05 
 1.44775000e-07 -1.85104197e-06  1.44775000e-07  2.24178440e-05 
 1.44825000e-07  1.87945412e-06  1.44825000e-07 -2.16536835e-05 
 1.44875000e-07 -1.67377645e-06  1.44875000e-07  2.09318336e-05 
 1.44925000e-07  1.71266116e-06  1.44925000e-07 -2.02141867e-05 
 1.44975000e-07 -1.51680205e-06  1.44975000e-07  1.95368251e-05 
 1.45025000e-07  1.56488912e-06  1.45025000e-07 -1.88617956e-05 
 1.45075000e-07 -1.37764946e-06  1.45075000e-07  1.82252672e-05 
 1.45125000e-07  1.43380809e-06  1.45125000e-07 -1.75894142e-05 
 1.45175000e-07 -1.25412325e-06  1.45175000e-07  1.69904835e-05 
 1.45225000e-07  1.31735211e-06  1.45225000e-07 -1.63907546e-05 
 1.45275000e-07 -1.14428153e-06  1.45275000e-07  1.58265453e-05 
 1.45325000e-07  1.21369764e-06  1.45325000e-07 -1.52602208e-05 
 1.45375000e-07 -1.04641348e-06  1.45375000e-07  1.47281635e-05 
 1.45425000e-07  1.12124116e-06  1.45425000e-07 -1.41928091e-05 
 1.45475000e-07 -9.59017182e-07  1.45475000e-07  1.36905989e-05 
 1.45525000e-07  1.03857685e-06  1.45525000e-07 -1.31840261e-05 
 1.45575000e-07 -8.80777625e-07  1.45575000e-07  1.27095860e-05 
 1.45625000e-07  9.64475317e-07  1.45625000e-07 -1.22298187e-05 
 1.45675000e-07 -8.10546071e-07  1.45675000e-07  1.17812697e-05 
 1.45725000e-07  8.97863735e-07  1.45725000e-07 -1.13265168e-05 
 1.45775000e-07 -7.47320947e-07  1.45775000e-07  1.09021521e-05 
 1.45825000e-07  8.37807399e-07  1.45825000e-07 -1.04707841e-05 
 1.45875000e-07 -6.90230207e-07  1.45875000e-07  1.00690482e-05 
 1.45925000e-07  7.83493049e-07  1.45925000e-07 -9.65957741e-06 
 1.45975000e-07 -6.38515654e-07  1.45975000e-07  9.27904795e-06 
 1.46025000e-07  7.34213850e-07  1.46025000e-07 -8.89011226e-06 
 1.46075000e-07 -5.91518544e-07  1.46075000e-07  8.52948459e-06 
 1.46125000e-07  6.89356055e-07  1.46125000e-07 -8.15983304e-06 
 1.46175000e-07 -5.48666994e-07  1.46175000e-07  7.81790759e-06 
 1.46225000e-07  6.48386866e-07  1.46225000e-07 -7.46638848e-06 
 1.46275000e-07 -5.09464726e-07  1.46275000e-07  7.14205930e-06 
 1.46325000e-07  6.10844057e-07  1.46325000e-07 -6.80760975e-06 
 1.46375000e-07 -4.73481212e-07  1.46375000e-07  6.49985501e-06 
 1.46425000e-07  5.76326630e-07  1.46425000e-07 -6.18149203e-06 
 1.46475000e-07 -4.40342969e-07  1.46475000e-07  5.88936573e-06 
 1.46525000e-07  5.44486669e-07  1.46525000e-07 -5.58617842e-06 
 1.46575000e-07 -4.09725932e-07  1.46575000e-07  5.30880302e-06 
 1.46625000e-07  5.15022394e-07  1.46625000e-07 -5.01994575e-06 
 1.46675000e-07 -3.81348940e-07  1.46675000e-07  4.75650585e-06 
 1.46725000e-07  4.87671702e-07  1.46725000e-07 -4.48119222e-06 
 1.46775000e-07 -3.54967737e-07  1.46775000e-07  4.23092888e-06 
 1.46825000e-07  4.62207023e-07  1.46825000e-07 -3.96842647e-06 
 1.46875000e-07 -3.30370191e-07  1.46875000e-07  3.73063231e-06 
 1.46925000e-07  4.38430556e-07  1.46925000e-07 -3.48025796e-06 
 1.46975000e-07 -3.07371766e-07  1.46975000e-07  3.25427269e-06 
 1.47025000e-07  4.16170150e-07  1.47025000e-07 -3.01538829e-06 
 1.47075000e-07 -2.85811941e-07  1.47075000e-07  2.80059473e-06 
 1.47125000e-07  3.95275919e-07  1.47125000e-07 -2.57260359e-06 
 1.47175000e-07 -2.65550622e-07  1.47175000e-07  2.36842414e-06 
 1.47225000e-07  3.75617059e-07  1.47225000e-07 -2.15076744e-06 
 1.47275000e-07 -2.46465690e-07  1.47275000e-07  1.95666096e-06 
 1.47325000e-07  3.57079398e-07  1.47325000e-07 -1.74881487e-06 
 1.47375000e-07 -2.28450363e-07  1.47375000e-07  1.56427371e-06 
 1.47425000e-07  3.39563061e-07  1.47425000e-07 -1.36574665e-06 
 1.47475000e-07 -2.11411077e-07  1.47475000e-07  1.19029417e-06 
 1.47525000e-07  3.22980392e-07  1.47525000e-07 -1.00062427e-06 
 1.47575000e-07 -1.95265833e-07  1.47575000e-07  8.33812431e-07 
 1.47625000e-07  3.07254521e-07  1.47625000e-07 -6.52565392e-07 
 1.47675000e-07 -1.79942389e-07  1.47675000e-07  4.93972648e-07 
 1.47725000e-07  2.92317683e-07  1.47725000e-07 -3.20739600e-07 
 1.47775000e-07 -1.65377195e-07  1.47775000e-07  1.69968913e-07 
 1.47825000e-07  2.78110111e-07  1.47825000e-07 -4.36469955e-09 
 1.47875000e-07 -1.51513985e-07  1.47875000e-07 -1.38958113e-07 
 1.47925000e-07  2.64578867e-07  1.47925000e-07  2.97296743e-07 
 1.47975000e-07 -1.38302978e-07  1.47975000e-07 -4.33524765e-07 
 1.48025000e-07  2.51677020e-07  1.48025000e-07  5.84940616e-07 
 1.48075000e-07 -1.25699841e-07  1.48075000e-07 -7.14407140e-07 
 1.48125000e-07  2.39362749e-07  1.48125000e-07  8.59223988e-07 
 1.48175000e-07 -1.13665098e-07  1.48175000e-07 -9.82244012e-07 
 1.48225000e-07  2.27598748e-07  1.48225000e-07  1.12076796e-06 
 1.48275000e-07 -1.02163412e-07  1.48275000e-07 -1.23763934e-06 
 1.48325000e-07  2.16351497e-07  1.48325000e-07  1.37015991e-06 
 1.48375000e-07 -9.11630782e-08  1.48375000e-07 -1.48116449e-06 
 1.48425000e-07  2.05590931e-07  1.48425000e-07  1.60795578e-06 
 1.48475000e-07 -8.06354513e-08  1.48475000e-07 -1.71336046e-06 
 1.48525000e-07  1.95289841e-07  1.48525000e-07  1.83468208e-06 
 1.48575000e-07 -7.05547331e-08  1.48575000e-07 -1.93473979e-06 
 1.48625000e-07  1.85423659e-07  1.48625000e-07  2.05083787e-06 
 1.48675000e-07 -6.08974747e-08  1.48675000e-07 -2.14578844e-06 
 1.48725000e-07  1.75969970e-07  1.48725000e-07  2.25689641e-06 
 1.48775000e-07 -5.16422547e-08  1.48775000e-07 -2.34696736e-06 
 1.48825000e-07  1.66908342e-07  1.48825000e-07  2.45330671e-06 
 1.48875000e-07 -4.27694681e-08  1.48875000e-07 -2.53871405e-06 
 1.48925000e-07  1.58219977e-07  1.48925000e-07  2.64049522e-06 
 1.48975000e-07 -3.42612090e-08  1.48975000e-07 -2.72144411e-06 
 1.49025000e-07  1.49887687e-07  1.49025000e-07  2.81886693e-06 
 1.49075000e-07 -2.61008892e-08  1.49075000e-07 -2.89555240e-06 
 1.49125000e-07  1.41895538e-07  1.49125000e-07  2.98880689e-06 
 1.49175000e-07 -1.82731815e-08  1.49175000e-07 -3.06141434e-06 
 1.49225000e-07  1.34228723e-07  1.49225000e-07  3.15068122e-06 
 1.49275000e-07 -1.07638557e-08  1.49275000e-07 -3.21938706e-06 
 1.49325000e-07  1.26873601e-07  1.49325000e-07  3.30483835e-06 
 1.49375000e-07 -3.55967358e-09  1.49375000e-07 -3.36981043e-06 
 1.49425000e-07  1.19817269e-07  1.49425000e-07  3.45160981e-06 
 1.49475000e-07  3.35180595e-09  1.49475000e-07 -3.51300808e-06 
 1.49525000e-07  1.13047785e-07  1.49525000e-07  3.59131153e-06 
 1.49575000e-07  9.98215630e-09  1.49575000e-07 -3.64928823e-06 
 1.49625000e-07  1.06553827e-07  1.49625000e-07  3.72424435e-06 
 1.49675000e-07  1.63423484e-08  1.49675000e-07 -3.77894470e-06 
 1.49725000e-07  1.00324835e-07  1.49725000e-07  3.85069512e-06 
 1.49775000e-07  2.24427236e-08  1.49775000e-07 -3.90225754e-06 
 1.49825000e-07  9.43506758e-08  1.49825000e-07  3.97093739e-06 
 1.49875000e-07  2.82930218e-08  1.49875000e-07 -4.01949390e-06 
 1.49925000e-07  8.86219401e-08  1.49925000e-07  4.08523207e-06 
 1.49962500e-07  3.48147068e-08  1.49962500e-07 -4.14893162e-06 
 1.50000000e-07  8.13496051e-08  1.50000000e-07  4.22880662e-06 
 1.50005000e-07 -8.05686390e-06  1.50005000e-07 -7.29178983e-05 
 1.50015000e-07  5.90124201e-06  1.50015000e-07  1.24803945e-05 
 1.50035000e-07  1.72965977e-06  1.50035000e-07  1.43180871e-05 
 1.50075000e-07 -2.67630038e-06  1.50075000e-07  1.69979823e-05 
 1.50125000e-07  2.40143306e-05  1.50125000e-07  1.72778748e-04 
 1.50162500e-07  1.54508514e-05  1.50162500e-07  2.04608210e-04 
 1.50200000e-07 -3.24989118e-04  1.50200000e-07 -1.12199936e-04 
 1.50205000e-07 -3.33045065e-04  1.50205000e-07 -3.46980777e-04 
 1.50215000e-07 -2.85844993e-05  1.50215000e-07 -8.01659509e-04 
 1.50235000e-07  4.99092720e-04  1.50235000e-07 -1.21120842e-03 
 1.50271171e-07 -2.38545390e-04  1.50271171e-07 -4.66689633e-04 
 1.50314691e-07  1.27858402e-04  1.50314691e-07  1.27794745e-03 
 1.50360581e-07 -5.80687050e-05  1.50360581e-07  2.69030955e-05 
 1.50410581e-07  1.91471931e-05  1.50410581e-07  6.14963173e-05 
 1.50460581e-07  7.35133356e-06  1.50460581e-07 -1.39375037e-04 
 1.50510581e-07 -2.51670275e-05  1.50510581e-07  4.87565281e-05 
 1.50560581e-07  3.73518451e-05  1.50560581e-07 -5.75988051e-05 
 1.50610581e-07 -4.51671767e-05  1.50610581e-07  1.58850083e-05 
 1.50660581e-07  5.01586422e-05  1.50660581e-07 -4.13134116e-06 
 1.50710581e-07 -5.27052745e-05  1.50710581e-07 -1.77041112e-05 
 1.50760581e-07  5.38475248e-05  1.50760581e-07  3.03339636e-05 
 1.50810581e-07 -5.35393512e-05  1.50810581e-07 -4.35722861e-05 
 1.50860581e-07  5.26363209e-05  1.50860581e-07  5.31585031e-05 
 1.50910581e-07 -5.08657792e-05  1.50910581e-07 -6.15630355e-05 
 1.50960581e-07  4.89292775e-05  1.50960581e-07  6.80171195e-05 
 1.51010581e-07 -4.64752188e-05  1.51010581e-07 -7.32225276e-05 
 1.51060581e-07  4.40991332e-05  1.51060581e-07  7.71805865e-05 
 1.51110581e-07 -4.14043301e-05  1.51110581e-07 -8.01400192e-05 
 1.51160581e-07  3.89261058e-05  1.51160581e-07  8.22493843e-05 
 1.51210581e-07 -3.62385598e-05  1.51210581e-07 -8.36186450e-05 
 1.51260581e-07  3.38436671e-05  1.51260581e-07  8.44042501e-05 
 1.51310581e-07 -3.12960883e-05  1.51310581e-07 -8.46592152e-05 
 1.51360581e-07  2.90799563e-05  1.51360581e-07  8.45204602e-05 
 1.51410581e-07 -2.67368771e-05  1.51410581e-07 -8.40097454e-05 
 1.51460581e-07  2.47419268e-05  1.51460581e-07  8.32425938e-05 
 1.51510581e-07 -2.26279543e-05  1.51510581e-07 -8.22204645e-05 
 1.51560581e-07  2.08658874e-05  1.51560581e-07  8.10408337e-05 
 1.51610581e-07 -1.89827517e-05  1.51610581e-07 -7.96911079e-05 
 1.51660581e-07  1.74480095e-05  1.51660581e-07  7.82545353e-05 
 1.51710581e-07 -1.57848741e-05  1.51710581e-07 -7.67086587e-05 
 1.51760581e-07  1.44627560e-05  1.51760581e-07  7.51257677e-05 
 1.51810581e-07 -1.30024330e-05  1.51810581e-07 -7.34765221e-05 
 1.51860581e-07  1.18739621e-05  1.51860581e-07  7.18248523e-05 
 1.51910581e-07 -1.05966224e-05  1.51910581e-07 -7.01366882e-05 
 1.51960581e-07  9.64141774e-06  1.51960581e-07  6.84696130e-05 
 1.52010581e-07 -8.52676084e-06  1.52010581e-07 -6.67863796e-05 
 1.52060581e-07  7.72468728e-06  1.52060581e-07  6.51397628e-05 
 1.52110581e-07 -6.75316360e-06  1.52110581e-07 -6.34904509e-05 
 1.52160581e-07  6.08523081e-06  1.52160581e-07  6.18875806e-05 
 1.52210581e-07 -5.23868382e-06  1.52210581e-07 -6.02905638e-05 
 1.52260581e-07  4.68748914e-06  1.52260581e-07  5.87457853e-05 
 1.52310581e-07 -3.94944479e-06  1.52310581e-07 -5.72119324e-05 
 1.52360581e-07  3.49934195e-06  1.52360581e-07  5.57333079e-05 
 1.52410581e-07 -2.85508816e-06  1.52410581e-07 -5.42682548e-05 
 1.52460581e-07  2.49219475e-06  1.52460581e-07  5.28594992e-05 
 1.52510581e-07 -1.92873963e-06  1.52510581e-07 -5.14652957e-05 
 1.52560581e-07  1.64085473e-06  1.52560581e-07  5.01271751e-05 
 1.52610581e-07 -1.14681875e-06  1.52610581e-07 -4.88034711e-05 
 1.52660581e-07  9.23293974e-07  1.52660581e-07  4.75348067e-05 
 1.52710581e-07 -4.88770621e-07  1.52710581e-07 -4.62796995e-05 
 1.52760581e-07  3.20361251e-07  1.52760581e-07  4.50780812e-05 
 1.52810581e-07  6.32342185e-08  1.52810581e-07 -4.38887141e-05 
 1.52860581e-07 -1.84522354e-07  1.52860581e-07  4.27510026e-05 
 1.52910581e-07  5.24602789e-07  1.52910581e-07 -4.16239836e-05 
 1.52960581e-07 -6.05660946e-07  1.52960581e-07  4.05466581e-05 
 1.53010581e-07  9.08609491e-07  1.53010581e-07 -3.94783473e-05 
 1.53060581e-07 -9.55363821e-07  1.53060581e-07  3.84577428e-05 
 1.53110581e-07  1.22666515e-06  1.53110581e-07 -3.74444464e-05 
 1.53160581e-07 -1.24420210e-06  1.53160581e-07  3.64769109e-05 
 1.53210581e-07  1.48856050e-06  1.53210581e-07 -3.55150067e-05 
 1.53260581e-07 -1.48123902e-06  1.53260581e-07  3.45970024e-05 
 1.53310581e-07  1.70268393e-06  1.53310581e-07 -3.36830193e-05 
 1.53360581e-07 -1.67423492e-06  1.53360581e-07  3.28111835e-05 
 1.53410581e-07  1.87621369e-06  1.53410581e-07 -3.19418469e-05 
 1.53460581e-07 -1.82982718e-06  1.53460581e-07  3.11130252e-05 
 1.53510581e-07  2.01528646e-06  1.53510581e-07 -3.02852800e-05 
 1.53560581e-07 -1.95368776e-06  1.53560581e-07  2.94965413e-05 
 1.53610581e-07  2.12514417e-06  1.53610581e-07 -2.87075594e-05 
 1.53660581e-07 -2.05065983e-06  1.53660581e-07  2.79561977e-05 
 1.53710581e-07  2.21026127e-06  1.53710581e-07 -2.72033753e-05 
 1.53760581e-07 -2.12487632e-06  1.53760581e-07  2.64869039e-05 
 1.53810581e-07  2.27445503e-06  1.53810581e-07 -2.57678523e-05 
 1.53860581e-07 -2.17986206e-06  1.53860581e-07  2.50839927e-05 
 1.53910581e-07  2.32098011e-06  1.53910581e-07 -2.43965262e-05 
 1.53960581e-07 -2.21862177e-06  1.53960581e-07  2.37431946e-05 
 1.54010581e-07  2.35261025e-06  1.54010581e-07 -2.30853153e-05 
 1.54060581e-07 -2.24371550e-06  1.54060581e-07  2.24606076e-05 
 1.54110581e-07  2.37170831e-06  1.54110581e-07 -2.18304903e-05 
 1.54160581e-07 -2.25732370e-06  1.54160581e-07  2.12326667e-05 
 1.54210581e-07  2.38028614e-06  1.54210581e-07 -2.06286442e-05 
 1.54260581e-07 -2.26130257e-06  1.54260581e-07  2.00561145e-05 
 1.54310581e-07  2.38005635e-06  1.54310581e-07 -1.94766622e-05 
 1.54360581e-07 -2.25723171e-06  1.54360581e-07  1.89279716e-05 
 1.54410581e-07  2.37247569e-06  1.54410581e-07 -1.83716941e-05 
 1.54460581e-07 -2.24645462e-06  1.54460581e-07  1.78455101e-05 
 1.54510581e-07  2.35878316e-06  1.54510581e-07 -1.73111286e-05 
 1.54560581e-07 -2.23011358e-06  1.54560581e-07  1.68062287e-05 
 1.54610581e-07  2.34003179e-06  1.54610581e-07 -1.62925693e-05 
 1.54660581e-07 -2.20917928e-06  1.54660581e-07  1.58078303e-05 
 1.54710581e-07  2.31711624e-06  1.54710581e-07 -1.53138133e-05 
 1.54760581e-07 -2.18447616e-06  1.54760581e-07  1.48482012e-05 
 1.54810581e-07  2.29079612e-06  1.54810581e-07 -1.43728319e-05 
 1.54860581e-07 -2.15670386e-06  1.54860581e-07  1.39253928e-05 
 1.54910581e-07  2.26171583e-06  1.54910581e-07 -1.34677528e-05 
 1.54960581e-07 -2.12645592e-06  1.54960581e-07  1.30376051e-05 
 1.55010581e-07  2.23042191e-06  1.55010581e-07 -1.25968451e-05 
 1.55060581e-07 -2.09423541e-06  1.55060581e-07  1.21831724e-05 
 1.55110581e-07  2.19737725e-06  1.55110581e-07 -1.17585048e-05 
 1.55160581e-07 -2.06046814e-06  1.55160581e-07  1.13605495e-05 
 1.55210581e-07  2.16297359e-06  1.55210581e-07 -1.09512429e-05 
 1.55260581e-07 -2.02551445e-06  1.55260581e-07  1.05683003e-05 
 1.55310581e-07  2.12754216e-06  1.55310581e-07 -1.01736739e-05 
 1.55360581e-07 -1.98967863e-06  1.55360581e-07  9.80508756e-06 
 1.55410581e-07  2.09136253e-06  1.55410581e-07 -9.42450652e-06 
 1.55460581e-07 -1.95321749e-06  1.55460581e-07  9.06966355e-06 
 1.55510581e-07  2.05467039e-06  1.55510581e-07 -8.70253463e-06 
 1.55560581e-07 -1.91634720e-06  1.55560581e-07  8.36086172e-06 
 1.55610581e-07  2.01766401e-06  1.55610581e-07 -8.00662960e-06 
 1.55660581e-07 -1.87924954e-06  1.55660581e-07  7.67758944e-06 
 1.55710581e-07  1.98050985e-06  1.55710581e-07 -7.33573323e-06 
 1.55760581e-07 -1.84207690e-06  1.55760581e-07  7.01882149e-06 
 1.55810581e-07  1.94334742e-06  1.55810581e-07 -6.68885187e-06 
 1.55860581e-07 -1.80495675e-06  1.55860581e-07  6.38359415e-06 
 1.55910581e-07  1.90629303e-06  1.55910581e-07 -6.06505052e-06 
 1.55960581e-07 -1.76799530e-06  1.55960581e-07  5.77099998e-06 
 1.56010581e-07  1.86944354e-06  1.56010581e-07 -5.46344814e-06 
 1.56060581e-07 -1.73128072e-06  1.56060581e-07  5.18018311e-06 
 1.56110581e-07  1.83287917e-06  1.56110581e-07 -4.88321312e-06 
 1.56160581e-07 -1.69488582e-06  1.56160581e-07  4.61033513e-06 
 1.56210581e-07  1.79666594e-06  1.56210581e-07 -4.32355926e-06 
 1.56260581e-07 -1.65887048e-06  1.56260581e-07  4.06069115e-06 
 1.56310581e-07  1.76085796e-06  1.56310581e-07 -3.78374224e-06 
 1.56360581e-07 -1.62328346e-06  1.56360581e-07  3.53052651e-06 
 1.56410581e-07  1.72549910e-06  1.56410581e-07 -3.26305630e-06 
 1.56460581e-07 -1.58816412e-06  1.56460581e-07  3.01915365e-06 
 1.56510581e-07  1.69062464e-06  1.56510581e-07 -2.76083142e-06 
 1.56560581e-07 -1.55354397e-06  1.56560581e-07  2.52591936e-06 
 1.56610581e-07  1.65626247e-06  1.56610581e-07 -2.27643053e-06 
 1.56660581e-07 -1.51944764e-06  1.56660581e-07  2.05020214e-06 
 1.56710581e-07  1.62243439e-06  1.56710581e-07 -1.80924726e-06 
 1.56760581e-07 -1.48589420e-06  1.56760581e-07  1.59141013e-06 
 1.56810581e-07  1.58915683e-06  1.56810581e-07 -1.35870366e-06 
 1.56860581e-07 -1.45289786e-06  1.56860581e-07  1.14897879e-06 
 1.56910581e-07  1.55644197e-06  1.56910581e-07 -9.24248220e-07 
 1.56960581e-07 -1.42046873e-06  1.56960581e-07  7.22369195e-07 
 1.57010581e-07  1.52429812e-06  1.57010581e-07 -5.05354098e-07 
 1.57060581e-07 -1.38861356e-06  1.57060581e-07  3.11066141e-07 
 1.57110581e-07  1.49273048e-06  1.57110581e-07 -1.01517451e-07 
 1.57160581e-07 -1.35733617e-06  1.57160581e-07 -8.54232411e-08 
 1.57210581e-07  1.46174163e-06  1.57210581e-07  2.87744067e-07 
 1.57260581e-07 -1.32663798e-06  1.57260581e-07 -4.67571098e-07 
 1.57310581e-07  1.43133199e-06  1.57310581e-07  6.62892685e-07 
 1.57360581e-07 -1.29651845e-06  1.57360581e-07 -8.35830111e-07 
 1.57410581e-07  1.40150005e-06  1.57410581e-07  1.02437183e-06 
 1.57460581e-07 -1.26697523e-06  1.57460581e-07 -1.19063472e-06 
 1.57510581e-07  1.37224282e-06  1.57510581e-07  1.37260723e-06 
 1.57560581e-07 -1.23800475e-06  1.57560581e-07 -1.53240219e-06 
 1.57610581e-07  1.34355602e-06  1.57610581e-07  1.70800791e-06 
 1.57660581e-07 -1.20960212e-06  1.57660581e-07 -1.86153363e-06 
 1.57710581e-07  1.31543435e-06  1.57710581e-07  2.03096738e-06 
 1.57760581e-07 -1.18176155e-06  1.57760581e-07 -2.17841510e-06 
 1.57810581e-07  1.28787155e-06  1.57810581e-07  2.34186438e-06 
 1.57860581e-07 -1.15447652e-06  1.57860581e-07 -2.48341823e-06 
 1.57910581e-07  1.26086084e-06  1.57910581e-07  2.64106373e-06 
 1.57960581e-07 -1.12773990e-06  1.57960581e-07 -2.77690125e-06 
 1.58010581e-07  1.23439474e-06  1.58010581e-07  2.92891711e-06 
 1.58060581e-07 -1.10154394e-06  1.58060581e-07 -3.05920952e-06 
 1.58110581e-07  1.20846534e-06  1.58110581e-07  3.20576385e-06 
 1.58160581e-07 -1.07588061e-06  1.58160581e-07 -3.33067638e-06 
 1.58210581e-07  1.18306448e-06  1.58210581e-07  3.47193145e-06 
 1.58260581e-07 -1.05074159e-06  1.58260581e-07 -3.59162375e-06 
 1.58310581e-07  1.15818360e-06  1.58310581e-07  3.72773629e-06 
 1.58360581e-07 -1.02611819e-06  1.58360581e-07 -3.84236261e-06 
 1.58410581e-07  1.13381409e-06  1.58410581e-07  3.97348423e-06 
 1.58460581e-07 -1.00200175e-06  1.58460581e-07 -4.08319367e-06 
 1.58510581e-07  1.10994704e-06  1.58510581e-07  4.20947090e-06 
 1.58560581e-07 -9.78383346e-07  1.58560581e-07 -4.31440782e-06 
 1.58610581e-07  1.08657367e-06  1.58610581e-07  4.43598256e-06 
 1.58660581e-07 -9.55254076e-07  1.58660581e-07 -4.53628663e-06 
 1.58710581e-07  1.06368494e-06  1.58710581e-07  4.65329622e-06 
 1.58760581e-07 -9.32604997e-07  1.58760581e-07 -4.74910276e-06 
 1.58810581e-07  1.04127196e-06  1.58810581e-07  4.86168024e-06 
 1.58860581e-07 -9.10427196e-07  1.58860581e-07 -4.95312031e-06 
 1.58910581e-07  1.01932579e-06  1.58910581e-07  5.06139466e-06 
 1.58960581e-07 -8.88711709e-07  1.58960581e-07 -5.14859535e-06 
 1.59010581e-07  9.97837570e-07  1.59010581e-07  5.25269159e-06 
 1.59060581e-07 -8.67449764e-07  1.59060581e-07 -5.33577613e-06 
 1.59110581e-07  9.76798447e-07  1.59110581e-07  5.43581554e-06 
 1.59160581e-07 -8.46632507e-07  1.59160581e-07 -5.51490349e-06 
 1.59210581e-07  9.56199729e-07  1.59210581e-07  5.61100374e-06 
 1.59260581e-07 -8.26251357e-07  1.59260581e-07 -5.68621116e-06 
 1.59310581e-07  9.36032797e-07  1.59310581e-07  5.77848651e-06 
 1.59360581e-07 -8.06297655e-07  1.59360581e-07 -5.84992602e-06 
 1.59410581e-07  9.16289081e-07  1.59410581e-07  5.93848738e-06 
 1.59460581e-07 -7.86762986e-07  1.59460581e-07 -6.00626836e-06 
 1.59510581e-07  8.96960238e-07  1.59510581e-07  6.09122350e-06 
 1.59560581e-07 -7.67638973e-07  1.59560581e-07 -6.15545226e-06 
 1.59610581e-07  8.78037944e-07  1.59610581e-07  6.23690581e-06 
 1.59660581e-07 -7.48917429e-07  1.59660581e-07 -6.29768563e-06 
 1.59710581e-07  8.59514049e-07  1.59710581e-07  6.37573937e-06 
 1.59760581e-07 -7.30590269e-07  1.59760581e-07 -6.43317062e-06 
 1.59810581e-07  8.41380596e-07  1.59810581e-07  6.50792343e-06 
 1.59860581e-07 -7.12649565e-07  1.59860581e-07 -6.56210368e-06 
 1.59910581e-07  8.23629640e-07  1.59910581e-07  6.63365173e-06 
 1.59955291e-07 -6.94059969e-07  1.59955291e-07 -6.69173357e-06 
 1.60000000e-07  8.04221608e-07  1.60000000e-07  6.76684425e-06 
 1.60005000e-07  1.51773077e-05  1.60005000e-07  2.07631800e-04 
 1.60015000e-07 -3.44951527e-06  1.60015000e-07  2.11056258e-05 
 1.60035000e-07 -8.30542404e-06  1.60035000e-07 -5.07601341e-05 
 1.60075000e-07  5.49100938e-06  1.60075000e-07 -7.77146224e-05 
 1.60125000e-07 -4.26842655e-05  1.60125000e-07 -1.80830214e-04 
 1.60162500e-07 -1.00326987e-04  1.60162500e-07 -4.47036426e-04 
 1.60200000e-07  6.01961381e-04  1.60200000e-07  1.95423425e-04 
 1.60205000e-07  4.45445278e-04  1.60205000e-07  7.96269592e-05 
 1.60215000e-07 -1.34196870e-04  1.60215000e-07  3.67310761e-04 
 1.60235000e-07 -3.79914469e-04  1.60235000e-07  1.08122557e-03 
 1.60275000e-07  1.36624424e-04  1.60275000e-07  1.71366291e-03 
 1.60318860e-07 -9.51414821e-05  1.60318860e-07 -2.05274605e-03 
 1.60364725e-07  6.48769140e-05  1.60364725e-07  2.67805298e-04 
 1.60414725e-07 -5.02291147e-05  1.60414725e-07 -3.69478374e-04 
 1.60464725e-07  4.01070594e-05  1.60464725e-07  3.15047088e-04 
 1.60514725e-07 -3.26757671e-05  1.60514725e-07 -1.95299148e-04 
 1.60564725e-07  2.73300078e-05  1.60564725e-07  1.44957877e-04 
 1.60614725e-07 -2.30183447e-05  1.60614725e-07 -8.24364942e-05 
 1.60664725e-07  1.98621151e-05  1.60664725e-07  4.39986169e-05 
 1.60714725e-07 -1.71329587e-05  1.60714725e-07 -9.07854453e-06 
 1.60764725e-07  1.51413914e-05  1.60764725e-07 -1.57744213e-05 
 1.60814725e-07 -1.32885516e-05  1.60814725e-07  3.59731770e-05 
 1.60864725e-07  1.19589484e-05  1.60864725e-07 -5.09005029e-05 
 1.60914725e-07 -1.06136867e-05  1.60914725e-07  6.23562858e-05 
 1.60964725e-07  9.67976271e-06  1.60964725e-07 -7.06800362e-05 
 1.61014725e-07 -8.64532997e-06  1.61014725e-07  7.66999411e-05 
 1.61064725e-07  7.96033648e-06  1.61064725e-07 -8.07662348e-05 
 1.61114725e-07 -7.12722380e-06  1.61114725e-07  8.33674365e-05 
 1.61164725e-07  6.60814777e-06  1.61164725e-07 -8.47408768e-05 
 1.61214725e-07 -5.91325906e-06  1.61214725e-07  8.52115652e-05 
 1.61264725e-07  5.51134246e-06  1.61264725e-07 -8.49200709e-05 
 1.61314725e-07 -4.91677065e-06  1.61314725e-07  8.40953280e-05 
 1.61364725e-07  4.60202309e-06  1.61364725e-07 -8.28106622e-05 
 1.61414725e-07 -4.08383327e-06  1.61414725e-07  8.12331159e-05 
 1.61464725e-07  3.83680839e-06  1.61464725e-07 -7.93916858e-05 
 1.61514725e-07 -3.37904057e-06  1.61514725e-07  7.74120624e-05 
 1.61564725e-07  3.18641255e-06  1.61564725e-07 -7.52945529e-05 
 1.61614725e-07 -2.77782813e-06  1.61614725e-07  7.31368132e-05 
 1.61664725e-07  2.62997111e-06  1.61664725e-07 -7.09208121e-05 
 1.61714725e-07 -2.26225279e-06  1.61714725e-07  6.87250771e-05 
 1.61764725e-07  2.15188589e-06  1.61764725e-07 -6.65200407e-05 
 1.61814725e-07 -1.81861569e-06  1.61814725e-07  6.43711392e-05 
 1.61864725e-07  1.74002193e-06  1.61864725e-07 -6.22417269e-05 
 1.61914725e-07 -1.43608163e-06  1.61914725e-07  6.01882688e-05 
 1.61957362e-07  1.35630270e-06  1.61957362e-07 -5.78297969e-05 
 1.62000000e-07 -1.05350499e-06  1.62000000e-07  5.55807248e-05 
 1.62005000e-07 -2.34350999e-07  1.62005000e-07  4.87478596e-06 
 1.62015000e-07  2.16435611e-07  1.62015000e-07 -4.69901898e-06 
 1.62035000e-07 -5.88124561e-08  1.62035000e-07  4.11827174e-06 
 1.62075000e-07  1.74504304e-07  1.62075000e-07 -3.73703381e-06 
 1.62125000e-07 -5.78654364e-08  1.62125000e-07  3.53808270e-06 
 1.62162500e-07  1.75803405e-07  1.62162500e-07 -3.37823280e-06 
 1.62200000e-07  4.89928255e-07  1.62200000e-07  3.42991004e-06 
 1.62205000e-07 -4.16835117e-07  1.62205000e-07  2.28108813e-06 
 1.62215000e-07 -9.60763036e-06  1.62215000e-07  2.60654703e-08 
 1.62235000e-07 -1.27156669e-06  1.62235000e-07 -5.30634386e-07 
 1.62275000e-07  1.68579607e-05  1.62275000e-07 -3.95503449e-07 
 1.62325000e-07 -2.41008620e-05  1.62325000e-07 -2.01463461e-05 
 1.62370376e-07  2.36019269e-05  1.62370376e-07  5.28475191e-05 
 1.62420376e-07 -1.98709521e-05  1.62420376e-07 -4.24749818e-05 
 1.62470376e-07  1.62646716e-05  1.62470376e-07  1.86361458e-05 
 1.62520376e-07 -1.28505548e-05  1.62520376e-07 -1.65638547e-05 
 1.62570376e-07  1.01987586e-05  1.62570376e-07  1.67380352e-05 
 1.62620376e-07 -7.77968996e-06  1.62620376e-07 -1.45802182e-05 
 1.62670376e-07  5.99858003e-06  1.62670376e-07  1.36117789e-05 
 1.62720376e-07 -4.30497207e-06  1.62720376e-07 -1.21544995e-05 
 1.62770376e-07  3.12006192e-06  1.62770376e-07  1.10618885e-05 
 1.62820376e-07 -1.91699094e-06  1.62820376e-07 -9.96831077e-06 
 1.62870376e-07  1.13695223e-06  1.62870376e-07  9.04863413e-06 
 1.62920376e-07 -2.70062729e-07  1.62920376e-07 -8.20484650e-06 
 1.62970376e-07 -2.29585803e-07  1.62970376e-07  7.48513722e-06 
 1.63020376e-07  8.61371509e-07  1.63020376e-07 -6.83767877e-06 
 1.63070376e-07 -1.16310745e-06  1.63070376e-07  6.29145830e-06 
 1.63120376e-07  1.62758221e-06  1.63120376e-07 -5.80137793e-06 
 1.63170376e-07 -1.78741254e-06  1.63170376e-07  5.39562225e-06 
 1.63220376e-07  2.13115348e-06  1.63220376e-07 -5.03023846e-06 
 1.63270376e-07 -2.18801342e-06  1.63270376e-07  4.73500303e-06 
 1.63320376e-07  2.44376877e-06  1.63320376e-07 -4.46678622e-06 
 1.63370376e-07 -2.42534512e-06  1.63370376e-07  4.25689340e-06 
 1.63420376e-07  2.61665428e-06  1.63420376e-07 -4.06313690e-06 
 1.63470376e-07 -2.54305730e-06  1.63470376e-07  3.91805934e-06 
 1.63520376e-07  2.68718332e-06  1.63520376e-07 -3.78040477e-06 
 1.63570376e-07 -2.57329372e-06  1.63570376e-07  3.68371039e-06 
 1.63620376e-07  2.68311137e-06  1.63620376e-07 -3.58755024e-06 
 1.63670376e-07 -2.54010475e-06  1.63670376e-07  3.52626462e-06 
 1.63720376e-07  2.62533944e-06  1.63720376e-07 -3.46012751e-06 
 1.63770376e-07 -2.46169808e-06  1.63770376e-07  3.42412654e-06 
 1.63820376e-07  2.52977166e-06  1.63820376e-07 -3.37910847e-06 
 1.63870376e-07 -2.35196038e-06  1.63870376e-07  3.36058495e-06 
 1.63920376e-07  2.40854736e-06  1.63920376e-07 -3.32985680e-06 
 1.63970376e-07 -2.22154145e-06  1.63970376e-07  3.32284108e-06 
 1.64020376e-07  2.27093868e-06  1.64020376e-07 -3.30121456e-06 
 1.64070376e-07 -2.07851399e-06  1.64070376e-07  3.30122597e-06 
 1.64120376e-07  2.12402430e-06  1.64120376e-07 -3.28483209e-06 
 1.64170376e-07 -1.92905756e-06  1.64170376e-07  3.28853782e-06 
 1.64220376e-07  1.97317996e-06  1.64220376e-07 -3.27452532e-06 
 1.64270376e-07 -1.77783176e-06  1.64270376e-07  3.27949740e-06 
 1.64320376e-07  1.82242938e-06  1.64320376e-07 -3.26581059e-06 
 1.64370376e-07 -1.62829647e-06  1.64370376e-07  3.27032034e-06 
 1.64420376e-07  1.67473230e-06  1.64420376e-07 -3.25551677e-06 
 1.64470376e-07 -1.48296868e-06  1.64470376e-07  3.25837203e-06 
 1.64520376e-07  1.53221319e-06  1.64520376e-07 -3.24147773e-06 
 1.64570376e-07 -1.34362537e-06  1.64570376e-07  3.24189414e-06 
 1.64620376e-07  1.39634167e-06  1.64620376e-07 -3.22228928e-06 
 1.64670376e-07 -1.21146501e-06  1.64670376e-07  3.21978925e-06 
 1.64720376e-07  1.26807689e-06  1.64720376e-07 -3.19711870e-06 
 1.64770376e-07 -1.08723635e-06  1.64770376e-07  3.19145221e-06 
 1.64820376e-07  1.14798273e-06  1.64820376e-07 -3.16555583e-06 
 1.64870376e-07 -9.71341333e-07  1.64870376e-07  3.15663908e-06 
 1.64920376e-07  1.03631983e-06  1.64920376e-07 -3.12749786e-06 
 1.64970376e-07 -8.63917905e-07  1.64970376e-07  3.11536624e-06 
 1.65020376e-07  9.33119598e-07  1.65020376e-07 -3.08306093e-06 
 1.65070376e-07 -7.64905612e-07  1.65070376e-07  3.06783269e-06 
 1.65120376e-07  8.38242829e-07  1.65120376e-07 -3.03251239e-06 
 1.65170376e-07 -6.74098230e-07  1.65170376e-07  3.01436156e-06 
 1.65220376e-07  7.51426582e-07  1.65220376e-07 -2.97622008e-06 
 1.65270376e-07 -5.91185265e-07  1.65270376e-07  2.95535581e-06 
 1.65320376e-07  6.72321029e-07  1.65320376e-07 -2.91461391e-06 
 1.65370376e-07 -5.15784909e-07  1.65370376e-07  2.89126540e-06 
 1.65420376e-07  6.00518644e-07  1.65420376e-07 -2.84815801e-06 
 1.65470376e-07 -4.47469532e-07  1.65470376e-07  2.82256343e-06 
 1.65520376e-07  5.35576680e-07  1.65520376e-07 -2.77733000e-06 
 1.65570376e-07 -3.85785674e-07  1.65570376e-07  2.74972855e-06 
 1.65620376e-07  4.77034757e-07  1.65620376e-07 -2.70260658e-06 
 1.65670376e-07 -3.30269247e-07  1.65670376e-07  2.67323287e-06 
 1.65720376e-07  4.24427961e-07  1.65720376e-07 -2.62445322e-06 
 1.65770376e-07 -2.80457118e-07  1.65770376e-07  2.59353357e-06 
 1.65820376e-07  3.77296992e-07  1.65820376e-07 -2.54331740e-06 
 1.65870376e-07 -2.35895504e-07  1.65870376e-07  2.51106737e-06 
 1.65920376e-07  3.35195231e-07  1.65920376e-07 -2.45962425e-06 
 1.65970376e-07 -1.96146408e-07  1.65970376e-07  2.42624720e-06 
 1.66020376e-07  2.97694154e-07  1.66020376e-07 -2.37377403e-06 
 1.66070376e-07 -1.60791470e-07  1.66070376e-07  2.33946031e-06 
 1.66120376e-07  2.64386535e-07  1.66120376e-07 -2.28614082e-06 
 1.66170376e-07 -1.29435243e-07  1.66170376e-07  2.25106756e-06 
 1.66220376e-07  2.34888900e-07  1.66220376e-07 -2.19707237e-06 
 1.66270376e-07 -1.01706508e-07  1.66270376e-07  2.16140365e-06 
 1.66320376e-07  2.08842545e-07  1.66320376e-07 -2.10689033e-06 
 1.66370376e-07 -7.72591761e-08  1.66370376e-07  2.07077745e-06 
 1.66420376e-07  1.85914085e-07  1.66420376e-07 -2.01589111e-06 
 1.66470376e-07 -5.57724595e-08  1.66470376e-07  1.97947319e-06 
 1.66520376e-07  1.65795090e-07  1.66520376e-07 -1.92434700e-06 
 1.66570376e-07 -3.69502295e-08  1.66570376e-07  1.88775145e-06 
 1.66620376e-07  1.48201677e-07  1.66620376e-07 -1.83250733e-06 
 1.66670376e-07 -2.05205756e-08  1.66670376e-07  1.79585066e-06 
 1.66720376e-07  1.32873559e-07  1.66720376e-07 -1.74059982e-06 
 1.66770376e-07 -6.23450153e-09  1.66770376e-07  1.70398826e-06 
 1.66820376e-07  1.19572808e-07  1.66820376e-07 -1.64883203e-06 
 1.66870376e-07  6.13505043e-09  1.66870376e-07  1.61236216e-06 
 1.66920376e-07  1.08082827e-07  1.66920376e-07 -1.55739254e-06 
 1.66970376e-07  1.67946703e-08  1.66970376e-07  1.52115195e-06 
 1.67020376e-07  9.82067393e-08  1.67020376e-07 -1.46645232e-06 
 1.67070376e-07  2.59317057e-08  1.67070376e-07  1.43052039e-06 
 1.67120376e-07  8.97663900e-08  1.67120376e-07 -1.37616613e-06 
 1.67170376e-07  3.37157017e-08  1.67170376e-07  1.34061441e-06 
 1.67220376e-07  8.26005358e-08  1.67220376e-07 -1.28667343e-06 
 1.67270376e-07  4.02996879e-08  1.67270376e-07  1.25156634e-06 
 1.67320376e-07  7.65639363e-08  1.67320376e-07 -1.19809970e-06 
 1.67370376e-07  4.58215737e-08  1.67370376e-07  1.16349508e-06 
 1.67420376e-07  7.15258273e-08  1.67420376e-07 -1.11055741e-06 
 1.67470376e-07  5.04052746e-08  1.67470376e-07  1.07650689e-06 
 1.67520376e-07  6.73687281e-08  1.67520376e-07 -1.02414702e-06 
 1.67570376e-07  5.41620809e-08  1.67570376e-07  9.90696639e-07 
 1.67620376e-07  6.39872716e-08  1.67620376e-07 -9.38957848e-07 
 1.67670376e-07  5.71917039e-08  1.67670376e-07  9.06148337e-07 
 1.67720376e-07  6.12872390e-08  1.67720376e-07 -8.55068902e-07 
 1.67770376e-07  5.95832791e-08  1.67770376e-07  8.22936199e-07 
 1.67820376e-07  5.91841954e-08  1.67820376e-07 -7.72549795e-07 
 1.67870376e-07  6.14165407e-08  1.67870376e-07  7.41125367e-07 
 1.67920376e-07  5.76030081e-08  1.67920376e-07 -6.91461290e-07 
 1.67970376e-07  6.27624102e-08  1.67970376e-07  6.60772437e-07 
 1.68020376e-07  5.64766161e-08  1.68020376e-07 -6.11856103e-07 
 1.68070376e-07  6.36842098e-08  1.68070376e-07  5.81926374e-07 
 1.68120376e-07  5.57453858e-08  1.68120376e-07 -5.33779476e-07 
 1.68170376e-07  6.42381365e-08  1.68170376e-07  5.04628823e-07 
 1.68220376e-07  5.53562400e-08  1.68220376e-07 -4.57269723e-07 
 1.68270376e-07  6.44742236e-08  1.68270376e-07  4.28914938e-07 
 1.68320376e-07  5.52621922e-08  1.68320376e-07 -3.82358898e-07 
 1.68370376e-07  6.44366627e-08  1.68370376e-07  3.54813787e-07 
 1.68420376e-07  5.54215636e-08  1.68420376e-07 -3.09073139e-07 
 1.68470376e-07  6.41647493e-08  1.68470376e-07  2.82348734e-07 
 1.68520376e-07  5.57973575e-08  1.68520376e-07 -2.37433235e-07 
 1.68570376e-07  6.36931313e-08  1.68570376e-07  2.11538024e-07 
 1.68620376e-07  5.63571008e-08  1.68620376e-07 -1.67455025e-07 
 1.68670376e-07  6.30525157e-08  1.68670376e-07  1.42395212e-07 
 1.68720376e-07  5.70718997e-08  1.68720376e-07 -9.91497982e-08 
 1.68770376e-07  6.22698420e-08  1.68770376e-07  7.49294368e-08 
 1.68820376e-07  5.79164736e-08  1.68820376e-07 -3.25246768e-08 
 1.68870376e-07  6.13689285e-08  1.68870376e-07  9.14590212e-09 
 1.68920376e-07  5.88684918e-08  1.68920376e-07  3.24169785e-08 
 1.68970376e-07  6.03707086e-08  1.68970376e-07 -5.49538365e-08 
 1.69020376e-07  5.99083791e-08  1.69020376e-07  9.56754035e-08 
 1.69070376e-07  5.92934372e-08  1.69070376e-07 -1.17371663e-07 
 1.69120376e-07  6.10189606e-08  1.69120376e-07  1.57253916e-07 
 1.69170376e-07  5.81533136e-08  1.69170376e-07 -1.78112372e-07 
 1.69220376e-07  6.21851672e-08  1.69220376e-07  2.17158840e-07 
 1.69270376e-07  5.69642975e-08  1.69270376e-07 -2.37183650e-07 
 1.69320376e-07  6.33938944e-08  1.69320376e-07  2.75399119e-07 
 1.69370376e-07  5.57387186e-08  1.69370376e-07 -2.94595645e-07 
 1.69420376e-07  6.46336975e-08  1.69420376e-07  3.31986042e-07 
 1.69470376e-07  5.44871923e-08  1.69470376e-07 -3.50360771e-07 
 1.69520376e-07  6.58946080e-08  1.69520376e-07  3.86933097e-07 
 1.69570376e-07  5.32190177e-08  1.69570376e-07 -4.04493577e-07 
 1.69620376e-07  6.71680389e-08  1.69620376e-07  4.40255792e-07 
 1.69670376e-07  5.19422000e-08  1.69670376e-07 -4.57010414e-07 
 1.69720376e-07  6.84465198e-08  1.69720376e-07  4.91971377e-07 
 1.69770376e-07  5.06637093e-08  1.69770376e-07 -5.07929323e-07 
 1.69820376e-07  6.97235772e-08  1.69820376e-07  5.42098646e-07 
 1.69870376e-07  4.93893917e-08  1.69870376e-07 -5.57269904e-07 
 1.69920376e-07  7.09938053e-08  1.69920376e-07  5.90657805e-07 
 1.69960188e-07  4.79635545e-08  1.69960188e-07 -6.11055889e-07 
 1.70000000e-07  7.25720641e-08  1.70000000e-07  6.49455765e-07 
 1.70005000e-07 -8.04929955e-06  1.70005000e-07 -7.28066526e-05 
 1.70015000e-07  5.89368319e-06  1.70015000e-07  1.24041354e-05 
 1.70035000e-07  1.71768510e-06  1.70035000e-07  1.43563310e-05 
 1.70075000e-07 -2.65582980e-06  1.70075000e-07  1.69522366e-05 
 1.70125000e-07  2.38958370e-05  1.70125000e-07  1.72619512e-04 
 1.70162500e-07  1.44507663e-05  1.70162500e-07  1.92728332e-04 
 1.70200000e-07 -3.40996054e-04  1.70200000e-07 -1.50274667e-04 
 1.70205000e-07 -3.40643185e-04  1.70205000e-07 -3.70856662e-04 
 1.70215000e-07  8.23773793e-06  1.70215000e-07 -8.10995875e-04 
 1.70235000e-07  5.21972058e-04  1.70235000e-07 -1.33151606e-03 
 1.70273305e-07 -2.74560156e-04  1.70273305e-07 -4.37169319e-04 
 1.70315720e-07  1.33777347e-04  1.70315720e-07  1.69772033e-03 
 1.70360153e-07 -5.38792891e-05  1.70360153e-07 -2.84178235e-04 
 1.70410153e-07  1.69258773e-05  1.70410153e-07  2.41903620e-04 
 1.70460153e-07  9.95052745e-06  1.70460153e-07 -3.07958227e-04 
 1.70510153e-07 -3.13260591e-05  1.70510153e-07  1.31626790e-04 
 1.70560153e-07  4.67245806e-05  1.70560153e-07 -1.04848762e-04 
 1.70610153e-07 -5.63137617e-05  1.70610153e-07  6.07780778e-05 
 1.70660153e-07  6.18296278e-05  1.70660153e-07 -3.23954944e-05 
 1.70710153e-07 -6.40479098e-05  1.70710153e-07 -7.21905330e-06 
 1.70760153e-07  6.43259942e-05  1.70760153e-07  2.81919597e-05 
 1.70810153e-07 -6.29053295e-05  1.70810153e-07 -5.15937038e-05 
 1.70860153e-07  6.07422117e-05  1.70860153e-07  6.75767164e-05 
 1.70910153e-07 -5.77196893e-05  1.70910153e-07 -8.15113645e-05 
 1.70960153e-07  5.45676407e-05  1.70960153e-07  9.21334958e-05 
 1.71010153e-07 -5.09826079e-05  1.71010153e-07 -1.00429183e-04 
 1.71060153e-07  4.75757689e-05  1.71060153e-07  1.06808414e-04 
 1.71110153e-07 -4.39493494e-05  1.71110153e-07 -1.11441017e-04 
 1.71160153e-07  4.06511197e-05  1.71160153e-07  1.14811541e-04 
 1.71210153e-07 -3.72353686e-05  1.71210153e-07 -1.16992031e-04 
 1.71260153e-07  3.42150345e-05  1.71260153e-07  1.18321079e-04 
 1.71310153e-07 -3.11200870e-05  1.71310153e-07 -1.18865209e-04 
 1.71360153e-07  2.84440169e-05  1.71360153e-07  1.18845048e-04 
 1.71410153e-07 -2.57047566e-05  1.71410153e-07 -1.18316759e-04 
 1.71460153e-07  2.33849512e-05  1.71460153e-07  1.17427559e-04 
 1.71510153e-07 -2.09969725e-05  1.71510153e-07 -1.16216236e-04 
 1.71560153e-07  1.90175611e-05  1.71560153e-07  1.14786118e-04 
 1.71610153e-07 -1.69569506e-05  1.71610153e-07 -1.13158047e-04 
 1.71660153e-07  1.52888597e-05  1.71660153e-07  1.11408724e-04 
 1.71710153e-07 -1.35231669e-05  1.71710153e-07 -1.09543722e-04 
 1.71760153e-07  1.21322561e-05  1.71760153e-07  1.07623208e-04 
 1.71810153e-07 -1.06265432e-05  1.71810153e-07 -1.05640898e-04 
 1.71860153e-07  9.47805421e-06  1.71860153e-07  1.03646519e-04 
 1.71910153e-07 -8.19814884e-06  1.71910153e-07 -1.01625004e-04 
 1.71960153e-07  7.25904447e-06  1.71960153e-07  9.96194587e-05 
 1.72010153e-07 -6.17318763e-06  1.72010153e-07 -9.76084718e-05 
 1.72060153e-07  5.41327787e-06  1.72060153e-07  9.56309867e-05 
 1.72110153e-07 -4.49285190e-06  1.72110153e-07 -9.36610697e-05 
 1.72160153e-07  3.88522596e-06  1.72160153e-07  9.17351118e-05 
 1.72210153e-07 -3.10496027e-06  1.72210153e-07 -8.98239747e-05 
 1.72260153e-07  2.62592819e-06  1.72260153e-07  8.79641937e-05 
 1.72310153e-07 -1.96400968e-06  1.72310153e-07 -8.61161020e-05 
 1.72360153e-07  1.59320436e-06  1.72360153e-07  8.43294991e-05 
 1.72410153e-07 -1.03037832e-06  1.72410153e-07 -8.25544376e-05 
 1.72460153e-07  7.50358640e-07  1.72460153e-07  8.08397410e-05 
 1.72510153e-07 -2.70440319e-07  1.72510153e-07 -7.91374025e-05 
 1.72560153e-07  6.62304305e-08  1.72560153e-07  7.74939918e-05 
 1.72610153e-07  3.44561760e-07  1.72610153e-07 -7.58624824e-05 
 1.72660153e-07 -4.85676484e-07  1.72660153e-07  7.42879746e-05 
 1.72710153e-07  8.38998484e-07  1.72710153e-07 -7.27254707e-05 
 1.72760153e-07 -9.27780573e-07  1.72760153e-07  7.12144558e-05 
 1.72810153e-07  1.23347938e-06  1.72810153e-07 -6.97166475e-05 
 1.72860153e-07 -1.27893537e-06  1.72860153e-07  6.82696137e-05 
 1.72910153e-07  1.54532846e-06  1.72910153e-07 -6.68305240e-05 
 1.72960153e-07 -1.55504205e-06  1.72960153e-07  6.54420100e-05 
 1.73010153e-07  1.78902294e-06  1.73010153e-07 -6.40599964e-05 
 1.73060153e-07 -1.76935191e-06  1.73060153e-07  6.27260689e-05 
 1.73110153e-07  1.97672545e-06  1.73110153e-07 -6.13972860e-05 
 1.73160153e-07 -1.93297243e-06  1.73160153e-07  6.01145752e-05 
 1.73210153e-07  2.11857503e-06  1.73210153e-07 -5.88356530e-05 
 1.73260153e-07 -2.05515527e-06  1.73260153e-07  5.76009569e-05 
 1.73310153e-07  2.22301073e-06  1.73310153e-07 -5.63687967e-05 
 1.73360153e-07 -2.14359336e-06  1.73360153e-07  5.51791758e-05 
 1.73410153e-07  2.29704223e-06  1.73410153e-07 -5.39909442e-05 
 1.73460153e-07 -2.20466963e-06  1.73460153e-07  5.28437218e-05 
 1.73510153e-07  2.34647890e-06  1.73510153e-07 -5.16968442e-05 
 1.73560153e-07 -2.24366783e-06  1.73560153e-07  5.05895931e-05 
 1.73610153e-07  2.37612382e-06  1.73610153e-07 -4.94817378e-05 
 1.73660153e-07 -2.26495108e-06  1.73660153e-07  4.84122615e-05 
 1.73710153e-07  2.38993834e-06  1.73710153e-07 -4.73413193e-05 
 1.73760153e-07 -2.27211335e-06  1.73760153e-07  4.63076308e-05 
 1.73810153e-07  2.39118088e-06  1.73810153e-07 -4.52716932e-05 
 1.73860153e-07 -2.26810668e-06  1.73860153e-07  4.42719932e-05 
 1.73910153e-07  2.38252410e-06  1.73910153e-07 -4.32693303e-05 
 1.73960153e-07 -2.25534876e-06  1.73960153e-07  4.23019862e-05 
 1.74010153e-07  2.36615334e-06  1.74010153e-07 -4.13310269e-05 
 1.74060153e-07 -2.23581307e-06  1.74060153e-07  4.03945536e-05 
 1.74110153e-07  2.34384915e-06  1.74110153e-07 -3.94538663e-05 
 1.74160153e-07 -2.21110467e-06  1.74160153e-07  3.85469083e-05 
 1.74210153e-07  2.31705694e-06  1.74210153e-07 -3.76351843e-05 
 1.74260153e-07 -2.18252360e-06  1.74260153e-07  3.67564999e-05 
 1.74310153e-07  2.28694471e-06  1.74310153e-07 -3.58725385e-05 
 1.74360153e-07 -2.15111795e-06  1.74360153e-07  3.50209859e-05 
 1.74410153e-07  2.25445167e-06  1.74410153e-07 -3.41636813e-05 
 1.74460153e-07 -2.11772817e-06  1.74460153e-07  3.33382067e-05 
 1.74510153e-07  2.22032869e-06  1.74510153e-07 -3.25065364e-05 
 1.74560153e-07 -2.08302394e-06  1.74560153e-07  3.17061633e-05 
 1.74610153e-07  2.18517206e-06  1.74610153e-07 -3.08991783e-05 
 1.74660153e-07 -2.04753513e-06  1.74660153e-07  3.01229986e-05 
 1.74710153e-07  2.14945140e-06  1.74710153e-07 -2.93398148e-05 
 1.74760153e-07 -2.01167699e-06  1.74760153e-07  2.85869806e-05 
 1.74810153e-07  2.11353311e-06  1.74810153e-07 -2.78267716e-05 
 1.74860153e-07 -1.97577181e-06  1.74860153e-07  2.70964886e-05 
 1.74910153e-07  2.07769960e-06  1.74910153e-07 -2.63584794e-05 
 1.74960153e-07 -1.94006619e-06  1.74960153e-07  2.56500011e-05 
 1.75010153e-07  2.04216530e-06  1.75010153e-07 -2.49334621e-05 
 1.75060153e-07 -1.90474559e-06  1.75060153e-07  2.42460850e-05 
 1.75110153e-07  2.00708974e-06  1.75110153e-07 -2.35503279e-05 
 1.75160153e-07 -1.86994642e-06  1.75160153e-07  2.28833866e-05 
 1.75210153e-07  1.97258857e-06  1.75210153e-07 -2.22077601e-05 
 1.75260153e-07 -1.83576580e-06  1.75260153e-07  2.15606240e-05 
 1.75310153e-07  1.93874242e-06  1.75310153e-07 -2.09045101e-05 
 1.75360153e-07 -1.80226958e-06  1.75360153e-07  2.02765800e-05 
 1.75410153e-07  1.90560413e-06  1.75410153e-07 -1.96393910e-05 
 1.75460153e-07 -1.76949926e-06  1.75460153e-07  1.90300963e-05 
 1.75510153e-07  1.87320500e-06  1.75510153e-07 -1.84112723e-05 
 1.75560153e-07 -1.73747705e-06  1.75560153e-07  1.78200685e-05 
 1.75610153e-07  1.84155934e-06  1.75610153e-07 -1.72190749e-05 
 1.75660153e-07 -1.70621038e-06  1.75660153e-07  1.66454415e-05 
 1.75710153e-07  1.81066866e-06  1.75710153e-07 -1.60617667e-05 
 1.75760153e-07 -1.67569558e-06  1.75760153e-07  1.55052052e-05 
 1.75810153e-07  1.78052467e-06  1.75810153e-07 -1.49383594e-05 
 1.75860153e-07 -1.64592056e-06  1.75860153e-07  1.43983915e-05 
 1.75910153e-07  1.75111211e-06  1.75910153e-07 -1.38479047e-05 
 1.75960153e-07 -1.61686721e-06  1.75960153e-07  1.33240711e-05 
 1.76010153e-07  1.72241047e-06  1.76010153e-07 -1.27894913e-05 
 1.76060153e-07 -1.58851311e-06  1.76060153e-07  1.22813504e-05 
 1.76110153e-07  1.69439589e-06  1.76110153e-07 -1.17622431e-05 
 1.76160153e-07 -1.56083330e-06  1.76160153e-07  1.12693693e-05 
 1.76210153e-07  1.66704236e-06  1.76210153e-07 -1.07653159e-05 
 1.76260153e-07 -1.53380094e-06  1.76260153e-07  1.02872991e-05 
 1.76310153e-07  1.64032262e-06  1.76310153e-07 -9.79789583e-06 
 1.76360153e-07 -1.50738856e-06  1.76360153e-07  9.33434029e-06 
 1.76410153e-07  1.61420907e-06  1.76410153e-07 -8.85919746e-06 
 1.76460153e-07 -1.48156863e-06  1.76460153e-07  8.40972080e-06 
 1.76510153e-07  1.58867432e-06  1.76510153e-07 -7.94846195e-06 
 1.76560153e-07 -1.45631389e-06  1.76560153e-07  7.51269444e-06 
 1.76610153e-07  1.56369152e-06  1.76610153e-07 -7.06495548e-06 
 1.76660153e-07 -1.43159808e-06  1.76660153e-07  6.64253944e-06 
 1.76710153e-07  1.53923487e-06  1.76710153e-07 -6.20796807e-06 
 1.76760153e-07 -1.40739585e-06  1.76760153e-07  5.79855708e-06 
 1.76810153e-07  1.51527959e-06  1.76810153e-07 -5.37681200e-06 
 1.76860153e-07 -1.38368308e-06  1.76860153e-07  4.98007037e-06 
 1.76910153e-07  1.49180224e-06  1.76910153e-07 -4.57082088e-06 
 1.76960153e-07 -1.36043707e-06  1.76960153e-07  4.18642304e-06 
 1.77010153e-07  1.46878083e-06  1.77010153e-07 -3.78934840e-06 
 1.77060153e-07 -1.33763644e-06  1.77060153e-07  3.41697850e-06 
 1.77110153e-07  1.44619471e-06  1.77110153e-07 -3.03176743e-06 
 1.77160153e-07 -1.31526129e-06  1.77160153e-07  2.67111885e-06 
 1.77210153e-07  1.42402463e-06  1.77210153e-07 -2.29746915e-06 
 1.77260153e-07 -1.29329311e-06  1.77260153e-07  1.94824395e-06 
 1.77310153e-07  1.40225278e-06  1.77310153e-07 -1.58586204e-06 
 1.77360153e-07 -1.27171472e-06  1.77360153e-07  1.24777072e-06 
 1.77410153e-07  1.38086270e-06  1.77410153e-07 -8.96371242e-07 
 1.77460153e-07 -1.25051032e-06  1.77460153e-07  5.69132340e-07 
 1.77510153e-07  1.35983912e-06  1.77510153e-07 -2.28437817e-07 
 1.77560153e-07 -1.22966526e-06  1.77560153e-07 -8.82225121e-08 
 1.77610153e-07  1.33916814e-06  1.77610153e-07  4.18482008e-07 
 1.77660153e-07 -1.20916627e-06  1.77660153e-07 -7.24830219e-07 
 1.77710153e-07  1.31883690e-06  1.77710153e-07  1.04491734e-06 
 1.77760153e-07 -1.18900096e-06  1.77760153e-07 -1.34121285e-06 
 1.77810153e-07  1.29883364e-06  1.77810153e-07  1.65138335e-06 
 1.77860153e-07 -1.16915811e-06  1.77860153e-07 -1.93787872e-06 
 1.77910153e-07  1.27914757e-06  1.77910153e-07  2.23838168e-06 
 1.77960153e-07 -1.14962744e-06  1.77960153e-07 -2.51532301e-06 
 1.78010153e-07  1.25976886e-06  1.78010153e-07  2.80640103e-06 
 1.78060153e-07 -1.13039949e-06  1.78060153e-07 -3.07402812e-06 
 1.78110153e-07  1.24068852e-06  1.78110153e-07  3.35591765e-06 
 1.78160153e-07 -1.11146564e-06  1.78160153e-07 -3.61446417e-06 
 1.78210153e-07  1.22189829e-06  1.78210153e-07  3.88739568e-06 
 1.78260153e-07 -1.09281810e-06  1.78260153e-07 -4.13708952e-06 
 1.78310153e-07  1.20339061e-06  1.78310153e-07  4.40128771e-06 
 1.78360153e-07 -1.07444956e-06  1.78360153e-07 -4.64235108e-06 
 1.78410153e-07  1.18515863e-06  1.78410153e-07  4.89803509e-06 
 1.78460153e-07 -1.05635349e-06  1.78460153e-07 -5.13068477e-06 
 1.78510153e-07  1.16719602e-06  1.78510153e-07  5.37806835e-06 
 1.78560153e-07 -1.03852376e-06  1.78560153e-07 -5.60251571e-06 
 1.78610153e-07  1.14949693e-06  1.78610153e-07  5.84180744e-06 
 1.78660153e-07 -1.02095486e-06  1.78660153e-07 -6.05825888e-06 
 1.78710153e-07  1.13205607e-06  1.78710153e-07  6.28966224e-06 
 1.78760153e-07 -1.00364166e-06  1.78760153e-07 -6.49831907e-06 
 1.78810153e-07  1.11486851e-06  1.78810153e-07  6.72203268e-06 
 1.78860153e-07 -9.86579456e-07  1.78860153e-07 -6.92309147e-06 
 1.78910153e-07  1.09792973e-06  1.78910153e-07  7.13930917e-06 
 1.78960153e-07 -9.69763861e-07  1.78960153e-07 -7.33296182e-06 
 1.79010153e-07  1.08123553e-06  1.79010153e-07  7.54187292e-06 
 1.79060153e-07 -9.53190840e-07  1.79060153e-07 -7.72830670e-06 
 1.79110153e-07  1.06478192e-06  1.79110153e-07  7.93009595e-06 
 1.79160153e-07 -9.36856576e-07  1.79160153e-07 -8.10949385e-06 
 1.79210153e-07  1.04856539e-06  1.79210153e-07  8.30434173e-06 
 1.79260153e-07 -9.20757626e-07  1.79260153e-07 -8.47688237e-06 
 1.79310153e-07  1.03258243e-06  1.79310153e-07  8.66496507e-06 
 1.79360153e-07 -9.04890610e-07  1.79360153e-07 -8.83082287e-06 
 1.79410153e-07  1.01682984e-06  1.79410153e-07  9.01231255e-06 
 1.79460153e-07 -8.89252457e-07  1.79460153e-07 -9.17165796e-06 
 1.79510153e-07  1.00130467e-06  1.79510153e-07  9.34672268e-06 
 1.79560153e-07 -8.73840193e-07  1.79560153e-07 -9.49972212e-06 
 1.79610153e-07  9.86003932e-07  1.79610153e-07  9.66852614e-06 
 1.79660153e-07 -8.58651017e-07  1.79660153e-07 -9.81534222e-06 
 1.79710153e-07  9.70924961e-07  1.79710153e-07  9.97804593e-06 
 1.79760153e-07 -8.43682272e-07  1.79760153e-07 -1.01188375e-05 
 1.79810153e-07  9.56065163e-07  1.79810153e-07  1.02755976e-05 
 1.79860153e-07 -8.28931456e-07  1.79860153e-07 -1.04105198e-05 
 1.79910153e-07  9.41422036e-07  1.79910153e-07  1.05614894e-05 
 1.79955077e-07 -8.13581103e-07  1.79955077e-07 -1.07061888e-05 
 1.80000000e-07  9.25375894e-07  1.80000000e-07  1.08663484e-05 
 1.80005000e-07  1.48886325e-05  1.80005000e-07  2.03253322e-04 
 1.80015000e-07 -3.36788398e-06  1.80015000e-07  2.00703781e-05 
 1.80035000e-07 -8.05796532e-06  1.80035000e-07 -4.80966312e-05 
 1.80075000e-07  5.26513370e-06  1.80075000e-07 -7.66593892e-05 
 1.80125000e-07 -4.11018475e-05  1.80125000e-07 -1.74885414e-04 
 1.80162500e-07 -1.73987564e-05  1.80162500e-07 -4.64229303e-04 
 1.80200000e-07  1.81203080e-03  1.80200000e-07  5.51704927e-04 
 1.80205000e-07  1.19926836e-03  1.80205000e-07  1.08381029e-03 
 1.80215000e-07 -2.66074881e-03  1.80215000e-07  2.26550039e-03 
 1.80235000e-07 -1.05322965e-02  1.80235000e-07  4.09320059e-03 
 1.80275000e-07 -1.67285161e-02  1.80275000e-07  2.51969355e-03 
 1.80325000e-07  7.77752878e-01  1.80325000e-07 -1.90765464e-02 
 1.80375000e-07  1.21115707e+00  1.80375000e-07 -3.22868756e-02 
 1.80425000e-07  1.17995474e+00  1.80425000e-07 -1.96137984e-02 
 1.80475000e-07  1.21482952e+00  1.80475000e-07  9.88162529e-02 
 1.80525000e-07  1.18694898e+00  1.80525000e-07  4.79108794e-01 
 1.80575000e-07  1.21121392e+00  1.80575000e-07  2.04360290e+00 
 1.80625000e-07  1.19023134e+00  1.80625000e-07  3.02111594e+00 
 1.80675000e-07  1.20842537e+00  1.80675000e-07  3.16780864e+00 
 1.80725000e-07  1.19266607e+00  1.80725000e-07  3.24447179e+00 
 1.80775000e-07  1.20633854e+00  1.80775000e-07  3.26669032e+00 
 1.80825000e-07  1.19448442e+00  1.80825000e-07  3.28307633e+00 
 1.80875000e-07  1.20477501e+00  1.80875000e-07  3.28359206e+00 
 1.80925000e-07  1.19584518e+00  1.80925000e-07  3.29248716e+00 
 1.80975000e-07  1.20360213e+00  1.80975000e-07  3.29169053e+00 
 1.81025000e-07  1.19686517e+00  1.81025000e-07  3.29689384e+00 
 1.81075000e-07  1.20272132e+00  1.81075000e-07  3.29572478e+00 
 1.81125000e-07  1.19763085e+00  1.81125000e-07  3.29883137e+00 
 1.81175000e-07  1.20205909e+00  1.81175000e-07  3.29774927e+00 
 1.81225000e-07  1.19820642e+00  1.81225000e-07  3.29963881e+00 
 1.81275000e-07  1.20156264e+00  1.81275000e-07  3.29878740e+00 
 1.81325000e-07  1.19864003e+00  1.81325000e-07  3.29994627e+00 
 1.81375000e-07  1.20118578e+00  1.81375000e-07  3.29933906e+00 
 1.81425000e-07  1.19896741e+00  1.81425000e-07  3.30004146e+00 
 1.81475000e-07  1.20090184e+00  1.81475000e-07  3.29964043e+00 
 1.81525000e-07  1.19921348e+00  1.81525000e-07  3.30005171e+00 
 1.81575000e-07  1.20068734e+00  1.81575000e-07  3.29981112e+00 
 1.81625000e-07  1.19939966e+00  1.81625000e-07  3.30003289e+00 
 1.81675000e-07  1.20052503e+00  1.81675000e-07  3.29991121e+00 
 1.81725000e-07  1.19954075e+00  1.81725000e-07  3.30000793e+00 
 1.81775000e-07  1.20040199e+00  1.81775000e-07  3.29997162e+00 
 1.81825000e-07  1.19964786e+00  1.81825000e-07  3.29998542e+00 
 1.81875000e-07  1.20030852e+00  1.81875000e-07  3.30000880e+00 
 1.81925000e-07  1.19972935e+00  1.81925000e-07  3.29996786e+00 
 1.81962500e-07  1.20022722e+00  1.81962500e-07  3.30003393e+00 
 1.82000000e-07  1.19980882e+00  1.82000000e-07  3.29995107e+00 
 1.82005000e-07  1.19962104e+00  1.82005000e-07  3.29883810e+00 
 1.82015000e-07  1.19955088e+00  1.82015000e-07  3.29791410e+00 
 1.82035000e-07  1.19979576e+00  1.82035000e-07  3.29801804e+00 
 1.82075000e-07  1.19983251e+00  1.82075000e-07  3.29957711e+00 
 1.82125000e-07  1.20335416e+00  1.82125000e-07  3.31767715e+00 
 1.82162500e-07  1.21215598e+00  1.82162500e-07  3.33828408e+00 
 1.82200000e-07  1.22957604e+00  1.82200000e-07  3.36639148e+00 
 1.82205000e-07  1.22828179e+00  1.82205000e-07  3.36933477e+00 
 1.82215000e-07  1.20896876e+00  1.82215000e-07  3.36760834e+00 
 1.82235000e-07  9.78596469e-01  1.82235000e-07  3.34197976e+00 
 1.82275000e-07  9.81243428e-02  1.82275000e-07  3.23675527e+00 
 1.82325000e-07 -1.38412470e-02  1.82325000e-07  2.93482086e+00 
 1.82375000e-07  1.52491836e-02  1.82375000e-07  1.01591314e+00 
 1.82425000e-07 -1.47199501e-02  1.82425000e-07  4.34282871e-02 
 1.82475000e-07  1.38067083e-02  1.82475000e-07  6.46387969e-02 
 1.82525000e-07 -1.25836571e-02  1.82525000e-07 -1.78952461e-02 
 1.82575000e-07  1.17327839e-02  1.82575000e-07  2.25977430e-02 
 1.82625000e-07 -1.07083380e-02  1.82625000e-07 -1.59391629e-02 
 1.82675000e-07  9.97276614e-03  1.82675000e-07  1.33648563e-02 
 1.82725000e-07 -9.12797958e-03  1.82725000e-07 -1.07777783e-02 
 1.82775000e-07  8.49445805e-03  1.82775000e-07  8.86505025e-03 
 1.82825000e-07 -7.79292794e-03  1.82825000e-07 -7.31535061e-03 
 1.82875000e-07  7.24784350e-03  1.82875000e-07  6.06707739e-03 
 1.82925000e-07 -6.66201283e-03  1.82925000e-07 -5.05850481e-03 
 1.82975000e-07  6.19341553e-03  1.82975000e-07  4.22705592e-03 
 1.83025000e-07 -5.70206539e-03  1.83025000e-07 -3.54621949e-03 
 1.83075000e-07  5.29948566e-03  1.83075000e-07  2.97657266e-03 
 1.83125000e-07 -4.88591377e-03  1.83125000e-07 -2.50388702e-03 
 1.83175000e-07  4.54021490e-03  1.83175000e-07  2.10375138e-03 
 1.83225000e-07 -4.19108077e-03  1.83225000e-07 -1.76782954e-03 
 1.83275000e-07  3.89432316e-03  1.83275000e-07  1.48080166e-03 
 1.83325000e-07 -3.59885244e-03  1.83325000e-07 -1.23741796e-03 
 1.83375000e-07  3.34416024e-03  1.83375000e-07  1.02793145e-03 
 1.83425000e-07 -3.09357257e-03  1.83425000e-07 -8.48796750e-04 
 1.83475000e-07  2.87500682e-03  1.83475000e-07  6.93751115e-04 
 1.83525000e-07 -2.66209370e-03  1.83525000e-07 -5.60238868e-04 
 1.83575000e-07  2.47453511e-03  1.83575000e-07  4.44218656e-04 
 1.83625000e-07 -2.29334197e-03  1.83625000e-07 -3.43740451e-04 
 1.83675000e-07  2.13238484e-03  1.83675000e-07  2.56204554e-04 
 1.83725000e-07 -1.97796742e-03  1.83725000e-07 -1.80052267e-04 
 1.83775000e-07  1.83982491e-03  1.83775000e-07  1.13634093e-04 
 1.83825000e-07 -1.70805990e-03  1.83825000e-07 -5.56582345e-05 
 1.83875000e-07  1.58948026e-03  1.83875000e-07  5.10954796e-06 
 1.83925000e-07 -1.47930261e-03  1.83925000e-07  3.91442905e-05 
 1.83975000e-07  1.37299502e-03  1.83975000e-07 -7.75778971e-05 
 1.84025000e-07 -1.28047799e-03  1.84025000e-07  1.11270998e-04 
 1.84075000e-07  1.18996424e-03  1.84075000e-07 -1.40539122e-04 
 1.84125000e-07 -1.11010299e-03  1.84125000e-07  1.66019667e-04 
 1.84175000e-07  1.03293038e-03  1.84175000e-07 -1.88172712e-04 
 1.84225000e-07 -9.64020473e-04  1.84225000e-07  2.07267153e-04 
 1.84275000e-07  8.98133323e-04  1.84275000e-07 -2.23853832e-04 
 1.84325000e-07 -8.38684346e-04  1.84325000e-07  2.37946338e-04 
 1.84375000e-07  7.82362104e-04  1.84375000e-07 -2.50148596e-04 
 1.84425000e-07 -7.31077441e-04  1.84425000e-07  2.60298787e-04 
 1.84475000e-07  6.82876512e-04  1.84475000e-07 -2.69027299e-04 
 1.84525000e-07 -6.38631186e-04  1.84525000e-07  2.76053769e-04 
 1.84575000e-07  5.97336831e-04  1.84575000e-07 -2.82016335e-04 
 1.84625000e-07 -5.59156800e-04  1.84625000e-07  2.86556780e-04 
 1.84675000e-07  5.23744204e-04  1.84675000e-07 -2.90307939e-04 
 1.84725000e-07 -4.90787492e-04  1.84725000e-07  2.92862979e-04 
 1.84775000e-07  4.60390101e-04  1.84775000e-07 -2.94840432e-04 
 1.84825000e-07 -4.31929849e-04  1.84825000e-07  2.95805903e-04 
 1.84875000e-07  4.05813458e-04  1.84875000e-07 -2.96357531e-04 
 1.84925000e-07 -3.81222841e-04  1.84925000e-07  2.96048521e-04 
 1.84975000e-07  3.58764287e-04  1.84975000e-07 -2.95452618e-04 
 1.85025000e-07 -3.37503200e-04  1.85025000e-07  2.94121518e-04 
 1.85075000e-07  3.18172754e-04  1.85075000e-07 -2.92602076e-04 
 1.85125000e-07 -2.99776127e-04  1.85125000e-07  2.90452251e-04 
 1.85175000e-07  2.83122871e-04  1.85175000e-07 -2.88190590e-04 
 1.85225000e-07 -2.67190455e-04  1.85225000e-07  2.85386806e-04 
 1.85275000e-07  2.52830102e-04  1.85275000e-07 -2.82530499e-04 
 1.85325000e-07 -2.39017581e-04  1.85325000e-07  2.79206940e-04 
 1.85375000e-07  2.26622285e-04  1.85375000e-07 -2.75876694e-04 
 1.85425000e-07 -2.14633551e-04  1.85425000e-07  2.72143159e-04 
 1.85475000e-07  2.03923361e-04  1.85475000e-07 -2.68438170e-04 
 1.85525000e-07 -1.93503833e-04  1.85525000e-07  2.64384894e-04 
 1.85575000e-07  1.84239501e-04  1.85575000e-07 -2.60387027e-04 
 1.85625000e-07 -1.75170336e-04  1.85625000e-07  2.56088464e-04 
 1.85675000e-07  1.67147252e-04  1.85675000e-07 -2.51865541e-04 
 1.85725000e-07 -1.59240358e-04  1.85725000e-07  2.47383335e-04 
 1.85775000e-07  1.52283425e-04  1.85775000e-07 -2.42991733e-04 
 1.85825000e-07 -1.45377150e-04  1.85825000e-07  2.38377076e-04 
 1.85875000e-07  1.39336440e-04  1.85875000e-07 -2.33863799e-04 
 1.85925000e-07 -1.33291866e-04  1.85925000e-07  2.29159306e-04 
 1.85975000e-07  1.28038938e-04  1.85975000e-07 -2.24563633e-04 
 1.86025000e-07 -1.22736684e-04  1.86025000e-07  2.19804850e-04 
 1.86075000e-07  1.18161455e-04  1.86075000e-07 -2.15159665e-04 
 1.86125000e-07 -1.13498929e-04  1.86125000e-07  2.10376276e-04 
 1.86175000e-07  1.09507012e-04  1.86175000e-07 -2.05709144e-04 
 1.86225000e-07 -1.05396043e-04  1.86225000e-07  2.00925951e-04 
 1.86275000e-07  1.01906479e-04  1.86275000e-07 -1.96259988e-04 
 1.86325000e-07 -9.82712911e-05  1.86325000e-07  1.91497709e-04 
 1.86375000e-07  9.52146119e-05  1.86375000e-07 -1.86852298e-04 
 1.86425000e-07 -9.19900738e-05  1.86425000e-07  1.82128221e-04 
 1.86475000e-07  8.93066559e-05  1.86475000e-07 -1.77519594e-04 
 1.86525000e-07 -8.64367791e-05  1.86525000e-07  1.72848112e-04 
 1.86575000e-07  8.40754312e-05  1.86575000e-07 -1.68289836e-04 
 1.86625000e-07 -8.15120824e-05  1.86625000e-07  1.63682894e-04 
 1.86675000e-07  7.94288407e-05  1.86675000e-07 -1.59186269e-04 
 1.86725000e-07 -7.71306329e-05  1.86725000e-07  1.54653731e-04 
 1.86775000e-07  7.52877308e-05  1.86775000e-07 -1.50228129e-04 
 1.86825000e-07 -7.32190724e-05  1.86825000e-07  1.45778084e-04 
 1.86875000e-07  7.15840575e-05  1.86875000e-07 -1.41431223e-04 
 1.86925000e-07 -6.97143351e-05  1.86925000e-07  1.37070247e-04 
 1.86975000e-07  6.82593144e-05  1.86975000e-07 -1.32808434e-04 
 1.87025000e-07 -6.65621909e-05  1.87025000e-07  1.28541805e-04 
 1.87075000e-07  6.52631838e-05  1.87075000e-07 -1.24370128e-04 
 1.87125000e-07 -6.37159958e-05  1.87125000e-07  1.20202013e-04 
 1.87175000e-07  6.25523795e-05  1.87175000e-07 -1.16124514e-04 
 1.87225000e-07 -6.11356198e-05  1.87225000e-07  1.12058124e-04 
 1.87275000e-07  6.00896538e-05  1.87275000e-07 -1.08077945e-04 
 1.87325000e-07 -5.87865269e-05  1.87325000e-07  1.04115666e-04 
 1.87375000e-07  5.78429459e-05  1.87375000e-07 -1.00235171e-04 
 1.87425000e-07 -5.66389862e-05  1.87425000e-07  9.63786843e-05 
 1.87475000e-07  5.57846503e-05  1.87475000e-07 -9.25995619e-05 
 1.87525000e-07 -5.46673946e-05  1.87525000e-07  8.88499387e-05 
 1.87575000e-07  5.38909892e-05  1.87575000e-07 -8.51732997e-05 
 1.87625000e-07 -5.28496948e-05  1.87625000e-07  8.15310860e-05 
 1.87675000e-07  5.21414737e-05  1.87675000e-07 -7.79575386e-05 
 1.87725000e-07 -5.11668770e-05  1.87725000e-07  7.44228294e-05 
 1.87775000e-07  5.05184412e-05  1.87775000e-07 -7.09525492e-05 
 1.87825000e-07 -4.96025497e-05  1.87825000e-07  6.75250518e-05 
 1.87875000e-07  4.90066579e-05  1.87875000e-07 -6.41578408e-05 
 1.87925000e-07 -4.81425719e-05  1.87925000e-07  6.08369302e-05 
 1.87975000e-07  4.75929780e-05  1.87975000e-07 -5.75722691e-05 
 1.88025000e-07 -4.67747373e-05  1.88025000e-07  5.43570358e-05 
 1.88075000e-07  4.62660501e-05  1.88075000e-07 -5.11941295e-05 
 1.88125000e-07 -4.54885027e-05  1.88125000e-07  4.80834214e-05 
 1.88175000e-07  4.50160664e-05  1.88175000e-07 -4.50212385e-05 
 1.88225000e-07 -4.42747549e-05  1.88225000e-07  4.20136981e-05 
 1.88275000e-07  4.38345457e-05  1.88275000e-07 -3.90510056e-05 
 1.88325000e-07 -4.31256108e-05  1.88325000e-07  3.61451018e-05 
 1.88375000e-07  4.27141484e-05  1.88375000e-07 -3.32804959e-05 
 1.88425000e-07 -4.20342448e-05  1.88425000e-07  3.04745517e-05 
 1.88475000e-07  4.16485166e-05  1.88475000e-07 -2.77064847e-05 
 1.88525000e-07 -4.09947416e-05  1.88525000e-07  2.49987024e-05 
 1.88575000e-07  4.06321370e-05  1.88575000e-07 -2.23255059e-05 
 1.88625000e-07 -4.00019689e-05  1.88625000e-07  1.97139887e-05 
 1.88675000e-07  3.96602233e-05  1.88675000e-07 -1.71338946e-05 
 1.88725000e-07 -3.90514684e-05  1.88725000e-07  1.46166654e-05 
 1.88775000e-07  3.87286149e-05  1.88775000e-07 -1.21278242e-05 
 1.88825000e-07 -3.81393620e-05  1.88825000e-07  9.70284219e-06 
 1.88875000e-07  3.78336900e-05  1.88875000e-07 -7.30333894e-06 
 1.88925000e-07 -3.72622711e-05  1.88925000e-07  4.96851463e-06 
 1.88975000e-07  3.69722908e-05  1.88975000e-07 -2.65638330e-06 
 1.89025000e-07 -3.64172477e-05  1.89025000e-07  4.09590916e-07 
 1.89075000e-07  3.61416594e-05  1.89075000e-07  1.81717325e-06 
 1.89125000e-07 -3.56017148e-05  1.89125000e-07 -3.97808417e-06 
 1.89175000e-07  3.53393823e-05  1.89175000e-07  6.12151373e-06 
 1.89225000e-07 -3.48134147e-05  1.89225000e-07 -8.19870865e-06 
 1.89275000e-07  3.45633431e-05  1.89275000e-07  1.02608542e-05 
 1.89325000e-07 -3.40503657e-05  1.89325000e-07 -1.22565049e-05 
 1.89375000e-07  3.38116816e-05  1.89375000e-07  1.42394269e-05 
 1.89425000e-07 -3.33108239e-05  1.89425000e-07 -1.61557038e-05 
 1.89475000e-07  3.30827590e-05  1.89475000e-07  1.80614645e-05 
 1.89525000e-07 -3.25932508e-05  1.89525000e-07 -1.99005304e-05 
 1.89575000e-07  3.23751273e-05  1.89575000e-07  2.17311881e-05 
 1.89625000e-07 -3.18962854e-05  1.89625000e-07 -2.34951921e-05 
 1.89675000e-07  3.16875035e-05  1.89675000e-07  2.52527951e-05 
 1.89725000e-07 -3.12187198e-05  1.89725000e-07 -2.69438679e-05 
 1.89775000e-07  3.10187476e-05  1.89775000e-07  2.86304495e-05 
 1.89825000e-07 -3.05594789e-05  1.89825000e-07 -3.02506991e-05 
 1.89875000e-07  3.03678427e-05  1.89875000e-07  3.18682736e-05 
 1.89925000e-07 -2.99176025e-05  1.89925000e-07 -3.34197814e-05 
 1.89962500e-07  2.96298258e-05  1.89962500e-07  3.54745103e-05 
 1.90000000e-07 -2.90872640e-05  1.90000000e-07 -3.74379696e-05 
 1.90005000e-07 -7.62837667e-06  1.90005000e-07 -5.82333467e-05 
 1.90015000e-07  7.26363672e-06  1.90015000e-07  1.44392990e-05 
 1.90035000e-07 -3.45918870e-07  1.90035000e-07  1.74366403e-05 
 1.90075000e-07 -1.42099858e-06  1.90075000e-07  6.56342768e-06 
 1.90125000e-07  1.61959463e-05  1.90125000e-07  1.22902958e-04 
 1.90162500e-07  6.01675340e-06  1.90162500e-07  1.12523268e-04 
 1.90200000e-07 -2.60050799e-04  1.90200000e-07 -1.17100438e-04 
 1.90205000e-07 -2.89860820e-04  1.90205000e-07 -3.13451488e-04 
 1.90215000e-07 -4.49346592e-05  1.90215000e-07 -6.78453491e-04 
 1.90235000e-07  4.30704417e-04  1.90235000e-07 -1.14940321e-03 
 1.90271733e-07 -2.63850825e-04  1.90271733e-07 -5.81047298e-05 
 1.90313796e-07  2.01360475e-04  1.90313796e-07  1.05243174e-03 
 1.90358973e-07 -1.04075003e-04  1.90358973e-07 -4.73049778e-06 
 1.90408973e-07  5.26705043e-05  1.90408973e-07 -2.72791147e-04 
 1.90458973e-07 -1.65698565e-05  1.90458973e-07  1.77555150e-04 
 1.90508973e-07 -6.13119474e-06  1.90508973e-07 -1.34187306e-04 
 1.90558973e-07  2.24168016e-05  1.90558973e-07  1.88997854e-04 
 1.90608973e-07 -3.26526604e-05  1.90608973e-07 -1.75469379e-04 
 1.90658973e-07  3.99037377e-05  1.90658973e-07  1.98102702e-04 
 1.90708973e-07 -4.39289671e-05  1.90708973e-07 -1.97110502e-04 
 1.90758973e-07  4.65148709e-05  1.90758973e-07  2.06060036e-04 
 1.90808973e-07 -4.72202931e-05  1.90808973e-07 -2.05588040e-04 
 1.90858973e-07  4.73196122e-05  1.90858973e-07  2.08457031e-04 
 1.90908973e-07 -4.62676871e-05  1.90908973e-07 -2.06572290e-04 
 1.90958973e-07  4.50558401e-05  1.90958973e-07  2.05984722e-04 
 1.91008973e-07 -4.31219886e-05  1.91008973e-07 -2.02635815e-04 
 1.91058973e-07  4.12835455e-05  1.91058973e-07  2.00017572e-04 
 1.91108973e-07 -3.89706134e-05  1.91108973e-07 -1.95579468e-04 
 1.91158973e-07  3.68933040e-05  1.91158973e-07  1.91589568e-04 
 1.91208973e-07 -3.44894955e-05  1.91208973e-07 -1.86513284e-04 
 1.91258973e-07  3.23995777e-05  1.91258973e-07  1.81828656e-04 
 1.91308973e-07 -3.00637293e-05  1.91308973e-07 -1.76399104e-04 
 1.91358973e-07  2.80794696e-05  1.91358973e-07  1.71370307e-04 
 1.91408973e-07 -2.58960252e-05  1.91408973e-07 -1.65823876e-04 
 1.91458973e-07  2.40781932e-05  1.91458973e-07  1.60652390e-04 
 1.91508973e-07 -2.20838665e-05  1.91508973e-07 -1.55170294e-04 
 1.91558973e-07  2.04580665e-05  1.91558973e-07  1.50048792e-04 
 1.91608973e-07 -1.86643596e-05  1.91608973e-07 -1.44738500e-04 
 1.91658973e-07  1.72347382e-05  1.91658973e-07  1.39775927e-04 
 1.91708973e-07 -1.56380804e-05  1.91708973e-07 -1.34706917e-04 
 1.91758973e-07  1.43972154e-05  1.91758973e-07  1.29969489e-04 
 1.91808973e-07 -1.29858957e-05  1.91808973e-07 -1.25180921e-04 
 1.91858973e-07  1.19203052e-05  1.91858973e-07  1.20705164e-04 
 1.91908973e-07 -1.06786432e-05  1.91908973e-07 -1.16214643e-04 
 1.91958973e-07  9.77212462e-06  1.91958973e-07  1.12016577e-04 
 1.92008973e-07 -8.68298124e-06  1.92008973e-07 -1.07826906e-04 
 1.92058973e-07  7.91859870e-06  1.92058973e-07  1.03908715e-04 
 1.92108973e-07 -6.96484672e-06  1.92108973e-07 -1.00012899e-04 
 1.92158973e-07  6.32607608e-06  1.92158973e-07  9.63677395e-05 
 1.92208973e-07 -5.49142449e-06  1.92208973e-07 -9.27526264e-05 
 1.92258973e-07  4.96277517e-06  1.92258973e-07  8.93680565e-05 
 1.92308973e-07 -4.23219237e-06  1.92308973e-07 -8.60169340e-05 
 1.92358973e-07  3.79950780e-06  1.92358973e-07  8.28773219e-05 
 1.92408973e-07 -3.15940068e-06  1.92408973e-07 -7.97717302e-05 
 1.92458973e-07  2.80996380e-06  1.92458973e-07  7.68599187e-05 
 1.92508973e-07 -2.24820992e-06  1.92508973e-07 -7.39808864e-05 
 1.92558973e-07  1.97073395e-06  1.92558973e-07  7.12793147e-05 
 1.92608973e-07 -1.47662968e-06  1.92608973e-07 -6.86081738e-05 
 1.92658973e-07  1.26118427e-06  1.92658973e-07  6.60996101e-05 
 1.92708973e-07 -8.25347535e-07  1.92708973e-07 -6.36185087e-05 
 1.92758973e-07  6.63252036e-07  1.92758973e-07  6.12865060e-05 
 1.92808973e-07 -2.77503721e-07  1.92808973e-07 -5.89787078e-05 
 1.92858973e-07  1.61206549e-07  1.92858973e-07  5.68078670e-05 
 1.92908973e-07  1.81554381e-07  1.92908973e-07 -5.46579020e-05 
 1.92958973e-07 -2.58598420e-07  1.92958973e-07  5.26340011e-05 
 1.93008973e-07  5.64517626e-07  1.93008973e-07 -5.06277169e-05 
 1.93058973e-07 -6.07965454e-07  1.93058973e-07  4.87377505e-05 
 1.93108973e-07  8.82348986e-07  1.93108973e-07 -4.68622971e-05 
 1.93158973e-07 -8.97078957e-07  1.93158973e-07  4.50944579e-05 
 1.93208973e-07  1.14449916e-06  1.93208973e-07 -4.33382314e-05 
 1.93258973e-07 -1.13471099e-06  1.93258973e-07  4.16818551e-05 
 1.93308973e-07  1.35910222e-06  1.93308973e-07 -4.00344173e-05 
 1.93358973e-07 -1.32840654e-06  1.93358973e-07  3.84799068e-05 
 1.93408973e-07  1.53315027e-06  1.93408973e-07 -3.69318923e-05 
 1.93458973e-07 -1.48464777e-06  1.93458973e-07  3.54706313e-05 
 1.93508973e-07  1.67264751e-06  1.93508973e-07 -3.40136503e-05 
 1.93558973e-07 -1.60899860e-06  1.93558973e-07  3.26379141e-05 
 1.93608973e-07  1.78274562e-06  1.93608973e-07 -3.12644568e-05 
 1.93658973e-07 -1.70623138e-06  1.93658973e-07  2.99673236e-05 
 1.93708973e-07  1.86786191e-06  1.93708973e-07 -2.86706680e-05 
 1.93758973e-07 -1.78043680e-06  1.93758973e-07  2.74459355e-05 
 1.93808973e-07  1.93178163e-06  1.93808973e-07 -2.62200621e-05 
 1.93858973e-07 -1.83511950e-06  1.93858973e-07  2.50621688e-05 
 1.93908973e-07  1.97774700e-06  1.93908973e-07 -2.39016818e-05 
 1.93958973e-07 -1.87328058e-06  1.93958973e-07  2.28056359e-05 
 1.94008973e-07  2.00853373e-06  1.94008973e-07 -2.17056919e-05 
 1.94058973e-07 -1.89748884e-06  1.94058973e-07  2.06670062e-05 
 1.94108973e-07  2.02651724e-06  1.94108973e-07 -1.96232510e-05 
 1.94158973e-07 -1.90994221e-06  1.94158973e-07  1.86378851e-05 
 1.94208973e-07  2.03372943e-06  1.94208973e-07 -1.76463963e-05 
 1.94258973e-07 -1.91252035e-06  1.94258973e-07  1.67107046e-05 
 1.94308973e-07  2.03190773e-06  1.94308973e-07 -1.57679416e-05 
 1.94358973e-07 -1.90683019e-06  1.94358973e-07  1.48786284e-05 
 1.94408973e-07  2.02253701e-06  1.94408973e-07 -1.39813880e-05 
 1.94458973e-07 -1.89424482e-06  1.94458973e-07  1.31354661e-05 
 1.94508973e-07  2.00688581e-06  1.94508973e-07 -1.22808434e-05 
 1.94558973e-07 -1.87593700e-06  1.94558973e-07  1.14755997e-05 
 1.94608973e-07  1.98603722e-06  1.94608973e-07 -1.06609539e-05 
 1.94658973e-07 -1.85290766e-06  1.94658973e-07  9.89391763e-06 
 1.94708973e-07  1.96091537e-06  1.94708973e-07 -9.11684224e-06 
 1.94758973e-07 -1.82601070e-06  1.94758973e-07  8.38575794e-06 
 1.94808973e-07  1.93230831e-06  1.94808973e-07 -7.64405437e-06 
 1.94858973e-07 -1.79597392e-06  1.94858973e-07  6.94685800e-06 
 1.94908973e-07  1.90088752e-06  1.94908973e-07 -6.23851263e-06 
 1.94958973e-07 -1.76341729e-06  1.94958973e-07  5.57331072e-06 
 1.95008973e-07  1.86722455e-06  1.95008973e-07 -4.89647481e-06 
 1.95058973e-07 -1.72886820e-06  1.95058973e-07  4.26152606e-06 
 1.95108973e-07  1.83180546e-06  1.95108973e-07 -3.61449820e-06 
 1.95158973e-07 -1.69277488e-06  1.95158973e-07  3.00819749e-06 
 1.95208973e-07  1.79504301e-06  1.95208973e-07 -2.38940808e-06 
 1.95258973e-07 -1.65551789e-06  1.95258973e-07  1.81027238e-06 
 1.95308973e-07  1.75728740e-06  1.95308973e-07 -1.21827015e-06 
 1.95358973e-07 -1.61741962e-06  1.95358973e-07  6.64926153e-07 
 1.95408973e-07  1.71883500e-06  1.95408973e-07 -9.83662784e-08 
 1.95458973e-07 -1.57875281e-06  1.95458973e-07 -4.30460501e-07 
 1.95508973e-07  1.67993634e-06  1.95508973e-07  9.72826946e-07 
 1.95558973e-07 -1.53974775e-06  1.95558973e-07 -1.47832178e-06 
 1.95608973e-07  1.64080255e-06  1.95608973e-07  1.99765697e-06 
 1.95658973e-07 -1.50059824e-06  1.95658973e-07 -2.48092429e-06 
 1.95708973e-07  1.60161121e-06  1.95708973e-07  2.97831189e-06 
 1.95758973e-07 -1.46146709e-06  1.95758973e-07 -3.44038292e-06 
 1.95808973e-07  1.56251113e-06  1.95808973e-07  3.91683526e-06 
 1.95858973e-07 -1.42249043e-06  1.95858973e-07 -4.35867457e-06 
 1.95908973e-07  1.52362647e-06  1.95908973e-07  4.81513910e-06 
 1.95958973e-07 -1.38378161e-06  1.95958973e-07 -5.23765051e-06 
 1.96008973e-07  1.48506045e-06  1.96008973e-07  5.67501547e-06 
 1.96058973e-07 -1.34543468e-06  1.96058973e-07 -6.07904736e-06 
 1.96108973e-07  1.44689829e-06  1.96108973e-07  6.49814690e-06 
 1.96158973e-07 -1.30752696e-06  1.96158973e-07 -6.88449684e-06 
 1.96208973e-07  1.40920994e-06  1.96208973e-07  7.28611549e-06 
 1.96258973e-07 -1.27012172e-06  1.96258973e-07 -7.65553452e-06 
 1.96308973e-07  1.37205230e-06  1.96308973e-07  8.04041132e-06 
 1.96358973e-07 -1.23327012e-06  1.96358973e-07 -8.39360755e-06 
 1.96408973e-07  1.33547103e-06  1.96408973e-07  8.76243972e-06 
 1.96458973e-07 -1.19701300e-06  1.96458973e-07 -9.10008192e-06 
 1.96508973e-07  1.29950243e-06  1.96508973e-07  9.45352801e-06 
 1.96558973e-07 -1.16138251e-06  1.96558973e-07 -9.77624851e-06 
 1.96608973e-07  1.26417465e-06  1.96608973e-07  1.01149315e-05 
 1.96658973e-07 -1.12640333e-06  1.96658973e-07 -1.04233289e-05 
 1.96708973e-07  1.22950906e-06  1.96708973e-07  1.07478389e-05 
 1.96758973e-07 -1.09209384e-06  1.96758973e-07 -1.10424807e-05 
 1.96808973e-07  1.19552118e-06  1.96808973e-07  1.13533770e-05 
 1.96858973e-07 -1.05846707e-06  1.96858973e-07 -1.16348019e-05 
 1.96908973e-07  1.16222161e-06  1.96908973e-07  1.19326156e-05 
 1.96958973e-07 -1.02553149e-06  1.96958973e-07 -1.22013351e-05 
 1.97008973e-07  1.12961683e-06  1.97008973e-07  1.24865711e-05 
 1.97058973e-07 -9.93291823e-07  1.97058973e-07 -1.27430719e-05 
 1.97108973e-07  1.09770976e-06  1.97108973e-07  1.30162103e-05 
 1.97158973e-07 -9.61749476e-07  1.97158973e-07 -1.32609557e-05 
 1.97208973e-07  1.06650046e-06  1.97208973e-07  1.35224538e-05 
 1.97258973e-07 -9.30903308e-07  1.97258973e-07 -1.37558853e-05 
 1.97308973e-07  1.03598648e-06  1.97308973e-07  1.40061788e-05 
 1.97358973e-07 -9.00749758e-07  1.97358973e-07 -1.42287176e-05 
 1.97408973e-07  1.00616328e-06  1.97408973e-07  1.44682225e-05 
 1.97458973e-07 -8.71283509e-07  1.97458973e-07 -1.46802706e-05 
 1.97508973e-07  9.77024708e-07  1.97508973e-07  1.49093839e-05 
 1.97558973e-07 -8.42497667e-07  1.97558973e-07 -1.51113254e-05 
 1.97608973e-07  9.48563169e-07  1.97608973e-07  1.53304268e-05 
 1.97658973e-07 -8.14384087e-07  1.97658973e-07 -1.55226291e-05 
 1.97708973e-07  9.20769929e-07  1.97708973e-07  1.57320813e-05 
 1.97758973e-07 -7.86933504e-07  1.97758973e-07 -1.59148960e-05 
 1.97808973e-07  8.93635209e-07  1.97808973e-07  1.61150464e-05 
 1.97858973e-07 -7.60135875e-07  1.97858973e-07 -1.62888101e-05 
 1.97908973e-07  8.67148716e-07  1.97908973e-07  1.64799917e-05 
 1.97958973e-07 -7.33980598e-07  1.97958973e-07 -1.66450270e-05 
 1.98008973e-07  8.41299424e-07  1.98008973e-07  1.68275586e-05 
 1.98058973e-07 -7.08456354e-07  1.98058973e-07 -1.69841751e-05 
 1.98108973e-07  8.16075821e-07  1.98108973e-07  1.71583627e-05 
 1.98158973e-07 -6.83551568e-07  1.98158973e-07 -1.73068571e-05 
 1.98208973e-07  7.91466201e-07  1.98208973e-07  1.74729943e-05 
 1.98258973e-07 -6.59254361e-07  1.98258973e-07 -1.76136518e-05 
 1.98308973e-07  7.67458478e-07  1.98308973e-07  1.77720206e-05 
 1.98358973e-07 -6.35552627e-07  1.98358973e-07 -1.79051151e-05 
 1.98408973e-07  7.44040531e-07  1.98408973e-07  1.80559864e-05 
 1.98458973e-07 -6.12434153e-07  1.98458973e-07 -1.81817812e-05 
 1.98508973e-07  7.21200020e-07  1.98508973e-07  1.83254155e-05 
 1.98558973e-07 -5.89886634e-07  1.98558973e-07 -1.84441637e-05 
 1.98608973e-07  6.98924671e-07  1.98608973e-07  1.85808116e-05 
 1.98658973e-07 -5.67897846e-07  1.98658973e-07 -1.86927570e-05 
 1.98708973e-07  6.77202246e-07  1.98708973e-07  1.88226595e-05 
 1.98758973e-07 -5.46455537e-07  1.98758973e-07 -1.89280367e-05 
 1.98808973e-07  6.56020508e-07  1.98808973e-07  1.90514261e-05 
 1.98858973e-07 -5.25547548e-07  1.98858973e-07 -1.91504609e-05 
 1.98908973e-07  6.35367323e-07  1.98908973e-07  1.92675607e-05 
 1.98958973e-07 -5.05161782e-07  1.98958973e-07 -1.93604708e-05 
 1.99008973e-07  6.15230671e-07  1.99008973e-07  1.94714967e-05 
 1.99058973e-07 -4.85286411e-07  1.99058973e-07 -1.95584920e-05 
 1.99108973e-07  5.95598755e-07  1.99108973e-07  1.96636515e-05 
 1.99158973e-07 -4.65909608e-07  1.99158973e-07 -1.97449343e-05 
 1.99208973e-07  5.76459873e-07  1.99208973e-07  1.98444279e-05 
 1.99258973e-07 -4.47019813e-07  1.99258973e-07 -1.99201934e-05 
 1.99308973e-07  5.57802468e-07  1.99308973e-07  2.00142144e-05 
 1.99358973e-07 -4.28605607e-07  1.99358973e-07 -2.00846510e-05 
 1.99408973e-07  5.39615268e-07  1.99408973e-07  2.01733859e-05 
 1.99458973e-07 -4.10655783e-07  1.99458973e-07 -2.02386754e-05 
 1.99508973e-07  5.21887145e-07  1.99508973e-07  2.03223043e-05 
 1.99558973e-07 -3.93159361e-07  1.99558973e-07 -2.03826223e-05 
 1.99608973e-07  5.04607209e-07  1.99608973e-07  2.04613190e-05 
 1.99658973e-07 -3.76105520e-07  1.99658973e-07 -2.05168351e-05 
 1.99708973e-07  4.87764711e-07  1.99708973e-07  2.05907678e-05 
 1.99758973e-07 -3.59483696e-07  1.99758973e-07 -2.06416459e-05 
 1.99808973e-07  4.71349231e-07  1.99808973e-07  2.07109767e-05 
 1.99858973e-07 -3.43283502e-07  1.99858973e-07 -2.07573751e-05 
 1.99908973e-07  4.55350462e-07  1.99908973e-07  2.08222610e-05 
 1.99954486e-07 -3.26726909e-07  1.99954486e-07 -2.08693849e-05 
 2.00000000e-07  4.38243445e-07  2.00000000e-07  2.09345951e-05 
 2.00005000e-07  1.31020372e-05  2.00005000e-07  1.78682032e-04 
 2.00015000e-07 -5.59902423e-06  2.00015000e-07  2.57193629e-06 
 2.00035000e-07 -6.42645244e-06  2.00035000e-07 -5.71005868e-05 
 2.00075000e-07  5.96417183e-06  2.00075000e-07 -5.26434809e-05 
 2.00125000e-07 -3.09461758e-05  2.00125000e-07 -1.21323114e-04 
 2.00162500e-07 -6.30807313e-05  2.00162500e-07 -3.03838944e-04 
 2.00200000e-07  4.54558774e-04  2.00200000e-07  2.46092179e-04 
 2.00205000e-07  2.85129787e-04  2.00205000e-07  1.26142512e-04 
 2.00215000e-07 -2.43907594e-04  2.00215000e-07  3.42095438e-04 
 2.00235000e-07 -3.02370569e-04  2.00235000e-07  8.42562635e-04 
 2.00275000e-07  1.91649309e-04  2.00275000e-07  1.14081491e-03 
 2.00317479e-07 -1.14185791e-04  2.00317479e-07 -1.88188709e-03 
 2.00362353e-07  7.72105792e-05  2.00362353e-07  4.14497704e-04 
 2.00412353e-07 -5.79465447e-05  2.00412353e-07 -2.11212944e-04 
 2.00462353e-07  4.55966676e-05  2.00462353e-07  2.51310835e-04 
 2.00512353e-07 -3.67374721e-05  2.00512353e-07 -1.34114960e-04 
 2.00562353e-07  3.04558977e-05  2.00562353e-07  8.19059161e-05 
 2.00612353e-07 -2.54759199e-05  2.00612353e-07 -2.86228538e-05 
 2.00662353e-07  2.18268250e-05  2.00662353e-07 -9.64843150e-06 
 2.00712353e-07 -1.87251148e-05  2.00712353e-07  4.00458642e-05 
 2.00762353e-07  1.64416047e-05  2.00762353e-07 -6.30206223e-05 
 2.00812353e-07 -1.43634459e-05  2.00812353e-07  8.04130068e-05 
 2.00862353e-07  1.28555429e-05  2.00862353e-07 -9.32367598e-05 
 2.00912353e-07 -1.13693123e-05  2.00912353e-07  1.02504777e-04 
 2.00962353e-07  1.03222410e-05  2.00962353e-07 -1.08872553e-04 
 2.01012353e-07 -9.19670206e-06  2.01012353e-07  1.13014533e-04 
 2.01062353e-07  8.43726270e-06  2.01062353e-07 -1.15324850e-04 
 2.01112353e-07 -7.54294228e-06  2.01112353e-07  1.16267030e-04 
 2.01162353e-07  6.97277121e-06  2.01162353e-07 -1.16071289e-04 
 2.01212353e-07 -6.23487901e-06  2.01212353e-07  1.15062956e-04 
 2.01262353e-07  5.79621563e-06  2.01262353e-07 -1.13368345e-04 
 2.01312353e-07 -5.16996644e-06  2.01312353e-07  1.11220533e-04 
 2.01362353e-07  4.82752469e-06  2.01362353e-07 -1.08679536e-04 
 2.01412353e-07 -4.28492929e-06  2.01412353e-07  1.05916149e-04 
 2.01462353e-07  4.01613749e-06  2.01462353e-07 -1.02948091e-04 
 2.01512353e-07 -3.53883490e-06  2.01512353e-07  9.99037976e-05 
 2.01562353e-07  3.32850886e-06  2.01562353e-07 -9.67741932e-05 
 2.01612353e-07 -2.90382319e-06  2.01612353e-07  9.36587608e-05 
 2.01662353e-07  2.74121506e-06  2.01662353e-07 -9.05317008e-05 
 2.01712353e-07 -2.35995098e-06  2.01712353e-07  8.74726475e-05 
 2.01762353e-07  2.23708421e-06  2.01762353e-07 -8.44456213e-05 
 2.01812353e-07 -1.89226903e-06  2.01812353e-07  8.15166257e-05 
 2.01862353e-07  1.80297734e-06  2.01862353e-07 -7.86437408e-05 
 2.01912353e-07 -1.48912534e-06  2.01912353e-07  7.58836028e-05 
 2.01956177e-07  1.40408260e-06  2.01956177e-07 -7.28208611e-05 
 2.02000000e-07 -1.09603466e-06  2.02000000e-07  6.99043093e-05 
 2.02005000e-07 -2.61985334e-07  2.02005000e-07  5.97262385e-06 
 2.02015000e-07  2.49333426e-07  2.02015000e-07 -5.24245134e-06 
 2.02035000e-07 -8.27673847e-08  2.02035000e-07  4.71910299e-06 
 2.02075000e-07  1.88751942e-07  2.02075000e-07 -4.39320816e-06 
 2.02125000e-07 -6.25163795e-08  2.02125000e-07  4.18215238e-06 
 2.02162500e-07  1.77325188e-07  2.02162500e-07 -3.92576880e-06 
 2.02200000e-07 -5.46034538e-08  2.02200000e-07  3.70280423e-06 
 2.02205000e-07  4.46695257e-08  2.02205000e-07  3.07200964e-07 
 2.02215000e-07  9.96597124e-08  2.02215000e-07  5.18448522e-08 
 2.02235000e-07  1.15845945e-08  2.02235000e-07 -1.42757735e-07 
 2.02275000e-07  1.07562005e-07  2.02275000e-07  1.23726963e-07 
 2.02325000e-07  1.54070501e-08  2.02325000e-07 -8.02086164e-08 
 2.02375000e-07  9.92923894e-08  2.02375000e-07  6.62594039e-08 
 2.02425000e-07  2.65642353e-08  2.02425000e-07 -3.80473609e-08 
 2.02475000e-07  8.66715968e-08  2.02475000e-07  2.73853905e-08 
 2.02525000e-07  3.95348513e-08  2.02525000e-07  2.08752901e-09 
 2.02575000e-07  7.41104424e-08  2.02575000e-07 -1.26502830e-08 
 2.02625000e-07  5.12116729e-08  2.02625000e-07  4.11725033e-08 
 2.02675000e-07  6.35851358e-08  2.02675000e-07 -5.00930312e-08 
 2.02725000e-07  6.04635574e-08  2.02725000e-07  7.64302061e-08 
 2.02775000e-07  5.56304068e-08  2.02775000e-07 -8.28263612e-08 
 2.02825000e-07  6.71610880e-08  2.02825000e-07  1.06417986e-07 
 2.02875000e-07  5.01109815e-08  2.02875000e-07 -1.09960582e-07 
 2.02925000e-07  7.16033844e-08  2.02925000e-07  1.30670378e-07 
 2.02975000e-07  4.66347732e-08  2.02975000e-07 -1.31368100e-07 
 2.03025000e-07  7.42265587e-08  2.03025000e-07  1.49317917e-07 
 2.03075000e-07  4.47547179e-08  2.03075000e-07 -1.47376415e-07 
 2.03125000e-07  7.54671320e-08  2.03125000e-07  1.62832730e-07 
 2.03175000e-07  4.40581258e-08  2.03175000e-07 -1.58560057e-07 
 2.03225000e-07  7.57063020e-08  2.03225000e-07  1.71857102e-07 
 2.03275000e-07  4.41989695e-08  2.03275000e-07 -1.65601246e-07 
 2.03325000e-07  7.52538528e-08  2.03325000e-07  1.77090969e-07 
 2.03375000e-07  4.49030667e-08  2.03375000e-07 -1.69200211e-07 
 2.03425000e-07  7.43502105e-08  2.03425000e-07  1.79221531e-07 
 2.03475000e-07  4.59613634e-08  2.03475000e-07 -1.70021119e-07 
 2.03525000e-07  7.31756863e-08  2.03525000e-07  1.78882541e-07 
 2.03575000e-07  4.72194289e-08  2.03575000e-07 -1.68662301e-07 
 2.03625000e-07  7.18616682e-08  2.03625000e-07  1.76633785e-07 
 2.03675000e-07  4.85663148e-08  2.03675000e-07 -1.65643223e-07 
 2.03725000e-07  7.05010687e-08  2.03725000e-07  1.72953824e-07 
 2.03775000e-07  4.99248301e-08  2.03775000e-07 -1.61401931e-07 
 2.03825000e-07  6.91574826e-08  2.03825000e-07  1.68241144e-07 
 2.03875000e-07  5.12431538e-08  2.03875000e-07 -1.56298755e-07 
 2.03925000e-07  6.78726385e-08  2.03925000e-07  1.62819896e-07 
 2.03975000e-07  5.24882095e-08  2.03975000e-07 -1.50623861e-07 
 2.04025000e-07  6.66721300e-08  2.04025000e-07  1.56948363e-07 
 2.04075000e-07  5.36406600e-08  2.04075000e-07 -1.44605957e-07 
 2.04125000e-07  6.55700782e-08  2.04125000e-07  1.50828106e-07 
 2.04175000e-07  5.46908806e-08  2.04175000e-07 -1.38421711e-07 
 2.04225000e-07  6.45724138e-08  2.04225000e-07  1.44613067e-07 
 2.04275000e-07  5.56359282e-08  2.04275000e-07 -1.32204497e-07 
 2.04325000e-07  6.36795248e-08  2.04325000e-07  1.38418155e-07 
 2.04375000e-07  5.64774986e-08  2.04375000e-07 -1.26052632e-07 
 2.04425000e-07  6.28880963e-08  2.04425000e-07  1.32326753e-07 
 2.04475000e-07  5.72202016e-08  2.04475000e-07 -1.20036227e-07 
 2.04525000e-07  6.21924924e-08  2.04525000e-07  1.26397294e-07 
 2.04575000e-07  5.78704631e-08  2.04575000e-07 -1.14203384e-07 
 2.04625000e-07  6.15857370e-08  2.04625000e-07  1.20668737e-07 
 2.04675000e-07  5.84356483e-08  2.04675000e-07 -1.08585095e-07 
 2.04725000e-07  6.10601750e-08  2.04725000e-07  1.15165214e-07 
 2.04775000e-07  5.89235025e-08  2.04775000e-07 -1.03199508e-07 
 2.04825000e-07  6.06080504e-08  2.04825000e-07  1.09899621e-07 
 2.04875000e-07  5.93418323e-08  2.04875000e-07 -9.80550517e-08 
 2.04925000e-07  6.02216741e-08  2.04925000e-07  1.04876609e-07 
 2.04975000e-07  5.96980902e-08  2.04975000e-07 -9.31531665e-08 
 2.05025000e-07  5.98937533e-08  2.05025000e-07  1.00094957e-07 
 2.05075000e-07  5.99993597e-08  2.05075000e-07 -8.84903926e-08 
 2.05125000e-07  5.96175137e-08  2.05125000e-07  9.55493045e-08 
 2.05175000e-07  6.02521689e-08  2.05175000e-07 -8.40598269e-08 
 2.05225000e-07  5.93866216e-08  2.05225000e-07  9.12315483e-08 
 2.05275000e-07  6.04625343e-08  2.05275000e-07 -7.98524115e-08 
 2.05325000e-07  5.91954236e-08  2.05325000e-07  8.71318778e-08 
 2.05375000e-07  6.06358657e-08  2.05375000e-07 -7.58578010e-08 
 2.05425000e-07  5.90387387e-08  2.05425000e-07  8.32395634e-08 
 2.05475000e-07  6.07770439e-08  2.05475000e-07 -7.20649835e-08 
 2.05525000e-07  5.89120116e-08  2.05525000e-07  7.95434431e-08 
 2.05575000e-07  6.08903570e-08  2.05575000e-07 -6.84627986e-08 
 2.05625000e-07  5.88111197e-08  2.05625000e-07  7.60324002e-08 
 2.05675000e-07  6.09797054e-08  2.05675000e-07 -6.50402109e-08 
 2.05725000e-07  5.87324986e-08  2.05725000e-07  7.26956274e-08 
 2.05775000e-07  6.10484048e-08  2.05775000e-07 -6.17865691e-08 
 2.05825000e-07  5.86729479e-08  2.05825000e-07  6.95225646e-08 
 2.05875000e-07  6.10994872e-08  2.05875000e-07 -5.86916646e-08 
 2.05925000e-07  5.86297036e-08  2.05925000e-07  6.65033949e-08 
 2.05975000e-07  6.11354977e-08  2.05975000e-07 -5.57459073e-08 
 2.06025000e-07  5.86003450e-08  2.06025000e-07  6.36288268e-08 
 2.06075000e-07  6.11587523e-08  2.06075000e-07 -5.29403610e-08 
 2.06125000e-07  5.85827154e-08  2.06125000e-07  6.08901912e-08 
 2.06175000e-07  6.11711902e-08  2.06175000e-07 -5.02666293e-08 
 2.06225000e-07  5.85750264e-08  2.06225000e-07  5.82794172e-08 
 2.06275000e-07  6.11745447e-08  2.06275000e-07 -4.77169467e-08 
 2.06325000e-07  5.85756604e-08  2.06325000e-07  5.57890183e-08 
 2.06375000e-07  6.11702667e-08  2.06375000e-07 -4.52840888e-08 
 2.06425000e-07  5.85832525e-08  2.06425000e-07  5.34120412e-08 
 2.06475000e-07  6.11596314e-08  2.06475000e-07 -4.29614087e-08 
 2.06525000e-07  5.85966392e-08  2.06525000e-07  5.11421216e-08 
 2.06575000e-07  6.11437648e-08  2.06575000e-07 -4.07427806e-08 
 2.06625000e-07  5.86147595e-08  2.06625000e-07  4.89733201e-08 
 2.06675000e-07  6.11236123e-08  2.06675000e-07 -3.86224409e-08 
 2.06725000e-07  5.86367522e-08  2.06725000e-07  4.69001494e-08 
 2.06775000e-07  6.10999564e-08  2.06775000e-07 -3.65951578e-08 
 2.06825000e-07  5.86619038e-08  2.06825000e-07  4.49175360e-08 
 2.06875000e-07  6.10734840e-08  2.06875000e-07 -3.46560415e-08 
 2.06925000e-07  5.86895290e-08  2.06925000e-07  4.30207504e-08 
 2.06975000e-07  6.10448308e-08  2.06975000e-07 -3.28004996e-08 
 2.07025000e-07  5.87190764e-08  2.07025000e-07  4.12054102e-08 
 2.07075000e-07  6.10144910e-08  2.07075000e-07 -3.10243496e-08 
 2.07125000e-07  5.87501328e-08  2.07125000e-07  3.94674459e-08 
 2.07175000e-07  6.09828496e-08  2.07175000e-07 -2.93236189e-08 
 2.07225000e-07  5.87822376e-08  2.07225000e-07  3.78030478e-08 
 2.07275000e-07  6.09503391e-08  2.07275000e-07 -2.76946693e-08 
 2.07325000e-07  5.88150953e-08  2.07325000e-07  3.62086534e-08 
 2.07375000e-07  6.09172033e-08  2.07375000e-07 -2.61340101e-08 
 2.07425000e-07  5.88484148e-08  2.07425000e-07  3.46809543e-08 
 2.07475000e-07  6.08837719e-08  2.07475000e-07 -2.46384628e-08 
 2.07525000e-07  5.88819437e-08  2.07525000e-07  3.32167734e-08 
 2.07575000e-07  6.08501943e-08  2.07575000e-07 -2.32049413e-08 
 2.07625000e-07  5.89154976e-08  2.07625000e-07  3.18132026e-08 
 2.07675000e-07  6.08166944e-08  2.07675000e-07 -2.18306396e-08 
 2.07725000e-07  5.89489109e-08  2.07725000e-07  3.04674928e-08 
 2.07775000e-07  6.07834164e-08  2.07775000e-07 -2.05128458e-08 
 2.07825000e-07  5.89820301e-08  2.07825000e-07  2.91769789e-08 
 2.07875000e-07  6.07504895e-08  2.07875000e-07 -1.92490136e-08 
 2.07925000e-07  5.90147214e-08  2.07925000e-07  2.79392241e-08 
 2.07975000e-07  6.07180330e-08  2.07975000e-07 -1.80367614e-08 
 2.08025000e-07  5.90469408e-08  2.08025000e-07  2.67519025e-08 
 2.08075000e-07  6.06860741e-08  2.08075000e-07 -1.68738049e-08 
 2.08125000e-07  5.90786004e-08  2.08125000e-07  2.56127864e-08 
 2.08175000e-07  6.06547348e-08  2.08175000e-07 -1.57580088e-08 
 2.08225000e-07  5.91096312e-08  2.08225000e-07  2.45197843e-08 
 2.08275000e-07  6.06240396e-08  2.08275000e-07 -1.46873087e-08 
 2.08325000e-07  5.91399662e-08  2.08325000e-07  2.34709089e-08 
 2.08375000e-07  6.05940435e-08  2.08375000e-07 -1.36597836e-08 
 2.08425000e-07  5.91696036e-08  2.08425000e-07  2.24642614e-08 
 2.08475000e-07  6.05647827e-08  2.08475000e-07 -1.26735877e-08 
 2.08525000e-07  5.91985011e-08  2.08525000e-07  2.14980615e-08 
 2.08575000e-07  6.05362644e-08  2.08575000e-07 -1.17269384e-08 
 2.08625000e-07  5.92266330e-08  2.08625000e-07  2.05705704e-08 
 2.08675000e-07  6.05085134e-08  2.08675000e-07 -1.08181829e-08 
 2.08725000e-07  5.92539987e-08  2.08725000e-07  1.96801514e-08 
 2.08775000e-07  6.04815508e-08  2.08775000e-07 -9.94574501e-09 
 2.08825000e-07  5.92805550e-08  2.08825000e-07  1.88252835e-08 
 2.08875000e-07  6.04553699e-08  2.08875000e-07 -9.10807374e-09 
 2.08925000e-07  5.93063581e-08  2.08925000e-07  1.80044507e-08 
 2.08975000e-07  6.04299717e-08  2.08975000e-07 -8.30372993e-09 
 2.09025000e-07  5.93313641e-08  2.09025000e-07  1.72162747e-08 
 2.09075000e-07  6.04053400e-08  2.09075000e-07 -7.53136864e-09 
 2.09125000e-07  5.93555980e-08  2.09125000e-07  1.64593596e-08 
 2.09175000e-07  6.03814953e-08  2.09175000e-07 -6.78960807e-09 
 2.09225000e-07  5.93790681e-08  2.09225000e-07  1.57324717e-08 
 2.09275000e-07  6.03584208e-08  2.09275000e-07 -6.07724723e-09 
 2.09325000e-07  5.94017563e-08  2.09325000e-07  1.50343281e-08 
 2.09375000e-07  6.03360860e-08  2.09375000e-07 -5.39306128e-09 
 2.09425000e-07  5.94237256e-08  2.09425000e-07  1.43637942e-08 
 2.09475000e-07  6.03145015e-08  2.09475000e-07 -4.73588560e-09 
 2.09525000e-07  5.94449448e-08  2.09525000e-07  1.37197210e-08 
 2.09575000e-07  6.02936434e-08  2.09575000e-07 -4.10465548e-09 
 2.09625000e-07  5.94654442e-08  2.09625000e-07  1.31010505e-08 
 2.09675000e-07  6.02734800e-08  2.09675000e-07 -3.49827689e-09 
 2.09725000e-07  5.94852516e-08  2.09725000e-07  1.25067331e-08 
 2.09775000e-07  6.02540322e-08  2.09775000e-07 -2.91578328e-09 
 2.09825000e-07  5.95043552e-08  2.09825000e-07  1.19358051e-08 
 2.09875000e-07  6.02352802e-08  2.09875000e-07 -2.35619116e-09 
 2.09925000e-07  5.95227656e-08  2.09925000e-07  1.13873246e-08 
 2.09962500e-07  6.02142174e-08  2.09962500e-07 -1.73107384e-09 
 2.10000000e-07  5.95463515e-08  2.10000000e-07  1.06893779e-08 
 2.10005000e-07 -6.86732342e-06  2.10005000e-07 -6.17581761e-05 
 2.10015000e-07  6.56336125e-06  2.10015000e-07  1.70392775e-05 
 2.10035000e-07  3.11259386e-07  2.10035000e-07  1.49836506e-05 
 2.10075000e-07 -2.06919907e-06  2.10075000e-07  9.22599544e-06 
 2.10125000e-07  1.67681131e-05  2.10125000e-07  1.21103382e-04 
 2.10162500e-07  5.27261792e-06  2.10162500e-07  1.16033252e-04 
 2.10200000e-07 -2.33416823e-04  2.10200000e-07 -1.23824676e-04 
 2.10205000e-07 -2.23327274e-04  2.10205000e-07 -3.18469976e-04 
 2.10215000e-07  5.93332365e-05  2.10215000e-07 -6.72630345e-04 
 2.10235000e-07  4.15826345e-04  2.10235000e-07 -9.30292592e-04 
 2.10271751e-07 -2.89349655e-04  2.10271751e-07  1.37632267e-05 
 2.10312836e-07  1.57202422e-04  2.10312836e-07  8.94938236e-04 
 2.10357263e-07 -7.67459621e-05  2.10357263e-07  8.06054882e-05 
 2.10407263e-07  3.15914181e-05  2.10407263e-07 -2.19801747e-04 
 2.10457263e-07 -1.27006217e-06  2.10457263e-07  8.29493801e-05 
 2.10507263e-07 -1.89477626e-05  2.10507263e-07 -1.44402771e-04 
 2.10557263e-07  3.27207251e-05  2.10557263e-07  1.46079789e-04 
 2.10607263e-07 -4.16225998e-05  2.10607263e-07 -1.64572992e-04 
 2.10657263e-07  4.73997031e-05  2.10657263e-07  1.74435472e-04 
 2.10707263e-07 -5.05309450e-05  2.10707263e-07 -1.83303881e-04 
 2.10757263e-07  5.21236268e-05  2.10757263e-07  1.89210852e-04 
 2.10807263e-07 -5.21626472e-05  2.10807263e-07 -1.93114473e-04 
 2.10857263e-07  5.15370044e-05  2.10857263e-07  1.95242498e-04 
 2.10907263e-07 -4.99863705e-05  2.10907263e-07 -1.95811687e-04 
 2.10957263e-07  4.82259078e-05  2.10957263e-07  1.95171517e-04 
 2.11007263e-07 -4.59155536e-05  2.11007263e-07 -1.93469662e-04 
 2.11057263e-07  4.36549028e-05  2.11057263e-07  1.90966066e-04 
 2.11107263e-07 -4.10530529e-05  2.11107263e-07 -1.87734418e-04 
 2.11157263e-07  3.86508390e-05  2.11157263e-07  1.84019197e-04 
 2.11207263e-07 -3.60243948e-05  2.11207263e-07 -1.79841987e-04 
 2.11257263e-07  3.36795388e-05  2.11257263e-07  1.75398035e-04 
 2.11307263e-07 -3.11721235e-05  2.11307263e-07 -1.70685532e-04 
 2.11357263e-07  2.89889082e-05  2.11357263e-07  1.65860203e-04 
 2.11407263e-07 -2.66721803e-05  2.11407263e-07 -1.60902909e-04 
 2.11457263e-07  2.46988484e-05  2.11457263e-07  1.55939107e-04 
 2.11507263e-07 -2.26021209e-05  2.11507263e-07 -1.50937731e-04 
 2.11557263e-07  2.08542370e-05  2.11557263e-07  1.46000938e-04 
 2.11607263e-07 -1.89823668e-05  2.11607263e-07 -1.41089853e-04 
 2.11657263e-07  1.74569381e-05  2.11657263e-07  1.36288834e-04 
 2.11707263e-07 -1.58011625e-05  2.11707263e-07 -1.31554160e-04 
 2.11757263e-07  1.44851850e-05  2.11757263e-07  1.26956707e-04 
 2.11807263e-07 -1.30296825e-05  2.11807263e-07 -1.22449991e-04 
 2.11857263e-07  1.19052911e-05  2.11857263e-07  1.18094763e-04 
 2.11907263e-07 -1.06311238e-05  2.11907263e-07 -1.13843204e-04 
 2.11957263e-07  9.67865902e-06  2.11957263e-07  1.09748521e-04 
 2.12007263e-07 -8.56610137e-06  2.12007263e-07 -1.05762519e-04 
 2.12057263e-07  7.76589029e-06  2.12057263e-07  1.01932831e-04 
 2.12107263e-07 -6.79575978e-06  2.12107263e-07 -9.82114960e-05 
 2.12157263e-07  6.12910584e-06  2.12157263e-07  9.46420759e-05 
 2.12207263e-07 -5.28347819e-06  2.12207263e-07 -9.11772137e-05 
 2.12257263e-07  4.73316430e-06  2.12257263e-07  8.78575300e-05 
 2.12307263e-07 -3.99571199e-06  2.12307263e-07 -8.46364770e-05 
 2.12357263e-07  3.54620908e-06  2.12357263e-07  8.15525822e-05 
 2.12407263e-07 -2.90231313e-06  2.12407263e-07 -7.85601981e-05 
 2.12457263e-07  2.53981398e-06  2.12457263e-07  7.56963920e-05 
 2.12507263e-07 -1.97654281e-06  2.12507263e-07 -7.29164325e-05 
 2.12557263e-07  1.68889619e-06  2.12557263e-07  7.02563968e-05 
 2.12607263e-07 -1.19491112e-06  2.12607263e-07 -6.76724375e-05 
 2.12657263e-07  9.71503115e-07  2.12657263e-07  6.51999880e-05 
 2.12707263e-07 -5.36926630e-07  2.12707263e-07 -6.27960243e-05 
 2.12757263e-07  3.68537977e-07  2.12757263e-07  6.04955898e-05 
 2.12807263e-07  1.51923429e-08  2.12807263e-07 -5.82564080e-05 
 2.12857263e-07 -1.36535654e-07  2.12857263e-07  5.61133161e-05 
 2.12907263e-07  4.76814613e-07  2.12907263e-07 -5.40247030e-05 
 2.12957263e-07 -5.57987097e-07  2.12957263e-07  5.20253317e-05 
 2.13007263e-07  8.61182582e-07  2.13007263e-07 -5.00741737e-05 
 2.13057263e-07 -9.08096039e-07  2.13057263e-07  4.82060114e-05 
 2.13107263e-07  1.17967935e-06  2.13107263e-07 -4.63803193e-05 
 2.13157263e-07 -1.19740761e-06  2.13157263e-07  4.46319644e-05 
 2.13207263e-07  1.44207155e-06  2.13207263e-07 -4.29208496e-05 
 2.13257263e-07 -1.43496267e-06  2.13257263e-07  4.12819707e-05 
 2.13307263e-07  1.65672657e-06  2.13307263e-07 -3.96755914e-05 
 2.13357263e-07 -1.62850202e-06  2.13357263e-07  3.81368650e-05 
 2.13407263e-07  1.83080466e-06  2.13407263e-07 -3.66263553e-05 
 2.13457263e-07 -1.78464652e-06  2.13457263e-07  3.51793905e-05 
 2.13507263e-07  1.97042739e-06  2.13507263e-07 -3.37567812e-05 
 2.13557263e-07 -1.90905440e-06  2.13557263e-07  3.23940396e-05 
 2.13607263e-07  2.08082434e-06  2.13607263e-07 -3.10521764e-05 
 2.13657263e-07 -2.00655785e-06  2.13657263e-07  2.97668915e-05 
 2.13707263e-07  2.16646031e-06  2.13707263e-07 -2.84993550e-05 
 2.13757263e-07 -2.08128132e-06  2.13757263e-07  2.72854542e-05 
 2.13807263e-07  2.23114512e-06  2.13807263e-07 -2.60864838e-05 
 2.13857263e-07 -2.13674337e-06  2.13857263e-07  2.49385152e-05 
 2.13907263e-07  2.27812830e-06  2.13907263e-07 -2.38029381e-05 
 2.13957263e-07 -2.17594453e-06  2.13957263e-07  2.27160031e-05 
 2.14007263e-07  2.31018033e-06  2.14007263e-07 -2.16391695e-05 
 2.14057263e-07 -2.20144250e-06  2.14057263e-07  2.06088608e-05 
 2.14107263e-07  2.32966245e-06  2.14107263e-07 -1.95865851e-05 
 2.14157263e-07 -2.21541679e-06  2.14157263e-07  1.86089314e-05 
 2.14207263e-07  2.33858629e-06  2.14207263e-07 -1.76374394e-05 
 2.14257263e-07 -2.21972396e-06  2.14257263e-07  1.67088558e-05 
 2.14307263e-07  2.33866526e-06  2.14307263e-07 -1.57847376e-05 
 2.14357263e-07 -2.21594488e-06  2.14357263e-07  1.49019814e-05 
 2.14407263e-07  2.33135788e-06  2.14407263e-07 -1.40221499e-05 
 2.14457263e-07 -2.20542519e-06  2.14457263e-07  1.31822816e-05 
 2.14507263e-07  2.31790552e-06  2.14507263e-07 -1.23439354e-05 
 2.14557263e-07 -2.18930986e-06  2.14557263e-07  1.15442841e-05 
 2.14607263e-07  2.29936417e-06  2.14607263e-07 -1.07448754e-05 
 2.14657263e-07 -2.16857258e-06  2.14657263e-07  9.98300857e-06 
 2.14707263e-07  2.27663158e-06  2.14707263e-07 -9.22021423e-06 
 2.14757263e-07 -2.14404112e-06  2.14757263e-07  8.49391111e-06 
 2.14807263e-07  2.25047085e-06  2.14807263e-07 -7.76560809e-06 
 2.14857263e-07 -2.11641864e-06  2.14857263e-07  7.07283612e-06 
 2.14907263e-07  2.22152984e-06  2.14907263e-07 -6.37707920e-06 
 2.14957263e-07 -2.08630209e-06  2.14957263e-07  5.71597371e-06 
 2.15007263e-07  2.19035848e-06  2.15007263e-07 -5.05097642e-06 
 2.15057263e-07 -2.05419787e-06  2.15057263e-07  4.41982247e-06 
 2.15107263e-07  2.15742299e-06  2.15107263e-07 -3.78394006e-06 
 2.15157263e-07 -2.02053516e-06  2.15157263e-07  3.18115684e-06 
 2.15207263e-07  2.12311839e-06  2.15207263e-07 -2.57287149e-06 
 2.15257263e-07 -1.98567741e-06  2.15257263e-07  1.99699825e-06 
 2.15307263e-07  2.08777889e-06  2.15307263e-07 -1.41490612e-06 
 2.15357263e-07 -1.94993179e-06  2.15357263e-07  8.64590164e-07 
 2.15407263e-07  2.05168683e-06  2.15407263e-07 -3.07389836e-07 
 2.15457263e-07 -1.91355782e-06  2.15457263e-07 -2.18624363e-07 
 2.15507263e-07  2.01508052e-06  2.15507263e-07  7.52141888e-07 
 2.15557263e-07 -1.87677413e-06  2.15557263e-07 -1.25502204e-06 
 2.15607263e-07  1.97816055e-06  2.15607263e-07  1.76598233e-06 
 2.15657263e-07 -1.83976467e-06  2.15657263e-07 -2.24681671e-06 
 2.15707263e-07  1.94109546e-06  2.15707263e-07  2.73626968e-06 
 2.15757263e-07 -1.80268386e-06  2.15757263e-07 -3.19607455e-06 
 2.15807263e-07  1.90402661e-06  2.15807263e-07  3.66500148e-06 
 2.15857263e-07 -1.76566089e-06  2.15857263e-07 -4.10472760e-06 
 2.15907263e-07  1.86707196e-06  2.15907263e-07  4.55404731e-06 
 2.15957263e-07 -1.72880344e-06  2.15957263e-07 -4.97458577e-06 
 2.16007263e-07  1.83032975e-06  2.16007263e-07  5.40516013e-06 
 2.16057263e-07 -1.69220102e-06  2.16057263e-07 -5.80734753e-06 
 2.16107263e-07  1.79388138e-06  2.16107263e-07  6.21998627e-06 
 2.16157263e-07 -1.65592755e-06  2.16157263e-07 -6.60460936e-06 
 2.16207263e-07  1.75779391e-06  2.16207263e-07  7.00007454e-06 
 2.16257263e-07 -1.62004376e-06  2.16257263e-07 -7.36787429e-06 
 2.16307263e-07  1.72212221e-06  2.16307263e-07  7.74688419e-06 
 2.16357263e-07 -1.58459914e-06  2.16357263e-07 -8.09855956e-06 
 2.16407263e-07  1.68691082e-06  2.16407263e-07  8.46179214e-06 
 2.16457263e-07 -1.54963365e-06  2.16457263e-07 -8.79800336e-06 
 2.16507263e-07  1.65219551e-06  2.16507263e-07  9.14609944e-06 
 2.16557263e-07 -1.51517920e-06  2.16557263e-07 -9.46747099e-06 
 2.16607263e-07  1.61800453e-06  2.16607263e-07  9.80103712e-06 
 2.16657263e-07 -1.48126076e-06  2.16657263e-07 -1.01081605e-05 
 2.16707263e-07  1.58435990e-06  2.16707263e-07  1.04277715e-05 
 2.16757263e-07 -1.44789753e-06  2.16757263e-07 -1.07212075e-05 
 2.16807263e-07  1.55127824e-06  2.16807263e-07  1.10274087e-05 
 2.16857263e-07 -1.41510378e-06  2.16857263e-07 -1.13076899e-05 
 2.16907263e-07  1.51877161e-06  2.16907263e-07  1.16009993e-05 
 2.16957263e-07 -1.38288961e-06  2.16957263e-07 -1.18686318e-05 
 2.17007263e-07  1.48684835e-06  2.17007263e-07  1.21495421e-05 
 2.17057263e-07 -1.35126169e-06  2.17057263e-07 -1.24050073e-05 
 2.17107263e-07  1.45551356e-06  2.17107263e-07  1.26739875e-05 
 2.17157263e-07 -1.32022368e-06  2.17157263e-07 -1.29177441e-05 
 2.17207263e-07  1.42476960e-06  2.17207263e-07  1.31752410e-05 
 2.17257263e-07 -1.28977677e-06  2.17257263e-07 -1.34077263e-05 
 2.17307263e-07  1.39461655e-06  2.17307263e-07  1.36541661e-05 
 2.17357263e-07 -1.25992007e-06  2.17357263e-07 -1.38757971e-05 
 2.17407263e-07  1.36505268e-06  2.17407263e-07  1.41115868e-05 
 2.17457263e-07 -1.23065100e-06  2.17457263e-07 -1.43227621e-05 
 2.17507263e-07  1.33607461e-06  2.17507263e-07  1.45482904e-05 
 2.17557263e-07 -1.20196553e-06  2.17557263e-07 -1.47493907e-05 
 2.17607263e-07  1.30767772e-06  2.17607263e-07  1.49650294e-05 
 2.17657263e-07 -1.17385845e-06  2.17657263e-07 -1.51564192e-05 
 2.17707263e-07  1.27985625e-06  2.17707263e-07  1.53625241e-05 
 2.17757263e-07 -1.14632355e-06  2.17757263e-07 -1.55445521e-05 
 2.17807263e-07  1.25260358e-06  2.17807263e-07  1.57414640e-05 
 2.17857263e-07 -1.11935386e-06  2.17857263e-07 -1.59144644e-05 
 2.17907263e-07  1.22591245e-06  2.17907263e-07  1.61025097e-05 
 2.17957263e-07 -1.09294176e-06  2.17957263e-07 -1.62668030e-05 
 2.18007263e-07  1.19977492e-06  2.18007263e-07  1.64462950e-05 
 2.18057263e-07 -1.06707911e-06  2.18057263e-07 -1.66021884e-05 
 2.18107263e-07  1.17418264e-06  2.18107263e-07  1.67734278e-05 
 2.18157263e-07 -1.04175738e-06  2.18157263e-07 -1.69212163e-05 
 2.18207263e-07  1.14912692e-06  2.18207263e-07  1.70844916e-05 
 2.18257263e-07 -1.01696774e-06  2.18257263e-07 -1.72244586e-05 
 2.18307263e-07  1.12459884e-06  2.18307263e-07  1.73800473e-05 
 2.18357263e-07 -9.92701120e-07  2.18357263e-07 -1.75124652e-05 
 2.18407263e-07  1.10058919e-06  2.18407263e-07  1.76606338e-05 
 2.18457263e-07 -9.68948320e-07  2.18457263e-07 -1.77857644e-05 
 2.18507263e-07  1.07708872e-06  2.18507263e-07  1.79267694e-05 
 2.18557263e-07 -9.45699991e-07  2.18557263e-07 -1.80448648e-05 
 2.18607263e-07  1.05408811e-06  2.18607263e-07  1.81789530e-05 
 2.18657263e-07 -9.22946778e-07  2.18657263e-07 -1.82902556e-05 
 2.18707263e-07  1.03157790e-06  2.18707263e-07  1.84176646e-05 
 2.18757263e-07 -9.00679259e-07  2.18757263e-07 -1.85224080e-05 
 2.18807263e-07  1.00954872e-06  2.18807263e-07  1.86433667e-05 
 2.18857263e-07 -8.78888043e-07  2.18857263e-07 -1.87417760e-05 
 2.18907263e-07  9.87991188e-07  2.18907263e-07  1.88565050e-05 
 2.18957263e-07 -8.57563819e-07  2.18957263e-07 -1.89487969e-05 
 2.19007263e-07  9.66896033e-07  2.19007263e-07  1.90575089e-05 
 2.19057263e-07 -8.36697300e-07  2.19057263e-07 -1.91438926e-05 
 2.19107263e-07  9.46253998e-07  2.19107263e-07  1.92467927e-05 
 2.19157263e-07 -8.16279314e-07  2.19157263e-07 -1.93274699e-05 
 2.19207263e-07  9.26055986e-07  2.19207263e-07  1.94247559e-05 
 2.19257263e-07 -7.96300800e-07  2.19257263e-07 -1.94999212e-05 
 2.19307263e-07  9.06292948e-07  2.19307263e-07  1.95917842e-05 
 2.19357263e-07 -7.76752784e-07  2.19357263e-07 -1.96616255e-05 
 2.19407263e-07  8.86955986e-07  2.19407263e-07  1.97482498e-05 
 2.19457263e-07 -7.57626400e-07  2.19457263e-07 -1.98129484e-05 
 2.19507263e-07  8.68036315e-07  2.19507263e-07  1.98945121e-05 
 2.19557263e-07 -7.38912943e-07  2.19557263e-07 -1.99542434e-05 
 2.19607263e-07  8.49525274e-07  2.19607263e-07  2.00309185e-05 
 2.19657263e-07 -7.20603881e-07  2.19657263e-07 -2.00858516e-05 
 2.19707263e-07  8.31414450e-07  2.19707263e-07  2.01578044e-05 
 2.19757263e-07 -7.02690770e-07  2.19757263e-07 -2.02081029e-05 
 2.19807263e-07  8.13695411e-07  2.19807263e-07  2.02754940e-05 
 2.19857263e-07 -6.85165345e-07  2.19857263e-07 -2.03213160e-05 
 2.19907263e-07  7.96359996e-07  2.19907263e-07  2.03843009e-05 
 2.19953632e-07 -6.67355593e-07  2.19953632e-07 -2.04297185e-05 
 2.20000000e-07  7.78087438e-07  2.20000000e-07  2.04920251e-05 
 2.20005000e-07  1.31023488e-05  2.20005000e-07  1.78488449e-04 
 2.20015000e-07 -5.60025536e-06  2.20015000e-07  2.66137612e-06 
 2.20035000e-07 -6.42424890e-06  2.20035000e-07 -5.70585705e-05 
 2.20075000e-07  5.96160179e-06  2.20075000e-07 -5.26223952e-05 
 2.20125000e-07 -3.09398317e-05  2.20125000e-07 -1.21243214e-04 
 2.20162500e-07 -6.30787170e-05  2.20162500e-07 -3.03133177e-04 
 2.20200000e-07  4.54249296e-04  2.20200000e-07  2.43873266e-04 
 2.20205000e-07  2.84773710e-04  2.20205000e-07  1.23879601e-04 
 2.20215000e-07 -2.44089366e-04  2.20215000e-07  3.43122446e-04 
 2.20235000e-07 -3.01901187e-04  2.20235000e-07  8.43464583e-04 
 2.20275000e-07  1.91563946e-04  2.20275000e-07  1.14075290e-03 
 2.20317478e-07 -1.14166737e-04  2.20317478e-07 -1.88188303e-03 
 2.20362351e-07  7.72086109e-05  2.20362351e-07  4.14230088e-04 
 2.20412351e-07 -5.79515222e-05  2.20412351e-07 -2.11076569e-04 
 2.20462351e-07  4.56056386e-05  2.20462351e-07  2.51148364e-04 
 2.20512351e-07 -3.67490204e-05  2.20512351e-07 -1.33976210e-04 
 2.20562351e-07  3.04691449e-05  2.20562351e-07  8.17783666e-05 
 2.20612351e-07 -2.54902551e-05  2.20612351e-07 -2.85098451e-05 
 2.20662351e-07  2.18418016e-05  2.20662351e-07 -9.74823576e-06 
 2.20712351e-07 -1.87404041e-05  2.20712351e-07  4.01329684e-05 
 2.20762351e-07  1.64569639e-05  2.20762351e-07 -6.30958569e-05 
 2.20812351e-07 -1.43786987e-05  2.20812351e-07  8.04772590e-05 
 2.20862351e-07  1.28705575e-05  2.20862351e-07 -9.32909125e-05 
 2.20912351e-07 -1.13839953e-05  2.20912351e-07  1.02549721e-04 
 2.20962351e-07  1.03365219e-05  2.20962351e-07 -1.08909121e-04 
 2.21012351e-07 -9.21053230e-06  2.21012351e-07  1.13043546e-04 
 2.21062351e-07  8.45060616e-06  2.21062351e-07 -1.15347050e-04 
 2.21112351e-07 -7.55577622e-06  2.21112351e-07  1.16283122e-04 
 2.21162351e-07  6.98507988e-06  2.21162351e-07 -1.16081906e-04 
 2.21212351e-07 -6.24665538e-06  2.21212351e-07  1.15068683e-04 
 2.21262351e-07  5.80745670e-06  2.21262351e-07 -1.13369704e-04 
 2.21312351e-07 -5.18067523e-06  2.21312351e-07  1.11218001e-04 
 2.21362351e-07  4.83770656e-06  2.21362351e-07 -1.08673537e-04 
 2.21412351e-07 -4.29459376e-06  2.21412351e-07  1.05907064e-04 
 2.21462351e-07  4.02529535e-06  2.21462351e-07 -1.02936261e-04 
 2.21512351e-07 -3.54749987e-06  2.21512351e-07  9.98895266e-05 
 2.21562351e-07  3.33669514e-06  2.21562351e-07 -9.67577535e-05 
 2.21612351e-07 -2.91154699e-06  2.21612351e-07  9.36403942e-05 
 2.21662351e-07  2.74849252e-06  2.21662351e-07 -9.05116251e-05 
 2.21712351e-07 -2.36679959e-06  2.21712351e-07  8.74510553e-05 
 2.21762351e-07  2.24352103e-06  2.21762351e-07 -8.44226875e-05 
 2.21812351e-07 -1.89831195e-06  2.21812351e-07  8.14925044e-05 
 2.21862351e-07  1.80864359e-06  2.21862351e-07 -7.86185736e-05 
 2.21912351e-07 -1.49443260e-06  2.21912351e-07  7.58575138e-05 
 2.21956175e-07  1.40900590e-06  2.21956175e-07 -7.27939364e-05 
 2.22000000e-07 -1.10059526e-06  2.22000000e-07  6.98766732e-05 
 2.22005000e-07  1.82756014e-04  2.22005000e-07  2.47729736e-03 
 2.22015000e-07  1.50839926e-04  2.22015000e-07  2.66787316e-03 
 2.22035000e-07  1.10289650e-05  2.22035000e-07  9.78887000e-04 
 2.22075000e-07  4.95501551e-05  2.22075000e-07  7.94187467e-04 
 2.22125000e-07 -1.53338276e-05  2.22125000e-07  3.62739199e-04 
 2.22162500e-07  4.72922250e-06  2.22162500e-07  6.07728476e-04 
 2.22200000e-07 -3.46122328e-05  2.22200000e-07 -2.74776371e-03 
 2.22205000e-07 -1.41156411e-04  2.22205000e-07 -1.89426022e-03 
 2.22215000e-07 -1.24263450e-04  2.22215000e-07 -1.26510169e-03 
 2.22235000e-07 -4.43916399e-05  2.22235000e-07 -1.04382747e-03 
 2.22275000e-07 -2.47391607e-05  2.22275000e-07 -5.16487216e-04 
 2.22325000e-07  1.07664872e-05  2.22325000e-07 -2.74701364e-04 
 2.22375000e-07 -1.18320765e-05  2.22375000e-07 -1.03752753e-04 
 2.22425000e-07  1.13656249e-05  2.22425000e-07 -6.80817990e-05 
 2.22475000e-07 -1.08365488e-05  2.22475000e-07 -1.71756693e-05 
 2.22525000e-07  1.05020425e-05  2.22525000e-07 -2.05242630e-05 
 2.22575000e-07 -9.92217631e-06  2.22575000e-07  1.10696866e-06 
 2.22625000e-07  9.57711525e-06  2.22625000e-07 -9.60147536e-06 
 2.22675000e-07 -8.99368277e-06  2.22675000e-07  5.36635411e-06 
 2.22725000e-07  8.65457016e-06  2.22725000e-07 -7.57759168e-06 
 2.22775000e-07 -8.08404050e-06  2.22775000e-07  6.94073965e-06 
 2.22825000e-07  7.76349863e-06  2.22825000e-07 -7.79867149e-06 
 2.22875000e-07 -7.21602922e-06  2.22875000e-07  8.00025463e-06 
 2.22925000e-07  6.92198036e-06  2.22925000e-07 -8.51638237e-06 
 2.22975000e-07 -6.40360400e-06  2.22975000e-07  8.85595145e-06 
 2.23025000e-07  6.14049708e-06  2.23025000e-07 -9.21676674e-06 
 2.23075000e-07 -5.65431789e-06  2.23075000e-07  9.50532042e-06 
 2.23125000e-07  5.42414499e-06  2.23125000e-07 -9.74163878e-06 
 2.23175000e-07 -4.97120629e-06  2.23175000e-07  9.93171986e-06 
 2.23225000e-07  4.77423740e-06  2.23225000e-07 -1.00550602e-05 
 2.23275000e-07 -4.35416362e-06  2.23275000e-07  1.01439748e-05 
 2.23325000e-07  4.18950507e-06  2.23325000e-07 -1.01688588e-05 
 2.23375000e-07 -3.80098262e-06  2.23375000e-07  1.01692424e-05 
 2.23425000e-07  3.66699170e-06  2.23425000e-07 -1.01133209e-05 
 2.23475000e-07 -3.30812297e-06  2.23475000e-07  1.00424023e-05 
 2.23525000e-07  3.20271098e-06  2.23525000e-07 -9.92381247e-06 
 2.23575000e-07 -2.87127113e-06  2.23575000e-07  9.79893591e-06 
 2.23625000e-07  2.79212063e-06  2.23625000e-07 -9.63440432e-06 
 2.23675000e-07 -2.48573951e-06  2.23675000e-07  9.47112257e-06 
 2.23725000e-07  2.43045689e-06  2.23725000e-07 -9.27503802e-06 
 2.23775000e-07 -2.14674557e-06  2.23775000e-07  9.08642242e-06 
 2.23825000e-07  2.11296511e-06  2.23825000e-07 -8.87057147e-06 
 2.23875000e-07 -1.84960031e-06  2.23875000e-07  8.66712725e-06 
 2.23925000e-07  1.83505228e-06  2.23925000e-07 -8.44080213e-06 
 2.23975000e-07 -1.58983049e-06  2.23975000e-07  8.23067422e-06 
 2.24025000e-07  1.59238341e-06  2.24025000e-07 -8.00095905e-06 
 2.24075000e-07 -1.36325286e-06  2.24075000e-07  7.79025746e-06 
 2.24125000e-07  1.38093677e-06  2.24125000e-07 -7.56237766e-06 
 2.24175000e-07 -1.16601341e-06  2.24175000e-07  7.35553105e-06 
 2.24225000e-07  1.19703005e-06  2.24225000e-07 -7.13320185e-06 
 2.24275000e-07 -9.94602834e-07  2.24275000e-07  6.93329243e-06 
 2.24325000e-07  1.03732650e-06  2.24325000e-07 -6.71903575e-06 
 2.24375000e-07 -8.45855081e-07  2.24375000e-07  6.52809443e-06 
 2.24425000e-07  8.98827895e-07  2.24425000e-07 -6.32351110e-06 
 2.24475000e-07 -7.16935362e-07  2.24475000e-07  6.14276627e-06 
 2.24525000e-07  7.78858060e-07  2.24525000e-07 -5.94876169e-06 
 2.24575000e-07 -6.05320847e-07  2.24575000e-07  5.77884234e-06 
 2.24625000e-07  6.75041995e-07  2.24625000e-07 -5.59580842e-06 
 2.24675000e-07 -5.08778101e-07  2.24675000e-07  5.43690627e-06 
 2.24725000e-07  5.85281593e-07  2.24725000e-07 -5.26486507e-06 
 2.24775000e-07 -4.25338186e-07  2.24775000e-07  5.11686132e-06 
 2.24825000e-07  5.07730861e-07  2.24825000e-07 -4.95557652e-06 
 2.24875000e-07 -3.53271725e-07  2.24875000e-07  4.81813936e-06 
 2.24925000e-07  4.40770961e-07  2.24925000e-07 -4.66720127e-06 
 2.24975000e-07 -2.91064366e-07  2.24975000e-07  4.53985982e-06 
 2.25025000e-07  3.82986253e-07  2.25025000e-07 -4.39874932e-06 
 2.25075000e-07 -2.37393541e-07  2.25075000e-07  4.28094853e-06 
 2.25125000e-07  3.33141801e-07  2.25125000e-07 -4.14908419e-06 
 2.25175000e-07 -1.91106753e-07  2.25175000e-07  4.04022537e-06 
 2.25225000e-07  2.90162716e-07  2.25225000e-07 -3.91699775e-06 
 2.25275000e-07 -1.51201896e-07  2.25275000e-07  3.81646725e-06 
 2.25325000e-07  2.53114963e-07  2.25325000e-07 -3.70126320e-06 
 2.25375000e-07 -1.16808725e-07  2.25375000e-07  3.60845291e-06 
 2.25425000e-07  2.21188161e-07  2.25425000e-07 -3.50067232e-06 
 2.25475000e-07 -8.71728426e-08  2.25475000e-07  3.41499319e-06 
 2.25525000e-07  1.93680215e-07  2.25525000e-07 -3.31406003e-06 
 2.25575000e-07 -6.16410104e-08  2.25575000e-07  3.23495112e-06 
 2.25625000e-07  1.69983556e-07  2.25625000e-07 -3.14032045e-06 
 2.25675000e-07 -3.96482595e-08  2.25675000e-07  3.06725395e-06 
 2.25725000e-07  1.49572886e-07  2.25725000e-07 -2.97841574e-06 
 2.25775000e-07 -2.07063440e-08  2.25775000e-07  2.91089996e-06 
 2.25825000e-07  1.31994549e-07  2.25825000e-07 -2.82738071e-06 
 2.25875000e-07 -4.39368690e-09  2.25875000e-07  2.76496064e-06 
 2.25925000e-07  1.16856813e-07  2.25925000e-07 -2.68632365e-06 
 2.25975000e-07  9.65344708e-09  2.25975000e-07  2.62858070e-06 
 2.26025000e-07  1.03821960e-07  2.26025000e-07 -2.55442509e-06 
 2.26075000e-07  2.17488061e-08  2.26075000e-07  2.50097579e-06 
 2.26125000e-07  9.25986805e-08  2.26125000e-07 -2.43093487e-06 
 2.26175000e-07  3.21626814e-08  2.26175000e-07  2.38142907e-06 
 2.26225000e-07  8.29360863e-08  2.26225000e-07 -2.31516849e-06 
 2.26275000e-07  4.11279737e-08  2.26275000e-07  2.26928711e-06 
 2.26325000e-07  7.46180157e-08  2.26325000e-07 -2.20650255e-06 
 2.26375000e-07  4.88453308e-08  2.26375000e-07  2.16395544e-06 
 2.26425000e-07  6.74582684e-08  2.26425000e-07 -2.10437028e-06 
 2.26475000e-07  5.54874682e-08  2.26475000e-07  2.06489386e-06 
 2.26525000e-07  6.12966547e-08  2.26525000e-07 -2.00825692e-06 
 2.26575000e-07  6.12030222e-08  2.26575000e-07  1.97161190e-06 
 2.26625000e-07  5.59952512e-08  2.26625000e-07 -1.91769522e-06 
 2.26675000e-07  6.61199369e-08  2.26675000e-07  1.88366438e-06 
 2.26725000e-07  5.14353447e-08  2.26725000e-07 -1.83226101e-06 
 2.26775000e-07  7.03483106e-08  2.26775000e-07  1.80064730e-06 
 2.26825000e-07  4.75148446e-08  2.26825000e-07 -1.75156939e-06 
 2.26875000e-07  7.39828957e-08  2.26875000e-07  1.72219376e-06 
 2.26925000e-07  4.41458359e-08  2.26925000e-07 -1.67527067e-06 
 2.26975000e-07  7.71051841e-08  2.26975000e-07  1.64797051e-06 
 2.27025000e-07  4.12527717e-08  2.27025000e-07 -1.60304720e-06 
 2.27075000e-07  7.97853018e-08  2.27075000e-07  1.57767461e-06 
 2.27125000e-07  3.87705203e-08  2.27125000e-07 -1.53460999e-06 
 2.27175000e-07  8.20836477e-08  2.27175000e-07  1.51103030e-06 
 2.27225000e-07  3.66431818e-08  2.27225000e-07 -1.46969584e-06 
 2.27275000e-07  8.40520397e-08  2.27275000e-07  1.44778640e-06 
 2.27325000e-07  3.48225275e-08  2.27325000e-07 -1.40806492e-06 
 2.27375000e-07  8.57352772e-08  2.27375000e-07  1.38771378e-06 
 2.27425000e-07  3.32671290e-08  2.27425000e-07 -1.34949831e-06 
 2.27475000e-07  8.71717407e-08  2.27475000e-07  1.33060316e-06 
 2.27525000e-07  3.19413441e-08  2.27525000e-07 -1.29379581e-06 
 2.27575000e-07  8.83945537e-08  2.27575000e-07  1.27626302e-06 
 2.27625000e-07  3.08143359e-08  2.27625000e-07 -1.24077421e-06 
 2.27675000e-07  8.94323298e-08  2.27675000e-07  1.22451801e-06 
 2.27725000e-07  2.98596897e-08  2.27725000e-07 -1.19026551e-06 
 2.27775000e-07  9.03095445e-08  2.27775000e-07  1.17520711e-06 
 2.27825000e-07  2.90546288e-08  2.27825000e-07 -1.14211546e-06 
 2.27875000e-07  9.10473571e-08  2.27875000e-07  1.12818245e-06 
 2.27925000e-07  2.83795005e-08  2.27925000e-07 -1.09618214e-06 
 2.27975000e-07  9.16640715e-08  2.27975000e-07  1.08330782e-06 
 2.28025000e-07  2.78172967e-08  2.28025000e-07 -1.05233481e-06 
 2.28075000e-07  9.21753879e-08  2.28075000e-07  1.04045768e-06 
 2.28125000e-07  2.73534626e-08  2.28125000e-07 -1.01045285e-06 
 2.28175000e-07  9.25949093e-08  2.28175000e-07  9.99516027e-07 
 2.28225000e-07  2.69753347e-08  2.28225000e-07 -9.70424726e-07 
 2.28275000e-07  9.29343449e-08  2.28275000e-07  9.60375667e-07 
 2.28325000e-07  2.66720401e-08  2.28325000e-07 -9.32147218e-07 
 2.28375000e-07  9.32038335e-08  2.28375000e-07  9.22937114e-07 
 2.28425000e-07  2.64341563e-08  2.28425000e-07 -8.95524584e-07 
 2.28475000e-07  9.34121431e-08  2.28475000e-07  8.87108204e-07 
 2.28525000e-07  2.62535616e-08  2.28525000e-07 -8.60467931e-07 
 2.28575000e-07  9.35668336e-08  2.28575000e-07  8.52803171e-07 
 2.28625000e-07  2.61231618e-08  2.28625000e-07 -8.26894580e-07 
 2.28675000e-07  9.36744505e-08  2.28675000e-07  8.19942259e-07 
 2.28725000e-07  2.60368648e-08  2.28725000e-07 -7.94727487e-07 
 2.28775000e-07  9.37407312e-08  2.28775000e-07  7.88451067e-07 
 2.28825000e-07  2.59893842e-08  2.28825000e-07 -7.63894829e-07 
 2.28875000e-07  9.37705747e-08  2.28875000e-07  7.58260180e-07 
 2.28925000e-07  2.59761036e-08  2.28925000e-07 -7.34329478e-07 
 2.28975000e-07  9.37682408e-08  2.28975000e-07  7.29304679e-07 
 2.29025000e-07  2.59930812e-08  2.29025000e-07 -7.05968645e-07 
 2.29075000e-07  9.37375406e-08  2.29075000e-07  7.01523844e-07 
 2.29125000e-07  2.60367343e-08  2.29125000e-07 -6.78753518e-07 
 2.29175000e-07  9.36816763e-08  2.29175000e-07  6.74860672e-07 
 2.29225000e-07  2.61041028e-08  2.29225000e-07 -6.52628974e-07 
 2.29275000e-07  9.36034613e-08  2.29275000e-07  6.49261816e-07 
 2.29325000e-07  2.61925232e-08  2.29325000e-07 -6.27543221e-07 
 2.29375000e-07  9.35054597e-08  2.29375000e-07  6.24677012e-07 
 2.29425000e-07  2.62995995e-08  2.29425000e-07 -6.03447566e-07 
 2.29475000e-07  9.33897411e-08  2.29475000e-07  6.01059092e-07 
 2.29525000e-07  2.64234284e-08  2.29525000e-07 -5.80296274e-07 
 2.29575000e-07  9.32582913e-08  2.29575000e-07  5.78363616e-07 
 2.29625000e-07  2.65621050e-08  2.29625000e-07 -5.58046094e-07 
 2.29675000e-07  9.31127468e-08  2.29675000e-07  5.56548620e-07 
 2.29725000e-07  2.67141650e-08  2.29725000e-07 -5.36656410e-07 
 2.29775000e-07  9.29545592e-08  2.29775000e-07  5.35574641e-07 
 2.29825000e-07  2.68781239e-08  2.29825000e-07 -5.16088799e-07 
 2.29875000e-07  9.27850749e-08  2.29875000e-07  5.15404317e-07 
 2.29925000e-07  2.70528601e-08  2.29925000e-07 -4.96306921e-07 
 2.29962500e-07  9.25745882e-08  2.29962500e-07  4.92840676e-07 
 2.30000000e-07  2.73005722e-08  2.30000000e-07 -4.71093667e-07 
 2.30005000e-07 -8.06340815e-06  2.30005000e-07 -7.28177839e-05 
 2.30015000e-07  5.90717119e-06  2.30015000e-07  1.23931883e-05 
 2.30035000e-07  1.72400774e-06  2.30035000e-07  1.43994085e-05 
 2.30075000e-07 -2.67076234e-06  2.30075000e-07  1.69194825e-05 
 2.30125000e-07  2.40088383e-05  2.30125000e-07  1.72855118e-04 
 2.30162500e-07  1.54563645e-05  2.30162500e-07  2.04534535e-04 
 2.30200000e-07 -3.24994614e-04  2.30200000e-07 -1.12128865e-04 
 2.30205000e-07 -3.33061687e-04  2.30205000e-07 -3.46973618e-04 
 2.30215000e-07 -2.85760780e-05  2.30215000e-07 -8.01663842e-04 
 2.30235000e-07  4.99101845e-04  2.30235000e-07 -1.21120649e-03 
 2.30271172e-07 -2.38555687e-04  2.30271172e-07 -4.66692831e-04 
 2.30314691e-07  1.27866833e-04  2.30314691e-07  1.27795966e-03 
 2.30360582e-07 -5.80763260e-05  2.30360582e-07  2.68852042e-05 
 2.30410582e-07  1.91538181e-05  2.30410582e-07  6.15083812e-05 
 2.30460582e-07  7.34560784e-06  2.30460582e-07 -1.39384434e-04 
 2.30510582e-07 -2.51621207e-05  2.30510582e-07  4.87640461e-05 
 2.30560582e-07  3.73476747e-05  2.30560582e-07 -5.76044030e-05 
 2.30610582e-07 -4.51636462e-05  2.30610582e-07  1.58891134e-05 
 2.30660582e-07  5.01556540e-05  2.30660582e-07 -4.13396913e-06 
 2.30710582e-07 -5.27027315e-05  2.30710582e-07 -1.77027672e-05 
 2.30760582e-07  5.38453362e-05  2.30760582e-07  3.03337986e-05 
 2.30810582e-07 -5.35374349e-05  2.30810582e-07 -4.35731442e-05 
 2.30860582e-07  5.26346073e-05  2.30860582e-07  5.31602471e-05 
 2.30910582e-07 -5.08642092e-05  2.30910582e-07 -6.15655227e-05 
 2.30960582e-07  4.89278051e-05  2.30960582e-07  6.80202190e-05 
 2.31010582e-07 -4.64738087e-05  2.31010582e-07 -7.32261154e-05 
 2.31060582e-07  4.40977603e-05  2.31060582e-07  7.71845499e-05 
 2.31110582e-07 -4.14029782e-05  2.31110582e-07 -8.01442551e-05 
 2.31160582e-07  3.89247652e-05  2.31160582e-07  8.22538000e-05 
 2.31210582e-07 -3.62372273e-05  2.31210582e-07 -8.36231571e-05 
 2.31260582e-07  3.38423430e-05  2.31260582e-07  8.44087840e-05 
 2.31310582e-07 -3.12947764e-05  2.31310582e-07 -8.46637046e-05 
 2.31360582e-07  2.90786622e-05  2.31360582e-07  8.45248463e-05 
 2.31410582e-07 -2.67356076e-05  2.31410582e-07 -8.40139767e-05 
 2.31460582e-07  2.47406890e-05  2.31460582e-07  8.32466247e-05 
 2.31510582e-07 -2.26267554e-05  2.31510582e-07 -8.22242559e-05 
 2.31560582e-07  2.08647340e-05  2.31560582e-07  8.10443511e-05 
 2.31610582e-07 -1.89816495e-05  2.31610582e-07 -7.96943225e-05 
 2.31660582e-07  1.74469636e-05  2.31660582e-07  7.82574218e-05 
 2.31710582e-07 -1.57838881e-05  2.31710582e-07 -7.67111970e-05 
 2.31760582e-07  1.44618330e-05  2.31760582e-07  7.51279401e-05 
 2.31810582e-07 -1.30015747e-05  2.31810582e-07 -7.34783156e-05 
 2.31860582e-07  1.18731693e-05  2.31860582e-07  7.18262553e-05 
 2.31910582e-07 -1.05958952e-05  2.31910582e-07 -7.01376935e-05 
 2.31960582e-07  9.64075554e-06  2.31960582e-07  6.84702140e-05 
 2.32010582e-07 -8.52616204e-06  2.32010582e-07 -6.67865738e-05 
 2.32060582e-07  7.72415008e-06  2.32060582e-07  6.51395477e-05 
 2.32110582e-07 -6.75268549e-06  2.32110582e-07 -6.34898278e-05 
 2.32160582e-07  6.08480919e-06  2.32160582e-07  6.18865502e-05 
 2.32210582e-07 -5.23831562e-06  2.32210582e-07 -6.02891304e-05 
 2.32260582e-07  4.68717129e-06  2.32260582e-07  5.87439521e-05 
 2.32310582e-07 -3.94917397e-06  2.32310582e-07 -5.72097062e-05 
 2.32360582e-07  3.49911490e-06  2.32360582e-07  5.57306939e-05 
 2.32410582e-07 -2.85490150e-06  2.32410582e-07 -5.42652615e-05 
 2.32460582e-07  2.49204526e-06  2.32460582e-07  5.28561333e-05 
 2.32510582e-07 -1.92862412e-06  2.32510582e-07 -5.14615673e-05 
 2.32560582e-07  1.64077016e-06  2.32560582e-07  5.01230920e-05 
 2.32610582e-07 -1.14676218e-06  2.32610582e-07 -4.87990444e-05 
 2.32660582e-07  9.23262665e-07  2.32660582e-07  4.75300451e-05 
 2.32710582e-07 -4.88761921e-07  2.32710582e-07 -4.62746147e-05 
 2.32760582e-07  3.20372675e-07  2.32760582e-07  4.50726827e-05 
 2.32810582e-07  6.32049724e-08  2.32810582e-07 -4.38830140e-05 
 2.32860582e-07 -1.84477408e-07  2.32860582e-07  4.27450108e-05 
 2.32910582e-07  5.24544105e-07  2.32910582e-07 -4.16177126e-05 
 2.32960582e-07 -6.05590334e-07  2.32960582e-07  4.05401178e-05 
 2.33010582e-07  9.08528612e-07  2.33010582e-07 -3.94715506e-05 
 2.33060582e-07 -9.55274207e-07  2.33060582e-07  3.84506996e-05 
 2.33110582e-07  1.22656812e-06  2.33110582e-07 -3.74371694e-05 
 2.33160582e-07 -1.24409890e-06  2.33160582e-07  3.64694103e-05 
 2.33210582e-07  1.48845228e-06  2.33210582e-07 -3.55072949e-05 
 2.33260582e-07 -1.48112680e-06  2.33260582e-07  3.45890896e-05 
 2.33310582e-07  1.70256854e-06  2.33310582e-07 -3.36749177e-05 
 2.33360582e-07 -1.67411716e-06  2.33360582e-07  3.28029029e-05 
 2.33410582e-07  1.87609430e-06  2.33410582e-07 -3.19333995e-05 
 2.33460582e-07 -1.82970678e-06  2.33460582e-07  3.11044205e-05 
 2.33510582e-07  2.01516556e-06  2.33510582e-07 -3.02765300e-05 
 2.33560582e-07 -1.95356682e-06  2.33560582e-07  2.94876551e-05 
 2.33610582e-07  2.12502364e-06  2.33610582e-07 -2.86985486e-05 
 2.33660582e-07 -2.05054009e-06  2.33660582e-07  2.79470712e-05 
 2.33710582e-07  2.21014263e-06  2.33710582e-07 -2.71941441e-05 
 2.33760582e-07 -2.12475902e-06  2.33760582e-07  2.64775767e-05 
 2.33810582e-07  2.27433927e-06  2.33810582e-07 -2.57584398e-05 
 2.33860582e-07 -2.17974805e-06  2.33860582e-07  2.50745032e-05 
 2.33910582e-07  2.32086797e-06  2.33910582e-07 -2.43869699e-05 
 2.33960582e-07 -2.21851161e-06  2.33960582e-07  2.37335794e-05 
 2.34010582e-07  2.35250220e-06  2.34010582e-07 -2.30756510e-05 
 2.34060582e-07 -2.24360961e-06  2.34060582e-07  2.24509017e-05 
 2.34110582e-07  2.37160464e-06  2.34110582e-07 -2.18207523e-05 
 2.34160582e-07 -2.25722232e-06  2.34160582e-07  2.12229036e-05 
 2.34210582e-07  2.38018706e-06  2.34210582e-07 -2.06188649e-05 
 2.34260582e-07 -2.26120577e-06  2.34260582e-07  2.00463258e-05 
 2.34310582e-07  2.37996179e-06  2.34310582e-07 -1.94668725e-05 
 2.34360582e-07 -2.25713943e-06  2.34360582e-07  1.89181873e-05 
 2.34410582e-07  2.37238566e-06  2.34410582e-07 -1.83619232e-05 
 2.34460582e-07 -2.24636678e-06  2.34460582e-07  1.78357586e-05 
 2.34510582e-07  2.35869752e-06  2.34510582e-07 -1.73014040e-05 
 2.34560582e-07 -2.23003011e-06  2.34560582e-07  1.67965367e-05 
 2.34610582e-07  2.33995043e-06  2.34610582e-07 -1.62829169e-05 
 2.34660582e-07 -2.20909998e-06  2.34660582e-07  1.57982229e-05 
 2.34710582e-07  2.31703895e-06  2.34710582e-07 -1.53042575e-05 
 2.34760582e-07 -2.18440083e-06  2.34760582e-07  1.48387019e-05 
 2.34810582e-07  2.29072268e-06  2.34810582e-07 -1.43633954e-05 
 2.34860582e-07 -2.15663228e-06  2.34860582e-07  1.39160236e-05 
 2.34910582e-07  2.26164609e-06  2.34910582e-07 -1.34584569e-05 
 2.34960582e-07 -2.12638795e-06  2.34960582e-07  1.30283865e-05 
 2.35010582e-07  2.23035563e-06  2.35010582e-07 -1.25877094e-05 
 2.35060582e-07 -2.09417078e-06  2.35060582e-07  1.21741235e-05 
 2.35110582e-07  2.19731424e-06  2.35110582e-07 -1.17495477e-05 
 2.35160582e-07 -2.06040670e-06  2.35160582e-07  1.13516877e-05 
 2.35210582e-07  2.16291365e-06  2.35210582e-07 -1.09424812e-05 
 2.35260582e-07 -2.02545597e-06  2.35260582e-07  1.05596419e-05 
 2.35310582e-07  2.12748513e-06  2.35310582e-07 -1.01651233e-05 
 2.35360582e-07 -1.98962297e-06  2.35360582e-07  9.79664754e-06 
 2.35410582e-07  2.09130819e-06  2.35410582e-07 -9.41618120e-06 
 2.35460582e-07 -1.95316443e-06  2.35460582e-07  9.06145547e-06 
 2.35510582e-07  2.05461859e-06  2.35510582e-07 -8.69444761e-06 
 2.35560582e-07 -1.91629662e-06  2.35560582e-07  8.35289802e-06 
 2.35610582e-07  2.01761457e-06  2.35610582e-07 -7.99879270e-06 
 2.35660582e-07 -1.87920123e-06  2.35660582e-07  7.66988136e-06 
 2.35710582e-07  1.98046266e-06  2.35710582e-07 -7.32815714e-06 
 2.35760582e-07 -1.84203075e-06  2.35760582e-07  7.01137917e-06 
 2.35810582e-07  1.94330230e-06  2.35810582e-07 -6.68154617e-06 
 2.35860582e-07 -1.80491264e-06  2.35860582e-07  6.37642660e-06 
 2.35910582e-07  1.90624988e-06  2.35910582e-07 -6.05802373e-06 
 2.35960582e-07 -1.76795308e-06  2.35960582e-07  5.76411523e-06 
 2.36010582e-07  1.86940223e-06  2.36010582e-07 -5.45670779e-06 
 2.36060582e-07 -1.73124029e-06  2.36060582e-07  5.17358820e-06 
 2.36110582e-07  1.83283960e-06  2.36110582e-07 -4.87676579e-06 
 2.36160582e-07 -1.69484708e-06  2.36160582e-07  4.60403617e-06 
 2.36210582e-07  1.79662801e-06  2.36210582e-07 -4.31741060e-06 
 2.36260582e-07 -1.65883333e-06  2.36260582e-07  4.05469337e-06 
 2.36310582e-07  1.76082158e-06  2.36310582e-07 -3.77789702e-06 
 2.36360582e-07 -1.62324782e-06  2.36360582e-07  3.52483430e-06 
 2.36410582e-07  1.72546418e-06  2.36410582e-07 -3.25751852e-06 
 2.36460582e-07 -1.58812989e-06  2.36460582e-07  3.01377055e-06 
 2.36510582e-07  1.69059108e-06  2.36510582e-07 -2.75560428e-06 
 2.36560582e-07 -1.55351109e-06  2.36560582e-07  2.52084820e-06 
 2.36610582e-07  1.65623026e-06  2.36610582e-07 -2.27151646e-06 
 2.36660582e-07 -1.51941605e-06  2.36660582e-07  2.04544507e-06 
 2.36710582e-07  1.62240341e-06  2.36710582e-07 -1.80464806e-06 
 2.36760582e-07 -1.48586382e-06  2.36760582e-07  1.58696852e-06 
 2.36810582e-07  1.58912704e-06  2.36810582e-07 -1.35442040e-06 
 2.36860582e-07 -1.45286864e-06  2.36860582e-07  1.14485347e-06 
 2.36910582e-07  1.55641331e-06  2.36910582e-07 -9.20281413e-07 
 2.36960582e-07 -1.42044060e-06  2.36960582e-07  7.18560343e-07 
 2.37010582e-07  1.52427051e-06  2.37010582e-07 -5.01703625e-07 
 2.37060582e-07 -1.38858648e-06  2.37060582e-07  3.07573352e-07 
 2.37110582e-07  1.49270388e-06  2.37110582e-07 -9.81826550e-08 
 2.37160582e-07 -1.35731005e-06  2.37160582e-07 -8.86008557e-08 
 2.37210582e-07  1.46171601e-06  2.37210582e-07  2.90764336e-07 
 2.37260582e-07 -1.32661283e-06  2.37260582e-07 -4.70434988e-07 
 2.37310582e-07  1.43130731e-06  2.37310582e-07  6.65600107e-07 
 2.37360582e-07 -1.29649422e-06  2.37360582e-07 -8.38382129e-07 
 2.37410582e-07  1.40147625e-06  2.37410582e-07  1.02676848e-06 
 2.37460582e-07 -1.26695187e-06  2.37460582e-07 -1.19287718e-06 
 2.37510582e-07  1.37221988e-06  2.37510582e-07  1.37469563e-06 
 2.37560582e-07 -1.23798222e-06  2.37560582e-07 -1.53433780e-06 
 2.37610582e-07  1.34353390e-06  2.37610582e-07  1.70979100e-06 
 2.37660582e-07 -1.20958037e-06  2.37660582e-07 -1.86316556e-06 
 2.37710582e-07  1.31541297e-06  2.37710582e-07  2.03244845e-06 
 2.37760582e-07 -1.18174057e-06  2.37760582e-07 -2.17974674e-06 
 2.37810582e-07  1.28785096e-06  2.37810582e-07  2.34304703e-06 
 2.37860582e-07 -1.15445629e-06  2.37860582e-07 -2.48445341e-06 
 2.37910582e-07  1.26084094e-06  2.37910582e-07  2.64195193e-06 
 2.37960582e-07 -1.12772035e-06  2.37960582e-07 -2.77764405e-06 
 2.38010582e-07  1.23437554e-06  2.38010582e-07  2.92951509e-06 
 2.38060582e-07 -1.10152509e-06  2.38060582e-07 -3.05966432e-06 
 2.38110582e-07  1.20844684e-06  2.38110582e-07  3.20607611e-06 
 2.38160582e-07 -1.07586242e-06  2.38160582e-07 -3.33084781e-06 
 2.38210582e-07  1.18304658e-06  2.38210582e-07  3.47196272e-06 
 2.38260582e-07 -1.05072399e-06  2.38260582e-07 -3.59151666e-06 
 2.38310582e-07  1.15816629e-06  2.38310582e-07  3.72749157e-06 
 2.38360582e-07 -1.02610119e-06  2.38360582e-07 -3.84198205e-06 
 2.38410582e-07  1.13379738e-06  2.38410582e-07  3.97296867e-06 
 2.38460582e-07 -1.00198533e-06  2.38460582e-07 -4.08254498e-06 
 2.38510582e-07  1.10993091e-06  2.38510582e-07  4.20868990e-06 
 2.38560582e-07 -9.78367481e-07  2.38560582e-07 -4.31349642e-06 
 2.38610582e-07  1.08655808e-06  2.38610582e-07  4.43494162e-06 
 2.38660582e-07 -9.55238753e-07  2.38660582e-07 -4.53511813e-06 
 2.38710582e-07  1.06366988e-06  2.38710582e-07  4.65200107e-06 
 2.38760582e-07 -9.32590190e-07  2.38760582e-07 -4.74768289e-06 
 2.38810582e-07  1.04125738e-06  2.38810582e-07  4.86013666e-06 
 2.38860582e-07 -9.10412858e-07  2.38860582e-07 -4.95145498e-06 
 2.38910582e-07  1.01931171e-06  2.38910582e-07  5.05960857e-06 
 2.38960582e-07 -8.88697860e-07  2.38960582e-07 -5.14669053e-06 
 2.39010582e-07  9.97823958e-07  2.39010582e-07  5.25066908e-06 
 2.39060582e-07 -8.67436379e-07  2.39060582e-07 -5.33363796e-06 
 2.39110582e-07  9.76785280e-07  2.39110582e-07  5.43356272e-06 
 2.39160582e-07 -8.46619556e-07  2.39160582e-07 -5.51253811e-06 
 2.39210582e-07  9.56186990e-07  2.39210582e-07  5.60852685e-06 
 2.39260582e-07 -8.26238824e-07  2.39260582e-07 -5.68362481e-06 
 2.39310582e-07  9.36020486e-07  2.39310582e-07  5.77579180e-06 
 2.39360582e-07 -8.06285558e-07  2.39360582e-07 -5.84712500e-06 
 2.39410582e-07  9.16277186e-07  2.39410582e-07  5.93558116e-06 
 2.39460582e-07 -7.86751263e-07  2.39460582e-07 -6.00325906e-06 
 2.39510582e-07  8.96948711e-07  2.39510582e-07  6.08811217e-06 
 2.39560582e-07 -7.67627644e-07  2.39560582e-07 -6.15224103e-06 
 2.39610582e-07  8.78026798e-07  2.39610582e-07  6.23359576e-06 
 2.39660582e-07 -7.48906492e-07  2.39660582e-07 -6.29427887e-06 
 2.39710582e-07  8.59503301e-07  2.39710582e-07  6.37223700e-06 
 2.39760582e-07 -7.30579667e-07  2.39760582e-07 -6.42957476e-06 
 2.39810582e-07  8.41370169e-07  2.39810582e-07  6.50423519e-06 
 2.39860582e-07 -7.12639316e-07  2.39860582e-07 -6.55832519e-06 
 2.39910582e-07  8.23619531e-07  2.39910582e-07  6.62978407e-06 
 2.39955291e-07 -6.94050002e-07  2.39955291e-07 -6.68776882e-06 
 2.40000000e-07  8.04211799e-07  2.40000000e-07  6.76278398e-06 
 2.40005000e-07  1.51773030e-05  2.40005000e-07  2.07631374e-04 
 2.40015000e-07 -3.44949401e-06  2.40015000e-07  2.11076871e-05 
 2.40035000e-07 -8.30545702e-06  2.40035000e-07 -5.07631153e-05 
 2.40075000e-07  5.49104678e-06  2.40075000e-07 -7.77112940e-05 
 2.40125000e-07 -4.26843042e-05  2.40125000e-07 -1.80833625e-04 
 2.40162500e-07 -1.00326953e-04  2.40162500e-07 -4.47032340e-04 
 2.40200000e-07  6.01961356e-04  2.40200000e-07  1.95418254e-04 
 2.40205000e-07  4.45445440e-04  2.40205000e-07  7.96253453e-05 
 2.40215000e-07 -1.34197112e-04  2.40215000e-07  3.67311076e-04 
 2.40235000e-07 -3.79914413e-04  2.40235000e-07  1.08122736e-03 
 2.40275000e-07  1.36624537e-04  2.40275000e-07  1.71366340e-03 
 2.40318860e-07 -9.51418887e-05  2.40318860e-07 -2.05275168e-03 
 2.40364725e-07  6.48775158e-05  2.40364725e-07  2.67813987e-04 
 2.40414725e-07 -5.02298145e-05  2.40414725e-07 -3.69482455e-04 
 2.40464725e-07  4.01078401e-05  2.40464725e-07  3.15049002e-04 
 2.40514725e-07 -3.26765894e-05  2.40514725e-07 -1.95297922e-04 
 2.40564725e-07  2.73308335e-05  2.40564725e-07  1.44953328e-04 
 2.40614725e-07 -2.30191411e-05  2.40614725e-07 -8.24289592e-05 
 2.40664725e-07  1.98628583e-05  2.40664725e-07  4.39883059e-05 
 2.40714725e-07 -1.71336327e-05  2.40714725e-07 -9.06570081e-06 
 2.40764725e-07  1.51419875e-05  2.40764725e-07 -1.57896585e-05 
 2.40814725e-07 -1.32890670e-05  2.40814725e-07  3.59906565e-05 
 2.40864725e-07  1.19593837e-05  2.40864725e-07 -5.09200989e-05 
 2.40914725e-07 -1.06140458e-05  2.40914725e-07  6.23778729e-05 
 2.40964725e-07  9.68005057e-06  2.40964725e-07 -7.07034872e-05 
 2.41014725e-07 -8.64555267e-06  2.41014725e-07  7.67251386e-05 
 2.41064725e-07  7.96050005e-06  2.41064725e-07 -8.07930524e-05 
 2.41114725e-07 -7.12733442e-06  2.41114725e-07  8.33957642e-05 
 2.41164725e-07  6.60821110e-06  2.41164725e-07 -8.47705937e-05 
 2.41214725e-07 -5.91328045e-06  2.41214725e-07  8.52425696e-05 
 2.41264725e-07  5.51132669e-06  2.41264725e-07 -8.49522499e-05 
 2.41314725e-07 -4.91672215e-06  2.41314725e-07  8.41285890e-05 
 2.41364725e-07  4.60194579e-06  2.41364725e-07 -8.28449016e-05 
 2.41414725e-07 -4.08373079e-06  2.41414725e-07  8.12682500e-05 
 2.41464725e-07  3.83668392e-06  2.41464725e-07 -7.94276204e-05 
 2.41514725e-07 -3.37889708e-06  2.41514725e-07  7.74487224e-05 
 2.41564725e-07  3.18625271e-06  2.41564725e-07 -7.53318530e-05 
 2.41614725e-07 -2.77765440e-06  2.41614725e-07  7.31746862e-05 
 2.41664725e-07  2.62978576e-06  2.41664725e-07 -7.09591809e-05 
 2.41714725e-07 -2.26205786e-06  2.41714725e-07  6.87638818e-05 
 2.41764725e-07  2.15168326e-06  2.41764725e-07 -6.65592120e-05 
 2.41814725e-07 -1.81837738e-06  2.41814725e-07  6.44092581e-05 
 2.41864725e-07  1.73978869e-06  2.41864725e-07 -6.22820422e-05 
 2.41914725e-07 -1.43584999e-06  2.41914725e-07  6.02284886e-05 
 2.41957363e-07  1.35608050e-06  2.41957363e-07 -5.78700886e-05 
 2.42000000e-07 -1.05328552e-06  2.42000000e-07  5.56210382e-05 
 2.42005000e-07 -2.35747250e-07  2.42005000e-07  4.76690267e-06 
 2.42015000e-07  2.21477337e-07  2.42015000e-07 -4.45586611e-06 
 2.42035000e-07 -6.49668209e-08  2.42035000e-07  3.91995528e-06 
 2.42075000e-07  1.80170125e-07  2.42075000e-07 -3.58045431e-06 
 2.42125000e-07 -6.09793462e-08  2.42125000e-07  3.39640358e-06 
 2.42162500e-07  1.82215224e-07  2.42162500e-07 -3.17740162e-06 
 2.42200000e-07 -6.21024073e-08  2.42200000e-07  2.96918075e-06 
 2.42205000e-07  3.67073192e-08  2.42205000e-07  1.92958505e-07 
 2.42215000e-07  1.13532143e-07  2.42215000e-07  3.18008634e-07 
 2.42235000e-07  5.75990176e-09  2.42235000e-07 -3.62959485e-07 
 2.42275000e-07  1.06707242e-07  2.42275000e-07  2.85655976e-07 
 2.42325000e-07  2.13771543e-08  2.42325000e-07 -2.23383603e-07 
 2.42375000e-07  8.95452449e-08  2.42375000e-07  2.06592898e-07 
 2.42425000e-07  3.85300442e-08  2.42425000e-07 -1.69097781e-07 
 2.42475000e-07  7.37791915e-08  2.42475000e-07  1.46214439e-07 
 2.42525000e-07  5.24172905e-08  2.42525000e-07 -1.05582765e-07 
 2.42575000e-07  6.18679908e-08  2.42575000e-07  8.40443619e-08 
 2.42625000e-07  6.24262503e-08  2.42625000e-07 -4.52268659e-08 
 2.42675000e-07  5.36097156e-08  2.42675000e-07  2.66419158e-08 
 2.42725000e-07  6.91157623e-08  2.42725000e-07  8.76091130e-09 
 2.42775000e-07  4.83009254e-08  2.42775000e-07 -2.36093655e-08 
 2.42825000e-07  7.32254676e-08  2.42825000e-07  5.50884646e-08 
 2.42875000e-07  4.52213223e-08  2.42875000e-07 -6.59663669e-08 
 2.42925000e-07  7.54284613e-08  2.42925000e-07  9.34957277e-08 
 2.42975000e-07  4.37578407e-08  2.42975000e-07 -1.00523272e-07 
 2.43025000e-07  7.62735238e-08  2.43025000e-07  1.24344072e-07 
 2.43075000e-07  4.34252497e-08  2.43075000e-07 -1.27843576e-07 
 2.43125000e-07  7.61855751e-08  2.43125000e-07  1.48338718e-07 
 2.43175000e-07  4.38544125e-08  2.43175000e-07 -1.48730274e-07 
 2.43225000e-07  7.54832957e-08  2.43225000e-07  1.66341961e-07 
 2.43275000e-07  4.47716996e-08  2.43275000e-07 -1.64076077e-07 
 2.43325000e-07  7.44003258e-08  2.43325000e-07  1.79253202e-07 
 2.43375000e-07  4.59786489e-08  2.43375000e-07 -1.74769277e-07 
 2.43425000e-07  7.31044296e-08  2.43425000e-07  1.87935970e-07 
 2.43475000e-07  4.73341960e-08  2.43475000e-07 -1.81638675e-07 
 2.43525000e-07  7.17135783e-08  2.43525000e-07  1.93177356e-07 
 2.43575000e-07  4.87402607e-08  2.43575000e-07 -1.85425060e-07 
 2.43625000e-07  7.03087825e-08  2.43625000e-07  1.95669170e-07 
 2.43675000e-07  5.01304240e-08  2.43675000e-07 -1.86770113e-07 
 2.43725000e-07  6.89439692e-08  2.43725000e-07  1.96002992e-07 
 2.43775000e-07  5.14614554e-08  2.43775000e-07 -1.86216350e-07 
 2.43825000e-07  6.76532401e-08  2.43825000e-07  1.94673816e-07 
 2.43875000e-07  5.27069330e-08  2.43875000e-07 -1.84213244e-07 
 2.43925000e-07  6.64566314e-08  2.43925000e-07  1.92088209e-07 
 2.43975000e-07  5.38521915e-08  2.43975000e-07 -1.81127087e-07 
 2.44025000e-07  6.53642753e-08  2.44025000e-07  1.88574761e-07 
 2.44075000e-07  5.48908943e-08  2.44075000e-07 -1.77251680e-07 
 2.44125000e-07  6.43793349e-08  2.44125000e-07  1.84395396e-07 
 2.44175000e-07  5.58224239e-08  2.44175000e-07 -1.72819599e-07 
 2.44225000e-07  6.35003887e-08  2.44225000e-07  1.79755814e-07 
 2.44275000e-07  5.66499489e-08  2.44275000e-07 -1.68012321e-07 
 2.44325000e-07  6.27229099e-08  2.44325000e-07  1.74815701e-07 
 2.44375000e-07  5.73789775e-08  2.44375000e-07 -1.62969784e-07 
 2.44425000e-07  6.20405940e-08  2.44425000e-07  1.69697177e-07 
 2.44475000e-07  5.80164513e-08  2.44475000e-07 -1.57798195e-07 
 2.44525000e-07  6.14460386e-08  2.44525000e-07  1.64492360e-07 
 2.44575000e-07  5.85700068e-08  2.44575000e-07 -1.52577191e-07 
 2.44625000e-07  6.09315335e-08  2.44625000e-07  1.59269766e-07 
 2.44675000e-07  5.90474282e-08  2.44675000e-07 -1.47365408e-07 
 2.44725000e-07  6.04891975e-08  2.44725000e-07  1.54079331e-07 
 2.44775000e-07  5.94565790e-08  2.44775000e-07 -1.42205183e-07 
 2.44825000e-07  6.01114459e-08  2.44825000e-07  1.48956714e-07 
 2.44875000e-07  5.98047317e-08  2.44875000e-07 -1.37126400e-07 
 2.44925000e-07  5.97910877e-08  2.44925000e-07  1.43926808e-07 
 2.44975000e-07  6.00989781e-08  2.44975000e-07 -1.32149467e-07 
 2.45025000e-07  5.95214257e-08  2.45025000e-07  1.39006170e-07 
 2.45075000e-07  6.03456235e-08  2.45075000e-07 -1.27287718e-07 
 2.45125000e-07  5.92962971e-08  2.45125000e-07  1.34205342e-07 
 2.45175000e-07  6.05505853e-08  2.45175000e-07 -1.22549293e-07 
 2.45225000e-07  5.91101532e-08  2.45225000e-07  1.29530340e-07 
 2.45275000e-07  6.07191769e-08  2.45275000e-07 -1.17938439e-07 
 2.45325000e-07  5.89579213e-08  2.45325000e-07  1.24984017e-07 
 2.45375000e-07  6.08561725e-08  2.45375000e-07 -1.13456738e-07 
 2.45425000e-07  5.88351304e-08  2.45425000e-07  1.20566886e-07 
 2.45475000e-07  6.09657674e-08  2.45475000e-07 -1.09103891e-07 
 2.45525000e-07  5.87377825e-08  2.45525000e-07  1.16277953e-07 
 2.45575000e-07  6.10517641e-08  2.45575000e-07 -1.04878383e-07 
 2.45625000e-07  5.86623163e-08  2.45625000e-07  1.12115233e-07 
 2.45675000e-07  6.11174615e-08  2.45675000e-07 -1.00777793e-07 
 2.45725000e-07  5.86056485e-08  2.45725000e-07  1.08076071e-07 
 2.45775000e-07  6.11657922e-08  2.45775000e-07 -9.67992747e-08 
 2.45825000e-07  5.85650061e-08  2.45825000e-07  1.04157358e-07 
 2.45875000e-07  6.11993082e-08  2.45875000e-07 -9.29395486e-08 
 2.45925000e-07  5.85380707e-08  2.45925000e-07  1.00355782e-07 
 2.45975000e-07  6.12202233e-08  2.45975000e-07 -8.91952665e-08 
 2.46025000e-07  5.85227027e-08  2.46025000e-07  9.66679786e-08 
 2.46075000e-07  6.12304760e-08  2.46075000e-07 -8.55631116e-08 
 2.46125000e-07  5.85171196e-08  2.46125000e-07  9.30906082e-08 
 2.46175000e-07  6.12317936e-08  2.46175000e-07 -8.20397162e-08 
 2.46225000e-07  5.85197160e-08  2.46225000e-07  8.96204132e-08 
 2.46275000e-07  6.12256145e-08  2.46275000e-07 -7.86219311e-08 
 2.46325000e-07  5.85291531e-08  2.46325000e-07  8.62542425e-08 
 2.46375000e-07  6.12131886e-08  2.46375000e-07 -7.53066427e-08 
 2.46425000e-07  5.85443155e-08  2.46425000e-07  8.29890958e-08 
 2.46475000e-07  6.11955467e-08  2.46475000e-07 -7.20908839e-08 
 2.46525000e-07  5.85641676e-08  2.46525000e-07  7.98220263e-08 
 2.46575000e-07  6.11737629e-08  2.46575000e-07 -6.89718036e-08 
 2.46625000e-07  5.85877401e-08  2.46625000e-07  7.67502798e-08 
 2.46675000e-07  6.11485099e-08  2.46675000e-07 -6.59467141e-08 
 2.46725000e-07  5.86144460e-08  2.46725000e-07  7.37711740e-08 
 2.46775000e-07  6.11205659e-08  2.46775000e-07 -6.30129886e-08 
 2.46825000e-07  5.86435328e-08  2.46825000e-07  7.08821759e-08 
 2.46875000e-07  6.10904480e-08  2.46875000e-07 -6.01681200e-08 
 2.46925000e-07  5.86745155e-08  2.46925000e-07  6.80808611e-08 
 2.46975000e-07  6.10587205e-08  2.46975000e-07 -5.74097368e-08 
 2.47025000e-07  5.87069108e-08  2.47025000e-07  6.53648443e-08 
 2.47075000e-07  6.10257560e-08  2.47075000e-07 -5.47355378e-08 
 2.47125000e-07  5.87403361e-08  2.47125000e-07  6.27318712e-08 
 2.47175000e-07  6.09919260e-08  2.47175000e-07 -5.21432573e-08 
 2.47225000e-07  5.87744731e-08  2.47225000e-07  6.01797888e-08 
 2.47275000e-07  6.09575800e-08  2.47275000e-07 -4.96307922e-08 
 2.47325000e-07  5.88089907e-08  2.47325000e-07  5.77063814e-08 
 2.47375000e-07  6.09229380e-08  2.47375000e-07 -4.71959784e-08 
 2.47425000e-07  5.88436941e-08  2.47425000e-07  5.53096469e-08 
 2.47475000e-07  6.08882011e-08  2.47475000e-07 -4.48368206e-08 
 2.47525000e-07  5.88784016e-08  2.47525000e-07  5.29875602e-08 
 2.47575000e-07  6.08536233e-08  2.47575000e-07 -4.25512950e-08 
 2.47625000e-07  5.89128801e-08  2.47625000e-07  5.07381511e-08 
 2.47675000e-07  6.08192424e-08  2.47675000e-07 -4.03375212e-08 
 2.47725000e-07  5.89470861e-08  2.47725000e-07  4.85595157e-08 
 2.47775000e-07  6.07852660e-08  2.47775000e-07 -3.81935703e-08 
 2.47825000e-07  5.89808069e-08  2.47825000e-07  4.64497710e-08 
 2.47875000e-07  6.07517904e-08  2.47875000e-07 -3.61175708e-08 
 2.47925000e-07  5.90140285e-08  2.47925000e-07  4.44070998e-08 
 2.47975000e-07  6.07188518e-08  2.47975000e-07 -3.41077599e-08 
 2.48025000e-07  5.90466473e-08  2.48025000e-07  4.24296819e-08 
 2.48075000e-07  6.06865582e-08  2.48075000e-07 -3.21623127e-08 
 2.48125000e-07  5.90786033e-08  2.48125000e-07  4.05158122e-08 
 2.48175000e-07  6.06549562e-08  2.48175000e-07 -3.02795725e-08 
 2.48225000e-07  5.91098692e-08  2.48225000e-07  3.86637404e-08 
 2.48275000e-07  6.06240827e-08  2.48275000e-07 -2.84577627e-08 
 2.48325000e-07  5.91403261e-08  2.48325000e-07  3.68717834e-08 
 2.48375000e-07  6.05939628e-08  2.48375000e-07 -2.66952446e-08 
 2.48425000e-07  5.91700717e-08  2.48425000e-07  3.51382831e-08 
 2.48475000e-07  6.05646340e-08  2.48475000e-07 -2.49903754e-08 
 2.48525000e-07  5.91990288e-08  2.48525000e-07  3.34616499e-08 
 2.48575000e-07  6.05360687e-08  2.48575000e-07 -2.33415648e-08 
 2.48625000e-07  5.92271622e-08  2.48625000e-07  3.18402961e-08 
 2.48675000e-07  6.05083242e-08  2.48675000e-07 -2.17472677e-08 
 2.48725000e-07  5.92545293e-08  2.48725000e-07  3.02726479e-08 
 2.48775000e-07  6.04813837e-08  2.48775000e-07 -2.02059303e-08 
 2.48825000e-07  5.92810470e-08  2.48825000e-07  2.87572241e-08 
 2.48875000e-07  6.04552670e-08  2.48875000e-07 -1.87160214e-08 
 2.48925000e-07  5.93067777e-08  2.48925000e-07  2.72925245e-08 
 2.48975000e-07  6.04299110e-08  2.48975000e-07 -1.72761496e-08 
 2.49025000e-07  5.93317232e-08  2.49025000e-07  2.58770948e-08 
 2.49075000e-07  6.04054070e-08  2.49075000e-07 -1.58848379e-08 
 2.49125000e-07  5.93558581e-08  2.49125000e-07  2.45095401e-08 
 2.49175000e-07  6.03816310e-08  2.49175000e-07 -1.45406768e-08 
 2.49225000e-07  5.93792294e-08  2.49225000e-07  2.31884322e-08 
 2.49275000e-07  6.03586591e-08  2.49275000e-07 -1.32422947e-08 
 2.49325000e-07  5.94018203e-08  2.49325000e-07  2.19124258e-08 
 2.49375000e-07  6.03364364e-08  2.49375000e-07 -1.19883617e-08 
 2.49425000e-07  5.94236684e-08  2.49425000e-07  2.06802510e-08 
 2.49475000e-07  6.03149684e-08  2.49475000e-07 -1.07775731e-08 
 2.49525000e-07  5.94447634e-08  2.49525000e-07  1.94905590e-08 
 2.49575000e-07  6.02942199e-08  2.49575000e-07 -9.60869556e-09 
 2.49625000e-07  5.94651540e-08  2.49625000e-07  1.83421255e-08 
 2.49675000e-07  6.02741809e-08  2.49675000e-07 -8.48039070e-09 
 2.49725000e-07  5.94848475e-08  2.49725000e-07  1.72336780e-08 
 2.49775000e-07  6.02548657e-08  2.49775000e-07 -7.39150960e-09 
 2.49825000e-07  5.95038185e-08  2.49825000e-07  1.61640785e-08 
 2.49875000e-07  6.02362278e-08  2.49875000e-07 -6.34088496e-09 
 2.49925000e-07  5.95221269e-08  2.49925000e-07  1.51321262e-08 
 2.49962500e-07  6.02153009e-08  2.49962500e-07 -5.16189735e-09 
 2.50000000e-07  5.95455131e-08  2.50000000e-07  1.38127474e-08 
 2.50005000e-07 -8.06226862e-06  2.50005000e-07 -7.27968122e-05 
 2.50015000e-07  5.90665118e-06  2.50015000e-07  1.23716646e-05 
 2.50035000e-07  1.72365119e-06  2.50035000e-07  1.44204781e-05 
 2.50075000e-07 -2.67044521e-06  2.50075000e-07  1.69004452e-05 
 2.50125000e-07  2.40051534e-05  2.50125000e-07  1.72880466e-04 
 2.50162500e-07  1.54504866e-05  2.50162500e-07  2.04520898e-04 
 2.50200000e-07 -3.24732999e-04  2.50200000e-07 -1.12140602e-04 
 2.50205000e-07 -3.32793120e-04  2.50205000e-07 -3.47000664e-04 
 2.50215000e-07 -2.83212664e-05  2.50215000e-07 -8.01721364e-04 
 2.50235000e-07  4.98808819e-04  2.50235000e-07 -1.21136108e-03 
 2.50271172e-07 -2.38622679e-04  2.50271172e-07 -4.66802272e-04 
 2.50314691e-07  1.27894801e-04  2.50314691e-07  1.27808864e-03 
 2.50360581e-07 -5.81186615e-05  2.50360581e-07  2.71168626e-05 
 2.50410581e-07  1.91940068e-05  2.50410581e-07  6.11625982e-05 
 2.50460581e-07  7.30726790e-06  2.50460581e-07 -1.38957083e-04 
 2.50510581e-07 -2.51266550e-05  2.50510581e-07  4.83725181e-05 
 2.50560581e-07  3.73151072e-05  2.50560581e-07 -5.72263097e-05 
 2.50610581e-07 -4.51341035e-05  2.50610581e-07  1.55464891e-05 
 2.50660581e-07  5.01288707e-05  2.50660581e-07 -3.81889456e-06 
 2.50710581e-07 -5.26786685e-05  2.50710581e-07 -1.79869397e-05 
 2.50760581e-07  5.38236476e-05  2.50760581e-07  3.05902865e-05 
 2.50810581e-07 -5.35180727e-05  2.50810581e-07 -4.38033472e-05 
 2.50860581e-07  5.26172389e-05  2.50860581e-07  5.33663656e-05 
 2.50910581e-07 -5.08487584e-05  2.50910581e-07 -6.17497280e-05 
 2.50960581e-07  4.89139767e-05  2.50960581e-07  6.81845049e-05 
 2.51010581e-07 -4.64615459e-05  2.51010581e-07 -7.33727137e-05 
 2.51060581e-07  4.40867889e-05  2.51060581e-07  7.73151381e-05 
 2.51110581e-07 -4.13932664e-05  2.51110581e-07 -8.02608736e-05 
 2.51160581e-07  3.89160613e-05  2.51160581e-07  8.23577966e-05 
 2.51210581e-07 -3.62295236e-05  2.51210581e-07 -8.37163042e-05 
 2.51260581e-07  3.38354095e-05  2.51260581e-07  8.44921169e-05 
 2.51310581e-07 -3.12886277e-05  2.51310581e-07 -8.47387258e-05 
 2.51360581e-07  2.90730888e-05  2.51360581e-07  8.45923148e-05 
 2.51410581e-07 -2.67306438e-05  2.51410581e-07 -8.40751527e-05 
 2.51460581e-07  2.47361441e-05  2.51460581e-07  8.33020339e-05 
 2.51510581e-07 -2.26226803e-05  2.51510581e-07 -8.22749525e-05 
 2.51560581e-07  2.08609546e-05  2.51560581e-07  8.10906703e-05 
 2.51610581e-07 -1.89782309e-05  2.51610581e-07 -7.97371495e-05 
 2.51660581e-07  1.74437458e-05  2.51660581e-07  7.82969396e-05 
 2.51710581e-07 -1.57809475e-05  2.51710581e-07 -7.67481546e-05 
 2.51760581e-07  1.44590216e-05  2.51760581e-07  7.51624013e-05 
 2.51810581e-07 -1.29989776e-05  2.51810581e-07 -7.35109215e-05 
 2.51860581e-07  1.18706486e-05  2.51860581e-07  7.18569778e-05 
 2.51910581e-07 -1.05935424e-05  2.51910581e-07 -7.01670891e-05 
 2.51960581e-07  9.63844066e-06  2.51960581e-07  6.84981845e-05 
 2.52010581e-07 -8.52398142e-06  2.52010581e-07 -6.68136094e-05 
 2.52060581e-07  7.72198015e-06  2.52060581e-07  6.51654978e-05 
 2.52110581e-07 -6.75062574e-06  2.52110581e-07 -6.35151313e-05 
 2.52160581e-07  6.08274110e-06  2.52160581e-07  6.19110173e-05 
 2.52210581e-07 -5.23634072e-06  2.52210581e-07 -6.03131604e-05 
 2.52260581e-07  4.68517520e-06  2.52260581e-07  5.87673265e-05 
 2.52310581e-07 -3.94725922e-06  2.52310581e-07 -5.72327937e-05 
 2.52360581e-07  3.49717030e-06  2.52360581e-07  5.57532555e-05 
 2.52410581e-07 -2.85303006e-06  2.52410581e-07 -5.42876420e-05 
 2.52460581e-07  2.49013842e-06  2.52460581e-07  5.28780793e-05 
 2.52510581e-07 -1.92678470e-06  2.52510581e-07 -5.14834049e-05 
 2.52560581e-07  1.63889184e-06  2.52560581e-07  5.01445580e-05 
 2.52610581e-07 -1.14494738e-06  2.52610581e-07 -4.88204504e-05 
 2.52660581e-07  9.21406777e-07  2.52660581e-07  4.75511216e-05 
 2.52710581e-07 -4.86966634e-07  2.52710581e-07 -4.62956618e-05 
 2.52760581e-07  3.18535094e-07  2.52760581e-07  4.50934270e-05 
 2.52810581e-07  6.49840037e-08  2.52810581e-07 -4.39037464e-05 
 2.52860581e-07 -1.86299369e-07  2.52860581e-07  4.27654561e-05 
 2.52910581e-07  5.26309114e-07  2.52910581e-07 -4.16381540e-05 
 2.52960581e-07 -6.07398604e-07  2.52960581e-07  4.05602800e-05 
 2.53010581e-07  9.10281259e-07  2.53010581e-07 -3.94917105e-05 
 2.53060581e-07 -9.57070155e-07  2.53060581e-07  3.84705823e-05 
 2.53110581e-07  1.22830956e-06  2.53110581e-07 -3.74570466e-05 
 2.53160581e-07 -1.24588365e-06  2.53160581e-07  3.64890084e-05 
 2.53210581e-07  1.49018356e-06  2.53210581e-07 -3.55268812e-05 
 2.53260581e-07 -1.48290119e-06  2.53260581e-07  3.46083924e-05 
 2.53310581e-07  1.70429041e-06  2.53310581e-07 -3.36942001e-05 
 2.53360581e-07 -1.67588200e-06  2.53360581e-07  3.28218957e-05 
 2.53410581e-07  1.87780746e-06  2.53410581e-07 -3.19523620e-05 
 2.53460581e-07 -1.83146268e-06  2.53460581e-07  3.11230863e-05 
 2.53510581e-07  2.01687062e-06  2.53510581e-07 -3.02951549e-05 
 2.53560581e-07 -1.95531443e-06  2.53560581e-07  2.95059754e-05 
 2.53610581e-07  2.12672119e-06  2.53610581e-07 -2.87168171e-05 
 2.53660581e-07 -2.05227986e-06  2.53660581e-07  2.79650271e-05 
 2.53710581e-07  2.21183305e-06  2.53710581e-07 -2.72120373e-05 
 2.53760581e-07 -2.12649132e-06  2.53760581e-07  2.64951493e-05 
 2.53810581e-07  2.27602293e-06  2.53810581e-07 -2.57759389e-05 
 2.53860581e-07 -2.18147328e-06  2.53860581e-07  2.50916739e-05 
 2.53910581e-07  2.32254519e-06  2.53910581e-07 -2.44040565e-05 
 2.53960581e-07 -2.22023006e-06  2.53960581e-07  2.37503303e-05 
 2.54010581e-07  2.35417323e-06  2.54010581e-07 -2.30923078e-05 
 2.54060581e-07 -2.24532145e-06  2.54060581e-07  2.24672157e-05 
 2.54110581e-07  2.37326955e-06  2.54110581e-07 -2.18369626e-05 
 2.54160581e-07 -2.25892759e-06  2.54160581e-07  2.12387646e-05 
 2.54210581e-07  2.38184595e-06  2.54210581e-07 -2.06346133e-05 
 2.54260581e-07 -2.26290454e-06  2.54260581e-07  2.00617188e-05 
 2.54310581e-07  2.38161462e-06  2.54310581e-07 -1.94821443e-05 
 2.54360581e-07 -2.25883163e-06  2.54360581e-07  1.89330983e-05 
 2.54410581e-07  2.37403230e-06  2.54410581e-07 -1.83767052e-05 
 2.54460581e-07 -2.24805228e-06  2.54460581e-07  1.78501747e-05 
 2.54510581e-07  2.36033781e-06  2.54510581e-07 -1.73156838e-05 
 2.54560581e-07 -2.23170869e-06  2.54560581e-07  1.68104463e-05 
 2.54610581e-07  2.34158415e-06  2.54610581e-07 -1.62966835e-05 
 2.54660581e-07 -2.21077141e-06  2.54660581e-07  1.58116154e-05 
 2.54710581e-07  2.31866579e-06  2.54710581e-07 -1.53175008e-05 
 2.54760581e-07 -2.18606478e-06  2.54760581e-07  1.48515678e-05 
 2.54810581e-07  2.29234236e-06  2.54810581e-07 -1.43761066e-05 
 2.54860581e-07 -2.15828846e-06  2.54860581e-07  1.39283546e-05 
 2.54910581e-07  2.26325817e-06  2.54910581e-07 -1.34706281e-05 
 2.54960581e-07 -2.12803593e-06  2.54960581e-07  1.30401753e-05 
 2.55010581e-07  2.23195978e-06  2.55010581e-07 -1.25993340e-05 
 2.55060581e-07 -2.09581018e-06  2.55060581e-07  1.21853638e-05 
 2.55110581e-07  2.19891001e-06  2.55110581e-07 -1.17606199e-05 
 2.55160581e-07 -2.06203709e-06  2.55160581e-07  1.13623744e-05 
 2.55210581e-07  2.16450058e-06  2.55210581e-07 -1.09529964e-05 
 2.55260581e-07 -2.02707688e-06  2.55260581e-07  1.05697707e-05 
 2.55310581e-07  2.12906275e-06  2.55310581e-07 -1.01750776e-05 
 2.55360581e-07 -1.99123397e-06  2.55360581e-07  9.80621521e-06 
 2.55410581e-07  2.09287610e-06  2.55410581e-07 -9.42557198e-06 
 2.55460581e-07 -1.95476506e-06  2.55460581e-07  9.07045966e-06 
 2.55510581e-07  2.05617626e-06  2.55510581e-07 -8.70327293e-06 
 2.55560581e-07 -1.91788636e-06  2.55560581e-07  8.36133723e-06 
 2.55610581e-07  2.01916156e-06  2.55610581e-07 -8.00705151e-06 
 2.55660581e-07 -1.88077974e-06  2.55660581e-07  7.67775501e-06 
 2.55710581e-07  1.98199851e-06  2.55710581e-07 -7.33584929e-06 
 2.55760581e-07 -1.84359748e-06  2.55760581e-07  7.01868742e-06 
 2.55810581e-07  1.94482651e-06  2.55810581e-07 -6.68867225e-06 
 2.55860581e-07 -1.80646715e-06  2.55860581e-07  6.38317048e-06 
 2.55910581e-07  1.90776204e-06  2.55910581e-07 -6.06458510e-06 
 2.55960581e-07 -1.76949492e-06  2.55960581e-07  5.77029641e-06 
 2.56010581e-07  1.87090189e-06  2.56010581e-07 -5.46270658e-06 
 2.56060581e-07 -1.73276905e-06  2.56060581e-07  5.17920914e-06 
 2.56110581e-07  1.83432631e-06  2.56110581e-07 -4.88220473e-06 
 2.56160581e-07 -1.69636236e-06  2.56160581e-07  4.60909991e-06 
 2.56210581e-07  1.79810143e-06  2.56210581e-07 -4.32229311e-06 
 2.56260581e-07 -1.66033477e-06  2.56260581e-07  4.05920365e-06 
 2.56310581e-07  1.76228130e-06  2.56310581e-07 -3.78222715e-06 
 2.56360581e-07 -1.62473498e-06  2.56360581e-07  3.52879543e-06 
 2.56410581e-07  1.72690978e-06  2.56410581e-07 -3.26130090e-06 
 2.56460581e-07 -1.58960244e-06  2.56460581e-07  3.01718747e-06 
 2.56510581e-07  1.69202225e-06  2.56510581e-07 -2.75884403e-06 
 2.56560581e-07 -1.55496867e-06  2.56560581e-07  2.52372626e-06 
 2.56610581e-07  1.65764663e-06  2.56610581e-07 -2.27421934e-06 
 2.56660581e-07 -1.52085837e-06  2.56660581e-07  2.04779019e-06 
 2.56710581e-07  1.62380468e-06  2.56710581e-07 -1.80682018e-06 
 2.56760581e-07 -1.48729054e-06  2.56760581e-07  1.58878709e-06 
 2.56810581e-07  1.59051293e-06  2.56810581e-07 -1.35606836e-06 
 2.56860581e-07 -1.45427951e-06  2.56860581e-07  1.14615229e-06 
 2.56910581e-07  1.55778352e-06  2.56910581e-07 -9.21412268e-07 
 2.56960581e-07 -1.42183535e-06  2.56960581e-07  7.19346605e-07 
 2.57010581e-07  1.52562481e-06  2.57010581e-07 -5.02324757e-07 
 2.57060581e-07 -1.38996487e-06  2.57060581e-07  3.07854687e-07 
 2.57110581e-07  1.49404203e-06  2.57110581e-07 -9.83018345e-08 
 2.57160581e-07 -1.35867189e-06  2.57160581e-07 -8.88166008e-08 
 2.57210581e-07  1.46303783e-06  2.57210581e-07  2.91139050e-07 
 2.57260581e-07 -1.32795792e-06  2.57260581e-07 -4.71139557e-07 
 2.57310581e-07  1.43261255e-06  2.57310581e-07  6.66460294e-07 
 2.57360581e-07 -1.29782230e-06  2.57360581e-07 -8.39567034e-07 
 2.57410581e-07  1.40276476e-06  2.57410581e-07  1.02810553e-06 
 2.57460581e-07 -1.26826288e-06  2.57460581e-07 -1.19453364e-06 
 2.57510581e-07  1.37349149e-06  2.57510581e-07  1.37650059e-06 
 2.57560581e-07 -1.23927593e-06  2.57560581e-07 -1.53645679e-06 
 2.57610581e-07  1.34478846e-06  2.57610581e-07  1.71205477e-06 
 2.57660581e-07 -1.21085670e-06  2.57660581e-07 -1.86573785e-06 
 2.57710581e-07  1.31665039e-06  2.57710581e-07  2.03516169e-06 
 2.57760581e-07 -1.18299940e-06  2.57760581e-07 -2.18276298e-06 
 2.57810581e-07  1.28907111e-06  2.57810581e-07  2.34620026e-06 
 2.57860581e-07 -1.15569753e-06  2.57860581e-07 -2.48790402e-06 
 2.57910581e-07  1.26204377e-06  2.57910581e-07  2.64553548e-06 
 2.57960581e-07 -1.12894392e-06  2.57960581e-07 -2.78151930e-06 
 2.58010581e-07  1.23556090e-06  2.58010581e-07  2.93351919e-06 
 2.58060581e-07 -1.10273092e-06  2.58060581e-07 -3.06395438e-06 
 2.58110581e-07  1.20961475e-06  2.58110581e-07  3.21049086e-06 
 2.58160581e-07 -1.07705050e-06  2.58160581e-07 -3.33554275e-06 
 2.58210581e-07  1.18419698e-06  2.58210581e-07  3.47677813e-06 
 2.58260581e-07 -1.05189426e-06  2.58260581e-07 -3.59660645e-06 
 2.58310581e-07  1.15929918e-06  2.58310581e-07  3.73269760e-06 
 2.58360581e-07 -1.02725368e-06  2.58360581e-07 -3.84745664e-06 
 2.58410581e-07  1.13491269e-06  2.58410581e-07  3.97855514e-06 
 2.58460581e-07 -1.00311997e-06  2.58460581e-07 -4.08839420e-06 
 2.58510581e-07  1.11102869e-06  2.58510581e-07  4.21464670e-06 
 2.58560581e-07 -9.79484302e-07  2.58560581e-07 -4.31971013e-06 
 2.58610581e-07  1.08763827e-06  2.58610581e-07  4.44125855e-06 
 2.58660581e-07 -9.56337785e-07  2.58660581e-07 -4.54168613e-06 
 2.58710581e-07  1.06473257e-06  2.58710581e-07  4.65866791e-06 
 2.58760581e-07 -9.33671464e-07  2.58760581e-07 -4.75459500e-06 
 2.58810581e-07  1.04230262e-06  2.58810581e-07  4.86714322e-06 
 2.58860581e-07 -9.11476412e-07  2.58860581e-07 -4.95870100e-06 
 2.58910581e-07  1.02033944e-06  2.58910581e-07  5.06694470e-06 
 2.58960581e-07 -8.89743752e-07  2.58960581e-07 -5.15426033e-06 
 2.59010581e-07  9.98834317e-07  2.59010581e-07  5.25832458e-06 
 2.59060581e-07 -8.68464641e-07  2.59060581e-07 -5.34152135e-06 
 2.59110581e-07  9.77778309e-07  2.59110581e-07  5.44152751e-06 
 2.59160581e-07 -8.47630300e-07  2.59160581e-07 -5.52072505e-06 
 2.59210581e-07  9.57162784e-07  2.59210581e-07  5.61679084e-06 
 2.59260581e-07 -8.27232092e-07  2.59260581e-07 -5.69210527e-06 
 2.59310581e-07  9.36979067e-07  2.59310581e-07  5.78434497e-06 
 2.59360581e-07 -8.07261460e-07  2.59360581e-07 -5.85588900e-06 
 2.59410581e-07  9.17218710e-07  2.59410581e-07  5.94441358e-06 
 2.59460581e-07 -7.87709906e-07  2.59460581e-07 -6.01229668e-06 
 2.59510581e-07  8.97873230e-07  2.59510581e-07  6.09721395e-06 
 2.59560581e-07 -7.68569118e-07  2.59560581e-07 -6.16154247e-06 
 2.59610581e-07  8.78934477e-07  2.59610581e-07  6.24295716e-06 
 2.59660581e-07 -7.49830930e-07  2.59660581e-07 -6.30383445e-06 
 2.59710581e-07  8.60394209e-07  2.59710581e-07  6.38184833e-06 
 2.59760581e-07 -7.31487210e-07  2.59760581e-07 -6.43937482e-06 
 2.59810581e-07  8.42244435e-07  2.59810581e-07  6.51408686e-06 
 2.59860581e-07 -7.13529990e-07  2.59860581e-07 -6.56836021e-06 
 2.59910581e-07  8.24477255e-07  2.59910581e-07  6.63986662e-06 
 2.59955290e-07 -6.94923160e-07  2.59955290e-07 -6.69804189e-06 
 2.60000000e-07  8.05051397e-07  2.60000000e-07  6.77311248e-06 
 2.60005000e-07  1.51768702e-05  2.60005000e-07  2.07597876e-04 
 2.60015000e-07 -3.44932625e-06  2.60015000e-07  2.11199777e-05 
 2.60035000e-07 -8.30527330e-06  2.60035000e-07 -5.07552787e-05 
 2.60075000e-07  5.49076925e-06  2.60075000e-07 -7.77069590e-05 
 2.60125000e-07 -4.26826263e-05  2.60125000e-07 -1.80813903e-04 
 2.60162500e-07 -1.00325785e-04  2.60162500e-07 -4.46860931e-04 
 2.60200000e-07  6.01790811e-04  2.60200000e-07  1.94953738e-04 
 2.60205000e-07  4.45241231e-04  2.60205000e-07  7.91636210e-05 
 2.60215000e-07 -1.34334269e-04  2.60215000e-07  3.67502082e-04 
 2.60235000e-07 -3.79728968e-04  2.60235000e-07  1.08139733e-03 
 2.60275000e-07  1.36648608e-04  2.60275000e-07  1.71375109e-03 
 2.60318860e-07 -9.51321441e-05  2.60318860e-07 -2.05280335e-03 
 2.60364724e-07  6.48779184e-05  2.60364724e-07  2.67766297e-04 
 2.60414724e-07 -5.02310661e-05  2.60414724e-07 -3.69503643e-04 
 2.60464724e-07  4.01105254e-05  2.60464724e-07  3.15036770e-04 
 2.60514724e-07 -3.26801832e-05  2.60514724e-07 -1.95306373e-04 
 2.60564724e-07  2.73350847e-05  2.60564724e-07  1.44956944e-04 
 2.60614724e-07 -2.30238492e-05  2.60614724e-07 -8.24399091e-05 
 2.60664724e-07  1.98678749e-05  2.60664724e-07  4.40006698e-05 
 2.60714724e-07 -1.71388444e-05  2.60714724e-07 -9.08197851e-06 
 2.60764724e-07  1.51473068e-05  2.60764724e-07 -1.57708378e-05 
 2.60814724e-07 -1.32944254e-05  2.60814724e-07  3.59688819e-05 
 2.60864724e-07  1.19647272e-05  2.60864724e-07 -5.08957922e-05 
 2.60914724e-07 -1.06193318e-05  2.60914724e-07  6.23510821e-05 
 2.60964724e-07  9.68524482e-06  2.60964724e-07 -7.06744477e-05 
 2.61014724e-07 -8.65062858e-06  2.61014724e-07  7.66939959e-05 
 2.61064724e-07  7.96543652e-06  2.61064724e-07 -8.07599973e-05 
 2.61114724e-07 -7.13211568e-06  2.61114724e-07  8.33609507e-05 
 2.61164724e-07  6.61282516e-06  2.61164724e-07 -8.47341902e-05 
 2.61214724e-07 -5.91771916e-06  2.61214724e-07  8.52047162e-05 
 2.61264724e-07  5.51558452e-06  2.61264724e-07 -8.49130949e-05 
 2.61314724e-07 -4.92079629e-06  2.61314724e-07  8.40882539e-05 
 2.61364724e-07  4.60583503e-06  2.61364724e-07 -8.28035153e-05 
 2.61414724e-07 -4.08743596e-06  2.61414724e-07  8.12259162e-05 
 2.61464724e-07  3.84020684e-06  2.61464724e-07 -7.93844502e-05 
 2.61514724e-07 -3.38224093e-06  2.61514724e-07  7.74048040e-05 
 2.61564724e-07  3.18942125e-06  2.61564724e-07 -7.52872824e-05 
 2.61614724e-07 -2.78065230e-06  2.61614724e-07  7.31295385e-05 
 2.61664724e-07  2.63261793e-06  2.61664724e-07 -7.09135395e-05 
 2.61714724e-07 -2.26472981e-06  2.61714724e-07  6.87178110e-05 
 2.61764724e-07  2.15420056e-06  2.61764724e-07 -6.65127846e-05 
 2.61814724e-07 -1.82077566e-06  2.61814724e-07  6.43638954e-05 
 2.61864724e-07  1.74203466e-06  2.61864724e-07 -6.22344973e-05 
 2.61914724e-07 -1.43795460e-06  2.61914724e-07  6.01810545e-05 
 2.61957362e-07  1.35802242e-06  2.61957362e-07 -5.78226193e-05 
 2.62000000e-07 -1.05508093e-06  2.62000000e-07  5.55735834e-05 
 2.62005000e-07 -1.26146485e-04  2.62005000e-07 -5.47765673e-04 
 2.62015000e-07 -1.25470199e-04  2.62015000e-07 -5.19429223e-04 
 2.62035000e-07 -4.18291747e-05  2.62035000e-07 -5.48022635e-04 
 2.62075000e-07 -4.14327154e-05  2.62075000e-07 -2.92092790e-03 
 2.62125000e-07 -7.67086386e-06  2.62125000e-07  1.02130985e-03 
 2.62162500e-07  5.08917105e-05  2.62162500e-07 -9.08569260e-04 
 2.62200000e-07  1.25033010e-06  2.62200000e-07  1.07624684e-03 
 2.62205000e-07  1.94925097e-04  2.62205000e-07  2.87922466e-03 
 2.62215000e-07  1.53581698e-04  2.62215000e-07  2.74627578e-03 
 2.62235000e-07  1.32159503e-06  2.62235000e-07  1.05956343e-03 
 2.62275000e-07  2.12489651e-05  2.62275000e-07  6.49095507e-04 
 2.62315783e-07 -2.31015427e-05  2.62315783e-07 -1.07274172e-04 
 2.62360705e-07  2.31404925e-05  2.62360705e-07  2.42990761e-04 
 2.62410705e-07 -2.24425646e-05  2.62410705e-07 -1.85519063e-04 
 2.62460705e-07  2.16451867e-05  2.62460705e-07  1.76113529e-04 
 2.62510705e-07 -2.03862587e-05  2.62510705e-07 -1.56988619e-04 
 2.62560705e-07  1.92508138e-05  2.62560705e-07  1.42881944e-04 
 2.62610705e-07 -1.78353892e-05  2.62610705e-07 -1.29771622e-04 
 2.62660705e-07  1.66752665e-05  2.62660705e-07  1.18241728e-04 
 2.62710705e-07 -1.53216415e-05  2.62710705e-07 -1.07832161e-04 
 2.62760705e-07  1.42753435e-05  2.62760705e-07  9.85393093e-05 
 2.62810705e-07 -1.30634684e-05  2.62810705e-07 -9.01560971e-05 
 2.62860705e-07  1.21705854e-05  2.62860705e-07  8.26689442e-05 
 2.62910705e-07 -1.11138435e-05  2.62910705e-07 -7.59039646e-05 
 2.62960705e-07  1.03715100e-05  2.62960705e-07  6.98621517e-05 
 2.63010705e-07 -9.45754265e-06  2.63010705e-07 -6.43881841e-05 
 2.63060705e-07  8.84838086e-06  2.63060705e-07  5.94971287e-05 
 2.63110705e-07 -8.05757556e-06  2.63110705e-07 -5.50496104e-05 
 2.63160705e-07  7.56151096e-06  2.63160705e-07  5.10725227e-05 
 2.63210705e-07 -6.87431069e-06  2.63210705e-07 -4.74401141e-05 
 2.63260705e-07  6.47288870e-06  2.63260705e-07  4.41887418e-05 
 2.63310705e-07 -5.87217520e-06  2.63310705e-07 -4.12040229e-05 
 2.63360705e-07  5.54972161e-06  2.63360705e-07  3.85296556e-05 
 2.63410705e-07 -5.02122466e-06  2.63410705e-07 -3.60606207e-05 
 2.63460705e-07  4.76481312e-06  2.63460705e-07  3.38461735e-05 
 2.63510705e-07 -4.29683192e-06  2.63510705e-07 -3.17889660e-05 
 2.63560705e-07  4.09588517e-06  2.63560705e-07  2.99423672e-05 
 2.63610705e-07 -3.67884308e-06  2.63610705e-07 -2.82153111e-05 
 2.63660705e-07  3.52468705e-06  2.63660705e-07  2.66641396e-05 
 2.63710705e-07 -3.15070824e-06  2.63710705e-07 -2.52029476e-05 
 2.63760705e-07  3.03618425e-06  2.63760705e-07  2.38901621e-05 
 2.63810705e-07 -2.69874494e-06  2.63810705e-07 -2.26441422e-05 
 2.63860705e-07  2.61790077e-06  2.63860705e-07  2.15247174e-05 
 2.63910705e-07 -2.31155711e-06  2.63910705e-07 -2.04537969e-05 
 2.63960705e-07  2.25940870e-06  2.63960705e-07  1.94920925e-05 
 2.64010705e-07 -1.97958811e-06  2.64010705e-07 -1.85644955e-05 
 2.64060705e-07  1.95193711e-06  2.64060705e-07  1.77322064e-05 
 2.64110705e-07 -1.69477823e-06  2.64110705e-07 -1.69226460e-05 
 2.64160705e-07  1.68807132e-06  2.64160705e-07  1.61972087e-05 
 2.64210705e-07 -1.45029967e-06  2.64210705e-07 -1.54854830e-05 
 2.64260705e-07  1.46151834e-06  2.64260705e-07  1.48488374e-05 
 2.64310705e-07 -1.24034829e-06  2.64310705e-07 -1.42187375e-05 
 2.64360705e-07  1.26692153e-06  2.64360705e-07  1.36563646e-05 
 2.64410705e-07 -1.05997784e-06  2.64410705e-07 -1.30948264e-05 
 2.64460705e-07  1.09971127e-06  2.64460705e-07  1.25949993e-05 
 2.64510705e-07 -9.04965089e-07  2.64510705e-07 -1.20914424e-05 
 2.64560705e-07  9.55983191e-07  2.64560705e-07  1.16446430e-05 
 2.64610705e-07 -7.71699480e-07  2.64610705e-07 -1.11904548e-05 
 2.64660705e-07  8.32397492e-07  2.64660705e-07  1.07889181e-05 
 2.64710705e-07 -6.57091051e-07  2.64710705e-07 -1.03770514e-05 
 2.64760705e-07  7.26094777e-07  2.64760705e-07  1.00144085e-05 
 2.64810705e-07 -5.58493433e-07  2.64810705e-07 -9.63906501e-06 
 2.64860705e-07  6.34625605e-07  2.64860705e-07  9.31006370e-06 
 2.64910705e-07 -4.73639162e-07  2.64910705e-07 -8.96644606e-06 
 2.64960705e-07  5.55890609e-07  2.64960705e-07  8.66673030e-06 
 2.65010705e-07 -4.00584403e-07  2.65010705e-07 -8.35084642e-06 
 2.65060705e-07  4.88089531e-07  2.65060705e-07  8.07678096e-06 
 2.65110705e-07 -3.37662806e-07  2.65110705e-07 -7.78529738e-06 
 2.65160705e-07  4.29679768e-07  2.65160705e-07  7.53382863e-06 
 2.65210705e-07 -2.83444195e-07  2.65210705e-07 -7.26392487e-06 
 2.65260705e-07  3.79336635e-07  2.65260705e-07  7.03248597e-06 
 2.65310705e-07 -2.36702271e-07  2.65310705e-07 -6.78178080e-06 
 2.65360705e-07  3.35923388e-07  2.65360705e-07  6.56817962e-06 
 2.65410705e-07 -1.96384371e-07  2.65410705e-07 -6.33464503e-06 
 2.65460705e-07  2.98465987e-07  2.65460705e-07  6.13702398e-06 
 2.65510705e-07 -1.61587571e-07  2.65510705e-07 -5.91891482e-06 
 2.65560705e-07  2.66127444e-07  2.65560705e-07  5.73567259e-06 
 2.65610705e-07 -1.31536861e-07  2.65610705e-07 -5.53148858e-06 
 2.65660705e-07  2.38189707e-07  2.65660705e-07  5.36124103e-06 
 2.65710705e-07 -1.05566925e-07  2.65710705e-07 -5.16968183e-06 
 2.65760705e-07  2.14036352e-07  2.65760705e-07  5.01122665e-06 
 2.65810705e-07 -8.31066048e-08  2.65810705e-07 -4.83115881e-06 
 2.65860705e-07  1.93138137e-07  2.65860705e-07  4.68344588e-06 
 2.65910705e-07 -6.36654501e-08  2.65910705e-07 -4.51387625e-06 
 2.65960705e-07  1.75040415e-07  2.65960705e-07  4.37598580e-06 
 2.66010705e-07 -4.68220031e-08  2.66010705e-07 -4.21603359e-06 
 2.66060705e-07  1.59353231e-07  2.66060705e-07  4.08715175e-06 
 2.66110705e-07 -3.22153601e-08  2.66110705e-07 -3.93605420e-06 
 2.66160705e-07  1.45741131e-07  2.66160705e-07  3.81545491e-06 
 2.66210705e-07 -1.95342040e-08  2.66210705e-07 -3.67251860e-06 
 2.66260705e-07  1.33916346e-07  2.66260705e-07  3.55956281e-06 
 2.66310705e-07 -8.51193522e-09  2.66310705e-07 -3.42417223e-06 
 2.66360705e-07  1.23631525e-07  2.66360705e-07  3.31828582e-06 
 2.66410705e-07  1.08073910e-09  2.66410705e-07 -3.18988948e-06 
 2.66460705e-07  1.14674110e-07  2.66460705e-07  3.09055680e-06 
 2.66510705e-07  9.44089656e-09  2.66510705e-07 -2.96865816e-06 
 2.66560705e-07  1.06861431e-07  2.66560705e-07  2.87541438e-06 
 2.66610705e-07  1.67377380e-08  2.66610705e-07 -2.75956477e-06 
 2.66660705e-07  1.00036638e-07  2.66660705e-07  2.67198938e-06 
 2.66710705e-07  2.31168107e-08  2.66710705e-07 -2.56178189e-06 
 2.66760705e-07  9.40647766e-08  2.66760705e-07  2.47949327e-06 
 2.66810705e-07  2.87031380e-08  2.66810705e-07 -2.37455777e-06 
 2.66860705e-07  8.88299336e-08  2.66860705e-07  2.29720845e-06 
 2.66910705e-07  3.36042715e-08  2.66910705e-07 -2.19720718e-06 
 2.66960705e-07  8.42323693e-08  2.66960705e-07  2.12447991e-06 
 2.67010705e-07  3.79126579e-08  2.67010705e-07 -2.02910383e-06 
 2.67060705e-07  8.01863526e-08  2.67060705e-07  1.96070813e-06 
 2.67110705e-07  4.17078198e-08  2.67110705e-07 -1.86967374e-06 
 2.67160705e-07  7.66181295e-08  2.67160705e-07  1.80534296e-06 
 2.67210705e-07  4.50581792e-08  2.67210705e-07 -1.71838951e-06 
 2.67260705e-07  7.34641890e-08  2.67260705e-07  1.65787835e-06 
 2.67310705e-07  4.80226538e-08  2.67310705e-07 -1.57476550e-06 
 2.67360705e-07  7.06699425e-08  2.67360705e-07  1.51784773e-06 
 2.67410705e-07  5.06518574e-08  2.67410705e-07 -1.43835349e-06 
 2.67460705e-07  6.81883654e-08  2.67460705e-07  1.38482009e-06 
 2.67510705e-07  5.29894617e-08  2.67510705e-07 -1.30873893e-06 
 2.67560705e-07  6.59789655e-08  2.67560705e-07  1.25839637e-06 
 2.67610705e-07  5.50730312e-08  2.67610705e-07 -1.18553779e-06 
 2.67660705e-07  6.40068182e-08  2.67660705e-07  1.13820655e-06 
 2.67710705e-07  5.69350085e-08  2.67710705e-07 -1.06839348e-06 
 2.67760705e-07  6.22418811e-08  2.67760705e-07  1.02390679e-06 
 2.67810705e-07  5.86032433e-08  2.67810705e-07 -9.56974572e-07 
 2.67860705e-07  6.06582177e-08  2.67860705e-07  9.15177210e-07 
 2.67910705e-07  6.01018557e-08  2.67910705e-07 -8.50972307e-07 
 2.67960705e-07  5.92334638e-08  2.67960705e-07  8.11719623e-07 
 2.68010705e-07  6.14516372e-08  2.68010705e-07 -7.50098742e-07 
 2.68060705e-07  5.79482686e-08  2.68060705e-07  7.13255695e-07 
 2.68110705e-07  6.26705298e-08  2.68110705e-07 -6.54084997e-07 
 2.68160705e-07  5.67860179e-08  2.68160705e-07  6.19525413e-07 
 2.68210705e-07  6.37739862e-08  2.68210705e-07 -5.62679566e-07 
 2.68260705e-07  5.57322858e-08  2.68260705e-07  5.30285321e-07 
 2.68310705e-07  6.47754663e-08  2.68310705e-07 -4.75646878e-07 
 2.68360705e-07  5.47745164e-08  2.68360705e-07  4.45307328e-07 
 2.68410705e-07  6.56865964e-08  2.68410705e-07 -3.92766170e-07 
 2.68460705e-07  5.39019638e-08  2.68460705e-07  3.64377489e-07 
 2.68510705e-07  6.65172094e-08  2.68510705e-07 -3.13830965e-07 
 2.68560705e-07  5.31054814e-08  2.68560705e-07  2.87295830e-07 
 2.68610705e-07  6.72765877e-08  2.68610705e-07 -2.38643911e-07 
 2.68660705e-07  5.23761668e-08  2.68660705e-07  2.13869743e-07 
 2.68710705e-07  6.79718961e-08  2.68710705e-07 -1.67023870e-07 
 2.68760705e-07  5.17080650e-08  2.68760705e-07  1.43926881e-07 
 2.68810705e-07  6.86093957e-08  2.68810705e-07 -9.87996752e-08 
 2.68860705e-07  5.10943301e-08  2.68860705e-07  7.72960042e-08 
 2.68910705e-07  6.91953881e-08  2.68910705e-07 -3.38065555e-08 
 2.68960705e-07  5.05297565e-08  2.68960705e-07  1.38204945e-08 
 2.69010705e-07  6.97346004e-08  2.69010705e-07  2.81082089e-08 
 2.69060705e-07  5.00097381e-08  2.69060705e-07 -4.66488642e-08 
 2.69110705e-07  7.02314536e-08  2.69110705e-07  8.70893002e-08 
 2.69160705e-07  4.95301262e-08  2.69160705e-07 -1.04252781e-07 
 2.69210705e-07  7.06897545e-08  2.69210705e-07  1.43273486e-07 
 2.69260705e-07  4.90873707e-08  2.69260705e-07 -1.59124296e-07 
 2.69310705e-07  7.11128918e-08  2.69310705e-07  1.96790082e-07 
 2.69360705e-07  4.86783038e-08  2.69360705e-07 -2.11389229e-07 
 2.69410705e-07  7.15037896e-08  2.69410705e-07  2.47761460e-07 
 2.69460705e-07  4.83001728e-08  2.69460705e-07 -2.61166697e-07 
 2.69510705e-07  7.18650265e-08  2.69510705e-07  2.96303537e-07 
 2.69560705e-07  4.79505742e-08  2.69560705e-07 -3.08569583e-07 
 2.69610705e-07  7.21988863e-08  2.69610705e-07  3.42526180e-07 
 2.69660705e-07  4.76272911e-08  2.69660705e-07 -3.53704847e-07 
 2.69710705e-07  7.25074674e-08  2.69710705e-07  3.86533467e-07 
 2.69760705e-07  4.73284460e-08  2.69760705e-07 -3.96673983e-07 
 2.69810705e-07  7.27925081e-08  2.69810705e-07  4.28424284e-07 
 2.69860705e-07  4.70523157e-08  2.69860705e-07 -4.37573278e-07 
 2.69910705e-07  7.30556404e-08  2.69910705e-07  4.68292463e-07 
 2.69955353e-07  4.67828375e-08  2.69955353e-07 -4.78765142e-07 
 2.70000000e-07  7.33263327e-08  2.70000000e-07  5.10653000e-07 
 2.70005000e-07 -6.86189872e-06  2.70005000e-07 -6.17639692e-05 
 2.70015000e-07  6.55888082e-06  2.70015000e-07  1.70881265e-05 
 2.70035000e-07  3.15314121e-07  2.70035000e-07  1.49241499e-05 
 2.70075000e-07 -2.07590199e-06  2.70075000e-07  9.26331299e-06 
 2.70125000e-07  1.67612095e-05  2.70125000e-07  1.20960735e-04 
 2.70162500e-07  5.22796590e-06  2.70162500e-07  1.15928544e-04 
 2.70200000e-07 -2.32802253e-04  2.70200000e-07 -1.24108796e-04 
 2.70205000e-07 -2.23169259e-04  2.70205000e-07 -3.18567464e-04 
 2.70215000e-07  6.03390049e-05  2.70215000e-07 -6.72674412e-04 
 2.70235000e-07  4.15751253e-04  2.70235000e-07 -9.31501737e-04 
 2.70271744e-07 -2.90878890e-04  2.70271744e-07  3.93873179e-06 
 2.70313398e-07  1.60349695e-04  2.70313398e-07  9.29096559e-04 
 2.70358177e-07 -7.94896094e-05  2.70358177e-07  2.51311945e-05 
 2.70408177e-07  3.34109579e-05  2.70408177e-07 -1.82794341e-04 
 2.70458177e-07 -2.40351533e-06  2.70458177e-07  5.56377976e-05 
 2.70508177e-07 -1.83043411e-05  2.70508177e-07 -1.19414728e-04 
 2.70558177e-07  3.24254685e-05  2.70558177e-07  1.24461440e-04 
 2.70608177e-07 -4.15716253e-05  2.70608177e-07 -1.45574506e-04 
 2.70658177e-07  4.75146705e-05  2.70658177e-07  1.57709673e-04 
 2.70708177e-07 -5.07539068e-05  2.70708177e-07 -1.68577693e-04 
 2.70758177e-07  5.24106727e-05  2.70758177e-07  1.76212949e-04 
 2.70808177e-07 -5.24810793e-05  2.70808177e-07 -1.81626433e-04 
 2.70858177e-07  5.18643401e-05  2.70858177e-07  1.85065131e-04 
 2.70908177e-07 -5.03088116e-05  2.70908177e-07 -1.86787979e-04 
 2.70958177e-07  4.85264229e-05  2.70958177e-07  1.87128412e-04 
 2.71008177e-07 -4.61913602e-05  2.71008177e-07 -1.86294911e-04 
 2.71058177e-07  4.39019954e-05  2.71058177e-07  1.84551003e-04 
 2.71108177e-07 -4.12700974e-05  2.71108177e-07 -1.81983172e-04 
 2.71158177e-07  3.88378197e-05  2.71158177e-07  1.78853043e-04 
 2.71208177e-07 -3.61826406e-05  2.71208177e-07 -1.75189814e-04 
 2.71258177e-07  3.38107506e-05  2.71258177e-07  1.71201299e-04 
 2.71308177e-07 -3.12786814e-05  2.71308177e-07 -1.66891069e-04 
 2.71358177e-07  2.90731409e-05  2.71358177e-07  1.62424783e-04 
 2.71408177e-07 -2.67366750e-05  2.71408177e-07 -1.57786283e-04 
 2.71458177e-07  2.47459754e-05  2.71458177e-07  1.53109288e-04 
 2.71508177e-07 -2.26342587e-05  2.71508177e-07 -1.48363894e-04 
 2.71558177e-07  2.08735142e-05  2.71558177e-07  1.43659308e-04 
 2.71608177e-07 -1.89907852e-05  2.71608177e-07 -1.38956518e-04 
 2.71658177e-07  1.74562783e-05  2.71658177e-07  1.34346029e-04 
 2.71708177e-07 -1.57930141e-05  2.71708177e-07 -1.29783073e-04 
 2.71758177e-07  1.44709685e-05  2.71758177e-07  1.25343998e-04 
 2.71808177e-07 -1.30106050e-05  2.71808177e-07 -1.20980637e-04 
 2.71858177e-07  1.18824471e-05  2.71858177e-07  1.16758698e-04 
 2.71908177e-07 -1.06053937e-05  2.71908177e-07 -1.12628242e-04 
 2.71958177e-07  9.65086245e-06  2.71958177e-07  1.08647041e-04 
 2.72008177e-07 -8.53685435e-06  2.72008177e-07 -1.04764478e-04 
 2.72058177e-07  7.73579180e-06  2.72058177e-07  1.01032442e-04 
 2.72108177e-07 -6.76521903e-06  2.72108177e-07 -9.74003544e-05 
 2.72158177e-07  6.09855111e-06  2.72158177e-07  9.39157832e-05 
 2.72208177e-07 -5.25316156e-06  2.72208177e-07 -9.05286295e-05 
 2.72258177e-07  4.70338573e-06  2.72258177e-07  8.72833148e-05 
 2.72308177e-07 -3.96660701e-06  2.72308177e-07 -8.41304767e-05 
 2.72358177e-07  3.51798381e-06  2.72358177e-07  8.11122718e-05 
 2.72408177e-07 -2.87501846e-06  2.72408177e-07 -7.81802017e-05 
 2.72458177e-07  2.51358940e-06  2.72458177e-07  7.53748164e-05 
 2.72508177e-07 -1.95137919e-06  2.72508177e-07 -7.26485228e-05 
 2.72558177e-07  1.66488704e-06  2.72558177e-07  7.00407536e-05 
 2.72608177e-07 -1.17200573e-06  2.72608177e-07 -6.75048074e-05 
 2.72658177e-07  9.49764665e-07  2.72658177e-07  6.50793607e-05 
 2.72708177e-07 -5.16276473e-07  2.72708177e-07 -6.27185562e-05 
 2.72758177e-07  3.49020286e-07  2.72758177e-07  6.04605798e-05 
 2.72808177e-07  3.36742775e-08  2.72808177e-07 -5.82603508e-05 
 2.72858177e-07 -1.53948377e-07  2.72858177e-07  5.61557585e-05 
 2.72908177e-07  4.93265880e-07  2.72908177e-07 -5.41024222e-05 
 2.72958177e-07 -5.73448473e-07  2.72958177e-07  5.21380747e-05 
 2.73008177e-07  8.75767915e-07  2.73008177e-07 -5.02189566e-05 
 2.73058177e-07 -9.21777950e-07  2.73058177e-07  4.83827441e-05 
 2.73108177e-07  1.19257455e-06  2.73108177e-07 -4.65862214e-05 
 2.73158177e-07 -1.20948705e-06  2.73158177e-07  4.48670794e-05 
 2.73208177e-07  1.45345250e-06  2.73208177e-07 -4.31825730e-05 
 2.73258177e-07 -1.44561287e-06  2.73258177e-07  4.15704562e-05 
 2.73308177e-07  1.66676256e-06  2.73308177e-07 -3.99883874e-05 
 2.73358177e-07 -1.63788725e-06  2.73358177e-07  3.84742169e-05 
 2.73408177e-07  1.83965410e-06  2.73408177e-07 -3.69859458e-05 
 2.73458177e-07 -1.79291890e-06  2.73458177e-07  3.55615419e-05 
 2.73508177e-07  1.97823566e-06  2.73508177e-07 -3.41592948e-05 
 2.73558177e-07 -1.91635233e-06  2.73558177e-07  3.28173026e-05 
 2.73608177e-07  2.08772277e-06  2.73608177e-07 -3.14940958e-05 
 2.73658177e-07 -2.01300572e-06  2.73658177e-07  3.02279095e-05 
 2.73708177e-07  2.17256626e-06  2.73708177e-07 -2.89774736e-05 
 2.73758177e-07 -2.08698961e-06  2.73758177e-07  2.77811622e-05 
 2.73808177e-07  2.23656244e-06  2.73808177e-07 -2.65978690e-05 
 2.73858177e-07 -2.14180952e-06  2.73858177e-07  2.54661066e-05 
 2.73908177e-07  2.28294817e-06  2.73908177e-07 -2.43449013e-05 
 2.73958177e-07 -2.18045383e-06  2.73958177e-07  2.32729012e-05 
 2.74008177e-07  2.31448237e-06  2.74008177e-07 -2.22092393e-05 
 2.74058177e-07 -2.20546919e-06  2.74058177e-07  2.11926949e-05 
 2.74108177e-07  2.33351571e-06  2.74108177e-07 -2.01824856e-05 
 2.74158177e-07 -2.21902507e-06  2.74158177e-07  1.92175163e-05 
 2.74208177e-07  2.34205044e-06  2.74208177e-07 -1.82570708e-05 
 2.74258177e-07 -2.22296923e-06  2.74258177e-07  1.73401737e-05 
 2.74308177e-07  2.34179154e-06  2.74308177e-07 -1.64261595e-05 
 2.74358177e-07 -2.21887461e-06  2.74358177e-07  1.55541666e-05 
 2.74408177e-07  2.33419026e-06  2.74408177e-07 -1.46835669e-05 
 2.74458177e-07 -2.20808009e-06  2.74458177e-07  1.38536064e-05 
 2.74508177e-07  2.32048155e-06  2.74508177e-07 -1.30236842e-05 
 2.74558177e-07 -2.19172453e-06  2.74558177e-07  1.22331471e-05 
 2.74608177e-07  2.30171573e-06  2.74608177e-07 -1.14414133e-05 
 2.74658177e-07 -2.17077648e-06  2.74658177e-07  1.06879240e-05 
 2.74708177e-07  2.27878580e-06  2.74708177e-07 -9.93210939e-06 
 2.74758177e-07 -2.14605916e-06  2.74758177e-07  9.21349928e-06 
 2.74808177e-07  2.25245056e-06  2.74808177e-07 -8.49153026e-06 
 2.74858177e-07 -2.11827188e-06  2.74858177e-07  7.80581480e-06 
 2.74908177e-07  2.22335438e-06  2.74908177e-07 -7.11579183e-06 
 2.74958177e-07 -2.08800821e-06  2.74958177e-07  6.46115056e-06 
 2.75008177e-07  2.19204403e-06  2.75008177e-07 -5.80132915e-06 
 2.75058177e-07 -2.05577177e-06  2.75058177e-07  5.17608809e-06 
 2.75108177e-07  2.15898316e-06  2.75108177e-07 -4.54486242e-06 
 2.75158177e-07 -2.02198927e-06  2.75158177e-07  3.94747851e-06 
 2.75208177e-07  2.12456453e-06  2.75208177e-07 -3.34336675e-06 
 2.75258177e-07 -1.98702206e-06  2.75258177e-07  2.77241430e-06 
 2.75308177e-07  2.08912040e-06  2.75308177e-07 -2.19404591e-06 
 2.75358177e-07 -1.95117566e-06  2.75358177e-07  1.64820467e-06 
 2.75408177e-07  2.05293156e-06  2.75408177e-07 -1.09430919e-06 
 2.75458177e-07 -1.91470797e-06  2.75458177e-07  5.72353829e-07 
 2.75508177e-07  2.01623492e-06  2.75508177e-07 -4.17509616e-08 
 2.75558177e-07 -1.87783646e-06  2.75558177e-07 -4.57458213e-07 
 2.75608177e-07  1.97922992e-06  2.75608177e-07  9.65867331e-07 
 2.75658177e-07 -1.84074407e-06  2.75658177e-07 -1.44339257e-06 
 2.75708177e-07  1.94208424e-06  2.75708177e-07  1.93063302e-06 
 2.75758177e-07 -1.80358425e-06  2.75758177e-07 -2.38746628e-06 
 2.75808177e-07  1.90493830e-06  2.75808177e-07  2.85449624e-06 
 2.75858177e-07 -1.76648549e-06  2.75858177e-07 -3.29156571e-06 
 2.75908177e-07  1.86790948e-06  2.75908177e-07  3.73928245e-06 
 2.75958177e-07 -1.72955490e-06  2.75958177e-07 -4.15745814e-06 
 2.76008177e-07  1.83109545e-06  2.76008177e-07  4.58670345e-06 
 2.76058177e-07 -1.69288144e-06  2.76058177e-07 -4.98680232e-06 
 2.76108177e-07  1.79457717e-06  2.76108177e-07  5.39836721e-06 
 2.76158177e-07 -1.65653867e-06  2.76158177e-07 -5.78115766e-06 
 2.76208177e-07  1.75842127e-06  2.76208177e-07  6.17578675e-06 
 2.76258177e-07 -1.62058695e-06  2.76258177e-07 -6.54199264e-06 
 2.76308177e-07  1.72268244e-06  2.76308177e-07  6.92038783e-06 
 2.76358177e-07 -1.58507552e-06  2.76358177e-07 -7.27069217e-06 
 2.76408177e-07  1.68740489e-06  2.76408177e-07  7.63351621e-06 
 2.76458177e-07 -1.55004418e-06  2.76458177e-07 -7.96856423e-06 
 2.76508177e-07  1.65262424e-06  2.76508177e-07  8.31644372e-06 
 2.76558177e-07 -1.51552460e-06  2.76558177e-07 -8.63684600e-06 
 2.76608177e-07  1.61836862e-06  2.76608177e-07  8.97037415e-06 
 2.76658177e-07 -1.48154164e-06  2.76658177e-07 -9.27670907e-06 
 2.76708177e-07  1.58465988e-06  2.76708177e-07  9.59644824e-06 
 2.76758177e-07 -1.44811445e-06  2.76758177e-07 -9.88926448e-06 
 2.76808177e-07  1.55151461e-06  2.76808177e-07  1.01957484e-05 
 2.76858177e-07 -1.41525720e-06  2.76858177e-07 -1.04755670e-05 
 2.76908177e-07  1.51894482e-06  2.76908177e-07  1.07693029e-05 
 2.76958177e-07 -1.38297997e-06  2.76958177e-07 -1.10366192e-05 
 2.77008177e-07  1.48695879e-06  2.77008177e-07  1.13180895e-05 
 2.77058177e-07 -1.35128936e-06  2.77058177e-07 -1.15733751e-05 
 2.77108177e-07  1.45556160e-06  2.77108177e-07  1.18430392e-05 
 2.77158177e-07 -1.32018905e-06  2.77158177e-07 -1.20867434e-05 
 2.77208177e-07  1.42475559e-06  2.77208177e-07  1.23450393e-05 
 2.77258177e-07 -1.28968022e-06  2.77258177e-07 -1.25775903e-05 
 2.77308177e-07  1.39454093e-06  2.77308177e-07  1.28249359e-05 
 2.77358177e-07 -1.25976200e-06  2.77358177e-07 -1.30467429e-05 
 2.77408177e-07  1.36491578e-06  2.77408177e-07  1.32835372e-05 
 2.77458177e-07 -1.23043182e-06  2.77458177e-07 -1.34949909e-05 
 2.77508177e-07  1.33587690e-06  2.77508177e-07  1.37216154e-05 
 2.77558177e-07 -1.20168569e-06  2.77558177e-07 -1.39230895e-05 
 2.77608177e-07  1.30741961e-06  2.77608177e-07  1.41399091e-05 
 2.77658177e-07 -1.17351839e-06  2.77658177e-07 -1.43317611e-05 
 2.77708177e-07  1.27953823e-06  2.77708177e-07  1.45391252e-05 
 2.77758177e-07 -1.14592380e-06  2.77758177e-07 -1.47216976e-05 
 2.77808177e-07  1.25222619e-06  2.77808177e-07  1.49199410e-05 
 2.77858177e-07 -1.11889495e-06  2.77858177e-07 -1.50935620e-05 
 2.77908177e-07  1.22547618e-06  2.77908177e-07  1.52830056e-05 
 2.77958177e-07 -1.09242424e-06  2.77958177e-07 -1.54479900e-05 
 2.78008177e-07  1.19928037e-06  2.78008177e-07  1.56289418e-05 
 2.78058177e-07 -1.06650360e-06  2.78058177e-07 -1.57855918e-05 
 2.78108177e-07  1.17363043e-06  2.78108177e-07  1.59583475e-05 
 2.78158177e-07 -1.04112452e-06  2.78158177e-07 -1.61069532e-05 
 2.78208177e-07  1.14851771e-06  2.78208177e-07  1.62717967e-05 
 2.78258177e-07 -1.01627818e-06  2.78258177e-07 -1.64126370e-05 
 2.78308177e-07  1.12393328e-06  2.78308177e-07  1.65698413e-05 
 2.78358177e-07 -9.91955624e-07  2.78358177e-07 -1.67031842e-05 
 2.78408177e-07  1.09986807e-06  2.78408177e-07  1.68530119e-05 
 2.78458177e-07 -9.68147595e-07  2.78458177e-07 -1.69791153e-05 
 2.78508177e-07  1.07631277e-06  2.78508177e-07  1.71218191e-05 
 2.78558177e-07 -9.44844828e-07  2.78558177e-07 -1.72409312e-05 
 2.78608177e-07  1.05325807e-06  2.78608177e-07  1.73767544e-05 
 2.78658177e-07 -9.22037959e-07  2.78658177e-07 -1.74891141e-05 
 2.78708177e-07  1.03069463e-06  2.78708177e-07  1.76182909e-05 
 2.78758177e-07 -8.99717626e-07  2.78758177e-07 -1.77241286e-05 
 2.78808177e-07  1.00861305e-06  2.78808177e-07  1.78468849e-05 
 2.78858177e-07 -8.77874483e-07  2.78858177e-07 -1.79464224e-05 
 2.78908177e-07  9.87004032e-07  2.78908177e-07  1.80629757e-05 
 2.78958177e-07 -8.56499254e-07  2.78958177e-07 -1.81564270e-05 
 2.79008177e-07  9.65858279e-07  2.79008177e-07  1.82669875e-05 
 2.79058177e-07 -8.35582633e-07  2.79058177e-07 -1.83545589e-05 
 2.79108177e-07  9.45166584e-07  2.79108177e-07  1.84593290e-05 
 2.79158177e-07 -8.15115479e-07  2.79158177e-07 -1.85412198e-05 
 2.79208177e-07  9.24919822e-07  2.79208177e-07  1.86403950e-05 
 2.79258177e-07 -7.95088720e-07  2.79258177e-07 -1.87167974e-05 
 2.79308177e-07  9.05109003e-07  2.79308177e-07  1.88105664e-05 
 2.79358177e-07 -7.75493457e-07  2.79358177e-07 -1.88816660e-05 
 2.79408177e-07  8.85725240e-07  2.79408177e-07  1.89702112e-05 
 2.79458177e-07 -7.56320829e-07  2.79458177e-07 -1.90361874e-05 
 2.79508177e-07  8.66759790e-07  2.79508177e-07  1.91196848e-05 
 2.79558177e-07 -7.37562163e-07  2.79558177e-07 -1.91807108e-05 
 2.79608177e-07  8.48203998e-07  2.79608177e-07  1.92593307e-05 
 2.79658177e-07 -7.19208902e-07  2.79658177e-07 -1.93155739e-05 
 2.79708177e-07  8.30049435e-07  2.79708177e-07  1.93894809e-05 
 2.79758177e-07 -7.01252640e-07  2.79758177e-07 -1.94411030e-05 
 2.79808177e-07  8.12287699e-07  2.79808177e-07  1.95104562e-05 
 2.79858177e-07 -6.83685078e-07  2.79858177e-07 -1.95576139e-05 
 2.79908177e-07  7.94910595e-07  2.79908177e-07  1.96225671e-05 
 2.79954089e-07 -6.65741510e-07  2.79954089e-07 -1.96700147e-05 
 2.80000000e-07  7.76414205e-07  2.80000000e-07  1.97349302e-05 
 2.80005000e-07  1.30990597e-05  2.80005000e-07  1.78463297e-04 
 2.80015000e-07 -5.60183249e-06  2.80015000e-07  2.37551321e-06 
 2.80035000e-07 -6.42825405e-06  2.80035000e-07 -5.68877308e-05 
 2.80075000e-07  5.97395138e-06  2.80075000e-07 -5.25888446e-05 
 2.80125000e-07 -3.09502050e-05  2.80125000e-07 -1.21073623e-04 
 2.80162500e-07 -6.30205460e-05  2.80162500e-07 -3.02842223e-04 
 2.80200000e-07  4.54263543e-04  2.80200000e-07  2.42876119e-04 
 2.80205000e-07  2.83130520e-04  2.80205000e-07  1.23624182e-04 
 2.80215000e-07 -2.45867747e-04  2.80215000e-07  3.46112874e-04 
 2.80235000e-07 -2.99312243e-04  2.80235000e-07  8.53296915e-04 
 2.80275000e-07  1.90024021e-04  2.80275000e-07  1.13021847e-03 
 2.80318187e-07 -1.14122898e-04  2.80318187e-07 -1.90038180e-03 
 2.80363618e-07  7.74489481e-05  2.80363618e-07  4.69405124e-04 
 2.80413618e-07 -5.80576634e-05  2.80413618e-07 -2.46839826e-04 
 2.80463618e-07  4.56513678e-05  2.80463618e-07  2.82785060e-04 
 2.80513618e-07 -3.67603388e-05  2.80513618e-07 -1.66773433e-04 
 2.80563618e-07  3.04579551e-05  2.80563618e-07  1.14077274e-04 
 2.80613618e-07 -2.54638931e-05  2.80613618e-07 -6.08423155e-05 
 2.80663618e-07  2.18066895e-05  2.80663618e-07  2.23223351e-05 
 2.80713618e-07 -1.87015699e-05  2.80713618e-07  8.39763447e-06 
 2.80763618e-07  1.64187844e-05  2.80763618e-07 -3.18140485e-05 
 2.80813618e-07 -1.43440468e-05  2.80813618e-07  4.97202319e-05 
 2.80863618e-07  1.28417243e-05  2.80863618e-07 -6.31337209e-05 
 2.80913618e-07 -1.13619778e-05  2.80913618e-07  7.30362935e-05 
 2.80963618e-07  1.03220854e-05  2.80963618e-07 -8.00874785e-05 
 2.81013618e-07 -9.20350762e-06  2.81013618e-07  8.49365369e-05 
 2.81063618e-07  8.45091250e-06  2.81063618e-07 -8.79827487e-05 
 2.81113618e-07 -7.56268525e-06  2.81113618e-07  8.96692383e-05 
 2.81163618e-07  6.99815859e-06  2.81163618e-07 -9.02315812e-05 
 2.81213618e-07 -6.26500008e-06  2.81213618e-07  8.99787813e-05 
 2.81263618e-07  5.83056655e-06  2.81263618e-07 -8.90423687e-05 
 2.81313618e-07 -5.20767049e-06  2.81313618e-07  8.76425840e-05 
 2.81363618e-07  4.86815365e-06  2.81363618e-07 -8.58443373e-05 
 2.81413618e-07 -4.32771983e-06  2.81413618e-07  8.38085201e-05 
 2.81463618e-07  4.06078184e-06  2.81463618e-07 -8.15573235e-05 
 2.81513618e-07 -3.58470061e-06  2.81513618e-07  7.92116980e-05 
 2.81563618e-07  3.37541024e-06  2.81563618e-07 -7.67665570e-05 
 2.81613618e-07 -2.95124780e-06  2.81613618e-07  7.43158633e-05 
 2.81663618e-07  2.78908277e-06  2.81663618e-07 -7.18372910e-05 
 2.81713618e-07 -2.40784828e-06  2.81713618e-07  6.94065282e-05 
 2.81763618e-07  2.28501484e-06  2.81763618e-07 -6.69905490e-05 
 2.81813618e-07 -1.93989624e-06  2.81813618e-07  6.46526584e-05 
 2.81863618e-07  1.85036816e-06  2.81863618e-07 -6.23533837e-05 
 2.81913618e-07 -1.53600008e-06  2.81913618e-07  6.01476450e-05 
 2.81956809e-07  1.44759544e-06  2.81956809e-07 -5.76613272e-05 
 2.82000000e-07 -1.13639681e-06  2.82000000e-07  5.53007557e-05 
 2.82005000e-07 -2.62051673e-07  2.82005000e-07  4.62084742e-06 
 2.82015000e-07  2.50515747e-07  2.82015000e-07 -3.85339549e-06 
 2.82035000e-07 -8.69560988e-08  2.82035000e-07  3.48202496e-06 
 2.82075000e-07  1.95869045e-07  2.82075000e-07 -3.26916817e-06 
 2.82125000e-07 -7.18666981e-08  2.82125000e-07  3.10866448e-06 
 2.82162500e-07  1.85081770e-07  2.82162500e-07 -2.87758659e-06 
 2.82200000e-07 -4.80147272e-08  2.82200000e-07  2.72073558e-06 
 2.82205000e-07 -7.84974319e-09  2.82205000e-07  5.60087638e-08 
 2.82215000e-07  1.22275831e-07  2.82215000e-07  1.08478553e-07 
 2.82235000e-07  2.55562770e-08  2.82235000e-07 -2.88626529e-08 
 2.82275000e-07  7.88944676e-08  2.82275000e-07 -1.55753166e-08 
 2.82325000e-07  5.38016417e-08  2.82325000e-07  5.48349591e-08 
 2.82375000e-07  5.38206906e-08  2.82375000e-07 -5.97630768e-08 
 2.82425000e-07  7.63024514e-08  2.82425000e-07  8.22276228e-08 
 2.82475000e-07  3.57326653e-08  2.82475000e-07 -8.64725472e-08 
 2.82525000e-07  8.94912783e-08  2.82525000e-07  1.08759090e-07 
 2.82575000e-07  2.70386491e-08  2.82575000e-07 -1.10135859e-07 
 2.82625000e-07  9.44437545e-08  2.82625000e-07  1.29248318e-07 
 2.82675000e-07  2.50220575e-08  2.82675000e-07 -1.27424449e-07 
 2.82725000e-07  9.42489788e-08  2.82725000e-07  1.43443325e-07 
 2.82775000e-07  2.68211088e-08  2.82775000e-07 -1.38755562e-07 
 2.82825000e-07  9.13298762e-08  2.82825000e-07  1.52136073e-07 
 2.82875000e-07  3.04807961e-08  2.82875000e-07 -1.45066761e-07 
 2.82925000e-07  8.72179105e-08  2.82925000e-07  1.56306147e-07 
 2.82975000e-07  3.48265974e-08  2.82975000e-07 -1.47342720e-07 
 2.83025000e-07  8.27978904e-08  2.83025000e-07  1.56911869e-07 
 2.83075000e-07  3.92034149e-08  2.83075000e-07 -1.46500279e-07 
 2.83125000e-07  7.85455277e-08  2.83125000e-07  1.54816524e-07 
 2.83175000e-07  4.32741845e-08  2.83175000e-07 -1.43342589e-07 
 2.83225000e-07  7.46917448e-08  2.83225000e-07  1.50759320e-07 
 2.83275000e-07  4.68884624e-08  2.83275000e-07 -1.38543677e-07 
 2.83325000e-07  7.13264388e-08  2.83325000e-07  1.45349665e-07 
 2.83375000e-07  5.00013621e-08  2.83375000e-07 -1.32650277e-07 
 2.83425000e-07  6.84616006e-08  2.83425000e-07  1.39074417e-07 
 2.83475000e-07  5.26246439e-08  2.83475000e-07 -1.26092897e-07 
 2.83525000e-07  6.60686990e-08  2.83525000e-07  1.32311590e-07 
 2.83575000e-07  5.47981949e-08  2.83575000e-07 -1.19201067e-07 
 2.83625000e-07  6.41004355e-08  2.83625000e-07  1.25346404e-07 
 2.83675000e-07  5.65737792e-08  2.83675000e-07 -1.12219798e-07 
 2.83725000e-07  6.25029385e-08  2.83725000e-07  1.18387626e-07 
 2.83775000e-07  5.80056924e-08  2.83775000e-07 -1.05325442e-07 
 2.83825000e-07  6.12226285e-08  2.83825000e-07  1.11582714e-07 
 2.83875000e-07  5.91459508e-08  2.83875000e-07 -9.86398159e-08 
 2.83925000e-07  6.02095623e-08  2.83925000e-07  1.05030939e-07 
 2.83975000e-07  6.00420778e-08  2.83975000e-07 -9.22425224e-08 
 2.84025000e-07  5.94189823e-08  2.84025000e-07  9.87947997e-08 
 2.84075000e-07  6.07359438e-08  2.84075000e-07 -8.61811975e-08 
 2.84125000e-07  5.88118420e-08  2.84125000e-07  9.29091402e-08 
 2.84175000e-07  6.12638552e-08  2.84175000e-07 -8.04798377e-08 
 2.84225000e-07  5.83545451e-08  2.84225000e-07  8.73887054e-08 
 2.84275000e-07  6.16566489e-08  2.84275000e-07 -7.51453246e-08 
 2.84325000e-07  5.80188130e-08  2.84325000e-07  8.22339032e-08 
 2.84375000e-07  6.19403983e-08  2.84375000e-07 -7.01727206e-08 
 2.84425000e-07  5.77807704e-08  2.84425000e-07  7.74353521e-08 
 2.84475000e-07  6.21367537e-08  2.84475000e-07 -6.55491181e-08 
 2.84525000e-07  5.76207093e-08  2.84525000e-07  7.29773378e-08 
 2.84575000e-07  6.22636863e-08  2.84575000e-07 -6.12565919e-08 
 2.84625000e-07  5.75223501e-08  2.84625000e-07  6.88403568e-08 
 2.84675000e-07  6.23359326e-08  2.84675000e-07 -5.72744923e-08 
 2.84725000e-07  5.74723392e-08  2.84725000e-07  6.50029268e-08 
 2.84775000e-07  6.23655422e-08  2.84775000e-07 -5.35808765e-08 
 2.84825000e-07  5.74597769e-08  2.84825000e-07  6.14429044e-08 
 2.84875000e-07  6.23623484e-08  2.84875000e-07 -5.01536206e-08 
 2.84925000e-07  5.74759191e-08  2.84925000e-07  5.81384493e-08 
 2.84975000e-07  6.23341945e-08  2.84975000e-07 -4.69712663e-08 
 2.85025000e-07  5.75136433e-08  2.85025000e-07  5.50685123e-08 
 2.85075000e-07  6.22874677e-08  2.85075000e-07 -4.40133371e-08 
 2.85125000e-07  5.75672796e-08  2.85125000e-07  5.22132900e-08 
 2.85175000e-07  6.22271907e-08  2.85175000e-07 -4.12606702e-08 
 2.85225000e-07  5.76323319e-08  2.85225000e-07  4.95543318e-08 
 2.85275000e-07  6.21574024e-08  2.85275000e-07 -3.86956101e-08 
 2.85325000e-07  5.77052482e-08  2.85325000e-07  4.70746964e-08 
 2.85375000e-07  6.20812165e-08  2.85375000e-07 -3.63019527e-08 
 2.85425000e-07  5.77832411e-08  2.85425000e-07  4.47589751e-08 
 2.85475000e-07  6.20011658e-08  2.85475000e-07 -3.40649982e-08 
 2.85525000e-07  5.78640933e-08  2.85525000e-07  4.25931402e-08 
 2.85575000e-07  6.19190828e-08  2.85575000e-07 -3.19713879e-08 
 2.85625000e-07  5.79461885e-08  2.85625000e-07  4.05645305e-08 
 2.85675000e-07  6.18364566e-08  2.85675000e-07 -3.00091621e-08 
 2.85725000e-07  5.80282806e-08  2.85725000e-07  3.86617494e-08 
 2.85775000e-07  6.17543649e-08  2.85775000e-07 -2.81674634e-08 
 2.85825000e-07  5.81093697e-08  2.85825000e-07  3.68745611e-08 
 2.85875000e-07  6.16736564e-08  2.85875000e-07 -2.64366191e-08 
 2.85925000e-07  5.81887660e-08  2.85925000e-07  3.51937361e-08 
 2.85975000e-07  6.15948809e-08  2.85975000e-07 -2.48078877e-08 
 2.86025000e-07  5.82660201e-08  2.86025000e-07  3.36110311e-08 
 2.86075000e-07  6.15184412e-08  2.86075000e-07 -2.32733859e-08 
 2.86125000e-07  5.83407874e-08  2.86125000e-07  3.21189752e-08 
 2.86175000e-07  6.14446515e-08  2.86175000e-07 -2.18261014e-08 
 2.86225000e-07  5.84128072e-08  2.86225000e-07  3.07108728e-08 
 2.86275000e-07  6.13736214e-08  2.86275000e-07 -2.04596692e-08 
 2.86325000e-07  5.84820421e-08  2.86325000e-07  2.93807041e-08 
 2.86375000e-07  6.13054419e-08  2.86375000e-07 -1.91683096e-08 
 2.86425000e-07  5.85483798e-08  2.86425000e-07  2.81229831e-08 
 2.86475000e-07  6.12401760e-08  2.86475000e-07 -1.79468540e-08 
 2.86525000e-07  5.86118476e-08  2.86525000e-07  2.69327477e-08 
 2.86575000e-07  6.11777603e-08  2.86575000e-07 -1.67905883e-08 
 2.86625000e-07  5.86724571e-08  2.86625000e-07  2.58055203e-08 
 2.86675000e-07  6.11181627e-08  2.86675000e-07 -1.56952013e-08 
 2.86725000e-07  5.87303318e-08  2.86725000e-07  2.47372245e-08 
 2.86775000e-07  6.10612690e-08  2.86775000e-07 -1.46568156e-08 
 2.86825000e-07  5.87855191e-08  2.86825000e-07  2.37241144e-08 
 2.86875000e-07  6.10070227e-08  2.86875000e-07 -1.36718318e-08 
 2.86925000e-07  5.88381378e-08  2.86925000e-07  2.27627416e-08 
 2.86975000e-07  6.09552697e-08  2.86975000e-07 -1.27369822e-08 
 2.87025000e-07  5.88882922e-08  2.87025000e-07  2.18500028e-08 
 2.87075000e-07  6.09059496e-08  2.87075000e-07 -1.18492529e-08 
 2.87125000e-07  5.89360995e-08  2.87125000e-07  2.09829655e-08 
 2.87175000e-07  6.08589287e-08  2.87175000e-07 -1.10058859e-08 
 2.87225000e-07  5.89816533e-08  2.87225000e-07  2.01590239e-08 
 2.87275000e-07  6.08140737e-08  2.87275000e-07 -1.02043007e-08 
 2.87325000e-07  5.90250999e-08  2.87325000e-07  1.93756487e-08 
 2.87375000e-07  6.07713055e-08  2.87375000e-07 -9.44211054e-09 
 2.87425000e-07  5.90665360e-08  2.87425000e-07  1.86305759e-08 
 2.87475000e-07  6.07304873e-08  2.87475000e-07 -8.71712427e-09 
 2.87525000e-07  5.91060597e-08  2.87525000e-07  1.79216832e-08 
 2.87575000e-07  6.06915438e-08  2.87575000e-07 -8.02729630e-09 
 2.87625000e-07  5.91437570e-08  2.87625000e-07  1.72469935e-08 
 2.87675000e-07  6.06543522e-08  2.87675000e-07 -7.37071687e-09 
 2.87725000e-07  5.91797688e-08  2.87725000e-07  1.66046650e-08 
 2.87775000e-07  6.06188121e-08  2.87775000e-07 -6.74559797e-09 
 2.87825000e-07  5.92141747e-08  2.87825000e-07  1.59929713e-08 
 2.87875000e-07  6.05848508e-08  2.87875000e-07 -6.15025758e-09 
 2.87925000e-07  5.92470469e-08  2.87925000e-07  1.54102800e-08 
 2.87975000e-07  6.05523735e-08  2.87975000e-07 -5.58317476e-09 
 2.88025000e-07  5.92784449e-08  2.88025000e-07  1.48550927e-08 
 2.88075000e-07  6.05213424e-08  2.88075000e-07 -5.04283273e-09 
 2.88125000e-07  5.93084846e-08  2.88125000e-07  1.43259879e-08 
 2.88175000e-07  6.04916121e-08  2.88175000e-07 -4.52788473e-09 
 2.88225000e-07  5.93372538e-08  2.88225000e-07  1.38216290e-08 
 2.88275000e-07  6.04631701e-08  2.88275000e-07 -4.03702974e-09 
 2.88325000e-07  5.93647356e-08  2.88325000e-07  1.33407916e-08 
 2.88375000e-07  6.04359410e-08  2.88375000e-07 -3.56907526e-09 
 2.88425000e-07  5.93910581e-08  2.88425000e-07  1.28822345e-08 
 2.88475000e-07  6.04098592e-08  2.88475000e-07 -3.12285006e-09 
 2.88525000e-07  5.94162643e-08  2.88525000e-07  1.24449085e-08 
 2.88575000e-07  6.03848692e-08  2.88575000e-07 -2.69725420e-09 
 2.88625000e-07  5.94404127e-08  2.88625000e-07  1.20277011e-08 
 2.88675000e-07  6.03609196e-08  2.88675000e-07 -2.29130995e-09 
 2.88725000e-07  5.94635525e-08  2.88725000e-07  1.16296811e-08 
 2.88775000e-07  6.03379380e-08  2.88775000e-07 -1.90403590e-09 
 2.88825000e-07  5.94857314e-08  2.88825000e-07  1.12498789e-08 
 2.88875000e-07  6.03159169e-08  2.88875000e-07 -1.53452712e-09 
 2.88925000e-07  5.95069928e-08  2.88925000e-07  1.08874149e-08 
 2.88975000e-07  6.02947757e-08  2.88975000e-07 -1.18191806e-09 
 2.89025000e-07  5.95273883e-08  2.89025000e-07  1.05414566e-08 
 2.89075000e-07  6.02744997e-08  2.89075000e-07 -8.45372494e-10 
 2.89125000e-07  5.95469276e-08  2.89125000e-07  1.02112070e-08 
 2.89175000e-07  6.02550568e-08  2.89175000e-07 -5.24171151e-10 
 2.89225000e-07  5.95656752e-08  2.89225000e-07  9.89589938e-09 
 2.89275000e-07  6.02364019e-08  2.89275000e-07 -2.17532603e-10 
 2.89325000e-07  5.95836547e-08  2.89325000e-07  9.59486410e-09 
 2.89375000e-07  6.02184904e-08  2.89375000e-07  7.51926577e-11 
 2.89425000e-07  5.96008869e-08  2.89425000e-07  9.30740623e-09 
 2.89475000e-07  6.02013036e-08  2.89475000e-07  3.54666574e-10 
 2.89525000e-07  5.96174299e-08  2.89525000e-07  9.03288236e-09 
 2.89575000e-07  6.01848090e-08  2.89575000e-07  6.21555946e-10 
 2.89625000e-07  5.96332848e-08  2.89625000e-07  8.77069714e-09 
 2.89675000e-07  6.01689844e-08  2.89675000e-07  8.76375417e-10 
 2.89725000e-07  5.96485102e-08  2.89725000e-07  8.52027510e-09 
 2.89775000e-07  6.01537625e-08  2.89775000e-07  1.11974130e-09 
 2.89825000e-07  5.96631217e-08  2.89825000e-07  8.28106522e-09 
 2.89875000e-07  6.01391734e-08  2.89875000e-07  1.35218145e-09 
 2.89925000e-07  5.96771321e-08  2.89925000e-07  8.05254338e-09 
 2.89962500e-07  6.01229118e-08  2.89962500e-07  1.61036190e-09 
 2.90000000e-07  5.96950192e-08  2.90000000e-07  7.76403164e-09 
 2.90005000e-07 -6.86231686e-06  2.90005000e-07 -6.17229377e-05 
 2.90015000e-07  6.55895957e-06  2.90015000e-07  1.70453755e-05 
 2.90035000e-07  3.14930030e-07  2.90035000e-07  1.49562281e-05 
 2.90075000e-07 -2.07568602e-06  2.90075000e-07  9.22980235e-06 
 2.90125000e-07  1.67650669e-05  2.90125000e-07  1.21027059e-04 
 2.90162500e-07  5.23771354e-06  2.90162500e-07  1.15996657e-04 
 2.90200000e-07 -2.32728464e-04  2.90200000e-07 -1.23914573e-04 
 2.90205000e-07 -2.23098756e-04  2.90205000e-07 -3.18404075e-04 
 2.90215000e-07  6.03877994e-05  2.90215000e-07 -6.72554896e-04 
 2.90235000e-07  4.15613081e-04  2.90235000e-07 -9.31698695e-04 
 2.90271744e-07 -2.90870010e-04  2.90271744e-07  3.65130266e-06 
 2.90313398e-07  1.60364705e-04  2.90313398e-07  9.29141602e-04 
 2.90358177e-07 -7.95058878e-05  2.90358177e-07  2.51654302e-05 
 2.90408177e-07  3.34239232e-05  2.90408177e-07 -1.82835073e-04 
 2.90458177e-07 -2.41348446e-06  2.90458177e-07  5.57359164e-05 
 2.90508177e-07 -1.82972162e-05  2.90508177e-07 -1.19486710e-04 
 2.90558177e-07  3.24202938e-05  2.90558177e-07  1.24538853e-04 
 2.90608177e-07 -4.15682750e-05  2.90608177e-07 -1.45643076e-04 
 2.90658177e-07  4.75124207e-05  2.90658177e-07  1.57772697e-04 
 2.90708177e-07 -5.07527553e-05  2.90708177e-07 -1.68635743e-04 
 2.90758177e-07  5.24100112e-05  2.90758177e-07  1.76264471e-04 
 2.90808177e-07 -5.24809991e-05  2.90808177e-07 -1.81674173e-04 
 2.90858177e-07  5.18643363e-05  2.90858177e-07  1.85107011e-04 
 2.90908177e-07 -5.03090406e-05  2.90908177e-07 -1.86826772e-04 
 2.90958177e-07  4.85264636e-05  2.90958177e-07  1.87162130e-04 
 2.91008177e-07 -4.61914434e-05  2.91008177e-07 -1.86326346e-04 
 2.91058177e-07  4.39017585e-05  2.91058177e-07  1.84578027e-04 
 2.91108177e-07 -4.12698205e-05  2.91108177e-07 -1.82008523e-04 
 2.91158177e-07  3.88371836e-05  2.91158177e-07  1.78874648e-04 
 2.91208177e-07 -3.61819536e-05  2.91208177e-07 -1.75210299e-04 
 2.91258177e-07  3.38097198e-05  2.91258177e-07  1.71218582e-04 
 2.91308177e-07 -3.12776276e-05  2.91308177e-07 -1.66907693e-04 
 2.91358177e-07  2.90717848e-05  2.91358177e-07  1.62438660e-04 
 2.91408177e-07 -2.67353396e-05  2.91408177e-07 -1.57799881e-04 
 2.91458177e-07  2.47443866e-05  2.91458177e-07  1.53120514e-04 
 2.91508177e-07 -2.26327353e-05  2.91508177e-07 -1.48375145e-04 
 2.91558177e-07  2.08717835e-05  2.91558177e-07  1.43668494e-04 
 2.91608177e-07 -1.89891586e-05  2.91608177e-07 -1.38965968e-04 
 2.91658177e-07  1.74544820e-05  2.91658177e-07  1.34353663e-04 
 2.91708177e-07 -1.57913516e-05  2.91708177e-07 -1.29791157e-04 
 2.91758177e-07  1.44691645e-05  2.91758177e-07  1.25350466e-04 
 2.91808177e-07 -1.30089555e-05  2.91808177e-07 -1.20987697e-04 
 2.91858177e-07  1.18806755e-05  2.91858177e-07  1.16764300e-04 
 2.91908177e-07 -1.06037892e-05  2.91908177e-07 -1.12634543e-04 
 2.91958177e-07  9.64914812e-06  2.91958177e-07  1.08652009e-04 
 2.92008177e-07 -8.53531342e-06  2.92008177e-07 -1.04770222e-04 
 2.92058177e-07  7.73414774e-06  2.92058177e-07  1.01036952e-04 
 2.92108177e-07 -6.76375013e-06  2.92108177e-07 -9.74056941e-05 
 2.92158177e-07  6.09698191e-06  2.92158177e-07  9.39199657e-05 
 2.92208177e-07 -5.25176609e-06  2.92208177e-07 -9.05336777e-05 
 2.92258177e-07  4.70189022e-06  2.92258177e-07  8.72872661e-05 
 2.92308177e-07 -3.96528184e-06  2.92308177e-07 -8.41353151e-05 
 2.92358177e-07  3.51655731e-06  2.92358177e-07  8.11160604e-05 
 2.92408177e-07 -2.87375782e-06  2.92408177e-07 -7.81848878e-05 
 2.92458177e-07  2.51222530e-06  2.92458177e-07  7.53784893e-05 
 2.92508177e-07 -1.95017593e-06  2.92508177e-07 -7.26530953e-05 
 2.92558177e-07  1.66357793e-06  2.92558177e-07  7.00443420e-05 
 2.92608177e-07 -1.17085239e-06  2.92608177e-07 -6.75092912e-05 
 2.92658177e-07  9.48503082e-07  2.92658177e-07  6.50828833e-05 
 2.92708177e-07 -5.15165760e-07  2.92708177e-07 -6.27229655e-05 
 2.92758177e-07  3.47799151e-07  2.92758177e-07  6.04640465e-05 
 2.92808177e-07  3.47491779e-08  2.92808177e-07 -5.82646924e-05 
 2.92858177e-07 -1.55135583e-07  2.92858177e-07  5.61591728e-05 
 2.92908177e-07  4.94311079e-07  2.92908177e-07 -5.41066975e-05 
 2.92958177e-07 -5.74607458e-07  2.92958177e-07  5.21414357e-05 
 2.93008177e-07  8.76788706e-07  2.93008177e-07 -5.02231632e-05 
 2.93058177e-07 -9.22913655e-07  2.93058177e-07  4.83860477e-05 
 2.93108177e-07  1.19357550e-06  2.93108177e-07 -4.65903547e-05 
 2.93158177e-07 -1.21060375e-06  2.93158177e-07  4.48703200e-05 
 2.93208177e-07  1.45443753e-06  2.93208177e-07 -4.31866269e-05 
 2.93258177e-07 -1.44671411e-06  2.93258177e-07  4.15736270e-05 
 2.93308177e-07  1.66773484e-06  2.93308177e-07 -3.99923553e-05 
 2.93358177e-07 -1.63897594e-06  2.93358177e-07  3.84773111e-05 
 2.93408177e-07  1.84061629e-06  2.93408177e-07 -3.69898211e-05 
 2.93458177e-07 -1.79399744e-06  2.93458177e-07  3.55645525e-05 
 2.93508177e-07  1.97918989e-06  2.93508177e-07 -3.41630709e-05 
 2.93558177e-07 -1.91742270e-06  2.93558177e-07  3.28202231e-05 
 2.93608177e-07  2.08867081e-06  2.93608177e-07 -3.14977669e-05 
 2.93658177e-07 -2.01406944e-06  2.93658177e-07  3.02307341e-05 
 2.93708177e-07  2.17350946e-06  2.93708177e-07 -2.89810343e-05 
 2.93758177e-07 -2.08804792e-06  2.93758177e-07  2.77838858e-05 
 2.93808177e-07  2.23750180e-06  2.93808177e-07 -2.66013151e-05 
 2.93858177e-07 -2.14286333e-06  2.93858177e-07  2.54687249e-05 
 2.93908177e-07  2.28388455e-06  2.93908177e-07 -2.43482290e-05 
 2.93958177e-07 -2.18150387e-06  2.93958177e-07  2.32754107e-05 
 2.94008177e-07  2.31541632e-06  2.94008177e-07 -2.22124458e-05 
 2.94058177e-07 -2.20651591e-06  2.94058177e-07  2.11950931e-05 
 2.94108177e-07  2.33444760e-06  2.94108177e-07 -2.01855689e-05 
 2.94158177e-07 -2.22006885e-06  2.94158177e-07  1.92198013e-05 
 2.94208177e-07  2.34298060e-06  2.94208177e-07 -1.82600295e-05 
 2.94258177e-07 -2.22401026e-06  2.94258177e-07  1.73423443e-05 
 2.94308177e-07  2.34272005e-06  2.94308177e-07 -1.64289932e-05 
 2.94358177e-07 -2.21991300e-06  2.94358177e-07  1.55562223e-05 
 2.94408177e-07  2.33511717e-06  2.94408177e-07 -1.46862755e-05 
 2.94458177e-07 -2.20911578e-06  2.94458177e-07  1.38555473e-05 
 2.94508177e-07  2.32140678e-06  2.94508177e-07 -1.30262683e-05 
 2.94558177e-07 -2.19275753e-06  2.94558177e-07  1.22349739e-05 
 2.94608177e-07  2.30263921e-06  2.94608177e-07 -1.14438740e-05 
 2.94658177e-07 -2.17180665e-06  2.94658177e-07  1.06896378e-05 
 2.94708177e-07  2.27970739e-06  2.94708177e-07 -9.93444819e-06 
 2.94758177e-07 -2.14708635e-06  2.94758177e-07  9.21510160e-06 
 2.94808177e-07  2.25337002e-06  2.94808177e-07 -8.49374906e-06 
 2.94858177e-07 -2.11929583e-06  2.94858177e-07  7.80730749e-06 
 2.94908177e-07  2.22427151e-06  2.94908177e-07 -7.11789279e-06 
 2.94958177e-07 -2.08902876e-06  2.94958177e-07  6.46253579e-06 
 2.95008177e-07  2.19295857e-06  2.95008177e-07 -5.80331479e-06 
 2.95058177e-07 -2.05678866e-06  2.95058177e-07  5.17736828e-06 
 2.95108177e-07  2.15989487e-06  2.95108177e-07 -4.54673540e-06 
 2.95158177e-07 -2.02300223e-06  2.95158177e-07  3.94865623e-06 
 2.95208177e-07  2.12547310e-06  2.95208177e-07 -3.34512992e-06 
 2.95258177e-07 -1.98803081e-06  2.95258177e-07  2.77349236e-06 
 2.95308177e-07  2.09002556e-06  2.95308177e-07 -2.19570229e-06 
 2.95358177e-07 -1.95217994e-06  2.95358177e-07  1.64918593e-06 
 2.95408177e-07  2.05383303e-06  2.95408177e-07 -1.09586184e-06 
 2.95458177e-07 -1.91570750e-06  2.95458177e-07  5.73241271e-07 
 2.95508177e-07  2.01713240e-06  2.95508177e-07 -4.32030711e-08 
 2.95558177e-07 -1.87883100e-06  2.95558177e-07 -4.56661587e-07 
 2.95608177e-07  1.98012316e-06  2.95608177e-07  9.64512591e-07 
 2.95658177e-07 -1.84173329e-06  2.95658177e-07 -1.44268363e-06 
 2.95708177e-07  1.94297291e-06  2.95708177e-07  1.92937238e-06 
 2.95758177e-07 -1.80456792e-06  2.95758177e-07 -2.38684200e-06 
 2.95808177e-07  1.90582215e-06  2.95808177e-07  2.85332651e-06 
 2.95858177e-07 -1.76746332e-06  2.95858177e-07 -3.29102299e-06 
 2.95908177e-07  1.86878822e-06  2.95908177e-07  3.73820040e-06 
 2.95958177e-07 -1.73052664e-06  2.95958177e-07 -4.15699394e-06 
 2.96008177e-07  1.83196883e-06  2.96008177e-07  4.58570590e-06 
 2.96058177e-07 -1.69384685e-06  2.96058177e-07 -4.98641357e-06 
 2.96108177e-07  1.79544493e-06  2.96108177e-07  5.39745101e-06 
 2.96158177e-07 -1.65749753e-06  2.96158177e-07 -5.78084142e-06 
 2.96208177e-07  1.75928323e-06  2.96208177e-07  6.17494881e-06 
 2.96258177e-07 -1.62153903e-06  2.96258177e-07 -6.54174595e-06 
 2.96308177e-07  1.72353830e-06  2.96308177e-07  6.91962514e-06 
 2.96358177e-07 -1.58602064e-06  2.96358177e-07 -7.27051215e-06 
 2.96408177e-07  1.68825450e-06  2.96408177e-07  7.63282578e-06 
 2.96458177e-07 -1.55098209e-06  2.96458177e-07 -7.96844810e-06 
 2.96508177e-07  1.65346736e-06  2.96508177e-07  8.31582267e-06 
 2.96558177e-07 -1.51645514e-06  2.96558177e-07 -8.63679102e-06 
 2.96608177e-07  1.61920504e-06  2.96608177e-07  8.96981965e-06 
 2.96658177e-07 -1.48246462e-06  2.96658177e-07 -9.27671257e-06 
 2.96708177e-07  1.58548944e-06  2.96708177e-07  9.59595757e-06 
 2.96758177e-07 -1.44902967e-06  2.96758177e-07 -9.88932388e-06 
 2.96808177e-07  1.55233711e-06  2.96808177e-07  1.01953189e-05 
 2.96858177e-07 -1.41616453e-06  2.96858177e-07 -1.04756798e-05 
 2.96908177e-07  1.51976010e-06  2.96908177e-07  1.07689319e-05 
 2.96958177e-07 -1.38387924e-06  2.96958177e-07 -1.10367830e-05 
 2.97008177e-07  1.48776670e-06  2.97008177e-07  1.13177746e-05 
 2.97058177e-07 -1.35218047e-06  2.97058177e-07 -1.15735875e-05 
 2.97108177e-07  1.45636204e-06  2.97108177e-07  1.18427780e-05 
 2.97158177e-07 -1.32107185e-06  2.97158177e-07 -1.20870021e-05 
 2.97208177e-07  1.42554837e-06  2.97208177e-07  1.23448294e-05 
 2.97258177e-07 -1.29055455e-06  2.97258177e-07 -1.25778933e-05 
 2.97308177e-07  1.39532593e-06  2.97308177e-07  1.28247751e-05 
 2.97358177e-07 -1.26062780e-06  2.97358177e-07 -1.30470879e-05 
 2.97408177e-07  1.36569291e-06  2.97408177e-07  1.32834233e-05 
 2.97458177e-07 -1.23128897e-06  2.97458177e-07 -1.34953759e-05 
 2.97508177e-07  1.33664605e-06  2.97508177e-07  1.37215463e-05 
 2.97558177e-07 -1.20253412e-06  2.97558177e-07 -1.39235125e-05 
 2.97608177e-07  1.30818071e-06  2.97608177e-07  1.41398828e-05 
 2.97658177e-07 -1.17435802e-06  2.97658177e-07 -1.43322203e-05 
 2.97708177e-07  1.28029115e-06  2.97708177e-07  1.45391398e-05 
 2.97758177e-07 -1.14675452e-06  2.97758177e-07 -1.47221912e-05 
 2.97808177e-07  1.25297088e-06  2.97808177e-07  1.49199946e-05 
 2.97858177e-07 -1.11971671e-06  2.97858177e-07 -1.50940882e-05 
 2.97908177e-07  1.22621256e-06  2.97908177e-07  1.52830964e-05 
 2.97958177e-07 -1.09323698e-06  2.97958177e-07 -1.54485473e-05 
 2.98008177e-07  1.20000834e-06  2.98008177e-07  1.56290682e-05 
 2.98058177e-07 -1.06730726e-06  2.98058177e-07 -1.57861785e-05 
 2.98108177e-07  1.17435001e-06  2.98108177e-07  1.59585076e-05 
 2.98158177e-07 -1.04191910e-06  2.98158177e-07 -1.61075677e-05 
 2.98208177e-07  1.14922883e-06  2.98208177e-07  1.62719891e-05 
 2.98258177e-07 -1.01706362e-06  2.98258177e-07 -1.64132778e-05 
 2.98308177e-07  1.12463588e-06  2.98308177e-07  1.65700644e-05 
 2.98358177e-07 -9.92731871e-07  2.98358177e-07 -1.67038499e-05 
 2.98408177e-07  1.10056210e-06  2.98408177e-07  1.68532643e-05 
 2.98458177e-07 -9.68914624e-07  2.98458177e-07 -1.69798046e-05 
 2.98508177e-07  1.07699821e-06  2.98508177e-07  1.71220993e-05 
 2.98558177e-07 -9.45602636e-07  2.98558177e-07 -1.72416428e-05 
 2.98608177e-07  1.05393493e-06  2.98608177e-07  1.73770611e-05 
 2.98658177e-07 -9.22786566e-07  2.98658177e-07 -1.74898468e-05 
 2.98708177e-07  1.03136290e-06  2.98708177e-07  1.76186228e-05 
 2.98758177e-07 -9.00457028e-07  2.98758177e-07 -1.77248811e-05 
 2.98808177e-07  1.00927273e-06  2.98808177e-07  1.78472407e-05 
 2.98858177e-07 -8.78604677e-07  2.98858177e-07 -1.79471936e-05 
 2.98908177e-07  9.87655074e-07  2.98908177e-07  1.80633543e-05 
 2.98958177e-07 -8.57220180e-07  2.98958177e-07 -1.81572159e-05 
 2.99008177e-07  9.66500683e-07  2.99008177e-07  1.82673877e-05 
 2.99058177e-07 -8.36294336e-07  2.99058177e-07 -1.83553644e-05 
 2.99108177e-07  9.45800349e-07  2.99108177e-07  1.84597497e-05 
 2.99158177e-07 -8.15817964e-07  2.99158177e-07 -1.85420408e-05 
 2.99208177e-07  9.25544986e-07  2.99208177e-07  1.86408352e-05 
 2.99258177e-07 -7.95782062e-07  2.99258177e-07 -1.87176330e-05 
 2.99308177e-07  9.05725609e-07  2.99308177e-07  1.88110251e-05 
 2.99358177e-07 -7.76177633e-07  2.99358177e-07 -1.88825154e-05 
 2.99408177e-07  8.86333261e-07  2.99408177e-07  1.89706875e-05 
 2.99458177e-07 -7.56995882e-07  2.99458177e-07 -1.90370495e-05 
 2.99508177e-07  8.67359276e-07  2.99508177e-07  1.91201777e-05 
 2.99558177e-07 -7.38228124e-07  2.99558177e-07 -1.91815850e-05 
 2.99608177e-07  8.48794968e-07  2.99608177e-07  1.92598393e-05 
 2.99658177e-07 -7.19865781e-07  2.99658177e-07 -1.93164593e-05 
 2.99708177e-07  8.30631866e-07  2.99708177e-07  1.93900043e-05 
 2.99758177e-07 -7.01900477e-07  2.99758177e-07 -1.94419989e-05 
 2.99808177e-07  8.12861699e-07  2.99808177e-07  1.95109938e-05 
 2.99858177e-07 -6.84323955e-07  2.99858177e-07 -1.95585195e-05 
 2.99908177e-07  7.95476218e-07  2.99908177e-07  1.96231179e-05 
 2.99954089e-07 -6.66371112e-07  2.99954089e-07 -1.96709299e-05 
 3.00000000e-07  7.76970647e-07  3.00000000e-07  1.97354946e-05 
 3.00005000e-07  1.31002717e-05  3.00005000e-07  1.78456188e-04 
 3.00015000e-07 -5.60213881e-06  3.00015000e-07  2.38622405e-06 
 3.00035000e-07 -6.42860472e-06  3.00035000e-07 -5.68826256e-05 
 3.00075000e-07  5.97433507e-06  3.00075000e-07 -5.25894624e-05 
 3.00125000e-07 -3.09549159e-05  3.00125000e-07 -1.21084801e-04 
 3.00162500e-07 -6.30350433e-05  3.00162500e-07 -3.02817598e-04 
 3.00200000e-07  4.54226267e-04  3.00200000e-07  2.42711329e-04 
 3.00205000e-07  2.83080797e-04  3.00205000e-07  1.23477874e-04 
 3.00215000e-07 -2.45899731e-04  3.00215000e-07  3.46204706e-04 
 3.00235000e-07 -2.99208333e-04  3.00235000e-07  8.53390590e-04 
 3.00275000e-07  1.90004081e-04  3.00275000e-07  1.13033174e-03 
 3.00318187e-07 -1.14122803e-04  3.00318187e-07 -1.90024927e-03 
 3.00363617e-07  7.74528613e-05  3.00363617e-07  4.69387070e-04 
 3.00413617e-07 -5.80627144e-05  3.00413617e-07 -2.47093602e-04 
 3.00463617e-07  4.56567705e-05  3.00463617e-07  2.82908311e-04 
 3.00513617e-07 -3.67659959e-05  3.00513617e-07 -1.66905723e-04 
 3.00563617e-07  3.04636116e-05  3.00563617e-07  1.14181561e-04 
 3.00613617e-07 -2.54695767e-05  3.00613617e-07 -6.09324101e-05 
 3.00663617e-07  2.18122013e-05  3.00663617e-07  2.23967571e-05 
 3.00713617e-07 -1.87069805e-05  3.00713617e-07  8.33555087e-06 
 3.00763617e-07  1.64239351e-05  3.00763617e-07 -3.17634465e-05 
 3.00813617e-07 -1.43490431e-05  3.00813617e-07  4.96788371e-05 
 3.00863617e-07  1.28464351e-05  3.00863617e-07 -6.31007626e-05 
 3.00913617e-07 -1.13665250e-05  3.00913617e-07  7.30098948e-05 
 3.00963617e-07  1.03263504e-05  3.00963617e-07 -8.00671350e-05 
 3.01013617e-07 -9.20761761e-06  3.01013617e-07  8.49206677e-05 
 3.01063617e-07  8.45475298e-06  3.01063617e-07 -8.79711060e-05 
 3.01113617e-07 -7.56638322e-06  3.01113617e-07  8.96604946e-05 
 3.01163617e-07  7.00160053e-06  3.01163617e-07 -9.02257066e-05 
 3.01213617e-07 -6.26831134e-06  3.01213617e-07  8.99746575e-05 
 3.01263617e-07  5.83363398e-06  3.01263617e-07 -8.90401399e-05 
 3.01313617e-07 -5.21061798e-06  3.01313617e-07  8.76412969e-05 
 3.01363617e-07  4.87086864e-06  3.01363617e-07 -8.58442685e-05 
 3.01413617e-07 -4.33032510e-06  3.01413617e-07  8.38088417e-05 
 3.01463617e-07  4.06316583e-06  3.01463617e-07 -8.15584089e-05 
 3.01513617e-07 -3.58698535e-06  3.01513617e-07  7.92128117e-05 
 3.01563617e-07  3.37748535e-06  3.01563617e-07 -7.67681403e-05 
 3.01613617e-07 -2.95323474e-06  3.01613617e-07  7.43172477e-05 
 3.01663617e-07  2.79087229e-06  3.01663617e-07 -7.18389632e-05 
 3.01713617e-07 -2.40956113e-06  3.01713617e-07  6.94078674e-05 
 3.01763617e-07  2.28654291e-06  3.01763617e-07 -6.69920709e-05 
 3.01813617e-07 -1.94135950e-06  3.01813617e-07  6.46537756e-05 
 3.01863617e-07  1.85165936e-06  3.01863617e-07 -6.23546292e-05 
 3.01913617e-07 -1.53723829e-06  3.01913617e-07  6.01484548e-05 
 3.01956809e-07  1.44865890e-06  3.01956809e-07 -5.76622237e-05 
 3.02000000e-07 -1.13740544e-06  3.02000000e-07  5.53011907e-05 
 3.02005000e-07  1.82803187e-04  3.02005000e-07  2.48013983e-03 
 3.02015000e-07  1.50844450e-04  3.02015000e-07  2.66702951e-03 
 3.02035000e-07  1.09620482e-05  3.02035000e-07  9.85846490e-04 
 3.02075000e-07  5.03240566e-05  3.02075000e-07  8.74205475e-04 
 3.02125000e-07 -8.33074334e-06  3.02125000e-07  2.14519878e-04 
 3.02162500e-07 -2.55916934e-05  3.02162500e-07  6.69065488e-04 
 3.02200000e-07  7.16958962e-06  3.02200000e-07 -2.76044822e-03 
 3.02205000e-07 -1.30866966e-04  3.02205000e-07 -1.89101257e-03 
 3.02215000e-07 -1.33870091e-04  3.02215000e-07 -1.24445661e-03 
 3.02235000e-07 -4.07245609e-05  3.02235000e-07 -1.04496073e-03 
 3.02275000e-07 -2.77348276e-05  3.02275000e-07 -5.15801144e-04 
 3.02325000e-07  1.38384183e-05  3.02325000e-07 -2.74257390e-04 
 3.02375000e-07 -1.45461544e-05  3.02375000e-07 -1.00304609e-04 
 3.02425000e-07  1.37082000e-05  3.02425000e-07 -6.81844483e-05 
 3.02475000e-07 -1.28189131e-05  3.02475000e-07 -1.59427794e-05 
 3.02525000e-07  1.21533963e-05  3.02525000e-07 -2.08530074e-05 
 3.02575000e-07 -1.12778026e-05  3.02575000e-07  1.53169315e-06 
 3.02625000e-07  1.06714209e-05  3.02625000e-07 -9.73801602e-06 
 3.02675000e-07 -9.85970521e-06  3.02675000e-07  5.43853353e-06 
 3.02725000e-07  9.32182423e-06  3.02725000e-07 -7.52752334e-06 
 3.02775000e-07 -8.57968578e-06  3.02775000e-07  6.82612862e-06 
 3.02825000e-07  8.11124492e-06  3.02825000e-07 -7.62055544e-06 
 3.02875000e-07 -7.43735685e-06  3.02875000e-07  7.77823192e-06 
 3.02925000e-07  7.03549436e-06  3.02925000e-07 -8.25803797e-06 
 3.02975000e-07 -6.42601072e-06  3.02975000e-07  8.57018316e-06 
 3.03025000e-07  6.08621033e-06  3.03025000e-07 -8.90936482e-06 
 3.03075000e-07 -5.53617693e-06  3.03075000e-07  9.18102558e-06 
 3.03125000e-07  5.25319618e-06  3.03125000e-07 -9.40402292e-06 
 3.03175000e-07 -4.75721595e-06  3.03175000e-07  9.58342277e-06 
 3.03225000e-07  4.52558302e-06  3.03225000e-07 -9.69812729e-06 
 3.03275000e-07 -4.07819521e-06  3.03275000e-07  9.77986296e-06 
 3.03325000e-07  3.89250373e-06  3.03325000e-07 -9.79869680e-06 
 3.03375000e-07 -3.48841305e-06  3.03375000e-07  9.79381816e-06 
 3.03425000e-07  3.34350031e-06  3.03425000e-07 -9.73325124e-06 
 3.03475000e-07 -2.97771298e-06  3.03475000e-07  9.65811454e-06 
 3.03525000e-07  2.86876243e-06  3.03525000e-07 -9.53565896e-06 
 3.03575000e-07 -2.53666150e-06  3.03575000e-07  9.40716679e-06 
 3.03625000e-07  2.45925545e-06  3.03625000e-07 -9.23925078e-06 
 3.03675000e-07 -2.15663492e-06  3.03675000e-07  9.07276249e-06 
 3.03725000e-07  2.10677369e-06  3.03725000e-07 -8.87366024e-06 
 3.03775000e-07 -1.82984546e-06  3.03775000e-07  8.68218803e-06 
 3.03825000e-07  1.80394441e-06  3.03825000e-07 -8.46366624e-06 
 3.03875000e-07 -1.54932779e-06  3.03875000e-07  8.25772149e-06 
 3.03925000e-07  1.54420031e-06  3.03925000e-07 -8.02909487e-06 
 3.03975000e-07 -1.30890030e-06  3.03975000e-07  7.81685386e-06 
 3.04025000e-07  1.32173258e-06  3.04025000e-07 -7.58524150e-06 
 3.04075000e-07 -1.10311191e-06  3.04075000e-07  7.37284882e-06 
 3.04125000e-07  1.13143292e-06  3.04125000e-07 -7.14350784e-06 
 3.04175000e-07 -9.27181122e-07  3.04175000e-07  6.93541919e-06 
 3.04225000e-07  9.68831005e-07  3.04225000e-07 -6.71208628e-06 
 3.04275000e-07 -7.76932654e-07  3.04275000e-07  6.51139914e-06 
 3.04325000e-07  8.30031086e-07  3.04325000e-07 -6.29660519e-06 
 3.04375000e-07 -6.48734531e-07  3.04375000e-07  6.10535325e-06 
 3.04425000e-07  7.11649922e-07  3.04425000e-07 -5.90069619e-06 
 3.04475000e-07 -5.39437486e-07  3.04475000e-07  5.72009951e-06 
 3.04525000e-07  6.10758366e-07  3.04525000e-07 -5.52647161e-06 
 3.04575000e-07 -4.46318773e-07  3.04575000e-07  5.35714173e-06 
 3.04625000e-07  5.24827093e-07  3.04625000e-07 -5.17491381e-06 
 3.04675000e-07 -3.67030075e-07  3.04675000e-07  5.01701822e-06 
 3.04725000e-07  4.51677053e-07  3.04725000e-07 -4.84618558e-06 
 3.04775000e-07 -2.99550351e-07  3.04775000e-07  4.69957650e-06 
 3.04825000e-07  3.89434831e-07  3.04825000e-07 -4.53987226e-06 
 3.04875000e-07 -2.42143719e-07  3.04875000e-07  4.40418609e-06 
 3.04925000e-07  3.36492512e-07  3.04925000e-07 -4.25516799e-06 
 3.04975000e-07 -1.93321469e-07  3.04975000e-07  4.12990069e-06 
 3.05025000e-07  2.91472465e-07  3.05025000e-07 -3.99101622e-06 
 3.05075000e-07 -1.51809044e-07  3.05075000e-07  3.87557941e-06 
 3.05125000e-07  2.53195841e-07  3.05125000e-07 -3.74621408e-06 
 3.05175000e-07 -1.16516530e-07  3.05175000e-07  3.63997632e-06 
 3.05225000e-07  2.20655224e-07  3.05225000e-07 -3.51948861e-06 
 3.05275000e-07 -8.65130465e-08  3.05275000e-07  3.42180490e-06 
 3.05325000e-07  1.92990846e-07  3.05325000e-07 -3.30955110e-06 
 3.05375000e-07 -6.10045670e-08  3.05375000e-07  3.21978355e-06 
 3.05425000e-07  1.69469373e-07  3.05425000e-07 -3.11513480e-06 
 3.05475000e-07 -3.93141396e-08  3.05475000e-07  3.03266660e-06 
 3.05525000e-07  1.49466240e-07  3.05525000e-07 -2.93502015e-06 
 3.05575000e-07 -2.08655069e-08  3.05575000e-07  2.85926460e-06 
 3.05625000e-07  1.32449795e-07  3.05625000e-07 -2.76805082e-06 
 3.05675000e-07 -5.16832592e-09  3.05675000e-07  2.69845657e-06 
 3.05725000e-07  1.17967882e-07  3.05725000e-07 -2.61314288e-06 
 3.05775000e-07  8.19431724e-09  3.05775000e-07  2.54919663e-06 
 3.05825000e-07  1.05636155e-07  3.05825000e-07 -2.46928902e-06 
 3.05875000e-07  1.95765878e-08  3.05875000e-07  2.41051617e-06 
 3.05925000e-07  9.51282884e-08  3.05925000e-07 -2.33555934e-06 
 3.05975000e-07  2.92792370e-08  3.05975000e-07  2.28152369e-06 
 3.06025000e-07  8.61672309e-08  3.06025000e-07 -2.21109997e-06 
 3.06075000e-07  3.75573981e-08  3.06075000e-07  2.16140215e-06 
 3.06125000e-07  7.85179783e-08  3.06125000e-07 -2.09512988e-06 
 3.06175000e-07  4.46274823e-08  3.06175000e-07  2.04940539e-06 
 3.06225000e-07  7.19812825e-08  3.06225000e-07 -1.98693671e-06 
 3.06275000e-07  5.06729753e-08  3.06275000e-07  1.94485383e-06 
 3.06325000e-07  6.63882428e-08  3.06325000e-07 -1.88587245e-06 
 3.06375000e-07  5.58492080e-08  3.06375000e-07  1.84712963e-06 
 3.06425000e-07  6.15959240e-08  3.06425000e-07 -1.79134821e-06 
 3.06475000e-07  6.02878977e-08  3.06475000e-07  1.75567188e-06 
 3.06525000e-07  5.74831149e-08  3.06525000e-07 -1.70282976e-06 
 3.06575000e-07  6.41003952e-08  3.06575000e-07  1.66997166e-06 
 3.06625000e-07  5.39473839e-08  3.06625000e-07 -1.61983252e-06 
 3.06675000e-07  6.73810302e-08  3.06675000e-07  1.58956761e-06 
 3.06725000e-07  5.09019630e-08  3.06725000e-07 -1.54191711e-06 
 3.06775000e-07  7.02095334e-08  3.06775000e-07  1.51404134e-06 
 3.06825000e-07  4.82735484e-08  3.06825000e-07 -1.46868518e-06 
 3.06875000e-07  7.26533588e-08  3.06875000e-07  1.44301348e-06 
 3.06925000e-07  4.60000788e-08  3.06925000e-07 -1.39977539e-06 
 3.06975000e-07  7.47695592e-08  3.06975000e-07  1.37613982e-06 
 3.07025000e-07  4.40290857e-08  3.07025000e-07 -1.33485977e-06 
 3.07075000e-07  7.66063886e-08  3.07075000e-07  1.31310785e-06 
 3.07125000e-07  4.23162740e-08  3.07125000e-07 -1.27364048e-06 
 3.07175000e-07  7.82045623e-08  3.07175000e-07  1.25363360e-06 
 3.07225000e-07  4.08241559e-08  3.07225000e-07 -1.21584672e-06 
 3.07275000e-07  7.95985181e-08  3.07275000e-07  1.19745880e-06 
 3.07325000e-07  3.95211017e-08  3.07325000e-07 -1.16123207e-06 
 3.07375000e-07  8.08173891e-08  3.07375000e-07  1.14434824e-06 
 3.07425000e-07  3.83802882e-08  3.07425000e-07 -1.10957201e-06 
 3.07475000e-07  8.18857821e-08  3.07475000e-07  1.09408752e-06 
 3.07525000e-07  3.73791178e-08  3.07525000e-07 -1.06066170e-06 
 3.07575000e-07  8.28244797e-08  3.07575000e-07  1.04648092e-06 
 3.07625000e-07  3.64984685e-08  3.07625000e-07 -1.01431405e-06 
 3.07675000e-07  8.36511158e-08  3.07675000e-07  1.00134946e-06 
 3.07725000e-07  3.57221491e-08  3.07725000e-07 -9.70357856e-07 
 3.07775000e-07  8.43805657e-08  3.07775000e-07  9.58529381e-07 
 3.07825000e-07  3.50364218e-08  3.07825000e-07 -9.28636324e-07 
 3.07875000e-07  8.50254353e-08  3.07875000e-07  9.17870493e-07 
 3.07925000e-07  3.44297676e-08  3.07925000e-07 -8.89005599e-07 
 3.07975000e-07  8.55963581e-08  3.07975000e-07  8.79234936e-07 
 3.08025000e-07  3.38923041e-08  3.08025000e-07 -8.51333511e-07 
 3.08075000e-07  8.61024104e-08  3.08075000e-07  8.42495912e-07 
 3.08125000e-07  3.34157394e-08  3.08125000e-07 -8.15498373e-07 
 3.08175000e-07  8.65513114e-08  3.08175000e-07  8.07536706e-07 
 3.08225000e-07  3.29928651e-08  3.08225000e-07 -7.81388153e-07 
 3.08275000e-07  8.69495950e-08  3.08275000e-07  7.74249639e-07 
 3.08325000e-07  3.26178007e-08  3.08325000e-07 -7.48899355e-07 
 3.08375000e-07  8.73027658e-08  3.08375000e-07  7.42535253e-07 
 3.08425000e-07  3.22853350e-08  3.08425000e-07 -7.17936373e-07 
 3.08475000e-07  8.76156308e-08  3.08475000e-07  7.12301574e-07 
 3.08525000e-07  3.19910513e-08  3.08525000e-07 -6.88410711e-07 
 3.08575000e-07  8.78922405e-08  3.08575000e-07  6.83463451e-07 
 3.08625000e-07  3.17312453e-08  3.08625000e-07 -6.60240335e-07 
 3.08675000e-07  8.81360514e-08  3.08675000e-07  6.55941796e-07 
 3.08725000e-07  3.15026502e-08  3.08725000e-07 -6.33349044e-07 
 3.08775000e-07  8.83501168e-08  3.08775000e-07  6.29663243e-07 
 3.08825000e-07  3.13025030e-08  3.08825000e-07 -6.07666165e-07 
 3.08875000e-07  8.85369960e-08  3.08875000e-07  6.04559520e-07 
 3.08925000e-07  3.11283576e-08  3.08925000e-07 -5.83125714e-07 
 3.08975000e-07  8.86988947e-08  3.08975000e-07  5.80567051e-07 
 3.09025000e-07  3.09781638e-08  3.09025000e-07 -5.59666360e-07 
 3.09075000e-07  8.88378607e-08  3.09075000e-07  5.57626559e-07 
 3.09125000e-07  3.08500539e-08  3.09125000e-07 -5.37230874e-07 
 3.09175000e-07  8.89555196e-08  3.09175000e-07  5.35682671e-07 
 3.09225000e-07  3.07424408e-08  3.09225000e-07 -5.15765693e-07 
 3.09275000e-07  8.90533933e-08  3.09275000e-07  5.14683719e-07 
 3.09325000e-07  3.06539442e-08  3.09325000e-07 -4.95220820e-07 
 3.09375000e-07  8.91328632e-08  3.09375000e-07  4.94581249e-07 
 3.09425000e-07  3.05832149e-08  3.09425000e-07 -4.75549383e-07 
 3.09475000e-07  8.91950982e-08  3.09475000e-07  4.75329900e-07 
 3.09525000e-07  3.05292382e-08  3.09525000e-07 -4.56707519e-07 
 3.09575000e-07  8.92411185e-08  3.09575000e-07  4.56887189e-07 
 3.09625000e-07  3.04909305e-08  3.09625000e-07 -4.38653994e-07 
 3.09675000e-07  8.92718981e-08  3.09675000e-07  4.39213230e-07 
 3.09725000e-07  3.04674274e-08  3.09725000e-07 -4.21350169e-07 
 3.09775000e-07  8.92883344e-08  3.09775000e-07  4.22270445e-07 
 3.09825000e-07  3.04578853e-08  3.09825000e-07 -4.04759637e-07 
 3.09875000e-07  8.92911924e-08  3.09875000e-07  4.06023635e-07 
 3.09925000e-07  3.04615598e-08  3.09925000e-07 -3.88848217e-07 
 3.09962500e-07  8.92782976e-08  3.09962500e-07  3.87904094e-07 
 3.10000000e-07  3.04857720e-08  3.10000000e-07 -3.68633318e-07 
 3.10005000e-07 -8.04614907e-06  3.10005000e-07 -7.27721568e-05 
 3.10015000e-07  5.89160225e-06  3.10015000e-07  1.23679366e-05 
 3.10035000e-07  1.71809871e-06  3.10035000e-07  1.43914348e-05 
 3.10075000e-07 -2.65618242e-06  3.10075000e-07  1.69204120e-05 
 3.10125000e-07  2.38903751e-05  3.10125000e-07  1.72662104e-04 
 3.10162500e-07  1.44403547e-05  3.10162500e-07  1.92707903e-04 
 3.10200000e-07 -3.40531356e-04  3.10200000e-07 -1.50285558e-04 
 3.10205000e-07 -3.40147417e-04  3.10205000e-07 -3.70928131e-04 
 3.10215000e-07  8.60164930e-06  3.10215000e-07 -8.11096775e-04 
 3.10235000e-07  5.21417284e-04  3.10235000e-07 -1.33175143e-03 
 3.10273305e-07 -2.74577059e-04  3.10273305e-07 -4.37380937e-04 
 3.10315720e-07  1.33769737e-04  3.10315720e-07  1.69806095e-03 
 3.10360153e-07 -5.39411932e-05  3.10360153e-07 -2.84174356e-04 
 3.10410153e-07  1.70235559e-05  3.10410153e-07  2.41878121e-04 
 3.10460153e-07  9.82799095e-06  3.10460153e-07 -3.07833429e-04 
 3.10510153e-07 -3.11940771e-05  3.10510153e-07  1.31483957e-04 
 3.10560153e-07  4.65944137e-05  3.10560153e-07 -1.04624743e-04 
 3.10610153e-07 -5.61922251e-05  3.10610153e-07  6.05614314e-05 
 3.10660153e-07  6.17203794e-05  3.10660153e-07 -3.22137037e-05 
 3.10710153e-07 -6.39526218e-05  3.10710153e-07 -7.35808210e-06 
 3.10760153e-07  6.42448393e-05  3.10760153e-07  2.82907112e-05 
 3.10810153e-07 -6.28378859e-05  3.10810153e-07 -5.16534229e-05 
 3.10860153e-07  6.06873667e-05  3.10860153e-07  6.76007217e-05 
 3.10910153e-07 -5.76763327e-05  3.10910153e-07 -8.15029024e-05 
 3.10960153e-07  5.45343480e-05  3.10960153e-07  9.20957173e-05 
 3.11010153e-07 -5.09581871e-05  3.11010153e-07 -1.00365625e-04 
 3.11060153e-07  4.75588823e-05  3.11060153e-07  1.06722043e-04 
 3.11110153e-07 -4.39389602e-05  3.11110153e-07 -1.11335111e-04 
 3.11160153e-07  4.06461103e-05  3.11160153e-07  1.14688729e-04 
 3.11210153e-07 -3.72349226e-05  3.11210153e-07 -1.16855145e-04 
 3.11260153e-07  3.42182702e-05  3.11260153e-07  1.18172307e-04 
 3.11310153e-07 -3.11264002e-05  3.11310153e-07 -1.18706898e-04 
 3.11360153e-07  2.84527327e-05  3.11360153e-07  1.18678933e-04 
 3.11410153e-07 -2.57154488e-05  3.11410153e-07 -1.18144728e-04 
 3.11460153e-07  2.33971102e-05  3.11460153e-07  1.17250926e-04 
 3.11510153e-07 -2.10103116e-05  3.11510153e-07 -1.16036493e-04 
 3.11560153e-07  1.90316969e-05  3.11560153e-07  1.14604218e-04 
 3.11610153e-07 -1.69717016e-05  3.11610153e-07 -1.12975148e-04 
 3.11660153e-07  1.53039361e-05  3.11660153e-07  1.11225483e-04 
 3.11710153e-07 -1.35384645e-05  3.11710153e-07 -1.09361030e-04 
 3.11760153e-07  1.21475531e-05  3.11760153e-07  1.07441486e-04 
 3.11810153e-07 -1.06417917e-05  3.11810153e-07 -1.05460825e-04 
 3.11860153e-07  9.49308134e-06  3.11860153e-07  1.03468332e-04 
 3.11910153e-07 -8.21294679e-06  3.11910153e-07 -1.01449221e-04 
 3.11960153e-07  7.27347570e-06  3.11960153e-07  9.94461752e-05 
 3.12010153e-07 -6.18727292e-06  3.12010153e-07 -9.74380837e-05 
 3.12060153e-07  5.42690480e-06  3.12060153e-07  9.54634840e-05 
 3.12110153e-07 -4.50606141e-06  3.12110153e-07 -9.34967571e-05 
 3.12160153e-07  3.89792355e-06  3.12160153e-07  9.15739018e-05 
 3.12210153e-07 -3.11720103e-06  3.12210153e-07 -8.96661052e-05 
 3.12260153e-07  2.63762993e-06  3.12260153e-07  8.78094857e-05 
 3.12310153e-07 -1.97523846e-06  3.12310153e-07 -8.59648183e-05 
 3.12360153e-07  1.60388594e-06  3.12360153e-07  8.41814053e-05 
 3.12410153e-07 -1.04058575e-06  3.12410153e-07 -8.24097145e-05 
 3.12460153e-07  7.60024212e-07  3.12460153e-07  8.06981620e-05 
 3.12510153e-07 -2.79641265e-07  3.12510153e-07 -7.89991148e-05 
 3.12560153e-07  7.49038446e-08  3.12560153e-07  7.73587556e-05 
 3.12610153e-07  3.36336043e-07  3.12610153e-07 -7.57304274e-05 
 3.12660153e-07 -4.77958087e-07  3.12660153e-07  7.41588519e-05 
 3.12710153e-07  8.31721323e-07  3.12710153e-07 -7.25982478e-05 
 3.12760153e-07 -9.20983479e-07  3.12760153e-07  7.10913312e-05 
 3.12810153e-07  1.22710227e-06  3.12810153e-07 -6.95963836e-05 
 3.12860153e-07 -1.27302035e-06  3.12860153e-07  6.81519869e-05 
 3.12910153e-07  1.53978577e-06  3.12910153e-07 -6.67156793e-05 
 3.12960153e-07 -1.54992469e-06  3.12960153e-07  6.53296543e-05 
 3.13010153e-07  1.78424913e-06  3.13010153e-07 -6.39502517e-05 
 3.13060153e-07 -1.76497598e-06  3.13060153e-07  6.26186796e-05 
 3.13110153e-07  1.97266679e-06  3.13110153e-07 -6.12923650e-05 
 3.13160153e-07 -1.92928497e-06  3.13160153e-07  6.00118769e-05 
 3.13210153e-07  2.11517881e-06  3.13210153e-07 -5.87352890e-05 
 3.13260153e-07 -2.05210395e-06  3.13260153e-07  5.75026874e-05 
 3.13310153e-07  2.22022525e-06  3.13310153e-07 -5.62727341e-05 
 3.13360153e-07 -2.14112734e-06  3.13360153e-07  5.50850855e-05 
 3.13410153e-07  2.29481771e-06  3.13410153e-07 -5.38989403e-05 
 3.13460153e-07 -2.20274030e-06  3.13460153e-07  5.27535750e-05 
 3.13510153e-07  2.34476788e-06  3.13510153e-07 -5.16086705e-05 
 3.13560153e-07 -2.24222893e-06  3.13560153e-07  5.05031683e-05 
 3.13610153e-07  2.37488139e-06  3.13610153e-07 -4.93971800e-05 
 3.13660153e-07 -2.26395910e-06  3.13660153e-07  4.83293515e-05 
 3.13710153e-07  2.38912227e-06  3.13710153e-07 -4.72601770e-05 
 3.13760153e-07 -2.27152742e-06  3.13760153e-07  4.62280420e-05 
 3.13810153e-07  2.39075172e-06  3.13810153e-07 -4.51937795e-05 
 3.13860153e-07 -2.26788867e-06  3.13860153e-07  4.41955451e-05 
 3.13910153e-07  2.38244504e-06  3.13910153e-07 -4.31944712e-05 
 3.13960153e-07 -2.25546319e-06  3.13960153e-07  4.22285111e-05 
 3.14010153e-07  2.36639007e-06  3.14010153e-07 -4.12590605e-05 
 3.14060153e-07 -2.23622695e-06  3.14060153e-07  4.03238951e-05 
 3.14110153e-07  2.34437011e-06  3.14110153e-07 -3.93846419e-05 
 3.14160153e-07 -2.21178760e-06  3.14160153e-07  3.84789211e-05 
 3.14210153e-07  2.31783281e-06  3.14210153e-07 -3.75685617e-05 
 3.14260153e-07 -2.18344748e-06  3.14260153e-07  3.66910487e-05 
 3.14310153e-07  2.28794858e-06  3.14310153e-07 -3.58083873e-05 
 3.14360153e-07 -2.15225694e-06  3.14360153e-07  3.49579450e-05 
 3.14410153e-07  2.25565873e-06  3.14410153e-07 -3.41018801e-05 
 3.14460153e-07 -2.11905856e-06  3.14460153e-07  3.32774589e-05 
 3.14510153e-07  2.22171627e-06  3.14510153e-07 -3.24469720e-05 
 3.14560153e-07 -2.08452401e-06  3.14560153e-07  3.16475994e-05 
 3.14610153e-07  2.18671935e-06  3.14610153e-07 -3.08417454e-05 
 3.14660153e-07 -2.04918498e-06  3.14660153e-07  3.00665166e-05 
 3.14710153e-07  2.15113948e-06  3.14710153e-07 -2.92844149e-05 
 3.14760153e-07 -2.01345861e-06  3.14760153e-07  2.85324855e-05 
 3.14810153e-07  2.11534466e-06  3.14810153e-07 -2.77733129e-05 
 3.14860153e-07 -1.97766863e-06  3.14860153e-07  2.70438916e-05 
 3.14910153e-07  2.07961893e-06  3.14910153e-07 -2.63068759e-05 
 3.14960153e-07 -1.94206325e-06  3.14960153e-07  2.55992191e-05 
 3.15010153e-07  2.04417808e-06  3.15010153e-07 -2.48836336e-05 
 3.15060153e-07 -1.90682926e-06  3.15060153e-07  2.41970403e-05 
 3.15110153e-07  2.00918298e-06  3.15110153e-07 -2.35021991e-05 
 3.15160153e-07 -1.87210434e-06  3.15160153e-07  2.28360063e-05 
 3.15210153e-07  1.97475055e-06  3.15210153e-07 -2.21612605e-05 
 3.15260153e-07 -1.83798677e-06  3.15260153e-07  2.15148399e-05 
 3.15310153e-07  1.94096248e-06  3.15310153e-07 -2.08595735e-05 
 3.15360153e-07 -1.80454354e-06  3.15360153e-07  2.02323279e-05 
 3.15410153e-07  1.90787267e-06  3.15410153e-07 -1.95959554e-05 
 3.15460153e-07 -1.77181707e-06  3.15460153e-07  1.89873162e-05 
 3.15510153e-07  1.87551337e-06  3.15510153e-07 -1.83692794e-05 
 3.15560153e-07 -1.73983049e-06  3.15560153e-07  1.77787038e-05 
 3.15610153e-07  1.84389975e-06  3.15610153e-07 -1.71784699e-05 
 3.15660153e-07 -1.70859207e-06  3.15660153e-07  1.66054389e-05 
 3.15710153e-07  1.81303403e-06  3.15710153e-07 -1.60224980e-05 
 3.15760153e-07 -1.67809880e-06  3.15760153e-07  1.54665147e-05 
 3.15810153e-07  1.78290873e-06  3.15810153e-07 -1.49003784e-05 
 3.15860153e-07 -1.64833934e-06  3.15860153e-07  1.43609661e-05 
 3.15910153e-07  1.75350914e-06  3.15910153e-07 -1.38111655e-05 
 3.15960153e-07 -1.61929615e-06  3.15960153e-07  1.32878662e-05 
 3.16010153e-07  1.72481541e-06  3.16010153e-07 -1.27539510e-05 
 3.16060153e-07 -1.59094749e-06  3.16060153e-07  1.22463241e-05 
 3.16110153e-07  1.69680418e-06  3.16110153e-07 -1.17278609e-05 
 3.16160153e-07 -1.56326873e-06  3.16160153e-07  1.12354821e-05 
 3.16210153e-07  1.66944992e-06  3.16210153e-07 -1.07320533e-05 
 3.16260153e-07 -1.53623358e-06  3.16260153e-07  1.02545137e-05 
 3.16310153e-07  1.64272581e-06  3.16310153e-07 -9.76571664e-06 
 3.16360153e-07 -1.50981503e-06  3.16360153e-07  9.30262126e-06 
 3.16410153e-07  1.61660470e-06  3.16410153e-07 -8.82806737e-06 
 3.16460153e-07 -1.48398582e-06  3.16460153e-07  8.37903490e-06 
 3.16510153e-07  1.59105946e-06  3.16510153e-07 -7.91834851e-06 
 3.16560153e-07 -1.45871915e-06  3.16560153e-07  7.48301015e-06 
 3.16610153e-07  1.56606365e-06  3.16610153e-07 -7.03582809e-06 
 3.16660153e-07 -1.43398898e-06  3.16660153e-07  6.61382690e-06 
 3.16710153e-07  1.54159170e-06  3.16710153e-07 -6.17979764e-06 
 3.16760153e-07 -1.40977021e-06  3.16760153e-07  5.77078803e-06 
 3.16810153e-07  1.51761909e-06  3.16810153e-07 -5.34957105e-06 
 3.16860153e-07 -1.38603906e-06  3.16860153e-07  4.95321801e-06 
 3.16910153e-07  1.49412270e-06  3.16910153e-07 -4.54448335e-06 
 3.16960153e-07 -1.36277302e-06  3.16960153e-07  4.16046205e-06 
 3.17010153e-07  1.47108067e-06  3.17010153e-07 -3.76388956e-06 
 3.17060153e-07 -1.33995092e-06  3.17060153e-07  3.39188478e-06 
 3.17110153e-07  1.44847257e-06  3.17110153e-07 -3.00716390e-06 
 3.17160153e-07 -1.31755301e-06  3.17160153e-07  2.64686955e-06 
 3.17210153e-07  1.42627934e-06  3.17210153e-07 -2.27369860e-06 
 3.17260153e-07 -1.29556098e-06  3.17260153e-07  1.92481738e-06 
 3.17310153e-07  1.40448331e-06  3.17310153e-07 -1.56290335e-06 
 3.17360153e-07 -1.27395780e-06  3.17360153e-07  1.22514625e-06 
 3.17410153e-07  1.38306816e-06  3.17410153e-07 -8.74204343e-07 
 3.17460153e-07 -1.25272778e-06  3.17460153e-07  5.47290396e-07 
 3.17510153e-07  1.36201878e-06  3.17510153e-07 -2.07043562e-07 
 3.17560153e-07 -1.23185642e-06  3.17560153e-07 -1.09300598e-07 
 3.17610153e-07  1.34132131e-06  3.17610153e-07  4.39121803e-07 
 3.17660153e-07 -1.21133048e-06  3.17660153e-07 -7.45162219e-07 
 3.17710153e-07  1.32096305e-06  3.17710153e-07  1.06482002e-06 
 3.17760153e-07 -1.19113777e-06  3.17760153e-07 -1.36081565e-06 
 3.17810153e-07  1.30093233e-06  3.17810153e-07  1.67056544e-06 
 3.17860153e-07 -1.17126713e-06  3.17860153e-07 -1.95676852e-06 
 3.17910153e-07  1.28121844e-06  3.17910153e-07  2.25685893e-06 
 3.17960153e-07 -1.15170829e-06  3.17960153e-07 -2.53351517e-06 
 3.18010153e-07  1.26181158e-06  3.18010153e-07  2.82418849e-06 
 3.18060153e-07 -1.13245194e-06  3.18060153e-07 -3.09153737e-06 
 3.18110153e-07  1.24270291e-06  3.18110153e-07  3.37302970e-06 
 3.18160153e-07 -1.11348953e-06  3.18160153e-07 -3.63130457e-06 
 3.18210153e-07  1.22388415e-06  3.18210153e-07  3.90384608e-06 
 3.18260153e-07 -1.09481323e-06  3.18260153e-07 -4.15327456e-06 
 3.18310153e-07  1.20534786e-06  3.18310153e-07  4.41708965e-06 
 3.18360153e-07 -1.07641590e-06  3.18360153e-07 -4.65789360e-06 
 3.18410153e-07  1.18708717e-06  3.18410153e-07  4.91320115e-06 
 3.18460153e-07 -1.05829092e-06  3.18460153e-07 -5.14559715e-06 
 3.18510153e-07  1.16909582e-06  3.18510153e-07  5.39261061e-06 
 3.18560153e-07 -1.04043235e-06  3.18560153e-07 -5.61680979e-06 
 3.18610153e-07  1.15136805e-06  3.18610153e-07  5.85573754e-06 
 3.18660153e-07 -1.02283463e-06  3.18660153e-07 -6.07194603e-06 
 3.18710153e-07  1.13389855e-06  3.18710153e-07  6.30299133e-06 
 3.18760153e-07 -1.00549272e-06  3.18760153e-07 -6.51141027e-06 
 3.18810153e-07  1.11668243e-06  3.18810153e-07  6.73477146e-06 
 3.18860153e-07 -9.88401810e-07  3.18860153e-07 -6.93559722e-06 
 3.18910153e-07  1.09971517e-06  3.18910153e-07  7.15146800e-06 
 3.18960153e-07 -9.71557672e-07  3.18960153e-07 -7.34489223e-06 
 3.19010153e-07  1.08299263e-06  3.19010153e-07  7.55346174e-06 
 3.19060153e-07 -9.54956264e-07  3.19060153e-07 -7.73967162e-06 
 3.19110153e-07  1.06651087e-06  3.19110153e-07  7.94112436e-06 
 3.19160153e-07 -9.38593809e-07  3.19160153e-07 -8.12030267e-06 
 3.19210153e-07  1.05026637e-06  3.19210153e-07  8.31481902e-06 
 3.19260153e-07 -9.22466785e-07  3.19260153e-07 -8.48714420e-06 
 3.19310153e-07  1.03425556e-06  3.19310153e-07  8.67490018e-06 
 3.19360153e-07 -9.06571936e-07  3.19360153e-07 -8.84054658e-06 
 3.19410153e-07  1.01847542e-06  3.19410153e-07  9.02171418e-06 
 3.19460153e-07 -8.90906140e-07  3.19460153e-07 -9.18085205e-06 
 3.19510153e-07  1.00292279e-06  3.19510153e-07  9.35559924e-06 
 3.19560153e-07 -8.75466467e-07  3.19560153e-07 -9.50839493e-06 
 3.19610153e-07  9.87594931e-07  3.19610153e-07  9.67688579e-06 
 3.19660153e-07 -8.60250131e-07  3.19660153e-07 -9.82350173e-06 
 3.19710153e-07  9.72489068e-07  3.19710153e-07  9.98589656e-06 
 3.19760153e-07 -8.45254510e-07  3.19760153e-07 -1.01264915e-05 
 3.19810153e-07  9.57602645e-07  3.19810153e-07  1.02829469e-05 
 3.19860153e-07 -8.30477016e-07  3.19860153e-07 -1.04176760e-05 
 3.19910153e-07  9.42933073e-07  3.19910153e-07  1.05683449e-05 
 3.19955077e-07 -8.15098772e-07  3.19955077e-07 -1.07128273e-05 
 3.20000000e-07  9.26857871e-07  3.20000000e-07  1.08726634e-05 
 3.20005000e-07  1.48877709e-05  3.20005000e-07  2.03210658e-04 
 3.20015000e-07 -3.36734290e-06  3.20015000e-07  2.00892247e-05 
 3.20035000e-07 -8.05776145e-06  3.20035000e-07 -4.80887197e-05 
 3.20075000e-07  5.26470339e-06  3.20075000e-07 -7.66530389e-05 
 3.20125000e-07 -4.10990161e-05  3.20125000e-07 -1.74863234e-04 
 3.20162500e-07 -1.73920180e-05  3.20162500e-07 -4.64030126e-04 
 3.20200000e-07  1.81162506e-03  3.20200000e-07  5.51187781e-04 
 3.20205000e-07  1.19875950e-03  3.20205000e-07  1.08321785e-03 
 3.20215000e-07 -2.66148899e-03  3.20215000e-07  2.26570597e-03 
 3.20235000e-07 -1.05331794e-02  3.20235000e-07  4.09342736e-03 
 3.20275000e-07 -1.67243175e-02  3.20275000e-07  2.52002167e-03 
 3.20325000e-07  7.77583667e-01  3.20325000e-07 -1.90764864e-02 
 3.20375000e-07  1.21113449e+00  3.20375000e-07 -3.22867943e-02 
 3.20425000e-07  1.17996008e+00  3.20425000e-07 -1.96144364e-02 
 3.20475000e-07  1.21481834e+00  3.20475000e-07  9.88126337e-02 
 3.20525000e-07  1.18695951e+00  3.20525000e-07  4.79137090e-01 
 3.20575000e-07  1.21120385e+00  3.20575000e-07  2.04340327e+00 
 3.20625000e-07  1.19024076e+00  3.20625000e-07  3.02096569e+00 
 3.20675000e-07  1.20841670e+00  3.20675000e-07  3.16779573e+00 
 3.20725000e-07  1.19267401e+00  3.20725000e-07  3.24443711e+00 
 3.20775000e-07  1.20633137e+00  3.20775000e-07  3.26669671e+00 
 3.20825000e-07  1.19449089e+00  3.20825000e-07  3.28306416e+00 
 3.20875000e-07  1.20476924e+00  3.20875000e-07  3.28359739e+00 
 3.20925000e-07  1.19585033e+00  3.20925000e-07  3.29247997e+00 
 3.20975000e-07  1.20359758e+00  3.20975000e-07  3.29169416e+00 
 3.21025000e-07  1.19686921e+00  3.21025000e-07  3.29688957e+00 
 3.21075000e-07  1.20271776e+00  3.21075000e-07  3.29572713e+00 
 3.21125000e-07  1.19763399e+00  3.21125000e-07  3.29882893e+00 
 3.21175000e-07  1.20205633e+00  3.21175000e-07  3.29775061e+00 
 3.21225000e-07  1.19820884e+00  3.21225000e-07  3.29963758e+00 
 3.21275000e-07  1.20156051e+00  3.21275000e-07  3.29878799e+00 
 3.21325000e-07  1.19864189e+00  3.21325000e-07  3.29994584e+00 
 3.21375000e-07  1.20118415e+00  3.21375000e-07  3.29933909e+00 
 3.21425000e-07  1.19896883e+00  3.21425000e-07  3.30004158e+00 
 3.21475000e-07  1.20090059e+00  3.21475000e-07  3.29964008e+00 
 3.21525000e-07  1.19921457e+00  3.21525000e-07  3.30005219e+00 
 3.21575000e-07  1.20068638e+00  3.21575000e-07  3.29981050e+00 
 3.21625000e-07  1.19940049e+00  3.21625000e-07  3.30003360e+00 
 3.21675000e-07  1.20052430e+00  3.21675000e-07  3.29991040e+00 
 3.21725000e-07  1.19954138e+00  3.21725000e-07  3.30000879e+00 
 3.21775000e-07  1.20040143e+00  3.21775000e-07  3.29997070e+00 
 3.21825000e-07  1.19964835e+00  3.21825000e-07  3.29998637e+00 
 3.21875000e-07  1.20030810e+00  3.21875000e-07  3.30000782e+00 
 3.21925000e-07  1.19972973e+00  3.21925000e-07  3.29996887e+00 
 3.21962500e-07  1.20022691e+00  3.21962500e-07  3.30003291e+00 
 3.22000000e-07  1.19980908e+00  3.22000000e-07  3.29995210e+00 
 3.22005000e-07  1.19995367e+00  3.22005000e-07  3.30000465e+00 
 3.22015000e-07  1.20002330e+00  3.22015000e-07  3.29999741e+00 
 3.22035000e-07  1.19998303e+00  3.22035000e-07  3.29999555e+00 
 3.22075000e-07  1.20001444e+00  3.22075000e-07  3.30000123e+00 
 3.22125000e-07  1.19998713e+00  3.22125000e-07  3.29999537e+00 
 3.22162500e-07  1.20001086e+00  3.22162500e-07  3.30000311e+00 
 3.22200000e-07  1.19999067e+00  3.22200000e-07  3.29999498e+00 
 3.22205000e-07  1.19999774e+00  3.22205000e-07  3.29999910e+00 
 3.22215000e-07  1.20000122e+00  3.22215000e-07  3.30000011e+00 
 3.22235000e-07  1.19999904e+00  3.22235000e-07  3.29999925e+00 
 3.22275000e-07  1.20000069e+00  3.22275000e-07  3.29999966e+00 
 3.22325000e-07  1.19999936e+00  3.22325000e-07  3.29999966e+00 
 3.22375000e-07  1.20000043e+00  3.22375000e-07  3.29999992e+00 
 3.22425000e-07  1.19999957e+00  3.22425000e-07  3.29999978e+00 
 3.22475000e-07  1.20000027e+00  3.22475000e-07  3.29999999e+00 
 3.22525000e-07  1.19999969e+00  3.22525000e-07  3.29999987e+00 
 3.22575000e-07  1.20000018e+00  3.22575000e-07  3.30000001e+00 
 3.22625000e-07  1.19999976e+00  3.22625000e-07  3.29999992e+00 
 3.22675000e-07  1.20000013e+00  3.22675000e-07  3.30000002e+00 
 3.22725000e-07  1.19999980e+00  3.22725000e-07  3.29999995e+00 
 3.22775000e-07  1.20000009e+00  3.22775000e-07  3.30000002e+00 
 3.22825000e-07  1.19999982e+00  3.22825000e-07  3.29999996e+00 
 3.22875000e-07  1.20000007e+00  3.22875000e-07  3.30000002e+00 
 3.22925000e-07  1.19999984e+00  3.22925000e-07  3.29999997e+00 
 3.22975000e-07  1.20000006e+00  3.22975000e-07  3.30000002e+00 
 3.23025000e-07  1.19999985e+00  3.23025000e-07  3.29999997e+00 
 3.23075000e-07  1.20000005e+00  3.23075000e-07  3.30000003e+00 
 3.23125000e-07  1.19999986e+00  3.23125000e-07  3.29999996e+00 
 3.23175000e-07  1.20000004e+00  3.23175000e-07  3.30000003e+00 
 3.23225000e-07  1.19999987e+00  3.23225000e-07  3.29999996e+00 
 3.23275000e-07  1.20000003e+00  3.23275000e-07  3.30000004e+00 
 3.23325000e-07  1.19999988e+00  3.23325000e-07  3.29999996e+00 
 3.23375000e-07  1.20000002e+00  3.23375000e-07  3.30000004e+00 
 3.23425000e-07  1.19999989e+00  3.23425000e-07  3.29999995e+00 
 3.23475000e-07  1.20000001e+00  3.23475000e-07  3.30000005e+00 
 3.23525000e-07  1.19999990e+00  3.23525000e-07  3.29999995e+00 
 3.23575000e-07  1.20000000e+00  3.23575000e-07  3.30000005e+00 
 3.23625000e-07  1.19999991e+00  3.23625000e-07  3.29999994e+00 
 3.23675000e-07  1.20000000e+00  3.23675000e-07  3.30000005e+00 
 3.23725000e-07  1.19999991e+00  3.23725000e-07  3.29999994e+00 
 3.23775000e-07  1.19999999e+00  3.23775000e-07  3.30000006e+00 
 3.23825000e-07  1.19999992e+00  3.23825000e-07  3.29999993e+00 
 3.23875000e-07  1.19999999e+00  3.23875000e-07  3.30000006e+00 
 3.23925000e-07  1.19999992e+00  3.23925000e-07  3.29999993e+00 
 3.23975000e-07  1.19999998e+00  3.23975000e-07  3.30000006e+00 
 3.24025000e-07  1.19999993e+00  3.24025000e-07  3.29999993e+00 
 3.24075000e-07  1.19999998e+00  3.24075000e-07  3.30000006e+00 
 3.24125000e-07  1.19999993e+00  3.24125000e-07  3.29999993e+00 
 3.24175000e-07  1.19999997e+00  3.24175000e-07  3.30000006e+00 
 3.24225000e-07  1.19999993e+00  3.24225000e-07  3.29999993e+00 
 3.24275000e-07  1.19999997e+00  3.24275000e-07  3.30000007e+00 
 3.24325000e-07  1.19999994e+00  3.24325000e-07  3.29999993e+00 
 3.24375000e-07  1.19999997e+00  3.24375000e-07  3.30000007e+00 
 3.24425000e-07  1.19999994e+00  3.24425000e-07  3.29999993e+00 
 3.24475000e-07  1.19999997e+00  3.24475000e-07  3.30000007e+00 
 3.24525000e-07  1.19999994e+00  3.24525000e-07  3.29999993e+00 
 3.24575000e-07  1.19999996e+00  3.24575000e-07  3.30000007e+00 
 3.24625000e-07  1.19999994e+00  3.24625000e-07  3.29999993e+00 
 3.24675000e-07  1.19999996e+00  3.24675000e-07  3.30000006e+00 
 3.24725000e-07  1.19999994e+00  3.24725000e-07  3.29999993e+00 
 3.24775000e-07  1.19999996e+00  3.24775000e-07  3.30000006e+00 
 3.24825000e-07  1.19999994e+00  3.24825000e-07  3.29999993e+00 
 3.24875000e-07  1.19999996e+00  3.24875000e-07  3.30000006e+00 
 3.24925000e-07  1.19999995e+00  3.24925000e-07  3.29999993e+00 
 3.24975000e-07  1.19999996e+00  3.24975000e-07  3.30000006e+00 
 3.25025000e-07  1.19999995e+00  3.25025000e-07  3.29999993e+00 
 3.25075000e-07  1.19999996e+00  3.25075000e-07  3.30000006e+00 
 3.25125000e-07  1.19999995e+00  3.25125000e-07  3.29999993e+00 
 3.25175000e-07  1.19999996e+00  3.25175000e-07  3.30000006e+00 
 3.25225000e-07  1.19999995e+00  3.25225000e-07  3.29999994e+00 
 3.25275000e-07  1.19999996e+00  3.25275000e-07  3.30000006e+00 
 3.25325000e-07  1.19999995e+00  3.25325000e-07  3.29999994e+00 
 3.25375000e-07  1.19999996e+00  3.25375000e-07  3.30000006e+00 
 3.25425000e-07  1.19999995e+00  3.25425000e-07  3.29999994e+00 
 3.25475000e-07  1.19999996e+00  3.25475000e-07  3.30000005e+00 
 3.25525000e-07  1.19999995e+00  3.25525000e-07  3.29999994e+00 
 3.25575000e-07  1.19999996e+00  3.25575000e-07  3.30000005e+00 
 3.25625000e-07  1.19999995e+00  3.25625000e-07  3.29999994e+00 
 3.25675000e-07  1.19999996e+00  3.25675000e-07  3.30000005e+00 
 3.25725000e-07  1.19999995e+00  3.25725000e-07  3.29999994e+00 
 3.25775000e-07  1.19999995e+00  3.25775000e-07  3.30000005e+00 
 3.25825000e-07  1.19999995e+00  3.25825000e-07  3.29999995e+00 
 3.25875000e-07  1.19999995e+00  3.25875000e-07  3.30000005e+00 
 3.25925000e-07  1.19999995e+00  3.25925000e-07  3.29999995e+00 
 3.25975000e-07  1.19999995e+00  3.25975000e-07  3.30000005e+00 
 3.26025000e-07  1.19999995e+00  3.26025000e-07  3.29999995e+00 
 3.26075000e-07  1.19999995e+00  3.26075000e-07  3.30000004e+00 
 3.26125000e-07  1.19999995e+00  3.26125000e-07  3.29999995e+00 
 3.26175000e-07  1.19999995e+00  3.26175000e-07  3.30000004e+00 
 3.26225000e-07  1.19999995e+00  3.26225000e-07  3.29999995e+00 
 3.26275000e-07  1.19999995e+00  3.26275000e-07  3.30000004e+00 
 3.26325000e-07  1.19999995e+00  3.26325000e-07  3.29999995e+00 
 3.26375000e-07  1.19999995e+00  3.26375000e-07  3.30000004e+00 
 3.26425000e-07  1.19999995e+00  3.26425000e-07  3.29999995e+00 
 3.26475000e-07  1.19999995e+00  3.26475000e-07  3.30000004e+00 
 3.26525000e-07  1.19999995e+00  3.26525000e-07  3.29999996e+00 
 3.26575000e-07  1.19999995e+00  3.26575000e-07  3.30000004e+00 
 3.26625000e-07  1.19999995e+00  3.26625000e-07  3.29999996e+00 
 3.26675000e-07  1.19999995e+00  3.26675000e-07  3.30000004e+00 
 3.26725000e-07  1.19999995e+00  3.26725000e-07  3.29999996e+00 
 3.26775000e-07  1.19999995e+00  3.26775000e-07  3.30000003e+00 
 3.26825000e-07  1.19999995e+00  3.26825000e-07  3.29999996e+00 
 3.26875000e-07  1.19999995e+00  3.26875000e-07  3.30000003e+00 
 3.26925000e-07  1.19999995e+00  3.26925000e-07  3.29999996e+00 
 3.26975000e-07  1.19999995e+00  3.26975000e-07  3.30000003e+00 
 3.27025000e-07  1.19999995e+00  3.27025000e-07  3.29999996e+00 
 3.27075000e-07  1.19999995e+00  3.27075000e-07  3.30000003e+00 
 3.27125000e-07  1.19999995e+00  3.27125000e-07  3.29999996e+00 
 3.27175000e-07  1.19999995e+00  3.27175000e-07  3.30000003e+00 
 3.27225000e-07  1.19999995e+00  3.27225000e-07  3.29999997e+00 
 3.27275000e-07  1.19999995e+00  3.27275000e-07  3.30000003e+00 
 3.27325000e-07  1.19999995e+00  3.27325000e-07  3.29999997e+00 
 3.27375000e-07  1.19999995e+00  3.27375000e-07  3.30000003e+00 
 3.27425000e-07  1.19999995e+00  3.27425000e-07  3.29999997e+00 
 3.27475000e-07  1.19999995e+00  3.27475000e-07  3.30000003e+00 
 3.27525000e-07  1.19999995e+00  3.27525000e-07  3.29999997e+00 
 3.27575000e-07  1.19999995e+00  3.27575000e-07  3.30000002e+00 
 3.27625000e-07  1.19999995e+00  3.27625000e-07  3.29999997e+00 
 3.27675000e-07  1.19999995e+00  3.27675000e-07  3.30000002e+00 
 3.27725000e-07  1.19999995e+00  3.27725000e-07  3.29999997e+00 
 3.27775000e-07  1.19999995e+00  3.27775000e-07  3.30000002e+00 
 3.27825000e-07  1.19999995e+00  3.27825000e-07  3.29999997e+00 
 3.27875000e-07  1.19999995e+00  3.27875000e-07  3.30000002e+00 
 3.27925000e-07  1.19999995e+00  3.27925000e-07  3.29999997e+00 
 3.27975000e-07  1.19999995e+00  3.27975000e-07  3.30000002e+00 
 3.28025000e-07  1.19999995e+00  3.28025000e-07  3.29999997e+00 
 3.28075000e-07  1.19999995e+00  3.28075000e-07  3.30000002e+00 
 3.28125000e-07  1.19999995e+00  3.28125000e-07  3.29999997e+00 
 3.28175000e-07  1.19999995e+00  3.28175000e-07  3.30000002e+00 
 3.28225000e-07  1.19999995e+00  3.28225000e-07  3.29999997e+00 
 3.28275000e-07  1.19999995e+00  3.28275000e-07  3.30000002e+00 
 3.28325000e-07  1.19999995e+00  3.28325000e-07  3.29999998e+00 
 3.28375000e-07  1.19999995e+00  3.28375000e-07  3.30000002e+00 
 3.28425000e-07  1.19999995e+00  3.28425000e-07  3.29999998e+00 
 3.28475000e-07  1.19999995e+00  3.28475000e-07  3.30000002e+00 
 3.28525000e-07  1.19999995e+00  3.28525000e-07  3.29999998e+00 
 3.28575000e-07  1.19999995e+00  3.28575000e-07  3.30000002e+00 
 3.28625000e-07  1.19999995e+00  3.28625000e-07  3.29999998e+00 
 3.28675000e-07  1.19999995e+00  3.28675000e-07  3.30000002e+00 
 3.28725000e-07  1.19999995e+00  3.28725000e-07  3.29999998e+00 
 3.28775000e-07  1.19999995e+00  3.28775000e-07  3.30000001e+00 
 3.28825000e-07  1.19999995e+00  3.28825000e-07  3.29999998e+00 
 3.28875000e-07  1.19999995e+00  3.28875000e-07  3.30000001e+00 
 3.28925000e-07  1.19999995e+00  3.28925000e-07  3.29999998e+00 
 3.28975000e-07  1.19999995e+00  3.28975000e-07  3.30000001e+00 
 3.29025000e-07  1.19999995e+00  3.29025000e-07  3.29999998e+00 
 3.29075000e-07  1.19999995e+00  3.29075000e-07  3.30000001e+00 
 3.29125000e-07  1.19999995e+00  3.29125000e-07  3.29999998e+00 
 3.29175000e-07  1.19999995e+00  3.29175000e-07  3.30000001e+00 
 3.29225000e-07  1.19999995e+00  3.29225000e-07  3.29999998e+00 
 3.29275000e-07  1.19999995e+00  3.29275000e-07  3.30000001e+00 
 3.29325000e-07  1.19999995e+00  3.29325000e-07  3.29999998e+00 
 3.29375000e-07  1.19999995e+00  3.29375000e-07  3.30000001e+00 
 3.29425000e-07  1.19999995e+00  3.29425000e-07  3.29999998e+00 
 3.29475000e-07  1.19999995e+00  3.29475000e-07  3.30000001e+00 
 3.29525000e-07  1.19999995e+00  3.29525000e-07  3.29999998e+00 
 3.29575000e-07  1.19999995e+00  3.29575000e-07  3.30000001e+00 
 3.29625000e-07  1.19999995e+00  3.29625000e-07  3.29999998e+00 
 3.29675000e-07  1.19999995e+00  3.29675000e-07  3.30000001e+00 
 3.29725000e-07  1.19999995e+00  3.29725000e-07  3.29999998e+00 
 3.29775000e-07  1.19999995e+00  3.29775000e-07  3.30000001e+00 
 3.29825000e-07  1.19999995e+00  3.29825000e-07  3.29999998e+00 
 3.29875000e-07  1.19999995e+00  3.29875000e-07  3.30000001e+00 
 3.29925000e-07  1.19999995e+00  3.29925000e-07  3.29999998e+00 
 3.29962500e-07  1.19999995e+00  3.29962500e-07  3.30000001e+00 
 3.30000000e-07  1.19999995e+00  3.30000000e-07  3.29999999e+00 
 3.30005000e-07  1.19997422e+00  3.30005000e-07  3.29986823e+00 
 3.30015000e-07  1.19999729e+00  3.30015000e-07  3.29992055e+00 
 3.30035000e-07  1.20001941e+00  3.30035000e-07  3.30001429e+00 
 3.30075000e-07  1.19998700e+00  3.30075000e-07  3.30005276e+00 
 3.30125000e-07  1.20014593e+00  3.30125000e-07  3.30068251e+00 
 3.30162500e-07  1.20032131e+00  3.30162500e-07  3.30124133e+00 
 3.30200000e-07  1.19934467e+00  3.30200000e-07  3.30094617e+00 
 3.30205000e-07  1.19910590e+00  3.30205000e-07  3.30096505e+00 
 3.30215000e-07  1.19931377e+00  3.30215000e-07  3.30032066e+00 
 3.30235000e-07  1.20124158e+00  3.30235000e-07  3.29861882e+00 
 3.30275000e-07  1.19950771e+00  3.30275000e-07  3.29677741e+00 
 3.30319573e-07  1.20002275e+00  3.30319573e-07  3.30007359e+00 
 3.30366169e-07  1.19995484e+00  3.30366169e-07  3.30215592e+00 
 3.30416169e-07  1.19992886e+00  3.30416169e-07  3.29966204e+00 
 3.30466169e-07  1.20009683e+00  3.30466169e-07  3.30040643e+00 
 3.30516169e-07  1.19987358e+00  3.30516169e-07  3.29957710e+00 
 3.30566169e-07  1.20013593e+00  3.30566169e-07  3.30013165e+00 
 3.30616169e-07  1.19985799e+00  3.30616169e-07  3.29967216e+00 
 3.30666169e-07  1.20013974e+00  3.30666169e-07  3.30010606e+00 
 3.30716169e-07  1.19986406e+00  3.30716169e-07  3.29976205e+00 
 3.30766169e-07  1.20012821e+00  3.30766169e-07  3.30010847e+00 
 3.30816169e-07  1.19987959e+00  3.30816169e-07  3.29982242e+00 
 3.30866169e-07  1.20011082e+00  3.30866169e-07  3.30010658e+00 
 3.30916169e-07  1.19989803e+00  3.30916169e-07  3.29986078e+00 
 3.30966169e-07  1.20009240e+00  3.30966169e-07  3.30010027e+00 
 3.31016169e-07  1.19991613e+00  3.31016169e-07  3.29988588e+00 
 3.31066169e-07  1.20007519e+00  3.31066169e-07  3.30009211e+00 
 3.31116169e-07  1.19993237e+00  3.31116169e-07  3.29990302e+00 
 3.31166169e-07  1.20006016e+00  3.31166169e-07  3.30008384e+00 
 3.31216169e-07  1.19994623e+00  3.31216169e-07  3.29991537e+00 
 3.31266169e-07  1.20004754e+00  3.31266169e-07  3.30007623e+00 
 3.31316169e-07  1.19995769e+00  3.31316169e-07  3.29992473e+00 
 3.31366169e-07  1.20003724e+00  3.31366169e-07  3.30006949e+00 
 3.31416169e-07  1.19996695e+00  3.31416169e-07  3.29993212e+00 
 3.31466169e-07  1.20002898e+00  3.31466169e-07  3.30006362e+00 
 3.31516169e-07  1.19997431e+00  3.31516169e-07  3.29993816e+00 
 3.31566169e-07  1.20002246e+00  3.31566169e-07  3.30005852e+00 
 3.31616169e-07  1.19998010e+00  3.31616169e-07  3.29994322e+00 
 3.31666169e-07  1.20001736e+00  3.31666169e-07  3.30005408e+00 
 3.31716169e-07  1.19998459e+00  3.31716169e-07  3.29994754e+00 
 3.31766169e-07  1.20001342e+00  3.31766169e-07  3.30005019e+00 
 3.31816169e-07  1.19998806e+00  3.31816169e-07  3.29995129e+00 
 3.31866169e-07  1.20001039e+00  3.31866169e-07  3.30004676e+00 
 3.31916169e-07  1.19999071e+00  3.31916169e-07  3.29995458e+00 
 3.31966169e-07  1.20000808e+00  3.31966169e-07  3.30004371e+00 
 3.32016169e-07  1.19999273e+00  3.32016169e-07  3.29995750e+00 
 3.32066169e-07  1.20000632e+00  3.32066169e-07  3.30004099e+00 
 3.32116169e-07  1.19999426e+00  3.32116169e-07  3.29996011e+00 
 3.32166169e-07  1.20000500e+00  3.32166169e-07  3.30003854e+00 
 3.32216169e-07  1.19999540e+00  3.32216169e-07  3.29996245e+00 
 3.32266169e-07  1.20000401e+00  3.32266169e-07  3.30003633e+00 
 3.32316169e-07  1.19999626e+00  3.32316169e-07  3.29996458e+00 
 3.32366169e-07  1.20000328e+00  3.32366169e-07  3.30003432e+00 
 3.32416169e-07  1.19999690e+00  3.32416169e-07  3.29996651e+00 
 3.32466169e-07  1.20000273e+00  3.32466169e-07  3.30003249e+00 
 3.32516169e-07  1.19999737e+00  3.32516169e-07  3.29996827e+00 
 3.32566169e-07  1.20000233e+00  3.32566169e-07  3.30003081e+00 
 3.32616169e-07  1.19999772e+00  3.32616169e-07  3.29996990e+00 
 3.32666169e-07  1.20000203e+00  3.32666169e-07  3.30002926e+00 
 3.32716169e-07  1.19999797e+00  3.32716169e-07  3.29997139e+00 
 3.32766169e-07  1.20000182e+00  3.32766169e-07  3.30002782e+00 
 3.32816169e-07  1.19999815e+00  3.32816169e-07  3.29997278e+00 
 3.32866169e-07  1.20000166e+00  3.32866169e-07  3.30002649e+00 
 3.32916169e-07  1.19999829e+00  3.32916169e-07  3.29997407e+00 
 3.32966169e-07  1.20000155e+00  3.32966169e-07  3.30002525e+00 
 3.33016169e-07  1.19999838e+00  3.33016169e-07  3.29997528e+00 
 3.33066169e-07  1.20000148e+00  3.33066169e-07  3.30002409e+00 
 3.33116169e-07  1.19999845e+00  3.33116169e-07  3.29997641e+00 
 3.33166169e-07  1.20000142e+00  3.33166169e-07  3.30002300e+00 
 3.33216169e-07  1.19999849e+00  3.33216169e-07  3.29997747e+00 
 3.33266169e-07  1.20000138e+00  3.33266169e-07  3.30002197e+00 
 3.33316169e-07  1.19999853e+00  3.33316169e-07  3.29997847e+00 
 3.33366169e-07  1.20000135e+00  3.33366169e-07  3.30002100e+00 
 3.33416169e-07  1.19999855e+00  3.33416169e-07  3.29997942e+00 
 3.33466169e-07  1.20000134e+00  3.33466169e-07  3.30002007e+00 
 3.33516169e-07  1.19999857e+00  3.33516169e-07  3.29998033e+00 
 3.33566169e-07  1.20000132e+00  3.33566169e-07  3.30001919e+00 
 3.33616169e-07  1.19999858e+00  3.33616169e-07  3.29998119e+00 
 3.33666169e-07  1.20000131e+00  3.33666169e-07  3.30001835e+00 
 3.33716169e-07  1.19999859e+00  3.33716169e-07  3.29998201e+00 
 3.33766169e-07  1.20000130e+00  3.33766169e-07  3.30001755e+00 
 3.33816169e-07  1.19999860e+00  3.33816169e-07  3.29998280e+00 
 3.33866169e-07  1.20000130e+00  3.33866169e-07  3.30001678e+00 
 3.33916169e-07  1.19999860e+00  3.33916169e-07  3.29998356e+00 
 3.33966169e-07  1.20000129e+00  3.33966169e-07  3.30001604e+00 
 3.34016169e-07  1.19999861e+00  3.34016169e-07  3.29998429e+00 
 3.34066169e-07  1.20000129e+00  3.34066169e-07  3.30001532e+00 
 3.34116169e-07  1.19999861e+00  3.34116169e-07  3.29998499e+00 
 3.34166169e-07  1.20000128e+00  3.34166169e-07  3.30001463e+00 
 3.34216169e-07  1.19999862e+00  3.34216169e-07  3.29998567e+00 
 3.34266169e-07  1.20000128e+00  3.34266169e-07  3.30001397e+00 
 3.34316169e-07  1.19999863e+00  3.34316169e-07  3.29998633e+00 
 3.34366169e-07  1.20000127e+00  3.34366169e-07  3.30001332e+00 
 3.34416169e-07  1.19999863e+00  3.34416169e-07  3.29998697e+00 
 3.34466169e-07  1.20000126e+00  3.34466169e-07  3.30001269e+00 
 3.34516169e-07  1.19999864e+00  3.34516169e-07  3.29998759e+00 
 3.34566169e-07  1.20000126e+00  3.34566169e-07  3.30001208e+00 
 3.34616169e-07  1.19999865e+00  3.34616169e-07  3.29998819e+00 
 3.34666169e-07  1.20000125e+00  3.34666169e-07  3.30001149e+00 
 3.34716169e-07  1.19999866e+00  3.34716169e-07  3.29998878e+00 
 3.34766169e-07  1.20000124e+00  3.34766169e-07  3.30001091e+00 
 3.34816169e-07  1.19999866e+00  3.34816169e-07  3.29998935e+00 
 3.34866169e-07  1.20000123e+00  3.34866169e-07  3.30001035e+00 
 3.34916169e-07  1.19999867e+00  3.34916169e-07  3.29998990e+00 
 3.34966169e-07  1.20000122e+00  3.34966169e-07  3.30000980e+00 
 3.35016169e-07  1.19999868e+00  3.35016169e-07  3.29999045e+00 
 3.35066169e-07  1.20000122e+00  3.35066169e-07  3.30000927e+00 
 3.35116169e-07  1.19999869e+00  3.35116169e-07  3.29999098e+00 
 3.35166169e-07  1.20000121e+00  3.35166169e-07  3.30000874e+00 
 3.35216169e-07  1.19999870e+00  3.35216169e-07  3.29999149e+00 
 3.35266169e-07  1.20000120e+00  3.35266169e-07  3.30000823e+00 
 3.35316169e-07  1.19999871e+00  3.35316169e-07  3.29999200e+00 
 3.35366169e-07  1.20000119e+00  3.35366169e-07  3.30000774e+00 
 3.35416169e-07  1.19999872e+00  3.35416169e-07  3.29999249e+00 
 3.35466169e-07  1.20000118e+00  3.35466169e-07  3.30000725e+00 
 3.35516169e-07  1.19999873e+00  3.35516169e-07  3.29999297e+00 
 3.35566169e-07  1.20000117e+00  3.35566169e-07  3.30000677e+00 
 3.35616169e-07  1.19999874e+00  3.35616169e-07  3.29999344e+00 
 3.35666169e-07  1.20000116e+00  3.35666169e-07  3.30000631e+00 
 3.35716169e-07  1.19999875e+00  3.35716169e-07  3.29999390e+00 
 3.35766169e-07  1.20000115e+00  3.35766169e-07  3.30000586e+00 
 3.35816169e-07  1.19999876e+00  3.35816169e-07  3.29999435e+00 
 3.35866169e-07  1.20000114e+00  3.35866169e-07  3.30000541e+00 
 3.35916169e-07  1.19999877e+00  3.35916169e-07  3.29999479e+00 
 3.35966169e-07  1.20000113e+00  3.35966169e-07  3.30000498e+00 
 3.36016169e-07  1.19999878e+00  3.36016169e-07  3.29999522e+00 
 3.36066169e-07  1.20000112e+00  3.36066169e-07  3.30000455e+00 
 3.36116169e-07  1.19999879e+00  3.36116169e-07  3.29999564e+00 
 3.36166169e-07  1.20000111e+00  3.36166169e-07  3.30000414e+00 
 3.36216169e-07  1.19999880e+00  3.36216169e-07  3.29999605e+00 
 3.36266169e-07  1.20000110e+00  3.36266169e-07  3.30000373e+00 
 3.36316169e-07  1.19999881e+00  3.36316169e-07  3.29999645e+00 
 3.36366169e-07  1.20000109e+00  3.36366169e-07  3.30000334e+00 
 3.36416169e-07  1.19999882e+00  3.36416169e-07  3.29999684e+00 
 3.36466169e-07  1.20000108e+00  3.36466169e-07  3.30000295e+00 
 3.36516169e-07  1.19999883e+00  3.36516169e-07  3.29999722e+00 
 3.36566169e-07  1.20000107e+00  3.36566169e-07  3.30000257e+00 
 3.36616169e-07  1.19999884e+00  3.36616169e-07  3.29999760e+00 
 3.36666169e-07  1.20000106e+00  3.36666169e-07  3.30000220e+00 
 3.36716169e-07  1.19999885e+00  3.36716169e-07  3.29999796e+00 
 3.36766169e-07  1.20000105e+00  3.36766169e-07  3.30000184e+00 
 3.36816169e-07  1.19999886e+00  3.36816169e-07  3.29999832e+00 
 3.36866169e-07  1.20000104e+00  3.36866169e-07  3.30000149e+00 
 3.36916169e-07  1.19999887e+00  3.36916169e-07  3.29999867e+00 
 3.36966169e-07  1.20000103e+00  3.36966169e-07  3.30000114e+00 
 3.37016169e-07  1.19999888e+00  3.37016169e-07  3.29999901e+00 
 3.37066169e-07  1.20000102e+00  3.37066169e-07  3.30000081e+00 
 3.37116169e-07  1.19999889e+00  3.37116169e-07  3.29999934e+00 
 3.37166169e-07  1.20000101e+00  3.37166169e-07  3.30000048e+00 
 3.37216169e-07  1.19999890e+00  3.37216169e-07  3.29999967e+00 
 3.37266169e-07  1.20000100e+00  3.37266169e-07  3.30000016e+00 
 3.37316169e-07  1.19999891e+00  3.37316169e-07  3.29999999e+00 
 3.37366169e-07  1.20000099e+00  3.37366169e-07  3.29999984e+00 
 3.37416169e-07  1.19999892e+00  3.37416169e-07  3.30000030e+00 
 3.37466169e-07  1.20000098e+00  3.37466169e-07  3.29999954e+00 
 3.37516169e-07  1.19999893e+00  3.37516169e-07  3.30000060e+00 
 3.37566169e-07  1.20000097e+00  3.37566169e-07  3.29999924e+00 
 3.37616169e-07  1.19999894e+00  3.37616169e-07  3.30000089e+00 
 3.37666169e-07  1.20000096e+00  3.37666169e-07  3.29999895e+00 
 3.37716169e-07  1.19999895e+00  3.37716169e-07  3.30000118e+00 
 3.37766169e-07  1.20000095e+00  3.37766169e-07  3.29999867e+00 
 3.37816169e-07  1.19999896e+00  3.37816169e-07  3.30000146e+00 
 3.37866169e-07  1.20000094e+00  3.37866169e-07  3.29999839e+00 
 3.37916169e-07  1.19999896e+00  3.37916169e-07  3.30000173e+00 
 3.37966169e-07  1.20000094e+00  3.37966169e-07  3.29999812e+00 
 3.38016169e-07  1.19999897e+00  3.38016169e-07  3.30000200e+00 
 3.38066169e-07  1.20000093e+00  3.38066169e-07  3.29999786e+00 
 3.38116169e-07  1.19999898e+00  3.38116169e-07  3.30000225e+00 
 3.38166169e-07  1.20000092e+00  3.38166169e-07  3.29999761e+00 
 3.38216169e-07  1.19999899e+00  3.38216169e-07  3.30000251e+00 
 3.38266169e-07  1.20000091e+00  3.38266169e-07  3.29999736e+00 
 3.38316169e-07  1.19999900e+00  3.38316169e-07  3.30000275e+00 
 3.38366169e-07  1.20000090e+00  3.38366169e-07  3.29999712e+00 
 3.38416169e-07  1.19999901e+00  3.38416169e-07  3.30000299e+00 
 3.38466169e-07  1.20000089e+00  3.38466169e-07  3.29999688e+00 
 3.38516169e-07  1.19999902e+00  3.38516169e-07  3.30000322e+00 
 3.38566169e-07  1.20000088e+00  3.38566169e-07  3.29999665e+00 
 3.38616169e-07  1.19999902e+00  3.38616169e-07  3.30000345e+00 
 3.38666169e-07  1.20000088e+00  3.38666169e-07  3.29999643e+00 
 3.38716169e-07  1.19999903e+00  3.38716169e-07  3.30000367e+00 
 3.38766169e-07  1.20000087e+00  3.38766169e-07  3.29999621e+00 
 3.38816169e-07  1.19999904e+00  3.38816169e-07  3.30000388e+00 
 3.38866169e-07  1.20000086e+00  3.38866169e-07  3.29999600e+00 
 3.38916169e-07  1.19999905e+00  3.38916169e-07  3.30000409e+00 
 3.38966169e-07  1.20000085e+00  3.38966169e-07  3.29999580e+00 
 3.39016169e-07  1.19999906e+00  3.39016169e-07  3.30000429e+00 
 3.39066169e-07  1.20000084e+00  3.39066169e-07  3.29999560e+00 
 3.39116169e-07  1.19999906e+00  3.39116169e-07  3.30000449e+00 
 3.39166169e-07  1.20000084e+00  3.39166169e-07  3.29999541e+00 
 3.39216169e-07  1.19999907e+00  3.39216169e-07  3.30000468e+00 
 3.39266169e-07  1.20000083e+00  3.39266169e-07  3.29999522e+00 
 3.39316169e-07  1.19999908e+00  3.39316169e-07  3.30000486e+00 
 3.39366169e-07  1.20000082e+00  3.39366169e-07  3.29999504e+00 
 3.39416169e-07  1.19999909e+00  3.39416169e-07  3.30000504e+00 
 3.39466169e-07  1.20000081e+00  3.39466169e-07  3.29999486e+00 
 3.39516169e-07  1.19999910e+00  3.39516169e-07  3.30000521e+00 
 3.39566169e-07  1.20000081e+00  3.39566169e-07  3.29999469e+00 
 3.39616169e-07  1.19999910e+00  3.39616169e-07  3.30000538e+00 
 3.39666169e-07  1.20000080e+00  3.39666169e-07  3.29999453e+00 
 3.39716169e-07  1.19999911e+00  3.39716169e-07  3.30000554e+00 
 3.39766169e-07  1.20000079e+00  3.39766169e-07  3.29999436e+00 
 3.39816169e-07  1.19999912e+00  3.39816169e-07  3.30000570e+00 
 3.39866169e-07  1.20000078e+00  3.39866169e-07  3.29999421e+00 
 3.39916169e-07  1.19999912e+00  3.39916169e-07  3.30000586e+00 
 3.39958084e-07  1.20000078e+00  3.39958084e-07  3.29999404e+00 
 3.40000000e-07  1.19999913e+00  3.40000000e-07  3.30000603e+00 
 3.40005000e-07  1.20003355e+00  3.40005000e-07  3.30019111e+00 
 3.40015000e-07  1.20001273e+00  3.40015000e-07  3.30008286e+00 
 3.40035000e-07  1.19997633e+00  3.40035000e-07  3.29996830e+00 
 3.40075000e-07  1.20000857e+00  3.40075000e-07  3.29992066e+00 
 3.40125000e-07  1.19984195e+00  3.40125000e-07  3.29971690e+00 
 3.40162500e-07  1.19971054e+00  3.40162500e-07  3.29909367e+00 
 3.40200000e-07  1.20092964e+00  3.40200000e-07  3.29870968e+00 
 3.40205000e-07  1.20069123e+00  3.40205000e-07  3.29926871e+00 
 3.40215000e-07  1.19977732e+00  3.40215000e-07  3.30035237e+00 
 3.40235000e-07  1.19961688e+00  3.40235000e-07  3.30205520e+00 
 3.40275000e-07  1.20021075e+00  3.40275000e-07  3.30231167e+00 
 3.40318993e-07  1.19997950e+00  3.40318993e-07  3.29718887e+00 
 3.40365228e-07  1.19999540e+00  3.40365228e-07  3.30076390e+00 
 3.40415228e-07  1.20002353e+00  3.40415228e-07  3.29984270e+00 
 3.40465228e-07  1.19996576e+00  3.40465228e-07  3.30034866e+00 
 3.40515228e-07  1.20003915e+00  3.40515228e-07  3.29980080e+00 
 3.40565228e-07  1.19995932e+00  3.40565228e-07  3.30022465e+00 
 3.40615228e-07  1.20003978e+00  3.40615228e-07  3.29979943e+00 
 3.40665228e-07  1.19996228e+00  3.40665228e-07  3.30019155e+00 
 3.40715228e-07  1.20003471e+00  3.40715228e-07  3.29981654e+00 
 3.40765228e-07  1.19996846e+00  3.40765228e-07  3.30017075e+00 
 3.40815228e-07  1.20002808e+00  3.40815228e-07  3.29983542e+00 
 3.40865228e-07  1.19997510e+00  3.40865228e-07  3.30015386e+00 
 3.40915228e-07  1.20002169e+00  3.40915228e-07  3.29985175e+00 
 3.40965228e-07  1.19998109e+00  3.40965228e-07  3.30013995e+00 
 3.41015228e-07  1.20001619e+00  3.41015228e-07  3.29986511e+00 
 3.41065228e-07  1.19998608e+00  3.41065228e-07  3.30012848e+00 
 3.41115228e-07  1.20001171e+00  3.41115228e-07  3.29987603e+00 
 3.41165228e-07  1.19999006e+00  3.41165228e-07  3.30011886e+00 
 3.41215228e-07  1.20000820e+00  3.41215228e-07  3.29988515e+00 
 3.41265228e-07  1.19999314e+00  3.41265228e-07  3.30011061e+00 
 3.41315228e-07  1.20000551e+00  3.41315228e-07  3.29989299e+00 
 3.41365228e-07  1.19999549e+00  3.41365228e-07  3.30010337e+00 
 3.41415228e-07  1.20000347e+00  3.41415228e-07  3.29989990e+00 
 3.41465228e-07  1.19999725e+00  3.41465228e-07  3.30009686e+00 
 3.41515228e-07  1.20000195e+00  3.41515228e-07  3.29990614e+00 
 3.41565228e-07  1.19999856e+00  3.41565228e-07  3.30009090e+00 
 3.41615228e-07  1.20000083e+00  3.41615228e-07  3.29991190e+00 
 3.41665228e-07  1.19999952e+00  3.41665228e-07  3.30008535e+00 
 3.41715228e-07  1.20000001e+00  3.41715228e-07  3.29991728e+00 
 3.41765228e-07  1.20000021e+00  3.41765228e-07  3.30008013e+00 
 3.41815228e-07  1.19999942e+00  3.41815228e-07  3.29992237e+00 
 3.41865228e-07  1.20000072e+00  3.41865228e-07  3.30007518e+00 
 3.41915228e-07  1.19999900e+00  3.41915228e-07  3.29992720e+00 
 3.41957614e-07  1.20000110e+00  3.41957614e-07  3.30007004e+00 
 3.42000000e-07  1.19999866e+00  3.42000000e-07  3.29993263e+00 
 3.42005000e-07  1.19966682e+00  3.42005000e-07  3.29882713e+00 
 3.42015000e-07  1.19952683e+00  3.42015000e-07  3.29791858e+00 
 3.42035000e-07  1.19981261e+00  3.42035000e-07  3.29801616e+00 
 3.42075000e-07  1.19981862e+00  3.42075000e-07  3.29957962e+00 
 3.42125000e-07  1.20337304e+00  3.42125000e-07  3.31769833e+00 
 3.42162500e-07  1.21217327e+00  3.42162500e-07  3.33832812e+00 
 3.42200000e-07  1.22956835e+00  3.42200000e-07  3.36647487e+00 
 3.42205000e-07  1.22819254e+00  3.42205000e-07  3.36933633e+00 
 3.42215000e-07  1.20864821e+00  3.42215000e-07  3.36752791e+00 
 3.42235000e-07  9.84397267e-01  3.42235000e-07  3.34172142e+00 
 3.42266451e-07  2.33258284e-01  3.42266451e-07  3.26462405e+00 
 3.42300497e-07 -4.97314285e-03  3.42300497e-07  3.12885870e+00 
 3.42344407e-07  1.26567612e-02  3.42344407e-07  2.57622827e+00 
 3.42389545e-07 -1.03033789e-02  3.42389545e-07  5.41887535e-01 
 3.42439545e-07  9.46038736e-03  3.42439545e-07 -4.65310706e-03 
 3.42489545e-07 -8.58201162e-03  3.42489545e-07  6.89095241e-02 
 3.42539545e-07  7.96584652e-03  3.42539545e-07 -3.00127984e-02 
 3.42589545e-07 -7.30061293e-03  3.42589545e-07  2.99035749e-02 
 3.42639545e-07  6.78495788e-03  3.42639545e-07 -2.29099542e-02 
 3.42689545e-07 -6.23843962e-03  3.42689545e-07  1.91906495e-02 
 3.42739545e-07  5.79824451e-03  3.42739545e-07 -1.58663051e-02 
 3.42789545e-07 -5.34137540e-03  3.42789545e-07  1.32737176e-02 
 3.42839545e-07  4.96401911e-03  3.42839545e-07 -1.11675838e-02 
 3.42889545e-07 -4.57943307e-03  3.42889545e-07  9.42892096e-03 
 3.42939545e-07  4.25554038e-03  3.42939545e-07 -8.00714338e-03 
 3.42989545e-07 -3.93046944e-03  3.42989545e-07  6.81002009e-03 
 3.43039545e-07  3.65234398e-03  3.43039545e-07 -5.81804990e-03 
 3.43089545e-07 -3.37678620e-03  3.43089545e-07  4.97222246e-03 
 3.43139545e-07  3.13792800e-03  3.43139545e-07 -4.26288989e-03 
 3.43189545e-07 -2.90383161e-03  3.43189545e-07  3.65240794e-03 
 3.43239545e-07  2.69869347e-03  3.43239545e-07 -3.13513567e-03 
 3.43289545e-07 -2.49947480e-03  3.43289545e-07  2.68676960e-03 
 3.43339545e-07  2.32330078e-03  3.43339545e-07 -2.30349342e-03 
 3.43389545e-07 -2.15352091e-03  3.43389545e-07  1.96943260e-03 
 3.43439545e-07  2.00222513e-03  3.43439545e-07 -1.68170296e-03 
 3.43489545e-07 -1.85735805e-03  3.43489545e-07  1.42983792e-03 
 3.43539545e-07  1.72742750e-03  3.43539545e-07 -1.21150063e-03 
 3.43589545e-07 -1.60368669e-03  3.43589545e-07  1.01974385e-03 
 3.43639545e-07  1.48970733e-03  3.43639545e-07 -8.51798343e-04 
 3.43689545e-07 -1.38860058e-03  3.43689545e-07  7.06208551e-04 
 3.43739545e-07  1.28878565e-03  3.43739545e-07 -5.76071469e-04 
 3.43789545e-07 -1.20151018e-03  3.43789545e-07  4.63421028e-04 
 3.43839545e-07  1.11647927e-03  3.43839545e-07 -3.62748372e-04 
 3.43889545e-07 -1.04115364e-03  3.43889545e-07  2.75183803e-04 
 3.43939545e-07  9.68613568e-04  3.43939545e-07 -1.96993812e-04 
 3.43989545e-07 -9.03627087e-04  3.43989545e-07  1.28727140e-04 
 3.44039545e-07  8.41668940e-04  3.44039545e-07 -6.78568552e-05 
 3.44089545e-07 -7.85616129e-04  3.44089545e-07  1.45683645e-05 
 3.44139545e-07  7.32638979e-04  3.44139545e-07  3.28443971e-05 
 3.44189545e-07 -6.84296703e-04  3.44189545e-07 -7.44139760e-05 
 3.44239545e-07  6.38953719e-04  3.44239545e-07  1.11288496e-04 
 3.44289545e-07 -5.97260240e-04  3.44289545e-07 -1.43622588e-04 
 3.44339545e-07  5.58415454e-04  3.44339545e-07  1.72186381e-04 
 3.44389545e-07 -5.22451054e-04  3.44389545e-07 -1.97194237e-04 
 3.44439545e-07  4.89144208e-04  3.44439545e-07  2.19161792e-04 
 3.44489545e-07 -4.58113548e-04  3.44489545e-07 -2.38323350e-04 
 3.44539545e-07  4.29531327e-04  3.44539545e-07  2.55024949e-04 
 3.44589545e-07 -4.02747580e-04  3.44589545e-07 -2.69496164e-04 
 3.44639545e-07  3.78199941e-04  3.44639545e-07  2.81971784e-04 
 3.44689545e-07 -3.55070651e-04  3.44689545e-07 -2.92662042e-04 
 3.44739545e-07  3.33971257e-04  3.44739545e-07  3.01730501e-04 
 3.44789545e-07 -3.13985843e-04  3.44789545e-07 -3.09360069e-04 
 3.44839545e-07  2.95835814e-04  3.44839545e-07  3.15670413e-04 
 3.44889545e-07 -2.78554576e-04  3.44889545e-07 -3.20813455e-04 
 3.44939545e-07  2.62928949e-04  3.44939545e-07  3.24883475e-04 
 3.44989545e-07 -2.47973458e-04  3.44989545e-07 -3.28000507e-04 
 3.45039545e-07  2.34509860e-04  3.45039545e-07  3.30245827e-04 
 3.45089545e-07 -2.21554572e-04  3.45089545e-07 -3.31708393e-04 
 3.45139545e-07  2.09943721e-04  3.45139545e-07  3.32464596e-04 
 3.45189545e-07 -1.98708693e-04  3.45189545e-07 -3.32574151e-04 
 3.45239545e-07  1.88686409e-04  3.45239545e-07  3.32113727e-04 
 3.45289545e-07 -1.78930978e-04  3.45289545e-07 -3.31116179e-04 
 3.45339545e-07  1.70271443e-04  3.45339545e-07  3.29661575e-04 
 3.45389545e-07 -1.61788766e-04  3.45389545e-07 -3.27758555e-04 
 3.45439545e-07  1.54298833e-04  3.45439545e-07  3.25492301e-04 
 3.45489545e-07 -1.46911159e-04  3.45489545e-07 -3.22849938e-04 
 3.45539545e-07  1.40425529e-04  3.45539545e-07  3.19922533e-04 
 3.45589545e-07 -1.33980129e-04  3.45589545e-07 -3.16678338e-04 
 3.45639545e-07  1.28357267e-04  3.45639545e-07  3.13214436e-04 
 3.45689545e-07 -1.22722918e-04  3.45689545e-07 -3.09482714e-04 
 3.45739545e-07  1.17841579e-04  3.45739545e-07  3.05586000e-04 
 3.45789545e-07 -1.12905544e-04  3.45789545e-07 -3.01462148e-04 
 3.45839545e-07  1.08661824e-04  3.45839545e-07  2.97219197e-04 
 3.45889545e-07 -1.04327242e-04  3.45889545e-07 -2.92783111e-04 
 3.45939545e-07  1.00632064e-04  3.45939545e-07  2.88266467e-04 
 3.45989545e-07 -9.68157202e-05  3.45989545e-07 -2.83585283e-04 
 3.46039545e-07  9.35926902e-05  3.46039545e-07  2.78855922e-04 
 3.46089545e-07 -9.02230851e-05  3.46089545e-07 -2.73986206e-04 
 3.46139545e-07  8.74066687e-05  3.46139545e-07  2.69095517e-04 
 3.46189545e-07 -8.44223663e-05  3.46189545e-07 -2.64085048e-04 
 3.46239545e-07  8.19563264e-05  3.46239545e-07  2.59076438e-04 
 3.46289545e-07 -7.93045332e-05  3.46289545e-07 -2.53965645e-04 
 3.46339545e-07  7.71405983e-05  3.46339545e-07  2.48875845e-04 
 3.46389545e-07 -7.47759425e-05  3.46389545e-07 -2.43698990e-04 
 3.46439545e-07  7.28726672e-05  3.46439545e-07  2.38559117e-04 
 3.46489545e-07 -7.07561504e-05  3.46489545e-07 -2.33345262e-04 
 3.46539545e-07  6.90779415e-05  3.46539545e-07  2.28181699e-04 
 3.46589545e-07 -6.71760384e-05  3.46589545e-07 -2.22955502e-04 
 3.46639545e-07  6.56923203e-05  3.46639545e-07  2.17790619e-04 
 3.46689545e-07 -6.39762059e-05  3.46689545e-07 -2.12572995e-04 
 3.46739545e-07  6.26607073e-05  3.46739545e-07  2.07425749e-04 
 3.46789545e-07 -6.11055933e-05  3.46789545e-07 -2.02234423e-04 
 3.46839545e-07  5.99357350e-05  3.46839545e-07  1.97120860e-04 
 3.46889545e-07 -5.85202997e-05  3.46889545e-07 -1.91970825e-04 
 3.46939545e-07  5.74766714e-05  3.46939545e-07  1.86904498e-04 
 3.46989545e-07 -5.61825707e-05  3.46989545e-07 -1.81808406e-04 
 3.47039545e-07  5.52484815e-05  3.47039545e-07  1.76800725e-04 
 3.47089545e-07 -5.40599289e-05  3.47089545e-07 -1.71769210e-04 
 3.47139545e-07  5.32210223e-05  3.47139545e-07  1.66829745e-04 
 3.47189545e-07 -5.21244283e-05  3.47189545e-07 -1.61871704e-04 
 3.47239545e-07  5.13683519e-05  3.47239545e-07  1.57008432e-04 
 3.47289545e-07 -5.03520144e-05  3.47289545e-07 -1.52131258e-04 
 3.47339545e-07  4.96681373e-05  3.47339545e-07  1.47350784e-04 
 3.47389545e-07 -4.87219755e-05  3.47389545e-07 -1.42560570e-04 
 3.47439545e-07  4.81011447e-05  3.47439545e-07  1.37868307e-04 
 3.47489545e-07 -4.72164714e-05  3.47489545e-07 -1.33170018e-04 
 3.47539545e-07  4.66508037e-05  3.47539545e-07  1.28570349e-04 
 3.47589545e-07 -4.58201287e-05  3.47589545e-07 -1.23967969e-04 
 3.47639545e-07  4.53028317e-05  3.47639545e-07  1.19464378e-04 
 3.47689545e-07 -4.45196938e-05  3.47689545e-07 -1.14961043e-04 
 3.47739545e-07  4.40449121e-05  3.47739545e-07  1.10556239e-04 
 3.47789545e-07 -4.33037348e-05  3.47789545e-07 -1.06154343e-04 
 3.47839545e-07  4.28664185e-05  3.47839545e-07  1.01850356e-04 
 3.47889545e-07 -4.21623853e-05  3.47889545e-07 -9.75516523e-05 
 3.47939545e-07  4.17581765e-05  3.47939545e-07  9.33499252e-05 
 3.47989545e-07 -4.10871247e-05  3.47989545e-07 -8.91556068e-05 
 3.48039545e-07  4.07122606e-05  3.48039545e-07  8.50570721e-05 
 3.48089545e-07 -4.00705895e-05  3.48089545e-07 -8.09678471e-05 
 3.48139545e-07  3.97218187e-05  3.48139545e-07  7.69729933e-05 
 3.48189545e-07 -3.91064112e-05  3.48189545e-07 -7.29891482e-05 
 3.48239545e-07  3.87809220e-05  3.48239545e-07  6.90980794e-05 
 3.48289545e-07 -3.81890768e-05  3.48289545e-07 -6.52195353e-05 
 3.48339545e-07  3.78844358e-05  3.48339545e-07  6.14320222e-05 
 3.48389545e-07 -3.73138094e-05  3.48389545e-07 -5.76583842e-05 
 3.48439545e-07  3.70279083e-05  3.48439545e-07  5.39739096e-05 
 3.48489545e-07 -3.64764652e-05  3.48489545e-07 -5.03045101e-05 
 3.48539545e-07  3.62074758e-05  3.48539545e-07  4.67223084e-05 
 3.48589545e-07 -3.56734455e-05  3.48589545e-07 -4.31562448e-05 
 3.48639545e-07  3.54197801e-05  3.48639545e-07  3.96753372e-05 
 3.48689545e-07 -3.49016205e-05  3.48689545e-07 -3.62115057e-05 
 3.48739545e-07  3.46618988e-05  3.48739545e-07  3.28307310e-05 
 3.48789545e-07 -3.41582643e-05  3.48789545e-07 -2.94678558e-05 
 3.48839545e-07  3.39312844e-05  3.48839545e-07  2.61858975e-05 
 3.48889545e-07 -3.34409990e-05  3.48889545e-07 -2.29225571e-05 
 3.48939545e-07  3.32257124e-05  3.48939545e-07  1.97379670e-05 
 3.48989545e-07 -3.27477460e-05  3.48989545e-07 -1.65726174e-05 
 3.49039545e-07  3.25432368e-05  3.49039545e-07  1.34838370e-05 
 3.49089545e-07 -3.20766852e-05  3.49089545e-07 -1.04148312e-05 
 3.49139545e-07  3.18821515e-05  3.49139545e-07  7.42021061e-06 
 3.49189545e-07 -3.14262194e-05  3.49189545e-07 -4.44581734e-06 
 3.49239545e-07  3.12409574e-05  3.49239545e-07  1.54363113e-06 
 3.49289545e-07 -3.07949432e-05  3.49289545e-07  1.33794986e-06 
 3.49339545e-07  3.06183339e-05  3.49339545e-07 -4.14948764e-06 
 3.49389545e-07 -3.01816170e-05  3.49389545e-07  6.94011144e-06 
 3.49439545e-07  3.00131147e-05  3.49439545e-07 -9.66283468e-06 
 3.49489545e-07 -2.95851448e-05  3.49489545e-07  1.23643989e-05 
 3.49539545e-07  2.94242668e-05  3.49539545e-07 -1.50001781e-05 
 3.49589545e-07 -2.90045538e-05  3.49589545e-07  1.76146121e-05 
 3.49639545e-07  2.88508720e-05  3.49639545e-07 -2.01653442e-05 
 3.49689545e-07 -2.84389786e-05  3.49689545e-07  2.26945995e-05 
 3.49739545e-07  2.82921120e-05  3.49739545e-07 -2.51621995e-05 
 3.49789545e-07 -2.78876465e-05  3.49789545e-07  2.76082412e-05 
 3.49839545e-07  2.77472549e-05  3.49839545e-07 -2.99946342e-05 
 3.49889545e-07 -2.73498648e-05  3.49889545e-07  3.23594340e-05 
 3.49939545e-07  2.72156433e-05  3.49939545e-07 -3.46665484e-05 
 3.49969773e-07 -2.66559988e-05  3.49969773e-07  3.84208650e-05 
 3.50000000e-07  2.63638204e-05  3.50000000e-07 -4.20526937e-05 
 3.50005000e-07 -6.27223423e-06  3.50005000e-07 -5.64975829e-05 
 3.50015000e-07  5.98461688e-06  3.50015000e-07  1.27713309e-05 
 3.50035000e-07  8.96691242e-07  3.50035000e-07  1.90675507e-05 
 3.50075000e-07 -2.64601931e-06  3.50075000e-07  4.94895433e-06 
 3.50125000e-07  1.74061654e-05  3.50125000e-07  1.24498347e-04 
 3.50162500e-07  4.82594550e-06  3.50162500e-07  1.10942476e-04 
 3.50200000e-07 -2.59183666e-04  3.50200000e-07 -1.15523656e-04 
 3.50205000e-07 -2.90121219e-04  3.50205000e-07 -3.13400894e-04 
 3.50215000e-07 -4.49916669e-05  3.50215000e-07 -6.78448518e-04 
 3.50235000e-07  4.30790656e-04  3.50235000e-07 -1.14934599e-03 
 3.50271734e-07 -2.63626820e-04  3.50271734e-07 -5.81750164e-05 
 3.50313796e-07  2.01312240e-04  3.50313796e-07  1.05242758e-03 
 3.50358973e-07 -1.04071447e-04  3.50358973e-07 -4.73285823e-06 
 3.50408973e-07  5.26787504e-05  3.50408973e-07 -2.72718962e-04 
 3.50458973e-07 -1.65815051e-05  3.50458973e-07  1.77484705e-04 
 3.50508973e-07 -6.11902998e-06  3.50508973e-07 -1.34140905e-04 
 3.50558973e-07  2.24048939e-05  3.50558973e-07  1.88947984e-04 
 3.50608973e-07 -3.26410655e-05  3.50608973e-07 -1.75420806e-04 
 3.50658973e-07  3.98922969e-05  3.50658973e-07  1.98054797e-04 
 3.50708973e-07 -4.39174809e-05  3.50708973e-07 -1.97061964e-04 
 3.50758973e-07  4.65031807e-05  3.50758973e-07  2.06011581e-04 
 3.50808973e-07 -4.72082796e-05  3.50808973e-07 -2.05539181e-04 
 3.50858973e-07  4.73071791e-05  3.50858973e-07  2.08408087e-04 
 3.50908973e-07 -4.62547974e-05  3.50908973e-07 -2.06523225e-04 
 3.50958973e-07  4.50424589e-05  3.50958973e-07  2.05935723e-04 
 3.51008973e-07 -4.31081224e-05  3.51008973e-07 -2.02586959e-04 
 3.51058973e-07  4.12691859e-05  3.51058973e-07  1.99968980e-04 
 3.51108973e-07 -3.89558060e-05  3.51108973e-07 -1.95531260e-04 
 3.51158973e-07  3.68780575e-05  3.51158973e-07  1.91541823e-04 
 3.51208973e-07 -3.44738484e-05  3.51208973e-07 -1.86466080e-04 
 3.51258973e-07  3.23835558e-05  3.51258973e-07  1.81782050e-04 
 3.51308973e-07 -3.00473732e-05  3.51308973e-07 -1.76353152e-04 
 3.51358973e-07  2.80628034e-05  3.51358973e-07  1.71325029e-04 
 3.51408973e-07 -2.58790972e-05  3.51408973e-07 -1.65779321e-04 
 3.51458973e-07  2.40610229e-05  3.51458973e-07  1.60608550e-04 
 3.51508973e-07 -2.20664968e-05  3.51508973e-07 -1.55127198e-04 
 3.51558973e-07  2.04405166e-05  3.51558973e-07  1.50006416e-04 
 3.51608973e-07 -1.86466668e-05  3.51608973e-07 -1.44696857e-04 
 3.51658973e-07  1.72169202e-05  3.51658973e-07  1.39734985e-04 
 3.51708973e-07 -1.56201688e-05  3.51708973e-07 -1.34666678e-04 
 3.51758973e-07  1.43792262e-05  3.51758973e-07  1.29929916e-04 
 3.51808973e-07 -1.29678554e-05  3.51808973e-07 -1.25142010e-04 
 3.51858973e-07  1.19022278e-05  3.51858973e-07  1.20666876e-04 
 3.51908973e-07 -1.06605505e-05  3.51908973e-07 -1.16176969e-04 
 3.51958973e-07  9.75402865e-06  3.51958973e-07  1.11979480e-04 
 3.52008973e-07 -8.66489980e-06  3.52008973e-07 -1.07790374e-04 
 3.52058973e-07  7.90054213e-06  3.52058973e-07  1.03872712e-04 
 3.52108973e-07 -6.94682933e-06  3.52108973e-07 -9.99774138e-05 
 3.52158973e-07  6.30810658e-06  3.52158973e-07  9.63327390e-05 
 3.52208973e-07 -5.47351419e-06  3.52208973e-07 -9.27180995e-05 
 3.52258973e-07  4.94493145e-06  3.52258973e-07  8.93339725e-05 
 3.52308973e-07 -4.21442412e-06  3.52308973e-07 -8.59832834e-05 
 3.52358973e-07  3.78182115e-06  3.52358973e-07  8.28440772e-05 
 3.52408973e-07 -3.14180244e-06  3.52408973e-07 -7.97388831e-05 
 3.52458973e-07  2.79245912e-06  3.52458973e-07  7.68274452e-05 
 3.52508973e-07 -2.23080392e-06  3.52508973e-07 -7.39487793e-05 
 3.52558973e-07  1.95343086e-06  3.52558973e-07  7.12475532e-05 
 3.52608973e-07 -1.45943324e-06  3.52608973e-07 -6.85767522e-05 
 3.52658973e-07  1.24409802e-06  3.52658973e-07  6.60685101e-05 
 3.52708973e-07 -8.08374061e-07  3.52708973e-07 -6.35877260e-05 
 3.52758973e-07  6.46394264e-07  3.52758973e-07  6.12560250e-05 
 3.52808973e-07 -2.60763319e-07  3.52808973e-07 -5.89485250e-05 
 3.52858973e-07  1.44585924e-07  3.52858973e-07  5.67779692e-05 
 3.52908973e-07  1.98054325e-07  3.52908973e-07 -5.46282868e-05 
 3.52958973e-07 -2.74975702e-07  3.52958973e-07  5.26046571e-05 
 3.53008973e-07  5.80771962e-07  3.53008973e-07 -5.05986425e-05 
 3.53058973e-07 -6.24095180e-07  3.53058973e-07  4.87089360e-05 
 3.53108973e-07  8.98354264e-07  3.53108973e-07 -4.68337415e-05 
 3.53158973e-07 -9.12958437e-07  3.53158973e-07  4.50661531e-05 
 3.53208973e-07  1.16025344e-06  3.53208973e-07 -4.33101769e-05 
 3.53258973e-07 -1.15033900e-06  3.53258973e-07  4.16540439e-05 
 3.53308973e-07  1.37460482e-06  3.53308973e-07 -4.00068494e-05 
 3.53358973e-07 -1.34378281e-06  3.53358973e-07  3.84525762e-05 
 3.53408973e-07  1.54840133e-06  3.53408973e-07 -3.69047991e-05 
 3.53458973e-07 -1.49977291e-06  3.53458973e-07  3.54437707e-05 
 3.53508973e-07  1.68764807e-06  3.53508973e-07 -3.39870224e-05 
 3.53558973e-07 -1.62387399e-06  3.53558973e-07  3.26115147e-05 
 3.53608973e-07  1.79749728e-06  3.53608973e-07 -3.12382863e-05 
 3.53658973e-07 -1.72085885e-06  3.53658973e-07  2.99413784e-05 
 3.53708973e-07  1.88236675e-06  3.53708973e-07 -2.86449485e-05 
 3.53758973e-07 -1.79481867e-06  3.53758973e-07  2.74204386e-05 
 3.53808973e-07  1.94604217e-06  3.53808973e-07 -2.61947881e-05 
 3.53858973e-07 -1.84925845e-06  3.53858973e-07  2.50371151e-05 
 3.53908973e-07  1.99176605e-06  3.53908973e-07 -2.38768486e-05 
 3.53958973e-07 -1.88717957e-06  3.53958973e-07  2.27810210e-05 
 3.54008973e-07  2.02231438e-06  3.54008973e-07 -2.16812955e-05 
 3.54058973e-07 -1.91115103e-06  3.54058973e-07  2.06428262e-05 
 3.54108973e-07  2.04006267e-06  3.54108973e-07 -1.95992875e-05 
 3.54158973e-07 -1.92337086e-06  3.54158973e-07  1.86141363e-05 
 3.54208973e-07  2.04704304e-06  3.54208973e-07 -1.76228621e-05 
 3.54258973e-07 -1.92571889e-06  3.54258973e-07  1.66873836e-05 
 3.54308973e-07  2.04499297e-06  3.54308973e-07 -1.57448335e-05 
 3.54358973e-07 -1.91980218e-06  3.54358973e-07  1.48557317e-05 
 3.54408973e-07  2.03539746e-06  3.54408973e-07 -1.39587024e-05 
 3.54458973e-07 -1.90699384e-06  3.54458973e-07  1.31129904e-05 
 3.54508973e-07  2.01952509e-06  3.54508973e-07 -1.22585770e-05 
 3.54558973e-07 -1.88846664e-06  3.54558973e-07  1.14535415e-05 
 3.54608973e-07  1.99845889e-06  3.54608973e-07 -1.06391032e-05 
 3.54658973e-07 -1.86522152e-06  3.54658973e-07  9.87227343e-06 
 3.54708973e-07  1.97312306e-06  3.54708973e-07 -9.09540366e-06 
 3.54758973e-07 -1.83811239e-06  3.54758973e-07  8.36452406e-06 
 3.54808973e-07  1.94430564e-06  3.54808973e-07 -7.62302420e-06 
 3.54858973e-07 -1.80786710e-06  3.54858973e-07  6.92603069e-06 
 3.54908973e-07  1.91267811e-06  3.54908973e-07 -6.21788704e-06 
 3.54958973e-07 -1.77510549e-06  3.54958973e-07  5.55288604e-06 
 3.55008973e-07  1.87881191e-06  3.55008973e-07 -4.87624980e-06 
 3.55058973e-07 -1.74035497e-06  3.55058973e-07  4.24149995e-06 
 3.55108973e-07  1.84319314e-06  3.55108973e-07 -3.59466962e-06 
 3.55158973e-07 -1.70406378e-06  3.55158973e-07  2.98856575e-06 
 3.55208973e-07  1.80623456e-06  3.55208973e-07 -2.36997169e-06 
 3.55258973e-07 -1.66661238e-06  3.55258973e-07  1.79103067e-06 
 3.55308973e-07  1.76828624e-06  3.55308973e-07 -1.19922154e-06 
 3.55358973e-07 -1.62832309e-06  3.55358973e-07  6.46070001e-07 
 3.55408973e-07  1.72964453e-06  3.55408973e-07 -7.97009190e-08 
 3.55458973e-07 -1.58946868e-06  3.55458973e-07 -4.48935676e-07 
 3.55508973e-07  1.69055989e-06  3.55508973e-07  9.91113668e-07 
 3.55558973e-07 -1.55027934e-06  3.55558973e-07 -1.49642063e-06 
 3.55608973e-07  1.65124349e-06  3.55608973e-07  2.01556978e-06 
 3.55658973e-07 -1.51094885e-06  3.55658973e-07 -2.49865162e-06 
 3.55708973e-07  1.61187277e-06  3.55708973e-07  2.99585562e-06 
 3.55758973e-07 -1.47163992e-06  3.55758973e-07 -3.45774359e-06 
 3.55808973e-07  1.57259645e-06  3.55808973e-07  3.93401480e-06 
 3.55858973e-07 -1.43248862e-06  3.55858973e-07 -4.37567353e-06 
 3.55908973e-07  1.53353877e-06  3.55908973e-07  4.83195946e-06 
 3.55958973e-07 -1.39360837e-06  3.55958973e-07 -5.25429274e-06 
 3.56008973e-07  1.49480280e-06  3.56008973e-07  5.69148163e-06 
 3.56058973e-07 -1.35509302e-06  3.56058973e-07 -6.09533793e-06 
 3.56108973e-07  1.45647376e-06  3.56108973e-07  6.51426394e-06 
 3.56158973e-07 -1.31701992e-06  3.56158973e-07 -6.90044084e-06 
 3.56208973e-07  1.41862151e-06  3.56208973e-07  7.30188852e-06 
 3.56258973e-07 -1.27945224e-06  3.56258973e-07 -7.67113703e-06 
 3.56308973e-07  1.38130284e-06  3.56308973e-07  8.05584545e-06 
 3.56358973e-07 -1.24244111e-06  3.56358973e-07 -8.40887373e-06 
 3.56408973e-07  1.34456350e-06  3.56408973e-07  8.77754009e-06 
 3.56458973e-07 -1.20602735e-06  3.56458973e-07 -9.11501691e-06 
 3.56508973e-07  1.30843967e-06  3.56508973e-07  9.46829980e-06 
 3.56558973e-07 -1.17024304e-06  3.56558973e-07 -9.79085747e-06 
 3.56608973e-07  1.27295944e-06  3.56608973e-07  1.01293799e-05 
 3.56658973e-07 -1.13511278e-06  3.56658973e-07 -1.04376170e-05 
 3.56708973e-07  1.23814412e-06  3.56708973e-07  1.07619689e-05 
 3.56758973e-07 -1.10065491e-06  3.56758973e-07 -1.10564531e-05 
 3.56808973e-07  1.20400918e-06  3.56808973e-07  1.13671939e-05 
 3.56858973e-07 -1.06688241e-06  3.56858973e-07 -1.16484636e-05 
 3.56908973e-07  1.17056522e-06  3.56908973e-07  1.19461245e-05 
 3.56958973e-07 -1.03380377e-06  3.56958973e-07 -1.22146914e-05 
 3.57008973e-07  1.13781864e-06  3.57008973e-07  1.24997770e-05 
 3.57058973e-07 -1.00142357e-06  3.57058973e-07 -1.27561278e-05 
 3.57108973e-07  1.10577233e-06  3.57108973e-07  1.30291183e-05 
 3.57158973e-07 -9.69743264e-07  3.57158973e-07 -1.32737161e-05 
 3.57208973e-07  1.07442627e-06  3.57208973e-07  1.35350689e-05 
 3.57258973e-07 -9.38761549e-07  3.57258973e-07 -1.37683553e-05 
 3.57308973e-07  1.04377797e-06  3.57308973e-07  1.40185060e-05 
 3.57358973e-07 -9.08474914e-07  3.57358973e-07 -1.42409023e-05 
 3.57408973e-07  1.01382290e-06  3.57408973e-07  1.44802668e-05 
 3.57458973e-07 -8.78877980e-07  3.57458973e-07 -1.46921748e-05 
 3.57508973e-07  9.84554809e-07  3.57508973e-07  1.49211502e-05 
 3.57558973e-07 -8.49963808e-07  3.57558973e-07 -1.51229541e-05 
 3.57608973e-07  9.55966097e-07  3.57608973e-07  1.53419199e-05 
 3.57658973e-07 -8.21724188e-07  3.57658973e-07 -1.55339870e-05 
 3.57708973e-07  9.28047928e-07  3.57708973e-07  1.57433060e-05 
 3.57758973e-07 -7.94149843e-07  3.57758973e-07 -1.59259878e-05 
 3.57808973e-07  9.00790627e-07  3.57808973e-07  1.61260076e-05 
 3.57858973e-07 -7.67230732e-07  3.57858973e-07 -1.62996408e-05 
 3.57908973e-07  8.74183661e-07  3.57908973e-07  1.64906940e-05 
 3.57958973e-07 -7.40956053e-07  3.57958973e-07 -1.66556012e-05 
 3.58008973e-07  8.48216080e-07  3.58008973e-07  1.68380068e-05 
 3.58058973e-07 -7.15314614e-07  3.58058973e-07 -1.69944973e-05 
 3.58108973e-07  8.22876349e-07  3.58108973e-07  1.71685612e-05 
 3.58158973e-07 -6.90294743e-07  3.58158973e-07 -1.73169320e-05 
 3.58208973e-07  7.98152655e-07  3.58208973e-07  1.74829477e-05 
 3.58258973e-07 -6.65884515e-07  3.58258973e-07 -1.76234840e-05 
 3.58308973e-07  7.74032946e-07  3.58308973e-07  1.77817335e-05 
 3.58358973e-07 -6.42071788e-07  3.58358973e-07 -1.79147089e-05 
 3.58408973e-07  7.50504999e-07  3.58408973e-07  1.80654631e-05 
 3.58458973e-07 -6.18844340e-07  3.58458973e-07 -1.81911410e-05 
 3.58508973e-07  7.27556509e-07  3.58508973e-07  1.83346604e-05 
 3.58558973e-07 -5.96189818e-07  3.58558973e-07 -1.84532940e-05 
 3.58608973e-07  7.05175105e-07  3.58608973e-07  1.85898291e-05 
 3.58658973e-07 -5.74095909e-07  3.58658973e-07 -1.87016620e-05 
 3.58708973e-07  6.83348528e-07  3.58708973e-07  1.88314539e-05 
 3.58758973e-07 -5.52550414e-07  3.58758973e-07 -1.89367206e-05 
 3.58808973e-07  6.62064521e-07  3.58808973e-07  1.90600014e-05 
 3.58858973e-07 -5.31541077e-07  3.58858973e-07 -1.91589278e-05 
 3.58908973e-07  6.41310905e-07  3.58908973e-07  1.92759212e-05 
 3.58958973e-07 -5.11055830e-07  3.58958973e-07 -1.93687250e-05 
 3.59008973e-07  6.21075690e-07  3.59008973e-07  1.94796464e-05 
 3.59058973e-07 -4.91082744e-07  3.59058973e-07 -1.95665374e-05 
 3.59108973e-07  6.01346933e-07  3.59108973e-07  1.96715945e-05 
 3.59158973e-07 -4.71609981e-07  3.59158973e-07 -1.97527749e-05 
 3.59208973e-07  5.82112933e-07  3.59208973e-07  1.98521681e-05 
 3.59258973e-07 -4.52625958e-07  3.59258973e-07 -1.99278332e-05 
 3.59308973e-07  5.63362171e-07  3.59308973e-07  2.00217556e-05 
 3.59358973e-07 -4.34119240e-07  3.59358973e-07 -2.00920938e-05 
 3.59408973e-07  5.45083299e-07  3.59408973e-07  2.01807320e-05 
 3.59458973e-07 -4.16078548e-07  3.59458973e-07 -2.02459250e-05 
 3.59508973e-07  5.27265117e-07  3.59508973e-07  2.03294591e-05 
 3.59558973e-07 -3.98492905e-07  3.59558973e-07 -2.03896825e-05 
 3.59608973e-07  5.09896773e-07  3.59608973e-07  2.04682863e-05 
 3.59658973e-07 -3.81351478e-07  3.59658973e-07 -2.05237096e-05 
 3.59708973e-07  4.92967477e-07  3.59708973e-07  2.05975511e-05 
 3.59758973e-07 -3.64643617e-07  3.59758973e-07 -2.06483382e-05 
 3.59808973e-07  4.76466757e-07  3.59808973e-07  2.07175797e-05 
 3.59858973e-07 -3.48358973e-07  3.59858973e-07 -2.07638888e-05 
 3.59908973e-07  4.60384293e-07  3.59908973e-07  2.08286871e-05 
 3.59954487e-07 -3.31715335e-07  3.59954487e-07 -2.08757154e-05 
 3.60000000e-07  4.43186932e-07  3.60000000e-07  2.09408317e-05 
 3.60005000e-07  1.31016813e-05  3.60005000e-07  1.78662717e-04 
 3.60015000e-07 -5.59868286e-06  3.60015000e-07  2.57491581e-06 
 3.60035000e-07 -6.42626043e-06  3.60035000e-07 -5.70914809e-05 
 3.60075000e-07  5.96381603e-06  3.60075000e-07 -5.26414918e-05 
 3.60125000e-07 -3.09453513e-05  3.60125000e-07 -1.21316228e-04 
 3.60162500e-07 -6.30784800e-05  3.60162500e-07 -3.03824332e-04 
 3.60200000e-07  4.54544419e-04  3.60200000e-07  2.46054815e-04 
 3.60205000e-07  2.85127494e-04  3.60205000e-07  1.26124346e-04 
 3.60215000e-07 -2.43884568e-04  3.60215000e-07  3.42066488e-04 
 3.60235000e-07 -3.02374497e-04  3.60235000e-07  8.42501276e-04 
 3.60275000e-07  1.91645321e-04  3.60275000e-07  1.14078497e-03 
 3.60317479e-07 -1.14180292e-04  3.60317479e-07 -1.88171642e-03 
 3.60362353e-07  7.72055661e-05  3.60362353e-07  4.14384580e-04 
 3.60412353e-07 -5.79421554e-05  3.60412353e-07 -2.11161817e-04 
 3.60462353e-07  4.55928154e-05  3.60462353e-07  2.51257691e-04 
 3.60512353e-07 -3.67340516e-05  3.60512353e-07 -1.34063610e-04 
 3.60562353e-07  3.04528186e-05  3.60562353e-07  8.18612982e-05 
 3.60612353e-07 -2.54731175e-05  3.60612353e-07 -2.85833726e-05 
 3.60662353e-07  2.18242497e-05  3.60662353e-07 -9.68169986e-06 
 3.60712353e-07 -1.87227296e-05  3.60712353e-07  4.00731122e-05 
 3.60762353e-07  1.64393821e-05  3.60762353e-07 -6.30419202e-05 
 3.60812353e-07 -1.43613629e-05  3.60812353e-07  8.04287036e-05 
 3.60862353e-07  1.28535832e-05  3.60862353e-07 -9.32472822e-05 
 3.60912353e-07 -1.13674620e-05  3.60912353e-07  1.02510641e-04 
 3.60962353e-07  1.03204898e-05  3.60962353e-07 -1.08874309e-04 
 3.61012353e-07 -9.19504133e-06  3.61012353e-07  1.13012738e-04 
 3.61062353e-07  8.43568608e-06  3.61062353e-07 -1.15320054e-04 
 3.61112353e-07 -7.54144427e-06  3.61112353e-07  1.16259745e-04 
 3.61162353e-07  6.97134758e-06  3.61162353e-07 -1.16061998e-04 
 3.61212353e-07 -6.23352598e-06  3.61212353e-07  1.15052085e-04 
 3.61262353e-07  5.79493012e-06  3.61262353e-07 -1.13356284e-04 
 3.61312353e-07 -5.16874564e-06  3.61312353e-07  1.11207615e-04 
 3.61362353e-07  4.82636618e-06  3.61362353e-07 -1.08666056e-04 
 3.61412353e-07 -4.28383070e-06  3.61412353e-07  1.05902351e-04 
 3.61462353e-07  4.01509670e-06  3.61462353e-07 -1.02934187e-04 
 3.61512353e-07 -3.53784974e-06  3.61512353e-07  9.98899545e-05 
 3.61562353e-07  3.32757737e-06  3.61562353e-07 -9.67605544e-05 
 3.61612353e-07 -2.90294334e-06  3.61612353e-07  9.36454338e-05 
 3.61662353e-07  2.74038493e-06  3.61662353e-07 -9.05187747e-05 
 3.61712353e-07 -2.35916859e-06  3.61712353e-07  8.74601843e-05 
 3.61762353e-07  2.23634767e-06  3.61762353e-07 -8.44336699e-05 
 3.61812353e-07 -1.89157643e-06  3.61812353e-07  8.15052149e-05 
 3.61862353e-07  1.80232685e-06  3.61862353e-07 -7.86328908e-05 
 3.61912353e-07 -1.48851511e-06  3.61912353e-07  7.58733193e-05 
 3.61956177e-07  1.40351589e-06  3.61956177e-07 -7.28112199e-05 
 3.62000000e-07 -1.09550921e-06  3.62000000e-07  6.98952977e-05 
 3.62005000e-07 -2.63171193e-07  3.62005000e-07  5.95254060e-06 
 3.62015000e-07  2.52311281e-07  3.62015000e-07 -5.22812675e-06 
 3.62035000e-07 -8.48168589e-08  3.62035000e-07  4.73880992e-06 
 3.62075000e-07  1.89283823e-07  3.62075000e-07 -4.43077632e-06 
 3.62125000e-07 -6.19674495e-08  3.62125000e-07  4.22413368e-06 
 3.62162500e-07  1.73950261e-07  3.62162500e-07 -3.96630049e-06 
 3.62200000e-07  7.73515447e-08  3.62200000e-07  3.73677028e-06 
 3.62205000e-07  5.38711036e-07  3.62205000e-07  4.13864343e-07 
 3.62215000e-07 -1.85979381e-07  3.62215000e-07  6.21270461e-08 
 3.62235000e-07 -2.49427861e-06  3.62235000e-07  1.37383005e-07 
 3.62275000e-07  4.53706599e-06  3.62275000e-07 -2.49666905e-07 
 3.62325000e-07 -5.22951233e-06  3.62325000e-07  1.00650200e-06 
 3.62375000e-07  5.26888822e-06  3.62375000e-07 -4.87131160e-06 
 3.62425000e-07 -4.50264572e-06  3.62425000e-07  1.07091113e-05 
 3.62475000e-07  3.77668808e-06  3.62475000e-07 -1.40430517e-05 
 3.62525000e-07 -2.83521025e-06  3.62525000e-07  1.47261424e-05 
 3.62575000e-07  2.25429794e-06  3.62575000e-07 -1.51352591e-05 
 3.62625000e-07 -1.57710072e-06  3.62625000e-07  1.57194574e-05 
 3.62675000e-07  1.27051114e-06  3.62675000e-07 -1.61465911e-05 
 3.62725000e-07 -8.31495027e-07  3.62725000e-07  1.64480839e-05 
 3.62775000e-07  7.14322314e-07  3.62775000e-07 -1.65817218e-05 
 3.62825000e-07 -4.18702227e-07  3.62825000e-07  1.66045240e-05 
 3.62875000e-07  4.06914439e-07  3.62875000e-07 -1.65001448e-05 
 3.62925000e-07 -1.87441650e-07  3.62925000e-07  1.63252033e-05 
 3.62975000e-07  2.30211692e-07  3.62975000e-07 -1.60601206e-05 
 3.63025000e-07 -4.97799083e-08  3.63025000e-07  1.57570102e-05 
 3.63075000e-07  1.20623710e-07  3.63075000e-07 -1.53918106e-05 
 3.63125000e-07  3.93984019e-08  3.63125000e-07  1.50126127e-05 
 3.63175000e-07  4.65299698e-08  3.63175000e-07 -1.45916679e-05 
 3.63225000e-07  1.02099598e-07  3.63225000e-07  1.41738623e-05 
 3.63275000e-07 -7.34560046e-09  3.63275000e-07 -1.37285343e-05 
 3.63325000e-07  1.48947253e-07  3.63325000e-07  1.32982638e-05 
 3.63375000e-07 -4.84405910e-08  3.63375000e-07 -1.28499749e-05 
 3.63425000e-07  1.85213029e-07  3.63425000e-07  1.24245520e-05 
 3.63475000e-07 -8.05609485e-08  3.63475000e-07 -1.19873066e-05 
 3.63525000e-07  2.13709475e-07  3.63525000e-07  1.15777313e-05 
 3.63575000e-07 -1.05844372e-07  3.63575000e-07 -1.11600466e-05 
 3.63625000e-07  2.36115246e-07  3.63625000e-07  1.07727554e-05 
 3.63675000e-07 -1.25654507e-07  3.63675000e-07 -1.03793158e-05 
 3.63725000e-07  2.53573427e-07  3.63725000e-07  1.00175460e-05 
 3.63775000e-07 -1.40975571e-07  3.63775000e-07 -9.65039563e-06 
 3.63825000e-07  2.66949770e-07  3.63825000e-07  9.31522613e-06 
 3.63875000e-07 -1.52581293e-07  3.63875000e-07 -8.97466291e-06 
 3.63925000e-07  2.76943556e-07  3.63925000e-07  8.66577520e-06 
 3.63975000e-07 -1.61108347e-07  3.63975000e-07 -8.35099499e-06 
 3.64025000e-07  2.84137038e-07  3.64025000e-07  8.06721595e-06 
 3.64075000e-07 -1.67090534e-07  3.64075000e-07 -7.77676715e-06 
 3.64125000e-07  2.89020176e-07  3.64125000e-07  7.51644736e-06 
 3.64175000e-07 -1.70977674e-07  3.64175000e-07 -7.24854352e-06 
 3.64225000e-07  2.92005738e-07  3.64225000e-07  7.00981358e-06 
 3.64275000e-07 -1.73148217e-07  3.64275000e-07 -6.76254161e-06 
 3.64325000e-07  2.93440372e-07  3.64325000e-07  6.54347992e-06 
 3.64375000e-07 -1.73919283e-07  3.64375000e-07 -6.31493374e-06 
 3.64425000e-07  2.93613891e-07  3.64425000e-07  6.11367128e-06 
 3.64475000e-07 -1.73555573e-07  3.64475000e-07 -5.90203254e-06 
 3.64525000e-07  2.92767883e-07  3.64525000e-07  5.71681393e-06 
 3.64575000e-07 -1.72277358e-07  3.64575000e-07 -5.52039673e-06 
 3.64625000e-07  2.91102960e-07  3.64625000e-07  5.34961160e-06 
 3.64675000e-07 -1.70267165e-07  3.64675000e-07 -5.16688284e-06 
 3.64725000e-07  2.88785122e-07  3.64725000e-07  5.00907741e-06 
 3.64775000e-07 -1.67675988e-07  3.64775000e-07 -4.83866170e-06 
 3.64825000e-07  2.85951657e-07  3.64825000e-07  4.69253835e-06 
 3.64875000e-07 -1.64628479e-07  3.64875000e-07 -4.53321305e-06 
 3.64925000e-07  2.82715711e-07  3.64925000e-07  4.39762212e-06 
 3.64975000e-07 -1.61227351e-07  3.64975000e-07 -4.24830707e-06 
 3.65025000e-07  2.79170420e-07  3.65025000e-07  4.12223507e-06 
 3.65075000e-07 -1.57557034e-07  3.65075000e-07 -3.98197947e-06 
 3.65125000e-07  2.75392319e-07  3.65125000e-07  3.86453517e-06 
 3.65175000e-07 -1.53686820e-07  3.65175000e-07 -3.73250357e-06 
 3.65225000e-07  2.71444132e-07  3.65225000e-07  3.62290417e-06 
 3.65275000e-07 -1.49673489e-07  3.65275000e-07 -3.49836269e-06 
 3.65325000e-07  2.67377245e-07  3.65325000e-07  3.39592012e-06 
 3.65375000e-07 -1.45563527e-07  3.65375000e-07 -3.27822331e-06 
 3.65425000e-07  2.63233563e-07  3.65425000e-07  3.18233203e-06 
 3.65475000e-07 -1.41394688e-07  3.65475000e-07 -3.07091109e-06 
 3.65525000e-07  2.59047218e-07  3.65525000e-07  2.98103673e-06 
 3.65575000e-07 -1.37197727e-07  3.65575000e-07 -2.87538910e-06 
 3.65625000e-07  2.54845798e-07  3.65625000e-07  2.79105855e-06 
 3.65675000e-07 -1.32997423e-07  3.65675000e-07 -2.69073846e-06 
 3.65725000e-07  2.50651600e-07  3.65725000e-07  2.61153147e-06 
 3.65775000e-07 -1.28813826e-07  3.65775000e-07 -2.51614212e-06 
 3.65825000e-07  2.46482517e-07  3.65825000e-07  2.44168377e-06 
 3.65875000e-07 -1.24662863e-07  3.65875000e-07 -2.35087047e-06 
 3.65925000e-07  2.42352857e-07  3.65925000e-07  2.28082488e-06 
 3.65975000e-07 -1.20557284e-07  3.65975000e-07 -2.19426918e-06 
 3.66025000e-07  2.38273788e-07  3.66025000e-07  2.12833419e-06 
 3.66075000e-07 -1.16506957e-07  3.66075000e-07 -2.04574900e-06 
 3.66125000e-07  2.34254130e-07  3.66125000e-07  1.98365152e-06 
 3.66175000e-07 -1.12519646e-07  3.66175000e-07 -1.90477689e-06 
 3.66225000e-07  2.30300610e-07  3.66225000e-07  1.84626928e-06 
 3.66275000e-07 -1.08601226e-07  3.66275000e-07 -1.77086888e-06 
 3.66325000e-07  2.26418327e-07  3.66325000e-07  1.71572542e-06 
 3.66375000e-07 -1.04755971e-07  3.66375000e-07 -1.64358358e-06 
 3.66425000e-07  2.22610886e-07  3.66425000e-07  1.59159799e-06 
 3.66475000e-07 -1.00987064e-07  3.66475000e-07 -1.52251717e-06 
 3.66525000e-07  2.18881008e-07  3.66525000e-07  1.47350013e-06 
 3.66575000e-07 -9.72966341e-08  3.66575000e-07 -1.40729875e-06 
 3.66625000e-07  2.15230335e-07  3.66625000e-07  1.36107603e-06 
 3.66675000e-07 -9.36859239e-08  3.66675000e-07 -1.29758677e-06 
 3.66725000e-07  2.11659755e-07  3.66725000e-07  1.25399752e-06 
 3.66775000e-07 -9.01556139e-08  3.66775000e-07 -1.19306565e-06 
 3.66825000e-07  2.08169671e-07  3.66825000e-07  1.15196095e-06 
 3.66875000e-07 -8.67057478e-08  3.66875000e-07 -1.09344306e-06 
 3.66925000e-07  2.04759976e-07  3.66925000e-07  1.05468476e-06 
 3.66975000e-07 -8.33360771e-08  3.66975000e-07 -9.98447695e-07 
 3.67025000e-07  2.01430140e-07  3.67025000e-07  9.61907286e-07 
 3.67075000e-07 -8.00458976e-08  3.67075000e-07 -9.07827056e-07 
 3.67125000e-07  1.98179361e-07  3.67125000e-07  8.73384830e-07 
 3.67175000e-07 -7.68342914e-08  3.67175000e-07 -8.21345765e-07 
 3.67225000e-07  1.95006661e-07  3.67225000e-07  7.88889969e-07 
 3.67275000e-07 -7.37001709e-08  3.67275000e-07 -7.38784065e-07 
 3.67325000e-07  1.91910757e-07  3.67325000e-07  7.08210245e-07 
 3.67375000e-07 -7.06421874e-08  3.67375000e-07 -6.59936432e-07 
 3.67425000e-07  1.88890348e-07  3.67425000e-07  6.31146768e-07 
 3.67475000e-07 -6.76589848e-08  3.67475000e-07 -5.84610381e-07 
 3.67525000e-07  1.85943953e-07  3.67525000e-07  5.57513174e-07 
 3.67575000e-07 -6.47490441e-08  3.67575000e-07 -5.12625395e-07 
 3.67625000e-07  1.83070097e-07  3.67625000e-07  4.87134577e-07 
 3.67675000e-07 -6.19108721e-08  3.67675000e-07 -4.43812008e-07 
 3.67725000e-07  1.80267189e-07  3.67725000e-07  4.19846764e-07 
 3.67775000e-07 -5.91428476e-08  3.67775000e-07 -3.78011011e-07 
 3.67825000e-07  1.77533660e-07  3.67825000e-07  3.55495271e-07 
 3.67875000e-07 -5.64434177e-08  3.67875000e-07 -3.15072576e-07 
 3.67925000e-07  1.74867908e-07  3.67925000e-07  2.93934775e-07 
 3.67975000e-07 -5.38109454e-08  3.67975000e-07 -2.54855693e-07 
 3.68025000e-07  1.72268307e-07  3.68025000e-07  2.35028420e-07 
 3.68075000e-07 -5.12438265e-08  3.68075000e-07 -1.97227494e-07 
 3.68125000e-07  1.69733261e-07  3.68125000e-07  1.78647151e-07 
 3.68175000e-07 -4.87404999e-08  3.68175000e-07 -1.42062646e-07 
 3.68225000e-07  1.67261260e-07  3.68225000e-07  1.24669293e-07 
 3.68275000e-07 -4.62993824e-08  3.68275000e-07 -8.92429395e-08 
 3.68325000e-07  1.64850650e-07  3.68325000e-07  7.29799459e-08 
 3.68375000e-07 -4.39189463e-08  3.68375000e-07 -3.86567569e-08 
 3.68425000e-07  1.62499989e-07  3.68425000e-07  2.34706394e-08 
 3.68475000e-07 -4.15976878e-08  3.68475000e-07  9.80140200e-09 
 3.68525000e-07  1.60207755e-07  3.68525000e-07 -2.39611887e-08 
 3.68575000e-07 -3.93341026e-08  3.68575000e-07  5.62312018e-08 
 3.68625000e-07  1.57972472e-07  3.68625000e-07 -6.94124382e-08 
 3.68675000e-07 -3.71267926e-08  3.68675000e-07  1.00726932e-07 
 3.68725000e-07  1.55792756e-07  3.68725000e-07 -1.12974877e-07 
 3.68775000e-07 -3.49742958e-08  3.68775000e-07  1.43377849e-07 
 3.68825000e-07  1.53667131e-07  3.68825000e-07 -1.54735333e-07 
 3.68875000e-07 -3.28752294e-08  3.68875000e-07  1.84268443e-07 
 3.68925000e-07  1.51594278e-07  3.68925000e-07 -1.94775996e-07 
 3.68975000e-07 -3.08282843e-08  3.68975000e-07  2.23478721e-07 
 3.69025000e-07  1.49572916e-07  3.69025000e-07 -2.33174776e-07 
 3.69075000e-07 -2.88321324e-08  3.69075000e-07  2.61084538e-07 
 3.69125000e-07  1.47601662e-07  3.69125000e-07 -2.70005533e-07 
 3.69175000e-07 -2.68855051e-08  3.69175000e-07  2.97157800e-07 
 3.69225000e-07  1.45679337e-07  3.69225000e-07 -3.05338309e-07 
 3.69275000e-07 -2.49871678e-08  3.69275000e-07  3.31766728e-07 
 3.69325000e-07  1.43804686e-07  3.69325000e-07 -3.39239509e-07 
 3.69375000e-07 -2.31359204e-08  3.69375000e-07  3.64976013e-07 
 3.69425000e-07  1.41976542e-07  3.69425000e-07 -3.71772216e-07 
 3.69475000e-07 -2.13305775e-08  3.69475000e-07  3.96847130e-07 
 3.69525000e-07  1.40193708e-07  3.69525000e-07 -4.02996271e-07 
 3.69575000e-07 -1.95699776e-08  3.69575000e-07  4.27438422e-07 
 3.69625000e-07  1.38455068e-07  3.69625000e-07 -4.32968579e-07 
 3.69675000e-07 -1.78530421e-08  3.69675000e-07  4.56805295e-07 
 3.69725000e-07  1.36759561e-07  3.69725000e-07 -4.61743183e-07 
 3.69775000e-07 -1.61786855e-08  3.69775000e-07  4.85000472e-07 
 3.69825000e-07  1.35106077e-07  3.69825000e-07 -4.89371422e-07 
 3.69875000e-07 -1.45458418e-08  3.69875000e-07  5.12074029e-07 
 3.69925000e-07  1.33493619e-07  3.69925000e-07 -5.15902162e-07 
 3.69962500e-07 -1.26919478e-08  3.69962500e-07  5.42306136e-07 
 3.70000000e-07  1.31405665e-07  3.70000000e-07 -5.49650156e-07 
 3.70005000e-07 -6.87396250e-06  3.70005000e-07 -6.17637277e-05 
 3.70015000e-07  6.57543371e-06  3.70015000e-07  1.70654659e-05 
 3.70035000e-07  3.09697145e-07  3.70035000e-07  1.49848547e-05 
 3.70075000e-07 -2.07646859e-06  3.70075000e-07  9.21413387e-06 
 3.70125000e-07  1.67915796e-05  3.70125000e-07  1.21133720e-04 
 3.70162500e-07  5.24782688e-06  3.70162500e-07  1.16002339e-04 
 3.70200000e-07 -2.33640977e-04  3.70200000e-07 -1.23914976e-04 
 3.70205000e-07 -2.23930111e-04  3.70205000e-07 -3.18476639e-04 
 3.70215000e-07  6.02473815e-05  3.70215000e-07 -6.72859500e-04 
 3.70235000e-07  4.17035803e-04  3.70235000e-07 -9.31754991e-04 
 3.70271744e-07 -2.91587467e-04  3.70271744e-07  4.37149529e-06 
 3.70313399e-07  1.60845696e-04  3.70313399e-07  9.29329772e-04 
 3.70358179e-07 -7.97555889e-05  3.70358179e-07  2.37774727e-05 
 3.70408179e-07  3.35196928e-05  3.70408179e-07 -1.81509354e-04 
 3.70458179e-07 -2.40235069e-06  3.70458179e-07  5.40113369e-05 
 3.70508179e-07 -1.83789984e-05  3.70508179e-07 -1.17720020e-04 
 3.70558179e-07  3.25480548e-05  3.70558179e-07  1.22971255e-04 
 3.70608179e-07 -4.17248075e-05  3.70608179e-07 -1.44219608e-04 
 3.70658179e-07  4.76862165e-05  3.70658179e-07  1.56531842e-04 
 3.70708179e-07 -5.09355347e-05  3.70708179e-07 -1.67554157e-04 
 3.70758179e-07  5.25964620e-05  3.70758179e-07  1.75336758e-04 
 3.70808179e-07 -5.26666661e-05  3.70808179e-07 -1.80881720e-04 
 3.70858179e-07  5.20469687e-05  3.70858179e-07  1.84436336e-04 
 3.70908179e-07 -5.04863226e-05  3.70908179e-07 -1.86262805e-04 
 3.70958179e-07  4.86974165e-05  3.70958179e-07  1.86690571e-04 
 3.71008179e-07 -4.63549494e-05  3.71008179e-07 -1.85933696e-04 
 3.71058179e-07  4.40576111e-05  3.71058179e-07  1.84253750e-04 
 3.71108179e-07 -4.14174592e-05  3.71108179e-07 -1.81740783e-04 
 3.71158179e-07  3.89767924e-05  3.71158179e-07  1.78654646e-04 
 3.71208179e-07 -3.63133216e-05  3.71208179e-07 -1.75029046e-04 
 3.71258179e-07  3.39332415e-05  3.71258179e-07  1.71069578e-04 
 3.71308179e-07 -3.13932731e-05  3.71308179e-07 -1.66784007e-04 
 3.71358179e-07  2.91800597e-05  3.71358179e-07  1.62335736e-04 
 3.71408179e-07 -2.68363053e-05  3.71408179e-07 -1.57712505e-04 
 3.71458179e-07  2.48386019e-05  3.71458179e-07  1.53045672e-04 
 3.71508179e-07 -2.27203012e-05  3.71508179e-07 -1.48308981e-04 
 3.71558179e-07  2.09532762e-05  3.71558179e-07  1.43609169e-04 
 3.71608179e-07 -1.90646885e-05  3.71608179e-07 -1.38910663e-04 
 3.71658179e-07  1.75246209e-05  3.71658179e-07  1.34301410e-04 
 3.71708179e-07 -1.58562014e-05  3.71708179e-07 -1.29739905e-04 
 3.71758179e-07  1.45292793e-05  3.71758179e-07  1.25299870e-04 
 3.71808179e-07 -1.30644187e-05  3.71808179e-07 -1.20936261e-04 
 3.71858179e-07  1.19320155e-05  3.71858179e-07  1.16712114e-04 
 3.71908179e-07 -1.06510660e-05  3.71908179e-07 -1.12580505e-04 
 3.71958179e-07  9.69285986e-06  3.71958179e-07  1.08596497e-04 
 3.72008179e-07 -8.57549487e-06  3.72008179e-07 -1.04712402e-04 
 3.72058179e-07  7.77126526e-06  3.72058179e-07  1.00977390e-04 
 3.72108179e-07 -6.79781323e-06  3.72108179e-07 -9.73437374e-05 
 3.72158179e-07  6.12842515e-06  3.72158179e-07  9.38562891e-05 
 3.72208179e-07 -5.28057504e-06  3.72208179e-07 -9.04677428e-05 
 3.72258179e-07  4.72846880e-06  3.72258179e-07  8.72198061e-05 
 3.72308179e-07 -3.98959373e-06  3.72308179e-07 -8.40658624e-05 
 3.72358179e-07  3.53897752e-06  3.72358179e-07  8.10453695e-05 
 3.72408179e-07 -2.89423047e-06  3.72408179e-07 -7.81125315e-05 
 3.72458179e-07  2.53109872e-06  3.72458179e-07  7.53052199e-05 
 3.72508179e-07 -1.96737716e-06  3.72508179e-07 -7.25785059e-05 
 3.72558179e-07  1.67943095e-06  3.72558179e-07  6.99691673e-05 
 3.72608179e-07 -1.18526966e-06  3.72608179e-07 -6.74331323e-05 
 3.72658179e-07  9.61786521e-07  3.72658179e-07  6.50064488e-05 
 3.72708179e-07 -5.27215532e-07  3.72708179e-07 -6.26458570e-05 
 3.72758179e-07  3.58897419e-07  3.72758179e-07  6.03869417e-05 
 3.72808179e-07  2.47123602e-08  3.72808179e-07 -5.81871899e-05 
 3.72858179e-07 -1.45895782e-07  3.72858179e-07  5.60819176e-05 
 3.72908179e-07  4.85986438e-07  3.72908179e-07 -5.40292837e-05 
 3.72958179e-07 -5.66949348e-07  3.72958179e-07  5.20644760e-05 
 3.73008179e-07  8.69921800e-07  3.73008179e-07 -5.01462469e-05 
 3.73058179e-07 -9.16603328e-07  3.73058179e-07  4.83097565e-05 
 3.73108179e-07  1.18795139e-06  3.73108179e-07 -4.65142742e-05 
 3.73158179e-07 -1.20544378e-06  3.73158179e-07  4.47950028e-05 
 3.73208179e-07  1.44987511e-06  3.73208179e-07 -4.31116561e-05 
 3.73258179e-07 -1.44253832e-06  3.73258179e-07  4.14995283e-05 
 3.73308179e-07  1.66408168e-06  3.73308179e-07 -3.99187111e-05 
 3.73358179e-07 -1.63564449e-06  3.73358179e-07  3.84046223e-05 
 3.73408179e-07  1.83774418e-06  3.73408179e-07 -3.69176710e-05 
 3.73458179e-07 -1.79139272e-06  3.73458179e-07  3.54934197e-05 
 3.73508179e-07  1.97699110e-06  3.73508179e-07 -3.40925410e-05 
 3.73558179e-07 -1.91544597e-06  3.73558179e-07  3.27507541e-05 
 3.73608179e-07  2.08705485e-06  3.73608179e-07 -3.14289482e-05 
 3.73658179e-07 -2.01263767e-06  3.73658179e-07  3.01630053e-05 
 3.73708179e-07  2.17240026e-06  3.73708179e-07 -2.89139895e-05 
 3.73758179e-07 -2.08709137e-06  3.73758179e-07  2.77179479e-05 
 3.73808179e-07  2.23683551e-06  3.73808179e-07 -2.65360840e-05 
 3.73858179e-07 -2.14232335e-06  3.73858179e-07  2.54046082e-05 
 3.73908179e-07  2.28360730e-06  3.73908179e-07 -2.42848332e-05 
 3.73958179e-07 -2.18133100e-06  3.73958179e-07  2.32131296e-05 
 3.74008179e-07  2.31548281e-06  3.74008179e-07 -2.21508930e-05 
 3.74058179e-07 -2.20666851e-06  3.74058179e-07  2.11346493e-05 
 3.74108179e-07  2.33481959e-06  3.74108179e-07 -2.01258557e-05 
 3.74158179e-07 -2.22051171e-06  3.74158179e-07  1.91611874e-05 
 3.74208179e-07  2.34362567e-06  3.74208179e-07 -1.82021446e-05 
 3.74258179e-07 -2.22471347e-06  3.74258179e-07  1.72855458e-05 
 3.74308179e-07  2.34361072e-06  3.74308179e-07 -1.63729192e-05 
 3.74358179e-07 -2.22085122e-06  3.74358179e-07  1.55012198e-05 
 3.74408179e-07  2.33623009e-06  3.74408179e-07 -1.46319911e-05 
 3.74458179e-07 -2.21026739e-06  3.74458179e-07  1.38023181e-05 
 3.74508179e-07  2.32272194e-06  3.74508179e-07 -1.29737492e-05 
 3.74558179e-07 -2.19410389e-06  3.74558179e-07  1.21834929e-05 
 3.74608179e-07  2.30413938e-06  3.74608179e-07 -1.13930944e-05 
 3.74658179e-07 -2.17333177e-06  3.74658179e-07  1.06398787e-05 
 3.74708179e-07  2.28137769e-06  3.74708179e-07 -9.88538133e-06 
 3.74758179e-07 -2.14877632e-06  3.74758179e-07  9.16703734e-06 
 3.74808179e-07  2.25519756e-06  3.74808179e-07 -8.44636771e-06 
 3.74858179e-07 -2.12113859e-06  3.74858179e-07  7.76091104e-06 
 3.74908179e-07  2.22624492e-06  3.74908179e-07 -7.07216981e-06 
 3.74958179e-07 -2.09101358e-06  3.74958179e-07  6.41778028e-06 
 3.75008179e-07  2.19506789e-06  3.75008179e-07 -5.75922339e-06 
 3.75058179e-07 -2.05890612e-06  3.75058179e-07  5.13422721e-06 
 3.75108179e-07  2.16213121e-06  3.75108179e-07 -4.50424926e-06 
 3.75158179e-07 -2.02524394e-06  3.75158179e-07  3.90710373e-06 
 3.75208179e-07  2.12782854e-06  3.75208179e-07 -3.30422335e-06 
 3.75258179e-07 -1.99038920e-06  3.75258179e-07  2.73350308e-06 
 3.75308179e-07  2.09249290e-06  3.75308179e-07 -2.15635019e-06 
 3.75358179e-07 -1.95464807e-06  3.75358179e-07  1.61073525e-06 
 3.75408179e-07  2.05640568e-06  3.75408179e-07 -1.05803978e-06 
 3.75458179e-07 -1.91827912e-06  3.75458179e-07  5.36305068e-07 
 3.75508179e-07  2.01980442e-06  3.75508179e-07 -6.88714175e-09 
 3.75558179e-07 -1.88150028e-06  3.75558179e-07 -4.92106799e-07 
 3.75608179e-07  1.98288894e-06  3.75608179e-07  9.99345712e-07 
 3.75658179e-07 -1.84449488e-06  3.75658179e-07 -1.47666093e-06 
 3.75708179e-07  1.94582731e-06  3.75708179e-07  1.96274561e-06 
 3.75758179e-07 -1.80741680e-06  3.75758179e-07 -2.41937394e-06 
 3.75808179e-07  1.90876034e-06  3.75808179e-07  2.88526232e-06 
 3.75858179e-07 -1.77039477e-06  3.75858179e-07 -3.32213181e-06 
 3.75908179e-07  1.87180561e-06  3.75908179e-07  3.76872095e-06 
 3.75958179e-07 -1.73353617e-06  3.75958179e-07 -4.18670161e-06 
 3.76008179e-07  1.83506111e-06  3.76008179e-07  4.61483312e-06 
 3.76058179e-07 -1.69693024e-06  3.76058179e-07 -5.01474183e-06 
 3.76108179e-07  1.79860798e-06  3.76108179e-07  5.42520664e-06 
 3.76158179e-07 -1.66065073e-06  3.76158179e-07 -5.80781184e-06 
 3.76208179e-07  1.76251314e-06  3.76208179e-07  6.20135441e-06 
 3.76258179e-07 -1.62475819e-06  3.76258179e-07 -6.56738003e-06 
 3.76308179e-07  1.72683128e-06  3.76308179e-07  6.94470226e-06 
 3.76358179e-07 -1.58930201e-06  3.76358179e-07 -7.29483132e-06 
 3.76408179e-07  1.69160688e-06  3.76408179e-07  7.65659587e-06 
 3.76458179e-07 -1.55432207e-06  3.76458179e-07 -7.99147372e-06 
 3.76508179e-07  1.65687570e-06  3.76508179e-07  8.33830720e-06 
 3.76558179e-07 -1.51985033e-06  3.76558179e-07 -8.65854451e-06 
 3.76608179e-07  1.62266596e-06  3.76608179e-07  8.99104011e-06 
 3.76658179e-07 -1.48591165e-06  3.76658179e-07 -9.29721536e-06 
 3.76708179e-07  1.58899967e-06  3.76708179e-07  9.61593546e-06 
 3.76758179e-07 -1.45252534e-06  3.76758179e-07 -9.90859749e-06 
 3.76808179e-07  1.55589350e-06  3.76808179e-07  1.02140758e-05 
 3.76858179e-07 -1.41970569e-06  3.76858179e-07 -1.04937457e-05 
 3.76908179e-07  1.52335959e-06  3.76908179e-07  1.07864895e-05 
 3.76958179e-07 -1.38746287e-06  3.76958179e-07 -1.10536629e-05 
 3.77008179e-07  1.49140633e-06  3.77008179e-07  1.13341545e-05 
 3.77058179e-07 -1.35580361e-06  3.77058179e-07 -1.15893030e-05 
 3.77108179e-07  1.46003887e-06  3.77108179e-07  1.18580020e-05 
 3.77158179e-07 -1.32473166e-06  3.77158179e-07 -1.21015749e-05 
 3.77208179e-07  1.42925968e-06  3.77208179e-07  1.23589193e-05 
 3.77258179e-07 -1.29424827e-06  3.77258179e-07 -1.25913451e-05 
 3.77308179e-07  1.39906899e-06  3.77308179e-07  1.28377527e-05 
 3.77358179e-07 -1.26435276e-06  3.77358179e-07 -1.30594406e-05 
 3.77408179e-07  1.36946511e-06  3.77408179e-07  1.32953105e-05 
 3.77458179e-07 -1.23504256e-06  3.77458179e-07 -1.35066514e-05 
 3.77508179e-07  1.34044481e-06  3.77508179e-07  1.37323650e-05 
 3.77558179e-07 -1.20631377e-06  3.77558179e-07 -1.39337325e-05 
 3.77608179e-07  1.31200355e-06  3.77608179e-07  1.41496548e-05 
 3.77658179e-07 -1.17816129e-06  3.77658179e-07 -1.43414066e-05 
 3.77708179e-07  1.28413568e-06  3.77708179e-07  1.45478869e-05 
 3.77758179e-07 -1.15057904e-06  3.77758179e-07 -1.47303656e-05 
 3.77808179e-07  1.25683476e-06  3.77808179e-07  1.49277386e-05 
 3.77858179e-07 -1.12356019e-06  3.77858179e-07 -1.51012724e-05 
 3.77908179e-07  1.23009357e-06  3.77908179e-07  1.52898591e-05 
 3.77958179e-07 -1.09709717e-06  3.77958179e-07 -1.54547629e-05 
 3.78008179e-07  1.20390429e-06  3.78008179e-07  1.56348711e-05 
 3.78058179e-07 -1.07118199e-06  3.78058179e-07 -1.57914471e-05 
 3.78108179e-07  1.17825871e-06  3.78108179e-07  1.59633724e-05 
 3.78158179e-07 -1.04580623e-06  3.78158179e-07 -1.61119107e-05 
 3.78208179e-07  1.15314827e-06  3.78208179e-07  1.62759371e-05 
 3.78258179e-07 -1.02096119e-06  3.78258179e-07 -1.64167165e-05 
 3.78308179e-07  1.12856411e-06  3.78308179e-07  1.65731169e-05 
 3.78358179e-07 -9.96637880e-07  3.78358179e-07 -1.67064055e-05 
 3.78408179e-07  1.10449716e-06  3.78408179e-07  1.68554424e-05 
 3.78458179e-07 -9.72827178e-07  3.78458179e-07 -1.69814981e-05 
 3.78508179e-07  1.08093826e-06  3.78508179e-07  1.71234240e-05 
 3.78558179e-07 -9.49519901e-07  3.78558179e-07 -1.72424949e-05 
 3.78608179e-07  1.05787818e-06  3.78608179e-07  1.73775529e-05 
 3.78658179e-07 -9.26706729e-07  3.78658179e-07 -1.74898780e-05 
 3.78708179e-07  1.03530755e-06  3.78708179e-07  1.76183024e-05 
 3.78758179e-07 -9.04378384e-07  3.78758179e-07 -1.77241119e-05 
 3.78808179e-07  1.01321713e-06  3.78808179e-07  1.78461283e-05 
 3.78858179e-07 -8.82525551e-07  3.78858179e-07 -1.79456440e-05 
 3.78908179e-07  9.91597637e-07  3.78908179e-07  1.80614700e-05 
 3.78958179e-07 -8.61139019e-07  3.78958179e-07 -1.81549057e-05 
 3.79008179e-07  9.70439863e-07  3.79008179e-07  1.82647511e-05 
 3.79058179e-07 -8.40209574e-07  3.79058179e-07 -1.83523133e-05 
 3.79108179e-07  9.49734621e-07  3.79108179e-07  1.84563804e-05 
 3.79158179e-07 -8.19728134e-07  3.79158179e-07 -1.85382682e-05 
 3.79208179e-07  9.29472896e-07  3.79208179e-07  1.86367524e-05 
 3.79258179e-07 -7.99685684e-07  3.79258179e-07 -1.87131578e-05 
 3.79308179e-07  9.09645741e-07  3.79308179e-07  1.88062477e-05 
 3.79358179e-07 -7.80073377e-07  3.79358179e-07 -1.88773564e-05 
 3.79408179e-07  8.90244339e-07  3.79408179e-07  1.89652341e-05 
 3.79458179e-07 -7.60882413e-07  3.79458179e-07 -1.90312252e-05 
 3.79508179e-07  8.71259933e-07  3.79508179e-07  1.91140667e-05 
 3.79558179e-07 -7.42104121e-07  3.79558179e-07 -1.91751133e-05 
 3.79608179e-07  8.52683991e-07  3.79608179e-07  1.92530887e-05 
 3.79658179e-07 -7.23730057e-07  3.79658179e-07 -1.93093582e-05 
 3.79708179e-07  8.34508075e-07  3.79708179e-07  1.93826317e-05 
 3.79758179e-07 -7.05751824e-07  3.79758179e-07 -1.94342859e-05 
 3.79808179e-07  8.16723892e-07  3.79808179e-07  1.95030165e-05 
 3.79858179e-07 -6.88161234e-07  3.79858179e-07 -1.95502118e-05 
 3.79908179e-07  7.99323310e-07  3.79908179e-07  1.96145531e-05 
 3.79954090e-07 -6.70192298e-07  3.79954090e-07 -1.96620202e-05 
 3.80000000e-07  7.80799709e-07  3.80000000e-07  1.97263119e-05 
 3.80005000e-07  1.31245181e-05  3.80005000e-07  1.78792614e-04 
 3.80015000e-07 -5.62344747e-06  3.80015000e-07  2.31921609e-06 
 3.80035000e-07 -6.43373640e-06  3.80035000e-07 -5.69942950e-05 
 3.80075000e-07  5.98731701e-06  3.80075000e-07 -5.26603898e-05 
 3.80125000e-07 -3.10005531e-05  3.80125000e-07 -1.21218447e-04 
 3.80162500e-07 -6.31663323e-05  3.80162500e-07 -3.03578242e-04 
 3.80200000e-07  4.55450646e-04  3.80200000e-07  2.44649614e-04 
 3.80205000e-07  2.83727129e-04  3.80205000e-07  1.25122922e-04 
 3.80215000e-07 -2.46803602e-04  3.80215000e-07  3.45724205e-04 
 3.80235000e-07 -2.99663428e-04  3.80235000e-07  8.53808801e-04 
 3.80275000e-07  1.90255316e-04  3.80275000e-07  1.13059211e-03 
 3.80318186e-07 -1.14382096e-04  3.80318186e-07 -1.90212347e-03 
 3.80363616e-07  7.76796965e-05  3.80363616e-07  4.70998417e-04 
 3.80413616e-07 -5.82566429e-05  3.80413616e-07 -2.47875722e-04 
 3.80463616e-07  4.58233240e-05  3.80463616e-07  2.83678395e-04 
 3.80513616e-07 -3.69109983e-05  3.80513616e-07 -1.67731485e-04 
 3.80563616e-07  3.05918070e-05  3.80563616e-07  1.14883020e-04 
 3.80613616e-07 -2.55845584e-05  3.80613616e-07 -6.15575676e-05 
 3.80663616e-07  2.19165831e-05  3.80663616e-07  2.29158556e-05 
 3.80713616e-07 -1.88028294e-05  3.80713616e-07  7.91714850e-06 
 3.80763616e-07  1.65126507e-05  3.80763616e-07 -3.14450386e-05 
 3.80813616e-07 -1.44318851e-05  3.80813616e-07  4.94530898e-05 
 3.80863616e-07  1.29241711e-05  3.80863616e-07 -6.29596073e-05 
 3.80913616e-07 -1.14399139e-05  3.80913616e-07  7.29432246e-05 
 3.80963616e-07  1.03958067e-05  3.80963616e-07 -8.00648463e-05 
 3.81013616e-07 -9.27361237e-06  3.81013616e-07  8.49722781e-05 
 3.81063616e-07  8.51749767e-06  3.81063616e-07 -8.80669594e-05 
 3.81113616e-07 -7.62618808e-06  3.81113616e-07  8.97912971e-05 
 3.81163616e-07  7.05856473e-06  3.81163616e-07 -9.03833815e-05 
 3.81213616e-07 -6.32265844e-06  3.81213616e-07  9.01517464e-05 
 3.81263616e-07  5.88540434e-06  3.81263616e-07 -8.92304874e-05 
 3.81313616e-07 -5.25999073e-06  3.81313616e-07  8.78393511e-05 
 3.81363616e-07  4.91785539e-06  3.81363616e-07 -8.60457035e-05 
 3.81413616e-07 -4.37508363e-06  3.81413616e-07  8.40097914e-05 
 3.81463616e-07  4.10569497e-06  3.81463616e-07 -8.17560892e-05 
 3.81513616e-07 -3.62743338e-06  3.81513616e-07  7.94047137e-05 
 3.81563616e-07  3.41584628e-06  3.81563616e-07 -7.69526814e-05 
 3.81613616e-07 -2.98965285e-06  3.81613616e-07  7.44929404e-05 
 3.81663616e-07  2.82534016e-06  3.81663616e-07 -7.20051066e-05 
 3.81713616e-07 -2.44222131e-06  3.81713616e-07  6.95637010e-05 
 3.81763616e-07  2.31738759e-06  3.81763616e-07 -6.71375064e-05 
 3.81813616e-07 -1.97052990e-06  3.81813616e-07  6.47885427e-05 
 3.81863616e-07  1.87914726e-06  3.81863616e-07 -6.24790419e-05 
 3.81913616e-07 -1.56318331e-06  3.81913616e-07  6.02625529e-05 
 3.81956808e-07  1.47282150e-06  3.81956808e-07 -5.77650846e-05 
 3.82000000e-07 -1.15994401e-06  3.82000000e-07  5.53931874e-05 
 3.82005000e-07  1.82862046e-04  3.82005000e-07  2.47827122e-03 
 3.82015000e-07  1.50797663e-04  3.82015000e-07  2.66806462e-03 
 3.82035000e-07  1.09060037e-05  3.82035000e-07  9.76922482e-04 
 3.82075000e-07  4.97338922e-05  3.82075000e-07  7.98388338e-04 
 3.82125000e-07 -1.55449259e-05  3.82125000e-07  3.55478887e-04 
 3.82162500e-07  1.07095620e-06  3.82162500e-07  5.91766707e-04 
 3.82200000e-07 -2.31851773e-05  3.82200000e-07 -2.69595155e-03 
 3.82205000e-07 -1.40386223e-04  3.82205000e-07 -1.88798347e-03 
 3.82215000e-07 -1.30552478e-04  3.82215000e-07 -1.26183233e-03 
 3.82235000e-07 -4.14606913e-05  3.82235000e-07 -1.04342815e-03 
 3.82267142e-07 -2.79129232e-05  3.82267142e-07 -6.05021304e-04 
 3.82317142e-07 -2.87570830e-06  3.82317142e-07 -2.91755711e-04 
 3.82367142e-07  1.01436006e-05  3.82367142e-07 -1.22610192e-04 
 3.82417142e-07 -1.30737294e-05  3.82417142e-07 -1.24513141e-04 
 3.82467142e-07  1.14477403e-05  3.82467142e-07  6.61227605e-05 
 3.82517142e-07 -7.87625037e-06  3.82517142e-07 -1.07405951e-04 
 3.82567142e-07  4.24943884e-06  3.82567142e-07  8.40782616e-05 
 3.82617142e-07 -7.53405713e-07  3.82617142e-07 -9.44319425e-05 
 3.82667142e-07 -1.90326715e-06  3.82667142e-07  8.84743381e-05 
 3.82717142e-07  4.18022994e-06  3.82717142e-07 -8.98580082e-05 
 3.82767142e-07 -5.66808112e-06  3.82767142e-07  8.71977287e-05 
 3.82817142e-07  6.93820299e-06  3.82817142e-07 -8.59449651e-05 
 3.82867142e-07 -7.60553708e-06  3.82867142e-07  8.36066063e-05 
 3.82917142e-07  8.22822094e-06  3.82917142e-07 -8.14607324e-05 
 3.82967142e-07 -8.39441219e-06  3.82967142e-07  7.90034331e-05 
 3.83017142e-07  8.63502651e-06  3.83017142e-07 -7.65398319e-05 
 3.83067142e-07 -8.51189400e-06  3.83067142e-07  7.40113586e-05 
 3.83117142e-07  8.53702637e-06  3.83117142e-07 -7.14756672e-05 
 3.83167142e-07 -8.25462767e-06  3.83167142e-07  6.89706857e-05 
 3.83217142e-07  8.16368448e-06  3.83217142e-07 -6.64891075e-05 
 3.83267142e-07 -7.79884363e-06  3.83267142e-07  6.40811021e-05 
 3.83317142e-07  7.65089918e-06  3.83317142e-07 -6.17189632e-05 
 3.83367142e-07 -7.24892366e-06  3.83367142e-07  5.94501917e-05 
 3.83417142e-07  7.07884335e-06  3.83417142e-07 -5.72390199e-05 
 3.83467142e-07 -6.66641363e-06  3.83467142e-07  5.51286315e-05 
 3.83517142e-07  6.49465078e-06  3.83517142e-07 -5.30795641e-05 
 3.83567142e-07 -6.08730634e-06  3.83567142e-07  5.11316407e-05 
 3.83617142e-07  5.92563589e-06  3.83617142e-07 -4.92436809e-05 
 3.83667142e-07 -5.53216060e-06  3.83667142e-07  4.74532929e-05 
 3.83717142e-07  5.38705916e-06  3.83717142e-07 -4.57186286e-05 
 3.83767142e-07 -5.01208790e-06  3.83767142e-07  4.40759625e-05 
 3.83817142e-07  4.88676291e-06  3.83817142e-07 -4.24833696e-05 
 3.83867142e-07 -4.53236258e-06  3.83867142e-07  4.09763901e-05 
 3.83917142e-07  4.42799671e-06  3.83917142e-07 -3.95133475e-05 
 3.83967142e-07 -4.09464664e-06  3.83967142e-07  3.81294323e-05 
 3.84017142e-07  4.01117711e-06  3.84017142e-07 -3.67833797e-05 
 3.84067142e-07 -3.69838896e-06  3.84067142e-07  3.55102662e-05 
 3.84117142e-07  3.63500471e-06  3.84117142e-07 -3.42693025e-05 
 3.84167142e-07 -3.34172085e-06  3.84167142e-07  3.30955881e-05 
 3.84217142e-07  3.29718368e-06  3.84217142e-07 -3.19488141e-05 
 3.84267142e-07 -3.02203529e-06  3.84267142e-07  3.08641769e-05 
 3.84317142e-07  2.99488838e-06  3.84317142e-07 -2.98018208e-05 
 3.84367142e-07 -2.73636346e-06  3.84367142e-07  2.87970737e-05 
 3.84417142e-07  2.72506675e-06  3.84417142e-07 -2.78104894e-05 
 3.84467142e-07 -2.48161855e-06  3.84467142e-07  2.68775390e-05 
 3.84517142e-07  2.48463533e-06  3.84517142e-07 -2.59591358e-05 
 3.84567142e-07 -2.25475071e-06  3.84567142e-07  2.50908928e-05 
 3.84617142e-07  2.27060163e-06  3.84617142e-07 -2.42340333e-05 
 3.84667142e-07 -2.05284302e-06  3.84667142e-07  2.34243039e-05 
 3.84717142e-07  2.08013786e-06  3.84717142e-07 -2.26231908e-05 
 3.84767142e-07 -1.87316688e-06  3.84767142e-07  2.18665636e-05 
 3.84817142e-07  1.91062164e-06  3.84817142e-07 -2.11161294e-05 
 3.84867142e-07 -1.71321063e-06  3.84867142e-07  2.04078688e-05 
 3.84917142e-07  1.75965454e-06  3.84917142e-07 -1.97036735e-05 
 3.84967142e-07 -1.57069001e-06  3.84967142e-07  1.90396233e-05 
 3.85017142e-07  1.62506611e-06  3.85017142e-07 -1.83777631e-05 
 3.85067142e-07 -1.44354684e-06  3.85067142e-07  1.77542621e-05 
 3.85117142e-07  1.50490828e-06  3.85117142e-07 -1.71312911e-05 
 3.85167142e-07 -1.32994031e-06  3.85167142e-07  1.65450999e-05 
 3.85217142e-07  1.39744402e-06  3.85217142e-07 -1.59579629e-05 
 3.85267142e-07 -1.22823341e-06  3.85267142e-07  1.54062022e-05 
 3.85317142e-07  1.30113264e-06  3.85317142e-07 -1.48521775e-05 
 3.85367142e-07 -1.13697772e-06  3.85367142e-07  1.43322767e-05 
 3.85417142e-07  1.21461356e-06  3.85417142e-07 -1.38089290e-05 
 3.85467142e-07 -1.05489624e-06  3.85467142e-07  1.33185820e-05 
 3.85517142e-07  1.13668935e-06  3.85517142e-07 -1.28237220e-05 
 3.85567142e-07 -9.80866998e-07  3.85567142e-07  1.23608514e-05 
 3.85617142e-07  1.06630937e-06  3.85617142e-07 -1.18925030e-05 
 3.85667142e-07 -9.13906645e-07  3.85667142e-07  1.14552297e-05 
 3.85717142e-07  1.00255377e-06  3.85717142e-07 -1.10116018e-05 
 3.85767142e-07 -8.53155124e-07  3.85767142e-07  1.05982192e-05 
 3.85817142e-07  9.44618729e-07  3.85817142e-07 -1.01776829e-05 
 3.85867142e-07 -7.97861623e-07  3.85867142e-07  9.78663612e-06 
 3.85917142e-07  8.91803156e-07  3.85917142e-07 -9.38770442e-06 
 3.85967142e-07 -7.47371529e-07  3.85967142e-07  9.01757192e-06 
 3.86017142e-07  8.43496057e-07  3.86017142e-07 -8.63888383e-06 
 3.86067142e-07 -7.01114647e-07  3.86067142e-07  8.28836225e-06 
 3.86117142e-07  7.99165415e-07  3.86117142e-07 -7.92866823e-06 
 3.86167142e-07 -6.58594783e-07  3.86167142e-07  7.59655946e-06 
 3.86217142e-07  7.58348493e-07  3.86217142e-07 -7.25470955e-06 
 3.86267142e-07 -6.19380410e-07  3.86267142e-07  6.93990954e-06 
 3.86317142e-07  7.20642838e-07  3.86317142e-07 -6.61484295e-06 
 3.86367142e-07 -5.83096181e-07  3.86367142e-07  6.31633217e-06 
 3.86417142e-07  6.85698474e-07  3.86417142e-07 -6.00706835e-06 
 3.86467142e-07 -5.49415760e-07  3.86467142e-07  5.72390328e-06 
 3.86517142e-07  6.53211058e-07  3.86517142e-07 -5.42953402e-06 
 3.86567142e-07 -5.18055351e-07  3.86567142e-07  5.16084003e-06 
 3.86617142e-07  6.22915947e-07  3.86617142e-07 -4.88052277e-06 
 3.86667142e-07 -4.88768070e-07  3.86667142e-07  4.62548761e-06 
 3.86717142e-07  5.94582799e-07  3.86717142e-07 -4.35843928e-06 
 3.86767142e-07 -4.61339017e-07  3.86767142e-07  4.11630755e-06 
 3.86817142e-07  5.68011060e-07  3.86817142e-07 -3.86179936e-06 
 3.86867142e-07 -4.35581003e-07  3.86867142e-07  3.63186740e-06 
 3.86917142e-07  5.43025930e-07  3.86917142e-07 -3.38922008e-06 
 3.86967142e-07 -4.11330764e-07  3.86967142e-07  3.17083160e-06 
 3.87017142e-07  5.19474943e-07  3.87017142e-07 -2.93941120e-06 
 3.87067142e-07 -3.88445812e-07  3.87067142e-07  2.73195326e-06 
 3.87117142e-07  4.97224906e-07  3.87117142e-07 -2.51116735e-06 
 3.87167142e-07 -3.66801576e-07  3.87167142e-07  2.31406679e-06 
 3.87217142e-07  4.76159261e-07  3.87217142e-07 -2.10336119e-06 
 3.87267142e-07 -3.46289068e-07  3.87267142e-07  1.91608152e-06 
 3.87317142e-07  4.56175897e-07  3.87317142e-07 -1.71493708e-06 
 3.87367142e-07 -3.26812549e-07  3.87367142e-07  1.53697549e-06 
 3.87417142e-07  4.37185240e-07  3.87417142e-07 -1.34490547e-06 
 3.87467142e-07 -3.08288010e-07  3.87467142e-07  1.17579023e-06 
 3.87517142e-07  4.19108324e-07  3.87517142e-07 -9.92337814e-07 
 3.87567142e-07 -2.90641347e-07  3.87567142e-07  8.31625967e-07 
 3.87617142e-07  4.01875570e-07  3.87617142e-07 -6.56361908e-07 
 3.87667142e-07 -2.73807185e-07  3.87667142e-07  5.03637063e-07 
 3.87717142e-07  3.85425524e-07  3.87717142e-07 -3.36157767e-07 
 3.87767142e-07 -2.57727665e-07  3.87767142e-07  1.91028145e-07 
 3.87817142e-07  3.69703709e-07  3.87817142e-07 -3.09537294e-08 
 3.87867142e-07 -2.42351412e-07  3.87867142e-07 -1.06949521e-07 
 3.87917142e-07  3.54661566e-07  3.87917142e-07  2.59977000e-07 
 3.87967142e-07 -2.27632610e-07  3.87967142e-07 -3.91001557e-07 
 3.88017142e-07  3.40255873e-07  3.88017142e-07  5.37319485e-07 
 3.88067142e-07 -2.13530382e-07  3.88067142e-07 -6.61793256e-07 
 3.88117142e-07  3.26447996e-07  3.88117142e-07  8.01720031e-07 
 3.88167142e-07 -2.00008135e-07  3.88167142e-07 -9.19952603e-07 
 3.88217142e-07  3.13203093e-07  3.88217142e-07  1.05378889e-06 
 3.88267142e-07 -1.87032795e-07  3.88267142e-07 -1.16607268e-06 
 3.88317142e-07  3.00489907e-07  3.88317142e-07  1.29410256e-06 
 3.88367142e-07 -1.74574652e-07  3.88367142e-07 -1.40071397e-06 
 3.88417142e-07  2.88280067e-07  3.88417142e-07  1.52320617e-06 
 3.88467142e-07 -1.62606690e-07  3.88467142e-07 -1.62440670e-06 
 3.88517142e-07  2.76547876e-07  3.88517142e-07  1.74161545e-06 
 3.88567142e-07 -1.51104370e-07  3.88567142e-07 -1.83765269e-06 
 3.88617142e-07  2.65269852e-07  3.88617142e-07  1.94981870e-06 
 3.88667142e-07 -1.40045277e-07  3.88667142e-07 -2.04092710e-06 
 3.88717142e-07  2.54424532e-07  3.88717142e-07  2.14827858e-06 
 3.88767142e-07 -1.29408854e-07  3.88767142e-07 -2.23468037e-06 
 3.88817142e-07  2.43992291e-07  3.88817142e-07  2.33743352e-06 
 3.88867142e-07 -1.19176185e-07  3.88867142e-07 -2.41933953e-06 
 3.88917142e-07  2.33954834e-07  3.88917142e-07  2.51769956e-06 
 3.88967142e-07 -1.09329740e-07  3.88967142e-07 -2.59530973e-06 
 3.89017142e-07  2.24295339e-07  3.89017142e-07  2.68947142e-06 
 3.89067142e-07 -9.98533020e-08  3.89067142e-07 -2.76297565e-06 
 3.89117142e-07  2.14998247e-07  3.89117142e-07  2.85312389e-06 
 3.89167142e-07 -9.07318538e-08  3.89167142e-07 -2.92270262e-06 
 3.89217142e-07  2.06048904e-07  3.89217142e-07  3.00901324e-06 
 3.89267142e-07 -8.19512608e-08  3.89267142e-07 -3.07483787e-06 
 3.89317142e-07  1.97433756e-07  3.89317142e-07  3.15747788e-06 
 3.89367142e-07 -7.34982998e-08  3.89367142e-07 -3.21971147e-06 
 3.89417142e-07  1.89139909e-07  3.89417142e-07  3.29883981e-06 
 3.89467142e-07 -6.53605843e-08  3.89467142e-07 -3.35763747e-06 
 3.89517142e-07  1.81155413e-07  3.89517142e-07  3.43340536e-06 
 3.89567142e-07 -5.75263992e-08  3.89567142e-07 -3.48891470e-06 
 3.89617142e-07  1.73468818e-07  3.89617142e-07  3.56146613e-06 
 3.89667142e-07 -4.99847254e-08  3.89667142e-07 -3.61382775e-06 
 3.89717142e-07  1.66069435e-07  3.89717142e-07  3.68329982e-06 
 3.89767142e-07 -4.27250441e-08  3.89767142e-07 -3.73264762e-06 
 3.89817142e-07  1.58947001e-07  3.89817142e-07  3.79917101e-06 
 3.89867142e-07 -3.57374177e-08  3.89867142e-07 -3.84563264e-06 
 3.89917142e-07  1.52091792e-07  3.89917142e-07  3.90933189e-06 
 3.89958571e-07 -2.83312699e-08  3.89958571e-07 -3.96383004e-06 
 3.90000000e-07  1.44161091e-07  3.90000000e-07  4.03502228e-06 
 3.90005000e-07 -8.05549888e-06  3.90005000e-07 -7.29142801e-05 
 3.90015000e-07  5.89993720e-06  3.90015000e-07  1.24770639e-05 
 3.90035000e-07  1.73093773e-06  3.90035000e-07  1.43213383e-05 
 3.90075000e-07 -2.67756492e-06  3.90075000e-07  1.69947837e-05 
 3.90125000e-07  2.40155814e-05  3.90125000e-07  1.72781890e-04 
 3.90162500e-07  1.54496297e-05  3.90162500e-07  2.04605170e-04 
 3.90200000e-07 -3.24987927e-04  3.90200000e-07 -1.12197013e-04 
 3.90205000e-07 -3.33061324e-04  3.90205000e-07 -3.46978167e-04 
 3.90215000e-07 -2.85760122e-05  3.90215000e-07 -8.01659317e-04 
 3.90235000e-07  4.99101805e-04  3.90235000e-07 -1.21121027e-03 
 3.90271171e-07 -2.38555039e-04  3.90271171e-07 -4.66692203e-04 
 3.90314691e-07  1.27866469e-04  3.90314691e-07  1.27794948e-03 
 3.90360581e-07 -5.80761502e-05  3.90360581e-07  2.68992855e-05 
 3.90410581e-07  1.91537918e-05  3.90410581e-07  6.14991629e-05 
 3.90460581e-07  7.34554512e-06  3.90460581e-07 -1.39376948e-04 
 3.90510581e-07 -2.51619998e-05  3.90510581e-07  4.87572811e-05 
 3.90560581e-07  3.73475150e-05  3.90560581e-07 -5.75985373e-05 
 3.90610581e-07 -4.51634597e-05  3.90610581e-07  1.58837951e-05 
 3.90660581e-07  5.01554492e-05  3.90660581e-07 -4.12922316e-06 
 3.90710581e-07 -5.27025143e-05  3.90710581e-07 -1.77070734e-05 
 3.90760581e-07  5.38451106e-05  3.90760581e-07  3.03377014e-05 
 3.90810581e-07 -5.35372042e-05  3.90810581e-07 -4.35767099e-05 
 3.90860581e-07  5.26343733e-05  3.90860581e-07  5.31635176e-05 
 3.90910581e-07 -5.08639735e-05  3.90910581e-07 -6.15685399e-05 
 3.90960581e-07  4.89275684e-05  3.90960581e-07  6.80230168e-05 
 3.91010581e-07 -4.64735718e-05  3.91010581e-07 -7.32287226e-05 
 3.91060581e-07  4.40975234e-05  3.91060581e-07  7.71869923e-05 
 3.91110581e-07 -4.14027416e-05  3.91110581e-07 -8.01465527e-05 
 3.91160581e-07  3.89245291e-05  3.91160581e-07  8.22559720e-05 
 3.91210581e-07 -3.62369919e-05  3.91210581e-07 -8.36252175e-05 
 3.91260581e-07  3.38421084e-05  3.91260581e-07  8.44107467e-05 
 3.91310581e-07 -3.12945429e-05  3.91310581e-07 -8.46655795e-05 
 3.91360581e-07  2.90784299e-05  3.91360581e-07  8.45266437e-05 
 3.91410581e-07 -2.67353769e-05  3.91410581e-07 -8.40157031e-05 
 3.91460581e-07  2.47404600e-05  3.91460581e-07  8.32482879e-05 
 3.91510581e-07 -2.26265284e-05  3.91510581e-07 -8.22258602e-05 
 3.91560581e-07  2.08645093e-05  3.91560581e-07  8.10459023e-05 
 3.91610581e-07 -1.89814274e-05  3.91610581e-07 -7.96958237e-05 
 3.91660581e-07  1.74467442e-05  3.91660581e-07  7.82588773e-05 
 3.91710581e-07 -1.57836718e-05  3.91710581e-07 -7.67126086e-05 
 3.91760581e-07  1.44616199e-05  3.91760581e-07  7.51293113e-05 
 3.91810581e-07 -1.30013649e-05  3.91810581e-07 -7.34796476e-05 
 3.91860581e-07  1.18729631e-05  3.91860581e-07  7.18275508e-05 
 3.91910581e-07 -1.05956926e-05  3.91910581e-07 -7.01389533e-05 
 3.91960581e-07  9.64055661e-06  3.91960581e-07  6.84714402e-05 
 3.92010581e-07 -8.52596686e-06  3.92010581e-07 -6.67877669e-05 
 3.92060581e-07  7.72395868e-06  3.92060581e-07  6.51407096e-05 
 3.92110581e-07 -6.75249783e-06  3.92110581e-07 -6.34909585e-05 
 3.92160581e-07  6.08462522e-06  3.92160581e-07  6.18876515e-05 
 3.92210581e-07 -5.23813532e-06  3.92210581e-07 -6.02902022e-05 
 3.92260581e-07  4.68699463e-06  3.92260581e-07  5.87449960e-05 
 3.92310581e-07 -3.94900083e-06  3.92310581e-07 -5.72107221e-05 
 3.92360581e-07  3.49894519e-06  3.92360581e-07  5.57316832e-05 
 3.92410581e-07 -2.85473516e-06  3.92410581e-07 -5.42662240e-05 
 3.92460581e-07  2.49188221e-06  3.92460581e-07  5.28570704e-05 
 3.92510581e-07 -1.92846423e-06  3.92510581e-07 -5.14624786e-05 
 3.92560581e-07  1.64061337e-06  3.92560581e-07  5.01239790e-05 
 3.92610581e-07 -1.14660839e-06  3.92610581e-07 -4.87999067e-05 
 3.92660581e-07  9.23111766e-07  3.92660581e-07  4.75308840e-05 
 3.92710581e-07 -4.88613828e-07  3.92710581e-07 -4.62754299e-05 
 3.92760581e-07  3.20227298e-07  3.92760581e-07  4.50734754e-05 
 3.92810581e-07  6.33476963e-08  3.92810581e-07 -4.38837840e-05 
 3.92860581e-07 -1.84617541e-07  3.92860581e-07  4.27457593e-05 
 3.92910581e-07  5.24681734e-07  3.92910581e-07 -4.16184392e-05 
 3.92960581e-07 -6.05725518e-07  3.92960581e-07  4.05408239e-05 
 3.93010581e-07  9.08661430e-07  3.93010581e-07 -3.94722357e-05 
 3.93060581e-07 -9.55404676e-07  3.93060581e-07  3.84513651e-05 
 3.93110581e-07  1.22669630e-06  3.93110581e-07 -3.74378148e-05 
 3.93160581e-07 -1.24422488e-06  3.93160581e-07  3.64700369e-05 
 3.93210581e-07  1.48857603e-06  3.93210581e-07 -3.55079024e-05 
 3.93260581e-07 -1.48124834e-06  3.93260581e-07  3.45896791e-05 
 3.93310581e-07  1.70268799e-06  3.93310581e-07 -3.36754889e-05 
 3.93360581e-07 -1.67423454e-06  3.93360581e-07  3.28034570e-05 
 3.93410581e-07  1.87620961e-06  3.93410581e-07 -3.19339362e-05 
 3.93460581e-07 -1.82982004e-06  3.93460581e-07  3.11049409e-05 
 3.93510581e-07  2.01527680e-06  3.93510581e-07 -3.02770338e-05 
 3.93560581e-07 -1.95367609e-06  3.93560581e-07  2.94881435e-05 
 3.93610581e-07  2.12513094e-06  3.93610581e-07 -2.86990211e-05 
 3.93660581e-07 -2.05064543e-06  3.93660581e-07  2.79475291e-05 
 3.93710581e-07  2.21024603e-06  3.93710581e-07 -2.71945870e-05 
 3.93760581e-07 -2.12486052e-06  3.93760581e-07  2.64780058e-05 
 3.93810581e-07  2.27443890e-06  3.93810581e-07 -2.57588546e-05 
 3.93860581e-07 -2.17984580e-06  3.93860581e-07  2.50749049e-05 
 3.93910581e-07  2.32096387e-06  3.93910581e-07 -2.43873581e-05 
 3.93960581e-07 -2.21860568e-06  3.93960581e-07  2.37339553e-05 
 3.94010581e-07  2.35259446e-06  3.94010581e-07 -2.30760141e-05 
 3.94060581e-07 -2.24370010e-06  3.94060581e-07  2.24512532e-05 
 3.94110581e-07  2.37169333e-06  3.94110581e-07 -2.18210917e-05 
 3.94160581e-07 -2.25730926e-06  3.94160581e-07  2.12232321e-05 
 3.94210581e-07  2.38027226e-06  3.94210581e-07 -2.06191821e-05 
 3.94260581e-07 -2.26128926e-06  3.94260581e-07  2.00466327e-05 
 3.94310581e-07  2.38004359e-06  3.94310581e-07 -1.94671687e-05 
 3.94360581e-07 -2.25721953e-06  3.94360581e-07  1.89184739e-05 
 3.94410581e-07  2.37246411e-06  3.94410581e-07 -1.83621997e-05 
 3.94460581e-07 -2.24644361e-06  3.94460581e-07  1.78360260e-05 
 3.94510581e-07  2.35877273e-06  3.94510581e-07 -1.73016621e-05 
 3.94560581e-07 -2.23010371e-06  3.94560581e-07  1.67967863e-05 
 3.94610581e-07  2.34002246e-06  3.94610581e-07 -1.62831577e-05 
 3.94660581e-07 -2.20917046e-06  3.94660581e-07  1.57984558e-05 
 3.94710581e-07  2.31710789e-06  3.94710581e-07 -1.53044821e-05 
 3.94760581e-07 -2.18446822e-06  3.94760581e-07  1.48389191e-05 
 3.94810581e-07  2.29078860e-06  3.94810581e-07 -1.43636048e-05 
 3.94860581e-07 -2.15669675e-06  3.94860581e-07  1.39162262e-05 
 3.94910581e-07  2.26170909e-06  3.94910581e-07 -1.34586522e-05 
 3.94960581e-07 -2.12644953e-06  3.94960581e-07  1.30285755e-05 
 3.95010581e-07  2.23041579e-06  3.95010581e-07 -1.25878916e-05 
 3.95060581e-07 -2.09422955e-06  3.95060581e-07  1.21742997e-05 
 3.95110581e-07  2.19737163e-06  3.95110581e-07 -1.17497176e-05 
 3.95160581e-07 -2.06046277e-06  3.95160581e-07  1.13518522e-05 
 3.95210581e-07  2.16296842e-06  3.95210581e-07 -1.09426398e-05 
 3.95260581e-07 -2.02550942e-06  3.95260581e-07  1.05597954e-05 
 3.95310581e-07  2.12753730e-06  3.95310581e-07 -1.01652712e-05 
 3.95360581e-07 -1.98967390e-06  3.95360581e-07  9.79679079e-06 
 3.95410581e-07  2.09135786e-06  3.95410581e-07 -9.41631929e-06 
 3.95460581e-07 -1.95321289e-06  3.95460581e-07  9.06158926e-06 
 3.95510581e-07  2.05466584e-06  3.95510581e-07 -8.69457659e-06 
 3.95560581e-07 -1.91634267e-06  3.95560581e-07  8.35302300e-06 
 3.95610581e-07  2.01765950e-06  3.95610581e-07 -7.99891319e-06 
 3.95660581e-07 -1.87924502e-06  3.95660581e-07  7.66999820e-06 
 3.95710581e-07  1.98050531e-06  3.95710581e-07 -7.32826982e-06 
 3.95760581e-07 -1.84207233e-06  3.95760581e-07  7.01148842e-06 
 3.95810581e-07  1.94334280e-06  3.95810581e-07 -6.68165155e-06 
 3.95860581e-07 -1.80495206e-06  3.95860581e-07  6.37652887e-06 
 3.95910581e-07  1.90628826e-06  3.95910581e-07 -6.05812237e-06 
 3.95960581e-07 -1.76799045e-06  3.95960581e-07  5.76421099e-06 
 3.96010581e-07  1.86943860e-06  3.96010581e-07 -5.45680020e-06 
 3.96060581e-07 -1.73127566e-06  3.96060581e-07  5.17367797e-06 
 3.96110581e-07  1.83287400e-06  3.96110581e-07 -4.87685239e-06 
 3.96160581e-07 -1.69488055e-06  3.96160581e-07  4.60412033e-06 
 3.96210581e-07  1.79666055e-06  3.96210581e-07 -4.31749181e-06 
 3.96260581e-07 -1.65886496e-06  3.96260581e-07  4.05477234e-06 
 3.96310581e-07  1.76085227e-06  3.96310581e-07 -3.77797326e-06 
 3.96360581e-07 -1.62327762e-06  3.96360581e-07  3.52490845e-06 
 3.96410581e-07  1.72549313e-06  3.96410581e-07 -3.25759011e-06 
 3.96460581e-07 -1.58815802e-06  3.96460581e-07  3.01384021e-06 
 3.96510581e-07  1.69061838e-06  3.96510581e-07 -2.75567150e-06 
 3.96560581e-07 -1.55353756e-06  3.96560581e-07  2.52091368e-06 
 3.96610581e-07  1.65625590e-06  3.96610581e-07 -2.27157966e-06 
 3.96660581e-07 -1.51944090e-06  3.96660581e-07  2.04550662e-06 
 3.96710581e-07  1.62242748e-06  3.96710581e-07 -1.80470746e-06 
 3.96760581e-07 -1.48588716e-06  3.96760581e-07  1.58702639e-06 
 3.96810581e-07  1.58914964e-06  3.96810581e-07 -1.35447622e-06 
 3.96860581e-07 -1.45289050e-06  3.96860581e-07  1.14490788e-06 
 3.96910581e-07  1.55643443e-06  3.96910581e-07 -9.20333890e-07 
 3.96960581e-07 -1.42046101e-06  3.96960581e-07  7.18611481e-07 
 3.97010581e-07  1.52429023e-06  3.97010581e-07 -5.01752938e-07 
 3.97060581e-07 -1.38860553e-06  3.97060581e-07  3.07621435e-07 
 3.97110581e-07  1.49272231e-06  3.97110581e-07 -9.82289888e-08 
 3.97160581e-07 -1.35732784e-06  3.97160581e-07 -8.85557141e-08 
 3.97210581e-07  1.46173316e-06  3.97210581e-07  2.90720862e-07 
 3.97260581e-07 -1.32662936e-06  3.97260581e-07 -4.70392607e-07 
 3.97310581e-07  1.43132320e-06  3.97310581e-07  6.65559370e-07 
 3.97360581e-07 -1.29650949e-06  3.97360581e-07 -8.38342465e-07 
 3.97410581e-07  1.40149096e-06  3.97410581e-07  1.02673037e-06 
 3.97460581e-07 -1.26696602e-06  3.97460581e-07 -1.19284008e-06 
 3.97510581e-07  1.37223345e-06  3.97510581e-07  1.37466007e-06 
 3.97560581e-07 -1.23799524e-06  3.97560581e-07 -1.53430323e-06 
 3.97610581e-07  1.34354639e-06  3.97610581e-07  1.70975791e-06 
 3.97660581e-07 -1.20959234e-06  3.97660581e-07 -1.86313340e-06 
 3.97710581e-07  1.31542441e-06  3.97710581e-07  2.03241774e-06 
 3.97760581e-07 -1.18175150e-06  3.97760581e-07 -2.17971697e-06 
 3.97810581e-07  1.28786139e-06  3.97810581e-07  2.34301869e-06 
 3.97860581e-07 -1.15446625e-06  3.97860581e-07 -2.48442598e-06 
 3.97910581e-07  1.26085041e-06  3.97910581e-07  2.64192588e-06 
 3.97960581e-07 -1.12772936e-06  3.97960581e-07 -2.77761891e-06 
 3.98010581e-07  1.23438411e-06  3.98010581e-07  2.92949134e-06 
 3.98060581e-07 -1.10153320e-06  3.98060581e-07 -3.05964142e-06 
 3.98110581e-07  1.20845449e-06  3.98110581e-07  3.20605458e-06 
 3.98160581e-07 -1.07586966e-06  3.98160581e-07 -3.33082718e-06 
 3.98210581e-07  1.18305340e-06  3.98210581e-07  3.47194344e-06 
 3.98260581e-07 -1.05073041e-06  3.98260581e-07 -3.59149826e-06 
 3.98310581e-07  1.15817233e-06  3.98310581e-07  3.72747454e-06 
 3.98360581e-07 -1.02610683e-06  3.98360581e-07 -3.84196591e-06 
 3.98410581e-07  1.13380262e-06  3.98410581e-07  3.97295386e-06 
 3.98460581e-07 -1.00199021e-06  3.98460581e-07 -4.08253104e-06 
 3.98510581e-07  1.10993544e-06  3.98510581e-07  4.20867733e-06 
 3.98560581e-07 -9.78371647e-07  3.98560581e-07 -4.31348472e-06 
 3.98610581e-07  1.08656187e-06  3.98610581e-07  4.43493130e-06 
 3.98660581e-07 -9.55242203e-07  3.98660581e-07 -4.53510868e-06 
 3.98710581e-07  1.06367300e-06  3.98710581e-07  4.65199295e-06 
 3.98760581e-07 -9.32592977e-07  3.98760581e-07 -4.74767570e-06 
 3.98810581e-07  1.04125986e-06  3.98810581e-07  4.86013082e-06 
 3.98860581e-07 -9.10415034e-07  3.98860581e-07 -4.95145005e-06 
 3.98910581e-07  1.01931358e-06  3.98910581e-07  5.05960502e-06 
 3.98960581e-07 -8.88699443e-07  3.98960581e-07 -5.14668792e-06 
 3.99010581e-07  9.97825215e-07  3.99010581e-07  5.25066780e-06 
 3.99060581e-07 -8.67437347e-07  3.99060581e-07 -5.33363761e-06 
 3.99110581e-07  9.76785993e-07  3.99110581e-07  5.43356375e-06 
 3.99160581e-07 -8.46620006e-07  3.99160581e-07 -5.51254006e-06 
 3.99210581e-07  9.56187186e-07  3.99210581e-07  5.60853019e-06 
 3.99260581e-07 -8.26238755e-07  3.99260581e-07 -5.68362909e-06 
 3.99310581e-07  9.36020128e-07  3.99310581e-07  5.77579744e-06 
 3.99360581e-07 -8.06284967e-07  3.99360581e-07 -5.84713162e-06 
 3.99410581e-07  9.16276360e-07  3.99410581e-07  5.93558917e-06 
 3.99460581e-07 -7.86750196e-07  3.99460581e-07 -6.00326802e-06 
 3.99510581e-07  8.96947429e-07  3.99510581e-07  6.08812252e-06 
 3.99560581e-07 -7.67626142e-07  3.99560581e-07 -6.15225234e-06 
 3.99610581e-07  8.78025106e-07  3.99610581e-07  6.23360847e-06 
 3.99660581e-07 -7.48904582e-07  3.99660581e-07 -6.29429256e-06 
 3.99710581e-07  8.59501160e-07  3.99710581e-07  6.37225208e-06 
 3.99760581e-07 -7.30577333e-07  3.99760581e-07 -6.42959083e-06 
 3.99810581e-07  8.41367611e-07  3.99810581e-07  6.50425264e-06 
 3.99860581e-07 -7.12636547e-07  3.99860581e-07 -6.55834363e-06 
 3.99910581e-07  8.23616613e-07  3.99910581e-07  6.62980389e-06 
 3.99955291e-07 -6.94046939e-07  3.99955291e-07 -6.68778959e-06 
 4.00000000e-07  8.04208564e-07  4.00000000e-07  6.76280611e-06 
 4.00005000e-07  1.51773034e-05  4.00005000e-07  2.07631457e-04 
 4.00015000e-07 -3.44949433e-06  4.00015000e-07  2.11076571e-05 
 4.00035000e-07 -8.30545672e-06  4.00035000e-07 -5.07631333e-05 
 4.00075000e-07  5.49104651e-06  4.00075000e-07 -7.77113111e-05 
 4.00125000e-07 -4.26843040e-05  4.00125000e-07 -1.80833667e-04 
 4.00162500e-07 -1.00326953e-04  4.00162500e-07 -4.47032787e-04 
 4.00200000e-07  6.01961348e-04  4.00200000e-07  1.95419450e-04 
 4.00205000e-07  4.45445434e-04  4.00205000e-07  7.96265359e-05 
 4.00215000e-07 -1.34197114e-04  4.00215000e-07  3.67310606e-04 
 4.00235000e-07 -3.79914407e-04  4.00235000e-07  1.08122699e-03 
 4.00275000e-07  1.36624537e-04  4.00275000e-07  1.71366318e-03 
 4.00318860e-07 -9.51418876e-05  4.00318860e-07 -2.05275162e-03 
 4.00364725e-07  6.48775153e-05  4.00364725e-07  2.67814182e-04 
 4.00414725e-07 -5.02298140e-05  4.00414725e-07 -3.69482457e-04 
 4.00464725e-07  4.01078403e-05  4.00464725e-07  3.15049066e-04 
 4.00514725e-07 -3.26765907e-05  4.00514725e-07 -1.95297928e-04 
 4.00564725e-07  2.73308360e-05  4.00564725e-07  1.44953335e-04 
 4.00614725e-07 -2.30191447e-05  4.00614725e-07 -8.24289525e-05 
 4.00664725e-07  1.98628628e-05  4.00664725e-07  4.39883063e-05 
 4.00714725e-07 -1.71336378e-05  4.00714725e-07 -9.06570727e-06 
 4.00764725e-07  1.51419929e-05  4.00764725e-07 -1.57896425e-05 
 4.00814725e-07 -1.32890723e-05  4.00814725e-07  3.59906329e-05 
 4.00864725e-07  1.19593886e-05  4.00864725e-07 -5.09200687e-05 
 4.00914725e-07 -1.06140501e-05  4.00914725e-07  6.23778383e-05 
 4.00964725e-07  9.68005397e-06  4.00964725e-07 -7.07034498e-05 
 4.01014725e-07 -8.64555511e-06  4.01014725e-07  7.67251000e-05 
 4.01064725e-07  7.96050154e-06  4.01064725e-07 -8.07930140e-05 
 4.01114725e-07 -7.12733499e-06  4.01114725e-07  8.33957270e-05 
 4.01164725e-07  6.60821076e-06  4.01164725e-07 -8.47705589e-05 
 4.01214725e-07 -5.91327926e-06  4.01214725e-07  8.52425377e-05 
 4.01264725e-07  5.51132479e-06  4.01264725e-07 -8.49522218e-05 
 4.01314725e-07 -4.91671966e-06  4.01314725e-07  8.41285651e-05 
 4.01364725e-07  4.60194280e-06  4.01364725e-07 -8.28448823e-05 
 4.01414725e-07 -4.08372742e-06  4.01414725e-07  8.12682357e-05 
 4.01464725e-07  3.83668030e-06  4.01464725e-07 -7.94276111e-05 
 4.01514725e-07 -3.37889329e-06  4.01514725e-07  7.74487184e-05 
 4.01564725e-07  3.18624885e-06  4.01564725e-07 -7.53318542e-05 
 4.01614725e-07 -2.77765054e-06  4.01614725e-07  7.31746926e-05 
 4.01664725e-07  2.62978194e-06  4.01664725e-07 -7.09591925e-05 
 4.01714725e-07 -2.26205419e-06  4.01714725e-07  6.87638985e-05 
 4.01764725e-07  2.15167976e-06  4.01764725e-07 -6.65592335e-05 
 4.01814725e-07 -1.81837406e-06  4.01814725e-07  6.44092843e-05 
 4.01864725e-07  1.73978561e-06  4.01864725e-07 -6.22820728e-05 
 4.01914725e-07 -1.43584716e-06  4.01914725e-07  6.02285235e-05 
 4.01957363e-07  1.35607799e-06  4.01957363e-07 -5.78701279e-05 
 4.02000000e-07 -1.05328332e-06  4.02000000e-07  5.56210817e-05 
 4.02005000e-07 -2.37822911e-07  4.02005000e-07  4.73362145e-06 
 4.02015000e-07  2.25361502e-07  4.02015000e-07 -4.43994727e-06 
 4.02035000e-07 -6.62440628e-08  4.02035000e-07  3.96036426e-06 
 4.02075000e-07  1.78683041e-07  4.02075000e-07 -3.64492987e-06 
 4.02125000e-07 -5.83180998e-08  4.02125000e-07  3.46452187e-06 
 4.02162500e-07  1.74552659e-07  4.02162500e-07 -3.25099743e-06 
 4.02200000e-07  2.79122008e-07  4.02200000e-07  3.03786889e-06 
 4.02205000e-07  1.19159117e-06  4.02205000e-07  3.94064034e-07 
 4.02215000e-07 -3.57318664e-06  4.02215000e-07  3.73307387e-07 
 4.02235000e-07 -1.14550125e-05  4.02235000e-07  2.07036968e-07 
 4.02275000e-07  2.42822803e-05  4.02275000e-07 -2.71410536e-07 
 4.02325000e-07 -2.66745068e-05  4.02325000e-07 -1.47856906e-07 
 4.02375000e-07  2.17563047e-05  4.02375000e-07 -2.18162751e-05 
 4.02425000e-07 -1.51771417e-05  4.02425000e-07  6.12965814e-05 
 4.02475000e-07  1.00957026e-05  4.02475000e-07 -6.50550973e-05 
 4.02525000e-07 -6.19841767e-06  4.02525000e-07  4.66736341e-05 
 4.02575000e-07  3.65769161e-06  4.02575000e-07 -4.37720765e-05 
 4.02625000e-07 -1.66732430e-06  4.02625000e-07  4.36581288e-05 
 4.02675000e-07  4.56575418e-07  4.02675000e-07 -4.13680558e-05 
 4.02725000e-07  6.24305850e-07  4.02725000e-07  3.99708609e-05 
 4.02775000e-07 -1.20972664e-06  4.02775000e-07 -3.79945573e-05 
 4.02825000e-07  1.85311092e-06  4.02825000e-07  3.62143218e-05 
 4.02875000e-07 -2.12520459e-06  4.02875000e-07 -3.43474835e-05 
 4.02925000e-07  2.53838272e-06  4.02925000e-07  3.25808593e-05 
 4.02975000e-07 -2.63695276e-06  4.02975000e-07 -3.08532997e-05 
 4.03025000e-07  2.91617881e-06  4.03025000e-07  2.92314259e-05 
 4.03075000e-07 -2.90908701e-06  4.03075000e-07 -2.76823726e-05 
 4.03125000e-07  3.10344644e-06  4.03125000e-07  2.62474799e-05 
 4.03175000e-07 -3.02715074e-06  4.03175000e-07 -2.48916365e-05 
 4.03225000e-07  3.16444830e-06  4.03225000e-07  2.36496161e-05 
 4.03275000e-07 -3.04070637e-06  4.03275000e-07 -2.24822221e-05 
 4.03325000e-07  3.13837676e-06  4.03325000e-07  2.14219137e-05 
 4.03375000e-07 -2.98146253e-06  4.03375000e-07 -2.04271633e-05 
 4.03425000e-07  3.05140481e-06  4.03425000e-07  1.95295764e-05 
 4.03475000e-07 -2.87138952e-06  4.03475000e-07 -1.86867184e-05 
 4.03525000e-07  2.92222635e-06  4.03525000e-07  1.79300884e-05 
 4.03575000e-07 -2.72655981e-06  4.03575000e-07 -1.72171743e-05 
 4.03625000e-07  2.76476516e-06  4.03625000e-07  1.65797938e-05 
 4.03675000e-07 -2.55908945e-06  4.03675000e-07 -1.59757635e-05 
 4.03725000e-07  2.58961362e-06  4.03725000e-07  1.54375570e-05 
 4.03775000e-07 -2.37824739e-06  4.03775000e-07 -1.49233670e-05 
 4.03825000e-07  2.40485375e-06  4.03825000e-07  1.44663582e-05 
 4.03875000e-07 -2.19111806e-06  4.03875000e-07 -1.40253747e-05 
 4.03925000e-07  2.21668575e-06  4.03925000e-07  1.36341955e-05 
 4.03975000e-07 -2.00307355e-06  4.03975000e-07 -1.32522793e-05 
 4.04025000e-07  2.02975461e-06  4.04025000e-07  1.29139739e-05 
 4.04075000e-07 -1.81811183e-06  4.04075000e-07 -1.25793189e-05 
 4.04125000e-07  1.84748257e-06  4.04125000e-07  1.22831734e-05 
 4.04175000e-07 -1.63914265e-06  4.04175000e-07 -1.19860878e-05 
 4.04225000e-07  1.67232267e-06  4.04225000e-07  1.17233666e-05 
 4.04275000e-07 -1.46821293e-06  4.04275000e-07 -1.14559978e-05 
 4.04325000e-07  1.50596051e-06  4.04325000e-07  1.12196646e-05 
 4.04375000e-07 -1.30668813e-06  4.04375000e-07 -1.09757224e-05 
 4.04425000e-07  1.34947832e-06  4.04425000e-07  1.07601701e-05 
 4.04475000e-07 -1.15540073e-06  4.04475000e-07 -1.05346672e-05 
 4.04525000e-07  1.20348865e-06  4.04525000e-07  1.03354715e-05 
 4.04575000e-07 -1.01477071e-06  4.04575000e-07 -1.01244908e-05 
 4.04625000e-07  1.06824323e-06  4.04625000e-07  9.93819288e-06 
 4.04675000e-07 -8.84903576e-07  4.04675000e-07 -9.73868616e-06 
 4.04725000e-07  9.43720865e-07  4.04725000e-07  9.56260623e-06 
 4.04775000e-07 -7.65669124e-07  4.04775000e-07 -9.37222240e-06 
 4.04825000e-07  8.29697966e-07  4.04825000e-07  9.20430309e-06 
 4.04875000e-07 -6.56764630e-07  4.04875000e-07 -9.02124538e-06 
 4.04925000e-07  7.25805254e-07  4.04925000e-07  8.85992193e-06 
 4.04975000e-07 -5.57765255e-07  4.04975000e-07 -8.68283051e-06 
 4.05025000e-07  6.31572166e-07  4.05025000e-07  8.52692464e-06 
 4.05075000e-07 -4.68163580e-07  4.05075000e-07 -8.35478094e-06 
 4.05125000e-07  5.46462021e-07  4.05125000e-07  8.20341517e-06 
 4.05175000e-07 -3.87400552e-07  4.05175000e-07 -8.03546509e-06 
 4.05225000e-07  4.69899367e-07  4.05225000e-07  7.88799397e-06 
 4.05275000e-07 -3.14889464e-07  4.05275000e-07 -7.72368675e-06 
 4.05325000e-07  4.01290914e-07  4.05325000e-07  7.57964244e-06 
 4.05375000e-07 -2.50034445e-07  4.05375000e-07 -7.41858206e-06 
 4.05425000e-07  3.40041488e-07  4.05425000e-07  7.27763133e-06 
 4.05475000e-07 -1.92243932e-07  4.05475000e-07 -7.11953861e-06 
 4.05525000e-07  2.85565752e-07  4.05525000e-07  6.98144926e-06 
 4.05575000e-07 -1.40940993e-07  4.05575000e-07 -6.82613224e-06 
 4.05625000e-07  2.37296898e-07  4.05625000e-07  6.69074715e-06 
 4.05675000e-07 -9.55704501e-08  4.05675000e-07 -6.53807819e-06 
 4.05725000e-07  1.94692701e-07  4.05725000e-07  6.40529514e-06 
 4.05775000e-07 -5.56039951e-08  4.05775000e-07 -6.25519336e-06 
 4.05825000e-07  1.57239457e-07  4.05825000e-07  6.12494974e-06 
 4.05875000e-07 -2.05431924e-08  4.05875000e-07 -5.97736758e-06 
 4.05925000e-07  1.24454462e-07  4.05925000e-07  5.84962865e-06 
 4.05975000e-07  1.00787262e-08  4.05975000e-07 -5.70454177e-06 
 4.06025000e-07  9.58871633e-08  4.06025000e-07  5.57929190e-06 
 4.06075000e-07  3.66959796e-08  4.06075000e-07 -5.43669156e-06 
 4.06125000e-07  7.11195334e-08  4.06125000e-07  5.31392771e-06 
 4.06175000e-07  5.97105162e-08  4.06175000e-07 -5.17381511e-06 
 4.06225000e-07  4.97656417e-08  4.06225000e-07  5.05354188e-06 
 4.06275000e-07  7.94924635e-08  4.06275000e-07 -4.91592403e-06 
 4.06325000e-07  3.14708371e-08  4.06325000e-07  4.79815020e-06 
 4.06375000e-07  9.63813262e-08  4.06375000e-07 -4.66303680e-06 
 4.06425000e-07  1.59103360e-08  4.06425000e-07  4.54777276e-06 
 4.06475000e-07  1.10687516e-07  4.06475000e-07 -4.41517422e-06 
 4.06525000e-07  2.78783636e-09  4.06525000e-07  4.30243007e-06 
 4.06575000e-07  1.22693691e-07  4.06575000e-07 -4.17235587e-06 
 4.06625000e-07 -8.16610047e-09  4.06625000e-07  4.06214036e-06 
 4.06675000e-07  1.32656519e-07  4.06675000e-07 -3.93459806e-06 
 4.06725000e-07 -1.71959355e-08  4.06725000e-07  3.82691760e-06 
 4.06775000e-07  1.40808557e-07  4.06775000e-07 -3.70191221e-06 
 4.06825000e-07 -2.45227025e-08  4.06825000e-07  3.59677037e-06 
 4.06875000e-07  1.47359911e-07  4.06875000e-07 -3.47430394e-06 
 4.06925000e-07 -3.03459257e-08  4.06925000e-07  3.37170130e-06 
 4.06975000e-07  1.52499887e-07  4.06975000e-07 -3.25177271e-06 
 4.07025000e-07 -3.48452138e-08  4.07025000e-07  3.15170655e-06 
 4.07075000e-07  1.56398822e-07  4.07075000e-07 -3.03431143e-06 
 4.07125000e-07 -3.81819985e-08  4.07125000e-07  2.93677578e-06 
 4.07175000e-07  1.59209602e-07  4.07175000e-07 -2.82190657e-06 
 4.07225000e-07 -4.05010233e-08  4.07225000e-07  2.72689234e-06 
 4.07275000e-07  1.61069260e-07  4.07275000e-07 -2.61453834e-06 
 4.07325000e-07 -4.19318881e-08  4.07325000e-07  2.52203334e-06 
 4.07375000e-07  1.62100245e-07  4.07375000e-07 -2.41218085e-06 
 4.07425000e-07 -4.25903421e-08  4.07425000e-07  2.32217000e-06 
 4.07475000e-07  1.62411954e-07  4.07475000e-07 -2.21480254e-06 
 4.07525000e-07 -4.25796647e-08  4.07525000e-07  2.12726802e-06 
 4.07575000e-07  1.62101850e-07  4.07575000e-07 -2.02236648e-06 
 4.07625000e-07 -4.19917861e-08  4.07625000e-07  1.93728792e-06 
 4.07675000e-07  1.61256613e-07  4.07675000e-07 -1.83483068e-06 
 4.07725000e-07 -4.09084661e-08  4.07725000e-07  1.75218537e-06 
 4.07775000e-07  1.59953325e-07  4.07775000e-07 -1.65214864e-06 
 4.07825000e-07 -3.94022655e-08  4.07825000e-07  1.57191172e-06 
 4.07875000e-07  1.58260270e-07  4.07875000e-07 -1.47426960e-06 
 4.07925000e-07 -3.75374802e-08  4.07925000e-07  1.39641418e-06 
 4.07975000e-07  1.56237926e-07  4.07975000e-07 -1.30113889e-06 
 4.08025000e-07 -3.53709321e-08  4.08025000e-07  1.22563638e-06 
 4.08075000e-07  1.53939773e-07  4.08075000e-07 -1.13269842e-06 
 4.08125000e-07 -3.29529400e-08  4.08125000e-07  1.05951853e-06 
 4.08175000e-07  1.51412939e-07  4.08175000e-07 -9.68886984e-07 
 4.08225000e-07 -3.03276810e-08  4.08225000e-07  8.97997952e-07 
 4.08275000e-07  1.48698989e-07  4.08275000e-07 -8.09640352e-07 
 4.08325000e-07 -2.75341274e-08  4.08325000e-07  7.41009261e-07 
 4.08375000e-07  1.45834401e-07  4.08375000e-07 -6.54892057e-07 
 4.08425000e-07 -2.46065344e-08  4.08425000e-07  5.88484714e-07 
 4.08475000e-07  1.42851245e-07  4.08475000e-07 -5.04573258e-07 
 4.08525000e-07 -2.15747991e-08  4.08525000e-07  4.40354498e-07 
 4.08575000e-07  1.39777510e-07  4.08575000e-07 -3.58613190e-07 
 4.08625000e-07 -1.84652089e-08  4.08625000e-07  2.96547038e-07 
 4.08675000e-07  1.36637752e-07  4.08675000e-07 -2.16939463e-07 
 4.08725000e-07 -1.53006059e-08  4.08725000e-07  1.56989135e-07 
 4.08775000e-07  1.33453266e-07  4.08775000e-07 -7.94782217e-08 
 4.08825000e-07 -1.21008894e-08  4.08825000e-07  2.16063177e-08 
 4.08875000e-07  1.30242644e-07  4.08875000e-07  5.38455771e-08 
 4.08925000e-07 -8.88335179e-09  4.08925000e-07 -1.09676971e-07 
 4.08975000e-07  1.27021892e-07  4.08975000e-07  1.83107967e-07 
 4.09025000e-07 -5.66284231e-09  4.09025000e-07 -2.36937187e-07 
 4.09075000e-07  1.23804875e-07  4.09075000e-07  3.08385798e-07 
 4.09125000e-07 -2.45227418e-09  4.09125000e-07 -3.60252318e-07 
 4.09175000e-07  1.20603455e-07  4.09175000e-07  4.29756408e-07 
 4.09225000e-07  7.37376452e-10  4.09225000e-07 -4.79697064e-07 
 4.09275000e-07  1.17427980e-07  4.09275000e-07  5.47297626e-07 
 4.09325000e-07  3.89652961e-09  4.09325000e-07 -5.95353033e-07 
 4.09375000e-07  1.14287115e-07  4.09375000e-07  6.61087883e-07 
 4.09425000e-07  7.01727523e-09  4.09425000e-07 -7.07296934e-07 
 4.09475000e-07  1.11188155e-07  4.09475000e-07  7.71205289e-07 
 4.09525000e-07  1.00929556e-08  4.09525000e-07 -8.15607060e-07 
 4.09575000e-07  1.08137186e-07  4.09575000e-07  8.77728030e-07 
 4.09625000e-07  1.31178950e-08  4.09625000e-07 -9.20361572e-07 
 4.09675000e-07  1.05139449e-07  4.09675000e-07  9.80734207e-07 
 4.09725000e-07  1.60873831e-08  4.09725000e-07 -1.02163849e-06 
 4.09775000e-07  1.02199118e-07  4.09775000e-07  1.08030169e-06 
 4.09825000e-07  1.89976738e-08  4.09825000e-07 -1.11951551e-06 
 4.09875000e-07  9.93196976e-08  4.09875000e-07  1.17650793e-06 
 4.09925000e-07  2.18455774e-08  4.09925000e-07 -1.21406988e-06 
 4.09962500e-07  9.60409468e-08  4.09962500e-07  1.28460381e-06 
 4.10000000e-07  2.55416808e-08  4.10000000e-07 -1.33510793e-06 
 4.10005000e-07 -8.05107955e-06  4.10005000e-07 -7.26457220e-05 
 4.10015000e-07  5.89534054e-06  4.10015000e-07  1.22573669e-05 
 4.10035000e-07  1.71607561e-06  4.10035000e-07  1.44963259e-05 
 4.10075000e-07 -2.65424059e-06  4.10075000e-07  1.68154552e-05 
 4.10125000e-07  2.38942618e-05  4.10125000e-07  1.72753947e-04 
 4.10162500e-07  1.44523228e-05  4.10162500e-07  1.92596480e-04 
 4.10200000e-07 -3.40997573e-04  4.10200000e-07 -1.50144306e-04 
 4.10205000e-07 -3.40643763e-04  4.10205000e-07 -3.70856913e-04 
 4.10215000e-07  8.23872867e-06  4.10215000e-07 -8.11001664e-04 
 4.10235000e-07  5.21971460e-04  4.10235000e-07 -1.33150794e-03 
 4.10273305e-07 -2.74560371e-04  4.10273305e-07 -4.37173940e-04 
 4.10315720e-07  1.33778016e-04  4.10315720e-07  1.69772822e-03 
 4.10360153e-07 -5.38803810e-05  4.10360153e-07 -2.84189569e-04 
 4.10410153e-07  1.69274184e-05  4.10410153e-07  2.41915496e-04 
 4.10460153e-07  9.94840133e-06  4.10460153e-07 -3.07973225e-04 
 4.10510153e-07 -3.13232852e-05  4.10510153e-07  1.31645166e-04 
 4.10560153e-07  4.67212366e-05  4.10560153e-07 -1.04868786e-04 
 4.10610153e-07 -5.63100285e-05  4.10610153e-07  6.07978778e-05 
 4.10660153e-07  6.18257650e-05  4.10660153e-07 -3.24143384e-05 
 4.10710153e-07 -6.40441864e-05  4.10710153e-07 -7.20124390e-06 
 4.10760153e-07  6.43226544e-05  4.10760153e-07  2.81755156e-05 
 4.10810153e-07 -6.29025571e-05  4.10810153e-07 -5.15789932e-05 
 4.10860153e-07  6.07401163e-05  4.10860153e-07  6.75639647e-05 
 4.10910153e-07 -5.77183159e-05  4.10910153e-07 -8.15006626e-05 
 4.10960153e-07  5.45669729e-05  4.10960153e-07  9.21248672e-05 
 4.11010153e-07 -5.09825928e-05  4.11010153e-07 -1.00422596e-04 
 4.11060153e-07  4.75763231e-05  4.11060153e-07  1.06803805e-04 
 4.11110153e-07 -4.39503796e-05  4.11110153e-07 -1.11438304e-04 
 4.11160153e-07  4.06525258e-05  4.11160153e-07  1.14810629e-04 
 4.11210153e-07 -3.72370562e-05  4.11210153e-07 -1.16992818e-04 
 4.11260153e-07  3.42169153e-05  4.11260153e-07  1.18323459e-04 
 4.11310153e-07 -3.11220844e-05  4.11310153e-07 -1.18869074e-04 
 4.11360153e-07  2.84460649e-05  4.11360153e-07  1.18850293e-04 
 4.11410153e-07 -2.57068014e-05  4.11410153e-07 -1.18323279e-04 
 4.11460153e-07  2.33869496e-05  4.11460153e-07  1.17435253e-04 
 4.11510153e-07 -2.09988913e-05  4.11510153e-07 -1.16225008e-04 
 4.11560153e-07  1.90193763e-05  4.11560153e-07  1.14795873e-04 
 4.11610153e-07 -1.69586452e-05  4.11610153e-07 -1.13168698e-04 
 4.11660153e-07  1.52904237e-05  4.11660153e-07  1.11420186e-04 
 4.11710153e-07 -1.35245950e-05  4.11710153e-07 -1.09555918e-04 
 4.11760153e-07  1.21335473e-05  4.11760153e-07  1.07636062e-04 
 4.11810153e-07 -1.06276997e-05  4.11810153e-07 -1.05654342e-04 
 4.11860153e-07  9.47908062e-06  4.11860153e-07  1.03660486e-04 
 4.11910153e-07 -8.19905151e-06  4.11910153e-07 -1.01639434e-04 
 4.11960153e-07  7.25983106e-06  4.11960153e-07  9.96342942e-05 
 4.12010153e-07 -6.17386642e-06  4.12010153e-07 -9.76236608e-05 
 4.12060153e-07  5.41385763e-06  4.12060153e-07  9.56464787e-05 
 4.12110153e-07 -4.49334141e-06  4.12110153e-07 -9.36768197e-05 
 4.12160153e-07  3.88563403e-06  4.12160153e-07  9.17510759e-05 
 4.12210153e-07 -3.10529531e-06  4.12210153e-07 -8.98401140e-05 
 4.12260153e-07  2.62619832e-06  4.12260153e-07  8.79804709e-05 
 4.12310153e-07 -1.96422249e-06  4.12310153e-07 -8.61324807e-05 
 4.12360153e-07  1.59336687e-06  4.12360153e-07  8.43459497e-05 
 4.12410153e-07 -1.03049715e-06  4.12410153e-07 -8.25709273e-05 
 4.12460153e-07  7.50439709e-07  4.12460153e-07  8.08562444e-05 
 4.12510153e-07 -2.70489036e-07  4.12510153e-07 -7.91538910e-05 
 4.12560153e-07  6.62516839e-08  4.12560153e-07  7.75104433e-05 
 4.12610153e-07  3.44563539e-07  4.12610153e-07 -7.58788719e-05 
 4.12660153e-07 -4.85697437e-07  4.12660153e-07  7.43042828e-05 
 4.12710153e-07  8.39035157e-07  4.12710153e-07 -7.27416765e-05 
 4.12760153e-07 -9.27829922e-07  4.12760153e-07  7.12305406e-05 
 4.12810153e-07  1.23353881e-06  4.12810153e-07 -6.97325942e-05 
 4.12860153e-07 -1.27900256e-06  4.12860153e-07  6.82854069e-05 
 4.12910153e-07  1.54540141e-06  4.12910153e-07 -6.68461470e-05 
 4.12960153e-07 -1.55511908e-06  4.12960153e-07  6.54574502e-05 
 4.13010153e-07  1.78910261e-06  4.13010153e-07 -6.40752390e-05 
 4.13060153e-07 -1.76943298e-06  4.13060153e-07  6.27411031e-05 
 4.13110153e-07  1.97680692e-06  4.13110153e-07 -6.14120989e-05 
 4.13160153e-07 -1.93305348e-06  4.13160153e-07  6.01291571e-05 
 4.13210153e-07  2.11865497e-06  4.13210153e-07 -5.88499929e-05 
 4.13260153e-07 -2.05523355e-06  4.13260153e-07  5.76150465e-05 
 4.13310153e-07  2.22308694e-06  4.13310153e-07 -5.63826262e-05 
 4.13360153e-07 -2.14366719e-06  4.13360153e-07  5.51927381e-05 
 4.13410153e-07  2.29711344e-06  4.13410153e-07 -5.40042309e-05 
 4.13460153e-07 -2.20473804e-06  4.13460153e-07  5.28567269e-05 
 4.13510153e-07  2.34654443e-06  4.13510153e-07 -5.17095604e-05 
 4.13560153e-07 -2.24373039e-06  4.13560153e-07  5.06020153e-05 
 4.13610153e-07  2.37618345e-06  4.13610153e-07 -4.94938599e-05 
 4.13660153e-07 -2.26500781e-06  4.13660153e-07  4.84240791e-05 
 4.13710153e-07  2.38999224e-06  4.13710153e-07 -4.73528274e-05 
 4.13760153e-07 -2.27216452e-06  4.13760153e-07  4.63188257e-05 
 4.13810153e-07  2.39122944e-06  4.13810153e-07 -4.52825708e-05 
 4.13860153e-07 -2.26815273e-06  4.13860153e-07  4.42825505e-05 
 4.13910153e-07  2.38256777e-06  4.13910153e-07 -4.32795641e-05 
 4.13960153e-07 -2.25539018e-06  4.13960153e-07  4.23118942e-05 
 4.14010153e-07  2.36619264e-06  4.14010153e-07 -4.13406065e-05 
 4.14060153e-07 -2.23585044e-06  4.14060153e-07  4.04038031e-05 
 4.14110153e-07  2.34388472e-06  4.14110153e-07 -3.94627838e-05 
 4.14160153e-07 -2.21113858e-06  4.14160153e-07  3.85554926e-05 
 4.14210153e-07  2.31708936e-06  4.14210153e-07 -3.76434343e-05 
 4.14260153e-07 -2.18255464e-06  4.14260153e-07  3.67644148e-05 
 4.14310153e-07  2.28697449e-06  4.14310153e-07 -3.58801178e-05 
 4.14360153e-07 -2.15114663e-06  4.14360153e-07  3.50282293e-05 
 4.14410153e-07  2.25447932e-06  4.14410153e-07 -3.41705888e-05 
 4.14460153e-07 -2.11775494e-06  4.14460153e-07  3.33447784e-05 
 4.14510153e-07  2.22035469e-06  4.14510153e-07 -3.25127727e-05 
 4.14560153e-07 -2.08304925e-06  4.14560153e-07  3.17120648e-05 
 4.14610153e-07  2.18519676e-06  4.14610153e-07 -3.09047458e-05 
 4.14660153e-07 -2.04755931e-06  4.14660153e-07  3.01282331e-05 
 4.14710153e-07  2.14947519e-06  4.14710153e-07 -2.93447175e-05 
 4.14760153e-07 -2.01170043e-06  4.14760153e-07  2.85915528e-05 
 4.14810153e-07  2.11355628e-06  4.14810153e-07 -2.78310150e-05 
 4.14860153e-07 -1.97579479e-06  4.14860153e-07  2.71004046e-05 
 4.14910153e-07  2.07772242e-06  4.14910153e-07 -2.63620700e-05 
 4.14960153e-07 -1.94008887e-06  4.14960153e-07  2.56532683e-05 
 4.15010153e-07  2.04218789e-06  4.15010153e-07 -2.49364080e-05 
 4.15060153e-07 -1.90476816e-06  4.15060153e-07  2.42487118e-05 
 4.15110153e-07  2.00711233e-06  4.15110153e-07 -2.35526381e-05 
 4.15160153e-07 -1.86996904e-06  4.15160153e-07  2.28853825e-05 
 4.15210153e-07  1.97261125e-06  4.15210153e-07 -2.22094444e-05 
 4.15260153e-07 -1.83578855e-06  4.15260153e-07  2.15619994e-05 
 4.15310153e-07  1.93876531e-06  4.15310153e-07 -2.09055794e-05 
 4.15360153e-07 -1.80229260e-06  4.15360153e-07  2.02773461e-05 
 4.15410153e-07  1.90562728e-06  4.15410153e-07 -1.96398570e-05 
 4.15460153e-07 -1.76952258e-06  4.15460153e-07  1.90302652e-05 
 4.15510153e-07  1.87322847e-06  4.15510153e-07 -1.84111473e-05 
 4.15560153e-07 -1.73750071e-06  4.15560153e-07  1.78196528e-05 
 4.15610153e-07  1.84158317e-06  4.15610153e-07 -1.72183719e-05 
 4.15660153e-07 -1.70623436e-06  4.15660153e-07  1.66444545e-05 
 4.15710153e-07  1.81069281e-06  4.15710153e-07 -1.60604993e-05 
 4.15760153e-07 -1.67571992e-06  4.15760153e-07  1.55036606e-05 
 4.15810153e-07  1.78054919e-06  4.15810153e-07 -1.49365415e-05 
 4.15860153e-07 -1.64594521e-06  4.15860153e-07  1.43963037e-05 
 4.15910153e-07  1.75113690e-06  4.15910153e-07 -1.38455507e-05 
 4.15960153e-07 -1.61689211e-06  4.15960153e-07  1.33214547e-05 
 4.16010153e-07  1.72243551e-06  4.16010153e-07 -1.27866162e-05 
 4.16060153e-07 -1.58853831e-06  4.16060153e-07  1.22782203e-05 
 4.16110153e-07  1.69442119e-06  4.16110153e-07 -1.17588619e-05 
 4.16160153e-07 -1.56085869e-06  4.16160153e-07  1.12657408e-05 
 4.16210153e-07  1.66706784e-06  4.16210153e-07 -1.07614439e-05 
 4.16260153e-07 -1.53382651e-06  4.16260153e-07  1.02831876e-05 
 4.16310153e-07  1.64034827e-06  4.16310153e-07 -9.79354873e-06 
 4.16360153e-07 -1.50741430e-06  4.16360153e-07  9.32976149e-06 
 4.16410153e-07  1.61423486e-06  4.16410153e-07 -8.85439094e-06 
 4.16460153e-07 -1.48159442e-06  4.16460153e-07  8.40469047e-06 
 4.16510153e-07  1.58870015e-06  4.16510153e-07 -7.94321185e-06 
 4.16560153e-07 -1.45633976e-06  4.16560153e-07  7.50722856e-06 
 4.16610153e-07  1.56371738e-06  4.16610153e-07 -7.05927779e-06 
 4.16660153e-07 -1.43162392e-06  4.16660153e-07  6.63665392e-06 
 4.16710153e-07  1.53926067e-06  4.16710153e-07 -6.20187871e-06 
 4.16760153e-07 -1.40742160e-06  4.16760153e-07  5.79226790e-06 
 4.16810153e-07  1.51530530e-06  4.16810153e-07 -5.37032700e-06 
 4.16860153e-07 -1.38370876e-06  4.16860153e-07  4.97339354e-06 
 4.16910153e-07  1.49182785e-06  4.16910153e-07 -4.56395619e-06 
 4.16960153e-07 -1.36046258e-06  4.16960153e-07  4.17937451e-06 
 4.17010153e-07  1.46880628e-06  4.17010153e-07 -3.78211994e-06 
 4.17060153e-07 -1.33766177e-06  4.17060153e-07  3.40957417e-06 
 4.17110153e-07  1.44621992e-06  4.17110153e-07 -3.02419109e-06 
 4.17160153e-07 -1.31528640e-06  4.17160153e-07  2.66337448e-06 
 4.17210153e-07  1.42404958e-06  4.17210153e-07 -2.28956063e-06 
 4.17260153e-07 -1.29331790e-06  4.17260153e-07  1.94017525e-06 
 4.17310153e-07  1.40227745e-06  4.17310153e-07 -1.57763696e-06 
 4.17360153e-07 -1.27173923e-06  4.17360153e-07  1.23939323e-06 
 4.17410153e-07  1.38088704e-06  4.17410153e-07 -8.87845093e-07 
 4.17460153e-07 -1.25053451e-06  4.17460153e-07  5.60461467e-07 
 4.17510153e-07  1.35986317e-06  4.17510153e-07 -2.19625893e-07 
 4.17560153e-07 -1.22968911e-06  4.17560153e-07 -9.71715423e-08 
 4.17610153e-07  1.33919177e-06  4.17610153e-07  4.27564531e-07 
 4.17660153e-07 -1.20918970e-06  4.17660153e-07 -7.34042370e-07 
 4.17710153e-07  1.31886013e-06  4.17710153e-07  1.05425554e-06 
 4.17760153e-07 -1.18902396e-06  4.17760153e-07 -1.35067328e-06 
 4.17810153e-07  1.29885640e-06  4.17810153e-07  1.66096252e-06 
 4.17860153e-07 -1.16918066e-06  4.17860153e-07 -1.94757283e-06 
 4.17910153e-07  1.27916990e-06  4.17910153e-07  2.24818728e-06 
 4.17960153e-07 -1.14964953e-06  4.17960153e-07 -2.52523637e-06 
 4.18010153e-07  1.25979075e-06  4.18010153e-07  2.81641878e-06 
 4.18060153e-07 -1.13042112e-06  4.18060153e-07 -3.08414658e-06 
 4.18110153e-07  1.24070990e-06  4.18110153e-07  3.36613353e-06 
 4.18160153e-07 -1.11148678e-06  4.18160153e-07 -3.62477386e-06 
 4.18210153e-07  1.22191914e-06  4.18210153e-07  3.89779594e-06 
 4.18260153e-07 -1.09283874e-06  4.18260153e-07 -4.14757677e-06 
 4.18310153e-07  1.20341100e-06  4.18310153e-07  4.41185883e-06 
 4.18360153e-07 -1.07446967e-06  4.18360153e-07 -4.65300255e-06 
 4.18410153e-07  1.18517847e-06  4.18410153e-07  4.90876382e-06 
 4.18460153e-07 -1.05637304e-06  4.18460153e-07 -5.14148728e-06 
 4.18510153e-07  1.16721531e-06  4.18510153e-07  5.38894169e-06 
 4.18560153e-07 -1.03854280e-06  4.18560153e-07 -5.61345650e-06 
 4.18610153e-07  1.14951570e-06  4.18610153e-07  5.85281273e-06 
 4.18660153e-07 -1.02097337e-06  4.18660153e-07 -6.06932535e-06 
 4.18710153e-07  1.13207430e-06  4.18710153e-07  6.30078705e-06 
 4.18760153e-07 -1.00365963e-06  4.18760153e-07 -6.50949896e-06 
 4.18810153e-07  1.11488621e-06  4.18810153e-07  6.73326491e-06 
 4.18860153e-07 -9.86596875e-07  4.18860153e-07 -6.93437286e-06 
 4.18910153e-07  1.09794688e-06  4.18910153e-07  7.15063701e-06 
 4.18960153e-07 -9.69780732e-07  4.18960153e-07 -7.34433297e-06 
 4.19010153e-07  1.08125212e-06  4.19010153e-07  7.55328478e-06 
 4.19060153e-07 -9.53207169e-07  4.19060153e-07 -7.73975626e-06 
 4.19110153e-07  1.06479800e-06  4.19110153e-07  7.94158066e-06 
 4.19160153e-07 -9.36872381e-07  4.19160153e-07 -8.12101073e-06 
 4.19210153e-07  1.04858089e-06  4.19210153e-07  8.31588832e-06 
 4.19260153e-07 -9.20772850e-07  4.19260153e-07 -8.48845576e-06 
 4.19310153e-07  1.03259739e-06  4.19310153e-07  8.67656292e-06 
 4.19360153e-07 -9.04905279e-07  4.19360153e-07 -8.84244233e-06 
 4.19410153e-07  1.01684425e-06  4.19410153e-07  9.02395129e-06 
 4.19460153e-07 -8.89266609e-07  4.19460153e-07 -9.18331324e-06 
 4.19510153e-07  1.00131853e-06  4.19510153e-07  9.35839230e-06 
 4.19560153e-07 -8.73853770e-07  4.19560153e-07 -9.51140339e-06 
 4.19610153e-07  9.86017268e-07  4.19610153e-07  9.68021688e-06 
 4.19660153e-07 -8.58664100e-07  4.19660153e-07 -9.82703981e-06 
 4.19710153e-07  9.70937790e-07  4.19710153e-07  9.98974831e-06 
 4.19760153e-07 -8.43694853e-07  4.19760153e-07 -1.01305421e-05 
 4.19810153e-07  9.56077461e-07  4.19810153e-07  1.02873025e-05 
 4.19860153e-07 -8.28943482e-07  4.19860153e-07 -1.04222224e-05 
 4.19910153e-07  9.41433812e-07  4.19910153e-07  1.05731879e-05 
 4.19955077e-07 -8.13592612e-07  4.19955077e-07 -1.07178800e-05 
 4.20000000e-07  9.25387128e-07  4.20000000e-07  1.08780301e-05 
 4.20005000e-07  1.48886514e-05  4.20005000e-07  2.03254132e-04 
 4.20015000e-07 -3.36796673e-06  4.20015000e-07  2.00676259e-05 
 4.20035000e-07 -8.05784509e-06  4.20035000e-07 -4.80932045e-05 
 4.20075000e-07  5.26500657e-06  4.20075000e-07 -7.66627668e-05 
 4.20125000e-07 -4.11017308e-05  4.20125000e-07 -1.74882222e-04 
 4.20162500e-07 -1.73988182e-05  4.20162500e-07 -4.64232251e-04 
 4.20200000e-07  1.81203078e-03  4.20200000e-07  5.51708028e-04 
 4.20205000e-07  1.19926821e-03  4.20205000e-07  1.08380918e-03 
 4.20215000e-07 -2.66074826e-03  4.20215000e-07  2.26550284e-03 
 4.20235000e-07 -1.05322975e-02  4.20235000e-07  4.09319758e-03 
 4.20275000e-07 -1.67285136e-02  4.20275000e-07  2.51969620e-03 
 4.20325000e-07  7.77752857e-01  4.20325000e-07 -1.90765476e-02 
 4.20375000e-07  1.21115706e+00  4.20375000e-07 -3.22868730e-02 
 4.20425000e-07  1.17995474e+00  4.20425000e-07 -1.96138022e-02 
 4.20475000e-07  1.21482951e+00  4.20475000e-07  9.88162418e-02 
 4.20525000e-07  1.18694898e+00  4.20525000e-07  4.79108733e-01 
 4.20575000e-07  1.21121391e+00  4.20575000e-07  2.04360278e+00 
 4.20625000e-07  1.19023134e+00  4.20625000e-07  3.02111591e+00 
 4.20675000e-07  1.20842537e+00  4.20675000e-07  3.16780863e+00 
 4.20725000e-07  1.19266607e+00  4.20725000e-07  3.24447178e+00 
 4.20775000e-07  1.20633854e+00  4.20775000e-07  3.26669033e+00 
 4.20825000e-07  1.19448442e+00  4.20825000e-07  3.28307633e+00 
 4.20875000e-07  1.20477501e+00  4.20875000e-07  3.28359205e+00 
 4.20925000e-07  1.19584518e+00  4.20925000e-07  3.29248716e+00 
 4.20975000e-07  1.20360214e+00  4.20975000e-07  3.29169053e+00 
 4.21025000e-07  1.19686517e+00  4.21025000e-07  3.29689384e+00 
 4.21075000e-07  1.20272132e+00  4.21075000e-07  3.29572478e+00 
 4.21125000e-07  1.19763085e+00  4.21125000e-07  3.29883137e+00 
 4.21175000e-07  1.20205909e+00  4.21175000e-07  3.29774927e+00 
 4.21225000e-07  1.19820642e+00  4.21225000e-07  3.29963881e+00 
 4.21275000e-07  1.20156264e+00  4.21275000e-07  3.29878739e+00 
 4.21325000e-07  1.19864003e+00  4.21325000e-07  3.29994627e+00 
 4.21375000e-07  1.20118578e+00  4.21375000e-07  3.29933906e+00 
 4.21425000e-07  1.19896741e+00  4.21425000e-07  3.30004147e+00 
 4.21475000e-07  1.20090184e+00  4.21475000e-07  3.29964043e+00 
 4.21525000e-07  1.19921348e+00  4.21525000e-07  3.30005171e+00 
 4.21575000e-07  1.20068734e+00  4.21575000e-07  3.29981112e+00 
 4.21625000e-07  1.19939966e+00  4.21625000e-07  3.30003290e+00 
 4.21675000e-07  1.20052503e+00  4.21675000e-07  3.29991120e+00 
 4.21725000e-07  1.19954075e+00  4.21725000e-07  3.30000794e+00 
 4.21775000e-07  1.20040199e+00  4.21775000e-07  3.29997161e+00 
 4.21825000e-07  1.19964786e+00  4.21825000e-07  3.29998543e+00 
 4.21875000e-07  1.20030852e+00  4.21875000e-07  3.30000880e+00 
 4.21925000e-07  1.19972935e+00  4.21925000e-07  3.29996786e+00 
 4.21962500e-07  1.20022722e+00  4.21962500e-07  3.30003393e+00 
 4.22000000e-07  1.19980882e+00  4.22000000e-07  3.29995107e+00 
 4.22005000e-07  1.19962113e+00  4.22005000e-07  3.29883883e+00 
 4.22015000e-07  1.19955067e+00  4.22015000e-07  3.29791302e+00 
 4.22035000e-07  1.19979591e+00  4.22035000e-07  3.29801854e+00 
 4.22075000e-07  1.19983245e+00  4.22075000e-07  3.29957682e+00 
 4.22125000e-07  1.20335420e+00  4.22125000e-07  3.31767759e+00 
 4.22162500e-07  1.21215610e+00  4.22162500e-07  3.33828409e+00 
 4.22200000e-07  1.22957432e+00  4.22200000e-07  3.36638925e+00 
 4.22205000e-07  1.22828016e+00  4.22205000e-07  3.36933518e+00 
 4.22215000e-07  1.20897449e+00  4.22215000e-07  3.36761000e+00 
 4.22235000e-07  9.78597406e-01  4.22235000e-07  3.34197996e+00 
 4.22275000e-07  9.81022223e-02  4.22275000e-07  3.23675501e+00 
 4.22325000e-07 -1.38367724e-02  4.22325000e-07  2.93483122e+00 
 4.22375000e-07  1.52465565e-02  4.22375000e-07  1.01588035e+00 
 4.22425000e-07 -1.47233689e-02  4.22425000e-07  4.34329757e-02 
 4.22475000e-07  1.38119923e-02  4.22475000e-07  6.46607509e-02 
 4.22525000e-07 -1.25928445e-02  4.22525000e-07 -1.79204743e-02 
 4.22575000e-07  1.17429804e-02  4.22575000e-07  2.26218853e-02 
 4.22625000e-07 -1.07197825e-02  4.22625000e-07 -1.59621675e-02 
 4.22675000e-07  9.98420556e-03  4.22675000e-07  1.33870732e-02 
 4.22725000e-07 -9.13885728e-03  4.22725000e-07 -1.07992748e-02 
 4.22775000e-07  8.50463070e-03  4.22775000e-07  8.88573302e-03 
 4.22825000e-07 -7.80168378e-03  4.22825000e-07 -7.33524733e-03 
 4.22875000e-07  7.25556831e-03  4.22875000e-07  6.08608639e-03 
 4.22925000e-07 -6.66811292e-03  4.22925000e-07 -5.07665807e-03 
 4.22975000e-07  6.19843599e-03  4.22975000e-07  4.24429605e-03 
 4.23025000e-07 -5.70559602e-03  4.23025000e-07 -3.56259162e-03 
 4.23075000e-07  5.30204873e-03  4.23075000e-07  2.99205604e-03 
 4.23125000e-07 -4.88726086e-03  4.23125000e-07 -2.51853569e-03 
 4.23175000e-07  4.54077717e-03  4.23175000e-07  2.11756880e-03 
 4.23225000e-07 -4.19072629e-03  4.23225000e-07 -1.78087324e-03 
 4.23275000e-07  3.89338049e-03  4.23275000e-07  1.49308935e-03 
 4.23325000e-07 -3.59726380e-03  4.23325000e-07 -1.24900648e-03 
 4.23375000e-07  3.34216369e-03  4.23375000e-07  1.03884575e-03 
 4.23425000e-07 -3.09115274e-03  4.23425000e-07 -8.59090220e-04 
 4.23475000e-07  2.87233004e-03  4.23475000e-07  7.03451325e-04 
 4.23525000e-07 -2.65916601e-03  4.23525000e-07 -5.69394282e-04 
 4.23575000e-07  2.47146933e-03  4.23575000e-07  4.52856606e-04 
 4.23625000e-07 -2.29015277e-03  4.23625000e-07 -3.51903841e-04 
 4.23675000e-07  2.12914662e-03  4.23675000e-07  2.63918867e-04 
 4.23725000e-07 -1.97469644e-03  4.23725000e-07 -1.87354805e-04 
 4.23775000e-07  1.83656869e-03  4.23775000e-07  1.20547701e-04 
 4.23825000e-07 -1.70483277e-03  4.23825000e-07 -6.22149239e-05 
 4.23875000e-07  1.58631132e-03  4.23875000e-07  1.13292621e-05 
 4.23925000e-07 -1.47620668e-03  4.23925000e-07  3.32379757e-05 
 4.23975000e-07  1.36997794e-03  4.23975000e-07 -7.19562332e-05 
 4.24025000e-07 -1.27755890e-03  4.24025000e-07  1.05926548e-04 
 4.24075000e-07  1.18714468e-03  4.24075000e-07 -1.35443073e-04 
 4.24125000e-07 -1.10739082e-03  4.24125000e-07  1.61165812e-04 
 4.24175000e-07  1.03032754e-03  4.24175000e-07 -1.83536733e-04 
 4.24225000e-07 -9.61528307e-04  4.24225000e-07  2.02844001e-04 
 4.24275000e-07  8.95752969e-04  4.24275000e-07 -2.19622920e-04 
 4.24325000e-07 -8.36413580e-04  4.24325000e-07  2.33903648e-04 
 4.24375000e-07  7.80200864e-04  4.24375000e-07 -2.46276626e-04 
 4.24425000e-07 -7.29021729e-04  4.24425000e-07  2.56594401e-04 
 4.24475000e-07  6.80925077e-04  4.24475000e-07 -2.65475541e-04 
 4.24525000e-07 -6.36779317e-04  4.24525000e-07  2.72652233e-04 
 4.24575000e-07  5.95582283e-04  4.24575000e-07 -2.78752164e-04 
 4.24625000e-07 -5.57494757e-04  4.24625000e-07  2.83428156e-04 
 4.24675000e-07  5.22171684e-04  4.24675000e-07 -2.87303740e-04 
 4.24725000e-07 -4.89299902e-04  4.24725000e-07  2.89981850e-04 
 4.24775000e-07  4.58983970e-04  4.24775000e-07 -2.92072685e-04 
 4.24825000e-07 -4.30600969e-04  4.24825000e-07  2.93150541e-04 
 4.24875000e-07  4.04558089e-04  4.24875000e-07 -2.93806061e-04 
 4.24925000e-07 -3.80037223e-04  4.24925000e-07  2.93600214e-04 
 4.24975000e-07  3.57644586e-04  4.24975000e-07 -2.93099979e-04 
 4.25025000e-07 -3.36446110e-04  4.25025000e-07  2.91864017e-04 
 4.25075000e-07  3.17174478e-04  4.25075000e-07 -2.90433056e-04 
 4.25125000e-07 -2.98833791e-04  4.25125000e-07  2.88371326e-04 
 4.25175000e-07  2.82232811e-04  4.25175000e-07 -2.86191814e-04 
 4.25225000e-07 -2.66350192e-04  4.25225000e-07  2.83469893e-04 
 4.25275000e-07  2.52036166e-04  4.25275000e-07 -2.80690109e-04 
 4.25325000e-07 -2.38267847e-04  4.25325000e-07  2.77442853e-04 
 4.25375000e-07  2.25913516e-04  4.25375000e-07 -2.74184095e-04 
 4.25425000e-07 -2.13963932e-04  4.25425000e-07  2.70521864e-04 
 4.25475000e-07  2.03289907e-04  4.25475000e-07 -2.66883822e-04 
 4.25525000e-07 -1.92904999e-04  4.25525000e-07  2.62897331e-04 
 4.25575000e-07  1.83672559e-04  4.25575000e-07 -2.58962289e-04 
 4.25625000e-07 -1.74633977e-04  4.25625000e-07  2.54726395e-04 
 4.25675000e-07  1.66638999e-04  4.25675000e-07 -2.50562534e-04 
 4.25725000e-07 -1.58759104e-04  4.25725000e-07  2.46139232e-04 
 4.25775000e-07  1.51826934e-04  4.25775000e-07 -2.41803242e-04 
 4.25825000e-07 -1.44944491e-04  4.25825000e-07  2.37244027e-04 
 4.25875000e-07  1.38925602e-04  4.25875000e-07 -2.32783180e-04 
 4.25925000e-07 -1.32902067e-04  4.25925000e-07  2.28130936e-04 
 4.25975000e-07  1.27668377e-04  4.25975000e-07 -2.23584752e-04 
 4.26025000e-07 -1.22384705e-04  4.26025000e-07  2.18875259e-04 
 4.26075000e-07  1.17826449e-04  4.26075000e-07 -2.14276835e-04 
 4.26125000e-07 -1.13180348e-04  4.26125000e-07  2.09539988e-04 
 4.26175000e-07  1.09203423e-04  4.26175000e-07 -2.04917079e-04 
 4.26225000e-07 -1.05106990e-04  4.26225000e-07  2.00177870e-04 
 4.26275000e-07  1.01630683e-04  4.26275000e-07 -1.95553764e-04 
 4.26325000e-07 -9.80083769e-05  4.26325000e-07  1.90833084e-04 
 4.26375000e-07  9.49634412e-05  4.26375000e-07 -1.86227320e-04 
 4.26425000e-07 -9.17503361e-05  4.26425000e-07  1.81542612e-04 
 4.26475000e-07  8.90773390e-05  4.26475000e-07 -1.76971564e-04 
 4.26525000e-07 -8.62176289e-05  4.26525000e-07  1.72337366e-04 
 4.26575000e-07  8.38655467e-05  4.26575000e-07 -1.67814731e-04 
 4.26625000e-07 -8.13112570e-05  4.26625000e-07  1.63243118e-04 
 4.26675000e-07  7.92362723e-05  4.26675000e-07 -1.58780318e-04 
 4.26725000e-07 -7.69461549e-05  4.26725000e-07  1.54281275e-04 
 4.26775000e-07  7.51106282e-05  4.26775000e-07 -1.49887790e-04 
 4.26825000e-07 -7.30492127e-05  4.26825000e-07  1.45469519e-04 
 4.26875000e-07  7.14208028e-05  4.26875000e-07 -1.41153173e-04 
 4.26925000e-07 -6.95575811e-05  4.26925000e-07  1.36822353e-04 
 4.26975000e-07  6.81084914e-05  4.26975000e-07 -1.32589544e-04 
 4.27025000e-07 -6.64172181e-05  4.27025000e-07  1.28351549e-04 
 4.27075000e-07  6.51235518e-05  4.27075000e-07 -1.24207456e-04 
 4.27125000e-07 -6.35816433e-05  4.27125000e-07  1.20066543e-04 
 4.27175000e-07  6.24228501e-05  4.27175000e-07 -1.16015291e-04 
 4.27225000e-07 -6.10108686e-05  4.27225000e-07  1.11974752e-04 
 4.27275000e-07  5.99692712e-05  4.27275000e-07 -1.08019558e-04 
 4.27325000e-07 -5.86704814e-05  4.27325000e-07  1.04081860e-04 
 4.27375000e-07  5.77308693e-05  4.27375000e-07 -1.00225157e-04 
 4.27425000e-07 -5.65308579e-05  4.27425000e-07  9.63920524e-05 
 4.27475000e-07  5.56801386e-05  4.27475000e-07 -9.26355993e-05 
 4.27525000e-07 -5.45664878e-05  4.27525000e-07  8.89082256e-05 
 4.27575000e-07  5.37933881e-05  4.27575000e-07 -8.52531939e-05 
 4.27625000e-07 -5.27553948e-05  4.27625000e-07  8.16321609e-05 
 4.27675000e-07  5.20502041e-05  4.27675000e-07 -7.80792170e-05 
 4.27725000e-07 -5.10786388e-05  4.27725000e-07  7.45646788e-05 
 4.27775000e-07  5.04329893e-05  4.27775000e-07 -7.11140524e-05 
 4.27825000e-07 -4.95198894e-05  4.27825000e-07  6.77057714e-05 
 4.27875000e-07  4.89265668e-05  4.27875000e-07 -6.43573155e-05 
 4.27925000e-07 -4.80650585e-05  4.27925000e-07  6.10547181e-05 
 4.27975000e-07  4.75178402e-05  4.27975000e-07 -5.78079612e-05 
 4.28025000e-07 -4.67019860e-05  4.28025000e-07  5.46101863e-05 
 4.28075000e-07  4.61955012e-05  4.28075000e-07 -5.14643776e-05 
 4.28125000e-07 -4.54201689e-05  4.28125000e-07  4.83703186e-05 
 4.28175000e-07  4.49497795e-05  4.28175000e-07 -4.53244687e-05 
 4.28225000e-07 -4.42105289e-05  4.28225000e-07  4.23328104e-05 
 4.28275000e-07  4.37722267e-05  4.28275000e-07 -3.93857255e-05 
 4.28325000e-07 -4.30652135e-05  4.28325000e-07  3.64949765e-05 
 4.28375000e-07  4.26555319e-05  4.28375000e-07 -3.36452896e-05 
 4.28425000e-07 -4.19774239e-05  4.28425000e-07  3.08538105e-05 
 4.28475000e-07  4.15933620e-05  4.28475000e-07 -2.81000085e-05 
 4.28525000e-07 -4.09412682e-05  4.28525000e-07  2.54060366e-05 
 4.28575000e-07  4.05802258e-05  4.28575000e-07 -2.27464835e-05 
 4.28625000e-07 -3.99516346e-05  4.28625000e-07  2.01481550e-05 
 4.28675000e-07  3.96113563e-05  4.28675000e-07 -1.75811134e-05 
 4.28725000e-07 -3.90040830e-05  4.28725000e-07  1.50764821e-05 
 4.28775000e-07  3.86826100e-05  4.28775000e-07 -1.26001311e-05 
 4.28825000e-07 -3.80947511e-05  4.28825000e-07  1.01871855e-05 
 4.28875000e-07  3.77903799e-05  4.28875000e-07 -7.79963725e-06 
 4.28925000e-07 -3.72202745e-05  4.28925000e-07  5.47631519e-06 
 4.28975000e-07  3.69315217e-05  4.28975000e-07 -3.17562915e-06 
 4.29025000e-07 -3.63777178e-05  4.29025000e-07  9.39830702e-07 
 4.29075000e-07  3.61032891e-05  4.29075000e-07  1.27597390e-06 
 4.29125000e-07 -3.55645148e-05  4.29125000e-07 -3.42637489e-06 
 4.29175000e-07  3.53032790e-05  4.29175000e-07  5.55930800e-06 
 4.29225000e-07 -3.47784178e-05  4.29225000e-07 -7.62645402e-06 
 4.29275000e-07  3.45293843e-05  4.29275000e-07  9.67854493e-06 
 4.29325000e-07 -3.40174540e-05  4.29325000e-07 -1.16645861e-05 
 4.29375000e-07  3.37797535e-05  4.29375000e-07  1.36378749e-05 
 4.29425000e-07 -3.32798873e-05  4.29425000e-07 -1.55449614e-05 
 4.29475000e-07  3.30527549e-05  4.29475000e-07  1.74414916e-05 
 4.29525000e-07 -3.25641864e-05  4.29525000e-07 -1.92717667e-05 
 4.29575000e-07  3.23469475e-05  4.29575000e-07  2.10935785e-05 
 4.29625000e-07 -3.18689965e-05  4.29625000e-07 -2.28491732e-05 
 4.29675000e-07  3.16610544e-05  4.29675000e-07  2.45982979e-05 
 4.29725000e-07 -3.11931157e-05  4.29725000e-07 -2.62813258e-05 
 4.29775000e-07  3.09939409e-05  4.29775000e-07  2.79597806e-05 
 4.29825000e-07 -3.05354741e-05  4.29825000e-07 -2.95723333e-05 
 4.29875000e-07  3.03445953e-05  4.29875000e-07  3.11821172e-05 
 4.29925000e-07 -2.98951163e-05  4.29925000e-07 -3.27262607e-05 
 4.29962500e-07  2.96082988e-05  4.29962500e-07  3.47711103e-05 
 4.30000000e-07 -2.90666848e-05  4.30000000e-07 -3.67252335e-05 
 4.30005000e-07 -7.62675712e-06  4.30005000e-07 -5.82500340e-05 
 4.30015000e-07  7.26221673e-06  4.30015000e-07  1.44543626e-05 
 4.30035000e-07 -3.44582764e-07  4.30035000e-07  1.74223161e-05 
 4.30075000e-07 -1.42229883e-06  4.30075000e-07  6.57742947e-06 
 4.30125000e-07  1.61972266e-05  4.30125000e-07  1.22889272e-04 
 4.30162500e-07  6.01548428e-06  4.30162500e-07  1.12536687e-04 
 4.30200000e-07 -2.60036356e-04  4.30200000e-07 -1.17113832e-04 
 4.30205000e-07 -2.89848303e-04  4.30205000e-07 -3.13452369e-04 
 4.30215000e-07 -4.49336026e-05  4.30215000e-07 -6.78455071e-04 
 4.30235000e-07  4.30701706e-04  4.30235000e-07 -1.14940441e-03 
 4.30271733e-07 -2.63860928e-04  4.30271733e-07 -5.81010559e-05 
 4.30313796e-07  2.01363114e-04  4.30313796e-07  1.05242724e-03 
 4.30358973e-07 -1.04075933e-04  4.30358973e-07 -4.72751617e-06 
 4.30408973e-07  5.26711387e-05  4.30408973e-07 -2.72790666e-04 
 4.30458973e-07 -1.65705619e-05  4.30458973e-07  1.77550235e-04 
 4.30508973e-07 -6.13029594e-06  4.30508973e-07 -1.34177128e-04 
 4.30558973e-07  2.24156908e-05  4.30558973e-07  1.88983289e-04 
 4.30608973e-07 -3.26513585e-05  4.30608973e-07 -1.75450940e-04 
 4.30658973e-07  3.99022887e-05  4.30658973e-07  1.98080911e-04 
 4.30708973e-07 -4.39274205e-05  4.30708973e-07 -1.97085728e-04 
 4.30758973e-07  4.65132807e-05  4.30758973e-07  2.06032657e-04 
 4.30808973e-07 -4.72187100e-05  4.30808973e-07 -2.05558392e-04 
 4.30858973e-07  4.73180819e-05  4.30858973e-07  2.08425449e-04 
 4.30908973e-07 -4.62662491e-05  4.30908973e-07 -2.06539086e-04 
 4.30958973e-07  4.50545259e-05  4.30958973e-07  2.05950173e-04 
 4.31008973e-07 -4.31208215e-05  4.31008973e-07 -2.02600189e-04 
 4.31058973e-07  4.12825417e-05  4.31058973e-07  1.99981088e-04 
 4.31108973e-07 -3.89697802e-05  4.31108973e-07 -1.95542365e-04 
 4.31158973e-07  3.68927415e-05  4.31158973e-07  1.91591886e-04 
 4.31208973e-07 -3.44898432e-05  4.31208973e-07 -1.86499851e-04 
 4.31258973e-07  3.23991437e-05  4.31258973e-07  1.81781868e-04 
 4.31308973e-07 -3.00634580e-05  4.31308973e-07 -1.76357703e-04 
 4.31358973e-07  2.80794048e-05  4.31358973e-07  1.71328636e-04 
 4.31408973e-07 -2.58960983e-05  4.31408973e-07 -1.65782320e-04 
 4.31458973e-07  2.40783803e-05  4.31458973e-07  1.60611702e-04 
 4.31508973e-07 -2.20841326e-05  4.31508973e-07 -1.55129864e-04 
 4.31558973e-07  2.04584043e-05  4.31558973e-07  1.50009400e-04 
 4.31608973e-07 -1.86647460e-05  4.31608973e-07 -1.44699632e-04 
 4.31658973e-07  1.72351680e-05  4.31658973e-07  1.39738156e-04 
 4.31708973e-07 -1.56385351e-05  4.31708973e-07 -1.34669844e-04 
 4.31758973e-07  1.43976906e-05  4.31758973e-07  1.29933532e-04 
 4.31808973e-07 -1.29863766e-05  4.31808973e-07 -1.25145768e-04 
 4.31858973e-07  1.19207887e-05  4.31858973e-07  1.20671126e-04 
 4.31908973e-07 -1.06791181e-05  4.31908973e-07 -1.16181470e-04 
 4.31958973e-07  9.77258905e-06  4.31958973e-07  1.11984507e-04 
 4.32008973e-07 -8.68342693e-06  4.32008973e-07 -1.07795736e-04 
 4.32058973e-07  7.91902542e-06  4.32058973e-07  1.03878628e-04 
 4.32108973e-07 -6.96524871e-06  4.32108973e-07 -9.99837272e-05 
 4.32158973e-07  6.32645427e-06  4.32158973e-07  9.63396276e-05 
 4.32208973e-07 -5.49177508e-06  4.32208973e-07 -9.27254343e-05 
 4.32258973e-07  4.96310005e-06  4.32258973e-07  8.93418982e-05 
 4.32308973e-07 -4.23248931e-06  4.32308973e-07 -8.59916912e-05 
 4.32358973e-07  3.79977926e-06  4.32358973e-07  8.28530859e-05 
 4.32408973e-07 -3.15964551e-06  4.32408973e-07 -7.97483994e-05 
 4.32458973e-07  2.81018483e-06  4.32458973e-07  7.68375669e-05 
 4.32508973e-07 -2.24840672e-06  4.32508973e-07 -7.39594251e-05 
 4.32558973e-07  1.97090946e-06  4.32558973e-07  7.12588038e-05 
 4.32608973e-07 -1.47678399e-06  4.32608973e-07 -6.85885355e-05 
 4.32658973e-07  1.26132032e-06  4.32658973e-07  6.60808929e-05 
 4.32708973e-07 -8.25465636e-07  4.32708973e-07 -6.36006437e-05 
 4.32758973e-07  6.63354984e-07  4.32758973e-07  6.12695325e-05 
 4.32808973e-07 -2.77591942e-07  4.32808973e-07 -5.89625640e-05 
 4.32858973e-07  1.61282639e-07  4.32858973e-07  5.67925848e-05 
 4.32908973e-07  1.81489975e-07  4.32908973e-07 -5.46434255e-05 
 4.32958973e-07 -2.58543380e-07  4.32958973e-07  5.26203559e-05 
 4.33008973e-07  5.64471567e-07  4.33008973e-07 -5.06148521e-05 
 4.33058973e-07 -6.07926281e-07  4.33058973e-07  4.87256867e-05 
 4.33108973e-07  8.82316369e-07  4.33108973e-07 -4.68509877e-05 
 4.33158973e-07 -8.97051112e-07  4.33158973e-07  4.50839190e-05 
 4.33208973e-07  1.14447585e-06  4.33208973e-07 -4.33284202e-05 
 4.33258973e-07 -1.13469066e-06  4.33258973e-07  4.16727841e-05 
 4.33308973e-07  1.35908477e-06  4.33308973e-07 -4.00260468e-05 
 4.33358973e-07 -1.32839062e-06  4.33358973e-07  3.84722463e-05 
 4.33408973e-07  1.53313586e-06  4.33408973e-07 -3.69249049e-05 
 4.33458973e-07 -1.48463374e-06  4.33458973e-07  3.54643240e-05 
 4.33508973e-07  1.67263393e-06  4.33508973e-07 -3.40079887e-05 
 4.33558973e-07 -1.60898454e-06  4.33558973e-07  3.26329030e-05 
 4.33608973e-07  1.78273117e-06  4.33608973e-07 -3.12600639e-05 
 4.33658973e-07 -1.70621574e-06  4.33658973e-07  2.99635520e-05 
 4.33708973e-07  1.86784525e-06  4.33708973e-07 -2.86674875e-05 
 4.33758973e-07 -1.78041852e-06  4.33758973e-07  2.74433476e-05 
 4.33808973e-07  1.93176194e-06  4.33808973e-07 -2.62180384e-05 
 4.33858973e-07 -1.83509786e-06  4.33858973e-07  2.50607096e-05 
 4.33908973e-07  1.97772367e-06  4.33908973e-07 -2.39007602e-05 
 4.33958973e-07 -1.87325510e-06  4.33958973e-07  2.28052512e-05 
 4.34008973e-07  2.00850638e-06  4.34008973e-07 -2.17058189e-05 
 4.34058973e-07 -1.89745924e-06  4.34058973e-07  2.06676433e-05 
 4.34108973e-07  2.02648569e-06  4.34108973e-07 -1.96243742e-05 
 4.34158973e-07 -1.90990840e-06  4.34158973e-07  1.86394920e-05 
 4.34208973e-07  2.03369365e-06  4.34208973e-07 -1.76484644e-05 
 4.34258973e-07 -1.91248233e-06  4.34258973e-07  1.67132311e-05 
 4.34308973e-07  2.03186777e-06  4.34308973e-07 -1.57709051e-05 
 4.34358973e-07 -1.90678809e-06  4.34358973e-07  1.48820253e-05 
 4.34408973e-07  2.02249305e-06  4.34408973e-07 -1.39851982e-05 
 4.34458973e-07 -1.89419883e-06  4.34458973e-07  1.31396859e-05 
 4.34508973e-07  2.00683808e-06  4.34508973e-07 -1.22854534e-05 
 4.34558973e-07 -1.87588736e-06  4.34558973e-07  1.14805960e-05 
 4.34608973e-07  1.98598594e-06  4.34608973e-07 -1.06663183e-05 
 4.34658973e-07 -1.85285459e-06  4.34658973e-07  9.89964571e-06 
 4.34708973e-07  1.96086080e-06  4.34708973e-07 -9.12291686e-06 
 4.34758973e-07 -1.82595448e-06  4.34758973e-07  8.39217455e-06 
 4.34808973e-07  1.93225073e-06  4.34808973e-07 -7.65079669e-06 
 4.34858973e-07 -1.79591485e-06  4.34858973e-07  6.95392134e-06 
 4.34908973e-07  1.90082719e-06  4.34908973e-07 -6.24588158e-06 
 4.34958973e-07 -1.76335560e-06  4.34958973e-07  5.58098051e-06 
 4.35008973e-07  1.86716174e-06  4.35008973e-07 -4.90443082e-06 
 4.35058973e-07 -1.72880420e-06  4.35058973e-07  4.26976346e-06 
 4.35108973e-07  1.83174045e-06  4.35108973e-07 -3.62300312e-06 
 4.35158973e-07 -1.69270880e-06  4.35158973e-07  3.01696511e-06 
 4.35208973e-07  1.79497606e-06  4.35208973e-07 -2.39842526e-06 
 4.35258973e-07 -1.65544996e-06  4.35258973e-07  1.81953431e-06 
 4.35308973e-07  1.75721869e-06  4.35308973e-07 -1.22776437e-06 
 4.35358973e-07 -1.61735006e-06  4.35358973e-07  6.74647863e-07 
 4.35408973e-07  1.71876478e-06  4.35408973e-07 -1.08303678e-07 
 4.35458973e-07 -1.57868183e-06  4.35458973e-07 -4.20312158e-07 
 4.35508973e-07  1.67986476e-06  4.35508973e-07  9.62478806e-07 
 4.35558973e-07 -1.53967553e-06  4.35558973e-07 -1.46777853e-06 
 4.35608973e-07  1.64072985e-06  4.35608973e-07  1.98692921e-06 
 4.35658973e-07 -1.50052499e-06  4.35658973e-07 -2.47001661e-06 
 4.35708973e-07  1.60153752e-06  4.35708973e-07  2.96723432e-06 
 4.35758973e-07 -1.46139293e-06  4.35758973e-07 -3.42913997e-06 
 4.35808973e-07  1.56243664e-06  4.35808973e-07  3.90543642e-06 
 4.35858973e-07 -1.42241553e-06  4.35858973e-07 -4.34712424e-06 
 4.35908973e-07  1.52355129e-06  4.35908973e-07  4.80344629e-06 
 4.35958973e-07 -1.38370611e-06  4.35958973e-07 -5.22581950e-06 
 4.36008973e-07  1.48498471e-06  4.36008973e-07  5.66305479e-06 
 4.36058973e-07 -1.34535865e-06  4.36058973e-07 -6.06696118e-06 
 4.36108973e-07  1.44682210e-06  4.36108973e-07  6.48594327e-06 
 4.36158973e-07 -1.30745055e-06  4.36158973e-07 -6.87217984e-06 
 4.36208973e-07  1.40913343e-06  4.36208973e-07  7.27369275e-06 
 4.36258973e-07 -1.27004504e-06  4.36258973e-07 -7.64300994e-06 
 4.36308973e-07  1.37197554e-06  4.36308973e-07  8.02779214e-06 
 4.36358973e-07 -1.23319324e-06  4.36358973e-07 -8.38089759e-06 
 4.36408973e-07  1.33539411e-06  4.36408973e-07  8.74964580e-06 
 4.36458973e-07 -1.19693599e-06  4.36458973e-07 -9.08720772e-06 
 4.36508973e-07  1.29942543e-06  4.36508973e-07  9.44058000e-06 
 4.36558973e-07 -1.16130547e-06  4.36558973e-07 -9.76323021e-06 
 4.36608973e-07  1.26409765e-06  4.36608973e-07  1.01018491e-05 
 4.36658973e-07 -1.12632631e-06  4.36658973e-07 -1.04101857e-05 
 4.36708973e-07  1.22943210e-06  4.36708973e-07  1.07346407e-05 
 4.36758973e-07 -1.09201690e-06  4.36758973e-07 -1.10292309e-05 
 4.36808973e-07  1.19544431e-06  4.36808973e-07  1.13400810e-05 
 4.36858973e-07 -1.05839024e-06  4.36858973e-07 -1.16214627e-05 
 4.36908973e-07  1.16214491e-06  4.36908973e-07  1.19192387e-05 
 4.36958973e-07 -1.02545487e-06  4.36958973e-07 -1.21879233e-05 
 4.37008973e-07  1.12954033e-06  4.37008973e-07  1.24731293e-05 
 4.37058973e-07 -9.93215409e-07  4.37058973e-07 -1.27296030e-05 
 4.37108973e-07  1.09763350e-06  4.37108973e-07  1.30027189e-05 
 4.37158973e-07 -9.61673332e-07  4.37158973e-07 -1.32474447e-05 
 4.37208973e-07  1.06642448e-06  4.37208973e-07  1.35089274e-05 
 4.37258973e-07 -9.30827456e-07  4.37258973e-07 -1.37423462e-05 
 4.37308973e-07  1.03591082e-06  4.37308973e-07  1.39926312e-05 
 4.37358973e-07 -9.00674255e-07  4.37358973e-07 -1.42151639e-05 
 4.37408973e-07  1.00608797e-06  4.37408973e-07  1.44546667e-05 
 4.37458973e-07 -8.71208360e-07  4.37458973e-07 -1.46667150e-05 
 4.37508973e-07  9.76949769e-07  4.37508973e-07  1.48958323e-05 
 4.37558973e-07 -8.42422897e-07  4.37558973e-07 -1.50977801e-05 
 4.37608973e-07  9.48488617e-07  4.37608973e-07  1.53168910e-05 
 4.37658973e-07 -8.14309699e-07  4.37658973e-07 -1.55091052e-05 
 4.37708973e-07  9.20695757e-07  4.37708973e-07  1.57185725e-05 
 4.37758973e-07 -7.86859541e-07  4.37758973e-07 -1.59014044e-05 
 4.37808973e-07  8.93561510e-07  4.37808973e-07  1.61015751e-05 
 4.37858973e-07 -7.60062387e-07  4.37858973e-07 -1.62753610e-05 
 4.37908973e-07  8.67075467e-07  4.37908973e-07  1.64665677e-05 
 4.37958973e-07 -7.33907562e-07  4.37958973e-07 -1.66316300e-05 
 4.38008973e-07  8.41226637e-07  4.38008973e-07  1.68141913e-05 
 4.38058973e-07 -7.08383808e-07  4.38058973e-07 -1.69708392e-05 
 4.38108973e-07  8.16003555e-07  4.38108973e-07  1.71450608e-05 
 4.38158973e-07 -6.83479546e-07  4.38158973e-07 -1.72935910e-05 
 4.38208973e-07  7.91394445e-07  4.38208973e-07  1.74597662e-05 
 4.38258973e-07 -6.59182817e-07  4.38258973e-07 -1.76004634e-05 
 4.38308973e-07  7.67387203e-07  4.38308973e-07  1.77588741e-05 
 4.38358973e-07 -6.35481601e-07  4.38358973e-07 -1.78920120e-05 
 4.38408973e-07  7.43969769e-07  4.38408973e-07  1.80429288e-05 
 4.38458973e-07 -6.12363634e-07  4.38458973e-07 -1.81687705e-05 
 4.38508973e-07  7.21129801e-07  4.38508973e-07  1.83124537e-05 
 4.38558973e-07 -5.89816690e-07  4.38558973e-07 -1.84312522e-05 
 4.38608973e-07  6.98855017e-07  4.38608973e-07  1.85679521e-05 
 4.38658973e-07 -5.67828438e-07  4.38658973e-07 -1.86799508e-05 
 4.38708973e-07  6.77133128e-07  4.38708973e-07  1.88099084e-05 
 4.38758973e-07 -5.46386690e-07  4.38758973e-07 -1.89153417e-05 
 4.38808973e-07  6.55951947e-07  4.38808973e-07  1.90387889e-05 
 4.38858973e-07 -5.25479228e-07  4.38858973e-07 -1.91378825e-05 
 4.38908973e-07  6.35299304e-07  4.38908973e-07  1.92550427e-05 
 4.38958973e-07 -5.05094066e-07  4.38958973e-07 -1.93480142e-05 
 4.39008973e-07  6.15163241e-07  4.39008973e-07  1.94591029e-05 
 4.39058973e-07 -4.85219242e-07  4.39058973e-07 -1.95461619e-05 
 4.39108973e-07  5.95531889e-07  4.39108973e-07  1.96513864e-05 
 4.39158973e-07 -4.65843014e-07  4.39158973e-07 -1.97327352e-05 
 4.39208973e-07  5.76393571e-07  4.39208973e-07  1.98322959e-05 
 4.39258973e-07 -4.46953789e-07  4.39258973e-07 -1.99081293e-05 
 4.39308973e-07  5.57736742e-07  4.39308973e-07  2.00022193e-05 
 4.39358973e-07 -4.28540147e-07  4.39358973e-07 -2.00727257e-05 
 4.39408973e-07  5.39550111e-07  4.39408973e-07  2.01615314e-05 
 4.39458973e-07 -4.10590901e-07  4.39458973e-07 -2.02268924e-05 
 4.39508973e-07  5.21822566e-07  4.39508973e-07  2.03105937e-05 
 4.39558973e-07 -3.93095064e-07  4.39558973e-07 -2.03709848e-05 
 4.39608973e-07  5.04543200e-07  4.39608973e-07  2.04497555e-05 
 4.39658973e-07 -3.76041803e-07  4.39658973e-07 -2.05053461e-05 
 4.39708973e-07  4.87701308e-07  4.39708973e-07  2.05793541e-05 
 4.39758973e-07 -3.59420573e-07  4.39758973e-07 -2.06303080e-05 
 4.39808973e-07  4.71286416e-07  4.39808973e-07  2.06997154e-05 
 4.39858973e-07 -3.43220961e-07  4.39858973e-07 -2.07461908e-05 
 4.39908973e-07  4.55288214e-07  4.39908973e-07  2.08111544e-05 
 4.39954486e-07 -3.26664971e-07  4.39954486e-07 -2.08583642e-05 
 4.40000000e-07  4.38181818e-07  4.40000000e-07  2.09236609e-05 
 4.40005000e-07  1.31020414e-05  4.40005000e-07  1.78682102e-04 
 4.40015000e-07 -5.59903641e-06  4.40015000e-07  2.57107075e-06 
 4.40035000e-07 -6.42643672e-06  4.40035000e-07 -5.70992108e-05 
 4.40075000e-07  5.96415331e-06  4.40075000e-07 -5.26450688e-05 
 4.40125000e-07 -3.09461579e-05  4.40125000e-07 -1.21321443e-04 
 4.40162500e-07 -6.30807732e-05  4.40162500e-07 -3.03840862e-04 
 4.40200000e-07  4.54558906e-04  4.40200000e-07  2.46094524e-04 
 4.40205000e-07  2.85129755e-04  4.40205000e-07  1.26143143e-04 
 4.40215000e-07 -2.43907613e-04  4.40215000e-07  3.42095168e-04 
 4.40235000e-07 -3.02370644e-04  4.40235000e-07  8.42561775e-04 
 4.40275000e-07  1.91649367e-04  4.40275000e-07  1.14081533e-03 
 4.40317479e-07 -1.14185729e-04  4.40317479e-07 -1.88188594e-03 
 4.40362353e-07  7.72104286e-05  4.40362353e-07  4.14494883e-04 
 4.40412353e-07 -5.79463182e-05  4.40412353e-07 -2.11211409e-04 
 4.40462353e-07  4.55963591e-05  4.40462353e-07  2.51310218e-04 
 4.40512353e-07 -3.67370881e-05  4.40512353e-07 -1.34115523e-04 
 4.40562353e-07  3.04554523e-05  4.40562353e-07  8.19080959e-05 
 4.40612353e-07 -2.54754314e-05  4.40612353e-07 -2.86267109e-05 
 4.40662353e-07  2.18263126e-05  4.40662353e-07 -9.64291030e-06 
 4.40712353e-07 -1.87245969e-05  4.40712353e-07  4.00387534e-05 
 4.40762353e-07  1.64410975e-05  4.40762353e-07 -6.30120059e-05 
 4.40812353e-07 -1.43629628e-05  4.40812353e-07  8.04029686e-05 
 4.40862353e-07  1.28550946e-05  4.40862353e-07 -9.32253900e-05 
 4.40912353e-07 -1.13689063e-05  4.40912353e-07  1.02492159e-04 
 4.40962353e-07  1.03218824e-05  4.40962353e-07 -1.08858779e-04 
 4.41012353e-07 -9.19639352e-06  4.41012353e-07  1.12999686e-04 
 4.41062353e-07  8.43700539e-06  4.41062353e-07 -1.15309022e-04 
 4.41112353e-07 -7.54273574e-06  4.41112353e-07  1.16250301e-04 
 4.41162353e-07  6.97261408e-06  4.41162353e-07 -1.16053748e-04 
 4.41212353e-07 -6.23476902e-06  4.41212353e-07  1.15044677e-04 
 4.41262353e-07  5.79615011e-06  4.41262353e-07 -1.13349410e-04 
 4.41312353e-07 -5.16994229e-06  4.41312353e-07  1.11201012e-04 
 4.41362353e-07  4.82753875e-06  4.41362353e-07 -1.08659504e-04 
 4.41412353e-07 -4.28497821e-06  4.41412353e-07  1.05895667e-04 
 4.41462353e-07  4.01621804e-06  4.41462353e-07 -1.02927228e-04 
 4.41512353e-07 -3.53894386e-06  4.41512353e-07  9.98826055e-05 
 4.41562353e-07  3.32864316e-06  4.41562353e-07 -9.67527331e-05 
 4.41612353e-07 -2.90397985e-06  4.41612353e-07  9.36370797e-05 
 4.41662353e-07  2.74139128e-06  4.41662353e-07 -9.05098513e-05 
 4.41712353e-07 -2.36014411e-06  4.41712353e-07  8.74506707e-05 
 4.41762353e-07  2.23729176e-06  4.41762353e-07 -8.44235628e-05 
 4.41812353e-07 -1.89248867e-06  4.41812353e-07  8.14945208e-05 
 4.41862353e-07  1.80320691e-06  4.41862353e-07 -7.86216292e-05 
 4.41912353e-07 -1.48936283e-06  4.41912353e-07  7.58615147e-05 
 4.41956176e-07  1.40432702e-06  4.41956176e-07 -7.27988430e-05 
 4.42000000e-07 -1.09628382e-06  4.42000000e-07  6.98823952e-05 
 4.42005000e-07 -2.61128966e-07  4.42005000e-07  6.03277525e-06 
 4.42015000e-07  2.45817108e-07  4.42015000e-07 -5.39387593e-06 
 4.42035000e-07 -7.79090541e-08  4.42035000e-07  4.85763003e-06 
 4.42075000e-07  1.83767449e-07  4.42075000e-07 -4.50572926e-06 
 4.42125000e-07 -5.85039202e-08  4.42125000e-07  4.27798481e-06 
 4.42162500e-07  1.72514482e-07  4.42162500e-07 -4.03506265e-06 
 4.42200000e-07  1.50648327e-07  4.42200000e-07  3.93141225e-06 
 4.42205000e-07  2.55660172e-08  4.42205000e-07  1.43272573e-06 
 4.42215000e-07 -1.13206142e-06  4.42215000e-07 -4.19618818e-07 
 4.42235000e-07 -2.63029840e-07  4.42235000e-07 -2.77181669e-07 
 4.42275000e-07  2.22563406e-06  4.42275000e-07  9.53483266e-07 
 4.42317182e-07 -3.43114314e-06  4.42317182e-07 -4.96573484e-06 
 4.42363266e-07  3.90455914e-06  4.42363266e-07  8.78607806e-06 
 4.42413266e-07 -3.54239913e-06  4.42413266e-07 -7.96872358e-06 
 4.42463266e-07  3.15803323e-06  4.42463266e-07  5.00184987e-06 
 4.42513266e-07 -2.46070521e-06  4.42513266e-07 -3.10766303e-06 
 4.42563266e-07  2.03031304e-06  4.42563266e-07  2.14635910e-06 
 4.42613266e-07 -1.43062312e-06  4.42613266e-07 -1.41847875e-06 
 4.42663266e-07  1.15175632e-06  4.42663266e-07  8.66766045e-07 
 4.42713266e-07 -7.10468648e-07  4.42713266e-07 -3.90639240e-07 
 4.42763266e-07  5.75643391e-07  4.42763266e-07  1.07422071e-08 
 4.42813266e-07 -2.56845647e-07  4.42813266e-07  3.21550462e-07 
 4.42863266e-07  2.22327595e-07  4.42863266e-07 -5.77618176e-07 
 4.42913266e-07  1.60903124e-08  4.42913266e-07  8.02389729e-07 
 4.42963266e-07  1.30049245e-08  4.42963266e-07 -9.65679868e-07 
 4.43013266e-07  1.75458332e-07  4.43013266e-07  1.11100768e-06 
 4.43063266e-07 -1.07292391e-07  4.43063266e-07 -1.20680664e-06 
 4.43113266e-07  2.65273039e-07  4.43113266e-07  1.29523690e-06 
 4.43163266e-07 -1.73353338e-07  4.43163266e-07 -1.34339199e-06 
 4.43213266e-07  3.12837695e-07  4.43213266e-07  1.39220319e-06 
 4.43263266e-07 -2.06524394e-07  4.43263266e-07 -1.40764033e-06 
 4.43313266e-07  3.34816465e-07  4.43313266e-07  1.42963152e-06 
 4.43363266e-07 -2.19812365e-07  4.43363266e-07 -1.42325670e-06 
 4.43413266e-07  3.41370120e-07  4.43413266e-07  1.42766459e-06 
 4.43463266e-07 -2.21165927e-07  4.43463266e-07 -1.40725711e-06 
 4.43513266e-07  3.38728134e-07  4.43513266e-07  1.40059726e-06 
 4.43563266e-07 -2.15476916e-07  4.43563266e-07 -1.37158509e-06 
 4.43613266e-07  3.30739545e-07  4.43613266e-07  1.35835490e-06 
 4.43663266e-07 -2.05779375e-07  4.43663266e-07 -1.32444383e-06 
 4.43713266e-07  3.19799765e-07  4.43713266e-07  1.30767911e-06 
 4.43763266e-07 -1.93966788e-07  4.43763266e-07 -1.27134085e-06 
 4.43813266e-07  3.07406316e-07  4.43813266e-07  1.25304065e-06 
 4.43863266e-07 -1.81223355e-07  4.43863266e-07 -1.21588008e-06 
 4.43913266e-07  2.94494682e-07  4.43913266e-07  1.19732206e-06 
 4.43963266e-07 -1.68286391e-07  4.43963266e-07 -1.16034643e-06 
 4.44013266e-07  2.81643843e-07  4.44013266e-07  1.14231563e-06 
 4.44063266e-07 -1.55608048e-07  4.44063266e-07 -1.10612826e-06 
 4.44113266e-07  2.69204015e-07  4.44113266e-07  1.08908013e-06 
 4.44163266e-07 -1.43456506e-07  4.44163266e-07 -1.05401675e-06 
 4.44213266e-07  2.57377223e-07  4.44213266e-07  1.03819093e-06 
 4.44263266e-07 -1.31980436e-07  4.44263266e-07 -1.00441453e-06 
 4.44313266e-07  2.46269228e-07  4.44313266e-07  9.89913302e-07 
 4.44363266e-07 -1.21250995e-07  4.44363266e-07 -9.57478526e-07 
 4.44413266e-07  2.35923260e-07  4.44413266e-07  9.44319617e-07 
 4.44463266e-07 -1.11289076e-07  4.44463266e-07 -9.13215878e-07 
 4.44513266e-07  2.26342401e-07  4.44513266e-07  9.01367479e-07 
 4.44563266e-07 -1.02083612e-07  4.44563266e-07 -8.71547305e-07 
 4.44613266e-07  2.17504506e-07  4.44613266e-07  8.60950711e-07 
 4.44663266e-07 -9.36038591e-08  4.44663266e-07 -8.32347716e-07 
 4.44713266e-07  2.09372235e-07  4.44713266e-07  8.22931646e-07 
 4.44763266e-07 -8.58075571e-08  4.44763266e-07 -7.95471743e-07 
 4.44813266e-07  2.01899756e-07  4.44813266e-07  7.87160952e-07 
 4.44863266e-07 -7.86464812e-08  4.44863266e-07 -7.60768972e-07 
 4.44913266e-07  1.95037467e-07  4.44913266e-07  7.53489295e-07 
 4.44963266e-07 -7.20702867e-08  4.44963266e-07 -7.28092668e-07 
 4.45013266e-07  1.88734763e-07  4.45013266e-07  7.21773614e-07 
 4.45063266e-07 -6.60287116e-08  4.45063266e-07 -6.97304250e-07 
 4.45113266e-07  1.82942121e-07  4.45113266e-07  6.91880262e-07 
 4.45163266e-07 -6.04731616e-08  4.45163266e-07 -6.68275178e-07 
 4.45213266e-07  1.77612221e-07  4.45213266e-07  6.63685919e-07 
 4.45263266e-07 -5.53578521e-08  4.45263266e-07 -6.40887401e-07 
 4.45313266e-07  1.72700826e-07  4.45313266e-07  6.37077662e-07 
 4.45363266e-07 -5.06401359e-08  4.45363266e-07 -6.15032853e-07 
 4.45413266e-07  1.68166927e-07  4.45413266e-07  6.11952130e-07 
 4.45463266e-07 -4.62806927e-08  4.45463266e-07 -5.90612754e-07 
 4.45513266e-07  1.63973012e-07  4.45513266e-07  5.88214770e-07 
 4.45563266e-07 -4.22437620e-08  4.45563266e-07 -5.67536470e-07 
 4.45613266e-07  1.60084916e-07  4.45613266e-07  5.65778728e-07 
 4.45663266e-07 -3.84968119e-08  4.45663266e-07 -5.45720717e-07 
 4.45713266e-07  1.56471844e-07  4.45713266e-07  5.44564004e-07 
 4.45763266e-07 -3.50107012e-08  4.45763266e-07 -5.25088532e-07 
 4.45813266e-07  1.53106106e-07  4.45813266e-07  5.24496531e-07 
 4.45863266e-07 -3.17591453e-08  4.45863266e-07 -5.05568599e-07 
 4.45913266e-07  1.49962859e-07  4.45913266e-07  5.05507538e-07 
 4.45963266e-07 -2.87186741e-08  4.45963266e-07 -4.87094540e-07 
 4.46013266e-07  1.47019948e-07  4.46013266e-07  4.87532898e-07 
 4.46063266e-07 -2.58683480e-08  4.46063266e-07 -4.69604376e-07 
 4.46113266e-07  1.44257522e-07  4.46113266e-07  4.70512687e-07 
 4.46163266e-07 -2.31894997e-08  4.46163266e-07 -4.53040073e-07 
 4.46213266e-07  1.41658091e-07  4.46213266e-07  4.54390661e-07 
 4.46263266e-07 -2.06655403e-08  4.46263266e-07 -4.37347147e-07 
 4.46313266e-07  1.39205934e-07  4.46313266e-07  4.39114048e-07 
 4.46363266e-07 -1.82817248e-08  4.46363266e-07 -4.22474455e-07 
 4.46413266e-07  1.36887180e-07  4.46413266e-07  4.24633221e-07 
 4.46463266e-07 -1.60249911e-08  4.46463266e-07 -4.08373849e-07 
 4.46513266e-07  1.34689566e-07  4.46513266e-07  4.10901480e-07 
 4.46563266e-07 -1.38837065e-08  4.46563266e-07 -3.94999954e-07 
 4.46613266e-07  1.32602046e-07  4.46613266e-07  3.97874760e-07 
 4.46663266e-07 -1.18475590e-08  4.46663266e-07 -3.82310077e-07 
 4.46713266e-07  1.30614951e-07  4.46713266e-07  3.85511682e-07 
 4.46763266e-07 -9.90738299e-09  4.46763266e-07 -3.70264030e-07 
 4.46813266e-07  1.28719678e-07  4.46813266e-07  3.73773151e-07 
 4.46863266e-07 -8.05509631e-09  4.46863266e-07 -3.58823856e-07 
 4.46913266e-07  1.26908562e-07  4.46913266e-07  3.62622433e-07 
 4.46963266e-07 -6.28343530e-09  4.46963266e-07 -3.47953928e-07 
 4.47013266e-07  1.25174771e-07  4.47013266e-07  3.52024912e-07 
 4.47063266e-07 -4.58603679e-09  4.47063266e-07 -3.37620679e-07 
 4.47113266e-07  1.23512316e-07  4.47113266e-07  3.41948000e-07 
 4.47163266e-07 -2.95716260e-09  4.47163266e-07 -3.27792462e-07 
 4.47213266e-07  1.21915768e-07  4.47213266e-07  3.32361048e-07 
 4.47263266e-07 -1.39172948e-09  4.47263266e-07 -3.18439582e-07 
 4.47313266e-07  1.20380292e-07  4.47313266e-07  3.23235258e-07 
 4.47363266e-07  1.14837813e-10  4.47363266e-07 -3.09534111e-07 
 4.47413266e-07  1.18901634e-07  4.47413266e-07  3.14543535e-07 
 4.47463266e-07  1.56654958e-09  4.47463266e-07 -3.01049780e-07 
 4.47513266e-07  1.17475950e-07  4.47513266e-07  3.06260423e-07 
 4.47563266e-07  2.96705570e-09  4.47563266e-07 -2.92961930e-07 
 4.47613266e-07  1.16099806e-07  4.47613266e-07  2.98362063e-07 
 4.47663266e-07  4.31962365e-09  4.47663266e-07 -2.85247420e-07 
 4.47713266e-07  1.14770100e-07  4.47713266e-07  2.90825961e-07 
 4.47763266e-07  5.62714768e-09  4.47763266e-07 -2.77884505e-07 
 4.47813266e-07  1.13484067e-07  4.47813266e-07  2.83631100e-07 
 4.47863266e-07  6.89230418e-09  4.47863266e-07 -2.70852761e-07 
 4.47913266e-07  1.12239208e-07  4.47913266e-07  2.76757704e-07 
 4.47963266e-07  8.11743166e-09  4.47963266e-07 -2.64133060e-07 
 4.48013266e-07  1.11033276e-07  4.48013266e-07  2.70187217e-07 
 4.48063266e-07  9.30466874e-09  4.48063266e-07 -2.57707458e-07 
 4.48113266e-07  1.09864233e-07  4.48113266e-07  2.63902273e-07 
 4.48163266e-07  1.04560009e-08  4.48163266e-07 -2.51559093e-07 
 4.48213266e-07  1.08730188e-07  4.48213266e-07  2.57886545e-07 
 4.48263266e-07  1.15731702e-08  4.48263266e-07 -2.45672164e-07 
 4.48313266e-07  1.07629469e-07  4.48313266e-07  2.52124696e-07 
 4.48363266e-07  1.26578289e-08  4.48363266e-07 -2.40031836e-07 
 4.48413266e-07  1.06560517e-07  4.48413266e-07  2.46602414e-07 
 4.48463266e-07  1.37114052e-08  4.48463266e-07 -2.34624252e-07 
 4.48513266e-07  1.05521958e-07  4.48513266e-07  2.41306263e-07 
 4.48563266e-07  1.47352982e-08  4.48563266e-07 -2.29436329e-07 
 4.48613266e-07  1.04512431e-07  4.48613266e-07  2.36223531e-07 
 4.48663266e-07  1.57307358e-08  4.48663266e-07 -2.24455861e-07 
 4.48713266e-07  1.03530799e-07  4.48713266e-07  2.31342432e-07 
 4.48763266e-07  1.66988387e-08  4.48763266e-07 -2.19671348e-07 
 4.48813266e-07  1.02575950e-07  4.48813266e-07  2.26651837e-07 
 4.48863266e-07  1.76406949e-08  4.48863266e-07 -2.15072062e-07 
 4.48913266e-07  1.01646840e-07  4.48913266e-07  2.22141297e-07 
 4.48963266e-07  1.85572988e-08  4.48963266e-07 -2.10647842e-07 
 4.49013266e-07  1.00742523e-07  4.49013266e-07  2.17801047e-07 
 4.49063266e-07  1.94495366e-08  4.49063266e-07 -2.06389241e-07 
 4.49113266e-07  9.98621337e-08  4.49113266e-07  2.13621861e-07 
 4.49163266e-07  2.03182718e-08  4.49163266e-07 -2.02287336e-07 
 4.49213266e-07  9.90048498e-08  4.49213266e-07  2.09595143e-07 
 4.49263266e-07  2.11643136e-08  4.49263266e-07 -1.98333774e-07 
 4.49313266e-07  9.81698814e-08  4.49313266e-07  2.05712769e-07 
 4.49363266e-07  2.19883839e-08  4.49363266e-07 -1.94520682e-07 
 4.49413266e-07  9.73565252e-08  4.49413266e-07  2.01967120e-07 
 4.49463266e-07  2.27912228e-08  4.49463266e-07 -1.90840699e-07 
 4.49513266e-07  9.65640433e-08  4.49513266e-07  1.98351065e-07 
 4.49563266e-07  2.35734739e-08  4.49563266e-07 -1.87286888e-07 
 4.49613266e-07  9.57918440e-08  4.49613266e-07  1.94857857e-07 
 4.49663266e-07  2.43357922e-08  4.49663266e-07 -1.83852695e-07 
 4.49713266e-07  9.50392703e-08  4.49713266e-07  1.91481161e-07 
 4.49763266e-07  2.50787543e-08  4.49763266e-07 -1.80532032e-07 
 4.49813266e-07  9.43057732e-08  4.49813266e-07  1.88215069e-07 
 4.49863266e-07  2.58029205e-08  4.49863266e-07 -1.77319104e-07 
 4.49913266e-07  9.35907989e-08  4.49913266e-07  1.85053967e-07 
 4.49956633e-07  2.65621043e-08  4.49956633e-07 -1.73974659e-07 
 4.50000000e-07  9.27887436e-08  4.50000000e-07  1.81532773e-07 
 4.50005000e-07 -6.87520043e-06  4.50005000e-07 -6.17945161e-05 
 4.50015000e-07  6.57674889e-06  4.50015000e-07  1.70926899e-05 
 4.50035000e-07  3.08587822e-07  4.50035000e-07  1.49627559e-05 
 4.50075000e-07 -2.07550187e-06  4.50075000e-07  9.23621606e-06 
 4.50125000e-07  1.67908660e-05  4.50125000e-07  1.21117485e-04 
 4.50162500e-07  5.24842712e-06  4.50162500e-07  1.16021725e-04 
 4.50200000e-07 -2.33644366e-04  4.50200000e-07 -1.23947681e-04 
 4.50205000e-07 -2.23931400e-04  4.50205000e-07 -3.18497768e-04 
 4.50215000e-07  6.02552402e-05  4.50215000e-07 -6.72896732e-04 
 4.50235000e-07  4.17041215e-04  4.50235000e-07 -9.31781772e-04 
 4.50271744e-07 -2.91599900e-04  4.50271744e-07  4.41396075e-06 
 4.50313399e-07  1.60857110e-04  4.50313399e-07  9.29370364e-04 
 4.50358179e-07 -7.97631391e-05  4.50358179e-07  2.37419637e-05 
 4.50408179e-07  3.35240915e-05  4.50408179e-07 -1.81524340e-04 
 4.50458179e-07 -2.40421247e-06  4.50458179e-07  5.40222530e-05 
 4.50508179e-07 -1.83791029e-05  4.50508179e-07 -1.17728752e-04 
 4.50558179e-07  3.25496559e-05  4.50558179e-07  1.22988372e-04 
 4.50608179e-07 -4.17275182e-05  4.50608179e-07 -1.44238949e-04 
 4.50658179e-07  4.76896959e-05  4.50658179e-07  1.56555406e-04 
 4.50708179e-07 -5.09394965e-05  4.50708179e-07 -1.67580350e-04 
 4.50758179e-07  5.26006588e-05  4.50758179e-07  1.75365383e-04 
 4.50808179e-07 -5.26708916e-05  4.50808179e-07 -1.80912100e-04 
 4.50858179e-07  5.20510687e-05  4.50858179e-07  1.84468047e-04 
 4.50908179e-07 -5.04901753e-05  4.50908179e-07 -1.86295388e-04 
 4.50958179e-07  4.87009409e-05  4.50958179e-07  1.86723656e-04 
 4.51008179e-07 -4.63580953e-05  4.51008179e-07 -1.85966955e-04 
 4.51058179e-07  4.40603535e-05  4.51058179e-07  1.84286914e-04 
 4.51108179e-07 -4.14197978e-05  4.51108179e-07 -1.81773609e-04 
 4.51158179e-07  3.89787380e-05  4.51158179e-07  1.78686956e-04 
 4.51208179e-07 -3.63149014e-05  4.51208179e-07 -1.75060677e-04 
 4.51258179e-07  3.39344854e-05  4.51258179e-07  1.71100418e-04 
 4.51308179e-07 -3.13942198e-05  4.51308179e-07 -1.66813958e-04 
 4.51358179e-07  2.91807457e-05  4.51358179e-07  1.62364739e-04 
 4.51408179e-07 -2.68367702e-05  4.51408179e-07 -1.57740507e-04 
 4.51458179e-07  2.48388809e-05  4.51458179e-07  1.53072652e-04 
 4.51508179e-07 -2.27204291e-05  4.51508179e-07 -1.48334921e-04 
 4.51558179e-07  2.09532830e-05  4.51558179e-07  1.43634074e-04 
 4.51608179e-07 -1.90646021e-05  4.51608179e-07 -1.38934538e-04 
 4.51658179e-07  1.75244646e-05  4.51658179e-07  1.34324276e-04 
 4.51708179e-07 -1.58559957e-05  4.51708179e-07 -1.29761784e-04 
 4.51758179e-07  1.45290411e-05  4.51758179e-07  1.25320792e-04 
 4.51808179e-07 -1.30641621e-05  4.51808179e-07 -1.20956258e-04 
 4.51858179e-07  1.19317517e-05  4.51858179e-07  1.16731221e-04 
 4.51908179e-07 -1.06508039e-05  4.51908179e-07 -1.12598757e-04 
 4.51958179e-07  9.69260625e-06  4.51958179e-07  1.08613933e-04 
 4.52008179e-07 -8.57525480e-06  4.52008179e-07 -1.04729058e-04 
 4.52058179e-07  7.77104232e-06  4.52058179e-07  1.00993305e-04 
 4.52108179e-07 -6.79760967e-06  4.52108179e-07 -9.73589456e-05 
 4.52158179e-07  6.12824233e-06  4.52158179e-07  9.38708277e-05 
 4.52208179e-07 -5.28041343e-06  4.52208179e-07 -9.04816452e-05 
 4.52258179e-07  4.72832824e-06  4.52258179e-07  8.72331061e-05 
 4.52308179e-07 -3.98947355e-06  4.52308179e-07 -8.40785909e-05 
 4.52358179e-07  3.53887677e-06  4.52358179e-07  8.10575572e-05 
 4.52408179e-07 -2.89414787e-06  4.52408179e-07 -7.81242063e-05 
 4.52458179e-07  2.53103288e-06  4.52458179e-07  7.53164092e-05 
 4.52508179e-07 -1.96732658e-06  4.52508179e-07 -7.25892346e-05 
 4.52558179e-07  1.67939406e-06  4.52558179e-07  6.99794594e-05 
 4.52608179e-07 -1.18524485e-06  4.52608179e-07 -6.74430100e-05 
 4.52658179e-07  9.61772274e-07  4.52658179e-07  6.50159330e-05 
 4.52708179e-07 -5.27210365e-07  4.52708179e-07 -6.26549672e-05 
 4.52758179e-07  3.58899936e-07  4.52758179e-07  6.03956960e-05 
 4.52808179e-07  2.47035008e-08  4.52808179e-07 -5.81956051e-05 
 4.52858179e-07 -1.45881807e-07  4.52858179e-07  5.60900096e-05 
 4.52908179e-07  4.85968506e-07  4.52908179e-07 -5.40370670e-05 
 4.52958179e-07 -5.66928486e-07  4.52958179e-07  5.20719643e-05 
 4.53008179e-07  8.69898929e-07  4.53008179e-07 -5.01534527e-05 
 4.53058179e-07 -9.16579310e-07  4.53058179e-07  4.83166917e-05 
 4.53108179e-07  1.18792702e-06  4.53108179e-07 -4.65209497e-05 
 4.53158179e-07 -1.20541971e-06  4.53158179e-07  4.48014286e-05 
 4.53208179e-07  1.44985196e-06  4.53208179e-07 -4.31178418e-05 
 4.53258179e-07 -1.44251660e-06  4.53258179e-07  4.15054827e-05 
 4.53308179e-07  1.66406185e-06  4.53308179e-07 -3.99244423e-05 
 4.53358179e-07 -1.63562694e-06  4.53358179e-07  3.84101380e-05 
 4.53408179e-07  1.83772926e-06  4.53408179e-07 -3.69229784e-05 
 4.53458179e-07 -1.79138071e-06  4.53458179e-07  3.54985254e-05 
 4.53508179e-07  1.97698225e-06  4.53508179e-07 -3.40974513e-05 
 4.53558179e-07 -1.91544043e-06  4.53558179e-07  3.27554749e-05 
 4.53608179e-07  2.08705281e-06  4.53608179e-07 -3.14334850e-05 
 4.53658179e-07 -2.01263926e-06  4.53658179e-07  3.01673633e-05 
 4.53708179e-07  2.17240556e-06  4.53708179e-07 -2.89181737e-05 
 4.53758179e-07 -2.08710042e-06  4.53758179e-07  2.77219629e-05 
 4.53808179e-07  2.23684838e-06  4.53808179e-07 -2.65399343e-05 
 4.53858179e-07 -2.14234006e-06  4.53858179e-07  2.54082980e-05 
 4.53908179e-07  2.28362785e-06  4.53908179e-07 -2.42883665e-05 
 4.53958179e-07 -2.18135537e-06  4.53958179e-07  2.32165101e-05 
 4.54008179e-07  2.31551100e-06  4.54008179e-07 -2.21541245e-05 
 4.54058179e-07 -2.20670048e-06  4.54058179e-07  2.11377353e-05 
 4.54108179e-07  2.33485528e-06  4.54108179e-07 -2.01287995e-05 
 4.54158179e-07 -2.22055103e-06  4.54158179e-07  1.91639924e-05 
 4.54208179e-07  2.34366856e-06  4.54208179e-07 -1.82048139e-05 
 4.54258179e-07 -2.22475987e-06  4.54258179e-07  1.72880825e-05 
 4.54308179e-07  2.34366059e-06  4.54308179e-07 -1.63753262e-05 
 4.54358179e-07 -2.22090446e-06  4.54358179e-07  1.55035000e-05 
 4.54408179e-07  2.33628661e-06  4.54408179e-07 -1.46341472e-05 
 4.54458179e-07 -2.21032711e-06  4.54458179e-07  1.38043529e-05 
 4.54508179e-07  2.32278478e-06  4.54508179e-07 -1.29756654e-05 
 4.54558179e-07 -2.19416973e-06  4.54558179e-07  1.21852930e-05 
 4.54608179e-07  2.30420817e-06  4.54608179e-07 -1.13947810e-05 
 4.54658179e-07 -2.17340341e-06  4.54658179e-07  1.06414542e-05 
 4.54708179e-07  2.28145208e-06  4.54708179e-07 -9.88684826e-06 
 4.54758179e-07 -2.14885337e-06  4.54758179e-07  9.16839802e-06 
 4.54808179e-07  2.25527720e-06  4.54808179e-07 -8.44762444e-06 
 4.54858179e-07 -2.12122071e-06  4.54858179e-07  7.76206618e-06 
 4.54908179e-07  2.22632947e-06  4.54908179e-07 -7.07322555e-06 
 4.54958179e-07 -2.09110046e-06  4.54958179e-07  6.41873886e-06 
 4.55008179e-07  2.19515701e-06  4.55008179e-07 -5.76008694e-06 
 4.55058179e-07 -2.05899740e-06  4.55058179e-07  5.13499794e-06 
 4.55108179e-07  2.16222459e-06  4.55108179e-07 -4.50492919e-06 
 4.55158179e-07 -2.02533932e-06  4.55158179e-07  3.90769499e-06 
 4.55208179e-07  2.12792583e-06  4.55208179e-07 -3.30472790e-06 
 4.55258179e-07 -1.99048834e-06  4.55258179e-07  2.73392301e-06 
 4.55308179e-07  2.09259384e-06  4.55308179e-07 -2.15668737e-06 
 4.55358179e-07 -1.95475073e-06  4.55358179e-07  1.61099169e-06 
 4.55408179e-07  2.05651000e-06  4.55408179e-07 -1.05821734e-06 
 4.55458179e-07 -1.91838498e-06  4.55458179e-07  5.36405687e-07 
 4.55508179e-07  2.01991178e-06  4.55508179e-07 -6.91257815e-09 
 4.55558179e-07 -1.88160911e-06  4.55558179e-07 -4.92154638e-07 
 4.55608179e-07  1.98299916e-06  4.55608179e-07  9.99465131e-07 
 4.55658179e-07 -1.84460643e-06  4.55658179e-07 -1.47685008e-06 
 4.55708179e-07  1.94594013e-06  4.55708179e-07  1.96300287e-06 
 4.55758179e-07 -1.80753080e-06  4.55758179e-07 -2.41969747e-06 
 4.55808179e-07  1.90887548e-06  4.55808179e-07  2.88565058e-06 
 4.55858179e-07 -1.77051100e-06  4.55858179e-07 -3.32258305e-06 
 4.55908179e-07  1.87192291e-06  4.55908179e-07  3.76923368e-06 
 4.55958179e-07 -1.73365448e-06  4.55958179e-07 -4.18727409e-06 
 4.56008179e-07  1.83518038e-06  4.56008179e-07  4.61546394e-06 
 4.56058179e-07 -1.69705042e-06  4.56058179e-07 -5.01542932e-06 
 4.56108179e-07  1.79872901e-06  4.56108179e-07  5.42594942e-06 
 4.56158179e-07 -1.66077257e-06  4.56158179e-07 -5.80860832e-06 
 4.56208179e-07  1.76263574e-06  4.56208179e-07  6.20220324e-06 
 4.56258179e-07 -1.62488150e-06  4.56258179e-07 -6.56827967e-06 
 4.56308179e-07  1.72695529e-06  4.56308179e-07  6.94565144e-06 
 4.56358179e-07 -1.58942666e-06  4.56358179e-07 -7.29582852e-06 
 4.56408179e-07  1.69173216e-06  4.56408179e-07  7.65763990e-06 
 4.56458179e-07 -1.55444792e-06  4.56458179e-07 -7.99256310e-06 
 4.56508179e-07  1.65700207e-06  4.56508179e-07  8.33944077e-06 
 4.56558179e-07 -1.51997716e-06  4.56558179e-07 -8.65972086e-06 
 4.56608179e-07  1.62279327e-06  4.56608179e-07  8.99225816e-06 
 4.56658179e-07 -1.48603940e-06  4.56658179e-07 -9.29847374e-06 
 4.56708179e-07  1.58912782e-06  4.56708179e-07  9.61723310e-06 
 4.56758179e-07 -1.45265383e-06  4.56758179e-07 -9.90993308e-06 
 4.56808179e-07  1.55602233e-06  4.56808179e-07  1.02154483e-05 
 4.56858179e-07 -1.41983484e-06  4.56858179e-07 -1.04951539e-05 
 4.56908179e-07  1.52348902e-06  4.56908179e-07  1.07879324e-05 
 4.56958179e-07 -1.38759255e-06  4.56958179e-07 -1.10551393e-05 
 4.57008179e-07  1.49153621e-06  4.57008179e-07  1.13356635e-05 
 4.57058179e-07 -1.35593368e-06  4.57058179e-07 -1.15908434e-05 
 4.57108179e-07  1.46016912e-06  4.57108179e-07  1.18595729e-05 
 4.57158179e-07 -1.32486203e-06  4.57158179e-07 -1.21031752e-05 
 4.57208179e-07  1.42939016e-06  4.57208179e-07  1.23605481e-05 
 4.57258179e-07 -1.29437885e-06  4.57258179e-07 -1.25930014e-05 
 4.57308179e-07  1.39919963e-06  4.57308179e-07  1.28394357e-05 
 4.57358179e-07 -1.26448345e-06  4.57358179e-07 -1.30611493e-05 
 4.57408179e-07  1.36959585e-06  4.57408179e-07  1.32970441e-05 
 4.57458179e-07 -1.23517330e-06  4.57458179e-07 -1.35084088e-05 
 4.57508179e-07  1.34057554e-06  4.57508179e-07  1.37341456e-05 
 4.57558179e-07 -1.20644446e-06  4.57558179e-07 -1.39355353e-05 
 4.57608179e-07  1.31213416e-06  4.57608179e-07  1.41514792e-05 
 4.57658179e-07 -1.17829183e-06  4.57658179e-07 -1.43432516e-05 
 4.57708179e-07  1.28426616e-06  4.57708179e-07  1.45497519e-05 
 4.57758179e-07 -1.15070940e-06  4.57758179e-07 -1.47322496e-05 
 4.57808179e-07  1.25696498e-06  4.57808179e-07  1.49296412e-05 
 4.57858179e-07 -1.12369026e-06  4.57858179e-07 -1.51031926e-05 
 4.57908179e-07  1.23022348e-06  4.57908179e-07  1.52917964e-05 
 4.57958179e-07 -1.09722690e-06  4.57958179e-07 -1.54567164e-05 
 4.58008179e-07  1.20403384e-06  4.58008179e-07  1.56368403e-05 
 4.58058179e-07 -1.07131134e-06  4.58058179e-07 -1.57934312e-05 
 4.58108179e-07  1.17838784e-06  4.58108179e-07  1.59653710e-05 
 4.58158179e-07 -1.04593512e-06  4.58158179e-07 -1.61139229e-05 
 4.58208179e-07  1.15327691e-06  4.58208179e-07  1.62779625e-05 
 4.58258179e-07 -1.02108956e-06  4.58258179e-07 -1.64187543e-05 
 4.58308179e-07  1.12869220e-06  4.58308179e-07  1.65751668e-05 
 4.58358179e-07 -9.96765678e-07  4.58358179e-07 -1.67084667e-05 
 4.58408179e-07  1.10462467e-06  4.58408179e-07  1.68575145e-05 
 4.58458179e-07 -9.72954364e-07  4.58458179e-07 -1.69835804e-05 
 4.58508179e-07  1.08106511e-06  4.58508179e-07  1.71255161e-05 
 4.58558179e-07 -9.49646405e-07  4.58558179e-07 -1.72445962e-05 
 4.58608179e-07  1.05800433e-06  4.58608179e-07  1.73796631e-05 
 4.58658179e-07 -9.26832533e-07  4.58658179e-07 -1.74919964e-05 
 4.58708179e-07  1.03543301e-06  4.58708179e-07  1.76204287e-05 
 4.58758179e-07 -9.04503459e-07  4.58758179e-07 -1.77262454e-05 
 4.58808179e-07  1.01334181e-06  4.58808179e-07  1.78482689e-05 
 4.58858179e-07 -8.82649824e-07  4.58858179e-07 -1.79477909e-05 
 4.58908179e-07  9.91721512e-07  4.58908179e-07  1.80636231e-05 
 4.58958179e-07 -8.61262471e-07  4.58958179e-07 -1.81570644e-05 
 4.59008179e-07  9.70562888e-07  4.59008179e-07  1.82669151e-05 
 4.59058179e-07 -8.40332168e-07  4.59058179e-07 -1.83544821e-05 
 4.59108179e-07  9.49856762e-07  4.59108179e-07  1.84585538e-05 
 4.59158179e-07 -8.19849824e-07  4.59158179e-07 -1.85404456e-05 
 4.59208179e-07  9.29594156e-07  4.59208179e-07  1.86389336e-05 
 4.59258179e-07 -7.99806477e-07  4.59258179e-07 -1.87153423e-05 
 4.59308179e-07  9.09766056e-07  4.59308179e-07  1.88084354e-05 
 4.59358179e-07 -7.80193214e-07  4.59358179e-07 -1.88795467e-05 
 4.59408179e-07  8.90363673e-07  4.59408179e-07  1.89674269e-05 
 4.59458179e-07 -7.61001233e-07  4.59458179e-07 -1.90334200e-05 
 4.59508179e-07  8.71378283e-07  4.59508179e-07  1.91162633e-05 
 4.59558179e-07 -7.42221982e-07  4.59558179e-07 -1.91773114e-05 
 4.59608179e-07  8.52801336e-07  4.59608179e-07  1.92552880e-05 
 4.59658179e-07 -7.23846877e-07  4.59658179e-07 -1.93115584e-05 
 4.59708179e-07  8.34624369e-07  4.59708179e-07  1.93848326e-05 
 4.59758179e-07 -7.05867606e-07  4.59758179e-07 -1.94364872e-05 
 4.59808179e-07  8.16839170e-07  4.59808179e-07  1.95052180e-05 
 4.59858179e-07 -6.88275967e-07  4.59858179e-07 -1.95524130e-05 
 4.59908179e-07  7.99437486e-07  4.59908179e-07  1.96167541e-05 
 4.59954090e-07 -6.70305873e-07  4.59954090e-07 -1.96642205e-05 
 4.60000000e-07  7.80912687e-07  4.60000000e-07  1.97285113e-05 
 4.60005000e-07  1.31249742e-05  4.60005000e-07  1.78812078e-04 
 4.60015000e-07 -5.62386511e-06  4.60015000e-07  2.31638427e-06 
 4.60035000e-07 -6.43387557e-06  4.60035000e-07 -5.70037744e-05 
 4.60075000e-07  5.98763110e-06  4.60075000e-07 -5.26619183e-05 
 4.60125000e-07 -3.10013455e-05  4.60125000e-07 -1.21225830e-04 
 4.60162500e-07 -6.31686436e-05  4.60162500e-07 -3.03592383e-04 
 4.60200000e-07  4.55465187e-04  4.60200000e-07  2.44686542e-04 
 4.60205000e-07  2.83729495e-04  4.60205000e-07  1.25141192e-04 
 4.60215000e-07 -2.46827148e-04  4.60215000e-07  3.45753454e-04 
 4.60235000e-07 -2.99659169e-04  4.60235000e-07  8.53871183e-04 
 4.60275000e-07  1.90259216e-04  4.60275000e-07  1.13062048e-03 
 4.60318186e-07 -1.14387803e-04  4.60318186e-07 -1.90229396e-03 
 4.60363616e-07  7.76852299e-05  4.60363616e-07  4.71116815e-04 
 4.60413616e-07 -5.82617908e-05  4.60413616e-07 -2.47931974e-04 
 4.60463616e-07  4.58281231e-05  4.60463616e-07  2.83735626e-04 
 4.60513616e-07 -3.69154888e-05  4.60513616e-07 -1.67786664e-04 
 4.60563616e-07  3.05960097e-05  4.60563616e-07  1.14931121e-04 
 4.60613616e-07 -2.55884751e-05  4.60613616e-07 -6.16001259e-05 
 4.60663616e-07  2.19202139e-05  4.60663616e-07  2.29518274e-05 
 4.60713616e-07 -1.88061764e-05  4.60713616e-07  7.88757772e-06 
 4.60763616e-07  1.65157209e-05  4.60763616e-07 -3.14217958e-05 
 4.60813616e-07 -1.44346932e-05  4.60813616e-07  4.94358255e-05 
 4.60863616e-07  1.29267332e-05  4.60863616e-07 -6.29478899e-05 
 4.60913616e-07 -1.14422498e-05  4.60913616e-07  7.29365279e-05 
 4.60963616e-07  1.03979351e-05  4.60963616e-07 -8.00626053e-05 
 4.61013616e-07 -9.27555264e-06  4.61013616e-07  8.49739173e-05 
 4.61063616e-07  8.51926665e-06  4.61063616e-07 -8.80719095e-05 
 4.61113616e-07 -7.62780165e-06  4.61113616e-07  8.97990226e-05 
 4.61163616e-07  7.06003639e-06  4.61163616e-07 -9.03933770e-05 
 4.61213616e-07 -6.32400043e-06  4.61213616e-07  9.01635599e-05 
 4.61263616e-07  5.88662699e-06  4.61263616e-07 -8.92437055e-05 
 4.61313616e-07 -5.26110341e-06  4.61313616e-07  8.78536177e-05 
 4.61363616e-07  4.91886612e-06  4.61363616e-07 -8.60607002e-05 
 4.61413616e-07 -4.37599981e-06  4.61413616e-07  8.40252531e-05 
 4.61463616e-07  4.10652313e-06  4.61463616e-07 -8.17717834e-05 
 4.61513616e-07 -3.62817968e-06  4.61513616e-07  7.94204534e-05 
 4.61563616e-07  3.41651630e-06  4.61563616e-07 -7.69683057e-05 
 4.61613616e-07 -2.99025195e-06  4.61613616e-07  7.45083252e-05 
 4.61663616e-07  2.82587333e-06  4.61663616e-07 -7.20201474e-05 
 4.61713616e-07 -2.44269339e-06  4.61713616e-07  6.95783221e-05 
 4.61763616e-07  2.31780307e-06  4.61763616e-07 -6.71516461e-05 
 4.61813616e-07 -1.97089315e-06  4.61813616e-07  6.48021609e-05 
 4.61863616e-07  1.87946238e-06  4.61863616e-07 -6.24921081e-05 
 4.61913616e-07 -1.56345421e-06  4.61913616e-07  6.02750522e-05 
 4.61956808e-07  1.47304606e-06  4.61956808e-07 -5.77769202e-05 
 4.62000000e-07 -1.16012691e-06  4.62000000e-07  5.54043630e-05 
 4.62005000e-07  1.82864803e-04  4.62005000e-07  2.47810540e-03 
 4.62015000e-07  1.50788164e-04  4.62015000e-07  2.66806297e-03 
 4.62035000e-07  1.09153328e-05  4.62035000e-07  9.77015980e-04 
 4.62075000e-07  4.97199657e-05  4.62075000e-07  7.95628865e-04 
 4.62125000e-07 -1.57149664e-05  4.62125000e-07  3.57797063e-04 
 4.62162500e-07  1.66443413e-06  4.62162500e-07  5.96605772e-04 
 4.62200000e-07 -2.37903128e-05  4.62200000e-07 -2.70217667e-03 
 4.62205000e-07 -1.40392514e-04  4.62205000e-07 -1.88904633e-03 
 4.62215000e-07 -1.30958641e-04  4.62215000e-07 -1.25975819e-03 
 4.62235000e-07 -4.36979719e-05  4.62235000e-07 -1.04679864e-03 
 4.62275000e-07 -1.96100551e-05  4.62275000e-07 -5.26593138e-04 
 4.62325000e-07 -4.51731085e-06  4.62325000e-07 -2.61772773e-04 
 4.62375000e-07  1.15949203e-05  4.62375000e-07 -1.08317346e-04 
 4.62425000e-07 -1.34391868e-05  4.62425000e-07 -1.14054771e-04 
 4.62475000e-07  1.09886401e-05  4.62475000e-07  6.88699087e-05 
 4.62525000e-07 -6.80735074e-06  4.62525000e-07 -1.07608254e-04 
 4.62575000e-07  2.77036534e-06  4.62575000e-07  8.66612143e-05 
 4.62625000e-07  9.82198093e-07  4.62625000e-07 -9.56358943e-05 
 4.62675000e-07 -3.78260617e-06  4.62675000e-07  9.00482732e-05 
 4.62725000e-07  6.12165284e-06  4.62725000e-07 -9.10246977e-05 
 4.62775000e-07 -7.61485068e-06  4.62775000e-07  8.83968310e-05 
 4.62825000e-07  8.85062871e-06  4.62825000e-07 -8.70186198e-05 
 4.62875000e-07 -9.45729640e-06  4.62875000e-07  8.46657492e-05 
 4.62925000e-07  1.00019093e-05  4.62925000e-07 -8.24759033e-05 
 4.62975000e-07 -1.00795444e-05  4.62975000e-07  8.00045843e-05 
 4.63025000e-07  1.02254853e-05  4.63025000e-07 -7.75242552e-05 
 4.63075000e-07 -1.00060213e-05  4.63075000e-07  7.49832285e-05 
 4.63125000e-07  9.93392503e-06  4.63125000e-07 -7.24395696e-05 
 4.63175000e-07 -9.55631714e-06  4.63175000e-07  6.99266486e-05 
 4.63225000e-07  9.37249607e-06  4.63225000e-07 -6.74400630e-05 
 4.63275000e-07 -8.91864133e-06  4.63275000e-07  6.50239831e-05 
 4.63325000e-07  8.68542374e-06  4.63325000e-07 -6.26550224e-05 
 4.63375000e-07 -8.20252782e-06  4.63375000e-07  6.03774763e-05 
 4.63425000e-07  7.95575371e-06  4.63425000e-07 -5.81576217e-05 
 4.63475000e-07 -7.47103304e-06  4.63475000e-07  5.60380030e-05 
 4.63525000e-07  7.23123817e-06  4.63525000e-07 -5.39788155e-05 
 4.63575000e-07 -6.76011127e-06  4.63575000e-07  5.20201240e-05 
 4.63625000e-07  6.53868256e-06  4.63625000e-07 -5.01206495e-05 
 4.63675000e-07 -6.08939785e-06  4.63675000e-07  4.83181898e-05 
 4.63725000e-07  5.89217955e-06  4.63725000e-07 -4.65708567e-05 
 4.63775000e-07 -5.46867627e-06  4.63775000e-07  4.49150913e-05 
 4.63825000e-07  5.29814652e-06  4.63825000e-07 -4.33089519e-05 
 4.63875000e-07 -4.90174744e-06  4.63875000e-07  4.17881228e-05 
 4.63925000e-07  4.75834447e-06  4.63925000e-07 -4.03109194e-05 
 4.63975000e-07 -4.38879523e-06  4.63975000e-07  3.89126530e-05 
 4.64025000e-07  4.27173996e-06  4.64025000e-07 -3.75520528e-05 
 4.64075000e-07 -3.92785947e-06  4.64075000e-07  3.62642935e-05 
 4.64125000e-07  3.83567405e-06  4.64125000e-07 -3.50085799e-05 
 4.64175000e-07 -3.51576734e-06  4.64175000e-07  3.38200889e-05 
 4.64225000e-07  3.44660583e-06  4.64225000e-07 -3.26585055e-05 
 4.64275000e-07 -3.14872793e-06  4.64275000e-07  3.15590860e-05 
 4.64325000e-07  3.10058771e-06  4.64325000e-07 -3.04819682e-05 
 4.64375000e-07 -2.82271186e-06  4.64375000e-07  2.94625253e-05 
 4.64425000e-07  2.79356762e-06  4.64425000e-07 -2.84613049e-05 
 4.64475000e-07 -2.53369134e-06  4.64475000e-07  2.75138116e-05 
 4.64525000e-07  2.52157830e-06  4.64525000e-07 -2.65809534e-05 
 4.64575000e-07 -2.27778770e-06  4.64575000e-07  2.56983673e-05 
 4.64625000e-07  2.28085114e-06  4.64625000e-07 -2.48272723e-05 
 4.64675000e-07 -2.05135818e-06  4.64675000e-07  2.40034316e-05 
 4.64725000e-07  2.06788040e-06  4.64725000e-07 -2.31883289e-05 
 4.64775000e-07 -1.85104138e-06  4.64775000e-07  2.24178441e-05 
 4.64825000e-07  1.87945358e-06  4.64825000e-07 -2.16536835e-05 
 4.64875000e-07 -1.67377596e-06  4.64875000e-07  2.09318336e-05 
 4.64925000e-07  1.71266075e-06  4.64925000e-07 -2.02141867e-05 
 4.64975000e-07 -1.51680172e-06  4.64975000e-07  1.95368251e-05 
 4.65025000e-07  1.56488882e-06  4.65025000e-07 -1.88617956e-05 
 4.65075000e-07 -1.37764921e-06  4.65075000e-07  1.82252673e-05 
 4.65125000e-07  1.43380790e-06  4.65125000e-07 -1.75894142e-05 
 4.65175000e-07 -1.25412310e-06  4.65175000e-07  1.69904836e-05 
 4.65225000e-07  1.31735197e-06  4.65225000e-07 -1.63907547e-05 
 4.65275000e-07 -1.14428142e-06  4.65275000e-07  1.58265453e-05 
 4.65325000e-07  1.21369755e-06  4.65325000e-07 -1.52602208e-05 
 4.65375000e-07 -1.04641340e-06  4.65375000e-07  1.47281635e-05 
 4.65425000e-07  1.12124112e-06  4.65425000e-07 -1.41928092e-05 
 4.65475000e-07 -9.59017167e-07  4.65475000e-07  1.36905989e-05 
 4.65525000e-07  1.03857686e-06  4.65525000e-07 -1.31840261e-05 
 4.65575000e-07 -8.80777644e-07  4.65575000e-07  1.27095861e-05 
 4.65625000e-07  9.64475352e-07  4.65625000e-07 -1.22298187e-05 
 4.65675000e-07 -8.10546122e-07  4.65675000e-07  1.17812697e-05 
 4.65725000e-07  8.97863788e-07  4.65725000e-07 -1.13265168e-05 
 4.65775000e-07 -7.47320993e-07  4.65775000e-07  1.09021521e-05 
 4.65825000e-07  8.37807472e-07  4.65825000e-07 -1.04707841e-05 
 4.65875000e-07 -6.90230294e-07  4.65875000e-07  1.00690482e-05 
 4.65925000e-07  7.83493106e-07  4.65925000e-07 -9.65957745e-06 
 4.65975000e-07 -6.38515733e-07  4.65975000e-07  9.27904798e-06 
 4.66025000e-07  7.34213946e-07  4.66025000e-07 -8.89011228e-06 
 4.66075000e-07 -5.91518647e-07  4.66075000e-07  8.52948463e-06 
 4.66125000e-07  6.89356177e-07  4.66125000e-07 -8.15983309e-06 
 4.66175000e-07 -5.48667110e-07  4.66175000e-07  7.81790762e-06 
 4.66225000e-07  6.48386977e-07  4.66225000e-07 -7.46638851e-06 
 4.66275000e-07 -5.09464851e-07  4.66275000e-07  7.14205934e-06 
 4.66325000e-07  6.10844174e-07  4.66325000e-07 -6.80760980e-06 
 4.66375000e-07 -4.73481322e-07  4.66375000e-07  6.49985505e-06 
 4.66425000e-07  5.76326735e-07  4.66425000e-07 -6.18149206e-06 
 4.66475000e-07 -4.40343078e-07  4.66475000e-07  5.88936576e-06 
 4.66525000e-07  5.44486802e-07  4.66525000e-07 -5.58617846e-06 
 4.66575000e-07 -4.09726051e-07  4.66575000e-07  5.30880306e-06 
 4.66625000e-07  5.15022493e-07  4.66625000e-07 -5.01994578e-06 
 4.66675000e-07 -3.81349064e-07  4.66675000e-07  4.75650588e-06 
 4.66725000e-07  4.87671844e-07  4.66725000e-07 -4.48119223e-06 
 4.66775000e-07 -3.54967855e-07  4.66775000e-07  4.23092891e-06 
 4.66825000e-07  4.62207135e-07  4.66825000e-07 -3.96842650e-06 
 4.66875000e-07 -3.30370289e-07  4.66875000e-07  3.73063234e-06 
 4.66925000e-07  4.38430633e-07  4.66925000e-07 -3.48025799e-06 
 4.66975000e-07 -3.07371874e-07  4.66975000e-07  3.25427273e-06 
 4.67025000e-07  4.16170266e-07  4.67025000e-07 -3.01538833e-06 
 4.67075000e-07 -2.85812034e-07  4.67075000e-07  2.80059476e-06 
 4.67125000e-07  3.95276000e-07  4.67125000e-07 -2.57260362e-06 
 4.67175000e-07 -2.65550717e-07  4.67175000e-07  2.36842417e-06 
 4.67225000e-07  3.75617166e-07  4.67225000e-07 -2.15076748e-06 
 4.67275000e-07 -2.46465799e-07  4.67275000e-07  1.95666097e-06 
 4.67325000e-07  3.57079521e-07  4.67325000e-07 -1.74881490e-06 
 4.67375000e-07 -2.28450465e-07  4.67375000e-07  1.56427375e-06 
 4.67425000e-07  3.39563158e-07  4.67425000e-07 -1.36574667e-06 
 4.67475000e-07 -2.11411192e-07  4.67475000e-07  1.19029420e-06 
 4.67525000e-07  3.22980497e-07  4.67525000e-07 -1.00062429e-06 
 4.67575000e-07 -1.95265914e-07  4.67575000e-07  8.33812456e-07 
 4.67625000e-07  3.07254606e-07  4.67625000e-07 -6.52565417e-07 
 4.67675000e-07 -1.79942459e-07  4.67675000e-07  4.93972675e-07 
 4.67725000e-07  2.92317741e-07  4.67725000e-07 -3.20739635e-07 
 4.67775000e-07 -1.65377254e-07  4.67775000e-07  1.69968941e-07 
 4.67825000e-07  2.78110169e-07  4.67825000e-07 -4.36471909e-09 
 4.67875000e-07 -1.51514065e-07  4.67875000e-07 -1.38958089e-07 
 4.67925000e-07  2.64578933e-07  4.67925000e-07  2.97296719e-07 
 4.67975000e-07 -1.38303031e-07  4.67975000e-07 -4.33524739e-07 
 4.68025000e-07  2.51677089e-07  4.68025000e-07  5.84940584e-07 
 4.68075000e-07 -1.25699906e-07  4.68075000e-07 -7.14407111e-07 
 4.68125000e-07  2.39362812e-07  4.68125000e-07  8.59223962e-07 
 4.68175000e-07 -1.13665154e-07  4.68175000e-07 -9.82243989e-07 
 4.68225000e-07  2.27598804e-07  4.68225000e-07  1.12076794e-06 
 4.68275000e-07 -1.02163479e-07  4.68275000e-07 -1.23763931e-06 
 4.68325000e-07  2.16351555e-07  4.68325000e-07  1.37015988e-06 
 4.68375000e-07 -9.11631316e-08  4.68375000e-07 -1.48116447e-06 
 4.68425000e-07  2.05590967e-07  4.68425000e-07  1.60795576e-06 
 4.68475000e-07 -8.06354900e-08  4.68475000e-07 -1.71336044e-06 
 4.68525000e-07  1.95289903e-07  4.68525000e-07  1.83468206e-06 
 4.68575000e-07 -7.05547846e-08  4.68575000e-07 -1.93473977e-06 
 4.68625000e-07  1.85423705e-07  4.68625000e-07  2.05083784e-06 
 4.68675000e-07 -6.08975201e-08  4.68675000e-07 -2.14578843e-06 
 4.68725000e-07  1.75970019e-07  4.68725000e-07  2.25689640e-06 
 4.68775000e-07 -5.16422891e-08  4.68775000e-07 -2.34696734e-06 
 4.68825000e-07  1.66908353e-07  4.68825000e-07  2.45330668e-06 
 4.68875000e-07 -4.27694987e-08  4.68875000e-07 -2.53871403e-06 
 4.68925000e-07  1.58220005e-07  4.68925000e-07  2.64049520e-06 
 4.68975000e-07 -3.42612240e-08  4.68975000e-07 -2.72144409e-06 
 4.69025000e-07  1.49887702e-07  4.69025000e-07  2.81886691e-06 
 4.69075000e-07 -2.61009068e-08  4.69075000e-07 -2.89555238e-06 
 4.69125000e-07  1.41895557e-07  4.69125000e-07  2.98880686e-06 
 4.69175000e-07 -1.82731901e-08  4.69175000e-07 -3.06141432e-06 
 4.69225000e-07  1.34228732e-07  4.69225000e-07  3.15068121e-06 
 4.69275000e-07 -1.07638702e-08  4.69275000e-07 -3.21938705e-06 
 4.69325000e-07  1.26873612e-07  4.69325000e-07  3.30483834e-06 
 4.69375000e-07 -3.55969124e-09  4.69375000e-07 -3.36981041e-06 
 4.69425000e-07  1.19817307e-07  4.69425000e-07  3.45160978e-06 
 4.69475000e-07  3.35177102e-09  4.69475000e-07 -3.51300806e-06 
 4.69525000e-07  1.13047788e-07  4.69525000e-07  3.59131151e-06 
 4.69575000e-07  9.98215997e-09  4.69575000e-07 -3.64928821e-06 
 4.69625000e-07  1.06553838e-07  4.69625000e-07  3.72424433e-06 
 4.69675000e-07  1.63423435e-08  4.69675000e-07 -3.77894468e-06 
 4.69725000e-07  1.00324827e-07  4.69725000e-07  3.85069510e-06 
 4.69775000e-07  2.24427145e-08  4.69775000e-07 -3.90225752e-06 
 4.69825000e-07  9.43506988e-08  4.69825000e-07  3.97093738e-06 
 4.69875000e-07  2.82930096e-08  4.69875000e-07 -4.01949388e-06 
 4.69925000e-07  8.86219500e-08  4.69925000e-07  4.08523204e-06 
 4.69962500e-07  3.48146914e-08  4.69962500e-07 -4.14893159e-06 
 4.70000000e-07  8.13496024e-08  4.70000000e-07  4.22880660e-06 
 4.70005000e-07 -8.05686388e-06  4.70005000e-07 -7.29178983e-05 
 4.70015000e-07  5.90124202e-06  4.70015000e-07  1.24803944e-05 
 4.70035000e-07  1.72965976e-06  4.70035000e-07  1.43180871e-05 
 4.70075000e-07 -2.67630039e-06  4.70075000e-07  1.69979823e-05 
 4.70125000e-07  2.40143307e-05  4.70125000e-07  1.72778748e-04 
 4.70162500e-07  1.54508514e-05  4.70162500e-07  2.04608210e-04 
 4.70200000e-07 -3.24989118e-04  4.70200000e-07 -1.12199936e-04 
 4.70205000e-07 -3.33045065e-04  4.70205000e-07 -3.46980777e-04 
 4.70215000e-07 -2.85844993e-05  4.70215000e-07 -8.01659509e-04 
 4.70235000e-07  4.99092720e-04  4.70235000e-07 -1.21120842e-03 
 4.70271171e-07 -2.38545390e-04  4.70271171e-07 -4.66689633e-04 
 4.70314691e-07  1.27858402e-04  4.70314691e-07  1.27794745e-03 
 4.70360581e-07 -5.80687050e-05  4.70360581e-07  2.69030955e-05 
 4.70410581e-07  1.91471931e-05  4.70410581e-07  6.14963173e-05 
 4.70460581e-07  7.35133355e-06  4.70460581e-07 -1.39375037e-04 
 4.70510581e-07 -2.51670275e-05  4.70510581e-07  4.87565281e-05 
 4.70560581e-07  3.73518451e-05  4.70560581e-07 -5.75988051e-05 
 4.70610581e-07 -4.51671767e-05  4.70610581e-07  1.58850083e-05 
 4.70660581e-07  5.01586422e-05  4.70660581e-07 -4.13134116e-06 
 4.70710581e-07 -5.27052745e-05  4.70710581e-07 -1.77041112e-05 
 4.70760581e-07  5.38475248e-05  4.70760581e-07  3.03339636e-05 
 4.70810581e-07 -5.35393512e-05  4.70810581e-07 -4.35722861e-05 
 4.70860581e-07  5.26363209e-05  4.70860581e-07  5.31585031e-05 
 4.70910581e-07 -5.08657792e-05  4.70910581e-07 -6.15630355e-05 
 4.70960581e-07  4.89292775e-05  4.70960581e-07  6.80171195e-05 
 4.71010581e-07 -4.64752188e-05  4.71010581e-07 -7.32225276e-05 
 4.71060581e-07  4.40991332e-05  4.71060581e-07  7.71805865e-05 
 4.71110581e-07 -4.14043301e-05  4.71110581e-07 -8.01400192e-05 
 4.71160581e-07  3.89261057e-05  4.71160581e-07  8.22493843e-05 
 4.71210581e-07 -3.62385598e-05  4.71210581e-07 -8.36186450e-05 
 4.71260581e-07  3.38436671e-05  4.71260581e-07  8.44042501e-05 
 4.71310581e-07 -3.12960883e-05  4.71310581e-07 -8.46592152e-05 
 4.71360581e-07  2.90799563e-05  4.71360581e-07  8.45204602e-05 
 4.71410581e-07 -2.67368771e-05  4.71410581e-07 -8.40097454e-05 
 4.71460581e-07  2.47419267e-05  4.71460581e-07  8.32425938e-05 
 4.71510581e-07 -2.26279543e-05  4.71510581e-07 -8.22204645e-05 
 4.71560581e-07  2.08658874e-05  4.71560581e-07  8.10408337e-05 
 4.71610581e-07 -1.89827517e-05  4.71610581e-07 -7.96911079e-05 
 4.71660581e-07  1.74480095e-05  4.71660581e-07  7.82545353e-05 
 4.71710581e-07 -1.57848741e-05  4.71710581e-07 -7.67086587e-05 
 4.71760581e-07  1.44627560e-05  4.71760581e-07  7.51257677e-05 
 4.71810581e-07 -1.30024330e-05  4.71810581e-07 -7.34765221e-05 
 4.71860581e-07  1.18739620e-05  4.71860581e-07  7.18248523e-05 
 4.71910581e-07 -1.05966224e-05  4.71910581e-07 -7.01366882e-05 
 4.71960581e-07  9.64141776e-06  4.71960581e-07  6.84696130e-05 
 4.72010581e-07 -8.52676085e-06  4.72010581e-07 -6.67863796e-05 
 4.72060581e-07  7.72468728e-06  4.72060581e-07  6.51397628e-05 
 4.72110581e-07 -6.75316361e-06  4.72110581e-07 -6.34904509e-05 
 4.72160581e-07  6.08523081e-06  4.72160581e-07  6.18875806e-05 
 4.72210581e-07 -5.23868382e-06  4.72210581e-07 -6.02905638e-05 
 4.72260581e-07  4.68748914e-06  4.72260581e-07  5.87457853e-05 
 4.72310581e-07 -3.94944479e-06  4.72310581e-07 -5.72119324e-05 
 4.72360581e-07  3.49934193e-06  4.72360581e-07  5.57333079e-05 
 4.72410581e-07 -2.85508815e-06  4.72410581e-07 -5.42682548e-05 
 4.72460581e-07  2.49219476e-06  4.72460581e-07  5.28594992e-05 
 4.72510581e-07 -1.92873963e-06  4.72510581e-07 -5.14652957e-05 
 4.72560581e-07  1.64085473e-06  4.72560581e-07  5.01271751e-05 
 4.72610581e-07 -1.14681875e-06  4.72610581e-07 -4.88034711e-05 
 4.72660581e-07  9.23293980e-07  4.72660581e-07  4.75348067e-05 
 4.72710581e-07 -4.88770624e-07  4.72710581e-07 -4.62796995e-05 
 4.72760581e-07  3.20361247e-07  4.72760581e-07  4.50780812e-05 
 4.72810581e-07  6.32342290e-08  4.72810581e-07 -4.38887141e-05 
 4.72860581e-07 -1.84522371e-07  4.72860581e-07  4.27510026e-05 
 4.72910581e-07  5.24602786e-07  4.72910581e-07 -4.16239836e-05 
 4.72960581e-07 -6.05660944e-07  4.72960581e-07  4.05466581e-05 
 4.73010581e-07  9.08609496e-07  4.73010581e-07 -3.94783473e-05 
 4.73060581e-07 -9.55363814e-07  4.73060581e-07  3.84577428e-05 
 4.73110581e-07  1.22666513e-06  4.73110581e-07 -3.74444464e-05 
 4.73160581e-07 -1.24420211e-06  4.73160581e-07  3.64769109e-05 
 4.73210581e-07  1.48856052e-06  4.73210581e-07 -3.55150067e-05 
 4.73260581e-07 -1.48123903e-06  4.73260581e-07  3.45970024e-05 
 4.73310581e-07  1.70268392e-06  4.73310581e-07 -3.36830193e-05 
 4.73360581e-07 -1.67423490e-06  4.73360581e-07  3.28111835e-05 
 4.73410581e-07  1.87621369e-06  4.73410581e-07 -3.19418469e-05 
 4.73460581e-07 -1.82982719e-06  4.73460581e-07  3.11130252e-05 
 4.73510581e-07  2.01528646e-06  4.73510581e-07 -3.02852800e-05 
 4.73560581e-07 -1.95368774e-06  4.73560581e-07  2.94965413e-05 
 4.73610581e-07  2.12514415e-06  4.73610581e-07 -2.87075594e-05 
 4.73660581e-07 -2.05065982e-06  4.73660581e-07  2.79561977e-05 
 4.73710581e-07  2.21026129e-06  4.73710581e-07 -2.72033753e-05 
 4.73760581e-07 -2.12487632e-06  4.73760581e-07  2.64869039e-05 
 4.73810581e-07  2.27445502e-06  4.73810581e-07 -2.57678523e-05 
 4.73860581e-07 -2.17986206e-06  4.73860581e-07  2.50839927e-05 
 4.73910581e-07  2.32098012e-06  4.73910581e-07 -2.43965261e-05 
 4.73960581e-07 -2.21862175e-06  4.73960581e-07  2.37431946e-05 
 4.74010581e-07  2.35261025e-06  4.74010581e-07 -2.30853153e-05 
 4.74060581e-07 -2.24371549e-06  4.74060581e-07  2.24606076e-05 
 4.74110581e-07  2.37170828e-06  4.74110581e-07 -2.18304903e-05 
 4.74160581e-07 -2.25732372e-06  4.74160581e-07  2.12326667e-05 
 4.74210581e-07  2.38028618e-06  4.74210581e-07 -2.06286442e-05 
 4.74260581e-07 -2.26130258e-06  4.74260581e-07  2.00561145e-05 
 4.74310581e-07  2.38005635e-06  4.74310581e-07 -1.94766622e-05 
 4.74360581e-07 -2.25723171e-06  4.74360581e-07  1.89279716e-05 
 4.74410581e-07  2.37247567e-06  4.74410581e-07 -1.83716941e-05 
 4.74460581e-07 -2.24645461e-06  4.74460581e-07  1.78455101e-05 
 4.74510581e-07  2.35878317e-06  4.74510581e-07 -1.73111286e-05 
 4.74560581e-07 -2.23011359e-06  4.74560581e-07  1.68062288e-05 
 4.74610581e-07  2.34003180e-06  4.74610581e-07 -1.62925693e-05 
 4.74660581e-07 -2.20917928e-06  4.74660581e-07  1.58078303e-05 
 4.74710581e-07  2.31711624e-06  4.74710581e-07 -1.53138133e-05 
 4.74760581e-07 -2.18447615e-06  4.74760581e-07  1.48482012e-05 
 4.74810581e-07  2.29079610e-06  4.74810581e-07 -1.43728319e-05 
 4.74860581e-07 -2.15670385e-06  4.74860581e-07  1.39253928e-05 
 4.74910581e-07  2.26171586e-06  4.74910581e-07 -1.34677528e-05 
 4.74960581e-07 -2.12645595e-06  4.74960581e-07  1.30376051e-05 
 4.75010581e-07  2.23042190e-06  4.75010581e-07 -1.25968451e-05 
 4.75060581e-07 -2.09423539e-06  4.75060581e-07  1.21831724e-05 
 4.75110581e-07  2.19737723e-06  4.75110581e-07 -1.17585048e-05 
 4.75160581e-07 -2.06046814e-06  4.75160581e-07  1.13605495e-05 
 4.75210581e-07  2.16297360e-06  4.75210581e-07 -1.09512429e-05 
 4.75260581e-07 -2.02551446e-06  4.75260581e-07  1.05683003e-05 
 4.75310581e-07  2.12754218e-06  4.75310581e-07 -1.01736739e-05 
 4.75360581e-07 -1.98967864e-06  4.75360581e-07  9.80508756e-06 
 4.75410581e-07  2.09136253e-06  4.75410581e-07 -9.42450652e-06 
 4.75460581e-07 -1.95321749e-06  4.75460581e-07  9.06966354e-06 
 4.75510581e-07  2.05467039e-06  4.75510581e-07 -8.70253464e-06 
 4.75560581e-07 -1.91634720e-06  4.75560581e-07  8.36086172e-06 
 4.75610581e-07  2.01766402e-06  4.75610581e-07 -8.00662961e-06 
 4.75660581e-07 -1.87924954e-06  4.75660581e-07  7.67758944e-06 
 4.75710581e-07  1.98050985e-06  4.75710581e-07 -7.33573323e-06 
 4.75760581e-07 -1.84207691e-06  4.75760581e-07  7.01882149e-06 
 4.75810581e-07  1.94334743e-06  4.75810581e-07 -6.68885187e-06 
 4.75860581e-07 -1.80495675e-06  4.75860581e-07  6.38359415e-06 
 4.75910581e-07  1.90629301e-06  4.75910581e-07 -6.06505051e-06 
 4.75960581e-07 -1.76799528e-06  4.75960581e-07  5.77099998e-06 
 4.76010581e-07  1.86944354e-06  4.76010581e-07 -5.46344815e-06 
 4.76060581e-07 -1.73128070e-06  4.76060581e-07  5.18018311e-06 
 4.76110581e-07  1.83287915e-06  4.76110581e-07 -4.88321312e-06 
 4.76160581e-07 -1.69488581e-06  4.76160581e-07  4.61033513e-06 
 4.76210581e-07  1.79666594e-06  4.76210581e-07 -4.32355927e-06 
 4.76260581e-07 -1.65887050e-06  4.76260581e-07  4.06069115e-06 
 4.76310581e-07  1.76085796e-06  4.76310581e-07 -3.78374225e-06 
 4.76360581e-07 -1.62328346e-06  4.76360581e-07  3.53052652e-06 
 4.76410581e-07  1.72549911e-06  4.76410581e-07 -3.26305631e-06 
 4.76460581e-07 -1.58816411e-06  4.76460581e-07  3.01915367e-06 
 4.76510581e-07  1.69062462e-06  4.76510581e-07 -2.76083142e-06 
 4.76560581e-07 -1.55354396e-06  4.76560581e-07  2.52591935e-06 
 4.76610581e-07  1.65626249e-06  4.76610581e-07 -2.27643054e-06 
 4.76660581e-07 -1.51944766e-06  4.76660581e-07  2.05020215e-06 
 4.76710581e-07  1.62243439e-06  4.76710581e-07 -1.80924726e-06 
 4.76760581e-07 -1.48589421e-06  4.76760581e-07  1.59141013e-06 
 4.76810581e-07  1.58915685e-06  4.76810581e-07 -1.35870366e-06 
 4.76860581e-07 -1.45289786e-06  4.76860581e-07  1.14897881e-06 
 4.76910581e-07  1.55644196e-06  4.76910581e-07 -9.24248222e-07 
 4.76960581e-07 -1.42046873e-06  4.76960581e-07  7.22369186e-07 
 4.77010581e-07  1.52429810e-06  4.77010581e-07 -5.05354093e-07 
 4.77060581e-07 -1.38861356e-06  4.77060581e-07  3.11066140e-07 
 4.77110581e-07  1.49273049e-06  4.77110581e-07 -1.01517454e-07 
 4.77160581e-07 -1.35733616e-06  4.77160581e-07 -8.54232380e-08 
 4.77210581e-07  1.46174162e-06  4.77210581e-07  2.87744068e-07 
 4.77260581e-07 -1.32663798e-06  4.77260581e-07 -4.67571095e-07 
 4.77310581e-07  1.43133199e-06  4.77310581e-07  6.62892683e-07 
 4.77360581e-07 -1.29651845e-06  4.77360581e-07 -8.35830104e-07 
 4.77410581e-07  1.40150005e-06  4.77410581e-07  1.02437182e-06 
 4.77460581e-07 -1.26697525e-06  4.77460581e-07 -1.19063471e-06 
 4.77510581e-07  1.37224284e-06  4.77510581e-07  1.37260721e-06 
 4.77560581e-07 -1.23800476e-06  4.77560581e-07 -1.53240218e-06 
 4.77610581e-07  1.34355602e-06  4.77610581e-07  1.70800792e-06 
 4.77660581e-07 -1.20960211e-06  4.77660581e-07 -1.86153362e-06 
 4.77710581e-07  1.31543433e-06  4.77710581e-07  2.03096738e-06 
 4.77760581e-07 -1.18176153e-06  4.77760581e-07 -2.17841510e-06 
 4.77810581e-07  1.28787155e-06  4.77810581e-07  2.34186437e-06 
 4.77860581e-07 -1.15447652e-06  4.77860581e-07 -2.48341823e-06 
 4.77910581e-07  1.26086084e-06  4.77910581e-07  2.64106372e-06 
 4.77960581e-07 -1.12773990e-06  4.77960581e-07 -2.77690125e-06 
 4.78010581e-07  1.23439474e-06  4.78010581e-07  2.92891713e-06 
 4.78060581e-07 -1.10154396e-06  4.78060581e-07 -3.05920952e-06 
 4.78110581e-07  1.20846536e-06  4.78110581e-07  3.20576384e-06 
 4.78160581e-07 -1.07588063e-06  4.78160581e-07 -3.33067638e-06 
 4.78210581e-07  1.18306448e-06  4.78210581e-07  3.47193144e-06 
 4.78260581e-07 -1.05074158e-06  4.78260581e-07 -3.59162375e-06 
 4.78310581e-07  1.15818360e-06  4.78310581e-07  3.72773628e-06 
 4.78360581e-07 -1.02611820e-06  4.78360581e-07 -3.84236261e-06 
 4.78410581e-07  1.13381408e-06  4.78410581e-07  3.97348423e-06 
 4.78460581e-07 -1.00200175e-06  4.78460581e-07 -4.08319367e-06 
 4.78510581e-07  1.10994706e-06  4.78510581e-07  4.20947090e-06 
 4.78560581e-07 -9.78383347e-07  4.78560581e-07 -4.31440781e-06 
 4.78610581e-07  1.08657365e-06  4.78610581e-07  4.43598256e-06 
 4.78660581e-07 -9.55254082e-07  4.78660581e-07 -4.53628663e-06 
 4.78710581e-07  1.06368494e-06  4.78710581e-07  4.65329622e-06 
 4.78760581e-07 -9.32604979e-07  4.78760581e-07 -4.74910275e-06 
 4.78810581e-07  1.04127194e-06  4.78810581e-07  4.86168022e-06 
 4.78860581e-07 -9.10427180e-07  4.78860581e-07 -4.95312029e-06 
 4.78910581e-07  1.01932578e-06  4.78910581e-07  5.06139465e-06 
 4.78960581e-07 -8.88711706e-07  4.78960581e-07 -5.14859535e-06 
 4.79010581e-07  9.97837560e-07  4.79010581e-07  5.25269159e-06 
 4.79060581e-07 -8.67449745e-07  4.79060581e-07 -5.33577613e-06 
 4.79110581e-07  9.76798442e-07  4.79110581e-07  5.43581556e-06 
 4.79160581e-07 -8.46632515e-07  4.79160581e-07 -5.51490349e-06 
 4.79210581e-07  9.56199726e-07  4.79210581e-07  5.61100375e-06 
 4.79260581e-07 -8.26251352e-07  4.79260581e-07 -5.68621117e-06 
 4.79310581e-07  9.36032791e-07  4.79310581e-07  5.77848651e-06 
 4.79360581e-07 -8.06297645e-07  4.79360581e-07 -5.84992602e-06 
 4.79410581e-07  9.16289096e-07  4.79410581e-07  5.93848737e-06 
 4.79460581e-07 -7.86763001e-07  4.79460581e-07 -6.00626836e-06 
 4.79510581e-07  8.96960247e-07  4.79510581e-07  6.09122350e-06 
 4.79560581e-07 -7.67638985e-07  4.79560581e-07 -6.15545227e-06 
 4.79610581e-07  8.78037942e-07  4.79610581e-07  6.23690581e-06 
 4.79660581e-07 -7.48917430e-07  4.79660581e-07 -6.29768561e-06 
 4.79710581e-07  8.59514064e-07  4.79710581e-07  6.37573936e-06 
 4.79760581e-07 -7.30590275e-07  4.79760581e-07 -6.43317062e-06 
 4.79810581e-07  8.41380591e-07  4.79810581e-07  6.50792343e-06 
 4.79860581e-07 -7.12649554e-07  4.79860581e-07 -6.56210369e-06 
 4.79910581e-07  8.23629646e-07  4.79910581e-07  6.63365173e-06 
 4.79955291e-07 -6.94059992e-07  4.79955291e-07 -6.69173355e-06 
 4.80000000e-07  8.04221603e-07  4.80000000e-07  6.76684425e-06 
 4.80005000e-07  1.51773077e-05  4.80005000e-07  2.07631800e-04 
 4.80015000e-07 -3.44951526e-06  4.80015000e-07  2.11056257e-05 
 4.80035000e-07 -8.30542404e-06  4.80035000e-07 -5.07601341e-05 
 4.80075000e-07  5.49100937e-06  4.80075000e-07 -7.77146224e-05 
 4.80125000e-07 -4.26842655e-05  4.80125000e-07 -1.80830214e-04 
 4.80162500e-07 -1.00326987e-04  4.80162500e-07 -4.47036426e-04 
 4.80200000e-07  6.01961381e-04  4.80200000e-07  1.95423425e-04 
 4.80205000e-07  4.45445278e-04  4.80205000e-07  7.96269592e-05 
 4.80215000e-07 -1.34196870e-04  4.80215000e-07  3.67310761e-04 
 4.80235000e-07 -3.79914469e-04  4.80235000e-07  1.08122557e-03 
 4.80275000e-07  1.36624424e-04  4.80275000e-07  1.71366291e-03 
 4.80318860e-07 -9.51414821e-05  4.80318860e-07 -2.05274605e-03 
 4.80364725e-07  6.48769139e-05  4.80364725e-07  2.67805298e-04 
 4.80414725e-07 -5.02291147e-05  4.80414725e-07 -3.69478374e-04 
 4.80464725e-07  4.01070594e-05  4.80464725e-07  3.15047088e-04 
 4.80514725e-07 -3.26757671e-05  4.80514725e-07 -1.95299148e-04 
 4.80564725e-07  2.73300078e-05  4.80564725e-07  1.44957877e-04 
 4.80614725e-07 -2.30183447e-05  4.80614725e-07 -8.24364942e-05 
 4.80664725e-07  1.98621151e-05  4.80664725e-07  4.39986169e-05 
 4.80714725e-07 -1.71329587e-05  4.80714725e-07 -9.07854453e-06 
 4.80764725e-07  1.51413914e-05  4.80764725e-07 -1.57744212e-05 
 4.80814725e-07 -1.32885516e-05  4.80814725e-07  3.59731770e-05 
 4.80864725e-07  1.19589484e-05  4.80864725e-07 -5.09005029e-05 
 4.80914725e-07 -1.06136867e-05  4.80914725e-07  6.23562858e-05 
 4.80964725e-07  9.67976272e-06  4.80964725e-07 -7.06800362e-05 
 4.81014725e-07 -8.64532998e-06  4.81014725e-07  7.66999411e-05 
 4.81064725e-07  7.96033648e-06  4.81064725e-07 -8.07662347e-05 
 4.81114725e-07 -7.12722380e-06  4.81114725e-07  8.33674365e-05 
 4.81164725e-07  6.60814777e-06  4.81164725e-07 -8.47408769e-05 
 4.81214725e-07 -5.91325904e-06  4.81214725e-07  8.52115652e-05 
 4.81264725e-07  5.51134246e-06  4.81264725e-07 -8.49200709e-05 
 4.81314725e-07 -4.91677067e-06  4.81314725e-07  8.40953280e-05 
 4.81364725e-07  4.60202310e-06  4.81364725e-07 -8.28106622e-05 
 4.81414725e-07 -4.08383327e-06  4.81414725e-07  8.12331159e-05 
 4.81464725e-07  3.83680839e-06  4.81464725e-07 -7.93916858e-05 
 4.81514725e-07 -3.37904057e-06  4.81514725e-07  7.74120624e-05 
 4.81564725e-07  3.18641255e-06  4.81564725e-07 -7.52945529e-05 
 4.81614725e-07 -2.77782812e-06  4.81614725e-07  7.31368132e-05 
 4.81664725e-07  2.62997111e-06  4.81664725e-07 -7.09208121e-05 
 4.81714725e-07 -2.26225279e-06  4.81714725e-07  6.87250771e-05 
 4.81764725e-07  2.15188590e-06  4.81764725e-07 -6.65200407e-05 
 4.81814725e-07 -1.81861569e-06  4.81814725e-07  6.43711392e-05 
 4.81864725e-07  1.74002193e-06  4.81864725e-07 -6.22417269e-05 
 4.81914725e-07 -1.43608162e-06  4.81914725e-07  6.01882688e-05 
 4.81957362e-07  1.35630272e-06  4.81957362e-07 -5.78297969e-05 
 4.82000000e-07 -1.05350500e-06  4.82000000e-07  5.55807248e-05 
 4.82005000e-07 -2.34350991e-07  4.82005000e-07  4.87478596e-06 
 4.82015000e-07  2.16435634e-07  4.82015000e-07 -4.69901897e-06 
 4.82035000e-07 -5.88124734e-08  4.82035000e-07  4.11827173e-06 
 4.82075000e-07  1.74504290e-07  4.82075000e-07 -3.73703381e-06 
 4.82125000e-07 -5.78654162e-08  4.82125000e-07  3.53808270e-06 
 4.82162500e-07  1.75803393e-07  4.82162500e-07 -3.37823281e-06 
 4.82200000e-07  4.89928253e-07  4.82200000e-07  3.42991004e-06 
 4.82205000e-07 -4.16835122e-07  4.82205000e-07  2.28108814e-06 
 4.82215000e-07 -9.60763036e-06  4.82215000e-07  2.60654678e-08 
 4.82235000e-07 -1.27156668e-06  4.82235000e-07 -5.30634375e-07 
 4.82275000e-07  1.68579607e-05  4.82275000e-07 -3.95503453e-07 
 4.82325000e-07 -2.41008620e-05  4.82325000e-07 -2.01463461e-05 
 4.82370376e-07  2.36019269e-05  4.82370376e-07  5.28475191e-05 
 4.82420376e-07 -1.98709521e-05  4.82420376e-07 -4.24749818e-05 
 4.82470376e-07  1.62646715e-05  4.82470376e-07  1.86361458e-05 
 4.82520376e-07 -1.28505548e-05  4.82520376e-07 -1.65638547e-05 
 4.82570376e-07  1.01987586e-05  4.82570376e-07  1.67380352e-05 
 4.82620376e-07 -7.77968996e-06  4.82620376e-07 -1.45802182e-05 
 4.82670376e-07  5.99858002e-06  4.82670376e-07  1.36117789e-05 
 4.82720376e-07 -4.30497206e-06  4.82720376e-07 -1.21544995e-05 
 4.82770376e-07  3.12006191e-06  4.82770376e-07  1.10618885e-05 
 4.82820376e-07 -1.91699094e-06  4.82820376e-07 -9.96831078e-06 
 4.82870376e-07  1.13695222e-06  4.82870376e-07  9.04863413e-06 
 4.82920376e-07 -2.70062733e-07  4.82920376e-07 -8.20484649e-06 
 4.82970376e-07 -2.29585787e-07  4.82970376e-07  7.48513723e-06 
 4.83020376e-07  8.61371500e-07  4.83020376e-07 -6.83767877e-06 
 4.83070376e-07 -1.16310745e-06  4.83070376e-07  6.29145830e-06 
 4.83120376e-07  1.62758221e-06  4.83120376e-07 -5.80137792e-06 
 4.83170376e-07 -1.78741255e-06  4.83170376e-07  5.39562224e-06 
 4.83220376e-07  2.13115348e-06  4.83220376e-07 -5.03023847e-06 
 4.83270376e-07 -2.18801341e-06  4.83270376e-07  4.73500304e-06 
 4.83320376e-07  2.44376876e-06  4.83320376e-07 -4.46678623e-06 
 4.83370376e-07 -2.42534512e-06  4.83370376e-07  4.25689341e-06 
 4.83420376e-07  2.61665428e-06  4.83420376e-07 -4.06313691e-06 
 4.83470376e-07 -2.54305730e-06  4.83470376e-07  3.91805935e-06 
 4.83520376e-07  2.68718332e-06  4.83520376e-07 -3.78040477e-06 
 4.83570376e-07 -2.57329371e-06  4.83570376e-07  3.68371039e-06 
 4.83620376e-07  2.68311138e-06  4.83620376e-07 -3.58755023e-06 
 4.83670376e-07 -2.54010475e-06  4.83670376e-07  3.52626462e-06 
 4.83720376e-07  2.62533945e-06  4.83720376e-07 -3.46012751e-06 
 4.83770376e-07 -2.46169809e-06  4.83770376e-07  3.42412654e-06 
 4.83820376e-07  2.52977165e-06  4.83820376e-07 -3.37910847e-06 
 4.83870376e-07 -2.35196038e-06  4.83870376e-07  3.36058495e-06 
 4.83920376e-07  2.40854736e-06  4.83920376e-07 -3.32985680e-06 
 4.83970376e-07 -2.22154145e-06  4.83970376e-07  3.32284108e-06 
 4.84020376e-07  2.27093867e-06  4.84020376e-07 -3.30121456e-06 
 4.84070376e-07 -2.07851398e-06  4.84070376e-07  3.30122597e-06 
 4.84120376e-07  2.12402429e-06  4.84120376e-07 -3.28483209e-06 
 4.84170376e-07 -1.92905755e-06  4.84170376e-07  3.28853781e-06 
 4.84220376e-07  1.97317995e-06  4.84220376e-07 -3.27452532e-06 
 4.84270376e-07 -1.77783175e-06  4.84270376e-07  3.27949741e-06 
 4.84320376e-07  1.82242937e-06  4.84320376e-07 -3.26581059e-06 
 4.84370376e-07 -1.62829648e-06  4.84370376e-07  3.27032033e-06 
 4.84420376e-07  1.67473232e-06  4.84420376e-07 -3.25551679e-06 
 4.84470376e-07 -1.48296869e-06  4.84470376e-07  3.25837204e-06 
 4.84520376e-07  1.53221320e-06  4.84520376e-07 -3.24147772e-06 
 4.84570376e-07 -1.34362537e-06  4.84570376e-07  3.24189414e-06 
 4.84620376e-07  1.39634166e-06  4.84620376e-07 -3.22228929e-06 
 4.84670376e-07 -1.21146501e-06  4.84670376e-07  3.21978925e-06 
 4.84720376e-07  1.26807690e-06  4.84720376e-07 -3.19711869e-06 
 4.84770376e-07 -1.08723636e-06  4.84770376e-07  3.19145220e-06 
 4.84820376e-07  1.14798274e-06  4.84820376e-07 -3.16555584e-06 
 4.84870376e-07 -9.71341344e-07  4.84870376e-07  3.15663908e-06 
 4.84920376e-07  1.03631983e-06  4.84920376e-07 -3.12749786e-06 
 4.84970376e-07 -8.63917921e-07  4.84970376e-07  3.11536624e-06 
 4.85020376e-07  9.33119602e-07  4.85020376e-07 -3.08306092e-06 
 4.85070376e-07 -7.64905605e-07  4.85070376e-07  3.06783268e-06 
 4.85120376e-07  8.38242831e-07  4.85120376e-07 -3.03251239e-06 
 4.85170376e-07 -6.74098236e-07  4.85170376e-07  3.01436156e-06 
 4.85220376e-07  7.51426583e-07  4.85220376e-07 -2.97622007e-06 
 4.85270376e-07 -5.91185261e-07  4.85270376e-07  2.95535581e-06 
 4.85320376e-07  6.72321028e-07  4.85320376e-07 -2.91461392e-06 
 4.85370376e-07 -5.15784914e-07  4.85370376e-07  2.89126541e-06 
 4.85420376e-07  6.00518642e-07  4.85420376e-07 -2.84815800e-06 
 4.85470376e-07 -4.47469539e-07  4.85470376e-07  2.82256342e-06 
 4.85520376e-07  5.35576693e-07  4.85520376e-07 -2.77733001e-06 
 4.85570376e-07 -3.85785669e-07  4.85570376e-07  2.74972855e-06 
 4.85620376e-07  4.77034761e-07  4.85620376e-07 -2.70260658e-06 
 4.85670376e-07 -3.30269259e-07  4.85670376e-07  2.67323287e-06 
 4.85720376e-07  4.24427973e-07  4.85720376e-07 -2.62445321e-06 
 4.85770376e-07 -2.80457104e-07  4.85770376e-07  2.59353357e-06 
 4.85820376e-07  3.77296975e-07  4.85820376e-07 -2.54331740e-06 
 4.85870376e-07 -2.35895506e-07  4.85870376e-07  2.51106739e-06 
 4.85920376e-07  3.35195212e-07  4.85920376e-07 -2.45962425e-06 
 4.85970376e-07 -1.96146391e-07  4.85970376e-07  2.42624720e-06 
 4.86020376e-07  2.97694152e-07  4.86020376e-07 -2.37377404e-06 
 4.86070376e-07 -1.60791474e-07  4.86070376e-07  2.33946030e-06 
 4.86120376e-07  2.64386533e-07  4.86120376e-07 -2.28614082e-06 
 4.86170376e-07 -1.29435251e-07  4.86170376e-07  2.25106758e-06 
 4.86220376e-07  2.34888900e-07  4.86220376e-07 -2.19707237e-06 
 4.86270376e-07 -1.01706501e-07  4.86270376e-07  2.16140365e-06 
 4.86320376e-07  2.08842547e-07  4.86320376e-07 -2.10689032e-06 
 4.86370376e-07 -7.72591654e-08  4.86370376e-07  2.07077745e-06 
 4.86420376e-07  1.85914079e-07  4.86420376e-07 -2.01589112e-06 
 4.86470376e-07 -5.57724538e-08  4.86470376e-07  1.97947318e-06 
 4.86520376e-07  1.65795087e-07  4.86520376e-07 -1.92434700e-06 
 4.86570376e-07 -3.69502422e-08  4.86570376e-07  1.88775146e-06 
 4.86620376e-07  1.48201680e-07  4.86620376e-07 -1.83250733e-06 
 4.86670376e-07 -2.05205774e-08  4.86670376e-07  1.79585066e-06 
 4.86720376e-07  1.32873563e-07  4.86720376e-07 -1.74059983e-06 
 4.86770376e-07 -6.23449511e-09  4.86770376e-07  1.70398825e-06 
 4.86820376e-07  1.19572796e-07  4.86820376e-07 -1.64883203e-06 
 4.86870376e-07  6.13506666e-09  4.86870376e-07  1.61236215e-06 
 4.86920376e-07  1.08082819e-07  4.86920376e-07 -1.55739253e-06 
 4.86970376e-07  1.67946493e-08  4.86970376e-07  1.52115195e-06 
 4.87020376e-07  9.82067682e-08  4.87020376e-07 -1.46645232e-06 
 4.87070376e-07  2.59317123e-08  4.87070376e-07  1.43052040e-06 
 4.87120376e-07  8.97663630e-08  4.87120376e-07 -1.37616613e-06 
 4.87170376e-07  3.37157052e-08  4.87170376e-07  1.34061440e-06 
 4.87220376e-07  8.26005484e-08  4.87220376e-07 -1.28667343e-06 
 4.87270376e-07  4.02996761e-08  4.87270376e-07  1.25156635e-06 
 4.87320376e-07  7.65639469e-08  4.87320376e-07 -1.19809970e-06 
 4.87370376e-07  4.58215629e-08  4.87370376e-07  1.16349507e-06 
 4.87420376e-07  7.15258284e-08  4.87420376e-07 -1.11055741e-06 
 4.87470376e-07  5.04052748e-08  4.87470376e-07  1.07650689e-06 
 4.87520376e-07  6.73687308e-08  4.87520376e-07 -1.02414701e-06 
 4.87570376e-07  5.41620913e-08  4.87570376e-07  9.90696638e-07 
 4.87620376e-07  6.39872666e-08  4.87620376e-07 -9.38957845e-07 
 4.87670376e-07  5.71917083e-08  4.87670376e-07  9.06148332e-07 
 4.87720376e-07  6.12872387e-08  4.87720376e-07 -8.55068901e-07 
 4.87770376e-07  5.95832857e-08  4.87770376e-07  8.22936196e-07 
 4.87820376e-07  5.91841936e-08  4.87820376e-07 -7.72549797e-07 
 4.87870376e-07  6.14165216e-08  4.87870376e-07  7.41125377e-07 
 4.87920376e-07  5.76030224e-08  4.87920376e-07 -6.91461293e-07 
 4.87970376e-07  6.27624079e-08  4.87970376e-07  6.60772433e-07 
 4.88020376e-07  5.64766076e-08  4.88020376e-07 -6.11856108e-07 
 4.88070376e-07  6.36842253e-08  4.88070376e-07  5.81926377e-07 
 4.88120376e-07  5.57453775e-08  4.88120376e-07 -5.33779479e-07 
 4.88170376e-07  6.42381470e-08  4.88170376e-07  5.04628825e-07 
 4.88220376e-07  5.53562280e-08  4.88220376e-07 -4.57269727e-07 
 4.88270376e-07  6.44742324e-08  4.88270376e-07  4.28914940e-07 
 4.88320376e-07  5.52621722e-08  4.88320376e-07 -3.82358897e-07 
 4.88370376e-07  6.44366719e-08  4.88370376e-07  3.54813786e-07 
 4.88420376e-07  5.54215768e-08  4.88420376e-07 -3.09073137e-07 
 4.88470376e-07  6.41647375e-08  4.88470376e-07  2.82348733e-07 
 4.88520376e-07  5.57973650e-08  4.88520376e-07 -2.37433236e-07 
 4.88570376e-07  6.36931385e-08  4.88570376e-07  2.11538029e-07 
 4.88620376e-07  5.63570846e-08  4.88620376e-07 -1.67455029e-07 
 4.88670376e-07  6.30525178e-08  4.88670376e-07  1.42395214e-07 
 4.88720376e-07  5.70719053e-08  4.88720376e-07 -9.91497974e-08 
 4.88770376e-07  6.22698299e-08  4.88770376e-07  7.49294368e-08 
 4.88820376e-07  5.79164800e-08  4.88820376e-07 -3.25246726e-08 
 4.88870376e-07  6.13689163e-08  4.88870376e-07  9.14590473e-09 
 4.88920376e-07  5.88685014e-08  4.88920376e-07  3.24169786e-08 
 4.88970376e-07  6.03707137e-08  4.88970376e-07 -5.49538315e-08 
 4.89020376e-07  5.99083842e-08  4.89020376e-07  9.56753913e-08 
 4.89070376e-07  5.92934467e-08  4.89070376e-07 -1.17371660e-07 
 4.89120376e-07  6.10189429e-08  4.89120376e-07  1.57253921e-07 
 4.89170376e-07  5.81532971e-08  4.89170376e-07 -1.78112385e-07 
 4.89220376e-07  6.21851822e-08  4.89220376e-07  2.17158842e-07 
 4.89270376e-07  5.69643081e-08  4.89270376e-07 -2.37183654e-07 
 4.89320376e-07  6.33938733e-08  4.89320376e-07  2.75399124e-07 
 4.89370376e-07  5.57387297e-08  4.89370376e-07 -2.94595643e-07 
 4.89420376e-07  6.46336882e-08  4.89420376e-07  3.31986038e-07 
 4.89470376e-07  5.44872010e-08  4.89470376e-07 -3.50360771e-07 
 4.89520376e-07  6.58946022e-08  4.89520376e-07  3.86933096e-07 
 4.89570376e-07  5.32190277e-08  4.89570376e-07 -4.04493580e-07 
 4.89620376e-07  6.71680358e-08  4.89620376e-07  4.40255789e-07 
 4.89670376e-07  5.19422082e-08  4.89670376e-07 -4.57010408e-07 
 4.89720376e-07  6.84465122e-08  4.89720376e-07  4.91971376e-07 
 4.89770376e-07  5.06637035e-08  4.89770376e-07 -5.07929327e-07 
 4.89820376e-07  6.97235884e-08  4.89820376e-07  5.42098650e-07 
 4.89870376e-07  4.93893941e-08  4.89870376e-07 -5.57269896e-07 
 4.89920376e-07  7.09937999e-08  4.89920376e-07  5.90657801e-07 
 4.89960188e-07  4.79635425e-08  4.89960188e-07 -6.11055877e-07 
 4.90000000e-07  7.25720727e-08  4.90000000e-07  6.49455772e-07 
 4.90005000e-07 -8.04929953e-06  4.90005000e-07 -7.28066526e-05 
 4.90015000e-07  5.89368318e-06  4.90015000e-07  1.24041354e-05 
 4.90035000e-07  1.71768510e-06  4.90035000e-07  1.43563310e-05 
 4.90075000e-07 -2.65582980e-06  4.90075000e-07  1.69522366e-05 
 4.90125000e-07  2.38958370e-05  4.90125000e-07  1.72619512e-04 
 4.90162500e-07  1.44507663e-05  4.90162500e-07  1.92728332e-04 
 4.90200000e-07 -3.40996054e-04  4.90200000e-07 -1.50274667e-04 
 4.90205000e-07 -3.40643185e-04  4.90205000e-07 -3.70856662e-04 
 4.90215000e-07  8.23773794e-06  4.90215000e-07 -8.10995875e-04 
 4.90235000e-07  5.21972058e-04  4.90235000e-07 -1.33151606e-03 
 4.90273305e-07 -2.74560156e-04  4.90273305e-07 -4.37169319e-04 
 4.90315720e-07  1.33777347e-04  4.90315720e-07  1.69772033e-03 
 4.90360153e-07 -5.38792890e-05  4.90360153e-07 -2.84178235e-04 
 4.90410153e-07  1.69258773e-05  4.90410153e-07  2.41903620e-04 
 4.90460153e-07  9.95052751e-06  4.90460153e-07 -3.07958227e-04 
 4.90510153e-07 -3.13260592e-05  4.90510153e-07  1.31626790e-04 
 4.90560153e-07  4.67245807e-05  4.90560153e-07 -1.04848762e-04 
 4.90610153e-07 -5.63137618e-05  4.90610153e-07  6.07780778e-05 
 4.90660153e-07  6.18296278e-05  4.90660153e-07 -3.23954944e-05 
 4.90710153e-07 -6.40479099e-05  4.90710153e-07 -7.21905330e-06 
 4.90760153e-07  6.43259942e-05  4.90760153e-07  2.81919597e-05 
 4.90810153e-07 -6.29053296e-05  4.90810153e-07 -5.15937038e-05 
 4.90860153e-07  6.07422117e-05  4.90860153e-07  6.75767164e-05 
 4.90910153e-07 -5.77196893e-05  4.90910153e-07 -8.15113645e-05 
 4.90960153e-07  5.45676407e-05  4.90960153e-07  9.21334958e-05 
 4.91010153e-07 -5.09826078e-05  4.91010153e-07 -1.00429183e-04 
 4.91060153e-07  4.75757688e-05  4.91060153e-07  1.06808414e-04 
 4.91110153e-07 -4.39493494e-05  4.91110153e-07 -1.11441017e-04 
 4.91160153e-07  4.06511197e-05  4.91160153e-07  1.14811541e-04 
 4.91210153e-07 -3.72353686e-05  4.91210153e-07 -1.16992031e-04 
 4.91260153e-07  3.42150345e-05  4.91260153e-07  1.18321079e-04 
 4.91310153e-07 -3.11200870e-05  4.91310153e-07 -1.18865209e-04 
 4.91360153e-07  2.84440169e-05  4.91360153e-07  1.18845048e-04 
 4.91410153e-07 -2.57047566e-05  4.91410153e-07 -1.18316759e-04 
 4.91460153e-07  2.33849512e-05  4.91460153e-07  1.17427559e-04 
 4.91510153e-07 -2.09969725e-05  4.91510153e-07 -1.16216236e-04 
 4.91560153e-07  1.90175611e-05  4.91560153e-07  1.14786118e-04 
 4.91610153e-07 -1.69569505e-05  4.91610153e-07 -1.13158047e-04 
 4.91660153e-07  1.52888596e-05  4.91660153e-07  1.11408724e-04 
 4.91710153e-07 -1.35231669e-05  4.91710153e-07 -1.09543722e-04 
 4.91760153e-07  1.21322561e-05  4.91760153e-07  1.07623208e-04 
 4.91810153e-07 -1.06265432e-05  4.91810153e-07 -1.05640898e-04 
 4.91860153e-07  9.47805419e-06  4.91860153e-07  1.03646519e-04 
 4.91910153e-07 -8.19814882e-06  4.91910153e-07 -1.01625004e-04 
 4.91960153e-07  7.25904445e-06  4.91960153e-07  9.96194587e-05 
 4.92010153e-07 -6.17318763e-06  4.92010153e-07 -9.76084718e-05 
 4.92060153e-07  5.41327787e-06  4.92060153e-07  9.56309867e-05 
 4.92110153e-07 -4.49285188e-06  4.92110153e-07 -9.36610697e-05 
 4.92160153e-07  3.88522594e-06  4.92160153e-07  9.17351118e-05 
 4.92210153e-07 -3.10496024e-06  4.92210153e-07 -8.98239747e-05 
 4.92260153e-07  2.62592817e-06  4.92260153e-07  8.79641938e-05 
 4.92310153e-07 -1.96400967e-06  4.92310153e-07 -8.61161020e-05 
 4.92360153e-07  1.59320433e-06  4.92360153e-07  8.43294991e-05 
 4.92410153e-07 -1.03037830e-06  4.92410153e-07 -8.25544376e-05 
 4.92460153e-07  7.50358635e-07  4.92460153e-07  8.08397410e-05 
 4.92510153e-07 -2.70440311e-07  4.92510153e-07 -7.91374025e-05 
 4.92560153e-07  6.62304143e-08  4.92560153e-07  7.74939918e-05 
 4.92610153e-07  3.44561773e-07  4.92610153e-07 -7.58624824e-05 
 4.92660153e-07 -4.85676495e-07  4.92660153e-07  7.42879745e-05 
 4.92710153e-07  8.38998480e-07  4.92710153e-07 -7.27254707e-05 
 4.92760153e-07 -9.27780570e-07  4.92760153e-07  7.12144558e-05 
 4.92810153e-07  1.23347938e-06  4.92810153e-07 -6.97166475e-05 
 4.92860153e-07 -1.27893537e-06  4.92860153e-07  6.82696137e-05 
 4.92910153e-07  1.54532847e-06  4.92910153e-07 -6.68305240e-05 
 4.92960153e-07 -1.55504206e-06  4.92960153e-07  6.54420100e-05 
 4.93010153e-07  1.78902295e-06  4.93010153e-07 -6.40599964e-05 
 4.93060153e-07 -1.76935192e-06  4.93060153e-07  6.27260689e-05 
 4.93110153e-07  1.97672546e-06  4.93110153e-07 -6.13972860e-05 
 4.93160153e-07 -1.93297245e-06  4.93160153e-07  6.01145752e-05 
 4.93210153e-07  2.11857503e-06  4.93210153e-07 -5.88356530e-05 
 4.93260153e-07 -2.05515527e-06  4.93260153e-07  5.76009569e-05 
 4.93310153e-07  2.22301073e-06  4.93310153e-07 -5.63687967e-05 
 4.93360153e-07 -2.14359337e-06  4.93360153e-07  5.51791759e-05 
 4.93410153e-07  2.29704223e-06  4.93410153e-07 -5.39909442e-05 
 4.93460153e-07 -2.20466963e-06  4.93460153e-07  5.28437218e-05 
 4.93510153e-07  2.34647890e-06  4.93510153e-07 -5.16968442e-05 
 4.93560153e-07 -2.24366782e-06  4.93560153e-07  5.05895931e-05 
 4.93610153e-07  2.37612384e-06  4.93610153e-07 -4.94817378e-05 
 4.93660153e-07 -2.26495112e-06  4.93660153e-07  4.84122615e-05 
 4.93710153e-07  2.38993836e-06  4.93710153e-07 -4.73413193e-05 
 4.93760153e-07 -2.27211334e-06  4.93760153e-07  4.63076308e-05 
 4.93810153e-07  2.39118087e-06  4.93810153e-07 -4.52716932e-05 
 4.93860153e-07 -2.26810669e-06  4.93860153e-07  4.42719932e-05 
 4.93910153e-07  2.38252411e-06  4.93910153e-07 -4.32693303e-05 
 4.93960153e-07 -2.25534874e-06  4.93960153e-07  4.23019862e-05 
 4.94010153e-07  2.36615332e-06  4.94010153e-07 -4.13310269e-05 
 4.94060153e-07 -2.23581307e-06  4.94060153e-07  4.03945536e-05 
 4.94110153e-07  2.34384915e-06  4.94110153e-07 -3.94538663e-05 
 4.94160153e-07 -2.21110468e-06  4.94160153e-07  3.85469083e-05 
 4.94210153e-07  2.31705695e-06  4.94210153e-07 -3.76351843e-05 
 4.94260153e-07 -2.18252360e-06  4.94260153e-07  3.67564999e-05 
 4.94310153e-07  2.28694472e-06  4.94310153e-07 -3.58725385e-05 
 4.94360153e-07 -2.15111796e-06  4.94360153e-07  3.50209859e-05 
 4.94410153e-07  2.25445168e-06  4.94410153e-07 -3.41636813e-05 
 4.94460153e-07 -2.11772819e-06  4.94460153e-07  3.33382067e-05 
 4.94510153e-07  2.22032872e-06  4.94510153e-07 -3.25065364e-05 
 4.94560153e-07 -2.08302396e-06  4.94560153e-07  3.17061634e-05 
 4.94610153e-07  2.18517205e-06  4.94610153e-07 -3.08991783e-05 
 4.94660153e-07 -2.04753511e-06  4.94660153e-07  3.01229986e-05 
 4.94710153e-07  2.14945139e-06  4.94710153e-07 -2.93398148e-05 
 4.94760153e-07 -2.01167699e-06  4.94760153e-07  2.85869806e-05 
 4.94810153e-07  2.11353310e-06  4.94810153e-07 -2.78267716e-05 
 4.94860153e-07 -1.97577181e-06  4.94860153e-07  2.70964886e-05 
 4.94910153e-07  2.07769960e-06  4.94910153e-07 -2.63584794e-05 
 4.94960153e-07 -1.94006620e-06  4.94960153e-07  2.56500011e-05 
 4.95010153e-07  2.04216530e-06  4.95010153e-07 -2.49334622e-05 
 4.95060153e-07 -1.90474558e-06  4.95060153e-07  2.42460850e-05 
 4.95110153e-07  2.00708972e-06  4.95110153e-07 -2.35503279e-05 
 4.95160153e-07 -1.86994641e-06  4.95160153e-07  2.28833866e-05 
 4.95210153e-07  1.97258856e-06  4.95210153e-07 -2.22077601e-05 
 4.95260153e-07 -1.83576577e-06  4.95260153e-07  2.15606240e-05 
 4.95310153e-07  1.93874241e-06  4.95310153e-07 -2.09045100e-05 
 4.95360153e-07 -1.80226958e-06  4.95360153e-07  2.02765800e-05 
 4.95410153e-07  1.90560413e-06  4.95410153e-07 -1.96393909e-05 
 4.95460153e-07 -1.76949927e-06  4.95460153e-07  1.90300963e-05 
 4.95510153e-07  1.87320499e-06  4.95510153e-07 -1.84112723e-05 
 4.95560153e-07 -1.73747703e-06  4.95560153e-07  1.78200685e-05 
 4.95610153e-07  1.84155935e-06  4.95610153e-07 -1.72190749e-05 
 4.95660153e-07 -1.70621040e-06  4.95660153e-07  1.66454415e-05 
 4.95710153e-07  1.81066865e-06  4.95710153e-07 -1.60617667e-05 
 4.95760153e-07 -1.67569558e-06  4.95760153e-07  1.55052052e-05 
 4.95810153e-07  1.78052468e-06  4.95810153e-07 -1.49383594e-05 
 4.95860153e-07 -1.64592056e-06  4.95860153e-07  1.43983915e-05 
 4.95910153e-07  1.75111212e-06  4.95910153e-07 -1.38479046e-05 
 4.95960153e-07 -1.61686721e-06  4.95960153e-07  1.33240711e-05 
 4.96010153e-07  1.72241048e-06  4.96010153e-07 -1.27894913e-05 
 4.96060153e-07 -1.58851314e-06  4.96060153e-07  1.22813504e-05 
 4.96110153e-07  1.69439590e-06  4.96110153e-07 -1.17622431e-05 
 4.96160153e-07 -1.56083330e-06  4.96160153e-07  1.12693693e-05 
 4.96210153e-07  1.66704234e-06  4.96210153e-07 -1.07653159e-05 
 4.96260153e-07 -1.53380092e-06  4.96260153e-07  1.02872991e-05 
 4.96310153e-07  1.64032259e-06  4.96310153e-07 -9.79789583e-06 
 4.96360153e-07 -1.50738855e-06  4.96360153e-07  9.33434030e-06 
 4.96410153e-07  1.61420908e-06  4.96410153e-07 -8.85919746e-06 
 4.96460153e-07 -1.48156863e-06  4.96460153e-07  8.40972080e-06 
 4.96510153e-07  1.58867431e-06  4.96510153e-07 -7.94846194e-06 
 4.96560153e-07 -1.45631390e-06  4.96560153e-07  7.51269444e-06 
 4.96610153e-07  1.56369154e-06  4.96610153e-07 -7.06495548e-06 
 4.96660153e-07 -1.43159810e-06  4.96660153e-07  6.64253945e-06 
 4.96710153e-07  1.53923487e-06  4.96710153e-07 -6.20796806e-06 
 4.96760153e-07 -1.40739583e-06  4.96760153e-07  5.79855707e-06 
 4.96810153e-07  1.51527959e-06  4.96810153e-07 -5.37681199e-06 
 4.96860153e-07 -1.38368310e-06  4.96860153e-07  4.98007037e-06 
 4.96910153e-07  1.49180225e-06  4.96910153e-07 -4.57082088e-06 
 4.96960153e-07 -1.36043708e-06  4.96960153e-07  4.18642305e-06 
 4.97010153e-07  1.46878083e-06  4.97010153e-07 -3.78934840e-06 
 4.97060153e-07 -1.33763643e-06  4.97060153e-07  3.41697850e-06 
 4.97110153e-07  1.44619472e-06  4.97110153e-07 -3.03176742e-06 
 4.97160153e-07 -1.31526131e-06  4.97160153e-07  2.67111885e-06 
 4.97210153e-07  1.42402464e-06  4.97210153e-07 -2.29746915e-06 
 4.97260153e-07 -1.29329313e-06  4.97260153e-07  1.94824395e-06 
 4.97310153e-07  1.40225280e-06  4.97310153e-07 -1.58586204e-06 
 4.97360153e-07 -1.27171471e-06  4.97360153e-07  1.24777072e-06 
 4.97410153e-07  1.38086270e-06  4.97410153e-07 -8.96371240e-07 
 4.97460153e-07 -1.25051031e-06  4.97460153e-07  5.69132344e-07 
 4.97510153e-07  1.35983911e-06  4.97510153e-07 -2.28437829e-07 
 4.97560153e-07 -1.22966526e-06  4.97560153e-07 -8.82225154e-08 
 4.97610153e-07  1.33916813e-06  4.97610153e-07  4.18482008e-07 
 4.97660153e-07 -1.20916628e-06  4.97660153e-07 -7.24830222e-07 
 4.97710153e-07  1.31883691e-06  4.97710153e-07  1.04491734e-06 
 4.97760153e-07 -1.18900095e-06  4.97760153e-07 -1.34121285e-06 
 4.97810153e-07  1.29883363e-06  4.97810153e-07  1.65138335e-06 
 4.97860153e-07 -1.16915812e-06  4.97860153e-07 -1.93787872e-06 
 4.97910153e-07  1.27914757e-06  4.97910153e-07  2.23838168e-06 
 4.97960153e-07 -1.14962743e-06  4.97960153e-07 -2.51532301e-06 
 4.98010153e-07  1.25976887e-06  4.98010153e-07  2.80640103e-06 
 4.98060153e-07 -1.13039949e-06  4.98060153e-07 -3.07402811e-06 
 4.98110153e-07  1.24068852e-06  4.98110153e-07  3.35591764e-06 
 4.98160153e-07 -1.11146566e-06  4.98160153e-07 -3.61446416e-06 
 4.98210153e-07  1.22189829e-06  4.98210153e-07  3.88739567e-06 
 4.98260153e-07 -1.09281809e-06  4.98260153e-07 -4.13708952e-06 
 4.98310153e-07  1.20339060e-06  4.98310153e-07  4.40128771e-06 
 4.98360153e-07 -1.07444956e-06  4.98360153e-07 -4.64235108e-06 
 4.98410153e-07  1.18515863e-06  4.98410153e-07  4.89803509e-06 
 4.98460153e-07 -1.05635348e-06  4.98460153e-07 -5.13068476e-06 
 4.98510153e-07  1.16719600e-06  4.98510153e-07  5.37806836e-06 
 4.98560153e-07 -1.03852377e-06  4.98560153e-07 -5.60251572e-06 
 4.98610153e-07  1.14949693e-06  4.98610153e-07  5.84180744e-06 
 4.98660153e-07 -1.02095485e-06  4.98660153e-07 -6.05825888e-06 
 4.98710153e-07  1.13205607e-06  4.98710153e-07  6.28966224e-06 
 4.98760153e-07 -1.00364166e-06  4.98760153e-07 -6.49831907e-06 
 4.98810153e-07  1.11486852e-06  4.98810153e-07  6.72203267e-06 
 4.98860153e-07 -9.86579473e-07  4.98860153e-07 -6.92309147e-06 
 4.98910153e-07  1.09792973e-06  4.98910153e-07  7.13930917e-06 
 4.98960153e-07 -9.69763853e-07  4.98960153e-07 -7.33296182e-06 
 4.99010153e-07  1.08123553e-06  4.99010153e-07  7.54187292e-06 
 4.99060153e-07 -9.53190843e-07  4.99060153e-07 -7.72830670e-06 
 4.99110153e-07  1.06478194e-06  4.99110153e-07  7.93009596e-06 
 4.99160153e-07 -9.36856596e-07  4.99160153e-07 -8.10949385e-06 
 4.99210153e-07  1.04856539e-06  4.99210153e-07  8.30434174e-06 
 4.99260153e-07 -9.20757608e-07  4.99260153e-07 -8.47688237e-06 
 4.99310153e-07  1.03258241e-06  4.99310153e-07  8.66496507e-06 
 4.99360153e-07 -9.04890608e-07  4.99360153e-07 -8.83082288e-06 
 4.99410153e-07  1.01682986e-06  4.99410153e-07  9.01231255e-06 
 4.99460153e-07 -8.89252456e-07  4.99460153e-07 -9.17165795e-06 
 4.99510153e-07  1.00130465e-06  4.99510153e-07  9.34672268e-06 
 4.99560153e-07 -8.73840185e-07  4.99560153e-07 -9.49972213e-06 
 4.99610153e-07  9.86003941e-07  4.99610153e-07  9.66852615e-06 
 4.99660153e-07 -8.58651028e-07  4.99660153e-07 -9.81534221e-06 
 4.99710153e-07  9.70924972e-07  4.99710153e-07  9.97804593e-06 
 4.99760153e-07 -8.43682274e-07  4.99760153e-07 -1.01188375e-05 
 4.99810153e-07  9.56065161e-07  4.99810153e-07  1.02755976e-05 
 4.99860153e-07 -8.28931453e-07  4.99860153e-07 -1.04105198e-05 
 4.99910153e-07  9.41422033e-07  4.99910153e-07  1.05614894e-05 
 4.99955077e-07 -8.13581103e-07  4.99955077e-07 -1.07061888e-05 
 5.00000000e-07  9.25375916e-07  5.00000000e-07  1.08663484e-05 
 5.00005000e-07  1.48886325e-05  5.00005000e-07  2.03253322e-04 
 5.00015000e-07 -3.36788399e-06  5.00015000e-07  2.00703781e-05 
 5.00035000e-07 -8.05796533e-06  5.00035000e-07 -4.80966311e-05 
 5.00075000e-07  5.26513369e-06  5.00075000e-07 -7.66593892e-05 
 5.00125000e-07 -4.11018475e-05  5.00125000e-07 -1.74885414e-04 
 5.00162500e-07 -1.73987564e-05  5.00162500e-07 -4.64229303e-04 
 5.00200000e-07  1.81203080e-03  5.00200000e-07  5.51704927e-04 
 5.00205000e-07  1.19926836e-03  5.00205000e-07  1.08381029e-03 
 5.00215000e-07 -2.66074881e-03  5.00215000e-07  2.26550039e-03 
 5.00235000e-07 -1.05322965e-02  5.00235000e-07  4.09320059e-03 
 5.00275000e-07 -1.67285161e-02  5.00275000e-07  2.51969355e-03 
 5.00325000e-07  7.77752878e-01  5.00325000e-07 -1.90765464e-02 
 5.00375000e-07  1.21115707e+00  5.00375000e-07 -3.22868756e-02 
 5.00425000e-07  1.17995474e+00  5.00425000e-07 -1.96137984e-02 
 5.00475000e-07  1.21482952e+00  5.00475000e-07  9.88162529e-02 
 5.00525000e-07  1.18694898e+00  5.00525000e-07  4.79108794e-01 
 5.00575000e-07  1.21121392e+00  5.00575000e-07  2.04360290e+00 
 5.00625000e-07  1.19023134e+00  5.00625000e-07  3.02111594e+00 
 5.00675000e-07  1.20842537e+00  5.00675000e-07  3.16780864e+00 
 5.00725000e-07  1.19266607e+00  5.00725000e-07  3.24447179e+00 
 5.00775000e-07  1.20633854e+00  5.00775000e-07  3.26669032e+00 
 5.00825000e-07  1.19448442e+00  5.00825000e-07  3.28307633e+00 
 5.00875000e-07  1.20477501e+00  5.00875000e-07  3.28359206e+00 
 5.00925000e-07  1.19584518e+00  5.00925000e-07  3.29248716e+00 
 5.00975000e-07  1.20360213e+00  5.00975000e-07  3.29169053e+00 
 5.01025000e-07  1.19686517e+00  5.01025000e-07  3.29689384e+00 
 5.01075000e-07  1.20272132e+00  5.01075000e-07  3.29572478e+00 
 5.01125000e-07  1.19763085e+00  5.01125000e-07  3.29883137e+00 
 5.01175000e-07  1.20205909e+00  5.01175000e-07  3.29774927e+00 
 5.01225000e-07  1.19820642e+00  5.01225000e-07  3.29963881e+00 
 5.01275000e-07  1.20156264e+00  5.01275000e-07  3.29878740e+00 
 5.01325000e-07  1.19864003e+00  5.01325000e-07  3.29994627e+00 
 5.01375000e-07  1.20118578e+00  5.01375000e-07  3.29933906e+00 
 5.01425000e-07  1.19896741e+00  5.01425000e-07  3.30004146e+00 
 5.01475000e-07  1.20090184e+00  5.01475000e-07  3.29964043e+00 
 5.01525000e-07  1.19921348e+00  5.01525000e-07  3.30005171e+00 
 5.01575000e-07  1.20068734e+00  5.01575000e-07  3.29981112e+00 
 5.01625000e-07  1.19939966e+00  5.01625000e-07  3.30003289e+00 
 5.01675000e-07  1.20052503e+00  5.01675000e-07  3.29991121e+00 
 5.01725000e-07  1.19954075e+00  5.01725000e-07  3.30000793e+00 
 5.01775000e-07  1.20040199e+00  5.01775000e-07  3.29997162e+00 
 5.01825000e-07  1.19964786e+00  5.01825000e-07  3.29998542e+00 
 5.01875000e-07  1.20030852e+00  5.01875000e-07  3.30000880e+00 
 5.01925000e-07  1.19972935e+00  5.01925000e-07  3.29996786e+00 
 5.01962500e-07  1.20022722e+00  5.01962500e-07  3.30003393e+00 
 5.02000000e-07  1.19980882e+00  5.02000000e-07  3.29995107e+00 
 5.02005000e-07  1.19962104e+00  5.02005000e-07  3.29883810e+00 
 5.02015000e-07  1.19955088e+00  5.02015000e-07  3.29791410e+00 
 5.02035000e-07  1.19979576e+00  5.02035000e-07  3.29801804e+00 
 5.02075000e-07  1.19983251e+00  5.02075000e-07  3.29957711e+00 
 5.02125000e-07  1.20335416e+00  5.02125000e-07  3.31767715e+00 
 5.02162500e-07  1.21215598e+00  5.02162500e-07  3.33828408e+00 
 5.02200000e-07  1.22957604e+00  5.02200000e-07  3.36639148e+00 
 5.02205000e-07  1.22828179e+00  5.02205000e-07  3.36933477e+00 
 5.02215000e-07  1.20896876e+00  5.02215000e-07  3.36760834e+00 
 5.02235000e-07  9.78596469e-01  5.02235000e-07  3.34197976e+00 
 5.02275000e-07  9.81243428e-02  5.02275000e-07  3.23675527e+00 
 5.02325000e-07 -1.38412470e-02  5.02325000e-07  2.93482086e+00 
 5.02375000e-07  1.52491836e-02  5.02375000e-07  1.01591314e+00 
 5.02425000e-07 -1.47199501e-02  5.02425000e-07  4.34282871e-02 
 5.02475000e-07  1.38067083e-02  5.02475000e-07  6.46387969e-02 
 5.02525000e-07 -1.25836571e-02  5.02525000e-07 -1.78952461e-02 
 5.02575000e-07  1.17327839e-02  5.02575000e-07  2.25977430e-02 
 5.02625000e-07 -1.07083380e-02  5.02625000e-07 -1.59391629e-02 
 5.02675000e-07  9.97276614e-03  5.02675000e-07  1.33648563e-02 
 5.02725000e-07 -9.12797958e-03  5.02725000e-07 -1.07777783e-02 
 5.02775000e-07  8.49445805e-03  5.02775000e-07  8.86505025e-03 
 5.02825000e-07 -7.79292794e-03  5.02825000e-07 -7.31535061e-03 
 5.02875000e-07  7.24784350e-03  5.02875000e-07  6.06707739e-03 
 5.02925000e-07 -6.66201283e-03  5.02925000e-07 -5.05850481e-03 
 5.02975000e-07  6.19341553e-03  5.02975000e-07  4.22705592e-03 
 5.03025000e-07 -5.70206539e-03  5.03025000e-07 -3.54621949e-03 
 5.03075000e-07  5.29948566e-03  5.03075000e-07  2.97657266e-03 
 5.03125000e-07 -4.88591377e-03  5.03125000e-07 -2.50388702e-03 
 5.03175000e-07  4.54021490e-03  5.03175000e-07  2.10375138e-03 
 5.03225000e-07 -4.19108077e-03  5.03225000e-07 -1.76782954e-03 
 5.03275000e-07  3.89432316e-03  5.03275000e-07  1.48080166e-03 
 5.03325000e-07 -3.59885244e-03  5.03325000e-07 -1.23741796e-03 
 5.03375000e-07  3.34416024e-03  5.03375000e-07  1.02793145e-03 
 5.03425000e-07 -3.09357257e-03  5.03425000e-07 -8.48796750e-04 
 5.03475000e-07  2.87500682e-03  5.03475000e-07  6.93751115e-04 
 5.03525000e-07 -2.66209370e-03  5.03525000e-07 -5.60238868e-04 
 5.03575000e-07  2.47453511e-03  5.03575000e-07  4.44218656e-04 
 5.03625000e-07 -2.29334197e-03  5.03625000e-07 -3.43740451e-04 
 5.03675000e-07  2.13238484e-03  5.03675000e-07  2.56204554e-04 
 5.03725000e-07 -1.97796742e-03  5.03725000e-07 -1.80052267e-04 
 5.03775000e-07  1.83982491e-03  5.03775000e-07  1.13634093e-04 
 5.03825000e-07 -1.70805990e-03  5.03825000e-07 -5.56582345e-05 
 5.03875000e-07  1.58948026e-03  5.03875000e-07  5.10954801e-06 
 5.03925000e-07 -1.47930261e-03  5.03925000e-07  3.91442904e-05 
 5.03975000e-07  1.37299502e-03  5.03975000e-07 -7.75778971e-05 
 5.04025000e-07 -1.28047799e-03  5.04025000e-07  1.11270998e-04 
 5.04075000e-07  1.18996424e-03  5.04075000e-07 -1.40539122e-04 
 5.04125000e-07 -1.11010299e-03  5.04125000e-07  1.66019667e-04 
 5.04175000e-07  1.03293038e-03  5.04175000e-07 -1.88172712e-04 
 5.04225000e-07 -9.64020473e-04  5.04225000e-07  2.07267153e-04 
 5.04275000e-07  8.98133323e-04  5.04275000e-07 -2.23853832e-04 
 5.04325000e-07 -8.38684346e-04  5.04325000e-07  2.37946338e-04 
 5.04375000e-07  7.82362104e-04  5.04375000e-07 -2.50148596e-04 
 5.04425000e-07 -7.31077441e-04  5.04425000e-07  2.60298787e-04 
 5.04475000e-07  6.82876512e-04  5.04475000e-07 -2.69027299e-04 
 5.04525000e-07 -6.38631186e-04  5.04525000e-07  2.76053769e-04 
 5.04575000e-07  5.97336831e-04  5.04575000e-07 -2.82016335e-04 
 5.04625000e-07 -5.59156800e-04  5.04625000e-07  2.86556780e-04 
 5.04675000e-07  5.23744204e-04  5.04675000e-07 -2.90307939e-04 
 5.04725000e-07 -4.90787492e-04  5.04725000e-07  2.92862979e-04 
 5.04775000e-07  4.60390101e-04  5.04775000e-07 -2.94840432e-04 
 5.04825000e-07 -4.31929849e-04  5.04825000e-07  2.95805903e-04 
 5.04875000e-07  4.05813458e-04  5.04875000e-07 -2.96357531e-04 
 5.04925000e-07 -3.81222841e-04  5.04925000e-07  2.96048521e-04 
 5.04975000e-07  3.58764287e-04  5.04975000e-07 -2.95452618e-04 
 5.05025000e-07 -3.37503200e-04  5.05025000e-07  2.94121518e-04 
 5.05075000e-07  3.18172754e-04  5.05075000e-07 -2.92602076e-04 
 5.05125000e-07 -2.99776127e-04  5.05125000e-07  2.90452251e-04 
 5.05175000e-07  2.83122871e-04  5.05175000e-07 -2.88190590e-04 
 5.05225000e-07 -2.67190455e-04  5.05225000e-07  2.85386806e-04 
 5.05275000e-07  2.52830102e-04  5.05275000e-07 -2.82530499e-04 
 5.05325000e-07 -2.39017581e-04  5.05325000e-07  2.79206940e-04 
 5.05375000e-07  2.26622285e-04  5.05375000e-07 -2.75876694e-04 
 5.05425000e-07 -2.14633551e-04  5.05425000e-07  2.72143159e-04 
 5.05475000e-07  2.03923361e-04  5.05475000e-07 -2.68438170e-04 
 5.05525000e-07 -1.93503832e-04  5.05525000e-07  2.64384894e-04 
 5.05575000e-07  1.84239501e-04  5.05575000e-07 -2.60387027e-04 
 5.05625000e-07 -1.75170336e-04  5.05625000e-07  2.56088464e-04 
 5.05675000e-07  1.67147252e-04  5.05675000e-07 -2.51865541e-04 
 5.05725000e-07 -1.59240358e-04  5.05725000e-07  2.47383335e-04 
 5.05775000e-07  1.52283425e-04  5.05775000e-07 -2.42991733e-04 
 5.05825000e-07 -1.45377150e-04  5.05825000e-07  2.38377076e-04 
 5.05875000e-07  1.39336440e-04  5.05875000e-07 -2.33863799e-04 
 5.05925000e-07 -1.33291866e-04  5.05925000e-07  2.29159306e-04 
 5.05975000e-07  1.28038938e-04  5.05975000e-07 -2.24563633e-04 
 5.06025000e-07 -1.22736684e-04  5.06025000e-07  2.19804850e-04 
 5.06075000e-07  1.18161455e-04  5.06075000e-07 -2.15159665e-04 
 5.06125000e-07 -1.13498929e-04  5.06125000e-07  2.10376276e-04 
 5.06175000e-07  1.09507012e-04  5.06175000e-07 -2.05709144e-04 
 5.06225000e-07 -1.05396043e-04  5.06225000e-07  2.00925951e-04 
 5.06275000e-07  1.01906479e-04  5.06275000e-07 -1.96259988e-04 
 5.06325000e-07 -9.82712911e-05  5.06325000e-07  1.91497709e-04 
 5.06375000e-07  9.52146119e-05  5.06375000e-07 -1.86852298e-04 
 5.06425000e-07 -9.19900738e-05  5.06425000e-07  1.82128221e-04 
 5.06475000e-07  8.93066558e-05  5.06475000e-07 -1.77519594e-04 
 5.06525000e-07 -8.64367791e-05  5.06525000e-07  1.72848112e-04 
 5.06575000e-07  8.40754312e-05  5.06575000e-07 -1.68289836e-04 
 5.06625000e-07 -8.15120823e-05  5.06625000e-07  1.63682894e-04 
 5.06675000e-07  7.94288407e-05  5.06675000e-07 -1.59186269e-04 
 5.06725000e-07 -7.71306329e-05  5.06725000e-07  1.54653731e-04 
 5.06775000e-07  7.52877307e-05  5.06775000e-07 -1.50228129e-04 
 5.06825000e-07 -7.32190724e-05  5.06825000e-07  1.45778084e-04 
 5.06875000e-07  7.15840574e-05  5.06875000e-07 -1.41431223e-04 
 5.06925000e-07 -6.97143351e-05  5.06925000e-07  1.37070247e-04 
 5.06975000e-07  6.82593144e-05  5.06975000e-07 -1.32808434e-04 
 5.07025000e-07 -6.65621909e-05  5.07025000e-07  1.28541805e-04 
 5.07075000e-07  6.52631838e-05  5.07075000e-07 -1.24370128e-04 
 5.07125000e-07 -6.37159959e-05  5.07125000e-07  1.20202013e-04 
 5.07175000e-07  6.25523795e-05  5.07175000e-07 -1.16124514e-04 
 5.07225000e-07 -6.11356198e-05  5.07225000e-07  1.12058124e-04 
 5.07275000e-07  6.00896538e-05  5.07275000e-07 -1.08077945e-04 
 5.07325000e-07 -5.87865269e-05  5.07325000e-07  1.04115666e-04 
 5.07375000e-07  5.78429459e-05  5.07375000e-07 -1.00235171e-04 
 5.07425000e-07 -5.66389862e-05  5.07425000e-07  9.63786843e-05 
 5.07475000e-07  5.57846503e-05  5.07475000e-07 -9.25995619e-05 
 5.07525000e-07 -5.46673946e-05  5.07525000e-07  8.88499387e-05 
 5.07575000e-07  5.38909892e-05  5.07575000e-07 -8.51732997e-05 
 5.07625000e-07 -5.28496949e-05  5.07625000e-07  8.15310860e-05 
 5.07675000e-07  5.21414737e-05  5.07675000e-07 -7.79575387e-05 
 5.07725000e-07 -5.11668770e-05  5.07725000e-07  7.44228294e-05 
 5.07775000e-07  5.05184412e-05  5.07775000e-07 -7.09525492e-05 
 5.07825000e-07 -4.96025497e-05  5.07825000e-07  6.75250518e-05 
 5.07875000e-07  4.90066579e-05  5.07875000e-07 -6.41578408e-05 
 5.07925000e-07 -4.81425719e-05  5.07925000e-07  6.08369302e-05 
 5.07975000e-07  4.75929780e-05  5.07975000e-07 -5.75722691e-05 
 5.08025000e-07 -4.67747373e-05  5.08025000e-07  5.43570357e-05 
 5.08075000e-07  4.62660501e-05  5.08075000e-07 -5.11941295e-05 
 5.08125000e-07 -4.54885027e-05  5.08125000e-07  4.80834214e-05 
 5.08175000e-07  4.50160664e-05  5.08175000e-07 -4.50212385e-05 
 5.08225000e-07 -4.42747549e-05  5.08225000e-07  4.20136981e-05 
 5.08275000e-07  4.38345457e-05  5.08275000e-07 -3.90510056e-05 
 5.08325000e-07 -4.31256108e-05  5.08325000e-07  3.61451018e-05 
 5.08375000e-07  4.27141484e-05  5.08375000e-07 -3.32804959e-05 
 5.08425000e-07 -4.20342448e-05  5.08425000e-07  3.04745517e-05 
 5.08475000e-07  4.16485166e-05  5.08475000e-07 -2.77064847e-05 
 5.08525000e-07 -4.09947417e-05  5.08525000e-07  2.49987025e-05 
 5.08575000e-07  4.06321370e-05  5.08575000e-07 -2.23255059e-05 
 5.08625000e-07 -4.00019689e-05  5.08625000e-07  1.97139887e-05 
 5.08675000e-07  3.96602233e-05  5.08675000e-07 -1.71338946e-05 
 5.08725000e-07 -3.90514684e-05  5.08725000e-07  1.46166654e-05 
 5.08775000e-07  3.87286149e-05  5.08775000e-07 -1.21278242e-05 
 5.08825000e-07 -3.81393620e-05  5.08825000e-07  9.70284219e-06 
 5.08875000e-07  3.78336900e-05  5.08875000e-07 -7.30333894e-06 
 5.08925000e-07 -3.72622711e-05  5.08925000e-07  4.96851463e-06 
 5.08975000e-07  3.69722909e-05  5.08975000e-07 -2.65638332e-06 
 5.09025000e-07 -3.64172477e-05  5.09025000e-07  4.09590933e-07 
 5.09075000e-07  3.61416594e-05  5.09075000e-07  1.81717324e-06 
 5.09125000e-07 -3.56017148e-05  5.09125000e-07 -3.97808417e-06 
 5.09175000e-07  3.53393823e-05  5.09175000e-07  6.12151372e-06 
 5.09225000e-07 -3.48134147e-05  5.09225000e-07 -8.19870864e-06 
 5.09275000e-07  3.45633431e-05  5.09275000e-07  1.02608542e-05 
 5.09325000e-07 -3.40503657e-05  5.09325000e-07 -1.22565049e-05 
 5.09375000e-07  3.38116816e-05  5.09375000e-07  1.42394268e-05 
 5.09425000e-07 -3.33108239e-05  5.09425000e-07 -1.61557038e-05 
 5.09475000e-07  3.30827590e-05  5.09475000e-07  1.80614645e-05 
 5.09525000e-07 -3.25932508e-05  5.09525000e-07 -1.99005304e-05 
 5.09575000e-07  3.23751273e-05  5.09575000e-07  2.17311881e-05 
 5.09625000e-07 -3.18962854e-05  5.09625000e-07 -2.34951921e-05 
 5.09675000e-07  3.16875035e-05  5.09675000e-07  2.52527951e-05 
 5.09725000e-07 -3.12187198e-05  5.09725000e-07 -2.69438679e-05 
 5.09775000e-07  3.10187476e-05  5.09775000e-07  2.86304495e-05 
 5.09825000e-07 -3.05594789e-05  5.09825000e-07 -3.02506991e-05 
 5.09875000e-07  3.03678427e-05  5.09875000e-07  3.18682735e-05 
 5.09925000e-07 -2.99176025e-05  5.09925000e-07 -3.34197814e-05 
 5.09962500e-07  2.96298258e-05  5.09962500e-07  3.54745103e-05 
 5.10000000e-07 -2.90872640e-05  5.10000000e-07 -3.74379697e-05 
 5.10005000e-07 -7.62837666e-06  5.10005000e-07 -5.82333467e-05 
 5.10015000e-07  7.26363672e-06  5.10015000e-07  1.44392990e-05 
 5.10035000e-07 -3.45918875e-07  5.10035000e-07  1.74366402e-05 
 5.10075000e-07 -1.42099857e-06  5.10075000e-07  6.56342769e-06 
 5.10125000e-07  1.61959462e-05  5.10125000e-07  1.22902958e-04 
 5.10162500e-07  6.01675341e-06  5.10162500e-07  1.12523268e-04 
 5.10200000e-07 -2.60050799e-04  5.10200000e-07 -1.17100438e-04 
 5.10205000e-07 -2.89860820e-04  5.10205000e-07 -3.13451488e-04 
 5.10215000e-07 -4.49346592e-05  5.10215000e-07 -6.78453491e-04 
 5.10235000e-07  4.30704417e-04  5.10235000e-07 -1.14940321e-03 
 5.10271733e-07 -2.63850825e-04  5.10271733e-07 -5.81047298e-05 
 5.10313796e-07  2.01360476e-04  5.10313796e-07  1.05243174e-03 
 5.10358973e-07 -1.04075003e-04  5.10358973e-07 -4.73049777e-06 
 5.10408973e-07  5.26705043e-05  5.10408973e-07 -2.72791147e-04 
 5.10458973e-07 -1.65698565e-05  5.10458973e-07  1.77555150e-04 
 5.10508973e-07 -6.13119474e-06  5.10508973e-07 -1.34187306e-04 
 5.10558973e-07  2.24168016e-05  5.10558973e-07  1.88997854e-04 
 5.10608973e-07 -3.26526604e-05  5.10608973e-07 -1.75469379e-04 
 5.10658973e-07  3.99037377e-05  5.10658973e-07  1.98102702e-04 
 5.10708973e-07 -4.39289671e-05  5.10708973e-07 -1.97110502e-04 
 5.10758973e-07  4.65148709e-05  5.10758973e-07  2.06060036e-04 
 5.10808973e-07 -4.72202931e-05  5.10808973e-07 -2.05588040e-04 
 5.10858973e-07  4.73196122e-05  5.10858973e-07  2.08457031e-04 
 5.10908973e-07 -4.62676871e-05  5.10908973e-07 -2.06572290e-04 
 5.10958973e-07  4.50558401e-05  5.10958973e-07  2.05984722e-04 
 5.11008973e-07 -4.31219886e-05  5.11008973e-07 -2.02635815e-04 
 5.11058973e-07  4.12835455e-05  5.11058973e-07  2.00017572e-04 
 5.11108973e-07 -3.89706134e-05  5.11108973e-07 -1.95579468e-04 
 5.11158973e-07  3.68933040e-05  5.11158973e-07  1.91589568e-04 
 5.11208973e-07 -3.44894955e-05  5.11208973e-07 -1.86513284e-04 
 5.11258973e-07  3.23995777e-05  5.11258973e-07  1.81828656e-04 
 5.11308973e-07 -3.00637292e-05  5.11308973e-07 -1.76399104e-04 
 5.11358973e-07  2.80794696e-05  5.11358973e-07  1.71370307e-04 
 5.11408973e-07 -2.58960252e-05  5.11408973e-07 -1.65823876e-04 
 5.11458973e-07  2.40781932e-05  5.11458973e-07  1.60652390e-04 
 5.11508973e-07 -2.20838665e-05  5.11508973e-07 -1.55170294e-04 
 5.11558973e-07  2.04580665e-05  5.11558973e-07  1.50048792e-04 
 5.11608973e-07 -1.86643596e-05  5.11608973e-07 -1.44738500e-04 
 5.11658973e-07  1.72347382e-05  5.11658973e-07  1.39775927e-04 
 5.11708973e-07 -1.56380804e-05  5.11708973e-07 -1.34706917e-04 
 5.11758973e-07  1.43972154e-05  5.11758973e-07  1.29969489e-04 
 5.11808973e-07 -1.29858957e-05  5.11808973e-07 -1.25180921e-04 
 5.11858973e-07  1.19203052e-05  5.11858973e-07  1.20705164e-04 
 5.11908973e-07 -1.06786432e-05  5.11908973e-07 -1.16214643e-04 
 5.11958973e-07  9.77212462e-06  5.11958973e-07  1.12016577e-04 
 5.12008973e-07 -8.68298124e-06  5.12008973e-07 -1.07826906e-04 
 5.12058973e-07  7.91859869e-06  5.12058973e-07  1.03908715e-04 
 5.12108973e-07 -6.96484673e-06  5.12108973e-07 -1.00012899e-04 
 5.12158973e-07  6.32607609e-06  5.12158973e-07  9.63677395e-05 
 5.12208973e-07 -5.49142449e-06  5.12208973e-07 -9.27526264e-05 
 5.12258973e-07  4.96277516e-06  5.12258973e-07  8.93680565e-05 
 5.12308973e-07 -4.23219236e-06  5.12308973e-07 -8.60169341e-05 
 5.12358973e-07  3.79950780e-06  5.12358973e-07  8.28773219e-05 
 5.12408973e-07 -3.15940068e-06  5.12408973e-07 -7.97717302e-05 
 5.12458973e-07  2.80996379e-06  5.12458973e-07  7.68599187e-05 
 5.12508973e-07 -2.24820991e-06  5.12508973e-07 -7.39808864e-05 
 5.12558973e-07  1.97073395e-06  5.12558973e-07  7.12793147e-05 
 5.12608973e-07 -1.47662969e-06  5.12608973e-07 -6.86081738e-05 
 5.12658973e-07  1.26118426e-06  5.12658973e-07  6.60996101e-05 
 5.12708973e-07 -8.25347519e-07  5.12708973e-07 -6.36185087e-05 
 5.12758973e-07  6.63252027e-07  5.12758973e-07  6.12865060e-05 
 5.12808973e-07 -2.77503720e-07  5.12808973e-07 -5.89787078e-05 
 5.12858973e-07  1.61206556e-07  5.12858973e-07  5.68078670e-05 
 5.12908973e-07  1.81554370e-07  5.12908973e-07 -5.46579020e-05 
 5.12958973e-07 -2.58598413e-07  5.12958973e-07  5.26340011e-05 
 5.13008973e-07  5.64517632e-07  5.13008973e-07 -5.06277169e-05 
 5.13058973e-07 -6.07965465e-07  5.13058973e-07  4.87377505e-05 
 5.13108973e-07  8.82348988e-07  5.13108973e-07 -4.68622971e-05 
 5.13158973e-07 -8.97078945e-07  5.13158973e-07  4.50944579e-05 
 5.13208973e-07  1.14449915e-06  5.13208973e-07 -4.33382314e-05 
 5.13258973e-07 -1.13471099e-06  5.13258973e-07  4.16818551e-05 
 5.13308973e-07  1.35910222e-06  5.13308973e-07 -4.00344173e-05 
 5.13358973e-07 -1.32840654e-06  5.13358973e-07  3.84799068e-05 
 5.13408973e-07  1.53315027e-06  5.13408973e-07 -3.69318923e-05 
 5.13458973e-07 -1.48464776e-06  5.13458973e-07  3.54706313e-05 
 5.13508973e-07  1.67264750e-06  5.13508973e-07 -3.40136503e-05 
 5.13558973e-07 -1.60899861e-06  5.13558973e-07  3.26379141e-05 
 5.13608973e-07  1.78274563e-06  5.13608973e-07 -3.12644568e-05 
 5.13658973e-07 -1.70623138e-06  5.13658973e-07  2.99673236e-05 
 5.13708973e-07  1.86786191e-06  5.13708973e-07 -2.86706680e-05 
 5.13758973e-07 -1.78043681e-06  5.13758973e-07  2.74459355e-05 
 5.13808973e-07  1.93178163e-06  5.13808973e-07 -2.62200621e-05 
 5.13858973e-07 -1.83511949e-06  5.13858973e-07  2.50621688e-05 
 5.13908973e-07  1.97774699e-06  5.13908973e-07 -2.39016818e-05 
 5.13958973e-07 -1.87328056e-06  5.13958973e-07  2.28056359e-05 
 5.14008973e-07  2.00853372e-06  5.14008973e-07 -2.17056919e-05 
 5.14058973e-07 -1.89748885e-06  5.14058973e-07  2.06670062e-05 
 5.14108973e-07  2.02651726e-06  5.14108973e-07 -1.96232510e-05 
 5.14158973e-07 -1.90994222e-06  5.14158973e-07  1.86378851e-05 
 5.14208973e-07  2.03372945e-06  5.14208973e-07 -1.76463963e-05 
 5.14258973e-07 -1.91252035e-06  5.14258973e-07  1.67107046e-05 
 5.14308973e-07  2.03190772e-06  5.14308973e-07 -1.57679416e-05 
 5.14358973e-07 -1.90683018e-06  5.14358973e-07  1.48786284e-05 
 5.14408973e-07  2.02253699e-06  5.14408973e-07 -1.39813880e-05 
 5.14458973e-07 -1.89424482e-06  5.14458973e-07  1.31354661e-05 
 5.14508973e-07  2.00688582e-06  5.14508973e-07 -1.22808434e-05 
 5.14558973e-07 -1.87593701e-06  5.14558973e-07  1.14755997e-05 
 5.14608973e-07  1.98603723e-06  5.14608973e-07 -1.06609539e-05 
 5.14658973e-07 -1.85290767e-06  5.14658973e-07  9.89391764e-06 
 5.14708973e-07  1.96091538e-06  5.14708973e-07 -9.11684225e-06 
 5.14758973e-07 -1.82601070e-06  5.14758973e-07  8.38575795e-06 
 5.14808973e-07  1.93230831e-06  5.14808973e-07 -7.64405437e-06 
 5.14858973e-07 -1.79597391e-06  5.14858973e-07  6.94685800e-06 
 5.14908973e-07  1.90088750e-06  5.14908973e-07 -6.23851263e-06 
 5.14958973e-07 -1.76341729e-06  5.14958973e-07  5.57331071e-06 
 5.15008973e-07  1.86722455e-06  5.15008973e-07 -4.89647482e-06 
 5.15058973e-07 -1.72886819e-06  5.15058973e-07  4.26152607e-06 
 5.15108973e-07  1.83180545e-06  5.15108973e-07 -3.61449820e-06 
 5.15158973e-07 -1.69277488e-06  5.15158973e-07  3.00819749e-06 
 5.15208973e-07  1.79504300e-06  5.15208973e-07 -2.38940807e-06 
 5.15258973e-07 -1.65551788e-06  5.15258973e-07  1.81027238e-06 
 5.15308973e-07  1.75728741e-06  5.15308973e-07 -1.21827016e-06 
 5.15358973e-07 -1.61741963e-06  5.15358973e-07  6.64926156e-07 
 5.15408973e-07  1.71883501e-06  5.15408973e-07 -9.83662767e-08 
 5.15458973e-07 -1.57875281e-06  5.15458973e-07 -4.30460506e-07 
 5.15508973e-07  1.67993633e-06  5.15508973e-07  9.72826959e-07 
 5.15558973e-07 -1.53974775e-06  5.15558973e-07 -1.47832178e-06 
 5.15608973e-07  1.64080256e-06  5.15608973e-07  1.99765697e-06 
 5.15658973e-07 -1.50059824e-06  5.15658973e-07 -2.48092429e-06 
 5.15708973e-07  1.60161121e-06  5.15708973e-07  2.97831189e-06 
 5.15758973e-07 -1.46146709e-06  5.15758973e-07 -3.44038292e-06 
 5.15808973e-07  1.56251112e-06  5.15808973e-07  3.91683526e-06 
 5.15858973e-07 -1.42249043e-06  5.15858973e-07 -4.35867457e-06 
 5.15908973e-07  1.52362648e-06  5.15908973e-07  4.81513910e-06 
 5.15958973e-07 -1.38378161e-06  5.15958973e-07 -5.23765052e-06 
 5.16008973e-07  1.48506045e-06  5.16008973e-07  5.67501547e-06 
 5.16058973e-07 -1.34543469e-06  5.16058973e-07 -6.07904736e-06 
 5.16108973e-07  1.44689830e-06  5.16108973e-07  6.49814690e-06 
 5.16158973e-07 -1.30752695e-06  5.16158973e-07 -6.88449685e-06 
 5.16208973e-07  1.40920994e-06  5.16208973e-07  7.28611550e-06 
 5.16258973e-07 -1.27012173e-06  5.16258973e-07 -7.65553451e-06 
 5.16308973e-07  1.37205230e-06  5.16308973e-07  8.04041131e-06 
 5.16358973e-07 -1.23327012e-06  5.16358973e-07 -8.39360756e-06 
 5.16408973e-07  1.33547103e-06  5.16408973e-07  8.76243972e-06 
 5.16458973e-07 -1.19701300e-06  5.16458973e-07 -9.10008192e-06 
 5.16508973e-07  1.29950243e-06  5.16508973e-07  9.45352800e-06 
 5.16558973e-07 -1.16138251e-06  5.16558973e-07 -9.77624850e-06 
 5.16608973e-07  1.26417463e-06  5.16608973e-07  1.01149315e-05 
 5.16658973e-07 -1.12640333e-06  5.16658973e-07 -1.04233289e-05 
 5.16708973e-07  1.22950907e-06  5.16708973e-07  1.07478389e-05 
 5.16758973e-07 -1.09209384e-06  5.16758973e-07 -1.10424807e-05 
 5.16808973e-07  1.19552118e-06  5.16808973e-07  1.13533770e-05 
 5.16858973e-07 -1.05846707e-06  5.16858973e-07 -1.16348019e-05 
 5.16908973e-07  1.16222161e-06  5.16908973e-07  1.19326156e-05 
 5.16958973e-07 -1.02553150e-06  5.16958973e-07 -1.22013351e-05 
 5.17008973e-07  1.12961682e-06  5.17008973e-07  1.24865711e-05 
 5.17058973e-07 -9.93291823e-07  5.17058973e-07 -1.27430719e-05 
 5.17108973e-07  1.09770977e-06  5.17108973e-07  1.30162103e-05 
 5.17158973e-07 -9.61749493e-07  5.17158973e-07 -1.32609557e-05 
 5.17208973e-07  1.06650047e-06  5.17208973e-07  1.35224538e-05 
 5.17258973e-07 -9.30903303e-07  5.17258973e-07 -1.37558853e-05 
 5.17308973e-07  1.03598647e-06  5.17308973e-07  1.40061788e-05 
 5.17358973e-07 -9.00749756e-07  5.17358973e-07 -1.42287176e-05 
 5.17408973e-07  1.00616328e-06  5.17408973e-07  1.44682225e-05 
 5.17458973e-07 -8.71283507e-07  5.17458973e-07 -1.46802706e-05 
 5.17508973e-07  9.77024701e-07  5.17508973e-07  1.49093839e-05 
 5.17558973e-07 -8.42497669e-07  5.17558973e-07 -1.51113255e-05 
 5.17608973e-07  9.48563179e-07  5.17608973e-07  1.53304268e-05 
 5.17658973e-07 -8.14384079e-07  5.17658973e-07 -1.55226291e-05 
 5.17708973e-07  9.20769896e-07  5.17708973e-07  1.57320813e-05 
 5.17758973e-07 -7.86933481e-07  5.17758973e-07 -1.59148959e-05 
 5.17808973e-07  8.93635206e-07  5.17808973e-07  1.61150464e-05 
 5.17858973e-07 -7.60135881e-07  5.17858973e-07 -1.62888101e-05 
 5.17908973e-07  8.67148719e-07  5.17908973e-07  1.64799917e-05 
 5.17958973e-07 -7.33980586e-07  5.17958973e-07 -1.66450270e-05 
 5.18008973e-07  8.41299414e-07  5.18008973e-07  1.68275586e-05 
 5.18058973e-07 -7.08456347e-07  5.18058973e-07 -1.69841751e-05 
 5.18108973e-07  8.16075814e-07  5.18108973e-07  1.71583627e-05 
 5.18158973e-07 -6.83551569e-07  5.18158973e-07 -1.73068571e-05 
 5.18208973e-07  7.91466202e-07  5.18208973e-07  1.74729943e-05 
 5.18258973e-07 -6.59254364e-07  5.18258973e-07 -1.76136518e-05 
 5.18308973e-07  7.67458486e-07  5.18308973e-07  1.77720206e-05 
 5.18358973e-07 -6.35552633e-07  5.18358973e-07 -1.79051151e-05 
 5.18408973e-07  7.44040530e-07  5.18408973e-07  1.80559864e-05 
 5.18458973e-07 -6.12434153e-07  5.18458973e-07 -1.81817812e-05 
 5.18508973e-07  7.21200025e-07  5.18508973e-07  1.83254155e-05 
 5.18558973e-07 -5.89886651e-07  5.18558973e-07 -1.84441637e-05 
 5.18608973e-07  6.98924684e-07  5.18608973e-07  1.85808116e-05 
 5.18658973e-07 -5.67897851e-07  5.18658973e-07 -1.86927570e-05 
 5.18708973e-07  6.77202248e-07  5.18708973e-07  1.88226595e-05 
 5.18758973e-07 -5.46455533e-07  5.18758973e-07 -1.89280367e-05 
 5.18808973e-07  6.56020505e-07  5.18808973e-07  1.90514261e-05 
 5.18858973e-07 -5.25547547e-07  5.18858973e-07 -1.91504609e-05 
 5.18908973e-07  6.35367315e-07  5.18908973e-07  1.92675607e-05 
 5.18958973e-07 -5.05161773e-07  5.18958973e-07 -1.93604708e-05 
 5.19008973e-07  6.15230670e-07  5.19008973e-07  1.94714967e-05 
 5.19058973e-07 -4.85286406e-07  5.19058973e-07 -1.95584919e-05 
 5.19108973e-07  5.95598759e-07  5.19108973e-07  1.96636515e-05 
 5.19158973e-07 -4.65909616e-07  5.19158973e-07 -1.97449343e-05 
 5.19208973e-07  5.76459868e-07  5.19208973e-07  1.98444279e-05 
 5.19258973e-07 -4.47019816e-07  5.19258973e-07 -1.99201934e-05 
 5.19308973e-07  5.57802480e-07  5.19308973e-07  2.00142144e-05 
 5.19358973e-07 -4.28605602e-07  5.19358973e-07 -2.00846510e-05 
 5.19408973e-07  5.39615269e-07  5.19408973e-07  2.01733859e-05 
 5.19458973e-07 -4.10655791e-07  5.19458973e-07 -2.02386754e-05 
 5.19508973e-07  5.21887155e-07  5.19508973e-07  2.03223043e-05 
 5.19558973e-07 -3.93159369e-07  5.19558973e-07 -2.03826223e-05 
 5.19608973e-07  5.04607199e-07  5.19608973e-07  2.04613190e-05 
 5.19658973e-07 -3.76105509e-07  5.19658973e-07 -2.05168351e-05 
 5.19708973e-07  4.87764703e-07  5.19708973e-07  2.05907678e-05 
 5.19758973e-07 -3.59483686e-07  5.19758973e-07 -2.06416459e-05 
 5.19808973e-07  4.71349234e-07  5.19808973e-07  2.07109767e-05 
 5.19858973e-07 -3.43283512e-07  5.19858973e-07 -2.07573750e-05 
 5.19908973e-07  4.55350466e-07  5.19908973e-07  2.08222610e-05 
 5.19954486e-07 -3.26726915e-07  5.19954486e-07 -2.08693849e-05 
 5.20000000e-07  4.38243443e-07  5.20000000e-07  2.09345951e-05 
 5.20005000e-07  1.31020372e-05  5.20005000e-07  1.78682032e-04 
 5.20015000e-07 -5.59902421e-06  5.20015000e-07  2.57193627e-06 
 5.20035000e-07 -6.42645246e-06  5.20035000e-07 -5.71005868e-05 
 5.20075000e-07  5.96417182e-06  5.20075000e-07 -5.26434809e-05 
 5.20125000e-07 -3.09461758e-05  5.20125000e-07 -1.21323114e-04 
 5.20162500e-07 -6.30807313e-05  5.20162500e-07 -3.03838944e-04 
 5.20200000e-07  4.54558774e-04  5.20200000e-07  2.46092179e-04 
 5.20205000e-07  2.85129787e-04  5.20205000e-07  1.26142512e-04 
 5.20215000e-07 -2.43907594e-04  5.20215000e-07  3.42095438e-04 
 5.20235000e-07 -3.02370569e-04  5.20235000e-07  8.42562635e-04 
 5.20275000e-07  1.91649309e-04  5.20275000e-07  1.14081491e-03 
 5.20317479e-07 -1.14185791e-04  5.20317479e-07 -1.88188709e-03 
 5.20362353e-07  7.72105792e-05  5.20362353e-07  4.14497704e-04 
 5.20412353e-07 -5.79465447e-05  5.20412353e-07 -2.11212944e-04 
 5.20462353e-07  4.55966676e-05  5.20462353e-07  2.51310835e-04 
 5.20512353e-07 -3.67374721e-05  5.20512353e-07 -1.34114960e-04 
 5.20562353e-07  3.04558977e-05  5.20562353e-07  8.19059161e-05 
 5.20612353e-07 -2.54759198e-05  5.20612353e-07 -2.86228538e-05 
 5.20662353e-07  2.18268250e-05  5.20662353e-07 -9.64843150e-06 
 5.20712353e-07 -1.87251148e-05  5.20712353e-07  4.00458642e-05 
 5.20762353e-07  1.64416047e-05  5.20762353e-07 -6.30206223e-05 
 5.20812353e-07 -1.43634459e-05  5.20812353e-07  8.04130068e-05 
 5.20862353e-07  1.28555429e-05  5.20862353e-07 -9.32367598e-05 
 5.20912353e-07 -1.13693123e-05  5.20912353e-07  1.02504777e-04 
 5.20962353e-07  1.03222411e-05  5.20962353e-07 -1.08872553e-04 
 5.21012353e-07 -9.19670207e-06  5.21012353e-07  1.13014533e-04 
 5.21062353e-07  8.43726270e-06  5.21062353e-07 -1.15324850e-04 
 5.21112353e-07 -7.54294228e-06  5.21112353e-07  1.16267030e-04 
 5.21162353e-07  6.97277121e-06  5.21162353e-07 -1.16071289e-04 
 5.21212353e-07 -6.23487902e-06  5.21212353e-07  1.15062956e-04 
 5.21262353e-07  5.79621563e-06  5.21262353e-07 -1.13368345e-04 
 5.21312353e-07 -5.16996644e-06  5.21312353e-07  1.11220533e-04 
 5.21362353e-07  4.82752469e-06  5.21362353e-07 -1.08679536e-04 
 5.21412353e-07 -4.28492929e-06  5.21412353e-07  1.05916149e-04 
 5.21462353e-07  4.01613749e-06  5.21462353e-07 -1.02948091e-04 
 5.21512353e-07 -3.53883489e-06  5.21512353e-07  9.99037976e-05 
 5.21562353e-07  3.32850885e-06  5.21562353e-07 -9.67741932e-05 
 5.21612353e-07 -2.90382319e-06  5.21612353e-07  9.36587608e-05 
 5.21662353e-07  2.74121507e-06  5.21662353e-07 -9.05317007e-05 
 5.21712353e-07 -2.35995099e-06  5.21712353e-07  8.74726475e-05 
 5.21762353e-07  2.23708422e-06  5.21762353e-07 -8.44456213e-05 
 5.21812353e-07 -1.89226903e-06  5.21812353e-07  8.15166257e-05 
 5.21862353e-07  1.80297734e-06  5.21862353e-07 -7.86437409e-05 
 5.21912353e-07 -1.48912533e-06  5.21912353e-07  7.58836028e-05 
 5.21956177e-07  1.40408259e-06  5.21956177e-07 -7.28208611e-05 
 5.22000000e-07 -1.09603466e-06  5.22000000e-07  6.99043093e-05 
 5.22005000e-07 -2.61985321e-07  5.22005000e-07  5.97262384e-06 
 5.22015000e-07  2.49333461e-07  5.22015000e-07 -5.24245133e-06 
 5.22035000e-07 -8.27674106e-08  5.22035000e-07  4.71910298e-06 
 5.22075000e-07  1.88751953e-07  5.22075000e-07 -4.39320816e-06 
 5.22125000e-07 -6.25163683e-08  5.22125000e-07  4.18215239e-06 
 5.22162500e-07  1.77325164e-07  5.22162500e-07 -3.92576880e-06 
 5.22200000e-07 -5.46034467e-08  5.22200000e-07  3.70280423e-06 
 5.22205000e-07  4.46695455e-08  5.22205000e-07  3.07200964e-07 
 5.22215000e-07  9.96597241e-08  5.22215000e-07  5.18448448e-08 
 5.22235000e-07  1.15846015e-08  5.22235000e-07 -1.42757739e-07 
 5.22275000e-07  1.07562000e-07  5.22275000e-07  1.23726963e-07 
 5.22325000e-07  1.54070440e-08  5.22325000e-07 -8.02086155e-08 
 5.22375000e-07  9.92923936e-08  5.22375000e-07  6.62594033e-08 
 5.22425000e-07  2.65642385e-08  5.22425000e-07 -3.80473614e-08 
 5.22475000e-07  8.66716034e-08  5.22475000e-07  2.73853897e-08 
 5.22525000e-07  3.95348418e-08  5.22525000e-07  2.08753129e-09 
 5.22575000e-07  7.41104314e-08  5.22575000e-07 -1.26502857e-08 
 5.22625000e-07  5.12116846e-08  5.22625000e-07  4.11725013e-08 
 5.22675000e-07  6.35851290e-08  5.22675000e-07 -5.00930241e-08 
 5.22725000e-07  6.04635496e-08  5.22725000e-07  7.64301994e-08 
 5.22775000e-07  5.56304181e-08  5.22775000e-07 -8.28263614e-08 
 5.22825000e-07  6.71610942e-08  5.22825000e-07  1.06417985e-07 
 5.22875000e-07  5.01109771e-08  5.22875000e-07 -1.09960581e-07 
 5.22925000e-07  7.16033809e-08  5.22925000e-07  1.30670381e-07 
 5.22975000e-07  4.66347772e-08  5.22975000e-07 -1.31368101e-07 
 5.23025000e-07  7.42265568e-08  5.23025000e-07  1.49317917e-07 
 5.23075000e-07  4.47547214e-08  5.23075000e-07 -1.47376416e-07 
 5.23125000e-07  7.54671241e-08  5.23125000e-07  1.62832733e-07 
 5.23175000e-07  4.40581304e-08  5.23175000e-07 -1.58560060e-07 
 5.23225000e-07  7.57062981e-08  5.23225000e-07  1.71857103e-07 
 5.23275000e-07  4.41989653e-08  5.23275000e-07 -1.65601246e-07 
 5.23325000e-07  7.52538676e-08  5.23325000e-07  1.77090974e-07 
 5.23375000e-07  4.49030580e-08  5.23375000e-07 -1.69200213e-07 
 5.23425000e-07  7.43502142e-08  5.23425000e-07  1.79221532e-07 
 5.23475000e-07  4.59613682e-08  5.23475000e-07 -1.70021118e-07 
 5.23525000e-07  7.31756820e-08  5.23525000e-07  1.78882542e-07 
 5.23575000e-07  4.72194284e-08  5.23575000e-07 -1.68662302e-07 
 5.23625000e-07  7.18616637e-08  5.23625000e-07  1.76633786e-07 
 5.23675000e-07  4.85663183e-08  5.23675000e-07 -1.65643225e-07 
 5.23725000e-07  7.05010720e-08  5.23725000e-07  1.72953821e-07 
 5.23775000e-07  4.99248292e-08  5.23775000e-07 -1.61401930e-07 
 5.23825000e-07  6.91574865e-08  5.23825000e-07  1.68241144e-07 
 5.23875000e-07  5.12431449e-08  5.23875000e-07 -1.56298752e-07 
 5.23925000e-07  6.78726370e-08  5.23925000e-07  1.62819892e-07 
 5.23975000e-07  5.24882174e-08  5.23975000e-07 -1.50623860e-07 
 5.24025000e-07  6.66721270e-08  5.24025000e-07  1.56948363e-07 
 5.24075000e-07  5.36406710e-08  5.24075000e-07 -1.44605960e-07 
 5.24125000e-07  6.55700653e-08  5.24125000e-07  1.50828108e-07 
 5.24175000e-07  5.46908671e-08  5.24175000e-07 -1.38421698e-07 
 5.24225000e-07  6.45724311e-08  5.24225000e-07  1.44613065e-07 
 5.24275000e-07  5.56359301e-08  5.24275000e-07 -1.32204501e-07 
 5.24325000e-07  6.36795173e-08  5.24325000e-07  1.38418152e-07 
 5.24375000e-07  5.64775054e-08  5.24375000e-07 -1.26052628e-07 
 5.24425000e-07  6.28880820e-08  5.24425000e-07  1.32326753e-07 
 5.24475000e-07  5.72202123e-08  5.24475000e-07 -1.20036224e-07 
 5.24525000e-07  6.21924984e-08  5.24525000e-07  1.26397291e-07 
 5.24575000e-07  5.78704555e-08  5.24575000e-07 -1.14203388e-07 
 5.24625000e-07  6.15857310e-08  5.24625000e-07  1.20668747e-07 
 5.24675000e-07  5.84356473e-08  5.24675000e-07 -1.08585100e-07 
 5.24725000e-07  6.10601789e-08  5.24725000e-07  1.15165210e-07 
 5.24775000e-07  5.89235153e-08  5.24775000e-07 -1.03199508e-07 
 5.24825000e-07  6.06080401e-08  5.24825000e-07  1.09899618e-07 
 5.24875000e-07  5.93418474e-08  5.24875000e-07 -9.80550502e-08 
 5.24925000e-07  6.02216623e-08  5.24925000e-07  1.04876613e-07 
 5.24975000e-07  5.96980844e-08  5.24975000e-07 -9.31531684e-08 
 5.25025000e-07  5.98937561e-08  5.25025000e-07  1.00094957e-07 
 5.25075000e-07  5.99993627e-08  5.25075000e-07 -8.84903896e-08 
 5.25125000e-07  5.96175085e-08  5.25125000e-07  9.55493058e-08 
 5.25175000e-07  6.02521750e-08  5.25175000e-07 -8.40598202e-08 
 5.25225000e-07  5.93866159e-08  5.25225000e-07  9.12315441e-08 
 5.25275000e-07  6.04625302e-08  5.25275000e-07 -7.98524128e-08 
 5.25325000e-07  5.91954272e-08  5.25325000e-07  8.71318832e-08 
 5.25375000e-07  6.06358694e-08  5.25375000e-07 -7.58578011e-08 
 5.25425000e-07  5.90387321e-08  5.25425000e-07  8.32395607e-08 
 5.25475000e-07  6.07770592e-08  5.25475000e-07 -7.20649832e-08 
 5.25525000e-07  5.89120019e-08  5.25525000e-07  7.95434410e-08 
 5.25575000e-07  6.08903499e-08  5.25575000e-07 -6.84627941e-08 
 5.25625000e-07  5.88111372e-08  5.25625000e-07  7.60323985e-08 
 5.25675000e-07  6.09796955e-08  5.25675000e-07 -6.50402184e-08 
 5.25725000e-07  5.87324901e-08  5.25725000e-07  7.26956313e-08 
 5.25775000e-07  6.10484011e-08  5.25775000e-07 -6.17865646e-08 
 5.25825000e-07  5.86729700e-08  5.25825000e-07  6.95225625e-08 
 5.25875000e-07  6.10994732e-08  5.25875000e-07 -5.86916630e-08 
 5.25925000e-07  5.86297070e-08  5.25925000e-07  6.65033953e-08 
 5.25975000e-07  6.11355005e-08  5.25975000e-07 -5.57459078e-08 
 5.26025000e-07  5.86003324e-08  5.26025000e-07  6.36288274e-08 
 5.26075000e-07  6.11587567e-08  5.26075000e-07 -5.29403610e-08 
 5.26125000e-07  5.85827216e-08  5.26125000e-07  6.08901917e-08 
 5.26175000e-07  6.11711865e-08  5.26175000e-07 -5.02666333e-08 
 5.26225000e-07  5.85750286e-08  5.26225000e-07  5.82794181e-08 
 5.26275000e-07  6.11745484e-08  5.26275000e-07 -4.77169435e-08 
 5.26325000e-07  5.85756599e-08  5.26325000e-07  5.57890168e-08 
 5.26375000e-07  6.11702548e-08  5.26375000e-07 -4.52840886e-08 
 5.26425000e-07  5.85832594e-08  5.26425000e-07  5.34120414e-08 
 5.26475000e-07  6.11596378e-08  5.26475000e-07 -4.29614093e-08 
 5.26525000e-07  5.85966236e-08  5.26525000e-07  5.11421226e-08 
 5.26575000e-07  6.11437835e-08  5.26575000e-07 -4.07427805e-08 
 5.26625000e-07  5.86147557e-08  5.26625000e-07  4.89733203e-08 
 5.26675000e-07  6.11236105e-08  5.26675000e-07 -3.86224411e-08 
 5.26725000e-07  5.86367508e-08  5.26725000e-07  4.69001449e-08 
 5.26775000e-07  6.10999443e-08  5.26775000e-07 -3.65951510e-08 
 5.26825000e-07  5.86619135e-08  5.26825000e-07  4.49175323e-08 
 5.26875000e-07  6.10734857e-08  5.26875000e-07 -3.46560387e-08 
 5.26925000e-07  5.86895319e-08  5.26925000e-07  4.30207482e-08 
 5.26975000e-07  6.10448294e-08  5.26975000e-07 -3.28004962e-08 
 5.27025000e-07  5.87190842e-08  5.27025000e-07  4.12054060e-08 
 5.27075000e-07  6.10144811e-08  5.27075000e-07 -3.10243485e-08 
 5.27125000e-07  5.87501276e-08  5.27125000e-07  3.94674470e-08 
 5.27175000e-07  6.09828490e-08  5.27175000e-07 -2.93236192e-08 
 5.27225000e-07  5.87822535e-08  5.27225000e-07  3.78030432e-08 
 5.27275000e-07  6.09503312e-08  5.27275000e-07 -2.76946677e-08 
 5.27325000e-07  5.88150949e-08  5.27325000e-07  3.62086497e-08 
 5.27375000e-07  6.09172045e-08  5.27375000e-07 -2.61340081e-08 
 5.27425000e-07  5.88484183e-08  5.27425000e-07  3.46809509e-08 
 5.27475000e-07  6.08837649e-08  5.27475000e-07 -2.46384531e-08 
 5.27525000e-07  5.88819464e-08  5.27525000e-07  3.32167805e-08 
 5.27575000e-07  6.08501931e-08  5.27575000e-07 -2.32049464e-08 
 5.27625000e-07  5.89155036e-08  5.27625000e-07  3.18132013e-08 
 5.27675000e-07  6.08166989e-08  5.27675000e-07 -2.18306389e-08 
 5.27725000e-07  5.89488980e-08  5.27725000e-07  3.04674868e-08 
 5.27775000e-07  6.07834320e-08  5.27775000e-07 -2.05128445e-08 
 5.27825000e-07  5.89820105e-08  5.27825000e-07  2.91769775e-08 
 5.27875000e-07  6.07504883e-08  5.27875000e-07 -1.92490136e-08 
 5.27925000e-07  5.90147434e-08  5.27925000e-07  2.79392331e-08 
 5.27975000e-07  6.07180159e-08  5.27975000e-07 -1.80367634e-08 
 5.28025000e-07  5.90469513e-08  5.28025000e-07  2.67518978e-08 
 5.28075000e-07  6.06860710e-08  5.28075000e-07 -1.68738051e-08 
 5.28125000e-07  5.90785969e-08  5.28125000e-07  2.56127863e-08 
 5.28175000e-07  6.06547394e-08  5.28175000e-07 -1.57580067e-08 
 5.28225000e-07  5.91096226e-08  5.28225000e-07  2.45197831e-08 
 5.28275000e-07  6.06240402e-08  5.28275000e-07 -1.46873116e-08 
 5.28325000e-07  5.91399737e-08  5.28325000e-07  2.34709091e-08 
 5.28375000e-07  6.05940401e-08  5.28375000e-07 -1.36597854e-08 
 5.28425000e-07  5.91696112e-08  5.28425000e-07  2.24642691e-08 
 5.28475000e-07  6.05647815e-08  5.28475000e-07 -1.26735893e-08 
 5.28525000e-07  5.91984972e-08  5.28525000e-07  2.14980544e-08 
 5.28575000e-07  6.05362708e-08  5.28575000e-07 -1.17269265e-08 
 5.28625000e-07  5.92266198e-08  5.28625000e-07  2.05705671e-08 
 5.28675000e-07  6.05085286e-08  5.28675000e-07 -1.08181866e-08 
 5.28725000e-07  5.92539797e-08  5.28725000e-07  1.96801448e-08 
 5.28775000e-07  6.04815613e-08  5.28775000e-07 -9.94573343e-09 
 5.28825000e-07  5.92805536e-08  5.28825000e-07  1.88252781e-08 
 5.28875000e-07  6.04553650e-08  5.28875000e-07 -9.10806872e-09 
 5.28925000e-07  5.93063604e-08  5.28925000e-07  1.80044504e-08 
 5.28975000e-07  6.04299744e-08  5.28975000e-07 -8.30373059e-09 
 5.29025000e-07  5.93313566e-08  5.29025000e-07  1.72162728e-08 
 5.29075000e-07  6.04053548e-08  5.29075000e-07 -7.53136173e-09 
 5.29125000e-07  5.93555911e-08  5.29125000e-07  1.64593572e-08 
 5.29175000e-07  6.03814996e-08  5.29175000e-07 -6.78961559e-09 
 5.29225000e-07  5.93790675e-08  5.29225000e-07  1.57324725e-08 
 5.29275000e-07  6.03584094e-08  5.29275000e-07 -6.07724557e-09 
 5.29325000e-07  5.94017565e-08  5.29325000e-07  1.50343263e-08 
 5.29375000e-07  6.03360989e-08  5.29375000e-07 -5.39305725e-09 
 5.29425000e-07  5.94237198e-08  5.29425000e-07  1.43637922e-08 
 5.29475000e-07  6.03144933e-08  5.29475000e-07 -4.73588280e-09 
 5.29525000e-07  5.94449486e-08  5.29525000e-07  1.37197155e-08 
 5.29575000e-07  6.02936425e-08  5.29575000e-07 -4.10465156e-09 
 5.29625000e-07  5.94654561e-08  5.29625000e-07  1.31010484e-08 
 5.29675000e-07  6.02734727e-08  5.29675000e-07 -3.49828491e-09 
 5.29725000e-07  5.94852394e-08  5.29725000e-07  1.25067438e-08 
 5.29775000e-07  6.02540481e-08  5.29775000e-07 -2.91578989e-09 
 5.29825000e-07  5.95043495e-08  5.29825000e-07  1.19358074e-08 
 5.29875000e-07  6.02352764e-08  5.29875000e-07 -2.35619299e-09 
 5.29925000e-07  5.95227854e-08  5.29925000e-07  1.13873240e-08 
 5.29962500e-07  6.02142033e-08  5.29962500e-07 -1.73105902e-09 
 5.30000000e-07  5.95463552e-08  5.30000000e-07  1.06893688e-08 
 5.30005000e-07 -6.86732343e-06  5.30005000e-07 -6.17581761e-05 
 5.30015000e-07  6.56336128e-06  5.30015000e-07  1.70392775e-05 
 5.30035000e-07  3.11259379e-07  5.30035000e-07  1.49836506e-05 
 5.30075000e-07 -2.06919908e-06  5.30075000e-07  9.22599545e-06 
 5.30125000e-07  1.67681131e-05  5.30125000e-07  1.21103382e-04 
 5.30162500e-07  5.27261791e-06  5.30162500e-07  1.16033252e-04 
 5.30200000e-07 -2.33416823e-04  5.30200000e-07 -1.23824676e-04 
 5.30205000e-07 -2.23327274e-04  5.30205000e-07 -3.18469976e-04 
 5.30215000e-07  5.93332365e-05  5.30215000e-07 -6.72630345e-04 
 5.30235000e-07  4.15826345e-04  5.30235000e-07 -9.30292592e-04 
 5.30271751e-07 -2.89349655e-04  5.30271751e-07  1.37632267e-05 
 5.30312836e-07  1.57202422e-04  5.30312836e-07  8.94938236e-04 
 5.30357263e-07 -7.67459621e-05  5.30357263e-07  8.06054882e-05 
 5.30407263e-07  3.15914181e-05  5.30407263e-07 -2.19801747e-04 
 5.30457263e-07 -1.27006217e-06  5.30457263e-07  8.29493801e-05 
 5.30507263e-07 -1.89477626e-05  5.30507263e-07 -1.44402771e-04 
 5.30557263e-07  3.27207251e-05  5.30557263e-07  1.46079789e-04 
 5.30607263e-07 -4.16225998e-05  5.30607263e-07 -1.64572992e-04 
 5.30657263e-07  4.73997031e-05  5.30657263e-07  1.74435472e-04 
 5.30707263e-07 -5.05309450e-05  5.30707263e-07 -1.83303881e-04 
 5.30757263e-07  5.21236268e-05  5.30757263e-07  1.89210852e-04 
 5.30807263e-07 -5.21626471e-05  5.30807263e-07 -1.93114473e-04 
 5.30857263e-07  5.15370044e-05  5.30857263e-07  1.95242498e-04 
 5.30907263e-07 -4.99863705e-05  5.30907263e-07 -1.95811687e-04 
 5.30957263e-07  4.82259077e-05  5.30957263e-07  1.95171517e-04 
 5.31007263e-07 -4.59155536e-05  5.31007263e-07 -1.93469662e-04 
 5.31057263e-07  4.36549028e-05  5.31057263e-07  1.90966066e-04 
 5.31107263e-07 -4.10530529e-05  5.31107263e-07 -1.87734418e-04 
 5.31157263e-07  3.86508390e-05  5.31157263e-07  1.84019197e-04 
 5.31207263e-07 -3.60243948e-05  5.31207263e-07 -1.79841987e-04 
 5.31257263e-07  3.36795388e-05  5.31257263e-07  1.75398035e-04 
 5.31307263e-07 -3.11721235e-05  5.31307263e-07 -1.70685532e-04 
 5.31357263e-07  2.89889082e-05  5.31357263e-07  1.65860203e-04 
 5.31407263e-07 -2.66721803e-05  5.31407263e-07 -1.60902909e-04 
 5.31457263e-07  2.46988484e-05  5.31457263e-07  1.55939107e-04 
 5.31507263e-07 -2.26021209e-05  5.31507263e-07 -1.50937731e-04 
 5.31557263e-07  2.08542370e-05  5.31557263e-07  1.46000938e-04 
 5.31607263e-07 -1.89823668e-05  5.31607263e-07 -1.41089853e-04 
 5.31657263e-07  1.74569381e-05  5.31657263e-07  1.36288834e-04 
 5.31707263e-07 -1.58011625e-05  5.31707263e-07 -1.31554160e-04 
 5.31757263e-07  1.44851850e-05  5.31757263e-07  1.26956707e-04 
 5.31807263e-07 -1.30296825e-05  5.31807263e-07 -1.22449991e-04 
 5.31857263e-07  1.19052911e-05  5.31857263e-07  1.18094763e-04 
 5.31907263e-07 -1.06311238e-05  5.31907263e-07 -1.13843204e-04 
 5.31957263e-07  9.67865902e-06  5.31957263e-07  1.09748521e-04 
 5.32007263e-07 -8.56610137e-06  5.32007263e-07 -1.05762519e-04 
 5.32057263e-07  7.76589028e-06  5.32057263e-07  1.01932831e-04 
 5.32107263e-07 -6.79575976e-06  5.32107263e-07 -9.82114960e-05 
 5.32157263e-07  6.12910583e-06  5.32157263e-07  9.46420759e-05 
 5.32207263e-07 -5.28347819e-06  5.32207263e-07 -9.11772137e-05 
 5.32257263e-07  4.73316431e-06  5.32257263e-07  8.78575300e-05 
 5.32307263e-07 -3.99571201e-06  5.32307263e-07 -8.46364770e-05 
 5.32357263e-07  3.54620909e-06  5.32357263e-07  8.15525822e-05 
 5.32407263e-07 -2.90231315e-06  5.32407263e-07 -7.85601981e-05 
 5.32457263e-07  2.53981400e-06  5.32457263e-07  7.56963920e-05 
 5.32507263e-07 -1.97654282e-06  5.32507263e-07 -7.29164325e-05 
 5.32557263e-07  1.68889619e-06  5.32557263e-07  7.02563968e-05 
 5.32607263e-07 -1.19491113e-06  5.32607263e-07 -6.76724375e-05 
 5.32657263e-07  9.71503134e-07  5.32657263e-07  6.51999879e-05 
 5.32707263e-07 -5.36926640e-07  5.32707263e-07 -6.27960243e-05 
 5.32757263e-07  3.68537988e-07  5.32757263e-07  6.04955898e-05 
 5.32807263e-07  1.51923415e-08  5.32807263e-07 -5.82564080e-05 
 5.32857263e-07 -1.36535663e-07  5.32857263e-07  5.61133161e-05 
 5.32907263e-07  4.76814629e-07  5.32907263e-07 -5.40247030e-05 
 5.32957263e-07 -5.57987117e-07  5.32957263e-07  5.20253317e-05 
 5.33007263e-07  8.61182583e-07  5.33007263e-07 -5.00741737e-05 
 5.33057263e-07 -9.08096033e-07  5.33057263e-07  4.82060114e-05 
 5.33107263e-07  1.17967935e-06  5.33107263e-07 -4.63803193e-05 
 5.33157263e-07 -1.19740761e-06  5.33157263e-07  4.46319644e-05 
 5.33207263e-07  1.44207155e-06  5.33207263e-07 -4.29208496e-05 
 5.33257263e-07 -1.43496268e-06  5.33257263e-07  4.12819707e-05 
 5.33307263e-07  1.65672657e-06  5.33307263e-07 -3.96755914e-05 
 5.33357263e-07 -1.62850201e-06  5.33357263e-07  3.81368650e-05 
 5.33407263e-07  1.83080466e-06  5.33407263e-07 -3.66263554e-05 
 5.33457263e-07 -1.78464651e-06  5.33457263e-07  3.51793905e-05 
 5.33507263e-07  1.97042739e-06  5.33507263e-07 -3.37567812e-05 
 5.33557263e-07 -1.90905440e-06  5.33557263e-07  3.23940396e-05 
 5.33607263e-07  2.08082435e-06  5.33607263e-07 -3.10521764e-05 
 5.33657263e-07 -2.00655787e-06  5.33657263e-07  2.97668915e-05 
 5.33707263e-07  2.16646031e-06  5.33707263e-07 -2.84993550e-05 
 5.33757263e-07 -2.08128132e-06  5.33757263e-07  2.72854542e-05 
 5.33807263e-07  2.23114511e-06  5.33807263e-07 -2.60864838e-05 
 5.33857263e-07 -2.13674336e-06  5.33857263e-07  2.49385152e-05 
 5.33907263e-07  2.27812830e-06  5.33907263e-07 -2.38029381e-05 
 5.33957263e-07 -2.17594452e-06  5.33957263e-07  2.27160031e-05 
 5.34007263e-07  2.31018032e-06  5.34007263e-07 -2.16391695e-05 
 5.34057263e-07 -2.20144251e-06  5.34057263e-07  2.06088608e-05 
 5.34107263e-07  2.32966245e-06  5.34107263e-07 -1.95865851e-05 
 5.34157263e-07 -2.21541679e-06  5.34157263e-07  1.86089314e-05 
 5.34207263e-07  2.33858631e-06  5.34207263e-07 -1.76374394e-05 
 5.34257263e-07 -2.21972396e-06  5.34257263e-07  1.67088558e-05 
 5.34307263e-07  2.33866528e-06  5.34307263e-07 -1.57847376e-05 
 5.34357263e-07 -2.21594490e-06  5.34357263e-07  1.49019814e-05 
 5.34407263e-07  2.33135788e-06  5.34407263e-07 -1.40221499e-05 
 5.34457263e-07 -2.20542517e-06  5.34457263e-07  1.31822816e-05 
 5.34507263e-07  2.31790551e-06  5.34507263e-07 -1.23439354e-05 
 5.34557263e-07 -2.18930986e-06  5.34557263e-07  1.15442841e-05 
 5.34607263e-07  2.29936416e-06  5.34607263e-07 -1.07448754e-05 
 5.34657263e-07 -2.16857257e-06  5.34657263e-07  9.98300857e-06 
 5.34707263e-07  2.27663158e-06  5.34707263e-07 -9.22021423e-06 
 5.34757263e-07 -2.14404113e-06  5.34757263e-07  8.49391111e-06 
 5.34807263e-07  2.25047086e-06  5.34807263e-07 -7.76560808e-06 
 5.34857263e-07 -2.11641865e-06  5.34857263e-07  7.07283611e-06 
 5.34907263e-07  2.22152985e-06  5.34907263e-07 -6.37707920e-06 
 5.34957263e-07 -2.08630209e-06  5.34957263e-07  5.71597370e-06 
 5.35007263e-07  2.19035848e-06  5.35007263e-07 -5.05097642e-06 
 5.35057263e-07 -2.05419787e-06  5.35057263e-07  4.41982248e-06 
 5.35107263e-07  2.15742299e-06  5.35107263e-07 -3.78394007e-06 
 5.35157263e-07 -2.02053517e-06  5.35157263e-07  3.18115684e-06 
 5.35207263e-07  2.12311839e-06  5.35207263e-07 -2.57287150e-06 
 5.35257263e-07 -1.98567741e-06  5.35257263e-07  1.99699826e-06 
 5.35307263e-07  2.08777889e-06  5.35307263e-07 -1.41490613e-06 
 5.35357263e-07 -1.94993179e-06  5.35357263e-07  8.64590168e-07 
 5.35407263e-07  2.05168684e-06  5.35407263e-07 -3.07389838e-07 
 5.35457263e-07 -1.91355782e-06  5.35457263e-07 -2.18624363e-07 
 5.35507263e-07  2.01508053e-06  5.35507263e-07  7.52141890e-07 
 5.35557263e-07 -1.87677413e-06  5.35557263e-07 -1.25502205e-06 
 5.35607263e-07  1.97816055e-06  5.35607263e-07  1.76598233e-06 
 5.35657263e-07 -1.83976467e-06  5.35657263e-07 -2.24681671e-06 
 5.35707263e-07  1.94109546e-06  5.35707263e-07  2.73626968e-06 
 5.35757263e-07 -1.80268386e-06  5.35757263e-07 -3.19607455e-06 
 5.35807263e-07  1.90402661e-06  5.35807263e-07  3.66500148e-06 
 5.35857263e-07 -1.76566089e-06  5.35857263e-07 -4.10472760e-06 
 5.35907263e-07  1.86707196e-06  5.35907263e-07  4.55404731e-06 
 5.35957263e-07 -1.72880344e-06  5.35957263e-07 -4.97458577e-06 
 5.36007263e-07  1.83032975e-06  5.36007263e-07  5.40516012e-06 
 5.36057263e-07 -1.69220102e-06  5.36057263e-07 -5.80734753e-06 
 5.36107263e-07  1.79388139e-06  5.36107263e-07  6.21998626e-06 
 5.36157263e-07 -1.65592755e-06  5.36157263e-07 -6.60460935e-06 
 5.36207263e-07  1.75779391e-06  5.36207263e-07  7.00007453e-06 
 5.36257263e-07 -1.62004375e-06  5.36257263e-07 -7.36787428e-06 
 5.36307263e-07  1.72212222e-06  5.36307263e-07  7.74688419e-06 
 5.36357263e-07 -1.58459914e-06  5.36357263e-07 -8.09855956e-06 
 5.36407263e-07  1.68691082e-06  5.36407263e-07  8.46179214e-06 
 5.36457263e-07 -1.54963366e-06  5.36457263e-07 -8.79800336e-06 
 5.36507263e-07  1.65219551e-06  5.36507263e-07  9.14609944e-06 
 5.36557263e-07 -1.51517920e-06  5.36557263e-07 -9.46747100e-06 
 5.36607263e-07  1.61800452e-06  5.36607263e-07  9.80103713e-06 
 5.36657263e-07 -1.48126075e-06  5.36657263e-07 -1.01081605e-05 
 5.36707263e-07  1.58435990e-06  5.36707263e-07  1.04277715e-05 
 5.36757263e-07 -1.44789752e-06  5.36757263e-07 -1.07212075e-05 
 5.36807263e-07  1.55127823e-06  5.36807263e-07  1.10274087e-05 
 5.36857263e-07 -1.41510376e-06  5.36857263e-07 -1.13076899e-05 
 5.36907263e-07  1.51877161e-06  5.36907263e-07  1.16009993e-05 
 5.36957263e-07 -1.38288962e-06  5.36957263e-07 -1.18686318e-05 
 5.37007263e-07  1.48684835e-06  5.37007263e-07  1.21495421e-05 
 5.37057263e-07 -1.35126169e-06  5.37057263e-07 -1.24050074e-05 
 5.37107263e-07  1.45551356e-06  5.37107263e-07  1.26739875e-05 
 5.37157263e-07 -1.32022370e-06  5.37157263e-07 -1.29177442e-05 
 5.37207263e-07  1.42476960e-06  5.37207263e-07  1.31752410e-05 
 5.37257263e-07 -1.28977676e-06  5.37257263e-07 -1.34077263e-05 
 5.37307263e-07  1.39461654e-06  5.37307263e-07  1.36541661e-05 
 5.37357263e-07 -1.25992006e-06  5.37357263e-07 -1.38757971e-05 
 5.37407263e-07  1.36505267e-06  5.37407263e-07  1.41115868e-05 
 5.37457263e-07 -1.23065100e-06  5.37457263e-07 -1.43227621e-05 
 5.37507263e-07  1.33607461e-06  5.37507263e-07  1.45482904e-05 
 5.37557263e-07 -1.20196554e-06  5.37557263e-07 -1.47493907e-05 
 5.37607263e-07  1.30767773e-06  5.37607263e-07  1.49650294e-05 
 5.37657263e-07 -1.17385844e-06  5.37657263e-07 -1.51564192e-05 
 5.37707263e-07  1.27985624e-06  5.37707263e-07  1.53625241e-05 
 5.37757263e-07 -1.14632355e-06  5.37757263e-07 -1.55445521e-05 
 5.37807263e-07  1.25260360e-06  5.37807263e-07  1.57414640e-05 
 5.37857263e-07 -1.11935387e-06  5.37857263e-07 -1.59144644e-05 
 5.37907263e-07  1.22591246e-06  5.37907263e-07  1.61025097e-05 
 5.37957263e-07 -1.09294176e-06  5.37957263e-07 -1.62668030e-05 
 5.38007263e-07  1.19977491e-06  5.38007263e-07  1.64462951e-05 
 5.38057263e-07 -1.06707911e-06  5.38057263e-07 -1.66021884e-05 
 5.38107263e-07  1.17418264e-06  5.38107263e-07  1.67734278e-05 
 5.38157263e-07 -1.04175738e-06  5.38157263e-07 -1.69212163e-05 
 5.38207263e-07  1.14912692e-06  5.38207263e-07  1.70844916e-05 
 5.38257263e-07 -1.01696772e-06  5.38257263e-07 -1.72244586e-05 
 5.38307263e-07  1.12459882e-06  5.38307263e-07  1.73800473e-05 
 5.38357263e-07 -9.92701112e-07  5.38357263e-07 -1.75124652e-05 
 5.38407263e-07  1.10058919e-06  5.38407263e-07  1.76606338e-05 
 5.38457263e-07 -9.68948326e-07  5.38457263e-07 -1.77857644e-05 
 5.38507263e-07  1.07708872e-06  5.38507263e-07  1.79267694e-05 
 5.38557263e-07 -9.45699993e-07  5.38557263e-07 -1.80448648e-05 
 5.38607263e-07  1.05408811e-06  5.38607263e-07  1.81789530e-05 
 5.38657263e-07 -9.22946779e-07  5.38657263e-07 -1.82902556e-05 
 5.38707263e-07  1.03157790e-06  5.38707263e-07  1.84176646e-05 
 5.38757263e-07 -9.00679259e-07  5.38757263e-07 -1.85224080e-05 
 5.38807263e-07  1.00954872e-06  5.38807263e-07  1.86433667e-05 
 5.38857263e-07 -8.78888053e-07  5.38857263e-07 -1.87417760e-05 
 5.38907263e-07  9.87991193e-07  5.38907263e-07  1.88565050e-05 
 5.38957263e-07 -8.57563823e-07  5.38957263e-07 -1.89487969e-05 
 5.39007263e-07  9.66896046e-07  5.39007263e-07  1.90575089e-05 
 5.39057263e-07 -8.36697302e-07  5.39057263e-07 -1.91438926e-05 
 5.39107263e-07  9.46253985e-07  5.39107263e-07  1.92467927e-05 
 5.39157263e-07 -8.16279306e-07  5.39157263e-07 -1.93274699e-05 
 5.39207263e-07  9.26055987e-07  5.39207263e-07  1.94247559e-05 
 5.39257263e-07 -7.96300801e-07  5.39257263e-07 -1.94999212e-05 
 5.39307263e-07  9.06292949e-07  5.39307263e-07  1.95917842e-05 
 5.39357263e-07 -7.76752783e-07  5.39357263e-07 -1.96616255e-05 
 5.39407263e-07  8.86955981e-07  5.39407263e-07  1.97482498e-05 
 5.39457263e-07 -7.57626390e-07  5.39457263e-07 -1.98129484e-05 
 5.39507263e-07  8.68036311e-07  5.39507263e-07  1.98945121e-05 
 5.39557263e-07 -7.38912952e-07  5.39557263e-07 -1.99542434e-05 
 5.39607263e-07  8.49525296e-07  5.39607263e-07  2.00309185e-05 
 5.39657263e-07 -7.20603904e-07  5.39657263e-07 -2.00858516e-05 
 5.39707263e-07  8.31414459e-07  5.39707263e-07  2.01578044e-05 
 5.39757263e-07 -7.02690776e-07  5.39757263e-07 -2.02081029e-05 
 5.39807263e-07  8.13695405e-07  5.39807263e-07  2.02754940e-05 
 5.39857263e-07 -6.85165319e-07  5.39857263e-07 -2.03213160e-05 
 5.39907263e-07  7.96359981e-07  5.39907263e-07  2.03843009e-05 
 5.39953632e-07 -6.67355590e-07  5.39953632e-07 -2.04297185e-05 
 5.40000000e-07  7.78087438e-07  5.40000000e-07  2.04920251e-05 
 5.40005000e-07  1.31023487e-05  5.40005000e-07  1.78488449e-04 
 5.40015000e-07 -5.60025538e-06  5.40015000e-07  2.66137610e-06 
 5.40035000e-07 -6.42424890e-06  5.40035000e-07 -5.70585705e-05 
 5.40075000e-07  5.96160179e-06  5.40075000e-07 -5.26223952e-05 
 5.40125000e-07 -3.09398317e-05  5.40125000e-07 -1.21243214e-04 
 5.40162500e-07 -6.30787170e-05  5.40162500e-07 -3.03133177e-04 
 5.40200000e-07  4.54249296e-04  5.40200000e-07  2.43873266e-04 
 5.40205000e-07  2.84773710e-04  5.40205000e-07  1.23879601e-04 
 5.40215000e-07 -2.44089366e-04  5.40215000e-07  3.43122446e-04 
 5.40235000e-07 -3.01901187e-04  5.40235000e-07  8.43464583e-04 
 5.40275000e-07  1.91563946e-04  5.40275000e-07  1.14075290e-03 
 5.40317478e-07 -1.14166737e-04  5.40317478e-07 -1.88188303e-03 
 5.40362351e-07  7.72086109e-05  5.40362351e-07  4.14230088e-04 
 5.40412351e-07 -5.79515221e-05  5.40412351e-07 -2.11076569e-04 
 5.40462351e-07  4.56056386e-05  5.40462351e-07  2.51148364e-04 
 5.40512351e-07 -3.67490204e-05  5.40512351e-07 -1.33976210e-04 
 5.40562351e-07  3.04691449e-05  5.40562351e-07  8.17783666e-05 
 5.40612351e-07 -2.54902551e-05  5.40612351e-07 -2.85098451e-05 
 5.40662351e-07  2.18418016e-05  5.40662351e-07 -9.74823577e-06 
 5.40712351e-07 -1.87404041e-05  5.40712351e-07  4.01329684e-05 
 5.40762351e-07  1.64569639e-05  5.40762351e-07 -6.30958569e-05 
 5.40812351e-07 -1.43786986e-05  5.40812351e-07  8.04772590e-05 
 5.40862351e-07  1.28705576e-05  5.40862351e-07 -9.32909125e-05 
 5.40912351e-07 -1.13839953e-05  5.40912351e-07  1.02549721e-04 
 5.40962351e-07  1.03365219e-05  5.40962351e-07 -1.08909121e-04 
 5.41012351e-07 -9.21053230e-06  5.41012351e-07  1.13043546e-04 
 5.41062351e-07  8.45060616e-06  5.41062351e-07 -1.15347050e-04 
 5.41112351e-07 -7.55577622e-06  5.41112351e-07  1.16283122e-04 
 5.41162351e-07  6.98507987e-06  5.41162351e-07 -1.16081906e-04 
 5.41212351e-07 -6.24665536e-06  5.41212351e-07  1.15068683e-04 
 5.41262351e-07  5.80745668e-06  5.41262351e-07 -1.13369704e-04 
 5.41312351e-07 -5.18067522e-06  5.41312351e-07  1.11218001e-04 
 5.41362351e-07  4.83770655e-06  5.41362351e-07 -1.08673537e-04 
 5.41412351e-07 -4.29459376e-06  5.41412351e-07  1.05907064e-04 
 5.41462351e-07  4.02529536e-06  5.41462351e-07 -1.02936261e-04 
 5.41512351e-07 -3.54749988e-06  5.41512351e-07  9.98895266e-05 
 5.41562351e-07  3.33669515e-06  5.41562351e-07 -9.67577535e-05 
 5.41612351e-07 -2.91154699e-06  5.41612351e-07  9.36403942e-05 
 5.41662351e-07  2.74849252e-06  5.41662351e-07 -9.05116251e-05 
 5.41712351e-07 -2.36679959e-06  5.41712351e-07  8.74510553e-05 
 5.41762351e-07  2.24352101e-06  5.41762351e-07 -8.44226875e-05 
 5.41812351e-07 -1.89831193e-06  5.41812351e-07  8.14925044e-05 
 5.41862351e-07  1.80864358e-06  5.41862351e-07 -7.86185735e-05 
 5.41912351e-07 -1.49443260e-06  5.41912351e-07  7.58575138e-05 
 5.41956175e-07  1.40900591e-06  5.41956175e-07 -7.27939364e-05 
 5.42000000e-07 -1.10059527e-06  5.42000000e-07  6.98766732e-05 
 5.42005000e-07  1.82756014e-04  5.42005000e-07  2.47729736e-03 
 5.42015000e-07  1.50839926e-04  5.42015000e-07  2.66787316e-03 
 5.42035000e-07  1.10289650e-05  5.42035000e-07  9.78887000e-04 
 5.42075000e-07  4.95501551e-05  5.42075000e-07  7.94187467e-04 
 5.42125000e-07 -1.53338276e-05  5.42125000e-07  3.62739199e-04 
 5.42162500e-07  4.72922251e-06  5.42162500e-07  6.07728476e-04 
 5.42200000e-07 -3.46122328e-05  5.42200000e-07 -2.74776371e-03 
 5.42205000e-07 -1.41156411e-04  5.42205000e-07 -1.89426022e-03 
 5.42215000e-07 -1.24263450e-04  5.42215000e-07 -1.26510169e-03 
 5.42235000e-07 -4.43916399e-05  5.42235000e-07 -1.04382747e-03 
 5.42275000e-07 -2.47391607e-05  5.42275000e-07 -5.16487216e-04 
 5.42325000e-07  1.07664872e-05  5.42325000e-07 -2.74701364e-04 
 5.42375000e-07 -1.18320765e-05  5.42375000e-07 -1.03752753e-04 
 5.42425000e-07  1.13656249e-05  5.42425000e-07 -6.80817990e-05 
 5.42475000e-07 -1.08365488e-05  5.42475000e-07 -1.71756693e-05 
 5.42525000e-07  1.05020425e-05  5.42525000e-07 -2.05242630e-05 
 5.42575000e-07 -9.92217632e-06  5.42575000e-07  1.10696866e-06 
 5.42625000e-07  9.57711526e-06  5.42625000e-07 -9.60147537e-06 
 5.42675000e-07 -8.99368276e-06  5.42675000e-07  5.36635411e-06 
 5.42725000e-07  8.65457017e-06  5.42725000e-07 -7.57759168e-06 
 5.42775000e-07 -8.08404050e-06  5.42775000e-07  6.94073966e-06 
 5.42825000e-07  7.76349862e-06  5.42825000e-07 -7.79867149e-06 
 5.42875000e-07 -7.21602922e-06  5.42875000e-07  8.00025463e-06 
 5.42925000e-07  6.92198035e-06  5.42925000e-07 -8.51638237e-06 
 5.42975000e-07 -6.40360400e-06  5.42975000e-07  8.85595143e-06 
 5.43025000e-07  6.14049708e-06  5.43025000e-07 -9.21676674e-06 
 5.43075000e-07 -5.65431789e-06  5.43075000e-07  9.50532042e-06 
 5.43125000e-07  5.42414499e-06  5.43125000e-07 -9.74163878e-06 
 5.43175000e-07 -4.97120630e-06  5.43175000e-07  9.93171987e-06 
 5.43225000e-07  4.77423740e-06  5.43225000e-07 -1.00550602e-05 
 5.43275000e-07 -4.35416361e-06  5.43275000e-07  1.01439748e-05 
 5.43325000e-07  4.18950507e-06  5.43325000e-07 -1.01688588e-05 
 5.43375000e-07 -3.80098262e-06  5.43375000e-07  1.01692424e-05 
 5.43425000e-07  3.66699170e-06  5.43425000e-07 -1.01133209e-05 
 5.43475000e-07 -3.30812297e-06  5.43475000e-07  1.00424023e-05 
 5.43525000e-07  3.20271099e-06  5.43525000e-07 -9.92381247e-06 
 5.43575000e-07 -2.87127113e-06  5.43575000e-07  9.79893591e-06 
 5.43625000e-07  2.79212063e-06  5.43625000e-07 -9.63440432e-06 
 5.43675000e-07 -2.48573952e-06  5.43675000e-07  9.47112257e-06 
 5.43725000e-07  2.43045691e-06  5.43725000e-07 -9.27503802e-06 
 5.43775000e-07 -2.14674557e-06  5.43775000e-07  9.08642242e-06 
 5.43825000e-07  2.11296508e-06  5.43825000e-07 -8.87057147e-06 
 5.43875000e-07 -1.84960029e-06  5.43875000e-07  8.66712724e-06 
 5.43925000e-07  1.83505226e-06  5.43925000e-07 -8.44080212e-06 
 5.43975000e-07 -1.58983049e-06  5.43975000e-07  8.23067422e-06 
 5.44025000e-07  1.59238343e-06  5.44025000e-07 -8.00095906e-06 
 5.44075000e-07 -1.36325286e-06  5.44075000e-07  7.79025747e-06 
 5.44125000e-07  1.38093677e-06  5.44125000e-07 -7.56237766e-06 
 5.44175000e-07 -1.16601341e-06  5.44175000e-07  7.35553105e-06 
 5.44225000e-07  1.19703005e-06  5.44225000e-07 -7.13320184e-06 
 5.44275000e-07 -9.94602852e-07  5.44275000e-07  6.93329243e-06 
 5.44325000e-07  1.03732652e-06  5.44325000e-07 -6.71903576e-06 
 5.44375000e-07 -8.45855080e-07  5.44375000e-07  6.52809443e-06 
 5.44425000e-07  8.98827893e-07  5.44425000e-07 -6.32351110e-06 
 5.44475000e-07 -7.16935352e-07  5.44475000e-07  6.14276627e-06 
 5.44525000e-07  7.78858066e-07  5.44525000e-07 -5.94876168e-06 
 5.44575000e-07 -6.05320854e-07  5.44575000e-07  5.77884235e-06 
 5.44625000e-07  6.75041981e-07  5.44625000e-07 -5.59580843e-06 
 5.44675000e-07 -5.08778096e-07  5.44675000e-07  5.43690627e-06 
 5.44725000e-07  5.85281599e-07  5.44725000e-07 -5.26486507e-06 
 5.44775000e-07 -4.25338188e-07  5.44775000e-07  5.11686133e-06 
 5.44825000e-07  5.07730847e-07  5.44825000e-07 -4.95557652e-06 
 5.44875000e-07 -3.53271721e-07  5.44875000e-07  4.81813935e-06 
 5.44925000e-07  4.40770955e-07  5.44925000e-07 -4.66720127e-06 
 5.44975000e-07 -2.91064350e-07  5.44975000e-07  4.53985983e-06 
 5.45025000e-07  3.82986244e-07  5.45025000e-07 -4.39874933e-06 
 5.45075000e-07 -2.37393532e-07  5.45075000e-07  4.28094854e-06 
 5.45125000e-07  3.33141809e-07  5.45125000e-07 -4.14908419e-06 
 5.45175000e-07 -1.91106773e-07  5.45175000e-07  4.04022537e-06 
 5.45225000e-07  2.90162724e-07  5.45225000e-07 -3.91699775e-06 
 5.45275000e-07 -1.51201893e-07  5.45275000e-07  3.81646725e-06 
 5.45325000e-07  2.53114953e-07  5.45325000e-07 -3.70126320e-06 
 5.45375000e-07 -1.16808709e-07  5.45375000e-07  3.60845291e-06 
 5.45425000e-07  2.21188156e-07  5.45425000e-07 -3.50067232e-06 
 5.45475000e-07 -8.71728444e-08  5.45475000e-07  3.41499319e-06 
 5.45525000e-07  1.93680227e-07  5.45525000e-07 -3.31406003e-06 
 5.45575000e-07 -6.16410323e-08  5.45575000e-07  3.23495112e-06 
 5.45625000e-07  1.69983574e-07  5.45625000e-07 -3.14032045e-06 
 5.45675000e-07 -3.96482664e-08  5.45675000e-07  3.06725395e-06 
 5.45725000e-07  1.49572897e-07  5.45725000e-07 -2.97841574e-06 
 5.45775000e-07 -2.07063557e-08  5.45775000e-07  2.91089996e-06 
 5.45825000e-07  1.31994547e-07  5.45825000e-07 -2.82738071e-06 
 5.45875000e-07 -4.39368567e-09  5.45875000e-07  2.76496064e-06 
 5.45925000e-07  1.16856801e-07  5.45925000e-07 -2.68632365e-06 
 5.45975000e-07  9.65345784e-09  5.45975000e-07  2.62858070e-06 
 5.46025000e-07  1.03821951e-07  5.46025000e-07 -2.55442507e-06 
 5.46075000e-07  2.17488166e-08  5.46075000e-07  2.50097579e-06 
 5.46125000e-07  9.25986820e-08  5.46125000e-07 -2.43093487e-06 
 5.46175000e-07  3.21626794e-08  5.46175000e-07  2.38142907e-06 
 5.46225000e-07  8.29360950e-08  5.46225000e-07 -2.31516849e-06 
 5.46275000e-07  4.11279712e-08  5.46275000e-07  2.26928711e-06 
 5.46325000e-07  7.46180118e-08  5.46325000e-07 -2.20650255e-06 
 5.46375000e-07  4.88453321e-08  5.46375000e-07  2.16395544e-06 
 5.46425000e-07  6.74582765e-08  5.46425000e-07 -2.10437027e-06 
 5.46475000e-07  5.54874584e-08  5.46475000e-07  2.06489384e-06 
 5.46525000e-07  6.12966613e-08  5.46525000e-07 -2.00825691e-06 
 5.46575000e-07  6.12030210e-08  5.46575000e-07  1.97161190e-06 
 5.46625000e-07  5.59952523e-08  5.46625000e-07 -1.91769522e-06 
 5.46675000e-07  6.61199218e-08  5.46675000e-07  1.88366440e-06 
 5.46725000e-07  5.14353584e-08  5.46725000e-07 -1.83226102e-06 
 5.46775000e-07  7.03483148e-08  5.46775000e-07  1.80064730e-06 
 5.46825000e-07  4.75148251e-08  5.46825000e-07 -1.75156939e-06 
 5.46875000e-07  7.39828970e-08  5.46875000e-07  1.72219375e-06 
 5.46925000e-07  4.41458394e-08  5.46925000e-07 -1.67527067e-06 
 5.46975000e-07  7.71051914e-08  5.46975000e-07  1.64797052e-06 
 5.47025000e-07  4.12527601e-08  5.47025000e-07 -1.60304721e-06 
 5.47075000e-07  7.97853230e-08  5.47075000e-07  1.57767461e-06 
 5.47125000e-07  3.87705127e-08  5.47125000e-07 -1.53460999e-06 
 5.47175000e-07  8.20836445e-08  5.47175000e-07  1.51103030e-06 
 5.47225000e-07  3.66431862e-08  5.47225000e-07 -1.46969584e-06 
 5.47275000e-07  8.40520296e-08  5.47275000e-07  1.44778640e-06 
 5.47325000e-07  3.48225309e-08  5.47325000e-07 -1.40806493e-06 
 5.47375000e-07  8.57352748e-08  5.47375000e-07  1.38771378e-06 
 5.47425000e-07  3.32671392e-08  5.47425000e-07 -1.34949831e-06 
 5.47475000e-07  8.71717460e-08  5.47475000e-07  1.33060315e-06 
 5.47525000e-07  3.19413374e-08  5.47525000e-07 -1.29379581e-06 
 5.47575000e-07  8.83945500e-08  5.47575000e-07  1.27626303e-06 
 5.47625000e-07  3.08143292e-08  5.47625000e-07 -1.24077422e-06 
 5.47675000e-07  8.94323224e-08  5.47675000e-07  1.22451799e-06 
 5.47725000e-07  2.98597168e-08  5.47725000e-07 -1.19026551e-06 
 5.47775000e-07  9.03095357e-08  5.47775000e-07  1.17520712e-06 
 5.47825000e-07  2.90546168e-08  5.47825000e-07 -1.14211546e-06 
 5.47875000e-07  9.10473719e-08  5.47875000e-07  1.12818245e-06 
 5.47925000e-07  2.83794861e-08  5.47925000e-07 -1.09618214e-06 
 5.47975000e-07  9.16640690e-08  5.47975000e-07  1.08330783e-06 
 5.48025000e-07  2.78173028e-08  5.48025000e-07 -1.05233481e-06 
 5.48075000e-07  9.21753921e-08  5.48075000e-07  1.04045768e-06 
 5.48125000e-07  2.73534528e-08  5.48125000e-07 -1.01045285e-06 
 5.48175000e-07  9.25949119e-08  5.48175000e-07  9.99516028e-07 
 5.48225000e-07  2.69753308e-08  5.48225000e-07 -9.70424727e-07 
 5.48275000e-07  9.29343520e-08  5.48275000e-07  9.60375667e-07 
 5.48325000e-07  2.66720446e-08  5.48325000e-07 -9.32147219e-07 
 5.48375000e-07  9.32038318e-08  5.48375000e-07  9.22937120e-07 
 5.48425000e-07  2.64341401e-08  5.48425000e-07 -8.95524584e-07 
 5.48475000e-07  9.34121638e-08  5.48475000e-07  8.87108201e-07 
 5.48525000e-07  2.62535572e-08  5.48525000e-07 -8.60467934e-07 
 5.48575000e-07  9.35668252e-08  5.48575000e-07  8.52803169e-07 
 5.48625000e-07  2.61231557e-08  5.48625000e-07 -8.26894581e-07 
 5.48675000e-07  9.36744542e-08  5.48675000e-07  8.19942255e-07 
 5.48725000e-07  2.60368681e-08  5.48725000e-07 -7.94727483e-07 
 5.48775000e-07  9.37407258e-08  5.48775000e-07  7.88451072e-07 
 5.48825000e-07  2.59893928e-08  5.48825000e-07 -7.63894823e-07 
 5.48875000e-07  9.37705679e-08  5.48875000e-07  7.58260173e-07 
 5.48925000e-07  2.59761021e-08  5.48925000e-07 -7.34329473e-07 
 5.48975000e-07  9.37682624e-08  5.48975000e-07  7.29304677e-07 
 5.49025000e-07  2.59930645e-08  5.49025000e-07 -7.05968640e-07 
 5.49075000e-07  9.37375451e-08  5.49075000e-07  7.01523840e-07 
 5.49125000e-07  2.60367238e-08  5.49125000e-07 -6.78753520e-07 
 5.49175000e-07  9.36816825e-08  5.49175000e-07  6.74860673e-07 
 5.49225000e-07  2.61041082e-08  5.49225000e-07 -6.52628975e-07 
 5.49275000e-07  9.36034716e-08  5.49275000e-07  6.49261804e-07 
 5.49325000e-07  2.61925068e-08  5.49325000e-07 -6.27543209e-07 
 5.49375000e-07  9.35054619e-08  5.49375000e-07  6.24677011e-07 
 5.49425000e-07  2.62995995e-08  5.49425000e-07 -6.03447564e-07 
 5.49475000e-07  9.33897422e-08  5.49475000e-07  6.01059091e-07 
 5.49525000e-07  2.64234315e-08  5.49525000e-07 -5.80296271e-07 
 5.49575000e-07  9.32582924e-08  5.49575000e-07  5.78363614e-07 
 5.49625000e-07  2.65621087e-08  5.49625000e-07 -5.58046091e-07 
 5.49675000e-07  9.31127322e-08  5.49675000e-07  5.56548622e-07 
 5.49725000e-07  2.67141831e-08  5.49725000e-07 -5.36656423e-07 
 5.49775000e-07  9.29545484e-08  5.49775000e-07  5.35574644e-07 
 5.49825000e-07  2.68781218e-08  5.49825000e-07 -5.16088796e-07 
 5.49875000e-07  9.27850805e-08  5.49875000e-07  5.15404315e-07 
 5.49925000e-07  2.70528688e-08  5.49925000e-07 -4.96306915e-07 
 5.49962500e-07  9.25745582e-08  5.49962500e-07  4.92840661e-07 
 5.50000000e-07  2.73005849e-08  5.50000000e-07 -4.71093669e-07 
 5.50005000e-07 -8.06340814e-06  5.50005000e-07 -7.28177839e-05 
 5.50015000e-07  5.90717124e-06  5.50015000e-07  1.23931883e-05 
 5.50035000e-07  1.72400775e-06  5.50035000e-07  1.43994084e-05 
 5.50075000e-07 -2.67076235e-06  5.50075000e-07  1.69194825e-05 
 5.50125000e-07  2.40088383e-05  5.50125000e-07  1.72855118e-04 
 5.50162500e-07  1.54563645e-05  5.50162500e-07  2.04534536e-04 
 5.50200000e-07 -3.24994614e-04  5.50200000e-07 -1.12128865e-04 
 5.50205000e-07 -3.33061687e-04  5.50205000e-07 -3.46973618e-04 
 5.50215000e-07 -2.85760780e-05  5.50215000e-07 -8.01663842e-04 
 5.50235000e-07  4.99101845e-04  5.50235000e-07 -1.21120649e-03 
 5.50271172e-07 -2.38555687e-04  5.50271172e-07 -4.66692831e-04 
 5.50314691e-07  1.27866833e-04  5.50314691e-07  1.27795966e-03 
 5.50360582e-07 -5.80763260e-05  5.50360582e-07  2.68852042e-05 
 5.50410582e-07  1.91538181e-05  5.50410582e-07  6.15083812e-05 
 5.50460582e-07  7.34560784e-06  5.50460582e-07 -1.39384434e-04 
 5.50510582e-07 -2.51621207e-05  5.50510582e-07  4.87640461e-05 
 5.50560582e-07  3.73476747e-05  5.50560582e-07 -5.76044030e-05 
 5.50610582e-07 -4.51636462e-05  5.50610582e-07  1.58891134e-05 
 5.50660582e-07  5.01556540e-05  5.50660582e-07 -4.13396913e-06 
 5.50710582e-07 -5.27027315e-05  5.50710582e-07 -1.77027672e-05 
 5.50760582e-07  5.38453362e-05  5.50760582e-07  3.03337986e-05 
 5.50810582e-07 -5.35374349e-05  5.50810582e-07 -4.35731442e-05 
 5.50860582e-07  5.26346073e-05  5.50860582e-07  5.31602471e-05 
 5.50910582e-07 -5.08642091e-05  5.50910582e-07 -6.15655227e-05 
 5.50960582e-07  4.89278050e-05  5.50960582e-07  6.80202190e-05 
 5.51010582e-07 -4.64738087e-05  5.51010582e-07 -7.32261154e-05 
 5.51060582e-07  4.40977603e-05  5.51060582e-07  7.71845499e-05 
 5.51110582e-07 -4.14029782e-05  5.51110582e-07 -8.01442551e-05 
 5.51160582e-07  3.89247652e-05  5.51160582e-07  8.22538000e-05 
 5.51210582e-07 -3.62372273e-05  5.51210582e-07 -8.36231571e-05 
 5.51260582e-07  3.38423430e-05  5.51260582e-07  8.44087840e-05 
 5.51310582e-07 -3.12947764e-05  5.51310582e-07 -8.46637046e-05 
 5.51360582e-07  2.90786622e-05  5.51360582e-07  8.45248463e-05 
 5.51410582e-07 -2.67356076e-05  5.51410582e-07 -8.40139767e-05 
 5.51460582e-07  2.47406890e-05  5.51460582e-07  8.32466247e-05 
 5.51510582e-07 -2.26267553e-05  5.51510582e-07 -8.22242559e-05 
 5.51560582e-07  2.08647340e-05  5.51560582e-07  8.10443510e-05 
 5.51610582e-07 -1.89816496e-05  5.51610582e-07 -7.96943225e-05 
 5.51660582e-07  1.74469636e-05  5.51660582e-07  7.82574218e-05 
 5.51710582e-07 -1.57838882e-05  5.51710582e-07 -7.67111970e-05 
 5.51760582e-07  1.44618330e-05  5.51760582e-07  7.51279401e-05 
 5.51810582e-07 -1.30015747e-05  5.51810582e-07 -7.34783156e-05 
 5.51860582e-07  1.18731693e-05  5.51860582e-07  7.18262553e-05 
 5.51910582e-07 -1.05958952e-05  5.51910582e-07 -7.01376935e-05 
 5.51960582e-07  9.64075555e-06  5.51960582e-07  6.84702140e-05 
 5.52010582e-07 -8.52616205e-06  5.52010582e-07 -6.67865738e-05 
 5.52060582e-07  7.72415010e-06  5.52060582e-07  6.51395477e-05 
 5.52110582e-07 -6.75268550e-06  5.52110582e-07 -6.34898278e-05 
 5.52160582e-07  6.08480920e-06  5.52160582e-07  6.18865502e-05 
 5.52210582e-07 -5.23831562e-06  5.52210582e-07 -6.02891304e-05 
 5.52260582e-07  4.68717129e-06  5.52260582e-07  5.87439521e-05 
 5.52310582e-07 -3.94917397e-06  5.52310582e-07 -5.72097062e-05 
 5.52360582e-07  3.49911489e-06  5.52360582e-07  5.57306939e-05 
 5.52410582e-07 -2.85490149e-06  5.52410582e-07 -5.42652615e-05 
 5.52460582e-07  2.49204525e-06  5.52460582e-07  5.28561333e-05 
 5.52510582e-07 -1.92862412e-06  5.52510582e-07 -5.14615673e-05 
 5.52560582e-07  1.64077017e-06  5.52560582e-07  5.01230920e-05 
 5.52610582e-07 -1.14676220e-06  5.52610582e-07 -4.87990444e-05 
 5.52660582e-07  9.23262673e-07  5.52660582e-07  4.75300451e-05 
 5.52710582e-07 -4.88761923e-07  5.52710582e-07 -4.62746147e-05 
 5.52760582e-07  3.20372672e-07  5.52760582e-07  4.50726827e-05 
 5.52810582e-07  6.32049822e-08  5.52810582e-07 -4.38830140e-05 
 5.52860582e-07 -1.84477404e-07  5.52860582e-07  4.27450108e-05 
 5.52910582e-07  5.24544097e-07  5.52910582e-07 -4.16177126e-05 
 5.52960582e-07 -6.05590341e-07  5.52960582e-07  4.05401178e-05 
 5.53010582e-07  9.08528622e-07  5.53010582e-07 -3.94715506e-05 
 5.53060582e-07 -9.55274202e-07  5.53060582e-07  3.84506996e-05 
 5.53110582e-07  1.22656812e-06  5.53110582e-07 -3.74371694e-05 
 5.53160582e-07 -1.24409892e-06  5.53160582e-07  3.64694103e-05 
 5.53210582e-07  1.48845229e-06  5.53210582e-07 -3.55072949e-05 
 5.53260582e-07 -1.48112678e-06  5.53260582e-07  3.45890896e-05 
 5.53310582e-07  1.70256853e-06  5.53310582e-07 -3.36749177e-05 
 5.53360582e-07 -1.67411716e-06  5.53360582e-07  3.28029029e-05 
 5.53410582e-07  1.87609430e-06  5.53410582e-07 -3.19333995e-05 
 5.53460582e-07 -1.82970679e-06  5.53460582e-07  3.11044205e-05 
 5.53510582e-07  2.01516558e-06  5.53510582e-07 -3.02765300e-05 
 5.53560582e-07 -1.95356683e-06  5.53560582e-07  2.94876551e-05 
 5.53610582e-07  2.12502364e-06  5.53610582e-07 -2.86985486e-05 
 5.53660582e-07 -2.05054009e-06  5.53660582e-07  2.79470712e-05 
 5.53710582e-07  2.21014262e-06  5.53710582e-07 -2.71941441e-05 
 5.53760582e-07 -2.12475901e-06  5.53760582e-07  2.64775767e-05 
 5.53810582e-07  2.27433927e-06  5.53810582e-07 -2.57584399e-05 
 5.53860582e-07 -2.17974805e-06  5.53860582e-07  2.50745032e-05 
 5.53910582e-07  2.32086797e-06  5.53910582e-07 -2.43869699e-05 
 5.53960582e-07 -2.21851160e-06  5.53960582e-07  2.37335794e-05 
 5.54010582e-07  2.35250220e-06  5.54010582e-07 -2.30756510e-05 
 5.54060582e-07 -2.24360962e-06  5.54060582e-07  2.24509017e-05 
 5.54110582e-07  2.37160463e-06  5.54110582e-07 -2.18207523e-05 
 5.54160582e-07 -2.25722230e-06  5.54160582e-07  2.12229036e-05 
 5.54210582e-07  2.38018706e-06  5.54210582e-07 -2.06188649e-05 
 5.54260582e-07 -2.26120578e-06  5.54260582e-07  2.00463258e-05 
 5.54310582e-07  2.37996179e-06  5.54310582e-07 -1.94668725e-05 
 5.54360582e-07 -2.25713942e-06  5.54360582e-07  1.89181873e-05 
 5.54410582e-07  2.37238566e-06  5.54410582e-07 -1.83619232e-05 
 5.54460582e-07 -2.24636680e-06  5.54460582e-07  1.78357586e-05 
 5.54510582e-07  2.35869754e-06  5.54510582e-07 -1.73014040e-05 
 5.54560582e-07 -2.23003012e-06  5.54560582e-07  1.67965367e-05 
 5.54610582e-07  2.33995043e-06  5.54610582e-07 -1.62829169e-05 
 5.54660582e-07 -2.20909997e-06  5.54660582e-07  1.57982229e-05 
 5.54710582e-07  2.31703896e-06  5.54710582e-07 -1.53042575e-05 
 5.54760582e-07 -2.18440083e-06  5.54760582e-07  1.48387019e-05 
 5.54810582e-07  2.29072268e-06  5.54810582e-07 -1.43633954e-05 
 5.54860582e-07 -2.15663229e-06  5.54860582e-07  1.39160236e-05 
 5.54910582e-07  2.26164609e-06  5.54910582e-07 -1.34584569e-05 
 5.54960582e-07 -2.12638795e-06  5.54960582e-07  1.30283865e-05 
 5.55010582e-07  2.23035563e-06  5.55010582e-07 -1.25877094e-05 
 5.55060582e-07 -2.09417078e-06  5.55060582e-07  1.21741235e-05 
 5.55110582e-07  2.19731423e-06  5.55110582e-07 -1.17495477e-05 
 5.55160582e-07 -2.06040670e-06  5.55160582e-07  1.13516877e-05 
 5.55210582e-07  2.16291365e-06  5.55210582e-07 -1.09424812e-05 
 5.55260582e-07 -2.02545597e-06  5.55260582e-07  1.05596419e-05 
 5.55310582e-07  2.12748512e-06  5.55310582e-07 -1.01651233e-05 
 5.55360582e-07 -1.98962296e-06  5.55360582e-07  9.79664754e-06 
 5.55410582e-07  2.09130819e-06  5.55410582e-07 -9.41618119e-06 
 5.55460582e-07 -1.95316443e-06  5.55460582e-07  9.06145547e-06 
 5.55510582e-07  2.05461860e-06  5.55510582e-07 -8.69444761e-06 
 5.55560582e-07 -1.91629662e-06  5.55560582e-07  8.35289801e-06 
 5.55610582e-07  2.01761457e-06  5.55610582e-07 -7.99879270e-06 
 5.55660582e-07 -1.87920123e-06  5.55660582e-07  7.66988137e-06 
 5.55710582e-07  1.98046266e-06  5.55710582e-07 -7.32815715e-06 
 5.55760582e-07 -1.84203076e-06  5.55760582e-07  7.01137916e-06 
 5.55810582e-07  1.94330230e-06  5.55810582e-07 -6.68154616e-06 
 5.55860582e-07 -1.80491264e-06  5.55860582e-07  6.37642661e-06 
 5.55910582e-07  1.90624988e-06  5.55910582e-07 -6.05802374e-06 
 5.55960582e-07 -1.76795308e-06  5.55960582e-07  5.76411522e-06 
 5.56010582e-07  1.86940224e-06  5.56010582e-07 -5.45670779e-06 
 5.56060582e-07 -1.73124029e-06  5.56060582e-07  5.17358820e-06 
 5.56110582e-07  1.83283960e-06  5.56110582e-07 -4.87676579e-06 
 5.56160582e-07 -1.69484709e-06  5.56160582e-07  4.60403617e-06 
 5.56210582e-07  1.79662801e-06  5.56210582e-07 -4.31741060e-06 
 5.56260582e-07 -1.65883333e-06  5.56260582e-07  4.05469337e-06 
 5.56310582e-07  1.76082158e-06  5.56310582e-07 -3.77789702e-06 
 5.56360582e-07 -1.62324782e-06  5.56360582e-07  3.52483429e-06 
 5.56410582e-07  1.72546419e-06  5.56410582e-07 -3.25751853e-06 
 5.56460582e-07 -1.58812991e-06  5.56460582e-07  3.01377056e-06 
 5.56510582e-07  1.69059109e-06  5.56510582e-07 -2.75560428e-06 
 5.56560582e-07 -1.55351109e-06  5.56560582e-07  2.52084822e-06 
 5.56610582e-07  1.65623026e-06  5.56610582e-07 -2.27151647e-06 
 5.56660582e-07 -1.51941606e-06  5.56660582e-07  2.04544506e-06 
 5.56710582e-07  1.62240342e-06  5.56710582e-07 -1.80464805e-06 
 5.56760582e-07 -1.48586383e-06  5.56760582e-07  1.58696851e-06 
 5.56810582e-07  1.58912704e-06  5.56810582e-07 -1.35442040e-06 
 5.56860582e-07 -1.45286865e-06  5.56860582e-07  1.14485347e-06 
 5.56910582e-07  1.55641330e-06  5.56910582e-07 -9.20281410e-07 
 5.56960582e-07 -1.42044057e-06  5.56960582e-07  7.18560341e-07 
 5.57010582e-07  1.52427049e-06  5.57010582e-07 -5.01703623e-07 
 5.57060582e-07 -1.38858646e-06  5.57060582e-07  3.07573350e-07 
 5.57110582e-07  1.49270388e-06  5.57110582e-07 -9.81826532e-08 
 5.57160582e-07 -1.35731006e-06  5.57160582e-07 -8.86008571e-08 
 5.57210582e-07  1.46171601e-06  5.57210582e-07  2.90764337e-07 
 5.57260582e-07 -1.32661283e-06  5.57260582e-07 -4.70434988e-07 
 5.57310582e-07  1.43130730e-06  5.57310582e-07  6.65600107e-07 
 5.57360582e-07 -1.29649421e-06  5.57360582e-07 -8.38382128e-07 
 5.57410582e-07  1.40147625e-06  5.57410582e-07  1.02676848e-06 
 5.57460582e-07 -1.26695187e-06  5.57460582e-07 -1.19287718e-06 
 5.57510582e-07  1.37221987e-06  5.57510582e-07  1.37469563e-06 
 5.57560582e-07 -1.23798222e-06  5.57560582e-07 -1.53433780e-06 
 5.57610582e-07  1.34353390e-06  5.57610582e-07  1.70979100e-06 
 5.57660582e-07 -1.20958038e-06  5.57660582e-07 -1.86316555e-06 
 5.57710582e-07  1.31541298e-06  5.57710582e-07  2.03244846e-06 
 5.57760582e-07 -1.18174058e-06  5.57760582e-07 -2.17974675e-06 
 5.57810582e-07  1.28785095e-06  5.57810582e-07  2.34304703e-06 
 5.57860582e-07 -1.15445628e-06  5.57860582e-07 -2.48445341e-06 
 5.57910582e-07  1.26084095e-06  5.57910582e-07  2.64195193e-06 
 5.57960582e-07 -1.12772037e-06  5.57960582e-07 -2.77764404e-06 
 5.58010582e-07  1.23437554e-06  5.58010582e-07  2.92951509e-06 
 5.58060582e-07 -1.10152508e-06  5.58060582e-07 -3.05966432e-06 
 5.58110582e-07  1.20844682e-06  5.58110582e-07  3.20607611e-06 
 5.58160582e-07 -1.07586241e-06  5.58160582e-07 -3.33084781e-06 
 5.58210582e-07  1.18304657e-06  5.58210582e-07  3.47196272e-06 
 5.58260582e-07 -1.05072398e-06  5.58260582e-07 -3.59151665e-06 
 5.58310582e-07  1.15816630e-06  5.58310582e-07  3.72749157e-06 
 5.58360582e-07 -1.02610120e-06  5.58360582e-07 -3.84198205e-06 
 5.58410582e-07  1.13379738e-06  5.58410582e-07  3.97296867e-06 
 5.58460582e-07 -1.00198533e-06  5.58460582e-07 -4.08254498e-06 
 5.58510582e-07  1.10993093e-06  5.58510582e-07  4.20868990e-06 
 5.58560582e-07 -9.78367486e-07  5.58560582e-07 -4.31349642e-06 
 5.58610582e-07  1.08655807e-06  5.58610582e-07  4.43494162e-06 
 5.58660582e-07 -9.55238754e-07  5.58660582e-07 -4.53511813e-06 
 5.58710582e-07  1.06366989e-06  5.58710582e-07  4.65200107e-06 
 5.58760582e-07 -9.32590193e-07  5.58760582e-07 -4.74768288e-06 
 5.58810582e-07  1.04125739e-06  5.58810582e-07  4.86013665e-06 
 5.58860582e-07 -9.10412865e-07  5.58860582e-07 -4.95145499e-06 
 5.58910582e-07  1.01931170e-06  5.58910582e-07  5.05960857e-06 
 5.58960582e-07 -8.88697863e-07  5.58960582e-07 -5.14669053e-06 
 5.59010582e-07  9.97823965e-07  5.59010582e-07  5.25066907e-06 
 5.59060582e-07 -8.67436382e-07  5.59060582e-07 -5.33363796e-06 
 5.59110582e-07  9.76785278e-07  5.59110582e-07  5.43356273e-06 
 5.59160582e-07 -8.46619561e-07  5.59160582e-07 -5.51253810e-06 
 5.59210582e-07  9.56187007e-07  5.59210582e-07  5.60852685e-06 
 5.59260582e-07 -8.26238845e-07  5.59260582e-07 -5.68362481e-06 
 5.59310582e-07  9.36020483e-07  5.59310582e-07  5.77579180e-06 
 5.59360582e-07 -8.06285540e-07  5.59360582e-07 -5.84712501e-06 
 5.59410582e-07  9.16277185e-07  5.59410582e-07  5.93558116e-06 
 5.59460582e-07 -7.86751269e-07  5.59460582e-07 -6.00325905e-06 
 5.59510582e-07  8.96948702e-07  5.59510582e-07  6.08811216e-06 
 5.59560582e-07 -7.67627629e-07  5.59560582e-07 -6.15224101e-06 
 5.59610582e-07  8.78026798e-07  5.59610582e-07  6.23359578e-06 
 5.59660582e-07 -7.48906490e-07  5.59660582e-07 -6.29427887e-06 
 5.59710582e-07  8.59503292e-07  5.59710582e-07  6.37223699e-06 
 5.59760582e-07 -7.30579670e-07  5.59760582e-07 -6.42957476e-06 
 5.59810582e-07  8.41370167e-07  5.59810582e-07  6.50423519e-06 
 5.59860582e-07 -7.12639299e-07  5.59860582e-07 -6.55832520e-06 
 5.59910582e-07  8.23619524e-07  5.59910582e-07  6.62978407e-06 
 5.59955291e-07 -6.94050014e-07  5.59955291e-07 -6.68776881e-06 
 5.60000000e-07  8.04211788e-07  5.60000000e-07  6.76278397e-06 
 5.60005000e-07  1.51773030e-05  5.60005000e-07  2.07631374e-04 
 5.60015000e-07 -3.44949399e-06  5.60015000e-07  2.11076871e-05 
 5.60035000e-07 -8.30545701e-06  5.60035000e-07 -5.07631153e-05 
 5.60075000e-07  5.49104678e-06  5.60075000e-07 -7.77112940e-05 
 5.60125000e-07 -4.26843042e-05  5.60125000e-07 -1.80833625e-04 
 5.60162500e-07 -1.00326953e-04  5.60162500e-07 -4.47032340e-04 
 5.60200000e-07  6.01961356e-04  5.60200000e-07  1.95418254e-04 
 5.60205000e-07  4.45445440e-04  5.60205000e-07  7.96253453e-05 
 5.60215000e-07 -1.34197112e-04  5.60215000e-07  3.67311076e-04 
 5.60235000e-07 -3.79914413e-04  5.60235000e-07  1.08122736e-03 
 5.60275000e-07  1.36624537e-04  5.60275000e-07  1.71366340e-03 
 5.60318860e-07 -9.51418887e-05  5.60318860e-07 -2.05275168e-03 
 5.60364725e-07  6.48775158e-05  5.60364725e-07  2.67813987e-04 
 5.60414725e-07 -5.02298145e-05  5.60414725e-07 -3.69482455e-04 
 5.60464725e-07  4.01078400e-05  5.60464725e-07  3.15049002e-04 
 5.60514725e-07 -3.26765894e-05  5.60514725e-07 -1.95297922e-04 
 5.60564725e-07  2.73308335e-05  5.60564725e-07  1.44953328e-04 
 5.60614725e-07 -2.30191411e-05  5.60614725e-07 -8.24289592e-05 
 5.60664725e-07  1.98628583e-05  5.60664725e-07  4.39883059e-05 
 5.60714725e-07 -1.71336327e-05  5.60714725e-07 -9.06570080e-06 
 5.60764725e-07  1.51419875e-05  5.60764725e-07 -1.57896586e-05 
 5.60814725e-07 -1.32890670e-05  5.60814725e-07  3.59906565e-05 
 5.60864725e-07  1.19593837e-05  5.60864725e-07 -5.09200989e-05 
 5.60914725e-07 -1.06140458e-05  5.60914725e-07  6.23778729e-05 
 5.60964725e-07  9.68005057e-06  5.60964725e-07 -7.07034872e-05 
 5.61014725e-07 -8.64555266e-06  5.61014725e-07  7.67251386e-05 
 5.61064725e-07  7.96050004e-06  5.61064725e-07 -8.07930524e-05 
 5.61114725e-07 -7.12733441e-06  5.61114725e-07  8.33957642e-05 
 5.61164725e-07  6.60821110e-06  5.61164725e-07 -8.47705937e-05 
 5.61214725e-07 -5.91328047e-06  5.61214725e-07  8.52425696e-05 
 5.61264725e-07  5.51132668e-06  5.61264725e-07 -8.49522499e-05 
 5.61314725e-07 -4.91672213e-06  5.61314725e-07  8.41285890e-05 
 5.61364725e-07  4.60194579e-06  5.61364725e-07 -8.28449016e-05 
 5.61414725e-07 -4.08373080e-06  5.61414725e-07  8.12682501e-05 
 5.61464725e-07  3.83668393e-06  5.61464725e-07 -7.94276204e-05 
 5.61514725e-07 -3.37889709e-06  5.61514725e-07  7.74487224e-05 
 5.61564725e-07  3.18625272e-06  5.61564725e-07 -7.53318530e-05 
 5.61614725e-07 -2.77765440e-06  5.61614725e-07  7.31746862e-05 
 5.61664725e-07  2.62978576e-06  5.61664725e-07 -7.09591809e-05 
 5.61714725e-07 -2.26205787e-06  5.61714725e-07  6.87638818e-05 
 5.61764725e-07  2.15168327e-06  5.61764725e-07 -6.65592120e-05 
 5.61814725e-07 -1.81837738e-06  5.61814725e-07  6.44092581e-05 
 5.61864725e-07  1.73978869e-06  5.61864725e-07 -6.22820422e-05 
 5.61914725e-07 -1.43585000e-06  5.61914725e-07  6.02284886e-05 
 5.61957363e-07  1.35608050e-06  5.61957363e-07 -5.78700886e-05 
 5.62000000e-07 -1.05328550e-06  5.62000000e-07  5.56210382e-05 
 5.62005000e-07 -2.35747257e-07  5.62005000e-07  4.76690267e-06 
 5.62015000e-07  2.21477335e-07  5.62015000e-07 -4.45586611e-06 
 5.62035000e-07 -6.49668237e-08  5.62035000e-07  3.91995528e-06 
 5.62075000e-07  1.80170125e-07  5.62075000e-07 -3.58045430e-06 
 5.62125000e-07 -6.09793400e-08  5.62125000e-07  3.39640358e-06 
 5.62162500e-07  1.82215214e-07  5.62162500e-07 -3.17740163e-06 
 5.62200000e-07 -6.21024138e-08  5.62200000e-07  2.96918075e-06 
 5.62205000e-07  3.67073207e-08  5.62205000e-07  1.92958511e-07 
 5.62215000e-07  1.13532165e-07  5.62215000e-07  3.18008640e-07 
 5.62235000e-07  5.75990107e-09  5.62235000e-07 -3.62959475e-07 
 5.62275000e-07  1.06707251e-07  5.62275000e-07  2.85655974e-07 
 5.62325000e-07  2.13771517e-08  5.62325000e-07 -2.23383600e-07 
 5.62375000e-07  8.95452421e-08  5.62375000e-07  2.06592887e-07 
 5.62425000e-07  3.85300342e-08  5.62425000e-07 -1.69097776e-07 
 5.62475000e-07  7.37791819e-08  5.62475000e-07  1.46214441e-07 
 5.62525000e-07  5.24173081e-08  5.62525000e-07 -1.05582762e-07 
 5.62575000e-07  6.18679864e-08  5.62575000e-07  8.40443667e-08 
 5.62625000e-07  6.24262593e-08  5.62625000e-07 -4.52268698e-08 
 5.62675000e-07  5.36097080e-08  5.62675000e-07  2.66418980e-08 
 5.62725000e-07  6.91157617e-08  5.62725000e-07  8.76090692e-09 
 5.62775000e-07  4.83009290e-08  5.62775000e-07 -2.36093448e-08 
 5.62825000e-07  7.32254690e-08  5.62825000e-07  5.50884634e-08 
 5.62875000e-07  4.52213214e-08  5.62875000e-07 -6.59663674e-08 
 5.62925000e-07  7.54284557e-08  5.62925000e-07  9.34957220e-08 
 5.62975000e-07  4.37578329e-08  5.62975000e-07 -1.00523267e-07 
 5.63025000e-07  7.62735312e-08  5.63025000e-07  1.24344065e-07 
 5.63075000e-07  4.34252634e-08  5.63075000e-07 -1.27843566e-07 
 5.63125000e-07  7.61855757e-08  5.63125000e-07  1.48338714e-07 
 5.63175000e-07  4.38544001e-08  5.63175000e-07 -1.48730271e-07 
 5.63225000e-07  7.54832999e-08  5.63225000e-07  1.66341954e-07 
 5.63275000e-07  4.47717006e-08  5.63275000e-07 -1.64076076e-07 
 5.63325000e-07  7.44003262e-08  5.63325000e-07  1.79253203e-07 
 5.63375000e-07  4.59786653e-08  5.63375000e-07 -1.74769272e-07 
 5.63425000e-07  7.31044117e-08  5.63425000e-07  1.87935969e-07 
 5.63475000e-07  4.73341924e-08  5.63475000e-07 -1.81638676e-07 
 5.63525000e-07  7.17135849e-08  5.63525000e-07  1.93177350e-07 
 5.63575000e-07  4.87402535e-08  5.63575000e-07 -1.85425060e-07 
 5.63625000e-07  7.03087911e-08  5.63625000e-07  1.95669164e-07 
 5.63675000e-07  5.01304137e-08  5.63675000e-07 -1.86770107e-07 
 5.63725000e-07  6.89439748e-08  5.63725000e-07  1.96002998e-07 
 5.63775000e-07  5.14614526e-08  5.63775000e-07 -1.86216346e-07 
 5.63825000e-07  6.76532520e-08  5.63825000e-07  1.94673815e-07 
 5.63875000e-07  5.27069354e-08  5.63875000e-07 -1.84213245e-07 
 5.63925000e-07  6.64566172e-08  5.63925000e-07  1.92088197e-07 
 5.63975000e-07  5.38521964e-08  5.63975000e-07 -1.81127087e-07 
 5.64025000e-07  6.53642805e-08  5.64025000e-07  1.88574759e-07 
 5.64075000e-07  5.48908886e-08  5.64075000e-07 -1.77251665e-07 
 5.64125000e-07  6.43793394e-08  5.64125000e-07  1.84395389e-07 
 5.64175000e-07  5.58224289e-08  5.64175000e-07 -1.72819593e-07 
 5.64225000e-07  6.35003665e-08  5.64225000e-07  1.79755814e-07 
 5.64275000e-07  5.66499629e-08  5.64275000e-07 -1.68012328e-07 
 5.64325000e-07  6.27229119e-08  5.64325000e-07  1.74815702e-07 
 5.64375000e-07  5.73789849e-08  5.64375000e-07 -1.62969779e-07 
 5.64425000e-07  6.20405860e-08  5.64425000e-07  1.69697179e-07 
 5.64475000e-07  5.80164353e-08  5.64475000e-07 -1.57798195e-07 
 5.64525000e-07  6.14460652e-08  5.64525000e-07  1.64492357e-07 
 5.64575000e-07  5.85699854e-08  5.64575000e-07 -1.52577195e-07 
 5.64625000e-07  6.09315460e-08  5.64625000e-07  1.59269765e-07 
 5.64675000e-07  5.90474343e-08  5.64675000e-07 -1.47365406e-07 
 5.64725000e-07  6.04891903e-08  5.64725000e-07  1.54079331e-07 
 5.64775000e-07  5.94565720e-08  5.64775000e-07 -1.42205185e-07 
 5.64825000e-07  6.01114498e-08  5.64825000e-07  1.48956720e-07 
 5.64875000e-07  5.98047435e-08  5.64875000e-07 -1.37126401e-07 
 5.64925000e-07  5.97910789e-08  5.64925000e-07  1.43926810e-07 
 5.64975000e-07  6.00989697e-08  5.64975000e-07 -1.32149467e-07 
 5.65025000e-07  5.95214251e-08  5.65025000e-07  1.39006164e-07 
 5.65075000e-07  6.03456166e-08  5.65075000e-07 -1.27287719e-07 
 5.65125000e-07  5.92962962e-08  5.65125000e-07  1.34205341e-07 
 5.65175000e-07  6.05505973e-08  5.65175000e-07 -1.22549284e-07 
 5.65225000e-07  5.91101555e-08  5.65225000e-07  1.29530341e-07 
 5.65275000e-07  6.07191833e-08  5.65275000e-07 -1.17938431e-07 
 5.65325000e-07  5.89579146e-08  5.65325000e-07  1.24984013e-07 
 5.65375000e-07  6.08561569e-08  5.65375000e-07 -1.13456745e-07 
 5.65425000e-07  5.88351532e-08  5.65425000e-07  1.20566889e-07 
 5.65475000e-07  6.09657579e-08  5.65475000e-07 -1.09103892e-07 
 5.65525000e-07  5.87377888e-08  5.65525000e-07  1.16277951e-07 
 5.65575000e-07  6.10517631e-08  5.65575000e-07 -1.04878381e-07 
 5.65625000e-07  5.86623169e-08  5.65625000e-07  1.12115234e-07 
 5.65675000e-07  6.11174558e-08  5.65675000e-07 -1.00777801e-07 
 5.65725000e-07  5.86056581e-08  5.65725000e-07  1.08076070e-07 
 5.65775000e-07  6.11657807e-08  5.65775000e-07 -9.67992750e-08 
 5.65825000e-07  5.85650091e-08  5.65825000e-07  1.04157356e-07 
 5.65875000e-07  6.11993168e-08  5.65875000e-07 -9.29395375e-08 
 5.65925000e-07  5.85380649e-08  5.65925000e-07  1.00355777e-07 
 5.65975000e-07  6.12202307e-08  5.65975000e-07 -8.91952709e-08 
 5.66025000e-07  5.85226905e-08  5.66025000e-07  9.66679840e-08 
 5.66075000e-07  6.12304926e-08  5.66075000e-07 -8.55631158e-08 
 5.66125000e-07  5.85170968e-08  5.66125000e-07  9.30906084e-08 
 5.66175000e-07  6.12318031e-08  5.66175000e-07 -8.20397036e-08 
 5.66225000e-07  5.85197205e-08  5.66225000e-07  8.96204106e-08 
 5.66275000e-07  6.12256136e-08  5.66275000e-07 -7.86219387e-08 
 5.66325000e-07  5.85291641e-08  5.66325000e-07  8.62542469e-08 
 5.66375000e-07  6.12131710e-08  5.66375000e-07 -7.53066419e-08 
 5.66425000e-07  5.85443330e-08  5.66425000e-07  8.29890939e-08 
 5.66475000e-07  6.11955432e-08  5.66475000e-07 -7.20908818e-08 
 5.66525000e-07  5.85641547e-08  5.66525000e-07  7.98220176e-08 
 5.66575000e-07  6.11737623e-08  5.66575000e-07 -6.89718045e-08 
 5.66625000e-07  5.85877383e-08  5.66625000e-07  7.67502783e-08 
 5.66675000e-07  6.11485296e-08  5.66675000e-07 -6.59467194e-08 
 5.66725000e-07  5.86144304e-08  5.66725000e-07  7.37711852e-08 
 5.66775000e-07  6.11205748e-08  5.66775000e-07 -6.30129901e-08 
 5.66825000e-07  5.86435229e-08  5.66825000e-07  7.08821760e-08 
 5.66875000e-07  6.10904531e-08  5.66875000e-07 -6.01681233e-08 
 5.66925000e-07  5.86745072e-08  5.66925000e-07  6.80808712e-08 
 5.66975000e-07  6.10587220e-08  5.66975000e-07 -5.74097399e-08 
 5.67025000e-07  5.87069203e-08  5.67025000e-07  6.53648408e-08 
 5.67075000e-07  6.10257520e-08  5.67075000e-07 -5.47355367e-08 
 5.67125000e-07  5.87403231e-08  5.67125000e-07  6.27318712e-08 
 5.67175000e-07  6.09919459e-08  5.67175000e-07 -5.21432572e-08 
 5.67225000e-07  5.87744674e-08  5.67225000e-07  6.01797903e-08 
 5.67275000e-07  6.09575814e-08  5.67275000e-07 -4.96307939e-08 
 5.67325000e-07  5.88089773e-08  5.67325000e-07  5.77063842e-08 
 5.67375000e-07  6.09229390e-08  5.67375000e-07 -4.71959761e-08 
 5.67425000e-07  5.88437029e-08  5.67425000e-07  5.53096537e-08 
 5.67475000e-07  6.08882109e-08  5.67475000e-07 -4.48368198e-08 
 5.67525000e-07  5.88783930e-08  5.67525000e-07  5.29875488e-08 
 5.67575000e-07  6.08536081e-08  5.67575000e-07 -4.25512992e-08 
 5.67625000e-07  5.89128896e-08  5.67625000e-07  5.07381541e-08 
 5.67675000e-07  6.08192326e-08  5.67675000e-07 -4.03375235e-08 
 5.67725000e-07  5.89470884e-08  5.67725000e-07  4.85595157e-08 
 5.67775000e-07  6.07852576e-08  5.67775000e-07 -3.81935701e-08 
 5.67825000e-07  5.89808333e-08  5.67825000e-07  4.64497681e-08 
 5.67875000e-07  6.07517774e-08  5.67875000e-07 -3.61175769e-08 
 5.67925000e-07  5.90140175e-08  5.67925000e-07  4.44071092e-08 
 5.67975000e-07  6.07188589e-08  5.67975000e-07 -3.41077528e-08 
 5.68025000e-07  5.90466691e-08  5.68025000e-07  4.24296825e-08 
 5.68075000e-07  6.06865408e-08  5.68075000e-07 -3.21623188e-08 
 5.68125000e-07  5.90786095e-08  5.68125000e-07  4.05158012e-08 
 5.68175000e-07  6.06549622e-08  5.68175000e-07 -3.02795544e-08 
 5.68225000e-07  5.91098565e-08  5.68225000e-07  3.86637358e-08 
 5.68275000e-07  6.06240886e-08  5.68275000e-07 -2.84577652e-08 
 5.68325000e-07  5.91403306e-08  5.68325000e-07  3.68717860e-08 
 5.68375000e-07  6.05939624e-08  5.68375000e-07 -2.66952448e-08 
 5.68425000e-07  5.91700766e-08  5.68425000e-07  3.51382860e-08 
 5.68475000e-07  6.05646276e-08  5.68475000e-07 -2.49903754e-08 
 5.68525000e-07  5.91990255e-08  5.68525000e-07  3.34616440e-08 
 5.68575000e-07  6.05360617e-08  5.68575000e-07 -2.33415613e-08 
 5.68625000e-07  5.92271706e-08  5.68625000e-07  3.18402904e-08 
 5.68675000e-07  6.05083188e-08  5.68675000e-07 -2.17472675e-08 
 5.68725000e-07  5.92545303e-08  5.68725000e-07  3.02726493e-08 
 5.68775000e-07  6.04813910e-08  5.68775000e-07 -2.02059345e-08 
 5.68825000e-07  5.92810520e-08  5.68825000e-07  2.87572386e-08 
 5.68875000e-07  6.04552415e-08  5.68875000e-07 -1.87160365e-08 
 5.68925000e-07  5.93067923e-08  5.68925000e-07  2.72925279e-08 
 5.68975000e-07  6.04299232e-08  5.68975000e-07 -1.72761537e-08 
 5.69025000e-07  5.93317088e-08  5.69025000e-07  2.58770986e-08 
 5.69075000e-07  6.04054066e-08  5.69075000e-07 -1.58848356e-08 
 5.69125000e-07  5.93558550e-08  5.69125000e-07  2.45095365e-08 
 5.69175000e-07  6.03816407e-08  5.69175000e-07 -1.45406743e-08 
 5.69225000e-07  5.93792136e-08  5.69225000e-07  2.31884192e-08 
 5.69275000e-07  6.03586806e-08  5.69275000e-07 -1.32422867e-08 
 5.69325000e-07  5.94018118e-08  5.69325000e-07  2.19124355e-08 
 5.69375000e-07  6.03364400e-08  5.69375000e-07 -1.19883653e-08 
 5.69425000e-07  5.94236758e-08  5.69425000e-07  2.06802548e-08 
 5.69475000e-07  6.03149571e-08  5.69475000e-07 -1.07775766e-08 
 5.69525000e-07  5.94447705e-08  5.69525000e-07  1.94905626e-08 
 5.69575000e-07  6.02942185e-08  5.69575000e-07 -9.60869545e-09 
 5.69625000e-07  5.94651376e-08  5.69625000e-07  1.83421275e-08 
 5.69675000e-07  6.02742018e-08  5.69675000e-07 -8.48039358e-09 
 5.69725000e-07  5.94848323e-08  5.69725000e-07  1.72336773e-08 
 5.69775000e-07  6.02548694e-08  5.69775000e-07 -7.39150527e-09 
 5.69825000e-07  5.95038336e-08  5.69825000e-07  1.61640706e-08 
 5.69875000e-07  6.02362121e-08  5.69875000e-07 -6.34088185e-09 
 5.69925000e-07  5.95221287e-08  5.69925000e-07  1.51321252e-08 
 5.69962500e-07  6.02152792e-08  5.69962500e-07 -5.16190307e-09 
 5.70000000e-07  5.95455398e-08  5.70000000e-07  1.38127457e-08 
 5.70005000e-07 -8.06226861e-06  5.70005000e-07 -7.27968122e-05 
 5.70015000e-07  5.90665120e-06  5.70015000e-07  1.23716646e-05 
 5.70035000e-07  1.72365118e-06  5.70035000e-07  1.44204781e-05 
 5.70075000e-07 -2.67044521e-06  5.70075000e-07  1.69004452e-05 
 5.70125000e-07  2.40051533e-05  5.70125000e-07  1.72880466e-04 
 5.70162500e-07  1.54504866e-05  5.70162500e-07  2.04520898e-04 
 5.70200000e-07 -3.24732999e-04  5.70200000e-07 -1.12140602e-04 
 5.70205000e-07 -3.32793120e-04  5.70205000e-07 -3.47000664e-04 
 5.70215000e-07 -2.83212664e-05  5.70215000e-07 -8.01721364e-04 
 5.70235000e-07  4.98808819e-04  5.70235000e-07 -1.21136108e-03 
 5.70271172e-07 -2.38622679e-04  5.70271172e-07 -4.66802272e-04 
 5.70314691e-07  1.27894801e-04  5.70314691e-07  1.27808864e-03 
 5.70360581e-07 -5.81186615e-05  5.70360581e-07  2.71168626e-05 
 5.70410581e-07  1.91940068e-05  5.70410581e-07  6.11625982e-05 
 5.70460581e-07  7.30726788e-06  5.70460581e-07 -1.38957083e-04 
 5.70510581e-07 -2.51266550e-05  5.70510581e-07  4.83725181e-05 
 5.70560581e-07  3.73151072e-05  5.70560581e-07 -5.72263097e-05 
 5.70610581e-07 -4.51341035e-05  5.70610581e-07  1.55464891e-05 
 5.70660581e-07  5.01288707e-05  5.70660581e-07 -3.81889456e-06 
 5.70710581e-07 -5.26786685e-05  5.70710581e-07 -1.79869397e-05 
 5.70760581e-07  5.38236476e-05  5.70760581e-07  3.05902865e-05 
 5.70810581e-07 -5.35180727e-05  5.70810581e-07 -4.38033472e-05 
 5.70860581e-07  5.26172389e-05  5.70860581e-07  5.33663656e-05 
 5.70910581e-07 -5.08487584e-05  5.70910581e-07 -6.17497280e-05 
 5.70960581e-07  4.89139767e-05  5.70960581e-07  6.81845049e-05 
 5.71010581e-07 -4.64615459e-05  5.71010581e-07 -7.33727137e-05 
 5.71060581e-07  4.40867889e-05  5.71060581e-07  7.73151380e-05 
 5.71110581e-07 -4.13932664e-05  5.71110581e-07 -8.02608736e-05 
 5.71160581e-07  3.89160613e-05  5.71160581e-07  8.23577966e-05 
 5.71210581e-07 -3.62295236e-05  5.71210581e-07 -8.37163042e-05 
 5.71260581e-07  3.38354095e-05  5.71260581e-07  8.44921168e-05 
 5.71310581e-07 -3.12886277e-05  5.71310581e-07 -8.47387258e-05 
 5.71360581e-07  2.90730888e-05  5.71360581e-07  8.45923148e-05 
 5.71410581e-07 -2.67306438e-05  5.71410581e-07 -8.40751527e-05 
 5.71460581e-07  2.47361441e-05  5.71460581e-07  8.33020339e-05 
 5.71510581e-07 -2.26226803e-05  5.71510581e-07 -8.22749525e-05 
 5.71560581e-07  2.08609546e-05  5.71560581e-07  8.10906703e-05 
 5.71610581e-07 -1.89782309e-05  5.71610581e-07 -7.97371495e-05 
 5.71660581e-07  1.74437458e-05  5.71660581e-07  7.82969396e-05 
 5.71710581e-07 -1.57809475e-05  5.71710581e-07 -7.67481546e-05 
 5.71760581e-07  1.44590216e-05  5.71760581e-07  7.51624013e-05 
 5.71810581e-07 -1.29989776e-05  5.71810581e-07 -7.35109215e-05 
 5.71860581e-07  1.18706486e-05  5.71860581e-07  7.18569778e-05 
 5.71910581e-07 -1.05935424e-05  5.71910581e-07 -7.01670891e-05 
 5.71960581e-07  9.63844067e-06  5.71960581e-07  6.84981845e-05 
 5.72010581e-07 -8.52398142e-06  5.72010581e-07 -6.68136094e-05 
 5.72060581e-07  7.72198014e-06  5.72060581e-07  6.51654978e-05 
 5.72110581e-07 -6.75062574e-06  5.72110581e-07 -6.35151313e-05 
 5.72160581e-07  6.08274111e-06  5.72160581e-07  6.19110172e-05 
 5.72210581e-07 -5.23634072e-06  5.72210581e-07 -6.03131604e-05 
 5.72260581e-07  4.68517520e-06  5.72260581e-07  5.87673265e-05 
 5.72310581e-07 -3.94725920e-06  5.72310581e-07 -5.72327937e-05 
 5.72360581e-07  3.49717028e-06  5.72360581e-07  5.57532555e-05 
 5.72410581e-07 -2.85303005e-06  5.72410581e-07 -5.42876420e-05 
 5.72460581e-07  2.49013841e-06  5.72460581e-07  5.28780793e-05 
 5.72510581e-07 -1.92678470e-06  5.72510581e-07 -5.14834049e-05 
 5.72560581e-07  1.63889183e-06  5.72560581e-07  5.01445580e-05 
 5.72610581e-07 -1.14494737e-06  5.72610581e-07 -4.88204505e-05 
 5.72660581e-07  9.21406777e-07  5.72660581e-07  4.75511216e-05 
 5.72710581e-07 -4.86966638e-07  5.72710581e-07 -4.62956618e-05 
 5.72760581e-07  3.18535114e-07  5.72760581e-07  4.50934270e-05 
 5.72810581e-07  6.49839863e-08  5.72810581e-07 -4.39037464e-05 
 5.72860581e-07 -1.86299378e-07  5.72860581e-07  4.27654561e-05 
 5.72910581e-07  5.26309115e-07  5.72910581e-07 -4.16381540e-05 
 5.72960581e-07 -6.07398583e-07  5.72960581e-07  4.05602800e-05 
 5.73010581e-07  9.10281259e-07  5.73010581e-07 -3.94917105e-05 
 5.73060581e-07 -9.57070161e-07  5.73060581e-07  3.84705823e-05 
 5.73110581e-07  1.22830957e-06  5.73110581e-07 -3.74570465e-05 
 5.73160581e-07 -1.24588366e-06  5.73160581e-07  3.64890084e-05 
 5.73210581e-07  1.49018356e-06  5.73210581e-07 -3.55268812e-05 
 5.73260581e-07 -1.48290118e-06  5.73260581e-07  3.46083924e-05 
 5.73310581e-07  1.70429040e-06  5.73310581e-07 -3.36942001e-05 
 5.73360581e-07 -1.67588201e-06  5.73360581e-07  3.28218957e-05 
 5.73410581e-07  1.87780747e-06  5.73410581e-07 -3.19523620e-05 
 5.73460581e-07 -1.83146268e-06  5.73460581e-07  3.11230863e-05 
 5.73510581e-07  2.01687062e-06  5.73510581e-07 -3.02951549e-05 
 5.73560581e-07 -1.95531443e-06  5.73560581e-07  2.95059754e-05 
 5.73610581e-07  2.12672118e-06  5.73610581e-07 -2.87168171e-05 
 5.73660581e-07 -2.05227985e-06  5.73660581e-07  2.79650271e-05 
 5.73710581e-07  2.21183304e-06  5.73710581e-07 -2.72120373e-05 
 5.73760581e-07 -2.12649132e-06  5.73760581e-07  2.64951493e-05 
 5.73810581e-07  2.27602293e-06  5.73810581e-07 -2.57759389e-05 
 5.73860581e-07 -2.18147330e-06  5.73860581e-07  2.50916739e-05 
 5.73910581e-07  2.32254521e-06  5.73910581e-07 -2.44040565e-05 
 5.73960581e-07 -2.22023006e-06  5.73960581e-07  2.37503303e-05 
 5.74010581e-07  2.35417321e-06  5.74010581e-07 -2.30923078e-05 
 5.74060581e-07 -2.24532143e-06  5.74060581e-07  2.24672157e-05 
 5.74110581e-07  2.37326956e-06  5.74110581e-07 -2.18369626e-05 
 5.74160581e-07 -2.25892759e-06  5.74160581e-07  2.12387646e-05 
 5.74210581e-07  2.38184594e-06  5.74210581e-07 -2.06346133e-05 
 5.74260581e-07 -2.26290453e-06  5.74260581e-07  2.00617188e-05 
 5.74310581e-07  2.38161462e-06  5.74310581e-07 -1.94821443e-05 
 5.74360581e-07 -2.25883163e-06  5.74360581e-07  1.89330983e-05 
 5.74410581e-07  2.37403230e-06  5.74410581e-07 -1.83767052e-05 
 5.74460581e-07 -2.24805231e-06  5.74460581e-07  1.78501747e-05 
 5.74510581e-07  2.36033783e-06  5.74510581e-07 -1.73156838e-05 
 5.74560581e-07 -2.23170867e-06  5.74560581e-07  1.68104463e-05 
 5.74610581e-07  2.34158414e-06  5.74610581e-07 -1.62966835e-05 
 5.74660581e-07 -2.21077140e-06  5.74660581e-07  1.58116154e-05 
 5.74710581e-07  2.31866579e-06  5.74710581e-07 -1.53175008e-05 
 5.74760581e-07 -2.18606478e-06  5.74760581e-07  1.48515678e-05 
 5.74810581e-07  2.29234234e-06  5.74810581e-07 -1.43761066e-05 
 5.74860581e-07 -2.15828846e-06  5.74860581e-07  1.39283546e-05 
 5.74910581e-07  2.26325819e-06  5.74910581e-07 -1.34706281e-05 
 5.74960581e-07 -2.12803594e-06  5.74960581e-07  1.30401753e-05 
 5.75010581e-07  2.23195978e-06  5.75010581e-07 -1.25993340e-05 
 5.75060581e-07 -2.09581018e-06  5.75060581e-07  1.21853638e-05 
 5.75110581e-07  2.19891000e-06  5.75110581e-07 -1.17606199e-05 
 5.75160581e-07 -2.06203708e-06  5.75160581e-07  1.13623744e-05 
 5.75210581e-07  2.16450059e-06  5.75210581e-07 -1.09529964e-05 
 5.75260581e-07 -2.02707688e-06  5.75260581e-07  1.05697707e-05 
 5.75310581e-07  2.12906275e-06  5.75310581e-07 -1.01750776e-05 
 5.75360581e-07 -1.99123398e-06  5.75360581e-07  9.80621521e-06 
 5.75410581e-07  2.09287611e-06  5.75410581e-07 -9.42557198e-06 
 5.75460581e-07 -1.95476505e-06  5.75460581e-07  9.07045966e-06 
 5.75510581e-07  2.05617625e-06  5.75510581e-07 -8.70327293e-06 
 5.75560581e-07 -1.91788636e-06  5.75560581e-07  8.36133724e-06 
 5.75610581e-07  2.01916156e-06  5.75610581e-07 -8.00705152e-06 
 5.75660581e-07 -1.88077973e-06  5.75660581e-07  7.67775501e-06 
 5.75710581e-07  1.98199851e-06  5.75710581e-07 -7.33584931e-06 
 5.75760581e-07 -1.84359748e-06  5.75760581e-07  7.01868743e-06 
 5.75810581e-07  1.94482650e-06  5.75810581e-07 -6.68867226e-06 
 5.75860581e-07 -1.80646713e-06  5.75860581e-07  6.38317048e-06 
 5.75910581e-07  1.90776203e-06  5.75910581e-07 -6.06458510e-06 
 5.75960581e-07 -1.76949492e-06  5.75960581e-07  5.77029640e-06 
 5.76010581e-07  1.87090191e-06  5.76010581e-07 -5.46270657e-06 
 5.76060581e-07 -1.73276906e-06  5.76060581e-07  5.17920913e-06 
 5.76110581e-07  1.83432632e-06  5.76110581e-07 -4.88220471e-06 
 5.76160581e-07 -1.69636235e-06  5.76160581e-07  4.60909991e-06 
 5.76210581e-07  1.79810142e-06  5.76210581e-07 -4.32229311e-06 
 5.76260581e-07 -1.66033477e-06  5.76260581e-07  4.05920366e-06 
 5.76310581e-07  1.76228130e-06  5.76310581e-07 -3.78222715e-06 
 5.76360581e-07 -1.62473499e-06  5.76360581e-07  3.52879543e-06 
 5.76410581e-07  1.72690980e-06  5.76410581e-07 -3.26130090e-06 
 5.76460581e-07 -1.58960246e-06  5.76460581e-07  3.01718745e-06 
 5.76510581e-07  1.69202225e-06  5.76510581e-07 -2.75884403e-06 
 5.76560581e-07 -1.55496865e-06  5.76560581e-07  2.52372626e-06 
 5.76610581e-07  1.65764663e-06  5.76610581e-07 -2.27421934e-06 
 5.76660581e-07 -1.52085838e-06  5.76660581e-07  2.04779020e-06 
 5.76710581e-07  1.62380470e-06  5.76710581e-07 -1.80682019e-06 
 5.76760581e-07 -1.48729054e-06  5.76760581e-07  1.58878710e-06 
 5.76810581e-07  1.59051293e-06  5.76810581e-07 -1.35606838e-06 
 5.76860581e-07 -1.45427951e-06  5.76860581e-07  1.14615229e-06 
 5.76910581e-07  1.55778349e-06  5.76910581e-07 -9.21412260e-07 
 5.76960581e-07 -1.42183533e-06  5.76960581e-07  7.19346602e-07 
 5.77010581e-07  1.52562482e-06  5.77010581e-07 -5.02324754e-07 
 5.77060581e-07 -1.38996488e-06  5.77060581e-07  3.07854677e-07 
 5.77110581e-07  1.49404203e-06  5.77110581e-07 -9.83018331e-08 
 5.77160581e-07 -1.35867189e-06  5.77160581e-07 -8.88165919e-08 
 5.77210581e-07  1.46303782e-06  5.77210581e-07  2.91139047e-07 
 5.77260581e-07 -1.32795791e-06  5.77260581e-07 -4.71139556e-07 
 5.77310581e-07  1.43261254e-06  5.77310581e-07  6.66460295e-07 
 5.77360581e-07 -1.29782231e-06  5.77360581e-07 -8.39567030e-07 
 5.77410581e-07  1.40276475e-06  5.77410581e-07  1.02810553e-06 
 5.77460581e-07 -1.26826287e-06  5.77460581e-07 -1.19453364e-06 
 5.77510581e-07  1.37349149e-06  5.77510581e-07  1.37650059e-06 
 5.77560581e-07 -1.23927594e-06  5.77560581e-07 -1.53645679e-06 
 5.77610581e-07  1.34478846e-06  5.77610581e-07  1.71205476e-06 
 5.77660581e-07 -1.21085668e-06  5.77660581e-07 -1.86573785e-06 
 5.77710581e-07  1.31665040e-06  5.77710581e-07  2.03516169e-06 
 5.77760581e-07 -1.18299941e-06  5.77760581e-07 -2.18276298e-06 
 5.77810581e-07  1.28907111e-06  5.77810581e-07  2.34620026e-06 
 5.77860581e-07 -1.15569755e-06  5.77860581e-07 -2.48790401e-06 
 5.77910581e-07  1.26204377e-06  5.77910581e-07  2.64553547e-06 
 5.77960581e-07 -1.12894392e-06  5.77960581e-07 -2.78151930e-06 
 5.78010581e-07  1.23556091e-06  5.78010581e-07  2.93351919e-06 
 5.78060581e-07 -1.10273095e-06  5.78060581e-07 -3.06395438e-06 
 5.78110581e-07  1.20961477e-06  5.78110581e-07  3.21049086e-06 
 5.78160581e-07 -1.07705051e-06  5.78160581e-07 -3.33554275e-06 
 5.78210581e-07  1.18419698e-06  5.78210581e-07  3.47677812e-06 
 5.78260581e-07 -1.05189425e-06  5.78260581e-07 -3.59660645e-06 
 5.78310581e-07  1.15929917e-06  5.78310581e-07  3.73269760e-06 
 5.78360581e-07 -1.02725367e-06  5.78360581e-07 -3.84745665e-06 
 5.78410581e-07  1.13491269e-06  5.78410581e-07  3.97855514e-06 
 5.78460581e-07 -1.00311997e-06  5.78460581e-07 -4.08839420e-06 
 5.78510581e-07  1.11102870e-06  5.78510581e-07  4.21464671e-06 
 5.78560581e-07 -9.79484312e-07  5.78560581e-07 -4.31971013e-06 
 5.78610581e-07  1.08763827e-06  5.78610581e-07  4.44125856e-06 
 5.78660581e-07 -9.56337782e-07  5.78660581e-07 -4.54168614e-06 
 5.78710581e-07  1.06473256e-06  5.78710581e-07  4.65866791e-06 
 5.78760581e-07 -9.33671464e-07  5.78760581e-07 -4.75459499e-06 
 5.78810581e-07  1.04230262e-06  5.78810581e-07  4.86714321e-06 
 5.78860581e-07 -9.11476420e-07  5.78860581e-07 -4.95870100e-06 
 5.78910581e-07  1.02033946e-06  5.78910581e-07  5.06694470e-06 
 5.78960581e-07 -8.89743752e-07  5.78960581e-07 -5.15426033e-06 
 5.79010581e-07  9.98834307e-07  5.79010581e-07  5.25832457e-06 
 5.79060581e-07 -8.68464627e-07  5.79060581e-07 -5.34152134e-06 
 5.79110581e-07  9.77778311e-07  5.79110581e-07  5.44152750e-06 
 5.79160581e-07 -8.47630314e-07  5.79160581e-07 -5.52072506e-06 
 5.79210581e-07  9.57162783e-07  5.79210581e-07  5.61679084e-06 
 5.79260581e-07 -8.27232091e-07  5.79260581e-07 -5.69210526e-06 
 5.79310581e-07  9.36979067e-07  5.79310581e-07  5.78434496e-06 
 5.79360581e-07 -8.07261460e-07  5.79360581e-07 -5.85588899e-06 
 5.79410581e-07  9.17218718e-07  5.79410581e-07  5.94441357e-06 
 5.79460581e-07 -7.87709914e-07  5.79460581e-07 -6.01229668e-06 
 5.79510581e-07  8.97873241e-07  5.79510581e-07  6.09721394e-06 
 5.79560581e-07 -7.68569120e-07  5.79560581e-07 -6.16154247e-06 
 5.79610581e-07  8.78934462e-07  5.79610581e-07  6.24295716e-06 
 5.79660581e-07 -7.49830911e-07  5.79660581e-07 -6.30383445e-06 
 5.79710581e-07  8.60394183e-07  5.79710581e-07  6.38184833e-06 
 5.79760581e-07 -7.31487193e-07  5.79760581e-07 -6.43937482e-06 
 5.79810581e-07  8.42244435e-07  5.79810581e-07  6.51408686e-06 
 5.79860581e-07 -7.13529991e-07  5.79860581e-07 -6.56836021e-06 
 5.79910581e-07  8.24477257e-07  5.79910581e-07  6.63986661e-06 
 5.79955290e-07 -6.94923162e-07  5.79955290e-07 -6.69804188e-06 
 5.80000000e-07  8.05051403e-07  5.80000000e-07  6.77311248e-06 
 5.80005000e-07  1.51768702e-05  5.80005000e-07  2.07597876e-04 
 5.80015000e-07 -3.44932626e-06  5.80015000e-07  2.11199777e-05 
 5.80035000e-07 -8.30527331e-06  5.80035000e-07 -5.07552787e-05 
 5.80075000e-07  5.49076926e-06  5.80075000e-07 -7.77069590e-05 
 5.80125000e-07 -4.26826263e-05  5.80125000e-07 -1.80813903e-04 
 5.80162500e-07 -1.00325785e-04  5.80162500e-07 -4.46860931e-04 
 5.80200000e-07  6.01790811e-04  5.80200000e-07  1.94953738e-04 
 5.80205000e-07  4.45241231e-04  5.80205000e-07  7.91636210e-05 
 5.80215000e-07 -1.34334269e-04  5.80215000e-07  3.67502082e-04 
 5.80235000e-07 -3.79728968e-04  5.80235000e-07  1.08139733e-03 
 5.80275000e-07  1.36648608e-04  5.80275000e-07  1.71375109e-03 
 5.80318860e-07 -9.51321441e-05  5.80318860e-07 -2.05280335e-03 
 5.80364724e-07  6.48779184e-05  5.80364724e-07  2.67766297e-04 
 5.80414724e-07 -5.02310661e-05  5.80414724e-07 -3.69503643e-04 
 5.80464724e-07  4.01105254e-05  5.80464724e-07  3.15036770e-04 
 5.80514724e-07 -3.26801832e-05  5.80514724e-07 -1.95306373e-04 
 5.80564724e-07  2.73350847e-05  5.80564724e-07  1.44956944e-04 
 5.80614724e-07 -2.30238492e-05  5.80614724e-07 -8.24399091e-05 
 5.80664724e-07  1.98678749e-05  5.80664724e-07  4.40006698e-05 
 5.80714724e-07 -1.71388444e-05  5.80714724e-07 -9.08197851e-06 
 5.80764724e-07  1.51473068e-05  5.80764724e-07 -1.57708378e-05 
 5.80814724e-07 -1.32944254e-05  5.80814724e-07  3.59688819e-05 
 5.80864724e-07  1.19647272e-05  5.80864724e-07 -5.08957922e-05 
 5.80914724e-07 -1.06193318e-05  5.80914724e-07  6.23510821e-05 
 5.80964724e-07  9.68524482e-06  5.80964724e-07 -7.06744477e-05 
 5.81014724e-07 -8.65062857e-06  5.81014724e-07  7.66939959e-05 
 5.81064724e-07  7.96543652e-06  5.81064724e-07 -8.07599973e-05 
 5.81114724e-07 -7.13211568e-06  5.81114724e-07  8.33609507e-05 
 5.81164724e-07  6.61282515e-06  5.81164724e-07 -8.47341902e-05 
 5.81214724e-07 -5.91771916e-06  5.81214724e-07  8.52047162e-05 
 5.81264724e-07  5.51558451e-06  5.81264724e-07 -8.49130949e-05 
 5.81314724e-07 -4.92079628e-06  5.81314724e-07  8.40882539e-05 
 5.81364724e-07  4.60583504e-06  5.81364724e-07 -8.28035152e-05 
 5.81414724e-07 -4.08743597e-06  5.81414724e-07  8.12259162e-05 
 5.81464724e-07  3.84020686e-06  5.81464724e-07 -7.93844502e-05 
 5.81514724e-07 -3.38224093e-06  5.81514724e-07  7.74048040e-05 
 5.81564724e-07  3.18942124e-06  5.81564724e-07 -7.52872824e-05 
 5.81614724e-07 -2.78065230e-06  5.81614724e-07  7.31295385e-05 
 5.81664724e-07  2.63261792e-06  5.81664724e-07 -7.09135395e-05 
 5.81714724e-07 -2.26472980e-06  5.81714724e-07  6.87178109e-05 
 5.81764724e-07  2.15420057e-06  5.81764724e-07 -6.65127846e-05 
 5.81814724e-07 -1.82077568e-06  5.81814724e-07  6.43638954e-05 
 5.81864724e-07  1.74203467e-06  5.81864724e-07 -6.22344973e-05 
 5.81914724e-07 -1.43795459e-06  5.81914724e-07  6.01810545e-05 
 5.81957362e-07  1.35802239e-06  5.81957362e-07 -5.78226193e-05 
 5.82000000e-07 -1.05508091e-06  5.82000000e-07  5.55735834e-05 
 5.82005000e-07 -1.26146485e-04  5.82005000e-07 -5.47765673e-04 
 5.82015000e-07 -1.25470199e-04  5.82015000e-07 -5.19429223e-04 
 5.82035000e-07 -4.18291747e-05  5.82035000e-07 -5.48022635e-04 
 5.82075000e-07 -4.14327154e-05  5.82075000e-07 -2.92092790e-03 
 5.82125000e-07 -7.67086385e-06  5.82125000e-07  1.02130985e-03 
 5.82162500e-07  5.08917105e-05  5.82162500e-07 -9.08569260e-04 
 5.82200000e-07  1.25033009e-06  5.82200000e-07  1.07624684e-03 
 5.82205000e-07  1.94925097e-04  5.82205000e-07  2.87922466e-03 
 5.82215000e-07  1.53581698e-04  5.82215000e-07  2.74627578e-03 
 5.82235000e-07  1.32159503e-06  5.82235000e-07  1.05956343e-03 
 5.82275000e-07  2.12489651e-05  5.82275000e-07  6.49095507e-04 
 5.82315783e-07 -2.31015427e-05  5.82315783e-07 -1.07274172e-04 
 5.82360705e-07  2.31404925e-05  5.82360705e-07  2.42990761e-04 
 5.82410705e-07 -2.24425646e-05  5.82410705e-07 -1.85519063e-04 
 5.82460705e-07  2.16451867e-05  5.82460705e-07  1.76113529e-04 
 5.82510705e-07 -2.03862587e-05  5.82510705e-07 -1.56988619e-04 
 5.82560705e-07  1.92508138e-05  5.82560705e-07  1.42881944e-04 
 5.82610705e-07 -1.78353892e-05  5.82610705e-07 -1.29771622e-04 
 5.82660705e-07  1.66752665e-05  5.82660705e-07  1.18241728e-04 
 5.82710705e-07 -1.53216415e-05  5.82710705e-07 -1.07832161e-04 
 5.82760705e-07  1.42753435e-05  5.82760705e-07  9.85393093e-05 
 5.82810705e-07 -1.30634684e-05  5.82810705e-07 -9.01560972e-05 
 5.82860705e-07  1.21705855e-05  5.82860705e-07  8.26689442e-05 
 5.82910705e-07 -1.11138435e-05  5.82910705e-07 -7.59039646e-05 
 5.82960705e-07  1.03715100e-05  5.82960705e-07  6.98621517e-05 
 5.83010705e-07 -9.45754266e-06  5.83010705e-07 -6.43881841e-05 
 5.83060705e-07  8.84838085e-06  5.83060705e-07  5.94971287e-05 
 5.83110705e-07 -8.05757555e-06  5.83110705e-07 -5.50496104e-05 
 5.83160705e-07  7.56151097e-06  5.83160705e-07  5.10725227e-05 
 5.83210705e-07 -6.87431070e-06  5.83210705e-07 -4.74401141e-05 
 5.83260705e-07  6.47288870e-06  5.83260705e-07  4.41887418e-05 
 5.83310705e-07 -5.87217519e-06  5.83310705e-07 -4.12040229e-05 
 5.83360705e-07  5.54972161e-06  5.83360705e-07  3.85296556e-05 
 5.83410705e-07 -5.02122466e-06  5.83410705e-07 -3.60606207e-05 
 5.83460705e-07  4.76481311e-06  5.83460705e-07  3.38461735e-05 
 5.83510705e-07 -4.29683193e-06  5.83510705e-07 -3.17889660e-05 
 5.83560705e-07  4.09588519e-06  5.83560705e-07  2.99423672e-05 
 5.83610705e-07 -3.67884309e-06  5.83610705e-07 -2.82153111e-05 
 5.83660705e-07  3.52468706e-06  5.83660705e-07  2.66641396e-05 
 5.83710705e-07 -3.15070825e-06  5.83710705e-07 -2.52029476e-05 
 5.83760705e-07  3.03618426e-06  5.83760705e-07  2.38901621e-05 
 5.83810705e-07 -2.69874495e-06  5.83810705e-07 -2.26441422e-05 
 5.83860705e-07  2.61790077e-06  5.83860705e-07  2.15247174e-05 
 5.83910705e-07 -2.31155710e-06  5.83910705e-07 -2.04537969e-05 
 5.83960705e-07  2.25940870e-06  5.83960705e-07  1.94920925e-05 
 5.84010705e-07 -1.97958810e-06  5.84010705e-07 -1.85644955e-05 
 5.84060705e-07  1.95193711e-06  5.84060705e-07  1.77322064e-05 
 5.84110705e-07 -1.69477825e-06  5.84110705e-07 -1.69226460e-05 
 5.84160705e-07  1.68807132e-06  5.84160705e-07  1.61972087e-05 
 5.84210705e-07 -1.45029967e-06  5.84210705e-07 -1.54854830e-05 
 5.84260705e-07  1.46151833e-06  5.84260705e-07  1.48488374e-05 
 5.84310705e-07 -1.24034828e-06  5.84310705e-07 -1.42187375e-05 
 5.84360705e-07  1.26692152e-06  5.84360705e-07  1.36563646e-05 
 5.84410705e-07 -1.05997783e-06  5.84410705e-07 -1.30948264e-05 
 5.84460705e-07  1.09971125e-06  5.84460705e-07  1.25949993e-05 
 5.84510705e-07 -9.04965092e-07  5.84510705e-07 -1.20914424e-05 
 5.84560705e-07  9.55983201e-07  5.84560705e-07  1.16446430e-05 
 5.84610705e-07 -7.71699485e-07  5.84610705e-07 -1.11904549e-05 
 5.84660705e-07  8.32397489e-07  5.84660705e-07  1.07889181e-05 
 5.84710705e-07 -6.57091046e-07  5.84710705e-07 -1.03770514e-05 
 5.84760705e-07  7.26094775e-07  5.84760705e-07  1.00144085e-05 
 5.84810705e-07 -5.58493426e-07  5.84810705e-07 -9.63906500e-06 
 5.84860705e-07  6.34625594e-07  5.84860705e-07  9.31006370e-06 
 5.84910705e-07 -4.73639159e-07  5.84910705e-07 -8.96644606e-06 
 5.84960705e-07  5.55890612e-07  5.84960705e-07  8.66673031e-06 
 5.85010705e-07 -4.00584410e-07  5.85010705e-07 -8.35084642e-06 
 5.85060705e-07  4.88089533e-07  5.85060705e-07  8.07678096e-06 
 5.85110705e-07 -3.37662806e-07  5.85110705e-07 -7.78529738e-06 
 5.85160705e-07  4.29679780e-07  5.85160705e-07  7.53382863e-06 
 5.85210705e-07 -2.83444206e-07  5.85210705e-07 -7.26392487e-06 
 5.85260705e-07  3.79336643e-07  5.85260705e-07  7.03248596e-06 
 5.85310705e-07 -2.36702274e-07  5.85310705e-07 -6.78178080e-06 
 5.85360705e-07  3.35923384e-07  5.85360705e-07  6.56817962e-06 
 5.85410705e-07 -1.96384362e-07  5.85410705e-07 -6.33464502e-06 
 5.85460705e-07  2.98465974e-07  5.85460705e-07  6.13702398e-06 
 5.85510705e-07 -1.61587550e-07  5.85510705e-07 -5.91891482e-06 
 5.85560705e-07  2.66127434e-07  5.85560705e-07  5.73567258e-06 
 5.85610705e-07 -1.31536865e-07  5.85610705e-07 -5.53148858e-06 
 5.85660705e-07  2.38189711e-07  5.85660705e-07  5.36124103e-06 
 5.85710705e-07 -1.05566933e-07  5.85710705e-07 -5.16968183e-06 
 5.85760705e-07  2.14036357e-07  5.85760705e-07  5.01122664e-06 
 5.85810705e-07 -8.31066084e-08  5.85810705e-07 -4.83115880e-06 
 5.85860705e-07  1.93138138e-07  5.85860705e-07  4.68344588e-06 
 5.85910705e-07 -6.36654455e-08  5.85910705e-07 -4.51387625e-06 
 5.85960705e-07  1.75040408e-07  5.85960705e-07  4.37598580e-06 
 5.86010705e-07 -4.68220003e-08  5.86010705e-07 -4.21603359e-06 
 5.86060705e-07  1.59353235e-07  5.86060705e-07  4.08715174e-06 
 5.86110705e-07 -3.22153744e-08  5.86110705e-07 -3.93605420e-06 
 5.86160705e-07  1.45741142e-07  5.86160705e-07  3.81545490e-06 
 5.86210705e-07 -1.95342061e-08  5.86210705e-07 -3.67251860e-06 
 5.86260705e-07  1.33916345e-07  5.86260705e-07  3.55956280e-06 
 5.86310705e-07 -8.51192979e-09  5.86310705e-07 -3.42417223e-06 
 5.86360705e-07  1.23631533e-07  5.86360705e-07  3.31828582e-06 
 5.86410705e-07  1.08072708e-09  5.86410705e-07 -3.18988948e-06 
 5.86460705e-07  1.14674117e-07  5.86460705e-07  3.09055679e-06 
 5.86510705e-07  9.44089387e-09  5.86510705e-07 -2.96865816e-06 
 5.86560705e-07  1.06861426e-07  5.86560705e-07  2.87541439e-06 
 5.86610705e-07  1.67377411e-08  5.86610705e-07 -2.75956477e-06 
 5.86660705e-07  1.00036635e-07  5.86660705e-07  2.67198938e-06 
 5.86710705e-07  2.31168181e-08  5.86710705e-07 -2.56178190e-06 
 5.86760705e-07  9.40647716e-08  5.86760705e-07  2.47949328e-06 
 5.86810705e-07  2.87031425e-08  5.86810705e-07 -2.37455777e-06 
 5.86860705e-07  8.88299241e-08  5.86860705e-07  2.29720844e-06 
 5.86910705e-07  3.36042840e-08  5.86910705e-07 -2.19720718e-06 
 5.86960705e-07  8.42323629e-08  5.86960705e-07  2.12447991e-06 
 5.87010705e-07  3.79126634e-08  5.87010705e-07 -2.02910383e-06 
 5.87060705e-07  8.01863517e-08  5.87060705e-07  1.96070813e-06 
 5.87110705e-07  4.17078167e-08  5.87110705e-07 -1.86967374e-06 
 5.87160705e-07  7.66181210e-08  5.87160705e-07  1.80534296e-06 
 5.87210705e-07  4.50581963e-08  5.87210705e-07 -1.71838951e-06 
 5.87260705e-07  7.34641810e-08  5.87260705e-07  1.65787835e-06 
 5.87310705e-07  4.80226544e-08  5.87310705e-07 -1.57476549e-06 
 5.87360705e-07  7.06699386e-08  5.87360705e-07  1.51784772e-06 
 5.87410705e-07  5.06518572e-08  5.87410705e-07 -1.43835349e-06 
 5.87460705e-07  6.81883728e-08  5.87460705e-07  1.38482009e-06 
 5.87510705e-07  5.29894509e-08  5.87510705e-07 -1.30873893e-06 
 5.87560705e-07  6.59789725e-08  5.87560705e-07  1.25839637e-06 
 5.87610705e-07  5.50730253e-08  5.87610705e-07 -1.18553779e-06 
 5.87660705e-07  6.40068273e-08  5.87660705e-07  1.13820655e-06 
 5.87710705e-07  5.69350049e-08  5.87710705e-07 -1.06839348e-06 
 5.87760705e-07  6.22418785e-08  5.87760705e-07  1.02390678e-06 
 5.87810705e-07  5.86032392e-08  5.87810705e-07 -9.56974565e-07 
 5.87860705e-07  6.06582186e-08  5.87860705e-07  9.15177210e-07 
 5.87910705e-07  6.01018656e-08  5.87910705e-07 -8.50972306e-07 
 5.87960705e-07  5.92334594e-08  5.87960705e-07  8.11719622e-07 
 5.88010705e-07  6.14516417e-08  5.88010705e-07 -7.50098741e-07 
 5.88060705e-07  5.79482749e-08  5.88060705e-07  7.13255694e-07 
 5.88110705e-07  6.26705191e-08  5.88110705e-07 -6.54084996e-07 
 5.88160705e-07  5.67860098e-08  5.88160705e-07  6.19525419e-07 
 5.88210705e-07  6.37739951e-08  5.88210705e-07 -5.62679566e-07 
 5.88260705e-07  5.57322742e-08  5.88260705e-07  5.30285323e-07 
 5.88310705e-07  6.47754831e-08  5.88310705e-07 -4.75646883e-07 
 5.88360705e-07  5.47745082e-08  5.88360705e-07  4.45307321e-07 
 5.88410705e-07  6.56865954e-08  5.88410705e-07 -3.92766159e-07 
 5.88460705e-07  5.39019786e-08  5.88460705e-07  3.64377480e-07 
 5.88510705e-07  6.65171935e-08  5.88510705e-07 -3.13830963e-07 
 5.88560705e-07  5.31054941e-08  5.88560705e-07  2.87295830e-07 
 5.88610705e-07  6.72765827e-08  5.88610705e-07 -2.38643912e-07 
 5.88660705e-07  5.23761695e-08  5.88660705e-07  2.13869742e-07 
 5.88710705e-07  6.79718877e-08  5.88710705e-07 -1.67023866e-07 
 5.88760705e-07  5.17080768e-08  5.88760705e-07  1.43926884e-07 
 5.88810705e-07  6.86093855e-08  5.88810705e-07 -9.87996739e-08 
 5.88860705e-07  5.10943319e-08  5.88860705e-07  7.72959948e-08 
 5.88910705e-07  6.91953831e-08  5.88910705e-07 -3.38065515e-08 
 5.88960705e-07  5.05297581e-08  5.88960705e-07  1.38204968e-08 
 5.89010705e-07  6.97346002e-08  5.89010705e-07  2.81082100e-08 
 5.89060705e-07  5.00097435e-08  5.89060705e-07 -4.66488645e-08 
 5.89110705e-07  7.02314462e-08  5.89110705e-07  8.70893020e-08 
 5.89160705e-07  4.95301247e-08  5.89160705e-07 -1.04252785e-07 
 5.89210705e-07  7.06897671e-08  5.89210705e-07  1.43273485e-07 
 5.89260705e-07  4.90873637e-08  5.89260705e-07 -1.59124292e-07 
 5.89310705e-07  7.11128864e-08  5.89310705e-07  1.96790081e-07 
 5.89360705e-07  4.86783049e-08  5.89360705e-07 -2.11389229e-07 
 5.89410705e-07  7.15037941e-08  5.89410705e-07  2.47761461e-07 
 5.89460705e-07  4.83001743e-08  5.89460705e-07 -2.61166705e-07 
 5.89510705e-07  7.18650332e-08  5.89510705e-07  2.96303547e-07 
 5.89560705e-07  4.79505528e-08  5.89560705e-07 -3.08569579e-07 
 5.89610705e-07  7.21989043e-08  5.89610705e-07  3.42526178e-07 
 5.89660705e-07  4.76272930e-08  5.89660705e-07 -3.53704847e-07 
 5.89710705e-07  7.25074566e-08  5.89710705e-07  3.86533470e-07 
 5.89760705e-07  4.73284464e-08  5.89760705e-07 -3.96673990e-07 
 5.89810705e-07  7.27925068e-08  5.89810705e-07  4.28424288e-07 
 5.89860705e-07  4.70523202e-08  5.89860705e-07 -4.37573287e-07 
 5.89910705e-07  7.30556375e-08  5.89910705e-07  4.68292466e-07 
 5.89955353e-07  4.67828353e-08  5.89955353e-07 -4.78765136e-07 
 5.90000000e-07  7.33263424e-08  5.90000000e-07  5.10653006e-07 
 5.90005000e-07 -6.86189873e-06  5.90005000e-07 -6.17639692e-05 
 5.90015000e-07  6.55888082e-06  5.90015000e-07  1.70881265e-05 
 5.90035000e-07  3.15314128e-07  5.90035000e-07  1.49241499e-05 
 5.90075000e-07 -2.07590199e-06  5.90075000e-07  9.26331299e-06 
 5.90125000e-07  1.67612095e-05  5.90125000e-07  1.20960735e-04 
 5.90162500e-07  5.22796589e-06  5.90162500e-07  1.15928544e-04 
 5.90200000e-07 -2.32802253e-04  5.90200000e-07 -1.24108796e-04 
 5.90205000e-07 -2.23169259e-04  5.90205000e-07 -3.18567464e-04 
 5.90215000e-07  6.03390049e-05  5.90215000e-07 -6.72674412e-04 
 5.90235000e-07  4.15751253e-04  5.90235000e-07 -9.31501737e-04 
 5.90271744e-07 -2.90878890e-04  5.90271744e-07  3.93873179e-06 
 5.90313398e-07  1.60349695e-04  5.90313398e-07  9.29096559e-04 
 5.90358177e-07 -7.94896094e-05  5.90358177e-07  2.51311945e-05 
 5.90408177e-07  3.34109579e-05  5.90408177e-07 -1.82794341e-04 
 5.90458177e-07 -2.40351533e-06  5.90458177e-07  5.56377976e-05 
 5.90508177e-07 -1.83043411e-05  5.90508177e-07 -1.19414728e-04 
 5.90558177e-07  3.24254685e-05  5.90558177e-07  1.24461440e-04 
 5.90608177e-07 -4.15716253e-05  5.90608177e-07 -1.45574506e-04 
 5.90658177e-07  4.75146705e-05  5.90658177e-07  1.57709673e-04 
 5.90708177e-07 -5.07539068e-05  5.90708177e-07 -1.68577693e-04 
 5.90758177e-07  5.24106727e-05  5.90758177e-07  1.76212949e-04 
 5.90808177e-07 -5.24810793e-05  5.90808177e-07 -1.81626433e-04 
 5.90858177e-07  5.18643401e-05  5.90858177e-07  1.85065131e-04 
 5.90908177e-07 -5.03088116e-05  5.90908177e-07 -1.86787979e-04 
 5.90958177e-07  4.85264229e-05  5.90958177e-07  1.87128412e-04 
 5.91008177e-07 -4.61913602e-05  5.91008177e-07 -1.86294911e-04 
 5.91058177e-07  4.39019955e-05  5.91058177e-07  1.84551003e-04 
 5.91108177e-07 -4.12700974e-05  5.91108177e-07 -1.81983172e-04 
 5.91158177e-07  3.88378197e-05  5.91158177e-07  1.78853043e-04 
 5.91208177e-07 -3.61826406e-05  5.91208177e-07 -1.75189814e-04 
 5.91258177e-07  3.38107506e-05  5.91258177e-07  1.71201299e-04 
 5.91308177e-07 -3.12786814e-05  5.91308177e-07 -1.66891069e-04 
 5.91358177e-07  2.90731409e-05  5.91358177e-07  1.62424783e-04 
 5.91408177e-07 -2.67366750e-05  5.91408177e-07 -1.57786283e-04 
 5.91458177e-07  2.47459753e-05  5.91458177e-07  1.53109288e-04 
 5.91508177e-07 -2.26342587e-05  5.91508177e-07 -1.48363894e-04 
 5.91558177e-07  2.08735142e-05  5.91558177e-07  1.43659308e-04 
 5.91608177e-07 -1.89907852e-05  5.91608177e-07 -1.38956518e-04 
 5.91658177e-07  1.74562783e-05  5.91658177e-07  1.34346029e-04 
 5.91708177e-07 -1.57930141e-05  5.91708177e-07 -1.29783073e-04 
 5.91758177e-07  1.44709685e-05  5.91758177e-07  1.25343998e-04 
 5.91808177e-07 -1.30106050e-05  5.91808177e-07 -1.20980637e-04 
 5.91858177e-07  1.18824471e-05  5.91858177e-07  1.16758698e-04 
 5.91908177e-07 -1.06053938e-05  5.91908177e-07 -1.12628242e-04 
 5.91958177e-07  9.65086246e-06  5.91958177e-07  1.08647041e-04 
 5.92008177e-07 -8.53685436e-06  5.92008177e-07 -1.04764478e-04 
 5.92058177e-07  7.73579179e-06  5.92058177e-07  1.01032442e-04 
 5.92108177e-07 -6.76521902e-06  5.92108177e-07 -9.74003544e-05 
 5.92158177e-07  6.09855111e-06  5.92158177e-07  9.39157832e-05 
 5.92208177e-07 -5.25316156e-06  5.92208177e-07 -9.05286295e-05 
 5.92258177e-07  4.70338572e-06  5.92258177e-07  8.72833148e-05 
 5.92308177e-07 -3.96660701e-06  5.92308177e-07 -8.41304767e-05 
 5.92358177e-07  3.51798381e-06  5.92358177e-07  8.11122718e-05 
 5.92408177e-07 -2.87501846e-06  5.92408177e-07 -7.81802017e-05 
 5.92458177e-07  2.51358940e-06  5.92458177e-07  7.53748164e-05 
 5.92508177e-07 -1.95137919e-06  5.92508177e-07 -7.26485229e-05 
 5.92558177e-07  1.66488702e-06  5.92558177e-07  7.00407536e-05 
 5.92608177e-07 -1.17200571e-06  5.92608177e-07 -6.75048074e-05 
 5.92658177e-07  9.49764661e-07  5.92658177e-07  6.50793607e-05 
 5.92708177e-07 -5.16276480e-07  5.92708177e-07 -6.27185562e-05 
 5.92758177e-07  3.49020291e-07  5.92758177e-07  6.04605798e-05 
 5.92808177e-07  3.36742731e-08  5.92808177e-07 -5.82603508e-05 
 5.92858177e-07 -1.53948375e-07  5.92858177e-07  5.61557585e-05 
 5.92908177e-07  4.93265878e-07  5.92908177e-07 -5.41024222e-05 
 5.92958177e-07 -5.73448473e-07  5.92958177e-07  5.21380748e-05 
 5.93008177e-07  8.75767914e-07  5.93008177e-07 -5.02189566e-05 
 5.93058177e-07 -9.21777932e-07  5.93058177e-07  4.83827441e-05 
 5.93108177e-07  1.19257453e-06  5.93108177e-07 -4.65862214e-05 
 5.93158177e-07 -1.20948703e-06  5.93158177e-07  4.48670794e-05 
 5.93208177e-07  1.45345250e-06  5.93208177e-07 -4.31825730e-05 
 5.93258177e-07 -1.44561287e-06  5.93258177e-07  4.15704562e-05 
 5.93308177e-07  1.66676255e-06  5.93308177e-07 -3.99883874e-05 
 5.93358177e-07 -1.63788725e-06  5.93358177e-07  3.84742169e-05 
 5.93408177e-07  1.83965410e-06  5.93408177e-07 -3.69859458e-05 
 5.93458177e-07 -1.79291889e-06  5.93458177e-07  3.55615419e-05 
 5.93508177e-07  1.97823564e-06  5.93508177e-07 -3.41592948e-05 
 5.93558177e-07 -1.91635234e-06  5.93558177e-07  3.28173026e-05 
 5.93608177e-07  2.08772277e-06  5.93608177e-07 -3.14940958e-05 
 5.93658177e-07 -2.01300571e-06  5.93658177e-07  3.02279095e-05 
 5.93708177e-07  2.17256625e-06  5.93708177e-07 -2.89774736e-05 
 5.93758177e-07 -2.08698961e-06  5.93758177e-07  2.77811622e-05 
 5.93808177e-07  2.23656244e-06  5.93808177e-07 -2.65978690e-05 
 5.93858177e-07 -2.14180952e-06  5.93858177e-07  2.54661066e-05 
 5.93908177e-07  2.28294817e-06  5.93908177e-07 -2.43449013e-05 
 5.93958177e-07 -2.18045383e-06  5.93958177e-07  2.32729012e-05 
 5.94008177e-07  2.31448236e-06  5.94008177e-07 -2.22092393e-05 
 5.94058177e-07 -2.20546919e-06  5.94058177e-07  2.11926949e-05 
 5.94108177e-07  2.33351571e-06  5.94108177e-07 -2.01824856e-05 
 5.94158177e-07 -2.21902508e-06  5.94158177e-07  1.92175163e-05 
 5.94208177e-07  2.34205044e-06  5.94208177e-07 -1.82570708e-05 
 5.94258177e-07 -2.22296923e-06  5.94258177e-07  1.73401737e-05 
 5.94308177e-07  2.34179155e-06  5.94308177e-07 -1.64261595e-05 
 5.94358177e-07 -2.21887462e-06  5.94358177e-07  1.55541666e-05 
 5.94408177e-07  2.33419026e-06  5.94408177e-07 -1.46835669e-05 
 5.94458177e-07 -2.20808009e-06  5.94458177e-07  1.38536064e-05 
 5.94508177e-07  2.32048156e-06  5.94508177e-07 -1.30236842e-05 
 5.94558177e-07 -2.19172454e-06  5.94558177e-07  1.22331471e-05 
 5.94608177e-07  2.30171574e-06  5.94608177e-07 -1.14414133e-05 
 5.94658177e-07 -2.17077649e-06  5.94658177e-07  1.06879240e-05 
 5.94708177e-07  2.27878580e-06  5.94708177e-07 -9.93210938e-06 
 5.94758177e-07 -2.14605916e-06  5.94758177e-07  9.21349928e-06 
 5.94808177e-07  2.25245057e-06  5.94808177e-07 -8.49153026e-06 
 5.94858177e-07 -2.11827188e-06  5.94858177e-07  7.80581480e-06 
 5.94908177e-07  2.22335438e-06  5.94908177e-07 -7.11579183e-06 
 5.94958177e-07 -2.08800821e-06  5.94958177e-07  6.46115056e-06 
 5.95008177e-07  2.19204402e-06  5.95008177e-07 -5.80132915e-06 
 5.95058177e-07 -2.05577175e-06  5.95058177e-07  5.17608809e-06 
 5.95108177e-07  2.15898316e-06  5.95108177e-07 -4.54486243e-06 
 5.95158177e-07 -2.02198929e-06  5.95158177e-07  3.94747851e-06 
 5.95208177e-07  2.12456454e-06  5.95208177e-07 -3.34336673e-06 
 5.95258177e-07 -1.98702207e-06  5.95258177e-07  2.77241430e-06 
 5.95308177e-07  2.08912039e-06  5.95308177e-07 -2.19404592e-06 
 5.95358177e-07 -1.95117565e-06  5.95358177e-07  1.64820467e-06 
 5.95408177e-07  2.05293156e-06  5.95408177e-07 -1.09430918e-06 
 5.95458177e-07 -1.91470797e-06  5.95458177e-07  5.72353836e-07 
 5.95508177e-07  2.01623492e-06  5.95508177e-07 -4.17509645e-08 
 5.95558177e-07 -1.87783646e-06  5.95558177e-07 -4.57458208e-07 
 5.95608177e-07  1.97922993e-06  5.95608177e-07  9.65867323e-07 
 5.95658177e-07 -1.84074407e-06  5.95658177e-07 -1.44339257e-06 
 5.95708177e-07  1.94208424e-06  5.95708177e-07  1.93063303e-06 
 5.95758177e-07 -1.80358426e-06  5.95758177e-07 -2.38746629e-06 
 5.95808177e-07  1.90493830e-06  5.95808177e-07  2.85449624e-06 
 5.95858177e-07 -1.76648548e-06  5.95858177e-07 -3.29156571e-06 
 5.95908177e-07  1.86790946e-06  5.95908177e-07  3.73928245e-06 
 5.95958177e-07 -1.72955490e-06  5.95958177e-07 -4.15745814e-06 
 5.96008177e-07  1.83109544e-06  5.96008177e-07  4.58670345e-06 
 5.96058177e-07 -1.69288144e-06  5.96058177e-07 -4.98680233e-06 
 5.96108177e-07  1.79457716e-06  5.96108177e-07  5.39836721e-06 
 5.96158177e-07 -1.65653867e-06  5.96158177e-07 -5.78115766e-06 
 5.96208177e-07  1.75842128e-06  5.96208177e-07  6.17578675e-06 
 5.96258177e-07 -1.62058695e-06  5.96258177e-07 -6.54199264e-06 
 5.96308177e-07  1.72268244e-06  5.96308177e-07  6.92038783e-06 
 5.96358177e-07 -1.58507553e-06  5.96358177e-07 -7.27069217e-06 
 5.96408177e-07  1.68740489e-06  5.96408177e-07  7.63351621e-06 
 5.96458177e-07 -1.55004418e-06  5.96458177e-07 -7.96856424e-06 
 5.96508177e-07  1.65262425e-06  5.96508177e-07  8.31644373e-06 
 5.96558177e-07 -1.51552459e-06  5.96558177e-07 -8.63684600e-06 
 5.96608177e-07  1.61836860e-06  5.96608177e-07  8.97037415e-06 
 5.96658177e-07 -1.48154164e-06  5.96658177e-07 -9.27670907e-06 
 5.96708177e-07  1.58465988e-06  5.96708177e-07  9.59644824e-06 
 5.96758177e-07 -1.44811446e-06  5.96758177e-07 -9.88926448e-06 
 5.96808177e-07  1.55151463e-06  5.96808177e-07  1.01957484e-05 
 5.96858177e-07 -1.41525721e-06  5.96858177e-07 -1.04755670e-05 
 5.96908177e-07  1.51894483e-06  5.96908177e-07  1.07693029e-05 
 5.96958177e-07 -1.38297998e-06  5.96958177e-07 -1.10366192e-05 
 5.97008177e-07  1.48695880e-06  5.97008177e-07  1.13180895e-05 
 5.97058177e-07 -1.35128937e-06  5.97058177e-07 -1.15733751e-05 
 5.97108177e-07  1.45556161e-06  5.97108177e-07  1.18430392e-05 
 5.97158177e-07 -1.32018905e-06  5.97158177e-07 -1.20867434e-05 
 5.97208177e-07  1.42475558e-06  5.97208177e-07  1.23450392e-05 
 5.97258177e-07 -1.28968021e-06  5.97258177e-07 -1.25775903e-05 
 5.97308177e-07  1.39454092e-06  5.97308177e-07  1.28249359e-05 
 5.97358177e-07 -1.25976200e-06  5.97358177e-07 -1.30467429e-05 
 5.97408177e-07  1.36491579e-06  5.97408177e-07  1.32835372e-05 
 5.97458177e-07 -1.23043183e-06  5.97458177e-07 -1.34949909e-05 
 5.97508177e-07  1.33587690e-06  5.97508177e-07  1.37216154e-05 
 5.97558177e-07 -1.20168568e-06  5.97558177e-07 -1.39230895e-05 
 5.97608177e-07  1.30741959e-06  5.97608177e-07  1.41399091e-05 
 5.97658177e-07 -1.17351839e-06  5.97658177e-07 -1.43317610e-05 
 5.97708177e-07  1.27953824e-06  5.97708177e-07  1.45391252e-05 
 5.97758177e-07 -1.14592380e-06  5.97758177e-07 -1.47216976e-05 
 5.97808177e-07  1.25222618e-06  5.97808177e-07  1.49199409e-05 
 5.97858177e-07 -1.11889494e-06  5.97858177e-07 -1.50935620e-05 
 5.97908177e-07  1.22547617e-06  5.97908177e-07  1.52830056e-05 
 5.97958177e-07 -1.09242423e-06  5.97958177e-07 -1.54479900e-05 
 5.98008177e-07  1.19928037e-06  5.98008177e-07  1.56289418e-05 
 5.98058177e-07 -1.06650360e-06  5.98058177e-07 -1.57855918e-05 
 5.98108177e-07  1.17363043e-06  5.98108177e-07  1.59583475e-05 
 5.98158177e-07 -1.04112450e-06  5.98158177e-07 -1.61069532e-05 
 5.98208177e-07  1.14851770e-06  5.98208177e-07  1.62717967e-05 
 5.98258177e-07 -1.01627817e-06  5.98258177e-07 -1.64126369e-05 
 5.98308177e-07  1.12393327e-06  5.98308177e-07  1.65698413e-05 
 5.98358177e-07 -9.91955613e-07  5.98358177e-07 -1.67031842e-05 
 5.98408177e-07  1.09986806e-06  5.98408177e-07  1.68530119e-05 
 5.98458177e-07 -9.68147594e-07  5.98458177e-07 -1.69791153e-05 
 5.98508177e-07  1.07631277e-06  5.98508177e-07  1.71218191e-05 
 5.98558177e-07 -9.44844826e-07  5.98558177e-07 -1.72409312e-05 
 5.98608177e-07  1.05325808e-06  5.98608177e-07  1.73767544e-05 
 5.98658177e-07 -9.22037970e-07  5.98658177e-07 -1.74891141e-05 
 5.98708177e-07  1.03069464e-06  5.98708177e-07  1.76182910e-05 
 5.98758177e-07 -8.99717625e-07  5.98758177e-07 -1.77241286e-05 
 5.98808177e-07  1.00861304e-06  5.98808177e-07  1.78468849e-05 
 5.98858177e-07 -8.77874485e-07  5.98858177e-07 -1.79464223e-05 
 5.98908177e-07  9.87004035e-07  5.98908177e-07  1.80629757e-05 
 5.98958177e-07 -8.56499260e-07  5.98958177e-07 -1.81564270e-05 
 5.99008177e-07  9.65858282e-07  5.99008177e-07  1.82669875e-05 
 5.99058177e-07 -8.35582623e-07  5.99058177e-07 -1.83545589e-05 
 5.99108177e-07  9.45166575e-07  5.99108177e-07  1.84593290e-05 
 5.99158177e-07 -8.15115465e-07  5.99158177e-07 -1.85412198e-05 
 5.99208177e-07  9.24919806e-07  5.99208177e-07  1.86403950e-05 
 5.99258177e-07 -7.95088721e-07  5.99258177e-07 -1.87167974e-05 
 5.99308177e-07  9.05109010e-07  5.99308177e-07  1.88105664e-05 
 5.99358177e-07 -7.75493469e-07  5.99358177e-07 -1.88816660e-05 
 5.99408177e-07  8.85725259e-07  5.99408177e-07  1.89702112e-05 
 5.99458177e-07 -7.56320837e-07  5.99458177e-07 -1.90361874e-05 
 5.99508177e-07  8.66759791e-07  5.99508177e-07  1.91196848e-05 
 5.99558177e-07 -7.37562176e-07  5.99558177e-07 -1.91807108e-05 
 5.99608177e-07  8.48204006e-07  5.99608177e-07  1.92593307e-05 
 5.99658177e-07 -7.19208896e-07  5.99658177e-07 -1.93155739e-05 
 5.99708177e-07  8.30049432e-07  5.99708177e-07  1.93894809e-05 
 5.99758177e-07 -7.01252642e-07  5.99758177e-07 -1.94411030e-05 
 5.99808177e-07  8.12287699e-07  5.99808177e-07  1.95104562e-05 
 5.99858177e-07 -6.83685078e-07  5.99858177e-07 -1.95576139e-05 
 5.99908177e-07  7.94910595e-07  5.99908177e-07  1.96225671e-05 
 5.99954089e-07 -6.65741516e-07  5.99954089e-07 -1.96700147e-05 
 6.00000000e-07  7.76414205e-07  6.00000000e-07  1.97349302e-05 
 6.00005000e-07  1.30990597e-05  6.00005000e-07  1.78463297e-04 
 6.00015000e-07 -5.60183247e-06  6.00015000e-07  2.37551322e-06 
 6.00035000e-07 -6.42825405e-06  6.00035000e-07 -5.68877308e-05 
 6.00075000e-07  5.97395138e-06  6.00075000e-07 -5.25888446e-05 
 6.00125000e-07 -3.09502050e-05  6.00125000e-07 -1.21073623e-04 
 6.00162500e-07 -6.30205460e-05  6.00162500e-07 -3.02842223e-04 
 6.00200000e-07  4.54263543e-04  6.00200000e-07  2.42876119e-04 
 6.00205000e-07  2.83130520e-04  6.00205000e-07  1.23624182e-04 
 6.00215000e-07 -2.45867747e-04  6.00215000e-07  3.46112874e-04 
 6.00235000e-07 -2.99312243e-04  6.00235000e-07  8.53296915e-04 
 6.00275000e-07  1.90024021e-04  6.00275000e-07  1.13021847e-03 
 6.00318187e-07 -1.14122898e-04  6.00318187e-07 -1.90038180e-03 
 6.00363618e-07  7.74489480e-05  6.00363618e-07  4.69405124e-04 
 6.00413618e-07 -5.80576634e-05  6.00413618e-07 -2.46839826e-04 
 6.00463618e-07  4.56513678e-05  6.00463618e-07  2.82785060e-04 
 6.00513618e-07 -3.67603388e-05  6.00513618e-07 -1.66773433e-04 
 6.00563618e-07  3.04579551e-05  6.00563618e-07  1.14077274e-04 
 6.00613618e-07 -2.54638931e-05  6.00613618e-07 -6.08423155e-05 
 6.00663618e-07  2.18066895e-05  6.00663618e-07  2.23223351e-05 
 6.00713618e-07 -1.87015699e-05  6.00713618e-07  8.39763446e-06 
 6.00763618e-07  1.64187843e-05  6.00763618e-07 -3.18140485e-05 
 6.00813618e-07 -1.43440468e-05  6.00813618e-07  4.97202319e-05 
 6.00863618e-07  1.28417243e-05  6.00863618e-07 -6.31337209e-05 
 6.00913618e-07 -1.13619778e-05  6.00913618e-07  7.30362934e-05 
 6.00963618e-07  1.03220854e-05  6.00963618e-07 -8.00874785e-05 
 6.01013618e-07 -9.20350762e-06  6.01013618e-07  8.49365369e-05 
 6.01063618e-07  8.45091250e-06  6.01063618e-07 -8.79827487e-05 
 6.01113618e-07 -7.56268526e-06  6.01113618e-07  8.96692383e-05 
 6.01163618e-07  6.99815860e-06  6.01163618e-07 -9.02315812e-05 
 6.01213618e-07 -6.26500007e-06  6.01213618e-07  8.99787813e-05 
 6.01263618e-07  5.83056653e-06  6.01263618e-07 -8.90423686e-05 
 6.01313618e-07 -5.20767049e-06  6.01313618e-07  8.76425840e-05 
 6.01363618e-07  4.86815366e-06  6.01363618e-07 -8.58443373e-05 
 6.01413618e-07 -4.32771986e-06  6.01413618e-07  8.38085201e-05 
 6.01463618e-07  4.06078185e-06  6.01463618e-07 -8.15573235e-05 
 6.01513618e-07 -3.58470060e-06  6.01513618e-07  7.92116980e-05 
 6.01563618e-07  3.37541023e-06  6.01563618e-07 -7.67665570e-05 
 6.01613618e-07 -2.95124780e-06  6.01613618e-07  7.43158633e-05 
 6.01663618e-07  2.78908277e-06  6.01663618e-07 -7.18372910e-05 
 6.01713618e-07 -2.40784828e-06  6.01713618e-07  6.94065282e-05 
 6.01763618e-07  2.28501485e-06  6.01763618e-07 -6.69905490e-05 
 6.01813618e-07 -1.93989624e-06  6.01813618e-07  6.46526584e-05 
 6.01863618e-07  1.85036816e-06  6.01863618e-07 -6.23533837e-05 
 6.01913618e-07 -1.53600008e-06  6.01913618e-07  6.01476450e-05 
 6.01956809e-07  1.44759542e-06  6.01956809e-07 -5.76613272e-05 
 6.02000000e-07 -1.13639678e-06  6.02000000e-07  5.53007557e-05 
 6.02005000e-07 -2.62051675e-07  6.02005000e-07  4.62084742e-06 
 6.02015000e-07  2.50515754e-07  6.02015000e-07 -3.85339550e-06 
 6.02035000e-07 -8.69560853e-08  6.02035000e-07  3.48202496e-06 
 6.02075000e-07  1.95869025e-07  6.02075000e-07 -3.26916817e-06 
 6.02125000e-07 -7.18666895e-08  6.02125000e-07  3.10866449e-06 
 6.02162500e-07  1.85081782e-07  6.02162500e-07 -2.87758659e-06 
 6.02200000e-07 -4.80147534e-08  6.02200000e-07  2.72073558e-06 
 6.02205000e-07 -7.84973372e-09  6.02205000e-07  5.60087655e-08 
 6.02215000e-07  1.22275837e-07  6.02215000e-07  1.08478553e-07 
 6.02235000e-07  2.55562589e-08  6.02235000e-07 -2.88626543e-08 
 6.02275000e-07  7.88944872e-08  6.02275000e-07 -1.55753084e-08 
 6.02325000e-07  5.38016368e-08  6.02325000e-07  5.48349456e-08 
 6.02375000e-07  5.38206915e-08  6.02375000e-07 -5.97630657e-08 
 6.02425000e-07  7.63024498e-08  6.02425000e-07  8.22276181e-08 
 6.02475000e-07  3.57326676e-08  6.02475000e-07 -8.64725521e-08 
 6.02525000e-07  8.94912720e-08  6.02525000e-07  1.08759093e-07 
 6.02575000e-07  2.70386586e-08  6.02575000e-07 -1.10135859e-07 
 6.02625000e-07  9.44437495e-08  6.02625000e-07  1.29248308e-07 
 6.02675000e-07  2.50220498e-08  6.02675000e-07 -1.27424442e-07 
 6.02725000e-07  9.42489814e-08  6.02725000e-07  1.43443327e-07 
 6.02775000e-07  2.68211116e-08  6.02775000e-07 -1.38755564e-07 
 6.02825000e-07  9.13298792e-08  6.02825000e-07  1.52136075e-07 
 6.02875000e-07  3.04807949e-08  6.02875000e-07 -1.45066764e-07 
 6.02925000e-07  8.72178997e-08  6.02925000e-07  1.56306147e-07 
 6.02975000e-07  3.48266066e-08  6.02975000e-07 -1.47342724e-07 
 6.03025000e-07  8.27978940e-08  6.03025000e-07  1.56911878e-07 
 6.03075000e-07  3.92034193e-08  6.03075000e-07 -1.46500283e-07 
 6.03125000e-07  7.85455221e-08  6.03125000e-07  1.54816525e-07 
 6.03175000e-07  4.32741836e-08  6.03175000e-07 -1.43342589e-07 
 6.03225000e-07  7.46917447e-08  6.03225000e-07  1.50759320e-07 
 6.03275000e-07  4.68884628e-08  6.03275000e-07 -1.38543677e-07 
 6.03325000e-07  7.13264452e-08  6.03325000e-07  1.45349663e-07 
 6.03375000e-07  5.00013671e-08  6.03375000e-07 -1.32650276e-07 
 6.03425000e-07  6.84615916e-08  6.03425000e-07  1.39074415e-07 
 6.03475000e-07  5.26246334e-08  6.03475000e-07 -1.26092897e-07 
 6.03525000e-07  6.60687038e-08  6.03525000e-07  1.32311601e-07 
 6.03575000e-07  5.47982084e-08  6.03575000e-07 -1.19201073e-07 
 6.03625000e-07  6.41004308e-08  6.03625000e-07  1.25346399e-07 
 6.03675000e-07  5.65737731e-08  6.03675000e-07 -1.12219796e-07 
 6.03725000e-07  6.25029454e-08  6.03725000e-07  1.18387631e-07 
 6.03775000e-07  5.80056778e-08  6.03775000e-07 -1.05325449e-07 
 6.03825000e-07  6.12226305e-08  6.03825000e-07  1.11582713e-07 
 6.03875000e-07  5.91459644e-08  6.03875000e-07 -9.86398198e-08 
 6.03925000e-07  6.02095561e-08  6.03925000e-07  1.05030945e-07 
 6.03975000e-07  6.00420723e-08  6.03975000e-07 -9.22425128e-08 
 6.04025000e-07  5.94189906e-08  6.04025000e-07  9.87947962e-08 
 6.04075000e-07  6.07359392e-08  6.04075000e-07 -8.61812025e-08 
 6.04125000e-07  5.88118390e-08  6.04125000e-07  9.29091354e-08 
 6.04175000e-07  6.12638501e-08  6.04175000e-07 -8.04798344e-08 
 6.04225000e-07  5.83545563e-08  6.04225000e-07  8.73887097e-08 
 6.04275000e-07  6.16566607e-08  6.04275000e-07 -7.51453247e-08 
 6.04325000e-07  5.80187989e-08  6.04325000e-07  8.22339020e-08 
 6.04375000e-07  6.19403977e-08  6.04375000e-07 -7.01727200e-08 
 6.04425000e-07  5.77807767e-08  6.04425000e-07  7.74353450e-08 
 6.04475000e-07  6.21367525e-08  6.04475000e-07 -6.55491079e-08 
 6.04525000e-07  5.76207076e-08  6.04525000e-07  7.29773309e-08 
 6.04575000e-07  6.22636895e-08  6.04575000e-07 -6.12565877e-08 
 6.04625000e-07  5.75223388e-08  6.04625000e-07  6.88403543e-08 
 6.04675000e-07  6.23359450e-08  6.04675000e-07 -5.72744834e-08 
 6.04725000e-07  5.74723223e-08  6.04725000e-07  6.50029144e-08 
 6.04775000e-07  6.23655439e-08  6.04775000e-07 -5.35808716e-08 
 6.04825000e-07  5.74597786e-08  6.04825000e-07  6.14429092e-08 
 6.04875000e-07  6.23623561e-08  6.04875000e-07 -5.01536207e-08 
 6.04925000e-07  5.74759102e-08  6.04925000e-07  5.81384507e-08 
 6.04975000e-07  6.23341971e-08  6.04975000e-07 -4.69712682e-08 
 6.05025000e-07  5.75136533e-08  6.05025000e-07  5.50685194e-08 
 6.05075000e-07  6.22874540e-08  6.05075000e-07 -4.40133446e-08 
 6.05125000e-07  5.75672870e-08  6.05125000e-07  5.22132854e-08 
 6.05175000e-07  6.22271963e-08  6.05175000e-07 -4.12606759e-08 
 6.05225000e-07  5.76323317e-08  6.05225000e-07  4.95543321e-08 
 6.05275000e-07  6.21573911e-08  6.05275000e-07 -3.86956085e-08 
 6.05325000e-07  5.77052600e-08  6.05325000e-07  4.70746940e-08 
 6.05375000e-07  6.20812036e-08  6.05375000e-07 -3.63019449e-08 
 6.05425000e-07  5.77832416e-08  6.05425000e-07  4.47589763e-08 
 6.05475000e-07  6.20011680e-08  6.05475000e-07 -3.40649957e-08 
 6.05525000e-07  5.78640894e-08  6.05525000e-07  4.25931382e-08 
 6.05575000e-07  6.19190868e-08  6.05575000e-07 -3.19713916e-08 
 6.05625000e-07  5.79462009e-08  6.05625000e-07  4.05645292e-08 
 6.05675000e-07  6.18364577e-08  6.05675000e-07 -3.00091586e-08 
 6.05725000e-07  5.80282605e-08  6.05725000e-07  3.86617441e-08 
 6.05775000e-07  6.17543874e-08  6.05775000e-07 -2.81674552e-08 
 6.05825000e-07  5.81093521e-08  6.05825000e-07  3.68745554e-08 
 6.05875000e-07  6.16736669e-08  6.05875000e-07 -2.64366166e-08 
 6.05925000e-07  5.81887688e-08  6.05925000e-07  3.51937331e-08 
 6.05975000e-07  6.15948732e-08  6.05975000e-07 -2.48078862e-08 
 6.06025000e-07  5.82660093e-08  6.06025000e-07  3.36110301e-08 
 6.06075000e-07  6.15184468e-08  6.06075000e-07 -2.32733856e-08 
 6.06125000e-07  5.83407945e-08  6.06125000e-07  3.21189742e-08 
 6.06175000e-07  6.14446519e-08  6.06175000e-07 -2.18261032e-08 
 6.06225000e-07  5.84128056e-08  6.06225000e-07  3.07108750e-08 
 6.06275000e-07  6.13736211e-08  6.06275000e-07 -2.04596592e-08 
 6.06325000e-07  5.84820438e-08  6.06325000e-07  2.93807024e-08 
 6.06375000e-07  6.13054319e-08  6.06375000e-07 -1.91683164e-08 
 6.06425000e-07  5.85483981e-08  6.06425000e-07  2.81229779e-08 
 6.06475000e-07  6.12401587e-08  6.06475000e-07 -1.79468527e-08 
 6.06525000e-07  5.86118529e-08  6.06525000e-07  2.69327436e-08 
 6.06575000e-07  6.11777554e-08  6.06575000e-07 -1.67905816e-08 
 6.06625000e-07  5.86724698e-08  6.06625000e-07  2.58055214e-08 
 6.06675000e-07  6.11181603e-08  6.06675000e-07 -1.56952052e-08 
 6.06725000e-07  5.87303287e-08  6.06725000e-07  2.47372398e-08 
 6.06775000e-07  6.10612719e-08  6.06775000e-07 -1.46568211e-08 
 6.06825000e-07  5.87855121e-08  6.06825000e-07  2.37241118e-08 
 6.06875000e-07  6.10070251e-08  6.06875000e-07 -1.36718318e-08 
 6.06925000e-07  5.88381296e-08  6.06925000e-07  2.27627448e-08 
 6.06975000e-07  6.09552833e-08  6.06975000e-07 -1.27369776e-08 
 6.07025000e-07  5.88882786e-08  6.07025000e-07  2.18499863e-08 
 6.07075000e-07  6.09059682e-08  6.07075000e-07 -1.18492462e-08 
 6.07125000e-07  5.89360899e-08  6.07125000e-07  2.09829728e-08 
 6.07175000e-07  6.08589256e-08  6.07175000e-07 -1.10058908e-08 
 6.07225000e-07  5.89816563e-08  6.07225000e-07  2.01590203e-08 
 6.07275000e-07  6.08140798e-08  6.07275000e-07 -1.02043060e-08 
 6.07325000e-07  5.90250997e-08  6.07325000e-07  1.93756586e-08 
 6.07375000e-07  6.07713045e-08  6.07375000e-07 -9.44211898e-09 
 6.07425000e-07  5.90665295e-08  6.07425000e-07  1.86305786e-08 
 6.07475000e-07  6.07304948e-08  6.07475000e-07 -8.71712461e-09 
 6.07525000e-07  5.91060520e-08  6.07525000e-07  1.79216933e-08 
 6.07575000e-07  6.06915394e-08  6.07575000e-07 -8.02729838e-09 
 6.07625000e-07  5.91437712e-08  6.07625000e-07  1.72469911e-08 
 6.07675000e-07  6.06543361e-08  6.07675000e-07 -7.37071798e-09 
 6.07725000e-07  5.91797796e-08  6.07725000e-07  1.66046653e-08 
 6.07775000e-07  6.06188211e-08  6.07775000e-07 -6.74559927e-09 
 6.07825000e-07  5.92141637e-08  6.07825000e-07  1.59929698e-08 
 6.07875000e-07  6.05848457e-08  6.07875000e-07 -6.15025464e-09 
 6.07925000e-07  5.92470449e-08  6.07925000e-07  1.54102703e-08 
 6.07975000e-07  6.05523803e-08  6.07975000e-07 -5.58316718e-09 
 6.08025000e-07  5.92784466e-08  6.08025000e-07  1.48550884e-08 
 6.08075000e-07  6.05213264e-08  6.08075000e-07 -5.04283071e-09 
 6.08125000e-07  5.93085097e-08  6.08125000e-07  1.43259872e-08 
 6.08175000e-07  6.04916027e-08  6.08175000e-07 -4.52788559e-09 
 6.08225000e-07  5.93372491e-08  6.08225000e-07  1.38216326e-08 
 6.08275000e-07  6.04631782e-08  6.08275000e-07 -4.03703224e-09 
 6.08325000e-07  5.93647262e-08  6.08325000e-07  1.33407925e-08 
 6.08375000e-07  6.04359386e-08  6.08375000e-07 -3.56907662e-09 
 6.08425000e-07  5.93910712e-08  6.08425000e-07  1.28822339e-08 
 6.08475000e-07  6.04098442e-08  6.08475000e-07 -3.12284135e-09 
 6.08525000e-07  5.94162766e-08  6.08525000e-07  1.24448974e-08 
 6.08575000e-07  6.03848598e-08  6.08575000e-07 -2.69725231e-09 
 6.08625000e-07  5.94404221e-08  6.08625000e-07  1.20277070e-08 
 6.08675000e-07  6.03609201e-08  6.08675000e-07 -2.29131342e-09 
 6.08725000e-07  5.94635350e-08  6.08725000e-07  1.16296792e-08 
 6.08775000e-07  6.03379631e-08  6.08775000e-07 -1.90403468e-09 
 6.08825000e-07  5.94857179e-08  6.08825000e-07  1.12498760e-08 
 6.08875000e-07  6.03159189e-08  6.08875000e-07 -1.53451651e-09 
 6.08925000e-07  5.95069925e-08  6.08925000e-07  1.08874157e-08 
 6.08975000e-07  6.02947745e-08  6.08975000e-07 -1.18192381e-09 
 6.09025000e-07  5.95273848e-08  6.09025000e-07  1.05414574e-08 
 6.09075000e-07  6.02744978e-08  6.09075000e-07 -8.45377102e-10 
 6.09125000e-07  5.95469336e-08  6.09125000e-07  1.02112059e-08 
 6.09175000e-07  6.02550624e-08  6.09175000e-07 -5.24173011e-10 
 6.09225000e-07  5.95656677e-08  6.09225000e-07  9.89591220e-09 
 6.09275000e-07  6.02363984e-08  6.09275000e-07 -2.17545731e-10 
 6.09325000e-07  5.95836558e-08  6.09325000e-07  9.59486085e-09 
 6.09375000e-07  6.02184919e-08  6.09375000e-07  7.51997076e-11 
 6.09425000e-07  5.96008780e-08  6.09425000e-07  9.30740654e-09 
 6.09475000e-07  6.02013024e-08  6.09475000e-07  3.54666851e-10 
 6.09525000e-07  5.96174450e-08  6.09525000e-07  9.03288930e-09 
 6.09575000e-07  6.01848027e-08  6.09575000e-07  6.21547230e-10 
 6.09625000e-07  5.96332882e-08  6.09625000e-07  8.77069847e-09 
 6.09675000e-07  6.01689802e-08  6.09675000e-07  8.76374917e-10 
 6.09725000e-07  5.96485180e-08  6.09725000e-07  8.52027726e-09 
 6.09775000e-07  6.01537568e-08  6.09775000e-07  1.11974147e-09 
 6.09825000e-07  5.96631241e-08  6.09825000e-07  8.28106375e-09 
 6.09875000e-07  6.01391775e-08  6.09875000e-07  1.35218320e-09 
 6.09925000e-07  5.96771366e-08  6.09925000e-07  8.05254141e-09 
 6.09962500e-07  6.01228824e-08  6.09962500e-07  1.61036684e-09 
 6.10000000e-07  5.96950498e-08  6.10000000e-07  7.76402509e-09 
 6.10005000e-07 -6.86231684e-06  6.10005000e-07 -6.17229377e-05 
 6.10015000e-07  6.55895955e-06  6.10015000e-07  1.70453755e-05 
 6.10035000e-07  3.14930038e-07  6.10035000e-07  1.49562281e-05 
 6.10075000e-07 -2.07568601e-06  6.10075000e-07  9.22980235e-06 
 6.10125000e-07  1.67650669e-05  6.10125000e-07  1.21027059e-04 
 6.10162500e-07  5.23771353e-06  6.10162500e-07  1.15996657e-04 
 6.10200000e-07 -2.32728464e-04  6.10200000e-07 -1.23914573e-04 
 6.10205000e-07 -2.23098756e-04  6.10205000e-07 -3.18404075e-04 
 6.10215000e-07  6.03877994e-05  6.10215000e-07 -6.72554896e-04 
 6.10235000e-07  4.15613081e-04  6.10235000e-07 -9.31698695e-04 
 6.10271744e-07 -2.90870010e-04  6.10271744e-07  3.65130264e-06 
 6.10313398e-07  1.60364705e-04  6.10313398e-07  9.29141602e-04 
 6.10358177e-07 -7.95058878e-05  6.10358177e-07  2.51654302e-05 
 6.10408177e-07  3.34239232e-05  6.10408177e-07 -1.82835073e-04 
 6.10458177e-07 -2.41348445e-06  6.10458177e-07  5.57359164e-05 
 6.10508177e-07 -1.82972162e-05  6.10508177e-07 -1.19486710e-04 
 6.10558177e-07  3.24202938e-05  6.10558177e-07  1.24538853e-04 
 6.10608177e-07 -4.15682750e-05  6.10608177e-07 -1.45643076e-04 
 6.10658177e-07  4.75124207e-05  6.10658177e-07  1.57772697e-04 
 6.10708177e-07 -5.07527553e-05  6.10708177e-07 -1.68635743e-04 
 6.10758177e-07  5.24100112e-05  6.10758177e-07  1.76264471e-04 
 6.10808177e-07 -5.24809991e-05  6.10808177e-07 -1.81674173e-04 
 6.10858177e-07  5.18643363e-05  6.10858177e-07  1.85107011e-04 
 6.10908177e-07 -5.03090406e-05  6.10908177e-07 -1.86826772e-04 
 6.10958177e-07  4.85264636e-05  6.10958177e-07  1.87162130e-04 
 6.11008177e-07 -4.61914434e-05  6.11008177e-07 -1.86326346e-04 
 6.11058177e-07  4.39017585e-05  6.11058177e-07  1.84578027e-04 
 6.11108177e-07 -4.12698205e-05  6.11108177e-07 -1.82008523e-04 
 6.11158177e-07  3.88371836e-05  6.11158177e-07  1.78874648e-04 
 6.11208177e-07 -3.61819536e-05  6.11208177e-07 -1.75210299e-04 
 6.11258177e-07  3.38097198e-05  6.11258177e-07  1.71218582e-04 
 6.11308177e-07 -3.12776276e-05  6.11308177e-07 -1.66907693e-04 
 6.11358177e-07  2.90717848e-05  6.11358177e-07  1.62438660e-04 
 6.11408177e-07 -2.67353396e-05  6.11408177e-07 -1.57799881e-04 
 6.11458177e-07  2.47443866e-05  6.11458177e-07  1.53120514e-04 
 6.11508177e-07 -2.26327354e-05  6.11508177e-07 -1.48375145e-04 
 6.11558177e-07  2.08717835e-05  6.11558177e-07  1.43668494e-04 
 6.11608177e-07 -1.89891586e-05  6.11608177e-07 -1.38965968e-04 
 6.11658177e-07  1.74544820e-05  6.11658177e-07  1.34353663e-04 
 6.11708177e-07 -1.57913516e-05  6.11708177e-07 -1.29791157e-04 
 6.11758177e-07  1.44691645e-05  6.11758177e-07  1.25350466e-04 
 6.11808177e-07 -1.30089555e-05  6.11808177e-07 -1.20987697e-04 
 6.11858177e-07  1.18806755e-05  6.11858177e-07  1.16764300e-04 
 6.11908177e-07 -1.06037892e-05  6.11908177e-07 -1.12634543e-04 
 6.11958177e-07  9.64914812e-06  6.11958177e-07  1.08652009e-04 
 6.12008177e-07 -8.53531343e-06  6.12008177e-07 -1.04770222e-04 
 6.12058177e-07  7.73414774e-06  6.12058177e-07  1.01036951e-04 
 6.12108177e-07 -6.76375013e-06  6.12108177e-07 -9.74056941e-05 
 6.12158177e-07  6.09698192e-06  6.12158177e-07  9.39199657e-05 
 6.12208177e-07 -5.25176610e-06  6.12208177e-07 -9.05336777e-05 
 6.12258177e-07  4.70189021e-06  6.12258177e-07  8.72872661e-05 
 6.12308177e-07 -3.96528182e-06  6.12308177e-07 -8.41353151e-05 
 6.12358177e-07  3.51655730e-06  6.12358177e-07  8.11160604e-05 
 6.12408177e-07 -2.87375781e-06  6.12408177e-07 -7.81848878e-05 
 6.12458177e-07  2.51222530e-06  6.12458177e-07  7.53784893e-05 
 6.12508177e-07 -1.95017594e-06  6.12508177e-07 -7.26530953e-05 
 6.12558177e-07  1.66357793e-06  6.12558177e-07  7.00443420e-05 
 6.12608177e-07 -1.17085240e-06  6.12608177e-07 -6.75092912e-05 
 6.12658177e-07  9.48503083e-07  6.12658177e-07  6.50828833e-05 
 6.12708177e-07 -5.15165755e-07  6.12708177e-07 -6.27229655e-05 
 6.12758177e-07  3.47799152e-07  6.12758177e-07  6.04640465e-05 
 6.12808177e-07  3.47491731e-08  6.12808177e-07 -5.82646924e-05 
 6.12858177e-07 -1.55135574e-07  6.12858177e-07  5.61591728e-05 
 6.12908177e-07  4.94311063e-07  6.12908177e-07 -5.41066975e-05 
 6.12958177e-07 -5.74607445e-07  6.12958177e-07  5.21414357e-05 
 6.13008177e-07  8.76788706e-07  6.13008177e-07 -5.02231632e-05 
 6.13058177e-07 -9.22913666e-07  6.13058177e-07  4.83860477e-05 
 6.13108177e-07  1.19357551e-06  6.13108177e-07 -4.65903547e-05 
 6.13158177e-07 -1.21060374e-06  6.13158177e-07  4.48703200e-05 
 6.13208177e-07  1.45443753e-06  6.13208177e-07 -4.31866269e-05 
 6.13258177e-07 -1.44671412e-06  6.13258177e-07  4.15736270e-05 
 6.13308177e-07  1.66773483e-06  6.13308177e-07 -3.99923553e-05 
 6.13358177e-07 -1.63897593e-06  6.13358177e-07  3.84773111e-05 
 6.13408177e-07  1.84061630e-06  6.13408177e-07 -3.69898211e-05 
 6.13458177e-07 -1.79399746e-06  6.13458177e-07  3.55645525e-05 
 6.13508177e-07  1.97918991e-06  6.13508177e-07 -3.41630709e-05 
 6.13558177e-07 -1.91742271e-06  6.13558177e-07  3.28202231e-05 
 6.13608177e-07  2.08867081e-06  6.13608177e-07 -3.14977669e-05 
 6.13658177e-07 -2.01406944e-06  6.13658177e-07  3.02307341e-05 
 6.13708177e-07  2.17350945e-06  6.13708177e-07 -2.89810344e-05 
 6.13758177e-07 -2.08804792e-06  6.13758177e-07  2.77838858e-05 
 6.13808177e-07  2.23750180e-06  6.13808177e-07 -2.66013151e-05 
 6.13858177e-07 -2.14286334e-06  6.13858177e-07  2.54687249e-05 
 6.13908177e-07  2.28388455e-06  6.13908177e-07 -2.43482290e-05 
 6.13958177e-07 -2.18150387e-06  6.13958177e-07  2.32754107e-05 
 6.14008177e-07  2.31541632e-06  6.14008177e-07 -2.22124458e-05 
 6.14058177e-07 -2.20651591e-06  6.14058177e-07  2.11950931e-05 
 6.14108177e-07  2.33444761e-06  6.14108177e-07 -2.01855689e-05 
 6.14158177e-07 -2.22006885e-06  6.14158177e-07  1.92198013e-05 
 6.14208177e-07  2.34298059e-06  6.14208177e-07 -1.82600295e-05 
 6.14258177e-07 -2.22401025e-06  6.14258177e-07  1.73423443e-05 
 6.14308177e-07  2.34272004e-06  6.14308177e-07 -1.64289932e-05 
 6.14358177e-07 -2.21991300e-06  6.14358177e-07  1.55562223e-05 
 6.14408177e-07  2.33511716e-06  6.14408177e-07 -1.46862755e-05 
 6.14458177e-07 -2.20911578e-06  6.14458177e-07  1.38555473e-05 
 6.14508177e-07  2.32140678e-06  6.14508177e-07 -1.30262683e-05 
 6.14558177e-07 -2.19275753e-06  6.14558177e-07  1.22349739e-05 
 6.14608177e-07  2.30263923e-06  6.14608177e-07 -1.14438740e-05 
 6.14658177e-07 -2.17180666e-06  6.14658177e-07  1.06896378e-05 
 6.14708177e-07  2.27970739e-06  6.14708177e-07 -9.93444818e-06 
 6.14758177e-07 -2.14708634e-06  6.14758177e-07  9.21510159e-06 
 6.14808177e-07  2.25337001e-06  6.14808177e-07 -8.49374906e-06 
 6.14858177e-07 -2.11929583e-06  6.14858177e-07  7.80730749e-06 
 6.14908177e-07  2.22427151e-06  6.14908177e-07 -7.11789279e-06 
 6.14958177e-07 -2.08902877e-06  6.14958177e-07  6.46253580e-06 
 6.15008177e-07  2.19295857e-06  6.15008177e-07 -5.80331481e-06 
 6.15058177e-07 -2.05678865e-06  6.15058177e-07  5.17736828e-06 
 6.15108177e-07  2.15989488e-06  6.15108177e-07 -4.54673541e-06 
 6.15158177e-07 -2.02300224e-06  6.15158177e-07  3.94865624e-06 
 6.15208177e-07  2.12547311e-06  6.15208177e-07 -3.34512992e-06 
 6.15258177e-07 -1.98803083e-06  6.15258177e-07  2.77349236e-06 
 6.15308177e-07  2.09002556e-06  6.15308177e-07 -2.19570229e-06 
 6.15358177e-07 -1.95217995e-06  6.15358177e-07  1.64918594e-06 
 6.15408177e-07  2.05383305e-06  6.15408177e-07 -1.09586185e-06 
 6.15458177e-07 -1.91570752e-06  6.15458177e-07  5.73241272e-07 
 6.15508177e-07  2.01713242e-06  6.15508177e-07 -4.32030678e-08 
 6.15558177e-07 -1.87883100e-06  6.15558177e-07 -4.56661573e-07 
 6.15608177e-07  1.98012316e-06  6.15608177e-07  9.64512588e-07 
 6.15658177e-07 -1.84173329e-06  6.15658177e-07 -1.44268365e-06 
 6.15708177e-07  1.94297291e-06  6.15708177e-07  1.92937239e-06 
 6.15758177e-07 -1.80456791e-06  6.15758177e-07 -2.38684200e-06 
 6.15808177e-07  1.90582214e-06  6.15808177e-07  2.85332651e-06 
 6.15858177e-07 -1.76746332e-06  6.15858177e-07 -3.29102299e-06 
 6.15908177e-07  1.86878820e-06  6.15908177e-07  3.73820040e-06 
 6.15958177e-07 -1.73052662e-06  6.15958177e-07 -4.15699394e-06 
 6.16008177e-07  1.83196883e-06  6.16008177e-07  4.58570590e-06 
 6.16058177e-07 -1.69384686e-06  6.16058177e-07 -4.98641357e-06 
 6.16108177e-07  1.79544494e-06  6.16108177e-07  5.39745101e-06 
 6.16158177e-07 -1.65749754e-06  6.16158177e-07 -5.78084142e-06 
 6.16208177e-07  1.75928323e-06  6.16208177e-07  6.17494881e-06 
 6.16258177e-07 -1.62153904e-06  6.16258177e-07 -6.54174595e-06 
 6.16308177e-07  1.72353831e-06  6.16308177e-07  6.91962514e-06 
 6.16358177e-07 -1.58602064e-06  6.16358177e-07 -7.27051215e-06 
 6.16408177e-07  1.68825450e-06  6.16408177e-07  7.63282578e-06 
 6.16458177e-07 -1.55098209e-06  6.16458177e-07 -7.96844811e-06 
 6.16508177e-07  1.65346735e-06  6.16508177e-07  8.31582267e-06 
 6.16558177e-07 -1.51645513e-06  6.16558177e-07 -8.63679101e-06 
 6.16608177e-07  1.61920503e-06  6.16608177e-07  8.96981965e-06 
 6.16658177e-07 -1.48246461e-06  6.16658177e-07 -9.27671258e-06 
 6.16708177e-07  1.58548943e-06  6.16708177e-07  9.59595757e-06 
 6.16758177e-07 -1.44902967e-06  6.16758177e-07 -9.88932388e-06 
 6.16808177e-07  1.55233710e-06  6.16808177e-07  1.01953189e-05 
 6.16858177e-07 -1.41616452e-06  6.16858177e-07 -1.04756798e-05 
 6.16908177e-07  1.51976010e-06  6.16908177e-07  1.07689319e-05 
 6.16958177e-07 -1.38387924e-06  6.16958177e-07 -1.10367830e-05 
 6.17008177e-07  1.48776671e-06  6.17008177e-07  1.13177746e-05 
 6.17058177e-07 -1.35218047e-06  6.17058177e-07 -1.15735875e-05 
 6.17108177e-07  1.45636202e-06  6.17108177e-07  1.18427780e-05 
 6.17158177e-07 -1.32107184e-06  6.17158177e-07 -1.20870021e-05 
 6.17208177e-07  1.42554837e-06  6.17208177e-07  1.23448294e-05 
 6.17258177e-07 -1.29055456e-06  6.17258177e-07 -1.25778933e-05 
 6.17308177e-07  1.39532592e-06  6.17308177e-07  1.28247751e-05 
 6.17358177e-07 -1.26062780e-06  6.17358177e-07 -1.30470879e-05 
 6.17408177e-07  1.36569292e-06  6.17408177e-07  1.32834233e-05 
 6.17458177e-07 -1.23128897e-06  6.17458177e-07 -1.34953759e-05 
 6.17508177e-07  1.33664604e-06  6.17508177e-07  1.37215464e-05 
 6.17558177e-07 -1.20253411e-06  6.17558177e-07 -1.39235125e-05 
 6.17608177e-07  1.30818070e-06  6.17608177e-07  1.41398828e-05 
 6.17658177e-07 -1.17435801e-06  6.17658177e-07 -1.43322203e-05 
 6.17708177e-07  1.28029115e-06  6.17708177e-07  1.45391398e-05 
 6.17758177e-07 -1.14675451e-06  6.17758177e-07 -1.47221912e-05 
 6.17808177e-07  1.25297087e-06  6.17808177e-07  1.49199946e-05 
 6.17858177e-07 -1.11971672e-06  6.17858177e-07 -1.50940882e-05 
 6.17908177e-07  1.22621256e-06  6.17908177e-07  1.52830964e-05 
 6.17958177e-07 -1.09323697e-06  6.17958177e-07 -1.54485473e-05 
 6.18008177e-07  1.20000834e-06  6.18008177e-07  1.56290682e-05 
 6.18058177e-07 -1.06730727e-06  6.18058177e-07 -1.57861785e-05 
 6.18108177e-07  1.17435001e-06  6.18108177e-07  1.59585076e-05 
 6.18158177e-07 -1.04191910e-06  6.18158177e-07 -1.61075677e-05 
 6.18208177e-07  1.14922883e-06  6.18208177e-07  1.62719891e-05 
 6.18258177e-07 -1.01706362e-06  6.18258177e-07 -1.64132778e-05 
 6.18308177e-07  1.12463588e-06  6.18308177e-07  1.65700644e-05 
 6.18358177e-07 -9.92731865e-07  6.18358177e-07 -1.67038499e-05 
 6.18408177e-07  1.10056210e-06  6.18408177e-07  1.68532643e-05 
 6.18458177e-07 -9.68914630e-07  6.18458177e-07 -1.69798046e-05 
 6.18508177e-07  1.07699821e-06  6.18508177e-07  1.71220993e-05 
 6.18558177e-07 -9.45602642e-07  6.18558177e-07 -1.72416428e-05 
 6.18608177e-07  1.05393494e-06  6.18608177e-07  1.73770610e-05 
 6.18658177e-07 -9.22786570e-07  6.18658177e-07 -1.74898468e-05 
 6.18708177e-07  1.03136290e-06  6.18708177e-07  1.76186228e-05 
 6.18758177e-07 -9.00457026e-07  6.18758177e-07 -1.77248811e-05 
 6.18808177e-07  1.00927273e-06  6.18808177e-07  1.78472407e-05 
 6.18858177e-07 -8.78604672e-07  6.18858177e-07 -1.79471936e-05 
 6.18908177e-07  9.87655062e-07  6.18908177e-07  1.80633543e-05 
 6.18958177e-07 -8.57220167e-07  6.18958177e-07 -1.81572159e-05 
 6.19008177e-07  9.66500667e-07  6.19008177e-07  1.82673877e-05 
 6.19058177e-07 -8.36294329e-07  6.19058177e-07 -1.83553644e-05 
 6.19108177e-07  9.45800359e-07  6.19108177e-07  1.84597497e-05 
 6.19158177e-07 -8.15817981e-07  6.19158177e-07 -1.85420408e-05 
 6.19208177e-07  9.25545004e-07  6.19208177e-07  1.86408352e-05 
 6.19258177e-07 -7.95782078e-07  6.19258177e-07 -1.87176330e-05 
 6.19308177e-07  9.05725616e-07  6.19308177e-07  1.88110251e-05 
 6.19358177e-07 -7.76177644e-07  6.19358177e-07 -1.88825154e-05 
 6.19408177e-07  8.86333275e-07  6.19408177e-07  1.89706875e-05 
 6.19458177e-07 -7.56995897e-07  6.19458177e-07 -1.90370495e-05 
 6.19508177e-07  8.67359289e-07  6.19508177e-07  1.91201777e-05 
 6.19558177e-07 -7.38228133e-07  6.19558177e-07 -1.91815850e-05 
 6.19608177e-07  8.48794964e-07  6.19608177e-07  1.92598393e-05 
 6.19658177e-07 -7.19865772e-07  6.19658177e-07 -1.93164593e-05 
 6.19708177e-07  8.30631876e-07  6.19708177e-07  1.93900043e-05 
 6.19758177e-07 -7.01900485e-07  6.19758177e-07 -1.94419989e-05 
 6.19808177e-07  8.12861698e-07  6.19808177e-07  1.95109938e-05 
 6.19858177e-07 -6.84323948e-07  6.19858177e-07 -1.95585195e-05 
 6.19908177e-07  7.95476219e-07  6.19908177e-07  1.96231180e-05 
 6.19954089e-07 -6.66371106e-07  6.19954089e-07 -1.96709299e-05 
 6.20000000e-07  7.76970618e-07  6.20000000e-07  1.97354946e-05 
 6.20005000e-07  1.31002717e-05  6.20005000e-07  1.78456188e-04 
 6.20015000e-07 -5.60213880e-06  6.20015000e-07  2.38622406e-06 
 6.20035000e-07 -6.42860473e-06  6.20035000e-07 -5.68826256e-05 
 6.20075000e-07  5.97433508e-06  6.20075000e-07 -5.25894624e-05 
 6.20125000e-07 -3.09549159e-05  6.20125000e-07 -1.21084801e-04 
 6.20162500e-07 -6.30350433e-05  6.20162500e-07 -3.02817598e-04 
 6.20200000e-07  4.54226267e-04  6.20200000e-07  2.42711329e-04 
 6.20205000e-07  2.83080797e-04  6.20205000e-07  1.23477874e-04 
 6.20215000e-07 -2.45899731e-04  6.20215000e-07  3.46204706e-04 
 6.20235000e-07 -2.99208333e-04  6.20235000e-07  8.53390590e-04 
 6.20275000e-07  1.90004081e-04  6.20275000e-07  1.13033174e-03 
 6.20318187e-07 -1.14122803e-04  6.20318187e-07 -1.90024927e-03 
 6.20363617e-07  7.74528613e-05  6.20363617e-07  4.69387070e-04 
 6.20413617e-07 -5.80627144e-05  6.20413617e-07 -2.47093602e-04 
 6.20463617e-07  4.56567705e-05  6.20463617e-07  2.82908311e-04 
 6.20513617e-07 -3.67659958e-05  6.20513617e-07 -1.66905723e-04 
 6.20563617e-07  3.04636116e-05  6.20563617e-07  1.14181561e-04 
 6.20613617e-07 -2.54695767e-05  6.20613617e-07 -6.09324101e-05 
 6.20663617e-07  2.18122013e-05  6.20663617e-07  2.23967571e-05 
 6.20713617e-07 -1.87069805e-05  6.20713617e-07  8.33555087e-06 
 6.20763617e-07  1.64239351e-05  6.20763617e-07 -3.17634465e-05 
 6.20813617e-07 -1.43490431e-05  6.20813617e-07  4.96788371e-05 
 6.20863617e-07  1.28464351e-05  6.20863617e-07 -6.31007626e-05 
 6.20913617e-07 -1.13665250e-05  6.20913617e-07  7.30098948e-05 
 6.20963617e-07  1.03263504e-05  6.20963617e-07 -8.00671350e-05 
 6.21013617e-07 -9.20761761e-06  6.21013617e-07  8.49206677e-05 
 6.21063617e-07  8.45475298e-06  6.21063617e-07 -8.79711060e-05 
 6.21113617e-07 -7.56638322e-06  6.21113617e-07  8.96604946e-05 
 6.21163617e-07  7.00160053e-06  6.21163617e-07 -9.02257066e-05 
 6.21213617e-07 -6.26831134e-06  6.21213617e-07  8.99746575e-05 
 6.21263617e-07  5.83363398e-06  6.21263617e-07 -8.90401399e-05 
 6.21313617e-07 -5.21061798e-06  6.21313617e-07  8.76412969e-05 
 6.21363617e-07  4.87086864e-06  6.21363617e-07 -8.58442685e-05 
 6.21413617e-07 -4.33032510e-06  6.21413617e-07  8.38088417e-05 
 6.21463617e-07  4.06316582e-06  6.21463617e-07 -8.15584089e-05 
 6.21513617e-07 -3.58698534e-06  6.21513617e-07  7.92128117e-05 
 6.21563617e-07  3.37748534e-06  6.21563617e-07 -7.67681403e-05 
 6.21613617e-07 -2.95323474e-06  6.21613617e-07  7.43172477e-05 
 6.21663617e-07  2.79087228e-06  6.21663617e-07 -7.18389632e-05 
 6.21713617e-07 -2.40956112e-06  6.21713617e-07  6.94078674e-05 
 6.21763617e-07  2.28654291e-06  6.21763617e-07 -6.69920709e-05 
 6.21813617e-07 -1.94135951e-06  6.21813617e-07  6.46537756e-05 
 6.21863617e-07  1.85165936e-06  6.21863617e-07 -6.23546292e-05 
 6.21913617e-07 -1.53723828e-06  6.21913617e-07  6.01484548e-05 
 6.21956809e-07  1.44865890e-06  6.21956809e-07 -5.76622237e-05 
 6.22000000e-07 -1.13740544e-06  6.22000000e-07  5.53011907e-05 
 6.22005000e-07  1.82803187e-04  6.22005000e-07  2.48013983e-03 
 6.22015000e-07  1.50844450e-04  6.22015000e-07  2.66702951e-03 
 6.22035000e-07  1.09620482e-05  6.22035000e-07  9.85846490e-04 
 6.22075000e-07  5.03240566e-05  6.22075000e-07  8.74205475e-04 
 6.22125000e-07 -8.33074332e-06  6.22125000e-07  2.14519878e-04 
 6.22162500e-07 -2.55916934e-05  6.22162500e-07  6.69065488e-04 
 6.22200000e-07  7.16958961e-06  6.22200000e-07 -2.76044822e-03 
 6.22205000e-07 -1.30866966e-04  6.22205000e-07 -1.89101257e-03 
 6.22215000e-07 -1.33870091e-04  6.22215000e-07 -1.24445661e-03 
 6.22235000e-07 -4.07245609e-05  6.22235000e-07 -1.04496073e-03 
 6.22275000e-07 -2.77348276e-05  6.22275000e-07 -5.15801144e-04 
 6.22325000e-07  1.38384183e-05  6.22325000e-07 -2.74257390e-04 
 6.22375000e-07 -1.45461544e-05  6.22375000e-07 -1.00304609e-04 
 6.22425000e-07  1.37082000e-05  6.22425000e-07 -6.81844483e-05 
 6.22475000e-07 -1.28189131e-05  6.22475000e-07 -1.59427794e-05 
 6.22525000e-07  1.21533963e-05  6.22525000e-07 -2.08530074e-05 
 6.22575000e-07 -1.12778026e-05  6.22575000e-07  1.53169313e-06 
 6.22625000e-07  1.06714209e-05  6.22625000e-07 -9.73801600e-06 
 6.22675000e-07 -9.85970520e-06  6.22675000e-07  5.43853352e-06 
 6.22725000e-07  9.32182423e-06  6.22725000e-07 -7.52752334e-06 
 6.22775000e-07 -8.57968579e-06  6.22775000e-07  6.82612862e-06 
 6.22825000e-07  8.11124492e-06  6.22825000e-07 -7.62055544e-06 
 6.22875000e-07 -7.43735684e-06  6.22875000e-07  7.77823191e-06 
 6.22925000e-07  7.03549437e-06  6.22925000e-07 -8.25803796e-06 
 6.22975000e-07 -6.42601073e-06  6.22975000e-07  8.57018315e-06 
 6.23025000e-07  6.08621032e-06  6.23025000e-07 -8.90936482e-06 
 6.23075000e-07 -5.53617693e-06  6.23075000e-07  9.18102558e-06 
 6.23125000e-07  5.25319621e-06  6.23125000e-07 -9.40402292e-06 
 6.23175000e-07 -4.75721596e-06  6.23175000e-07  9.58342277e-06 
 6.23225000e-07  4.52558299e-06  6.23225000e-07 -9.69812729e-06 
 6.23275000e-07 -4.07819520e-06  6.23275000e-07  9.77986296e-06 
 6.23325000e-07  3.89250375e-06  6.23325000e-07 -9.79869680e-06 
 6.23375000e-07 -3.48841306e-06  6.23375000e-07  9.79381815e-06 
 6.23425000e-07  3.34350031e-06  6.23425000e-07 -9.73325123e-06 
 6.23475000e-07 -2.97771299e-06  6.23475000e-07  9.65811454e-06 
 6.23525000e-07  2.86876243e-06  6.23525000e-07 -9.53565896e-06 
 6.23575000e-07 -2.53666150e-06  6.23575000e-07  9.40716679e-06 
 6.23625000e-07  2.45925545e-06  6.23625000e-07 -9.23925077e-06 
 6.23675000e-07 -2.15663490e-06  6.23675000e-07  9.07276248e-06 
 6.23725000e-07  2.10677366e-06  6.23725000e-07 -8.87366023e-06 
 6.23775000e-07 -1.82984545e-06  6.23775000e-07  8.68218802e-06 
 6.23825000e-07  1.80394441e-06  6.23825000e-07 -8.46366624e-06 
 6.23875000e-07 -1.54932779e-06  6.23875000e-07  8.25772148e-06 
 6.23925000e-07  1.54420031e-06  6.23925000e-07 -8.02909488e-06 
 6.23975000e-07 -1.30890032e-06  6.23975000e-07  7.81685386e-06 
 6.24025000e-07  1.32173259e-06  6.24025000e-07 -7.58524150e-06 
 6.24075000e-07 -1.10311190e-06  6.24075000e-07  7.37284881e-06 
 6.24125000e-07  1.13143291e-06  6.24125000e-07 -7.14350784e-06 
 6.24175000e-07 -9.27181109e-07  6.24175000e-07  6.93541919e-06 
 6.24225000e-07  9.68831002e-07  6.24225000e-07 -6.71208628e-06 
 6.24275000e-07 -7.76932663e-07  6.24275000e-07  6.51139913e-06 
 6.24325000e-07  8.30031108e-07  6.24325000e-07 -6.29660519e-06 
 6.24375000e-07 -6.48734540e-07  6.24375000e-07  6.10535325e-06 
 6.24425000e-07  7.11649928e-07  6.24425000e-07 -5.90069619e-06 
 6.24475000e-07 -5.39437494e-07  6.24475000e-07  5.72009950e-06 
 6.24525000e-07  6.10758371e-07  6.24525000e-07 -5.52647161e-06 
 6.24575000e-07 -4.46318782e-07  6.24575000e-07  5.35714172e-06 
 6.24625000e-07  5.24827103e-07  6.24625000e-07 -5.17491381e-06 
 6.24675000e-07 -3.67030086e-07  6.24675000e-07  5.01701822e-06 
 6.24725000e-07  4.51677066e-07  6.24725000e-07 -4.84618558e-06 
 6.24775000e-07 -2.99550354e-07  6.24775000e-07  4.69957649e-06 
 6.24825000e-07  3.89434826e-07  6.24825000e-07 -4.53987226e-06 
 6.24875000e-07 -2.42143721e-07  6.24875000e-07  4.40418609e-06 
 6.24925000e-07  3.36492502e-07  6.24925000e-07 -4.25516799e-06 
 6.24975000e-07 -1.93321456e-07  6.24975000e-07  4.12990069e-06 
 6.25025000e-07  2.91472456e-07  6.25025000e-07 -3.99101620e-06 
 6.25075000e-07 -1.51809041e-07  6.25075000e-07  3.87557941e-06 
 6.25125000e-07  2.53195829e-07  6.25125000e-07 -3.74621408e-06 
 6.25175000e-07 -1.16516519e-07  6.25175000e-07  3.63997630e-06 
 6.25225000e-07  2.20655233e-07  6.25225000e-07 -3.51948861e-06 
 6.25275000e-07 -8.65130578e-08  6.25275000e-07  3.42180490e-06 
 6.25325000e-07  1.92990842e-07  6.25325000e-07 -3.30955110e-06 
 6.25375000e-07 -6.10045590e-08  6.25375000e-07  3.21978355e-06 
 6.25425000e-07  1.69469375e-07  6.25425000e-07 -3.11513478e-06 
 6.25475000e-07 -3.93141321e-08  6.25475000e-07  3.03266660e-06 
 6.25525000e-07  1.49466231e-07  6.25525000e-07 -2.93502016e-06 
 6.25575000e-07 -2.08655095e-08  6.25575000e-07  2.85926461e-06 
 6.25625000e-07  1.32449786e-07  6.25625000e-07 -2.76805082e-06 
 6.25675000e-07 -5.16832604e-09  6.25675000e-07  2.69845657e-06 
 6.25725000e-07  1.17967896e-07  6.25725000e-07 -2.61314288e-06 
 6.25775000e-07  8.19430086e-09  6.25775000e-07  2.54919662e-06 
 6.25825000e-07  1.05636174e-07  6.25825000e-07 -2.46928902e-06 
 6.25875000e-07  1.95765965e-08  6.25875000e-07  2.41051617e-06 
 6.25925000e-07  9.51282862e-08  6.25925000e-07 -2.33555935e-06 
 6.25975000e-07  2.92792243e-08  6.25975000e-07  2.28152369e-06 
 6.26025000e-07  8.61672351e-08  6.26025000e-07 -2.21109998e-06 
 6.26075000e-07  3.75573992e-08  6.26075000e-07  2.16140215e-06 
 6.26125000e-07  7.85179672e-08  6.26125000e-07 -2.09512987e-06 
 6.26175000e-07  4.46274772e-08  6.26175000e-07  2.04940539e-06 
 6.26225000e-07  7.19812786e-08  6.26225000e-07 -1.98693671e-06 
 6.26275000e-07  5.06729813e-08  6.26275000e-07  1.94485383e-06 
 6.26325000e-07  6.63882432e-08  6.26325000e-07 -1.88587245e-06 
 6.26375000e-07  5.58492133e-08  6.26375000e-07  1.84712963e-06 
 6.26425000e-07  6.15959255e-08  6.26425000e-07 -1.79134820e-06 
 6.26475000e-07  6.02879050e-08  6.26475000e-07  1.75567188e-06 
 6.26525000e-07  5.74831113e-08  6.26525000e-07 -1.70282976e-06 
 6.26575000e-07  6.41003976e-08  6.26575000e-07  1.66997166e-06 
 6.26625000e-07  5.39473827e-08  6.26625000e-07 -1.61983252e-06 
 6.26675000e-07  6.73810236e-08  6.26675000e-07  1.58956761e-06 
 6.26725000e-07  5.09019834e-08  6.26725000e-07 -1.54191711e-06 
 6.26775000e-07  7.02095104e-08  6.26775000e-07  1.51404133e-06 
 6.26825000e-07  4.82735647e-08  6.26825000e-07 -1.46868518e-06 
 6.26875000e-07  7.26533536e-08  6.26875000e-07  1.44301349e-06 
 6.26925000e-07  4.60000699e-08  6.26925000e-07 -1.39977538e-06 
 6.26975000e-07  7.47695732e-08  6.26975000e-07  1.37613981e-06 
 6.27025000e-07  4.40290777e-08  6.27025000e-07 -1.33485978e-06 
 6.27075000e-07  7.66063937e-08  6.27075000e-07  1.31310786e-06 
 6.27125000e-07  4.23162708e-08  6.27125000e-07 -1.27364048e-06 
 6.27175000e-07  7.82045586e-08  6.27175000e-07  1.25363360e-06 
 6.27225000e-07  4.08241556e-08  6.27225000e-07 -1.21584672e-06 
 6.27275000e-07  7.95985290e-08  6.27275000e-07  1.19745880e-06 
 6.27325000e-07  3.95210880e-08  6.27325000e-07 -1.16123207e-06 
 6.27375000e-07  8.08173966e-08  6.27375000e-07  1.14434825e-06 
 6.27425000e-07  3.83802859e-08  6.27425000e-07 -1.10957201e-06 
 6.27475000e-07  8.18857845e-08  6.27475000e-07  1.09408752e-06 
 6.27525000e-07  3.73791184e-08  6.27525000e-07 -1.06066170e-06 
 6.27575000e-07  8.28244618e-08  6.27575000e-07  1.04648092e-06 
 6.27625000e-07  3.64984829e-08  6.27625000e-07 -1.01431404e-06 
 6.27675000e-07  8.36511131e-08  6.27675000e-07  1.00134946e-06 
 6.27725000e-07  3.57221571e-08  6.27725000e-07 -9.70357852e-07 
 6.27775000e-07  8.43805739e-08  6.27775000e-07  9.58529375e-07 
 6.27825000e-07  3.50364088e-08  6.27825000e-07 -9.28636335e-07 
 6.27875000e-07  8.50254360e-08  6.27875000e-07  9.17870505e-07 
 6.27925000e-07  3.44297570e-08  6.27925000e-07 -8.89005604e-07 
 6.27975000e-07  8.55963624e-08  6.27975000e-07  8.79234935e-07 
 6.28025000e-07  3.38923068e-08  6.28025000e-07 -8.51333510e-07 
 6.28075000e-07  8.61024166e-08  6.28075000e-07  8.42495911e-07 
 6.28125000e-07  3.34157358e-08  6.28125000e-07 -8.15498358e-07 
 6.28175000e-07  8.65513142e-08  6.28175000e-07  8.07536695e-07 
 6.28225000e-07  3.29928628e-08  6.28225000e-07 -7.81388148e-07 
 6.28275000e-07  8.69495899e-08  6.28275000e-07  7.74249634e-07 
 6.28325000e-07  3.26178015e-08  6.28325000e-07 -7.48899355e-07 
 6.28375000e-07  8.73027666e-08  6.28375000e-07  7.42535254e-07 
 6.28425000e-07  3.22853319e-08  6.28425000e-07 -7.17936377e-07 
 6.28475000e-07  8.76156315e-08  6.28475000e-07  7.12301575e-07 
 6.28525000e-07  3.19910574e-08  6.28525000e-07 -6.88410711e-07 
 6.28575000e-07  8.78922445e-08  6.28575000e-07  6.83463448e-07 
 6.28625000e-07  3.17312449e-08  6.28625000e-07 -6.60240334e-07 
 6.28675000e-07  8.81360615e-08  6.28675000e-07  6.55941791e-07 
 6.28725000e-07  3.15026491e-08  6.28725000e-07 -6.33349034e-07 
 6.28775000e-07  8.83501248e-08  6.28775000e-07  6.29663237e-07 
 6.28825000e-07  3.13024974e-08  6.28825000e-07 -6.07666165e-07 
 6.28875000e-07  8.85369759e-08  6.28875000e-07  6.04559519e-07 
 6.28925000e-07  3.11283656e-08  6.28925000e-07 -5.83125709e-07 
 6.28975000e-07  8.86989097e-08  6.28975000e-07  5.80567059e-07 
 6.29025000e-07  3.09781533e-08  6.29025000e-07 -5.59666374e-07 
 6.29075000e-07  8.88378332e-08  6.29075000e-07  5.57626565e-07 
 6.29125000e-07  3.08500631e-08  6.29125000e-07 -5.37230880e-07 
 6.29175000e-07  8.89555170e-08  6.29175000e-07  5.35682672e-07 
 6.29225000e-07  3.07424535e-08  6.29225000e-07 -5.15765685e-07 
 6.29275000e-07  8.90533954e-08  6.29275000e-07  5.14683723e-07 
 6.29325000e-07  3.06539333e-08  6.29325000e-07 -4.95220822e-07 
 6.29375000e-07  8.91328753e-08  6.29375000e-07  4.94581244e-07 
 6.29425000e-07  3.05832169e-08  6.29425000e-07 -4.75549384e-07 
 6.29475000e-07  8.91950924e-08  6.29475000e-07  4.75329906e-07 
 6.29525000e-07  3.05292407e-08  6.29525000e-07 -4.56707524e-07 
 6.29575000e-07  8.92411195e-08  6.29575000e-07  4.56887186e-07 
 6.29625000e-07  3.04909356e-08  6.29625000e-07 -4.38654003e-07 
 6.29675000e-07  8.92719000e-08  6.29675000e-07  4.39213235e-07 
 6.29725000e-07  3.04674207e-08  6.29725000e-07 -4.21350163e-07 
 6.29775000e-07  8.92883397e-08  6.29775000e-07  4.22270455e-07 
 6.29825000e-07  3.04578778e-08  6.29825000e-07 -4.04759640e-07 
 6.29875000e-07  8.92912047e-08  6.29875000e-07  4.06023633e-07 
 6.29925000e-07  3.04615409e-08  6.29925000e-07 -3.88848223e-07 
 6.29962500e-07  8.92783034e-08  6.29962500e-07  3.87904102e-07 
 6.30000000e-07  3.04857615e-08  6.30000000e-07 -3.68633310e-07 
 6.30005000e-07 -8.04614908e-06  6.30005000e-07 -7.27721568e-05 
 6.30015000e-07  5.89160225e-06  6.30015000e-07  1.23679366e-05 
 6.30035000e-07  1.71809869e-06  6.30035000e-07  1.43914348e-05 
 6.30075000e-07 -2.65618240e-06  6.30075000e-07  1.69204120e-05 
 6.30125000e-07  2.38903751e-05  6.30125000e-07  1.72662104e-04 
 6.30162500e-07  1.44403547e-05  6.30162500e-07  1.92707903e-04 
 6.30200000e-07 -3.40531356e-04  6.30200000e-07 -1.50285558e-04 
 6.30205000e-07 -3.40147417e-04  6.30205000e-07 -3.70928131e-04 
 6.30215000e-07  8.60164931e-06  6.30215000e-07 -8.11096775e-04 
 6.30235000e-07  5.21417285e-04  6.30235000e-07 -1.33175143e-03 
 6.30273305e-07 -2.74577060e-04  6.30273305e-07 -4.37380937e-04 
 6.30315720e-07  1.33769737e-04  6.30315720e-07  1.69806095e-03 
 6.30360153e-07 -5.39411932e-05  6.30360153e-07 -2.84174356e-04 
 6.30410153e-07  1.70235559e-05  6.30410153e-07  2.41878121e-04 
 6.30460153e-07  9.82799096e-06  6.30460153e-07 -3.07833429e-04 
 6.30510153e-07 -3.11940771e-05  6.30510153e-07  1.31483957e-04 
 6.30560153e-07  4.65944137e-05  6.30560153e-07 -1.04624743e-04 
 6.30610153e-07 -5.61922251e-05  6.30610153e-07  6.05614314e-05 
 6.30660153e-07  6.17203794e-05  6.30660153e-07 -3.22137037e-05 
 6.30710153e-07 -6.39526218e-05  6.30710153e-07 -7.35808210e-06 
 6.30760153e-07  6.42448392e-05  6.30760153e-07  2.82907112e-05 
 6.30810153e-07 -6.28378859e-05  6.30810153e-07 -5.16534228e-05 
 6.30860153e-07  6.06873667e-05  6.30860153e-07  6.76007217e-05 
 6.30910153e-07 -5.76763327e-05  6.30910153e-07 -8.15029024e-05 
 6.30960153e-07  5.45343480e-05  6.30960153e-07  9.20957173e-05 
 6.31010153e-07 -5.09581870e-05  6.31010153e-07 -1.00365625e-04 
 6.31060153e-07  4.75588823e-05  6.31060153e-07  1.06722043e-04 
 6.31110153e-07 -4.39389602e-05  6.31110153e-07 -1.11335111e-04 
 6.31160153e-07  4.06461103e-05  6.31160153e-07  1.14688729e-04 
 6.31210153e-07 -3.72349226e-05  6.31210153e-07 -1.16855145e-04 
 6.31260153e-07  3.42182702e-05  6.31260153e-07  1.18172307e-04 
 6.31310153e-07 -3.11264003e-05  6.31310153e-07 -1.18706898e-04 
 6.31360153e-07  2.84527327e-05  6.31360153e-07  1.18678933e-04 
 6.31410153e-07 -2.57154488e-05  6.31410153e-07 -1.18144728e-04 
 6.31460153e-07  2.33971102e-05  6.31460153e-07  1.17250926e-04 
 6.31510153e-07 -2.10103116e-05  6.31510153e-07 -1.16036493e-04 
 6.31560153e-07  1.90316970e-05  6.31560153e-07  1.14604218e-04 
 6.31610153e-07 -1.69717017e-05  6.31610153e-07 -1.12975148e-04 
 6.31660153e-07  1.53039361e-05  6.31660153e-07  1.11225483e-04 
 6.31710153e-07 -1.35384645e-05  6.31710153e-07 -1.09361030e-04 
 6.31760153e-07  1.21475531e-05  6.31760153e-07  1.07441486e-04 
 6.31810153e-07 -1.06417917e-05  6.31810153e-07 -1.05460825e-04 
 6.31860153e-07  9.49308133e-06  6.31860153e-07  1.03468332e-04 
 6.31910153e-07 -8.21294680e-06  6.31910153e-07 -1.01449221e-04 
 6.31960153e-07  7.27347570e-06  6.31960153e-07  9.94461752e-05 
 6.32010153e-07 -6.18727291e-06  6.32010153e-07 -9.74380837e-05 
 6.32060153e-07  5.42690480e-06  6.32060153e-07  9.54634840e-05 
 6.32110153e-07 -4.50606140e-06  6.32110153e-07 -9.34967571e-05 
 6.32160153e-07  3.89792354e-06  6.32160153e-07  9.15739018e-05 
 6.32210153e-07 -3.11720104e-06  6.32210153e-07 -8.96661052e-05 
 6.32260153e-07  2.63762993e-06  6.32260153e-07  8.78094857e-05 
 6.32310153e-07 -1.97523845e-06  6.32310153e-07 -8.59648183e-05 
 6.32360153e-07  1.60388593e-06  6.32360153e-07  8.41814053e-05 
 6.32410153e-07 -1.04058575e-06  6.32410153e-07 -8.24097144e-05 
 6.32460153e-07  7.60024231e-07  6.32460153e-07  8.06981620e-05 
 6.32510153e-07 -2.79641281e-07  6.32510153e-07 -7.89991148e-05 
 6.32560153e-07  7.49038467e-08  6.32560153e-07  7.73587556e-05 
 6.32610153e-07  3.36336034e-07  6.32610153e-07 -7.57304274e-05 
 6.32660153e-07 -4.77958083e-07  6.32660153e-07  7.41588519e-05 
 6.32710153e-07  8.31721312e-07  6.32710153e-07 -7.25982478e-05 
 6.32760153e-07 -9.20983471e-07  6.32760153e-07  7.10913312e-05 
 6.32810153e-07  1.22710227e-06  6.32810153e-07 -6.95963836e-05 
 6.32860153e-07 -1.27302035e-06  6.32860153e-07  6.81519869e-05 
 6.32910153e-07  1.53978577e-06  6.32910153e-07 -6.67156793e-05 
 6.32960153e-07 -1.54992469e-06  6.32960153e-07  6.53296544e-05 
 6.33010153e-07  1.78424913e-06  6.33010153e-07 -6.39502517e-05 
 6.33060153e-07 -1.76497599e-06  6.33060153e-07  6.26186796e-05 
 6.33110153e-07  1.97266679e-06  6.33110153e-07 -6.12923650e-05 
 6.33160153e-07 -1.92928496e-06  6.33160153e-07  6.00118769e-05 
 6.33210153e-07  2.11517881e-06  6.33210153e-07 -5.87352890e-05 
 6.33260153e-07 -2.05210395e-06  6.33260153e-07  5.75026874e-05 
 6.33310153e-07  2.22022524e-06  6.33310153e-07 -5.62727341e-05 
 6.33360153e-07 -2.14112735e-06  6.33360153e-07  5.50850855e-05 
 6.33410153e-07  2.29481773e-06  6.33410153e-07 -5.38989403e-05 
 6.33460153e-07 -2.20274030e-06  6.33460153e-07  5.27535750e-05 
 6.33510153e-07  2.34476788e-06  6.33510153e-07 -5.16086705e-05 
 6.33560153e-07 -2.24222893e-06  6.33560153e-07  5.05031683e-05 
 6.33610153e-07  2.37488139e-06  6.33610153e-07 -4.93971800e-05 
 6.33660153e-07 -2.26395909e-06  6.33660153e-07  4.83293515e-05 
 6.33710153e-07  2.38912227e-06  6.33710153e-07 -4.72601771e-05 
 6.33760153e-07 -2.27152743e-06  6.33760153e-07  4.62280420e-05 
 6.33810153e-07  2.39075172e-06  6.33810153e-07 -4.51937795e-05 
 6.33860153e-07 -2.26788867e-06  6.33860153e-07  4.41955451e-05 
 6.33910153e-07  2.38244504e-06  6.33910153e-07 -4.31944712e-05 
 6.33960153e-07 -2.25546318e-06  6.33960153e-07  4.22285111e-05 
 6.34010153e-07  2.36639006e-06  6.34010153e-07 -4.12590605e-05 
 6.34060153e-07 -2.23622695e-06  6.34060153e-07  4.03238951e-05 
 6.34110153e-07  2.34437011e-06  6.34110153e-07 -3.93846419e-05 
 6.34160153e-07 -2.21178760e-06  6.34160153e-07  3.84789211e-05 
 6.34210153e-07  2.31783283e-06  6.34210153e-07 -3.75685617e-05 
 6.34260153e-07 -2.18344750e-06  6.34260153e-07  3.66910487e-05 
 6.34310153e-07  2.28794857e-06  6.34310153e-07 -3.58083873e-05 
 6.34360153e-07 -2.15225693e-06  6.34360153e-07  3.49579450e-05 
 6.34410153e-07  2.25565873e-06  6.34410153e-07 -3.41018801e-05 
 6.34460153e-07 -2.11905855e-06  6.34460153e-07  3.32774589e-05 
 6.34510153e-07  2.22171626e-06  6.34510153e-07 -3.24469720e-05 
 6.34560153e-07 -2.08452401e-06  6.34560153e-07  3.16475994e-05 
 6.34610153e-07  2.18671936e-06  6.34610153e-07 -3.08417454e-05 
 6.34660153e-07 -2.04918498e-06  6.34660153e-07  3.00665166e-05 
 6.34710153e-07  2.15113947e-06  6.34710153e-07 -2.92844149e-05 
 6.34760153e-07 -2.01345860e-06  6.34760153e-07  2.85324855e-05 
 6.34810153e-07  2.11534467e-06  6.34810153e-07 -2.77733129e-05 
 6.34860153e-07 -1.97766864e-06  6.34860153e-07  2.70438916e-05 
 6.34910153e-07  2.07961894e-06  6.34910153e-07 -2.63068759e-05 
 6.34960153e-07 -1.94206325e-06  6.34960153e-07  2.55992191e-05 
 6.35010153e-07  2.04417808e-06  6.35010153e-07 -2.48836336e-05 
 6.35060153e-07 -1.90682925e-06  6.35060153e-07  2.41970403e-05 
 6.35110153e-07  2.00918299e-06  6.35110153e-07 -2.35021991e-05 
 6.35160153e-07 -1.87210434e-06  6.35160153e-07  2.28360063e-05 
 6.35210153e-07  1.97475054e-06  6.35210153e-07 -2.21612605e-05 
 6.35260153e-07 -1.83798675e-06  6.35260153e-07  2.15148399e-05 
 6.35310153e-07  1.94096246e-06  6.35310153e-07 -2.08595735e-05 
 6.35360153e-07 -1.80454355e-06  6.35360153e-07  2.02323279e-05 
 6.35410153e-07  1.90787268e-06  6.35410153e-07 -1.95959554e-05 
 6.35460153e-07 -1.77181707e-06  6.35460153e-07  1.89873162e-05 
 6.35510153e-07  1.87551338e-06  6.35510153e-07 -1.83692794e-05 
 6.35560153e-07 -1.73983049e-06  6.35560153e-07  1.77787038e-05 
 6.35610153e-07  1.84389975e-06  6.35610153e-07 -1.71784699e-05 
 6.35660153e-07 -1.70859208e-06  6.35660153e-07  1.66054389e-05 
 6.35710153e-07  1.81303404e-06  6.35710153e-07 -1.60224980e-05 
 6.35760153e-07 -1.67809878e-06  6.35760153e-07  1.54665147e-05 
 6.35810153e-07  1.78290872e-06  6.35810153e-07 -1.49003784e-05 
 6.35860153e-07 -1.64833935e-06  6.35860153e-07  1.43609661e-05 
 6.35910153e-07  1.75350914e-06  6.35910153e-07 -1.38111655e-05 
 6.35960153e-07 -1.61929616e-06  6.35960153e-07  1.32878662e-05 
 6.36010153e-07  1.72481540e-06  6.36010153e-07 -1.27539510e-05 
 6.36060153e-07 -1.59094747e-06  6.36060153e-07  1.22463241e-05 
 6.36110153e-07  1.69680419e-06  6.36110153e-07 -1.17278609e-05 
 6.36160153e-07 -1.56326874e-06  6.36160153e-07  1.12354821e-05 
 6.36210153e-07  1.66944992e-06  6.36210153e-07 -1.07320533e-05 
 6.36260153e-07 -1.53623360e-06  6.36260153e-07  1.02545136e-05 
 6.36310153e-07  1.64272581e-06  6.36310153e-07 -9.76571664e-06 
 6.36360153e-07 -1.50981501e-06  6.36360153e-07  9.30262127e-06 
 6.36410153e-07  1.61660468e-06  6.36410153e-07 -8.82806738e-06 
 6.36460153e-07 -1.48398581e-06  6.36460153e-07  8.37903490e-06 
 6.36510153e-07  1.59105947e-06  6.36510153e-07 -7.91834851e-06 
 6.36560153e-07 -1.45871915e-06  6.36560153e-07  7.48301015e-06 
 6.36610153e-07  1.56606365e-06  6.36610153e-07 -7.03582809e-06 
 6.36660153e-07 -1.43398899e-06  6.36660153e-07  6.61382690e-06 
 6.36710153e-07  1.54159170e-06  6.36710153e-07 -6.17979764e-06 
 6.36760153e-07 -1.40977021e-06  6.36760153e-07  5.77078803e-06 
 6.36810153e-07  1.51761909e-06  6.36810153e-07 -5.34957105e-06 
 6.36860153e-07 -1.38603908e-06  6.36860153e-07  4.95321802e-06 
 6.36910153e-07  1.49412272e-06  6.36910153e-07 -4.54448335e-06 
 6.36960153e-07 -1.36277302e-06  6.36960153e-07  4.16046205e-06 
 6.37010153e-07  1.47108067e-06  6.37010153e-07 -3.76388956e-06 
 6.37060153e-07 -1.33995091e-06  6.37060153e-07  3.39188478e-06 
 6.37110153e-07  1.44847258e-06  6.37110153e-07 -3.00716390e-06 
 6.37160153e-07 -1.31755304e-06  6.37160153e-07  2.64686955e-06 
 6.37210153e-07  1.42627934e-06  6.37210153e-07 -2.27369860e-06 
 6.37260153e-07 -1.29556097e-06  6.37260153e-07  1.92481738e-06 
 6.37310153e-07  1.40448331e-06  6.37310153e-07 -1.56290335e-06 
 6.37360153e-07 -1.27395780e-06  6.37360153e-07  1.22514626e-06 
 6.37410153e-07  1.38306814e-06  6.37410153e-07 -8.74204339e-07 
 6.37460153e-07 -1.25272777e-06  6.37460153e-07  5.47290393e-07 
 6.37510153e-07  1.36201879e-06  6.37510153e-07 -2.07043559e-07 
 6.37560153e-07 -1.23185643e-06  6.37560153e-07 -1.09300597e-07 
 6.37610153e-07  1.34132131e-06  6.37610153e-07  4.39121800e-07 
 6.37660153e-07 -1.21133048e-06  6.37660153e-07 -7.45162216e-07 
 6.37710153e-07  1.32096305e-06  6.37710153e-07  1.06482002e-06 
 6.37760153e-07 -1.19113777e-06  6.37760153e-07 -1.36081565e-06 
 6.37810153e-07  1.30093232e-06  6.37810153e-07  1.67056542e-06 
 6.37860153e-07 -1.17126710e-06  6.37860153e-07 -1.95676852e-06 
 6.37910153e-07  1.28121843e-06  6.37910153e-07  2.25685893e-06 
 6.37960153e-07 -1.15170829e-06  6.37960153e-07 -2.53351517e-06 
 6.38010153e-07  1.26181159e-06  6.38010153e-07  2.82418850e-06 
 6.38060153e-07 -1.13245195e-06  6.38060153e-07 -3.09153737e-06 
 6.38110153e-07  1.24270292e-06  6.38110153e-07  3.37302970e-06 
 6.38160153e-07 -1.11348954e-06  6.38160153e-07 -3.63130457e-06 
 6.38210153e-07  1.22388413e-06  6.38210153e-07  3.90384608e-06 
 6.38260153e-07 -1.09481324e-06  6.38260153e-07 -4.15327456e-06 
 6.38310153e-07  1.20534788e-06  6.38310153e-07  4.41708965e-06 
 6.38360153e-07 -1.07641588e-06  6.38360153e-07 -4.65789360e-06 
 6.38410153e-07  1.18708716e-06  6.38410153e-07  4.91320115e-06 
 6.38460153e-07 -1.05829092e-06  6.38460153e-07 -5.14559715e-06 
 6.38510153e-07  1.16909582e-06  6.38510153e-07  5.39261061e-06 
 6.38560153e-07 -1.04043237e-06  6.38560153e-07 -5.61680979e-06 
 6.38610153e-07  1.15136807e-06  6.38610153e-07  5.85573754e-06 
 6.38660153e-07 -1.02283462e-06  6.38660153e-07 -6.07194604e-06 
 6.38710153e-07  1.13389853e-06  6.38710153e-07  6.30299133e-06 
 6.38760153e-07 -1.00549270e-06  6.38760153e-07 -6.51141027e-06 
 6.38810153e-07  1.11668241e-06  6.38810153e-07  6.73477146e-06 
 6.38860153e-07 -9.88401808e-07  6.38860153e-07 -6.93559722e-06 
 6.38910153e-07  1.09971520e-06  6.38910153e-07  7.15146801e-06 
 6.38960153e-07 -9.71557686e-07  6.38960153e-07 -7.34489223e-06 
 6.39010153e-07  1.08299263e-06  6.39010153e-07  7.55346173e-06 
 6.39060153e-07 -9.54956269e-07  6.39060153e-07 -7.73967162e-06 
 6.39110153e-07  1.06651090e-06  6.39110153e-07  7.94112436e-06 
 6.39160153e-07 -9.38593833e-07  6.39160153e-07 -8.12030266e-06 
 6.39210153e-07  1.05026637e-06  6.39210153e-07  8.31481901e-06 
 6.39260153e-07 -9.22466786e-07  6.39260153e-07 -8.48714420e-06 
 6.39310153e-07  1.03425554e-06  6.39310153e-07  8.67490018e-06 
 6.39360153e-07 -9.06571935e-07  6.39360153e-07 -8.84054659e-06 
 6.39410153e-07  1.01847542e-06  6.39410153e-07  9.02171418e-06 
 6.39460153e-07 -8.90906130e-07  6.39460153e-07 -9.18085205e-06 
 6.39510153e-07  1.00292279e-06  6.39510153e-07  9.35559924e-06 
 6.39560153e-07 -8.75466480e-07  6.39560153e-07 -9.50839492e-06 
 6.39610153e-07  9.87594943e-07  6.39610153e-07  9.67688579e-06 
 6.39660153e-07 -8.60250134e-07  6.39660153e-07 -9.82350173e-06 
 6.39710153e-07  9.72489067e-07  6.39710153e-07  9.98589656e-06 
 6.39760153e-07 -8.45254506e-07  6.39760153e-07 -1.01264915e-05 
 6.39810153e-07  9.57602623e-07  6.39810153e-07  1.02829469e-05 
 6.39860153e-07 -8.30477006e-07  6.39860153e-07 -1.04176760e-05 
 6.39910153e-07  9.42933081e-07  6.39910153e-07  1.05683449e-05 
 6.39955077e-07 -8.15098781e-07  6.39955077e-07 -1.07128273e-05 
 6.40000000e-07  9.26857856e-07  6.40000000e-07  1.08726634e-05 
 6.40005000e-07  1.48877709e-05  6.40005000e-07  2.03210658e-04 
 6.40015000e-07 -3.36734289e-06  6.40015000e-07  2.00892247e-05 
 6.40035000e-07 -8.05776144e-06  6.40035000e-07 -4.80887197e-05 
 6.40075000e-07  5.26470340e-06  6.40075000e-07 -7.66530389e-05 
 6.40125000e-07 -4.10990162e-05  6.40125000e-07 -1.74863234e-04 
 6.40162500e-07 -1.73920180e-05  6.40162500e-07 -4.64030127e-04 
 6.40200000e-07  1.81162506e-03  6.40200000e-07  5.51187781e-04 
 6.40205000e-07  1.19875950e-03  6.40205000e-07  1.08321785e-03 
 6.40215000e-07 -2.66148899e-03  6.40215000e-07  2.26570597e-03 
 6.40235000e-07 -1.05331794e-02  6.40235000e-07  4.09342736e-03 
 6.40275000e-07 -1.67243175e-02  6.40275000e-07  2.52002167e-03 
 6.40325000e-07  7.77583667e-01  6.40325000e-07 -1.90764864e-02 
 6.40375000e-07  1.21113449e+00  6.40375000e-07 -3.22867943e-02 
 6.40425000e-07  1.17996008e+00  6.40425000e-07 -1.96144364e-02 
 6.40475000e-07  1.21481834e+00  6.40475000e-07  9.88126337e-02 
 6.40525000e-07  1.18695951e+00  6.40525000e-07  4.79137090e-01 
 6.40575000e-07  1.21120385e+00  6.40575000e-07  2.04340327e+00 
 6.40625000e-07  1.19024076e+00  6.40625000e-07  3.02096569e+00 
 6.40675000e-07  1.20841670e+00  6.40675000e-07  3.16779573e+00 
 6.40725000e-07  1.19267401e+00  6.40725000e-07  3.24443711e+00 
 6.40775000e-07  1.20633137e+00  6.40775000e-07  3.26669671e+00 
 6.40825000e-07  1.19449089e+00  6.40825000e-07  3.28306416e+00 
 6.40875000e-07  1.20476924e+00  6.40875000e-07  3.28359739e+00 
 6.40925000e-07  1.19585033e+00  6.40925000e-07  3.29247997e+00 
 6.40975000e-07  1.20359758e+00  6.40975000e-07  3.29169416e+00 
 6.41025000e-07  1.19686921e+00  6.41025000e-07  3.29688957e+00 
 6.41075000e-07  1.20271776e+00  6.41075000e-07  3.29572713e+00 
 6.41125000e-07  1.19763399e+00  6.41125000e-07  3.29882893e+00 
 6.41175000e-07  1.20205633e+00  6.41175000e-07  3.29775061e+00 
 6.41225000e-07  1.19820884e+00  6.41225000e-07  3.29963758e+00 
 6.41275000e-07  1.20156051e+00  6.41275000e-07  3.29878799e+00 
 6.41325000e-07  1.19864189e+00  6.41325000e-07  3.29994584e+00 
 6.41375000e-07  1.20118415e+00  6.41375000e-07  3.29933909e+00 
 6.41425000e-07  1.19896883e+00  6.41425000e-07  3.30004158e+00 
 6.41475000e-07  1.20090059e+00  6.41475000e-07  3.29964008e+00 
 6.41525000e-07  1.19921457e+00  6.41525000e-07  3.30005219e+00 
 6.41575000e-07  1.20068638e+00  6.41575000e-07  3.29981050e+00 
 6.41625000e-07  1.19940049e+00  6.41625000e-07  3.30003360e+00 
 6.41675000e-07  1.20052430e+00  6.41675000e-07  3.29991040e+00 
 6.41725000e-07  1.19954138e+00  6.41725000e-07  3.30000879e+00 
 6.41775000e-07  1.20040143e+00  6.41775000e-07  3.29997070e+00 
 6.41825000e-07  1.19964835e+00  6.41825000e-07  3.29998637e+00 
 6.41875000e-07  1.20030810e+00  6.41875000e-07  3.30000782e+00 
 6.41925000e-07  1.19972973e+00  6.41925000e-07  3.29996887e+00 
 6.41962500e-07  1.20022691e+00  6.41962500e-07  3.30003291e+00 
 6.42000000e-07  1.19980908e+00  6.42000000e-07  3.29995210e+00 
 6.42005000e-07  1.19995367e+00  6.42005000e-07  3.30000465e+00 
 6.42015000e-07  1.20002330e+00  6.42015000e-07  3.29999741e+00 
 6.42035000e-07  1.19998303e+00  6.42035000e-07  3.29999555e+00 
 6.42075000e-07  1.20001444e+00  6.42075000e-07  3.30000123e+00 
 6.42125000e-07  1.19998713e+00  6.42125000e-07  3.29999537e+00 
 6.42162500e-07  1.20001086e+00  6.42162500e-07  3.30000311e+00 
 6.42200000e-07  1.19999067e+00  6.42200000e-07  3.29999498e+00 
 6.42205000e-07  1.19999774e+00  6.42205000e-07  3.29999910e+00 
 6.42215000e-07  1.20000122e+00  6.42215000e-07  3.30000011e+00 
 6.42235000e-07  1.19999904e+00  6.42235000e-07  3.29999925e+00 
 6.42275000e-07  1.20000069e+00  6.42275000e-07  3.29999966e+00 
 6.42325000e-07  1.19999936e+00  6.42325000e-07  3.29999966e+00 
 6.42375000e-07  1.20000043e+00  6.42375000e-07  3.29999992e+00 
 6.42425000e-07  1.19999957e+00  6.42425000e-07  3.29999978e+00 
 6.42475000e-07  1.20000027e+00  6.42475000e-07  3.29999999e+00 
 6.42525000e-07  1.19999969e+00  6.42525000e-07  3.29999987e+00 
 6.42575000e-07  1.20000018e+00  6.42575000e-07  3.30000001e+00 
 6.42625000e-07  1.19999976e+00  6.42625000e-07  3.29999992e+00 
 6.42675000e-07  1.20000013e+00  6.42675000e-07  3.30000002e+00 
 6.42725000e-07  1.19999980e+00  6.42725000e-07  3.29999995e+00 
 6.42775000e-07  1.20000009e+00  6.42775000e-07  3.30000002e+00 
 6.42825000e-07  1.19999982e+00  6.42825000e-07  3.29999996e+00 
 6.42875000e-07  1.20000007e+00  6.42875000e-07  3.30000002e+00 
 6.42925000e-07  1.19999984e+00  6.42925000e-07  3.29999997e+00 
 6.42975000e-07  1.20000006e+00  6.42975000e-07  3.30000002e+00 
 6.43025000e-07  1.19999985e+00  6.43025000e-07  3.29999997e+00 
 6.43075000e-07  1.20000005e+00  6.43075000e-07  3.30000003e+00 
 6.43125000e-07  1.19999986e+00  6.43125000e-07  3.29999996e+00 
 6.43175000e-07  1.20000004e+00  6.43175000e-07  3.30000003e+00 
 6.43225000e-07  1.19999987e+00  6.43225000e-07  3.29999996e+00 
 6.43275000e-07  1.20000003e+00  6.43275000e-07  3.30000004e+00 
 6.43325000e-07  1.19999988e+00  6.43325000e-07  3.29999996e+00 
 6.43375000e-07  1.20000002e+00  6.43375000e-07  3.30000004e+00 
 6.43425000e-07  1.19999989e+00  6.43425000e-07  3.29999995e+00 
 6.43475000e-07  1.20000001e+00  6.43475000e-07  3.30000005e+00 
 6.43525000e-07  1.19999990e+00  6.43525000e-07  3.29999995e+00 
 6.43575000e-07  1.20000000e+00  6.43575000e-07  3.30000005e+00 
 6.43625000e-07  1.19999991e+00  6.43625000e-07  3.29999994e+00 
 6.43675000e-07  1.20000000e+00  6.43675000e-07  3.30000005e+00 
 6.43725000e-07  1.19999991e+00  6.43725000e-07  3.29999994e+00 
 6.43775000e-07  1.19999999e+00  6.43775000e-07  3.30000006e+00 
 6.43825000e-07  1.19999992e+00  6.43825000e-07  3.29999993e+00 
 6.43875000e-07  1.19999999e+00  6.43875000e-07  3.30000006e+00 
 6.43925000e-07  1.19999992e+00  6.43925000e-07  3.29999993e+00 
 6.43975000e-07  1.19999998e+00  6.43975000e-07  3.30000006e+00 
 6.44025000e-07  1.19999993e+00  6.44025000e-07  3.29999993e+00 
 6.44075000e-07  1.19999998e+00  6.44075000e-07  3.30000006e+00 
 6.44125000e-07  1.19999993e+00  6.44125000e-07  3.29999993e+00 
 6.44175000e-07  1.19999997e+00  6.44175000e-07  3.30000006e+00 
 6.44225000e-07  1.19999993e+00  6.44225000e-07  3.29999993e+00 
 6.44275000e-07  1.19999997e+00  6.44275000e-07  3.30000007e+00 
 6.44325000e-07  1.19999994e+00  6.44325000e-07  3.29999993e+00 
 6.44375000e-07  1.19999997e+00  6.44375000e-07  3.30000007e+00 
 6.44425000e-07  1.19999994e+00  6.44425000e-07  3.29999993e+00 
 6.44475000e-07  1.19999997e+00  6.44475000e-07  3.30000007e+00 
 6.44525000e-07  1.19999994e+00  6.44525000e-07  3.29999993e+00 
 6.44575000e-07  1.19999996e+00  6.44575000e-07  3.30000007e+00 
 6.44625000e-07  1.19999994e+00  6.44625000e-07  3.29999993e+00 
 6.44675000e-07  1.19999996e+00  6.44675000e-07  3.30000006e+00 
 6.44725000e-07  1.19999994e+00  6.44725000e-07  3.29999993e+00 
 6.44775000e-07  1.19999996e+00  6.44775000e-07  3.30000006e+00 
 6.44825000e-07  1.19999994e+00  6.44825000e-07  3.29999993e+00 
 6.44875000e-07  1.19999996e+00  6.44875000e-07  3.30000006e+00 
 6.44925000e-07  1.19999995e+00  6.44925000e-07  3.29999993e+00 
 6.44975000e-07  1.19999996e+00  6.44975000e-07  3.30000006e+00 
 6.45025000e-07  1.19999995e+00  6.45025000e-07  3.29999993e+00 
 6.45075000e-07  1.19999996e+00  6.45075000e-07  3.30000006e+00 
 6.45125000e-07  1.19999995e+00  6.45125000e-07  3.29999993e+00 
 6.45175000e-07  1.19999996e+00  6.45175000e-07  3.30000006e+00 
 6.45225000e-07  1.19999995e+00  6.45225000e-07  3.29999994e+00 
 6.45275000e-07  1.19999996e+00  6.45275000e-07  3.30000006e+00 
 6.45325000e-07  1.19999995e+00  6.45325000e-07  3.29999994e+00 
 6.45375000e-07  1.19999996e+00  6.45375000e-07  3.30000006e+00 
 6.45425000e-07  1.19999995e+00  6.45425000e-07  3.29999994e+00 
 6.45475000e-07  1.19999996e+00  6.45475000e-07  3.30000005e+00 
 6.45525000e-07  1.19999995e+00  6.45525000e-07  3.29999994e+00 
 6.45575000e-07  1.19999996e+00  6.45575000e-07  3.30000005e+00 
 6.45625000e-07  1.19999995e+00  6.45625000e-07  3.29999994e+00 
 6.45675000e-07  1.19999996e+00  6.45675000e-07  3.30000005e+00 
 6.45725000e-07  1.19999995e+00  6.45725000e-07  3.29999994e+00 
 6.45775000e-07  1.19999995e+00  6.45775000e-07  3.30000005e+00 
 6.45825000e-07  1.19999995e+00  6.45825000e-07  3.29999995e+00 
 6.45875000e-07  1.19999995e+00  6.45875000e-07  3.30000005e+00 
 6.45925000e-07  1.19999995e+00  6.45925000e-07  3.29999995e+00 
 6.45975000e-07  1.19999995e+00  6.45975000e-07  3.30000005e+00 
 6.46025000e-07  1.19999995e+00  6.46025000e-07  3.29999995e+00 
 6.46075000e-07  1.19999995e+00  6.46075000e-07  3.30000004e+00 
 6.46125000e-07  1.19999995e+00  6.46125000e-07  3.29999995e+00 
 6.46175000e-07  1.19999995e+00  6.46175000e-07  3.30000004e+00 
 6.46225000e-07  1.19999995e+00  6.46225000e-07  3.29999995e+00 
 6.46275000e-07  1.19999995e+00  6.46275000e-07  3.30000004e+00 
 6.46325000e-07  1.19999995e+00  6.46325000e-07  3.29999995e+00 
 6.46375000e-07  1.19999995e+00  6.46375000e-07  3.30000004e+00 
 6.46425000e-07  1.19999995e+00  6.46425000e-07  3.29999995e+00 
 6.46475000e-07  1.19999995e+00  6.46475000e-07  3.30000004e+00 
 6.46525000e-07  1.19999995e+00  6.46525000e-07  3.29999996e+00 
 6.46575000e-07  1.19999995e+00  6.46575000e-07  3.30000004e+00 
 6.46625000e-07  1.19999995e+00  6.46625000e-07  3.29999996e+00 
 6.46675000e-07  1.19999995e+00  6.46675000e-07  3.30000004e+00 
 6.46725000e-07  1.19999995e+00  6.46725000e-07  3.29999996e+00 
 6.46775000e-07  1.19999995e+00  6.46775000e-07  3.30000003e+00 
 6.46825000e-07  1.19999995e+00  6.46825000e-07  3.29999996e+00 
 6.46875000e-07  1.19999995e+00  6.46875000e-07  3.30000003e+00 
 6.46925000e-07  1.19999995e+00  6.46925000e-07  3.29999996e+00 
 6.46975000e-07  1.19999995e+00  6.46975000e-07  3.30000003e+00 
 6.47025000e-07  1.19999995e+00  6.47025000e-07  3.29999996e+00 
 6.47075000e-07  1.19999995e+00  6.47075000e-07  3.30000003e+00 
 6.47125000e-07  1.19999995e+00  6.47125000e-07  3.29999996e+00 
 6.47175000e-07  1.19999995e+00  6.47175000e-07  3.30000003e+00 
 6.47225000e-07  1.19999995e+00  6.47225000e-07  3.29999997e+00 
 6.47275000e-07  1.19999995e+00  6.47275000e-07  3.30000003e+00 
 6.47325000e-07  1.19999995e+00  6.47325000e-07  3.29999997e+00 
 6.47375000e-07  1.19999995e+00  6.47375000e-07  3.30000003e+00 
 6.47425000e-07  1.19999995e+00  6.47425000e-07  3.29999997e+00 
 6.47475000e-07  1.19999995e+00  6.47475000e-07  3.30000003e+00 
 6.47525000e-07  1.19999995e+00  6.47525000e-07  3.29999997e+00 
 6.47575000e-07  1.19999995e+00  6.47575000e-07  3.30000002e+00 
 6.47625000e-07  1.19999995e+00  6.47625000e-07  3.29999997e+00 
 6.47675000e-07  1.19999995e+00  6.47675000e-07  3.30000002e+00 
 6.47725000e-07  1.19999995e+00  6.47725000e-07  3.29999997e+00 
 6.47775000e-07  1.19999995e+00  6.47775000e-07  3.30000002e+00 
 6.47825000e-07  1.19999995e+00  6.47825000e-07  3.29999997e+00 
 6.47875000e-07  1.19999995e+00  6.47875000e-07  3.30000002e+00 
 6.47925000e-07  1.19999995e+00  6.47925000e-07  3.29999997e+00 
 6.47975000e-07  1.19999995e+00  6.47975000e-07  3.30000002e+00 
 6.48025000e-07  1.19999995e+00  6.48025000e-07  3.29999997e+00 
 6.48075000e-07  1.19999995e+00  6.48075000e-07  3.30000002e+00 
 6.48125000e-07  1.19999995e+00  6.48125000e-07  3.29999997e+00 
 6.48175000e-07  1.19999995e+00  6.48175000e-07  3.30000002e+00 
 6.48225000e-07  1.19999995e+00  6.48225000e-07  3.29999997e+00 
 6.48275000e-07  1.19999995e+00  6.48275000e-07  3.30000002e+00 
 6.48325000e-07  1.19999995e+00  6.48325000e-07  3.29999998e+00 
 6.48375000e-07  1.19999995e+00  6.48375000e-07  3.30000002e+00 
 6.48425000e-07  1.19999995e+00  6.48425000e-07  3.29999998e+00 
 6.48475000e-07  1.19999995e+00  6.48475000e-07  3.30000002e+00 
 6.48525000e-07  1.19999995e+00  6.48525000e-07  3.29999998e+00 
 6.48575000e-07  1.19999995e+00  6.48575000e-07  3.30000002e+00 
 6.48625000e-07  1.19999995e+00  6.48625000e-07  3.29999998e+00 
 6.48675000e-07  1.19999995e+00  6.48675000e-07  3.30000002e+00 
 6.48725000e-07  1.19999995e+00  6.48725000e-07  3.29999998e+00 
 6.48775000e-07  1.19999995e+00  6.48775000e-07  3.30000001e+00 
 6.48825000e-07  1.19999995e+00  6.48825000e-07  3.29999998e+00 
 6.48875000e-07  1.19999995e+00  6.48875000e-07  3.30000001e+00 
 6.48925000e-07  1.19999995e+00  6.48925000e-07  3.29999998e+00 
 6.48975000e-07  1.19999995e+00  6.48975000e-07  3.30000001e+00 
 6.49025000e-07  1.19999995e+00  6.49025000e-07  3.29999998e+00 
 6.49075000e-07  1.19999995e+00  6.49075000e-07  3.30000001e+00 
 6.49125000e-07  1.19999995e+00  6.49125000e-07  3.29999998e+00 
 6.49175000e-07  1.19999995e+00  6.49175000e-07  3.30000001e+00 
 6.49225000e-07  1.19999995e+00  6.49225000e-07  3.29999998e+00 
 6.49275000e-07  1.19999995e+00  6.49275000e-07  3.30000001e+00 
 6.49325000e-07  1.19999995e+00  6.49325000e-07  3.29999998e+00 
 6.49375000e-07  1.19999995e+00  6.49375000e-07  3.30000001e+00 
 6.49425000e-07  1.19999995e+00  6.49425000e-07  3.29999998e+00 
 6.49475000e-07  1.19999995e+00  6.49475000e-07  3.30000001e+00 
 6.49525000e-07  1.19999995e+00  6.49525000e-07  3.29999998e+00 
 6.49575000e-07  1.19999995e+00  6.49575000e-07  3.30000001e+00 
 6.49625000e-07  1.19999995e+00  6.49625000e-07  3.29999998e+00 
 6.49675000e-07  1.19999995e+00  6.49675000e-07  3.30000001e+00 
 6.49725000e-07  1.19999995e+00  6.49725000e-07  3.29999998e+00 
 6.49775000e-07  1.19999995e+00  6.49775000e-07  3.30000001e+00 
 6.49825000e-07  1.19999995e+00  6.49825000e-07  3.29999998e+00 
 6.49875000e-07  1.19999995e+00  6.49875000e-07  3.30000001e+00 
 6.49925000e-07  1.19999995e+00  6.49925000e-07  3.29999998e+00 
 6.49962500e-07  1.19999995e+00  6.49962500e-07  3.30000001e+00 
 6.50000000e-07  1.19999995e+00  6.50000000e-07  3.29999999e+00 
 6.50005000e-07  1.19997422e+00  6.50005000e-07  3.29986823e+00 
 6.50015000e-07  1.19999729e+00  6.50015000e-07  3.29992055e+00 
 6.50035000e-07  1.20001941e+00  6.50035000e-07  3.30001429e+00 
 6.50075000e-07  1.19998700e+00  6.50075000e-07  3.30005276e+00 
 6.50125000e-07  1.20014593e+00  6.50125000e-07  3.30068251e+00 
 6.50162500e-07  1.20032131e+00  6.50162500e-07  3.30124133e+00 
 6.50200000e-07  1.19934467e+00  6.50200000e-07  3.30094617e+00 
 6.50205000e-07  1.19910590e+00  6.50205000e-07  3.30096505e+00 
 6.50215000e-07  1.19931377e+00  6.50215000e-07  3.30032066e+00 
 6.50235000e-07  1.20124158e+00  6.50235000e-07  3.29861882e+00 
 6.50275000e-07  1.19950771e+00  6.50275000e-07  3.29677741e+00 
 6.50319573e-07  1.20002275e+00  6.50319573e-07  3.30007359e+00 
 6.50366169e-07  1.19995484e+00  6.50366169e-07  3.30215592e+00 
 6.50416169e-07  1.19992886e+00  6.50416169e-07  3.29966204e+00 
 6.50466169e-07  1.20009683e+00  6.50466169e-07  3.30040643e+00 
 6.50516169e-07  1.19987358e+00  6.50516169e-07  3.29957710e+00 
 6.50566169e-07  1.20013593e+00  6.50566169e-07  3.30013165e+00 
 6.50616169e-07  1.19985799e+00  6.50616169e-07  3.29967216e+00 
 6.50666169e-07  1.20013974e+00  6.50666169e-07  3.30010606e+00 
 6.50716169e-07  1.19986406e+00  6.50716169e-07  3.29976205e+00 
 6.50766169e-07  1.20012821e+00  6.50766169e-07  3.30010847e+00 
 6.50816169e-07  1.19987959e+00  6.50816169e-07  3.29982242e+00 
 6.50866169e-07  1.20011082e+00  6.50866169e-07  3.30010658e+00 
 6.50916169e-07  1.19989803e+00  6.50916169e-07  3.29986078e+00 
 6.50966169e-07  1.20009240e+00  6.50966169e-07  3.30010027e+00 
 6.51016169e-07  1.19991613e+00  6.51016169e-07  3.29988588e+00 
 6.51066169e-07  1.20007519e+00  6.51066169e-07  3.30009211e+00 
 6.51116169e-07  1.19993237e+00  6.51116169e-07  3.29990302e+00 
 6.51166169e-07  1.20006016e+00  6.51166169e-07  3.30008384e+00 
 6.51216169e-07  1.19994623e+00  6.51216169e-07  3.29991537e+00 
 6.51266169e-07  1.20004754e+00  6.51266169e-07  3.30007623e+00 
 6.51316169e-07  1.19995769e+00  6.51316169e-07  3.29992473e+00 
 6.51366169e-07  1.20003724e+00  6.51366169e-07  3.30006949e+00 
 6.51416169e-07  1.19996695e+00  6.51416169e-07  3.29993212e+00 
 6.51466169e-07  1.20002898e+00  6.51466169e-07  3.30006362e+00 
 6.51516169e-07  1.19997431e+00  6.51516169e-07  3.29993816e+00 
 6.51566169e-07  1.20002246e+00  6.51566169e-07  3.30005852e+00 
 6.51616169e-07  1.19998010e+00  6.51616169e-07  3.29994322e+00 
 6.51666169e-07  1.20001736e+00  6.51666169e-07  3.30005408e+00 
 6.51716169e-07  1.19998459e+00  6.51716169e-07  3.29994754e+00 
 6.51766169e-07  1.20001342e+00  6.51766169e-07  3.30005019e+00 
 6.51816169e-07  1.19998806e+00  6.51816169e-07  3.29995129e+00 
 6.51866169e-07  1.20001039e+00  6.51866169e-07  3.30004676e+00 
 6.51916169e-07  1.19999071e+00  6.51916169e-07  3.29995458e+00 
 6.51966169e-07  1.20000808e+00  6.51966169e-07  3.30004371e+00 
 6.52016169e-07  1.19999273e+00  6.52016169e-07  3.29995750e+00 
 6.52066169e-07  1.20000632e+00  6.52066169e-07  3.30004099e+00 
 6.52116169e-07  1.19999426e+00  6.52116169e-07  3.29996011e+00 
 6.52166169e-07  1.20000500e+00  6.52166169e-07  3.30003854e+00 
 6.52216169e-07  1.19999540e+00  6.52216169e-07  3.29996245e+00 
 6.52266169e-07  1.20000401e+00  6.52266169e-07  3.30003633e+00 
 6.52316169e-07  1.19999626e+00  6.52316169e-07  3.29996458e+00 
 6.52366169e-07  1.20000328e+00  6.52366169e-07  3.30003432e+00 
 6.52416169e-07  1.19999690e+00  6.52416169e-07  3.29996651e+00 
 6.52466169e-07  1.20000273e+00  6.52466169e-07  3.30003249e+00 
 6.52516169e-07  1.19999737e+00  6.52516169e-07  3.29996827e+00 
 6.52566169e-07  1.20000233e+00  6.52566169e-07  3.30003081e+00 
 6.52616169e-07  1.19999772e+00  6.52616169e-07  3.29996990e+00 
 6.52666169e-07  1.20000203e+00  6.52666169e-07  3.30002926e+00 
 6.52716169e-07  1.19999797e+00  6.52716169e-07  3.29997139e+00 
 6.52766169e-07  1.20000182e+00  6.52766169e-07  3.30002782e+00 
 6.52816169e-07  1.19999815e+00  6.52816169e-07  3.29997278e+00 
 6.52866169e-07  1.20000166e+00  6.52866169e-07  3.30002649e+00 
 6.52916169e-07  1.19999829e+00  6.52916169e-07  3.29997407e+00 
 6.52966169e-07  1.20000155e+00  6.52966169e-07  3.30002525e+00 
 6.53016169e-07  1.19999838e+00  6.53016169e-07  3.29997528e+00 
 6.53066169e-07  1.20000148e+00  6.53066169e-07  3.30002409e+00 
 6.53116169e-07  1.19999845e+00  6.53116169e-07  3.29997641e+00 
 6.53166169e-07  1.20000142e+00  6.53166169e-07  3.30002300e+00 
 6.53216169e-07  1.19999849e+00  6.53216169e-07  3.29997747e+00 
 6.53266169e-07  1.20000138e+00  6.53266169e-07  3.30002197e+00 
 6.53316169e-07  1.19999853e+00  6.53316169e-07  3.29997847e+00 
 6.53366169e-07  1.20000135e+00  6.53366169e-07  3.30002100e+00 
 6.53416169e-07  1.19999855e+00  6.53416169e-07  3.29997942e+00 
 6.53466169e-07  1.20000134e+00  6.53466169e-07  3.30002007e+00 
 6.53516169e-07  1.19999857e+00  6.53516169e-07  3.29998033e+00 
 6.53566169e-07  1.20000132e+00  6.53566169e-07  3.30001919e+00 
 6.53616169e-07  1.19999858e+00  6.53616169e-07  3.29998119e+00 
 6.53666169e-07  1.20000131e+00  6.53666169e-07  3.30001835e+00 
 6.53716169e-07  1.19999859e+00  6.53716169e-07  3.29998201e+00 
 6.53766169e-07  1.20000130e+00  6.53766169e-07  3.30001755e+00 
 6.53816169e-07  1.19999860e+00  6.53816169e-07  3.29998280e+00 
 6.53866169e-07  1.20000130e+00  6.53866169e-07  3.30001678e+00 
 6.53916169e-07  1.19999860e+00  6.53916169e-07  3.29998356e+00 
 6.53966169e-07  1.20000129e+00  6.53966169e-07  3.30001604e+00 
 6.54016169e-07  1.19999861e+00  6.54016169e-07  3.29998429e+00 
 6.54066169e-07  1.20000129e+00  6.54066169e-07  3.30001532e+00 
 6.54116169e-07  1.19999861e+00  6.54116169e-07  3.29998499e+00 
 6.54166169e-07  1.20000128e+00  6.54166169e-07  3.30001463e+00 
 6.54216169e-07  1.19999862e+00  6.54216169e-07  3.29998567e+00 
 6.54266169e-07  1.20000128e+00  6.54266169e-07  3.30001397e+00 
 6.54316169e-07  1.19999863e+00  6.54316169e-07  3.29998633e+00 
 6.54366169e-07  1.20000127e+00  6.54366169e-07  3.30001332e+00 
 6.54416169e-07  1.19999863e+00  6.54416169e-07  3.29998697e+00 
 6.54466169e-07  1.20000126e+00  6.54466169e-07  3.30001269e+00 
 6.54516169e-07  1.19999864e+00  6.54516169e-07  3.29998759e+00 
 6.54566169e-07  1.20000126e+00  6.54566169e-07  3.30001208e+00 
 6.54616169e-07  1.19999865e+00  6.54616169e-07  3.29998819e+00 
 6.54666169e-07  1.20000125e+00  6.54666169e-07  3.30001149e+00 
 6.54716169e-07  1.19999866e+00  6.54716169e-07  3.29998878e+00 
 6.54766169e-07  1.20000124e+00  6.54766169e-07  3.30001091e+00 
 6.54816169e-07  1.19999866e+00  6.54816169e-07  3.29998935e+00 
 6.54866169e-07  1.20000123e+00  6.54866169e-07  3.30001035e+00 
 6.54916169e-07  1.19999867e+00  6.54916169e-07  3.29998990e+00 
 6.54966169e-07  1.20000122e+00  6.54966169e-07  3.30000980e+00 
 6.55016169e-07  1.19999868e+00  6.55016169e-07  3.29999045e+00 
 6.55066169e-07  1.20000122e+00  6.55066169e-07  3.30000927e+00 
 6.55116169e-07  1.19999869e+00  6.55116169e-07  3.29999098e+00 
 6.55166169e-07  1.20000121e+00  6.55166169e-07  3.30000874e+00 
 6.55216169e-07  1.19999870e+00  6.55216169e-07  3.29999149e+00 
 6.55266169e-07  1.20000120e+00  6.55266169e-07  3.30000823e+00 
 6.55316169e-07  1.19999871e+00  6.55316169e-07  3.29999200e+00 
 6.55366169e-07  1.20000119e+00  6.55366169e-07  3.30000774e+00 
 6.55416169e-07  1.19999872e+00  6.55416169e-07  3.29999249e+00 
 6.55466169e-07  1.20000118e+00  6.55466169e-07  3.30000725e+00 
 6.55516169e-07  1.19999873e+00  6.55516169e-07  3.29999297e+00 
 6.55566169e-07  1.20000117e+00  6.55566169e-07  3.30000677e+00 
 6.55616169e-07  1.19999874e+00  6.55616169e-07  3.29999344e+00 
 6.55666169e-07  1.20000116e+00  6.55666169e-07  3.30000631e+00 
 6.55716169e-07  1.19999875e+00  6.55716169e-07  3.29999390e+00 
 6.55766169e-07  1.20000115e+00  6.55766169e-07  3.30000586e+00 
 6.55816169e-07  1.19999876e+00  6.55816169e-07  3.29999435e+00 
 6.55866169e-07  1.20000114e+00  6.55866169e-07  3.30000541e+00 
 6.55916169e-07  1.19999877e+00  6.55916169e-07  3.29999479e+00 
 6.55966169e-07  1.20000113e+00  6.55966169e-07  3.30000498e+00 
 6.56016169e-07  1.19999878e+00  6.56016169e-07  3.29999522e+00 
 6.56066169e-07  1.20000112e+00  6.56066169e-07  3.30000455e+00 
 6.56116169e-07  1.19999879e+00  6.56116169e-07  3.29999564e+00 
 6.56166169e-07  1.20000111e+00  6.56166169e-07  3.30000414e+00 
 6.56216169e-07  1.19999880e+00  6.56216169e-07  3.29999605e+00 
 6.56266169e-07  1.20000110e+00  6.56266169e-07  3.30000373e+00 
 6.56316169e-07  1.19999881e+00  6.56316169e-07  3.29999645e+00 
 6.56366169e-07  1.20000109e+00  6.56366169e-07  3.30000334e+00 
 6.56416169e-07  1.19999882e+00  6.56416169e-07  3.29999684e+00 
 6.56466169e-07  1.20000108e+00  6.56466169e-07  3.30000295e+00 
 6.56516169e-07  1.19999883e+00  6.56516169e-07  3.29999722e+00 
 6.56566169e-07  1.20000107e+00  6.56566169e-07  3.30000257e+00 
 6.56616169e-07  1.19999884e+00  6.56616169e-07  3.29999760e+00 
 6.56666169e-07  1.20000106e+00  6.56666169e-07  3.30000220e+00 
 6.56716169e-07  1.19999885e+00  6.56716169e-07  3.29999796e+00 
 6.56766169e-07  1.20000105e+00  6.56766169e-07  3.30000184e+00 
 6.56816169e-07  1.19999886e+00  6.56816169e-07  3.29999832e+00 
 6.56866169e-07  1.20000104e+00  6.56866169e-07  3.30000149e+00 
 6.56916169e-07  1.19999887e+00  6.56916169e-07  3.29999867e+00 
 6.56966169e-07  1.20000103e+00  6.56966169e-07  3.30000114e+00 
 6.57016169e-07  1.19999888e+00  6.57016169e-07  3.29999901e+00 
 6.57066169e-07  1.20000102e+00  6.57066169e-07  3.30000081e+00 
 6.57116169e-07  1.19999889e+00  6.57116169e-07  3.29999934e+00 
 6.57166169e-07  1.20000101e+00  6.57166169e-07  3.30000048e+00 
 6.57216169e-07  1.19999890e+00  6.57216169e-07  3.29999967e+00 
 6.57266169e-07  1.20000100e+00  6.57266169e-07  3.30000016e+00 
 6.57316169e-07  1.19999891e+00  6.57316169e-07  3.29999999e+00 
 6.57366169e-07  1.20000099e+00  6.57366169e-07  3.29999984e+00 
 6.57416169e-07  1.19999892e+00  6.57416169e-07  3.30000030e+00 
 6.57466169e-07  1.20000098e+00  6.57466169e-07  3.29999954e+00 
 6.57516169e-07  1.19999893e+00  6.57516169e-07  3.30000060e+00 
 6.57566169e-07  1.20000097e+00  6.57566169e-07  3.29999924e+00 
 6.57616169e-07  1.19999894e+00  6.57616169e-07  3.30000089e+00 
 6.57666169e-07  1.20000096e+00  6.57666169e-07  3.29999895e+00 
 6.57716169e-07  1.19999895e+00  6.57716169e-07  3.30000118e+00 
 6.57766169e-07  1.20000095e+00  6.57766169e-07  3.29999867e+00 
 6.57816169e-07  1.19999896e+00  6.57816169e-07  3.30000146e+00 
 6.57866169e-07  1.20000094e+00  6.57866169e-07  3.29999839e+00 
 6.57916169e-07  1.19999896e+00  6.57916169e-07  3.30000173e+00 
 6.57966169e-07  1.20000094e+00  6.57966169e-07  3.29999812e+00 
 6.58016169e-07  1.19999897e+00  6.58016169e-07  3.30000200e+00 
 6.58066169e-07  1.20000093e+00  6.58066169e-07  3.29999786e+00 
 6.58116169e-07  1.19999898e+00  6.58116169e-07  3.30000225e+00 
 6.58166169e-07  1.20000092e+00  6.58166169e-07  3.29999761e+00 
 6.58216169e-07  1.19999899e+00  6.58216169e-07  3.30000251e+00 
 6.58266169e-07  1.20000091e+00  6.58266169e-07  3.29999736e+00 
 6.58316169e-07  1.19999900e+00  6.58316169e-07  3.30000275e+00 
 6.58366169e-07  1.20000090e+00  6.58366169e-07  3.29999712e+00 
 6.58416169e-07  1.19999901e+00  6.58416169e-07  3.30000299e+00 
 6.58466169e-07  1.20000089e+00  6.58466169e-07  3.29999688e+00 
 6.58516169e-07  1.19999902e+00  6.58516169e-07  3.30000322e+00 
 6.58566169e-07  1.20000088e+00  6.58566169e-07  3.29999665e+00 
 6.58616169e-07  1.19999902e+00  6.58616169e-07  3.30000345e+00 
 6.58666169e-07  1.20000088e+00  6.58666169e-07  3.29999643e+00 
 6.58716169e-07  1.19999903e+00  6.58716169e-07  3.30000367e+00 
 6.58766169e-07  1.20000087e+00  6.58766169e-07  3.29999621e+00 
 6.58816169e-07  1.19999904e+00  6.58816169e-07  3.30000388e+00 
 6.58866169e-07  1.20000086e+00  6.58866169e-07  3.29999600e+00 
 6.58916169e-07  1.19999905e+00  6.58916169e-07  3.30000409e+00 
 6.58966169e-07  1.20000085e+00  6.58966169e-07  3.29999580e+00 
 6.59016169e-07  1.19999906e+00  6.59016169e-07  3.30000429e+00 
 6.59066169e-07  1.20000084e+00  6.59066169e-07  3.29999560e+00 
 6.59116169e-07  1.19999906e+00  6.59116169e-07  3.30000449e+00 
 6.59166169e-07  1.20000084e+00  6.59166169e-07  3.29999541e+00 
 6.59216169e-07  1.19999907e+00  6.59216169e-07  3.30000468e+00 
 6.59266169e-07  1.20000083e+00  6.59266169e-07  3.29999522e+00 
 6.59316169e-07  1.19999908e+00  6.59316169e-07  3.30000486e+00 
 6.59366169e-07  1.20000082e+00  6.59366169e-07  3.29999504e+00 
 6.59416169e-07  1.19999909e+00  6.59416169e-07  3.30000504e+00 
 6.59466169e-07  1.20000081e+00  6.59466169e-07  3.29999486e+00 
 6.59516169e-07  1.19999910e+00  6.59516169e-07  3.30000521e+00 
 6.59566169e-07  1.20000081e+00  6.59566169e-07  3.29999469e+00 
 6.59616169e-07  1.19999910e+00  6.59616169e-07  3.30000538e+00 
 6.59666169e-07  1.20000080e+00  6.59666169e-07  3.29999453e+00 
 6.59716169e-07  1.19999911e+00  6.59716169e-07  3.30000554e+00 
 6.59766169e-07  1.20000079e+00  6.59766169e-07  3.29999436e+00 
 6.59816169e-07  1.19999912e+00  6.59816169e-07  3.30000570e+00 
 6.59866169e-07  1.20000078e+00  6.59866169e-07  3.29999421e+00 
 6.59916169e-07  1.19999912e+00  6.59916169e-07  3.30000586e+00 
 6.59958084e-07  1.20000078e+00  6.59958084e-07  3.29999404e+00 
 6.60000000e-07  1.19999913e+00  6.60000000e-07  3.30000603e+00 
