 5.00000000e-13  6.45063235e-01  5.00000000e-13  1.68507845e+00  5.00000000e-13  6.67197721e-01  5.00000000e-13  2.10103692e+00 
 5.26898882e-13  6.45722227e-01  5.26898882e-13  1.65790053e+00  5.26898882e-13  6.68771429e-01  5.26898882e-13  2.09759730e+00 
 5.80696647e-13  6.48229955e-01  5.80696647e-13  1.61237537e+00  5.80696647e-13  6.71974066e-01  5.80696647e-13  2.09104566e+00 
 6.88292175e-13  6.52234583e-01  6.88292175e-13  1.59295377e+00  6.88292175e-13  6.75277434e-01  6.88292175e-13  2.10487711e+00 
 9.03483233e-13  6.55961457e-01  9.03483233e-13  1.70362153e+00  9.03483233e-13  6.75454433e-01  9.03483233e-13  2.19012379e+00 
 1.24652921e-12  6.60845949e-01  1.24652921e-12  1.90695161e+00  1.24652921e-12  6.72263608e-01  1.24652921e-12  2.28540510e+00 
 1.71324630e-12  6.66125797e-01  1.71324630e-12  2.03896961e+00  1.71324630e-12  6.67059775e-01  1.71324630e-12  2.29403505e+00 
 2.48975874e-12  6.72449327e-01  2.48975874e-12  2.08674015e+00  2.48975874e-12  6.57915004e-01  2.48975874e-12  2.22219708e+00 
 3.86432765e-12  6.74245137e-01  3.86432765e-12  2.07569363e+00  3.86432765e-12  6.39775568e-01  3.86432765e-12  2.06648860e+00 
 6.61346546e-12  6.47651797e-01  6.61346546e-12  1.92921034e+00  6.61346546e-12  6.02086148e-01  6.61346546e-12  1.71016393e+00 
 1.12716316e-11  5.26052931e-01  1.12716316e-11  1.55072024e+00  1.12716316e-11  5.50596463e-01  1.12716316e-11  1.15063902e+00 
 1.82562120e-11  2.50623394e-01  1.82562120e-11  9.51120291e-01  1.82562120e-11  5.42708541e-01  1.82562120e-11  5.91856144e-01 
 2.99764677e-11  1.25191594e-02  2.99764677e-11  2.93218448e-01  2.99764677e-11  7.62309222e-01  2.99764677e-11  2.90689555e-01 
 5.00000000e-11  7.07492430e-03  5.00000000e-11  3.13715323e-02  5.00000000e-11  1.14088894e+00  5.00000000e-11  8.68098223e-01 
 5.23440512e-11  4.89381197e-03  5.23440512e-11  3.58237033e-02  5.23440512e-11  1.15515102e+00  5.23440512e-11  1.02222125e+00 
 5.70321535e-11  2.87110965e-03  5.70321535e-11  3.82812116e-02  5.70321535e-11  1.17669651e+00  5.70321535e-11  1.36269269e+00 
 6.64083581e-11  2.03464771e-03  6.64083581e-11  3.06006337e-02  6.64083581e-11  1.19467388e+00  6.64083581e-11  2.11812524e+00 
 8.51607673e-11  5.65263132e-04  8.51607673e-11  1.53965157e-02  8.51607673e-11  1.20060626e+00  8.51607673e-11  2.93645468e+00 
 1.13488221e-10  2.56481522e-04  1.13488221e-10  4.07550506e-03  1.13488221e-10  1.19973891e+00  1.13488221e-10  3.20734910e+00 
 1.51370625e-10 -6.99383799e-05  1.51370625e-10  1.83001539e-03  1.51370625e-10  1.20010179e+00  1.51370625e-10  3.26702111e+00 
 2.00000000e-10  4.12649078e-04  2.00000000e-10  2.09179591e-03  2.00000000e-10  1.19997239e+00  2.00000000e-10  3.30355979e+00 
 2.05000000e-10  3.26599612e-05  2.05000000e-10  2.58487360e-03  2.05000000e-10  1.19991900e+00  2.05000000e-10  3.30128426e+00 
 2.15000000e-10 -5.14211304e-04  2.15000000e-10  2.73142699e-03  2.15000000e-10  1.19988286e+00  2.15000000e-10  3.29965807e+00 
 2.35000000e-10 -5.96248230e-05  2.35000000e-10 -3.22698147e-04  2.35000000e-10  1.20007872e+00  2.35000000e-10  3.29918123e+00 
 2.67927618e-10  1.55873390e-04  2.67927618e-10 -2.20340108e-03  2.67927618e-10  1.19999304e+00  2.67927618e-10  3.29954404e+00 
 3.02492455e-10 -1.04377383e-04  3.02492455e-10  7.39027289e-04  3.02492455e-10  1.19997497e+00  3.02492455e-10  3.30031393e+00 
 3.52492455e-10  8.31134451e-05  3.52492455e-10  4.13512474e-04  3.52492455e-10  1.20002943e+00  3.52492455e-10  3.29994745e+00 
 4.02492455e-10 -6.59073157e-05  4.02492455e-10  3.91071075e-04  4.02492455e-10  1.19997119e+00  4.02492455e-10  3.30003621e+00 
 4.52492455e-10  5.37289816e-05  4.52492455e-10 -8.53830702e-05  4.52492455e-10  1.20002578e+00  4.52492455e-10  3.29989727e+00 
 5.02492455e-10 -4.41837561e-05  5.02492455e-10  1.99973376e-04  5.02492455e-10  1.19997768e+00  5.02492455e-10  3.30008293e+00 
 5.52492455e-10  3.71703645e-05  5.52492455e-10 -1.38522404e-04  5.52492455e-10  1.20001876e+00  5.52492455e-10  3.29990736e+00 
 6.02492455e-10 -3.14154399e-05  6.02492455e-10  1.47021220e-04  6.02492455e-10  1.19998422e+00  6.02492455e-10  3.30008785e+00 
 6.52492455e-10  2.70724761e-05  6.52492455e-10 -1.26793783e-04  6.52492455e-10  1.20001307e+00  6.52492455e-10  3.29991242e+00 
 7.02492455e-10 -2.33010528e-05  7.02492455e-10  1.21161985e-04  7.02492455e-10  1.19998901e+00  7.02492455e-10  3.30008491e+00 
 7.52492455e-10  2.04215246e-05  7.52492455e-10 -1.09893852e-04  7.52492455e-10  1.20000912e+00  7.52492455e-10  3.29991704e+00 
 8.02492455e-10 -1.77770911e-05  8.02492455e-10  1.03357260e-04  8.02492455e-10  1.19999224e+00  8.02492455e-10  3.30008053e+00 
 8.52492455e-10  1.57681784e-05  8.52492455e-10 -9.54971308e-05  8.52492455e-10  1.20000647e+00  8.52492455e-10  3.29992173e+00 
 9.02492455e-10 -1.38199273e-05  9.02492455e-10  8.99211406e-05  9.02492455e-10  1.19999441e+00  9.02492455e-10  3.30007590e+00 
 9.52492455e-10  1.23702829e-05  9.52492455e-10 -8.40480140e-05  9.52492455e-10  1.20000469e+00  9.52492455e-10  3.29992637e+00 
 1.00249245e-09 -1.08834582e-05  1.00249245e-09  7.95429768e-05  1.00249245e-09  1.19999588e+00  1.00249245e-09  3.30007133e+00 
 1.05249245e-09  9.81577386e-06  1.05249245e-09 -7.50309126e-05  1.05249245e-09  1.20000347e+00  1.05249245e-09  3.29993087e+00 
 1.10249245e-09 -8.65156573e-06  1.10249245e-09  7.14240684e-05  1.10249245e-09  1.19999690e+00  1.10249245e-09  3.30006694e+00 
 1.15249245e-09  7.85680514e-06  1.15249245e-09 -6.78891744e-05  1.15249245e-09  1.20000262e+00  1.15249245e-09  3.29993516e+00 
 1.20249245e-09 -6.92702872e-06  1.20249245e-09  6.49850039e-05  1.20249245e-09  1.19999762e+00  1.20249245e-09  3.30006277e+00 
 1.25249245e-09  6.33367547e-06  1.25249245e-09 -6.21621795e-05  1.25249245e-09  1.20000200e+00  1.25249245e-09  3.29993921e+00 
 1.30249245e-09 -5.57897328e-06  1.30249245e-09  5.97934704e-05  1.30249245e-09  1.19999815e+00  1.30249245e-09  3.30005884e+00 
 1.35249245e-09  5.13754539e-06  1.35249245e-09 -5.74900402e-05  1.35249245e-09  1.20000155e+00  1.35249245e-09  3.29994302e+00 
 1.40249245e-09 -4.51602352e-06  1.40249245e-09  5.55249044e-05  1.40249245e-09  1.19999853e+00  1.40249245e-09  3.30005515e+00 
 1.45249245e-09  4.19130356e-06  1.45249245e-09 -5.36108853e-05  1.45249245e-09  1.20000121e+00  1.45249245e-09  3.29994660e+00 
 1.50249245e-09 -3.67283372e-06  1.50249245e-09  5.19489292e-05  1.50249245e-09  1.19999882e+00  1.50249245e-09  3.30005169e+00 
 1.55249245e-09  3.43884133e-06  1.55249245e-09 -5.03186463e-05  1.55249245e-09  1.20000096e+00  1.55249245e-09  3.29994995e+00 
 1.60249245e-09 -3.00067121e-06  1.60249245e-09  4.88834873e-05  1.60249245e-09  1.19999905e+00  1.60249245e-09  3.30004845e+00 
 1.65249245e-09  2.83769967e-06  1.65249245e-09 -4.74663378e-05  1.65249245e-09  1.20000077e+00  1.65249245e-09  3.29995308e+00 
 1.70249245e-09 -2.46262638e-06  1.70249245e-09  4.62023573e-05  1.70249245e-09  1.19999921e+00  1.70249245e-09  3.30004542e+00 
 1.75249245e-09  2.35548612e-06  1.75249245e-09 -4.49418338e-05  1.75249245e-09  1.20000062e+00  1.75249245e-09  3.29995601e+00 
 1.80249245e-09 -2.03004281e-06  1.80249245e-09  4.38074987e-05  1.80249245e-09  1.19999935e+00  1.80249245e-09  3.30004258e+00 
 1.85249245e-09  1.96706393e-06  1.85249245e-09 -4.26704149e-05  1.85249245e-09  1.20000050e+00  1.85249245e-09  3.29995876e+00 
 1.90249245e-09 -1.68113116e-06  1.90249245e-09  4.16391195e-05  1.90249245e-09  1.19999945e+00  1.90249245e-09  3.30003993e+00 
 1.95249245e-09  1.65335448e-06  1.95249245e-09 -4.05964003e-05  1.95249245e-09  1.20000041e+00  1.95249245e-09  3.29996133e+00 
 2.00249245e-09 -1.39883570e-06  2.00249245e-09  3.96400298e-05  2.00249245e-09  1.19999953e+00  2.00249245e-09  3.30003743e+00 
 2.05249245e-09  1.39902463e-06  2.05249245e-09 -3.86701124e-05  2.05249245e-09  1.20000034e+00  2.05249245e-09  3.29996374e+00 
 2.10249245e-09 -1.16952947e-06  2.10249245e-09  3.77772510e-05  2.10249245e-09  1.19999959e+00  2.10249245e-09  3.30003510e+00 
 2.15249245e-09  1.19208737e-06  2.15249245e-09 -3.68674753e-05  2.15249245e-09  1.20000028e+00  2.15249245e-09  3.29996601e+00 
 2.20249245e-09 -9.82652542e-07  2.20249245e-09  3.60262938e-05  2.20249245e-09  1.19999965e+00  2.20249245e-09  3.30003290e+00 
 2.25249245e-09  1.02311837e-06  2.25249245e-09 -3.51653963e-05  2.25249245e-09  1.20000024e+00  2.25249245e-09  3.29996814e+00 
 2.30249245e-09 -8.29721122e-07  2.30249245e-09  3.43673451e-05  2.30249245e-09  1.19999969e+00  2.30249245e-09  3.30003083e+00 
 2.35249245e-09  8.84527565e-07  2.35249245e-09 -3.35482255e-05  2.35249245e-09  1.20000020e+00  2.35249245e-09  3.29997014e+00 
 2.40249245e-09 -7.04004995e-07  2.40249245e-09  3.27874578e-05  2.40249245e-09  1.19999972e+00  2.40249245e-09  3.30002889e+00 
 2.45249245e-09  7.70369931e-07  2.45249245e-09 -3.20049868e-05  2.45249245e-09  1.20000017e+00  2.45249245e-09  3.29997202e+00 
 2.50249245e-09 -6.00262694e-07  2.50249245e-09  3.12772316e-05  2.50249245e-09  1.19999975e+00  2.50249245e-09  3.30002706e+00 
 2.55249245e-09  6.75968050e-07  2.55249245e-09 -3.05270240e-05  2.55249245e-09  1.20000014e+00  2.55249245e-09  3.29997380e+00 
 2.60249245e-09 -5.14264952e-07  2.60249245e-09  2.98289825e-05  2.60249245e-09  1.19999977e+00  2.60249245e-09  3.30002534e+00 
 2.65249245e-09  5.97512678e-07  2.65249245e-09 -2.91081244e-05  2.65249245e-09  1.20000012e+00  2.65249245e-09  3.29997548e+00 
 2.70249245e-09 -4.42605834e-07  2.70249245e-09  2.84374453e-05  2.70249245e-09  1.19999979e+00  2.70249245e-09  3.30002371e+00 
 2.75249245e-09  5.31961729e-07  2.75249245e-09 -2.77437286e-05  2.75249245e-09  1.20000010e+00  2.75249245e-09  3.29997706e+00 
 2.80249245e-09 -3.82567656e-07  2.80249245e-09  2.70986268e-05  2.80249245e-09  1.19999981e+00  2.80249245e-09  3.30002217e+00 
 2.85249245e-09  4.76885380e-07  2.85249245e-09 -2.64303482e-05  2.85249245e-09  1.20000009e+00  2.85249245e-09  3.29997855e+00 
 2.90249245e-09 -3.31976822e-07  2.90249245e-09  2.58094317e-05  2.90249245e-09  1.19999982e+00  2.90249245e-09  3.30002072e+00 
 2.95249245e-09  4.30337832e-07  2.95249245e-09 -2.51652416e-05  2.95249245e-09  1.20000008e+00  2.95249245e-09  3.29997996e+00 
 3.00249245e-09 -2.89090729e-07  3.00249245e-09  2.45673884e-05  3.00249245e-09  1.19999983e+00  3.00249245e-09  3.30001935e+00 
 3.05249245e-09  3.90757478e-07  3.05249245e-09 -2.39461811e-05  3.05249245e-09  1.20000006e+00  3.05249245e-09  3.29998129e+00 
 3.10249245e-09 -2.52509501e-07  3.10249245e-09  2.33704520e-05  3.10249245e-09  1.19999984e+00  3.10249245e-09  3.30001806e+00 
 3.15249245e-09  3.56888646e-07  3.15249245e-09 -2.27712883e-05  3.15249245e-09  1.20000005e+00  3.15249245e-09  3.29998255e+00 
 3.20249245e-09 -2.21106406e-07  3.20249245e-09  2.22168667e-05  3.20249245e-09  1.19999985e+00  3.20249245e-09  3.30001683e+00 
 3.25249245e-09  3.27719686e-07  3.25249245e-09 -2.16389200e-05  3.25249245e-09  1.20000005e+00  3.25249245e-09  3.29998374e+00 
 3.30249245e-09 -1.93972795e-07  3.30249245e-09  2.11050708e-05  3.30249245e-09  1.19999986e+00  3.30249245e-09  3.30001567e+00 
 3.35249245e-09  3.02433927e-07  3.35249245e-09 -2.05475907e-05  3.35249245e-09  1.20000004e+00  3.35249245e-09  3.29998487e+00 
 3.40249245e-09 -1.70370744e-07  3.40249245e-09  2.00332917e-05  3.40249245e-09  1.19999987e+00  3.40249245e-09  3.30001458e+00 
 3.45249245e-09  2.80360860e-07  3.45249245e-09 -1.94953614e-05  3.45249245e-09  1.20000003e+00  3.45249245e-09  3.29998593e+00 
 3.50249245e-09 -1.49702935e-07  3.50249245e-09  1.90009144e-05  3.50249245e-09  1.19999987e+00  3.50249245e-09  3.30001354e+00 
 3.55249245e-09  2.60979755e-07  3.55249245e-09 -1.84823447e-05  3.55249245e-09  1.20000003e+00  3.55249245e-09  3.29998694e+00 
 3.60249245e-09 -1.31505148e-07  3.60249245e-09  1.80066608e-05  3.60249245e-09  1.19999988e+00  3.60249245e-09  3.30001256e+00 
 3.65249245e-09  2.43864693e-07  3.65249245e-09 -1.75067063e-05  3.65249245e-09  1.20000002e+00  3.65249245e-09  3.29998790e+00 
 3.70249245e-09 -1.15380878e-07  3.70249245e-09  1.70484863e-05  3.70249245e-09  1.19999989e+00  3.70249245e-09  3.30001163e+00 
 3.75249245e-09  2.28643491e-07  3.75249245e-09 -1.65661385e-05  3.75249245e-09  1.20000002e+00  3.75249245e-09  3.29998880e+00 
 3.80249245e-09 -1.00993422e-07  3.80249245e-09  1.61254305e-05  3.80249245e-09  1.19999989e+00  3.80249245e-09  3.30001075e+00 
 3.85249245e-09  2.15023111e-07  3.85249245e-09 -1.56603391e-05  3.85249245e-09  1.20000001e+00  3.85249245e-09  3.29998966e+00 
 3.90249245e-09 -8.80839934e-08  3.90249245e-09  1.52364974e-05  3.90249245e-09  1.19999989e+00  3.90249245e-09  3.30000992e+00 
 3.95249245e-09  2.02769330e-07  3.95249245e-09 -1.47880632e-05  3.95249245e-09  1.20000001e+00  3.95249245e-09  3.29999047e+00 
 4.00249245e-09 -7.64394233e-08  4.00249245e-09  1.43804974e-05  4.00249245e-09  1.19999990e+00  4.00249245e-09  3.30000913e+00 
 4.05249245e-09  1.91687944e-07  4.05249245e-09 -1.39481349e-05  4.05249245e-09  1.20000000e+00  4.05249245e-09  3.29999124e+00 
 4.10249245e-09 -6.58828376e-08  4.10249245e-09  1.35562778e-05  4.10249245e-09  1.19999990e+00  4.10249245e-09  3.30000838e+00 
 4.15249245e-09  1.81617844e-07  4.15249245e-09 -1.31394163e-05  4.15249245e-09  1.20000000e+00  4.15249245e-09  3.29999197e+00 
 4.20249245e-09 -5.62674786e-08  4.20249245e-09  1.27627140e-05  4.20249245e-09  1.19999990e+00  4.20249245e-09  3.30000767e+00 
 4.25249245e-09  1.72425255e-07  4.25249245e-09 -1.23607969e-05  4.25249245e-09  1.20000000e+00  4.25249245e-09  3.29999265e+00 
 4.30249245e-09 -4.74713331e-08  4.30249245e-09  1.19987079e-05  4.30249245e-09  1.19999991e+00  4.30249245e-09  3.30000700e+00 
 4.35249245e-09  1.63998771e-07  4.35249245e-09 -1.16111919e-05  4.35249245e-09  1.19999999e+00  4.35249245e-09  3.29999331e+00 
 4.40249245e-09 -3.93925876e-08  4.40249245e-09  1.12631874e-05  4.40249245e-09  1.19999991e+00  4.40249245e-09  3.30000637e+00 
 4.45249245e-09  1.56245237e-07  4.45249245e-09 -1.08895435e-05  4.45249245e-09  1.19999999e+00  4.45249245e-09  3.29999393e+00 
 4.50249245e-09 -3.19459547e-08  4.50249245e-09  1.05551077e-05  4.50249245e-09  1.19999991e+00  4.50249245e-09  3.30000576e+00 
 4.55249245e-09  1.49086461e-07  4.55249245e-09 -1.01948213e-05  4.55249245e-09  1.19999999e+00  4.55249245e-09  3.29999451e+00 
 4.60249245e-09 -2.50596529e-08  4.60249245e-09  9.87345230e-06  4.60249245e-09  1.19999992e+00  4.60249245e-09  3.30000519e+00 
 4.65249245e-09  1.42456453e-07  4.65249245e-09 -9.52602358e-06  4.65249245e-09  1.19999999e+00  4.65249245e-09  3.29999507e+00 
 4.70249245e-09 -1.86729792e-08  4.70249245e-09  9.21723371e-06  4.70249245e-09  1.19999992e+00  4.70249245e-09  3.30000466e+00 
 4.75249245e-09  1.36299308e-07  4.75249245e-09 -8.88217793e-06  4.75249245e-09  1.19999998e+00  4.75249245e-09  3.29999559e+00 
 4.80249245e-09 -1.27343650e-08  4.80249245e-09  8.58549418e-06  4.80249245e-09  1.19999992e+00  4.80249245e-09  3.30000414e+00 
 4.85249245e-09  1.30567364e-07  4.85249245e-09 -8.26234199e-06  4.85249245e-09  1.19999998e+00  4.85249245e-09  3.29999609e+00 
 4.90249245e-09 -7.19973226e-09  4.90249245e-09  7.97730623e-06  4.90249245e-09  1.19999992e+00  4.90249245e-09  3.30000366e+00 
 4.95249245e-09  1.25219810e-07  4.95249245e-09 -7.66560369e-06  4.95249245e-09  1.19999998e+00  4.95249245e-09  3.29999656e+00 
 5.00249245e-09 -2.03122530e-09  5.00249245e-09  7.39177281e-06  5.00249245e-09  1.19999992e+00  5.00249245e-09  3.30000320e+00 
 5.05249245e-09  1.20221476e-07  5.05249245e-09 -7.09108154e-06  5.05249245e-09  1.19999998e+00  5.05249245e-09  3.29999701e+00 
 5.10249245e-09  2.80384261e-09  5.10249245e-09  6.82802748e-06  5.10249245e-09  1.19999993e+00  5.10249245e-09  3.30000277e+00 
 5.15249245e-09  1.15541925e-07  5.15249245e-09 -6.53792443e-06  5.15249245e-09  1.19999998e+00  5.15249245e-09  3.29999743e+00 
 5.20249245e-09  7.33386249e-09  5.20249245e-09  6.28523414e-06  5.20249245e-09  1.19999993e+00  5.20249245e-09  3.30000235e+00 
 5.25249245e-09  1.11154645e-07  5.25249245e-09 -6.00531151e-06  5.25249245e-09  1.19999998e+00  5.25249245e-09  3.29999783e+00 
 5.30249245e-09  1.15836180e-08  5.30249245e-09  5.76258676e-06  5.30249245e-09  1.19999993e+00  5.30249245e-09  3.30000196e+00 
 5.35249245e-09  1.07036426e-07  5.35249245e-09 -5.49245179e-06  5.35249245e-09  1.19999997e+00  5.35249245e-09  3.29999821e+00 
 5.40249245e-09  1.55748648e-08  5.40249245e-09  5.25930905e-06  5.40249245e-09  1.19999993e+00  5.40249245e-09  3.30000160e+00 
 5.45249245e-09  1.03166839e-07  5.45249245e-09 -4.99858373e-06  5.45249245e-09  1.19999997e+00  5.45249245e-09  3.29999857e+00 
 5.50249245e-09  1.93268145e-08  5.50249245e-09  4.77465377e-06  5.50249245e-09  1.19999993e+00  5.50249245e-09  3.30000125e+00 
 5.55249245e-09  9.95277853e-08  5.55249245e-09 -4.52297449e-06  5.55249245e-09  1.19999997e+00  5.55249245e-09  3.29999891e+00 
 5.60249245e-09  2.28565307e-08  5.60249245e-09  4.30790218e-06  5.60249245e-09  1.19999993e+00  5.60249245e-09  3.30000092e+00 
 5.65249245e-09  9.61031804e-08  5.65249245e-09 -4.06491941e-06  5.65249245e-09  1.19999997e+00  5.65249245e-09  3.29999923e+00 
 5.70249245e-09  2.61791986e-08  5.70249245e-09  3.85836334e-06  5.70249245e-09  1.19999993e+00  5.70249245e-09  3.30000060e+00 
 5.75249245e-09  9.28786240e-08  5.75249245e-09 -3.62374119e-06  5.75249245e-09  1.19999997e+00  5.75249245e-09  3.29999954e+00 
 5.80249245e-09  2.93084864e-08  5.80249245e-09  3.42537323e-06  5.80249245e-09  1.19999994e+00  5.80249245e-09  3.30000031e+00 
 5.85249245e-09  8.98411553e-08  5.85249245e-09 -3.19878909e-06  5.85249245e-09  1.19999997e+00  5.85249245e-09  3.29999982e+00 
 5.90249245e-09  3.22566870e-08  5.90249245e-09  3.00829407e-06  5.90249245e-09  1.19999994e+00  5.90249245e-09  3.30000003e+00 
 5.95249245e-09  8.69790930e-08  5.95249245e-09 -2.78943820e-06  5.95249245e-09  1.19999997e+00  5.95249245e-09  3.30000010e+00 
 6.00249245e-09  3.50349255e-08  6.00249245e-09  2.60651348e-06  6.00249245e-09  1.19999994e+00  6.00249245e-09  3.29999976e+00 
 6.05249245e-09  8.42818196e-08  6.05249245e-09 -2.39508850e-06  6.05249245e-09  1.19999997e+00  6.05249245e-09  3.30000035e+00 
 6.10249245e-09  3.76533359e-08  6.10249245e-09  2.21944351e-06  6.10249245e-09  1.19999994e+00  6.10249245e-09  3.29999951e+00 
 6.15249245e-09  8.17396615e-08  6.15249245e-09 -2.01516408e-06  6.15249245e-09  1.19999996e+00  6.15249245e-09  3.30000060e+00 
 6.20249245e-09  4.01211585e-08  6.20249245e-09  1.84651993e-06  6.20249245e-09  1.19999994e+00  6.20249245e-09  3.29999927e+00 
 6.25249245e-09  7.93437625e-08  6.25249245e-09 -1.64911219e-06  6.25249245e-09  1.19999996e+00  6.25249245e-09  3.30000083e+00 
 6.30249245e-09  4.24468937e-08  6.30249245e-09  1.48720126e-06  6.30249245e-09  1.19999994e+00  6.30249245e-09  3.29999905e+00 
 6.35249245e-09  7.70859775e-08  6.35249245e-09 -1.29640250e-06  6.35249245e-09  1.19999996e+00  6.35249245e-09  3.30000105e+00 
 6.40249245e-09  4.46383402e-08  6.40249245e-09  1.14096805e-06  6.40249245e-09  1.19999994e+00  6.40249245e-09  3.29999884e+00 
 6.45249245e-09  7.49588142e-08  6.45249245e-09 -9.56526250e-07  6.45249245e-09  1.19999996e+00  6.45249245e-09  3.30000125e+00 
 6.50249245e-09  4.67027227e-08  6.50249245e-09  8.07321865e-07  6.50249245e-09  1.19999994e+00  6.50249245e-09  3.29999864e+00 
 6.55249245e-09  7.29553085e-08  6.55249245e-09 -6.28995256e-07  6.55249245e-09  1.19999996e+00  6.55249245e-09  3.30000145e+00 
 6.60249245e-09  4.86467333e-08  6.60249245e-09  4.85784589e-07  6.60249245e-09  1.19999994e+00  6.60249245e-09  3.29999845e+00 
 6.65249245e-09  7.10690242e-08  6.65249245e-09 -3.13341283e-07  6.65249245e-09  1.19999996e+00  6.65249245e-09  3.30000163e+00 
 6.70249245e-09  5.04765887e-08  6.70249245e-09  1.75897624e-07  6.70249245e-09  1.19999994e+00  6.70249245e-09  3.29999827e+00 
 6.75249245e-09  6.92939378e-08  6.75249245e-09 -9.11519941e-09  6.75249245e-09  1.19999996e+00  6.75249245e-09  3.30000181e+00 
 6.80249245e-09  5.21981038e-08  6.80249245e-09 -1.22778953e-07  6.80249245e-09  1.19999994e+00  6.80249245e-09  3.29999810e+00 
 6.85249245e-09  6.76244444e-08  6.85249245e-09  2.84113845e-07  6.85249245e-09  1.19999996e+00  6.85249245e-09  3.30000197e+00 
 6.90249245e-09  5.38167019e-08  6.90249245e-09 -4.10667142e-07  6.90249245e-09  1.19999994e+00  6.90249245e-09  3.29999794e+00 
 6.95249245e-09  6.60552915e-08  6.95249245e-09  5.66759146e-07  6.95249245e-09  1.19999996e+00  6.95249245e-09  3.30000212e+00 
 7.00249245e-09  5.53374715e-08  7.00249245e-09 -6.88171722e-07  7.00249245e-09  1.19999995e+00  7.00249245e-09  3.29999779e+00 
 7.05249245e-09  6.45815378e-08  7.05249245e-09  8.39217133e-07  7.05249245e-09  1.19999996e+00  7.05249245e-09  3.30000227e+00 
 7.10249245e-09  5.67652027e-08  7.10249245e-09 -9.55681004e-07  7.10249245e-09  1.19999995e+00  7.10249245e-09  3.29999765e+00 
 7.15249245e-09  6.31985472e-08  7.15249245e-09  1.10186810e-06  7.15249245e-09  1.19999996e+00  7.15249245e-09  3.30000241e+00 
 7.20249245e-09  5.81043868e-08  7.20249245e-09 -1.21356747e-06  7.20249245e-09  1.19999995e+00  7.20249245e-09  3.29999751e+00 
 7.25249245e-09  6.19019567e-08  7.25249245e-09  1.35507692e-06  7.25249245e-09  1.19999996e+00  7.25249245e-09  3.30000254e+00 
 7.30249245e-09  5.93592687e-08  7.30249245e-09 -1.46218853e-06  7.30249245e-09  1.19999995e+00  7.30249245e-09  3.29999739e+00 
 7.35249245e-09  6.06876295e-08  7.35249245e-09  1.59919366e-06  7.35249245e-09  1.19999996e+00  7.35249245e-09  3.30000266e+00 
 7.40249245e-09  6.05338805e-08  7.40249245e-09 -1.70188710e-06  7.40249245e-09  1.19999995e+00  7.40249245e-09  3.29999727e+00 
 7.45249245e-09  5.95516615e-08  7.45249245e-09  1.83455416e-06  7.45249245e-09  1.19999996e+00  7.45249245e-09  3.30000277e+00 
 7.50249245e-09  6.16319982e-08  7.50249245e-09 -1.93299215e-06  7.50249245e-09  1.19999995e+00  7.50249245e-09  3.29999716e+00 
 7.55249245e-09  5.84903575e-08  7.55249245e-09  2.06148072e-06  7.55249245e-09  1.19999996e+00  7.55249245e-09  3.30000288e+00 
 7.60249245e-09  6.26572426e-08  7.60249245e-09 -2.15581941e-06  7.60249245e-09  1.19999995e+00  7.60249245e-09  3.29999706e+00 
 7.65249245e-09  5.75002024e-08  7.65249245e-09  2.28028262e-06  7.65249245e-09  1.19999996e+00  7.65249245e-09  3.30000298e+00 
 7.70249245e-09  6.36130223e-08  7.70249245e-09 -2.37067191e-06  7.70249245e-09  1.19999995e+00  7.70249245e-09  3.29999696e+00 
 7.75249245e-09  5.65778643e-08  7.75249245e-09  2.49125672e-06  7.75249245e-09  1.19999996e+00  7.75249245e-09  3.30000308e+00 
 7.80249245e-09  6.45025980e-08  7.80249245e-09 -2.57784045e-06  7.80249245e-09  1.19999995e+00  7.80249245e-09  3.29999686e+00 
 7.85249245e-09  5.57201806e-08  7.85249245e-09  2.69468794e-06  7.85249245e-09  1.19999995e+00  7.85249245e-09  3.30000317e+00 
 7.90249245e-09  6.53290428e-08  7.90249245e-09 -2.77760424e-06  7.90249245e-09  1.19999995e+00  7.90249245e-09  3.29999678e+00 
 7.95249245e-09  5.49241349e-08  7.95249245e-09  2.89084982e-06  7.95249245e-09  1.19999995e+00  7.95249245e-09  3.30000325e+00 
 8.00249245e-09  6.60953050e-08  8.00249245e-09 -2.97023127e-06  8.00249245e-09  1.19999995e+00  8.00249245e-09  3.29999670e+00 
 8.05249245e-09  5.41868478e-08  8.05249245e-09  3.08000496e-06  8.05249245e-09  1.19999995e+00  8.05249245e-09  3.30000333e+00 
 8.10249245e-09  6.68042090e-08  8.10249245e-09 -3.15597886e-06  8.10249245e-09  1.19999995e+00  8.10249245e-09  3.29999662e+00 
 8.15249245e-09  5.35055724e-08  8.15249245e-09  3.26240552e-06  8.15249245e-09  1.19999995e+00  8.15249245e-09  3.30000340e+00 
 8.20249245e-09  6.74584184e-08  8.20249245e-09 -3.33509417e-06  8.20249245e-09  1.19999995e+00  8.20249245e-09  3.29999655e+00 
 8.25249245e-09  5.28777017e-08  8.25249245e-09  3.43829369e-06  8.25249245e-09  1.19999995e+00  8.25249245e-09  3.30000347e+00 
 8.30249245e-09  6.80604896e-08  8.30249245e-09 -3.50781449e-06  8.30249245e-09  1.19999995e+00  8.30249245e-09  3.29999648e+00 
 8.35249245e-09  5.23007332e-08  8.35249245e-09  3.60790202e-06  8.35249245e-09  1.19999995e+00  8.35249245e-09  3.30000353e+00 
 8.40249245e-09  6.86128695e-08  8.40249245e-09 -3.67436777e-06  8.40249245e-09  1.19999995e+00  8.40249245e-09  3.29999642e+00 
 8.45249245e-09  5.17722847e-08  8.45249245e-09  3.77145393e-06  8.45249245e-09  1.19999995e+00  8.45249245e-09  3.30000359e+00 
 8.50249245e-09  6.91178812e-08  8.50249245e-09 -3.83497299e-06  8.50249245e-09  1.19999995e+00  8.50249245e-09  3.29999637e+00 
 8.55249245e-09  5.12900729e-08  8.55249245e-09  3.92916406e-06  8.55249245e-09  1.19999995e+00  8.55249245e-09  3.30000365e+00 
 8.60249245e-09  6.95777685e-08  8.60249245e-09 -3.98984056e-06  8.60249245e-09  1.19999995e+00  8.60249245e-09  3.29999631e+00 
 8.65249245e-09  5.08519073e-08  8.65249245e-09  4.08123865e-06  8.65249245e-09  1.19999995e+00  8.65249245e-09  3.30000370e+00 
 8.70249245e-09  6.99946607e-08  8.70249245e-09 -4.13917263e-06  8.70249245e-09  1.19999995e+00  8.70249245e-09  3.29999626e+00 
 8.75249245e-09  5.04557023e-08  8.75249245e-09  4.22787587e-06  8.75249245e-09  1.19999995e+00  8.75249245e-09  3.30000375e+00 
 8.80249245e-09  7.03706105e-08  8.80249245e-09 -4.28316348e-06  8.80249245e-09  1.19999995e+00  8.80249245e-09  3.29999622e+00 
 8.85249245e-09  5.00994527e-08  8.85249245e-09  4.36926622e-06  8.85249245e-09  1.19999995e+00  8.85249245e-09  3.30000379e+00 
 8.90249245e-09  7.07075744e-08  8.90249245e-09 -4.42199992e-06  8.90249245e-09  1.19999995e+00  8.90249245e-09  3.29999617e+00 
 8.95249245e-09  4.97812474e-08  8.95249245e-09  4.50559279e-06  8.95249245e-09  1.19999995e+00  8.95249245e-09  3.30000383e+00 
 9.00249245e-09  7.10074202e-08  9.00249245e-09 -4.55586141e-06  9.00249245e-09  1.19999995e+00  9.00249245e-09  3.29999613e+00 
 9.05249245e-09  4.94992481e-08  9.05249245e-09  4.63703159e-06  9.05249245e-09  1.19999995e+00  9.05249245e-09  3.30000387e+00 
 9.10249245e-09  7.12719580e-08  9.10249245e-09 -4.68492057e-06  9.10249245e-09  1.19999995e+00  9.10249245e-09  3.29999610e+00 
 9.15249245e-09  4.92516816e-08  9.15249245e-09  4.76375186e-06  9.15249245e-09  1.19999995e+00  9.15249245e-09  3.30000391e+00 
 9.20249245e-09  7.15029179e-08  9.20249245e-09 -4.80934338e-06  9.20249245e-09  1.19999995e+00  9.20249245e-09  3.29999607e+00 
 9.25249245e-09  4.90368694e-08  9.25249245e-09  4.88591642e-06  9.25249245e-09  1.19999995e+00  9.25249245e-09  3.30000394e+00 
 9.30249245e-09  7.17019306e-08  9.30249245e-09 -4.92928950e-06  9.30249245e-09  1.19999995e+00  9.30249245e-09  3.29999604e+00 
 9.35249245e-09  4.88532044e-08  9.35249245e-09  5.00368179e-06  9.35249245e-09  1.19999995e+00  9.35249245e-09  3.30000397e+00 
 9.40249245e-09  7.18705852e-08  9.40249245e-09 -5.04491242e-06  9.40249245e-09  1.19999995e+00  9.40249245e-09  3.29999601e+00 
 9.45249245e-09  4.86991299e-08  9.45249245e-09  5.11719855e-06  9.45249245e-09  1.19999995e+00  9.45249245e-09  3.30000399e+00 
 9.50249245e-09  7.20104069e-08  9.50249245e-09 -5.15635989e-06  9.50249245e-09  1.19999995e+00  9.50249245e-09  3.29999598e+00 
 9.55249245e-09  4.85731479e-08  9.55249245e-09  5.22661163e-06  9.55249245e-09  1.19999995e+00  9.55249245e-09  3.30000402e+00 
 9.60249245e-09  7.21228512e-08  9.60249245e-09 -5.26377400e-06  9.60249245e-09  1.19999995e+00  9.60249245e-09  3.29999596e+00 
 9.65249245e-09  4.84738448e-08  9.65249245e-09  5.33206036e-06  9.65249245e-09  1.19999995e+00  9.65249245e-09  3.30000404e+00 
 9.70249245e-09  7.22093118e-08  9.70249245e-09 -5.36729152e-06  9.70249245e-09  1.19999995e+00  9.70249245e-09  3.29999594e+00 
 9.75249245e-09  4.83998519e-08  9.75249245e-09  5.43367898e-06  9.75249245e-09  1.19999995e+00  9.75249245e-09  3.30000406e+00 
 9.80249245e-09  7.22711269e-08  9.80249245e-09 -5.46704406e-06  9.80249245e-09  1.19999995e+00  9.80249245e-09  3.29999592e+00 
 9.85249245e-09  4.83498485e-08  9.85249245e-09  5.53159656e-06  9.85249245e-09  1.19999995e+00  9.85249245e-09  3.30000407e+00 
 9.90249245e-09  7.23095885e-08  9.90249245e-09 -5.56315835e-06  9.90249245e-09  1.19999995e+00  9.90249245e-09  3.29999591e+00 
 9.95249245e-09  4.83225798e-08  9.95249245e-09  5.62593749e-06  9.95249245e-09  1.19999995e+00  9.95249245e-09  3.30000409e+00 
 1.00000000e-08  7.23260868e-08  1.00000000e-08 -5.65813878e-06  1.00000000e-08  1.19999995e+00  1.00000000e-08  3.29999589e+00 
 1.00050000e-08 -7.51942482e-06  1.00050000e-08 -6.36575738e-05  1.00050000e-08  1.19999854e+00  1.00050000e-08  3.29998784e+00 
 1.00150000e-08  8.55703228e-06  1.00150000e-08  1.73851979e-05  1.00150000e-08  1.20000261e+00  1.00150000e-08  3.30000831e+00 
 1.00350000e-08 -7.84956181e-07  1.00350000e-08  2.45250166e-05  1.00350000e-08  1.19999843e+00  1.00350000e-08  3.30000241e+00 
 1.00750000e-08 -2.39938291e-06  1.00750000e-08 -2.01754227e-06  1.00750000e-08  1.20000040e+00  1.00750000e-08  3.29999922e+00 
 1.01250000e-08  1.68606515e-05  1.01250000e-08  1.07025760e-04  1.01250000e-08  1.20000119e+00  1.01250000e-08  3.30001057e+00 
 1.01625000e-08  1.17306952e-06  1.01625000e-08  1.24878353e-04  1.01625000e-08  1.19999789e+00  1.01625000e-08  3.30000602e+00 
 1.02000000e-08 -2.41110997e-04  1.02000000e-08 -2.68374222e-04  1.02000000e-08  1.19997951e+00  1.02000000e-08  3.29994871e+00 
 1.02050000e-08 -1.23916390e-04  1.02050000e-08 -4.33371468e-04  1.02050000e-08  1.20000935e+00  1.02050000e-08  3.29992655e+00 
 1.02150000e-08  4.86484400e-04  1.02150000e-08 -1.06556175e-03  1.02150000e-08  1.20011625e+00  1.02150000e-08  3.29983159e+00 
 1.02350000e-08  4.83422748e-05  1.02350000e-08 -1.19043145e-03  1.02350000e-08  1.19992551e+00  1.02350000e-08  3.29990719e+00 
 1.02645871e-08 -2.47623397e-04  1.02645871e-08  9.38495334e-04  1.02645871e-08  1.19999035e+00  1.02645871e-08  3.30026701e+00 
 1.02990930e-08  2.33828330e-04  1.02990930e-08  1.22312725e-03  1.02990930e-08  1.20005339e+00  1.02990930e-08  3.30010203e+00 
 1.03447948e-08 -1.94983530e-04  1.03447948e-08 -9.25402686e-04  1.03447948e-08  1.19993651e+00  1.03447948e-08  3.29975529e+00 
 1.03947948e-08  1.61132032e-04  1.03947948e-08  3.46387358e-04  1.03947948e-08  1.20006233e+00  1.03947948e-08  3.30013047e+00 
 1.04447948e-08 -1.29924383e-04  1.04447948e-08 -1.86349227e-04  1.04447948e-08  1.19994353e+00  1.04447948e-08  3.29994657e+00 
 1.04947948e-08  1.03628842e-04  1.04947948e-08  5.46950102e-05  1.04947948e-08  1.20004834e+00  1.04947948e-08  3.30002773e+00 
 1.05447948e-08 -8.10654976e-05  1.05447948e-08  6.46525744e-06  1.05447948e-08  1.19996000e+00  1.05447948e-08  3.29998963e+00 
 1.05947948e-08  6.28403358e-05  1.05947948e-08 -4.96705549e-05  1.05947948e-08  1.20003193e+00  1.05947948e-08  3.30000131e+00 
 1.06447948e-08 -4.76031573e-05  1.06447948e-08  7.74170444e-05  1.06447948e-08  1.19997504e+00  1.06447948e-08  3.30000550e+00 
 1.06947948e-08  3.56047863e-05  1.06947948e-08 -9.55488308e-05  1.06947948e-08  1.20001883e+00  1.06947948e-08  3.29998951e+00 
 1.07447948e-08 -2.56757058e-05  1.07447948e-08  1.09724022e-04  1.07447948e-08  1.19998607e+00  1.07447948e-08  3.30001461e+00 
 1.07947948e-08  1.80493308e-05  1.07947948e-08 -1.18645727e-04  1.07947948e-08  1.20000978e+00  1.07947948e-08  3.29998188e+00 
 1.08447948e-08 -1.17499893e-05  1.08447948e-08  1.26233420e-04  1.08447948e-08  1.19999336e+00  1.08447948e-08  3.30002111e+00 
 1.08947948e-08  7.06951057e-06  1.08947948e-08 -1.30782231e-04  1.08947948e-08  1.20000402e+00  1.08947948e-08  3.29997625e+00 
 1.09447948e-08 -3.18110640e-06  1.09447948e-08  1.34714625e-04  1.09447948e-08  1.19999784e+00  1.09447948e-08  3.30002598e+00 
 1.09947948e-08  4.38903967e-07  1.09947948e-08 -1.36784981e-04  1.09947948e-08  1.20000059e+00  1.09947948e-08  3.29997204e+00 
 1.10447948e-08  1.87885159e-06  1.10447948e-08  1.38517158e-04  1.10447948e-08  1.20000041e+00  1.10447948e-08  3.30002961e+00 
 1.10947948e-08 -3.36892369e-06  1.10947948e-08 -1.39055889e-04  1.10947948e-08  1.19999869e+00  1.10947948e-08  3.29996894e+00 
 1.11447948e-08  4.68096249e-06  1.11447948e-08  1.39409368e-04  1.11447948e-08  1.20000177e+00  1.11447948e-08  3.30003225e+00 
 1.11947948e-08 -5.37695361e-06  1.11947948e-08 -1.38973193e-04  1.11947948e-08  1.19999776e+00  1.11947948e-08  3.29996673e+00 
 1.12447948e-08  6.05741054e-06  1.12447948e-08  1.38451403e-04  1.12447948e-08  1.20000238e+00  1.12447948e-08  3.30003409e+00 
 1.12947948e-08 -6.26104466e-06  1.12947948e-08 -1.37395292e-04  1.12947948e-08  1.19999740e+00  1.12947948e-08  3.29996521e+00 
 1.13447948e-08  6.55512864e-06  1.13447948e-08  1.36332150e-04  1.13447948e-08  1.20000254e+00  1.13447948e-08  3.30003532e+00 
 1.13947948e-08 -6.46234574e-06  1.13947948e-08 -1.34867521e-04  1.13947948e-08  1.19999738e+00  1.13947948e-08  3.29996425e+00 
 1.14447948e-08  6.52829062e-06  1.14447948e-08  1.33463200e-04  1.14447948e-08  1.20000246e+00  1.14447948e-08  3.30003605e+00 
 1.14947948e-08 -6.26633463e-06  1.14947948e-08 -1.31779587e-04  1.14947948e-08  1.19999753e+00  1.14947948e-08  3.29996372e+00 
 1.15447948e-08  6.20551868e-06  1.15447948e-08  1.30174853e-04  1.15447948e-08  1.20000226e+00  1.15447948e-08  3.30003640e+00 
 1.15947948e-08 -5.85430620e-06  1.15947948e-08 -1.28365254e-04  1.15947948e-08  1.19999776e+00  1.15947948e-08  3.29996353e+00 
 1.16447948e-08  5.73036558e-06  1.16447948e-08  1.26650286e-04  1.16447948e-08  1.20000201e+00  1.16447948e-08  3.30003645e+00 
 1.16947948e-08 -5.33954557e-06  1.16947948e-08 -1.24782709e-04  1.16947948e-08  1.19999803e+00  1.16947948e-08  3.29996360e+00 
 1.17447948e-08  5.19156272e-06  1.17447948e-08  1.23017888e-04  1.17447948e-08  1.20000175e+00  1.17447948e-08  3.30003627e+00 
 1.17947948e-08 -4.79110293e-06  1.17947948e-08 -1.21136532e-04  1.17947948e-08  1.19999828e+00  1.17947948e-08  3.29996388e+00 
 1.18447948e-08  4.64226782e-06  1.18447948e-08  1.19360753e-04  1.18447948e-08  1.20000150e+00  1.18447948e-08  3.30003591e+00 
 1.18947948e-08 -4.24947384e-06  1.18947948e-08 -1.17493484e-04  1.18947948e-08  1.19999853e+00  1.18947948e-08  3.29996431e+00 
 1.19447948e-08  4.11280851e-06  1.19447948e-08  1.15731222e-04  1.19447948e-08  1.20000127e+00  1.19447948e-08  3.30003541e+00 
 1.19947948e-08 -3.73695267e-06  1.19947948e-08 -1.13894951e-04  1.19947948e-08  1.19999874e+00  1.19947948e-08  3.29996487e+00 
 1.20447948e-08  3.61907964e-06  1.20447948e-08  1.12161064e-04  1.20447948e-08  1.20000106e+00  1.20447948e-08  3.30003480e+00 
 1.20947948e-08 -3.26443657e-06  1.20947948e-08 -1.10365439e-04  1.20947948e-08  1.19999893e+00  1.20947948e-08  3.29996553e+00 
 1.21447948e-08  3.16804209e-06  1.21447948e-08  1.08668429e-04  1.21447948e-08  1.20000088e+00  1.21447948e-08  3.30003410e+00 
 1.21947948e-08 -2.83586346e-06  1.21947948e-08 -1.06918356e-04  1.21947948e-08  1.19999910e+00  1.21947948e-08  3.29996625e+00 
 1.22447948e-08  2.76129278e-06  1.22447948e-08  1.05262586e-04  1.22447948e-08  1.20000073e+00  1.22447948e-08  3.30003335e+00 
 1.22947948e-08 -2.45107852e-06  1.22947948e-08 -1.03559948e-04  1.22947948e-08  1.19999924e+00  1.22947948e-08  3.29996704e+00 
 1.23447948e-08  2.39735711e-06  1.23447948e-08  1.01947152e-04  1.23447948e-08  1.20000060e+00  1.23447948e-08  3.30003254e+00 
 1.23947948e-08 -2.10766270e-06  1.23947948e-08 -1.00291966e-04  1.23947948e-08  1.19999937e+00  1.23947948e-08  3.29996786e+00 
 1.24447948e-08  2.07313946e-06  1.24447948e-08  9.87222561e-05  1.24447948e-08  1.20000048e+00  1.24447948e-08  3.30003170e+00 
 1.24947948e-08 -1.80207883e-06  1.24947948e-08 -9.71134480e-05  1.24947948e-08  1.19999947e+00  1.24947948e-08  3.29996872e+00 
 1.25447948e-08  1.78482237e-06  1.25447948e-08  9.55859887e-05  1.25447948e-08  1.20000039e+00  1.25447948e-08  3.30003083e+00 
 1.25947948e-08 -1.53037265e-06  1.25947948e-08 -9.40219041e-05  1.25947948e-08  1.19999956e+00  1.25947948e-08  3.29996960e+00 
 1.26447948e-08  1.52840749e-06  1.26447948e-08  9.25353529e-05  1.26447948e-08  1.20000030e+00  1.26447948e-08  3.30002995e+00 
 1.26947948e-08 -1.28858612e-06  1.26947948e-08 -9.10140810e-05  1.26947948e-08  1.19999964e+00  1.26947948e-08  3.29997049e+00 
 1.27447948e-08  1.30002618e-06  1.27447948e-08  8.95668715e-05  1.27447948e-08  1.20000023e+00  1.27447948e-08  3.30002905e+00 
 1.27947948e-08 -1.07298681e-06  1.27947948e-08 -8.80864492e-05  1.27947948e-08  1.19999971e+00  1.27947948e-08  3.29997139e+00 
 1.28447948e-08  1.09610426e-06  1.28447948e-08  8.66769660e-05  1.28447948e-08  1.20000017e+00  1.28447948e-08  3.30002814e+00 
 1.28947948e-08 -8.80181970e-07  1.28947948e-08 -8.52354980e-05  1.28947948e-08  1.19999977e+00  1.28947948e-08  3.29997231e+00 
 1.29447948e-08  9.13436074e-07  1.29447948e-08  8.38621795e-05  1.29447948e-08  1.20000011e+00  1.29447948e-08  3.30002723e+00 
 1.29947948e-08 -7.07161817e-07  1.29947948e-08 -8.24579034e-05  1.29947948e-08  1.19999982e+00  1.29947948e-08  3.29997322e+00 
 1.30447948e-08  7.49203895e-07  1.30447948e-08  8.11192975e-05  1.30447948e-08  1.20000006e+00  1.30447948e-08  3.30002631e+00 
 1.30947948e-08 -5.51300975e-07  1.30947948e-08 -7.97506139e-05  1.30947948e-08  1.19999986e+00  1.30947948e-08  3.29997413e+00 
 1.31447948e-08  6.00965846e-07  1.31447948e-08  7.84454026e-05  1.31447948e-08  1.20000002e+00  1.31447948e-08  3.30002540e+00 
 1.31947948e-08 -4.10336644e-07  1.31947948e-08 -7.71108820e-05  1.31947948e-08  1.19999990e+00  1.31947948e-08  3.29997504e+00 
 1.32447948e-08  4.66626995e-07  1.32447948e-08  7.58378875e-05  1.32447948e-08  1.19999998e+00  1.32447948e-08  3.30002450e+00 
 1.32947948e-08 -2.82335043e-07  1.32947948e-08 -7.45362639e-05  1.32947948e-08  1.19999994e+00  1.32947948e-08  3.29997594e+00 
 1.33447948e-08  3.44402892e-07  1.33447948e-08  7.32944427e-05  1.33447948e-08  1.19999995e+00  1.33447948e-08  3.30002360e+00 
 1.33947948e-08 -1.65653398e-07  1.33947948e-08 -7.20246003e-05  1.33947948e-08  1.19999997e+00  1.33947948e-08  3.29997683e+00 
 1.34447948e-08  2.32780897e-07  1.34447948e-08  7.08130310e-05  1.34447948e-08  1.19999992e+00  1.34447948e-08  3.30002271e+00 
 1.34947948e-08 -5.89016159e-08  1.34947948e-08 -6.95739867e-05  1.34947948e-08  1.20000000e+00  1.34947948e-08  3.29997772e+00 
 1.35447948e-08  1.30482747e-07  1.35447948e-08  6.83918551e-05  1.35447948e-08  1.19999989e+00  1.35447948e-08  3.30002183e+00 
 1.35947948e-08  3.90939098e-08  1.35947948e-08 -6.71827398e-05  1.35947948e-08  1.20000003e+00  1.35947948e-08  3.29997859e+00 
 1.36447948e-08  3.64298703e-08  1.36447948e-08  6.60293231e-05  1.36447948e-08  1.19999987e+00  1.36447948e-08  3.30002096e+00 
 1.36947948e-08  1.29323169e-07  1.36947948e-08 -6.48493640e-05  1.36947948e-08  1.20000005e+00  1.36947948e-08  3.29997945e+00 
 1.37447948e-08 -5.02876240e-08  1.37447948e-08  6.37240152e-05  1.37447948e-08  1.19999984e+00  1.37447948e-08  3.30002011e+00 
 1.37947948e-08  2.12621633e-07  1.37947948e-08 -6.25725191e-05  1.37947948e-08  1.20000007e+00  1.37947948e-08  3.29998030e+00 
 1.38447948e-08 -1.30438165e-07  1.38447948e-08  6.14746530e-05  1.38447948e-08  1.19999982e+00  1.38447948e-08  3.30001927e+00 
 1.38947948e-08  2.89695551e-07  1.38947948e-08 -6.03509911e-05  1.38947948e-08  1.20000009e+00  1.38947948e-08  3.29998114e+00 
 1.39447948e-08 -2.04672109e-07  1.39447948e-08  5.92800717e-05  1.39447948e-08  1.19999980e+00  1.39447948e-08  3.30001844e+00 
 1.39947948e-08  3.61143526e-07  1.39947948e-08 -5.81836667e-05  1.39947948e-08  1.20000011e+00  1.39947948e-08  3.29998196e+00 
 1.40447948e-08 -2.73541664e-07  1.40447948e-08  5.71391961e-05  1.40447948e-08  1.19999978e+00  1.40447948e-08  3.30001762e+00 
 1.40947948e-08  4.27474806e-07  1.40947948e-08 -5.60695112e-05  1.40947948e-08  1.20000013e+00  1.40947948e-08  3.29998277e+00 
 1.41447948e-08 -3.37517687e-07  1.41447948e-08  5.50510207e-05  1.41447948e-08  1.19999977e+00  1.41447948e-08  3.30001682e+00 
 1.41947948e-08  4.89124757e-07  1.41947948e-08 -5.40075499e-05  1.41947948e-08  1.20000014e+00  1.41947948e-08  3.29998356e+00 
 1.42447948e-08 -3.97003825e-07  1.42447948e-08  5.30145922e-05  1.42447948e-08  1.19999975e+00  1.42447948e-08  3.30001604e+00 
 1.42947948e-08  5.46467623e-07  1.42947948e-08 -5.19968532e-05  1.42947948e-08  1.20000016e+00  1.42947948e-08  3.29998433e+00 
 1.43447948e-08 -4.52348127e-07  1.43447948e-08  5.10289962e-05  1.43447948e-08  1.19999974e+00  1.43447948e-08  3.30001527e+00 
 1.43947948e-08  5.99827190e-07  1.43947948e-08 -5.00365240e-05  1.43947948e-08  1.20000017e+00  1.43947948e-08  3.29998509e+00 
 1.44447948e-08 -5.03852786e-07  1.44447948e-08  4.90933460e-05  1.44447948e-08  1.19999973e+00  1.44447948e-08  3.30001452e+00 
 1.44947948e-08  6.49485597e-07  1.44947948e-08 -4.81256877e-05  1.44947948e-08  1.20000018e+00  1.44947948e-08  3.29998583e+00 
 1.45447948e-08 -5.51782090e-07  1.45447948e-08  4.72067736e-05  1.45447948e-08  1.19999972e+00  1.45447948e-08  3.30001379e+00 
 1.45947948e-08  6.95690524e-07  1.45947948e-08 -4.62634851e-05  1.45947948e-08  1.20000019e+00  1.45947948e-08  3.29998656e+00 
 1.46447948e-08 -5.96368983e-07  1.46447948e-08  4.53684232e-05  1.46447948e-08  1.19999971e+00  1.46447948e-08  3.30001307e+00 
 1.46947948e-08  7.38661168e-07  1.46947948e-08 -4.44490660e-05  1.46947948e-08  1.20000020e+00  1.46947948e-08  3.29998727e+00 
 1.47447948e-08 -6.37820452e-07  1.47447948e-08  4.35774464e-05  1.47447948e-08  1.19999970e+00  1.47447948e-08  3.30001237e+00 
 1.47947948e-08  7.78593090e-07  1.47947948e-08 -4.26815855e-05  1.47947948e-08  1.20000021e+00  1.47947948e-08  3.29998796e+00 
 1.48447948e-08 -6.76321902e-07  1.48447948e-08  4.18329981e-05  1.48447948e-08  1.19999969e+00  1.48447948e-08  3.30001169e+00 
 1.48947948e-08  8.15662149e-07  1.48947948e-08 -4.09602005e-05  1.48947948e-08  1.20000022e+00  1.48947948e-08  3.29998864e+00 
 1.49447948e-08 -7.12040732e-07  1.49447948e-08  4.01342345e-05  1.49447948e-08  1.19999968e+00  1.49447948e-08  3.30001102e+00 
 1.49947948e-08  8.50027773e-07  1.49947948e-08 -3.92840682e-05  1.49947948e-08  1.20000023e+00  1.49947948e-08  3.29998929e+00 
 1.50447948e-08 -7.45129276e-07  1.50447948e-08  3.84803111e-05  1.50447948e-08  1.19999967e+00  1.50447948e-08  3.30001037e+00 
 1.50947948e-08  8.81835556e-07  1.50947948e-08 -3.76523445e-05  1.50947948e-08  1.20000023e+00  1.50947948e-08  3.29998993e+00 
 1.51447948e-08 -7.75727140e-07  1.51447948e-08  3.68703825e-05  1.51447948e-08  1.19999967e+00  1.51447948e-08  3.30000974e+00 
 1.51947948e-08  9.11219402e-07  1.51947948e-08 -3.60641839e-05  1.51947948e-08  1.20000024e+00  1.51947948e-08  3.29999056e+00 
 1.52447948e-08 -8.03963148e-07  1.52447948e-08  3.53036012e-05  1.52447948e-08  1.19999966e+00  1.52447948e-08  3.30000912e+00 
 1.52947948e-08  9.38303257e-07  1.52947948e-08 -3.45187391e-05  1.52947948e-08  1.20000025e+00  1.52947948e-08  3.29999117e+00 
 1.53447948e-08 -8.29956895e-07  1.53447948e-08  3.37791186e-05  1.53447948e-08  1.19999966e+00  1.53447948e-08  3.30000852e+00 
 1.53947948e-08  9.63202533e-07  1.53947948e-08 -3.30151617e-05  1.53947948e-08  1.20000025e+00  1.53947948e-08  3.29999176e+00 
 1.54447948e-08 -8.53820042e-07  1.54447948e-08  3.22960853e-05  1.54447948e-08  1.19999965e+00  1.54447948e-08  3.30000794e+00 
 1.54947948e-08  9.86025242e-07  1.54947948e-08 -3.15526026e-05  1.54947948e-08  1.20000025e+00  1.54947948e-08  3.29999233e+00 
 1.55447948e-08 -8.75657345e-07  1.55447948e-08  3.08536514e-05  1.55447948e-08  1.19999965e+00  1.55447948e-08  3.30000738e+00 
 1.55947948e-08  1.00687296e-06  1.55947948e-08 -3.01302127e-05  1.55947948e-08  1.20000026e+00  1.55947948e-08  3.29999289e+00 
 1.56447948e-08 -8.95567492e-07  1.56447948e-08  2.94509679e-05  1.56447948e-08  1.19999964e+00  1.56447948e-08  3.30000683e+00 
 1.56947948e-08  1.02584155e-06  1.56947948e-08 -2.87471443e-05  1.56947948e-08  1.20000026e+00  1.56947948e-08  3.29999343e+00 
 1.57447948e-08 -9.13643807e-07  1.57447948e-08  2.80871875e-05  1.57447948e-08  1.19999964e+00  1.57447948e-08  3.30000629e+00 
 1.57947948e-08  1.04302181e-06  1.57947948e-08 -2.74025516e-05  1.57947948e-08  1.20000026e+00  1.57947948e-08  3.29999395e+00 
 1.58447948e-08 -9.29974800e-07  1.58447948e-08  2.67614654e-05  1.58447948e-08  1.19999964e+00  1.58447948e-08  3.30000578e+00 
 1.58947948e-08  1.05849999e-06  1.58947948e-08 -2.60955921e-05  1.58947948e-08  1.20000027e+00  1.58947948e-08  3.29999446e+00 
 1.59447948e-08 -9.44644649e-07  1.59447948e-08  2.54729607e-05  1.59447948e-08  1.19999964e+00  1.59447948e-08  3.30000527e+00 
 1.59947948e-08  1.07235819e-06  1.59947948e-08 -2.48254277e-05  1.59947948e-08  1.20000027e+00  1.59947948e-08  3.29999496e+00 
 1.60447948e-08 -9.57733575e-07  1.60447948e-08  2.42208375e-05  1.60447948e-08  1.19999963e+00  1.60447948e-08  3.30000479e+00 
 1.60947948e-08  1.08467476e-06  1.60947948e-08 -2.35912253e-05  1.60947948e-08  1.20000027e+00  1.60947948e-08  3.29999544e+00 
 1.61447948e-08 -9.69318168e-07  1.61447948e-08  2.30042654e-05  1.61447948e-08  1.19999963e+00  1.61447948e-08  3.30000432e+00 
 1.61947948e-08  1.09552452e-06  1.61947948e-08 -2.23921583e-05  1.61947948e-08  1.20000027e+00  1.61947948e-08  3.29999590e+00 
 1.62447948e-08 -9.79471661e-07  1.62447948e-08  2.18224212e-05  1.62447948e-08  1.19999963e+00  1.62447948e-08  3.30000386e+00 
 1.62947948e-08  1.10497910e-06  1.62947948e-08 -2.12274074e-05  1.62947948e-08  1.20000027e+00  1.62947948e-08  3.29999635e+00 
 1.63447948e-08 -9.88264145e-07  1.63447948e-08  2.06744889e-05  1.63447948e-08  1.19999963e+00  1.63447948e-08  3.30000342e+00 
 1.63947948e-08  1.11310704e-06  1.63947948e-08 -2.00961612e-05  1.63947948e-08  1.20000027e+00  1.63947948e-08  3.29999679e+00 
 1.64447948e-08 -9.95762761e-07  1.64447948e-08  1.95596617e-05  1.64447948e-08  1.19999963e+00  1.64447948e-08  3.30000299e+00 
 1.64947948e-08  1.11997406e-06  1.64947948e-08 -1.89976176e-05  1.64947948e-08  1.20000027e+00  1.64947948e-08  3.29999721e+00 
 1.65447948e-08 -1.00203189e-06  1.65447948e-08  1.84771417e-05  1.65447948e-08  1.19999963e+00  1.65447948e-08  3.30000258e+00 
 1.65947948e-08  1.12564318e-06  1.65947948e-08 -1.79309839e-05  1.65947948e-08  1.20000027e+00  1.65947948e-08  3.29999761e+00 
 1.66447948e-08 -1.00713328e-06  1.66447948e-08  1.74261414e-05  1.66447948e-08  1.19999963e+00  1.66447948e-08  3.30000218e+00 
 1.66947948e-08  1.13017487e-06  1.66947948e-08 -1.68954780e-05  1.66947948e-08  1.20000027e+00  1.66947948e-08  3.29999801e+00 
 1.67447948e-08 -1.01112617e-06  1.67447948e-08  1.64058837e-05  1.67447948e-08  1.19999963e+00  1.67447948e-08  3.30000179e+00 
 1.67947948e-08  1.13362712e-06  1.67947948e-08 -1.58903287e-05  1.67947948e-08  1.20000027e+00  1.67947948e-08  3.29999839e+00 
 1.68447948e-08 -1.01406743e-06  1.68447948e-08  1.54156030e-05  1.68447948e-08  1.19999963e+00  1.68447948e-08  3.30000142e+00 
 1.68947948e-08  1.13605567e-06  1.68947948e-08 -1.49147763e-05  1.68947948e-08  1.20000027e+00  1.68947948e-08  3.29999875e+00 
 1.69447948e-08 -1.01601167e-06  1.69447948e-08  1.44545456e-05  1.69447948e-08  1.19999963e+00  1.69447948e-08  3.30000105e+00 
 1.69947948e-08  1.13751395e-06  1.69947948e-08 -1.39680733e-05  1.69947948e-08  1.20000027e+00  1.69947948e-08  3.29999911e+00 
 1.70447948e-08 -1.01701126e-06  1.70447948e-08  1.35219699e-05  1.70447948e-08  1.19999964e+00  1.70447948e-08  3.30000071e+00 
 1.70947948e-08  1.13805329e-06  1.70947948e-08 -1.30494845e-05  1.70947948e-08  1.20000027e+00  1.70947948e-08  3.29999945e+00 
 1.71447948e-08 -1.01711650e-06  1.71447948e-08  1.26171468e-05  1.71447948e-08  1.19999964e+00  1.71447948e-08  3.30000037e+00 
 1.71947948e-08  1.13772295e-06  1.71947948e-08 -1.21582874e-05  1.71947948e-08  1.20000026e+00  1.71947948e-08  3.29999978e+00 
 1.72447948e-08 -1.01637570e-06  1.72447948e-08  1.17393605e-05  1.72447948e-08  1.19999964e+00  1.72447948e-08  3.30000005e+00 
 1.72947948e-08  1.13657025e-06  1.72947948e-08 -1.12937728e-05  1.72947948e-08  1.20000026e+00  1.72947948e-08  3.30000010e+00 
 1.73447948e-08 -1.01483519e-06  1.73447948e-08  1.08879079e-05  1.73447948e-08  1.19999964e+00  1.73447948e-08  3.29999973e+00 
 1.73947948e-08  1.13464055e-06  1.73947948e-08 -1.04552445e-05  1.73947948e-08  1.20000026e+00  1.73947948e-08  3.30000041e+00 
 1.74447948e-08 -1.01253945e-06  1.74447948e-08  1.00620999e-05  1.74447948e-08  1.19999964e+00  1.74447948e-08  3.29999943e+00 
 1.74947948e-08  1.13197741e-06  1.74947948e-08 -9.64202015e-06  1.74947948e-08  1.20000026e+00  1.74947948e-08  3.30000070e+00 
 1.75447948e-08 -1.00953116e-06  1.75447948e-08  9.26126057e-06  1.75447948e-08  1.19999965e+00  1.75447948e-08  3.29999914e+00 
 1.75947948e-08  1.12862263e-06  1.75947948e-08 -8.85343068e-06  1.75947948e-08  1.20000026e+00  1.75947948e-08  3.30000099e+00 
 1.76447948e-08 -1.00585125e-06  1.76447948e-08  8.48472771e-06  1.76447948e-08  1.19999965e+00  1.76447948e-08  3.29999886e+00 
 1.76947948e-08  1.12461627e-06  1.76947948e-08 -8.08882098e-06  1.76947948e-08  1.20000025e+00  1.76947948e-08  3.30000126e+00 
 1.77447948e-08 -1.00153897e-06  1.77447948e-08  7.73185303e-06  1.77447948e-08  1.19999965e+00  1.77447948e-08  3.29999860e+00 
 1.77947948e-08  1.11999678e-06  1.77947948e-08 -7.34754965e-06  1.77947948e-08  1.20000025e+00  1.77947948e-08  3.30000152e+00 
 1.78447948e-08 -9.96631998e-07  1.78447948e-08  7.00200195e-06  1.78447948e-08  1.19999965e+00  1.78447948e-08  3.29999834e+00 
 1.78947948e-08  1.11480101e-06  1.78947948e-08 -6.62898912e-06  1.78947948e-08  1.20000025e+00  1.78947948e-08  3.30000178e+00 
 1.79447948e-08 -9.91166403e-07  1.79447948e-08  6.29455372e-06  1.79447948e-08  1.19999966e+00  1.79447948e-08  3.29999809e+00 
 1.79947948e-08  1.10906429e-06  1.79947948e-08 -5.93252558e-06  1.79947948e-08  1.20000025e+00  1.79947948e-08  3.30000202e+00 
 1.80447948e-08 -9.85176777e-07  1.80447948e-08  5.60890145e-06  1.80447948e-08  1.19999966e+00  1.80447948e-08  3.29999785e+00 
 1.80947948e-08  1.10282045e-06  1.80947948e-08 -5.25755907e-06  1.80947948e-08  1.20000024e+00  1.80947948e-08  3.30000225e+00 
 1.81447948e-08 -9.78696258e-07  1.81447948e-08  4.94445190e-06  1.81447948e-08  1.19999966e+00  1.81447948e-08  3.29999762e+00 
 1.81947948e-08  1.09610194e-06  1.81947948e-08 -4.60350323e-06  1.81947948e-08  1.20000024e+00  1.81947948e-08  3.30000248e+00 
 1.82447948e-08 -9.71756590e-07  1.82447948e-08  4.30062556e-06  1.82447948e-08  1.19999967e+00  1.82447948e-08  3.29999740e+00 
 1.82947948e-08  1.08893978e-06  1.82947948e-08 -3.96978539e-06  1.82947948e-08  1.20000024e+00  1.82947948e-08  3.30000269e+00 
 1.83447948e-08 -9.64388146e-07  1.83447948e-08  3.67685641e-06  1.83447948e-08  1.19999967e+00  1.83447948e-08  3.29999719e+00 
 1.83947948e-08  1.08136371e-06  1.83947948e-08 -3.35584632e-06  1.83947948e-08  1.20000023e+00  1.83947948e-08  3.30000290e+00 
 1.84447948e-08 -9.56620035e-07  1.84447948e-08  3.07259193e-06  1.84447948e-08  1.19999967e+00  1.84447948e-08  3.29999698e+00 
 1.84947948e-08  1.07340220e-06  1.84947948e-08 -2.76114017e-06  1.84947948e-08  1.20000023e+00  1.84947948e-08  3.30000310e+00 
 1.85447948e-08 -9.48480096e-07  1.85447948e-08  2.48729284e-06  1.85447948e-08  1.19999968e+00  1.85447948e-08  3.29999679e+00 
 1.85947948e-08  1.06508245e-06  1.85947948e-08 -2.18513432e-06  1.85947948e-08  1.20000023e+00  1.85947948e-08  3.30000329e+00 
 1.86447948e-08 -9.39994943e-07  1.86447948e-08  1.92043307e-06  1.86447948e-08  1.19999968e+00  1.86447948e-08  3.29999660e+00 
 1.86947948e-08  1.05643049e-06  1.86947948e-08 -1.62730925e-06  1.86947948e-08  1.20000022e+00  1.86947948e-08  3.30000347e+00 
 1.87447948e-08 -9.31190051e-07  1.87447948e-08  1.37149948e-06  1.87447948e-08  1.19999968e+00  1.87447948e-08  3.29999643e+00 
 1.87947948e-08  1.04747123e-06  1.87947948e-08 -1.08715818e-06  1.87947948e-08  1.20000022e+00  1.87947948e-08  3.30000365e+00 
 1.88447948e-08 -9.22089752e-07  1.88447948e-08  8.39991683e-07  1.88447948e-08  1.19999969e+00  1.88447948e-08  3.29999625e+00 
 1.88947948e-08  1.03822846e-06  1.88947948e-08 -5.64187172e-07  1.88947948e-08  1.20000022e+00  1.88947948e-08  3.30000382e+00 
 1.89447948e-08 -9.12717323e-07  1.89447948e-08  3.25421982e-07  1.89447948e-08  1.19999969e+00  1.89447948e-08  3.29999609e+00 
 1.89947948e-08  1.02872490e-06  1.89947948e-08 -5.79147292e-08  1.89947948e-08  1.20000021e+00  1.89947948e-08  3.30000398e+00 
 1.90447948e-08 -9.03094965e-07  1.90447948e-08 -1.72684980e-07  1.90447948e-08  1.19999969e+00  1.90447948e-08  3.29999593e+00 
 1.90947948e-08  1.01898225e-06  1.90947948e-08  4.32128359e-07  1.90947948e-08  1.20000021e+00  1.90947948e-08  3.30000413e+00 
 1.91447948e-08 -8.93243904e-07  1.91447948e-08 -6.54792394e-07  1.91447948e-08  1.19999970e+00  1.91447948e-08  3.29999579e+00 
 1.91947948e-08  1.00902125e-06  1.91947948e-08  9.06399214e-07  1.91947948e-08  1.20000020e+00  1.91947948e-08  3.30000427e+00 
 1.92447948e-08 -8.83184380e-07  1.92447948e-08 -1.12135137e-06  1.92447948e-08  1.19999970e+00  1.92447948e-08  3.29999564e+00 
 1.92947948e-08  9.98861676e-07  1.92947948e-08  1.36534309e-06  1.92947948e-08  1.20000020e+00  1.92947948e-08  3.30000441e+00 
 1.93447948e-08 -8.72935735e-07  1.93447948e-08 -1.57280142e-06  1.93447948e-08  1.19999971e+00  1.93447948e-08  3.29999551e+00 
 1.93947948e-08  9.88522392e-07  1.93947948e-08  1.80939365e-06  1.93947948e-08  1.20000020e+00  1.93947948e-08  3.30000455e+00 
 1.94447948e-08 -8.62516374e-07  1.94447948e-08 -2.00957042e-06  1.94447948e-08  1.19999971e+00  1.94447948e-08  3.29999538e+00 
 1.94947948e-08  9.78021374e-07  1.94947948e-08  2.23897306e-06  1.94947948e-08  1.20000019e+00  1.94947948e-08  3.30000467e+00 
 1.95447948e-08 -8.51943866e-07  1.95447948e-08 -2.43207496e-06  1.95447948e-08  1.19999971e+00  1.95447948e-08  3.29999525e+00 
 1.95947948e-08  9.67375773e-07  1.95947948e-08  2.65449239e-06  1.95947948e-08  1.20000019e+00  1.95947948e-08  3.30000479e+00 
 1.96447948e-08 -8.41234955e-07  1.96447948e-08 -2.84072060e-06  1.96447948e-08  1.19999972e+00  1.96447948e-08  3.29999514e+00 
 1.96947948e-08  9.56601925e-07  1.96947948e-08  3.05635166e-06  1.96947948e-08  1.20000019e+00  1.96947948e-08  3.30000491e+00 
 1.97447948e-08 -8.30405578e-07  1.97447948e-08 -3.23590201e-06  1.97447948e-08  1.19999972e+00  1.97447948e-08  3.29999502e+00 
 1.97947948e-08  9.45715371e-07  1.97947948e-08  3.44494025e-06  1.97947948e-08  1.20000018e+00  1.97947948e-08  3.30000502e+00 
 1.98447948e-08 -8.19470898e-07  1.98447948e-08 -3.61800328e-06  1.98447948e-08  1.19999972e+00  1.98447948e-08  3.29999492e+00 
 1.98947948e-08  9.34730900e-07  1.98947948e-08  3.82063702e-06  1.98947948e-08  1.20000018e+00  1.98947948e-08  3.30000512e+00 
 1.99447948e-08 -8.08445350e-07  1.99447948e-08 -3.98739817e-06  1.99447948e-08  1.19999973e+00  1.99447948e-08  3.29999482e+00 
 1.99723974e-08  9.19152136e-07  1.99723974e-08  4.32775635e-06  1.99723974e-08  1.20000017e+00  1.99723974e-08  3.30000526e+00 
 2.00000000e-08 -7.88284452e-07  2.00000000e-08 -4.62557929e-06  2.00000000e-08  1.19999973e+00  2.00000000e-08  3.29999465e+00 
 2.00050000e-08  1.38696081e-05  2.00050000e-08  1.51928027e-04  2.00050000e-08  1.20000252e+00  2.00050000e-08  3.30002901e+00 
 2.00150000e-08 -6.50181512e-06  2.00150000e-08  9.69155025e-06  2.00150000e-08  1.19999676e+00  2.00150000e-08  3.29998996e+00 
 2.00350000e-08 -7.28351778e-06  2.00350000e-08 -5.62481622e-05  2.00350000e-08  1.20000013e+00  2.00350000e-08  3.29999004e+00 
 2.00750000e-08  7.65887886e-06  2.00750000e-08 -5.74269409e-05  2.00750000e-08  1.20000130e+00  2.00750000e-08  3.29999415e+00 
 2.01250000e-08 -3.86212505e-05  2.01250000e-08 -1.41847888e-04  2.01250000e-08  1.19999578e+00  2.01250000e-08  3.29999341e+00 
 2.01625000e-08 -5.66975001e-05  2.01625000e-08 -2.94529522e-04  2.01625000e-08  1.20000033e+00  2.01625000e-08  3.29997582e+00 
 2.02000000e-08  5.20699602e-04  2.02000000e-08  3.57413939e-04  2.02000000e-08  1.20005095e+00  2.02000000e-08  3.30008286e+00 
 2.02050000e-08  4.68491639e-05  2.02050000e-08  4.77029757e-04  2.02050000e-08  1.19994241e+00  2.02050000e-08  3.30008992e+00 
 2.02150000e-08 -5.36134624e-04  2.02150000e-08  1.69606432e-03  2.02150000e-08  1.19987634e+00  2.02150000e-08  3.30029276e+00 
 2.02350000e-08 -1.23504313e-05  2.02350000e-08  1.88712322e-03  2.02350000e-08  1.20008992e+00  2.02350000e-08  3.30015234e+00 
 2.02638148e-08  1.03247870e-04  2.02638148e-08 -1.81065384e-03  2.02638148e-08  1.19998521e+00  2.02638148e-08  3.29953447e+00 
 2.02954609e-08 -7.73053442e-05  2.02954609e-08 -5.18914932e-04  2.02954609e-08  1.19998391e+00  2.02954609e-08  3.30004620e+00 
 2.03454609e-08  6.52553596e-05  2.03454609e-08  1.85454055e-04  2.03454609e-08  1.20002129e+00  2.03454609e-08  3.30007867e+00 
 2.03954609e-08 -5.56494813e-05  2.03954609e-08  7.16368334e-05  2.03954609e-08  1.19997762e+00  2.03954609e-08  3.30000220e+00 
 2.04454609e-08  4.83043525e-05  2.04454609e-08 -2.79774010e-05  2.04454609e-08  1.20002125e+00  2.04454609e-08  3.29997364e+00 
 2.04954609e-08 -4.21764313e-05  2.04954609e-08  4.03030566e-05  2.04954609e-08  1.19998054e+00  2.04954609e-08  3.30002211e+00 
 2.05454609e-08  3.73469982e-05  2.05454609e-08 -2.56044172e-05  2.05454609e-08  1.20001724e+00  2.05454609e-08  3.29997843e+00 
 2.05954609e-08 -3.30855526e-05  2.05954609e-08  2.02373093e-05  2.05954609e-08  1.19998474e+00  2.05954609e-08  3.30001855e+00 
 2.06454609e-08  2.96624401e-05  2.06454609e-08 -1.36069005e-05  2.06454609e-08  1.20001327e+00  2.06454609e-08  3.29998356e+00 
 2.06954609e-08 -2.64804451e-05  2.06954609e-08  9.39984702e-06  2.06954609e-08  1.19998832e+00  2.06954609e-08  3.30001434e+00 
 2.07454609e-08  2.39187988e-05  2.07454609e-08 -6.04237017e-06  2.07454609e-08  1.20001012e+00  2.07454609e-08  3.29998737e+00 
 2.07954609e-08 -2.14363027e-05  2.07954609e-08  3.77424197e-06  2.07954609e-08  1.19999106e+00  2.07954609e-08  3.30001112e+00 
 2.08454609e-08  1.94600226e-05  2.08454609e-08 -2.18138169e-06  2.08454609e-08  1.20000775e+00  2.08454609e-08  3.29999014e+00 
 2.08954609e-08 -1.74736026e-05  2.08954609e-08  1.20785470e-06  2.08954609e-08  1.19999310e+00  2.08954609e-08  3.30000875e+00 
 2.09454609e-08  1.59260219e-05  2.09454609e-08 -6.40543032e-07  2.09454609e-08  1.20000599e+00  2.09454609e-08  3.29999216e+00 
 2.09954609e-08 -1.43126012e-05  2.09954609e-08  4.43438190e-07  2.09954609e-08  1.19999463e+00  2.09954609e-08  3.30000704e+00 
 2.10454609e-08  1.30933873e-05  2.10454609e-08 -4.67203980e-07  2.10454609e-08  1.20000466e+00  2.10454609e-08  3.29999362e+00 
 2.10954609e-08 -1.17698878e-05  2.10954609e-08  7.10358835e-07  2.10954609e-08  1.19999577e+00  2.10954609e-08  3.30000581e+00 
 2.11454609e-08  1.08084591e-05  2.11454609e-08 -1.05622342e-06  2.11454609e-08  1.20000366e+00  2.11454609e-08  3.29999466e+00 
 2.11954609e-08 -9.71438037e-06  2.11954609e-08  1.52750073e-06  2.11954609e-08  1.19999665e+00  2.11954609e-08  3.30000492e+00 
 2.12454609e-08  8.95802895e-06  2.12454609e-08 -2.02748712e-06  2.12454609e-08  1.20000290e+00  2.12454609e-08  3.29999541e+00 
 2.12954609e-08 -8.04727034e-06  2.12954609e-08  2.59467676e-06  2.12954609e-08  1.19999731e+00  2.12954609e-08  3.30000429e+00 
 2.13454609e-08  7.45526590e-06  2.13454609e-08 -3.14521094e-06  2.13454609e-08  1.20000232e+00  2.13454609e-08  3.29999594e+00 
 2.13954609e-08 -6.69179843e-06  2.13954609e-08  3.72786098e-06  2.13954609e-08  1.19999783e+00  2.13954609e-08  3.30000385e+00 
 2.14454609e-08  6.23206500e-06  2.14454609e-08 -4.26711941e-06  2.14454609e-08  1.20000186e+00  2.14454609e-08  3.29999631e+00 
 2.14954609e-08 -5.58733412e-06  2.14954609e-08  4.81843272e-06  2.14954609e-08  1.19999823e+00  2.14954609e-08  3.30000353e+00 
 2.15454609e-08  5.23434296e-06  2.15454609e-08 -5.31169439e-06  2.15454609e-08  1.20000151e+00  2.15454609e-08  3.29999658e+00 
 2.15954609e-08 -4.68553863e-06  2.15954609e-08  5.80664208e-06  2.15954609e-08  1.19999854e+00  2.15954609e-08  3.30000330e+00 
 2.16454609e-08  4.41884833e-06  2.16454609e-08 -6.23660385e-06  2.16454609e-08  1.20000123e+00  2.16454609e-08  3.29999677e+00 
 2.16954609e-08 -3.94766526e-06  2.16954609e-08  6.66401947e-06  2.16954609e-08  1.19999879e+00  2.16954609e-08  3.30000314e+00 
 2.17454609e-08  3.75084862e-06  2.17454609e-08 -7.02433824e-06  2.17454609e-08  1.20000101e+00  2.17454609e-08  3.29999692e+00 
 2.17954609e-08 -3.34255556e-06  2.17954609e-08  7.38164425e-06  2.17954609e-08  1.19999898e+00  2.17954609e-08  3.30000301e+00 
 2.18454609e-08  3.20238165e-06  2.18454609e-08 -7.67263607e-06  2.18454609e-08  1.20000084e+00  2.18454609e-08  3.29999703e+00 
 2.18954609e-08 -2.84510251e-06  2.18954609e-08  7.96234359e-06  2.18954609e-08  1.19999914e+00  2.18954609e-08  3.30000291e+00 
 2.19454609e-08  2.75089898e-06  2.19454609e-08 -8.18814336e-06  2.19454609e-08  1.20000070e+00  2.19454609e-08  3.29999712e+00 
 2.19954609e-08 -2.43504800e-06  2.19954609e-08  8.41555666e-06  2.19954609e-08  1.19999926e+00  2.19954609e-08  3.30000283e+00 
 2.20454609e-08  2.37819749e-06  2.20454609e-08 -8.58227109e-06  2.20454609e-08  1.20000059e+00  2.20454609e-08  3.29999720e+00 
 2.20954609e-08 -2.09603076e-06  2.20954609e-08  8.75401023e-06  2.20954609e-08  1.19999936e+00  2.20954609e-08  3.30000275e+00 
 2.21454609e-08  2.06956953e-06  2.21454609e-08 -8.86854397e-06  2.21454609e-08  1.20000050e+00  2.21454609e-08  3.29999728e+00 
 2.21954609e-08 -1.81482657e-06  2.21954609e-08  8.99162035e-06  2.21954609e-08  1.19999945e+00  2.21954609e-08  3.30000267e+00 
 2.22454609e-08  1.81312337e-06  2.22454609e-08 -9.06095522e-06  2.22454609e-08  1.20000042e+00  2.22454609e-08  3.29999735e+00 
 2.22954609e-08 -1.58073962e-06  2.22954609e-08  9.14221716e-06  2.22954609e-08  1.19999951e+00  2.22954609e-08  3.30000260e+00 
 2.23454609e-08  1.59923761e-06  2.23454609e-08 -9.17299253e-06  2.23454609e-08  1.20000036e+00  2.23454609e-08  3.29999743e+00 
 2.23954609e-08 -1.38511326e-06  2.23954609e-08  9.21881494e-06  2.23954609e-08  1.19999957e+00  2.23954609e-08  3.30000252e+00 
 2.24454609e-08  1.42012246e-06  2.24454609e-08 -9.21710509e-06  2.24454609e-08  1.20000031e+00  2.24454609e-08  3.29999751e+00 
 2.24954609e-08 -1.22093629e-06  2.24954609e-08  9.23323716e-06  2.24954609e-08  1.19999961e+00  2.24954609e-08  3.30000244e+00 
 2.25454609e-08  1.26946643e-06  2.25454609e-08 -9.20445462e-06  2.25454609e-08  1.20000027e+00  2.25454609e-08  3.29999759e+00 
 2.25954609e-08 -1.08252576e-06  2.25954609e-08  9.19596689e-06  2.25954609e-08  1.19999965e+00  2.25954609e-08  3.30000236e+00 
 2.26454609e-08  1.14215149e-06  2.26454609e-08 -9.14484353e-06  2.26454609e-08  1.20000023e+00  2.26454609e-08  3.29999767e+00 
 2.26954609e-08 -9.65271324e-07  2.26954609e-08  9.11613531e-06  2.26954609e-08  1.19999968e+00  2.26954609e-08  3.30000227e+00 
 2.27454609e-08  1.03402359e-06  2.27454609e-08 -9.04674954e-06  2.27454609e-08  1.20000020e+00  2.27454609e-08  3.29999776e+00 
 2.27954609e-08 -8.65429012e-07  2.27954609e-08  9.00159049e-06  2.27954609e-08  1.19999971e+00  2.27954609e-08  3.30000218e+00 
 2.28454609e-08  9.41707468e-07  2.28454609e-08 -8.91741899e-06  2.28454609e-08  1.20000018e+00  2.28454609e-08  3.29999785e+00 
 2.28954609e-08 -7.79955014e-07  2.28954609e-08  8.85900799e-06  2.28954609e-08  1.19999974e+00  2.28954609e-08  3.30000209e+00 
 2.29454609e-08  8.62457361e-07  2.29454609e-08 -8.76298913e-06  2.29454609e-08  1.20000016e+00  2.29454609e-08  3.29999794e+00 
 2.29954609e-08 -7.06371617e-07  2.29954609e-08  8.69401994e-06  2.29954609e-08  1.19999976e+00  2.29954609e-08  3.30000200e+00 
 2.30454609e-08  7.94036645e-07  2.30454609e-08 -8.58862001e-06  2.30454609e-08  1.20000014e+00  2.30454609e-08  3.29999803e+00 
 2.30954609e-08 -6.42659052e-07  2.30954609e-08  8.51134698e-06  2.30954609e-08  1.19999977e+00  2.30954609e-08  3.30000191e+00 
 2.31454609e-08  7.34620651e-07  2.31454609e-08 -8.39862448e-06  2.31454609e-08  1.20000012e+00  2.31454609e-08  3.29999813e+00 
 2.31954609e-08 -5.87168245e-07  2.31954609e-08  8.31492466e-06  2.31954609e-08  1.19999979e+00  2.31954609e-08  3.30000181e+00 
 2.32454609e-08  6.82718359e-07  2.32454609e-08 -8.19658981e-06  2.32454609e-08  1.20000011e+00  2.32454609e-08  3.29999822e+00 
 2.32954609e-08 -5.38550434e-07  2.32954609e-08  8.10801957e-06  2.32954609e-08  1.19999980e+00  2.32954609e-08  3.30000172e+00 
 2.33454609e-08  6.37109119e-07  2.33454609e-08 -7.98548779e-06  2.33454609e-08  1.20000010e+00  2.33454609e-08  3.29999831e+00 
 2.33954609e-08 -4.95700387e-07  2.33954609e-08  7.89333299e-06  2.33954609e-08  1.19999981e+00  2.33954609e-08  3.30000163e+00 
 2.34454609e-08  5.96791662e-07  2.34454609e-08 -7.76777182e-06  2.34454609e-08  1.20000008e+00  2.34454609e-08  3.29999841e+00 
 2.34954609e-08 -4.57710528e-07  2.34954609e-08  7.67309162e-06  2.34954609e-08  1.19999982e+00  2.34954609e-08  3.30000153e+00 
 2.35454609e-08  5.60942870e-07  2.35454609e-08 -7.54546141e-06  2.35454609e-08  1.20000007e+00  2.35454609e-08  3.29999850e+00 
 2.35954609e-08 -4.23833889e-07  2.35954609e-08  7.44912576e-06  2.35954609e-08  1.19999983e+00  2.35954609e-08  3.30000144e+00 
 2.36454609e-08  5.28884467e-07  2.36454609e-08 -7.32021429e-06  2.36454609e-08  1.20000007e+00  2.36454609e-08  3.29999860e+00 
 2.36954609e-08 -3.93454181e-07  2.36954609e-08  7.22293600e-06  2.36954609e-08  1.19999984e+00  2.36954609e-08  3.30000134e+00 
 2.37454609e-08  5.00056108e-07  2.37454609e-08 -7.09338789e-06  2.37454609e-08  1.20000006e+00  2.37454609e-08  3.29999869e+00 
 2.37954609e-08 -3.66061595e-07  2.37954609e-08  6.99574949e-06  2.37954609e-08  1.19999985e+00  2.37954609e-08  3.30000125e+00 
 2.38454609e-08  4.73993633e-07  2.38454609e-08 -6.86609091e-06  2.38454609e-08  1.20000005e+00  2.38454609e-08  3.29999878e+00 
 2.38954609e-08 -3.41233218e-07  2.38954609e-08  6.76856723e-06  2.38954609e-08  1.19999986e+00  2.38954609e-08  3.30000116e+00 
 2.39454609e-08  4.50311423e-07  2.39454609e-08 -6.63922645e-06  2.39454609e-08  1.20000004e+00  2.39454609e-08  3.29999887e+00 
 2.39954609e-08 -3.18617162e-07  2.39954609e-08  6.54220341e-06  2.39954609e-08  1.19999986e+00  2.39954609e-08  3.30000107e+00 
 2.40454609e-08  4.28688114e-07  2.40454609e-08 -6.41352792e-06  2.40454609e-08  1.20000004e+00  2.40454609e-08  3.29999896e+00 
 2.40954609e-08 -2.97919710e-07  2.40954609e-08  6.31731812e-06  2.40954609e-08  1.19999987e+00  2.40954609e-08  3.30000099e+00 
 2.41454609e-08  4.08855030e-07  2.41454609e-08 -6.18958889e-06  2.41454609e-08  1.20000003e+00  2.41454609e-08  3.29999904e+00 
 2.41954609e-08 -2.78894871e-07  2.41954609e-08  6.09444457e-06  2.41954609e-08  1.19999987e+00  2.41954609e-08  3.30000090e+00 
 2.42454609e-08  3.90586744e-07  2.42454609e-08 -5.96788767e-06  2.42454609e-08  1.20000003e+00  2.42454609e-08  3.29999913e+00 
 2.42954609e-08 -2.61335906e-07  2.42954609e-08  5.87401120e-06  2.42954609e-08  1.19999988e+00  2.42954609e-08  3.30000082e+00 
 2.43454609e-08  3.73693489e-07  2.43454609e-08 -5.74880756e-06  2.43454609e-08  1.20000002e+00  2.43454609e-08  3.29999921e+00 
 2.43954609e-08 -2.45068425e-07  2.43954609e-08  5.65636034e-06  2.43954609e-08  1.19999988e+00  2.43954609e-08  3.30000073e+00 
 2.44454609e-08  3.58014840e-07  2.44454609e-08 -5.53265362e-06  2.44454609e-08  1.20000002e+00  2.44454609e-08  3.29999929e+00 
 2.44954609e-08 -2.29944743e-07  2.44954609e-08  5.44176322e-06  2.44954609e-08  1.19999989e+00  2.44954609e-08  3.30000065e+00 
 2.45454609e-08  3.43414720e-07  2.45454609e-08 -5.31966632e-06  2.45454609e-08  1.20000001e+00  2.45454609e-08  3.29999937e+00 
 2.45954609e-08 -2.15839335e-07  2.45954609e-08  5.23043240e-06  2.45954609e-08  1.19999989e+00  2.45954609e-08  3.30000057e+00 
 2.46454609e-08  3.29777206e-07  2.46454609e-08 -5.11003294e-06  2.46454609e-08  1.20000001e+00  2.46454609e-08  3.29999945e+00 
 2.46954609e-08 -2.02645034e-07  2.46954609e-08  5.02253212e-06  2.46954609e-08  1.19999990e+00  2.46954609e-08  3.30000050e+00 
 2.47454609e-08  3.17003123e-07  2.47454609e-08 -4.90389672e-06  2.47454609e-08  1.20000001e+00  2.47454609e-08  3.29999953e+00 
 2.47954609e-08 -1.90269976e-07  2.47954609e-08  4.81818661e-06  2.47954609e-08  1.19999990e+00  2.47954609e-08  3.30000042e+00 
 2.48454609e-08  3.05007293e-07  2.48454609e-08 -4.70136459e-06  2.48454609e-08  1.20000000e+00  2.48454609e-08  3.29999960e+00 
 2.48954609e-08 -1.78635095e-07  2.48954609e-08  4.61748700e-06  2.48954609e-08  1.19999990e+00  2.48954609e-08  3.30000035e+00 
 2.49454609e-08  2.93716247e-07  2.49454609e-08 -4.50251336e-06  2.49454609e-08  1.20000000e+00  2.49454609e-08  3.29999967e+00 
 2.49954609e-08 -1.67672037e-07  2.49954609e-08  4.42049713e-06  2.49954609e-08  1.19999990e+00  2.49954609e-08  3.30000028e+00 
 2.50454609e-08  2.83066302e-07  2.50454609e-08 -4.30739498e-06  2.50454609e-08  1.20000000e+00  2.50454609e-08  3.29999974e+00 
 2.50954609e-08 -1.57321420e-07  2.50954609e-08  4.22725799e-06  2.50954609e-08  1.19999991e+00  2.50954609e-08  3.30000021e+00 
 2.51454609e-08  2.73002041e-07  2.51454609e-08 -4.11604057e-06  2.51454609e-08  1.19999999e+00  2.51454609e-08  3.29999981e+00 
 2.51954609e-08 -1.47531472e-07  2.51954609e-08  4.03779190e-06  2.51954609e-08  1.19999991e+00  2.51954609e-08  3.30000014e+00 
 2.52454609e-08  2.63475040e-07  2.52454609e-08 -3.92846431e-06  2.52454609e-08  1.19999999e+00  2.52454609e-08  3.29999988e+00 
 2.52954609e-08 -1.38256827e-07  2.52954609e-08  3.85210544e-06  2.52954609e-08  1.19999991e+00  2.52954609e-08  3.30000008e+00 
 2.53454609e-08  2.54442749e-07  2.53454609e-08 -3.74466596e-06  2.53454609e-08  1.19999999e+00  2.53454609e-08  3.29999994e+00 
 2.53954609e-08 -1.29457571e-07  2.53954609e-08  3.67019227e-06  2.53954609e-08  1.19999991e+00  2.53954609e-08  3.30000001e+00 
 2.54454609e-08  2.45867684e-07  2.54454609e-08 -3.56463353e-06  2.54454609e-08  1.19999999e+00  2.54454609e-08  3.30000001e+00 
 2.54954609e-08 -1.21098430e-07  2.54954609e-08  3.49203523e-06  2.54954609e-08  1.19999992e+00  2.54954609e-08  3.29999995e+00 
 2.55454609e-08  2.37716607e-07  2.55454609e-08 -3.38834522e-06  2.55454609e-08  1.19999999e+00  2.55454609e-08  3.30000007e+00 
 2.55954609e-08 -1.13148063e-07  2.55954609e-08  3.31760824e-06  2.55954609e-08  1.19999992e+00  2.55954609e-08  3.29999989e+00 
 2.56454609e-08  2.29959955e-07  2.56454609e-08 -3.21577101e-06  2.56454609e-08  1.19999998e+00  2.56454609e-08  3.30000013e+00 
 2.56954609e-08 -1.05578562e-07  2.56954609e-08  3.14687778e-06  2.56954609e-08  1.19999992e+00  2.56954609e-08  3.29999983e+00 
 2.57454609e-08  2.22571333e-07  2.57454609e-08 -3.04687424e-06  2.57454609e-08  1.19999998e+00  2.57454609e-08  3.30000018e+00 
 2.57954609e-08 -9.83649235e-08  2.57954609e-08  2.97980425e-06  2.57954609e-08  1.19999992e+00  2.57954609e-08  3.29999977e+00 
 2.58454609e-08  2.15527042e-07  2.58454609e-08 -2.88161262e-06  2.58454609e-08  1.19999998e+00  2.58454609e-08  3.30000024e+00 
 2.58954609e-08 -9.14846675e-08  2.58954609e-08  2.81634298e-06  2.58954609e-08  1.19999992e+00  2.58954609e-08  3.29999972e+00 
 2.59454609e-08  2.08805729e-07  2.59454609e-08 -2.71993929e-06  2.59454609e-08  1.19999998e+00  2.59454609e-08  3.30000030e+00 
 2.59954609e-08 -8.49174985e-08  2.59954609e-08  2.65644511e-06  2.59954609e-08  1.19999993e+00  2.59954609e-08  3.29999967e+00 
 2.60454609e-08  2.02388092e-07  2.60454609e-08 -2.56180366e-06  2.60454609e-08  1.19999998e+00  2.60454609e-08  3.30000035e+00 
 2.60954609e-08 -7.86450365e-08  2.60954609e-08  2.50005852e-06  2.60954609e-08  1.19999993e+00  2.60954609e-08  3.29999961e+00 
 2.61454609e-08  1.96256606e-07  2.61454609e-08 -2.40715216e-06  2.61454609e-08  1.19999998e+00  2.61454609e-08  3.30000040e+00 
 2.61954609e-08 -7.26505513e-08  2.61954609e-08  2.34712825e-06  2.61954609e-08  1.19999993e+00  2.61954609e-08  3.29999956e+00 
 2.62454609e-08  1.90395286e-07  2.62454609e-08 -2.25592869e-06  2.62454609e-08  1.19999997e+00  2.62454609e-08  3.30000045e+00 
 2.62954609e-08 -6.69187624e-08  2.62954609e-08  2.19759729e-06  2.62954609e-08  1.19999993e+00  2.62954609e-08  3.29999951e+00 
 2.63454609e-08  1.84789523e-07  2.63454609e-08 -2.10807534e-06  2.63454609e-08  1.19999997e+00  2.63454609e-08  3.30000050e+00 
 2.63954609e-08 -6.14356901e-08  2.63954609e-08  2.05140687e-06  2.63954609e-08  1.19999993e+00  2.63954609e-08  3.29999947e+00 
 2.64454609e-08  1.79425906e-07  2.64454609e-08 -1.96353265e-06  2.64454609e-08  1.19999997e+00  2.64454609e-08  3.30000054e+00 
 2.64954609e-08 -5.61884516e-08  2.64954609e-08  1.90849700e-06  2.64954609e-08  1.19999993e+00  2.64954609e-08  3.29999942e+00 
 2.65454609e-08  1.74292069e-07  2.65454609e-08 -1.82224013e-06  2.65454609e-08  1.19999997e+00  2.65454609e-08  3.30000059e+00 
 2.65954609e-08 -5.11651810e-08  2.65954609e-08  1.76880672e-06  2.65954609e-08  1.19999993e+00  2.65954609e-08  3.29999938e+00 
 2.66454609e-08  1.69376611e-07  2.66454609e-08 -1.68413649e-06  2.66454609e-08  1.19999997e+00  2.66454609e-08  3.30000063e+00 
 2.66954609e-08 -4.63548939e-08  2.66954609e-08  1.63227447e-06  2.66954609e-08  1.19999994e+00  2.66954609e-08  3.29999933e+00 
 2.67454609e-08  1.64668933e-07  2.67454609e-08 -1.54915991e-06  2.67454609e-08  1.19999997e+00  2.67454609e-08  3.30000067e+00 
 2.67954609e-08 -4.17473867e-08  2.67954609e-08  1.49883829e-06  2.67954609e-08  1.19999994e+00  2.67954609e-08  3.29999929e+00 
 2.68454609e-08  1.60159209e-07  2.68454609e-08 -1.41724839e-06  2.68454609e-08  1.19999997e+00  2.68454609e-08  3.30000071e+00 
 2.68954609e-08 -3.73331623e-08  2.68954609e-08  1.36843611e-06  2.68954609e-08  1.19999994e+00  2.68954609e-08  3.29999925e+00 
 2.69454609e-08  1.55838271e-07  2.69454609e-08 -1.28833980e-06  2.69454609e-08  1.19999997e+00  2.69454609e-08  3.30000075e+00 
 2.69954609e-08 -3.31033803e-08  2.69954609e-08  1.24100586e-06  2.69954609e-08  1.19999994e+00  2.69954609e-08  3.29999921e+00 
 2.70454609e-08  1.51697564e-07  2.70454609e-08 -1.16237220e-06  2.70454609e-08  1.19999996e+00  2.70454609e-08  3.30000079e+00 
 2.70954609e-08 -2.90497512e-08  2.70954609e-08  1.11648571e-06  2.70954609e-08  1.19999994e+00  2.70954609e-08  3.29999918e+00 
 2.71454609e-08  1.47729061e-07  2.71454609e-08 -1.03928390e-06  2.71454609e-08  1.19999996e+00  2.71454609e-08  3.30000083e+00 
 2.71954609e-08 -2.51644972e-08  2.71954609e-08  9.94814147e-07  2.71954609e-08  1.19999994e+00  2.71954609e-08  3.29999914e+00 
 2.72454609e-08  1.43925217e-07  2.72454609e-08 -9.19013607e-07  2.72454609e-08  1.19999996e+00  2.72454609e-08  3.30000086e+00 
 2.72954609e-08 -2.14403025e-08  2.72954609e-08  8.75930151e-07  2.72954609e-08  1.19999994e+00  2.72954609e-08  3.29999911e+00 
 2.73454609e-08  1.40278949e-07  2.73454609e-08 -8.01500563e-07  2.73454609e-08  1.19999996e+00  2.73454609e-08  3.30000090e+00 
 2.73954609e-08 -1.78702948e-08  2.73954609e-08  7.59773276e-07  2.73954609e-08  1.19999994e+00  2.73954609e-08  3.29999907e+00 
 2.74454609e-08  1.36783581e-07  2.74454609e-08 -6.86684655e-07  2.74454609e-08  1.19999996e+00  2.74454609e-08  3.30000093e+00 
 2.74954609e-08 -1.44479954e-08  2.74954609e-08  6.46283708e-07  2.74954609e-08  1.19999994e+00  2.74954609e-08  3.29999904e+00 
 2.75454609e-08  1.33432797e-07  2.75454609e-08 -5.74506471e-07  2.75454609e-08  1.19999996e+00  2.75454609e-08  3.30000096e+00 
 2.75954609e-08 -1.11672377e-08  2.75954609e-08  5.35402456e-07  2.75954609e-08  1.19999994e+00  2.75954609e-08  3.29999901e+00 
 2.76454609e-08  1.30220607e-07  2.76454609e-08 -4.64907361e-07  2.76454609e-08  1.19999996e+00  2.76454609e-08  3.30000099e+00 
 2.76954609e-08 -8.02220079e-09  2.76954609e-08  4.27071267e-07  2.76954609e-08  1.19999994e+00  2.76954609e-08  3.29999898e+00 
 2.77454609e-08  1.27141346e-07  2.77454609e-08 -3.57829516e-07  2.77454609e-08  1.19999996e+00  2.77454609e-08  3.30000102e+00 
 2.77954609e-08 -5.00738148e-09  2.77954609e-08  3.21232742e-07  2.77954609e-08  1.19999994e+00  2.77954609e-08  3.29999895e+00 
 2.78454609e-08  1.24189651e-07  2.78454609e-08 -2.53215966e-07  2.78454609e-08  1.19999996e+00  2.78454609e-08  3.30000105e+00 
 2.78954609e-08 -2.11753370e-09  2.78954609e-08  2.17830418e-07  2.78954609e-08  1.19999995e+00  2.78954609e-08  3.29999892e+00 
 2.79454609e-08  1.21360395e-07  2.79454609e-08 -1.51010779e-07  2.79454609e-08  1.19999996e+00  2.79454609e-08  3.30000108e+00 
 2.79954609e-08  6.52339079e-10  2.79954609e-08  1.16808799e-07  2.79954609e-08  1.19999995e+00  2.79954609e-08  3.29999889e+00 
 2.80454609e-08  1.18648716e-07  2.80454609e-08 -5.11588643e-08  2.80454609e-08  1.19999996e+00  2.80454609e-08  3.30000111e+00 
 2.80954609e-08  3.30698026e-09  2.80954609e-08  1.81133124e-08  2.80954609e-08  1.19999995e+00  2.80954609e-08  3.29999887e+00 
 2.81454609e-08  1.16049973e-07  2.81454609e-08  4.63938090e-08  2.81454609e-08  1.19999996e+00  2.81454609e-08  3.30000113e+00 
 2.81954609e-08  5.85093177e-09  2.81954609e-08 -7.83095865e-08  2.81954609e-08  1.19999995e+00  2.81954609e-08  3.29999884e+00 
 2.82454609e-08  1.13559729e-07  2.82454609e-08  1.41700270e-07  2.82454609e-08  1.19999996e+00  2.82454609e-08  3.30000116e+00 
 2.82954609e-08  8.28852082e-09  2.82954609e-08 -1.72512419e-07  2.82954609e-08  1.19999995e+00  2.82954609e-08  3.29999882e+00 
 2.83454609e-08  1.11173761e-07  2.83454609e-08  2.34812555e-07  2.83454609e-08  1.19999996e+00  2.83454609e-08  3.30000118e+00 
 2.83954609e-08  1.06238770e-08  2.83954609e-08 -2.64546699e-07  2.83954609e-08  1.19999995e+00  2.83954609e-08  3.29999879e+00 
 2.84454609e-08  1.08888017e-07  2.84454609e-08  3.25781648e-07  2.84454609e-08  1.19999996e+00  2.84454609e-08  3.30000120e+00 
 2.84954609e-08  1.28609681e-08  2.84954609e-08 -3.54462852e-07  2.84954609e-08  1.19999995e+00  2.84954609e-08  3.29999877e+00 
 2.85454609e-08  1.06698635e-07  2.85454609e-08  4.14657441e-07  2.85454609e-08  1.19999996e+00  2.85454609e-08  3.30000123e+00 
 2.85954609e-08  1.50035703e-08  2.85954609e-08 -4.42310323e-07  2.85954609e-08  1.19999995e+00  2.85954609e-08  3.29999875e+00 
 2.86454609e-08  1.04601896e-07  2.86454609e-08  5.01488857e-07  2.86454609e-08  1.19999996e+00  2.86454609e-08  3.30000125e+00 
 2.86954609e-08  1.70553316e-08  2.86954609e-08 -5.28137418e-07  2.86954609e-08  1.19999995e+00  2.86954609e-08  3.29999873e+00 
 2.87454609e-08  1.02594245e-07  2.87454609e-08  5.86323683e-07  2.87454609e-08  1.19999995e+00  2.87454609e-08  3.30000127e+00 
 2.87954609e-08  1.90197169e-08  2.87954609e-08 -6.11991490e-07  2.87954609e-08  1.19999995e+00  2.87954609e-08  3.29999871e+00 
 2.88454609e-08  1.00672287e-07  2.88454609e-08  6.69208745e-07  2.88454609e-08  1.19999995e+00  2.88454609e-08  3.30000129e+00 
 2.88954609e-08  2.09000647e-08  2.88954609e-08 -6.93918765e-07  2.88954609e-08  1.19999995e+00  2.88954609e-08  3.29999869e+00 
 2.89454609e-08  9.88327398e-08  2.89454609e-08  7.50189739e-07  2.89454609e-08  1.19999995e+00  2.89454609e-08  3.30000131e+00 
 2.89954609e-08  2.26995998e-08  2.89954609e-08 -7.73964492e-07  2.89954609e-08  1.19999995e+00  2.89954609e-08  3.29999867e+00 
 2.90454609e-08  9.70724518e-08  2.90454609e-08  8.29311420e-07  2.90454609e-08  1.19999995e+00  2.90454609e-08  3.30000132e+00 
 2.90954609e-08  2.44213908e-08  2.90954609e-08 -8.52172831e-07  2.90954609e-08  1.19999995e+00  2.90954609e-08  3.29999865e+00 
 2.91454609e-08  9.53884167e-08  2.91454609e-08  9.06617402e-07  2.91454609e-08  1.19999995e+00  2.91454609e-08  3.30000134e+00 
 2.91954609e-08  2.60683907e-08  2.91954609e-08 -9.28586935e-07  2.91954609e-08  1.19999995e+00  2.91954609e-08  3.29999864e+00 
 2.92454609e-08  9.37777333e-08  2.92454609e-08  9.82150370e-07  2.92454609e-08  1.19999995e+00  2.92454609e-08  3.30000136e+00 
 2.92954609e-08  2.76434552e-08  2.92954609e-08 -1.00324900e-06  2.92954609e-08  1.19999995e+00  2.92954609e-08  3.29999862e+00 
 2.93454609e-08  9.22376035e-08  2.93454609e-08  1.05595196e-06  2.93454609e-08  1.19999995e+00  2.93454609e-08  3.30000137e+00 
 2.93954609e-08  2.91493180e-08  2.93954609e-08 -1.07620011e-06  2.93954609e-08  1.19999995e+00  2.93954609e-08  3.29999861e+00 
 2.94454609e-08  9.07653475e-08  2.94454609e-08  1.12806283e-06  2.94454609e-08  1.19999995e+00  2.94454609e-08  3.30000139e+00 
 2.94954609e-08  3.05886096e-08  2.94954609e-08 -1.14748047e-06  2.94954609e-08  1.19999995e+00  2.94954609e-08  3.29999859e+00 
 2.95454609e-08  8.93583867e-08  2.95454609e-08  1.19852264e-06  2.95454609e-08  1.19999995e+00  2.95454609e-08  3.30000140e+00 
 2.95954609e-08  3.19638622e-08  2.95954609e-08 -1.21712925e-06  2.95954609e-08  1.19999995e+00  2.95954609e-08  3.29999858e+00 
 2.96454609e-08  8.80142287e-08  2.96454609e-08  1.26737010e-06  2.96454609e-08  1.19999995e+00  2.96454609e-08  3.30000142e+00 
 2.96954609e-08  3.32775186e-08  2.96954609e-08 -1.28518466e-06  2.96954609e-08  1.19999995e+00  2.96954609e-08  3.29999856e+00 
 2.97454609e-08  8.67304843e-08  2.97454609e-08  1.33464297e-06  2.97454609e-08  1.19999995e+00  2.97454609e-08  3.30000143e+00 
 2.97954609e-08  3.45319244e-08  2.97954609e-08 -1.35168401e-06  2.97954609e-08  1.19999995e+00  2.97954609e-08  3.29999855e+00 
 2.98454609e-08  8.55048486e-08  2.98454609e-08  1.40037805e-06  2.98454609e-08  1.19999995e+00  2.98454609e-08  3.30000144e+00 
 2.98954609e-08  3.57293452e-08  2.98954609e-08 -1.41666365e-06  2.98954609e-08  1.19999995e+00  2.98954609e-08  3.29999854e+00 
 2.99454609e-08  8.43350963e-08  2.99454609e-08  1.46461127e-06  2.99454609e-08  1.19999995e+00  2.99454609e-08  3.30000145e+00 
 2.99727304e-08  3.73326150e-08  2.99727304e-08 -1.50619032e-06  2.99727304e-08  1.19999995e+00  2.99727304e-08  3.29999852e+00 
 3.00000000e-08  8.23282133e-08  3.00000000e-08  1.57859346e-06  3.00000000e-08  1.19999995e+00  3.00000000e-08  3.30000147e+00 
 3.00050000e-08 -7.51311375e-06  3.00050000e-08 -6.35884301e-05  3.00050000e-08  1.19999854e+00  3.00050000e-08  3.29998786e+00 
 3.00150000e-08  8.55245634e-06  3.00150000e-08  1.77340339e-05  3.00150000e-08  1.20000261e+00  3.00150000e-08  3.30000835e+00 
 3.00350000e-08 -7.89639433e-07  3.00350000e-08  2.41611692e-05  3.00350000e-08  1.19999843e+00  3.00350000e-08  3.30000234e+00 
 3.00750000e-08 -2.39204344e-06  3.00750000e-08 -1.98934433e-06  3.00750000e-08  1.20000040e+00  3.00750000e-08  3.29999923e+00 
 3.01250000e-08  1.68461805e-05  3.01250000e-08  1.06946410e-04  3.01250000e-08  1.20000119e+00  3.01250000e-08  3.30001058e+00 
 3.01625000e-08  1.15293101e-06  3.01625000e-08  1.25917349e-04  3.01625000e-08  1.19999789e+00  3.01625000e-08  3.30000614e+00 
 3.02000000e-08 -2.39734495e-04  3.02000000e-08 -2.70639432e-04  3.02000000e-08  1.19997963e+00  3.02000000e-08  3.29994833e+00 
 3.02050000e-08 -1.22085815e-04  3.02050000e-08 -4.35217032e-04  3.02050000e-08  1.20000951e+00  3.02050000e-08  3.29992630e+00 
 3.02150000e-08  4.89363679e-04  3.02150000e-08 -1.06916418e-03  3.02150000e-08  1.20011648e+00  3.02150000e-08  3.29983107e+00 
 3.02350000e-08  4.29975764e-05  3.02350000e-08 -1.19618653e-03  3.02350000e-08  1.19992438e+00  3.02350000e-08  3.29990663e+00 
 3.02646025e-08 -2.43486793e-04  3.02646025e-08  1.05003709e-03  3.02646025e-08  1.19999175e+00  3.02646025e-08  3.30028348e+00 
 3.02991385e-08  2.31914832e-04  3.02991385e-08  1.14486517e-03  3.02991385e-08  1.20005225e+00  3.02991385e-08  3.30007990e+00 
 3.03446566e-08 -1.94443829e-04  3.03446566e-08 -1.02133209e-03  3.03446566e-08  1.19993722e+00  3.03446566e-08  3.29975160e+00 
 3.03946566e-08  1.61114582e-04  3.03946566e-08  5.40445434e-04  3.03946566e-08  1.20006194e+00  3.03946566e-08  3.30016234e+00 
 3.04446566e-08 -1.30558325e-04  3.04446566e-08 -3.80558352e-04  3.04446566e-08  1.19994366e+00  3.04446566e-08  3.29990483e+00 
 3.04946566e-08  1.04477131e-04  3.04946566e-08  2.37409884e-04  3.04946566e-08  1.20004842e+00  3.04946566e-08  3.30006817e+00 
 3.05446566e-08 -8.21844311e-05  3.05446566e-08 -1.63374264e-04  3.05446566e-08  1.19995978e+00  3.05446566e-08  3.29995096e+00 
 3.05946566e-08  6.39919474e-05  3.05946566e-08  1.01590593e-04  3.05946566e-08  1.20003225e+00  3.05946566e-08  3.30003770e+00 
 3.06446566e-08 -4.88359686e-05  3.06446566e-08 -6.15737635e-05  3.06446566e-08  1.19997466e+00  3.06446566e-08  3.29997125e+00 
 3.06946566e-08  3.67832351e-05  3.06946566e-08  2.88413337e-05  3.06946566e-08  1.20001924e+00  3.06946566e-08  3.30002197e+00 
 3.07446566e-08 -2.68470238e-05  3.07446566e-08 -4.55317261e-06  3.07446566e-08  1.19998566e+00  3.07446566e-08  3.29998387e+00 
 3.07946566e-08  1.91322871e-05  3.07946566e-08 -1.53207001e-05  3.07946566e-08  1.20001018e+00  3.07946566e-08  3.30001112e+00 
 3.08446566e-08 -1.27886461e-05  3.08446566e-08  3.10845595e-05  3.08446566e-08  1.19999297e+00  3.08446566e-08  3.29999333e+00 
 3.08946566e-08  8.01245323e-06  3.08946566e-08 -4.40253982e-05  3.08946566e-08  1.20000438e+00  3.08946566e-08  3.30000269e+00 
 3.09446566e-08 -4.06774688e-06  3.09446566e-08  5.45673254e-05  3.09446566e-08  1.19999751e+00  3.09446566e-08  3.30000085e+00 
 3.09946566e-08  1.23481484e-06  3.09946566e-08 -6.32091484e-05  3.09946566e-08  1.20000089e+00  3.09946566e-08  3.29999595e+00 
 3.10446566e-08  1.13932115e-06  3.10446566e-08  7.02902042e-05  3.10446566e-08  1.20000014e+00  3.10446566e-08  3.30000689e+00 
 3.10946566e-08 -2.71012436e-06  3.10946566e-08 -7.60382502e-05  3.10946566e-08  1.19999894e+00  3.10946566e-08  3.29999054e+00 
 3.11446566e-08  4.07405940e-06  3.11446566e-08  8.07329561e-05  3.11446566e-08  1.20000155e+00  3.11446566e-08  3.30001172e+00 
 3.11946566e-08 -4.83903866e-06  3.11946566e-08 -8.44608139e-05  3.11946566e-08  1.19999796e+00  3.11946566e-08  3.29998624e+00 
 3.12446566e-08  5.56433061e-06  3.12446566e-08  8.74537013e-05  3.12446566e-08  1.20000220e+00  3.12446566e-08  3.30001554e+00 
 3.12946566e-08 -5.82584732e-06  3.12946566e-08 -8.97422235e-05  3.12946566e-08  1.19999756e+00  3.12946566e-08  3.29998286e+00 
 3.13446566e-08  6.15701078e-06  3.13446566e-08  9.15181831e-05  3.13446566e-08  1.20000240e+00  3.13446566e-08  3.30001853e+00 
 3.13946566e-08 -6.11288634e-06  3.13946566e-08 -9.27751170e-05  3.13946566e-08  1.19999750e+00  3.13946566e-08  3.29998023e+00 
 3.14446566e-08  6.20912201e-06  3.14446566e-08  9.36767466e-05  3.14446566e-08  1.20000236e+00  3.14446566e-08  3.30002083e+00 
 3.14946566e-08 -5.98713361e-06  3.14946566e-08 -9.41930730e-05  3.14946566e-08  1.19999763e+00  3.14946566e-08  3.29997822e+00 
 3.15446566e-08  5.95066396e-06  3.15446566e-08  9.44673603e-05  3.15446566e-08  1.20000218e+00  3.15446566e-08  3.30002258e+00 
 3.15946566e-08 -5.63219892e-06  3.15946566e-08 -9.44537564e-05  3.15946566e-08  1.19999784e+00  3.15946566e-08  3.29997672e+00 
 3.16446566e-08  5.52762134e-06  3.16446566e-08  9.42801149e-05  3.16446566e-08  1.20000195e+00  3.16446566e-08  3.30002386e+00 
 3.16946566e-08 -5.16358627e-06  3.16946566e-08 -9.38898290e-05  3.16946566e-08  1.19999808e+00  3.16946566e-08  3.29997563e+00 
 3.17446566e-08  5.03084836e-06  3.17446566e-08  9.33989174e-05  3.17446566e-08  1.20000170e+00  3.17446566e-08  3.30002477e+00 
 3.17946566e-08 -4.65227585e-06  3.17946566e-08 -9.27435369e-05  3.17946566e-08  1.19999833e+00  3.17946566e-08  3.29997488e+00 
 3.18446566e-08  4.51531770e-06  3.18446566e-08  9.20304946e-05  3.18446566e-08  1.20000146e+00  3.18446566e-08  3.30002537e+00 
 3.18946566e-08 -4.14040566e-06  3.18946566e-08 -9.11911791e-05  3.18946566e-08  1.19999856e+00  3.18946566e-08  3.29997441e+00 
 3.19446566e-08  4.01288788e-06  3.19446566e-08  9.03251527e-05  3.19446566e-08  1.20000124e+00  3.19446566e-08  3.30002573e+00 
 3.19946566e-08 -3.65165037e-06  3.19946566e-08 -8.93607782e-05  3.19946566e-08  1.19999877e+00  3.19946566e-08  3.29997416e+00 
 3.20446566e-08  3.54073058e-06  3.20446566e-08  8.83918679e-05  3.20446566e-08  1.20000104e+00  3.20446566e-08  3.30002589e+00 
 3.20946566e-08 -3.19805384e-06  3.20946566e-08 -8.73449885e-05  3.20946566e-08  1.19999895e+00  3.20946566e-08  3.29997409e+00 
 3.21446566e-08  3.10686064e-06  3.21446566e-08  8.63093483e-05  3.21446566e-08  1.20000087e+00  3.21446566e-08  3.30002588e+00 
 3.21946566e-08 -2.78449720e-06  3.21946566e-08 -8.52105790e-05  3.21946566e-08  1.19999911e+00  3.21946566e-08  3.29997416e+00 
 3.22446566e-08  2.71373768e-06  3.22446566e-08  8.41341712e-05  3.22446566e-08  1.20000072e+00  3.22446566e-08  3.30002574e+00 
 3.22946566e-08 -2.41159549e-06  3.22946566e-08 -8.30054176e-05  3.22946566e-08  1.19999925e+00  3.22946566e-08  3.29997436e+00 
 3.23446566e-08  2.36058863e-06  3.23446566e-08  8.19067790e-05  3.23446566e-08  1.20000059e+00  3.23446566e-08  3.30002550e+00 
 3.23946566e-08 -2.07755428e-06  3.23946566e-08 -8.07636149e-05  3.23946566e-08  1.19999937e+00  3.23946566e-08  3.29997465e+00 
 3.24446566e-08  2.04488553e-06  3.24446566e-08  7.96558938e-05  3.24446566e-08  1.20000048e+00  3.24446566e-08  3.30002516e+00 
 3.24946566e-08 -1.77934088e-06  3.24946566e-08 -7.85093096e-05  3.24946566e-08  1.19999948e+00  3.24946566e-08  3.29997502e+00 
 3.25446566e-08  1.76326843e-06  3.25446566e-08  7.74017614e-05  3.25446566e-08  1.20000038e+00  3.25446566e-08  3.30002476e+00 
 3.25946566e-08 -1.51340705e-06  3.25946566e-08 -7.62594468e-05  3.25946566e-08  1.19999957e+00  3.25946566e-08  3.29997545e+00 
 3.26446566e-08  1.51210672e-06  3.26446566e-08  7.51585297e-05  3.26446566e-08  1.20000030e+00  3.26446566e-08  3.30002430e+00 
 3.26946566e-08 -1.27612066e-06  3.26946566e-08 -7.40258110e-05  3.26946566e-08  1.19999964e+00  3.26946566e-08  3.29997593e+00 
 3.27446566e-08  1.28782664e-06  3.27446566e-08  7.29359861e-05  3.27446566e-08  1.20000023e+00  3.27446566e-08  3.30002380e+00 
 3.27946566e-08 -1.06401035e-06  3.27946566e-08 -7.18165089e-05  3.27946566e-08  1.19999971e+00  3.27946566e-08  3.29997646e+00 
 3.28446566e-08  1.08709006e-06  3.28446566e-08  7.07408208e-05  3.28446566e-08  1.20000016e+00  3.28446566e-08  3.30002325e+00 
 3.28946566e-08 -8.73892140e-07  3.28946566e-08 -6.96370446e-05  3.28946566e-08  1.19999977e+00  3.28946566e-08  3.29997701e+00 
 3.29446566e-08  9.06880023e-07  3.29446566e-08  6.85775415e-05  3.29446566e-08  1.20000011e+00  3.29446566e-08  3.30002268e+00 
 3.29946566e-08 -7.02922966e-07  3.29946566e-08 -6.74910957e-05  3.29946566e-08  1.19999982e+00  3.29946566e-08  3.29997760e+00 
 3.30446566e-08  7.44529486e-07  3.30446566e-08  6.64491308e-05  3.30446566e-08  1.20000006e+00  3.30446566e-08  3.30002209e+00 
 3.30946566e-08 -5.48610429e-07  3.30946566e-08 -6.53810694e-05  3.30946566e-08  1.19999986e+00  3.30946566e-08  3.29997820e+00 
 3.31446566e-08  5.97716743e-07  3.31446566e-08  6.43575159e-05  3.31446566e-08  1.20000002e+00  3.31446566e-08  3.30002148e+00 
 3.31946566e-08 -4.08797688e-07  3.31946566e-08 -6.33084987e-05  3.31946566e-08  1.19999990e+00  3.31946566e-08  3.29997882e+00 
 3.32446566e-08  4.64442656e-07  3.32446566e-08  6.23039017e-05  3.32446566e-08  1.19999998e+00  3.32446566e-08  3.30002086e+00 
 3.32946566e-08 -2.81635322e-07  3.32946566e-08 -6.12743213e-05  3.32946566e-08  1.19999994e+00  3.32946566e-08  3.29997944e+00 
 3.33446566e-08  3.42999039e-07  3.33446566e-08  6.02890041e-05  3.33446566e-08  1.19999995e+00  3.33446566e-08  3.30002023e+00 
 3.33946566e-08 -1.65547648e-07  3.33946566e-08 -5.92790738e-05  3.33946566e-08  1.19999997e+00  3.33946566e-08  3.29998008e+00 
 3.34446566e-08  2.31933987e-07  3.34446566e-08  5.83132116e-05  3.34446566e-08  1.19999992e+00  3.34446566e-08  3.30001959e+00 
 3.34946566e-08 -5.91979226e-08  3.34946566e-08 -5.73230264e-05  3.34946566e-08  1.20000000e+00  3.34946566e-08  3.29998072e+00 
 3.35446566e-08  1.30017504e-07  3.35446566e-08  5.63766957e-05  3.35446566e-08  1.19999989e+00  3.35446566e-08  3.30001895e+00 
 3.35946566e-08  3.85451521e-08  3.35946566e-08 -5.54062731e-05  3.35946566e-08  1.20000003e+00  3.35946566e-08  3.29998136e+00 
 3.36446566e-08  3.62093765e-08  3.36446566e-08  5.44794858e-05  3.36446566e-08  1.19999986e+00  3.36446566e-08  3.30001830e+00 
 3.36946566e-08  1.28637969e-07  3.36946566e-08 -5.35287923e-05  3.36946566e-08  1.20000005e+00  3.36946566e-08  3.29998200e+00 
 3.37446566e-08 -5.03698442e-08  3.37446566e-08  5.26215172e-05  3.37446566e-08  1.19999984e+00  3.37446566e-08  3.30001766e+00 
 3.37946566e-08  2.11889423e-07  3.37946566e-08 -5.16904861e-05  3.37946566e-08  1.20000007e+00  3.37946566e-08  3.29998265e+00 
 3.38446566e-08 -1.30464416e-07  3.38446566e-08  5.08026627e-05  3.38446566e-08  1.19999982e+00  3.38446566e-08  3.30001702e+00 
 3.38946566e-08  2.88984684e-07  3.38946566e-08 -4.98912047e-05  3.38946566e-08  1.20000009e+00  3.38946566e-08  3.29998328e+00 
 3.39446566e-08 -2.04705557e-07  3.39446566e-08  4.90227517e-05  3.39446566e-08  1.19999980e+00  3.39446566e-08  3.30001639e+00 
 3.39946566e-08  3.60505712e-07  3.39946566e-08 -4.81307607e-05  3.39946566e-08  1.20000011e+00  3.39946566e-08  3.29998391e+00 
 3.40446566e-08 -2.73630318e-07  3.40446566e-08  4.72815809e-05  3.40446566e-08  1.19999978e+00  3.40446566e-08  3.30001576e+00 
 3.40946566e-08  4.26948664e-07  3.40946566e-08 -4.64089382e-05  3.40946566e-08  1.20000013e+00  3.40946566e-08  3.29998454e+00 
 3.41446566e-08 -3.37697610e-07  3.41446566e-08  4.55789210e-05  3.41446566e-08  1.19999977e+00  3.41446566e-08  3.30001513e+00 
 3.41946566e-08  4.88738550e-07  3.41946566e-08 -4.47254963e-05  3.41946566e-08  1.20000014e+00  3.41946566e-08  3.29998516e+00 
 3.42446566e-08 -3.97301621e-07  3.42446566e-08  4.39145188e-05  3.42446566e-08  1.19999975e+00  3.42446566e-08  3.30001452e+00 
 3.42946566e-08  5.46241505e-07  3.42946566e-08 -4.30801710e-05  3.42946566e-08  1.20000016e+00  3.42946566e-08  3.29998577e+00 
 3.43446566e-08 -4.52782956e-07  3.43446566e-08  4.22880984e-05  3.43446566e-08  1.19999974e+00  3.43446566e-08  3.30001391e+00 
 3.43946566e-08  5.99774961e-07  3.43946566e-08 -4.14726757e-05  3.43946566e-08  1.20000017e+00  3.43946566e-08  3.29998638e+00 
 3.44446566e-08 -5.04437981e-07  3.44446566e-08  4.06993611e-05  3.44446566e-08  1.19999973e+00  3.44446566e-08  3.30001331e+00 
 3.44946566e-08  6.49616088e-07  3.44946566e-08 -3.99027006e-05  3.44946566e-08  1.20000018e+00  3.44946566e-08  3.29998697e+00 
 3.45446566e-08 -5.52526405e-07  3.45446566e-08  3.91479850e-05  3.45446566e-08  1.19999972e+00  3.45446566e-08  3.30001273e+00 
 3.45946566e-08  6.96008709e-07  3.45946566e-08 -3.83699125e-05  3.45946566e-08  1.20000019e+00  3.45946566e-08  3.29998755e+00 
 3.46446566e-08 -5.97277604e-07  3.46446566e-08  3.76336244e-05  3.46446566e-08  1.19999971e+00  3.46446566e-08  3.30001215e+00 
 3.46946566e-08  7.39169067e-07  3.46946566e-08 -3.68739540e-05  3.46946566e-08  1.20000020e+00  3.46946566e-08  3.29998813e+00 
 3.47446566e-08 -6.38895805e-07  3.47446566e-08  3.61559096e-05  3.47446566e-08  1.19999970e+00  3.47446566e-08  3.30001158e+00 
 3.47946566e-08  7.79290406e-07  3.47946566e-08 -3.54144438e-05  3.47946566e-08  1.20000021e+00  3.47946566e-08  3.29998869e+00 
 3.48446566e-08 -6.77564277e-07  3.48446566e-08  3.47144469e-05  3.48446566e-08  1.19999969e+00  3.48446566e-08  3.30001102e+00 
 3.48946566e-08  8.16546874e-07  3.48946566e-08 -3.39909766e-05  3.48946566e-08  1.20000022e+00  3.48946566e-08  3.29998924e+00 
 3.49446566e-08 -7.13448776e-07  3.49446566e-08  3.33088187e-05  3.49446566e-08  1.19999968e+00  3.49446566e-08  3.30001048e+00 
 3.49946566e-08  8.51096566e-07  3.49946566e-08 -3.26031236e-05  3.49946566e-08  1.20000023e+00  3.49946566e-08  3.29998978e+00 
 3.50446566e-08 -7.46700405e-07  3.50446566e-08  3.19385848e-05  3.50446566e-08  1.19999967e+00  3.50446566e-08  3.30000995e+00 
 3.50946566e-08  8.83084131e-07  3.50946566e-08 -3.12504337e-05  3.50946566e-08  1.20000023e+00  3.50946566e-08  3.29999030e+00 
 3.51446566e-08 -7.77457838e-07  3.51446566e-08  3.06032826e-05  3.51446566e-08  1.19999967e+00  3.51446566e-08  3.30000942e+00 
 3.51946566e-08  9.12642752e-07  3.51946566e-08 -2.99324339e-05  3.51946566e-08  1.20000024e+00  3.51946566e-08  3.29999082e+00 
 3.52446566e-08 -8.05849204e-07  3.52446566e-08  2.93024287e-05  3.52446566e-08  1.19999966e+00  3.52446566e-08  3.30000891e+00 
 3.52946566e-08  9.39895886e-07  3.52946566e-08 -2.86486313e-05  3.52946566e-08  1.20000025e+00  3.52946566e-08  3.29999132e+00 
 3.53446566e-08 -8.31993624e-07  3.53446566e-08  2.80355204e-05  3.53446566e-08  1.19999965e+00  3.53446566e-08  3.30000842e+00 
 3.53946566e-08  9.64958619e-07  3.53946566e-08 -2.73985142e-05  3.53946566e-08  1.20000025e+00  3.53946566e-08  3.29999181e+00 
 3.54446566e-08 -8.56002423e-07  3.54446566e-08  2.68020371e-05  3.54446566e-08  1.19999965e+00  3.54446566e-08  3.30000793e+00 
 3.54946566e-08  9.87938772e-07  3.54946566e-08 -2.61815539e-05  3.54946566e-08  1.20000026e+00  3.54946566e-08  3.29999229e+00 
 3.55446566e-08 -8.77980137e-07  3.55446566e-08  2.56014420e-05  3.55446566e-08  1.19999965e+00  3.55446566e-08  3.30000746e+00 
 3.55946566e-08  1.00893780e-06  3.55946566e-08 -2.49972064e-05  3.55946566e-08  1.20000026e+00  3.55946566e-08  3.29999276e+00 
 3.56446566e-08 -8.98025328e-07  3.56446566e-08  2.44331841e-05  3.56446566e-08  1.19999964e+00  3.56446566e-08  3.30000700e+00 
 3.56946566e-08  1.02805155e-06  3.56946566e-08 -2.38449142e-05  3.56946566e-08  1.20000026e+00  3.56946566e-08  3.29999321e+00 
 3.57446566e-08 -9.16231260e-07  3.57446566e-08  2.32966997e-05  3.57446566e-08  1.19999964e+00  3.57446566e-08  3.30000655e+00 
 3.57946566e-08  1.04537083e-06  3.57946566e-08 -2.27241083e-05  3.57946566e-08  1.20000027e+00  3.57946566e-08  3.29999366e+00 
 3.58446566e-08 -9.32686452e-07  3.58446566e-08  2.21914142e-05  3.58446566e-08  1.19999964e+00  3.58446566e-08  3.30000612e+00 
 3.58946566e-08  1.06098198e-06  3.58946566e-08 -2.16342096e-05  3.58946566e-08  1.20000027e+00  3.58946566e-08  3.29999408e+00 
 3.59446566e-08 -9.47475125e-07  3.59446566e-08  2.11167443e-05  3.59446566e-08  1.19999963e+00  3.59446566e-08  3.30000569e+00 
 3.59946566e-08  1.07496722e-06  3.59946566e-08 -2.05746308e-05  3.59946566e-08  1.20000027e+00  3.59946566e-08  3.29999450e+00 
 3.60446566e-08 -9.60677584e-07  3.60446566e-08  2.00720990e-05  3.60446566e-08  1.19999963e+00  3.60446566e-08  3.30000528e+00 
 3.60946566e-08  1.08740500e-06  3.60946566e-08 -1.95447783e-05  3.60946566e-08  1.20000027e+00  3.60946566e-08  3.29999491e+00 
 3.61446566e-08 -9.72370503e-07  3.61446566e-08  1.90568821e-05  3.61446566e-08  1.19999963e+00  3.61446566e-08  3.30000488e+00 
 3.61946566e-08  1.09837031e-06  3.61946566e-08 -1.85440535e-05  3.61946566e-08  1.20000027e+00  3.61946566e-08  3.29999530e+00 
 3.62446566e-08 -9.82627247e-07  3.62446566e-08  1.80704931e-05  3.62446566e-08  1.19999963e+00  3.62446566e-08  3.30000449e+00 
 3.62946566e-08  1.10793493e-06  3.62946566e-08 -1.75718546e-05  3.62946566e-08  1.20000027e+00  3.62946566e-08  3.29999568e+00 
 3.63446566e-08 -9.91518024e-07  3.63446566e-08  1.71123288e-05  3.63446566e-08  1.19999963e+00  3.63446566e-08  3.30000412e+00 
 3.63946566e-08  1.11616756e-06  3.63946566e-08 -1.66275779e-05  3.63946566e-08  1.20000027e+00  3.63946566e-08  3.29999606e+00 
 3.64446566e-08 -9.99110132e-07  3.64446566e-08  1.61817852e-05  3.64446566e-08  1.19999963e+00  3.64446566e-08  3.30000375e+00 
 3.64946566e-08  1.12313411e-06  3.64946566e-08 -1.57106192e-05  3.64946566e-08  1.20000027e+00  3.64946566e-08  3.29999641e+00 
 3.65446566e-08 -1.00546808e-06  3.65446566e-08  1.52782581e-05  3.65446566e-08  1.19999963e+00  3.65446566e-08  3.30000340e+00 
 3.65946566e-08  1.12889776e-06  3.65946566e-08 -1.48203749e-05  3.65946566e-08  1.20000027e+00  3.65946566e-08  3.29999676e+00 
 3.66446566e-08 -1.01065379e-06  3.66446566e-08  1.44011450e-05  3.66446566e-08  1.19999963e+00  3.66446566e-08  3.30000305e+00 
 3.66946566e-08  1.13351917e-06  3.66946566e-08 -1.39562438e-05  3.66946566e-08  1.20000027e+00  3.66946566e-08  3.29999710e+00 
 3.67446566e-08 -1.01472663e-06  3.67446566e-08  1.35498456e-05  3.67446566e-08  1.19999963e+00  3.67446566e-08  3.30000272e+00 
 3.67946566e-08  1.13705650e-06  3.67946566e-08 -1.31176272e-05  3.67946566e-08  1.20000027e+00  3.67946566e-08  3.29999743e+00 
 3.68446566e-08 -1.01774363e-06  3.68446566e-08  1.27237633e-05  3.68446566e-08  1.19999963e+00  3.68446566e-08  3.30000240e+00 
 3.68946566e-08  1.13956563e-06  3.68946566e-08 -1.23039306e-05  3.68946566e-08  1.20000027e+00  3.68946566e-08  3.29999774e+00 
 3.69446566e-08 -1.01975952e-06  3.69446566e-08  1.19223057e-05  3.69446566e-08  1.19999963e+00  3.69446566e-08  3.30000209e+00 
 3.69946566e-08  1.14110019e-06  3.69946566e-08 -1.15145644e-05  3.69946566e-08  1.20000027e+00  3.69946566e-08  3.29999805e+00 
 3.70446566e-08 -1.02082685e-06  3.70446566e-08  1.11448860e-05  3.70446566e-08  1.19999963e+00  3.70446566e-08  3.30000179e+00 
 3.70946566e-08  1.14171167e-06  3.70946566e-08 -1.07489445e-05  3.70946566e-08  1.20000027e+00  3.70946566e-08  3.29999834e+00 
 3.71446566e-08 -1.02099607e-06  3.71446566e-08  1.03909231e-05  3.71446566e-08  1.19999964e+00  3.71446566e-08  3.30000150e+00 
 3.71946566e-08  1.14144950e-06  3.71946566e-08 -1.00064933e-05  3.71946566e-08  1.20000027e+00  3.71946566e-08  3.29999863e+00 
 3.72446566e-08 -1.02031561e-06  3.72446566e-08  9.65984290e-06  3.72446566e-08  1.19999964e+00  3.72446566e-08  3.30000122e+00 
 3.72946566e-08  1.14036112e-06  3.72946566e-08 -9.28664021e-06  3.72946566e-08  1.20000026e+00  3.72946566e-08  3.29999890e+00 
 3.73446566e-08 -1.01883195e-06  3.73446566e-08  8.95107837e-06  3.73446566e-08  1.19999964e+00  3.73446566e-08  3.30000095e+00 
 3.73946566e-08  1.13849208e-06  3.73946566e-08 -8.58882210e-06  3.73946566e-08  1.20000026e+00  3.73946566e-08  3.29999917e+00 
 3.74446566e-08 -1.01658969e-06  3.74446566e-08  8.26407045e-06  3.74446566e-08  1.19999964e+00  3.74446566e-08  3.30000069e+00 
 3.74946566e-08  1.13588607e-06  3.74946566e-08 -7.91248404e-06  3.74946566e-08  1.20000026e+00  3.74946566e-08  3.29999942e+00 
 3.75446566e-08 -1.01363165e-06  3.75446566e-08  7.59826831e-06  3.75446566e-08  1.19999964e+00  3.75446566e-08  3.30000044e+00 
 3.75946566e-08  1.13258503e-06  3.75946566e-08 -7.25707947e-06  3.75946566e-08  1.20000026e+00  3.75946566e-08  3.29999967e+00 
 3.76446566e-08 -1.00999889e-06  3.76446566e-08  6.95312980e-06  3.76446566e-08  1.19999965e+00  3.76446566e-08  3.30000020e+00 
 3.76946566e-08  1.12862916e-06  3.76946566e-08 -6.62207083e-06  3.76946566e-08  1.20000026e+00  3.76946566e-08  3.29999991e+00 
 3.77446566e-08 -1.00573080e-06  3.77446566e-08  6.32812187e-06  3.77446566e-08  1.19999965e+00  3.77446566e-08  3.29999996e+00 
 3.77946566e-08  1.12405704e-06  3.77946566e-08 -6.00692963e-06  3.77946566e-08  1.20000025e+00  3.77946566e-08  3.30000014e+00 
 3.78446566e-08 -1.00086512e-06  3.78446566e-08  5.72272071e-06  3.78446566e-08  1.19999965e+00  3.78446566e-08  3.29999974e+00 
 3.78946566e-08  1.11890564e-06  3.78946566e-08 -5.41113686e-06  3.78946566e-08  1.20000025e+00  3.78946566e-08  3.30000036e+00 
 3.79446566e-08 -9.95438089e-07  3.79446566e-08  5.13641210e-06  3.79446566e-08  1.19999966e+00  3.79446566e-08  3.29999952e+00 
 3.79946566e-08  1.11321043e-06  3.79946566e-08 -4.83418316e-06  3.79946566e-08  1.20000025e+00  3.79946566e-08  3.30000057e+00 
 3.80446566e-08 -9.89484402e-07  3.80446566e-08  4.56869154e-06  3.80446566e-08  1.19999966e+00  3.80446566e-08  3.29999931e+00 
 3.80946566e-08  1.10700536e-06  3.80946566e-08 -4.27556894e-06  3.80946566e-08  1.20000024e+00  3.80946566e-08  3.30000077e+00 
 3.81446566e-08 -9.83037300e-07  3.81446566e-08  4.01906442e-06  3.81446566e-08  1.19999966e+00  3.81446566e-08  3.29999911e+00 
 3.81946566e-08  1.10032298e-06  3.81946566e-08 -3.73480466e-06  3.81946566e-08  1.20000024e+00  3.81946566e-08  3.30000097e+00 
 3.82446566e-08 -9.76128627e-07  3.82446566e-08  3.48704618e-06  3.82446566e-08  1.19999966e+00  3.82446566e-08  3.29999892e+00 
 3.82946566e-08  1.09319444e-06  3.82946566e-08 -3.21141070e-06  3.82946566e-08  1.20000024e+00  3.82946566e-08  3.30000116e+00 
 3.83446566e-08 -9.68788864e-07  3.83446566e-08  2.97216227e-06  3.83446566e-08  1.19999967e+00  3.83446566e-08  3.29999874e+00 
 3.83946566e-08  1.08564957e-06  3.83946566e-08 -2.70491767e-06  3.83946566e-08  1.20000023e+00  3.83946566e-08  3.30000134e+00 
 3.84446566e-08 -9.61047209e-07  3.84446566e-08  2.47394830e-06  3.84446566e-08  1.19999967e+00  3.84446566e-08  3.29999856e+00 
 3.84946566e-08  1.07771695e-06  3.84946566e-08 -2.21486619e-06  3.84946566e-08  1.20000023e+00  3.84946566e-08  3.30000152e+00 
 3.85446566e-08 -9.52931604e-07  3.85446566e-08  1.99195003e-06  3.85446566e-08  1.19999967e+00  3.85446566e-08  3.29999839e+00 
 3.85946566e-08  1.06942388e-06  3.85946566e-08 -1.74080716e-06  3.85946566e-08  1.20000023e+00  3.85946566e-08  3.30000168e+00 
 3.86446566e-08 -9.44468754e-07  3.86446566e-08  1.52572337e-06  3.86446566e-08  1.19999968e+00  3.86446566e-08  3.29999822e+00 
 3.86946566e-08  1.06079649e-06  3.86946566e-08 -1.28230150e-06  3.86946566e-08  1.20000022e+00  3.86946566e-08  3.30000184e+00 
 3.87446566e-08 -9.35684213e-07  3.87446566e-08  1.07483428e-06  3.87446566e-08  1.19999968e+00  3.87446566e-08  3.29999807e+00 
 3.87946566e-08  1.05185977e-06  3.87946566e-08 -8.38920215e-07  3.87946566e-08  1.20000022e+00  3.87946566e-08  3.30000200e+00 
 3.88446566e-08 -9.26602406e-07  3.88446566e-08  6.38858808e-07  3.88446566e-08  1.19999969e+00  3.88446566e-08  3.29999792e+00 
 3.88946566e-08  1.04263761e-06  3.88946566e-08 -4.10244351e-07  3.88946566e-08  1.20000022e+00  3.88946566e-08  3.30000214e+00 
 3.89446566e-08 -9.17246681e-07  3.89446566e-08  2.17382974e-07  3.89446566e-08  1.19999969e+00  3.89446566e-08  3.29999777e+00 
 3.89946566e-08  1.03315280e-06  3.89946566e-08  4.13506517e-09  3.89946566e-08  1.20000021e+00  3.89946566e-08  3.30000228e+00 
 3.90446566e-08 -9.07639326e-07  3.90446566e-08 -1.89997297e-07  3.90446566e-08  1.19999969e+00  3.90446566e-08  3.29999763e+00 
 3.90946566e-08  1.02342714e-06  3.90946566e-08  4.04617241e-07  3.90946566e-08  1.20000021e+00  3.90946566e-08  3.30000242e+00 
 3.91446566e-08 -8.97801641e-07  3.91446566e-08 -5.83676291e-07  3.91446566e-08  1.19999970e+00  3.91446566e-08  3.29999750e+00 
 3.91946566e-08  1.01348143e-06  3.91946566e-08  7.91591613e-07  3.91946566e-08  1.20000021e+00  3.91946566e-08  3.30000255e+00 
 3.92446566e-08 -8.87753942e-07  3.92446566e-08 -9.64038656e-07  3.92446566e-08  1.19999970e+00  3.92446566e-08  3.29999738e+00 
 3.92946566e-08  1.00333554e-06  3.92946566e-08  1.16543798e-06  3.92946566e-08  1.20000020e+00  3.92946566e-08  3.30000267e+00 
 3.93446566e-08 -8.77515630e-07  3.93446566e-08 -1.33145939e-06  3.93446566e-08  1.19999970e+00  3.93446566e-08  3.29999726e+00 
 3.93946566e-08  9.93008402e-07  3.93946566e-08  1.52652667e-06  3.93946566e-08  1.20000020e+00  3.93946566e-08  3.30000279e+00 
 3.94446566e-08 -8.67105194e-07  3.94446566e-08 -1.68630417e-06  3.94446566e-08  1.19999971e+00  3.94446566e-08  3.29999714e+00 
 3.94946566e-08  9.82518060e-07  3.94946566e-08  1.87521869e-06  3.94946566e-08  1.20000019e+00  3.94946566e-08  3.30000290e+00 
 3.95446566e-08 -8.56540265e-07  3.95446566e-08 -2.02892936e-06  3.95446566e-08  1.19999971e+00  3.95446566e-08  3.29999703e+00 
 3.95946566e-08  9.71881742e-07  3.95946566e-08  2.21186577e-06  3.95946566e-08  1.20000019e+00  3.95946566e-08  3.30000301e+00 
 3.96446566e-08 -8.45837640e-07  3.96446566e-08 -2.35968216e-06  3.96446566e-08  1.19999971e+00  3.96446566e-08  3.29999693e+00 
 3.96946566e-08  9.61115835e-07  3.96946566e-08  2.53681070e-06  3.96946566e-08  1.20000019e+00  3.96946566e-08  3.30000311e+00 
 3.97446566e-08 -8.35013321e-07  3.97446566e-08 -2.67890087e-06  3.97446566e-08  1.19999972e+00  3.97446566e-08  3.29999683e+00 
 3.97946566e-08  9.50235937e-07  3.97946566e-08  2.85038725e-06  3.97946566e-08  1.20000018e+00  3.97946566e-08  3.30000321e+00 
 3.98446566e-08 -8.24082524e-07  3.98446566e-08 -2.98691490e-06  3.98446566e-08  1.19999972e+00  3.98446566e-08  3.29999673e+00 
 3.98946566e-08  9.39256921e-07  3.98946566e-08  3.15292056e-06  3.98946566e-08  1.20000018e+00  3.98946566e-08  3.30000330e+00 
 3.99446566e-08 -8.13059760e-07  3.99446566e-08 -3.28404507e-06  3.99446566e-08  1.19999973e+00  3.99446566e-08  3.29999664e+00 
 3.99723283e-08  9.23708638e-07  3.99723283e-08  3.55951174e-06  3.99723283e-08  1.20000017e+00  3.99723283e-08  3.30000342e+00 
 4.00000000e-08 -7.92953672e-07  4.00000000e-08 -3.79437973e-06  4.00000000e-08  1.19999973e+00  4.00000000e-08  3.29999649e+00 
 4.00050000e-08  1.38712083e-05  4.00050000e-08  1.51686187e-04  4.00050000e-08  1.20000252e+00  4.00050000e-08  3.30002897e+00 
 4.00150000e-08 -6.50377639e-06  4.00150000e-08  9.86973435e-06  4.00150000e-08  1.19999676e+00  4.00150000e-08  3.29999000e+00 
 4.00350000e-08 -7.28369353e-06  4.00350000e-08 -5.62899947e-05  4.00350000e-08  1.20000013e+00  4.00350000e-08  3.29999003e+00 
 4.00750000e-08  7.65977908e-06  4.00750000e-08 -5.73489910e-05  4.00750000e-08  1.20000130e+00  4.00750000e-08  3.29999416e+00 
 4.01250000e-08 -3.86285436e-05  4.01250000e-08 -1.41842336e-04  4.01250000e-08  1.19999578e+00  4.01250000e-08  3.29999340e+00 
 4.01625000e-08 -5.66851267e-05  4.01625000e-08 -2.93765526e-04  4.01625000e-08  1.20000033e+00  4.01625000e-08  3.29997591e+00 
 4.02000000e-08  5.20481603e-04  4.02000000e-08  3.54259059e-04  4.02000000e-08  1.20005093e+00  4.02000000e-08  3.30008237e+00 
 4.02050000e-08  4.65526502e-05  4.02050000e-08  4.77741045e-04  4.02050000e-08  1.19994239e+00  4.02050000e-08  3.30009025e+00 
 4.02150000e-08 -5.35975779e-04  4.02150000e-08  1.69826110e-03  4.02150000e-08  1.19987642e+00  4.02150000e-08  3.30029320e+00 
 4.02350000e-08 -1.19996928e-05  4.02350000e-08  1.88662520e-03  4.02350000e-08  1.20008993e+00  4.02350000e-08  3.30015215e+00 
 4.02638177e-08  1.03023165e-04  4.02638177e-08 -1.81072917e-03  4.02638177e-08  1.19998513e+00  4.02638177e-08  3.29953448e+00 
 4.02954654e-08 -7.71903951e-05  4.02954654e-08 -5.18743587e-04  4.02954654e-08  1.19998397e+00  4.02954654e-08  3.30004623e+00 
 4.03454654e-08  6.51764922e-05  4.03454654e-08  1.85456991e-04  4.03454654e-08  1.20002124e+00  4.03454654e-08  3.30007867e+00 
 4.03954654e-08 -5.55951320e-05  4.03954654e-08  7.13615156e-05  4.03954654e-08  1.19997765e+00  4.03954654e-08  3.30000215e+00 
 4.04454654e-08  4.82669189e-05  4.04454654e-08 -2.76459063e-05  4.04454654e-08  1.20002122e+00  4.04454654e-08  3.29997372e+00 
 4.04954654e-08 -4.21509098e-05  4.04954654e-08  4.00395888e-05  4.04954654e-08  1.19998056e+00  4.04954654e-08  3.30002203e+00 
 4.05454654e-08  3.73300043e-05  4.05454654e-08 -2.53888800e-05  4.05454654e-08  1.20001722e+00  4.05454654e-08  3.29997850e+00 
 4.05954654e-08 -3.30746222e-05  4.05954654e-08  2.00651239e-05  4.05954654e-08  1.19998475e+00  4.05954654e-08  3.30001849e+00 
 4.06454654e-08  2.96558978e-05  4.06454654e-08 -1.34663986e-05  4.06454654e-08  1.20001326e+00  4.06454654e-08  3.29998361e+00 
 4.06954654e-08 -2.64770306e-05  4.06954654e-08  9.28458975e-06  4.06954654e-08  1.19998832e+00  4.06954654e-08  3.30001430e+00 
 4.07454654e-08  2.39176260e-05  4.07454654e-08 -5.94669383e-06  4.07454654e-08  1.20001012e+00  4.07454654e-08  3.29998741e+00 
 4.07954654e-08 -2.14367018e-05  4.07954654e-08  3.69404823e-06  4.07954654e-08  1.19999106e+00  4.07954654e-08  3.30001108e+00 
 4.08454654e-08  1.94615142e-05  4.08454654e-08 -2.11341193e-06  4.08454654e-08  1.20000775e+00  4.08454654e-08  3.29999018e+00 
 4.08954654e-08 -1.74758262e-05  4.08954654e-08  1.14953203e-06  4.08954654e-08  1.19999310e+00  4.08954654e-08  3.30000872e+00 
 4.09454654e-08  1.59287177e-05  4.09454654e-08 -5.89839868e-07  4.09454654e-08  1.20000599e+00  4.09454654e-08  3.29999219e+00 
 4.09954654e-08 -1.43155766e-05  4.09954654e-08  3.98698304e-07  4.09954654e-08  1.19999462e+00  4.09954654e-08  3.30000701e+00 
 4.10454654e-08  1.30965037e-05  4.10454654e-08 -4.27129623e-07  4.10454654e-08  1.20000467e+00  4.10454654e-08  3.29999364e+00 
 4.10954654e-08 -1.17730450e-05  4.10954654e-08  6.73871831e-07  4.10954654e-08  1.19999577e+00  4.10954654e-08  3.30000578e+00 
 4.11454654e-08  1.08115860e-05  4.11454654e-08 -1.02248906e-06  4.11454654e-08  1.20000367e+00  4.11454654e-08  3.29999468e+00 
 4.11954654e-08 -9.71742818e-06  4.11954654e-08  1.49581643e-06  4.11954654e-08  1.19999664e+00  4.11954654e-08  3.30000490e+00 
 4.12454654e-08  8.96096388e-06  4.12454654e-08 -1.99732189e-06  4.12454654e-08  1.20000290e+00  4.12454654e-08  3.29999543e+00 
 4.12954654e-08 -8.05007177e-06  4.12954654e-08  2.56557710e-06  4.12954654e-08  1.19999731e+00  4.12954654e-08  3.30000428e+00 
 4.13454654e-08  7.45792063e-06  4.13454654e-08 -3.11684816e-06  4.13454654e-08  1.20000232e+00  4.13454654e-08  3.29999595e+00 
 4.13954654e-08 -6.69430106e-06  4.13954654e-08  3.69994836e-06  4.13954654e-08  1.19999783e+00  4.13954654e-08  3.30000383e+00 
 4.14454654e-08  6.23441335e-06  4.14454654e-08 -4.23946348e-06  4.14454654e-08  1.20000187e+00  4.14454654e-08  3.29999633e+00 
 4.14954654e-08 -5.58953074e-06  4.14954654e-08  4.79085834e-06  4.14954654e-08  1.19999823e+00  4.14954654e-08  3.30000352e+00 
 4.15454654e-08  5.23639129e-06  4.15454654e-08 -5.28409802e-06  4.15454654e-08  1.20000151e+00  4.15454654e-08  3.29999659e+00 
 4.15954654e-08 -4.68744508e-06  4.15954654e-08  5.77892257e-06  4.15954654e-08  1.19999854e+00  4.15954654e-08  3.30000329e+00 
 4.16454654e-08  4.42061892e-06  4.16454654e-08 -6.20871659e-06  4.16454654e-08  1.20000123e+00  4.16454654e-08  3.29999678e+00 
 4.16954654e-08 -3.94930798e-06  4.16954654e-08  6.63591162e-06  4.16954654e-08  1.19999879e+00  4.16954654e-08  3.30000313e+00 
 4.17454654e-08  3.75237042e-06  4.17454654e-08 -6.99600288e-06  4.17454654e-08  1.20000101e+00  4.17454654e-08  3.29999693e+00 
 4.17954654e-08 -3.34396476e-06  4.17954654e-08  7.35305915e-06  4.17954654e-08  1.19999898e+00  4.17954654e-08  3.30000300e+00 
 4.18454654e-08  3.20368517e-06  4.18454654e-08 -7.64381759e-06  4.18454654e-08  1.20000084e+00  4.18454654e-08  3.29999704e+00 
 4.18954654e-08 -2.84630838e-06  4.18954654e-08  7.93328821e-06  4.18954654e-08  1.19999914e+00  4.18954654e-08  3.30000290e+00 
 4.19454654e-08  2.75201367e-06  4.19454654e-08 -8.15888092e-06  4.19454654e-08  1.20000070e+00  4.19454654e-08  3.29999713e+00 
 4.19727327e-08 -2.28627732e-06  4.19727327e-08  8.54078482e-06  4.19727327e-08  1.19999931e+00  4.19727327e-08  3.30000278e+00 
 4.20000000e-08  2.11682582e-06  4.20000000e-08 -8.79925525e-06  4.20000000e-08  1.20000051e+00  4.20000000e-08  3.29999728e+00 
 4.20050000e-08  3.38077917e-06  4.20050000e-08  3.65700928e-05  4.20050000e-08  1.20000060e+00  4.20050000e-08  3.30000684e+00 
 4.20150000e-08 -1.66467785e-06  4.20150000e-08  1.53776064e-05  4.20150000e-08  1.19999918e+00  4.20150000e-08  3.30000018e+00 
 4.20350000e-08 -1.84130779e-06  4.20350000e-08 -2.49830918e-05  4.20350000e-08  1.19999999e+00  4.20350000e-08  3.29999451e+00 
 4.20750000e-08  2.55864893e-06  4.20750000e-08 -1.02261278e-05  4.20750000e-08  1.20000035e+00  4.20750000e-08  3.30000042e+00 
 4.21250000e-08 -9.84033369e-06  4.21250000e-08 -3.12037886e-05  4.21250000e-08  1.19999881e+00  4.21250000e-08  3.29999797e+00 
 4.21625000e-08 -4.61874832e-05  4.21625000e-08 -1.10152532e-04  4.21625000e-08  1.19999727e+00  4.21625000e-08  3.29998916e+00 
 4.22000000e-08  6.61758567e-04  4.22000000e-08 -5.95843819e-05  4.22000000e-08  1.20006398e+00  4.22000000e-08  3.30000470e+00 
 4.22050000e-08  6.04845511e-04  4.22050000e-08 -2.53755237e-04  4.22050000e-08  1.20002783e+00  4.22050000e-08  3.29996664e+00 
 4.22150000e-08  4.21346593e-04  4.22150000e-08  6.44238459e-04  4.22150000e-08  1.19996954e+00  4.22150000e-08  3.30015208e+00 
 4.22350000e-08  2.28756998e-04  4.22350000e-08  3.22353657e-03  4.22350000e-08  1.19997789e+00  4.22350000e-08  3.30046984e+00 
 4.22750000e-08 -8.96707732e-04  4.22750000e-08  2.23021137e-03  4.22750000e-08  1.19991610e+00  4.22750000e-08  3.29995477e+00 
 4.23250000e-08  1.61023017e-04  4.23250000e-08  5.93773556e-05  4.23250000e-08  1.20012137e+00  4.23250000e-08  3.29974877e+00 
 4.23750000e-08  3.88779582e-05  4.23750000e-08 -1.00490627e-03  4.23750000e-08  1.19992535e+00  4.23750000e-08  3.29986202e+00 
 4.24250000e-08  1.55726363e-06  4.24250000e-08 -2.73793631e-03  4.24250000e-08  1.20003640e+00  4.24250000e-08  3.29980438e+00 
 4.24750000e-08  8.41987190e-06  4.24750000e-08 -2.81237548e-04  4.24750000e-08  1.19998283e+00  4.24750000e-08  3.30026529e+00 
 4.25250000e-08 -4.69173628e-06  4.25250000e-08 -7.10798295e-05  4.25250000e-08  1.20000588e+00  4.25250000e-08  3.30004015e+00 
 4.25750000e-08  9.98938684e-06  4.25750000e-08  5.79324250e-05  4.25750000e-08  1.20000021e+00  4.25750000e-08  3.30001652e+00 
 4.26250000e-08 -8.89052407e-06  4.26250000e-08 -1.61201828e-05  4.26250000e-08  1.19999617e+00  4.26250000e-08  3.29998805e+00 
 4.26750000e-08  1.14164237e-05  4.26750000e-08  3.35609298e-05  4.26750000e-08  1.20000556e+00  4.26750000e-08  3.30001118e+00 
 4.27250000e-08 -1.04362732e-05  4.27250000e-08 -8.11452002e-06  4.27250000e-08  1.19999346e+00  4.27250000e-08  3.29998886e+00 
 4.27750000e-08  1.15662927e-05  4.27750000e-08  1.52715656e-05  4.27750000e-08  1.20000674e+00  4.27750000e-08  3.30000926e+00 
 4.28250000e-08 -1.05106067e-05  4.28250000e-08 -2.03986743e-06  4.28250000e-08  1.19999320e+00  4.28250000e-08  3.29999148e+00 
 4.28750000e-08  1.09193676e-05  4.28750000e-08  4.62556040e-06  4.28750000e-08  1.20000646e+00  4.28750000e-08  3.30000699e+00 
 4.29250000e-08 -9.82863820e-06  4.29250000e-08  2.67732283e-06  4.29250000e-08  1.19999378e+00  4.29250000e-08  3.29999392e+00 
 4.29750000e-08  9.86043781e-06  4.29750000e-08 -1.66608777e-06  4.29750000e-08  1.20000572e+00  4.29750000e-08  3.30000490e+00 
 4.30250000e-08 -8.78076502e-06  4.30250000e-08  5.99656113e-06  4.30250000e-08  1.19999459e+00  4.30250000e-08  3.29999593e+00 
 4.30750000e-08  8.62213795e-06  4.30750000e-08 -5.46874858e-06  4.30750000e-08  1.20000489e+00  4.30750000e-08  3.30000316e+00 
 4.31250000e-08 -7.60716268e-06  4.31250000e-08  8.14046295e-06  4.31250000e-08  1.19999541e+00  4.31250000e-08  3.29999753e+00 
 4.31750000e-08  7.37387529e-06  4.31750000e-08 -7.72219185e-06  4.31750000e-08  1.20000411e+00  4.31750000e-08  3.30000176e+00 
 4.32250000e-08 -6.43528219e-06  4.32250000e-08  9.44640340e-06  4.32250000e-08  1.19999615e+00  4.32250000e-08  3.29999879e+00 
 4.32750000e-08  6.17408979e-06  4.32750000e-08 -9.07659878e-06  4.32750000e-08  1.20000342e+00  4.32750000e-08  3.30000066e+00 
 4.33250000e-08 -5.31907750e-06  4.33250000e-08  1.02204833e-05  4.33250000e-08  1.19999679e+00  4.33250000e-08  3.29999978e+00 
 4.33750000e-08  5.07095534e-06  4.33750000e-08 -9.85127392e-06  4.33750000e-08  1.20000283e+00  4.33750000e-08  3.29999978e+00 
 4.34250000e-08 -4.30345696e-06  4.34250000e-08  1.06308157e-05  4.34250000e-08  1.19999734e+00  4.34250000e-08  3.30000057e+00 
 4.34750000e-08  4.08679430e-06  4.34750000e-08 -1.02720415e-05  4.34750000e-08  1.20000233e+00  4.34750000e-08  3.29999908e+00 
 4.35250000e-08 -3.40380373e-06  4.35250000e-08  1.08183250e-05  4.35250000e-08  1.19999779e+00  4.35250000e-08  3.30000120e+00 
 4.35750000e-08  3.22674455e-06  4.35750000e-08 -1.04803539e-05  4.35750000e-08  1.20000192e+00  4.35750000e-08  3.29999852e+00 
 4.36250000e-08 -2.62220167e-06  4.36250000e-08  1.08758466e-05  4.36250000e-08  1.19999817e+00  4.36250000e-08  3.30000170e+00 
 4.36750000e-08  2.48700116e-06  4.36750000e-08 -1.05653766e-05  4.36750000e-08  1.20000158e+00  4.36750000e-08  3.29999807e+00 
 4.37250000e-08 -1.95338339e-06  4.37250000e-08  1.08624425e-05  4.37250000e-08  1.19999847e+00  4.37250000e-08  3.30000210e+00 
 4.37750000e-08  1.85888765e-06  4.37750000e-08 -1.05823760e-05  4.37750000e-08  1.20000130e+00  4.37750000e-08  3.29999771e+00 
 4.38250000e-08 -1.38817458e-06  4.38250000e-08  1.08143669e-05  4.38250000e-08  1.19999872e+00  4.38250000e-08  3.30000243e+00 
 4.38750000e-08  1.33136719e-06  4.38750000e-08 -1.05647186e-05  4.38750000e-08  1.20000107e+00  4.38750000e-08  3.29999741e+00 
 4.39250000e-08 -9.15639479e-07  4.39250000e-08  1.07528601e-05  4.39250000e-08  1.19999893e+00  4.39250000e-08  3.30000271e+00 
 4.39750000e-08  8.92611354e-07  4.39750000e-08 -1.05317740e-05  4.39750000e-08  1.20000089e+00  4.39750000e-08  3.29999716e+00 
 4.40250000e-08 -5.24404529e-07  4.40250000e-08  1.06895319e-05  4.40250000e-08  1.19999909e+00  4.40250000e-08  3.30000293e+00 
 4.40750000e-08  5.30318649e-07  4.40750000e-08 -1.04949200e-05  4.40750000e-08  1.20000074e+00  4.40750000e-08  3.29999696e+00 
 4.41250000e-08 -2.02690536e-07  4.41250000e-08  1.06307599e-05  4.41250000e-08  1.19999923e+00  4.41250000e-08  3.30000312e+00 
 4.41750000e-08  2.35346640e-07  4.41750000e-08 -1.04566939e-05  4.41750000e-08  1.20000062e+00  4.41750000e-08  3.29999678e+00 
 4.42250000e-08  5.73741086e-08  4.42250000e-08  1.05761293e-05  4.42250000e-08  1.19999933e+00  4.42250000e-08  3.30000328e+00 
 4.42750000e-08 -3.78535969e-09  4.42750000e-08 -1.04220720e-05  4.42750000e-08  1.20000052e+00  4.42750000e-08  3.29999664e+00 
 4.43250000e-08  2.67435374e-07  4.43250000e-08  1.05282977e-05  4.43250000e-08  1.19999942e+00  4.43250000e-08  3.30000341e+00 
 4.43750000e-08 -1.95829210e-07  4.43750000e-08 -1.03900035e-05  4.43750000e-08  1.20000045e+00  4.43750000e-08  3.29999652e+00 
 4.44250000e-08  4.34890116e-07  4.44250000e-08  1.04852431e-05  4.44250000e-08  1.19999949e+00  4.44250000e-08  3.30000352e+00 
 4.44750000e-08 -3.48314653e-07  4.44750000e-08 -1.03598582e-05  4.44750000e-08  1.20000038e+00  4.44750000e-08  3.29999642e+00 
 4.45250000e-08  5.66766622e-07  4.45250000e-08  1.04455100e-05  4.45250000e-08  1.19999955e+00  4.45250000e-08  3.30000361e+00 
 4.45750000e-08 -4.67903126e-07  4.45750000e-08 -1.03305514e-05  4.45750000e-08  1.20000033e+00  4.45750000e-08  3.29999633e+00 
 4.46250000e-08  6.69146872e-07  4.46250000e-08  1.04075704e-05  4.46250000e-08  1.19999959e+00  4.46250000e-08  3.30000369e+00 
 4.46750000e-08 -5.60292496e-07  4.46750000e-08 -1.03009296e-05  4.46750000e-08  1.20000029e+00  4.46750000e-08  3.29999626e+00 
 4.47250000e-08  7.47206700e-07  4.47250000e-08  1.03700126e-05  4.47250000e-08  1.19999963e+00  4.47250000e-08  3.30000376e+00 
 4.47750000e-08 -6.30305218e-07  4.47750000e-08 -1.02699371e-05  4.47750000e-08  1.20000026e+00  4.47750000e-08  3.29999620e+00 
 4.48250000e-08  8.05312714e-07  4.48250000e-08  1.03316375e-05  4.48250000e-08  1.19999966e+00  4.48250000e-08  3.30000381e+00 
 4.48750000e-08 -6.81993123e-07  4.48750000e-08 -1.02366962e-05  4.48750000e-08  1.20000023e+00  4.48750000e-08  3.29999616e+00 
 4.49250000e-08  8.47123655e-07  4.49250000e-08  1.02914910e-05  4.49250000e-08  1.19999968e+00  4.49250000e-08  3.30000385e+00 
 4.49750000e-08 -7.18739923e-07  4.49750000e-08 -1.02005341e-05  4.49750000e-08  1.20000021e+00  4.49750000e-08  3.29999612e+00 
 4.50250000e-08  8.75687492e-07  4.50250000e-08  1.02488619e-05  4.50250000e-08  1.19999970e+00  4.50250000e-08  3.30000388e+00 
 4.50750000e-08 -7.43356856e-07  4.50750000e-08 -1.01609788e-05  4.50750000e-08  1.20000020e+00  4.50750000e-08  3.29999609e+00 
 4.51250000e-08  8.93530809e-07  4.51250000e-08  1.02032596e-05  4.51250000e-08  1.19999971e+00  4.51250000e-08  3.30000391e+00 
 4.51750000e-08 -7.58168997e-07  4.51750000e-08 -1.01177401e-05  4.51750000e-08  1.20000018e+00  4.51750000e-08  3.29999607e+00 
 4.52250000e-08  9.02738887e-07  4.52250000e-08  1.01543838e-05  4.52250000e-08  1.19999973e+00  4.52250000e-08  3.30000393e+00 
 4.52750000e-08 -7.65091786e-07  4.52750000e-08 -1.00706823e-05  4.52750000e-08  1.20000017e+00  4.52750000e-08  3.29999606e+00 
 4.53250000e-08  9.05026085e-07  4.53250000e-08  1.01020915e-05  4.53250000e-08  1.19999974e+00  4.53250000e-08  3.30000394e+00 
 4.53750000e-08 -7.65697572e-07  4.53750000e-08 -1.00197959e-05  4.53750000e-08  1.20000016e+00  4.53750000e-08  3.29999605e+00 
 4.54250000e-08  9.01797019e-07  4.54250000e-08  1.00463651e-05  4.54250000e-08  1.19999975e+00  4.54250000e-08  3.30000394e+00 
 4.54750000e-08 -7.61273033e-07  4.54750000e-08 -9.96517024e-06  4.54750000e-08  1.20000015e+00  4.54750000e-08  3.29999605e+00 
 4.55250000e-08  8.94198835e-07  4.55250000e-08  9.98728404e-06  4.55250000e-08  1.19999975e+00  4.55250000e-08  3.30000394e+00 
 4.55750000e-08 -7.52867973e-07  4.55750000e-08 -9.90696935e-06  4.55750000e-08  1.20000015e+00  4.55750000e-08  3.29999605e+00 
 4.56250000e-08  8.83165684e-07  4.56250000e-08  9.92499960e-06  4.56250000e-08  1.19999976e+00  4.56250000e-08  3.30000393e+00 
 4.56750000e-08 -7.41336662e-07  4.56750000e-08 -9.84541068e-06  4.56750000e-08  1.20000014e+00  4.56750000e-08  3.29999606e+00 
 4.57250000e-08  8.69456202e-07  4.57250000e-08  9.85971408e-06  4.57250000e-08  1.19999976e+00  4.57250000e-08  3.30000392e+00 
 4.57750000e-08 -7.27372484e-07  4.57750000e-08 -9.78074754e-06  4.57750000e-08  1.20000014e+00  4.57750000e-08  3.29999608e+00 
 4.58250000e-08  8.53684826e-07  4.58250000e-08  9.79166381e-06  4.58250000e-08  1.19999977e+00  4.58250000e-08  3.30000390e+00 
 4.58750000e-08 -7.11536826e-07  4.58750000e-08 -9.71325506e-06  4.58750000e-08  1.20000014e+00  4.58750000e-08  3.29999609e+00 
 4.59250000e-08  8.36347977e-07  4.59250000e-08  9.72110533e-06  4.59250000e-08  1.19999977e+00  4.59250000e-08  3.30000388e+00 
 4.59750000e-08 -6.94283224e-07  4.59750000e-08 -9.64321881e-06  4.59750000e-08  1.20000013e+00  4.59750000e-08  3.29999612e+00 
 4.60250000e-08  8.17845666e-07  4.60250000e-08  9.64830480e-06  4.60250000e-08  1.19999977e+00  4.60250000e-08  3.30000386e+00 
 4.60750000e-08 -6.75977106e-07  4.60750000e-08 -9.57092620e-06  4.60750000e-08  1.20000013e+00  4.60750000e-08  3.29999614e+00 
 4.61250000e-08  7.98499400e-07  4.61250000e-08  9.57352971e-06  4.61250000e-08  1.19999977e+00  4.61250000e-08  3.30000383e+00 
 4.61750000e-08 -6.56912271e-07  4.61750000e-08 -9.49665992e-06  4.61750000e-08  1.20000013e+00  4.61750000e-08  3.29999617e+00 
 4.62250000e-08  7.78566881e-07  4.62250000e-08  9.49704275e-06  4.62250000e-08  1.19999978e+00  4.62250000e-08  3.30000381e+00 
 4.62750000e-08 -6.37324292e-07  4.62750000e-08 -9.42069307e-06  4.62750000e-08  1.20000013e+00  4.62750000e-08  3.29999620e+00 
 4.63250000e-08  7.58254031e-07  4.63250000e-08  9.41909746e-06  4.63250000e-08  1.19999978e+00  4.63250000e-08  3.30000377e+00 
 4.63750000e-08 -6.17401519e-07  4.63750000e-08 -9.34328600e-06  4.63750000e-08  1.20000012e+00  4.63750000e-08  3.29999623e+00 
 4.64250000e-08  7.37724884e-07  4.64250000e-08  9.33993508e-06  4.64250000e-08  1.19999978e+00  4.64250000e-08  3.30000374e+00 
 4.64750000e-08 -5.97294114e-07  4.64750000e-08 -9.26468400e-06  4.64750000e-08  1.20000012e+00  4.64750000e-08  3.29999626e+00 
 4.65250000e-08  7.17109652e-07  4.65250000e-08  9.25978268e-06  4.65250000e-08  1.19999978e+00  4.65250000e-08  3.30000371e+00 
 4.65750000e-08 -5.77121380e-07  4.65750000e-08 -9.18511602e-06  4.65750000e-08  1.20000012e+00  4.65750000e-08  3.29999630e+00 
 4.66250000e-08  6.96511195e-07  4.66250000e-08  9.17885172e-06  4.66250000e-08  1.19999978e+00  4.66250000e-08  3.30000367e+00 
 4.66750000e-08 -5.56977679e-07  4.66750000e-08 -9.10479398e-06  4.66750000e-08  1.20000012e+00  4.66750000e-08  3.29999634e+00 
 4.67250000e-08  6.76010416e-07  4.67250000e-08  9.09733781e-06  4.67250000e-08  1.19999978e+00  4.67250000e-08  3.30000363e+00 
 4.67750000e-08 -5.36937339e-07  4.67750000e-08 -9.02391276e-06  4.67750000e-08  1.20000012e+00  4.67750000e-08  3.29999637e+00 
 4.68250000e-08  6.55670542e-07  4.68250000e-08  9.01542040e-06  4.68250000e-08  1.19999979e+00  4.68250000e-08  3.30000359e+00 
 4.68750000e-08 -5.17058527e-07  4.68750000e-08 -8.94265034e-06  4.68750000e-08  1.20000012e+00  4.68750000e-08  3.29999641e+00 
 4.69250000e-08  6.35540559e-07  4.69250000e-08  8.93326318e-06  4.69250000e-08  1.19999979e+00  4.69250000e-08  3.30000355e+00 
 4.69750000e-08 -4.97386402e-07  4.69750000e-08 -8.86116850e-06  4.69750000e-08  1.20000012e+00  4.69750000e-08  3.29999646e+00 
 4.70250000e-08  6.15658111e-07  4.70250000e-08  8.85101466e-06  4.70250000e-08  1.19999979e+00  4.70250000e-08  3.30000351e+00 
 4.70750000e-08 -4.77955789e-07  4.70750000e-08 -8.77961332e-06  4.70750000e-08  1.20000012e+00  4.70750000e-08  3.29999650e+00 
 4.71250000e-08  5.96051726e-07  4.71250000e-08  8.76880861e-06  4.71250000e-08  1.19999979e+00  4.71250000e-08  3.30000347e+00 
 4.71750000e-08 -4.58793106e-07  4.71750000e-08 -8.69811627e-06  4.71750000e-08  1.20000012e+00  4.71750000e-08  3.29999654e+00 
 4.72250000e-08  5.76742689e-07  4.72250000e-08  8.68676525e-06  4.72250000e-08  1.19999979e+00  4.72250000e-08  3.30000343e+00 
 4.72750000e-08 -4.39918144e-07  4.72750000e-08 -8.61679487e-06  4.72750000e-08  1.20000011e+00  4.72750000e-08  3.29999658e+00 
 4.73250000e-08  5.57746428e-07  4.73250000e-08  8.60499172e-06  4.73250000e-08  1.19999979e+00  4.73250000e-08  3.30000338e+00 
 4.73750000e-08 -4.21345322e-07  4.73750000e-08 -8.53575389e-06  4.73750000e-08  1.20000011e+00  4.73750000e-08  3.29999662e+00 
 4.74250000e-08  5.39073801e-07  4.74250000e-08  8.52358335e-06  4.74250000e-08  1.19999979e+00  4.74250000e-08  3.30000334e+00 
 4.74750000e-08 -4.03084848e-07  4.74750000e-08 -8.45508609e-06  4.74750000e-08  1.20000011e+00  4.74750000e-08  3.29999667e+00 
 4.75250000e-08  5.20732001e-07  4.75250000e-08  8.44262420e-06  4.75250000e-08  1.19999979e+00  4.75250000e-08  3.30000330e+00 
 4.75750000e-08 -3.85143549e-07  4.75750000e-08 -8.37487331e-06  4.75750000e-08  1.20000011e+00  4.75750000e-08  3.29999671e+00 
 4.76250000e-08  5.02725328e-07  4.76250000e-08  8.36218825e-06  4.76250000e-08  1.19999979e+00  4.76250000e-08  3.30000325e+00 
 4.76750000e-08 -3.67525544e-07  4.76750000e-08 -8.29518726e-06  4.76750000e-08  1.20000011e+00  4.76750000e-08  3.29999676e+00 
 4.77250000e-08  4.85055758e-07  4.77250000e-08  8.28234001e-06  4.77250000e-08  1.19999979e+00  4.77250000e-08  3.30000321e+00 
 4.77750000e-08 -3.50232826e-07  4.77750000e-08 -8.21609053e-06  4.77750000e-08  1.20000011e+00  4.77750000e-08  3.29999680e+00 
 4.78250000e-08  4.67723490e-07  4.78250000e-08  8.20313554e-06  4.78250000e-08  1.19999979e+00  4.78250000e-08  3.30000317e+00 
 4.78750000e-08 -3.33265730e-07  4.78750000e-08 -8.13763724e-06  4.78750000e-08  1.20000011e+00  4.78750000e-08  3.29999684e+00 
 4.79250000e-08  4.50727337e-07  4.79250000e-08  8.12462307e-06  4.79250000e-08  1.19999979e+00  4.79250000e-08  3.30000312e+00 
 4.79750000e-08 -3.16623253e-07  4.79750000e-08 -8.05987393e-06  4.79750000e-08  1.20000011e+00  4.79750000e-08  3.29999689e+00 
 4.80250000e-08  4.34064987e-07  4.80250000e-08  8.04684372e-06  4.80250000e-08  1.19999979e+00  4.80250000e-08  3.30000308e+00 
 4.80750000e-08 -3.00303391e-07  4.80750000e-08 -7.98284022e-06  4.80750000e-08  1.20000011e+00  4.80750000e-08  3.29999693e+00 
 4.81250000e-08  4.17733290e-07  4.81250000e-08  7.96983232e-06  4.81250000e-08  1.19999979e+00  4.81250000e-08  3.30000304e+00 
 4.81750000e-08 -2.84303276e-07  4.81750000e-08 -7.90656952e-06  4.81750000e-08  1.20000011e+00  4.81750000e-08  3.29999697e+00 
 4.82250000e-08  4.01728431e-07  4.82250000e-08  7.89361785e-06  4.82250000e-08  1.19999979e+00  4.82250000e-08  3.30000299e+00 
 4.82750000e-08 -2.68619462e-07  4.82750000e-08 -7.83108965e-06  4.82750000e-08  1.20000011e+00  4.82750000e-08  3.29999702e+00 
 4.83250000e-08  3.86046136e-07  4.83250000e-08  7.81822414e-06  4.83250000e-08  1.19999979e+00  4.83250000e-08  3.30000295e+00 
 4.83750000e-08 -2.53248027e-07  4.83750000e-08 -7.75642331e-06  4.83750000e-08  1.20000011e+00  4.83750000e-08  3.29999706e+00 
 4.84250000e-08  3.70681730e-07  4.84250000e-08  7.74367037e-06  4.84250000e-08  1.19999979e+00  4.84250000e-08  3.30000291e+00 
 4.84750000e-08 -2.38184674e-07  4.84750000e-08 -7.68258874e-06  4.84750000e-08  1.20000011e+00  4.84750000e-08  3.29999710e+00 
 4.85250000e-08  3.55630315e-07  4.85250000e-08  7.66997149e-06  4.85250000e-08  1.19999979e+00  4.85250000e-08  3.30000286e+00 
 4.85750000e-08 -2.23424860e-07  4.85750000e-08 -7.60960009e-06  4.85750000e-08  1.20000011e+00  4.85750000e-08  3.29999714e+00 
 4.86250000e-08  3.40886755e-07  4.86250000e-08  7.59713875e-06  4.86250000e-08  1.19999979e+00  4.86250000e-08  3.30000282e+00 
 4.86750000e-08 -2.08963828e-07  4.86750000e-08 -7.53746793e-06  4.86750000e-08  1.20000011e+00  4.86750000e-08  3.29999719e+00 
 4.87250000e-08  3.26445825e-07  4.87250000e-08  7.52518012e-06  4.87250000e-08  1.19999980e+00  4.87250000e-08  3.30000278e+00 
 4.87750000e-08 -1.94796692e-07  4.87750000e-08 -7.46619958e-06  4.87750000e-08  1.20000011e+00  4.87750000e-08  3.29999723e+00 
 4.88250000e-08  3.12302195e-07  4.88250000e-08  7.45410055e-06  4.88250000e-08  1.19999980e+00  4.88250000e-08  3.30000274e+00 
 4.88750000e-08 -1.80918497e-07  4.88750000e-08 -7.39579952e-06  4.88750000e-08  1.20000011e+00  4.88750000e-08  3.29999727e+00 
 4.89250000e-08  2.98450535e-07  4.89250000e-08  7.38390240e-06  4.89250000e-08  1.19999980e+00  4.89250000e-08  3.30000270e+00 
 4.89750000e-08 -1.67324219e-07  4.89750000e-08 -7.32626968e-06  4.89750000e-08  1.20000011e+00  4.89750000e-08  3.29999731e+00 
 4.90250000e-08  2.84885475e-07  4.90250000e-08  7.31458568e-06  4.90250000e-08  1.19999980e+00  4.90250000e-08  3.30000266e+00 
 4.90750000e-08 -1.54008830e-07  4.90750000e-08 -7.25760977e-06  4.90750000e-08  1.20000011e+00  4.90750000e-08  3.29999735e+00 
 4.91250000e-08  2.71601659e-07  4.91250000e-08  7.24614838e-06  4.91250000e-08  1.19999980e+00  4.91250000e-08  3.30000262e+00 
 4.91750000e-08 -1.40967283e-07  4.91750000e-08 -7.18981752e-06  4.91750000e-08  1.20000011e+00  4.91750000e-08  3.29999739e+00 
 4.92250000e-08  2.58593811e-07  4.92250000e-08  7.17858676e-06  4.92250000e-08  1.19999980e+00  4.92250000e-08  3.30000258e+00 
 4.92750000e-08 -1.28194592e-07  4.92750000e-08 -7.12288896e-06  4.92750000e-08  1.20000011e+00  4.92750000e-08  3.29999743e+00 
 4.93250000e-08  2.45856641e-07  4.93250000e-08  7.11189541e-06  4.93250000e-08  1.19999980e+00  4.93250000e-08  3.30000254e+00 
 4.93750000e-08 -1.15685736e-07  4.93750000e-08 -7.05681855e-06  4.93750000e-08  1.20000011e+00  4.93750000e-08  3.29999747e+00 
 4.94250000e-08  2.33384941e-07  4.94250000e-08  7.04606762e-06  4.94250000e-08  1.19999980e+00  4.94250000e-08  3.30000250e+00 
 4.94750000e-08 -1.03435801e-07  4.94750000e-08 -6.99159955e-06  4.94750000e-08  1.20000011e+00  4.94750000e-08  3.29999751e+00 
 4.95250000e-08  2.21173583e-07  4.95250000e-08  6.98109552e-06  4.95250000e-08  1.19999980e+00  4.95250000e-08  3.30000246e+00 
 4.95750000e-08 -9.14398986e-08  4.95750000e-08 -6.92722395e-06  4.95750000e-08  1.20000011e+00  4.95750000e-08  3.29999754e+00 
 4.96250000e-08  2.09217513e-07  4.96250000e-08  6.91697015e-06  4.96250000e-08  1.19999980e+00  4.96250000e-08  3.30000243e+00 
 4.96750000e-08 -7.96932236e-08  4.96750000e-08 -6.86368292e-06  4.96750000e-08  1.20000011e+00  4.96750000e-08  3.29999758e+00 
 4.97250000e-08  1.97511728e-07  4.97250000e-08  6.85368178e-06  4.97250000e-08  1.19999980e+00  4.97250000e-08  3.30000239e+00 
 4.97750000e-08 -6.81910017e-08  4.97750000e-08 -6.80096665e-06  4.97750000e-08  1.20000011e+00  4.97750000e-08  3.29999762e+00 
 4.98250000e-08  1.86051329e-07  4.98250000e-08  6.79121986e-06  4.98250000e-08  1.19999980e+00  4.98250000e-08  3.30000235e+00 
 4.98750000e-08 -5.69285459e-08  4.98750000e-08 -6.73906478e-06  4.98750000e-08  1.20000011e+00  4.98750000e-08  3.29999765e+00 
 4.99250000e-08  1.74831488e-07  4.99250000e-08  6.72957331e-06  4.99250000e-08  1.19999980e+00  4.99250000e-08  3.30000232e+00 
 4.99625000e-08 -4.40779244e-08  4.99625000e-08 -6.66784167e-06  4.99625000e-08  1.20000011e+00  4.99625000e-08  3.29999769e+00 
 5.00000000e-08  1.60257034e-07  5.00000000e-08  6.64866326e-06  5.00000000e-08  1.19999980e+00  5.00000000e-08  3.30000227e+00 
 5.00050000e-08 -1.21713423e-05  5.00050000e-08 -6.45622773e-05  5.00050000e-08  1.19999768e+00  5.00050000e-08  3.29998770e+00 
 5.00150000e-08  6.03300731e-06  5.00150000e-08  1.92150819e-06  5.00150000e-08  1.20000282e+00  5.00150000e-08  3.30000539e+00 
 5.00350000e-08  6.14732003e-06  5.00350000e-08  1.49426000e-05  5.00350000e-08  1.19999971e+00  5.00350000e-08  3.30000226e+00 
 5.00750000e-08 -6.94440321e-06  5.00750000e-08  1.71353523e-05  5.00750000e-08  1.19999881e+00  5.00750000e-08  3.30000253e+00 
 5.01250000e-08  4.07221083e-05  5.01250000e-08  1.44501053e-04  5.01250000e-08  1.20000410e+00  5.01250000e-08  3.30001308e+00 
 5.01625000e-08  4.81093280e-05  5.01625000e-08  1.95904651e-04  5.01625000e-08  1.19999865e+00  5.01625000e-08  3.30001058e+00 
 5.02000000e-08 -8.50653455e-04  5.02000000e-08  5.19361172e-06  5.02000000e-08  1.19992111e+00  5.02000000e-08  3.29997604e+00 
 5.02050000e-08 -9.46467491e-04  5.02050000e-08 -9.09310409e-05  5.02050000e-08  1.19993479e+00  5.02050000e-08  3.29996233e+00 
 5.02150000e-08 -3.57093514e-04  5.02150000e-08 -4.28667621e-04  5.02150000e-08  1.20009653e+00  5.02150000e-08  3.29991135e+00 
 5.02350000e-08  2.09553407e-04  5.02350000e-08 -1.20450823e-03  5.02350000e-08  1.20006473e+00  5.02350000e-08  3.29983632e+00 
 5.02750000e-08  2.51663274e-04  5.02750000e-08 -2.16104576e-03  5.02750000e-08  1.19997019e+00  5.02750000e-08  3.29985289e+00 
 5.03227918e-08  3.73781157e-04  5.03227918e-08 -1.54276570e-03  5.03227918e-08  1.20002669e+00  5.03227918e-08  3.30006241e+00 
 5.03677452e-08 -2.92605933e-04  5.03677452e-08  2.66366276e-03  5.03677452e-08  1.19993316e+00  5.03677452e-08  3.30050966e+00 
 5.04177452e-08  2.21800371e-04  5.04177452e-08 -1.20996028e-03  5.04177452e-08  1.20007456e+00  5.04177452e-08  3.29958070e+00 
 5.04677452e-08 -1.60872988e-04  5.04677452e-08  2.09441295e-03  5.04677452e-08  1.19993108e+00  5.04677452e-08  3.30036493e+00 
 5.05177452e-08  1.13872009e-04  5.05177452e-08 -4.00914851e-04  5.05177452e-08  1.20005730e+00  5.05177452e-08  3.29971377e+00 
 5.05677452e-08 -7.63043721e-05  5.05677452e-08  8.78977235e-04  5.05677452e-08  1.19995555e+00  5.05677452e-08  3.30016243e+00 
 5.06177452e-08  4.77669671e-05  5.06177452e-08 -2.76913638e-04  5.06177452e-08  1.20003210e+00  5.06177452e-08  3.29983681e+00 
 5.06677452e-08 -2.52828835e-05  5.06677452e-08  3.26227549e-04  5.06677452e-08  1.19997845e+00  5.06677452e-08  3.30010646e+00 
 5.07177452e-08  8.47209756e-06  5.07177452e-08 -1.21897251e-04  5.07177452e-08  1.20001266e+00  5.07177452e-08  3.29990539e+00 
 5.07677452e-08  4.57489924e-06  5.07677452e-08  9.57340369e-05  5.07677452e-08  1.19999423e+00  5.07677452e-08  3.30006989e+00 
 5.08177452e-08 -1.39733359e-05  5.08177452e-08 -1.84314195e-05  5.08177452e-08  1.20000027e+00  5.08177452e-08  3.29994160e+00 
 5.08677452e-08  2.10722714e-05  5.08677452e-08 -5.76391553e-06  5.08677452e-08  1.20000367e+00  5.08677452e-08  3.30004530e+00 
 5.09177452e-08 -2.57858660e-05  5.09177452e-08  3.73775123e-05  5.09177452e-08  1.19999331e+00  5.09177452e-08  3.29996333e+00 
 5.09677452e-08  2.91534038e-05  5.09677452e-08 -5.07665513e-05  5.09677452e-08  1.20000862e+00  5.09677452e-08  3.30002858e+00 
 5.10177452e-08 -3.09477015e-05  5.10177452e-08  6.36203530e-05  5.10177452e-08  1.19998998e+00  5.10177452e-08  3.29997761e+00 
 5.10677452e-08  3.20277331e-05  5.10677452e-08 -6.91664478e-05  5.10677452e-08  1.20001069e+00  5.10677452e-08  3.30001695e+00 
 5.11177452e-08 -3.20499072e-05  5.11177452e-08  7.35589897e-05  5.11177452e-08  1.19998888e+00  5.11177452e-08  3.29998747e+00 
 5.11677452e-08  3.17705919e-05  5.11677452e-08 -7.46286027e-05  5.11677452e-08  1.20001104e+00  5.11677452e-08  3.30000871e+00 
 5.12177452e-08 -3.07825078e-05  5.12177452e-08  7.50326323e-05  5.12177452e-08  1.19998908e+00  5.12177452e-08  3.29999446e+00 
 5.12677452e-08  2.97533942e-05  5.12677452e-08 -7.38106475e-05  5.12677452e-08  1.20001044e+00  5.12677452e-08  3.30000280e+00 
 5.13177452e-08 -2.82386008e-05  5.13177452e-08  7.23710476e-05  5.13177452e-08  1.19998997e+00  5.13177452e-08  3.29999949e+00 
 5.13677452e-08  2.68467485e-05  5.13677452e-08 -7.01166318e-05  5.13677452e-08  1.20000936e+00  5.13677452e-08  3.29999854e+00 
 5.14177452e-08 -2.51093611e-05  5.14177452e-08  6.79127494e-05  5.14177452e-08  1.19999116e+00  5.14177452e-08  3.30000312e+00 
 5.14677452e-08  2.35951986e-05  5.14677452e-08 -6.53081687e-05  5.14677452e-08  1.20000811e+00  5.14677452e-08  3.29999545e+00 
 5.15177452e-08 -2.18207836e-05  5.15177452e-08  6.28897908e-05  5.15177452e-08  1.19999244e+00  5.15177452e-08  3.30000575e+00 
 5.15677452e-08  2.03280876e-05  5.15677452e-08 -6.02876051e-05  5.15677452e-08  1.20000684e+00  5.15677452e-08  3.29999320e+00 
 5.16177452e-08 -1.86245015e-05  5.16177452e-08  5.79282093e-05  5.16177452e-08  1.19999368e+00  5.16177452e-08  3.30000767e+00 
 5.16677452e-08  1.72340439e-05  5.16677452e-08 -5.54976728e-05  5.16677452e-08  1.20000565e+00  5.16677452e-08  3.29999156e+00 
 5.17177452e-08 -1.56588877e-05  5.17177452e-08  5.33231164e-05  5.17177452e-08  1.19999481e+00  5.17177452e-08  3.30000907e+00 
 5.17677452e-08  1.44110496e-05  5.17677452e-08 -5.11333282e-05  5.17677452e-08  1.20000458e+00  5.17677452e-08  3.29999037e+00 
 5.18177452e-08 -1.29900731e-05  5.18177452e-08  4.91904689e-05  5.18177452e-08  1.19999581e+00  5.18177452e-08  3.30001009e+00 
 5.18677452e-08  1.18999667e-05  5.18677452e-08 -4.72571700e-05  5.18677452e-08  1.20000365e+00  5.18677452e-08  3.29998950e+00 
 5.19177452e-08 -1.06393243e-05  5.19177452e-08  4.55514999e-05  5.19177452e-08  1.19999667e+00  5.19177452e-08  3.30001083e+00 
 5.19677452e-08  9.70681746e-06  5.19677452e-08 -4.38633636e-05  5.19677452e-08  1.20000286e+00  5.19677452e-08  3.29998886e+00 
 5.20177452e-08 -8.60114711e-06  5.20177452e-08  4.23799119e-05  5.20177452e-08  1.19999739e+00  5.20177452e-08  3.30001137e+00 
 5.20677452e-08  7.81742723e-06  5.20677452e-08 -4.09132337e-05  5.20677452e-08  1.20000219e+00  5.20677452e-08  3.29998840e+00 
 5.21177452e-08 -6.85509880e-06  5.21177452e-08  3.96281588e-05  5.21177452e-08  1.19999800e+00  5.21177452e-08  3.30001176e+00 
 5.21677452e-08  6.20689830e-06  5.21677452e-08 -3.83549369e-05  5.21677452e-08  1.20000164e+00  5.21677452e-08  3.29998808e+00 
 5.22177452e-08 -5.37335591e-06  5.22177452e-08  3.72418413e-05  5.22177452e-08  1.19999850e+00  5.22177452e-08  3.30001203e+00 
 5.22677452e-08  4.84560898e-06  5.22677452e-08 -3.61340702e-05  5.22677452e-08  1.20000118e+00  5.22677452e-08  3.29998785e+00 
 5.23177452e-08 -4.12543956e-06  5.23177452e-08  3.51673018e-05  5.23177452e-08  1.19999891e+00  5.23177452e-08  3.30001222e+00 
 5.23677452e-08  3.70289605e-06  5.23677452e-08 -3.41990999e-05  5.23677452e-08  1.20000081e+00  5.23677452e-08  3.29998770e+00 
 5.24177452e-08 -3.08105598e-06  5.24177452e-08  3.33553335e-05  5.24177452e-08  1.19999925e+00  5.24177452e-08  3.30001234e+00 
 5.24677452e-08  2.74921075e-06  5.24677452e-08 -3.25038453e-05  5.24677452e-08  1.20000051e+00  5.24677452e-08  3.29998760e+00 
 5.25177452e-08 -2.21170393e-06  5.25177452e-08  3.17626982e-05  5.25177452e-08  1.19999952e+00  5.25177452e-08  3.30001241e+00 
 5.25677452e-08  1.95728404e-06  5.25677452e-08 -3.10083202e-05  5.25677452e-08  1.20000027e+00  5.25677452e-08  3.29998755e+00 
 5.26177452e-08 -1.49148929e-06  5.26177452e-08  3.03524400e-05  5.26177452e-08  1.19999974e+00  5.26177452e-08  3.30001244e+00 
 5.26677452e-08  1.30266210e-06  5.26677452e-08 -2.96786912e-05  5.26677452e-08  1.20000007e+00  5.26677452e-08  3.29998754e+00 
 5.27177452e-08 -8.97446721e-07  5.27177452e-08  2.91056304e-05  5.27177452e-08  1.19999992e+00  5.27177452e-08  3.30001244e+00 
 5.27677452e-08  7.63830973e-07  5.27677452e-08 -2.85000907e-05  5.27677452e-08  1.19999991e+00  5.27677452e-08  3.29998756e+00 
 5.28177452e-08 -4.09527735e-07  5.28177452e-08  2.79709777e-05  5.28177452e-08  1.20000006e+00  5.28177452e-08  3.30001241e+00 
 5.28677452e-08  3.22231224e-07  5.28677452e-08 -2.74188313e-05  5.28677452e-08  1.19999979e+00  5.28677452e-08  3.29998760e+00 
 5.29177452e-08 -1.05202941e-08  5.29177452e-08  2.69402948e-05  5.29177452e-08  1.20000017e+00  5.29177452e-08  3.30001235e+00 
 5.29677452e-08 -3.81044661e-08  5.29677452e-08 -2.64354832e-05  5.29677452e-08  1.19999969e+00  5.29677452e-08  3.29998767e+00 
 5.30177452e-08  3.14291125e-07  5.30177452e-08  2.59989251e-05  5.30177452e-08  1.20000025e+00  5.30177452e-08  3.30001228e+00 
 5.30677452e-08 -3.30721356e-07  5.30677452e-08 -2.55338067e-05  5.30677452e-08  1.19999961e+00  5.30677452e-08  3.29998775e+00 
 5.31177452e-08  5.77352840e-07  5.31177452e-08  2.51323725e-05  5.31177452e-08  1.20000032e+00  5.31177452e-08  3.30001219e+00 
 5.31677452e-08 -5.67043084e-07  5.31677452e-08 -2.47008167e-05  5.31677452e-08  1.19999955e+00  5.31677452e-08  3.29998785e+00 
 5.32177452e-08  7.89134905e-07  5.32177452e-08  2.43291727e-05  5.32177452e-08  1.20000037e+00  5.32177452e-08  3.30001208e+00 
 5.32677452e-08 -7.56657616e-07  5.32677452e-08 -2.39263138e-05  5.32677452e-08  1.19999951e+00  5.32677452e-08  3.29998796e+00 
 5.33177452e-08  9.58407074e-07  5.33177452e-08  2.35802543e-05  5.33177452e-08  1.20000041e+00  5.33177452e-08  3.30001197e+00 
 5.33677452e-08 -9.07581379e-07  5.33677452e-08 -2.32022221e-05  5.33677452e-08  1.19999947e+00  5.33677452e-08  3.29998808e+00 
 5.34177452e-08  1.09248989e-06  5.34177452e-08  2.28784121e-05  5.34177452e-08  1.20000044e+00  5.34177452e-08  3.30001184e+00 
 5.34677452e-08 -1.02649662e-06  5.34677452e-08 -2.25221219e-05  5.34677452e-08  1.19999945e+00  5.34677452e-08  3.29998821e+00 
 5.35177452e-08  1.19747788e-06  5.35177452e-08  2.22179084e-05  5.35177452e-08  1.20000046e+00  5.35177452e-08  3.30001171e+00 
 5.35677452e-08 -1.11896045e-06  5.35677452e-08 -2.18808954e-05  5.35677452e-08  1.19999943e+00  5.35677452e-08  3.29998835e+00 
 5.36177452e-08  1.27843460e-06  5.36177452e-08  2.15941616e-05  5.36177452e-08  1.20000048e+00  5.36177452e-08  3.30001156e+00 
 5.36677452e-08 -1.18958624e-06  5.36677452e-08 -2.12744484e-05  5.36677452e-08  1.19999942e+00  5.36677452e-08  3.29998850e+00 
 5.37177452e-08  1.33956075e-06  5.37177452e-08  2.10034977e-05  5.37177452e-08  1.20000049e+00  5.37177452e-08  3.30001142e+00 
 5.37677452e-08 -1.24219898e-06  5.37677452e-08 -2.06994893e-05  5.37677452e-08  1.19999941e+00  5.37677452e-08  3.29998865e+00 
 5.38177452e-08  1.38433743e-06  5.38177452e-08  2.04429526e-05  5.38177452e-08  1.20000049e+00  5.38177452e-08  3.30001126e+00 
 5.38677452e-08 -1.27996724e-06  5.38677452e-08 -2.01533522e-05  5.38677452e-08  1.19999941e+00  5.38677452e-08  3.29998880e+00 
 5.39177452e-08  1.41564746e-06  5.39177452e-08  1.99101153e-05  5.39177452e-08  1.20000049e+00  5.39177452e-08  3.30001110e+00 
 5.39677452e-08 -1.30551440e-06  5.39677452e-08 -1.96338579e-05  5.39677452e-08  1.19999941e+00  5.39677452e-08  3.29998896e+00 
 5.40177452e-08  1.43587721e-06  5.40177452e-08  1.94030032e-05  5.40177452e-08  1.20000049e+00  5.40177452e-08  3.30001094e+00 
 5.40677452e-08 -1.32101197e-06  5.40677452e-08 -1.91392029e-05  5.40677452e-08  1.19999941e+00  5.40677452e-08  3.29998912e+00 
 5.41177452e-08  1.44700192e-06  5.41177452e-08  1.89199638e-05  5.41177452e-08  1.20000049e+00  5.41177452e-08  3.30001078e+00 
 5.41677452e-08 -1.32825731e-06  5.41677452e-08 -1.86678728e-05  5.41677452e-08  1.19999942e+00  5.41677452e-08  3.29998929e+00 
 5.42177452e-08  1.45065654e-06  5.42177452e-08  1.84595986e-05  5.42177452e-08  1.20000048e+00  5.42177452e-08  3.30001062e+00 
 5.42677452e-08 -1.32873834e-06  5.42677452e-08 -1.82185747e-05  5.42677452e-08  1.19999942e+00  5.42677452e-08  3.29998945e+00 
 5.43177452e-08  1.44819475e-06  5.43177452e-08  1.80207023e-05  5.43177452e-08  1.20000048e+00  5.43177452e-08  3.30001045e+00 
 5.43677452e-08 -1.32368721e-06  5.43677452e-08 -1.77901843e-05  5.43677452e-08  1.19999943e+00  5.43677452e-08  3.29998962e+00 
 5.44177452e-08  1.44073773e-06  5.44177452e-08  1.76022176e-05  5.44177452e-08  1.20000047e+00  5.44177452e-08  3.30001029e+00 
 5.44677452e-08 -1.31412473e-06  5.44677452e-08 -1.73817059e-05  5.44677452e-08  1.19999944e+00  5.44677452e-08  3.29998978e+00 
 5.45177452e-08  1.42921455e-06  5.45177452e-08  1.72031990e-05  5.45177452e-08  1.20000046e+00  5.45177452e-08  3.30001012e+00 
 5.45677452e-08 -1.30089700e-06  5.45677452e-08 -1.69922408e-05  5.45677452e-08  1.19999945e+00  5.45677452e-08  3.29998995e+00 
 5.46177452e-08  1.41439548e-06  5.46177452e-08  1.68227858e-05  5.46177452e-08  1.20000045e+00  5.46177452e-08  3.30000996e+00 
 5.46677452e-08 -1.28470575e-06  5.46677452e-08 -1.66209645e-05  5.46677452e-08  1.19999946e+00  5.46677452e-08  3.29999011e+00 
 5.47177452e-08  1.39691957e-06  5.47177452e-08  1.64601823e-05  5.47177452e-08  1.20000044e+00  5.47177452e-08  3.30000979e+00 
 5.47677452e-08 -1.26613332e-06  5.47677452e-08 -1.62671086e-05  5.47677452e-08  1.19999947e+00  5.47677452e-08  3.29999027e+00 
 5.48177452e-08  1.37731724e-06  5.48177452e-08  1.61146420e-05  5.48177452e-08  1.20000043e+00  5.48177452e-08  3.30000963e+00 
 5.48677452e-08 -1.24566324e-06  5.48677452e-08 -1.59299480e-05  5.48677452e-08  1.19999948e+00  5.48677452e-08  3.29999043e+00 
 5.49177452e-08  1.35602906e-06  5.49177452e-08  1.57854568e-05  5.49177452e-08  1.20000042e+00  5.49177452e-08  3.30000947e+00 
 5.49677452e-08 -1.22369725e-06  5.49677452e-08 -1.56087914e-05  5.49677452e-08  1.19999949e+00  5.49677452e-08  3.29999059e+00 
 5.50177452e-08  1.33342111e-06  5.50177452e-08  1.54719486e-05  5.50177452e-08  1.20000041e+00  5.50177452e-08  3.30000932e+00 
 5.50677452e-08 -1.20056923e-06  5.50677452e-08 -1.53029744e-05  5.50677452e-08  1.19999950e+00  5.50677452e-08  3.29999075e+00 
 5.51177452e-08  1.30979778e-06  5.51177452e-08  1.51734638e-05  5.51177452e-08  1.20000039e+00  5.51177452e-08  3.30000916e+00 
 5.51677452e-08 -1.17655689e-06  5.51677452e-08 -1.50118548e-05  5.51677452e-08  1.19999952e+00  5.51677452e-08  3.29999090e+00 
 5.52177452e-08  1.28541219e-06  5.52177452e-08  1.48893694e-05  5.52177452e-08  1.20000038e+00  5.52177452e-08  3.30000901e+00 
 5.52677452e-08 -1.15189117e-06  5.52677452e-08 -1.47348093e-05  5.52677452e-08  1.19999953e+00  5.52677452e-08  3.29999105e+00 
 5.53177452e-08  1.26047489e-06  5.53177452e-08  1.46190501e-05  5.53177452e-08  1.20000037e+00  5.53177452e-08  3.30000886e+00 
 5.53677452e-08 -1.12676423e-06  5.53677452e-08 -1.44712315e-05  5.53677452e-08  1.19999954e+00  5.53677452e-08  3.29999120e+00 
 5.54177452e-08  1.23516105e-06  5.54177452e-08  1.43619067e-05  5.54177452e-08  1.20000036e+00  5.54177452e-08  3.30000872e+00 
 5.54677452e-08 -1.10133586e-06  5.54677452e-08 -1.42205305e-05  5.54677452e-08  1.19999955e+00  5.54677452e-08  3.29999134e+00 
 5.55177452e-08  1.20961632e-06  5.55177452e-08  1.41173555e-05  5.55177452e-08  1.20000035e+00  5.55177452e-08  3.30000857e+00 
 5.55677452e-08 -1.07573896e-06  5.55677452e-08 -1.39821303e-05  5.55677452e-08  1.19999956e+00  5.55677452e-08  3.29999148e+00 
 5.56177452e-08  1.18396176e-06  5.56177452e-08  1.38848272e-05  5.56177452e-08  1.20000034e+00  5.56177452e-08  3.30000843e+00 
 5.56677452e-08 -1.05008395e-06  5.56677452e-08 -1.37554695e-05  5.56677452e-08  1.19999957e+00  5.56677452e-08  3.29999162e+00 
 5.57177452e-08  1.15829795e-06  5.57177452e-08  1.36637674e-05  5.57177452e-08  1.20000033e+00  5.57177452e-08  3.30000830e+00 
 5.57677452e-08 -1.02446251e-06  5.57677452e-08 -1.35400013e-05  5.57677452e-08  1.19999958e+00  5.57677452e-08  3.29999176e+00 
 5.58177452e-08  1.13270829e-06  5.58177452e-08  1.34536364e-05  5.58177452e-08  1.20000032e+00  5.58177452e-08  3.30000816e+00 
 5.58677452e-08 -9.98950587e-07  5.58677452e-08 -1.33351937e-05  5.58677452e-08  1.19999959e+00  5.58677452e-08  3.29999189e+00 
 5.59177452e-08  1.10726181e-06  5.59177452e-08  1.32539092e-05  5.59177452e-08  1.20000031e+00  5.59177452e-08  3.30000803e+00 
 5.59677452e-08 -9.73611020e-07  5.59677452e-08 -1.31405297e-05  5.59677452e-08  1.19999960e+00  5.59677452e-08  3.29999202e+00 
 5.60177452e-08  1.08201559e-06  5.60177452e-08  1.30640762e-05  5.60177452e-08  1.20000030e+00  5.60177452e-08  3.30000791e+00 
 5.60677452e-08 -9.48495651e-07  5.60677452e-08 -1.29555077e-05  5.60677452e-08  1.19999961e+00  5.60677452e-08  3.29999214e+00 
 5.61177452e-08  1.05701656e-06  5.61177452e-08  1.28836432e-05  5.61177452e-08  1.20000029e+00  5.61177452e-08  3.30000778e+00 
 5.61677452e-08 -9.23647058e-07  5.61677452e-08 -1.27796415e-05  5.61677452e-08  1.19999962e+00  5.61677452e-08  3.29999227e+00 
 5.62177452e-08  1.03230323e-06  5.62177452e-08  1.27121319e-05  5.62177452e-08  1.20000028e+00  5.62177452e-08  3.30000766e+00 
 5.62677452e-08 -8.99100079e-07  5.62677452e-08 -1.26124609e-05  5.62677452e-08  1.19999963e+00  5.62677452e-08  3.29999238e+00 
 5.63177452e-08  1.00790699e-06  5.63177452e-08  1.25490797e-05  5.63177452e-08  1.20000027e+00  5.63177452e-08  3.30000754e+00 
 5.63677452e-08 -8.74883012e-07  5.63677452e-08 -1.24535118e-05  5.63677452e-08  1.19999964e+00  5.63677452e-08  3.29999250e+00 
 5.64177452e-08  9.83853229e-07  5.64177452e-08  1.23940404e-05  5.64177452e-08  1.20000026e+00  5.64177452e-08  3.30000743e+00 
 5.64677452e-08 -8.51018672e-07  5.64677452e-08 -1.23023562e-05  5.64677452e-08  1.19999965e+00  5.64677452e-08  3.29999261e+00 
 5.65177452e-08  9.60162334e-07  5.65177452e-08  1.22465838e-05  5.65177452e-08  1.20000025e+00  5.65177452e-08  3.30000732e+00 
 5.65677452e-08 -8.27525251e-07  5.65677452e-08 -1.21585722e-05  5.65677452e-08  1.19999966e+00  5.65677452e-08  3.29999272e+00 
 5.66177452e-08  9.36850429e-07  5.66177452e-08  1.21062964e-05  5.66177452e-08  1.20000024e+00  5.66177452e-08  3.30000721e+00 
 5.66677452e-08 -8.04417055e-07  5.66677452e-08 -1.20217545e-05  5.66677452e-08  1.19999967e+00  5.66677452e-08  3.29999283e+00 
 5.67177452e-08  9.13930068e-07  5.67177452e-08  1.19727804e-05  5.67177452e-08  1.20000023e+00  5.67177452e-08  3.30000710e+00 
 5.67677452e-08 -7.81705078e-07  5.67677452e-08 -1.18915138e-05  5.67677452e-08  1.19999968e+00  5.67677452e-08  3.29999294e+00 
 5.68177452e-08  8.91410772e-07  5.68177452e-08  1.18456547e-05  5.68177452e-08  1.20000022e+00  5.68177452e-08  3.30000700e+00 
 5.68677452e-08 -7.59397548e-07  5.68677452e-08 -1.17674769e-05  5.68677452e-08  1.19999968e+00  5.68677452e-08  3.29999304e+00 
 5.69177452e-08  8.69299543e-07  5.69177452e-08  1.17245539e-05  5.69177452e-08  1.20000022e+00  5.69177452e-08  3.30000690e+00 
 5.69677452e-08 -7.37500368e-07  5.69677452e-08 -1.16492866e-05  5.69677452e-08  1.19999969e+00  5.69677452e-08  3.29999314e+00 
 5.70177452e-08  8.47601213e-07  5.70177452e-08  1.16091286e-05  5.70177452e-08  1.20000021e+00  5.70177452e-08  3.30000680e+00 
 5.70677452e-08 -7.16017449e-07  5.70677452e-08 -1.15366014e-05  5.70677452e-08  1.19999970e+00  5.70677452e-08  3.29999323e+00 
 5.71177452e-08  8.26318820e-07  5.71177452e-08  1.14990449e-05  5.71177452e-08  1.20000020e+00  5.71177452e-08  3.30000671e+00 
 5.71677452e-08 -6.94951055e-07  5.71677452e-08 -1.14290951e-05  5.71677452e-08  1.19999971e+00  5.71677452e-08  3.29999333e+00 
 5.72177452e-08  8.05453849e-07  5.72177452e-08  1.13939842e-05  5.72177452e-08  1.20000019e+00  5.72177452e-08  3.30000662e+00 
 5.72677452e-08 -6.74302003e-07  5.72677452e-08 -1.13264569e-05  5.72677452e-08  1.19999972e+00  5.72677452e-08  3.29999342e+00 
 5.73177452e-08  7.85006495e-07  5.73177452e-08  1.12936429e-05  5.73177452e-08  1.20000018e+00  5.73177452e-08  3.30000653e+00 
 5.73677452e-08 -6.54069947e-07  5.73677452e-08 -1.12283905e-05  5.73677452e-08  1.19999972e+00  5.73677452e-08  3.29999351e+00 
 5.74177452e-08  7.64975866e-07  5.74177452e-08  1.11977318e-05  5.74177452e-08  1.20000018e+00  5.74177452e-08  3.30000644e+00 
 5.74677452e-08 -6.34253533e-07  5.74677452e-08 -1.11346140e-05  5.74677452e-08  1.19999973e+00  5.74677452e-08  3.29999359e+00 
 5.75177452e-08  7.45360167e-07  5.75177452e-08  1.11059762e-05  5.75177452e-08  1.20000017e+00  5.75177452e-08  3.30000635e+00 
 5.75677452e-08 -6.14850588e-07  5.75677452e-08 -1.10448596e-05  5.75677452e-08  1.19999974e+00  5.75677452e-08  3.29999368e+00 
 5.76177452e-08  7.26156824e-07  5.76177452e-08  1.10181149e-05  5.76177452e-08  1.20000016e+00  5.76177452e-08  3.30000627e+00 
 5.76677452e-08 -5.95858188e-07  5.76677452e-08 -1.09588730e-05  5.76677452e-08  1.19999974e+00  5.76677452e-08  3.29999376e+00 
 5.77177452e-08  7.07362593e-07  5.77177452e-08  1.09339003e-05  5.77177452e-08  1.20000016e+00  5.77177452e-08  3.30000619e+00 
 5.77677452e-08 -5.77272843e-07  5.77677452e-08 -1.08764132e-05  5.77677452e-08  1.19999975e+00  5.77677452e-08  3.29999384e+00 
 5.78177452e-08  6.88973717e-07  5.78177452e-08  1.08530976e-05  5.78177452e-08  1.20000015e+00  5.78177452e-08  3.30000611e+00 
 5.78677452e-08 -5.59090566e-07  5.78677452e-08 -1.07972516e-05  5.78677452e-08  1.19999976e+00  5.78677452e-08  3.29999392e+00 
 5.79177452e-08  6.70985970e-07  5.79177452e-08  1.07754844e-05  5.79177452e-08  1.20000014e+00  5.79177452e-08  3.30000603e+00 
 5.79677452e-08 -5.41306943e-07  5.79677452e-08 -1.07211721e-05  5.79677452e-08  1.19999976e+00  5.79677452e-08  3.29999400e+00 
 5.80177452e-08  6.53394763e-07  5.80177452e-08  1.07008505e-05  5.80177452e-08  1.20000014e+00  5.80177452e-08  3.30000595e+00 
 5.80677452e-08 -5.23917241e-07  5.80677452e-08 -1.06479703e-05  5.80677452e-08  1.19999977e+00  5.80677452e-08  3.29999407e+00 
 5.81177452e-08  6.36195184e-07  5.81177452e-08  1.06289971e-05  5.81177452e-08  1.20000013e+00  5.81177452e-08  3.30000588e+00 
 5.81677452e-08 -5.06916409e-07  5.81677452e-08 -1.05774530e-05  5.81677452e-08  1.19999977e+00  5.81677452e-08  3.29999414e+00 
 5.82177452e-08  6.19382061e-07  5.82177452e-08  1.05597365e-05  5.82177452e-08  1.20000013e+00  5.82177452e-08  3.30000581e+00 
 5.82677452e-08 -4.90299183e-07  5.82677452e-08 -1.05094381e-05  5.82677452e-08  1.19999978e+00  5.82677452e-08  3.29999421e+00 
 5.83177452e-08  6.02950020e-07  5.83177452e-08  1.04928919e-05  5.83177452e-08  1.20000012e+00  5.83177452e-08  3.30000574e+00 
 5.83677452e-08 -4.74060116e-07  5.83677452e-08 -1.04437538e-05  5.83677452e-08  1.19999979e+00  5.83677452e-08  3.29999428e+00 
 5.84177452e-08  5.86893523e-07  5.84177452e-08  1.04282963e-05  5.84177452e-08  1.20000011e+00  5.84177452e-08  3.30000567e+00 
 5.84677452e-08 -4.58193597e-07  5.84677452e-08 -1.03802382e-05  5.84677452e-08  1.19999979e+00  5.84677452e-08  3.29999435e+00 
 5.85177452e-08  5.71206903e-07  5.85177452e-08  1.03657928e-05  5.85177452e-08  1.20000011e+00  5.85177452e-08  3.30000560e+00 
 5.85677452e-08 -4.42693928e-07  5.85677452e-08 -1.03187390e-05  5.85677452e-08  1.19999980e+00  5.85677452e-08  3.29999442e+00 
 5.86177452e-08  5.55884388e-07  5.86177452e-08  1.03052336e-05  5.86177452e-08  1.20000010e+00  5.86177452e-08  3.30000554e+00 
 5.86677452e-08 -4.27555290e-07  5.86677452e-08 -1.02591132e-05  5.86677452e-08  1.19999980e+00  5.86677452e-08  3.29999448e+00 
 5.87177452e-08  5.40920126e-07  5.87177452e-08  1.02464800e-05  5.87177452e-08  1.20000010e+00  5.87177452e-08  3.30000547e+00 
 5.87677452e-08 -4.12771812e-07  5.87677452e-08 -1.02012262e-05  5.87677452e-08  1.19999981e+00  5.87677452e-08  3.29999455e+00 
 5.88177452e-08  5.26308207e-07  5.88177452e-08  1.01894015e-05  5.88177452e-08  1.20000009e+00  5.88177452e-08  3.30000541e+00 
 5.88677452e-08 -3.98337567e-07  5.88677452e-08 -1.01449517e-05  5.88677452e-08  1.19999981e+00  5.88677452e-08  3.29999461e+00 
 5.89177452e-08  5.12042688e-07  5.89177452e-08  1.01338760e-05  5.89177452e-08  1.20000009e+00  5.89177452e-08  3.30000534e+00 
 5.89677452e-08 -3.84246624e-07  5.89677452e-08 -1.00901715e-05  5.89677452e-08  1.19999982e+00  5.89677452e-08  3.29999467e+00 
 5.90177452e-08  4.98117620e-07  5.90177452e-08  1.00797890e-05  5.90177452e-08  1.20000009e+00  5.90177452e-08  3.30000528e+00 
 5.90677452e-08 -3.70493010e-07  5.90677452e-08 -1.00367747e-05  5.90677452e-08  1.19999982e+00  5.90677452e-08  3.29999473e+00 
 5.91177452e-08  4.84527027e-07  5.91177452e-08  1.00270330e-05  5.91177452e-08  1.20000008e+00  5.91177452e-08  3.30000522e+00 
 5.91677452e-08 -3.57070779e-07  5.91677452e-08 -9.98465750e-06  5.91677452e-08  1.19999983e+00  5.91677452e-08  3.29999479e+00 
 5.92177452e-08  4.71264956e-07  5.92177452e-08  9.97550776e-06  5.92177452e-08  1.20000008e+00  5.92177452e-08  3.30000517e+00 
 5.92677452e-08 -3.43973979e-07  5.92677452e-08 -9.93372305e-06  5.92677452e-08  1.19999983e+00  5.92677452e-08  3.29999485e+00 
 5.93177452e-08  4.58325472e-07  5.93177452e-08  9.92511959e-06  5.93177452e-08  1.20000007e+00  5.93177452e-08  3.30000511e+00 
 5.93677452e-08 -3.31196696e-07  5.93677452e-08 -9.88388070e-06  5.93677452e-08  1.19999983e+00  5.93677452e-08  3.29999491e+00 
 5.94177452e-08  4.45702646e-07  5.94177452e-08  9.87578095e-06  5.94177452e-08  1.20000007e+00  5.94177452e-08  3.30000505e+00 
 5.94677452e-08 -3.18733021e-07  5.94677452e-08 -9.83504601e-06  5.94677452e-08  1.19999984e+00  5.94677452e-08  3.29999496e+00 
 5.95177452e-08  4.33390608e-07  5.95177452e-08  9.82741022e-06  5.95177452e-08  1.20000006e+00  5.95177452e-08  3.30000500e+00 
 5.95677452e-08 -3.06577100e-07  5.95677452e-08 -9.78714017e-06  5.95677452e-08  1.19999984e+00  5.95677452e-08  3.29999502e+00 
 5.96177452e-08  4.21383502e-07  5.96177452e-08  9.77993137e-06  5.96177452e-08  1.20000006e+00  5.96177452e-08  3.30000494e+00 
 5.96677452e-08 -2.94723114e-07  5.96677452e-08 -9.74008986e-06  5.96677452e-08  1.19999985e+00  5.96677452e-08  3.29999507e+00 
 5.97177452e-08  4.09675540e-07  5.97177452e-08  9.73327369e-06  5.97177452e-08  1.20000006e+00  5.97177452e-08  3.30000489e+00 
 5.97677452e-08 -2.83165306e-07  5.97677452e-08 -9.69382693e-06  5.97677452e-08  1.19999985e+00  5.97677452e-08  3.29999513e+00 
 5.98177452e-08  3.98260972e-07  5.98177452e-08  9.68737144e-06  5.98177452e-08  1.20000005e+00  5.98177452e-08  3.30000484e+00 
 5.98677452e-08 -2.71897946e-07  5.98677452e-08 -9.64828805e-06  5.98677452e-08  1.19999985e+00  5.98677452e-08  3.29999518e+00 
 5.99177452e-08  3.87134115e-07  5.99177452e-08  9.64216362e-06  5.99177452e-08  1.20000005e+00  5.99177452e-08  3.30000478e+00 
 5.99588726e-08 -2.59747266e-07  5.99588726e-08 -9.59861488e-06  5.99588726e-08  1.19999986e+00  5.99588726e-08  3.29999524e+00 
 6.00000000e-08  3.73986451e-07  6.00000000e-08  9.58808637e-06  6.00000000e-08  1.20000005e+00  6.00000000e-08  3.30000472e+00 
 6.00050000e-08  1.37385978e-05  6.00050000e-08  1.50791885e-04  6.00050000e-08  1.20000250e+00  6.00050000e-08  3.30002882e+00 
 6.00150000e-08 -6.49663097e-06  6.00150000e-08  9.95886465e-06  6.00150000e-08  1.19999678e+00  6.00150000e-08  3.29999004e+00 
 6.00350000e-08 -7.03315906e-06  6.00350000e-08 -5.59381295e-05  6.00350000e-08  1.20000016e+00  6.00350000e-08  3.29999012e+00 
 6.00750000e-08  7.37087173e-06  6.00750000e-08 -5.71023838e-05  6.00750000e-08  1.20000123e+00  6.00750000e-08  3.29999413e+00 
 6.01250000e-08 -3.74867557e-05  6.01250000e-08 -1.40927419e-04  6.01250000e-08  1.19999592e+00  6.01250000e-08  3.29999351e+00 
 6.01625000e-08  1.24512543e-04  6.01625000e-08 -3.29694011e-04  6.01625000e-08  1.20001623e+00  6.01625000e-08  3.29997111e+00 
 6.02000000e-08  1.23425915e-03  6.02000000e-08  1.51574764e-03  6.02000000e-08  1.20009142e+00  6.02000000e-08  3.30023717e+00 
 6.02050000e-08  7.83027890e-04  6.02050000e-08  1.87189924e-03  6.02050000e-08  1.19997003e+00  6.02050000e-08  3.30026294e+00 
 6.02150000e-08 -9.67764284e-06  6.02150000e-08  3.00577123e-03  6.02150000e-08  1.19984066e+00  6.02150000e-08  3.30039338e+00 
 6.02350000e-08 -7.01928636e-04  6.02350000e-08  5.15131917e-03  6.02350000e-08  1.19993234e+00  6.02350000e-08  3.30052373e+00 
 6.02680852e-08 -3.49140734e-04  6.02680852e-08  9.92529016e-04  6.02680852e-08  1.20006404e+00  6.02680852e-08  3.29956105e+00 
 6.03035919e-08 -1.27278684e-04  6.03035919e-08 -1.60081587e-03  6.03035919e-08  1.19999189e+00  6.03035919e-08  3.29957011e+00 
 6.03515844e-08  6.08004234e-05  6.03515844e-08 -6.65556424e-04  6.03515844e-08  1.20001839e+00  6.03515844e-08  3.30006647e+00 
 6.04015844e-08 -5.13741467e-05  6.04015844e-08 -2.62209779e-03  6.04015844e-08  1.19998161e+00  6.04015844e-08  3.29979824e+00 
 6.04515844e-08  4.57241087e-05  6.04515844e-08  2.68969346e-04  6.04515844e-08  1.20001698e+00  6.04515844e-08  3.30030690e+00 
 6.05015844e-08 -4.05925083e-05  6.05015844e-08 -6.56718494e-04  6.05015844e-08  1.19998458e+00  6.05015844e-08  3.29991594e+00 
 6.05515844e-08  3.62233749e-05  6.05515844e-08  3.69580763e-04  6.05515844e-08  1.20001360e+00  6.05515844e-08  3.30011304e+00 
 6.06015844e-08 -3.20647709e-05  6.06015844e-08 -3.43133415e-04  6.06015844e-08  1.19998796e+00  6.06015844e-08  3.29991655e+00 
 6.06515844e-08  2.85786370e-05  6.06515844e-08  2.53288385e-04  6.06515844e-08  1.20001040e+00  6.06515844e-08  3.30007671e+00 
 6.07015844e-08 -2.52404728e-05  6.07015844e-08 -2.10037675e-04  6.07015844e-08  1.19999090e+00  6.07015844e-08  3.29993444e+00 
 6.07515844e-08  2.25009898e-05  6.07515844e-08  1.66056691e-04  6.07515844e-08  1.20000777e+00  6.07515844e-08  3.30005845e+00 
 6.08015844e-08 -1.98380852e-05  6.08015844e-08 -1.35105619e-04  6.08015844e-08  1.19999323e+00  6.08015844e-08  3.29994842e+00 
 6.08515844e-08  1.77066172e-05  6.08515844e-08  1.08818584e-04  6.08515844e-08  1.20000572e+00  6.08515844e-08  3.30004592e+00 
 6.09015844e-08 -1.55882049e-05  6.09015844e-08 -8.81518484e-05  6.09015844e-08  1.19999502e+00  6.09015844e-08  3.29995917e+00 
 6.09515844e-08  1.39409052e-05  6.09515844e-08  7.10701021e-05  6.09515844e-08  1.20000416e+00  6.09515844e-08  3.30003634e+00 
 6.10015844e-08 -1.22534652e-05  6.10015844e-08 -5.71165049e-05  6.10015844e-08  1.19999636e+00  6.10015844e-08  3.29996768e+00 
 6.10515844e-08  1.09896643e-05  6.10515844e-08  4.55344412e-05  6.10515844e-08  1.20000300e+00  6.10515844e-08  3.30002870e+00 
 6.11015844e-08 -9.64153704e-06  6.11015844e-08 -3.58759744e-05  6.11015844e-08  1.19999737e+00  6.11015844e-08  3.29997455e+00 
 6.11515844e-08  8.67880240e-06  6.11515844e-08  2.77799731e-05  6.11515844e-08  1.20000214e+00  6.11515844e-08  3.30002248e+00 
 6.12015844e-08 -7.59670109e-06  6.12015844e-08 -2.09210381e-05  6.12015844e-08  1.19999811e+00  6.12015844e-08  3.29998018e+00 
 6.12515844e-08  6.86959045e-06  6.12515844e-08  1.51108146e-05  6.12515844e-08  1.20000150e+00  6.12515844e-08  3.30001738e+00 
 6.13015844e-08 -5.99556586e-06  6.13015844e-08 -1.01140420e-05  6.13015844e-08  1.19999866e+00  6.13015844e-08  3.29998483e+00 
 6.13515844e-08  5.45254941e-06  6.13515844e-08  5.83663992e-06  6.13515844e-08  1.20000102e+00  6.13515844e-08  3.30001314e+00 
 6.14015844e-08 -4.74106764e-06  6.14015844e-08 -2.10067162e-06  6.14015844e-08  1.19999907e+00  6.14015844e-08  3.29998870e+00 
 6.14515844e-08  4.34175914e-06  6.14515844e-08 -1.13090661e-06  6.14515844e-08  1.20000067e+00  6.14515844e-08  3.30000960e+00 
 6.15015844e-08 -3.75717257e-06  6.15015844e-08  3.99977915e-06  6.15015844e-08  1.19999938e+00  6.15015844e-08  3.29999195e+00 
 6.15515844e-08  3.47008104e-06  6.15515844e-08 -6.50735730e-06  6.15515844e-08  1.20000041e+00  6.15515844e-08  3.30000661e+00 
 6.16015844e-08 -2.98444889e-06  6.16015844e-08  8.77029283e-06  6.16015844e-08  1.19999960e+00  6.16015844e-08  3.29999470e+00 
 6.16515844e-08  2.78479299e-06  6.16515844e-08 -1.07662276e-05  6.16515844e-08  1.20000021e+00  6.16515844e-08  3.30000407e+00 
 6.17015844e-08 -2.37657678e-06  6.17015844e-08  1.25996740e-05  6.17015844e-08  1.19999977e+00  6.17015844e-08  3.29999705e+00 
 6.17515844e-08  2.24521675e-06  6.17515844e-08 -1.42307030e-05  6.17515844e-08  1.20000007e+00  6.17515844e-08  3.30000189e+00 
 6.18015844e-08 -1.89737944e-06  6.18015844e-08  1.57524837e-05  6.18015844e-08  1.19999989e+00  6.18015844e-08  3.29999907e+00 
 6.18515844e-08  1.81934737e-06  6.18515844e-08 -1.71154736e-05  6.18515844e-08  1.19999996e+00  6.18515844e-08  3.30000001e+00 
 6.19015844e-08 -1.51868525e-06  6.19015844e-08  1.84062421e-05  6.19015844e-08  1.19999999e+00  6.19015844e-08  3.30000082e+00 
 6.19515844e-08  1.48231586e-06  6.19515844e-08 -1.95678720e-05  6.19515844e-08  1.19999988e+00  6.19515844e-08  3.29999837e+00 
 6.20000000e-08 -1.21416749e-06  6.20000000e-08  2.07172881e-05  6.20000000e-08  1.20000006e+00  6.20000000e-08  3.30000238e+00 
 6.20050000e-08  4.24036227e-04  6.20050000e-08  4.71887870e-03  6.20050000e-08  1.20007879e+00  6.20050000e-08  3.30089975e+00 
 6.20150000e-08  4.15516605e-04  6.20150000e-08  6.21955869e-03  6.20150000e-08  1.20001648e+00  6.20150000e-08  3.30081984e+00 
 6.20350000e-08  5.41118032e-05  6.20350000e-08  2.74817733e-03  6.20350000e-08  1.19994537e+00  6.20350000e-08  3.29989445e+00 
 6.20750000e-08  2.31831563e-04  6.20750000e-08  1.76010716e-03  6.20750000e-08  1.20004206e+00  6.20750000e-08  3.29983152e+00 
 6.21250000e-08 -1.09933692e-03  6.21250000e-08 -1.08160123e-02  6.21250000e-08  1.19988129e+00  6.21250000e-08  3.29856163e+00 
 6.21625000e-08 -1.76897159e-02  6.21625000e-08 -3.44456362e-02  6.21625000e-08  1.19867253e+00  6.21625000e-08  3.29674690e+00 
 6.22000000e-08  2.78187924e-02  6.22000000e-08 -6.12595541e-02  6.22000000e-08  1.20272662e+00  6.22000000e-08  3.29613926e+00 
 6.22050000e-08  6.22705320e-02  6.22050000e-08 -5.82505427e-02  6.22050000e-08  1.20490202e+00  6.22050000e-08  3.29734991e+00 
 6.22150000e-08  1.66510902e-01  6.22150000e-08 -4.41160200e-02  6.22150000e-08  1.20946310e+00  6.22150000e-08  3.30061542e+00 
 6.22350000e-08  3.46010256e-01  6.22350000e-08  3.37798626e-02  6.22350000e-08  1.20790953e+00  6.22350000e-08  3.31100856e+00 
 6.22638176e-08  9.56208450e-02  6.22638176e-08  2.73555493e-01  6.22638176e-08  1.18951517e+00  6.22638176e-08  3.32758390e+00 
 6.22951021e-08 -1.70957360e-02  6.22951021e-08  1.02681743e+00  6.22951021e-08  1.19735638e+00  6.22951021e-08  3.34688654e+00 
 6.23451021e-08  1.67435309e-02  6.23451021e-08  2.43490749e+00  6.23451021e-08  1.20153152e+00  6.23451021e-08  3.34592110e+00 
 6.23951021e-08 -1.52071192e-02  6.23951021e-08  1.93094363e+00  6.23951021e-08  1.19883177e+00  6.23951021e-08  3.27497325e+00 
 6.24451021e-08  1.37793638e-02  6.24451021e-08  1.97689569e-01  6.24451021e-08  1.20098249e+00  6.24451021e-08  3.23802554e+00 
 6.24951021e-08 -1.20658371e-02  6.24951021e-08 -4.37651992e-02  6.24951021e-08  1.19913428e+00  6.24951021e-08  3.27513992e+00 
 6.25451021e-08  1.08540407e-02  6.25451021e-08  4.46091218e-02  6.25451021e-08  1.20078056e+00  6.25451021e-08  3.29892409e+00 
 6.25951021e-08 -9.52182504e-03  6.25951021e-08 -2.68404743e-02  6.25951021e-08  1.19928853e+00  6.25951021e-08  3.29825142e+00 
 6.26451021e-08  8.54285021e-03  6.26451021e-08  1.94678995e-02  6.26451021e-08  1.20065256e+00  6.26451021e-08  3.30090496e+00 
 6.26951021e-08 -7.52012586e-03  6.26951021e-08 -1.31713089e-02  6.26951021e-08  1.19940047e+00  6.26951021e-08  3.29920741e+00 
 6.27451021e-08  6.73621069e-03  6.27451021e-08  9.30754423e-03  6.27451021e-08  1.20055128e+00  6.27451021e-08  3.30061394e+00 
 6.27951021e-08 -5.94766079e-03  6.27951021e-08 -6.47080242e-03  6.27951021e-08  1.19949370e+00  6.27951021e-08  3.29947887e+00 
 6.28451021e-08  5.32251769e-03  6.28451021e-08  4.56916270e-03  6.28451021e-08  1.20046449e+00  6.28451021e-08  3.30044198e+00 
 6.28951021e-08 -4.71171095e-03  6.28951021e-08 -3.21203356e-03  6.28951021e-08  1.19957469e+00  6.28951021e-08  3.29961330e+00 
 6.29451021e-08  4.21456390e-03  6.29451021e-08  2.26945962e-03  6.29451021e-08  1.20038874e+00  6.29451021e-08  3.30034175e+00 
 6.29951021e-08 -3.73963969e-03  6.29951021e-08 -1.59548227e-03  6.29951021e-08  1.19964537e+00  6.29951021e-08  3.29969374e+00 
 6.30451021e-08  3.34506540e-03  6.30451021e-08  1.11771366e-03  6.30451021e-08  1.20032285e+00  6.30451021e-08  3.30027659e+00 
 6.30951021e-08 -2.97465452e-03  6.30951021e-08 -7.72236571e-04  6.30951021e-08  1.19970657e+00  6.30951021e-08  3.29974831e+00 
 6.31451021e-08  2.66192541e-03  6.31451021e-08  5.23655029e-04  6.31451021e-08  1.20026611e+00  6.31451021e-08  3.30023019e+00 
 6.31951021e-08 -2.37228923e-03  6.31951021e-08 -3.41542737e-04  6.31951021e-08  1.19975900e+00  6.31951021e-08  3.29978848e+00 
 6.32451021e-08  2.12465675e-03  6.32451021e-08  2.09095566e-04  6.32451021e-08  1.20021776e+00  6.32451021e-08  3.30019502e+00 
 6.32951021e-08 -1.89768878e-03  6.32951021e-08 -1.10977095e-04  6.32951021e-08  1.19980344e+00  6.32951021e-08  3.29981962e+00 
 6.33451021e-08  1.70170805e-03  6.33451021e-08  3.92586049e-05  6.33451021e-08  1.20017698e+00  6.33451021e-08  3.30016724e+00 
 6.33951021e-08 -1.52351075e-03  6.33951021e-08  1.42089424e-05  6.33951021e-08  1.19984076e+00  6.33951021e-08  3.29984458e+00 
 6.34451021e-08  1.36844151e-03  6.34451021e-08 -5.31395345e-05  6.34451021e-08  1.20014288e+00  6.34451021e-08  3.30014468e+00 
 6.34951021e-08 -1.22829431e-03  6.34951021e-08  8.21080892e-05  6.34951021e-08  1.19987186e+00  6.34951021e-08  3.29986507e+00 
 6.35451021e-08  1.10429348e-03  6.35451021e-08 -1.02822997e-04  6.35451021e-08  1.20011457e+00  6.35451021e-08  3.30012599e+00 
 6.35951021e-08 -9.95341895e-04  6.35951021e-08  1.17953608e-04  6.35951021e-08  1.19989757e+00  6.35951021e-08  3.29988219e+00 
 6.36451021e-08  8.97573531e-04  6.36451021e-08 -1.28286640e-04  6.36451021e-08  1.20009123e+00  6.36451021e-08  3.30011026e+00 
 6.36951021e-08 -8.11140224e-04  6.36951021e-08  1.35459337e-04  6.36951021e-08  1.19991872e+00  6.36951021e-08  3.29989670e+00 
 6.37451021e-08  7.33962176e-04  6.37451021e-08 -1.39774623e-04  6.37451021e-08  1.20007209e+00  6.37451021e-08  3.30009684e+00 
 6.37951021e-08 -6.65358866e-04  6.37951021e-08  1.42304635e-04  6.37951021e-08  1.19993602e+00  6.37951021e-08  3.29990914e+00 
 6.38451021e-08  6.04351196e-04  6.38451021e-08 -1.43106961e-04  6.38451021e-08  1.20005648e+00  6.38451021e-08  3.30008527e+00 
 6.38951021e-08 -5.49852148e-04  6.38951021e-08  1.42921532e-04  6.38951021e-08  1.19995010e+00  6.38951021e-08  3.29991993e+00 
 6.39451021e-08  5.01554731e-04  6.39451021e-08 -1.41682646e-04  6.39451021e-08  1.20004380e+00  6.39451021e-08  3.30007519e+00 
 6.39951021e-08 -4.58074088e-04  6.39951021e-08  1.39917252e-04  6.39951021e-08  1.19996151e+00  6.39951021e-08  3.29992936e+00 
 6.40451021e-08  4.19923082e-04  6.40451021e-08 -1.37533961e-04  6.40451021e-08  1.20003354e+00  6.40451021e-08  3.30006634e+00 
 6.40951021e-08 -3.85216027e-04  6.40951021e-08  1.34884532e-04  6.40951021e-08  1.19997071e+00  6.40951021e-08  3.29993768e+00 
 6.41451021e-08  3.54975670e-04  6.41451021e-08 -1.31872383e-04  6.41451021e-08  1.20002529e+00  6.41451021e-08  3.30005851e+00 
 6.41951021e-08 -3.27218879e-04  6.41951021e-08  1.28767890e-04  6.41951021e-08  1.19997811e+00  6.41951021e-08  3.29994506e+00 
 6.42451021e-08  3.03190706e-04  6.42451021e-08 -1.25454301e-04  6.42451021e-08  1.20001866e+00  6.42451021e-08  3.30005154e+00 
 6.42951021e-08 -2.80937259e-04  6.42951021e-08  1.22151014e-04  6.42951021e-08  1.19998404e+00  6.42951021e-08  3.29995166e+00 
 6.43451021e-08  2.61794149e-04  6.43451021e-08 -1.18735212e-04  6.43451021e-08  1.20001337e+00  6.43451021e-08  3.30004529e+00 
 6.43951021e-08 -2.43897496e-04  6.43951021e-08  1.15389915e-04  6.43951021e-08  1.19998876e+00  6.43951021e-08  3.29995758e+00 
 6.44451021e-08  2.28600512e-04  6.44451021e-08 -1.11992223e-04  6.44451021e-08  1.20000916e+00  6.44451021e-08  3.30003967e+00 
 6.44951021e-08 -2.14153126e-04  6.44951021e-08  1.08699268e-04  6.44951021e-08  1.19999251e+00  6.44951021e-08  3.29996292e+00 
 6.45451021e-08  2.01887663e-04  6.45451021e-08 -1.05390892e-04  6.45451021e-08  1.20000582e+00  6.45451021e-08  3.30003460e+00 
 6.45951021e-08 -1.90171772e-04  6.45951021e-08  1.02205467e-04  6.45951021e-08  1.19999547e+00  6.45951021e-08  3.29996775e+00 
 6.46451021e-08  1.80298288e-04  6.46451021e-08 -9.90268578e-05  6.46451021e-08  1.20000319e+00  6.46451021e-08  3.30002999e+00 
 6.46951021e-08 -1.70746503e-04  6.46951021e-08  9.59795510e-05  6.46951021e-08  1.19999780e+00  6.46951021e-08  3.29997214e+00 
 6.47451021e-08  1.62762350e-04  6.47451021e-08 -9.29518823e-05  6.47451021e-08  1.20000113e+00  6.47451021e-08  3.30002580e+00 
 6.47951021e-08 -1.54926307e-04  6.47951021e-08  9.00578526e-05  6.47951021e-08  1.19999962e+00  6.47951021e-08  3.29997615e+00 
 6.48451021e-08  1.48436066e-04  6.48451021e-08 -8.71902588e-05  6.48451021e-08  1.19999953e+00  6.48451021e-08  3.30002197e+00 
 6.48951021e-08 -1.41961525e-04  6.48951021e-08  8.44550399e-05  6.48951021e-08  1.20000103e+00  6.48951021e-08  3.29997981e+00 
 6.49451021e-08  1.36653886e-04  6.49451021e-08 -8.17492100e-05  6.49451021e-08  1.19999829e+00  6.49451021e-08  3.30001847e+00 
 6.49951021e-08 -1.31260986e-04  6.49951021e-08  7.91724071e-05  6.49951021e-08  1.20000211e+00  6.49951021e-08  3.29998316e+00 
 6.50451021e-08  1.26890691e-04  6.50451021e-08 -7.66255093e-05  6.50451021e-08  1.19999735e+00  6.50451021e-08  3.30001526e+00 
 6.50951021e-08 -1.22358323e-04  6.50951021e-08  7.42031587e-05  6.50951021e-08  1.20000293e+00  6.50951021e-08  3.29998623e+00 
 6.51451021e-08  1.18732030e-04  6.51451021e-08 -7.18097051e-05  6.51451021e-08  1.19999664e+00  6.51451021e-08  3.30001232e+00 
 6.51951021e-08 -1.14885477e-04  6.51951021e-08  6.95357799e-05  6.51951021e-08  1.20000355e+00  6.51951021e-08  3.29998905e+00 
 6.52451021e-08  1.11850692e-04  6.52451021e-08 -6.72888144e-05  6.52451021e-08  1.19999611e+00  6.52451021e-08  3.30000961e+00 
 6.52951021e-08 -1.08551863e-04  6.52951021e-08  6.51561858e-05  6.52951021e-08  1.20000399e+00  6.52951021e-08  3.29999165e+00 
 6.53451021e-08  1.05988244e-04  6.53451021e-08 -6.30480376e-05  6.53451021e-08  1.19999574e+00  6.53451021e-08  3.30000712e+00 
 6.53951021e-08 -1.03127961e-04  6.53951021e-08  6.10490828e-05  6.53951021e-08  1.20000431e+00  6.53951021e-08  3.29999404e+00 
 6.54451021e-08  1.00940494e-04  6.54451021e-08 -5.90718403e-05  6.54451021e-08  1.19999548e+00  6.54451021e-08  3.30000482e+00 
 6.54951021e-08 -9.84324042e-05  6.54951021e-08  5.71988249e-05  6.54951021e-08  1.20000452e+00  6.54951021e-08  3.29999625e+00 
 6.55451021e-08  9.65460349e-05  6.55451021e-08 -5.53446290e-05  6.55451021e-08  1.19999531e+00  6.55451021e-08  3.30000270e+00 
 6.55951021e-08 -9.43218051e-05  6.55951021e-08  5.35899418e-05  6.55951021e-08  1.20000465e+00  6.55951021e-08  3.29999829e+00 
 6.56451021e-08  9.26772155e-05  6.56451021e-08 -5.18511630e-05  6.56451021e-08  1.19999521e+00  6.56451021e-08  3.30000074e+00 
 6.56951021e-08 -9.06827383e-05  6.56951021e-08  5.02074566e-05  6.56951021e-08  1.20000472e+00  6.56951021e-08  3.30000016e+00 
 6.57451021e-08  8.92330225e-05  6.57451021e-08 -4.85767962e-05  6.57451021e-08  1.19999517e+00  6.57451021e-08  3.29999894e+00 
 6.57951021e-08 -8.74254240e-05  6.57951021e-08  4.70370657e-05  6.57951021e-08  1.20000474e+00  6.57951021e-08  3.30000190e+00 
 6.58451021e-08  8.61334690e-05  6.58451021e-08 -4.55076097e-05  6.58451021e-08  1.19999517e+00  6.58451021e-08  3.29999727e+00 
 6.58951021e-08 -8.44787470e-05  6.58951021e-08  4.40652326e-05  6.58951021e-08  1.20000472e+00  6.58951021e-08  3.30000351e+00 
 6.59451021e-08  8.33151685e-05  6.59451021e-08 -4.26304741e-05  6.59451021e-08  1.19999521e+00  6.59451021e-08  3.29999572e+00 
 6.59951021e-08 -8.17863283e-05  6.59951021e-08  4.12792246e-05  6.59951021e-08  1.20000467e+00  6.59951021e-08  3.30000499e+00 
 6.60451021e-08  8.07278436e-05  6.60451021e-08 -3.99330668e-05  6.60451021e-08  1.19999527e+00  6.60451021e-08  3.29999430e+00 
 6.60951021e-08 -7.93034274e-05  6.60951021e-08  3.86671142e-05  6.60951021e-08  1.20000460e+00  6.60951021e-08  3.30000636e+00 
 6.61451021e-08  7.83315717e-05  6.61451021e-08 -3.74038621e-05  6.61451021e-08  1.19999535e+00  6.61451021e-08  3.29999298e+00 
 6.61951021e-08 -7.69944973e-05  6.61951021e-08  3.62177602e-05  6.61951021e-08  1.20000451e+00  6.61951021e-08  3.30000763e+00 
 6.62451021e-08  7.60946113e-05  6.62451021e-08 -3.50321037e-05  6.62451021e-08  1.19999544e+00  6.62451021e-08  3.29999176e+00 
 6.62951021e-08 -7.48312557e-05  6.62951021e-08  3.39207736e-05  6.62951021e-08  1.20000441e+00  6.62951021e-08  3.30000880e+00 
 6.63451021e-08  7.39916868e-05  6.63451021e-08 -3.28077686e-05  6.63451021e-08  1.19999555e+00  6.63451021e-08  3.29999063e+00 
 6.63951021e-08 -7.27911621e-05  6.63951021e-08  3.17664792e-05  6.63951021e-08  1.20000430e+00  6.63951021e-08  3.30000989e+00 
 6.64451021e-08  7.20026336e-05  6.64451021e-08 -3.07215246e-05  6.64451021e-08  1.19999566e+00  6.64451021e-08  3.29998959e+00 
 6.64951021e-08 -7.08562161e-05  6.64951021e-08  2.97458712e-05  6.64951021e-08  1.20000418e+00  6.64951021e-08  3.30001089e+00 
 6.65451021e-08  7.01113289e-05  6.65451021e-08 -2.87646873e-05  6.65451021e-08  1.19999578e+00  6.65451021e-08  3.29998862e+00 
 6.65951021e-08 -6.90120078e-05  6.65951021e-08  2.78505700e-05  6.65951021e-08  1.20000406e+00  6.65951021e-08  3.30001182e+00 
 6.66451021e-08  6.83048476e-05  6.66451021e-08 -2.69291759e-05  6.66451021e-08  1.19999590e+00  6.66451021e-08  3.29998773e+00 
 6.66951021e-08 -6.72469684e-05  6.66951021e-08  2.60727785e-05  6.66951021e-08  1.20000394e+00  6.66951021e-08  3.30001268e+00 
 6.67451021e-08  6.65727951e-05  6.67451021e-08 -2.52074706e-05  6.67451021e-08  1.19999603e+00  6.67451021e-08  3.29998691e+00 
 6.67951021e-08 -6.55517780e-05  6.67951021e-08  2.44052403e-05  6.67951021e-08  1.20000382e+00  6.67951021e-08  3.30001347e+00 
 6.68451021e-08  6.49067803e-05  6.68451021e-08 -2.35925717e-05  6.68451021e-08  1.19999615e+00  6.68451021e-08  3.29998614e+00 
 6.68951021e-08 -6.39188978e-05  6.68951021e-08  2.28411998e-05  6.68951021e-08  1.20000369e+00  6.68951021e-08  3.30001420e+00 
 6.69451021e-08  6.32999998e-05  6.69451021e-08 -2.20779612e-05  6.69451021e-08  1.19999627e+00  6.69451021e-08  3.29998544e+00 
 6.69951021e-08 -6.23422007e-05  6.69951021e-08  2.13743647e-05  6.69951021e-08  1.20000357e+00  6.69951021e-08  3.30001488e+00 
 6.70451021e-08  6.17469082e-05  6.70451021e-08 -2.06575667e-05  6.70451021e-08  1.19999639e+00  6.70451021e-08  3.29998479e+00 
 6.70951021e-08 -6.08166788e-05  6.70951021e-08  1.99988715e-05  6.70951021e-08  1.20000345e+00  6.70951021e-08  3.30001550e+00 
 6.71451021e-08  6.02429588e-05  6.71451021e-08 -1.93257272e-05  6.71451021e-08  1.19999651e+00  6.71451021e-08  3.29998419e+00 
 6.71951021e-08 -5.93382129e-05  6.71951021e-08  1.87092524e-05  6.71951021e-08  1.20000333e+00  6.71951021e-08  3.30001608e+00 
 6.72451021e-08  5.87843976e-05  6.72451021e-08 -1.80771625e-05  6.72451021e-08  1.19999663e+00  6.72451021e-08  3.29998364e+00 
 6.72951021e-08 -5.79033896e-05  6.72951021e-08  1.75004058e-05  6.72951021e-08  1.20000321e+00  6.72951021e-08  3.30001661e+00 
 6.73451021e-08  5.73681012e-05  6.73451021e-08 -1.69069440e-05  6.73451021e-08  1.19999675e+00  6.73451021e-08  3.29998313e+00 
 6.73951021e-08 -5.65093573e-05  6.73951021e-08  1.63675681e-05  6.73951021e-08  1.20000310e+00  6.73951021e-08  3.30001710e+00 
 6.74451021e-08  5.59914481e-05  6.74451021e-08 -1.58104684e-05  6.74451021e-08  1.19999686e+00  6.74451021e-08  3.29998266e+00 
 6.74951021e-08 -5.51537120e-05  6.74951021e-08  1.53062887e-05  6.74951021e-08  1.20000299e+00  6.74951021e-08  3.30001755e+00 
 6.75451021e-08  5.46522171e-05  6.75451021e-08 -1.47834329e-05  6.75451021e-08  1.19999697e+00  6.75451021e-08  3.29998222e+00 
 6.75951021e-08 -5.38344068e-05  6.75951021e-08  1.43124063e-05  6.75951021e-08  1.20000288e+00  6.75951021e-08  3.30001797e+00 
 6.76451021e-08  5.33485069e-05  6.76451021e-08 -1.38218129e-05  6.76451021e-08  1.19999708e+00  6.76451021e-08  3.29998183e+00 
 6.76951021e-08 -5.25496807e-05  6.76951021e-08  1.33820269e-05  6.76951021e-08  1.20000277e+00  6.76951021e-08  3.30001835e+00 
 6.77451021e-08  5.20786726e-05  6.77451021e-08 -1.29218413e-05  6.77451021e-08  1.19999718e+00  6.77451021e-08  3.29998146e+00 
 6.77951021e-08 -5.12980020e-05  6.77951021e-08  1.25115047e-05  6.77951021e-08  1.20000267e+00  6.77951021e-08  3.30001870e+00 
 6.78451021e-08  5.08412751e-05  6.78451021e-08 -1.20799894e-05  6.78451021e-08  1.19999728e+00  6.78451021e-08  3.29998113e+00 
 6.78951021e-08 -5.00780233e-05  6.78951021e-08  1.16974234e-05  6.78951021e-08  1.20000257e+00  6.78951021e-08  3.30001902e+00 
 6.79451021e-08  4.96350416e-05  6.79451021e-08 -1.12929498e-05  6.79451021e-08  1.19999738e+00  6.79451021e-08  3.29998082e+00 
 6.79951021e-08 -4.88885466e-05  6.79951021e-08  1.09365799e-05  6.79951021e-08  1.20000247e+00  6.79951021e-08  3.30001931e+00 
 6.80451021e-08  4.84588335e-05  6.80451021e-08 -1.05576200e-05  6.80451021e-08  1.19999748e+00  6.80451021e-08  3.29998054e+00 
 6.80951021e-08 -4.77284946e-05  6.80951021e-08  1.02259683e-05  6.80951021e-08  1.20000238e+00  6.80951021e-08  3.30001958e+00 
 6.81451021e-08  4.73116216e-05  6.81451021e-08 -9.87108816e-06  6.81451021e-08  1.19999757e+00  6.81451021e-08  3.29998028e+00 
 6.81951021e-08 -4.65968888e-05  6.81951021e-08  9.56276673e-06  6.81951021e-08  1.20000229e+00  6.81951021e-08  3.30001983e+00 
 6.82451021e-08  4.61924666e-05  6.82451021e-08 -9.23061901e-06  6.82451021e-08  1.19999766e+00  6.82451021e-08  3.29998004e+00 
 6.82951021e-08 -4.54928316e-05  6.82951021e-08  8.94432354e-06  6.82951021e-08  1.20000220e+00  6.82951021e-08  3.30002005e+00 
 6.83451021e-08  4.51005027e-05  6.83451021e-08 -8.63364202e-06  6.83451021e-08  1.19999775e+00  6.83451021e-08  3.29997983e+00 
 6.83951021e-08 -4.44154926e-05  6.83951021e-08  8.36814601e-06  6.83951021e-08  1.20000211e+00  6.83951021e-08  3.30002026e+00 
 6.84451021e-08  4.40349253e-05  6.84451021e-08 -8.07773965e-06  6.84451021e-08  1.19999783e+00  6.84451021e-08  3.29997963e+00 
 6.84951021e-08 -4.33640968e-05  6.84951021e-08  7.83188906e-06  6.84951021e-08  1.20000203e+00  6.84951021e-08  3.30002044e+00 
 6.85451021e-08  4.29949813e-05  6.85451021e-08 -7.56063703e-06  6.85451021e-08  1.19999791e+00  6.85451021e-08  3.29997946e+00 
 6.85951021e-08 -4.23379166e-05  6.85951021e-08  7.33334539e-06  6.85951021e-08  1.20000195e+00  6.85951021e-08  3.30002061e+00 
 6.86451021e-08  4.19799607e-05  6.86451021e-08 -7.08019218e-06  6.86451021e-08  1.19999799e+00  6.86451021e-08  3.29997930e+00 
 6.86951021e-08 -4.13362639e-05  6.86951021e-08  6.87043597e-06  6.86951021e-08  1.20000187e+00  6.86951021e-08  3.30002076e+00 
 6.87451021e-08  4.09891906e-05  6.87451021e-08 -6.63438712e-06  6.87451021e-08  1.19999807e+00  6.87451021e-08  3.29997915e+00 
 6.87951021e-08 -4.03584849e-05  6.87951021e-08  6.44120176e-06  6.87951021e-08  1.20000180e+00  6.87951021e-08  3.30002090e+00 
 6.88451021e-08  4.00220301e-05  6.88451021e-08 -6.22131977e-06  6.88451021e-08  1.19999814e+00  6.88451021e-08  3.29997902e+00 
 6.88951021e-08 -3.94039554e-05  6.88951021e-08  6.04379564e-06  6.88951021e-08  1.20000172e+00  6.88951021e-08  3.30002102e+00 
 6.89451021e-08  3.90778661e-05  6.89451021e-08 -5.83919623e-06  6.89451021e-08  1.19999821e+00  6.89451021e-08  3.29997891e+00 
 6.89951021e-08 -3.84720772e-05  6.89951021e-08  5.67647513e-06  6.89951021e-08  1.20000165e+00  6.89951021e-08  3.30002113e+00 
 6.90451021e-08  3.81561098e-05  6.90451021e-08 -5.48632387e-06  6.90451021e-08  1.19999828e+00  6.90451021e-08  3.29997880e+00 
 6.90951021e-08 -3.75622752e-05  6.90951021e-08  5.33759572e-06  6.90951021e-08  1.20000159e+00  6.90951021e-08  3.30002123e+00 
 6.91451021e-08  3.72561946e-05  6.91451021e-08 -5.16110479e-06  6.91451021e-08  1.19999835e+00  6.91451021e-08  3.29997871e+00 
 6.91951021e-08 -3.66739949e-05  6.91951021e-08  5.02560459e-06  6.91951021e-08  1.20000152e+00  6.91951021e-08  3.30002132e+00 
 6.92451021e-08  3.63775736e-05  6.92451021e-08 -4.86202980e-06  6.92451021e-08  1.19999842e+00  6.92451021e-08  3.29997863e+00 
 6.92951021e-08 -3.58067006e-05  6.92951021e-08  4.73903488e-06  6.92951021e-08  1.20000146e+00  6.92951021e-08  3.30002140e+00 
 6.93451021e-08  3.55197179e-05  6.93451021e-08 -4.58767310e-06  6.93451021e-08  1.19999848e+00  6.93451021e-08  3.29997856e+00 
 6.93951021e-08 -3.49598737e-05  6.93951021e-08  4.47650040e-06  6.93951021e-08  1.20000139e+00  6.93951021e-08  3.30002146e+00 
 6.94451021e-08  3.46821151e-05  6.94451021e-08 -4.33668681e-06  6.94451021e-08  1.19999854e+00  6.94451021e-08  3.29997849e+00 
 6.94951021e-08 -3.41330115e-05  6.94951021e-08  4.23669045e-06  6.94951021e-08  1.20000133e+00  6.94951021e-08  3.30002152e+00 
 6.95451021e-08  3.38642682e-05  6.95451021e-08 -4.10779640e-06  6.95451021e-08  1.19999860e+00  6.95451021e-08  3.29997844e+00 
 6.95951021e-08 -3.33256259e-05  6.95951021e-08  4.01836553e-06  6.95951021e-08  1.20000128e+00  6.95951021e-08  3.30002157e+00 
 6.96451021e-08  3.30656946e-05  6.96451021e-08 -3.89979624e-06  6.96451021e-08  1.19999866e+00  6.96451021e-08  3.29997840e+00 
 6.96951021e-08 -3.25372429e-05  6.96951021e-08  3.82035282e-06  6.96951021e-08  1.20000122e+00  6.96951021e-08  3.30002161e+00 
 6.97451021e-08  3.22859251e-05  6.97451021e-08 -3.71154537e-06  6.97451021e-08  1.19999871e+00  6.97451021e-08  3.29997836e+00 
 6.97951021e-08 -3.17674015e-05  6.97951021e-08  3.64154233e-06  6.97951021e-08  1.20000116e+00  6.97951021e-08  3.30002165e+00 
 6.98451021e-08  3.15245035e-05  6.98451021e-08 -3.54196382e-06  6.98451021e-08  1.19999877e+00  6.98451021e-08  3.29997833e+00 
 6.98951021e-08 -3.10156530e-05  6.98951021e-08  3.48088317e-06  6.98951021e-08  1.20000111e+00  6.98951021e-08  3.30002167e+00 
 6.99451021e-08  3.07809857e-05  6.99451021e-08 -3.39002890e-06  6.99451021e-08  1.19999882e+00  6.99451021e-08  3.29997830e+00 
 6.99725510e-08 -2.99849162e-05  6.99725510e-08  3.28342578e-06  6.99725510e-08  1.20000104e+00  6.99725510e-08  3.30002170e+00 
 7.00000000e-08  2.94712717e-05  7.00000000e-08 -3.15361252e-06  7.00000000e-08  1.19999891e+00  7.00000000e-08  3.29997827e+00 
 7.00050000e-08 -8.79945105e-06  7.00050000e-08 -8.33129503e-05  7.00050000e-08  1.19999809e+00  7.00050000e-08  3.29998413e+00 
 7.00150000e-08  7.44868485e-06  7.00150000e-08  1.10813188e-05  7.00150000e-08  1.20000292e+00  7.00150000e-08  3.30000861e+00 
 7.00350000e-08  2.72818117e-06  7.00350000e-08  3.12707344e-05  7.00350000e-08  1.19999878e+00  7.00350000e-08  3.30000408e+00 
 7.00750000e-08 -5.47279438e-06  7.00750000e-08  6.29312786e-06  7.00750000e-08  1.19999983e+00  7.00750000e-08  3.30000009e+00 
 7.01250000e-08  2.74778870e-05  7.01250000e-08  1.64314156e-04  7.01250000e-08  1.20000236e+00  7.01250000e-08  3.30001590e+00 
 7.01625000e-08  9.25103087e-06  7.01625000e-08  2.27804587e-04  7.01625000e-08  1.19999730e+00  7.01625000e-08  3.30001318e+00 
 7.02000000e-08 -3.85224945e-04  7.02000000e-08 -3.38377619e-04  7.02000000e-08  1.19996613e+00  7.02000000e-08  3.29992739e+00 
 7.02050000e-08 -2.93582476e-04  7.02050000e-08 -5.93162111e-04  7.02050000e-08  1.19999673e+00  7.02050000e-08  3.29989188e+00 
 7.02150000e-08  4.99181002e-04  7.02150000e-08 -1.63089319e-03  7.02150000e-08  1.20014758e+00  7.02150000e-08  3.29973179e+00 
 7.02350000e-08  2.73256100e-04  7.02350000e-08 -2.26259183e-03  7.02350000e-08  1.19995021e+00  7.02350000e-08  3.29978321e+00 
 7.02667074e-08 -3.81868947e-04  7.02667074e-08  1.39458771e-03  7.02667074e-08  1.19994816e+00  7.02667074e-08  3.30043766e+00 
 7.03028124e-08  3.12103066e-04  7.03028124e-08  2.10412219e-03  7.03028124e-08  1.20008980e+00  7.03028124e-08  3.30018655e+00 
 7.03488165e-08 -2.23498164e-04  7.03488165e-08 -1.59406803e-03  7.03488165e-08  1.19990959e+00  7.03488165e-08  3.29958249e+00 
 7.03988165e-08  1.76830093e-04  7.03988165e-08  5.80468991e-04  7.03988165e-08  1.20007988e+00  7.03988165e-08  3.30022150e+00 
 7.04488165e-08 -1.36718281e-04  7.04488165e-08 -3.55532936e-04  7.04488165e-08  1.19993289e+00  7.04488165e-08  3.29990703e+00 
 7.04988165e-08  1.07022681e-04  7.04988165e-08  2.43744212e-04  7.04988165e-08  1.20005420e+00  7.04988165e-08  3.30006770e+00 
 7.05488165e-08 -8.20592050e-05  7.05488165e-08 -1.08593006e-04  7.05488165e-08  1.19995720e+00  7.05488165e-08  3.29995307e+00 
 7.05988165e-08  6.30002376e-05  7.05988165e-08  7.06632498e-05  7.05988165e-08  1.20003284e+00  7.05988165e-08  3.30003215e+00 
 7.06488165e-08 -4.70491378e-05  7.06488165e-08 -6.59895613e-06  7.06488165e-08  1.19997524e+00  7.06488165e-08  3.29997659e+00 
 7.06988165e-08  3.48816055e-05  7.06988165e-08 -1.65118058e-05  7.06988165e-08  1.20001802e+00  7.06988165e-08  3.30001468e+00 
 7.07488165e-08 -2.47121941e-05  7.07488165e-08  5.01636518e-05  7.07488165e-08  1.19998718e+00  7.07488165e-08  3.29999155e+00 
 7.07988165e-08  1.70784255e-05  7.07988165e-08 -6.61031097e-05  7.07988165e-08  1.20000854e+00  7.07988165e-08  3.30000223e+00 
 7.08488165e-08 -1.06799657e-05  7.08488165e-08  8.56534353e-05  7.08488165e-08  1.19999461e+00  7.08488165e-08  3.30000279e+00 
 7.08988165e-08  6.02375664e-06  7.08988165e-08 -9.66121835e-05  7.08988165e-08  1.20000280e+00  7.08988165e-08  3.29999242e+00 
 7.09488165e-08 -2.08369628e-06  7.09488165e-08  1.08656779e-04  7.09488165e-08  1.19999899e+00  7.09488165e-08  3.30001164e+00 
 7.09988165e-08 -6.31495802e-07  7.09988165e-08 -1.15970993e-04  7.09988165e-08  1.19999951e+00  7.09988165e-08  3.29998460e+00 
 7.10488165e-08  2.97935921e-06  7.10488165e-08  1.23524562e-04  7.10488165e-08  1.20000142e+00  7.10488165e-08  3.30001864e+00 
 7.10988165e-08 -4.44271968e-06  7.10988165e-08 -1.28188692e-04  7.10988165e-08  1.19999775e+00  7.10988165e-08  3.29997841e+00 
 7.11488165e-08  5.77043157e-06  7.11488165e-08  1.32840914e-04  7.11488165e-08  1.20000264e+00  7.11488165e-08  3.30002414e+00 
 7.11988165e-08 -6.43817317e-06  7.11988165e-08 -1.35595233e-04  7.11988165e-08  1.19999695e+00  7.11988165e-08  3.29997356e+00 
 7.12488165e-08  7.12312227e-06  7.12488165e-08  1.38324829e-04  7.12488165e-08  1.20000314e+00  7.12488165e-08  3.30002841e+00 
 7.12988165e-08 -7.29424187e-06  7.12988165e-08 -1.39680012e-04  7.12988165e-08  1.19999669e+00  7.12988165e-08  3.29996982e+00 
 7.13488165e-08  7.58239974e-06  7.13488165e-08  1.41033196e-04  7.13488165e-08  1.20000321e+00  7.13488165e-08  3.30003168e+00 
 7.13988165e-08 -7.45525876e-06  7.13988165e-08 -1.41427906e-04  7.13988165e-08  1.19999675e+00  7.13988165e-08  3.29996699e+00 
 7.14488165e-08  7.50746435e-06  7.14488165e-08  1.41839698e-04  7.14488165e-08  1.20000306e+00  7.14488165e-08  3.30003413e+00 
 7.14988165e-08 -7.20839758e-06  7.14988165e-08 -1.41544373e-04  7.14988165e-08  1.19999697e+00  7.14988165e-08  3.29996489e+00 
 7.15488165e-08  7.12790890e-06  7.15488165e-08  1.41296455e-04  7.15488165e-08  1.20000280e+00  7.15488165e-08  3.30003591e+00 
 7.15988165e-08 -6.73791704e-06  7.15988165e-08 -1.40514708e-04  7.15988165e-08  1.19999725e+00  7.15988165e-08  3.29996339e+00 
 7.16488165e-08  6.59036641e-06  7.16488165e-08  1.39804404e-04  7.16488165e-08  1.20000249e+00  7.16488165e-08  3.30003716e+00 
 7.16988165e-08 -6.16027205e-06  7.16988165e-08 -1.38683208e-04  7.16988165e-08  1.19999756e+00  7.16988165e-08  3.29996237e+00 
 7.17488165e-08  5.98648157e-06  7.17488165e-08  1.37650027e-04  7.17488165e-08  1.20000219e+00  7.17488165e-08  3.30003798e+00 
 7.17988165e-08 -5.54730974e-06  7.17988165e-08 -1.36294894e-04  7.17988165e-08  1.19999787e+00  7.17988165e-08  3.29996174e+00 
 7.18488165e-08  5.37188103e-06  7.18488165e-08  1.35037999e-04  7.18488165e-08  1.20000190e+00  7.18488165e-08  3.30003843e+00 
 7.18988165e-08 -4.94179474e-06  7.18988165e-08 -1.33524413e-04  7.18988165e-08  1.19999814e+00  7.18988165e-08  3.29996143e+00 
 7.19488165e-08  4.77883631e-06  7.19488165e-08  1.32114458e-04  7.19488165e-08  1.20000163e+00  7.19488165e-08  3.30003861e+00 
 7.19988165e-08 -4.36774615e-06  7.19988165e-08 -1.30496277e-04  7.19988165e-08  1.19999839e+00  7.19988165e-08  3.29996138e+00 
 7.20488165e-08  4.22467218e-06  7.20488165e-08  1.28983657e-04  7.20488165e-08  1.20000140e+00  7.20488165e-08  3.30003854e+00 
 7.20988165e-08 -3.83728363e-06  7.20988165e-08 -1.27299214e-04  7.20988165e-08  1.19999861e+00  7.20988165e-08  3.29996155e+00 
 7.21488165e-08  3.71731969e-06  7.21488165e-08  1.25719902e-04  7.21488165e-08  1.20000119e+00  7.21488165e-08  3.30003829e+00 
 7.21988165e-08 -3.35513537e-06  7.21988165e-08 -1.23996427e-04  7.21988165e-08  1.19999881e+00  7.21988165e-08  3.29996188e+00 
 7.22488165e-08  3.25896007e-06  7.22488165e-08  1.22376125e-04  7.22488165e-08  1.20000101e+00  7.22488165e-08  3.30003788e+00 
 7.22988165e-08 -2.92158445e-06  7.22988165e-08 -1.20632937e-04  7.22988165e-08  1.19999897e+00  7.22988165e-08  3.29996236e+00 
 7.23488165e-08  2.84839514e-06  7.23488165e-08  1.18990042e-04  7.23488165e-08  1.20000086e+00  7.23488165e-08  3.30003735e+00 
 7.23988165e-08 -2.53437520e-06  7.23988165e-08 -1.17240840e-04  7.23988165e-08  1.19999911e+00  7.23988165e-08  3.29996294e+00 
 7.24488165e-08  2.48257087e-06  7.24488165e-08  1.15588566e-04  7.24488165e-08  1.20000073e+00  7.24488165e-08  3.30003671e+00 
 7.24988165e-08 -2.18992941e-06  7.24988165e-08 -1.13843077e-04  7.24988165e-08  1.19999924e+00  7.24988165e-08  3.29996363e+00 
 7.25488165e-08  2.15754068e-06  7.25488165e-08  1.12190959e-04  7.25488165e-08  1.20000061e+00  7.25488165e-08  3.30003599e+00 
 7.25988165e-08 -1.88410673e-06  7.25988165e-08 -1.10456113e-04  7.25988165e-08  1.19999934e+00  7.25988165e-08  3.29996438e+00 
 7.26488165e-08  1.86905947e-06  7.26488165e-08  1.08811085e-04  7.26488165e-08  1.20000051e+00  7.26488165e-08  3.30003520e+00 
 7.26988165e-08 -1.61266642e-06  7.26988165e-08 -1.07091850e-04  7.26988165e-08  1.19999943e+00  7.26988165e-08  3.29996520e+00 
 7.27488165e-08  1.61293693e-06  7.27488165e-08  1.05459011e-04  7.27488165e-08  1.20000043e+00  7.27488165e-08  3.30003436e+00 
 7.27988165e-08 -1.37153469e-06  7.27988165e-08 -1.03758983e-04  7.27988165e-08  1.19999951e+00  7.27988165e-08  3.29996607e+00 
 7.28488165e-08  1.38523508e-06  7.28488165e-08  1.02142129e-04  7.28488165e-08  1.20000036e+00  7.28488165e-08  3.30003347e+00 
 7.28988165e-08 -1.15694767e-06  7.28988165e-08 -1.00463948e-04  7.28988165e-08  1.19999958e+00  7.28988165e-08  3.29996698e+00 
 7.29488165e-08  1.18236707e-06  7.29488165e-08  9.88659577e-05  7.29488165e-08  1.20000029e+00  7.29488165e-08  3.30003254e+00 
 7.29988165e-08 -9.65515903e-07  7.29988165e-08 -9.72115955e-05  7.29988165e-08  1.19999964e+00  7.29988165e-08  3.29996792e+00 
 7.30488165e-08  1.00113433e-06  7.30488165e-08  9.56346920e-05  7.30488165e-08  1.20000023e+00  7.30488165e-08  3.30003159e+00 
 7.30988165e-08 -7.94240938e-07  7.30988165e-08 -9.40056519e-05  7.30988165e-08  1.19999970e+00  7.30988165e-08  3.29996888e+00 
 7.31488165e-08  8.38726868e-07  7.31488165e-08  9.24515874e-05  7.31488165e-08  1.20000018e+00  7.31488165e-08  3.30003062e+00 
 7.31988165e-08 -6.40503659e-07  7.31988165e-08 -9.08490413e-05  7.31988165e-08  1.19999974e+00  7.31988165e-08  3.29996986e+00 
 7.32488165e-08  6.92702441e-07  7.32488165e-08  8.93192245e-05  7.32488165e-08  1.20000014e+00  7.32488165e-08  3.30002964e+00 
 7.32988165e-08 -5.02037184e-07  7.32988165e-08 -8.77441057e-05  7.32988165e-08  1.19999978e+00  7.32988165e-08  3.29997085e+00 
 7.33488165e-08  5.60954931e-07  7.33488165e-08  8.62396888e-05  7.33488165e-08  1.20000010e+00  7.33488165e-08  3.30002864e+00 
 7.33988165e-08 -3.76892420e-07  7.33988165e-08 -8.46927536e-05  7.33988165e-08  1.19999982e+00  7.33988165e-08  3.29997185e+00 
 7.34488165e-08  4.41678121e-07  7.34488165e-08  8.32146919e-05  7.34488165e-08  1.20000006e+00  7.34488165e-08  3.30002764e+00 
 7.34988165e-08 -2.63401419e-07  7.34988165e-08 -8.16965611e-05  7.34988165e-08  1.19999986e+00  7.34988165e-08  3.29997285e+00 
 7.35488165e-08  3.33329025e-07  7.35488165e-08  8.02456529e-05  7.35488165e-08  1.20000003e+00  7.35488165e-08  3.30002664e+00 
 7.35988165e-08 -1.60141203e-07  7.35988165e-08 -7.87568382e-05  7.35988165e-08  1.19999989e+00  7.35988165e-08  3.29997385e+00 
 7.36488165e-08  2.34592679e-07  7.36488165e-08  7.73337526e-05  7.36488165e-08  1.20000000e+00  7.36488165e-08  3.30002564e+00 
 7.36988165e-08 -6.59000487e-08  7.36988165e-08 -7.58746742e-05  7.36988165e-08  1.19999991e+00  7.36988165e-08  3.29997485e+00 
 7.37488165e-08  1.44349881e-07  7.37488165e-08  7.44799691e-05  7.37488165e-08  1.19999998e+00  7.37488165e-08  3.30002464e+00 
 7.37988165e-08  2.03531450e-08  7.37988165e-08 -7.30509668e-05  7.37988165e-08  1.19999994e+00  7.37988165e-08  3.29997585e+00 
 7.38488165e-08  6.16482207e-08  7.38488165e-08  7.16851023e-05  7.38488165e-08  1.19999995e+00  7.38488165e-08  3.30002365e+00 
 7.38988165e-08  9.94960091e-08  7.38988165e-08 -7.02864429e-05  7.38988165e-08  1.19999996e+00  7.38988165e-08  3.29997683e+00 
 7.39488165e-08 -1.43233449e-08  7.39488165e-08  6.89497899e-05  7.39488165e-08  1.19999993e+00  7.39488165e-08  3.30002266e+00 
 7.39988165e-08  1.72276441e-07  7.39988165e-08 -6.75816721e-05  7.39988165e-08  1.19999998e+00  7.39988165e-08  3.29997781e+00 
 7.40488165e-08 -8.42566301e-08  7.40488165e-08  6.62745197e-05  7.40488165e-08  1.19999991e+00  7.40488165e-08  3.30002169e+00 
 7.40988165e-08  2.39333049e-07  7.40988165e-08 -6.49370779e-05  7.40988165e-08  1.20000000e+00  7.40988165e-08  3.29997878e+00 
 7.41488165e-08 -1.48743124e-07  7.41488165e-08  6.36596381e-05  7.41488165e-08  1.19999989e+00  7.41488165e-08  3.30002073e+00 
 7.41988165e-08  3.01212696e-07  7.41988165e-08 -6.23529453e-05  7.41988165e-08  1.20000002e+00  7.41988165e-08  3.29997973e+00 
 7.42488165e-08 -2.08290233e-07  7.42488165e-08  6.11053583e-05  7.42488165e-08  1.19999988e+00  7.42488165e-08  3.30001979e+00 
 7.42988165e-08  3.58385288e-07  7.42988165e-08 -5.98294289e-05  7.42988165e-08  1.20000003e+00  7.42988165e-08  3.29998067e+00 
 7.43488165e-08 -2.63334831e-07  7.43488165e-08  5.86117670e-05  7.43488165e-08  1.19999986e+00  7.43488165e-08  3.30001886e+00 
 7.43988165e-08  4.11256385e-07  7.43988165e-08 -5.73665593e-05  7.43988165e-08  1.20000005e+00  7.43988165e-08  3.29998159e+00 
 7.44488165e-08 -3.14254879e-07  7.44488165e-08  5.61788308e-05  7.44488165e-08  1.19999985e+00  7.44488165e-08  3.30001794e+00 
 7.44988165e-08  4.60177628e-07  7.44988165e-08 -5.49642502e-05  7.44988165e-08  1.20000006e+00  7.44988165e-08  3.29998250e+00 
 7.45488165e-08 -3.61378985e-07  7.45488165e-08  5.38064036e-05  7.45488165e-08  1.19999983e+00  7.45488165e-08  3.30001704e+00 
 7.45988165e-08  5.05455680e-07  7.45988165e-08 -5.26223048e-05  7.45988165e-08  1.20000008e+00  7.45988165e-08  3.29998339e+00 
 7.46488165e-08 -4.04994495e-07  7.46488165e-08  5.14942328e-05  7.46488165e-08  1.19999982e+00  7.46488165e-08  3.30001616e+00 
 7.46988165e-08  5.47359419e-07  7.46988165e-08 -5.03404234e-05  7.46988165e-08  1.20000009e+00  7.46988165e-08  3.29998426e+00 
 7.47488165e-08 -4.45354203e-07  7.47488165e-08  4.92419663e-05  7.47488165e-08  1.19999981e+00  7.47488165e-08  3.30001530e+00 
 7.47988165e-08  5.86126146e-07  7.47988165e-08 -4.81182099e-05  7.47988165e-08  1.20000010e+00  7.47988165e-08  3.29998511e+00 
 7.48488165e-08 -4.82681874e-07  7.48488165e-08  4.70491600e-05  7.48488165e-08  1.19999980e+00  7.48488165e-08  3.30001446e+00 
 7.48988165e-08  6.21966625e-07  7.48988165e-08 -4.59551791e-05  7.48988165e-08  1.20000011e+00  7.48988165e-08  3.29998594e+00 
 7.49488165e-08 -5.17176918e-07  7.49488165e-08  4.49152846e-05  7.49488165e-08  1.19999979e+00  7.49488165e-08  3.30001364e+00 
 7.49988165e-08  6.55069255e-07  7.49988165e-08 -4.38507641e-05  7.49988165e-08  1.20000012e+00  7.49988165e-08  3.29998675e+00 
 7.50488165e-08 -5.49018187e-07  7.50488165e-08  4.28397326e-05  7.50488165e-08  1.19999978e+00  7.50488165e-08  3.30001283e+00 
 7.50988165e-08  6.85603625e-07  7.50988165e-08 -4.18043231e-05  7.50988165e-08  1.20000012e+00  7.50988165e-08  3.29998755e+00 
 7.51488165e-08 -5.78367178e-07  7.51488165e-08  4.08218255e-05  7.51488165e-08  1.19999978e+00  7.51488165e-08  3.30001205e+00 
 7.51988165e-08  7.13723274e-07  7.51988165e-08 -3.98151464e-05  7.51988165e-08  1.20000013e+00  7.51988165e-08  3.29998832e+00 
 7.52488165e-08 -6.05370590e-07  7.52488165e-08  3.88608206e-05  7.52488165e-08  1.19999977e+00  7.52488165e-08  3.30001129e+00 
 7.52988165e-08  7.39568194e-07  7.52988165e-08 -3.78824634e-05  7.52988165e-08  1.20000014e+00  7.52988165e-08  3.29998907e+00 
 7.53488165e-08 -6.30162522e-07  7.53488165e-08  3.69559178e-05  7.53488165e-08  1.19999976e+00  7.53488165e-08  3.30001054e+00 
 7.53988165e-08  7.63266674e-07  7.53988165e-08 -3.60054491e-05  7.53988165e-08  1.20000014e+00  7.53988165e-08  3.29998981e+00 
 7.54488165e-08 -6.52866293e-07  7.54488165e-08  3.51062659e-05  7.54488165e-08  1.19999976e+00  7.54488165e-08  3.30000982e+00 
 7.54988165e-08  7.84937042e-07  7.54988165e-08 -3.41832304e-05  7.54988165e-08  1.20000015e+00  7.54988165e-08  3.29999052e+00 
 7.55488165e-08 -6.73595835e-07  7.55488165e-08  3.33109685e-05  7.55488165e-08  1.19999975e+00  7.55488165e-08  3.30000912e+00 
 7.55988165e-08  8.04688862e-07  7.55988165e-08 -3.24148920e-05  7.55988165e-08  1.20000015e+00  7.55988165e-08  3.29999121e+00 
 7.56488165e-08 -6.92457003e-07  7.56488165e-08  3.15690907e-05  7.56488165e-08  1.19999975e+00  7.56488165e-08  3.30000844e+00 
 7.56988165e-08  8.22624230e-07  7.56988165e-08 -3.06994824e-05  7.56988165e-08  1.20000016e+00  7.56988165e-08  3.29999188e+00 
 7.57488165e-08 -7.09548573e-07  7.57488165e-08  2.98796636e-05  7.57488165e-08  1.19999974e+00  7.57488165e-08  3.30000778e+00 
 7.57988165e-08  8.38838543e-07  7.57988165e-08 -2.90360188e-05  7.57988165e-08  1.20000016e+00  7.57988165e-08  3.29999253e+00 
 7.58488165e-08 -7.24963030e-07  7.58488165e-08  2.82416901e-05  7.58488165e-08  1.19999974e+00  7.58488165e-08  3.30000714e+00 
 7.58988165e-08  8.53421336e-07  7.58988165e-08 -2.74234929e-05  7.58988165e-08  1.20000017e+00  7.58988165e-08  3.29999316e+00 
 7.59488165e-08 -7.38787330e-07  7.59488165e-08  2.66541497e-05  7.59488165e-08  1.19999974e+00  7.59488165e-08  3.30000651e+00 
 7.59988165e-08  8.66456923e-07  7.59988165e-08 -2.58608748e-05  7.59988165e-08  1.20000017e+00  7.59988165e-08  3.29999378e+00 
 7.60488165e-08 -7.51103497e-07  7.60488165e-08  2.51160029e-05  7.60488165e-08  1.19999973e+00  7.60488165e-08  3.30000591e+00 
 7.60988165e-08  8.78024919e-07  7.60988165e-08 -2.43471178e-05  7.60988165e-08  1.20000017e+00  7.60988165e-08  3.29999437e+00 
 7.61488165e-08 -7.61989030e-07  7.61488165e-08  2.36261955e-05  7.61488165e-08  1.19999973e+00  7.61488165e-08  3.30000533e+00 
 7.61988165e-08  8.88200694e-07  7.61988165e-08 -2.28811622e-05  7.61988165e-08  1.20000017e+00  7.61988165e-08  3.29999494e+00 
 7.62488165e-08 -7.71517429e-07  7.62488165e-08  2.21836621e-05  7.62488165e-08  1.19999973e+00  7.62488165e-08  3.30000477e+00 
 7.62988165e-08  8.97055740e-07  7.62988165e-08 -2.14619396e-05  7.62988165e-08  1.20000017e+00  7.62988165e-08  3.29999549e+00 
 7.63488165e-08 -7.79758426e-07  7.63488165e-08  2.07873304e-05  7.63488165e-08  1.19999973e+00  7.63488165e-08  3.30000422e+00 
 7.63988165e-08  9.04658025e-07  7.63988165e-08 -2.00883752e-05  7.63988165e-08  1.20000018e+00  7.63988165e-08  3.29999603e+00 
 7.64488165e-08 -7.86778429e-07  7.64488165e-08  1.94361235e-05  7.64488165e-08  1.19999973e+00  7.64488165e-08  3.30000370e+00 
 7.64988165e-08  9.11072258e-07  7.64988165e-08 -1.87593920e-05  7.64988165e-08  1.20000018e+00  7.64988165e-08  3.29999655e+00 
 7.65488165e-08 -7.92640646e-07  7.65488165e-08  1.81289639e-05  7.65488165e-08  1.19999973e+00  7.65488165e-08  3.30000319e+00 
 7.65988165e-08  9.16360097e-07  7.65988165e-08 -1.74739132e-05  7.65988165e-08  1.20000018e+00  7.65988165e-08  3.29999704e+00 
 7.66488165e-08 -7.97405357e-07  7.66488165e-08  1.68647751e-05  7.66488165e-08  1.19999973e+00  7.66488165e-08  3.30000270e+00 
 7.66988165e-08  9.20580388e-07  7.66988165e-08 -1.62308644e-05  7.66988165e-08  1.20000018e+00  7.66988165e-08  3.29999753e+00 
 7.67488165e-08 -8.01130134e-07  7.67488165e-08  1.56424849e-05  7.67488165e-08  1.19999973e+00  7.67488165e-08  3.30000223e+00 
 7.67988165e-08  9.23789339e-07  7.67988165e-08 -1.50291766e-05  7.67988165e-08  1.20000018e+00  7.67988165e-08  3.29999799e+00 
 7.68488165e-08 -8.03869947e-07  7.68488165e-08  1.44610272e-05  7.68488165e-08  1.19999973e+00  7.68488165e-08  3.30000177e+00 
 7.68988165e-08  9.26040651e-07  7.68988165e-08 -1.38677879e-05  7.68988165e-08  1.20000018e+00  7.68988165e-08  3.29999843e+00 
 7.69488165e-08 -8.05677371e-07  7.69488165e-08  1.33193440e-05  7.69488165e-08  1.19999973e+00  7.69488165e-08  3.30000134e+00 
 7.69988165e-08  9.27385684e-07  7.69988165e-08 -1.27456452e-05  7.69988165e-08  1.20000018e+00  7.69988165e-08  3.29999886e+00 
 7.70488165e-08 -8.06602682e-07  7.70488165e-08  1.22163871e-05  7.70488165e-08  1.19999973e+00  7.70488165e-08  3.30000091e+00 
 7.70988165e-08  9.27873590e-07  7.70988165e-08 -1.16617061e-05  7.70988165e-08  1.20000018e+00  7.70988165e-08  3.29999928e+00 
 7.71488165e-08 -8.06693987e-07  7.71488165e-08  1.11511200e-05  7.71488165e-08  1.19999973e+00  7.71488165e-08  3.30000051e+00 
 7.71988165e-08  9.27551379e-07  7.71988165e-08 -1.06149406e-05  7.71988165e-08  1.20000018e+00  7.71988165e-08  3.29999968e+00 
 7.72488165e-08 -8.05997333e-07  7.72488165e-08  1.01225186e-05  7.72488165e-08  1.19999973e+00  7.72488165e-08  3.30000012e+00 
 7.72988165e-08  9.26464082e-07  7.72988165e-08 -9.60433182e-06  7.72988165e-08  1.20000018e+00  7.72988165e-08  3.30000006e+00 
 7.73488165e-08 -8.04556807e-07  7.73488165e-08  9.12957332e-06  7.73488165e-08  1.19999973e+00  7.73488165e-08  3.29999974e+00 
 7.73988165e-08  9.24654791e-07  7.73988165e-08 -8.62887749e-06  7.73988165e-08  1.20000017e+00  7.73988165e-08  3.30000042e+00 
 7.74488165e-08 -8.02414597e-07  7.74488165e-08  8.17128922e-06  7.74488165e-08  1.19999973e+00  7.74488165e-08  3.29999938e+00 
 7.74988165e-08  9.22164766e-07  7.74988165e-08 -7.68759099e-06  7.74988165e-08  1.20000017e+00  7.74988165e-08  3.30000078e+00 
 7.75488165e-08 -7.99611126e-07  7.75488165e-08  7.24668757e-06  7.75488165e-08  1.19999973e+00  7.75488165e-08  3.29999904e+00 
 7.75988165e-08  9.19033545e-07  7.75988165e-08 -6.77950193e-06  7.75988165e-08  1.20000017e+00  7.75988165e-08  3.30000111e+00 
 7.76488165e-08 -7.96185086e-07  7.76488165e-08  6.35480635e-06  7.76488165e-08  1.19999973e+00  7.76488165e-08  3.29999871e+00 
 7.76988165e-08  9.15298918e-07  7.76988165e-08 -5.90365709e-06  7.76988165e-08  1.20000017e+00  7.76988165e-08  3.30000144e+00 
 7.77488165e-08 -7.92173503e-07  7.77488165e-08  5.49470099e-06  7.77488165e-08  1.19999974e+00  7.77488165e-08  3.29999839e+00 
 7.77988165e-08  9.10997139e-07  7.77988165e-08 -5.05912092e-06  7.77988165e-08  1.20000017e+00  7.77988165e-08  3.30000175e+00 
 7.78488165e-08 -7.87611853e-07  7.78488165e-08  4.66544481e-06  7.78488165e-08  1.19999974e+00  7.78488165e-08  3.29999809e+00 
 7.78988165e-08  9.06162879e-07  7.78988165e-08 -4.24497606e-06  7.78988165e-08  1.20000017e+00  7.78988165e-08  3.30000205e+00 
 7.79488165e-08 -7.82534110e-07  7.79488165e-08  3.86612961e-06  7.79488165e-08  1.19999974e+00  7.79488165e-08  3.29999780e+00 
 7.79988165e-08  9.00829344e-07  7.79988165e-08 -3.46032375e-06  7.79988165e-08  1.20000016e+00  7.79988165e-08  3.30000233e+00 
 7.80488165e-08 -7.76972745e-07  7.80488165e-08  3.09586596e-06  7.80488165e-08  1.19999974e+00  7.80488165e-08  3.29999752e+00 
 7.80988165e-08  8.95028277e-07  7.80988165e-08 -2.70428413e-06  7.80988165e-08  1.20000016e+00  7.80988165e-08  3.30000260e+00 
 7.81488165e-08 -7.70958855e-07  7.81488165e-08  2.35378344e-06  7.81488165e-08  1.19999974e+00  7.81488165e-08  3.29999725e+00 
 7.81988165e-08  8.88790109e-07  7.81988165e-08 -1.97599655e-06  7.81988165e-08  1.20000016e+00  7.81988165e-08  3.30000286e+00 
 7.82488165e-08 -7.64522221e-07  7.82488165e-08  1.63903095e-06  7.82488165e-08  1.19999975e+00  7.82488165e-08  3.29999700e+00 
 7.82988165e-08  8.82143930e-07  7.82988165e-08 -1.27461957e-06  7.82988165e-08  1.20000016e+00  7.82988165e-08  3.30000311e+00 
 7.83488165e-08 -7.57691299e-07  7.83488165e-08  9.50776704e-07  7.83488165e-08  1.19999975e+00  7.83488165e-08  3.29999676e+00 
 7.83988165e-08  8.75117538e-07  7.83988165e-08 -5.99331260e-07  7.83988165e-08  1.20000015e+00  7.83988165e-08  3.30000335e+00 
 7.84488165e-08 -7.50493303e-07  7.84488165e-08  2.88208348e-07  7.84488165e-08  1.19999975e+00  7.84488165e-08  3.29999653e+00 
 7.84988165e-08  8.67737552e-07  7.84988165e-08  5.06709574e-08  7.84988165e-08  1.20000015e+00  7.84988165e-08  3.30000357e+00 
 7.85488165e-08 -7.42954255e-07  7.85488165e-08 -3.49466953e-07  7.85488165e-08  1.19999975e+00  7.85488165e-08  3.29999631e+00 
 7.85988165e-08  8.60029378e-07  7.85988165e-08  6.76170158e-07  7.85988165e-08  1.20000015e+00  7.85988165e-08  3.30000379e+00 
 7.86488165e-08 -7.35099040e-07  7.86488165e-08 -9.63022666e-07  7.86488165e-08  1.19999976e+00  7.86488165e-08  3.29999610e+00 
 7.86988165e-08  8.52017355e-07  7.86988165e-08  1.27793004e-06  7.86988165e-08  1.20000015e+00  7.86988165e-08  3.30000399e+00 
 7.87488165e-08 -7.26951419e-07  7.87488165e-08 -1.55321293e-06  7.87488165e-08  1.19999976e+00  7.87488165e-08  3.29999590e+00 
 7.87988165e-08  8.43724666e-07  7.87988165e-08  1.85669506e-06  7.87988165e-08  1.20000014e+00  7.87988165e-08  3.30000419e+00 
 7.88488165e-08 -7.18534110e-07  7.88488165e-08 -2.12077261e-06  7.88488165e-08  1.19999976e+00  7.88488165e-08  3.29999571e+00 
 7.88988165e-08  8.35173528e-07  7.88988165e-08  2.41319048e-06  7.88988165e-08  1.20000014e+00  7.88988165e-08  3.30000437e+00 
 7.89488165e-08 -7.09868799e-07  7.89488165e-08 -2.66641753e-06  7.89488165e-08  1.19999976e+00  7.89488165e-08  3.29999553e+00 
 7.89988165e-08  8.26385093e-07  7.89988165e-08  2.94812267e-06  7.89988165e-08  1.20000014e+00  7.89988165e-08  3.30000455e+00 
 7.90488165e-08 -7.00976177e-07  7.90488165e-08 -3.19084470e-06  7.90488165e-08  1.19999977e+00  7.90488165e-08  3.29999535e+00 
 7.90988165e-08  8.17379581e-07  7.90988165e-08  3.46217920e-06  7.90988165e-08  1.20000013e+00  7.90988165e-08  3.30000471e+00 
 7.91488165e-08 -6.91876001e-07  7.91488165e-08 -3.69473243e-06  7.91488165e-08  1.19999977e+00  7.91488165e-08  3.29999519e+00 
 7.91988165e-08  8.08176270e-07  7.91988165e-08  3.95602909e-06  7.91988165e-08  1.20000013e+00  7.91988165e-08  3.30000487e+00 
 7.92488165e-08 -6.82587122e-07  7.92488165e-08 -4.17874058e-06  7.92488165e-08  1.19999977e+00  7.92488165e-08  3.29999504e+00 
 7.92988165e-08  7.98793565e-07  7.92988165e-08  4.43032309e-06  7.92988165e-08  1.20000013e+00  7.92988165e-08  3.30000502e+00 
 7.93488165e-08 -6.73127499e-07  7.93488165e-08 -4.64351092e-06  7.93488165e-08  1.19999978e+00  7.93488165e-08  3.29999489e+00 
 7.93988165e-08  7.89248976e-07  7.93988165e-08  4.88569395e-06  7.93988165e-08  1.20000013e+00  7.93988165e-08  3.30000516e+00 
 7.94488165e-08 -6.63514244e-07  7.94488165e-08 -5.08966729e-06  7.94488165e-08  1.19999978e+00  7.94488165e-08  3.29999476e+00 
 7.94988165e-08  7.79559216e-07  7.94988165e-08  5.32275666e-06  7.94988165e-08  1.20000012e+00  7.94988165e-08  3.30000530e+00 
 7.95488165e-08 -6.53763689e-07  7.95488165e-08 -5.51781601e-06  7.95488165e-08  1.19999978e+00  7.95488165e-08  3.29999463e+00 
 7.95988165e-08  7.69740217e-07  7.95988165e-08  5.74210882e-06  7.95988165e-08  1.20000012e+00  7.95988165e-08  3.30000542e+00 
 7.96488165e-08 -6.43891381e-07  7.96488165e-08 -5.92854609e-06  7.96488165e-08  1.19999979e+00  7.96488165e-08  3.29999451e+00 
 7.96988165e-08  7.59807113e-07  7.96988165e-08  6.14433093e-06  7.96988165e-08  1.20000012e+00  7.96988165e-08  3.30000554e+00 
 7.97488165e-08 -6.33912084e-07  7.97488165e-08 -6.32242962e-06  7.97488165e-08  1.19999979e+00  7.97488165e-08  3.29999439e+00 
 7.97988165e-08  7.49774331e-07  7.97988165e-08  6.52998669e-06  7.97988165e-08  1.20000011e+00  7.97988165e-08  3.30000565e+00 
 7.98488165e-08 -6.23839879e-07  7.98488165e-08 -6.70002203e-06  7.98488165e-08  1.19999979e+00  7.98488165e-08  3.29999428e+00 
 7.98988165e-08  7.39655578e-07  7.98988165e-08  6.89962333e-06  7.98988165e-08  1.20000011e+00  7.98988165e-08  3.30000576e+00 
 7.99488165e-08 -6.13688143e-07  7.99488165e-08 -7.06186248e-06  7.99488165e-08  1.19999979e+00  7.99488165e-08  3.29999418e+00 
 7.99744083e-08  7.24583117e-07  7.99744083e-08  7.41748515e-06  7.99744083e-08  1.20000011e+00  7.99744083e-08  3.30000590e+00 
 8.00000000e-08 -5.93667361e-07  8.00000000e-08 -7.72566936e-06  8.00000000e-08  1.19999980e+00  8.00000000e-08  3.29999400e+00 
 8.00050000e-08  1.77392552e-05  8.00050000e-08  1.97747172e-04  8.00050000e-08  1.20000324e+00  8.00050000e-08  3.30003775e+00 
 8.00150000e-08 -3.46497228e-06  8.00150000e-08  4.15525820e-05  8.00150000e-08  1.19999677e+00  8.00150000e-08  3.29999246e+00 
 8.00350000e-08 -1.21721837e-05  8.00350000e-08 -5.99466784e-05  8.00350000e-08  1.19999904e+00  8.00350000e-08  3.29998663e+00 
 8.00750000e-08  8.79585106e-06  8.00750000e-08 -1.04070344e-04  8.00750000e-08  1.20000233e+00  8.00750000e-08  3.29998747e+00 
 8.01250000e-08 -5.86510348e-05  8.01250000e-08 -2.42046168e-04  8.01250000e-08  1.19999370e+00  8.01250000e-08  3.29998750e+00 
 8.01625000e-08 -1.01546366e-04  8.01625000e-08 -4.98820797e-04  8.01625000e-08  1.19999904e+00  8.01625000e-08  3.29996078e+00 
 8.02000000e-08  7.81135850e-04  8.02000000e-08  4.14631920e-04  8.02000000e-08  1.20007869e+00  8.02000000e-08  3.30011445e+00 
 8.02050000e-08  2.40360520e-04  8.02050000e-08  6.11966431e-04  8.02050000e-08  1.19994649e+00  8.02050000e-08  3.30013049e+00 
 8.02150000e-08 -5.70925162e-04  8.02150000e-08  2.28938901e-03  8.02150000e-08  1.19983356e+00  8.02150000e-08  3.30040703e+00 
 8.02350000e-08 -2.23792007e-04  8.02350000e-08  3.07261451e-03  8.02350000e-08  1.20007241e+00  8.02350000e-08  3.30029648e+00 
 8.02638248e-08  1.44037576e-04  8.02638248e-08 -1.82939588e-03  8.02638248e-08  1.20001902e+00  8.02638248e-08  3.29940979e+00 
 8.02954779e-08 -6.86038960e-05  8.02954779e-08 -1.14367436e-03  8.02954779e-08  1.19996754e+00  8.02954779e-08  3.29992974e+00 
 8.03454779e-08  5.66394562e-05  8.03454779e-08  4.64720516e-05  8.03454779e-08  1.20002906e+00  8.03454779e-08  3.30012541e+00 
 8.03954779e-08 -4.80683438e-05  8.03954779e-08  1.64488870e-04  8.03954779e-08  1.19997466e+00  8.03954779e-08  3.30003515e+00 
 8.04454779e-08  4.19224956e-05  8.04454779e-08 -2.05864832e-05  8.04454779e-08  1.20002166e+00  8.04454779e-08  3.29996179e+00 
 8.04954779e-08 -3.68676843e-05  8.04954779e-08  6.10780466e-05  8.04954779e-08  1.19998138e+00  8.04954779e-08  3.30002590e+00 
 8.05454779e-08  3.29228869e-05  8.05454779e-08 -3.10405982e-05  8.05454779e-08  1.20001587e+00  8.05454779e-08  3.29997306e+00 
 8.05954779e-08 -2.93639873e-05  8.05954779e-08  2.94548579e-05  8.05954779e-08  1.19998625e+00  8.05954779e-08  3.30002238e+00 
 8.06454779e-08  2.65049284e-05  8.06454779e-08 -2.02798453e-05  8.06454779e-08  1.20001180e+00  8.06454779e-08  3.29997966e+00 
 8.06954779e-08 -2.37761399e-05  8.06954779e-08  1.62435866e-05  8.06954779e-08  1.19998966e+00  8.06954779e-08  3.30001783e+00 
 8.07454779e-08  2.15871563e-05  8.07454779e-08 -1.22305216e-05  8.07454779e-08  1.20000893e+00  8.07454779e-08  3.29998404e+00 
 8.07954779e-08 -1.94135679e-05  8.07954779e-08  9.72297933e-06  8.07954779e-08  1.19999209e+00  8.07954779e-08  3.30001423e+00 
 8.08454779e-08  1.76983788e-05  8.08454779e-08 -7.80986857e-06  8.08454779e-08  1.20000686e+00  8.08454779e-08  3.29998721e+00 
 8.08954779e-08 -1.59339388e-05  8.08954779e-08  6.59784726e-06  8.08954779e-08  1.19999387e+00  8.08954779e-08  3.30001152e+00 
 8.09454779e-08  1.45775911e-05  8.09454779e-08 -5.80059211e-06  8.09454779e-08  1.20000533e+00  8.09454779e-08  3.29998954e+00 
 8.09954779e-08 -1.31293547e-05  8.09954779e-08  5.39998824e-06  8.09954779e-08  1.19999518e+00  8.09954779e-08  3.30000952e+00 
 8.10454779e-08  1.20540296e-05  8.10454779e-08 -5.23393229e-06  8.10454779e-08  1.20000419e+00  8.10454779e-08  3.29999126e+00 
 8.10954779e-08 -1.08559397e-05  8.10954779e-08  5.30103043e-06  8.10954779e-08  1.19999618e+00  8.10954779e-08  3.30000804e+00 
 8.11454779e-08  1.00044136e-05  8.11454779e-08 -5.48132543e-06  8.11454779e-08  1.20000332e+00  8.11454779e-08  3.29999254e+00 
 8.11954779e-08 -9.00660536e-06  8.11954779e-08  5.79618667e-06  8.11954779e-08  1.19999694e+00  8.11954779e-08  3.30000694e+00 
 8.12454779e-08  8.33490096e-06  8.12454779e-08 -6.14757202e-06  8.12454779e-08  1.20000265e+00  8.12454779e-08  3.29999349e+00 
 8.12954779e-08 -7.49850920e-06  8.12954779e-08  6.57297671e-06  8.12954779e-08  1.19999753e+00  8.12954779e-08  3.30000612e+00 
 8.13454779e-08  6.97202141e-06  8.13454779e-08 -6.98780976e-06  8.13454779e-08  1.20000213e+00  8.13454779e-08  3.29999420e+00 
 8.13954779e-08 -6.26622375e-06  8.13954779e-08  7.44017923e-06  8.13954779e-08  1.19999798e+00  8.13954779e-08  3.30000551e+00 
 8.14454779e-08  5.85736387e-06  8.14454779e-08 -7.85411394e-06  8.14454779e-08  1.20000173e+00  8.14454779e-08  3.29999473e+00 
 8.14954779e-08 -5.25747560e-06  8.14954779e-08  8.28461005e-06  8.14954779e-08  1.19999834e+00  8.14954779e-08  3.30000504e+00 
 8.15454779e-08  4.94408250e-06  8.15454779e-08 -8.66123915e-06  8.15454779e-08  1.20000141e+00  8.15454779e-08  3.29999514e+00 
 8.15954779e-08 -4.43022102e-06  8.15954779e-08  9.04341914e-06  8.15954779e-08  1.19999862e+00  8.15954779e-08  3.30000467e+00 
 8.16454779e-08  4.19441389e-06  8.16454779e-08 -9.36423839e-06  8.16454779e-08  1.20000116e+00  8.16454779e-08  3.29999547e+00 
 8.16954779e-08 -3.75051003e-06  8.16954779e-08  9.68589977e-06  8.16954779e-08  1.19999885e+00  8.16954779e-08  3.30000438e+00 
 8.17454779e-08  3.57782311e-06  8.17454779e-08 -9.94366401e-06  8.17454779e-08  1.20000096e+00  8.17454779e-08  3.29999573e+00 
 8.17954779e-08 -3.19086311e-06  8.17954779e-08  1.02014335e-05  8.17954779e-08  1.19999903e+00  8.17954779e-08  3.30000414e+00 
 8.18454779e-08  3.06957440e-06  8.18454779e-08 -1.03957522e-05  8.18454779e-08  1.20000080e+00  8.18454779e-08  3.29999595e+00 
 8.18954779e-08 -2.72900588e-06  8.18954779e-08  1.05915071e-05  8.18954779e-08  1.19999917e+00  8.18954779e-08  3.30000394e+00 
 8.19454779e-08  2.64960733e-06  8.19454779e-08 -1.07259442e-05  8.19454779e-08  1.20000067e+00  8.19454779e-08  3.29999614e+00 
 8.19727389e-08 -2.20690827e-06  8.19727389e-08  1.09470318e-05  8.19727389e-08  1.19999933e+00  8.19727389e-08  3.30000368e+00 
 8.20000000e-08  2.05593931e-06  8.20000000e-08 -1.10523550e-05  8.20000000e-08  1.20000050e+00  8.20000000e-08  3.29999646e+00 
 8.20050000e-08  4.20452769e-06  8.20050000e-08  4.67984250e-05  8.20050000e-08  1.20000075e+00  8.20050000e-08  3.30000873e+00 
 8.20150000e-08 -1.00595526e-06  8.20150000e-08  2.67584521e-05  8.20150000e-08  1.19999918e+00  8.20150000e-08  3.30000158e+00 
 8.20350000e-08 -3.14510885e-06  8.20350000e-08 -2.66775087e-05  8.20350000e-08  1.19999972e+00  8.20350000e-08  3.29999320e+00 
 8.20750000e-08  3.15488608e-06  8.20750000e-08 -2.25861555e-05  8.20750000e-08  1.20000064e+00  8.20750000e-08  3.29999883e+00 
 8.21250000e-08 -1.47460959e-05  8.21250000e-08 -5.28555026e-05  8.21250000e-08  1.19999826e+00  8.21250000e-08  3.29999683e+00 
 8.21625000e-08 -7.14929198e-05  8.21625000e-08 -1.78037287e-04  8.21625000e-08  1.19999570e+00  8.21625000e-08  3.29998299e+00 
 8.22000000e-08  1.03965265e-03  8.22000000e-08 -1.31203240e-04  8.22000000e-08  1.20010059e+00  8.22000000e-08  3.30000307e+00 
 8.22050000e-08  1.07140353e-03  8.22050000e-08 -3.55263127e-04  8.22050000e-08  1.20006635e+00  8.22050000e-08  3.29995949e+00 
 8.22150000e-08  1.02911001e-03  8.22150000e-08  7.89812143e-04  8.22150000e-08  1.20000312e+00  8.22150000e-08  3.30019484e+00 
 8.22350000e-08 -6.18375125e-04  8.22350000e-08  4.57979686e-03  8.22350000e-08  1.19977658e+00  8.22350000e-08  3.30068117e+00 
 8.22750000e-08 -1.85213691e-02  8.22750000e-08  4.37925680e-03  8.22750000e-08  1.19867228e+00  8.22750000e-08  3.30008810e+00 
 8.23250000e-08  5.43389944e-01  8.23250000e-08 -5.82709778e-03  8.23250000e-08  1.21967571e+00  8.23250000e-08  3.29883589e+00 
 8.23750000e-08  1.18026321e+00  8.23750000e-08 -2.17395926e-02  8.23750000e-08  5.88403035e-01  8.23750000e-08  3.29814955e+00 
 8.24250000e-08  1.20610913e+00  8.24250000e-08 -5.13837018e-02  8.24250000e-08 -7.36465049e-03  8.24250000e-08  3.29671758e+00 
 8.24750000e-08  1.19445227e+00  8.24750000e-08  6.09487058e-02  8.24750000e-08  5.77528174e-03  8.24750000e-08  3.31112993e+00 
 8.25250000e-08  1.20456101e+00  8.25250000e-08  1.26303356e+00  8.25250000e-08 -4.59503060e-03  8.25250000e-08  3.35123911e+00 
 8.25750000e-08  1.19628511e+00  8.25750000e-08  2.93567742e+00  8.25750000e-08  3.94619945e-03  8.25750000e-08  3.38743265e+00 
 8.26250000e-08  1.20297912e+00  8.26250000e-08  3.27621561e+00  8.26250000e-08 -3.44088522e-03  8.26250000e-08  2.98369306e+00 
 8.26750000e-08  1.19760954e+00  8.26750000e-08  3.25648964e+00  8.26750000e-08  3.07231375e-03  8.26750000e-08  3.48717736e-01 
 8.27250000e-08  1.20190492e+00  8.27250000e-08  3.28969357e+00  8.27250000e-08 -2.75935380e-03  8.27250000e-08 -1.36811505e-01 
 8.27750000e-08  1.19847630e+00  8.27750000e-08  3.28260066e+00  8.27750000e-08  2.49680964e-03  8.27750000e-08  9.85819737e-02 
 8.28250000e-08  1.20121597e+00  8.28250000e-08  3.29537212e+00  8.28250000e-08 -2.26536309e-03  8.28250000e-08 -6.73753730e-02 
 8.28750000e-08  1.19902483e+00  8.28750000e-08  3.29646963e+00  8.28750000e-08  2.06073734e-03  8.28750000e-08  4.83515996e-02 
 8.29250000e-08  1.20078260e+00  8.29250000e-08  3.29751631e+00  8.29250000e-08 -1.87867087e-03  8.29250000e-08 -3.41681247e-02 
 8.29750000e-08  1.19936813e+00  8.29750000e-08  3.30013390e+00  8.29750000e-08  1.71444950e-03  8.29750000e-08  2.46681771e-02 
 8.30250000e-08  1.20051183e+00  8.30250000e-08  3.29820771e+00  8.30250000e-08 -1.56832252e-03  8.30250000e-08 -1.77789579e-02 
 8.30750000e-08  1.19958219e+00  8.30750000e-08  3.30109572e+00  8.30750000e-08  1.43524299e-03  8.30750000e-08  1.29092185e-02 
 8.31250000e-08  1.20034304e+00  8.31250000e-08  3.29846254e+00  8.31250000e-08 -1.31707528e-03  8.31250000e-08 -9.37925487e-03 
 8.31750000e-08  1.19971551e+00  8.31750000e-08  3.30130914e+00  8.31750000e-08  1.20880135e-03  8.31750000e-08  6.78976278e-03 
 8.32250000e-08  1.20023791e+00  8.32250000e-08  3.29859583e+00  8.32250000e-08 -1.11287769e-03  8.32250000e-08 -4.88497258e-03 
 8.32750000e-08  1.19979853e+00  8.32750000e-08  3.30130659e+00  8.32750000e-08  1.02457826e-03  8.32750000e-08  3.44607243e-03 
 8.33250000e-08  1.20017242e+00  8.33250000e-08  3.29869945e+00  8.33250000e-08 -9.46504333e-04  8.33250000e-08 -2.36360063e-03 
 8.33750000e-08  1.19985026e+00  8.33750000e-08  3.30123851e+00  8.33750000e-08  8.74357700e-04  8.33750000e-08  1.52597664e-03 
 8.34250000e-08  1.20013158e+00  8.34250000e-08  3.29879756e+00  8.34250000e-08 -8.10668445e-04  8.34250000e-08 -8.79808271e-04 
 8.34750000e-08  1.19988256e+00  8.34750000e-08  3.30115006e+00  8.34750000e-08  7.51612888e-04  8.34750000e-08  3.70414479e-04 
 8.35250000e-08  1.20010607e+00  8.35250000e-08  3.29889475e+00  8.35250000e-08 -6.98011504e-04  8.35250000e-08  3.29581537e-05 
 8.35750000e-08  1.19990284e+00  8.35750000e-08  3.30105669e+00  8.35750000e-08  6.52756395e-04  8.35750000e-08 -3.53291562e-04 
 8.36250000e-08  1.20008998e+00  8.36250000e-08  3.29898994e+00  8.36250000e-08 -6.07057743e-04  8.36250000e-08  6.11360724e-04 
 8.36750000e-08  1.19991564e+00  8.36750000e-08  3.30096383e+00  8.36750000e-08  5.70124351e-04  8.36750000e-08 -8.21656414e-04 
 8.37250000e-08  1.20007975e+00  8.37250000e-08  3.29908159e+00  8.37250000e-08 -5.32375543e-04  8.37250000e-08  9.88471210e-04 
 8.37750000e-08  1.19992385e+00  8.37750000e-08  3.30087459e+00  8.37750000e-08  5.02169896e-04  8.37750000e-08 -1.12863557e-03 
 8.38250000e-08  1.20007311e+00  8.38250000e-08  3.29916846e+00  8.38250000e-08 -4.70903355e-04  8.38250000e-08  1.23677264e-03 
 8.38750000e-08  1.19992926e+00  8.38750000e-08  3.30079042e+00  8.38750000e-08  4.46148945e-04  8.38750000e-08 -1.33027790e-03 
 8.39250000e-08  1.20006866e+00  8.39250000e-08  3.29924980e+00  8.39250000e-08 -4.20171571e-04  8.39250000e-08  1.39923203e-03 
 8.39750000e-08  1.19993295e+00  8.39750000e-08  3.30071198e+00  8.39750000e-08  3.99840602e-04  8.39750000e-08 -1.46058369e-03 
 8.40250000e-08  1.20006554e+00  8.40250000e-08  3.29932521e+00  8.40250000e-08 -3.78181212e-04  8.40250000e-08  1.50256949e-03 
 8.40750000e-08  1.19993562e+00  8.40750000e-08  3.30063952e+00  8.40750000e-08  3.61443652e-04  8.40750000e-08 -1.54114702e-03 
 8.41250000e-08  1.20006322e+00  8.41250000e-08  3.29939465e+00  8.41250000e-08 -3.43311354e-04  8.41250000e-08  1.56414098e-03 
 8.41750000e-08  1.19993767e+00  8.41750000e-08  3.30057300e+00  8.41750000e-08  3.29495527e-04  8.41750000e-08 -1.58625411e-03 
 8.42250000e-08  1.20006137e+00  8.42250000e-08  3.29945824e+00  8.42250000e-08 -3.14246104e-04  8.42250000e-08  1.59565366e-03 
 8.42750000e-08  1.19993936e+00  8.42750000e-08  3.30051220e+00  8.42750000e-08  3.02807653e-04  8.42750000e-08 -1.60569059e-03 
 8.43250000e-08  1.20005980e+00  8.43250000e-08  3.29951626e+00  8.43250000e-08 -2.89916279e-04  8.43250000e-08  1.60525746e-03 
 8.43750000e-08  1.19994084e+00  8.43750000e-08  3.30045682e+00  8.43750000e-08  2.80413515e-04  8.43750000e-08 -1.60635434e-03 
 8.44250000e-08  1.20005839e+00  8.44250000e-08  3.29956905e+00  8.44250000e-08 -2.69452569e-04  8.44250000e-08  1.59877395e-03 
 8.44750000e-08  1.19994220e+00  8.44750000e-08  3.30040649e+00  8.44750000e-08  2.61526782e-04  8.44750000e-08 -1.59322192e-03 
 8.45250000e-08  1.20005707e+00  8.45250000e-08  3.29961698e+00  8.45250000e-08 -2.52147795e-04  8.45250000e-08  1.58044855e-03 
 8.45750000e-08  1.19994349e+00  8.45750000e-08  3.30036083e+00  8.45750000e-08  2.45507455e-04  8.45750000e-08 -1.56995110e-03 
 8.46250000e-08  1.20005580e+00  8.46250000e-08  3.29966042e+00  8.46250000e-08 -2.37426420e-04  8.46250000e-08  1.55342884e-03 
 8.46750000e-08  1.19994474e+00  8.46750000e-08  3.30031947e+00  8.46750000e-08  2.31834466e-04  8.46750000e-08 -1.53927029e-03 
 8.47250000e-08  1.20005456e+00  8.47250000e-08  3.29969976e+00  8.47250000e-08 -2.24819874e-04  8.47250000e-08  1.52007907e-03 
 8.47750000e-08  1.19994596e+00  8.47750000e-08  3.30028203e+00  8.47750000e-08  2.20083457e-04  8.47750000e-08 -1.50323845e-03 
 8.48250000e-08  1.20005335e+00  8.48250000e-08  3.29973536e+00  8.48250000e-08 -2.13946561e-04  8.48250000e-08  1.48219327e-03 
 8.48750000e-08  1.19994717e+00  8.48750000e-08  3.30024817e+00  8.48750000e-08  2.09908750e-04  8.48750000e-08 -1.46342320e-03 
 8.49250000e-08  1.20005215e+00  8.49250000e-08  3.29976754e+00  8.49250000e-08 -2.04495630e-04  8.49250000e-08  1.44114331e-03 
 8.49750000e-08  1.19994836e+00  8.49750000e-08  3.30021757e+00  8.49750000e-08  2.01028693e-04  8.49750000e-08 -1.42102608e-03 
 8.50250000e-08  1.20005097e+00  8.50250000e-08  3.29979662e+00  8.50250000e-08 -1.96213799e-04  8.50250000e-08  1.39798414e-03 
 8.50750000e-08  1.19994954e+00  8.50750000e-08  3.30018992e+00  8.50750000e-08  1.93213755e-04  8.50750000e-08 -1.37697228e-03 
 8.51250000e-08  1.20004980e+00  8.51250000e-08  3.29982289e+00  8.51250000e-08 -1.88894646e-04  8.51250000e-08  1.35352996e-03 
 8.51750000e-08  1.19995070e+00  8.51750000e-08  3.30016496e+00  8.51750000e-08  1.86276842e-04  8.51750000e-08 -1.33197610e-03 
 8.52250000e-08  1.20004864e+00  8.52250000e-08  3.29984660e+00  8.52250000e-08 -1.82369900e-04  8.52250000e-08  1.30841026e-03 
 8.52750000e-08  1.19995184e+00  8.52750000e-08  3.30014243e+00  8.52750000e-08  1.80065412e-04  8.52750000e-08 -1.28658952e-03 
 8.53250000e-08  1.20004751e+00  8.53250000e-08  3.29986800e+00  8.53250000e-08 -1.76502354e-04  8.53250000e-08  1.26311173e-03 
 8.53750000e-08  1.19995297e+00  8.53750000e-08  3.30012211e+00  8.53750000e-08  1.74455065e-04  8.53750000e-08 -1.24123860e-03 
 8.54250000e-08  1.20004639e+00  8.54250000e-08  3.29988729e+00  8.54250000e-08 -1.71180098e-04  8.54250000e-08  1.21800986e-03 
 8.54750000e-08  1.19995408e+00  8.54750000e-08  3.30010378e+00  8.54750000e-08  1.69344324e-04  8.54750000e-08 -1.19625116e-03 
 8.55250000e-08  1.20004529e+00  8.55250000e-08  3.29990468e+00  8.55250000e-08 -1.66311830e-04  8.55250000e-08  1.17339308e-03 
 8.55750000e-08  1.19995517e+00  8.55750000e-08  3.30008728e+00  8.55750000e-08  1.64650375e-04  8.55750000e-08 -1.15187795e-03 
 8.56250000e-08  1.20004421e+00  8.56250000e-08  3.29992034e+00  8.56250000e-08 -1.61823029e-04  8.56250000e-08  1.12948137e-03 
 8.56750000e-08  1.19995624e+00  8.56750000e-08  3.30007242e+00  8.56750000e-08  1.60305613e-04  8.56750000e-08 -1.10830907e-03 
 8.57250000e-08  1.20004315e+00  8.57250000e-08  3.29993443e+00  8.57250000e-08 -1.57652844e-04  8.57250000e-08  1.08644070e-03 
 8.57750000e-08  1.19995729e+00  8.57750000e-08  3.30005906e+00  8.57750000e-08  1.56254822e-04  8.57750000e-08 -1.06568669e-03 
 8.58250000e-08  1.20004211e+00  8.58250000e-08  3.29994709e+00  8.58250000e-08 -1.53751561e-04  8.58250000e-08  1.04439430e-03 
 8.58750000e-08  1.19995832e+00  8.58750000e-08  3.30004706e+00  8.58750000e-08  1.52452870e-04  8.58750000e-08 -1.02411508e-03 
 8.59250000e-08  1.20004109e+00  8.59250000e-08  3.29995847e+00  8.59250000e-08 -1.50078536e-04  8.59250000e-08  1.00343153e-03 
 8.59750000e-08  1.19995932e+00  8.59750000e-08  3.30003628e+00  8.59750000e-08  1.48862850e-04  8.59750000e-08 -9.83668421e-04 
 8.60250000e-08  1.20004010e+00  8.60250000e-08  3.29996866e+00  8.60250000e-08 -1.46600515e-04  8.60250000e-08  9.63614849e-04 
 8.60750000e-08  1.19996031e+00  8.60750000e-08  3.30002663e+00  8.60750000e-08  1.45454547e-04  8.60750000e-08 -9.44397067e-04 
 8.61250000e-08  1.20003912e+00  8.61250000e-08  3.29997779e+00  8.61250000e-08 -1.43290266e-04  8.61250000e-08  9.24985401e-04 
 8.61750000e-08  1.19996127e+00  8.61750000e-08  3.30001800e+00  8.61750000e-08  1.42203202e-04  8.61750000e-08 -9.06332450e-04 
 8.62250000e-08  1.20003816e+00  8.62250000e-08  3.29998595e+00  8.62250000e-08 -1.40125458e-04  8.62250000e-08  8.87567389e-04 
 8.62750000e-08  1.19996222e+00  8.62750000e-08  3.30001029e+00  8.62750000e-08  1.39088500e-04  8.62750000e-08 -8.69491020e-04 
 8.63250000e-08  1.20003723e+00  8.63250000e-08  3.29999323e+00  8.63250000e-08 -1.37087758e-04  8.63250000e-08  8.51371613e-04 
 8.63750000e-08  1.19996314e+00  8.63750000e-08  3.30000342e+00  8.63750000e-08  1.36093746e-04  8.63750000e-08 -8.33877382e-04 
 8.64250000e-08  1.20003632e+00  8.64250000e-08  3.29999971e+00  8.64250000e-08 -1.34162090e-04  8.64250000e-08  8.16398279e-04 
 8.64750000e-08  1.19996405e+00  8.64750000e-08  3.29999731e+00  8.64750000e-08  1.33205197e-04  8.64750000e-08 -7.99486807e-04 
 8.65250000e-08  1.20003542e+00  8.65250000e-08  3.30000547e+00  8.65250000e-08 -1.31336028e-04  8.65250000e-08  7.82639256e-04 
 8.65750000e-08  1.19996493e+00  8.65750000e-08  3.29999189e+00  8.65750000e-08  1.30411510e-04  8.65750000e-08 -7.66307247e-04 
 8.66250000e-08  1.20003454e+00  8.66250000e-08  3.30001057e+00  8.66250000e-08 -1.28599311e-04  8.66250000e-08  7.50079894e-04 
 8.66750000e-08  1.19996580e+00  8.66750000e-08  3.29998710e+00  8.66750000e-08  1.27703305e-04  8.66750000e-08 -7.34320959e-04 
 8.67250000e-08  1.20003369e+00  8.67250000e-08  3.30001506e+00  8.67250000e-08 -1.25943437e-04  8.67250000e-08  7.18700484e-04 
 8.67750000e-08  1.19996664e+00  8.67750000e-08  3.29998288e+00  8.67750000e-08  1.25072798e-04  8.67750000e-08 -7.03505808e-04 
 8.68250000e-08  1.20003285e+00  8.68250000e-08  3.30001902e+00  8.68250000e-08 -1.23361345e-04  8.68250000e-08  6.88477433e-04 
 8.68750000e-08  1.19996747e+00  8.68750000e-08  3.29997918e+00  8.68750000e-08  1.22513508e-04  8.68750000e-08 -6.73836320e-04 
 8.69250000e-08  1.20003203e+00  8.69250000e-08  3.30002249e+00  8.69250000e-08 -1.20847141e-04  8.69250000e-08  6.59384218e-04 
 8.69750000e-08  1.19996829e+00  8.69750000e-08  3.29997594e+00  8.69750000e-08  1.20020014e-04  8.69750000e-08 -6.45284530e-04 
 8.70250000e-08  1.20003123e+00  8.70250000e-08  3.30002550e+00  8.70250000e-08 -1.18395891e-04  8.70250000e-08  6.31392152e-04 
 8.70750000e-08  1.19996908e+00  8.70750000e-08  3.29997313e+00  8.70750000e-08  1.17587763e-04  8.70750000e-08 -6.17820669e-04 
 8.71250000e-08  1.20003044e+00  8.71250000e-08  3.30002812e+00  8.71250000e-08 -1.16003438e-04  8.71250000e-08  6.04471005e-04 
 8.71750000e-08  1.19996986e+00  8.71750000e-08  3.29997070e+00  8.71750000e-08  1.15212910e-04  8.71750000e-08 -5.91413718e-04 
 8.72250000e-08  1.20002967e+00  8.72250000e-08  3.30003037e+00  8.72250000e-08 -1.13666262e-04  8.72250000e-08  5.78589502e-04 
 8.72750000e-08  1.19997062e+00  8.72750000e-08  3.29996861e+00  8.72750000e-08  1.12892189e-04  8.72750000e-08 -5.66031852e-04 
 8.73250000e-08  1.20002892e+00  8.73250000e-08  3.30003230e+00  8.73250000e-08 -1.11381366e-04  8.73250000e-08  5.53715733e-04 
 8.73750000e-08  1.19997136e+00  8.73750000e-08  3.29996684e+00  8.73750000e-08  1.10622803e-04  8.73750000e-08 -5.41642805e-04 
 8.74250000e-08  1.20002818e+00  8.74250000e-08  3.30003392e+00  8.74250000e-08 -1.09146176e-04  8.74250000e-08  5.29817476e-04 
 8.74750000e-08  1.19997209e+00  8.74750000e-08  3.29996535e+00  8.74750000e-08  1.08402344e-04  8.74750000e-08 -5.18214156e-04 
 8.75250000e-08  1.20002746e+00  8.75250000e-08  3.30003528e+00  8.75250000e-08 -1.06958468e-04  8.75250000e-08  5.06862458e-04 
 8.75750000e-08  1.19997280e+00  8.75750000e-08  3.29996411e+00  8.75750000e-08  1.06228722e-04  8.75750000e-08 -4.95713563e-04 
 8.76250000e-08  1.20002675e+00  8.76250000e-08  3.30003640e+00  8.76250000e-08 -1.04816302e-04  8.76250000e-08  4.84818570e-04 
 8.76750000e-08  1.19997350e+00  8.76750000e-08  3.29996311e+00  8.76750000e-08  1.04100104e-04  8.76750000e-08 -4.74108948e-04 
 8.77250000e-08  1.20002606e+00  8.77250000e-08  3.30003731e+00  8.77250000e-08 -1.02717973e-04  8.77250000e-08  4.63654030e-04 
 8.77750000e-08  1.19997419e+00  8.77750000e-08  3.29996230e+00  8.77750000e-08  1.02014873e-04  8.77750000e-08 -4.53368650e-04 
 8.78250000e-08  1.20002539e+00  8.78250000e-08  3.30003802e+00  8.78250000e-08 -1.00661971e-04  8.78250000e-08  4.43337518e-04 
 8.78750000e-08  1.19997486e+00  8.78750000e-08  3.29996168e+00  8.78750000e-08  9.99715863e-05  8.78750000e-08 -4.33461532e-04 
 8.79250000e-08  1.20002472e+00  8.79250000e-08  3.30003856e+00  8.79250000e-08 -9.86469414e-05  8.79250000e-08  4.23838284e-04 
 8.79750000e-08  1.19997551e+00  8.79750000e-08  3.29996122e+00  8.79750000e-08  9.79689472e-05  8.79750000e-08 -4.14357082e-04 
 8.80250000e-08  1.20002407e+00  8.80250000e-08  3.30003894e+00  8.80250000e-08 -9.66716635e-05  8.80250000e-08  4.05126221e-04 
 8.80750000e-08  1.19997615e+00  8.80750000e-08  3.29996091e+00  8.80750000e-08  9.60057791e-05  8.80750000e-08 -3.96025477e-04 
 8.81250000e-08  1.20002344e+00  8.81250000e-08  3.30003918e+00  8.81250000e-08 -9.47350245e-05  8.81250000e-08  3.87171937e-04 
 8.81750000e-08  1.19997678e+00  8.81750000e-08  3.29996073e+00  8.81750000e-08  9.40810053e-05  8.81750000e-08 -3.78437635e-04 
 8.82250000e-08  1.20002282e+00  8.82250000e-08  3.30003931e+00  8.82250000e-08 -9.28360024e-05  8.82250000e-08  3.69946793e-04 
 8.82750000e-08  1.19997740e+00  8.82750000e-08  3.29996066e+00  8.82750000e-08  9.21936325e-05  8.82750000e-08 -3.61565257e-04 
 8.83250000e-08  1.20002221e+00  8.83250000e-08  3.30003932e+00  8.83250000e-08 -9.09736507e-05  8.83250000e-08  3.53422941e-04 
 8.83750000e-08  1.19997800e+00  8.83750000e-08  3.29996069e+00  8.83750000e-08  9.03427371e-05  8.83750000e-08 -3.45380854e-04 
 8.84250000e-08  1.20002161e+00  8.84250000e-08  3.30003925e+00  8.84250000e-08 -8.91470868e-05  8.84250000e-08  3.37573344e-04 
 8.84750000e-08  1.19997859e+00  8.84750000e-08  3.29996081e+00  8.84750000e-08  8.85274545e-05  8.84750000e-08 -3.29857757e-04 
 8.85250000e-08  1.20002103e+00  8.85250000e-08  3.30003909e+00  8.85250000e-08 -8.73554816e-05  8.85250000e-08  3.22371791e-04 
 8.85750000e-08  1.19997917e+00  8.85750000e-08  3.29996101e+00  8.85750000e-08  8.67469699e-05  8.85750000e-08 -3.14970138e-04 
 8.86250000e-08  1.20002045e+00  8.86250000e-08  3.30003885e+00  8.86250000e-08 -8.55980515e-05  8.86250000e-08  3.07792902e-04 
 8.86750000e-08  1.19997974e+00  8.86750000e-08  3.29996127e+00  8.86750000e-08  8.50005111e-05  8.86750000e-08 -3.00693000e-04 
 8.87250000e-08  1.20001989e+00  8.87250000e-08  3.30003856e+00  8.87250000e-08 -8.38740522e-05  8.87250000e-08  2.93812131e-04 
 8.87750000e-08  1.19998029e+00  8.87750000e-08  3.29996160e+00  8.87750000e-08  8.32873426e-05  8.87750000e-08 -2.87002186e-04 
 8.88250000e-08  1.20001934e+00  8.88250000e-08  3.30003821e+00  8.88250000e-08 -8.21827730e-05  8.88250000e-08  2.80405759e-04 
 8.88750000e-08  1.19998083e+00  8.88750000e-08  3.29996197e+00  8.88750000e-08  8.16067603e-05  8.88750000e-08 -2.73874362e-04 
 8.89250000e-08  1.20001881e+00  8.89250000e-08  3.30003781e+00  8.89250000e-08 -8.05235323e-05  8.89250000e-08  2.67550888e-04 
 8.89750000e-08  1.19998137e+00  8.89750000e-08  3.29996239e+00  8.89750000e-08  7.99580882e-05  8.89750000e-08 -2.61287015e-04 
 8.90250000e-08  1.20001828e+00  8.90250000e-08  3.30003738e+00  8.90250000e-08 -7.88956743e-05  8.90250000e-08  2.55225428e-04 
 8.90750000e-08  1.19998189e+00  8.90750000e-08  3.29996284e+00  8.90750000e-08  7.83406745e-05  8.90750000e-08 -2.49218436e-04 
 8.91250000e-08  1.20001776e+00  8.91250000e-08  3.30003691e+00  8.91250000e-08 -7.72985659e-05  8.91250000e-08  2.43408083e-04 
 8.91750000e-08  1.19998240e+00  8.91750000e-08  3.29996332e+00  8.91750000e-08  7.67538891e-05  8.91750000e-08 -2.37647703e-04 
 8.92250000e-08  1.20001726e+00  8.92250000e-08  3.30003642e+00  8.92250000e-08 -7.57315942e-05  8.92250000e-08  2.32078337e-04 
 8.92750000e-08  1.19998290e+00  8.92750000e-08  3.29996382e+00  8.92750000e-08  7.51971215e-05  8.92750000e-08 -2.26554669e-04 
 8.93250000e-08  1.20001676e+00  8.93250000e-08  3.30003591e+00  8.93250000e-08 -7.41941646e-05  8.93250000e-08  2.21216433e-04 
 8.93750000e-08  1.19998339e+00  8.93750000e-08  3.29996434e+00  8.93750000e-08  7.36697789e-05  8.93750000e-08 -2.15919938e-04 
 8.94250000e-08  1.20001628e+00  8.94250000e-08  3.30003538e+00  8.94250000e-08 -7.26856993e-05  8.94250000e-08  2.10803358e-04 
 8.94750000e-08  1.19998387e+00  8.94750000e-08  3.29996488e+00  8.94750000e-08  7.21712847e-05  8.94750000e-08 -2.05724850e-04 
 8.95250000e-08  1.20001580e+00  8.95250000e-08  3.30003484e+00  8.95250000e-08 -7.12728559e-05  8.95250000e-08  2.00809927e-04 
 8.95750000e-08  1.19998434e+00  8.95750000e-08  3.29996542e+00  8.95750000e-08  7.06945730e-05  8.95750000e-08 -1.95954186e-04 
 8.96250000e-08  1.20001534e+00  8.96250000e-08  3.30003429e+00  8.96250000e-08 -6.97475384e-05  8.96250000e-08  1.91253149e-04 
 8.96750000e-08  1.19998480e+00  8.96750000e-08  3.29996597e+00  8.96750000e-08  6.92533034e-05  8.96750000e-08 -1.86583819e-04 
 8.97250000e-08  1.20001488e+00  8.97250000e-08  3.30003374e+00  8.97250000e-08 -6.83237591e-05  8.97250000e-08  1.82078640e-04 
 8.97750000e-08  1.19998525e+00  8.97750000e-08  3.29996653e+00  8.97750000e-08  6.78390341e-05  8.97750000e-08 -1.77602095e-04 
 8.98250000e-08  1.20001444e+00  8.98250000e-08  3.30003318e+00  8.98250000e-08 -6.69265504e-05  8.98250000e-08  1.73284438e-04 
 8.98750000e-08  1.19998569e+00  8.98750000e-08  3.29996708e+00  8.98750000e-08  6.64512507e-05  8.98750000e-08 -1.68992624e-04 
 8.99250000e-08  1.20001400e+00  8.99250000e-08  3.30003263e+00  8.99250000e-08 -6.55554544e-05  8.99250000e-08  1.64854652e-04 
 8.99625000e-08  1.19998619e+00  8.99625000e-08  3.29996773e+00  8.99625000e-08  6.48652563e-05  8.99625000e-08 -1.59398044e-04 
 9.00000000e-08  1.20001343e+00  9.00000000e-08  3.30003190e+00  9.00000000e-08 -6.37669116e-05  9.00000000e-08  1.54155343e-04 
 9.00050000e-08  1.19997053e+00  9.00050000e-08  3.29982825e+00  9.00050000e-08 -4.53212092e-06  9.00050000e-08 -2.24977253e-05 
 9.00150000e-08  1.19999763e+00  9.00150000e-08  3.29987035e+00  9.00150000e-08  4.54059275e-06  9.00150000e-08 -8.83587855e-07 
 9.00350000e-08  1.20002751e+00  9.00350000e-08  3.30002140e+00  9.00350000e-08 -9.26738280e-07  9.00350000e-08  1.68681373e-05 
 9.00750000e-08  1.19997807e+00  9.00750000e-08  3.30009095e+00  9.00750000e-08 -2.66949740e-07  9.00750000e-08 -1.81240803e-06 
 9.01250000e-08  1.20014664e+00  9.01250000e-08  3.30080320e+00  9.01250000e-08  5.19354502e-06  9.01250000e-08  5.57504326e-05 
 9.01625000e-08  1.20028034e+00  9.01625000e-08  3.30153880e+00  9.01625000e-08  4.26594439e-06  9.01625000e-08  4.48680234e-05 
 9.02000000e-08  1.19902146e+00  9.02000000e-08  3.30093865e+00  9.02000000e-08 -5.68161788e-05  9.02000000e-08 -5.46189595e-05 
 9.02050000e-08  1.19889037e+00  9.02050000e-08  3.30086775e+00  9.02050000e-08 -4.21024805e-05  9.02050000e-08 -4.52020584e-05 
 9.02150000e-08  1.20022296e+00  9.02150000e-08  3.29991923e+00  9.02150000e-08  1.27869954e-04  9.02150000e-08 -1.85875497e-04 
 9.02350000e-08  1.20128419e+00  9.02350000e-08  3.29682182e+00  9.02350000e-08  2.38948521e-05  9.02350000e-08 -3.64890711e-04 
 9.02750000e-08  1.19906714e+00  9.02750000e-08  3.29615139e+00  9.02750000e-08 -8.89688538e-05  9.02750000e-08  4.59540028e-05 
 9.03126385e-08  1.20043138e+00  9.03126385e-08  3.30246926e+00  9.03126385e-08  9.30333614e-05  9.03126385e-08  4.84114838e-04 
 9.03526838e-08  1.19970194e+00  9.03526838e-08  3.30085221e+00  9.03526838e-08 -7.64294894e-05  9.03526838e-08 -2.65884481e-04 
 9.04026838e-08  1.20014786e+00  9.04026838e-08  3.30007564e+00  9.04026838e-08  6.40501161e-05  9.04026838e-08  1.10451666e-04 
 9.04526838e-08  1.19991427e+00  9.04526838e-08  3.30014150e+00  9.04526838e-08 -5.15039528e-05  9.04526838e-08 -1.05924036e-04 
 9.05026838e-08  1.20002609e+00  9.05026838e-08  3.29983575e+00  9.05026838e-08  4.13841271e-05  9.05026838e-08  7.08049211e-05 
 9.05526838e-08  1.20000720e+00  9.05526838e-08  3.30001595e+00  9.05526838e-08 -3.24776973e-05  9.05526838e-08 -5.80070758e-05 
 9.06026838e-08  1.19996744e+00  9.06026838e-08  3.29986952e+00  9.06026838e-08  2.53481708e-05  9.06026838e-08  4.71210173e-05 
 9.06526838e-08  1.20004633e+00  9.06526838e-08  3.30002085e+00  9.06526838e-08 -1.91970199e-05  9.06526838e-08 -3.66694608e-05 
 9.07026838e-08  1.19994465e+00  9.07026838e-08  3.29990721e+00  9.07026838e-08  1.43752578e-05  9.07026838e-08  3.08637917e-05 
 9.07526838e-08  1.20005857e+00  9.07526838e-08  3.30003903e+00  9.07526838e-08 -1.02051094e-05  9.07526838e-08 -2.34942619e-05 
 9.08026838e-08  1.19994039e+00  9.08026838e-08  3.29992575e+00  9.08026838e-08  7.04362994e-06  9.08026838e-08  1.90956364e-05 
 9.08526838e-08  1.20005772e+00  9.08526838e-08  3.30005067e+00  9.08526838e-08 -4.27427710e-06  9.08526838e-08 -1.38854462e-05 
 9.09026838e-08  1.19994483e+00  9.09026838e-08  3.29993365e+00  9.09026838e-08  2.28185932e-06  9.09026838e-08  1.03029396e-05 
 9.09526838e-08  1.20005119e+00  9.09526838e-08  3.30005603e+00  9.09526838e-08 -4.89752860e-07  9.09526838e-08 -6.51264251e-06 
 9.10026838e-08  1.19995265e+00  9.10026838e-08  3.29993735e+00  9.10026838e-08 -6.92543972e-07  9.10026838e-08  3.62665011e-06 
 9.10526838e-08  1.20004286e+00  9.10526838e-08  3.30005773e+00  9.10526838e-08  1.81374030e-06  9.10526838e-08 -7.95499245e-07 
 9.11026838e-08  1.19996113e+00  9.11026838e-08  3.29993980e+00  9.11026838e-08 -2.44342806e-06  9.11026838e-08 -1.48221499e-06 
 9.11526838e-08  1.20003462e+00  9.11526838e-08  3.30005742e+00  9.11526838e-08  3.11200745e-06  9.11526838e-08  3.62447705e-06 
 9.12026838e-08  1.19996900e+00  9.12026838e-08  3.29994193e+00  9.12026838e-08 -3.37311976e-06  9.12026838e-08 -5.40040834e-06 
 9.12526838e-08  1.20002730e+00  9.12526838e-08  3.30005613e+00  9.12526838e-08  3.74306607e-06  9.12526838e-08  7.03690893e-06 
 9.13026838e-08  1.19997575e+00  9.13026838e-08  3.29994403e+00  9.13026838e-08 -3.76434906e-06  9.13026838e-08 -8.41126447e-06 
 9.13526838e-08  1.20002117e+00  9.13526838e-08  3.30005441e+00  9.13526838e-08  3.94305232e-06  9.13526838e-08  9.66937508e-06 
 9.14026838e-08  1.19998129e+00  9.14026838e-08  3.29994610e+00  9.14026838e-08 -3.81376806e-06  9.14026838e-08 -1.07297208e-05 
 9.14526838e-08  1.20001622e+00  9.14526838e-08  3.30005253e+00  9.14526838e-08  3.87519157e-06  9.14526838e-08  1.17023048e-05 
 9.15026838e-08  1.19998571e+00  9.15026838e-08  3.29994812e+00  9.15026838e-08 -3.65632155e-06  9.15026838e-08 -1.25203419e-05 
 9.15526838e-08  1.20001232e+00  9.15526838e-08  3.30005065e+00  9.15526838e-08  3.65058981e-06  9.15526838e-08  1.32766365e-05 
 9.16026838e-08  1.19998915e+00  9.16026838e-08  3.29995003e+00  9.16026838e-08 -3.38306523e-06  9.16026838e-08 -1.39089960e-05 
 9.16526838e-08  1.20000930e+00  9.16526838e-08  3.30004886e+00  9.16526838e-08  3.34348130e-06  9.16526838e-08  1.45010844e-05 
 9.17026838e-08  1.19999180e+00  9.17026838e-08  3.29995182e+00  9.17026838e-08 -3.05416903e-06  9.17026838e-08 -1.49915746e-05 
 9.17526838e-08  1.20000699e+00  9.17526838e-08  3.30004718e+00  9.17526838e-08  3.00229671e-06  9.17526838e-08  1.54587175e-05 
 9.18026838e-08  1.19999382e+00  9.18026838e-08  3.29995346e+00  9.18026838e-08 -2.70830856e-06  9.18026838e-08 -1.58408002e-05 
 9.18526838e-08  1.20000524e+00  9.18526838e-08  3.30004563e+00  9.18526838e-08  2.65761702e-06  9.18526838e-08  1.62125624e-05 
 9.19026838e-08  1.19999534e+00  9.19026838e-08  3.29995496e+00  9.19026838e-08 -2.36938426e-06  9.19026838e-08 -1.65115863e-05 
 9.19526838e-08  1.20000392e+00  9.19526838e-08  3.30004422e+00  9.19526838e-08  2.32783856e-06  9.19526838e-08  1.68101814e-05 
 9.20026838e-08  1.19999649e+00  9.20026838e-08  3.29995633e+00  9.20026838e-08 -2.05128677e-06  9.20026838e-08 -1.70452375e-05 
 9.20526838e-08  1.20000294e+00  9.20526838e-08  3.30004293e+00  9.20526838e-08  2.02317284e-06  9.20526838e-08  1.72873122e-05 
 9.21026838e-08  1.19999734e+00  9.21026838e-08  3.29995758e+00  9.21026838e-08 -1.76124677e-06  9.21026838e-08 -1.74727172e-05 
 9.21526838e-08  1.20000220e+00  9.21526838e-08  3.30004175e+00  9.21526838e-08  1.74844502e-06  9.21526838e-08  1.76707151e-05 
 9.22026838e-08  1.19999798e+00  9.22026838e-08  3.29995871e+00  9.22026838e-08 -1.50216748e-06  9.22026838e-08 -1.78171699e-05 
 9.22526838e-08  1.20000165e+00  9.22526838e-08  3.30004067e+00  9.22526838e-08  1.50503268e-06  9.22526838e-08  1.79803726e-05 
 9.23026838e-08  1.19999846e+00  9.23026838e-08  3.29995975e+00  9.23026838e-08 -1.27423166e-06  9.23026838e-08 -1.80958565e-05 
 9.23526838e-08  1.20000124e+00  9.23526838e-08  3.30003969e+00  9.23526838e-08  1.29219325e-06  9.23526838e-08  1.82311760e-05 
 9.24026838e-08  1.19999882e+00  9.24026838e-08  3.29996070e+00  9.24026838e-08 -1.07599464e-06  9.24026838e-08 -1.83216301e-05 
 9.24526838e-08  1.20000093e+00  9.24526838e-08  3.30003878e+00  9.24526838e-08  1.10796034e-06  9.24526838e-08  1.84342105e-05 
 9.25026838e-08  1.19999908e+00  9.25026838e-08  3.29996158e+00  9.25026838e-08 -9.05116198e-07  9.25026838e-08 -1.85040572e-05 
 9.25526838e-08  1.20000070e+00  9.25526838e-08  3.30003794e+00  9.25526838e-08  9.49738159e-07  9.25526838e-08  1.85977288e-05 
 9.26026838e-08  1.19999928e+00  9.26026838e-08  3.29996240e+00  9.26026838e-08 -7.58840718e-07  9.26026838e-08 -1.86502644e-05 
 9.26526838e-08  1.20000053e+00  9.26526838e-08  3.30003716e+00  9.26526838e-08  8.14686600e-07  9.26526838e-08  1.87278866e-05 
 9.27026838e-08  1.19999943e+00  9.27026838e-08  3.29996316e+00  9.27026838e-08 -6.34303441e-07  9.27026838e-08 -1.87655765e-05 
 9.27526838e-08  1.20000040e+00  9.27526838e-08  3.30003643e+00  9.27526838e-08  6.99962316e-07  9.27526838e-08  1.88292940e-05 
 9.28026838e-08  1.19999955e+00  9.28026838e-08  3.29996387e+00  9.28026838e-08 -5.28718019e-07  9.28026838e-08 -1.88539939e-05 
 9.28526838e-08  1.20000030e+00  9.28526838e-08  3.30003574e+00  9.28526838e-08  6.02862270e-07  9.28526838e-08  1.89054288e-05 
 9.29026838e-08  1.19999963e+00  9.29026838e-08  3.29996455e+00  9.29026838e-08 -4.39484078e-07  9.29026838e-08 -1.89185496e-05 
 9.29526838e-08  1.20000023e+00  9.29526838e-08  3.30003508e+00  9.29526838e-08  5.20902014e-07  9.29526838e-08  1.89589437e-05 
 9.30026838e-08  1.19999970e+00  9.30026838e-08  3.29996519e+00  9.30026838e-08 -3.64241887e-07  9.30026838e-08 -1.89615740e-05 
 9.30526838e-08  1.20000017e+00  9.30526838e-08  3.30003445e+00  9.30526838e-08  4.51851417e-07  9.30526838e-08  1.89918942e-05 
 9.31026838e-08  1.19999975e+00  9.31026838e-08  3.29996581e+00  9.31026838e-08 -3.00892917e-07  9.31026838e-08 -1.89848904e-05 
 9.31526838e-08  1.20000013e+00  9.31526838e-08  3.30003385e+00  9.31526838e-08  3.93743103e-07  9.31526838e-08  1.90059064e-05 
 9.32026838e-08  1.19999979e+00  9.32026838e-08  3.29996640e+00  9.32026838e-08 -2.47598891e-07  9.32026838e-08 -1.89899589e-05 
 9.32526838e-08  1.20000009e+00  9.32526838e-08  3.30003328e+00  9.32526838e-08  3.44864424e-07  9.32526838e-08  1.90022999e-05 
 9.33026838e-08  1.19999982e+00  9.33026838e-08  3.29996697e+00  9.33026838e-08 -2.02768358e-07  9.33026838e-08 -1.89779812e-05 
 9.33526838e-08  1.20000006e+00  9.33526838e-08  3.30003272e+00  9.33526838e-08  3.03739920e-07  9.33526838e-08  1.89821769e-05 
 9.34026838e-08  1.19999985e+00  9.34026838e-08  3.29996752e+00  9.34026838e-08 -1.65036272e-07  9.34026838e-08 -1.89499764e-05 
 9.34526838e-08  1.20000004e+00  9.34526838e-08  3.30003218e+00  9.34526838e-08  2.69109054e-07  9.34526838e-08  1.89464866e-05 
 9.35026838e-08  1.19999987e+00  9.35026838e-08  3.29996806e+00  9.35026838e-08 -1.33240623e-07  9.35026838e-08 -1.89068355e-05 
 9.35526838e-08  1.20000002e+00  9.35526838e-08  3.30003165e+00  9.35526838e-08  2.39902280e-07  9.35526838e-08  1.88960712e-05 
 9.36026838e-08  1.19999989e+00  9.36026838e-08  3.29996858e+00  9.36026838e-08 -1.06398371e-07  9.36026838e-08 -1.88493603e-05 
 9.36526838e-08  1.20000000e+00  9.36526838e-08  3.30003113e+00  9.36526838e-08  2.15217211e-07  9.36526838e-08  1.88316982e-05 
 9.37026838e-08  1.19999991e+00  9.37026838e-08  3.29996909e+00  9.37026838e-08 -8.36821556e-08  9.37026838e-08 -1.87782899e-05 
 9.37526838e-08  1.19999999e+00  9.37526838e-08  3.30003063e+00  9.37526838e-08  1.94296089e-07  9.37526838e-08  1.87540830e-05 
 9.38026838e-08  1.19999992e+00  9.38026838e-08  3.29996959e+00  9.38026838e-08 -6.43986523e-08  9.38026838e-08 -1.86943196e-05 
 9.38526838e-08  1.19999997e+00  9.38526838e-08  3.30003013e+00  9.38526838e-08  1.76505112e-07  9.38526838e-08  1.86639037e-05 
 9.39026838e-08  1.19999993e+00  9.39026838e-08  3.29997009e+00  9.39026838e-08 -4.79690115e-08  9.39026838e-08 -1.85981134e-05 
 9.39526838e-08  1.19999996e+00  9.39526838e-08  3.30002964e+00  9.39526838e-08  1.61316020e-07  9.39526838e-08  1.85618119e-05 
 9.40026838e-08  1.19999994e+00  9.40026838e-08  3.29997057e+00  9.40026838e-08 -3.39114815e-08  9.40026838e-08 -1.84903117e-05 
 9.40526838e-08  1.19999995e+00  9.40526838e-08  3.30002916e+00  9.40526838e-08  1.48289774e-07  9.40526838e-08  1.84484383e-05 
 9.41026838e-08  1.19999995e+00  9.41026838e-08  3.29997105e+00  9.41026838e-08 -2.18262069e-08  9.41026838e-08 -1.83715370e-05 
 9.41526838e-08  1.19999994e+00  9.41526838e-08  3.30002869e+00  9.41526838e-08  1.37062398e-07  9.41526838e-08  1.83243975e-05 
 9.42026838e-08  1.19999996e+00  9.42026838e-08  3.29997152e+00  9.42026838e-08 -1.13820471e-08  9.42026838e-08 -1.82423964e-05 
 9.42526838e-08  1.19999993e+00  9.42526838e-08  3.30002822e+00  9.42526838e-08  1.27332753e-07  9.42526838e-08  1.81902895e-05 
 9.43026838e-08  1.19999997e+00  9.43026838e-08  3.29997198e+00  9.43026838e-08 -2.30526911e-09  9.43026838e-08 -1.81034832e-05 
 9.43526838e-08  1.19999992e+00  9.43526838e-08  3.30002776e+00  9.43526838e-08  1.18852128e-07  9.43526838e-08  1.80467009e-05 
 9.44026838e-08  1.19999998e+00  9.44026838e-08  3.29997244e+00  9.44026838e-08  5.62998870e-09  9.44026838e-08 -1.79553774e-05 
 9.44526838e-08  1.19999991e+00  9.44526838e-08  3.30002731e+00  9.44526838e-08  1.11415471e-07  9.44526838e-08  1.78942052e-05 
 9.45026838e-08  1.19999999e+00  9.45026838e-08  3.29997289e+00  9.45026838e-08  1.26098523e-08  9.45026838e-08 -1.77986458e-05 
 9.45526838e-08  1.19999991e+00  9.45526838e-08  3.30002686e+00  9.45526838e-08  1.04853860e-07  9.45526838e-08  1.77333622e-05 
 9.46026838e-08  1.20000000e+00  9.46026838e-08  3.29997334e+00  9.46026838e-08  1.87876149e-08  9.46026838e-08 -1.76338414e-05 
 9.46526838e-08  1.19999990e+00  9.46526838e-08  3.30002642e+00  9.46526838e-08  9.90282264e-08  9.46526838e-08  1.75647180e-05 
 9.47026838e-08  1.20000001e+00  9.47026838e-08  3.29997378e+00  9.47026838e-08  2.42893625e-08  9.47026838e-08 -1.74615031e-05 
 9.47526838e-08  1.19999989e+00  9.47526838e-08  3.30002598e+00  9.47526838e-08  9.38242293e-08  9.47526838e-08  1.73888041e-05 
 9.48026838e-08  1.20000001e+00  9.48026838e-08  3.29997422e+00  9.48026838e-08  2.92188289e-08  9.48026838e-08 -1.72821549e-05 
 9.48526838e-08  1.19999988e+00  9.48526838e-08  3.30002555e+00  9.48526838e-08  8.91478036e-08  9.48526838e-08  1.72061368e-05 
 9.49026838e-08  1.20000002e+00  9.49026838e-08  3.29997465e+00  9.49026838e-08  3.36612848e-08  9.49026838e-08 -1.70963053e-05 
 9.49526838e-08  1.19999988e+00  9.49526838e-08  3.30002512e+00  9.49526838e-08  8.49215960e-08  9.49526838e-08  1.70172166e-05 
 9.50026838e-08  1.20000003e+00  9.50026838e-08  3.29997507e+00  9.50026838e-08  3.76869272e-08  9.50026838e-08 -1.69044468e-05 
 9.50526838e-08  1.19999987e+00  9.50526838e-08  3.30002469e+00  9.50526838e-08  8.10819412e-08  9.50526838e-08  1.68225279e-05 
 9.51026838e-08  1.20000003e+00  9.51026838e-08  3.29997550e+00  9.51026838e-08  4.13534880e-08  9.51026838e-08 -1.67070555e-05 
 9.51526838e-08  1.19999987e+00  9.51526838e-08  3.30002427e+00  9.51526838e-08  7.75764018e-08  9.51526838e-08  1.66225383e-05 
 9.52026838e-08  1.20000004e+00  9.52026838e-08  3.29997591e+00  9.52026838e-08  4.47086260e-08  9.52026838e-08 -1.65045906e-05 
 9.52526838e-08  1.19999986e+00  9.52526838e-08  3.30002386e+00  9.52526838e-08  7.43617044e-08  9.52526838e-08  1.64176986e-05 
 9.53026838e-08  1.20000004e+00  9.53026838e-08  3.29997633e+00  9.53026838e-08  4.77916478e-08  9.53026838e-08 -1.62974943e-05 
 9.53526838e-08  1.19999985e+00  9.53526838e-08  3.30002345e+00  9.53526838e-08  7.14020947e-08  9.53526838e-08  1.62084423e-05 
 9.54026838e-08  1.20000005e+00  9.54026838e-08  3.29997673e+00  9.54026838e-08  5.06350855e-08  9.54026838e-08 -1.60861916e-05 
 9.54526838e-08  1.19999985e+00  9.54526838e-08  3.30002304e+00  9.54526838e-08  6.86679609e-08  9.54526838e-08  1.59951860e-05 
 9.55026838e-08  1.20000005e+00  9.55026838e-08  3.29997714e+00  9.55026838e-08  5.32659257e-08  9.55026838e-08 -1.58710904e-05 
 9.55526838e-08  1.19999984e+00  9.55526838e-08  3.30002264e+00  9.55526838e-08  6.61346769e-08  9.55526838e-08  1.57783287e-05 
 9.56026838e-08  1.20000006e+00  9.56026838e-08  3.29997754e+00  9.56026838e-08  5.57066599e-08  9.56026838e-08 -1.56525812e-05 
 9.56526838e-08  1.19999984e+00  9.56526838e-08  3.30002224e+00  9.56526838e-08  6.37816875e-08  9.56526838e-08  1.55582526e-05 
 9.57026838e-08  1.20000006e+00  9.57026838e-08  3.29997793e+00  9.57026838e-08  5.79761043e-08  9.57026838e-08 -1.54310377e-05 
 9.57526838e-08  1.19999984e+00  9.57526838e-08  3.30002185e+00  9.57526838e-08  6.15917390e-08  9.57526838e-08  1.53353229e-05 
 9.58026838e-08  1.20000007e+00  9.58026838e-08  3.29997832e+00  9.58026838e-08  6.00900628e-08  9.58026838e-08 -1.52068167e-05 
 9.58526838e-08  1.19999983e+00  9.58526838e-08  3.30002147e+00  9.58526838e-08  5.95503344e-08  9.58526838e-08  1.51098880e-05 
 9.59026838e-08  1.20000007e+00  9.59026838e-08  3.29997871e+00  9.59026838e-08  6.20618895e-08  9.59026838e-08 -1.49802585e-05 
 9.59526838e-08  1.19999983e+00  9.59526838e-08  3.30002108e+00  9.59526838e-08  5.76451604e-08  9.59526838e-08  1.48822802e-05 
 9.60026838e-08  1.20000008e+00  9.60026838e-08  3.29997909e+00  9.60026838e-08  6.39029459e-08  9.60026838e-08 -1.47516871e-05 
 9.60526838e-08  1.19999982e+00  9.60526838e-08  3.30002071e+00  9.60526838e-08  5.58656887e-08  9.60526838e-08  1.46528153e-05 
 9.61026838e-08  1.20000008e+00  9.61026838e-08  3.29997946e+00  9.61026838e-08  6.56230092e-08  9.61026838e-08 -1.45214108e-05 
 9.61526838e-08  1.19999982e+00  9.61526838e-08  3.30002033e+00  9.61526838e-08  5.42028684e-08  9.61526838e-08  1.44217939e-05 
 9.62026838e-08  1.20000008e+00  9.62026838e-08  3.29997983e+00  9.62026838e-08  6.72304733e-08  9.62026838e-08 -1.42897221e-05 
 9.62526838e-08  1.19999982e+00  9.62526838e-08  3.30001996e+00  9.62526838e-08  5.26488393e-08  9.62526838e-08  1.41895009e-05 
 9.63026838e-08  1.20000009e+00  9.63026838e-08  3.29998020e+00  9.63026838e-08  6.87327147e-08  9.63026838e-08 -1.40568987e-05 
 9.63526838e-08  1.19999982e+00  9.63526838e-08  3.30001960e+00  9.63526838e-08  5.11967143e-08  9.63526838e-08  1.39562068e-05 
 9.64026838e-08  1.20000009e+00  9.64026838e-08  3.29998056e+00  9.64026838e-08  7.01361673e-08  9.64026838e-08 -1.38232038e-05 
 9.64526838e-08  1.19999981e+00  9.64526838e-08  3.30001924e+00  9.64526838e-08  4.98404424e-08  9.64526838e-08  1.37221675e-05 
 9.65026838e-08  1.20000009e+00  9.65026838e-08  3.29998092e+00  9.65026838e-08  7.14465482e-08  9.65026838e-08 -1.35888861e-05 
 9.65526838e-08  1.19999981e+00  9.65526838e-08  3.30001888e+00  9.65526838e-08  4.85746015e-08  9.65526838e-08  1.34876248e-05 
 9.66026838e-08  1.20000009e+00  9.66026838e-08  3.29998127e+00  9.66026838e-08  7.26690036e-08  9.66026838e-08 -1.33541810e-05 
 9.66526838e-08  1.19999981e+00  9.66526838e-08  3.30001853e+00  9.66526838e-08  4.73943184e-08  9.66526838e-08  1.32528074e-05 
 9.67026838e-08  1.20000010e+00  9.67026838e-08  3.29998162e+00  9.67026838e-08  7.38081580e-08  9.67026838e-08 -1.31193105e-05 
 9.67526838e-08  1.19999981e+00  9.67526838e-08  3.30001819e+00  9.67526838e-08  4.62951874e-08  9.67526838e-08  1.30179310e-05 
 9.68026838e-08  1.20000010e+00  9.68026838e-08  3.29998197e+00  9.68026838e-08  7.48682370e-08  9.68026838e-08 -1.28844837e-05 
 9.68526838e-08  1.19999980e+00  9.68526838e-08  3.30001785e+00  9.68526838e-08  4.52731458e-08  9.68526838e-08  1.27831985e-05 
 9.69026838e-08  1.20000010e+00  9.69026838e-08  3.29998230e+00  9.69026838e-08  7.58531110e-08  9.69026838e-08 -1.26498980e-05 
 9.69526838e-08  1.19999980e+00  9.69526838e-08  3.30001751e+00  9.69526838e-08  4.43244906e-08  9.69526838e-08  1.25488012e-05 
 9.70026838e-08  1.20000010e+00  9.70026838e-08  3.29998264e+00  9.70026838e-08  7.67663675e-08  9.70026838e-08 -1.24157385e-05 
 9.70526838e-08  1.19999980e+00  9.70526838e-08  3.30001718e+00  9.70526838e-08  4.34457582e-08  9.70526838e-08  1.23149186e-05 
 9.71026838e-08  1.20000010e+00  9.71026838e-08  3.29998297e+00  9.71026838e-08  7.76113483e-08  9.71026838e-08 -1.21821792e-05 
 9.71526838e-08  1.19999980e+00  9.71526838e-08  3.30001685e+00  9.71526838e-08  4.26337029e-08  9.71526838e-08  1.20817193e-05 
 9.72026838e-08  1.20000010e+00  9.72026838e-08  3.29998330e+00  9.72026838e-08  7.83911912e-08  9.72026838e-08 -1.19493834e-05 
 9.72526838e-08  1.19999980e+00  9.72526838e-08  3.30001653e+00  9.72526838e-08  4.18853014e-08  9.72526838e-08  1.18493612e-05 
 9.73026838e-08  1.20000011e+00  9.73026838e-08  3.29998362e+00  9.73026838e-08  7.91088261e-08  9.73026838e-08 -1.17175038e-05 
 9.73526838e-08  1.19999980e+00  9.73526838e-08  3.30001621e+00  9.73526838e-08  4.11976891e-08  9.73526838e-08  1.16179922e-05 
 9.74026838e-08  1.20000011e+00  9.74026838e-08  3.29998393e+00  9.74026838e-08  7.97670631e-08  9.74026838e-08 -1.14866834e-05 
 9.74526838e-08  1.19999980e+00  9.74526838e-08  3.30001589e+00  9.74526838e-08  4.05681390e-08  9.74526838e-08  1.13877502e-05 
 9.75026838e-08  1.20000011e+00  9.75026838e-08  3.29998424e+00  9.75026838e-08  8.03685407e-08  9.75026838e-08 -1.12570556e-05 
 9.75526838e-08  1.19999979e+00  9.75526838e-08  3.30001558e+00  9.75526838e-08  3.99940678e-08  9.75526838e-08  1.11587642e-05 
 9.76026838e-08  1.20000011e+00  9.76026838e-08  3.29998455e+00  9.76026838e-08  8.09157808e-08  9.76026838e-08 -1.10287446e-05 
 9.76526838e-08  1.19999979e+00  9.76526838e-08  3.30001528e+00  9.76526838e-08  3.94730255e-08  9.76526838e-08  1.09311540e-05 
 9.77026838e-08  1.20000011e+00  9.77026838e-08  3.29998486e+00  9.77026838e-08  8.14112009e-08  9.77026838e-08 -1.08018662e-05 
 9.77526838e-08  1.19999979e+00  9.77526838e-08  3.30001498e+00  9.77526838e-08  3.90026212e-08  9.77526838e-08  1.07050313e-05 
 9.78026838e-08  1.20000011e+00  9.78026838e-08  3.29998515e+00  9.78026838e-08  8.18571170e-08  9.78026838e-08 -1.05765279e-05 
 9.78526838e-08  1.19999979e+00  9.78526838e-08  3.30001468e+00  9.78526838e-08  3.85806061e-08  9.78526838e-08  1.04804994e-05 
 9.79026838e-08  1.20000011e+00  9.79026838e-08  3.29998545e+00  9.79026838e-08  8.22557446e-08  9.79026838e-08 -1.03528293e-05 
 9.79526838e-08  1.19999979e+00  9.79526838e-08  3.30001439e+00  9.79526838e-08  3.82048096e-08  9.79526838e-08  1.02576542e-05 
 9.80026838e-08  1.20000011e+00  9.80026838e-08  3.29998574e+00  9.80026838e-08  8.26092101e-08  9.80026838e-08 -1.01308623e-05 
 9.80526838e-08  1.19999979e+00  9.80526838e-08  3.30001410e+00  9.80526838e-08  3.78731447e-08  9.80526838e-08  1.00365842e-05 
 9.81026838e-08  1.20000011e+00  9.81026838e-08  3.29998603e+00  9.81026838e-08  8.29195519e-08  9.81026838e-08 -9.91071211e-06 
 9.81526838e-08  1.19999979e+00  9.81526838e-08  3.30001382e+00  9.81526838e-08  3.75835975e-08  9.81526838e-08  9.81737095e-06 
 9.82026838e-08  1.20000011e+00  9.82026838e-08  3.29998631e+00  9.82026838e-08  8.31887639e-08  9.82026838e-08 -9.69245684e-06 
 9.82526838e-08  1.19999979e+00  9.82526838e-08  3.30001354e+00  9.82526838e-08  3.73342363e-08  9.82526838e-08  9.60008933e-06 
 9.83026838e-08  1.20000011e+00  9.83026838e-08  3.29998659e+00  9.83026838e-08  8.34187240e-08  9.83026838e-08 -9.47616831e-06 
 9.83526838e-08  1.19999979e+00  9.83526838e-08  3.30001326e+00  9.83526838e-08  3.71231940e-08  9.83526838e-08  9.38480812e-06 
 9.84026838e-08  1.20000011e+00  9.84026838e-08  3.29998686e+00  9.84026838e-08  8.36112650e-08  9.84026838e-08 -9.26191219e-06 
 9.84526838e-08  1.19999979e+00  9.84526838e-08  3.30001299e+00  9.84526838e-08  3.69486868e-08  9.84526838e-08  9.17159001e-06 
 9.85026838e-08  1.20000011e+00  9.85026838e-08  3.29998713e+00  9.85026838e-08  8.37681563e-08  9.85026838e-08 -9.04974836e-06 
 9.85526838e-08  1.19999979e+00  9.85526838e-08  3.30001272e+00  9.85526838e-08  3.68089749e-08  9.85526838e-08  8.96049212e-06 
 9.86026838e-08  1.20000011e+00  9.86026838e-08  3.29998739e+00  9.86026838e-08  8.38910869e-08  9.86026838e-08 -8.83973123e-06 
 9.86526838e-08  1.19999979e+00  9.86526838e-08  3.30001246e+00  9.86526838e-08  3.67023949e-08  9.86526838e-08  8.75156622e-06 
 9.87026838e-08  1.20000011e+00  9.87026838e-08  3.29998766e+00  9.87026838e-08  8.39817073e-08  9.87026838e-08 -8.63190999e-06 
 9.87526838e-08  1.19999979e+00  9.87526838e-08  3.30001220e+00  9.87526838e-08  3.66273162e-08  9.87526838e-08  8.54485897e-06 
 9.88026838e-08  1.20000011e+00  9.88026838e-08  3.29998791e+00  9.88026838e-08  8.40416081e-08  9.88026838e-08 -8.42632887e-06 
 9.88526838e-08  1.19999979e+00  9.88526838e-08  3.30001194e+00  9.88526838e-08  3.65822069e-08  9.88526838e-08  8.34041227e-06 
 9.89026838e-08  1.20000011e+00  9.89026838e-08  3.29998817e+00  9.89026838e-08  8.40722855e-08  9.89026838e-08 -8.22302749e-06 
 9.89526838e-08  1.19999979e+00  9.89526838e-08  3.30001169e+00  9.89526838e-08  3.65655687e-08  9.89526838e-08  8.13826347e-06 
 9.90026838e-08  1.20000011e+00  9.90026838e-08  3.29998842e+00  9.90026838e-08  8.40752232e-08  9.90026838e-08 -8.02204102e-06 
 9.90526838e-08  1.19999980e+00  9.90526838e-08  3.30001144e+00  9.90526838e-08  3.65759582e-08  9.90526838e-08  7.93844565e-06 
 9.91026838e-08  1.20000011e+00  9.91026838e-08  3.29998866e+00  9.91026838e-08  8.40518513e-08  9.91026838e-08 -7.82340048e-06 
 9.91526838e-08  1.19999980e+00  9.91526838e-08  3.30001120e+00  9.91526838e-08  3.66119695e-08  9.91526838e-08  7.74098782e-06 
 9.92026838e-08  1.20000011e+00  9.92026838e-08  3.29998891e+00  9.92026838e-08  8.40035074e-08  9.92026838e-08 -7.62713295e-06 
 9.92526838e-08  1.19999980e+00  9.92526838e-08  3.30001096e+00  9.92526838e-08  3.66722969e-08  9.92526838e-08  7.54591516e-06 
 9.93026838e-08  1.20000011e+00  9.93026838e-08  3.29998914e+00  9.93026838e-08  8.39315212e-08  9.93026838e-08 -7.43326177e-06 
 9.93526838e-08  1.19999980e+00  9.93526838e-08  3.30001072e+00  9.93526838e-08  3.67556197e-08  9.93526838e-08  7.35324925e-06 
 9.94026838e-08  1.20000011e+00  9.94026838e-08  3.29998938e+00  9.94026838e-08  8.38371550e-08  9.94026838e-08 -7.24180683e-06 
 9.94526838e-08  1.19999980e+00  9.94526838e-08  3.30001049e+00  9.94526838e-08  3.68606995e-08  9.94526838e-08  7.16300829e-06 
 9.95026838e-08  1.20000010e+00  9.95026838e-08  3.29998961e+00  9.95026838e-08  8.37216381e-08  9.95026838e-08 -7.05278466e-06 
 9.95526838e-08  1.19999980e+00  9.95526838e-08  3.30001026e+00  9.95526838e-08  3.69863525e-08  9.95526838e-08  6.97520726e-06 
 9.96026838e-08  1.20000010e+00  9.96026838e-08  3.29998984e+00  9.96026838e-08  8.35861337e-08  9.96026838e-08 -6.86620874e-06 
 9.96526838e-08  1.19999980e+00  9.96526838e-08  3.30001003e+00  9.96526838e-08  3.71314115e-08  9.96526838e-08  6.78985811e-06 
 9.97026838e-08  1.20000010e+00  9.97026838e-08  3.29999006e+00  9.97026838e-08  8.34317891e-08  9.97026838e-08 -6.68208958e-06 
 9.97526838e-08  1.19999980e+00  9.97526838e-08  3.30000981e+00  9.97526838e-08  3.72947732e-08  9.97526838e-08  6.60696997e-06 
 9.98026838e-08  1.20000010e+00  9.98026838e-08  3.29999028e+00  9.98026838e-08  8.32596572e-08  9.98026838e-08 -6.50043495e-06 
 9.98526838e-08  1.19999980e+00  9.98526838e-08  3.30000959e+00  9.98526838e-08  3.74753874e-08  9.98526838e-08  6.42654932e-06 
 9.99026838e-08  1.20000010e+00  9.99026838e-08  3.29999050e+00  9.99026838e-08  8.30708136e-08  9.99026838e-08 -6.32125009e-06 
 9.99526838e-08  1.19999980e+00  9.99526838e-08  3.30000938e+00  9.99526838e-08  3.76721992e-08  9.99526838e-08  6.24860013e-06 
 1.00000000e-07  1.20000010e+00  1.00000000e-07  3.29999072e+00  1.00000000e-07  8.28602472e-08  1.00000000e-07 -6.13956232e-06 
 1.00005000e-07  1.20003598e+00  1.00005000e-07  3.30020033e+00  1.00005000e-07  3.64957501e-06  1.00005000e-07  3.67541080e-05 
 1.00015000e-07  1.20001497e+00  1.00015000e-07  3.30009330e+00  1.00015000e-07 -2.20338333e-06  1.00015000e-07 -1.89489282e-05 
 1.00035000e-07  1.19996998e+00  1.00035000e-07  3.29996536e+00  1.00035000e-07 -1.65572971e-06  1.00035000e-07 -2.24110496e-06 
 1.00075000e-07  1.20001051e+00  1.00075000e-07  3.29987536e+00  1.00075000e-07  2.22315619e-06  1.00075000e-07 -1.28383725e-05 
 1.00125000e-07  1.19980399e+00  1.00125000e-07  3.29958421e+00  1.00125000e-07 -8.19813484e-06  1.00125000e-07 -1.28116684e-05 
 1.00162500e-07  1.19982808e+00  1.00162500e-07  3.29830552e+00  1.00162500e-07  5.05998181e-06  1.00162500e-07 -1.12247554e-04 
 1.00200000e-07  1.20109429e+00  1.00200000e-07  3.29939474e+00  1.00200000e-07  5.16992330e-05  1.00200000e-07  1.29777712e-04 
 1.00205000e-07  1.20041624e+00  1.00205000e-07  3.30002951e+00  1.00205000e-07 -3.98554573e-05  1.00205000e-07  1.81556655e-04 
 1.00215000e-07  1.19940562e+00  1.00215000e-07  3.30216218e+00  1.00215000e-07 -9.15493450e-05  1.00215000e-07  4.13556319e-04 
 1.00235000e-07  1.19981184e+00  1.00235000e-07  3.30472343e+00  1.00235000e-07  4.97094464e-05  1.00235000e-07  2.80651874e-04 
 1.00265958e-07  1.20019688e+00  1.00265958e-07  3.30055601e+00  1.00265958e-07 -1.08806834e-05  1.00265958e-07 -4.04010953e-04 
 1.00301185e-07  1.19986666e+00  1.00301185e-07  3.29627942e+00  1.00301185e-07 -7.54662863e-07  1.00301185e-07 -2.43055428e-04 
 1.00345247e-07  1.20011252e+00  1.00345247e-07  3.30252590e+00  1.00345247e-07  3.90658971e-06  1.00345247e-07  5.04183784e-04 
 1.00395247e-07  1.19990824e+00  1.00395247e-07  3.29863253e+00  1.00395247e-07 -5.21363043e-06  1.00395247e-07 -4.80950747e-04 
 1.00445247e-07  1.20007416e+00  1.00445247e-07  3.30114101e+00  1.00445247e-07  5.93649821e-06  1.00445247e-07  4.34221269e-04 
 1.00495247e-07  1.19994034e+00  1.00495247e-07  3.29896176e+00  1.00495247e-07 -5.96222844e-06  1.00495247e-07 -4.23013095e-04 
 1.00545247e-07  1.20004757e+00  1.00545247e-07  3.30080858e+00  1.00545247e-07  5.97099209e-06  1.00545247e-07  4.06605355e-04 
 1.00595247e-07  1.19996208e+00  1.00595247e-07  3.29921037e+00  1.00595247e-07 -5.59541583e-06  1.00595247e-07 -3.89031656e-04 
 1.00645247e-07  1.20002994e+00  1.00645247e-07  3.30066999e+00  1.00645247e-07  5.38546709e-06  1.00645247e-07  3.75250487e-04 
 1.00695247e-07  1.19997631e+00  1.00695247e-07  3.29935862e+00  1.00695247e-07 -4.89893461e-06  1.00695247e-07 -3.59932373e-04 
 1.00745247e-07  1.20001851e+00  1.00745247e-07  3.30057644e+00  1.00745247e-07  4.64273627e-06  1.00745247e-07  3.47080606e-04 
 1.00795247e-07  1.19998545e+00  1.00795247e-07  3.29945504e+00  1.00795247e-07 -4.14907794e-06  1.00795247e-07 -3.33881445e-04 
 1.00845247e-07  1.20001122e+00  1.00845247e-07  3.30050393e+00  1.00845247e-07  3.90951276e-06  1.00845247e-07  3.22074306e-04 
 1.00895247e-07  1.19999125e+00  1.00895247e-07  3.29952461e+00  1.00895247e-07 -3.44680675e-06  1.00895247e-07 -3.10471335e-04 
 1.00945247e-07  1.20000662e+00  1.00945247e-07  3.30044574e+00  1.00945247e-07  3.24643978e-06  1.00945247e-07  2.99753512e-04 
 1.00995247e-07  1.19999489e+00  1.00995247e-07  3.29957856e+00  1.00995247e-07 -2.82730273e-06  1.00995247e-07 -2.89383852e-04 
 1.01045247e-07  1.20000375e+00  1.01045247e-07  3.30039817e+00  1.01045247e-07  2.67229962e-06  1.01045247e-07  2.79673730e-04 
 1.01095247e-07  1.19999715e+00  1.01095247e-07  3.29962230e+00  1.01095247e-07 -2.29860979e-06  1.01095247e-07 -2.70316076e-04 
 1.01145247e-07  1.20000198e+00  1.01145247e-07  3.30035857e+00  1.01145247e-07  2.18801305e-06  1.01145247e-07  2.61495660e-04 
 1.01195247e-07  1.19999852e+00  1.01195247e-07  3.29965882e+00  1.01195247e-07 -1.85693856e-06  1.01195247e-07 -2.52992501e-04 
 1.01245247e-07  1.20000092e+00  1.01245247e-07  3.30032498e+00  1.01245247e-07  1.78671431e-06  1.01245247e-07  2.44943329e-04 
 1.01295247e-07  1.19999934e+00  1.01295247e-07  3.29969002e+00  1.01295247e-07 -1.49348966e-06  1.01295247e-07 -2.37168569e-04 
 1.01345247e-07  1.20000030e+00  1.01345247e-07  3.30029595e+00  1.01345247e-07  1.45847348e-06  1.01345247e-07  2.29782570e-04 
 1.01395247e-07  1.19999980e+00  1.01395247e-07  3.29971718e+00  1.01395247e-07 -1.19777538e-06  1.01395247e-07 -2.22630092e-04 
 1.01445247e-07  1.19999995e+00  1.01445247e-07  3.30027044e+00  1.01445247e-07  1.19265105e-06  1.01445247e-07  2.15812389e-04 
 1.01495247e-07  1.20000006e+00  1.01495247e-07  3.29974123e+00  1.01495247e-07 -9.59290353e-07  1.01495247e-07 -2.09192018e-04 
 1.01545247e-07  1.19999977e+00  1.01545247e-07  3.30024770e+00  1.01545247e-07  9.79073198e-07  1.01545247e-07  2.02861215e-04 
 1.01595247e-07  1.20000018e+00  1.01595247e-07  3.29976282e+00  1.01595247e-07 -7.68323751e-07  1.01595247e-07 -1.96696843e-04 
 1.01645247e-07  1.19999969e+00  1.01645247e-07  3.30022716e+00  1.01645247e-07  8.08575259e-07  1.01645247e-07  1.90784344e-04 
 1.01695247e-07  1.20000023e+00  1.01695247e-07  3.29978241e+00  1.01695247e-07 -6.16303477e-07  1.01695247e-07 -1.85012475e-04 
 1.01745247e-07  1.19999967e+00  1.01745247e-07  3.30020842e+00  1.01745247e-07  6.73198074e-07  1.01745247e-07  1.79461313e-04 
 1.01795247e-07  1.20000023e+00  1.01795247e-07  3.29980037e+00  1.01795247e-07 -4.95883918e-07  1.01795247e-07 -1.74029588e-04 
 1.01845247e-07  1.19999968e+00  1.01845247e-07  3.30019118e+00  1.01845247e-07  5.66196935e-07  1.01845247e-07  1.68793027e-04 
 1.01895247e-07  1.20000021e+00  1.01895247e-07  3.29981694e+00  1.01895247e-07 -4.00898678e-07  1.01895247e-07 -1.63658702e-04 
 1.01945247e-07  1.19999971e+00  1.01945247e-07  3.30017522e+00  1.01945247e-07  4.81955177e-07  1.01945247e-07  1.58698753e-04 
 1.01972623e-07  1.20000016e+00  1.01972623e-07  3.29983837e+00  1.01972623e-07 -3.00179492e-07  1.01972623e-07 -1.49906522e-04 
 1.02000000e-07  1.19999977e+00  1.02000000e-07  3.30014885e+00  1.02000000e-07  3.71978098e-07  1.02000000e-07  1.41534060e-04 
 1.02005000e-07  1.19942522e+00  1.02005000e-07  3.29791854e+00  1.02005000e-07 -5.71816538e-05  1.02005000e-07 -3.75792495e-04 
 1.02015000e-07  1.19919757e+00  1.02015000e-07  3.29611784e+00  1.02015000e-07 -1.99860123e-05  1.02015000e-07 -3.42985374e-04 
 1.02035000e-07  1.19980012e+00  1.02035000e-07  3.29624482e+00  1.02035000e-07  3.81428480e-05  1.02035000e-07 -5.18913752e-06 
 1.02075000e-07  1.19992627e+00  1.02075000e-07  3.29987453e+00  1.02075000e-07 -1.41062041e-05  1.02075000e-07  2.51176393e-04 
 1.02125000e-07  1.20946765e+00  1.02125000e-07  3.34134914e+00  1.02125000e-07  3.32807755e-04  1.02125000e-07  2.86750151e-03 
 1.02162500e-07  1.23912442e+00  1.02162500e-07  3.39545430e+00  1.02162500e-07  9.75214476e-04  1.02162500e-07  3.76143283e-03 
 1.02200000e-07  7.02342215e-01  1.02200000e-07  3.36025547e+00  1.02200000e-07 -1.34811252e-02  1.02200000e-07 -3.54169011e-03 
 1.02205000e-07  5.04381510e-01  1.02205000e-07  3.33725931e+00  1.02205000e-07 -2.05368628e-02  1.02205000e-07 -5.59004124e-03 
 1.02215000e-07  1.38630389e-01  1.02215000e-07  3.26710657e+00  1.02215000e-07 -4.20702851e-02  1.02215000e-07 -1.16304068e-02 
 1.02235000e-07 -2.10332450e-02  1.02235000e-07  2.93136944e+00  1.02235000e-07  1.91281299e-01  1.02235000e-07 -2.39201431e-02 
 1.02275000e-07  2.16751159e-02  1.02275000e-07  4.89431825e-01  1.02275000e-07  1.13944558e+00  1.02275000e-07 -9.25679344e-02 
 1.02314023e-07 -1.70766881e-02  1.02314023e-07 -1.17883800e-01  1.02314023e-07  1.23772501e+00  1.02314023e-07  2.10707901e-01 
 1.02361257e-07  1.53085907e-02  1.02361257e-07  9.49915732e-02  1.02361257e-07  1.17008171e+00  1.02361257e-07  2.74293008e+00 
 1.02404839e-07 -1.31101378e-02  1.02404839e-07 -5.62111637e-02  1.02404839e-07  1.22224240e+00  1.02404839e-07  3.34355928e+00 
 1.02450997e-07  1.16796058e-02  1.02450997e-07  3.97561282e-02  1.02450997e-07  1.18211104e+00  1.02450997e-07  3.23914303e+00 
 1.02500997e-07 -1.02073781e-02  1.02500997e-07 -2.48234347e-02  1.02500997e-07  1.21446090e+00  1.02500997e-07  3.33643842e+00 
 1.02550997e-07  9.14474983e-03  1.02550997e-07  1.77339266e-02  1.02550997e-07  1.18799221e+00  1.02550997e-07  3.27473948e+00 
 1.02600997e-07 -8.00615528e-03  1.02600997e-07 -1.14443410e-02  1.02600997e-07  1.20991462e+00  1.02600997e-07  3.31814836e+00 
 1.02650997e-07  7.15128178e-03  1.02650997e-07  7.52471889e-03  1.02650997e-07  1.19169818e+00  1.02650997e-07  3.28647445e+00 
 1.02700997e-07 -6.27667842e-03  1.02700997e-07 -4.56961982e-03  1.02700997e-07  1.20692828e+00  1.02700997e-07  3.31051123e+00 
 1.02750997e-07  5.59719999e-03  1.02750997e-07  2.51679878e-03  1.02750997e-07  1.19417176e+00  1.02750997e-07  3.29167266e+00 
 1.02800997e-07 -4.92690620e-03  1.02800997e-07 -1.01680669e-03  1.02800997e-07  1.20489090e+00  1.02800997e-07  3.30680024e+00 
 1.02850997e-07  4.39098516e-03  1.02850997e-07 -6.04999169e-05  1.02850997e-07  1.19587525e+00  1.02850997e-07  3.29441005e+00 
 1.02900997e-07 -3.87683514e-03  1.02900997e-07  8.49956767e-04  1.02900997e-07  1.20347200e+00  1.02900997e-07  3.30468059e+00 
 1.02950997e-07  3.45602281e-03  1.02950997e-07 -1.41971833e-03  1.02950997e-07  1.19706741e+00  1.02950997e-07  3.29608338e+00 
 1.03000997e-07 -3.06071097e-03  1.03000997e-07  1.83988355e-03  1.03000997e-07  1.20247342e+00  1.03000997e-07  3.30331210e+00 
 1.03050997e-07  2.73104879e-03  1.03050997e-07 -2.13798876e-03  1.03050997e-07  1.19790831e+00  1.03050997e-07  3.29721038e+00 
 1.03100997e-07 -2.42621333e-03  1.03100997e-07  2.35717802e-03  1.03100997e-07  1.20176717e+00  1.03100997e-07  3.30236332e+00 
 1.03150997e-07  2.16820034e-03  1.03150997e-07 -2.50474897e-03  1.03150997e-07  1.19850351e+00  1.03150997e-07  3.29800861e+00 
 1.03200997e-07 -1.93241090e-03  1.03200997e-07  2.61030615e-03  1.03200997e-07  1.20126667e+00  1.03200997e-07  3.30168290e+00 
 1.03250997e-07  1.73048203e-03  1.03250997e-07 -2.67178143e-03  1.03250997e-07  1.19892534e+00  1.03250997e-07  3.29858621e+00 
 1.03300997e-07 -1.54754666e-03  1.03300997e-07  2.71110923e-03  1.03300997e-07  1.20091181e+00  1.03300997e-07  3.30118877e+00 
 1.03350997e-07  1.38941827e-03  1.03350997e-07 -2.72215584e-03  1.03350997e-07  1.19922434e+00  1.03350997e-07  3.29900667e+00 
 1.03400997e-07 -1.24707101e-03  1.03400997e-07  2.72207167e-03  1.03400997e-07  1.20066029e+00  1.03400997e-07  3.30082940e+00 
 1.03450997e-07  1.12311267e-03  1.03450997e-07 -2.70319894e-03  1.03450997e-07  1.19943616e+00  1.03450997e-07  3.29931206e+00 
 1.03500997e-07 -1.01202845e-03  1.03500997e-07  2.67944866e-03  1.03500997e-07  1.20048215e+00  1.03500997e-07  3.30056932e+00 
 1.03550997e-07  9.14718359e-04  1.03550997e-07 -2.64285255e-03  1.03550997e-07  1.19958611e+00  1.03550997e-07  3.29953225e+00 
 1.03600997e-07 -8.27781469e-04  1.03600997e-07  2.60497566e-03  1.03600997e-07  1.20035608e+00  1.03600997e-07  3.30038285e+00 
 1.03650997e-07  7.51257034e-04  1.03650997e-07 -2.55810961e-03  1.03650997e-07  1.19969218e+00  1.03650997e-07  3.29968916e+00 
 1.03700997e-07 -6.83099763e-04  1.03700997e-07  2.50870756e-03  1.03700997e-07  1.20026707e+00  1.03700997e-07  3.30025082e+00 
 1.03750997e-07  6.22728549e-04  1.03750997e-07 -2.46364317e-03  1.03750997e-07  1.19976727e+00  1.03750997e-07  3.29979895e+00 
 1.03800997e-07 -5.68890389e-04  1.03800997e-07  2.40578143e-03  1.03800997e-07  1.20020404e+00  1.03800997e-07  3.30015958e+00 
 1.03850997e-07  5.21494717e-04  1.03850997e-07 -2.35731176e-03  1.03850997e-07  1.19982019e+00  1.03850997e-07  3.29987427e+00 
 1.03900997e-07 -4.78727267e-04  1.03900997e-07  2.29828796e-03  1.03900997e-07  1.20015951e+00  1.03900997e-07  3.30009812e+00 
 1.03950997e-07  4.41382300e-04  1.03950997e-07 -2.24827346e-03  1.03950997e-07  1.19985759e+00  1.03950997e-07  3.29992397e+00 
 1.04000997e-07 -4.07313363e-04  1.04000997e-07  2.18950040e-03  1.04000997e-07  1.20012804e+00  1.04000997e-07  3.30005855e+00 
 1.04050997e-07  3.77776581e-04  1.04050997e-07 -2.13919343e-03  1.04050997e-07  1.19988403e+00  1.04050997e-07  3.29995494e+00 
 1.04100997e-07 -3.50542841e-04  1.04100997e-07  2.08156484e-03  1.04100997e-07  1.20010576e+00  1.04100997e-07  3.30003492e+00 
 1.04150997e-07  3.27087898e-04  1.04150997e-07 -2.03178424e-03  1.04150997e-07  1.19990277e+00  1.04150997e-07  3.29997235e+00 
 1.04200997e-07 -3.05227612e-04  1.04200997e-07  1.97584916e-03  1.04200997e-07  1.20008995e+00  1.04200997e-07  3.30002278e+00 
 1.04250997e-07  2.86521002e-04  1.04250997e-07 -1.92712408e-03  1.04250997e-07  1.19991611e+00  1.04250997e-07  3.29998003e+00 
 1.04300997e-07 -2.68888200e-04  1.04300997e-07  1.87320488e-03  1.04300997e-07  1.20007866e+00  1.04300997e-07  3.30001884e+00 
 1.04350997e-07  2.53896850e-04  1.04350997e-07 -1.82587001e-03  1.04350997e-07  1.19992567e+00  1.04350997e-07  3.29998085e+00 
 1.04400997e-07 -2.39593316e-04  1.04400997e-07  1.77413986e-03  1.04400997e-07  1.20007054e+00  1.04400997e-07  3.30002061e+00 
 1.04450997e-07  2.27514879e-04  1.04450997e-07 -1.72839869e-03  1.04450997e-07  1.19993259e+00  1.04450997e-07  3.29997692e+00 
 1.04500997e-07 -2.15836520e-04  1.04500997e-07  1.67893277e-03  1.04500997e-07  1.20006461e+00  1.04500997e-07  3.30002629e+00 
 1.04550997e-07  2.06046474e-04  1.04550997e-07 -1.63489999e-03  1.04550997e-07  1.19993767e+00  1.04550997e-07  3.29996982e+00 
 1.04600997e-07 -1.96441186e-04  1.04600997e-07  1.58770946e-03  1.04600997e-07  1.20006022e+00  1.04600997e-07  3.30003452e+00 
 1.04650997e-07  1.88452484e-04  1.04650997e-07 -1.54543959e-03  1.04650997e-07  1.19994148e+00  1.04650997e-07  3.29996069e+00 
 1.04700997e-07 -1.80487128e-04  1.04700997e-07  1.50049433e-03  1.04700997e-07  1.20005689e+00  1.04700997e-07  3.30004432e+00 
 1.04750997e-07  1.73919282e-04  1.04750997e-07 -1.46000115e-03  1.04750997e-07  1.19994441e+00  1.04750997e-07  3.29995038e+00 
 1.04800997e-07 -1.67253836e-04  1.04800997e-07  1.41724489e-03  1.04800997e-07  1.20005429e+00  1.04800997e-07  3.30005498e+00 
 1.04850997e-07  1.61809146e-04  1.04850997e-07 -1.37851472e-03  1.04850997e-07  1.19994674e+00  1.04850997e-07  3.29993949e+00 
 1.04900997e-07 -1.56176491e-04  1.04900997e-07  1.33787525e-03  1.04900997e-07  1.20005219e+00  1.04900997e-07  3.30006599e+00 
 1.04950997e-07  1.51621703e-04  1.04950997e-07 -1.30087610e-03  1.04950997e-07  1.19994865e+00  1.04950997e-07  3.29992845e+00 
 1.05000997e-07 -1.46811819e-04  1.05000997e-07  1.26227206e-03  1.05000997e-07  1.20005043e+00  1.05000997e-07  3.30007697e+00 
 1.05050997e-07  1.42963938e-04  1.05050997e-07 -1.22695990e-03  1.05050997e-07  1.19995028e+00  1.05050997e-07  3.29991758e+00 
 1.05100997e-07 -1.38811552e-04  1.05100997e-07  1.19030535e-03  1.05100997e-07  1.20004891e+00  1.05100997e-07  3.30008768e+00 
 1.05150997e-07  1.35526837e-04  1.05150997e-07 -1.15662849e-03  1.05150997e-07  1.19995171e+00  1.05150997e-07  3.29990707e+00 
 1.05200997e-07 -1.31901764e-04  1.05200997e-07  1.12183593e-03  1.05200997e-07  1.20004755e+00  1.05200997e-07  3.30009795e+00 
 1.05250997e-07  1.29067177e-04  1.05250997e-07 -1.08973803e-03  1.05250997e-07  1.19995300e+00  1.05250997e-07  3.29989707e+00 
 1.05300997e-07 -1.25866760e-04  1.05300997e-07  1.05672037e-03  1.05300997e-07  1.20004631e+00  1.05300997e-07  3.30010766e+00 
 1.05350997e-07  1.23393306e-04  1.05350997e-07 -1.02614257e-03  1.05350997e-07  1.19995420e+00  1.05350997e-07  3.29988766e+00 
 1.05400997e-07 -1.20536502e-04  1.05400997e-07  9.94814434e-04  1.05400997e-07  1.20004514e+00  1.05400997e-07  3.30011675e+00 
 1.05450997e-07  1.18354039e-04  1.05450997e-07 -9.65696810e-04  1.05450997e-07  1.19995534e+00  1.05450997e-07  3.29987889e+00 
 1.05500997e-07 -1.15776790e-04  1.05500997e-07  9.35975324e-04  1.05500997e-07  1.20004403e+00  1.05500997e-07  3.30012519e+00 
 1.05550997e-07  1.13829970e-04  1.05550997e-07 -9.08257893e-04  1.05550997e-07  1.19995642e+00  1.05550997e-07  3.29987079e+00 
 1.05600997e-07 -1.11481570e-04  1.05600997e-07  8.80063180e-04  1.05600997e-07  1.20004297e+00  1.05600997e-07  3.30013296e+00 
 1.05650997e-07  1.09726666e-04  1.05650997e-07 -8.53686617e-04  1.05650997e-07  1.19995747e+00  1.05650997e-07  3.29986335e+00 
 1.05700997e-07 -1.07566916e-04  1.05700997e-07  8.26942047e-04  1.05700997e-07  1.20004193e+00  1.05700997e-07  3.30014006e+00 
 1.05750997e-07  1.05969341e-04  1.05750997e-07 -8.01848164e-04  1.05750997e-07  1.19995849e+00  1.05750997e-07  3.29985657e+00 
 1.05800997e-07 -1.03966317e-04  1.05800997e-07  7.76480479e-04  1.05800997e-07  1.20004093e+00  1.05800997e-07  3.30014653e+00 
 1.05850997e-07  1.02498672e-04  1.05850997e-07 -7.52612548e-04  1.05850997e-07  1.19995948e+00  1.05850997e-07  3.29985042e+00 
 1.05900997e-07 -1.00626968e-04  1.05900997e-07  7.28551876e-04  1.05900997e-07  1.20003995e+00  1.05900997e-07  3.30015237e+00 
 1.05950997e-07  9.92675171e-05  1.05950997e-07 -7.05854842e-04  1.05950997e-07  1.19996045e+00  1.05950997e-07  3.29984489e+00 
 1.06000997e-07 -9.75068710e-05  1.06000997e-07  6.83034656e-04  1.06000997e-07  1.20003899e+00  1.06000997e-07  3.30015761e+00 
 1.06050997e-07  9.62383394e-05  1.06050997e-07 -6.61455269e-04  1.06050997e-07  1.19996140e+00  1.06050997e-07  3.29983993e+00 
 1.06100997e-07 -9.45725454e-05  1.06100997e-07  6.39812299e-04  1.06100997e-07  1.20003805e+00  1.06100997e-07  3.30016229e+00 
 1.06150997e-07  9.33811770e-05  1.06150997e-07 -6.19299194e-04  1.06150997e-07  1.19996233e+00  1.06150997e-07  3.29983551e+00 
 1.06200997e-07 -9.17972356e-05  1.06200997e-07  5.98773319e-04  1.06200997e-07  1.20003712e+00  1.06200997e-07  3.30016645e+00 
 1.06250997e-07  9.06720499e-05  1.06250997e-07 -5.79277049e-04  1.06250997e-07  1.19996324e+00  1.06250997e-07  3.29983162e+00 
 1.06300997e-07 -8.91594958e-05  1.06300997e-07  5.59811174e-04  1.06300997e-07  1.20003622e+00  1.06300997e-07  3.30017010e+00 
 1.06350997e-07  8.80917045e-05  1.06350997e-07 -5.41284218e-04  1.06350997e-07  1.19996414e+00  1.06350997e-07  3.29982820e+00 
 1.06400997e-07 -8.66420777e-05  1.06400997e-07  5.22824141e-04  1.06400997e-07  1.20003534e+00  1.06400997e-07  3.30017329e+00 
 1.06450997e-07  8.56246239e-05  1.06450997e-07 -5.05220894e-04  1.06450997e-07  1.19996501e+00  1.06450997e-07  3.29982523e+00 
 1.06500997e-07 -8.42310535e-05  1.06500997e-07  4.87715172e-04  1.06500997e-07  1.20003448e+00  1.06500997e-07  3.30017605e+00 
 1.06550997e-07  8.32582494e-05  1.06550997e-07 -4.70991912e-04  1.06550997e-07  1.19996586e+00  1.06550997e-07  3.29982268e+00 
 1.06600997e-07 -8.19151243e-05  1.06600997e-07  4.54391734e-04  1.06600997e-07  1.20003364e+00  1.06600997e-07  3.30017841e+00 
 1.06650997e-07  8.09823651e-05  1.06650997e-07 -4.38506586e-04  1.06650997e-07  1.19996669e+00  1.06650997e-07  3.29982051e+00 
 1.06700997e-07 -7.96850745e-05  1.06700997e-07  4.22765638e-04  1.06700997e-07  1.20003281e+00  1.06700997e-07  3.30018039e+00 
 1.06750997e-07  7.87886132e-05  1.06750997e-07 -4.07678528e-04  1.06750997e-07  1.19996751e+00  1.06750997e-07  3.29981870e+00 
 1.06800997e-07 -7.75333422e-05  1.06800997e-07  3.92752871e-04  1.06800997e-07  1.20003201e+00  1.06800997e-07  3.30018203e+00 
 1.06850997e-07  7.66701110e-05  1.06850997e-07 -3.78425475e-04  1.06850997e-07  1.19996830e+00  1.06850997e-07  3.29981723e+00 
 1.06900997e-07 -7.54536784e-05  1.06900997e-07  3.64273424e-04  1.06900997e-07  1.20003122e+00  1.06900997e-07  3.30018335e+00 
 1.06950997e-07  7.46211485e-05  1.06950997e-07 -3.50669114e-04  1.06950997e-07  1.19996908e+00  1.06950997e-07  3.29981606e+00 
 1.07000997e-07 -7.34408789e-05  1.07000997e-07  3.37251125e-04  1.07000997e-07  1.20003046e+00  1.07000997e-07  3.30018437e+00 
 1.07050997e-07  7.26369495e-05  1.07050997e-07 -3.24334911e-04  1.07050997e-07  1.19996983e+00  1.07050997e-07  3.29981517e+00 
 1.07100997e-07 -7.14905724e-05  1.07100997e-07  3.11613469e-04  1.07100997e-07  1.20002971e+00  1.07100997e-07  3.30018513e+00 
 1.07150997e-07  7.07134827e-05  1.07150997e-07 -2.99351947e-04  1.07150997e-07  1.19997057e+00  1.07150997e-07  3.29981455e+00 
 1.07200997e-07 -6.95990520e-05  1.07200997e-07  2.87291460e-04  1.07200997e-07  1.20002898e+00  1.07200997e-07  3.30018563e+00 
 1.07250997e-07  6.88473122e-05  1.07250997e-07 -2.75652749e-04  1.07250997e-07  1.19997129e+00  1.07250997e-07  3.29981416e+00 
 1.07300997e-07 -6.77631429e-05  1.07300997e-07  2.64219456e-04  1.07300997e-07  1.20002827e+00  1.07300997e-07  3.30018591e+00 
 1.07350997e-07  6.70354791e-05  1.07350997e-07 -2.53173142e-04  1.07350997e-07  1.19997199e+00  1.07350997e-07  3.29981399e+00 
 1.07400997e-07 -6.59800971e-05  1.07400997e-07  2.42335012e-04  1.07400997e-07  1.20002757e+00  1.07400997e-07  3.30018598e+00 
 1.07450997e-07  6.52754083e-05  1.07450997e-07 -2.31852092e-04  1.07450997e-07  1.19997268e+00  1.07450997e-07  3.29981402e+00 
 1.07500997e-07 -6.42475104e-05  1.07500997e-07  2.21578739e-04  1.07500997e-07  1.20002690e+00  1.07500997e-07  3.30018586e+00 
 1.07550997e-07  6.35648339e-05  1.07550997e-07 -2.11631565e-04  1.07550997e-07  1.19997335e+00  1.07550997e-07  3.29981423e+00 
 1.07600997e-07 -6.25632562e-05  1.07600997e-07  2.01894160e-04  1.07600997e-07  1.20002624e+00  1.07600997e-07  3.30018556e+00 
 1.07650997e-07  6.19017405e-05  1.07650997e-07 -1.92456383e-04  1.07650997e-07  1.19997400e+00  1.07650997e-07  3.29981461e+00 
 1.07700997e-07 -6.09254333e-05  1.07700997e-07  1.83227578e-04  1.07700997e-07  1.20002559e+00  1.07700997e-07  3.30018510e+00 
 1.07750997e-07  6.02843168e-05  1.07750997e-07 -1.74274094e-04  1.07750997e-07  1.19997463e+00  1.07750997e-07  3.29981514e+00 
 1.07800997e-07 -5.93323243e-05  1.07800997e-07  1.65527942e-04  1.07800997e-07  1.20002497e+00  1.07800997e-07  3.30018450e+00 
 1.07850997e-07  5.87109183e-05  1.07850997e-07 -1.57034841e-04  1.07850997e-07  1.19997525e+00  1.07850997e-07  3.29981582e+00 
 1.07900997e-07 -5.77823628e-05  1.07900997e-07  1.48746727e-04  1.07900997e-07  1.20002436e+00  1.07900997e-07  3.30018376e+00 
 1.07950997e-07  5.71800378e-05  1.07950997e-07 -1.40691240e-04  1.07950997e-07  1.19997585e+00  1.07950997e-07  3.29981661e+00 
 1.08000997e-07 -5.62741072e-05  1.08000997e-07  1.32837810e-04  1.08000997e-07  1.20002376e+00  1.08000997e-07  3.30018291e+00 
 1.08050997e-07  5.56902824e-05  1.08050997e-07 -1.25198260e-04  1.08050997e-07  1.19997644e+00  1.08050997e-07  3.29981753e+00 
 1.08100997e-07 -5.48062196e-05  1.08100997e-07  1.17757358e-04  1.08100997e-07  1.20002318e+00  1.08100997e-07  3.30018194e+00 
 1.08150997e-07  5.42403543e-05  1.08150997e-07 -1.10513114e-04  1.08150997e-07  1.19997701e+00  1.08150997e-07  3.29981854e+00 
 1.08200997e-07 -5.33774492e-05  1.08200997e-07  1.03463721e-04  1.08200997e-07  1.20002262e+00  1.08200997e-07  3.30018088e+00 
 1.08250997e-07  5.28290364e-05  1.08250997e-07 -9.65951472e-05  1.08250997e-07  1.19997757e+00  1.08250997e-07  3.29981965e+00 
 1.08300997e-07 -5.19866193e-05  1.08300997e-07  8.99173203e-05  1.08300997e-07  1.20002206e+00  1.08300997e-07  3.30017973e+00 
 1.08350997e-07  5.14551800e-05  1.08350997e-07 -8.34057365e-05  1.08350997e-07  1.19997811e+00  1.08350997e-07  3.29982084e+00 
 1.08400997e-07 -5.06326165e-05  1.08400997e-07  7.70805558e-05  1.08400997e-07  1.20002153e+00  1.08400997e-07  3.30017850e+00 
 1.08450997e-07  5.01176956e-05  1.08450997e-07 -7.09081903e-05  1.08450997e-07  1.19997864e+00  1.08450997e-07  3.29982211e+00 
 1.08500997e-07 -4.93143820e-05  1.08500997e-07  6.49177056e-05  1.08500997e-07  1.20002100e+00  1.08500997e-07  3.30017719e+00 
 1.08550997e-07  4.88155451e-05  1.08550997e-07 -5.90676547e-05  1.08550997e-07  1.19997916e+00  1.08550997e-07  3.29982345e+00 
 1.08600997e-07 -4.80309050e-05  1.08600997e-07  5.33948357e-05  1.08600997e-07  1.20002049e+00  1.08600997e-07  3.30017583e+00 
 1.08650997e-07  4.75477353e-05  1.08650997e-07 -4.78510243e-05  1.08650997e-07  1.19997966e+00  1.08650997e-07  3.29982484e+00 
 1.08700997e-07 -4.67812171e-05  1.08700997e-07  4.24797133e-05  1.08700997e-07  1.20002000e+00  1.08700997e-07  3.30017441e+00 
 1.08750997e-07  4.63133137e-05  1.08750997e-07 -3.72268556e-05  1.08750997e-07  1.19998015e+00  1.08750997e-07  3.29982629e+00 
 1.08800997e-07 -4.55643876e-05  1.08800997e-07  3.21417228e-05  1.08800997e-07  1.20001951e+00  1.08800997e-07  3.30017294e+00 
 1.08850997e-07  4.51113635e-05  1.08850997e-07 -2.71652855e-05  1.08850997e-07  1.19998063e+00  1.08850997e-07  3.29982778e+00 
 1.08900997e-07 -4.43795202e-05  1.08900997e-07  2.23517865e-05  1.08900997e-07  1.20001904e+00  1.08900997e-07  3.30017142e+00 
 1.08950997e-07  4.39410010e-05  1.08950997e-07 -1.76379536e-05  1.08950997e-07  1.19998110e+00  1.08950997e-07  3.29982932e+00 
 1.09000997e-07 -4.32257497e-05  1.09000997e-07  1.30822885e-05  1.09000997e-07  1.20001858e+00  1.09000997e-07  3.30016987e+00 
 1.09050997e-07  4.28013723e-05  1.09050997e-07 -8.61792729e-06  1.09050997e-07  1.19998155e+00  1.09050997e-07  3.29983089e+00 
 1.09100997e-07 -4.21022396e-05  1.09100997e-07  4.30700304e-06  1.09100997e-07  1.20001813e+00  1.09100997e-07  3.30016828e+00 
 1.09150997e-07  4.16916516e-05  1.09150997e-07 -7.96310220e-08  1.09150997e-07  1.19998199e+00  1.09150997e-07  3.29983249e+00 
 1.09200997e-07 -4.10081800e-05  1.09200997e-07 -3.99897531e-06  1.09200997e-07  1.20001770e+00  1.09200997e-07  3.30016667e+00 
 1.09250997e-07  4.06110388e-05  1.09250997e-07  8.00122106e-06  1.09250997e-07  1.19998242e+00  1.09250997e-07  3.29983411e+00 
 1.09300997e-07 -3.99427860e-05  1.09300997e-07 -1.18592966e-05  1.09300997e-07  1.20001727e+00  1.09300997e-07  3.30016503e+00 
 1.09350997e-07  3.95587583e-05  1.09350997e-07  1.56476896e-05  1.09350997e-07  1.19998284e+00  1.09350997e-07  3.29983576e+00 
 1.09400997e-07 -3.89052964e-05  1.09400997e-07 -1.92964186e-05  1.09400997e-07  1.20001686e+00  1.09400997e-07  3.30016338e+00 
 1.09450997e-07  3.85340573e-05  1.09450997e-07  2.28816711e-05  1.09450997e-07  1.19998325e+00  1.09450997e-07  3.29983743e+00 
 1.09500997e-07 -3.78949717e-05  1.09500997e-07 -2.63316658e-05  1.09500997e-07  1.20001645e+00  1.09500997e-07  3.30016170e+00 
 1.09550997e-07  3.75362048e-05  1.09550997e-07  2.97239564e-05  1.09550997e-07  1.19998365e+00  1.09550997e-07  3.29983911e+00 
 1.09600997e-07 -3.69110941e-05  1.09600997e-07 -3.29852867e-05  1.09600997e-07  1.20001606e+00  1.09600997e-07  3.30016002e+00 
 1.09650997e-07  3.65644907e-05  1.09650997e-07  3.61942862e-05  1.09650997e-07  1.19998404e+00  1.09650997e-07  3.29984080e+00 
 1.09700997e-07 -3.59529656e-05  1.09700997e-07 -3.92765072e-05  1.09700997e-07  1.20001567e+00  1.09700997e-07  3.30015832e+00 
 1.09750997e-07  3.56182247e-05  1.09750997e-07  4.23114036e-05  1.09750997e-07  1.19998442e+00  1.09750997e-07  3.29984250e+00 
 1.09800997e-07 -3.50199077e-05  1.09800997e-07 -4.52235824e-05  1.09800997e-07  1.20001530e+00  1.09800997e-07  3.30015662e+00 
 1.09850997e-07  3.46967356e-05  1.09850997e-07  4.80931044e-05  1.09850997e-07  1.19998479e+00  1.09850997e-07  3.29984420e+00 
 1.09900997e-07 -3.41112605e-05  1.09900997e-07 -5.08438454e-05  1.09900997e-07  1.20001494e+00  1.09900997e-07  3.30015492e+00 
 1.09950997e-07  3.37993706e-05  1.09950997e-07  5.35562850e-05  1.09950997e-07  1.19998515e+00  1.09950997e-07  3.29984590e+00 
 1.10000000e-07 -3.32175000e-05  1.10000000e-07 -5.62062222e-05  1.10000000e-07  1.20001458e+00  1.10000000e-07  3.30015320e+00 
 1.10005000e-07 -8.58405781e-06  1.10005000e-07 -5.79933164e-05  1.10005000e-07  1.19999897e+00  1.10005000e-07  3.29998991e+00 
 1.10015000e-07  9.54559444e-06  1.10015000e-07  1.25229327e-05  1.10015000e-07  1.20000222e+00  1.10015000e-07  3.30000627e+00 
 1.10035000e-07 -1.72458814e-06  1.10035000e-07  2.91127352e-05  1.10035000e-07  1.19999882e+00  1.10035000e-07  3.30000446e+00 
 1.10075000e-07 -1.47833893e-06  1.10075000e-07 -6.37363834e-06  1.10075000e-07  1.20000002e+00  1.10075000e-07  3.29999718e+00 
 1.10125000e-07  1.59766849e-05  1.10125000e-07  1.11122115e-04  1.10125000e-07  1.20000157e+00  1.10125000e-07  3.30001258e+00 
 1.10162500e-07  2.09921575e-06  1.10162500e-07  1.19797928e-04  1.10162500e-07  1.19999751e+00  1.10162500e-07  3.30000388e+00 
 1.10200000e-07 -2.64570280e-04  1.10200000e-07 -2.61368290e-04  1.10200000e-07  1.19997788e+00  1.10200000e-07  3.29995124e+00 
 1.10205000e-07 -1.64026940e-04  1.10205000e-07 -4.40587562e-04  1.10205000e-07  1.20000491e+00  1.10205000e-07  3.29992497e+00 
 1.10215000e-07  4.77936062e-04  1.10215000e-07 -1.17780582e-03  1.10215000e-07  1.20012111e+00  1.10215000e-07  3.29981074e+00 
 1.10235000e-07  4.68080133e-05  1.10235000e-07 -1.38129878e-03  1.10235000e-07  1.19992606e+00  1.10235000e-07  3.29988617e+00 
 1.10266705e-07 -2.33955320e-04  1.10266705e-07  1.34522880e-03  1.10266705e-07  1.19999525e+00  1.10266705e-07  3.30033848e+00 
 1.10302808e-07  2.70577846e-04  1.10302808e-07  1.17876413e-03  1.10302808e-07  1.20005225e+00  1.10302808e-07  3.30005129e+00 
 1.10348812e-07 -2.30056184e-04  1.10348812e-07 -1.36016559e-03  1.10348812e-07  1.19993143e+00  1.10348812e-07  3.29970599e+00 
 1.10398812e-07  1.94769170e-04  1.10398812e-07  6.89191068e-04  1.10398812e-07  1.20007028e+00  1.10398812e-07  3.30021478e+00 
 1.10448812e-07 -1.59229676e-04  1.10448812e-07 -3.78956374e-04  1.10448812e-07  1.19993447e+00  1.10448812e-07  3.29989167e+00 
 1.10498812e-07  1.28952998e-04  1.10498812e-07  2.42331507e-04  1.10498812e-07  1.20005734e+00  1.10498812e-07  3.30006741e+00 
 1.10548812e-07 -1.02266339e-04  1.10548812e-07 -1.24841786e-04  1.10548812e-07  1.19995170e+00  1.10548812e-07  3.29995443e+00 
 1.10598812e-07  8.05656257e-05  1.10598812e-07  7.27155718e-05  1.10598812e-07  1.20003923e+00  1.10598812e-07  3.30003103e+00 
 1.10648812e-07 -6.21800644e-05  1.10648812e-07 -2.01098883e-05  1.10648812e-07  1.19996883e+00  1.10648812e-07  3.29997795e+00 
 1.10698812e-07  4.75927944e-05  1.10698812e-07 -7.69242429e-06  1.10698812e-07  1.20002399e+00  1.10698812e-07  3.30001432e+00 
 1.10748812e-07 -3.54181494e-05  1.10748812e-07  3.55251594e-05  1.10748812e-07  1.19998188e+00  1.10748812e-07  3.29999155e+00 
 1.10798812e-07  2.59612248e-05  1.10798812e-07 -5.26276080e-05  1.10798812e-07  1.20001313e+00  1.10798812e-07  3.30000305e+00 
 1.10848812e-07 -1.81036123e-05  1.10848812e-07  6.90302744e-05  1.10848812e-07  1.19999072e+00  1.10848812e-07  3.30000147e+00 
 1.10898812e-07  1.21582250e-05  1.10898812e-07 -8.00007720e-05  1.10898812e-07  1.20000605e+00  1.10898812e-07  3.29999439e+00 
 1.10948812e-07 -7.20368319e-06  1.10948812e-07  9.01436507e-05  1.10948812e-07  1.19999630e+00  1.10948812e-07  3.30000919e+00 
 1.10998812e-07  3.59925952e-06  1.10998812e-07 -9.71429021e-05  1.10998812e-07  1.20000172e+00  1.10998812e-07  3.29998756e+00 
 1.11048812e-07 -5.59540376e-07  1.11048812e-07  1.03434696e-04  1.11048812e-07  1.19999960e+00  1.11048812e-07  3.30001526e+00 
 1.11098812e-07 -1.51154784e-06  1.11098812e-07 -1.07733655e-04  1.11098812e-07  1.19999924e+00  1.11098812e-07  3.29998221e+00 
 1.11148812e-07  3.30732774e-06  1.11148812e-07  1.11498566e-04  1.11148812e-07  1.20000142e+00  1.11148812e-07  3.30001997e+00 
 1.11198812e-07 -4.38980217e-06  1.11198812e-07 -1.13928337e-04  1.11198812e-07  1.19999794e+00  1.11198812e-07  3.29997808e+00 
 1.11248812e-07  5.39052160e-06  1.11248812e-07  1.16006506e-04  1.11248812e-07  1.20000232e+00  1.11248812e-07  3.30002359e+00 
 1.11298812e-07 -5.84594673e-06  1.11298812e-07 -1.17119156e-04  1.11298812e-07  1.19999737e+00  1.11298812e-07  3.29997492e+00 
 1.11348812e-07  6.34757692e-06  1.11348812e-07  1.18008193e-04  1.11348812e-07  1.20000265e+00  1.11348812e-07  3.30002632e+00 
 1.11398812e-07 -6.41606567e-06  1.11398812e-07 -1.18223374e-04  1.11398812e-07  1.19999721e+00  1.11398812e-07  3.29997258e+00 
 1.11448812e-07  6.61279059e-06  1.11448812e-07  1.18295051e-04  1.11448812e-07  1.20000267e+00  1.11448812e-07  3.30002833e+00 
 1.11498812e-07 -6.45024695e-06  1.11498812e-07 -1.17897973e-04  1.11498812e-07  1.19999730e+00  1.11498812e-07  3.29997087e+00 
 1.11548812e-07  6.46884451e-06  1.11548812e-07  1.17446062e-04  1.11548812e-07  1.20000251e+00  1.11548812e-07  3.30002977e+00 
 1.11598812e-07 -6.17481674e-06  1.11598812e-07 -1.16623442e-04  1.11598812e-07  1.19999750e+00  1.11598812e-07  3.29996968e+00 
 1.11648812e-07  6.09512736e-06  1.11648812e-07  1.15789935e-04  1.11648812e-07  1.20000228e+00  1.11648812e-07  3.30003074e+00 
 1.11698812e-07 -5.73357735e-06  1.11698812e-07 -1.14685648e-04  1.11698812e-07  1.19999776e+00  1.11698812e-07  3.29996890e+00 
 1.11748812e-07  5.60680927e-06  1.11748812e-07  1.13606242e-04  1.11748812e-07  1.20000201e+00  1.11748812e-07  3.30003135e+00 
 1.11798812e-07 -5.21746866e-06  1.11798812e-07 -1.12321106e-04  1.11798812e-07  1.19999802e+00  1.11798812e-07  3.29996845e+00 
 1.11848812e-07  5.07497859e-06  1.11848812e-07  1.11083309e-04  1.11848812e-07  1.20000175e+00  1.11848812e-07  3.30003165e+00 
 1.11898812e-07 -4.68180280e-06  1.11898812e-07 -1.09686328e-04  1.11898812e-07  1.19999828e+00  1.11898812e-07  3.29996827e+00 
 1.11948812e-07  4.54217667e-06  1.11948812e-07  1.08350988e-04  1.11948812e-07  1.20000151e+00  1.11948812e-07  3.30003173e+00 
 1.11998812e-07 -4.15895262e-06  1.11998812e-07 -1.06890083e-04  1.11998812e-07  1.19999851e+00  1.11998812e-07  3.29996830e+00 
 1.12048812e-07  4.03258354e-06  1.12048812e-07  1.05499377e-04  1.12048812e-07  1.20000128e+00  1.12048812e-07  3.30003161e+00 
 1.12098812e-07 -3.66662803e-06  1.12098812e-07 -1.04007482e-04  1.12098812e-07  1.19999872e+00  1.12098812e-07  3.29996849e+00 
 1.12148812e-07  3.55873387e-06  1.12148812e-07  1.02590367e-04  1.12148812e-07  1.20000109e+00  1.12148812e-07  3.30003134e+00 
 1.12198812e-07 -3.21332308e-06  1.12198812e-07 -1.01089817e-04  1.12198812e-07  1.19999890e+00  1.12198812e-07  3.29996882e+00 
 1.12248812e-07  3.12592391e-06  1.12248812e-07  9.96659316e-05  1.12248812e-07  1.20000092e+00  1.12248812e-07  3.30003096e+00 
 1.12298812e-07 -2.80187936e-06  1.12298812e-07 -9.81716171e-05  1.12298812e-07  1.19999906e+00  1.12298812e-07  3.29996926e+00 
 1.12348812e-07  2.73508380e-06  1.12348812e-07  9.67540804e-05  1.12348812e-07  1.20000077e+00  1.12348812e-07  3.30003047e+00 
 1.12398812e-07 -2.43179849e-06  1.12398812e-07 -9.52757079e-05  1.12398812e-07  1.19999920e+00  1.12398812e-07  3.29996978e+00 
 1.12448812e-07  2.38463198e-06  1.12448812e-07  9.38731081e-05  1.12448812e-07  1.20000064e+00  1.12448812e-07  3.30002992e+00 
 1.12498812e-07 -2.10072607e-06  1.12498812e-07 -9.24168130e-05  1.12498812e-07  1.19999932e+00  1.12498812e-07  3.29997037e+00 
 1.12548812e-07  2.07165628e-06  1.12548812e-07  9.10346206e-05  1.12548812e-07  1.20000053e+00  1.12548812e-07  3.30002930e+00 
 1.12598812e-07 -1.80538864e-06  1.12598812e-07 -8.96041073e-05  1.12598812e-07  1.19999942e+00  1.12598812e-07  3.29997101e+00 
 1.12648812e-07  1.79265188e-06  1.12648812e-07  8.82456728e-05  1.12648812e-07  1.20000044e+00  1.12648812e-07  3.30002863e+00 
 1.12698812e-07 -1.54217162e-06  1.12698812e-07 -8.68430176e-05  1.12698812e-07  1.19999951e+00  1.12698812e-07  3.29997170e+00 
 1.12748812e-07  1.54396935e-06  1.12748812e-07  8.55102710e-05  1.12748812e-07  1.20000035e+00  1.12748812e-07  3.30002793e+00 
 1.12798812e-07 -1.30746358e-06  1.12798812e-07 -8.41364817e-05  1.12798812e-07  1.19999959e+00  1.12798812e-07  3.29997242e+00 
 1.12848812e-07  1.32207496e-06  1.12848812e-07  8.28304195e-05  1.12848812e-07  1.20000028e+00  1.12848812e-07  3.30002720e+00 
 1.12898812e-07 -1.09784990e-06  1.12898812e-07 -8.14858217e-05  1.12898812e-07  1.19999965e+00  1.12898812e-07  3.29997316e+00 
 1.12948812e-07  1.12369083e-06  1.12948812e-07  8.02068419e-05  1.12948812e-07  1.20000022e+00  1.12948812e-07  3.30002645e+00 
 1.12998812e-07 -9.10210952e-07  1.12998812e-07 -7.88913417e-05  1.12998812e-07  1.19999971e+00  1.12998812e-07  3.29997392e+00 
 1.13048812e-07  9.45859838e-07  1.13048812e-07  7.76394715e-05  1.13048812e-07  1.20000017e+00  1.13048812e-07  3.30002568e+00 
 1.13098812e-07 -7.41761173e-07  1.13098812e-07 -7.63527320e-05  1.13098812e-07  1.19999976e+00  1.13098812e-07  3.29997469e+00 
 1.13148812e-07  7.85964371e-07  1.13148812e-07  7.51277805e-05  1.13148812e-07  1.20000012e+00  1.13148812e-07  3.30002491e+00 
 1.13198812e-07 -5.90052518e-07  1.13198812e-07 -7.38693371e-05  1.13198812e-07  1.19999981e+00  1.13198812e-07  3.29997547e+00 
 1.13248812e-07  6.41718123e-07  1.13248812e-07  7.26709941e-05  1.13248812e-07  1.20000008e+00  1.13248812e-07  3.30002412e+00 
 1.13298812e-07 -4.52957734e-07  1.13298812e-07 -7.14403277e-05  1.13298812e-07  1.19999985e+00  1.13298812e-07  3.29997626e+00 
 1.13348812e-07  5.11143050e-07  1.13348812e-07  7.02682278e-05  1.13348812e-07  1.20000004e+00  1.13348812e-07  3.30002333e+00 
 1.13398812e-07 -3.28643090e-07  1.13398812e-07 -6.90648094e-05  1.13398812e-07  1.19999988e+00  1.13398812e-07  3.29997705e+00 
 1.13448812e-07  3.92539304e-07  1.13448812e-07  6.79185694e-05  1.13448812e-07  1.20000000e+00  1.13448812e-07  3.30002254e+00 
 1.13498812e-07 -2.15536727e-07  1.13498812e-07 -6.67418855e-05  1.13498812e-07  1.19999992e+00  1.13498812e-07  3.29997784e+00 
 1.13548812e-07  2.84452830e-07  1.13548812e-07  6.56211269e-05  1.13548812e-07  1.19999997e+00  1.13548812e-07  3.30002175e+00 
 1.13598812e-07 -1.12296315e-07  1.13598812e-07 -6.44706917e-05  1.13598812e-07  1.19999995e+00  1.13598812e-07  3.29997863e+00 
 1.13648812e-07  1.85643479e-07  1.13648812e-07  6.33750510e-05  1.13648812e-07  1.19999994e+00  1.13648812e-07  3.30002097e+00 
 1.13698812e-07 -1.77780229e-08  1.13698812e-07 -6.22504110e-05  1.13698812e-07  1.19999997e+00  1.13698812e-07  3.29997941e+00 
 1.13748812e-07  9.50550980e-08  1.13748812e-07  6.11795444e-05  1.13748812e-07  1.19999992e+00  1.13748812e-07  3.30002019e+00 
 1.13798812e-07  6.89919457e-08  1.13798812e-07 -6.00802777e-05  1.13798812e-07  1.20000000e+00  1.13798812e-07  3.29998019e+00 
 1.13848812e-07  1.17885827e-08  1.13848812e-07  5.90338601e-05  1.13848812e-07  1.19999990e+00  1.13848812e-07  3.30001941e+00 
 1.13898812e-07  1.48842816e-07  1.13898812e-07 -5.79595734e-05  1.13898812e-07  1.20000002e+00  1.13898812e-07  3.29998096e+00 
 1.13948812e-07 -6.49221123e-08  1.13948812e-07  5.69372964e-05  1.13948812e-07  1.19999988e+00  1.13948812e-07  3.30001865e+00 
 1.13998812e-07  2.22481636e-07  1.13998812e-07 -5.58876201e-05  1.13998812e-07  1.20000004e+00  1.13998812e-07  3.29998172e+00 
 1.14048812e-07 -1.35730851e-07  1.14048812e-07  5.48891882e-05  1.14048812e-07  1.19999986e+00  1.14048812e-07  3.30001789e+00 
 1.14098812e-07  2.90512598e-07  1.14098812e-07 -5.38637714e-05  1.14098812e-07  1.20000006e+00  1.14098812e-07  3.29998247e+00 
 1.14148812e-07 -2.01197130e-07  1.14148812e-07  5.28888980e-05  1.14148812e-07  1.19999984e+00  1.14148812e-07  3.30001715e+00 
 1.14198812e-07  3.53453593e-07  1.14198812e-07 -5.18874035e-05  1.14198812e-07  1.20000007e+00  1.14198812e-07  3.29998321e+00 
 1.14248812e-07 -2.61801461e-07  1.14248812e-07  5.09358071e-05  1.14248812e-07  1.19999982e+00  1.14248812e-07  3.30001641e+00 
 1.14298812e-07  4.11750258e-07  1.14298812e-07 -4.99579067e-05  1.14298812e-07  1.20000009e+00  1.14298812e-07  3.29998394e+00 
 1.14348812e-07 -3.17958235e-07  1.14348812e-07  4.90293075e-05  1.14348812e-07  1.19999981e+00  1.14348812e-07  3.30001569e+00 
 1.14398812e-07  4.65787843e-07  1.14398812e-07 -4.80746784e-05  1.14398812e-07  1.20000010e+00  1.14398812e-07  3.29998465e+00 
 1.14448812e-07 -3.70026602e-07  1.14448812e-07  4.71687951e-05  1.14448812e-07  1.19999980e+00  1.14448812e-07  3.30001498e+00 
 1.14498812e-07  5.15901152e-07  1.14498812e-07 -4.62371163e-05  1.14498812e-07  1.20000011e+00  1.14498812e-07  3.29998535e+00 
 1.14548812e-07 -4.18319563e-07  1.14548812e-07  4.53536641e-05  1.14548812e-07  1.19999978e+00  1.14548812e-07  3.30001429e+00 
 1.14598812e-07  5.62382805e-07  1.14598812e-07 -4.44446140e-05  1.14598812e-07  1.20000013e+00  1.14598812e-07  3.29998604e+00 
 1.14648812e-07 -4.63111565e-07  1.14648812e-07  4.35833026e-05  1.14648812e-07  1.19999977e+00  1.14648812e-07  3.30001360e+00 
 1.14698812e-07  6.05490208e-07  1.14698812e-07 -4.26965569e-05  1.14698812e-07  1.20000014e+00  1.14698812e-07  3.29998672e+00 
 1.14748812e-07 -5.04644776e-07  1.14748812e-07  4.18570894e-05  1.14748812e-07  1.19999976e+00  1.14748812e-07  3.30001294e+00 
 1.14798812e-07  6.45451264e-07  1.14798812e-07 -4.09923200e-05  1.14798812e-07  1.20000015e+00  1.14798812e-07  3.29998738e+00 
 1.14848812e-07 -5.43134358e-07  1.14848812e-07  4.01743918e-05  1.14848812e-07  1.19999975e+00  1.14848812e-07  3.30001228e+00 
 1.14898812e-07  6.82469101e-07  1.14898812e-07 -3.93312652e-05  1.14898812e-07  1.20000016e+00  1.14898812e-07  3.29998803e+00 
 1.14948812e-07 -5.78772711e-07  1.14948812e-07  3.85345640e-05  1.14948812e-07  1.19999974e+00  1.14948812e-07  3.30001164e+00 
 1.14998812e-07  7.16726014e-07  1.14998812e-07 -3.77127415e-05  1.14998812e-07  1.20000016e+00  1.14998812e-07  3.29998866e+00 
 1.15048812e-07 -6.11733098e-07  1.15048812e-07  3.69369470e-05  1.15048812e-07  1.19999973e+00  1.15048812e-07  3.30001102e+00 
 1.15098812e-07  7.48386706e-07  1.15098812e-07 -3.61360841e-05  1.15098812e-07  1.20000017e+00  1.15098812e-07  3.29998927e+00 
 1.15148812e-07 -6.42172597e-07  1.15148812e-07  3.53808682e-05  1.15148812e-07  1.19999973e+00  1.15148812e-07  3.30001041e+00 
 1.15198812e-07  7.77600992e-07  1.15198812e-07 -3.46006148e-05  1.15198812e-07  1.20000018e+00  1.15198812e-07  3.29998988e+00 
 1.15248812e-07 -6.70234497e-07  1.15248812e-07  3.38656421e-05  1.15248812e-07  1.19999972e+00  1.15248812e-07  3.30000981e+00 
 1.15298812e-07  8.04505927e-07  1.15298812e-07 -3.31056427e-05  1.15298812e-07  1.20000019e+00  1.15298812e-07  3.29999046e+00 
 1.15348812e-07 -6.96050311e-07  1.15348812e-07  3.23905709e-05  1.15348812e-07  1.19999972e+00  1.15348812e-07  3.30000924e+00 
 1.15398812e-07  8.29227707e-07  1.15398812e-07 -3.16504652e-05  1.15398812e-07  1.20000019e+00  1.15398812e-07  3.29999104e+00 
 1.15448812e-07 -7.19741459e-07  1.15448812e-07  3.09549461e-05  1.15448812e-07  1.19999971e+00  1.15448812e-07  3.30000867e+00 
 1.15498812e-07  8.51883137e-07  1.15498812e-07 -3.02343695e-05  1.15498812e-07  1.20000020e+00  1.15498812e-07  3.29999159e+00 
 1.15548812e-07 -7.41420579e-07  1.15548812e-07  2.95580495e-05  1.15548812e-07  1.19999971e+00  1.15548812e-07  3.30000812e+00 
 1.15598812e-07  8.72580826e-07  1.15598812e-07 -2.88566337e-05  1.15598812e-07  1.20000020e+00  1.15598812e-07  3.29999214e+00 
 1.15648812e-07 -7.61192700e-07  1.15648812e-07  2.81991547e-05  1.15648812e-07  1.19999970e+00  1.15648812e-07  3.30000759e+00 
 1.15698812e-07  8.91422294e-07  1.15698812e-07 -2.75165284e-05  1.15698812e-07  1.20000020e+00  1.15698812e-07  3.29999266e+00 
 1.15748812e-07 -7.79156133e-07  1.15748812e-07  2.68775286e-05  1.15748812e-07  1.19999970e+00  1.15748812e-07  3.30000707e+00 
 1.15798812e-07  9.08502735e-07  1.15798812e-07 -2.62133184e-05  1.15798812e-07  1.20000021e+00  1.15798812e-07  3.29999318e+00 
 1.15848812e-07 -7.95403283e-07  1.15848812e-07  2.55924332e-05  1.15848812e-07  1.19999969e+00  1.15848812e-07  3.30000656e+00 
 1.15898812e-07  9.23911795e-07  1.15898812e-07 -2.49462640e-05  1.15898812e-07  1.20000021e+00  1.15898812e-07  3.29999367e+00 
 1.15948812e-07 -8.10021281e-07  1.15948812e-07  2.43431269e-05  1.15948812e-07  1.19999969e+00  1.15948812e-07  3.30000607e+00 
 1.15998812e-07  9.37734120e-07  1.15998812e-07 -2.37146231e-05  1.15998812e-07  1.20000021e+00  1.15998812e-07  3.29999416e+00 
 1.16048812e-07 -8.23092506e-07  1.16048812e-07  2.31288661e-05  1.16048812e-07  1.19999969e+00  1.16048812e-07  3.30000559e+00 
 1.16098812e-07  9.50049839e-07  1.16098812e-07 -2.25176519e-05  1.16098812e-07  1.20000021e+00  1.16098812e-07  3.29999463e+00 
 1.16148812e-07 -8.34695040e-07  1.16148812e-07  2.19489069e-05  1.16148812e-07  1.19999969e+00  1.16148812e-07  3.30000513e+00 
 1.16198812e-07  9.60934999e-07  1.16198812e-07 -2.13546071e-05  1.16198812e-07  1.20000022e+00  1.16198812e-07  3.29999508e+00 
 1.16248812e-07 -8.44903060e-07  1.16248812e-07  2.08025061e-05  1.16248812e-07  1.19999969e+00  1.16248812e-07  3.30000468e+00 
 1.16298812e-07  9.70461889e-07  1.16298812e-07 -2.02247467e-05  1.16298812e-07  1.20000022e+00  1.16298812e-07  3.29999552e+00 
 1.16348812e-07 -8.53787127e-07  1.16348812e-07  1.96889227e-05  1.16348812e-07  1.19999969e+00  1.16348812e-07  3.30000425e+00 
 1.16398812e-07  9.78699367e-07  1.16398812e-07 -1.91273316e-05  1.16398812e-07  1.20000022e+00  1.16398812e-07  3.29999595e+00 
 1.16448812e-07 -8.61414511e-07  1.16448812e-07  1.86074193e-05  1.16448812e-07  1.19999968e+00  1.16448812e-07  3.30000383e+00 
 1.16498812e-07  9.85713087e-07  1.16498812e-07 -1.80616269e-05  1.16498812e-07  1.20000022e+00  1.16498812e-07  3.29999637e+00 
 1.16548812e-07 -8.67849393e-07  1.16548812e-07  1.75572630e-05  1.16548812e-07  1.19999968e+00  1.16548812e-07  3.30000342e+00 
 1.16598812e-07  9.91565740e-07  1.16598812e-07 -1.70269024e-05  1.16598812e-07  1.20000022e+00  1.16598812e-07  3.29999677e+00 
 1.16648812e-07 -8.73153054e-07  1.16648812e-07  1.65377266e-05  1.16648812e-07  1.19999968e+00  1.16648812e-07  3.30000302e+00 
 1.16698812e-07  9.96317204e-07  1.16698812e-07 -1.60224345e-05  1.16698812e-07  1.20000022e+00  1.16698812e-07  3.29999716e+00 
 1.16748812e-07 -8.77384093e-07  1.16748812e-07  1.55480895e-05  1.16748812e-07  1.19999968e+00  1.16748812e-07  3.30000264e+00 
 1.16798812e-07  1.00002477e-06  1.16798812e-07 -1.50475063e-05  1.16798812e-07  1.20000022e+00  1.16798812e-07  3.29999753e+00 
 1.16848812e-07 -8.80598543e-07  1.16848812e-07  1.45876384e-05  1.16848812e-07  1.19999968e+00  1.16848812e-07  3.30000227e+00 
 1.16898812e-07  1.00274322e-06  1.16898812e-07 -1.41014089e-05  1.16898812e-07  1.20000022e+00  1.16898812e-07  3.29999790e+00 
 1.16948812e-07 -8.82850045e-07  1.16948812e-07  1.36556686e-05  1.16948812e-07  1.19999969e+00  1.16948812e-07  3.30000191e+00 
 1.16998812e-07  1.00452500e-06  1.16998812e-07 -1.31834418e-05  1.16998812e-07  1.20000022e+00  1.16998812e-07  3.29999825e+00 
 1.17048812e-07 -8.84189946e-07  1.17048812e-07  1.27514839e-05  1.17048812e-07  1.19999969e+00  1.17048812e-07  3.30000157e+00 
 1.17098812e-07  1.00542037e-06  1.17098812e-07 -1.22929139e-05  1.17098812e-07  1.20000022e+00  1.17098812e-07  3.29999859e+00 
 1.17148812e-07 -8.84667408e-07  1.17148812e-07  1.18743980e-05  1.17148812e-07  1.19999969e+00  1.17148812e-07  3.30000124e+00 
 1.17198812e-07  1.00547740e-06  1.17198812e-07 -1.14291438e-05  1.17198812e-07  1.20000022e+00  1.17198812e-07  3.29999891e+00 
 1.17248812e-07 -8.84329525e-07  1.17248812e-07  1.10237345e-05  1.17248812e-07  1.19999969e+00  1.17248812e-07  3.30000091e+00 
 1.17298812e-07  1.00474218e-06  1.17298812e-07 -1.05914607e-05  1.17298812e-07  1.20000021e+00  1.17298812e-07  3.29999923e+00 
 1.17348812e-07 -8.83221430e-07  1.17348812e-07  1.01988276e-05  1.17348812e-07  1.19999969e+00  1.17348812e-07  3.30000060e+00 
 1.17398812e-07  1.00325886e-06  1.17398812e-07 -9.77920421e-06  1.17398812e-07  1.20000021e+00  1.17398812e-07  3.29999954e+00 
 1.17448812e-07 -8.81386342e-07  1.17448812e-07  9.39902256e-06  1.17448812e-07  1.19999969e+00  1.17448812e-07  3.30000030e+00 
 1.17498812e-07  1.00106972e-06  1.17498812e-07 -8.99172519e-06  1.17498812e-07  1.20000021e+00  1.17498812e-07  3.29999983e+00 
 1.17548812e-07 -8.78865659e-07  1.17548812e-07  8.62367573e-06  1.17548812e-07  1.19999969e+00  1.17548812e-07  3.30000002e+00 
 1.17598812e-07  9.98215297e-07  1.17598812e-07 -8.22838595e-06  1.17598812e-07  1.20000021e+00  1.17598812e-07  3.30000011e+00 
 1.17648812e-07 -8.75699070e-07  1.17648812e-07  7.87215516e-06  1.17648812e-07  1.19999970e+00  1.17648812e-07  3.29999974e+00 
 1.17698812e-07  9.94734387e-07  1.17698812e-07 -7.48856046e-06  1.17698812e-07  1.20000021e+00  1.17698812e-07  3.30000039e+00 
 1.17748812e-07 -8.71924560e-07  1.17748812e-07  7.14384064e-06  1.17748812e-07  1.19999970e+00  1.17748812e-07  3.29999947e+00 
 1.17798812e-07  9.90664183e-07  1.17798812e-07 -6.77163454e-06  1.17798812e-07  1.20000020e+00  1.17798812e-07  3.30000065e+00 
 1.17848812e-07 -8.67578535e-07  1.17848812e-07  6.43812397e-06  1.17848812e-07  1.19999970e+00  1.17848812e-07  3.29999921e+00 
 1.17898812e-07  9.86040277e-07  1.17898812e-07 -6.07700612e-06  1.17898812e-07  1.20000020e+00  1.17898812e-07  3.30000090e+00 
 1.17948812e-07 -8.62695844e-07  1.17948812e-07  5.75440903e-06  1.17948812e-07  1.19999970e+00  1.17948812e-07  3.29999896e+00 
 1.17998812e-07  9.80896778e-07  1.17998812e-07 -5.40408518e-06  1.17998812e-07  1.20000020e+00  1.17998812e-07  3.30000115e+00 
 1.18048812e-07 -8.57309867e-07  1.18048812e-07  5.09211188e-06  1.18048812e-07  1.19999970e+00  1.18048812e-07  3.29999872e+00 
 1.18098812e-07  9.75266321e-07  1.18098812e-07 -4.75229401e-06  1.18098812e-07  1.20000020e+00  1.18098812e-07  3.30000138e+00 
 1.18148812e-07 -8.51452534e-07  1.18148812e-07  4.45066087e-06  1.18148812e-07  1.19999971e+00  1.18148812e-07  3.29999849e+00 
 1.18198812e-07  9.69180151e-07  1.18198812e-07 -4.12106714e-06  1.18198812e-07  1.20000019e+00  1.18198812e-07  3.30000160e+00 
 1.18248812e-07 -8.45154438e-07  1.18248812e-07  3.82949663e-06  1.18248812e-07  1.19999971e+00  1.18248812e-07  3.29999827e+00 
 1.18298812e-07  9.62668181e-07  1.18298812e-07 -3.50985134e-06  1.18298812e-07  1.20000019e+00  1.18298812e-07  3.30000182e+00 
 1.18348812e-07 -8.38444840e-07  1.18348812e-07  3.22807202e-06  1.18348812e-07  1.19999971e+00  1.18348812e-07  3.29999806e+00 
 1.18398812e-07  9.55759020e-07  1.18398812e-07 -2.91810568e-06  1.18398812e-07  1.20000019e+00  1.18398812e-07  3.30000203e+00 
 1.18448812e-07 -8.31351723e-07  1.18448812e-07  2.64585215e-06  1.18448812e-07  1.19999972e+00  1.18448812e-07  3.29999786e+00 
 1.18498812e-07  9.48480025e-07  1.18498812e-07 -2.34530139e-06  1.18498812e-07  1.20000019e+00  1.18498812e-07  3.30000223e+00 
 1.18548812e-07 -8.23901858e-07  1.18548812e-07  2.08231430e-06  1.18548812e-07  1.19999972e+00  1.18548812e-07  3.29999766e+00 
 1.18598812e-07  9.40857365e-07  1.18598812e-07 -1.79092186e-06  1.18598812e-07  1.20000018e+00  1.18598812e-07  3.30000242e+00 
 1.18648812e-07 -8.16120821e-07  1.18648812e-07  1.53694787e-06  1.18648812e-07  1.19999972e+00  1.18648812e-07  3.29999748e+00 
 1.18698812e-07  9.32916054e-07  1.18698812e-07 -1.25446250e-06  1.18698812e-07  1.20000018e+00  1.18698812e-07  3.30000260e+00 
 1.18748812e-07 -8.08033089e-07  1.18748812e-07  1.00925422e-06  1.18748812e-07  1.19999972e+00  1.18748812e-07  3.29999730e+00 
 1.18798812e-07  9.24679997e-07  1.18798812e-07 -7.35430681e-07  1.18798812e-07  1.20000018e+00  1.18798812e-07  3.30000278e+00 
 1.18848812e-07 -7.99662033e-07  1.18848812e-07  4.98746614e-07  1.18848812e-07  1.19999973e+00  1.18848812e-07  3.29999712e+00 
 1.18898812e-07  9.16172036e-07  1.18898812e-07 -2.33345563e-07  1.18898812e-07  1.20000017e+00  1.18898812e-07  3.30000295e+00 
 1.18948812e-07 -7.91029971e-07  1.18948812e-07  4.95001456e-09  1.18948812e-07  1.19999973e+00  1.18948812e-07  3.29999696e+00 
 1.18998812e-07  9.07413978e-07  1.18998812e-07  2.52262033e-07  1.18998812e-07  1.20000017e+00  1.18998812e-07  3.30000311e+00 
 1.19048812e-07 -7.82158229e-07  1.19048812e-07 -4.72598999e-07  1.19048812e-07  1.19999973e+00  1.19048812e-07  3.29999680e+00 
 1.19098812e-07  8.98426640e-07  1.19098812e-07  7.21849784e-07  1.19098812e-07  1.20000017e+00  1.19098812e-07  3.30000326e+00 
 1.19148812e-07 -7.73067138e-07  1.19148812e-07 -9.34352397e-07  1.19148812e-07  1.19999974e+00  1.19148812e-07  3.29999665e+00 
 1.19198812e-07  8.89229891e-07  1.19198812e-07  1.17586395e-06  1.19198812e-07  1.20000016e+00  1.19198812e-07  3.30000341e+00 
 1.19248812e-07 -7.63776120e-07  1.19248812e-07 -1.38075088e-06  1.19248812e-07  1.19999974e+00  1.19248812e-07  3.29999651e+00 
 1.19298812e-07  8.79842706e-07  1.19298812e-07  1.61473970e-06  1.19298812e-07  1.20000016e+00  1.19298812e-07  3.30000355e+00 
 1.19348812e-07 -7.54303704e-07  1.19348812e-07 -1.81222412e-06  1.19348812e-07  1.19999974e+00  1.19348812e-07  3.29999637e+00 
 1.19398812e-07  8.70283138e-07  1.19398812e-07  2.03890115e-06  1.19398812e-07  1.20000016e+00  1.19398812e-07  3.30000368e+00 
 1.19448812e-07 -7.44667515e-07  1.19448812e-07 -2.22919078e-06  1.19448812e-07  1.19999975e+00  1.19448812e-07  3.29999624e+00 
 1.19498812e-07  8.60568412e-07  1.19498812e-07  2.44876161e-06  1.19498812e-07  1.20000016e+00  1.19498812e-07  3.30000381e+00 
 1.19548812e-07 -7.34884385e-07  1.19548812e-07 -2.63205891e-06  1.19548812e-07  1.19999975e+00  1.19548812e-07  3.29999611e+00 
 1.19598812e-07  8.50714962e-07  1.19598812e-07  2.84472377e-06  1.19598812e-07  1.20000015e+00  1.19598812e-07  3.30000393e+00 
 1.19648812e-07 -7.24970349e-07  1.19648812e-07 -3.02122593e-06  1.19648812e-07  1.19999975e+00  1.19648812e-07  3.29999600e+00 
 1.19698812e-07  8.40738411e-07  1.19698812e-07  3.22717994e-06  1.19698812e-07  1.20000015e+00  1.19698812e-07  3.30000405e+00 
 1.19748812e-07 -7.14940645e-07  1.19748812e-07 -3.39707905e-06  1.19748812e-07  1.19999976e+00  1.19748812e-07  3.29999588e+00 
 1.19798812e-07  8.30653629e-07  1.19798812e-07  3.59651213e-06  1.19798812e-07  1.20000015e+00  1.19798812e-07  3.30000416e+00 
 1.19848812e-07 -7.04809798e-07  1.19848812e-07 -3.75999526e-06  1.19848812e-07  1.19999976e+00  1.19848812e-07  3.29999577e+00 
 1.19898812e-07  8.20474778e-07  1.19898812e-07  3.95309240e-06  1.19898812e-07  1.20000014e+00  1.19898812e-07  3.30000426e+00 
 1.19948812e-07 -6.94591615e-07  1.19948812e-07 -4.11034169e-06  1.19948812e-07  1.19999976e+00  1.19948812e-07  3.29999567e+00 
 1.19974406e-07  8.05300188e-07  1.19974406e-07  4.45721888e-06  1.19974406e-07  1.20000014e+00  1.19974406e-07  3.30000441e+00 
 1.20000000e-07 -6.74424941e-07  1.20000000e-07 -4.76010489e-06  1.20000000e-07  1.19999977e+00  1.20000000e-07  3.29999549e+00 
 1.20005000e-07  1.38816568e-05  1.20005000e-07  1.51990454e-04  1.20005000e-07  1.20000252e+00  1.20005000e-07  3.30002902e+00 
 1.20015000e-07 -6.51240892e-06  1.20015000e-07  9.71347823e-06  1.20015000e-07  1.19999675e+00  1.20015000e-07  3.29998996e+00 
 1.20035000e-07 -7.28662578e-06  1.20035000e-07 -5.63121245e-05  1.20035000e-07  1.20000013e+00  1.20035000e-07  3.29999003e+00 
 1.20075000e-07  7.66598483e-06  1.20075000e-07 -5.74307931e-05  1.20075000e-07  1.20000130e+00  1.20075000e-07  3.29999414e+00 
 1.20125000e-07 -3.86415852e-05  1.20125000e-07 -1.41920557e-04  1.20125000e-07  1.19999578e+00  1.20125000e-07  3.29999341e+00 
 1.20162500e-07 -5.68050127e-05  1.20162500e-07 -2.94616400e-04  1.20162500e-07  1.20000032e+00  1.20162500e-07  3.29997581e+00 
 1.20200000e-07  5.21219517e-04  1.20200000e-07  3.57635138e-04  1.20200000e-07  1.20005101e+00  1.20200000e-07  3.30008291e+00 
 1.20205000e-07  4.68219093e-05  1.20205000e-07  4.77264724e-04  1.20205000e-07  1.19994235e+00  1.20205000e-07  3.30008996e+00 
 1.20215000e-07 -5.36775257e-04  1.20215000e-07  1.69699403e-03  1.20215000e-07  1.19987621e+00  1.20215000e-07  3.30029292e+00 
 1.20235000e-07 -1.21356323e-05  1.20235000e-07  1.88782564e-03  1.20235000e-07  1.20009005e+00  1.20235000e-07  3.30015236e+00 
 1.20263816e-07  1.03280024e-04  1.20263816e-07 -1.81181701e-03  1.20263816e-07  1.19998514e+00  1.20263816e-07  3.29953423e+00 
 1.20295462e-07 -7.74014590e-05  1.20295462e-07 -5.19157939e-04  1.20295462e-07  1.19998391e+00  1.20295462e-07  3.30004626e+00 
 1.20345462e-07  6.53513098e-05  1.20345462e-07  1.85787952e-04  1.20345462e-07  1.20002130e+00  1.20345462e-07  3.30007874e+00 
 1.20395462e-07 -5.57408405e-05  1.20395462e-07  7.17334792e-05  1.20395462e-07  1.19997759e+00  1.20395462e-07  3.30000218e+00 
 1.20445462e-07  4.83896465e-05  1.20445462e-07 -2.81711027e-05  1.20445462e-07  1.20002127e+00  1.20445462e-07  3.29997360e+00 
 1.20495462e-07 -4.22553277e-05  1.20495462e-07  4.04666812e-05  1.20495462e-07  1.19998051e+00  1.20495462e-07  3.30002215e+00 
 1.20545462e-07  3.74196208e-05  1.20545462e-07 -2.57604468e-05  1.20545462e-07  1.20001727e+00  1.20545462e-07  3.29997839e+00 
 1.20595462e-07 -3.31522609e-05  1.20595462e-07  2.03652977e-05  1.20595462e-07  1.19998471e+00  1.20595462e-07  3.30001859e+00 
 1.20645462e-07  2.97236114e-05  1.20645462e-07 -1.37168060e-05  1.20645462e-07  1.20001329e+00  1.20645462e-07  3.29998353e+00 
 1.20695462e-07 -2.65365055e-05  1.20695462e-07  9.48998638e-06  1.20695462e-07  1.19998830e+00  1.20695462e-07  3.30001437e+00 
 1.20745462e-07  2.39701369e-05  1.20745462e-07 -6.11627806e-06  1.20745462e-07  1.20001014e+00  1.20745462e-07  3.29998734e+00 
 1.20795462e-07 -2.14833073e-05  1.20795462e-07  3.83340009e-06  1.20795462e-07  1.19999104e+00  1.20795462e-07  3.30001114e+00 
 1.20845462e-07  1.95030433e-05  1.20845462e-07 -2.22794026e-06  1.20845462e-07  1.20000777e+00  1.20845462e-07  3.29999012e+00 
 1.20895462e-07 -1.75129757e-05  1.20895462e-07  1.24357270e-06  1.20895462e-07  1.19999309e+00  1.20895462e-07  3.30000877e+00 
 1.20945462e-07  1.59620506e-05  1.20945462e-07 -6.67101209e-07  1.20945462e-07  1.20000600e+00  1.20945462e-07  3.29999214e+00 
 1.20995462e-07 -1.43455720e-05  1.20995462e-07  4.62363643e-07  1.20995462e-07  1.19999461e+00  1.20995462e-07  3.30000705e+00 
 1.21045462e-07  1.31235591e-05  1.21045462e-07 -4.79833144e-07  1.21045462e-07  1.20000467e+00  1.21045462e-07  3.29999361e+00 
 1.21095462e-07 -1.17975024e-05  1.21095462e-07  7.17912339e-07  1.21095462e-07  1.19999576e+00  1.21095462e-07  3.30000581e+00 
 1.21145462e-07  1.08337357e-05  1.21145462e-07 -1.05972907e-06  1.21145462e-07  1.20000367e+00  1.21145462e-07  3.29999465e+00 
 1.21195462e-07 -9.73752187e-06  1.21195462e-07  1.52789085e-06  1.21195462e-07  1.19999664e+00  1.21195462e-07  3.30000493e+00 
 1.21245462e-07  8.97921987e-06  1.21245462e-07 -2.02552193e-06  1.21245462e-07  1.20000291e+00  1.21245462e-07  3.29999540e+00 
 1.21295462e-07 -8.06668024e-06  1.21295462e-07  2.59104270e-06  1.21295462e-07  1.19999731e+00  1.21295462e-07  3.30000430e+00 
 1.21345462e-07  7.47304940e-06  1.21345462e-07 -3.14044799e-06  1.21345462e-07  1.20000232e+00  1.21345462e-07  3.29999593e+00 
 1.21395462e-07 -6.70809676e-06  1.21395462e-07  3.72245706e-06  1.21395462e-07  1.19999782e+00  1.21395462e-07  3.30000385e+00 
 1.21445462e-07  6.24700733e-06  1.21445462e-07 -4.26144064e-06  1.21445462e-07  1.20000187e+00  1.21445462e-07  3.29999631e+00 
 1.21495462e-07 -5.60103788e-06  1.21495462e-07  4.81281283e-06  1.21495462e-07  1.19999822e+00  1.21495462e-07  3.30000353e+00 
 1.21545462e-07  5.24691584e-06  1.21545462e-07 -5.30636707e-06  1.21545462e-07  1.20000151e+00  1.21545462e-07  3.29999658e+00 
 1.21595462e-07 -4.69707809e-06  1.21595462e-07  5.80182492e-06  1.21595462e-07  1.19999854e+00  1.21595462e-07  3.30000331e+00 
 1.21645462e-07  4.42944404e-06  1.21645462e-07 -6.23243257e-06  1.21645462e-07  1.20000124e+00  1.21645462e-07  3.29999677e+00 
 1.21695462e-07 -3.95739807e-06  1.21695462e-07  6.66062671e-06  1.21695462e-07  1.19999878e+00  1.21695462e-07  3.30000314e+00 
 1.21745462e-07  3.75979314e-06  1.21745462e-07 -7.02178937e-06  1.21745462e-07  1.20000102e+00  1.21745462e-07  3.29999691e+00 
 1.21795462e-07 -3.35077880e-06  1.21795462e-07  7.38001141e-06  1.21795462e-07  1.19999898e+00  1.21795462e-07  3.30000301e+00 
 1.21845462e-07  3.20994568e-06  1.21845462e-07 -7.67193569e-06  1.21845462e-07  1.20000084e+00  1.21845462e-07  3.29999703e+00 
 1.21895462e-07 -2.85206289e-06  1.21895462e-07  7.96260607e-06  1.21895462e-07  1.19999914e+00  1.21895462e-07  3.30000291e+00 
 1.21945462e-07  2.75730737e-06  1.21945462e-07 -8.18935229e-06  1.21945462e-07  1.20000070e+00  1.21945462e-07  3.29999712e+00 
 1.21972731e-07 -2.29084164e-06  1.21972731e-07  8.57331976e-06  1.21972731e-07  1.19999931e+00  1.21972731e-07  3.30000279e+00 
 1.22000000e-07  2.12076880e-06  1.22000000e-07 -8.83370698e-06  1.22000000e-07  1.20000051e+00  1.22000000e-07  3.29999726e+00 
 1.22005000e-07  3.38398562e-06  1.22005000e-07  3.62433251e-05  1.22005000e-07  1.20000060e+00  1.22005000e-07  3.30000678e+00 
 1.22015000e-07 -1.66630074e-06  1.22015000e-07  1.52316340e-05  1.22015000e-07  1.19999918e+00  1.22015000e-07  3.30000018e+00 
 1.22035000e-07 -1.84071365e-06  1.22035000e-07 -2.47020007e-05  1.22035000e-07  1.19999999e+00  1.22035000e-07  3.29999457e+00 
 1.22075000e-07  2.55846201e-06  1.22075000e-07 -1.01218643e-05  1.22075000e-07  1.20000035e+00  1.22075000e-07  3.30000041e+00 
 1.22125000e-07 -9.84500453e-06  1.22125000e-07 -3.12939627e-05  1.22125000e-07  1.19999881e+00  1.22125000e-07  3.29999795e+00 
 1.22162500e-07 -4.34085956e-05  1.22162500e-07 -1.10672586e-04  1.22162500e-07  1.19999751e+00  1.22162500e-07  3.29998910e+00 
 1.22200000e-07  6.63473480e-04  1.22200000e-07 -5.85333455e-05  1.22200000e-07  1.20006378e+00  1.22200000e-07  3.30000489e+00 
 1.22205000e-07  6.03036999e-04  1.22205000e-07 -2.33340495e-04  1.22205000e-07  1.20002704e+00  1.22205000e-07  3.29997050e+00 
 1.22215000e-07  4.18962293e-04  1.22215000e-07  6.72084130e-04  1.22215000e-07  1.19996925e+00  1.22215000e-07  3.30015579e+00 
 1.22235000e-07  2.62498978e-04  1.22235000e-07  3.21902838e-03  1.22235000e-07  1.19998280e+00  1.22235000e-07  3.30046664e+00 
 1.22275000e-07 -7.38463496e-04  1.22275000e-07  2.22146288e-03  1.22275000e-07  1.19992428e+00  1.22275000e-07  3.29995372e+00 
 1.22325000e-07 -2.10432285e-05  1.22325000e-07  5.85505355e-05  1.22325000e-07  1.20009255e+00  1.22325000e-07  3.29974952e+00 
 1.22375000e-07  3.65597342e-05  1.22375000e-07 -7.90885524e-04  1.22375000e-07  1.19995408e+00  1.22375000e-07  3.29988682e+00 
 1.22425000e-07  4.39452361e-05  1.22425000e-07 -2.47833069e-03  1.22425000e-07  1.20002395e+00  1.22425000e-07  3.29981028e+00 
 1.22475000e-07 -3.68224686e-05  1.22475000e-07 -6.22835468e-04  1.22475000e-07  1.19998300e+00  1.22475000e-07  3.30019740e+00 
 1.22525000e-07  3.75069488e-05  1.22525000e-07 -1.68004725e-04  1.22525000e-07  1.20001256e+00  1.22525000e-07  3.30006477e+00 
 1.22575000e-07 -2.73544837e-05  1.22575000e-07  2.51324917e-05  1.22575000e-07  1.19999036e+00  1.22575000e-07  3.30002457e+00 
 1.22625000e-07  2.39594059e-05  1.22625000e-07 -1.18327082e-05  1.22625000e-07  1.20000700e+00  1.22625000e-07  3.29999394e+00 
 1.22675000e-07 -1.72409358e-05  1.22675000e-07  2.17306471e-05  1.22675000e-07  1.19999493e+00  1.22675000e-07  3.30000773e+00 
 1.22725000e-07  1.46025447e-05  1.22725000e-07  1.61344874e-06  1.22725000e-07  1.20000330e+00  1.22725000e-07  3.29999322e+00 
 1.22775000e-07 -1.02432882e-05  1.22775000e-07  5.08336470e-06  1.22775000e-07  1.19999791e+00  1.22775000e-07  3.30000507e+00 
 1.22825000e-07  8.51101403e-06  1.22825000e-07  7.52232220e-06  1.22825000e-07  1.20000095e+00  1.22825000e-07  3.29999563e+00 
 1.22875000e-07 -5.63402054e-06  1.22875000e-07 -4.63774901e-06  1.22875000e-07  1.19999976e+00  1.22875000e-07  3.30000301e+00 
 1.22925000e-07  4.58462109e-06  1.22925000e-07  1.14372391e-05  1.22925000e-07  1.19999953e+00  1.22925000e-07  3.29999772e+00 
 1.22975000e-07 -2.66173080e-06  1.22975000e-07 -1.00131512e-05  1.22975000e-07  1.20000082e+00  1.22975000e-07  3.30000128e+00 
 1.23025000e-07  2.09617724e-06  1.23025000e-07  1.38965647e-05  1.23025000e-07  1.19999875e+00  1.23025000e-07  3.29999936e+00 
 1.23075000e-07 -8.01644817e-07  1.23075000e-07 -1.29705094e-05  1.23075000e-07  1.20000139e+00  1.23075000e-07  3.29999990e+00 
 1.23125000e-07  5.48297561e-07  1.23125000e-07  1.52394560e-05  1.23125000e-07  1.19999835e+00  1.23125000e-07  3.30000061e+00 
 1.23175000e-07  3.33664446e-07  1.23175000e-07 -1.44799126e-05  1.23175000e-07  1.20000165e+00  1.23175000e-07  3.29999884e+00 
 1.23225000e-07 -3.73454317e-07  1.23225000e-07  1.58633783e-05  1.23225000e-07  1.19999820e+00  1.23225000e-07  3.30000156e+00 
 1.23275000e-07  9.82200116e-07  1.23275000e-07 -1.51676350e-05  1.23275000e-07  1.20000173e+00  1.23275000e-07  3.29999802e+00 
 1.23325000e-07 -8.85739819e-07  1.23325000e-07  1.60196723e-05  1.23325000e-07  1.19999818e+00  1.23325000e-07  3.30000228e+00 
 1.23375000e-07  1.30680146e-06  1.23375000e-07 -1.53836604e-05  1.23375000e-07  1.20000170e+00  1.23375000e-07  3.29999741e+00 
 1.23425000e-07 -1.12519022e-06  1.23425000e-07  1.59112385e-05  1.23425000e-07  1.19999824e+00  1.23425000e-07  3.30000282e+00 
 1.23475000e-07  1.42611676e-06  1.23475000e-07 -1.53212807e-05  1.23475000e-07  1.20000161e+00  1.23475000e-07  3.29999694e+00 
 1.23525000e-07 -1.19649679e-06  1.23525000e-07  1.56488139e-05  1.23525000e-07  1.19999835e+00  1.23525000e-07  3.30000323e+00 
 1.23575000e-07  1.42000769e-06  1.23575000e-07 -1.51084790e-05  1.23575000e-07  1.20000150e+00  1.23575000e-07  3.29999659e+00 
 1.23625000e-07 -1.16625101e-06  1.23625000e-07  1.53118657e-05  1.23625000e-07  1.19999847e+00  1.23625000e-07  3.30000354e+00 
 1.23675000e-07  1.34092611e-06  1.23675000e-07 -1.48223379e-05  1.23675000e-07  1.20000138e+00  1.23675000e-07  3.29999632e+00 
 1.23725000e-07 -1.07849550e-06  1.23725000e-07  1.49487724e-05  1.23725000e-07  1.19999859e+00  1.23725000e-07  3.30000377e+00 
 1.23775000e-07  1.22345984e-06  1.23775000e-07 -1.45085929e-05  1.23775000e-07  1.20000126e+00  1.23775000e-07  3.29999612e+00 
 1.23825000e-07 -9.62085625e-07  1.23825000e-07  1.45874388e-05  1.23825000e-07  1.19999870e+00  1.23825000e-07  3.30000394e+00 
 1.23875000e-07  1.09000142e-06  1.23875000e-07 -1.41932484e-05  1.23875000e-07  1.20000115e+00  1.23875000e-07  3.29999598e+00 
 1.23925000e-07 -8.35509271e-07  1.23925000e-07  1.42426799e-05  1.23925000e-07  1.19999881e+00  1.23925000e-07  3.30000407e+00 
 1.23975000e-07  9.54616925e-07  1.23975000e-07 -1.38900327e-05  1.23975000e-07  1.20000105e+00  1.23975000e-07  3.29999587e+00 
 1.24025000e-07 -7.10205709e-07  1.24025000e-07  1.39211830e-05  1.24025000e-07  1.19999890e+00  1.24025000e-07  3.30000416e+00 
 1.24075000e-07  8.25733210e-07  1.24075000e-07 -1.36051961e-05  1.24075000e-07  1.20000096e+00  1.24075000e-07  3.29999579e+00 
 1.24125000e-07 -5.92867192e-07  1.24125000e-07  1.36247814e-05  1.24125000e-07  1.19999898e+00  1.24125000e-07  3.30000423e+00 
 1.24175000e-07  7.08006409e-07  1.24175000e-07 -1.33405853e-05  1.24175000e-07  1.20000089e+00  1.24175000e-07  3.29999573e+00 
 1.24225000e-07 -4.87034545e-07  1.24225000e-07  1.33525751e-05  1.24225000e-07  1.19999905e+00  1.24225000e-07  3.30000428e+00 
 1.24275000e-07  6.03617608e-07  1.24275000e-07 -1.30955922e-05  1.24275000e-07  1.20000082e+00  1.24275000e-07  3.29999569e+00 
 1.24325000e-07 -3.94199583e-07  1.24325000e-07  1.31022730e-05  1.24325000e-07  1.19999911e+00  1.24325000e-07  3.30000431e+00 
 1.24375000e-07  5.13165981e-07  1.24375000e-07 -1.28683683e-05  1.24375000e-07  1.20000076e+00  1.24375000e-07  3.29999567e+00 
 1.24425000e-07 -3.14561888e-07  1.24425000e-07  1.28710177e-05  1.24425000e-07  1.19999917e+00  1.24425000e-07  3.30000432e+00 
 1.24475000e-07  4.36279431e-07  1.24475000e-07 -1.26565604e-05  1.24475000e-07  1.20000071e+00  1.24475000e-07  3.29999566e+00 
 1.24525000e-07 -2.47543484e-07  1.24525000e-07  1.26558705e-05  1.24525000e-07  1.19999921e+00  1.24525000e-07  3.30000433e+00 
 1.24575000e-07  3.72026879e-07  1.24575000e-07 -1.24577399e-05  1.24575000e-07  1.20000067e+00  1.24575000e-07  3.29999566e+00 
 1.24625000e-07 -1.92134080e-07  1.24625000e-07  1.24540792e-05  1.24625000e-07  1.19999925e+00  1.24625000e-07  3.30000433e+00 
 1.24675000e-07  3.19192127e-07  1.24675000e-07 -1.22696366e-05  1.24675000e-07  1.20000063e+00  1.24675000e-07  3.29999567e+00 
 1.24725000e-07 -1.47118393e-07  1.24725000e-07  1.22632079e-05  1.24725000e-07  1.19999929e+00  1.24725000e-07  3.30000431e+00 
 1.24775000e-07  2.76451388e-07  1.24775000e-07 -1.20902505e-05  1.24775000e-07  1.20000060e+00  1.24775000e-07  3.29999568e+00 
 1.24825000e-07 -1.11221835e-07  1.24825000e-07  1.20811841e-05  1.24825000e-07  1.19999932e+00  1.24825000e-07  3.30000430e+00 
 1.24875000e-07  2.42484707e-07  1.24875000e-07 -1.19178917e-05  1.24875000e-07  1.20000057e+00  1.24875000e-07  3.29999570e+00 
 1.24925000e-07 -8.32003119e-08  1.24925000e-07  1.19062962e-05  1.24925000e-07  1.19999934e+00  1.24925000e-07  3.30000427e+00 
 1.24975000e-07  2.16042009e-07  1.24975000e-07 -1.17511773e-05  1.24975000e-07  1.20000055e+00  1.24975000e-07  3.29999573e+00 
 1.25025000e-07 -6.18920726e-08  1.25025000e-07  1.17371662e-05  1.25025000e-07  1.19999936e+00  1.25025000e-07  3.30000424e+00 
 1.25075000e-07  1.95979097e-07  1.25075000e-07 -1.15890064e-05  1.25075000e-07  1.20000053e+00  1.25075000e-07  3.29999576e+00 
 1.25125000e-07 -4.62444662e-08  1.25125000e-07  1.15727090e-05  1.25125000e-07  1.19999938e+00  1.25125000e-07  3.30000421e+00 
 1.25175000e-07  1.81273695e-07  1.25175000e-07 -1.14305246e-05  1.25175000e-07  1.20000051e+00  1.25175000e-07  3.29999580e+00 
 1.25225000e-07 -3.53242096e-08  1.25225000e-07  1.14120885e-05  1.25225000e-07  1.19999940e+00  1.25225000e-07  3.30000417e+00 
 1.25275000e-07  1.71028692e-07  1.25275000e-07 -1.12750858e-05  1.25275000e-07  1.20000050e+00  1.25275000e-07  3.29999584e+00 
 1.25325000e-07 -2.83174772e-08  1.25325000e-07  1.12546746e-05  1.25325000e-07  1.19999942e+00  1.25325000e-07  3.30000413e+00 
 1.25375000e-07  1.64467828e-07  1.25375000e-07 -1.11222148e-05  1.25375000e-07  1.20000048e+00  1.25375000e-07  3.29999588e+00 
 1.25425000e-07 -2.45237492e-08  1.25425000e-07  1.11000044e-05  1.25425000e-07  1.19999943e+00  1.25425000e-07  3.30000409e+00 
 1.25475000e-07  1.60926918e-07  1.25475000e-07 -1.09715739e-05  1.25475000e-07  1.20000047e+00  1.25475000e-07  3.29999592e+00 
 1.25525000e-07 -2.33463855e-08  1.25525000e-07  1.09477474e-05  1.25525000e-07  1.19999944e+00  1.25525000e-07  3.30000404e+00 
 1.25575000e-07  1.59842824e-07  1.25575000e-07 -1.08229332e-05  1.25575000e-07  1.20000045e+00  1.25575000e-07  3.29999597e+00 
 1.25625000e-07 -2.42816816e-08  1.25625000e-07  1.07976764e-05  1.25625000e-07  1.19999946e+00  1.25625000e-07  3.30000399e+00 
 1.25675000e-07  1.60741784e-07  1.25675000e-07 -1.06761462e-05  1.25675000e-07  1.20000044e+00  1.25675000e-07  3.29999602e+00 
 1.25725000e-07 -2.69074819e-08  1.25725000e-07  1.06496432e-05  1.25725000e-07  1.19999947e+00  1.25725000e-07  3.30000394e+00 
 1.25775000e-07  1.63227828e-07  1.25775000e-07 -1.05311282e-05  1.25775000e-07  1.20000043e+00  1.25775000e-07  3.29999607e+00 
 1.25825000e-07 -3.08723371e-08  1.25825000e-07  1.05035588e-05  1.25825000e-07  1.19999948e+00  1.25825000e-07  3.30000389e+00 
 1.25875000e-07  1.66971956e-07  1.25875000e-07 -1.03878408e-05  1.25875000e-07  1.20000042e+00  1.25875000e-07  3.29999613e+00 
 1.25925000e-07 -3.58852612e-08  1.25925000e-07  1.03593772e-05  1.25925000e-07  1.19999949e+00  1.25925000e-07  3.30000383e+00 
 1.25975000e-07  1.71702142e-07  1.25975000e-07 -1.02462777e-05  1.25975000e-07  1.20000041e+00  1.25975000e-07  3.29999618e+00 
 1.26025000e-07 -4.17066506e-08  1.26025000e-07  1.02170831e-05  1.26025000e-07  1.19999949e+00  1.26025000e-07  3.30000378e+00 
 1.26075000e-07  1.77194573e-07  1.26075000e-07 -1.01064544e-05  1.26075000e-07  1.20000040e+00  1.26075000e-07  3.29999624e+00 
 1.26125000e-07 -4.81400770e-08  1.26125000e-07  1.00766814e-05  1.26125000e-07  1.19999950e+00  1.26125000e-07  3.30000372e+00 
 1.26175000e-07  1.83265860e-07  1.26175000e-07 -9.96840039e-06  1.26175000e-07  1.20000040e+00  1.26175000e-07  3.29999629e+00 
 1.26225000e-07 -5.50253373e-08  1.26225000e-07  9.93819062e-06  1.26225000e-07  1.19999951e+00  1.26225000e-07  3.30000367e+00 
 1.26275000e-07  1.89766381e-07  1.26275000e-07 -9.83215273e-06  1.26275000e-07  1.20000039e+00  1.26275000e-07  3.29999635e+00 
 1.26325000e-07 -6.22322746e-08  1.26325000e-07  9.80163621e-06  1.26325000e-07  1.19999952e+00  1.26325000e-07  3.30000361e+00 
 1.26375000e-07  1.96574507e-07  1.26375000e-07 -9.69775168e-06  1.26375000e-07  1.20000038e+00  1.26375000e-07  3.29999641e+00 
 1.26425000e-07 -6.96556451e-08  1.26425000e-07  9.66704697e-06  1.26425000e-07  1.19999953e+00  1.26425000e-07  3.30000355e+00 
 1.26475000e-07  2.03591837e-07  1.26475000e-07 -9.56523721e-06  1.26475000e-07  1.20000037e+00  1.26475000e-07  3.29999646e+00 
 1.26525000e-07 -7.72107946e-08  1.26525000e-07  9.53445164e-06  1.26525000e-07  1.19999953e+00  1.26525000e-07  3.30000349e+00 
 1.26575000e-07  2.10739011e-07  1.26575000e-07 -9.43464676e-06  1.26575000e-07  1.20000037e+00  1.26575000e-07  3.29999652e+00 
 1.26625000e-07 -8.48298785e-08  1.26625000e-07  9.40387679e-06  1.26625000e-07  1.19999954e+00  1.26625000e-07  3.30000344e+00 
 1.26675000e-07  2.17952364e-07  1.26675000e-07 -9.30601367e-06  1.26675000e-07  1.20000036e+00  1.26675000e-07  3.29999658e+00 
 1.26725000e-07 -9.24589128e-08  1.26725000e-07  9.27534554e-06  1.26725000e-07  1.19999955e+00  1.26725000e-07  3.30000338e+00 
 1.26775000e-07  2.25181053e-07  1.26775000e-07 -9.17936619e-06  1.26775000e-07  1.20000035e+00  1.26775000e-07  3.29999664e+00 
 1.26825000e-07 -1.00055131e-07  1.26825000e-07  9.14887640e-06  1.26825000e-07  1.19999955e+00  1.26825000e-07  3.30000332e+00 
 1.26875000e-07  2.32384703e-07  1.26875000e-07 -9.05472688e-06  1.26875000e-07  1.20000035e+00  1.26875000e-07  3.29999669e+00 
 1.26925000e-07 -1.07584978e-07  1.26925000e-07  9.02448299e-06  1.26925000e-07  1.19999956e+00  1.26925000e-07  3.30000326e+00 
 1.26975000e-07  2.39531448e-07  1.26975000e-07 -8.93211243e-06  1.26975000e-07  1.20000034e+00  1.26975000e-07  3.29999675e+00 
 1.27025000e-07 -1.15022306e-07  1.27025000e-07  8.90217357e-06  1.27025000e-07  1.19999957e+00  1.27025000e-07  3.30000321e+00 
 1.27075000e-07  2.46596356e-07  1.27075000e-07 -8.81153363e-06  1.27075000e-07  1.20000033e+00  1.27075000e-07  3.29999681e+00 
 1.27125000e-07 -1.22346973e-07  1.27125000e-07  8.78195139e-06  1.27125000e-07  1.19999957e+00  1.27125000e-07  3.30000315e+00 
 1.27175000e-07  2.53560080e-07  1.27175000e-07 -8.69299565e-06  1.27175000e-07  1.20000033e+00  1.27175000e-07  3.29999687e+00 
 1.27225000e-07 -1.29543723e-07  1.27225000e-07  8.66381457e-06  1.27225000e-07  1.19999958e+00  1.27225000e-07  3.30000309e+00 
 1.27275000e-07  2.60407828e-07  1.27275000e-07 -8.57649820e-06  1.27275000e-07  1.20000032e+00  1.27275000e-07  3.29999692e+00 
 1.27325000e-07 -1.36601151e-07  1.27325000e-07  8.54775648e-06  1.27325000e-07  1.19999958e+00  1.27325000e-07  3.30000304e+00 
 1.27375000e-07  2.67128440e-07  1.27375000e-07 -8.46203601e-06  1.27375000e-07  1.20000032e+00  1.27375000e-07  3.29999698e+00 
 1.27425000e-07 -1.43511035e-07  1.27425000e-07  8.43376605e-06  1.27425000e-07  1.19999959e+00  1.27425000e-07  3.30000298e+00 
 1.27475000e-07  2.73713713e-07  1.27475000e-07 -8.34959917e-06  1.27475000e-07  1.20000031e+00  1.27475000e-07  3.29999703e+00 
 1.27525000e-07 -1.50267642e-07  1.27525000e-07  8.32182821e-06  1.27525000e-07  1.19999959e+00  1.27525000e-07  3.30000293e+00 
 1.27575000e-07  2.80157787e-07  1.27575000e-07 -8.23917360e-06  1.27575000e-07  1.20000031e+00  1.27575000e-07  3.29999709e+00 
 1.27625000e-07 -1.56867198e-07  1.27625000e-07  8.21192427e-06  1.27625000e-07  1.19999960e+00  1.27625000e-07  3.30000287e+00 
 1.27675000e-07  2.86456703e-07  1.27675000e-07 -8.13074155e-06  1.27675000e-07  1.20000030e+00  1.27675000e-07  3.29999714e+00 
 1.27725000e-07 -1.63307581e-07  1.27725000e-07  8.10403220e-06  1.27725000e-07  1.19999960e+00  1.27725000e-07  3.30000282e+00 
 1.27775000e-07  2.92608000e-07  1.27775000e-07 -8.02428180e-06  1.27775000e-07  1.20000030e+00  1.27775000e-07  3.29999719e+00 
 1.27825000e-07 -1.69587854e-07  1.27825000e-07  7.99812714e-06  1.27825000e-07  1.19999961e+00  1.27825000e-07  3.30000277e+00 
 1.27875000e-07  2.98610428e-07  1.27875000e-07 -7.91977043e-06  1.27875000e-07  1.20000029e+00  1.27875000e-07  3.29999725e+00 
 1.27925000e-07 -1.75708131e-07  1.27925000e-07  7.89418182e-06  1.27925000e-07  1.19999961e+00  1.27925000e-07  3.30000271e+00 
 1.27975000e-07  3.04463698e-07  1.27975000e-07 -7.81718083e-06  1.27975000e-07  1.20000029e+00  1.27975000e-07  3.29999730e+00 
 1.28025000e-07 -1.81669262e-07  1.28025000e-07  7.79216666e-06  1.28025000e-07  1.19999962e+00  1.28025000e-07  3.30000266e+00 
 1.28075000e-07  3.10168223e-07  1.28075000e-07 -7.71648437e-06  1.28075000e-07  1.20000028e+00  1.28075000e-07  3.29999735e+00 
 1.28125000e-07 -1.87472671e-07  1.28125000e-07  7.69205046e-06  1.28125000e-07  1.19999962e+00  1.28125000e-07  3.30000261e+00 
 1.28175000e-07  3.15725055e-07  1.28175000e-07 -7.61765054e-06  1.28175000e-07  1.20000028e+00  1.28175000e-07  3.29999740e+00 
 1.28225000e-07 -1.93120314e-07  1.28225000e-07  7.59380041e-06  1.28225000e-07  1.19999963e+00  1.28225000e-07  3.30000256e+00 
 1.28275000e-07  3.21135686e-07  1.28275000e-07 -7.52064735e-06  1.28275000e-07  1.20000028e+00  1.28275000e-07  3.29999745e+00 
 1.28325000e-07 -1.98614433e-07  1.28325000e-07  7.49738248e-06  1.28325000e-07  1.19999963e+00  1.28325000e-07  3.30000251e+00 
 1.28375000e-07  3.26401972e-07  1.28375000e-07 -7.42544160e-06  1.28375000e-07  1.20000027e+00  1.28375000e-07  3.29999750e+00 
 1.28425000e-07 -2.03957585e-07  1.28425000e-07  7.40276175e-06  1.28425000e-07  1.19999963e+00  1.28425000e-07  3.30000247e+00 
 1.28475000e-07  3.31526023e-07  1.28475000e-07 -7.33199913e-06  1.28475000e-07  1.20000027e+00  1.28475000e-07  3.29999754e+00 
 1.28525000e-07 -2.09152450e-07  1.28525000e-07  7.30990247e-06  1.28525000e-07  1.19999964e+00  1.28525000e-07  3.30000242e+00 
 1.28575000e-07  3.36510155e-07  1.28575000e-07 -7.24028502e-06  1.28575000e-07  1.20000026e+00  1.28575000e-07  3.29999759e+00 
 1.28625000e-07 -2.14201926e-07  1.28625000e-07  7.21876836e-06  1.28625000e-07  1.19999964e+00  1.28625000e-07  3.30000237e+00 
 1.28675000e-07  3.41356852e-07  1.28675000e-07 -7.15026381e-06  1.28675000e-07  1.20000026e+00  1.28675000e-07  3.29999764e+00 
 1.28725000e-07 -2.19108944e-07  1.28725000e-07  7.12932287e-06  1.28725000e-07  1.19999965e+00  1.28725000e-07  3.30000233e+00 
 1.28775000e-07  3.46068694e-07  1.28775000e-07 -7.06189975e-06  1.28775000e-07  1.20000026e+00  1.28775000e-07  3.29999768e+00 
 1.28825000e-07 -2.23876522e-07  1.28825000e-07  7.04152921e-06  1.28825000e-07  1.19999965e+00  1.28825000e-07  3.30000228e+00 
 1.28875000e-07  3.50648341e-07  1.28875000e-07 -6.97515686e-06  1.28875000e-07  1.20000025e+00  1.28875000e-07  3.29999773e+00 
 1.28925000e-07 -2.28507687e-07  1.28925000e-07  6.95535054e-06  1.28925000e-07  1.19999965e+00  1.28925000e-07  3.30000224e+00 
 1.28975000e-07  3.55098475e-07  1.28975000e-07 -6.88999913e-06  1.28975000e-07  1.20000025e+00  1.28975000e-07  3.29999777e+00 
 1.29025000e-07 -2.33005501e-07  1.29025000e-07  6.87075017e-06  1.29025000e-07  1.19999966e+00  1.29025000e-07  3.30000219e+00 
 1.29075000e-07  3.59421840e-07  1.29075000e-07 -6.80639062e-06  1.29075000e-07  1.20000025e+00  1.29075000e-07  3.29999781e+00 
 1.29125000e-07 -2.37372996e-07  1.29125000e-07  6.78769151e-06  1.29125000e-07  1.19999966e+00  1.29125000e-07  3.30000215e+00 
 1.29175000e-07  3.63621157e-07  1.29175000e-07 -6.72429564e-06  1.29175000e-07  1.20000024e+00  1.29175000e-07  3.29999786e+00 
 1.29225000e-07 -2.41613168e-07  1.29225000e-07  6.70613836e-06  1.29225000e-07  1.19999966e+00  1.29225000e-07  3.30000211e+00 
 1.29275000e-07  3.67699153e-07  1.29275000e-07 -6.64367869e-06  1.29275000e-07  1.20000024e+00  1.29275000e-07  3.29999790e+00 
 1.29325000e-07 -2.45729031e-07  1.29325000e-07  6.62605484e-06  1.29325000e-07  1.19999967e+00  1.29325000e-07  3.30000207e+00 
 1.29375000e-07  3.71658549e-07  1.29375000e-07 -6.56450475e-06  1.29375000e-07  1.20000024e+00  1.29375000e-07  3.29999794e+00 
 1.29425000e-07 -2.49723514e-07  1.29425000e-07  6.54740559e-06  1.29425000e-07  1.19999967e+00  1.29425000e-07  3.30000203e+00 
 1.29475000e-07  3.75502035e-07  1.29475000e-07 -6.48673916e-06  1.29475000e-07  1.20000023e+00  1.29475000e-07  3.29999798e+00 
 1.29525000e-07 -2.53599541e-07  1.29525000e-07  6.47015567e-06  1.29525000e-07  1.19999967e+00  1.29525000e-07  3.30000199e+00 
 1.29575000e-07  3.79232273e-07  1.29575000e-07 -6.41034779e-06  1.29575000e-07  1.20000023e+00  1.29575000e-07  3.29999802e+00 
 1.29625000e-07 -2.57359949e-07  1.29625000e-07  6.39427077e-06  1.29625000e-07  1.19999968e+00  1.29625000e-07  3.30000195e+00 
 1.29675000e-07  3.82851853e-07  1.29675000e-07 -6.33529710e-06  1.29675000e-07  1.20000023e+00  1.29675000e-07  3.29999806e+00 
 1.29725000e-07 -2.61007530e-07  1.29725000e-07  6.31971718e-06  1.29725000e-07  1.19999968e+00  1.29725000e-07  3.30000191e+00 
 1.29775000e-07  3.86363398e-07  1.29775000e-07 -6.26155406e-06  1.29775000e-07  1.20000022e+00  1.29775000e-07  3.29999809e+00 
 1.29825000e-07 -2.64545049e-07  1.29825000e-07  6.24646180e-06  1.29825000e-07  1.19999968e+00  1.29825000e-07  3.30000188e+00 
 1.29875000e-07  3.89769419e-07  1.29875000e-07 -6.18908635e-06  1.29875000e-07  1.20000022e+00  1.29875000e-07  3.29999813e+00 
 1.29925000e-07 -2.67975187e-07  1.29925000e-07  6.17447221e-06  1.29925000e-07  1.19999968e+00  1.29925000e-07  3.30000184e+00 
 1.29962500e-07  3.93621084e-07  1.29962500e-07 -6.10609088e-06  1.29962500e-07  1.20000022e+00  1.29962500e-07  3.29999817e+00 
 1.30000000e-07 -2.72366423e-07  1.30000000e-07  6.08043388e-06  1.30000000e-07  1.19999969e+00  1.30000000e-07  3.30000179e+00 
 1.30005000e-07 -1.21817787e-05  1.30005000e-07 -6.45483027e-05  1.30005000e-07  1.19999767e+00  1.30005000e-07  3.29998770e+00 
 1.30015000e-07  6.04248028e-06  1.30015000e-07  1.91275023e-06  1.30015000e-07  1.20000282e+00  1.30015000e-07  3.30000539e+00 
 1.30035000e-07  6.13942967e-06  1.30035000e-07  1.49495488e-05  1.30035000e-07  1.19999971e+00  1.30035000e-07  3.30000226e+00 
 1.30075000e-07 -6.93687261e-06  1.30075000e-07  1.71263773e-05  1.30075000e-07  1.19999882e+00  1.30075000e-07  3.30000253e+00 
 1.30125000e-07  4.07178644e-05  1.30125000e-07  1.44503835e-04  1.30125000e-07  1.20000409e+00  1.30125000e-07  3.30001308e+00 
 1.30162500e-07  4.81236139e-05  1.30162500e-07  1.95890073e-04  1.30162500e-07  1.19999866e+00  1.30162500e-07  3.30001058e+00 
 1.30200000e-07 -8.51030010e-04  1.30200000e-07  5.24197776e-06  1.30200000e-07  1.19992108e+00  1.30200000e-07  3.29997604e+00 
 1.30205000e-07 -9.46966019e-04  1.30205000e-07 -9.08795430e-05  1.30205000e-07  1.19993474e+00  1.30205000e-07  3.29996234e+00 
 1.30215000e-07 -3.57774977e-04  1.30215000e-07 -4.28562744e-04  1.30215000e-07  1.20009648e+00  1.30215000e-07  3.29991136e+00 
 1.30235000e-07  2.07968396e-04  1.30235000e-07 -1.20406894e-03  1.30235000e-07  1.20006461e+00  1.30235000e-07  3.29983638e+00 
 1.30275000e-07  2.52646829e-04  1.30275000e-07 -2.16385271e-03  1.30275000e-07  1.19997046e+00  1.30275000e-07  3.29985249e+00 
 1.30322812e-07  3.73110168e-04  1.30322812e-07 -1.53641658e-03  1.30322812e-07  1.20002643e+00  1.30322812e-07  3.30006347e+00 
 1.30367736e-07 -2.90262188e-04  1.30367736e-07  2.65941035e-03  1.30367736e-07  1.19993350e+00  1.30367736e-07  3.30050865e+00 
 1.30417736e-07  2.19392570e-04  1.30417736e-07 -1.21103070e-03  1.30417736e-07  1.20007404e+00  1.30417736e-07  3.29958105e+00 
 1.30467736e-07 -1.58548592e-04  1.30467736e-07  2.09517512e-03  1.30467736e-07  1.19993170e+00  1.30467736e-07  3.30036510e+00 
 1.30517736e-07  1.11779324e-04  1.30517736e-07 -4.00167503e-04  1.30517736e-07  1.20005665e+00  1.30517736e-07  3.29971385e+00 
 1.30567736e-07 -7.44684429e-05  1.30567736e-07  8.79439516e-04  1.30567736e-07  1.19995617e+00  1.30567736e-07  3.30016232e+00 
 1.30617736e-07  4.61959374e-05  1.30617736e-07 -2.76619516e-04  1.30617736e-07  1.20003153e+00  1.30617736e-07  3.29983686e+00 
 1.30667736e-07 -2.39559483e-05  1.30667736e-07  3.26280803e-04  1.30667736e-07  1.19997895e+00  1.30667736e-07  3.30010636e+00 
 1.30717736e-07  7.36669436e-06  1.30717736e-07 -1.21757750e-04  1.30717736e-07  1.20001224e+00  1.30717736e-07  3.29990546e+00 
 1.30767736e-07  5.48755819e-06  1.30767736e-07  9.56774182e-05  1.30767736e-07  1.19999458e+00  1.30767736e-07  3.30006981e+00 
 1.30817736e-07 -1.47183021e-05  1.30817736e-07 -1.83256566e-05  1.30817736e-07  1.19999999e+00  1.30817736e-07  3.29994167e+00 
 1.30867736e-07  2.16749444e-05  1.30867736e-07 -5.85237935e-06  1.30867736e-07  1.20000389e+00  1.30867736e-07  3.30004523e+00 
 1.30917736e-07 -2.62670599e-05  1.30917736e-07  3.74810883e-05  1.30917736e-07  1.19999314e+00  1.30917736e-07  3.29996340e+00 
 1.30967736e-07  2.95329602e-05  1.30967736e-07 -5.08689491e-05  1.30967736e-07  1.20000875e+00  1.30967736e-07  3.30002851e+00 
 1.31017736e-07 -3.12414665e-05  1.31017736e-07  6.37297080e-05  1.31017736e-07  1.19998988e+00  1.31017736e-07  3.29997767e+00 
 1.31067736e-07  3.22504300e-05  1.31067736e-07 -6.92784877e-05  1.31067736e-07  1.20001075e+00  1.31067736e-07  3.30001689e+00 
 1.31117736e-07 -3.22133013e-05  1.31117736e-07  7.36757398e-05  1.31117736e-07  1.19998884e+00  1.31117736e-07  3.29998753e+00 
 1.31167736e-07  3.18852908e-05  1.31167736e-07 -7.47486503e-05  1.31167736e-07  1.20001106e+00  1.31167736e-07  3.30000865e+00 
 1.31217736e-07 -3.08570439e-05  1.31217736e-07  7.51564032e-05  1.31217736e-07  1.19998908e+00  1.31217736e-07  3.29999452e+00 
 1.31267736e-07  2.97953468e-05  1.31267736e-07 -7.39374472e-05  1.31267736e-07  1.20001043e+00  1.31267736e-07  3.30000275e+00 
 1.31317736e-07 -2.82540632e-05  1.31317736e-07  7.25008422e-05  1.31317736e-07  1.19998998e+00  1.31317736e-07  3.29999954e+00 
 1.31367736e-07  2.68410930e-05  1.31367736e-07 -7.02489332e-05  1.31367736e-07  1.20000934e+00  1.31367736e-07  3.29999849e+00 
 1.31417736e-07 -2.50868823e-05  1.31417736e-07  6.80473856e-05  1.31417736e-07  1.19999119e+00  1.31417736e-07  3.30000317e+00 
 1.31467736e-07  2.35596709e-05  1.31467736e-07 -6.54447389e-05  1.31467736e-07  1.20000807e+00  1.31467736e-07  3.29999540e+00 
 1.31517736e-07 -2.17751915e-05  1.31517736e-07  6.30280884e-05  1.31517736e-07  1.19999248e+00  1.31517736e-07  3.30000580e+00 
 1.31567736e-07  2.02750535e-05  1.31567736e-07 -6.04272885e-05  1.31567736e-07  1.20000680e+00  1.31567736e-07  3.29999315e+00 
 1.31617736e-07 -1.85660639e-05  1.31617736e-07  5.80690752e-05  1.31617736e-07  1.19999372e+00  1.31617736e-07  3.30000772e+00 
 1.31667736e-07  1.71719974e-05  1.31667736e-07 -5.56394302e-05  1.31667736e-07  1.20000560e+00  1.31667736e-07  3.29999151e+00 
 1.31717736e-07 -1.55945927e-05  1.31717736e-07  5.34655806e-05  1.31717736e-07  1.19999485e+00  1.31717736e-07  3.30000912e+00 
 1.31767736e-07  1.43457085e-05  1.31767736e-07 -5.12762533e-05  1.31767736e-07  1.20000454e+00  1.31767736e-07  3.29999032e+00 
 1.31817736e-07 -1.29245636e-05  1.31817736e-07  4.93336939e-05  1.31817736e-07  1.19999585e+00  1.31817736e-07  3.30001014e+00 
 1.31867736e-07  1.18350703e-05  1.31867736e-07 -4.74004895e-05  1.31867736e-07  1.20000361e+00  1.31867736e-07  3.29998945e+00 
 1.31917736e-07 -1.05755785e-05  1.31917736e-07  4.56947772e-05  1.31917736e-07  1.19999670e+00  1.31917736e-07  3.30001088e+00 
 1.31967736e-07  9.64470664e-06  1.31967736e-07 -4.40064284e-05  1.31967736e-07  1.20000282e+00  1.31967736e-07  3.29998882e+00 
 1.32017736e-07 -8.54097176e-06  1.32017736e-07  4.25226509e-05  1.32017736e-07  1.19999743e+00  1.32017736e-07  3.30001142e+00 
 1.32067736e-07  7.75946420e-06  1.32067736e-07 -4.10555067e-05  1.32067736e-07  1.20000216e+00  1.32067736e-07  3.29998836e+00 
 1.32117736e-07 -6.79948588e-06  1.32117736e-07  3.97698730e-05  1.32117736e-07  1.19999803e+00  1.32117736e-07  3.30001180e+00 
 1.32167736e-07  6.15376970e-06  1.32167736e-07 -3.84959781e-05  1.32167736e-07  1.20000161e+00  1.32167736e-07  3.29998804e+00 
 1.32217736e-07 -5.32274003e-06  1.32217736e-07  3.73821346e-05  1.32217736e-07  1.19999853e+00  1.32217736e-07  3.30001207e+00 
 1.32267736e-07  4.79754391e-06  1.32267736e-07 -3.62735228e-05  1.32267736e-07  1.20000116e+00  1.32267736e-07  3.29998781e+00 
 1.32317736e-07 -4.07988239e-06  1.32317736e-07  3.53058542e-05  1.32317736e-07  1.19999894e+00  1.32317736e-07  3.30001226e+00 
 1.32367736e-07  3.65982204e-06  1.32367736e-07 -3.43366774e-05  1.32367736e-07  1.20000079e+00  1.32367736e-07  3.29998766e+00 
 1.32417736e-07 -3.04037788e-06  1.32417736e-07  3.34918896e-05  1.32417736e-07  1.19999928e+00  1.32417736e-07  3.30001238e+00 
 1.32467736e-07  2.71086455e-06  1.32467736e-07 -3.26393201e-05  1.32467736e-07  1.20000049e+00  1.32467736e-07  3.29998756e+00 
 1.32517736e-07 -2.17557694e-06  1.32517736e-07  3.18970559e-05  1.32517736e-07  1.19999954e+00  1.32517736e-07  3.30001245e+00 
 1.32567736e-07  1.92328956e-06  1.32567736e-07 -3.11415135e-05  1.32567736e-07  1.20000024e+00  1.32567736e-07  3.29998752e+00 
 1.32617736e-07 -1.45950232e-06  1.32617736e-07  3.04844416e-05  1.32617736e-07  1.19999976e+00  1.32617736e-07  3.30001248e+00 
 1.32667736e-07  1.27258471e-06  1.32667736e-07 -2.98094642e-05  1.32667736e-07  1.20000005e+00  1.32667736e-07  3.29998751e+00 
 1.32717736e-07 -8.69150157e-07  1.32717736e-07  2.92351232e-05  1.32717736e-07  1.19999994e+00  1.32717736e-07  3.30001247e+00 
 1.32767736e-07  7.37214298e-07  1.32767736e-07 -2.86282973e-05  1.32767736e-07  1.19999990e+00  1.32767736e-07  3.29998753e+00 
 1.32817736e-07 -3.84464295e-07  1.32817736e-07  2.80979041e-05  1.32817736e-07  1.20000007e+00  1.32817736e-07  3.30001244e+00 
 1.32867736e-07  2.98621716e-07  1.32867736e-07 -2.75444423e-05  1.32867736e-07  1.19999977e+00  1.32867736e-07  3.29998757e+00 
 1.32917736e-07  1.17558156e-08  1.32917736e-07  2.70645895e-05  1.32917736e-07  1.20000018e+00  1.32917736e-07  3.30001238e+00 
 1.32967736e-07 -5.91410584e-08  1.32967736e-07 -2.65584358e-05  1.32967736e-07  1.19999967e+00  1.32967736e-07  3.29998764e+00 
 1.33017736e-07  3.34200539e-07  1.33017736e-07  2.61205373e-05  1.33017736e-07  1.20000027e+00  1.33017736e-07  3.30001231e+00 
 1.33067736e-07 -3.49590301e-07  1.33067736e-07 -2.56540592e-05  1.33067736e-07  1.19999960e+00  1.33067736e-07  3.29998772e+00 
 1.33117736e-07  5.95284355e-07  1.33117736e-07  2.52512698e-05  1.33117736e-07  1.20000034e+00  1.33117736e-07  3.30001222e+00 
 1.33167736e-07 -5.84115795e-07  1.33167736e-07 -2.48183446e-05  1.33167736e-07  1.19999954e+00  1.33167736e-07  3.29998782e+00 
 1.33217736e-07  8.05442118e-07  1.33217736e-07  2.44453376e-05  1.33217736e-07  1.20000039e+00  1.33217736e-07  3.30001211e+00 
 1.33267736e-07 -7.72269526e-07  1.33267736e-07 -2.40411057e-05  1.33267736e-07  1.19999950e+00  1.33267736e-07  3.29998793e+00 
 1.33317736e-07  9.73407296e-07  1.33317736e-07  2.36936811e-05  1.33317736e-07  1.20000043e+00  1.33317736e-07  3.30001200e+00 
 1.33367736e-07 -9.22031748e-07  1.33367736e-07 -2.33142771e-05  1.33367736e-07  1.19999946e+00  1.33367736e-07  3.29998805e+00 
 1.33417736e-07  1.10646467e-06  1.33417736e-07  2.29891043e-05  1.33417736e-07  1.20000046e+00  1.33417736e-07  3.30001187e+00 
 1.33467736e-07 -1.04004962e-06  1.33467736e-07 -2.26314474e-05  1.33467736e-07  1.19999944e+00  1.33467736e-07  3.29998819e+00 
 1.33517736e-07  1.21067457e-06  1.33517736e-07  2.23258771e-05  1.33517736e-07  1.20000048e+00  1.33517736e-07  3.30001173e+00 
 1.33567736e-07 -1.13184713e-06  1.33567736e-07 -2.19875055e-05  1.33567736e-07  1.19999942e+00  1.33567736e-07  3.29998833e+00 
 1.33617736e-07  1.29106862e-06  1.33617736e-07  2.16994238e-05  1.33617736e-07  1.20000049e+00  1.33617736e-07  3.30001159e+00 
 1.33667736e-07 -1.20200695e-06  1.33667736e-07 -2.13783627e-05  1.33667736e-07  1.19999941e+00  1.33667736e-07  3.29998847e+00 
 1.33717736e-07  1.35181807e-06  1.33717736e-07  2.11060752e-05  1.33717736e-07  1.20000050e+00  1.33717736e-07  3.30001144e+00 
 1.33767736e-07 -1.25432600e-06  1.33767736e-07 -2.08007317e-05  1.33767736e-07  1.19999940e+00  1.33767736e-07  3.29998863e+00 
 1.33817736e-07  1.39637734e-06  1.33817736e-07  2.05428714e-05  1.33817736e-07  1.20000050e+00  1.33817736e-07  3.30001128e+00 
 1.33867736e-07 -1.29194748e-06  1.33867736e-07 -2.02519504e-05  1.33867736e-07  1.19999940e+00  1.33867736e-07  3.29998878e+00 
 1.33917736e-07  1.42760523e-06  1.33917736e-07  2.00074045e-05  1.33917736e-07  1.20000050e+00  1.33917736e-07  3.30001113e+00 
 1.33967736e-07 -1.31747213e-06  1.33967736e-07 -1.97298421e-05  1.33967736e-07  1.19999940e+00  1.33967736e-07  3.29998894e+00 
 1.34017736e-07  1.44786675e-06  1.34017736e-07  1.94976943e-05  1.34017736e-07  1.20000050e+00  1.34017736e-07  3.30001096e+00 
 1.34067736e-07 -1.33305132e-06  1.34067736e-07 -1.92326059e-05  1.34067736e-07  1.19999940e+00  1.34067736e-07  3.29998910e+00 
 1.34117736e-07  1.45911818e-06  1.34117736e-07  1.90120906e-05  1.34117736e-07  1.20000050e+00  1.34117736e-07  3.30001080e+00 
 1.34167736e-07 -1.34046460e-06  1.34167736e-07 -1.87587291e-05  1.34167736e-07  1.19999941e+00  1.34167736e-07  3.29998927e+00 
 1.34217736e-07  1.46297783e-06  1.34217736e-07  1.85491963e-05  1.34217736e-07  1.20000049e+00  1.34217736e-07  3.30001064e+00 
 1.34267736e-07 -1.34118435e-06  1.34267736e-07 -1.83069203e-05  1.34267736e-07  1.19999941e+00  1.34267736e-07  3.29998943e+00 
 1.34317736e-07  1.46078482e-06  1.34317736e-07  1.81078078e-05  1.34317736e-07  1.20000049e+00  1.34317736e-07  3.30001047e+00 
 1.34367736e-07 -1.33642914e-06  1.34367736e-07 -1.78760565e-05  1.34367736e-07  1.19999942e+00  1.34367736e-07  3.29998960e+00 
 1.34417736e-07  1.45364766e-06  1.34417736e-07  1.76868685e-05  1.34417736e-07  1.20000048e+00  1.34417736e-07  3.30001030e+00 
 1.34467736e-07 -1.32720794e-06  1.34467736e-07 -1.74651428e-05  1.34467736e-07  1.19999943e+00  1.34467736e-07  3.29998977e+00 
 1.34517736e-07  1.44248444e-06  1.34517736e-07  1.72854337e-05  1.34517736e-07  1.20000047e+00  1.34517736e-07  3.30001014e+00 
 1.34567736e-07 -1.31435671e-06  1.34567736e-07 -1.70732813e-05  1.34567736e-07  1.19999944e+00  1.34567736e-07  3.29998993e+00 
 1.34617736e-07  1.42805601e-06  1.34617736e-07  1.69026437e-05  1.34617736e-07  1.20000046e+00  1.34617736e-07  3.30000997e+00 
 1.34667736e-07 -1.29856840e-06  1.34667736e-07 -1.66996480e-05  1.34667736e-07  1.19999945e+00  1.34667736e-07  3.29999010e+00 
 1.34717736e-07  1.41099328e-06  1.34717736e-07  1.65377029e-05  1.34717736e-07  1.20000045e+00  1.34717736e-07  3.30000981e+00 
 1.34767736e-07 -1.28041784e-06  1.34767736e-07 -1.63434748e-05  1.34767736e-07  1.19999946e+00  1.34767736e-07  3.29999026e+00 
 1.34817736e-07  1.39181974e-06  1.34817736e-07  1.61898653e-05  1.34817736e-07  1.20000044e+00  1.34817736e-07  3.30000965e+00 
 1.34867736e-07 -1.26038218e-06  1.34867736e-07 -1.60040370e-05  1.34867736e-07  1.19999947e+00  1.34867736e-07  3.29999042e+00 
 1.34917736e-07  1.37097009e-06  1.34917736e-07  1.58584229e-05  1.34917736e-07  1.20000043e+00  1.34917736e-07  3.30000949e+00 
 1.34967736e-07 -1.23885773e-06  1.34967736e-07 -1.56806434e-05  1.34967736e-07  1.19999948e+00  1.34967736e-07  3.29999058e+00 
 1.35017736e-07  1.34880541e-06  1.35017736e-07  1.55426978e-05  1.35017736e-07  1.20000042e+00  1.35017736e-07  3.30000933e+00 
 1.35067736e-07 -1.21617382e-06  1.35067736e-07 -1.53726297e-05  1.35067736e-07  1.19999949e+00  1.35067736e-07  3.29999074e+00 
 1.35117736e-07  1.32562590e-06  1.35117736e-07  1.52420364e-05  1.35117736e-07  1.20000040e+00  1.35117736e-07  3.30000917e+00 
 1.35167736e-07 -1.19260429e-06  1.35167736e-07 -1.50793536e-05  1.35167736e-07  1.19999951e+00  1.35167736e-07  3.29999089e+00 
 1.35217736e-07  1.30168119e-06  1.35217736e-07  1.49558056e-05  1.35217736e-07  1.20000039e+00  1.35217736e-07  3.30000902e+00 
 1.35267736e-07 -1.16837693e-06  1.35267736e-07 -1.48001918e-05  1.35267736e-07  1.19999952e+00  1.35267736e-07  3.29999104e+00 
 1.35317736e-07  1.27717894e-06  1.35317736e-07  1.46833899e-05  1.35317736e-07  1.20000038e+00  1.35317736e-07  3.30000887e+00 
 1.35367736e-07 -1.14368124e-06  1.35367736e-07 -1.45345377e-05  1.35367736e-07  1.19999953e+00  1.35367736e-07  3.29999119e+00 
 1.35417736e-07  1.25229191e-06  1.35417736e-07  1.44241901e-05  1.35417736e-07  1.20000037e+00  1.35417736e-07  3.30000872e+00 
 1.35467736e-07 -1.11867488e-06  1.35467736e-07 -1.42818002e-05  1.35467736e-07  1.19999954e+00  1.35467736e-07  3.29999133e+00 
 1.35517736e-07  1.22716381e-06  1.35517736e-07  1.41776221e-05  1.35517736e-07  1.20000036e+00  1.35517736e-07  3.30000858e+00 
 1.35567736e-07 -1.09348897e-06  1.35567736e-07 -1.40414030e-05  1.35567736e-07  1.19999955e+00  1.35567736e-07  3.29999148e+00 
 1.35617736e-07  1.20191414e-06  1.35617736e-07  1.39431165e-05  1.35617736e-07  1.20000035e+00  1.35617736e-07  3.30000844e+00 
 1.35667736e-07 -1.06823256e-06  1.35667736e-07 -1.38127844e-05  1.35667736e-07  1.19999956e+00  1.35667736e-07  3.29999162e+00 
 1.35717736e-07  1.17664225e-06  1.35717736e-07  1.37201184e-05  1.35717736e-07  1.20000034e+00  1.35717736e-07  3.30000830e+00 
 1.35767736e-07 -1.04299622e-06  1.35767736e-07 -1.35953974e-05  1.35767736e-07  1.19999957e+00  1.35767736e-07  3.29999175e+00 
 1.35817736e-07  1.15143057e-06  1.35817736e-07  1.35080878e-05  1.35817736e-07  1.20000033e+00  1.35817736e-07  3.30000817e+00 
 1.35867736e-07 -1.01785510e-06  1.35867736e-07 -1.33887095e-05  1.35867736e-07  1.19999958e+00  1.35867736e-07  3.29999188e+00 
 1.35917736e-07  1.12634746e-06  1.35917736e-07  1.33064995e-05  1.35917736e-07  1.20000032e+00  1.35917736e-07  3.30000804e+00 
 1.35967736e-07 -9.92871416e-07  1.35967736e-07 -1.31922035e-05  1.35967736e-07  1.19999959e+00  1.35967736e-07  3.29999201e+00 
 1.36017736e-07  1.10144943e-06  1.36017736e-07  1.31148433e-05  1.36017736e-07  1.20000031e+00  1.36017736e-07  3.30000791e+00 
 1.36067736e-07 -9.68096569e-07  1.36067736e-07 -1.30053770e-05  1.36067736e-07  1.19999960e+00  1.36067736e-07  3.29999214e+00 
 1.36117736e-07  1.07678310e-06  1.36117736e-07  1.29326246e-05  1.36117736e-07  1.20000030e+00  1.36117736e-07  3.30000779e+00 
 1.36167736e-07 -9.43572891e-07  1.36167736e-07 -1.28277438e-05  1.36167736e-07  1.19999961e+00  1.36167736e-07  3.29999226e+00 
 1.36217736e-07  1.05238677e-06  1.36217736e-07  1.27593647e-05  1.36217736e-07  1.20000029e+00  1.36217736e-07  3.30000766e+00 
 1.36267736e-07 -9.19335057e-07  1.36267736e-07 -1.26588330e-05  1.36267736e-07  1.19999962e+00  1.36267736e-07  3.29999238e+00 
 1.36317736e-07  1.02829174e-06  1.36317736e-07  1.25946005e-05  1.36317736e-07  1.20000028e+00  1.36317736e-07  3.30000755e+00 
 1.36367736e-07 -8.95411370e-07  1.36367736e-07 -1.24981900e-05  1.36367736e-07  1.19999963e+00  1.36367736e-07  3.29999250e+00 
 1.36417736e-07  1.00452346e-06  1.36417736e-07  1.24378852e-05  1.36417736e-07  1.20000027e+00  1.36417736e-07  3.30000743e+00 
 1.36467736e-07 -8.71824699e-07  1.36467736e-07 -1.23453764e-05  1.36467736e-07  1.19999964e+00  1.36467736e-07  3.29999261e+00 
 1.36517736e-07  9.81102391e-07  1.36517736e-07  1.22887884e-05  1.36517736e-07  1.20000026e+00  1.36517736e-07  3.30000732e+00 
 1.36567736e-07 -8.48593395e-07  1.36567736e-07 -1.21999698e-05  1.36567736e-07  1.19999965e+00  1.36567736e-07  3.29999272e+00 
 1.36617736e-07  9.58044856e-07  1.36617736e-07  1.21468958e-05  1.36617736e-07  1.20000025e+00  1.36617736e-07  3.30000721e+00 
 1.36667736e-07 -8.25731950e-07  1.36667736e-07 -1.20615643e-05  1.36667736e-07  1.19999966e+00  1.36667736e-07  3.29999283e+00 
 1.36717736e-07  9.35363629e-07  1.36717736e-07  1.20118093e-05  1.36717736e-07  1.20000024e+00  1.36717736e-07  3.30000710e+00 
 1.36767736e-07 -8.03251635e-07  1.36767736e-07 -1.19297700e-05  1.36767736e-07  1.19999967e+00  1.36767736e-07  3.29999294e+00 
 1.36817736e-07  9.13068533e-07  1.36817736e-07  1.18831470e-05  1.36817736e-07  1.20000023e+00  1.36817736e-07  3.30000700e+00 
 1.36867736e-07 -7.81160989e-07  1.36867736e-07 -1.18042134e-05  1.36867736e-07  1.19999967e+00  1.36867736e-07  3.29999304e+00 
 1.36917736e-07  8.91166885e-07  1.36917736e-07  1.17605432e-05  1.36917736e-07  1.20000022e+00  1.36917736e-07  3.30000690e+00 
 1.36967736e-07 -7.59466238e-07  1.36967736e-07 -1.16845367e-05  1.36967736e-07  1.19999968e+00  1.36967736e-07  3.29999314e+00 
 1.37017736e-07  8.69663861e-07  1.37017736e-07  1.16436479e-05  1.37017736e-07  1.20000022e+00  1.37017736e-07  3.30000680e+00 
 1.37067736e-07 -7.38171660e-07  1.37067736e-07 -1.15703977e-05  1.37067736e-07  1.19999969e+00  1.37067736e-07  3.29999323e+00 
 1.37117736e-07  8.48562861e-07  1.37117736e-07  1.15321265e-05  1.37117736e-07  1.20000021e+00  1.37117736e-07  3.30000671e+00 
 1.37167736e-07 -7.17279872e-07  1.37167736e-07 -1.14614699e-05  1.37167736e-07  1.19999970e+00  1.37167736e-07  3.29999333e+00 
 1.37217736e-07  8.27865765e-07  1.37217736e-07  1.14256601e-05  1.37217736e-07  1.20000020e+00  1.37217736e-07  3.30000661e+00 
 1.37267736e-07 -6.96792130e-07  1.37267736e-07 -1.13574416e-05  1.37267736e-07  1.19999971e+00  1.37267736e-07  3.29999342e+00 
 1.37317736e-07  8.07573188e-07  1.37317736e-07  1.13239443e-05  1.37317736e-07  1.20000019e+00  1.37317736e-07  3.30000652e+00 
 1.37367736e-07 -6.76708473e-07  1.37367736e-07 -1.12580162e-05  1.37367736e-07  1.19999971e+00  1.37367736e-07  3.29999351e+00 
 1.37417736e-07  7.87684638e-07  1.37417736e-07  1.12266896e-05  1.37417736e-07  1.20000019e+00  1.37417736e-07  3.30000643e+00 
 1.37467736e-07 -6.57027966e-07  1.37467736e-07 -1.11629112e-05  1.37467736e-07  1.19999972e+00  1.37467736e-07  3.29999360e+00 
 1.37517736e-07  7.68198715e-07  1.37517736e-07  1.11336205e-05  1.37517736e-07  1.20000018e+00  1.37517736e-07  3.30000635e+00 
 1.37567736e-07 -6.37748832e-07  1.37567736e-07 -1.10718583e-05  1.37567736e-07  1.19999973e+00  1.37567736e-07  3.29999368e+00 
 1.37617736e-07  7.49113277e-07  1.37617736e-07  1.10444754e-05  1.37617736e-07  1.20000017e+00  1.37617736e-07  3.30000626e+00 
 1.37667736e-07 -6.18868588e-07  1.37667736e-07 -1.09846025e-05  1.37667736e-07  1.19999973e+00  1.37667736e-07  3.29999376e+00 
 1.37717736e-07  7.30425493e-07  1.37717736e-07  1.09590061e-05  1.37717736e-07  1.20000017e+00  1.37717736e-07  3.30000618e+00 
 1.37767736e-07 -6.00384139e-07  1.37767736e-07 -1.09009023e-05  1.37767736e-07  1.19999974e+00  1.37767736e-07  3.29999385e+00 
 1.37817736e-07  7.12132021e-07  1.37817736e-07  1.08769772e-05  1.37817736e-07  1.20000016e+00  1.37817736e-07  3.30000610e+00 
 1.37867736e-07 -5.82291917e-07  1.37867736e-07 -1.08205287e-05  1.37867736e-07  1.19999975e+00  1.37867736e-07  3.29999392e+00 
 1.37917736e-07  6.94229036e-07  1.37917736e-07  1.07981659e-05  1.37917736e-07  1.20000015e+00  1.37917736e-07  3.30000602e+00 
 1.37967736e-07 -5.64587913e-07  1.37967736e-07 -1.07432648e-05  1.37967736e-07  1.19999975e+00  1.37967736e-07  3.29999400e+00 
 1.38017736e-07  6.76712347e-07  1.38017736e-07  1.07223613e-05  1.38017736e-07  1.20000015e+00  1.38017736e-07  3.30000595e+00 
 1.38067736e-07 -5.47267771e-07  1.38067736e-07 -1.06689058e-05  1.38067736e-07  1.19999976e+00  1.38067736e-07  3.29999408e+00 
 1.38117736e-07  6.59577444e-07  1.38117736e-07  1.06493641e-05  1.38117736e-07  1.20000014e+00  1.38117736e-07  3.30000587e+00 
 1.38167736e-07 -5.30326869e-07  1.38167736e-07 -1.05972581e-05  1.38167736e-07  1.19999977e+00  1.38167736e-07  3.29999415e+00 
 1.38217736e-07  6.42819551e-07  1.38217736e-07  1.05789861e-05  1.38217736e-07  1.20000013e+00  1.38217736e-07  3.30000580e+00 
 1.38267736e-07 -5.13760312e-07  1.38267736e-07 -1.05281388e-05  1.38267736e-07  1.19999977e+00  1.38267736e-07  3.29999422e+00 
 1.38317736e-07  6.26433668e-07  1.38317736e-07  1.05110499e-05  1.38317736e-07  1.20000013e+00  1.38317736e-07  3.30000573e+00 
 1.38367736e-07 -4.97563020e-07  1.38367736e-07 -1.04613756e-05  1.38367736e-07  1.19999978e+00  1.38367736e-07  3.29999429e+00 
 1.38417736e-07  6.10414626e-07  1.38417736e-07  1.04453882e-05  1.38417736e-07  1.20000012e+00  1.38417736e-07  3.30000566e+00 
 1.38467736e-07 -4.81729772e-07  1.38467736e-07 -1.03968063e-05  1.38467736e-07  1.19999978e+00  1.38467736e-07  3.29999436e+00 
 1.38517736e-07  5.94757131e-07  1.38517736e-07  1.03818432e-05  1.38517736e-07  1.20000012e+00  1.38517736e-07  3.30000559e+00 
 1.38567736e-07 -4.66255207e-07  1.38567736e-07 -1.03342780e-05  1.38567736e-07  1.19999979e+00  1.38567736e-07  3.29999443e+00 
 1.38617736e-07  5.79455753e-07  1.38617736e-07  1.03202670e-05  1.38617736e-07  1.20000011e+00  1.38617736e-07  3.30000553e+00 
 1.38667736e-07 -4.51133856e-07  1.38667736e-07 -1.02736471e-05  1.38667736e-07  1.19999979e+00  1.38667736e-07  3.29999449e+00 
 1.38717736e-07  5.64504977e-07  1.38717736e-07  1.02605200e-05  1.38717736e-07  1.20000011e+00  1.38717736e-07  3.30000546e+00 
 1.38767736e-07 -4.36360187e-07  1.38767736e-07 -1.02147784e-05  1.38767736e-07  1.19999980e+00  1.38767736e-07  3.29999456e+00 
 1.38817736e-07  5.49899244e-07  1.38817736e-07  1.02024716e-05  1.38817736e-07  1.20000010e+00  1.38817736e-07  3.30000540e+00 
 1.38867736e-07 -4.21928621e-07  1.38867736e-07 -1.01575454e-05  1.38867736e-07  1.19999980e+00  1.38867736e-07  3.29999462e+00 
 1.38917736e-07  5.35632931e-07  1.38917736e-07  1.01459989e-05  1.38917736e-07  1.20000010e+00  1.38917736e-07  3.30000534e+00 
 1.38967736e-07 -4.07833521e-07  1.38967736e-07 -1.01018291e-05  1.38967736e-07  1.19999981e+00  1.38967736e-07  3.29999468e+00 
 1.39017736e-07  5.21700401e-07  1.39017736e-07  1.00909868e-05  1.39017736e-07  1.20000009e+00  1.39017736e-07  3.30000528e+00 
 1.39067736e-07 -3.94069243e-07  1.39067736e-07 -1.00475184e-05  1.39067736e-07  1.19999981e+00  1.39067736e-07  3.29999474e+00 
 1.39117736e-07  5.08095976e-07  1.39117736e-07  1.00373277e-05  1.39117736e-07  1.20000009e+00  1.39117736e-07  3.30000522e+00 
 1.39167736e-07 -3.80630119e-07  1.39167736e-07 -9.99450885e-06  1.39167736e-07  1.19999982e+00  1.39167736e-07  3.29999480e+00 
 1.39217736e-07  4.94814005e-07  1.39217736e-07  9.98492078e-06  1.39217736e-07  1.20000008e+00  1.39217736e-07  3.30000516e+00 
 1.39267736e-07 -3.67510514e-07  1.39267736e-07 -9.94270314e-06  1.39267736e-07  1.19999982e+00  1.39267736e-07  3.29999486e+00 
 1.39317736e-07  4.81848839e-07  1.39317736e-07  9.93367174e-06  1.39317736e-07  1.20000008e+00  1.39317736e-07  3.30000510e+00 
 1.39367736e-07 -3.54704769e-07  1.39367736e-07 -9.89201020e-06  1.39367736e-07  1.19999983e+00  1.39367736e-07  3.29999492e+00 
 1.39417736e-07  4.69194827e-07  1.39417736e-07  9.88349266e-06  1.39417736e-07  1.20000008e+00  1.39417736e-07  3.30000504e+00 
 1.39467736e-07 -3.42207267e-07  1.39467736e-07 -9.84234510e-06  1.39467736e-07  1.19999983e+00  1.39467736e-07  3.29999497e+00 
 1.39517736e-07  4.56846351e-07  1.39517736e-07  9.83430145e-06  1.39517736e-07  1.20000007e+00  1.39517736e-07  3.30000499e+00 
 1.39567736e-07 -3.30012404e-07  1.39567736e-07 -9.79362861e-06  1.39567736e-07  1.19999983e+00  1.39567736e-07  3.29999503e+00 
 1.39617736e-07  4.44797835e-07  1.39617736e-07  9.78602167e-06  1.39617736e-07  1.20000007e+00  1.39617736e-07  3.30000493e+00 
 1.39667736e-07 -3.18114625e-07  1.39667736e-07 -9.74578699e-06  1.39667736e-07  1.19999984e+00  1.39667736e-07  3.29999508e+00 
 1.39717736e-07  4.33043728e-07  1.39717736e-07  9.73858216e-06  1.39717736e-07  1.20000006e+00  1.39717736e-07  3.30000488e+00 
 1.39767736e-07 -3.06508401e-07  1.39767736e-07 -9.69875161e-06  1.39767736e-07  1.19999984e+00  1.39767736e-07  3.29999514e+00 
 1.39817736e-07  4.21578521e-07  1.39817736e-07  9.69191674e-06  1.39817736e-07  1.20000006e+00  1.39817736e-07  3.30000482e+00 
 1.39867736e-07 -2.95188257e-07  1.39867736e-07 -9.65245873e-06  1.39867736e-07  1.19999984e+00  1.39867736e-07  3.29999519e+00 
 1.39917736e-07  4.10396758e-07  1.39917736e-07  9.64596399e-06  1.39917736e-07  1.20000006e+00  1.39917736e-07  3.30000477e+00 
 1.39958868e-07 -2.82975011e-07  1.39958868e-07 -9.60197448e-06  1.39958868e-07  1.19999985e+00  1.39958868e-07  3.29999525e+00 
 1.40000000e-07  3.97178434e-07  1.40000000e-07  9.59101131e-06  1.40000000e-07  1.20000005e+00  1.40000000e-07  3.30000471e+00 
 1.40005000e-07  1.37386794e-05  1.40005000e-07  1.50792749e-04  1.40005000e-07  1.20000250e+00  1.40005000e-07  3.30002882e+00 
 1.40015000e-07 -6.49672244e-06  1.40015000e-07  9.95804990e-06  1.40015000e-07  1.19999678e+00  1.40015000e-07  3.29999004e+00 
 1.40035000e-07 -7.03306188e-06  1.40035000e-07 -5.59373354e-05  1.40035000e-07  1.20000016e+00  1.40035000e-07  3.29999012e+00 
 1.40075000e-07  7.37077229e-06  1.40075000e-07 -5.71031654e-05  1.40075000e-07  1.20000123e+00  1.40075000e-07  3.29999413e+00 
 1.40125000e-07 -3.74866537e-05  1.40125000e-07 -1.40926645e-04  1.40125000e-07  1.19999592e+00  1.40125000e-07  3.29999351e+00 
 1.40162500e-07  1.24512434e-04  1.40162500e-07 -3.29694757e-04  1.40162500e-07  1.20001623e+00  1.40162500e-07  3.29997111e+00 
 1.40200000e-07  1.23425921e-03  1.40200000e-07  1.51574832e-03  1.40200000e-07  1.20009142e+00  1.40200000e-07  3.30023717e+00 
 1.40205000e-07  7.83027827e-04  1.40205000e-07  1.87189928e-03  1.40205000e-07  1.19997003e+00  1.40205000e-07  3.30026294e+00 
 1.40215000e-07 -9.67759558e-06  1.40215000e-07  3.00577127e-03  1.40215000e-07  1.19984066e+00  1.40215000e-07  3.30039338e+00 
 1.40235000e-07 -7.01928398e-04  1.40235000e-07  5.15131927e-03  1.40235000e-07  1.19993234e+00  1.40235000e-07  3.30052373e+00 
 1.40268085e-07 -3.49140944e-04  1.40268085e-07  9.92529228e-04  1.40268085e-07  1.20006404e+00  1.40268085e-07  3.29956105e+00 
 1.40303592e-07 -1.27278745e-04  1.40303592e-07 -1.60081613e-03  1.40303592e-07  1.19999189e+00  1.40303592e-07  3.29957011e+00 
 1.40351584e-07  6.08003637e-05  1.40351584e-07 -6.65556519e-04  1.40351584e-07  1.20001839e+00  1.40351584e-07  3.30006647e+00 
 1.40401584e-07 -5.13740909e-05  1.40401584e-07 -2.62209768e-03  1.40401584e-07  1.19998161e+00  1.40401584e-07  3.29979824e+00 
 1.40451584e-07  4.57240633e-05  1.40451584e-07  2.68969242e-04  1.40451584e-07  1.20001698e+00  1.40451584e-07  3.30030690e+00 
 1.40501584e-07 -4.05924666e-05  1.40501584e-07 -6.56718400e-04  1.40501584e-07  1.19998458e+00  1.40501584e-07  3.29991594e+00 
 1.40551584e-07  3.62233420e-05  1.40551584e-07  3.69580703e-04  1.40551584e-07  1.20001360e+00  1.40551584e-07  3.30011304e+00 
 1.40601584e-07 -3.20647404e-05  1.40601584e-07 -3.43133347e-04  1.40601584e-07  1.19998796e+00  1.40601584e-07  3.29991655e+00 
 1.40651584e-07  2.85786137e-05  1.40651584e-07  2.53288337e-04  1.40651584e-07  1.20001040e+00  1.40651584e-07  3.30007671e+00 
 1.40701584e-07 -2.52404506e-05  1.40701584e-07 -2.10037631e-04  1.40701584e-07  1.19999090e+00  1.40701584e-07  3.29993444e+00 
 1.40751584e-07  2.25009736e-05  1.40751584e-07  1.66056654e-04  1.40751584e-07  1.20000777e+00  1.40751584e-07  3.30005845e+00 
 1.40801584e-07 -1.98380691e-05  1.40801584e-07 -1.35105587e-04  1.40801584e-07  1.19999323e+00  1.40801584e-07  3.29994842e+00 
 1.40851584e-07  1.77066061e-05  1.40851584e-07  1.08818556e-04  1.40851584e-07  1.20000572e+00  1.40851584e-07  3.30004592e+00 
 1.40901584e-07 -1.55881933e-05  1.40901584e-07 -8.81518240e-05  1.40901584e-07  1.19999502e+00  1.40901584e-07  3.29995917e+00 
 1.40951584e-07  1.39408978e-05  1.40951584e-07  7.10700800e-05  1.40951584e-07  1.20000416e+00  1.40951584e-07  3.30003634e+00 
 1.41001584e-07 -1.22534568e-05  1.41001584e-07 -5.71164856e-05  1.41001584e-07  1.19999636e+00  1.41001584e-07  3.29996768e+00 
 1.41051584e-07  1.09896596e-05  1.41051584e-07  4.55344232e-05  1.41051584e-07  1.20000300e+00  1.41051584e-07  3.30002870e+00 
 1.41101584e-07 -9.64153100e-06  1.41101584e-07 -3.58759586e-05  1.41101584e-07  1.19999737e+00  1.41101584e-07  3.29997455e+00 
 1.41151584e-07  8.67879955e-06  1.41151584e-07  2.77799582e-05  1.41151584e-07  1.20000214e+00  1.41151584e-07  3.30002248e+00 
 1.41201584e-07 -7.59669674e-06  1.41201584e-07 -2.09210249e-05  1.41201584e-07  1.19999811e+00  1.41201584e-07  3.29998018e+00 
 1.41251584e-07  6.86958896e-06  1.41251584e-07  1.51108018e-05  1.41251584e-07  1.20000150e+00  1.41251584e-07  3.30001738e+00 
 1.41301584e-07 -5.99556271e-06  1.41301584e-07 -1.01140307e-05  1.41301584e-07  1.19999866e+00  1.41301584e-07  3.29998483e+00 
 1.41351584e-07  5.45254886e-06  1.41351584e-07  5.83662878e-06  1.41351584e-07  1.20000102e+00  1.41351584e-07  3.30001314e+00 
 1.41401584e-07 -4.74106536e-06  1.41401584e-07 -2.10066160e-06  1.41401584e-07  1.19999907e+00  1.41401584e-07  3.29998870e+00 
 1.41451584e-07  4.34175925e-06  1.41451584e-07 -1.13091661e-06  1.41451584e-07  1.20000067e+00  1.41451584e-07  3.30000960e+00 
 1.41501584e-07 -3.75717089e-06  1.41501584e-07  3.99978823e-06  1.41501584e-07  1.19999938e+00  1.41501584e-07  3.29999195e+00 
 1.41551584e-07  3.47008159e-06  1.41551584e-07 -6.50736653e-06  1.41551584e-07  1.20000041e+00  1.41551584e-07  3.30000661e+00 
 1.41601584e-07 -2.98444763e-06  1.41601584e-07  8.77030125e-06  1.41601584e-07  1.19999960e+00  1.41601584e-07  3.29999470e+00 
 1.41651584e-07  2.78479384e-06  1.41651584e-07 -1.07662363e-05  1.41651584e-07  1.20000021e+00  1.41651584e-07  3.30000407e+00 
 1.41701584e-07 -2.37657583e-06  1.41701584e-07  1.25996820e-05  1.41701584e-07  1.19999977e+00  1.41701584e-07  3.29999705e+00 
 1.41751584e-07  2.24521776e-06  1.41751584e-07 -1.42307113e-05  1.41751584e-07  1.20000007e+00  1.41751584e-07  3.30000189e+00 
 1.41801584e-07 -1.89737866e-06  1.41801584e-07  1.57524914e-05  1.41801584e-07  1.19999989e+00  1.41801584e-07  3.29999907e+00 
 1.41851584e-07  1.81934848e-06  1.41851584e-07 -1.71154817e-05  1.41851584e-07  1.19999996e+00  1.41851584e-07  3.30000001e+00 
 1.41901584e-07 -1.51868460e-06  1.41901584e-07  1.84062496e-05  1.41901584e-07  1.19999999e+00  1.41901584e-07  3.30000082e+00 
 1.41951584e-07  1.48231703e-06  1.41951584e-07 -1.95678799e-05  1.41951584e-07  1.19999988e+00  1.41951584e-07  3.29999837e+00 
 1.42000000e-07 -1.21416694e-06  1.42000000e-07  2.07172955e-05  1.42000000e-07  1.20000006e+00  1.42000000e-07  3.30000238e+00 
 1.42005000e-07  4.24036251e-04  1.42005000e-07  4.71887872e-03  1.42005000e-07  1.20007879e+00  1.42005000e-07  3.30089975e+00 
 1.42015000e-07  4.15516678e-04  1.42015000e-07  6.21955866e-03  1.42015000e-07  1.20001648e+00  1.42015000e-07  3.30081984e+00 
 1.42035000e-07  5.41118708e-05  1.42035000e-07  2.74817730e-03  1.42035000e-07  1.19994537e+00  1.42035000e-07  3.29989445e+00 
 1.42075000e-07  2.31831625e-04  1.42075000e-07  1.76011267e-03  1.42075000e-07  1.20004206e+00  1.42075000e-07  3.29983152e+00 
 1.42125000e-07 -1.09939477e-03  1.42125000e-07 -1.08160097e-02  1.42125000e-07  1.19988129e+00  1.42125000e-07  3.29856163e+00 
 1.42162500e-07 -1.76897801e-02  1.42162500e-07 -3.44456381e-02  1.42162500e-07  1.19867254e+00  1.42162500e-07  3.29674690e+00 
 1.42200000e-07  2.78202431e-02  1.42200000e-07 -6.12595532e-02  1.42200000e-07  1.20272669e+00  1.42200000e-07  3.29613926e+00 
 1.42205000e-07  6.22727101e-02  1.42205000e-07 -5.82505473e-02  1.42205000e-07  1.20490210e+00  1.42205000e-07  3.29734991e+00 
 1.42215000e-07  1.66514713e-01  1.42215000e-07 -4.41160351e-02  1.42215000e-07  1.20946322e+00  1.42215000e-07  3.30061542e+00 
 1.42235000e-07  3.46016520e-01  1.42235000e-07  3.37798296e-02  1.42235000e-07  1.20790962e+00  1.42235000e-07  3.31100856e+00 
 1.42263818e-07  9.56227570e-02  1.42263818e-07  2.73555396e-01  1.42263818e-07  1.18951501e+00  1.42263818e-07  3.32758389e+00 
 1.42295102e-07 -1.70960347e-02  1.42295102e-07  1.02681707e+00  1.42295102e-07  1.19735633e+00  1.42295102e-07  3.34688653e+00 
 1.42345102e-07  1.67437963e-02  1.42345102e-07  2.43490698e+00  1.42345102e-07  1.20153155e+00  1.42345102e-07  3.34592110e+00 
 1.42395102e-07 -1.52073540e-02  1.42395102e-07  1.93094282e+00  1.42395102e-07  1.19883174e+00  1.42395102e-07  3.27497326e+00 
 1.42445102e-07  1.37795791e-02  1.42445102e-07  1.97689418e-01  1.42445102e-07  1.20098251e+00  1.42445102e-07  3.23802556e+00 
 1.42495102e-07 -1.20660228e-02  1.42495102e-07 -4.37651411e-02  1.42495102e-07  1.19913426e+00  1.42495102e-07  3.27513993e+00 
 1.42545102e-07  1.08542099e-02  1.42545102e-07  4.46090801e-02  1.42545102e-07  1.20078057e+00  1.42545102e-07  3.29892409e+00 
 1.42595102e-07 -9.52197190e-03  1.42595102e-07 -2.68404465e-02  1.42595102e-07  1.19928852e+00  1.42595102e-07  3.29825142e+00 
 1.42645102e-07  8.54298337e-03  1.42645102e-07  1.94678799e-02  1.42645102e-07  1.20065257e+00  1.42645102e-07  3.30090496e+00 
 1.42695102e-07 -7.52024215e-03  1.42695102e-07 -1.31712953e-02  1.42695102e-07  1.19940047e+00  1.42695102e-07  3.29920741e+00 
 1.42745102e-07  6.73631573e-03  1.42745102e-07  9.30753474e-03  1.42745102e-07  1.20055128e+00  1.42745102e-07  3.30061394e+00 
 1.42795102e-07 -5.94775302e-03  1.42795102e-07 -6.47079584e-03  1.42795102e-07  1.19949369e+00  1.42795102e-07  3.29947887e+00 
 1.42845102e-07  5.32260078e-03  1.42845102e-07  4.56915816e-03  1.42845102e-07  1.20046450e+00  1.42845102e-07  3.30044198e+00 
 1.42895102e-07 -4.71178423e-03  1.42895102e-07 -3.21203050e-03  1.42895102e-07  1.19957469e+00  1.42895102e-07  3.29961330e+00 
 1.42945102e-07  4.21462982e-03  1.42945102e-07  2.26945763e-03  1.42945102e-07  1.20038875e+00  1.42945102e-07  3.30034175e+00 
 1.42995102e-07 -3.73969805e-03  1.42995102e-07 -1.59548106e-03  1.42995102e-07  1.19964537e+00  1.42995102e-07  3.29969374e+00 
 1.43045102e-07  3.34511785e-03  1.43045102e-07  1.11771303e-03  1.43045102e-07  1.20032286e+00  1.43045102e-07  3.30027659e+00 
 1.43095102e-07 -2.97470111e-03  1.43095102e-07 -7.72236367e-04  1.43095102e-07  1.19970657e+00  1.43095102e-07  3.29974831e+00 
 1.43145102e-07  2.66196728e-03  1.43145102e-07  5.23655146e-04  1.43145102e-07  1.20026611e+00  1.43145102e-07  3.30023019e+00 
 1.43195102e-07 -2.37232655e-03  1.43195102e-07 -3.41543094e-04  1.43195102e-07  1.19975900e+00  1.43195102e-07  3.29978848e+00 
 1.43245102e-07  2.12469031e-03  1.43245102e-07  2.09096105e-04  1.43245102e-07  1.20021777e+00  1.43245102e-07  3.30019502e+00 
 1.43295102e-07 -1.89771879e-03  1.43295102e-07 -1.10977771e-04  1.43295102e-07  1.19980344e+00  1.43295102e-07  3.29981962e+00 
 1.43345102e-07  1.70173506e-03  1.43345102e-07  3.92593842e-05  1.43345102e-07  1.20017698e+00  1.43345102e-07  3.30016724e+00 
 1.43395102e-07 -1.52353499e-03  1.43395102e-07  1.42080862e-05  1.43395102e-07  1.19984076e+00  1.43395102e-07  3.29984458e+00 
 1.43445102e-07  1.36846336e-03  1.43445102e-07 -5.31386218e-05  1.43445102e-07  1.20014288e+00  1.43445102e-07  3.30014468e+00 
 1.43495102e-07 -1.22831398e-03  1.43495102e-07  8.21071357e-05  1.43495102e-07  1.19987185e+00  1.43495102e-07  3.29986507e+00 
 1.43545102e-07  1.10431123e-03  1.43545102e-07 -1.02822016e-04  1.43545102e-07  1.20011457e+00  1.43545102e-07  3.30012599e+00 
 1.43595102e-07 -9.95357970e-04  1.43595102e-07  1.17952608e-04  1.43595102e-07  1.19989757e+00  1.43595102e-07  3.29988219e+00 
 1.43645102e-07  8.97588088e-04  1.43645102e-07 -1.28285630e-04  1.43645102e-07  1.20009123e+00  1.43645102e-07  3.30011026e+00 
 1.43695102e-07 -8.11153446e-04  1.43695102e-07  1.35458323e-04  1.43695102e-07  1.19991872e+00  1.43695102e-07  3.29989670e+00 
 1.43745102e-07  7.33974199e-04  1.43745102e-07 -1.39773610e-04  1.43745102e-07  1.20007209e+00  1.43745102e-07  3.30009684e+00 
 1.43795102e-07 -6.65369825e-04  1.43795102e-07  1.42303628e-04  1.43795102e-07  1.19993602e+00  1.43795102e-07  3.29990914e+00 
 1.43845102e-07  6.04361206e-04  1.43845102e-07 -1.43105962e-04  1.43845102e-07  1.20005648e+00  1.43845102e-07  3.30008527e+00 
 1.43895102e-07 -5.49861310e-04  1.43895102e-07  1.42920545e-04  1.43895102e-07  1.19995010e+00  1.43895102e-07  3.29991993e+00 
 1.43945102e-07  5.01563140e-04  1.43945102e-07 -1.41681673e-04  1.43945102e-07  1.20004380e+00  1.43945102e-07  3.30007519e+00 
 1.43995102e-07 -4.58081814e-04  1.43995102e-07  1.39916294e-04  1.43995102e-07  1.19996151e+00  1.43995102e-07  3.29992936e+00 
 1.44045102e-07  4.19930217e-04  1.44045102e-07 -1.37533018e-04  1.44045102e-07  1.20003354e+00  1.44045102e-07  3.30006634e+00 
 1.44095102e-07 -3.85222614e-04  1.44095102e-07  1.34883608e-04  1.44095102e-07  1.19997071e+00  1.44095102e-07  3.29993768e+00 
 1.44145102e-07  3.54981788e-04  1.44145102e-07 -1.31871477e-04  1.44145102e-07  1.20002529e+00  1.44145102e-07  3.30005851e+00 
 1.44195102e-07 -3.27224556e-04  1.44195102e-07  1.28767003e-04  1.44195102e-07  1.19997811e+00  1.44195102e-07  3.29994506e+00 
 1.44245102e-07  3.03196010e-04  1.44245102e-07 -1.25453433e-04  1.44245102e-07  1.20001866e+00  1.44245102e-07  3.30005154e+00 
 1.44295102e-07 -2.80942207e-04  1.44295102e-07  1.22150165e-04  1.44295102e-07  1.19998404e+00  1.44295102e-07  3.29995166e+00 
 1.44345102e-07  2.61798799e-04  1.44345102e-07 -1.18734383e-04  1.44345102e-07  1.20001337e+00  1.44345102e-07  3.30004529e+00 
 1.44395102e-07 -2.43901858e-04  1.44395102e-07  1.15389107e-04  1.44395102e-07  1.19998876e+00  1.44395102e-07  3.29995758e+00 
 1.44445102e-07  2.28604635e-04  1.44445102e-07 -1.11991435e-04  1.44445102e-07  1.20000916e+00  1.44445102e-07  3.30003967e+00 
 1.44495102e-07 -2.14157015e-04  1.44495102e-07  1.08698500e-04  1.44495102e-07  1.19999251e+00  1.44495102e-07  3.29996292e+00 
 1.44545102e-07  2.01891359e-04  1.44545102e-07 -1.05390143e-04  1.44545102e-07  1.20000582e+00  1.44545102e-07  3.30003460e+00 
 1.44595102e-07 -1.90175277e-04  1.44595102e-07  1.02204737e-04  1.44595102e-07  1.19999547e+00  1.44595102e-07  3.29996775e+00 
 1.44645102e-07  1.80301637e-04  1.44645102e-07 -9.90261477e-05  1.44645102e-07  1.20000319e+00  1.44645102e-07  3.30002999e+00 
 1.44695102e-07 -1.70749694e-04  1.44695102e-07  9.59788603e-05  1.44695102e-07  1.19999780e+00  1.44695102e-07  3.29997214e+00 
 1.44745102e-07  1.62765414e-04  1.44745102e-07 -9.29512103e-05  1.44745102e-07  1.20000113e+00  1.44745102e-07  3.30002580e+00 
 1.44795102e-07 -1.54929240e-04  1.44795102e-07  9.00571994e-05  1.44795102e-07  1.19999962e+00  1.44795102e-07  3.29997615e+00 
 1.44845102e-07  1.48438895e-04  1.44845102e-07 -8.71896238e-05  1.44845102e-07  1.19999953e+00  1.44845102e-07  3.30002197e+00 
 1.44895102e-07 -1.41964244e-04  1.44895102e-07  8.44544230e-05  1.44895102e-07  1.20000103e+00  1.44895102e-07  3.29997981e+00 
 1.44945102e-07  1.36656520e-04  1.44945102e-07 -8.17486108e-05  1.44945102e-07  1.19999829e+00  1.44945102e-07  3.30001847e+00 
 1.44995102e-07 -1.31263528e-04  1.44995102e-07  7.91718255e-05  1.44995102e-07  1.20000211e+00  1.44995102e-07  3.29998316e+00 
 1.45045102e-07  1.26893161e-04  1.45045102e-07 -7.66249447e-05  1.45045102e-07  1.19999735e+00  1.45045102e-07  3.30001526e+00 
 1.45095102e-07 -1.22360715e-04  1.45095102e-07  7.42026109e-05  1.45095102e-07  1.20000293e+00  1.45095102e-07  3.29998623e+00 
 1.45145102e-07  1.18734362e-04  1.45145102e-07 -7.18091736e-05  1.45145102e-07  1.19999664e+00  1.45145102e-07  3.30001232e+00 
 1.45195102e-07 -1.14887741e-04  1.45195102e-07  6.95352646e-05  1.45195102e-07  1.20000355e+00  1.45195102e-07  3.29998905e+00 
 1.45245102e-07  1.11852905e-04  1.45245102e-07 -6.72883148e-05  1.45245102e-07  1.19999611e+00  1.45245102e-07  3.30000961e+00 
 1.45295102e-07 -1.08554017e-04  1.45295102e-07  6.51557017e-05  1.45295102e-07  1.20000399e+00  1.45295102e-07  3.29999165e+00 
 1.45345102e-07  1.05990354e-04  1.45345102e-07 -6.30475685e-05  1.45345102e-07  1.19999574e+00  1.45345102e-07  3.30000712e+00 
 1.45395102e-07 -1.03130020e-04  1.45395102e-07  6.10486285e-05  1.45395102e-07  1.20000431e+00  1.45395102e-07  3.29999404e+00 
 1.45445102e-07  1.00942514e-04  1.45445102e-07 -5.90714005e-05  1.45445102e-07  1.19999548e+00  1.45445102e-07  3.30000482e+00 
 1.45495102e-07 -9.84343791e-05  1.45495102e-07  5.71983992e-05  1.45495102e-07  1.20000452e+00  1.45495102e-07  3.29999625e+00 
 1.45545102e-07  9.65479762e-05  1.45545102e-07 -5.53442172e-05  1.45545102e-07  1.19999531e+00  1.45545102e-07  3.30000270e+00 
 1.45595102e-07 -9.43237055e-05  1.45595102e-07  5.35895436e-05  1.45595102e-07  1.20000465e+00  1.45595102e-07  3.29999829e+00 
 1.45645102e-07  9.26790859e-05  1.45645102e-07 -5.18507778e-05  1.45645102e-07  1.19999521e+00  1.45645102e-07  3.30000074e+00 
 1.45695102e-07 -9.06845717e-05  1.45695102e-07  5.02070844e-05  1.45695102e-07  1.20000472e+00  1.45695102e-07  3.30000016e+00 
 1.45745102e-07  8.92348290e-05  1.45745102e-07 -4.85764365e-05  1.45745102e-07  1.19999517e+00  1.45745102e-07  3.29999894e+00 
 1.45795102e-07 -8.74271966e-05  1.45795102e-07  4.70367184e-05  1.45795102e-07  1.20000474e+00  1.45795102e-07  3.30000190e+00 
 1.45845102e-07  8.61352171e-05  1.45845102e-07 -4.55072744e-05  1.45845102e-07  1.19999517e+00  1.45845102e-07  3.29999727e+00 
 1.45895102e-07 -8.44804638e-05  1.45895102e-07  4.40649091e-05  1.45895102e-07  1.20000472e+00  1.45895102e-07  3.30000351e+00 
 1.45945102e-07  8.33168628e-05  1.45945102e-07 -4.26301619e-05  1.45945102e-07  1.19999521e+00  1.45945102e-07  3.29999572e+00 
 1.45995102e-07 -8.17879936e-05  1.45995102e-07  4.12789237e-05  1.45995102e-07  1.20000467e+00  1.45995102e-07  3.30000499e+00 
 1.46045102e-07  8.07294880e-05  1.46045102e-07 -3.99327768e-05  1.46045102e-07  1.19999527e+00  1.46045102e-07  3.29999430e+00 
 1.46095102e-07 -7.93050447e-05  1.46095102e-07  3.86668350e-05  1.46095102e-07  1.20000460e+00  1.46095102e-07  3.30000636e+00 
 1.46145102e-07  7.83331694e-05  1.46145102e-07 -3.74035932e-05  1.46145102e-07  1.19999535e+00  1.46145102e-07  3.29999298e+00 
 1.46195102e-07 -7.69960695e-05  1.46195102e-07  3.62175014e-05  1.46195102e-07  1.20000451e+00  1.46195102e-07  3.30000763e+00 
 1.46245102e-07  7.60961651e-05  1.46245102e-07 -3.50318549e-05  1.46245102e-07  1.19999544e+00  1.46245102e-07  3.29999176e+00 
 1.46295102e-07 -7.48327852e-05  1.46295102e-07  3.39205345e-05  1.46295102e-07  1.20000441e+00  1.46295102e-07  3.30000880e+00 
 1.46345102e-07  7.39931989e-05  1.46345102e-07 -3.28075389e-05  1.46345102e-07  1.19999555e+00  1.46345102e-07  3.29999063e+00 
 1.46395102e-07 -7.27926512e-05  1.46395102e-07  3.17662587e-05  1.46395102e-07  1.20000430e+00  1.46395102e-07  3.30000989e+00 
 1.46445102e-07  7.20041060e-05  1.46445102e-07 -3.07213131e-05  1.46445102e-07  1.19999566e+00  1.46445102e-07  3.29998959e+00 
 1.46495102e-07 -7.08576665e-05  1.46495102e-07  2.97456684e-05  1.46495102e-07  1.20000418e+00  1.46495102e-07  3.30001089e+00 
 1.46545102e-07  7.01127633e-05  1.46545102e-07 -2.87644932e-05  1.46545102e-07  1.19999578e+00  1.46545102e-07  3.29998862e+00 
 1.46595102e-07 -6.90134212e-05  1.46595102e-07  2.78503842e-05  1.46595102e-07  1.20000406e+00  1.46595102e-07  3.30001182e+00 
 1.46645102e-07  6.83062456e-05  1.46645102e-07 -2.69289982e-05  1.46645102e-07  1.19999590e+00  1.46645102e-07  3.29998773e+00 
 1.46695102e-07 -6.72483462e-05  1.46695102e-07  2.60726088e-05  1.46695102e-07  1.20000394e+00  1.46695102e-07  3.30001268e+00 
 1.46745102e-07  6.65741581e-05  1.46745102e-07 -2.52073086e-05  1.46745102e-07  1.19999603e+00  1.46745102e-07  3.29998691e+00 
 1.46795102e-07 -6.55531215e-05  1.46795102e-07  2.44050859e-05  1.46795102e-07  1.20000382e+00  1.46795102e-07  3.30001347e+00 
 1.46845102e-07  6.49081096e-05  1.46845102e-07 -2.35924246e-05  1.46845102e-07  1.19999615e+00  1.46845102e-07  3.29998614e+00 
 1.46895102e-07 -6.39202082e-05  1.46895102e-07  2.28410599e-05  1.46895102e-07  1.20000369e+00  1.46895102e-07  3.30001420e+00 
 1.46945102e-07  6.33012964e-05  1.46945102e-07 -2.20778284e-05  1.46945102e-07  1.19999627e+00  1.46945102e-07  3.29998544e+00 
 1.46995102e-07 -6.23434790e-05  1.46995102e-07  2.13742387e-05  1.46995102e-07  1.20000357e+00  1.46995102e-07  3.30001488e+00 
 1.47045102e-07  6.17481731e-05  1.47045102e-07 -2.06574473e-05  1.47045102e-07  1.19999639e+00  1.47045102e-07  3.29998479e+00 
 1.47095102e-07 -6.08179261e-05  1.47095102e-07  1.99987587e-05  1.47095102e-07  1.20000345e+00  1.47095102e-07  3.30001550e+00 
 1.47145102e-07  6.02441929e-05  1.47145102e-07 -1.93256206e-05  1.47145102e-07  1.19999651e+00  1.47145102e-07  3.29998419e+00 
 1.47195102e-07 -5.93394300e-05  1.47195102e-07  1.87091521e-05  1.47195102e-07  1.20000333e+00  1.47195102e-07  3.30001608e+00 
 1.47245102e-07  5.87856019e-05  1.47245102e-07 -1.80770681e-05  1.47245102e-07  1.19999663e+00  1.47245102e-07  3.29998364e+00 
 1.47295102e-07 -5.79045774e-05  1.47295102e-07  1.75003173e-05  1.47295102e-07  1.20000321e+00  1.47295102e-07  3.30001661e+00 
 1.47345102e-07  5.73692766e-05  1.47345102e-07 -1.69068613e-05  1.47345102e-07  1.19999675e+00  1.47345102e-07  3.29998313e+00 
 1.47395102e-07 -5.65105167e-05  1.47395102e-07  1.63674909e-05  1.47395102e-07  1.20000310e+00  1.47395102e-07  3.30001710e+00 
 1.47445102e-07  5.59925952e-05  1.47445102e-07 -1.58103967e-05  1.47445102e-07  1.19999686e+00  1.47445102e-07  3.29998266e+00 
 1.47495102e-07 -5.51548436e-05  1.47495102e-07  1.53062223e-05  1.47495102e-07  1.20000299e+00  1.47495102e-07  3.30001755e+00 
 1.47545102e-07  5.46533368e-05  1.47545102e-07 -1.47833717e-05  1.47545102e-07  1.19999697e+00  1.47545102e-07  3.29998222e+00 
 1.47595102e-07 -5.38355114e-05  1.47595102e-07  1.43123500e-05  1.47595102e-07  1.20000288e+00  1.47595102e-07  3.30001797e+00 
 1.47645102e-07  5.33495999e-05  1.47645102e-07 -1.38217616e-05  1.47645102e-07  1.19999708e+00  1.47645102e-07  3.29998183e+00 
 1.47695102e-07 -5.25507590e-05  1.47695102e-07  1.33819804e-05  1.47695102e-07  1.20000277e+00  1.47695102e-07  3.30001835e+00 
 1.47745102e-07  5.20797395e-05  1.47745102e-07 -1.29217994e-05  1.47745102e-07  1.19999718e+00  1.47745102e-07  3.29998146e+00 
 1.47795102e-07 -5.12990546e-05  1.47795102e-07  1.25114674e-05  1.47795102e-07  1.20000267e+00  1.47795102e-07  3.30001870e+00 
 1.47845102e-07  5.08423167e-05  1.47845102e-07 -1.20799565e-05  1.47845102e-07  1.19999728e+00  1.47845102e-07  3.29998113e+00 
 1.47895102e-07 -5.00790510e-05  1.47895102e-07  1.16973949e-05  1.47895102e-07  1.20000257e+00  1.47895102e-07  3.30001902e+00 
 1.47945102e-07  4.96360584e-05  1.47945102e-07 -1.12929254e-05  1.47945102e-07  1.19999738e+00  1.47945102e-07  3.29998082e+00 
 1.47995102e-07 -4.88895499e-05  1.47995102e-07  1.09365596e-05  1.47995102e-07  1.20000247e+00  1.47995102e-07  3.30001931e+00 
 1.48045102e-07  4.84598261e-05  1.48045102e-07 -1.05576038e-05  1.48045102e-07  1.19999748e+00  1.48045102e-07  3.29998054e+00 
 1.48095102e-07 -4.77294741e-05  1.48095102e-07  1.02259559e-05  1.48095102e-07  1.20000238e+00  1.48095102e-07  3.30001958e+00 
 1.48145102e-07  4.73125907e-05  1.48145102e-07 -9.87107955e-06  1.48145102e-07  1.19999757e+00  1.48145102e-07  3.29998028e+00 
 1.48195102e-07 -4.65978451e-05  1.48195102e-07  9.56276181e-06  1.48195102e-07  1.20000229e+00  1.48195102e-07  3.30001983e+00 
 1.48245102e-07  4.61934127e-05  1.48245102e-07 -9.23061770e-06  1.48245102e-07  1.19999766e+00  1.48245102e-07  3.29998004e+00 
 1.48295102e-07 -4.54937653e-05  1.48295102e-07  8.94432572e-06  1.48295102e-07  1.20000220e+00  1.48295102e-07  3.30002005e+00 
 1.48345102e-07  4.51014264e-05  1.48345102e-07 -8.63364760e-06  1.48345102e-07  1.19999775e+00  1.48345102e-07  3.29997983e+00 
 1.48395102e-07 -4.44164041e-05  1.48395102e-07  8.36815493e-06  1.48395102e-07  1.20000211e+00  1.48395102e-07  3.30002026e+00 
 1.48445102e-07  4.40358271e-05  1.48445102e-07 -8.07775180e-06  1.48445102e-07  1.19999783e+00  1.48445102e-07  3.29997963e+00 
 1.48495102e-07 -4.33649868e-05  1.48495102e-07  7.83190436e-06  1.48495102e-07  1.20000203e+00  1.48495102e-07  3.30002044e+00 
 1.48545102e-07  4.29958617e-05  1.48545102e-07 -7.56065539e-06  1.48545102e-07  1.19999791e+00  1.48545102e-07  3.29997946e+00 
 1.48595102e-07 -4.23387855e-05  1.48595102e-07  7.33336672e-06  1.48595102e-07  1.20000195e+00  1.48595102e-07  3.30002061e+00 
 1.48645102e-07  4.19808203e-05  1.48645102e-07 -7.08021643e-06  1.48645102e-07  1.19999799e+00  1.48645102e-07  3.29997930e+00 
 1.48695102e-07 -4.13371123e-05  1.48695102e-07  6.87046307e-06  1.48695102e-07  1.20000187e+00  1.48695102e-07  3.30002076e+00 
 1.48745102e-07  4.09900299e-05  1.48745102e-07 -6.63441697e-06  1.48745102e-07  1.19999807e+00  1.48745102e-07  3.29997915e+00 
 1.48795102e-07 -4.03593132e-05  1.48795102e-07  6.44123429e-06  1.48795102e-07  1.20000180e+00  1.48795102e-07  3.30002090e+00 
 1.48845102e-07  4.00228495e-05  1.48845102e-07 -6.22135491e-06  1.48845102e-07  1.19999814e+00  1.48845102e-07  3.29997902e+00 
 1.48895102e-07 -3.94047641e-05  1.48895102e-07  6.04383332e-06  1.48895102e-07  1.20000172e+00  1.48895102e-07  3.30002102e+00 
 1.48945102e-07  3.90786660e-05  1.48945102e-07 -5.83923641e-06  1.48945102e-07  1.19999821e+00  1.48945102e-07  3.29997891e+00 
 1.48995102e-07 -3.84728668e-05  1.48995102e-07  5.67651769e-06  1.48995102e-07  1.20000165e+00  1.48995102e-07  3.30002113e+00 
 1.49045102e-07  3.81568908e-05  1.49045102e-07 -5.48636879e-06  1.49045102e-07  1.19999828e+00  1.49045102e-07  3.29997880e+00 
 1.49095102e-07 -3.75630461e-05  1.49095102e-07  5.33764292e-06  1.49095102e-07  1.20000159e+00  1.49095102e-07  3.30002123e+00 
 1.49145102e-07  3.72569572e-05  1.49145102e-07 -5.16115419e-06  1.49145102e-07  1.19999835e+00  1.49145102e-07  3.29997871e+00 
 1.49195102e-07 -3.66747476e-05  1.49195102e-07  5.02565616e-06  1.49195102e-07  1.20000152e+00  1.49195102e-07  3.30002132e+00 
 1.49245102e-07  3.63783181e-05  1.49245102e-07 -4.86208352e-06  1.49245102e-07  1.19999842e+00  1.49245102e-07  3.29997863e+00 
 1.49295102e-07 -3.58074355e-05  1.49295102e-07  4.73909066e-06  1.49295102e-07  1.20000146e+00  1.49295102e-07  3.30002140e+00 
 1.49345102e-07  3.55204448e-05  1.49345102e-07 -4.58773085e-06  1.49345102e-07  1.19999848e+00  1.49345102e-07  3.29997856e+00 
 1.49395102e-07 -3.49605912e-05  1.49395102e-07  4.47656009e-06  1.49395102e-07  1.20000139e+00  1.49395102e-07  3.30002146e+00 
 1.49445102e-07  3.46828248e-05  1.49445102e-07 -4.33674840e-06  1.49445102e-07  1.19999854e+00  1.49445102e-07  3.29997849e+00 
 1.49495102e-07 -3.41337120e-05  1.49495102e-07  4.23675385e-06  1.49495102e-07  1.20000133e+00  1.49495102e-07  3.30002152e+00 
 1.49545102e-07  3.38649611e-05  1.49545102e-07 -4.10786159e-06  1.49545102e-07  1.19999860e+00  1.49545102e-07  3.29997844e+00 
 1.49595102e-07 -3.33263099e-05  1.49595102e-07  4.01843245e-06  1.49595102e-07  1.20000128e+00  1.49595102e-07  3.30002157e+00 
 1.49645102e-07  3.30663710e-05  1.49645102e-07 -3.89986486e-06  1.49645102e-07  1.19999866e+00  1.49645102e-07  3.29997840e+00 
 1.49695102e-07 -3.25379107e-05  1.49695102e-07  3.82042309e-06  1.49695102e-07  1.20000122e+00  1.49695102e-07  3.30002161e+00 
 1.49745102e-07  3.22865855e-05  1.49745102e-07 -3.71161723e-06  1.49745102e-07  1.19999871e+00  1.49745102e-07  3.29997836e+00 
 1.49795102e-07 -3.17680535e-05  1.49795102e-07  3.64161573e-06  1.49795102e-07  1.20000116e+00  1.49795102e-07  3.30002165e+00 
 1.49845102e-07  3.15251483e-05  1.49845102e-07 -3.54203872e-06  1.49845102e-07  1.19999877e+00  1.49845102e-07  3.29997833e+00 
 1.49895102e-07 -3.10162896e-05  1.49895102e-07  3.48095952e-06  1.49895102e-07  1.20000111e+00  1.49895102e-07  3.30002167e+00 
 1.49945102e-07  3.07816152e-05  1.49945102e-07 -3.39010670e-06  1.49945102e-07  1.19999882e+00  1.49945102e-07  3.29997830e+00 
 1.49972551e-07 -2.99855316e-05  1.49972551e-07  3.28350607e-06  1.49972551e-07  1.20000104e+00  1.49972551e-07  3.30002170e+00 
 1.50000000e-07  2.94718744e-05  1.50000000e-07 -3.15369517e-06  1.50000000e-07  1.19999891e+00  1.50000000e-07  3.29997827e+00 
 1.50005000e-07 -8.79943370e-06  1.50005000e-07 -8.33129473e-05  1.50005000e-07  1.19999809e+00  1.50005000e-07  3.29998413e+00 
 1.50015000e-07  7.44866807e-06  1.50015000e-07  1.10813163e-05  1.50015000e-07  1.20000292e+00  1.50015000e-07  3.30000861e+00 
 1.50035000e-07  2.72819784e-06  1.50035000e-07  3.12707367e-05  1.50035000e-07  1.19999878e+00  1.50035000e-07  3.30000408e+00 
 1.50075000e-07 -5.47281073e-06  1.50075000e-07  6.29312560e-06  1.50075000e-07  1.19999983e+00  1.50075000e-07  3.30000009e+00 
 1.50125000e-07  2.74779043e-05  1.50125000e-07  1.64314158e-04  1.50125000e-07  1.20000236e+00  1.50125000e-07  3.30001590e+00 
 1.50162500e-07  9.25101722e-06  1.50162500e-07  2.27804585e-04  1.50162500e-07  1.19999730e+00  1.50162500e-07  3.30001318e+00 
 1.50200000e-07 -3.85226010e-04  1.50200000e-07 -3.38377617e-04  1.50200000e-07  1.19996613e+00  1.50200000e-07  3.29992739e+00 
 1.50205000e-07 -2.93585045e-04  1.50205000e-07 -5.93162111e-04  1.50205000e-07  1.19999673e+00  1.50205000e-07  3.29989188e+00 
 1.50215000e-07  4.99181634e-04  1.50215000e-07 -1.63089319e-03  1.50215000e-07  1.20014758e+00  1.50215000e-07  3.29973179e+00 
 1.50235000e-07  2.73253932e-04  1.50235000e-07 -2.26259183e-03  1.50235000e-07  1.19995021e+00  1.50235000e-07  3.29978321e+00 
 1.50266707e-07 -3.81866704e-04  1.50266707e-07  1.39458771e-03  1.50266707e-07  1.19994816e+00  1.50266707e-07  3.30043766e+00 
 1.50302812e-07  3.12103598e-04  1.50302812e-07  2.10412219e-03  1.50302812e-07  1.20008980e+00  1.50302812e-07  3.30018655e+00 
 1.50348817e-07 -2.23498417e-04  1.50348817e-07 -1.59406803e-03  1.50348817e-07  1.19990959e+00  1.50348817e-07  3.29958249e+00 
 1.50398817e-07  1.76830317e-04  1.50398817e-07  5.80468991e-04  1.50398817e-07  1.20007988e+00  1.50398817e-07  3.30022150e+00 
 1.50448817e-07 -1.36718454e-04  1.50448817e-07 -3.55532936e-04  1.50448817e-07  1.19993289e+00  1.50448817e-07  3.29990703e+00 
 1.50498817e-07  1.07022813e-04  1.50498817e-07  2.43744212e-04  1.50498817e-07  1.20005420e+00  1.50498817e-07  3.30006770e+00 
 1.50548817e-07 -8.20593009e-05  1.50548817e-07 -1.08593006e-04  1.50548817e-07  1.19995720e+00  1.50548817e-07  3.29995307e+00 
 1.50598817e-07  6.30003054e-05  1.50598817e-07  7.06632499e-05  1.50598817e-07  1.20003284e+00  1.50598817e-07  3.30003215e+00 
 1.50648817e-07 -4.70491828e-05  1.50648817e-07 -6.59895623e-06  1.50648817e-07  1.19997524e+00  1.50648817e-07  3.29997659e+00 
 1.50698817e-07  3.48816334e-05  1.50698817e-07 -1.65118057e-05  1.50698817e-07  1.20001802e+00  1.50698817e-07  3.30001468e+00 
 1.50748817e-07 -2.47122088e-05  1.50748817e-07  5.01636517e-05  1.50748817e-07  1.19998718e+00  1.50748817e-07  3.29999155e+00 
 1.50798817e-07  1.70784306e-05  1.50798817e-07 -6.61031096e-05  1.50798817e-07  1.20000854e+00  1.50798817e-07  3.30000223e+00 
 1.50848817e-07 -1.06799638e-05  1.50848817e-07  8.56534352e-05  1.50848817e-07  1.19999461e+00  1.50848817e-07  3.30000279e+00 
 1.50898817e-07  6.02374997e-06  1.50898817e-07 -9.66121834e-05  1.50898817e-07  1.20000280e+00  1.50898817e-07  3.29999242e+00 
 1.50948817e-07 -2.08368640e-06  1.50948817e-07  1.08656779e-04  1.50948817e-07  1.19999899e+00  1.50948817e-07  3.30001164e+00 
 1.50998817e-07 -6.31507531e-07  1.50998817e-07 -1.15970993e-04  1.50998817e-07  1.19999951e+00  1.50998817e-07  3.29998460e+00 
 1.51048817e-07  2.97937186e-06  1.51048817e-07  1.23524562e-04  1.51048817e-07  1.20000142e+00  1.51048817e-07  3.30001864e+00 
 1.51098817e-07 -4.44273247e-06  1.51098817e-07 -1.28188692e-04  1.51098817e-07  1.19999775e+00  1.51098817e-07  3.29997841e+00 
 1.51148817e-07  5.77044397e-06  1.51148817e-07  1.32840914e-04  1.51148817e-07  1.20000264e+00  1.51148817e-07  3.30002414e+00 
 1.51198817e-07 -6.43818473e-06  1.51198817e-07 -1.35595233e-04  1.51198817e-07  1.19999695e+00  1.51198817e-07  3.29997356e+00 
 1.51248817e-07  7.12313275e-06  1.51248817e-07  1.38324829e-04  1.51248817e-07  1.20000314e+00  1.51248817e-07  3.30002841e+00 
 1.51298817e-07 -7.29425104e-06  1.51298817e-07 -1.39680012e-04  1.51298817e-07  1.19999669e+00  1.51298817e-07  3.29996982e+00 
 1.51348817e-07  7.58240749e-06  1.51348817e-07  1.41033196e-04  1.51348817e-07  1.20000321e+00  1.51348817e-07  3.30003168e+00 
 1.51398817e-07 -7.45526502e-06  1.51398817e-07 -1.41427906e-04  1.51398817e-07  1.19999675e+00  1.51398817e-07  3.29996699e+00 
 1.51448817e-07  7.50746909e-06  1.51448817e-07  1.41839698e-04  1.51448817e-07  1.20000306e+00  1.51448817e-07  3.30003413e+00 
 1.51498817e-07 -7.20840080e-06  1.51498817e-07 -1.41544373e-04  1.51498817e-07  1.19999697e+00  1.51498817e-07  3.29996489e+00 
 1.51548817e-07  7.12791063e-06  1.51548817e-07  1.41296454e-04  1.51548817e-07  1.20000280e+00  1.51548817e-07  3.30003591e+00 
 1.51598817e-07 -6.73791731e-06  1.51598817e-07 -1.40514708e-04  1.51598817e-07  1.19999725e+00  1.51598817e-07  3.29996339e+00 
 1.51648817e-07  6.59036529e-06  1.51648817e-07  1.39804404e-04  1.51648817e-07  1.20000249e+00  1.51648817e-07  3.30003716e+00 
 1.51698817e-07 -6.16026959e-06  1.51698817e-07 -1.38683208e-04  1.51698817e-07  1.19999756e+00  1.51698817e-07  3.29996237e+00 
 1.51748817e-07  5.98647785e-06  1.51748817e-07  1.37650027e-04  1.51748817e-07  1.20000219e+00  1.51748817e-07  3.30003798e+00 
 1.51798817e-07 -5.54730483e-06  1.51798817e-07 -1.36294894e-04  1.51798817e-07  1.19999787e+00  1.51798817e-07  3.29996174e+00 
 1.51848817e-07  5.37187497e-06  1.51848817e-07  1.35037999e-04  1.51848817e-07  1.20000190e+00  1.51848817e-07  3.30003843e+00 
 1.51898817e-07 -4.94178763e-06  1.51898817e-07 -1.33524413e-04  1.51898817e-07  1.19999814e+00  1.51898817e-07  3.29996143e+00 
 1.51948817e-07  4.77882818e-06  1.51948817e-07  1.32114458e-04  1.51948817e-07  1.20000163e+00  1.51948817e-07  3.30003861e+00 
 1.51998817e-07 -4.36773708e-06  1.51998817e-07 -1.30496277e-04  1.51998817e-07  1.19999839e+00  1.51998817e-07  3.29996138e+00 
 1.52048817e-07  4.22466224e-06  1.52048817e-07  1.28983657e-04  1.52048817e-07  1.20000140e+00  1.52048817e-07  3.30003854e+00 
 1.52098817e-07 -3.83727288e-06  1.52098817e-07 -1.27299214e-04  1.52098817e-07  1.19999861e+00  1.52098817e-07  3.29996155e+00 
 1.52148817e-07  3.71730816e-06  1.52148817e-07  1.25719901e-04  1.52148817e-07  1.20000119e+00  1.52148817e-07  3.30003829e+00 
 1.52198817e-07 -3.35512313e-06  1.52198817e-07 -1.23996427e-04  1.52198817e-07  1.19999881e+00  1.52198817e-07  3.29996188e+00 
 1.52248817e-07  3.25894717e-06  1.52248817e-07  1.22376124e-04  1.52248817e-07  1.20000101e+00  1.52248817e-07  3.30003788e+00 
 1.52298817e-07 -2.92157091e-06  1.52298817e-07 -1.20632937e-04  1.52298817e-07  1.19999897e+00  1.52298817e-07  3.29996236e+00 
 1.52348817e-07  2.84838100e-06  1.52348817e-07  1.18990042e-04  1.52348817e-07  1.20000086e+00  1.52348817e-07  3.30003735e+00 
 1.52398817e-07 -2.53436053e-06  1.52398817e-07 -1.17240840e-04  1.52398817e-07  1.19999911e+00  1.52398817e-07  3.29996294e+00 
 1.52448817e-07  2.48255568e-06  1.52448817e-07  1.15588566e-04  1.52448817e-07  1.20000073e+00  1.52448817e-07  3.30003671e+00 
 1.52498817e-07 -2.18991373e-06  1.52498817e-07 -1.13843077e-04  1.52498817e-07  1.19999924e+00  1.52498817e-07  3.29996363e+00 
 1.52548817e-07  2.15752456e-06  1.52548817e-07  1.12190959e-04  1.52548817e-07  1.20000061e+00  1.52548817e-07  3.30003599e+00 
 1.52598817e-07 -1.88409019e-06  1.52598817e-07 -1.10456113e-04  1.52598817e-07  1.19999934e+00  1.52598817e-07  3.29996438e+00 
 1.52648817e-07  1.86904254e-06  1.52648817e-07  1.08811085e-04  1.52648817e-07  1.20000051e+00  1.52648817e-07  3.30003520e+00 
 1.52698817e-07 -1.61264912e-06  1.52698817e-07 -1.07091850e-04  1.52698817e-07  1.19999943e+00  1.52698817e-07  3.29996520e+00 
 1.52748817e-07  1.61291928e-06  1.52748817e-07  1.05459011e-04  1.52748817e-07  1.20000043e+00  1.52748817e-07  3.30003436e+00 
 1.52798817e-07 -1.37151671e-06  1.52798817e-07 -1.03758983e-04  1.52798817e-07  1.19999951e+00  1.52798817e-07  3.29996607e+00 
 1.52848817e-07  1.38521679e-06  1.52848817e-07  1.02142129e-04  1.52848817e-07  1.20000036e+00  1.52848817e-07  3.30003347e+00 
 1.52898817e-07 -1.15692909e-06  1.52898817e-07 -1.00463948e-04  1.52898817e-07  1.19999958e+00  1.52898817e-07  3.29996698e+00 
 1.52948817e-07  1.18234821e-06  1.52948817e-07  9.88659577e-05  1.52948817e-07  1.20000029e+00  1.52948817e-07  3.30003254e+00 
 1.52998817e-07 -9.65496772e-07  1.52998817e-07 -9.72115955e-05  1.52998817e-07  1.19999964e+00  1.52998817e-07  3.29996792e+00 
 1.53048817e-07  1.00111496e-06  1.53048817e-07  9.56346920e-05  1.53048817e-07  1.20000023e+00  1.53048817e-07  3.30003159e+00 
 1.53098817e-07 -7.94221345e-07  1.53098817e-07 -9.40056518e-05  1.53098817e-07  1.19999970e+00  1.53098817e-07  3.29996888e+00 
 1.53148817e-07  8.38707058e-07  1.53148817e-07  9.24515874e-05  1.53148817e-07  1.20000018e+00  1.53148817e-07  3.30003062e+00 
 1.53198817e-07 -6.40483654e-07  1.53198817e-07 -9.08490412e-05  1.53198817e-07  1.19999974e+00  1.53198817e-07  3.29996986e+00 
 1.53248817e-07  6.92682239e-07  1.53248817e-07  8.93192245e-05  1.53248817e-07  1.20000014e+00  1.53248817e-07  3.30002964e+00 
 1.53298817e-07 -5.02016781e-07  1.53298817e-07 -8.77441057e-05  1.53298817e-07  1.19999978e+00  1.53298817e-07  3.29997085e+00 
 1.53348817e-07  5.60934349e-07  1.53348817e-07  8.62396888e-05  1.53348817e-07  1.20000010e+00  1.53348817e-07  3.30002864e+00 
 1.53398817e-07 -3.76871681e-07  1.53398817e-07 -8.46927536e-05  1.53398817e-07  1.19999982e+00  1.53398817e-07  3.29997185e+00 
 1.53448817e-07  4.41657231e-07  1.53448817e-07  8.32146919e-05  1.53448817e-07  1.20000006e+00  1.53448817e-07  3.30002764e+00 
 1.53498817e-07 -2.63380380e-07  1.53498817e-07 -8.16965611e-05  1.53498817e-07  1.19999986e+00  1.53498817e-07  3.29997285e+00 
 1.53548817e-07  3.33307847e-07  1.53548817e-07  8.02456529e-05  1.53548817e-07  1.20000003e+00  1.53548817e-07  3.30002664e+00 
 1.53598817e-07 -1.60119889e-07  1.53598817e-07 -7.87568382e-05  1.53598817e-07  1.19999989e+00  1.53598817e-07  3.29997385e+00 
 1.53648817e-07  2.34571234e-07  1.53648817e-07  7.73337525e-05  1.53648817e-07  1.20000000e+00  1.53648817e-07  3.30002564e+00 
 1.53698817e-07 -6.58784808e-08  1.53698817e-07 -7.58746741e-05  1.53698817e-07  1.19999991e+00  1.53698817e-07  3.29997485e+00 
 1.53748817e-07  1.44328190e-07  1.53748817e-07  7.44799691e-05  1.53748817e-07  1.19999998e+00  1.53748817e-07  3.30002464e+00 
 1.53798817e-07  2.03749476e-08  1.53798817e-07 -7.30509668e-05  1.53798817e-07  1.19999994e+00  1.53798817e-07  3.29997585e+00 
 1.53848817e-07  6.16263178e-08  1.53848817e-07  7.16851022e-05  1.53848817e-07  1.19999995e+00  1.53848817e-07  3.30002365e+00 
 1.53898817e-07  9.95180119e-08  1.53898817e-07 -7.02864428e-05  1.53898817e-07  1.19999996e+00  1.53898817e-07  3.29997683e+00 
 1.53948817e-07 -1.43454476e-08  1.53948817e-07  6.89497899e-05  1.53948817e-07  1.19999993e+00  1.53948817e-07  3.30002266e+00 
 1.53998817e-07  1.72298632e-07  1.53998817e-07 -6.75816721e-05  1.53998817e-07  1.19999998e+00  1.53998817e-07  3.29997781e+00 
 1.54048817e-07 -8.42788927e-08  1.54048817e-07  6.62745197e-05  1.54048817e-07  1.19999991e+00  1.54048817e-07  3.30002169e+00 
 1.54098817e-07  2.39355391e-07  1.54098817e-07 -6.49370779e-05  1.54098817e-07  1.20000000e+00  1.54098817e-07  3.29997878e+00 
 1.54148817e-07 -1.48765546e-07  1.54148817e-07  6.36596381e-05  1.54148817e-07  1.19999989e+00  1.54148817e-07  3.30002073e+00 
 1.54198817e-07  3.01235187e-07  1.54198817e-07 -6.23529453e-05  1.54198817e-07  1.20000002e+00  1.54198817e-07  3.29997973e+00 
 1.54248817e-07 -2.08312795e-07  1.54248817e-07  6.11053583e-05  1.54248817e-07  1.19999988e+00  1.54248817e-07  3.30001979e+00 
 1.54298817e-07  3.58407917e-07  1.54298817e-07 -5.98294289e-05  1.54298817e-07  1.20000003e+00  1.54298817e-07  3.29998067e+00 
 1.54348817e-07 -2.63357517e-07  1.54348817e-07  5.86117669e-05  1.54348817e-07  1.19999986e+00  1.54348817e-07  3.30001886e+00 
 1.54398817e-07  4.11279117e-07  1.54398817e-07 -5.73665593e-05  1.54398817e-07  1.20000005e+00  1.54398817e-07  3.29998159e+00 
 1.54448817e-07 -3.14277661e-07  1.54448817e-07  5.61788308e-05  1.54448817e-07  1.19999985e+00  1.54448817e-07  3.30001794e+00 
 1.54498817e-07  4.60200470e-07  1.54498817e-07 -5.49642502e-05  1.54498817e-07  1.20000006e+00  1.54498817e-07  3.29998250e+00 
 1.54548817e-07 -3.61401872e-07  1.54548817e-07  5.38064036e-05  1.54548817e-07  1.19999983e+00  1.54548817e-07  3.30001704e+00 
 1.54598817e-07  5.05478612e-07  1.54598817e-07 -5.26223048e-05  1.54598817e-07  1.20000008e+00  1.54598817e-07  3.29998339e+00 
 1.54648817e-07 -4.05017462e-07  1.54648817e-07  5.14942328e-05  1.54648817e-07  1.19999982e+00  1.54648817e-07  3.30001616e+00 
 1.54698817e-07  5.47382409e-07  1.54698817e-07 -5.03404234e-05  1.54698817e-07  1.20000009e+00  1.54698817e-07  3.29998426e+00 
 1.54748817e-07 -4.45377228e-07  1.54748817e-07  4.92419663e-05  1.54748817e-07  1.19999981e+00  1.54748817e-07  3.30001530e+00 
 1.54798817e-07  5.86149205e-07  1.54798817e-07 -4.81182099e-05  1.54798817e-07  1.20000010e+00  1.54798817e-07  3.29998511e+00 
 1.54848817e-07 -4.82704951e-07  1.54848817e-07  4.70491600e-05  1.54848817e-07  1.19999980e+00  1.54848817e-07  3.30001446e+00 
 1.54898817e-07  6.21989728e-07  1.54898817e-07 -4.59551791e-05  1.54898817e-07  1.20000011e+00  1.54898817e-07  3.29998594e+00 
 1.54948817e-07 -5.17200048e-07  1.54948817e-07  4.49152846e-05  1.54948817e-07  1.19999979e+00  1.54948817e-07  3.30001364e+00 
 1.54998817e-07  6.55092407e-07  1.54998817e-07 -4.38507641e-05  1.54998817e-07  1.20000012e+00  1.54998817e-07  3.29998675e+00 
 1.55048817e-07 -5.49041351e-07  1.55048817e-07  4.28397326e-05  1.55048817e-07  1.19999978e+00  1.55048817e-07  3.30001283e+00 
 1.55098817e-07  6.85626805e-07  1.55098817e-07 -4.18043231e-05  1.55098817e-07  1.20000012e+00  1.55098817e-07  3.29998755e+00 
 1.55148817e-07 -5.78390387e-07  1.55148817e-07  4.08218255e-05  1.55148817e-07  1.19999978e+00  1.55148817e-07  3.30001205e+00 
 1.55198817e-07  7.13746497e-07  1.55198817e-07 -3.98151464e-05  1.55198817e-07  1.20000013e+00  1.55198817e-07  3.29998832e+00 
 1.55248817e-07 -6.05393818e-07  1.55248817e-07  3.88608206e-05  1.55248817e-07  1.19999977e+00  1.55248817e-07  3.30001129e+00 
 1.55298817e-07  7.39591424e-07  1.55298817e-07 -3.78824634e-05  1.55298817e-07  1.20000014e+00  1.55298817e-07  3.29998907e+00 
 1.55348817e-07 -6.30185750e-07  1.55348817e-07  3.69559178e-05  1.55348817e-07  1.19999976e+00  1.55348817e-07  3.30001054e+00 
 1.55398817e-07  7.63289904e-07  1.55398817e-07 -3.60054491e-05  1.55398817e-07  1.20000014e+00  1.55398817e-07  3.29998981e+00 
 1.55448817e-07 -6.52889510e-07  1.55448817e-07  3.51062659e-05  1.55448817e-07  1.19999976e+00  1.55448817e-07  3.30000982e+00 
 1.55498817e-07  7.84960250e-07  1.55498817e-07 -3.41832304e-05  1.55498817e-07  1.20000015e+00  1.55498817e-07  3.29999052e+00 
 1.55548817e-07 -6.73619045e-07  1.55548817e-07  3.33109685e-05  1.55548817e-07  1.19999975e+00  1.55548817e-07  3.30000912e+00 
 1.55598817e-07  8.04712070e-07  1.55598817e-07 -3.24148920e-05  1.55598817e-07  1.20000015e+00  1.55598817e-07  3.29999121e+00 
 1.55648817e-07 -6.92480203e-07  1.55648817e-07  3.15690907e-05  1.55648817e-07  1.19999975e+00  1.55648817e-07  3.30000844e+00 
 1.55698817e-07  8.22647420e-07  1.55698817e-07 -3.06994824e-05  1.55698817e-07  1.20000016e+00  1.55698817e-07  3.29999188e+00 
 1.55748817e-07 -7.09571754e-07  1.55748817e-07  2.98796636e-05  1.55748817e-07  1.19999974e+00  1.55748817e-07  3.30000778e+00 
 1.55798817e-07  8.38861713e-07  1.55798817e-07 -2.90360188e-05  1.55798817e-07  1.20000016e+00  1.55798817e-07  3.29999253e+00 
 1.55848817e-07 -7.24986182e-07  1.55848817e-07  2.82416901e-05  1.55848817e-07  1.19999974e+00  1.55848817e-07  3.30000714e+00 
 1.55898817e-07  8.53444475e-07  1.55898817e-07 -2.74234929e-05  1.55898817e-07  1.20000017e+00  1.55898817e-07  3.29999316e+00 
 1.55948817e-07 -7.38810456e-07  1.55948817e-07  2.66541497e-05  1.55948817e-07  1.19999974e+00  1.55948817e-07  3.30000651e+00 
 1.55998817e-07  8.66480028e-07  1.55998817e-07 -2.58608748e-05  1.55998817e-07  1.20000017e+00  1.55998817e-07  3.29999378e+00 
 1.56048817e-07 -7.51126575e-07  1.56048817e-07  2.51160029e-05  1.56048817e-07  1.19999973e+00  1.56048817e-07  3.30000591e+00 
 1.56098817e-07  8.78047979e-07  1.56098817e-07 -2.43471178e-05  1.56098817e-07  1.20000017e+00  1.56098817e-07  3.29999437e+00 
 1.56148817e-07 -7.62012065e-07  1.56148817e-07  2.36261955e-05  1.56148817e-07  1.19999973e+00  1.56148817e-07  3.30000533e+00 
 1.56198817e-07  8.88223699e-07  1.56198817e-07 -2.28811622e-05  1.56198817e-07  1.20000017e+00  1.56198817e-07  3.29999494e+00 
 1.56248817e-07 -7.71540412e-07  1.56248817e-07  2.21836621e-05  1.56248817e-07  1.19999973e+00  1.56248817e-07  3.30000477e+00 
 1.56298817e-07  8.97078702e-07  1.56298817e-07 -2.14619396e-05  1.56298817e-07  1.20000017e+00  1.56298817e-07  3.29999549e+00 
 1.56348817e-07 -7.79781360e-07  1.56348817e-07  2.07873304e-05  1.56348817e-07  1.19999973e+00  1.56348817e-07  3.30000422e+00 
 1.56398817e-07  9.04680934e-07  1.56398817e-07 -2.00883752e-05  1.56398817e-07  1.20000018e+00  1.56398817e-07  3.29999603e+00 
 1.56448817e-07 -7.86801303e-07  1.56448817e-07  1.94361236e-05  1.56448817e-07  1.19999973e+00  1.56448817e-07  3.30000370e+00 
 1.56498817e-07  9.11095100e-07  1.56498817e-07 -1.87593920e-05  1.56498817e-07  1.20000018e+00  1.56498817e-07  3.29999655e+00 
 1.56548817e-07 -7.92663457e-07  1.56548817e-07  1.81289639e-05  1.56548817e-07  1.19999973e+00  1.56548817e-07  3.30000319e+00 
 1.56598817e-07  9.16382870e-07  1.56598817e-07 -1.74739132e-05  1.56598817e-07  1.20000018e+00  1.56598817e-07  3.29999704e+00 
 1.56648817e-07 -7.97428097e-07  1.56648817e-07  1.68647751e-05  1.56648817e-07  1.19999973e+00  1.56648817e-07  3.30000270e+00 
 1.56698817e-07  9.20603091e-07  1.56698817e-07 -1.62308644e-05  1.56698817e-07  1.20000018e+00  1.56698817e-07  3.29999753e+00 
 1.56748817e-07 -8.01152797e-07  1.56748817e-07  1.56424849e-05  1.56748817e-07  1.19999973e+00  1.56748817e-07  3.30000223e+00 
 1.56798817e-07  9.23811967e-07  1.56798817e-07 -1.50291766e-05  1.56798817e-07  1.20000018e+00  1.56798817e-07  3.29999799e+00 
 1.56848817e-07 -8.03892538e-07  1.56848817e-07  1.44610272e-05  1.56848817e-07  1.19999973e+00  1.56848817e-07  3.30000177e+00 
 1.56898817e-07  9.26063202e-07  1.56898817e-07 -1.38677879e-05  1.56898817e-07  1.20000018e+00  1.56898817e-07  3.29999843e+00 
 1.56948817e-07 -8.05699877e-07  1.56948817e-07  1.33193440e-05  1.56948817e-07  1.19999973e+00  1.56948817e-07  3.30000134e+00 
 1.56998817e-07  9.27408148e-07  1.56998817e-07 -1.27456451e-05  1.56998817e-07  1.20000018e+00  1.56998817e-07  3.29999886e+00 
 1.57048817e-07 -8.06625105e-07  1.57048817e-07  1.22163871e-05  1.57048817e-07  1.19999973e+00  1.57048817e-07  3.30000091e+00 
 1.57098817e-07  9.27895967e-07  1.57098817e-07 -1.16617061e-05  1.57098817e-07  1.20000018e+00  1.57098817e-07  3.29999928e+00 
 1.57148817e-07 -8.06716316e-07  1.57148817e-07  1.11511200e-05  1.57148817e-07  1.19999973e+00  1.57148817e-07  3.30000051e+00 
 1.57198817e-07  9.27573672e-07  1.57198817e-07 -1.06149406e-05  1.57198817e-07  1.20000018e+00  1.57198817e-07  3.29999968e+00 
 1.57248817e-07 -8.06019587e-07  1.57248817e-07  1.01225186e-05  1.57248817e-07  1.19999973e+00  1.57248817e-07  3.30000012e+00 
 1.57298817e-07  9.26486291e-07  1.57298817e-07 -9.60433181e-06  1.57298817e-07  1.20000018e+00  1.57298817e-07  3.30000006e+00 
 1.57348817e-07 -8.04578958e-07  1.57348817e-07  9.12957332e-06  1.57348817e-07  1.19999973e+00  1.57348817e-07  3.29999974e+00 
 1.57398817e-07  9.24676892e-07  1.57398817e-07 -8.62887749e-06  1.57398817e-07  1.20000017e+00  1.57398817e-07  3.30000042e+00 
 1.57448817e-07 -8.02436658e-07  1.57448817e-07  8.17128921e-06  1.57448817e-07  1.19999973e+00  1.57448817e-07  3.29999938e+00 
 1.57498817e-07  9.22186785e-07  1.57498817e-07 -7.68759099e-06  1.57498817e-07  1.20000017e+00  1.57498817e-07  3.30000078e+00 
 1.57548817e-07 -7.99633087e-07  1.57548817e-07  7.24668757e-06  1.57548817e-07  1.19999973e+00  1.57548817e-07  3.29999904e+00 
 1.57598817e-07  9.19055442e-07  1.57598817e-07 -6.77950193e-06  1.57598817e-07  1.20000017e+00  1.57598817e-07  3.30000111e+00 
 1.57648817e-07 -7.96206933e-07  1.57648817e-07  6.35480635e-06  1.57648817e-07  1.19999973e+00  1.57648817e-07  3.29999871e+00 
 1.57698817e-07  9.15320720e-07  1.57698817e-07 -5.90365709e-06  1.57698817e-07  1.20000017e+00  1.57698817e-07  3.30000144e+00 
 1.57748817e-07 -7.92195246e-07  1.57748817e-07  5.49470100e-06  1.57748817e-07  1.19999974e+00  1.57748817e-07  3.29999839e+00 
 1.57798817e-07  9.11018830e-07  1.57798817e-07 -5.05912091e-06  1.57798817e-07  1.20000017e+00  1.57798817e-07  3.30000175e+00 
 1.57848817e-07 -7.87633501e-07  1.57848817e-07  4.66544479e-06  1.57848817e-07  1.19999974e+00  1.57848817e-07  3.29999809e+00 
 1.57898817e-07  9.06184465e-07  1.57898817e-07 -4.24497605e-06  1.57898817e-07  1.20000017e+00  1.57898817e-07  3.30000205e+00 
 1.57948817e-07 -7.82555641e-07  1.57948817e-07  3.86612961e-06  1.57948817e-07  1.19999974e+00  1.57948817e-07  3.29999780e+00 
 1.57998817e-07  9.00850830e-07  1.57998817e-07 -3.46032375e-06  1.57998817e-07  1.20000016e+00  1.57998817e-07  3.30000233e+00 
 1.58048817e-07 -7.76994173e-07  1.58048817e-07  3.09586596e-06  1.58048817e-07  1.19999974e+00  1.58048817e-07  3.29999752e+00 
 1.58098817e-07  8.95049651e-07  1.58098817e-07 -2.70428414e-06  1.58098817e-07  1.20000016e+00  1.58098817e-07  3.30000260e+00 
 1.58148817e-07 -7.70980179e-07  1.58148817e-07  2.35378345e-06  1.58148817e-07  1.19999974e+00  1.58148817e-07  3.29999725e+00 
 1.58198817e-07  8.88811379e-07  1.58198817e-07 -1.97599655e-06  1.58198817e-07  1.20000016e+00  1.58198817e-07  3.30000286e+00 
 1.58248817e-07 -7.64543432e-07  1.58248817e-07  1.63903095e-06  1.58248817e-07  1.19999975e+00  1.58248817e-07  3.29999700e+00 
 1.58298817e-07  8.82165081e-07  1.58298817e-07 -1.27461957e-06  1.58298817e-07  1.20000016e+00  1.58298817e-07  3.30000311e+00 
 1.58348817e-07 -7.57712399e-07  1.58348817e-07  9.50776706e-07  1.58348817e-07  1.19999975e+00  1.58348817e-07  3.29999676e+00 
 1.58398817e-07  8.75138585e-07  1.58398817e-07 -5.99331259e-07  1.58398817e-07  1.20000015e+00  1.58398817e-07  3.30000335e+00 
 1.58448817e-07 -7.50514290e-07  1.58448817e-07  2.88208348e-07  1.58448817e-07  1.19999975e+00  1.58448817e-07  3.29999653e+00 
 1.58498817e-07  8.67758474e-07  1.58498817e-07  5.06709558e-08  1.58498817e-07  1.20000015e+00  1.58498817e-07  3.30000357e+00 
 1.58548817e-07 -7.42975116e-07  1.58548817e-07 -3.49466950e-07  1.58548817e-07  1.19999975e+00  1.58548817e-07  3.29999631e+00 
 1.58598817e-07  8.60050186e-07  1.58598817e-07  6.76170157e-07  1.58598817e-07  1.20000015e+00  1.58598817e-07  3.30000379e+00 
 1.58648817e-07 -7.35119786e-07  1.58648817e-07 -9.63022668e-07  1.58648817e-07  1.19999976e+00  1.58648817e-07  3.29999610e+00 
 1.58698817e-07  8.52038043e-07  1.58698817e-07  1.27793003e-06  1.58698817e-07  1.20000015e+00  1.58698817e-07  3.30000399e+00 
 1.58748817e-07 -7.26972060e-07  1.58748817e-07 -1.55321293e-06  1.58748817e-07  1.19999976e+00  1.58748817e-07  3.29999590e+00 
 1.58798817e-07  8.43745256e-07  1.58798817e-07  1.85669507e-06  1.58798817e-07  1.20000014e+00  1.58798817e-07  3.30000419e+00 
 1.58848817e-07 -7.18554630e-07  1.58848817e-07 -2.12077262e-06  1.58848817e-07  1.19999976e+00  1.58848817e-07  3.29999571e+00 
 1.58898817e-07  8.35193980e-07  1.58898817e-07  2.41319049e-06  1.58898817e-07  1.20000014e+00  1.58898817e-07  3.30000437e+00 
 1.58948817e-07 -7.09889190e-07  1.58948817e-07 -2.66641753e-06  1.58948817e-07  1.19999976e+00  1.58948817e-07  3.29999553e+00 
 1.58998817e-07  8.26405427e-07  1.58998817e-07  2.94812266e-06  1.58998817e-07  1.20000014e+00  1.58998817e-07  3.30000455e+00 
 1.59048817e-07 -7.00996458e-07  1.59048817e-07 -3.19084470e-06  1.59048817e-07  1.19999977e+00  1.59048817e-07  3.29999535e+00 
 1.59098817e-07  8.17399804e-07  1.59098817e-07  3.46217920e-06  1.59098817e-07  1.20000013e+00  1.59098817e-07  3.30000471e+00 
 1.59148817e-07 -6.91896169e-07  1.59148817e-07 -3.69473244e-06  1.59148817e-07  1.19999977e+00  1.59148817e-07  3.29999519e+00 
 1.59198817e-07  8.08196378e-07  1.59198817e-07  3.95602909e-06  1.59198817e-07  1.20000013e+00  1.59198817e-07  3.30000487e+00 
 1.59248817e-07 -6.82607165e-07  1.59248817e-07 -4.17874058e-06  1.59248817e-07  1.19999977e+00  1.59248817e-07  3.29999504e+00 
 1.59298817e-07  7.98813546e-07  1.59298817e-07  4.43032309e-06  1.59298817e-07  1.20000013e+00  1.59298817e-07  3.30000502e+00 
 1.59348817e-07 -6.73147412e-07  1.59348817e-07 -4.64351092e-06  1.59348817e-07  1.19999978e+00  1.59348817e-07  3.29999489e+00 
 1.59398817e-07  7.89268832e-07  1.59398817e-07  4.88569395e-06  1.59398817e-07  1.20000013e+00  1.59398817e-07  3.30000516e+00 
 1.59448817e-07 -6.63534044e-07  1.59448817e-07 -5.08966730e-06  1.59448817e-07  1.19999978e+00  1.59448817e-07  3.29999476e+00 
 1.59498817e-07  7.79578963e-07  1.59498817e-07  5.32275667e-06  1.59498817e-07  1.20000012e+00  1.59498817e-07  3.30000530e+00 
 1.59548817e-07 -6.53783376e-07  1.59548817e-07 -5.51781601e-06  1.59548817e-07  1.19999978e+00  1.59548817e-07  3.29999463e+00 
 1.59598817e-07  7.69759834e-07  1.59598817e-07  5.74210883e-06  1.59598817e-07  1.20000012e+00  1.59598817e-07  3.30000542e+00 
 1.59648817e-07 -6.43910934e-07  1.59648817e-07 -5.92854610e-06  1.59648817e-07  1.19999979e+00  1.59648817e-07  3.29999451e+00 
 1.59698817e-07  7.59826608e-07  1.59698817e-07  6.14433093e-06  1.59698817e-07  1.20000012e+00  1.59698817e-07  3.30000554e+00 
 1.59748817e-07 -6.33931519e-07  1.59748817e-07 -6.32242961e-06  1.59748817e-07  1.19999979e+00  1.59748817e-07  3.29999439e+00 
 1.59798817e-07  7.49793703e-07  1.59798817e-07  6.52998668e-06  1.59798817e-07  1.20000011e+00  1.59798817e-07  3.30000565e+00 
 1.59848817e-07 -6.23859193e-07  1.59848817e-07 -6.70002203e-06  1.59848817e-07  1.19999979e+00  1.59848817e-07  3.29999428e+00 
 1.59898817e-07  7.39674830e-07  1.59898817e-07  6.89962332e-06  1.59898817e-07  1.20000011e+00  1.59898817e-07  3.30000576e+00 
 1.59948817e-07 -6.13707331e-07  1.59948817e-07 -7.06186247e-06  1.59948817e-07  1.19999979e+00  1.59948817e-07  3.29999418e+00 
 1.59974408e-07  7.24602203e-07  1.59974408e-07  7.41748515e-06  1.59974408e-07  1.20000011e+00  1.59974408e-07  3.30000590e+00 
 1.60000000e-07 -5.93686337e-07  1.60000000e-07 -7.72566938e-06  1.60000000e-07  1.19999980e+00  1.60000000e-07  3.29999400e+00 
 1.60005000e-07  1.77392550e-05  1.60005000e-07  1.97747172e-04  1.60005000e-07  1.20000324e+00  1.60005000e-07  3.30003775e+00 
 1.60015000e-07 -3.46497212e-06  1.60015000e-07  4.15525820e-05  1.60015000e-07  1.19999677e+00  1.60015000e-07  3.29999246e+00 
 1.60035000e-07 -1.21721839e-05  1.60035000e-07 -5.99466784e-05  1.60035000e-07  1.19999904e+00  1.60035000e-07  3.29998663e+00 
 1.60075000e-07  8.79585118e-06  1.60075000e-07 -1.04070344e-04  1.60075000e-07  1.20000233e+00  1.60075000e-07  3.29998747e+00 
 1.60125000e-07 -5.86510349e-05  1.60125000e-07 -2.42046168e-04  1.60125000e-07  1.19999370e+00  1.60125000e-07  3.29998750e+00 
 1.60162500e-07 -1.01546366e-04  1.60162500e-07 -4.98820797e-04  1.60162500e-07  1.19999904e+00  1.60162500e-07  3.29996078e+00 
 1.60200000e-07  7.81135850e-04  1.60200000e-07  4.14631920e-04  1.60200000e-07  1.20007869e+00  1.60200000e-07  3.30011445e+00 
 1.60205000e-07  2.40360520e-04  1.60205000e-07  6.11966431e-04  1.60205000e-07  1.19994649e+00  1.60205000e-07  3.30013049e+00 
 1.60215000e-07 -5.70925162e-04  1.60215000e-07  2.28938901e-03  1.60215000e-07  1.19983356e+00  1.60215000e-07  3.30040703e+00 
 1.60235000e-07 -2.23792007e-04  1.60235000e-07  3.07261451e-03  1.60235000e-07  1.20007241e+00  1.60235000e-07  3.30029648e+00 
 1.60263825e-07  1.44037576e-04  1.60263825e-07 -1.82939588e-03  1.60263825e-07  1.20001902e+00  1.60263825e-07  3.29940979e+00 
 1.60295478e-07 -6.86038960e-05  1.60295478e-07 -1.14367436e-03  1.60295478e-07  1.19996754e+00  1.60295478e-07  3.29992974e+00 
 1.60345478e-07  5.66394562e-05  1.60345478e-07  4.64720516e-05  1.60345478e-07  1.20002906e+00  1.60345478e-07  3.30012541e+00 
 1.60395478e-07 -4.80683438e-05  1.60395478e-07  1.64488870e-04  1.60395478e-07  1.19997466e+00  1.60395478e-07  3.30003515e+00 
 1.60445478e-07  4.19224956e-05  1.60445478e-07 -2.05864832e-05  1.60445478e-07  1.20002166e+00  1.60445478e-07  3.29996179e+00 
 1.60495478e-07 -3.68676843e-05  1.60495478e-07  6.10780466e-05  1.60495478e-07  1.19998138e+00  1.60495478e-07  3.30002590e+00 
 1.60545478e-07  3.29228869e-05  1.60545478e-07 -3.10405982e-05  1.60545478e-07  1.20001587e+00  1.60545478e-07  3.29997306e+00 
 1.60595478e-07 -2.93639873e-05  1.60595478e-07  2.94548579e-05  1.60595478e-07  1.19998625e+00  1.60595478e-07  3.30002238e+00 
 1.60645478e-07  2.65049284e-05  1.60645478e-07 -2.02798453e-05  1.60645478e-07  1.20001180e+00  1.60645478e-07  3.29997966e+00 
 1.60695478e-07 -2.37761399e-05  1.60695478e-07  1.62435866e-05  1.60695478e-07  1.19998966e+00  1.60695478e-07  3.30001783e+00 
 1.60745478e-07  2.15871563e-05  1.60745478e-07 -1.22305216e-05  1.60745478e-07  1.20000893e+00  1.60745478e-07  3.29998404e+00 
 1.60795478e-07 -1.94135679e-05  1.60795478e-07  9.72297933e-06  1.60795478e-07  1.19999209e+00  1.60795478e-07  3.30001423e+00 
 1.60845478e-07  1.76983788e-05  1.60845478e-07 -7.80986857e-06  1.60845478e-07  1.20000686e+00  1.60845478e-07  3.29998721e+00 
 1.60895478e-07 -1.59339388e-05  1.60895478e-07  6.59784725e-06  1.60895478e-07  1.19999387e+00  1.60895478e-07  3.30001152e+00 
 1.60945478e-07  1.45775911e-05  1.60945478e-07 -5.80059210e-06  1.60945478e-07  1.20000533e+00  1.60945478e-07  3.29998954e+00 
 1.60995478e-07 -1.31293548e-05  1.60995478e-07  5.39998824e-06  1.60995478e-07  1.19999518e+00  1.60995478e-07  3.30000952e+00 
 1.61045478e-07  1.20540296e-05  1.61045478e-07 -5.23393229e-06  1.61045478e-07  1.20000419e+00  1.61045478e-07  3.29999126e+00 
 1.61095478e-07 -1.08559397e-05  1.61095478e-07  5.30103043e-06  1.61095478e-07  1.19999618e+00  1.61095478e-07  3.30000804e+00 
 1.61145478e-07  1.00044136e-05  1.61145478e-07 -5.48132544e-06  1.61145478e-07  1.20000332e+00  1.61145478e-07  3.29999254e+00 
 1.61195478e-07 -9.00660536e-06  1.61195478e-07  5.79618667e-06  1.61195478e-07  1.19999694e+00  1.61195478e-07  3.30000694e+00 
 1.61245478e-07  8.33490096e-06  1.61245478e-07 -6.14757202e-06  1.61245478e-07  1.20000265e+00  1.61245478e-07  3.29999349e+00 
 1.61295478e-07 -7.49850920e-06  1.61295478e-07  6.57297671e-06  1.61295478e-07  1.19999753e+00  1.61295478e-07  3.30000612e+00 
 1.61345478e-07  6.97202141e-06  1.61345478e-07 -6.98780976e-06  1.61345478e-07  1.20000213e+00  1.61345478e-07  3.29999420e+00 
 1.61395478e-07 -6.26622374e-06  1.61395478e-07  7.44017923e-06  1.61395478e-07  1.19999798e+00  1.61395478e-07  3.30000551e+00 
 1.61445478e-07  5.85736387e-06  1.61445478e-07 -7.85411394e-06  1.61445478e-07  1.20000173e+00  1.61445478e-07  3.29999473e+00 
 1.61495478e-07 -5.25747560e-06  1.61495478e-07  8.28461006e-06  1.61495478e-07  1.19999834e+00  1.61495478e-07  3.30000504e+00 
 1.61545478e-07  4.94408250e-06  1.61545478e-07 -8.66123915e-06  1.61545478e-07  1.20000141e+00  1.61545478e-07  3.29999514e+00 
 1.61595478e-07 -4.43022102e-06  1.61595478e-07  9.04341914e-06  1.61595478e-07  1.19999862e+00  1.61595478e-07  3.30000467e+00 
 1.61645478e-07  4.19441390e-06  1.61645478e-07 -9.36423839e-06  1.61645478e-07  1.20000116e+00  1.61645478e-07  3.29999547e+00 
 1.61695478e-07 -3.75051004e-06  1.61695478e-07  9.68589977e-06  1.61695478e-07  1.19999885e+00  1.61695478e-07  3.30000438e+00 
 1.61745478e-07  3.57782312e-06  1.61745478e-07 -9.94366401e-06  1.61745478e-07  1.20000096e+00  1.61745478e-07  3.29999573e+00 
 1.61795478e-07 -3.19086311e-06  1.61795478e-07  1.02014335e-05  1.61795478e-07  1.19999903e+00  1.61795478e-07  3.30000414e+00 
 1.61845478e-07  3.06957440e-06  1.61845478e-07 -1.03957522e-05  1.61845478e-07  1.20000080e+00  1.61845478e-07  3.29999595e+00 
 1.61895478e-07 -2.72900588e-06  1.61895478e-07  1.05915071e-05  1.61895478e-07  1.19999917e+00  1.61895478e-07  3.30000394e+00 
 1.61945478e-07  2.64960733e-06  1.61945478e-07 -1.07259442e-05  1.61945478e-07  1.20000067e+00  1.61945478e-07  3.29999614e+00 
 1.61972739e-07 -2.20690826e-06  1.61972739e-07  1.09470318e-05  1.61972739e-07  1.19999933e+00  1.61972739e-07  3.30000368e+00 
 1.62000000e-07  2.05593931e-06  1.62000000e-07 -1.10523550e-05  1.62000000e-07  1.20000050e+00  1.62000000e-07  3.29999646e+00 
 1.62005000e-07  4.20452769e-06  1.62005000e-07  4.67984250e-05  1.62005000e-07  1.20000075e+00  1.62005000e-07  3.30000873e+00 
 1.62015000e-07 -1.00595526e-06  1.62015000e-07  2.67584521e-05  1.62015000e-07  1.19999918e+00  1.62015000e-07  3.30000158e+00 
 1.62035000e-07 -3.14510886e-06  1.62035000e-07 -2.66775087e-05  1.62035000e-07  1.19999972e+00  1.62035000e-07  3.29999320e+00 
 1.62075000e-07  3.15488609e-06  1.62075000e-07 -2.25861555e-05  1.62075000e-07  1.20000064e+00  1.62075000e-07  3.29999883e+00 
 1.62125000e-07 -1.47460959e-05  1.62125000e-07 -5.28555026e-05  1.62125000e-07  1.19999826e+00  1.62125000e-07  3.29999683e+00 
 1.62162500e-07 -7.14929198e-05  1.62162500e-07 -1.78037287e-04  1.62162500e-07  1.19999570e+00  1.62162500e-07  3.29998299e+00 
 1.62200000e-07  1.03965265e-03  1.62200000e-07 -1.31203240e-04  1.62200000e-07  1.20010059e+00  1.62200000e-07  3.30000307e+00 
 1.62205000e-07  1.07140353e-03  1.62205000e-07 -3.55263127e-04  1.62205000e-07  1.20006635e+00  1.62205000e-07  3.29995949e+00 
 1.62215000e-07  1.02911001e-03  1.62215000e-07  7.89812143e-04  1.62215000e-07  1.20000312e+00  1.62215000e-07  3.30019484e+00 
 1.62235000e-07 -6.18375125e-04  1.62235000e-07  4.57979686e-03  1.62235000e-07  1.19977658e+00  1.62235000e-07  3.30068117e+00 
 1.62275000e-07 -1.85213691e-02  1.62275000e-07  4.37925680e-03  1.62275000e-07  1.19867228e+00  1.62275000e-07  3.30008810e+00 
 1.62325000e-07  5.43389944e-01  1.62325000e-07 -5.82709778e-03  1.62325000e-07  1.21967571e+00  1.62325000e-07  3.29883589e+00 
 1.62375000e-07  1.18026321e+00  1.62375000e-07 -2.17395926e-02  1.62375000e-07  5.88403035e-01  1.62375000e-07  3.29814955e+00 
 1.62425000e-07  1.20610913e+00  1.62425000e-07 -5.13837018e-02  1.62425000e-07 -7.36465049e-03  1.62425000e-07  3.29671758e+00 
 1.62475000e-07  1.19445227e+00  1.62475000e-07  6.09487058e-02  1.62475000e-07  5.77528174e-03  1.62475000e-07  3.31112993e+00 
 1.62525000e-07  1.20456101e+00  1.62525000e-07  1.26303356e+00  1.62525000e-07 -4.59503060e-03  1.62525000e-07  3.35123911e+00 
 1.62575000e-07  1.19628511e+00  1.62575000e-07  2.93567742e+00  1.62575000e-07  3.94619946e-03  1.62575000e-07  3.38743265e+00 
 1.62625000e-07  1.20297912e+00  1.62625000e-07  3.27621561e+00  1.62625000e-07 -3.44088522e-03  1.62625000e-07  2.98369306e+00 
 1.62675000e-07  1.19760954e+00  1.62675000e-07  3.25648964e+00  1.62675000e-07  3.07231375e-03  1.62675000e-07  3.48717736e-01 
 1.62725000e-07  1.20190492e+00  1.62725000e-07  3.28969357e+00  1.62725000e-07 -2.75935380e-03  1.62725000e-07 -1.36811505e-01 
 1.62775000e-07  1.19847630e+00  1.62775000e-07  3.28260066e+00  1.62775000e-07  2.49680964e-03  1.62775000e-07  9.85819737e-02 
 1.62825000e-07  1.20121597e+00  1.62825000e-07  3.29537212e+00  1.62825000e-07 -2.26536309e-03  1.62825000e-07 -6.73753730e-02 
 1.62875000e-07  1.19902483e+00  1.62875000e-07  3.29646963e+00  1.62875000e-07  2.06073734e-03  1.62875000e-07  4.83515996e-02 
 1.62925000e-07  1.20078260e+00  1.62925000e-07  3.29751631e+00  1.62925000e-07 -1.87867087e-03  1.62925000e-07 -3.41681247e-02 
 1.62975000e-07  1.19936813e+00  1.62975000e-07  3.30013390e+00  1.62975000e-07  1.71444950e-03  1.62975000e-07  2.46681771e-02 
 1.63025000e-07  1.20051183e+00  1.63025000e-07  3.29820771e+00  1.63025000e-07 -1.56832252e-03  1.63025000e-07 -1.77789579e-02 
 1.63075000e-07  1.19958219e+00  1.63075000e-07  3.30109572e+00  1.63075000e-07  1.43524299e-03  1.63075000e-07  1.29092185e-02 
 1.63125000e-07  1.20034304e+00  1.63125000e-07  3.29846254e+00  1.63125000e-07 -1.31707528e-03  1.63125000e-07 -9.37925487e-03 
 1.63175000e-07  1.19971551e+00  1.63175000e-07  3.30130914e+00  1.63175000e-07  1.20880135e-03  1.63175000e-07  6.78976278e-03 
 1.63225000e-07  1.20023791e+00  1.63225000e-07  3.29859583e+00  1.63225000e-07 -1.11287769e-03  1.63225000e-07 -4.88497258e-03 
 1.63275000e-07  1.19979853e+00  1.63275000e-07  3.30130659e+00  1.63275000e-07  1.02457826e-03  1.63275000e-07  3.44607243e-03 
 1.63325000e-07  1.20017242e+00  1.63325000e-07  3.29869945e+00  1.63325000e-07 -9.46504333e-04  1.63325000e-07 -2.36360063e-03 
 1.63375000e-07  1.19985026e+00  1.63375000e-07  3.30123851e+00  1.63375000e-07  8.74357700e-04  1.63375000e-07  1.52597664e-03 
 1.63425000e-07  1.20013158e+00  1.63425000e-07  3.29879756e+00  1.63425000e-07 -8.10668445e-04  1.63425000e-07 -8.79808271e-04 
 1.63475000e-07  1.19988256e+00  1.63475000e-07  3.30115006e+00  1.63475000e-07  7.51612888e-04  1.63475000e-07  3.70414479e-04 
 1.63525000e-07  1.20010607e+00  1.63525000e-07  3.29889475e+00  1.63525000e-07 -6.98011504e-04  1.63525000e-07  3.29581537e-05 
 1.63575000e-07  1.19990284e+00  1.63575000e-07  3.30105669e+00  1.63575000e-07  6.52756395e-04  1.63575000e-07 -3.53291562e-04 
 1.63625000e-07  1.20008998e+00  1.63625000e-07  3.29898994e+00  1.63625000e-07 -6.07057743e-04  1.63625000e-07  6.11360724e-04 
 1.63675000e-07  1.19991564e+00  1.63675000e-07  3.30096383e+00  1.63675000e-07  5.70124352e-04  1.63675000e-07 -8.21656414e-04 
 1.63725000e-07  1.20007975e+00  1.63725000e-07  3.29908159e+00  1.63725000e-07 -5.32375544e-04  1.63725000e-07  9.88471210e-04 
 1.63775000e-07  1.19992385e+00  1.63775000e-07  3.30087459e+00  1.63775000e-07  5.02169896e-04  1.63775000e-07 -1.12863557e-03 
 1.63825000e-07  1.20007311e+00  1.63825000e-07  3.29916846e+00  1.63825000e-07 -4.70903355e-04  1.63825000e-07  1.23677264e-03 
 1.63875000e-07  1.19992926e+00  1.63875000e-07  3.30079042e+00  1.63875000e-07  4.46148945e-04  1.63875000e-07 -1.33027790e-03 
 1.63925000e-07  1.20006866e+00  1.63925000e-07  3.29924980e+00  1.63925000e-07 -4.20171571e-04  1.63925000e-07  1.39923203e-03 
 1.63975000e-07  1.19993295e+00  1.63975000e-07  3.30071198e+00  1.63975000e-07  3.99840602e-04  1.63975000e-07 -1.46058369e-03 
 1.64025000e-07  1.20006554e+00  1.64025000e-07  3.29932521e+00  1.64025000e-07 -3.78181212e-04  1.64025000e-07  1.50256949e-03 
 1.64075000e-07  1.19993562e+00  1.64075000e-07  3.30063952e+00  1.64075000e-07  3.61443653e-04  1.64075000e-07 -1.54114702e-03 
 1.64125000e-07  1.20006322e+00  1.64125000e-07  3.29939465e+00  1.64125000e-07 -3.43311355e-04  1.64125000e-07  1.56414098e-03 
 1.64175000e-07  1.19993767e+00  1.64175000e-07  3.30057300e+00  1.64175000e-07  3.29495527e-04  1.64175000e-07 -1.58625411e-03 
 1.64225000e-07  1.20006137e+00  1.64225000e-07  3.29945824e+00  1.64225000e-07 -3.14246104e-04  1.64225000e-07  1.59565366e-03 
 1.64275000e-07  1.19993936e+00  1.64275000e-07  3.30051220e+00  1.64275000e-07  3.02807653e-04  1.64275000e-07 -1.60569059e-03 
 1.64325000e-07  1.20005980e+00  1.64325000e-07  3.29951626e+00  1.64325000e-07 -2.89916279e-04  1.64325000e-07  1.60525746e-03 
 1.64375000e-07  1.19994084e+00  1.64375000e-07  3.30045682e+00  1.64375000e-07  2.80413516e-04  1.64375000e-07 -1.60635434e-03 
 1.64425000e-07  1.20005839e+00  1.64425000e-07  3.29956905e+00  1.64425000e-07 -2.69452569e-04  1.64425000e-07  1.59877395e-03 
 1.64475000e-07  1.19994220e+00  1.64475000e-07  3.30040649e+00  1.64475000e-07  2.61526782e-04  1.64475000e-07 -1.59322192e-03 
 1.64525000e-07  1.20005707e+00  1.64525000e-07  3.29961698e+00  1.64525000e-07 -2.52147795e-04  1.64525000e-07  1.58044855e-03 
 1.64575000e-07  1.19994349e+00  1.64575000e-07  3.30036083e+00  1.64575000e-07  2.45507455e-04  1.64575000e-07 -1.56995110e-03 
 1.64625000e-07  1.20005580e+00  1.64625000e-07  3.29966042e+00  1.64625000e-07 -2.37426420e-04  1.64625000e-07  1.55342884e-03 
 1.64675000e-07  1.19994474e+00  1.64675000e-07  3.30031947e+00  1.64675000e-07  2.31834466e-04  1.64675000e-07 -1.53927029e-03 
 1.64725000e-07  1.20005456e+00  1.64725000e-07  3.29969976e+00  1.64725000e-07 -2.24819874e-04  1.64725000e-07  1.52007907e-03 
 1.64775000e-07  1.19994596e+00  1.64775000e-07  3.30028203e+00  1.64775000e-07  2.20083457e-04  1.64775000e-07 -1.50323845e-03 
 1.64825000e-07  1.20005335e+00  1.64825000e-07  3.29973536e+00  1.64825000e-07 -2.13946561e-04  1.64825000e-07  1.48219327e-03 
 1.64875000e-07  1.19994717e+00  1.64875000e-07  3.30024817e+00  1.64875000e-07  2.09908750e-04  1.64875000e-07 -1.46342320e-03 
 1.64925000e-07  1.20005215e+00  1.64925000e-07  3.29976754e+00  1.64925000e-07 -2.04495630e-04  1.64925000e-07  1.44114331e-03 
 1.64975000e-07  1.19994836e+00  1.64975000e-07  3.30021757e+00  1.64975000e-07  2.01028693e-04  1.64975000e-07 -1.42102608e-03 
 1.65025000e-07  1.20005097e+00  1.65025000e-07  3.29979662e+00  1.65025000e-07 -1.96213799e-04  1.65025000e-07  1.39798414e-03 
 1.65075000e-07  1.19994954e+00  1.65075000e-07  3.30018992e+00  1.65075000e-07  1.93213755e-04  1.65075000e-07 -1.37697228e-03 
 1.65125000e-07  1.20004980e+00  1.65125000e-07  3.29982289e+00  1.65125000e-07 -1.88894646e-04  1.65125000e-07  1.35352996e-03 
 1.65175000e-07  1.19995070e+00  1.65175000e-07  3.30016496e+00  1.65175000e-07  1.86276842e-04  1.65175000e-07 -1.33197610e-03 
 1.65225000e-07  1.20004864e+00  1.65225000e-07  3.29984660e+00  1.65225000e-07 -1.82369900e-04  1.65225000e-07  1.30841026e-03 
 1.65275000e-07  1.19995184e+00  1.65275000e-07  3.30014243e+00  1.65275000e-07  1.80065412e-04  1.65275000e-07 -1.28658952e-03 
 1.65325000e-07  1.20004751e+00  1.65325000e-07  3.29986800e+00  1.65325000e-07 -1.76502354e-04  1.65325000e-07  1.26311173e-03 
 1.65375000e-07  1.19995297e+00  1.65375000e-07  3.30012211e+00  1.65375000e-07  1.74455066e-04  1.65375000e-07 -1.24123860e-03 
 1.65425000e-07  1.20004639e+00  1.65425000e-07  3.29988729e+00  1.65425000e-07 -1.71180098e-04  1.65425000e-07  1.21800986e-03 
 1.65475000e-07  1.19995408e+00  1.65475000e-07  3.30010378e+00  1.65475000e-07  1.69344324e-04  1.65475000e-07 -1.19625116e-03 
 1.65525000e-07  1.20004529e+00  1.65525000e-07  3.29990468e+00  1.65525000e-07 -1.66311830e-04  1.65525000e-07  1.17339308e-03 
 1.65575000e-07  1.19995517e+00  1.65575000e-07  3.30008728e+00  1.65575000e-07  1.64650375e-04  1.65575000e-07 -1.15187795e-03 
 1.65625000e-07  1.20004421e+00  1.65625000e-07  3.29992034e+00  1.65625000e-07 -1.61823029e-04  1.65625000e-07  1.12948137e-03 
 1.65675000e-07  1.19995624e+00  1.65675000e-07  3.30007242e+00  1.65675000e-07  1.60305613e-04  1.65675000e-07 -1.10830907e-03 
 1.65725000e-07  1.20004315e+00  1.65725000e-07  3.29993443e+00  1.65725000e-07 -1.57652844e-04  1.65725000e-07  1.08644070e-03 
 1.65775000e-07  1.19995729e+00  1.65775000e-07  3.30005906e+00  1.65775000e-07  1.56254822e-04  1.65775000e-07 -1.06568669e-03 
 1.65825000e-07  1.20004211e+00  1.65825000e-07  3.29994709e+00  1.65825000e-07 -1.53751561e-04  1.65825000e-07  1.04439430e-03 
 1.65875000e-07  1.19995832e+00  1.65875000e-07  3.30004706e+00  1.65875000e-07  1.52452870e-04  1.65875000e-07 -1.02411508e-03 
 1.65925000e-07  1.20004109e+00  1.65925000e-07  3.29995847e+00  1.65925000e-07 -1.50078536e-04  1.65925000e-07  1.00343153e-03 
 1.65975000e-07  1.19995932e+00  1.65975000e-07  3.30003628e+00  1.65975000e-07  1.48862850e-04  1.65975000e-07 -9.83668421e-04 
 1.66025000e-07  1.20004010e+00  1.66025000e-07  3.29996866e+00  1.66025000e-07 -1.46600515e-04  1.66025000e-07  9.63614849e-04 
 1.66075000e-07  1.19996031e+00  1.66075000e-07  3.30002663e+00  1.66075000e-07  1.45454547e-04  1.66075000e-07 -9.44397067e-04 
 1.66125000e-07  1.20003912e+00  1.66125000e-07  3.29997779e+00  1.66125000e-07 -1.43290266e-04  1.66125000e-07  9.24985401e-04 
 1.66175000e-07  1.19996127e+00  1.66175000e-07  3.30001800e+00  1.66175000e-07  1.42203202e-04  1.66175000e-07 -9.06332450e-04 
 1.66225000e-07  1.20003816e+00  1.66225000e-07  3.29998595e+00  1.66225000e-07 -1.40125458e-04  1.66225000e-07  8.87567389e-04 
 1.66275000e-07  1.19996222e+00  1.66275000e-07  3.30001029e+00  1.66275000e-07  1.39088500e-04  1.66275000e-07 -8.69491020e-04 
 1.66325000e-07  1.20003723e+00  1.66325000e-07  3.29999323e+00  1.66325000e-07 -1.37087758e-04  1.66325000e-07  8.51371613e-04 
 1.66375000e-07  1.19996314e+00  1.66375000e-07  3.30000342e+00  1.66375000e-07  1.36093746e-04  1.66375000e-07 -8.33877382e-04 
 1.66425000e-07  1.20003632e+00  1.66425000e-07  3.29999971e+00  1.66425000e-07 -1.34162090e-04  1.66425000e-07  8.16398279e-04 
 1.66475000e-07  1.19996405e+00  1.66475000e-07  3.29999731e+00  1.66475000e-07  1.33205197e-04  1.66475000e-07 -7.99486807e-04 
 1.66525000e-07  1.20003542e+00  1.66525000e-07  3.30000547e+00  1.66525000e-07 -1.31336028e-04  1.66525000e-07  7.82639256e-04 
 1.66575000e-07  1.19996493e+00  1.66575000e-07  3.29999189e+00  1.66575000e-07  1.30411510e-04  1.66575000e-07 -7.66307247e-04 
 1.66625000e-07  1.20003454e+00  1.66625000e-07  3.30001057e+00  1.66625000e-07 -1.28599311e-04  1.66625000e-07  7.50079894e-04 
 1.66675000e-07  1.19996580e+00  1.66675000e-07  3.29998710e+00  1.66675000e-07  1.27703305e-04  1.66675000e-07 -7.34320959e-04 
 1.66725000e-07  1.20003369e+00  1.66725000e-07  3.30001506e+00  1.66725000e-07 -1.25943437e-04  1.66725000e-07  7.18700484e-04 
 1.66775000e-07  1.19996664e+00  1.66775000e-07  3.29998288e+00  1.66775000e-07  1.25072798e-04  1.66775000e-07 -7.03505808e-04 
 1.66825000e-07  1.20003285e+00  1.66825000e-07  3.30001902e+00  1.66825000e-07 -1.23361345e-04  1.66825000e-07  6.88477433e-04 
 1.66875000e-07  1.19996747e+00  1.66875000e-07  3.29997918e+00  1.66875000e-07  1.22513508e-04  1.66875000e-07 -6.73836320e-04 
 1.66925000e-07  1.20003203e+00  1.66925000e-07  3.30002249e+00  1.66925000e-07 -1.20847141e-04  1.66925000e-07  6.59384218e-04 
 1.66975000e-07  1.19996829e+00  1.66975000e-07  3.29997594e+00  1.66975000e-07  1.20020014e-04  1.66975000e-07 -6.45284530e-04 
 1.67025000e-07  1.20003123e+00  1.67025000e-07  3.30002550e+00  1.67025000e-07 -1.18395891e-04  1.67025000e-07  6.31392152e-04 
 1.67075000e-07  1.19996908e+00  1.67075000e-07  3.29997313e+00  1.67075000e-07  1.17587763e-04  1.67075000e-07 -6.17820669e-04 
 1.67125000e-07  1.20003044e+00  1.67125000e-07  3.30002812e+00  1.67125000e-07 -1.16003438e-04  1.67125000e-07  6.04471005e-04 
 1.67175000e-07  1.19996986e+00  1.67175000e-07  3.29997070e+00  1.67175000e-07  1.15212910e-04  1.67175000e-07 -5.91413718e-04 
 1.67225000e-07  1.20002967e+00  1.67225000e-07  3.30003037e+00  1.67225000e-07 -1.13666262e-04  1.67225000e-07  5.78589502e-04 
 1.67275000e-07  1.19997062e+00  1.67275000e-07  3.29996861e+00  1.67275000e-07  1.12892189e-04  1.67275000e-07 -5.66031852e-04 
 1.67325000e-07  1.20002892e+00  1.67325000e-07  3.30003230e+00  1.67325000e-07 -1.11381366e-04  1.67325000e-07  5.53715733e-04 
 1.67375000e-07  1.19997136e+00  1.67375000e-07  3.29996684e+00  1.67375000e-07  1.10622803e-04  1.67375000e-07 -5.41642805e-04 
 1.67425000e-07  1.20002818e+00  1.67425000e-07  3.30003392e+00  1.67425000e-07 -1.09146176e-04  1.67425000e-07  5.29817476e-04 
 1.67475000e-07  1.19997209e+00  1.67475000e-07  3.29996535e+00  1.67475000e-07  1.08402344e-04  1.67475000e-07 -5.18214156e-04 
 1.67525000e-07  1.20002746e+00  1.67525000e-07  3.30003528e+00  1.67525000e-07 -1.06958468e-04  1.67525000e-07  5.06862458e-04 
 1.67575000e-07  1.19997280e+00  1.67575000e-07  3.29996411e+00  1.67575000e-07  1.06228722e-04  1.67575000e-07 -4.95713563e-04 
 1.67625000e-07  1.20002675e+00  1.67625000e-07  3.30003640e+00  1.67625000e-07 -1.04816302e-04  1.67625000e-07  4.84818570e-04 
 1.67675000e-07  1.19997350e+00  1.67675000e-07  3.29996311e+00  1.67675000e-07  1.04100104e-04  1.67675000e-07 -4.74108948e-04 
 1.67725000e-07  1.20002606e+00  1.67725000e-07  3.30003731e+00  1.67725000e-07 -1.02717973e-04  1.67725000e-07  4.63654030e-04 
 1.67775000e-07  1.19997419e+00  1.67775000e-07  3.29996230e+00  1.67775000e-07  1.02014873e-04  1.67775000e-07 -4.53368650e-04 
 1.67825000e-07  1.20002539e+00  1.67825000e-07  3.30003802e+00  1.67825000e-07 -1.00661971e-04  1.67825000e-07  4.43337518e-04 
 1.67875000e-07  1.19997486e+00  1.67875000e-07  3.29996168e+00  1.67875000e-07  9.99715863e-05  1.67875000e-07 -4.33461532e-04 
 1.67925000e-07  1.20002472e+00  1.67925000e-07  3.30003856e+00  1.67925000e-07 -9.86469414e-05  1.67925000e-07  4.23838284e-04 
 1.67975000e-07  1.19997551e+00  1.67975000e-07  3.29996122e+00  1.67975000e-07  9.79689472e-05  1.67975000e-07 -4.14357082e-04 
 1.68025000e-07  1.20002407e+00  1.68025000e-07  3.30003894e+00  1.68025000e-07 -9.66716635e-05  1.68025000e-07  4.05126221e-04 
 1.68075000e-07  1.19997615e+00  1.68075000e-07  3.29996091e+00  1.68075000e-07  9.60057791e-05  1.68075000e-07 -3.96025477e-04 
 1.68125000e-07  1.20002344e+00  1.68125000e-07  3.30003918e+00  1.68125000e-07 -9.47350245e-05  1.68125000e-07  3.87171937e-04 
 1.68175000e-07  1.19997678e+00  1.68175000e-07  3.29996073e+00  1.68175000e-07  9.40810053e-05  1.68175000e-07 -3.78437635e-04 
 1.68225000e-07  1.20002282e+00  1.68225000e-07  3.30003931e+00  1.68225000e-07 -9.28360024e-05  1.68225000e-07  3.69946793e-04 
 1.68275000e-07  1.19997740e+00  1.68275000e-07  3.29996066e+00  1.68275000e-07  9.21936325e-05  1.68275000e-07 -3.61565257e-04 
 1.68325000e-07  1.20002221e+00  1.68325000e-07  3.30003932e+00  1.68325000e-07 -9.09736507e-05  1.68325000e-07  3.53422941e-04 
 1.68375000e-07  1.19997800e+00  1.68375000e-07  3.29996069e+00  1.68375000e-07  9.03427371e-05  1.68375000e-07 -3.45380854e-04 
 1.68425000e-07  1.20002161e+00  1.68425000e-07  3.30003925e+00  1.68425000e-07 -8.91470868e-05  1.68425000e-07  3.37573344e-04 
 1.68475000e-07  1.19997859e+00  1.68475000e-07  3.29996081e+00  1.68475000e-07  8.85274545e-05  1.68475000e-07 -3.29857757e-04 
 1.68525000e-07  1.20002103e+00  1.68525000e-07  3.30003909e+00  1.68525000e-07 -8.73554816e-05  1.68525000e-07  3.22371791e-04 
 1.68575000e-07  1.19997917e+00  1.68575000e-07  3.29996101e+00  1.68575000e-07  8.67469699e-05  1.68575000e-07 -3.14970138e-04 
 1.68625000e-07  1.20002045e+00  1.68625000e-07  3.30003885e+00  1.68625000e-07 -8.55980515e-05  1.68625000e-07  3.07792902e-04 
 1.68675000e-07  1.19997974e+00  1.68675000e-07  3.29996127e+00  1.68675000e-07  8.50005111e-05  1.68675000e-07 -3.00693000e-04 
 1.68725000e-07  1.20001989e+00  1.68725000e-07  3.30003856e+00  1.68725000e-07 -8.38740522e-05  1.68725000e-07  2.93812131e-04 
 1.68775000e-07  1.19998029e+00  1.68775000e-07  3.29996160e+00  1.68775000e-07  8.32873426e-05  1.68775000e-07 -2.87002186e-04 
 1.68825000e-07  1.20001934e+00  1.68825000e-07  3.30003821e+00  1.68825000e-07 -8.21827730e-05  1.68825000e-07  2.80405759e-04 
 1.68875000e-07  1.19998083e+00  1.68875000e-07  3.29996197e+00  1.68875000e-07  8.16067604e-05  1.68875000e-07 -2.73874362e-04 
 1.68925000e-07  1.20001881e+00  1.68925000e-07  3.30003781e+00  1.68925000e-07 -8.05235323e-05  1.68925000e-07  2.67550888e-04 
 1.68975000e-07  1.19998137e+00  1.68975000e-07  3.29996239e+00  1.68975000e-07  7.99580882e-05  1.68975000e-07 -2.61287015e-04 
 1.69025000e-07  1.20001828e+00  1.69025000e-07  3.30003738e+00  1.69025000e-07 -7.88956743e-05  1.69025000e-07  2.55225428e-04 
 1.69075000e-07  1.19998189e+00  1.69075000e-07  3.29996284e+00  1.69075000e-07  7.83406745e-05  1.69075000e-07 -2.49218436e-04 
 1.69125000e-07  1.20001776e+00  1.69125000e-07  3.30003691e+00  1.69125000e-07 -7.72985659e-05  1.69125000e-07  2.43408083e-04 
 1.69175000e-07  1.19998240e+00  1.69175000e-07  3.29996332e+00  1.69175000e-07  7.67538891e-05  1.69175000e-07 -2.37647703e-04 
 1.69225000e-07  1.20001726e+00  1.69225000e-07  3.30003642e+00  1.69225000e-07 -7.57315942e-05  1.69225000e-07  2.32078337e-04 
 1.69275000e-07  1.19998290e+00  1.69275000e-07  3.29996382e+00  1.69275000e-07  7.51971215e-05  1.69275000e-07 -2.26554669e-04 
 1.69325000e-07  1.20001676e+00  1.69325000e-07  3.30003591e+00  1.69325000e-07 -7.41941646e-05  1.69325000e-07  2.21216433e-04 
 1.69375000e-07  1.19998339e+00  1.69375000e-07  3.29996434e+00  1.69375000e-07  7.36697789e-05  1.69375000e-07 -2.15919938e-04 
 1.69425000e-07  1.20001628e+00  1.69425000e-07  3.30003538e+00  1.69425000e-07 -7.26856993e-05  1.69425000e-07  2.10803358e-04 
 1.69475000e-07  1.19998387e+00  1.69475000e-07  3.29996488e+00  1.69475000e-07  7.21712847e-05  1.69475000e-07 -2.05724850e-04 
 1.69525000e-07  1.20001580e+00  1.69525000e-07  3.30003484e+00  1.69525000e-07 -7.12728559e-05  1.69525000e-07  2.00809927e-04 
 1.69575000e-07  1.19998434e+00  1.69575000e-07  3.29996542e+00  1.69575000e-07  7.06945730e-05  1.69575000e-07 -1.95954186e-04 
 1.69625000e-07  1.20001534e+00  1.69625000e-07  3.30003429e+00  1.69625000e-07 -6.97475384e-05  1.69625000e-07  1.91253149e-04 
 1.69675000e-07  1.19998480e+00  1.69675000e-07  3.29996597e+00  1.69675000e-07  6.92533034e-05  1.69675000e-07 -1.86583819e-04 
 1.69725000e-07  1.20001488e+00  1.69725000e-07  3.30003374e+00  1.69725000e-07 -6.83237591e-05  1.69725000e-07  1.82078640e-04 
 1.69775000e-07  1.19998525e+00  1.69775000e-07  3.29996653e+00  1.69775000e-07  6.78390341e-05  1.69775000e-07 -1.77602095e-04 
 1.69825000e-07  1.20001444e+00  1.69825000e-07  3.30003318e+00  1.69825000e-07 -6.69265504e-05  1.69825000e-07  1.73284438e-04 
 1.69875000e-07  1.19998569e+00  1.69875000e-07  3.29996708e+00  1.69875000e-07  6.64512507e-05  1.69875000e-07 -1.68992624e-04 
 1.69925000e-07  1.20001400e+00  1.69925000e-07  3.30003263e+00  1.69925000e-07 -6.55554544e-05  1.69925000e-07  1.64854652e-04 
 1.69962500e-07  1.19998619e+00  1.69962500e-07  3.29996773e+00  1.69962500e-07  6.48652564e-05  1.69962500e-07 -1.59398044e-04 
 1.70000000e-07  1.20001343e+00  1.70000000e-07  3.30003190e+00  1.70000000e-07 -6.37669116e-05  1.70000000e-07  1.54155343e-04 
 1.70005000e-07  1.19997053e+00  1.70005000e-07  3.29982825e+00  1.70005000e-07 -4.53212092e-06  1.70005000e-07 -2.24977253e-05 
 1.70015000e-07  1.19999763e+00  1.70015000e-07  3.29987035e+00  1.70015000e-07  4.54059274e-06  1.70015000e-07 -8.83587849e-07 
 1.70035000e-07  1.20002751e+00  1.70035000e-07  3.30002140e+00  1.70035000e-07 -9.26738282e-07  1.70035000e-07  1.68681373e-05 
 1.70075000e-07  1.19997807e+00  1.70075000e-07  3.30009095e+00  1.70075000e-07 -2.66949734e-07  1.70075000e-07 -1.81240803e-06 
 1.70125000e-07  1.20014664e+00  1.70125000e-07  3.30080320e+00  1.70125000e-07  5.19354501e-06  1.70125000e-07  5.57504326e-05 
 1.70162500e-07  1.20028034e+00  1.70162500e-07  3.30153880e+00  1.70162500e-07  4.26594439e-06  1.70162500e-07  4.48680234e-05 
 1.70200000e-07  1.19902146e+00  1.70200000e-07  3.30093865e+00  1.70200000e-07 -5.68161788e-05  1.70200000e-07 -5.46189595e-05 
 1.70205000e-07  1.19889037e+00  1.70205000e-07  3.30086775e+00  1.70205000e-07 -4.21024805e-05  1.70205000e-07 -4.52020584e-05 
 1.70215000e-07  1.20022296e+00  1.70215000e-07  3.29991923e+00  1.70215000e-07  1.27869954e-04  1.70215000e-07 -1.85875497e-04 
 1.70235000e-07  1.20128419e+00  1.70235000e-07  3.29682182e+00  1.70235000e-07  2.38948521e-05  1.70235000e-07 -3.64890711e-04 
 1.70275000e-07  1.19906714e+00  1.70275000e-07  3.29615139e+00  1.70275000e-07 -8.89688538e-05  1.70275000e-07  4.59540028e-05 
 1.70312639e-07  1.20043138e+00  1.70312639e-07  3.30246926e+00  1.70312639e-07  9.30333614e-05  1.70312639e-07  4.84114838e-04 
 1.70352684e-07  1.19970194e+00  1.70352684e-07  3.30085221e+00  1.70352684e-07 -7.64294894e-05  1.70352684e-07 -2.65884481e-04 
 1.70402684e-07  1.20014786e+00  1.70402684e-07  3.30007564e+00  1.70402684e-07  6.40501161e-05  1.70402684e-07  1.10451666e-04 
 1.70452684e-07  1.19991427e+00  1.70452684e-07  3.30014150e+00  1.70452684e-07 -5.15039528e-05  1.70452684e-07 -1.05924036e-04 
 1.70502684e-07  1.20002609e+00  1.70502684e-07  3.29983575e+00  1.70502684e-07  4.13841271e-05  1.70502684e-07  7.08049211e-05 
 1.70552684e-07  1.20000720e+00  1.70552684e-07  3.30001595e+00  1.70552684e-07 -3.24776973e-05  1.70552684e-07 -5.80070757e-05 
 1.70602684e-07  1.19996744e+00  1.70602684e-07  3.29986952e+00  1.70602684e-07  2.53481708e-05  1.70602684e-07  4.71210173e-05 
 1.70652684e-07  1.20004633e+00  1.70652684e-07  3.30002085e+00  1.70652684e-07 -1.91970199e-05  1.70652684e-07 -3.66694608e-05 
 1.70702684e-07  1.19994465e+00  1.70702684e-07  3.29990721e+00  1.70702684e-07  1.43752578e-05  1.70702684e-07  3.08637917e-05 
 1.70752684e-07  1.20005857e+00  1.70752684e-07  3.30003903e+00  1.70752684e-07 -1.02051094e-05  1.70752684e-07 -2.34942619e-05 
 1.70802684e-07  1.19994039e+00  1.70802684e-07  3.29992575e+00  1.70802684e-07  7.04362994e-06  1.70802684e-07  1.90956364e-05 
 1.70852684e-07  1.20005772e+00  1.70852684e-07  3.30005067e+00  1.70852684e-07 -4.27427710e-06  1.70852684e-07 -1.38854462e-05 
 1.70902684e-07  1.19994483e+00  1.70902684e-07  3.29993365e+00  1.70902684e-07  2.28185932e-06  1.70902684e-07  1.03029396e-05 
 1.70952684e-07  1.20005119e+00  1.70952684e-07  3.30005603e+00  1.70952684e-07 -4.89752858e-07  1.70952684e-07 -6.51264251e-06 
 1.71002684e-07  1.19995265e+00  1.71002684e-07  3.29993735e+00  1.71002684e-07 -6.92543977e-07  1.71002684e-07  3.62665011e-06 
 1.71052684e-07  1.20004286e+00  1.71052684e-07  3.30005773e+00  1.71052684e-07  1.81374030e-06  1.71052684e-07 -7.95499241e-07 
 1.71102684e-07  1.19996113e+00  1.71102684e-07  3.29993980e+00  1.71102684e-07 -2.44342806e-06  1.71102684e-07 -1.48221499e-06 
 1.71152684e-07  1.20003462e+00  1.71152684e-07  3.30005742e+00  1.71152684e-07  3.11200744e-06  1.71152684e-07  3.62447705e-06 
 1.71202684e-07  1.19996900e+00  1.71202684e-07  3.29994193e+00  1.71202684e-07 -3.37311976e-06  1.71202684e-07 -5.40040834e-06 
 1.71252684e-07  1.20002730e+00  1.71252684e-07  3.30005613e+00  1.71252684e-07  3.74306607e-06  1.71252684e-07  7.03690893e-06 
 1.71302684e-07  1.19997575e+00  1.71302684e-07  3.29994403e+00  1.71302684e-07 -3.76434906e-06  1.71302684e-07 -8.41126447e-06 
 1.71352684e-07  1.20002117e+00  1.71352684e-07  3.30005441e+00  1.71352684e-07  3.94305232e-06  1.71352684e-07  9.66937509e-06 
 1.71402684e-07  1.19998129e+00  1.71402684e-07  3.29994610e+00  1.71402684e-07 -3.81376807e-06  1.71402684e-07 -1.07297208e-05 
 1.71452684e-07  1.20001622e+00  1.71452684e-07  3.30005253e+00  1.71452684e-07  3.87519158e-06  1.71452684e-07  1.17023048e-05 
 1.71502684e-07  1.19998571e+00  1.71502684e-07  3.29994812e+00  1.71502684e-07 -3.65632155e-06  1.71502684e-07 -1.25203419e-05 
 1.71552684e-07  1.20001232e+00  1.71552684e-07  3.30005065e+00  1.71552684e-07  3.65058982e-06  1.71552684e-07  1.32766365e-05 
 1.71602684e-07  1.19998915e+00  1.71602684e-07  3.29995003e+00  1.71602684e-07 -3.38306523e-06  1.71602684e-07 -1.39089960e-05 
 1.71652684e-07  1.20000930e+00  1.71652684e-07  3.30004886e+00  1.71652684e-07  3.34348131e-06  1.71652684e-07  1.45010844e-05 
 1.71702684e-07  1.19999180e+00  1.71702684e-07  3.29995182e+00  1.71702684e-07 -3.05416904e-06  1.71702684e-07 -1.49915746e-05 
 1.71752684e-07  1.20000699e+00  1.71752684e-07  3.30004718e+00  1.71752684e-07  3.00229670e-06  1.71752684e-07  1.54587175e-05 
 1.71802684e-07  1.19999382e+00  1.71802684e-07  3.29995346e+00  1.71802684e-07 -2.70830855e-06  1.71802684e-07 -1.58408002e-05 
 1.71852684e-07  1.20000524e+00  1.71852684e-07  3.30004563e+00  1.71852684e-07  2.65761701e-06  1.71852684e-07  1.62125624e-05 
 1.71902684e-07  1.19999534e+00  1.71902684e-07  3.29995496e+00  1.71902684e-07 -2.36938425e-06  1.71902684e-07 -1.65115863e-05 
 1.71952684e-07  1.20000392e+00  1.71952684e-07  3.30004422e+00  1.71952684e-07  2.32783857e-06  1.71952684e-07  1.68101814e-05 
 1.72002684e-07  1.19999649e+00  1.72002684e-07  3.29995633e+00  1.72002684e-07 -2.05128677e-06  1.72002684e-07 -1.70452375e-05 
 1.72052684e-07  1.20000294e+00  1.72052684e-07  3.30004293e+00  1.72052684e-07  2.02317284e-06  1.72052684e-07  1.72873122e-05 
 1.72102684e-07  1.19999734e+00  1.72102684e-07  3.29995758e+00  1.72102684e-07 -1.76124677e-06  1.72102684e-07 -1.74727172e-05 
 1.72152684e-07  1.20000220e+00  1.72152684e-07  3.30004175e+00  1.72152684e-07  1.74844502e-06  1.72152684e-07  1.76707151e-05 
 1.72202684e-07  1.19999798e+00  1.72202684e-07  3.29995871e+00  1.72202684e-07 -1.50216748e-06  1.72202684e-07 -1.78171699e-05 
 1.72252684e-07  1.20000165e+00  1.72252684e-07  3.30004067e+00  1.72252684e-07  1.50503268e-06  1.72252684e-07  1.79803726e-05 
 1.72302684e-07  1.19999846e+00  1.72302684e-07  3.29995975e+00  1.72302684e-07 -1.27423166e-06  1.72302684e-07 -1.80958565e-05 
 1.72352684e-07  1.20000124e+00  1.72352684e-07  3.30003969e+00  1.72352684e-07  1.29219325e-06  1.72352684e-07  1.82311760e-05 
 1.72402684e-07  1.19999882e+00  1.72402684e-07  3.29996070e+00  1.72402684e-07 -1.07599463e-06  1.72402684e-07 -1.83216301e-05 
 1.72452684e-07  1.20000093e+00  1.72452684e-07  3.30003878e+00  1.72452684e-07  1.10796033e-06  1.72452684e-07  1.84342104e-05 
 1.72502684e-07  1.19999908e+00  1.72502684e-07  3.29996158e+00  1.72502684e-07 -9.05116197e-07  1.72502684e-07 -1.85040572e-05 
 1.72552684e-07  1.20000070e+00  1.72552684e-07  3.30003794e+00  1.72552684e-07  9.49738162e-07  1.72552684e-07  1.85977288e-05 
 1.72602684e-07  1.19999928e+00  1.72602684e-07  3.29996240e+00  1.72602684e-07 -7.58840726e-07  1.72602684e-07 -1.86502644e-05 
 1.72652684e-07  1.20000053e+00  1.72652684e-07  3.30003716e+00  1.72652684e-07  8.14686610e-07  1.72652684e-07  1.87278866e-05 
 1.72702684e-07  1.19999943e+00  1.72702684e-07  3.29996316e+00  1.72702684e-07 -6.34303452e-07  1.72702684e-07 -1.87655765e-05 
 1.72752684e-07  1.20000040e+00  1.72752684e-07  3.30003643e+00  1.72752684e-07  6.99962325e-07  1.72752684e-07  1.88292940e-05 
 1.72802684e-07  1.19999955e+00  1.72802684e-07  3.29996387e+00  1.72802684e-07 -5.28718022e-07  1.72802684e-07 -1.88539938e-05 
 1.72852684e-07  1.20000030e+00  1.72852684e-07  3.30003574e+00  1.72852684e-07  6.02862269e-07  1.72852684e-07  1.89054288e-05 
 1.72902684e-07  1.19999963e+00  1.72902684e-07  3.29996455e+00  1.72902684e-07 -4.39484076e-07  1.72902684e-07 -1.89185496e-05 
 1.72952684e-07  1.20000023e+00  1.72952684e-07  3.30003508e+00  1.72952684e-07  5.20902017e-07  1.72952684e-07  1.89589436e-05 
 1.73002684e-07  1.19999970e+00  1.73002684e-07  3.29996519e+00  1.73002684e-07 -3.64241887e-07  1.73002684e-07 -1.89615740e-05 
 1.73052684e-07  1.20000017e+00  1.73052684e-07  3.30003445e+00  1.73052684e-07  4.51851413e-07  1.73052684e-07  1.89918942e-05 
 1.73102684e-07  1.19999975e+00  1.73102684e-07  3.29996581e+00  1.73102684e-07 -3.00892920e-07  1.73102684e-07 -1.89848904e-05 
 1.73152684e-07  1.20000013e+00  1.73152684e-07  3.30003385e+00  1.73152684e-07  3.93743108e-07  1.73152684e-07  1.90059064e-05 
 1.73202684e-07  1.19999979e+00  1.73202684e-07  3.29996640e+00  1.73202684e-07 -2.47598893e-07  1.73202684e-07 -1.89899589e-05 
 1.73252684e-07  1.20000009e+00  1.73252684e-07  3.30003328e+00  1.73252684e-07  3.44864427e-07  1.73252684e-07  1.90022999e-05 
 1.73302684e-07  1.19999982e+00  1.73302684e-07  3.29996697e+00  1.73302684e-07 -2.02768358e-07  1.73302684e-07 -1.89779812e-05 
 1.73352684e-07  1.20000006e+00  1.73352684e-07  3.30003272e+00  1.73352684e-07  3.03739911e-07  1.73352684e-07  1.89821769e-05 
 1.73402684e-07  1.19999985e+00  1.73402684e-07  3.29996752e+00  1.73402684e-07 -1.65036259e-07  1.73402684e-07 -1.89499764e-05 
 1.73452684e-07  1.20000004e+00  1.73452684e-07  3.30003218e+00  1.73452684e-07  2.69109044e-07  1.73452684e-07  1.89464866e-05 
 1.73502684e-07  1.19999987e+00  1.73502684e-07  3.29996806e+00  1.73502684e-07 -1.33240621e-07  1.73502684e-07 -1.89068355e-05 
 1.73552684e-07  1.20000002e+00  1.73552684e-07  3.30003165e+00  1.73552684e-07  2.39902283e-07  1.73552684e-07  1.88960712e-05 
 1.73602684e-07  1.19999989e+00  1.73602684e-07  3.29996858e+00  1.73602684e-07 -1.06398379e-07  1.73602684e-07 -1.88493603e-05 
 1.73652684e-07  1.20000000e+00  1.73652684e-07  3.30003113e+00  1.73652684e-07  2.15217220e-07  1.73652684e-07  1.88316982e-05 
 1.73702684e-07  1.19999991e+00  1.73702684e-07  3.29996909e+00  1.73702684e-07 -8.36821544e-08  1.73702684e-07 -1.87782899e-05 
 1.73752684e-07  1.19999999e+00  1.73752684e-07  3.30003063e+00  1.73752684e-07  1.94296081e-07  1.73752684e-07  1.87540830e-05 
 1.73802684e-07  1.19999992e+00  1.73802684e-07  3.29996959e+00  1.73802684e-07 -6.43986454e-08  1.73802684e-07 -1.86943196e-05 
 1.73852684e-07  1.19999997e+00  1.73852684e-07  3.30003013e+00  1.73852684e-07  1.76505102e-07  1.73852684e-07  1.86639037e-05 
 1.73902684e-07  1.19999993e+00  1.73902684e-07  3.29997009e+00  1.73902684e-07 -4.79690031e-08  1.73902684e-07 -1.85981134e-05 
 1.73952684e-07  1.19999996e+00  1.73952684e-07  3.30002964e+00  1.73952684e-07  1.61316013e-07  1.73952684e-07  1.85618119e-05 
 1.74002684e-07  1.19999994e+00  1.74002684e-07  3.29997057e+00  1.74002684e-07 -3.39114742e-08  1.74002684e-07 -1.84903117e-05 
 1.74052684e-07  1.19999995e+00  1.74052684e-07  3.30002916e+00  1.74052684e-07  1.48289768e-07  1.74052684e-07  1.84484383e-05 
 1.74102684e-07  1.19999995e+00  1.74102684e-07  3.29997105e+00  1.74102684e-07 -2.18261993e-08  1.74102684e-07 -1.83715370e-05 
 1.74152684e-07  1.19999994e+00  1.74152684e-07  3.30002869e+00  1.74152684e-07  1.37062391e-07  1.74152684e-07  1.83243975e-05 
 1.74202684e-07  1.19999996e+00  1.74202684e-07  3.29997152e+00  1.74202684e-07 -1.13820448e-08  1.74202684e-07 -1.82423964e-05 
 1.74252684e-07  1.19999993e+00  1.74252684e-07  3.30002822e+00  1.74252684e-07  1.27332751e-07  1.74252684e-07  1.81902895e-05 
 1.74302684e-07  1.19999997e+00  1.74302684e-07  3.29997198e+00  1.74302684e-07 -2.30526845e-09  1.74302684e-07 -1.81034832e-05 
 1.74352684e-07  1.19999992e+00  1.74352684e-07  3.30002776e+00  1.74352684e-07  1.18852127e-07  1.74352684e-07  1.80467009e-05 
 1.74402684e-07  1.19999998e+00  1.74402684e-07  3.29997244e+00  1.74402684e-07  5.62998485e-09  1.74402684e-07 -1.79553774e-05 
 1.74452684e-07  1.19999991e+00  1.74452684e-07  3.30002731e+00  1.74452684e-07  1.11415476e-07  1.74452684e-07  1.78942052e-05 
 1.74502684e-07  1.19999999e+00  1.74502684e-07  3.29997289e+00  1.74502684e-07  1.26098499e-08  1.74502684e-07 -1.77986458e-05 
 1.74552684e-07  1.19999991e+00  1.74552684e-07  3.30002686e+00  1.74552684e-07  1.04853863e-07  1.74552684e-07  1.77333622e-05 
 1.74602684e-07  1.20000000e+00  1.74602684e-07  3.29997334e+00  1.74602684e-07  1.87876131e-08  1.74602684e-07 -1.76338414e-05 
 1.74652684e-07  1.19999990e+00  1.74652684e-07  3.30002642e+00  1.74652684e-07  9.90282223e-08  1.74652684e-07  1.75647180e-05 
 1.74702684e-07  1.20000001e+00  1.74702684e-07  3.29997378e+00  1.74702684e-07  2.42893716e-08  1.74702684e-07 -1.74615031e-05 
 1.74752684e-07  1.19999989e+00  1.74752684e-07  3.30002598e+00  1.74752684e-07  9.38242235e-08  1.74752684e-07  1.73888041e-05 
 1.74802684e-07  1.20000001e+00  1.74802684e-07  3.29997422e+00  1.74802684e-07  2.92188294e-08  1.74802684e-07 -1.72821549e-05 
 1.74852684e-07  1.19999988e+00  1.74852684e-07  3.30002555e+00  1.74852684e-07  8.91478069e-08  1.74852684e-07  1.72061368e-05 
 1.74902684e-07  1.20000002e+00  1.74902684e-07  3.29997465e+00  1.74902684e-07  3.36612808e-08  1.74902684e-07 -1.70963053e-05 
 1.74952684e-07  1.19999988e+00  1.74952684e-07  3.30002512e+00  1.74952684e-07  8.49216032e-08  1.74952684e-07  1.70172166e-05 
 1.75002684e-07  1.20000003e+00  1.75002684e-07  3.29997507e+00  1.75002684e-07  3.76869146e-08  1.75002684e-07 -1.69044468e-05 
 1.75052684e-07  1.19999987e+00  1.75052684e-07  3.30002469e+00  1.75052684e-07  8.10819459e-08  1.75052684e-07  1.68225279e-05 
 1.75102684e-07  1.20000003e+00  1.75102684e-07  3.29997550e+00  1.75102684e-07  4.13534872e-08  1.75102684e-07 -1.67070555e-05 
 1.75152684e-07  1.19999987e+00  1.75152684e-07  3.30002427e+00  1.75152684e-07  7.75764032e-08  1.75152684e-07  1.66225383e-05 
 1.75202684e-07  1.20000004e+00  1.75202684e-07  3.29997591e+00  1.75202684e-07  4.47086280e-08  1.75202684e-07 -1.65045906e-05 
 1.75252684e-07  1.19999986e+00  1.75252684e-07  3.30002386e+00  1.75252684e-07  7.43617033e-08  1.75252684e-07  1.64176986e-05 
 1.75302684e-07  1.20000004e+00  1.75302684e-07  3.29997633e+00  1.75302684e-07  4.77916482e-08  1.75302684e-07 -1.62974943e-05 
 1.75352684e-07  1.19999985e+00  1.75352684e-07  3.30002345e+00  1.75352684e-07  7.14020977e-08  1.75352684e-07  1.62084423e-05 
 1.75402684e-07  1.20000005e+00  1.75402684e-07  3.29997673e+00  1.75402684e-07  5.06350761e-08  1.75402684e-07 -1.60861916e-05 
 1.75452684e-07  1.19999985e+00  1.75452684e-07  3.30002304e+00  1.75452684e-07  6.86679681e-08  1.75452684e-07  1.59951860e-05 
 1.75502684e-07  1.20000005e+00  1.75502684e-07  3.29997714e+00  1.75502684e-07  5.32659249e-08  1.75502684e-07 -1.58710904e-05 
 1.75552684e-07  1.19999984e+00  1.75552684e-07  3.30002264e+00  1.75552684e-07  6.61346758e-08  1.75552684e-07  1.57783287e-05 
 1.75602684e-07  1.20000006e+00  1.75602684e-07  3.29997754e+00  1.75602684e-07  5.57066612e-08  1.75602684e-07 -1.56525812e-05 
 1.75652684e-07  1.19999984e+00  1.75652684e-07  3.30002224e+00  1.75652684e-07  6.37816825e-08  1.75652684e-07  1.55582526e-05 
 1.75702684e-07  1.20000006e+00  1.75702684e-07  3.29997793e+00  1.75702684e-07  5.79761090e-08  1.75702684e-07 -1.54310377e-05 
 1.75752684e-07  1.19999984e+00  1.75752684e-07  3.30002185e+00  1.75752684e-07  6.15917345e-08  1.75752684e-07  1.53353229e-05 
 1.75802684e-07  1.20000007e+00  1.75802684e-07  3.29997832e+00  1.75802684e-07  6.00900666e-08  1.75802684e-07 -1.52068167e-05 
 1.75852684e-07  1.19999983e+00  1.75852684e-07  3.30002147e+00  1.75852684e-07  5.95503397e-08  1.75852684e-07  1.51098880e-05 
 1.75902684e-07  1.20000007e+00  1.75902684e-07  3.29997871e+00  1.75902684e-07  6.20618771e-08  1.75902684e-07 -1.49802585e-05 
 1.75952684e-07  1.19999983e+00  1.75952684e-07  3.30002108e+00  1.75952684e-07  5.76451699e-08  1.75952684e-07  1.48822802e-05 
 1.76002684e-07  1.20000008e+00  1.76002684e-07  3.29997909e+00  1.76002684e-07  6.39029437e-08  1.76002684e-07 -1.47516871e-05 
 1.76052684e-07  1.19999982e+00  1.76052684e-07  3.30002071e+00  1.76052684e-07  5.58656935e-08  1.76052684e-07  1.46528153e-05 
 1.76102684e-07  1.20000008e+00  1.76102684e-07  3.29997946e+00  1.76102684e-07  6.56230082e-08  1.76102684e-07 -1.45214108e-05 
 1.76152684e-07  1.19999982e+00  1.76152684e-07  3.30002033e+00  1.76152684e-07  5.42028595e-08  1.76152684e-07  1.44217939e-05 
 1.76202684e-07  1.20000008e+00  1.76202684e-07  3.29997983e+00  1.76202684e-07  6.72304834e-08  1.76202684e-07 -1.42897221e-05 
 1.76252684e-07  1.19999982e+00  1.76252684e-07  3.30001996e+00  1.76252684e-07  5.26488285e-08  1.76252684e-07  1.41895009e-05 
 1.76302684e-07  1.20000009e+00  1.76302684e-07  3.29998020e+00  1.76302684e-07  6.87327178e-08  1.76302684e-07 -1.40568987e-05 
 1.76352684e-07  1.19999982e+00  1.76352684e-07  3.30001960e+00  1.76352684e-07  5.11967226e-08  1.76352684e-07  1.39562068e-05 
 1.76402684e-07  1.20000009e+00  1.76402684e-07  3.29998056e+00  1.76402684e-07  7.01361543e-08  1.76402684e-07 -1.38232038e-05 
 1.76452684e-07  1.19999981e+00  1.76452684e-07  3.30001924e+00  1.76452684e-07  4.98404517e-08  1.76452684e-07  1.37221675e-05 
 1.76502684e-07  1.20000009e+00  1.76502684e-07  3.29998092e+00  1.76502684e-07  7.14465466e-08  1.76502684e-07 -1.35888861e-05 
 1.76552684e-07  1.19999981e+00  1.76552684e-07  3.30001888e+00  1.76552684e-07  4.85745962e-08  1.76552684e-07  1.34876248e-05 
 1.76602684e-07  1.20000009e+00  1.76602684e-07  3.29998127e+00  1.76602684e-07  7.26690067e-08  1.76602684e-07 -1.33541810e-05 
 1.76652684e-07  1.19999981e+00  1.76652684e-07  3.30001853e+00  1.76652684e-07  4.73943242e-08  1.76652684e-07  1.32528074e-05 
 1.76702684e-07  1.20000010e+00  1.76702684e-07  3.29998162e+00  1.76702684e-07  7.38081600e-08  1.76702684e-07 -1.31193105e-05 
 1.76752684e-07  1.19999981e+00  1.76752684e-07  3.30001819e+00  1.76752684e-07  4.62951810e-08  1.76752684e-07  1.30179310e-05 
 1.76802684e-07  1.20000010e+00  1.76802684e-07  3.29998197e+00  1.76802684e-07  7.48682391e-08  1.76802684e-07 -1.28844837e-05 
 1.76852684e-07  1.19999980e+00  1.76852684e-07  3.30001785e+00  1.76852684e-07  4.52731473e-08  1.76852684e-07  1.27831985e-05 
 1.76902684e-07  1.20000010e+00  1.76902684e-07  3.29998230e+00  1.76902684e-07  7.58531074e-08  1.76902684e-07 -1.26498980e-05 
 1.76952684e-07  1.19999980e+00  1.76952684e-07  3.30001751e+00  1.76952684e-07  4.43244950e-08  1.76952684e-07  1.25488012e-05 
 1.77002684e-07  1.20000010e+00  1.77002684e-07  3.29998264e+00  1.77002684e-07  7.67663641e-08  1.77002684e-07 -1.24157385e-05 
 1.77052684e-07  1.19999980e+00  1.77052684e-07  3.30001718e+00  1.77052684e-07  4.34457580e-08  1.77052684e-07  1.23149186e-05 
 1.77102684e-07  1.20000010e+00  1.77102684e-07  3.29998297e+00  1.77102684e-07  7.76113457e-08  1.77102684e-07 -1.21821792e-05 
 1.77152684e-07  1.19999980e+00  1.77152684e-07  3.30001685e+00  1.77152684e-07  4.26337087e-08  1.77152684e-07  1.20817193e-05 
 1.77202684e-07  1.20000010e+00  1.77202684e-07  3.29998330e+00  1.77202684e-07  7.83911884e-08  1.77202684e-07 -1.19493834e-05 
 1.77252684e-07  1.19999980e+00  1.77252684e-07  3.30001653e+00  1.77252684e-07  4.18852978e-08  1.77252684e-07  1.18493612e-05 
 1.77302684e-07  1.20000011e+00  1.77302684e-07  3.29998362e+00  1.77302684e-07  7.91088349e-08  1.77302684e-07 -1.17175038e-05 
 1.77352684e-07  1.19999980e+00  1.77352684e-07  3.30001621e+00  1.77352684e-07  4.11976845e-08  1.77352684e-07  1.16179922e-05 
 1.77402684e-07  1.20000011e+00  1.77402684e-07  3.29998393e+00  1.77402684e-07  7.97670664e-08  1.77402684e-07 -1.14866834e-05 
 1.77452684e-07  1.19999980e+00  1.77452684e-07  3.30001589e+00  1.77452684e-07  4.05681360e-08  1.77452684e-07  1.13877502e-05 
 1.77502684e-07  1.20000011e+00  1.77502684e-07  3.29998424e+00  1.77502684e-07  8.03685406e-08  1.77502684e-07 -1.12570555e-05 
 1.77552684e-07  1.19999979e+00  1.77552684e-07  3.30001558e+00  1.77552684e-07  3.99940721e-08  1.77552684e-07  1.11587642e-05 
 1.77602684e-07  1.20000011e+00  1.77602684e-07  3.29998455e+00  1.77602684e-07  8.09157759e-08  1.77602684e-07 -1.10287446e-05 
 1.77652684e-07  1.19999979e+00  1.77652684e-07  3.30001528e+00  1.77652684e-07  3.94730269e-08  1.77652684e-07  1.09311540e-05 
 1.77702684e-07  1.20000011e+00  1.77702684e-07  3.29998486e+00  1.77702684e-07  8.14111989e-08  1.77702684e-07 -1.08018662e-05 
 1.77752684e-07  1.19999979e+00  1.77752684e-07  3.30001498e+00  1.77752684e-07  3.90026213e-08  1.77752684e-07  1.07050313e-05 
 1.77802684e-07  1.20000011e+00  1.77802684e-07  3.29998515e+00  1.77802684e-07  8.18571230e-08  1.77802684e-07 -1.05765279e-05 
 1.77852684e-07  1.19999979e+00  1.77852684e-07  3.30001468e+00  1.77852684e-07  3.85805965e-08  1.77852684e-07  1.04804994e-05 
 1.77902684e-07  1.20000011e+00  1.77902684e-07  3.29998545e+00  1.77902684e-07  8.22557560e-08  1.77902684e-07 -1.03528292e-05 
 1.77952684e-07  1.19999979e+00  1.77952684e-07  3.30001439e+00  1.77952684e-07  3.82048017e-08  1.77952684e-07  1.02576542e-05 
 1.78002684e-07  1.20000011e+00  1.78002684e-07  3.29998574e+00  1.78002684e-07  8.26092064e-08  1.78002684e-07 -1.01308623e-05 
 1.78052684e-07  1.19999979e+00  1.78052684e-07  3.30001410e+00  1.78052684e-07  3.78731498e-08  1.78052684e-07  1.00365842e-05 
 1.78102684e-07  1.20000011e+00  1.78102684e-07  3.29998603e+00  1.78102684e-07  8.29195457e-08  1.78102684e-07 -9.91071211e-06 
 1.78152684e-07  1.19999979e+00  1.78152684e-07  3.30001382e+00  1.78152684e-07  3.75836077e-08  1.78152684e-07  9.81737095e-06 
 1.78202684e-07  1.20000011e+00  1.78202684e-07  3.29998631e+00  1.78202684e-07  8.31887545e-08  1.78202684e-07 -9.69245684e-06 
 1.78252684e-07  1.19999979e+00  1.78252684e-07  3.30001354e+00  1.78252684e-07  3.73342399e-08  1.78252684e-07  9.60008933e-06 
 1.78302684e-07  1.20000011e+00  1.78302684e-07  3.29998659e+00  1.78302684e-07  8.34187252e-08  1.78302684e-07 -9.47616830e-06 
 1.78352684e-07  1.19999979e+00  1.78352684e-07  3.30001326e+00  1.78352684e-07  3.71231921e-08  1.78352684e-07  9.38480812e-06 
 1.78402684e-07  1.20000011e+00  1.78402684e-07  3.29998686e+00  1.78402684e-07  8.36112656e-08  1.78402684e-07 -9.26191219e-06 
 1.78452684e-07  1.19999979e+00  1.78452684e-07  3.30001299e+00  1.78452684e-07  3.69486867e-08  1.78452684e-07  9.17159001e-06 
 1.78502684e-07  1.20000011e+00  1.78502684e-07  3.29998713e+00  1.78502684e-07  8.37681604e-08  1.78502684e-07 -9.04974836e-06 
 1.78552684e-07  1.19999979e+00  1.78552684e-07  3.30001272e+00  1.78552684e-07  3.68089731e-08  1.78552684e-07  8.96049212e-06 
 1.78602684e-07  1.20000011e+00  1.78602684e-07  3.29998739e+00  1.78602684e-07  8.38910896e-08  1.78602684e-07 -8.83973123e-06 
 1.78652684e-07  1.19999979e+00  1.78652684e-07  3.30001246e+00  1.78652684e-07  3.67023852e-08  1.78652684e-07  8.75156622e-06 
 1.78702684e-07  1.20000011e+00  1.78702684e-07  3.29998766e+00  1.78702684e-07  8.39817158e-08  1.78702684e-07 -8.63190999e-06 
 1.78752684e-07  1.19999979e+00  1.78752684e-07  3.30001220e+00  1.78752684e-07  3.66273153e-08  1.78752684e-07  8.54485897e-06 
 1.78802684e-07  1.20000011e+00  1.78802684e-07  3.29998791e+00  1.78802684e-07  8.40416076e-08  1.78802684e-07 -8.42632888e-06 
 1.78852684e-07  1.19999979e+00  1.78852684e-07  3.30001194e+00  1.78852684e-07  3.65821994e-08  1.78852684e-07  8.34041227e-06 
 1.78902684e-07  1.20000011e+00  1.78902684e-07  3.29998817e+00  1.78902684e-07  8.40722935e-08  1.78902684e-07 -8.22302748e-06 
 1.78952684e-07  1.19999979e+00  1.78952684e-07  3.30001169e+00  1.78952684e-07  3.65655679e-08  1.78952684e-07  8.13826347e-06 
 1.79002684e-07  1.20000011e+00  1.79002684e-07  3.29998842e+00  1.79002684e-07  8.40752211e-08  1.79002684e-07 -8.02204102e-06 
 1.79052684e-07  1.19999980e+00  1.79052684e-07  3.30001144e+00  1.79052684e-07  3.65759591e-08  1.79052684e-07  7.93844565e-06 
 1.79102684e-07  1.20000011e+00  1.79102684e-07  3.29998866e+00  1.79102684e-07  8.40518512e-08  1.79102684e-07 -7.82340048e-06 
 1.79152684e-07  1.19999980e+00  1.79152684e-07  3.30001120e+00  1.79152684e-07  3.66119738e-08  1.79152684e-07  7.74098782e-06 
 1.79202684e-07  1.20000011e+00  1.79202684e-07  3.29998891e+00  1.79202684e-07  8.40035054e-08  1.79202684e-07 -7.62713295e-06 
 1.79252684e-07  1.19999980e+00  1.79252684e-07  3.30001096e+00  1.79252684e-07  3.66722969e-08  1.79252684e-07  7.54591516e-06 
 1.79302684e-07  1.20000011e+00  1.79302684e-07  3.29998914e+00  1.79302684e-07  8.39315165e-08  1.79302684e-07 -7.43326177e-06 
 1.79352684e-07  1.19999980e+00  1.79352684e-07  3.30001072e+00  1.79352684e-07  3.67556182e-08  1.79352684e-07  7.35324925e-06 
 1.79402684e-07  1.20000011e+00  1.79402684e-07  3.29998938e+00  1.79402684e-07  8.38371627e-08  1.79402684e-07 -7.24180682e-06 
 1.79452684e-07  1.19999980e+00  1.79452684e-07  3.30001049e+00  1.79452684e-07  3.68607004e-08  1.79452684e-07  7.16300829e-06 
 1.79502684e-07  1.20000010e+00  1.79502684e-07  3.29998961e+00  1.79502684e-07  8.37216370e-08  1.79502684e-07 -7.05278467e-06 
 1.79552684e-07  1.19999980e+00  1.79552684e-07  3.30001026e+00  1.79552684e-07  3.69863488e-08  1.79552684e-07  6.97520726e-06 
 1.79602684e-07  1.20000010e+00  1.79602684e-07  3.29998984e+00  1.79602684e-07  8.35861385e-08  1.79602684e-07 -6.86620874e-06 
 1.79652684e-07  1.19999980e+00  1.79652684e-07  3.30001003e+00  1.79652684e-07  3.71314048e-08  1.79652684e-07  6.78985811e-06 
 1.79702684e-07  1.20000010e+00  1.79702684e-07  3.29999006e+00  1.79702684e-07  8.34317933e-08  1.79702684e-07 -6.68208958e-06 
 1.79752684e-07  1.19999980e+00  1.79752684e-07  3.30000981e+00  1.79752684e-07  3.72947689e-08  1.79752684e-07  6.60696998e-06 
 1.79802684e-07  1.20000010e+00  1.79802684e-07  3.29999028e+00  1.79802684e-07  8.32596615e-08  1.79802684e-07 -6.50043495e-06 
 1.79852684e-07  1.19999980e+00  1.79852684e-07  3.30000959e+00  1.79852684e-07  3.74753870e-08  1.79852684e-07  6.42654932e-06 
 1.79902684e-07  1.20000010e+00  1.79902684e-07  3.29999050e+00  1.79902684e-07  8.30708130e-08  1.79902684e-07 -6.32125009e-06 
 1.79952684e-07  1.19999980e+00  1.79952684e-07  3.30000938e+00  1.79952684e-07  3.76722005e-08  1.79952684e-07  6.24860013e-06 
 1.80000000e-07  1.20000010e+00  1.80000000e-07  3.29999072e+00  1.80000000e-07  8.28602484e-08  1.80000000e-07 -6.13956233e-06 
