16-Aug-2026 17:18:53 | INFO    | KLayout version detected: 0.30.9 (required >= 0.30.5)
16-Aug-2026 17:18:53 | INFO    | Using DRC JSON file: /foss/pdks/ihp-sg13g2/libs.tech/klayout/python/sg13g2_pycell_lib/sg13g2_tech_mod.json
16-Aug-2026 17:18:53 | INFO    | Running IHP-SG13G2 main checks on design /foss/designs/sg13g2_stdcell_hv/work/drc/shared_rail.gds, topcell: shared_rail
2026-08-16 17:18:56 +0200: Memory Usage (454872K) : Starting running IHP-SG13G2 KLayout DRC runset on /foss/designs/sg13g2_stdcell_hv/work/drc/shared_rail.gds
2026-08-16 17:18:56 +0200: Memory Usage (454872K) : Ruby Version for klayout: 3.2.3
2026-08-16 17:18:56 +0200: Memory Usage (456012K) : Loading database to memory is complete.
2026-08-16 17:18:56 +0200: Memory Usage (456012K) : IHP-SG13G2 KLayout DRC runset output at: /foss/designs/sg13g2_stdcell_hv/work/drc/shared_rail_run/shared_rail_shared_rail_main.lyrdb
2026-08-16 17:18:56 +0200: Memory Usage (456012K) : Evaluate switches.
2026-08-16 17:18:56 +0200: Memory Usage (456012K) : tables selected: main
2026-08-16 17:18:56 +0200: Memory Usage (456012K) : KLayout will use 8 thread(s) in tiling mode.
2026-08-16 17:18:56 +0200: Memory Usage (456012K) : deep mode is enabled.
2026-08-16 17:18:56 +0200: Memory Usage (456012K) : FEOL enabled: true
2026-08-16 17:18:56 +0200: Memory Usage (456012K) : BEOL enabled: true
2026-08-16 17:18:56 +0200: Memory Usage (456012K) : OFFGRID enabled: true
2026-08-16 17:18:56 +0200: Memory Usage (456012K) : ANGLE enabled: true
2026-08-16 17:18:56 +0200: Memory Usage (456012K) : PIN enabled: true
2026-08-16 17:18:56 +0200: Memory Usage (456012K) : FORBIDDEN enabled: true
2026-08-16 17:18:56 +0200: Memory Usage (456012K) : RECOMMENDED enabled: true
2026-08-16 17:18:56 +0200: Memory Usage (456012K) : PreCheck DRC enabled: false
2026-08-16 17:18:56 +0200: Memory Usage (456012K) : CONNECTIVITY_RULES enabled: true.
2026-08-16 17:18:56 +0200: Memory Usage (456012K) : Read in polygons from layers.
2026-08-16 17:18:56 +0200: Memory Usage (457372K) : activ_drw has 1280 polygons
2026-08-16 17:18:56 +0200: Memory Usage (457372K) : activ_pin has 0 polygons
2026-08-16 17:18:56 +0200: Memory Usage (457372K) : activ_mask has 0 polygons
2026-08-16 17:18:56 +0200: Memory Usage (457372K) : activ_filler has 0 polygons
2026-08-16 17:18:56 +0200: Memory Usage (457372K) : activ_nofill has 0 polygons
2026-08-16 17:18:56 +0200: Memory Usage (457372K) : activ_opc has 0 polygons
2026-08-16 17:18:56 +0200: Memory Usage (457500K) : activ_iopc has 0 polygons
2026-08-16 17:18:56 +0200: Memory Usage (457500K) : activ_noqrc has 0 polygons
2026-08-16 17:18:56 +0200: Memory Usage (457500K) : biwind_drw has 0 polygons
2026-08-16 17:18:56 +0200: Memory Usage (457500K) : biwind_opc has 0 polygons
2026-08-16 17:18:56 +0200: Memory Usage (457500K) : pemwind_drw has 0 polygons
2026-08-16 17:18:56 +0200: Memory Usage (457628K) : gatpoly_drw has 1424 polygons
2026-08-16 17:18:56 +0200: Memory Usage (457756K) : gatpoly_pin has 0 polygons
2026-08-16 17:18:56 +0200: Memory Usage (457756K) : gatpoly_filler has 0 polygons
2026-08-16 17:18:56 +0200: Memory Usage (457884K) : gatpoly_nofill has 0 polygons
2026-08-16 17:18:56 +0200: Memory Usage (458012K) : gatpoly_opc has 0 polygons
2026-08-16 17:18:56 +0200: Memory Usage (458012K) : gatpoly_iopc has 0 polygons
2026-08-16 17:18:56 +0200: Memory Usage (458012K) : gatpoly_noqrc has 0 polygons
2026-08-16 17:18:56 +0200: Memory Usage (458328K) : cont_drw has 14764 polygons
2026-08-16 17:18:56 +0200: Memory Usage (458456K) : cont_opc has 0 polygons
2026-08-16 17:18:56 +0200: Memory Usage (458456K) : nsd_drw has 0 polygons
2026-08-16 17:18:56 +0200: Memory Usage (458584K) : nsd_block has 0 polygons
2026-08-16 17:18:56 +0200: Memory Usage (458584K) : metal1_drw has 4176 polygons
2026-08-16 17:18:56 +0200: Memory Usage (458584K) : metal1_pin has 1392 polygons
2026-08-16 17:18:56 +0200: Memory Usage (458584K) : metal1_mask has 0 polygons
2026-08-16 17:18:56 +0200: Memory Usage (458584K) : metal1_filler has 0 polygons
2026-08-16 17:18:56 +0200: Memory Usage (458584K) : metal1_nofill has 0 polygons
2026-08-16 17:18:56 +0200: Memory Usage (458840K) : metal1_slit has 0 polygons
2026-08-16 17:18:56 +0200: Memory Usage (459028K) : metal1_text has 1396 polygons
2026-08-16 17:18:56 +0200: Memory Usage (459028K) : metal1_opc has 0 polygons
2026-08-16 17:18:56 +0200: Memory Usage (459028K) : metal1_noqrc has 0 polygons
2026-08-16 17:18:56 +0200: Memory Usage (459028K) : metal1_res has 0 polygons
2026-08-16 17:18:56 +0200: Memory Usage (459028K) : metal1_iprobe has 0 polygons
2026-08-16 17:18:56 +0200: Memory Usage (459156K) : metal1_diffprb has 0 polygons
2026-08-16 17:18:56 +0200: Memory Usage (459156K) : passiv_drw has 0 polygons
2026-08-16 17:18:56 +0200: Memory Usage (459284K) : passiv_pin has 0 polygons
2026-08-16 17:18:56 +0200: Memory Usage (459284K) : passiv_sbump has 0 polygons
2026-08-16 17:18:56 +0200: Memory Usage (459284K) : passiv_pillar has 0 polygons
2026-08-16 17:18:56 +0200: Memory Usage (459412K) : passiv_pdl has 0 polygons
2026-08-16 17:18:56 +0200: Memory Usage (459412K) : metal2_drw has 8 polygons
2026-08-16 17:18:56 +0200: Memory Usage (459540K) : metal2_pin has 4 polygons
2026-08-16 17:18:56 +0200: Memory Usage (459668K) : metal2_mask has 0 polygons
2026-08-16 17:18:56 +0200: Memory Usage (459668K) : metal2_filler has 0 polygons
2026-08-16 17:18:56 +0200: Memory Usage (459796K) : metal2_nofill has 0 polygons
2026-08-16 17:18:56 +0200: Memory Usage (459796K) : metal2_slit has 0 polygons
2026-08-16 17:18:56 +0200: Memory Usage (459796K) : metal2_text has 4 polygons
2026-08-16 17:18:56 +0200: Memory Usage (459924K) : metal2_opc has 0 polygons
2026-08-16 17:18:56 +0200: Memory Usage (459924K) : metal2_noqrc has 0 polygons
2026-08-16 17:18:56 +0200: Memory Usage (460052K) : metal2_res has 0 polygons
2026-08-16 17:18:56 +0200: Memory Usage (460052K) : metal2_iprobe has 0 polygons
2026-08-16 17:18:56 +0200: Memory Usage (460180K) : metal2_diffprb has 0 polygons
2026-08-16 17:18:56 +0200: Memory Usage (460180K) : baspoly_drw has 0 polygons
2026-08-16 17:18:56 +0200: Memory Usage (460180K) : baspoly_pin has 0 polygons
2026-08-16 17:18:56 +0200: Memory Usage (460308K) : psd_drw has 552 polygons
2026-08-16 17:18:56 +0200: Memory Usage (460308K) : nldb_drw has 0 polygons
2026-08-16 17:18:56 +0200: Memory Usage (460436K) : digibnd_drw has 272 polygons
2026-08-16 17:18:56 +0200: Memory Usage (460564K) : via1_drw has 12 polygons
2026-08-16 17:18:56 +0200: Memory Usage (460564K) : backmetal1_drw has 0 polygons
2026-08-16 17:18:56 +0200: Memory Usage (460692K) : backmetal1_pin has 0 polygons
2026-08-16 17:18:56 +0200: Memory Usage (460692K) : backmetal1_mask has 0 polygons
2026-08-16 17:18:56 +0200: Memory Usage (460692K) : backmetal1_filler has 0 polygons
2026-08-16 17:18:56 +0200: Memory Usage (460820K) : backmetal1_nofill has 0 polygons
2026-08-16 17:18:56 +0200: Memory Usage (460820K) : backmetal1_slit has 0 polygons
2026-08-16 17:18:56 +0200: Memory Usage (460948K) : backmetal1_text has 0 polygons
2026-08-16 17:18:56 +0200: Memory Usage (460948K) : backmetal1_opc has 0 polygons
2026-08-16 17:18:56 +0200: Memory Usage (460948K) : backmetal1_noqrc has 0 polygons
2026-08-16 17:18:56 +0200: Memory Usage (461076K) : backmetal1_res has 0 polygons
2026-08-16 17:18:56 +0200: Memory Usage (461204K) : backmetal1_iprobe has 0 polygons
2026-08-16 17:18:56 +0200: Memory Usage (461332K) : backmetal1_diffprb has 0 polygons
2026-08-16 17:18:56 +0200: Memory Usage (461332K) : backpassiv_drw has 0 polygons
2026-08-16 17:18:56 +0200: Memory Usage (461460K) : res_drw has 0 polygons
2026-08-16 17:18:56 +0200: Memory Usage (461460K) : sram_drw has 0 polygons
2026-08-16 17:18:56 +0200: Memory Usage (461460K) : trans_drw has 0 polygons
2026-08-16 17:18:56 +0200: Memory Usage (461588K) : ind_drw has 0 polygons
2026-08-16 17:18:56 +0200: Memory Usage (461588K) : ind_pin has 0 polygons
2026-08-16 17:18:56 +0200: Memory Usage (461716K) : ind_text has 0 polygons
2026-08-16 17:18:56 +0200: Memory Usage (461716K) : salblock_drw has 0 polygons
2026-08-16 17:18:56 +0200: Memory Usage (461844K) : via2_drw has 0 polygons
2026-08-16 17:18:56 +0200: Memory Usage (461844K) : metal3_drw has 0 polygons
2026-08-16 17:18:56 +0200: Memory Usage (461972K) : metal3_pin has 0 polygons
2026-08-16 17:18:56 +0200: Memory Usage (461972K) : metal3_mask has 0 polygons
2026-08-16 17:18:56 +0200: Memory Usage (461972K) : metal3_filler has 0 polygons
2026-08-16 17:18:56 +0200: Memory Usage (462100K) : metal3_nofill has 0 polygons
2026-08-16 17:18:56 +0200: Memory Usage (462100K) : metal3_slit has 0 polygons
2026-08-16 17:18:56 +0200: Memory Usage (462228K) : metal3_text has 0 polygons
2026-08-16 17:18:56 +0200: Memory Usage (462356K) : metal3_opc has 0 polygons
2026-08-16 17:18:56 +0200: Memory Usage (462356K) : metal3_noqrc has 0 polygons
2026-08-16 17:18:56 +0200: Memory Usage (462356K) : metal3_res has 0 polygons
2026-08-16 17:18:56 +0200: Memory Usage (462484K) : metal3_iprobe has 0 polygons
2026-08-16 17:18:56 +0200: Memory Usage (462484K) : metal3_diffprb has 0 polygons
2026-08-16 17:18:56 +0200: Memory Usage (462612K) : nwell_drw has 280 polygons
2026-08-16 17:18:56 +0200: Memory Usage (462612K) : nwell_pin has 0 polygons
2026-08-16 17:18:56 +0200: Memory Usage (462612K) : nbulay_drw has 0 polygons
2026-08-16 17:18:56 +0200: Memory Usage (462740K) : nbulay_pin has 0 polygons
2026-08-16 17:18:56 +0200: Memory Usage (462740K) : nbulay_block has 0 polygons
2026-08-16 17:18:56 +0200: Memory Usage (462740K) : emwind_drw has 0 polygons
2026-08-16 17:18:56 +0200: Memory Usage (462868K) : emwind_opc has 0 polygons
2026-08-16 17:18:56 +0200: Memory Usage (462868K) : deepco_drw has 0 polygons
2026-08-16 17:18:56 +0200: Memory Usage (462868K) : deepco_drw has 0 polygons
2026-08-16 17:18:56 +0200: Memory Usage (462868K) : mim_drw has 0 polygons
2026-08-16 17:18:56 +0200: Memory Usage (462996K) : edgeseal_drw has 0 polygons
2026-08-16 17:18:56 +0200: Memory Usage (462996K) : edgeseal_bound has 0 polygons
2026-08-16 17:18:56 +0200: Memory Usage (462996K) : substrate_drw has 0 polygons
2026-08-16 17:18:56 +0200: Memory Usage (463124K) : substrate_text has 0 polygons
2026-08-16 17:18:56 +0200: Memory Usage (463124K) : dfpad_drw has 0 polygons
2026-08-16 17:18:56 +0200: Memory Usage (463124K) : dfpad_pillar has 0 polygons
2026-08-16 17:18:56 +0200: Memory Usage (463252K) : dfpad_sbump has 0 polygons
2026-08-16 17:18:56 +0200: Memory Usage (463252K) : thickgateox_drw has 272 polygons
2026-08-16 17:18:56 +0200: Memory Usage (463252K) : pldb_drw has 0 polygons
2026-08-16 17:18:56 +0200: Memory Usage (463380K) : pwell_drw has 0 polygons
2026-08-16 17:18:56 +0200: Memory Usage (463380K) : pwell_pin has 0 polygons
2026-08-16 17:18:56 +0200: Memory Usage (463508K) : pwell_block has 0 polygons
2026-08-16 17:18:56 +0200: Memory Usage (463508K) : ic_drw has 0 polygons
2026-08-16 17:18:56 +0200: Memory Usage (463636K) : via3_drw has 0 polygons
2026-08-16 17:18:56 +0200: Memory Usage (463636K) : metal4_drw has 0 polygons
2026-08-16 17:18:56 +0200: Memory Usage (463636K) : metal4_pin has 0 polygons
2026-08-16 17:18:56 +0200: Memory Usage (463764K) : metal4_mask has 0 polygons
2026-08-16 17:18:56 +0200: Memory Usage (463764K) : metal4_filler has 0 polygons
2026-08-16 17:18:56 +0200: Memory Usage (463892K) : metal4_nofill has 0 polygons
2026-08-16 17:18:56 +0200: Memory Usage (463892K) : metal4_slit has 0 polygons
2026-08-16 17:18:56 +0200: Memory Usage (463892K) : metal4_text has 0 polygons
2026-08-16 17:18:56 +0200: Memory Usage (464020K) : metal4_opc has 0 polygons
2026-08-16 17:18:56 +0200: Memory Usage (464020K) : metal4_noqrc has 0 polygons
2026-08-16 17:18:56 +0200: Memory Usage (464148K) : metal4_res has 0 polygons
2026-08-16 17:18:56 +0200: Memory Usage (464148K) : metal4_iprobe has 0 polygons
2026-08-16 17:18:56 +0200: Memory Usage (464276K) : metal4_diffprb has 0 polygons
2026-08-16 17:18:56 +0200: Memory Usage (464276K) : heattrans_drw has 0 polygons
2026-08-16 17:18:56 +0200: Memory Usage (464404K) : heatres_drw has 0 polygons
2026-08-16 17:18:56 +0200: Memory Usage (464404K) : pempoly_drw has 0 polygons
2026-08-16 17:18:56 +0200: Memory Usage (464404K) : fbe_drw has 0 polygons
2026-08-16 17:18:56 +0200: Memory Usage (464532K) : empoly_drw has 0 polygons
2026-08-16 17:18:56 +0200: Memory Usage (464532K) : ldmos_drw has 0 polygons
2026-08-16 17:18:56 +0200: Memory Usage (464660K) : pbiwind_drw has 0 polygons
2026-08-16 17:18:56 +0200: Memory Usage (464660K) : digisub_drw has 0 polygons
2026-08-16 17:18:56 +0200: Memory Usage (464788K) : nodrc_drw has 0 polygons
2026-08-16 17:18:56 +0200: Memory Usage (464788K) : text_drw has 8 polygons
2026-08-16 17:18:56 +0200: Memory Usage (464788K) : via4_drw has 0 polygons
2026-08-16 17:18:56 +0200: Memory Usage (464788K) : metal5_drw has 0 polygons
2026-08-16 17:18:56 +0200: Memory Usage (464916K) : metal5_pin has 0 polygons
2026-08-16 17:18:56 +0200: Memory Usage (464916K) : metal5_mask has 0 polygons
2026-08-16 17:18:56 +0200: Memory Usage (464916K) : metal5_filler has 0 polygons
2026-08-16 17:18:56 +0200: Memory Usage (464916K) : metal5_nofill has 0 polygons
2026-08-16 17:18:56 +0200: Memory Usage (465044K) : metal5_slit has 0 polygons
2026-08-16 17:18:56 +0200: Memory Usage (465044K) : metal5_text has 0 polygons
2026-08-16 17:18:56 +0200: Memory Usage (465172K) : metal5_opc has 0 polygons
2026-08-16 17:18:56 +0200: Memory Usage (465172K) : metal5_noqrc has 0 polygons
2026-08-16 17:18:56 +0200: Memory Usage (465300K) : metal5_res has 0 polygons
2026-08-16 17:18:56 +0200: Memory Usage (465300K) : metal5_iprobe has 0 polygons
2026-08-16 17:18:56 +0200: Memory Usage (465300K) : metal5_diffprb has 0 polygons
2026-08-16 17:18:56 +0200: Memory Usage (465428K) : radhard_drw has 0 polygons
2026-08-16 17:18:56 +0200: Memory Usage (465428K) : memcap_drw has 0 polygons
2026-08-16 17:18:56 +0200: Memory Usage (465556K) : varicap_drw has 0 polygons
2026-08-16 17:18:56 +0200: Memory Usage (465556K) : flash_drw has 0 polygons
2026-08-16 17:18:56 +0200: Memory Usage (465684K) : intbondvia_drw has 0 polygons
2026-08-16 17:18:56 +0200: Memory Usage (465684K) : intbondmet_drw has 0 polygons
2026-08-16 17:18:56 +0200: Memory Usage (465684K) : devbondvia_drw has 0 polygons
2026-08-16 17:18:56 +0200: Memory Usage (465812K) : devbondmet_drw has 0 polygons
2026-08-16 17:18:56 +0200: Memory Usage (465812K) : devtrench_drw has 0 polygons
2026-08-16 17:18:56 +0200: Memory Usage (465940K) : redist_drw has 0 polygons
2026-08-16 17:18:56 +0200: Memory Usage (465940K) : graphbot_drw has 0 polygons
2026-08-16 17:18:56 +0200: Memory Usage (465940K) : graphtop_drw has 0 polygons
2026-08-16 17:18:56 +0200: Memory Usage (466068K) : antvia1_drw has 0 polygons
2026-08-16 17:18:56 +0200: Memory Usage (466068K) : antmetal2_drw has 0 polygons
2026-08-16 17:18:56 +0200: Memory Usage (466196K) : graphcont_drw has 0 polygons
2026-08-16 17:18:56 +0200: Memory Usage (466196K) : siwg_drw has 0 polygons
2026-08-16 17:18:56 +0200: Memory Usage (466324K) : siwg_filler has 0 polygons
2026-08-16 17:18:56 +0200: Memory Usage (466324K) : siwg_nofill has 0 polygons
2026-08-16 17:18:56 +0200: Memory Usage (466324K) : sigrating_drw has 0 polygons
2026-08-16 17:18:56 +0200: Memory Usage (466452K) : singrating_drw has 0 polygons
2026-08-16 17:18:56 +0200: Memory Usage (466452K) : graphpas_drw has 0 polygons
2026-08-16 17:18:56 +0200: Memory Usage (466580K) : emwind3_drw has 0 polygons
2026-08-16 17:18:56 +0200: Memory Usage (466580K) : emwihv3_drw has 0 polygons
2026-08-16 17:18:56 +0200: Memory Usage (466580K) : redbulay_drw has 0 polygons
2026-08-16 17:18:56 +0200: Memory Usage (466580K) : smos_drw has 0 polygons
2026-08-16 17:18:56 +0200: Memory Usage (466708K) : graphpad_drw has 0 polygons
2026-08-16 17:18:56 +0200: Memory Usage (466708K) : polimide_drw has 0 polygons
2026-08-16 17:18:56 +0200: Memory Usage (466708K) : polimide_pin has 0 polygons
2026-08-16 17:18:56 +0200: Memory Usage (466836K) : recog_drw has 0 polygons
2026-08-16 17:18:56 +0200: Memory Usage (466836K) : recog_pin has 0 polygons
2026-08-16 17:18:56 +0200: Memory Usage (466836K) : recog_esd has 0 polygons
2026-08-16 17:18:56 +0200: Memory Usage (466964K) : recog_diode has 8 polygons
2026-08-16 17:18:56 +0200: Memory Usage (466964K) : recog_tsv has 0 polygons
2026-08-16 17:18:56 +0200: Memory Usage (466964K) : recog_iprobe has 0 polygons
2026-08-16 17:18:56 +0200: Memory Usage (467092K) : recog_diffprb has 0 polygons
2026-08-16 17:18:56 +0200: Memory Usage (467092K) : recog_pillar has 0 polygons
2026-08-16 17:18:56 +0200: Memory Usage (467220K) : recog_sbump has 0 polygons
2026-08-16 17:18:56 +0200: Memory Usage (467220K) : recog_otp has 0 polygons
2026-08-16 17:18:56 +0200: Memory Usage (467220K) : recog_pdiode has 0 polygons
2026-08-16 17:18:56 +0200: Memory Usage (467348K) : recog_mom has 0 polygons
2026-08-16 17:18:56 +0200: Memory Usage (467348K) : recog_pcm has 0 polygons
2026-08-16 17:18:56 +0200: Memory Usage (467476K) : colopen_drw has 0 polygons
2026-08-16 17:18:56 +0200: Memory Usage (467476K) : graphmetal1_drw has 0 polygons
2026-08-16 17:18:56 +0200: Memory Usage (467604K) : graphmetal1_filler has 0 polygons
2026-08-16 17:18:56 +0200: Memory Usage (467604K) : graphmetal1_nofill has 0 polygons
2026-08-16 17:18:56 +0200: Memory Usage (467604K) : graphmetal1_slit has 0 polygons
2026-08-16 17:18:56 +0200: Memory Usage (467732K) : graphmetal1_opc has 0 polygons
2026-08-16 17:18:56 +0200: Memory Usage (467732K) : graphmet1l_drw has 0 polygons
2026-08-16 17:18:56 +0200: Memory Usage (467860K) : graphmet1l_filler has 0 polygons
2026-08-16 17:18:56 +0200: Memory Usage (467860K) : graphmet1l_nofill has 0 polygons
2026-08-16 17:18:56 +0200: Memory Usage (467988K) : graphmet1l_slit has 0 polygons
2026-08-16 17:18:56 +0200: Memory Usage (467988K) : graphmet1l_opc has 0 polygons
2026-08-16 17:18:56 +0200: Memory Usage (467988K) : extblock_drw has 0 polygons
2026-08-16 17:18:56 +0200: Memory Usage (468116K) : nldd_drw has 0 polygons
2026-08-16 17:18:56 +0200: Memory Usage (468116K) : pldd_drw has 0 polygons
2026-08-16 17:18:56 +0200: Memory Usage (468244K) : next_drw has 0 polygons
2026-08-16 17:18:56 +0200: Memory Usage (468244K) : pext_drw has 0 polygons
2026-08-16 17:18:56 +0200: Memory Usage (468244K) : nexthv_drw has 0 polygons
2026-08-16 17:18:56 +0200: Memory Usage (468372K) : pexthv_drw has 0 polygons
2026-08-16 17:18:56 +0200: Memory Usage (468372K) : graphgate_drw has 0 polygons
2026-08-16 17:18:56 +0200: Memory Usage (468500K) : sinwg_drw has 0 polygons
2026-08-16 17:18:56 +0200: Memory Usage (468500K) : sinwg_filler has 0 polygons
2026-08-16 17:18:56 +0200: Memory Usage (468628K) : sinwg_nofill has 0 polygons
2026-08-16 17:18:56 +0200: Memory Usage (468628K) : mempad_drw has 0 polygons
2026-08-16 17:18:56 +0200: Memory Usage (468628K) : topvia1_drw has 0 polygons
2026-08-16 17:18:56 +0200: Memory Usage (468756K) : topmetal1_drw has 0 polygons
2026-08-16 17:18:56 +0200: Memory Usage (468756K) : topmetal1_pin has 0 polygons
2026-08-16 17:18:56 +0200: Memory Usage (468756K) : topmetal1_mask has 0 polygons
2026-08-16 17:18:56 +0200: Memory Usage (468756K) : topmetal1_filler has 0 polygons
2026-08-16 17:18:56 +0200: Memory Usage (468756K) : topmetal1_nofill has 0 polygons
2026-08-16 17:18:56 +0200: Memory Usage (468756K) : topmetal1_slit has 0 polygons
2026-08-16 17:18:56 +0200: Memory Usage (468756K) : topmetal1_text has 0 polygons
2026-08-16 17:18:56 +0200: Memory Usage (468756K) : topmetal1_noqrc has 0 polygons
2026-08-16 17:18:56 +0200: Memory Usage (468756K) : topmetal1_res has 0 polygons
2026-08-16 17:18:56 +0200: Memory Usage (468884K) : topmetal1_iprobe has 0 polygons
2026-08-16 17:18:56 +0200: Memory Usage (468884K) : topmetal1_diffprb has 0 polygons
2026-08-16 17:18:56 +0200: Memory Usage (469012K) : inldpwl_drw has 0 polygons
2026-08-16 17:18:56 +0200: Memory Usage (469012K) : polyres_drw has 0 polygons
2026-08-16 17:18:56 +0200: Memory Usage (469012K) : polyres_pin has 0 polygons
2026-08-16 17:18:56 +0200: Memory Usage (469140K) : vmim_drw has 0 polygons
2026-08-16 17:18:56 +0200: Memory Usage (469140K) : nbulaycut_drw has 0 polygons
2026-08-16 17:18:56 +0200: Memory Usage (469268K) : antmetal1_drw has 0 polygons
2026-08-16 17:18:56 +0200: Memory Usage (469268K) : topvia2_drw has 0 polygons
2026-08-16 17:18:56 +0200: Memory Usage (469396K) : topmetal2_drw has 0 polygons
2026-08-16 17:18:56 +0200: Memory Usage (469396K) : topmetal2_pin has 0 polygons
2026-08-16 17:18:56 +0200: Memory Usage (469396K) : topmetal2_mask has 0 polygons
2026-08-16 17:18:56 +0200: Memory Usage (469524K) : topmetal2_filler has 0 polygons
2026-08-16 17:18:56 +0200: Memory Usage (469524K) : topmetal2_nofill has 0 polygons
2026-08-16 17:18:56 +0200: Memory Usage (469652K) : topmetal2_slit has 0 polygons
2026-08-16 17:18:56 +0200: Memory Usage (469652K) : topmetal2_text has 0 polygons
2026-08-16 17:18:56 +0200: Memory Usage (469780K) : topmetal2_noqrc has 0 polygons
2026-08-16 17:18:56 +0200: Memory Usage (469780K) : topmetal2_res has 0 polygons
2026-08-16 17:18:56 +0200: Memory Usage (469780K) : topmetal2_iprobe has 0 polygons
2026-08-16 17:18:56 +0200: Memory Usage (469908K) : topmetal2_diffprb has 0 polygons
2026-08-16 17:18:56 +0200: Memory Usage (469908K) : snsring_drw has 0 polygons
2026-08-16 17:18:56 +0200: Memory Usage (470036K) : sensor_drw has 0 polygons
2026-08-16 17:18:56 +0200: Memory Usage (470036K) : snsarms_drw has 0 polygons
2026-08-16 17:18:56 +0200: Memory Usage (470036K) : snscmosvia_drw has 0 polygons
2026-08-16 17:18:56 +0200: Memory Usage (470164K) : colwind_drw has 0 polygons
2026-08-16 17:18:56 +0200: Memory Usage (470164K) : flm_drw has 0 polygons
2026-08-16 17:18:56 +0200: Memory Usage (470292K) : hafniumox_drw has 0 polygons
2026-08-16 17:18:56 +0200: Memory Usage (470292K) : memvia_drw has 0 polygons
2026-08-16 17:18:56 +0200: Memory Usage (470292K) : thinfilmres_drw has 0 polygons
2026-08-16 17:18:56 +0200: Memory Usage (470420K) : rfmem_drw has 0 polygons
2026-08-16 17:18:56 +0200: Memory Usage (470420K) : norcx_drw has 0 polygons
2026-08-16 17:18:56 +0200: Memory Usage (470548K) : norcx_m2m3 has 0 polygons
2026-08-16 17:18:56 +0200: Memory Usage (470548K) : norcx_m2m4 has 0 polygons
2026-08-16 17:18:56 +0200: Memory Usage (470676K) : norcx_m2m5 has 0 polygons
2026-08-16 17:18:56 +0200: Memory Usage (470676K) : norcx_m2tm1 has 0 polygons
2026-08-16 17:18:56 +0200: Memory Usage (470676K) : norcx_m2tm2 has 0 polygons
2026-08-16 17:18:56 +0200: Memory Usage (470804K) : norcx_m3m4 has 0 polygons
2026-08-16 17:18:56 +0200: Memory Usage (470804K) : norcx_m3m5 has 0 polygons
2026-08-16 17:18:56 +0200: Memory Usage (470932K) : norcx_m3tm1 has 0 polygons
2026-08-16 17:18:56 +0200: Memory Usage (470932K) : norcx_m3tm2 has 0 polygons
2026-08-16 17:18:56 +0200: Memory Usage (471060K) : norcx_m4m5 has 0 polygons
2026-08-16 17:18:56 +0200: Memory Usage (471060K) : norcx_m4tm1 has 0 polygons
2026-08-16 17:18:56 +0200: Memory Usage (471060K) : norcx_m4tm2 has 0 polygons
2026-08-16 17:18:56 +0200: Memory Usage (471188K) : norcx_m5tm1 has 0 polygons
2026-08-16 17:18:56 +0200: Memory Usage (471188K) : norcx_m5tm2 has 0 polygons
2026-08-16 17:18:56 +0200: Memory Usage (471316K) : norcx_tm1tm2 has 0 polygons
2026-08-16 17:18:56 +0200: Memory Usage (471316K) : norcx_m1sub has 0 polygons
2026-08-16 17:18:56 +0200: Memory Usage (471444K) : norcx_m2sub has 0 polygons
2026-08-16 17:18:56 +0200: Memory Usage (471444K) : norcx_m3sub has 0 polygons
2026-08-16 17:18:56 +0200: Memory Usage (471444K) : norcx_m4sub has 0 polygons
2026-08-16 17:18:56 +0200: Memory Usage (471572K) : norcx_m5sub has 0 polygons
2026-08-16 17:18:56 +0200: Memory Usage (471572K) : norcx_tm1sub has 0 polygons
2026-08-16 17:18:56 +0200: Memory Usage (471700K) : norcx_tm2sub has 0 polygons
2026-08-16 17:18:56 +0200: Memory Usage (471700K) : snsbotvia_drw has 0 polygons
2026-08-16 17:18:56 +0200: Memory Usage (471700K) : snstopvia_drw has 0 polygons
2026-08-16 17:18:56 +0200: Memory Usage (471828K) : deepvia_drw has 0 polygons
2026-08-16 17:18:56 +0200: Memory Usage (471828K) : fgetch_drw has 0 polygons
2026-08-16 17:18:56 +0200: Memory Usage (471956K) : ctrgat_drw has 0 polygons
2026-08-16 17:18:56 +0200: Memory Usage (471956K) : fgimp_drw has 0 polygons
2026-08-16 17:18:56 +0200: Memory Usage (472084K) : emwihv_drw has 0 polygons
2026-08-16 17:18:56 +0200: Memory Usage (472084K) : lbe_drw has 0 polygons
2026-08-16 17:18:56 +0200: Memory Usage (472084K) : alcustop_drw has 0 polygons
2026-08-16 17:18:56 +0200: Memory Usage (472212K) : nometfiller_drw has 0 polygons
2026-08-16 17:18:56 +0200: Memory Usage (472212K) : prboundary_drw has 0 polygons
2026-08-16 17:18:56 +0200: Memory Usage (472340K) : exchange0_drw has 0 polygons
2026-08-16 17:18:56 +0200: Memory Usage (472340K) : exchange0_pin has 0 polygons
2026-08-16 17:18:56 +0200: Memory Usage (472340K) : exchange0_text has 0 polygons
2026-08-16 17:18:56 +0200: Memory Usage (472468K) : exchange1_drw has 0 polygons
2026-08-16 17:18:56 +0200: Memory Usage (472468K) : exchange1_pin has 0 polygons
2026-08-16 17:18:56 +0200: Memory Usage (472596K) : exchange1_text has 0 polygons
2026-08-16 17:18:56 +0200: Memory Usage (472596K) : exchange2_drw has 0 polygons
2026-08-16 17:18:56 +0200: Memory Usage (472724K) : exchange2_pin has 0 polygons
2026-08-16 17:18:56 +0200: Memory Usage (472724K) : exchange2_text has 0 polygons
2026-08-16 17:18:56 +0200: Memory Usage (472724K) : exchange3_drw has 0 polygons
2026-08-16 17:18:56 +0200: Memory Usage (472852K) : exchange3_pin has 0 polygons
2026-08-16 17:18:56 +0200: Memory Usage (472852K) : exchange3_text has 0 polygons
2026-08-16 17:18:56 +0200: Memory Usage (472852K) : exchange4_drw has 0 polygons
2026-08-16 17:18:56 +0200: Memory Usage (472980K) : exchange4_pin has 0 polygons
2026-08-16 17:18:56 +0200: Memory Usage (472980K) : exchange4_text has 0 polygons
2026-08-16 17:18:56 +0200: Memory Usage (473108K) : isonwell_drw has 0 polygons
2026-08-16 17:18:56 +0200: Memory Usage (473108K) : Total no. of polygons in the design is 25852
2026-08-16 17:18:56 +0200: Memory Usage (473108K) : Loaded TECH DRC rules values from /foss/pdks/ihp-sg13g2/libs.tech/klayout/python/sg13g2_pycell_lib/sg13g2_tech_mod.json
2026-08-16 17:18:56 +0200: Memory Usage (473108K) : Loaded default DRC rules values from /foss/pdks/ihp-sg13g2/libs.tech/klayout/tech/drc/rule_decks/sg13g2_tech_default.json
2026-08-16 17:18:56 +0200: Memory Usage (473108K) : The following rules values were missing in tech json and default values were used:
2026-08-16 17:18:56 +0200: Memory Usage (473108K) :   - NW_f1_digibnd
2026-08-16 17:18:56 +0200: Memory Usage (473108K) :   - Cnt_c_digibnd
2026-08-16 17:18:56 +0200: Memory Usage (473108K) :   - Cnt_c_sram
2026-08-16 17:18:56 +0200: Memory Usage (473108K) :   - Sdiod_b
2026-08-16 17:18:56 +0200: Memory Usage (473108K) :   - Sdiod_c
2026-08-16 17:18:56 +0200: Memory Usage (474084K) : Total area of the design is 12787.235999999999 um^2.
2026-08-16 17:18:56 +0200: Memory Usage (474084K) : The design dimensions are 434.94 µm * 29.400000000000002 µm.
2026-08-16 17:18:56 +0200: Memory Usage (474084K) : Starting general IHP-SG13G2 derivations.
2026-08-16 17:18:56 +0200: Memory Usage (474084K) : Starting Pwell derivations
2026-08-16 17:18:56 +0200: Memory Usage (476444K) : Starting n-Activ derivations
2026-08-16 17:18:56 +0200: Memory Usage (477308K) : Starting p-Activ derivations
2026-08-16 17:18:56 +0200: Memory Usage (477436K) : Starting ptap derivations
2026-08-16 17:18:56 +0200: Memory Usage (477624K) : Starting ntap derivations
2026-08-16 17:18:56 +0200: Memory Usage (478008K) : Starting pact FET derivations
2026-08-16 17:18:56 +0200: Memory Usage (478008K) : Starting nact FET derivations
2026-08-16 17:18:56 +0200: Memory Usage (478136K) : Starting Gate derivations
2026-08-16 17:18:56 +0200: Memory Usage (478392K) : Starting cont/contbar general derivations
2026-08-16 17:18:56 +0200: Memory Usage (479800K) : Starting pad general derivations
2026-08-16 17:18:56 +0200: Memory Usage (479800K) : Starting schottky_nbl general derivations
2026-08-16 17:18:56 +0200: Memory Usage (479928K) : Starting SVaricap general derivations
2026-08-16 17:18:56 +0200: Memory Usage (479928K) : Starting HBT general derivations
2026-08-16 17:18:56 +0200: Memory Usage (479928K) : Starting IHP-SG13G2 DRC connectivity related derivations.
2026-08-16 17:18:56 +0200: Memory Usage (479928K) : Starting IHP-SG13G2 DRC connectivity setup
2026-08-16 17:18:56 +0200: Memory Usage (480056K) : Starting IHP-SG13G2 DRC rules.
2026-08-16 17:18:56 +0200: Memory Usage (480056K) : Running all FEOL rules
2026-08-16 17:18:56 +0200: Memory Usage (480056K) : Running all BEOL rules
2026-08-16 17:18:56 +0200: Memory Usage (480056K) : Running all PIN rules
2026-08-16 17:18:56 +0200: Memory Usage (480056K) : Running all FORBIDDEN rules
2026-08-16 17:18:56 +0200: Memory Usage (480056K) : Starting 5.1 NWell table
2026-08-16 17:18:56 +0200: Memory Usage (480056K) : Executing rule NW.b
2026-08-16 17:18:57 +0200: Memory Usage (480908K) : Executing rule NW.b1
2026-08-16 17:18:57 +0200: Memory Usage (481164K) : Executing rule NW.f1
2026-08-16 17:18:57 +0200: Memory Usage (481292K) : Executing rule NW.f1.digibnd
2026-08-16 17:18:57 +0200: Memory Usage (481292K) : Starting 5.2 PWell:block
2026-08-16 17:18:57 +0200: Memory Usage (481292K) : Executing rule PWB.e
2026-08-16 17:18:57 +0200: Memory Usage (481288K) : Executing rule PWB.e1
2026-08-16 17:18:57 +0200: Memory Usage (481288K) : Executing rule PWB.f
2026-08-16 17:18:57 +0200: Memory Usage (481160K) : Executing rule PWB.f1
2026-08-16 17:18:57 +0200: Memory Usage (481288K) : Starting 5.3 nBuLay table
2026-08-16 17:18:57 +0200: Memory Usage (481288K) : Executing rule NBL.b
2026-08-16 17:18:57 +0200: Memory Usage (481288K) : Executing rule NBL.c
2026-08-16 17:18:57 +0200: Memory Usage (481288K) : Executing rule NBL.d
2026-08-16 17:18:57 +0200: Memory Usage (481288K) : Executing rule NBL.e
2026-08-16 17:18:57 +0200: Memory Usage (481416K) : Executing rule NBL.f
2026-08-16 17:18:57 +0200: Memory Usage (481544K) : Starting 5.5. Activ table
2026-08-16 17:18:57 +0200: Memory Usage (481544K) : Executing rule Act.a
2026-08-16 17:18:57 +0200: Memory Usage (481544K) : Executing rule Act.b
2026-08-16 17:18:57 +0200: Memory Usage (481928K) : Starting 5.6 Activ:filler table
2026-08-16 17:18:57 +0200: Memory Usage (482056K) : Executing rule AFil.c1
2026-08-16 17:18:57 +0200: Memory Usage (482056K) : Executing rule AFil.c
2026-08-16 17:18:57 +0200: Memory Usage (482056K) : Executing rule AFil.d
2026-08-16 17:18:57 +0200: Memory Usage (482056K) : Executing rule AFil.e
2026-08-16 17:18:57 +0200: Memory Usage (482056K) : Executing rule AFil.j
2026-08-16 17:18:57 +0200: Memory Usage (482056K) : Starting 5.7. ThickGateOx table
2026-08-16 17:18:57 +0200: Memory Usage (482056K) : Executing rule TGO.f
2026-08-16 17:18:57 +0200: Memory Usage (482056K) : Starting 5.8. GatPoly table
2026-08-16 17:18:57 +0200: Memory Usage (482056K) : Executing rule Gat.a
2026-08-16 17:18:57 +0200: Memory Usage (482056K) : Executing rule Gat.b
2026-08-16 17:18:57 +0200: Memory Usage (482056K) : Executing rule Gat.d
2026-08-16 17:18:57 +0200: Memory Usage (482056K) : Executing rule Gat.a1
2026-08-16 17:18:57 +0200: Memory Usage (482312K) : Executing rule Gat.a2
2026-08-16 17:18:57 +0200: Memory Usage (482312K) : Executing rule Gat.g
2026-08-16 17:18:57 +0200: Memory Usage (482492K) : Starting 5.9 GatPoly:filler
2026-08-16 17:18:57 +0200: Memory Usage (482492K) : Executing rule GFil.d
2026-08-16 17:18:57 +0200: Memory Usage (482492K) : Executing rule GFil.e
2026-08-16 17:18:57 +0200: Memory Usage (482492K) : Executing rule GFil.i
2026-08-16 17:18:57 +0200: Memory Usage (482492K) : Starting 5.10 pSD table
2026-08-16 17:18:57 +0200: Memory Usage (482492K) : Executing rule pSD.c1
2026-08-16 17:18:57 +0200: Memory Usage (482620K) : Starting 5.14. Cont table
2026-08-16 17:18:57 +0200: Memory Usage (482620K) : Executing rule Cnt.a
2026-08-16 17:18:57 +0200: Memory Usage (482620K) : Executing rule Cnt.b
2026-08-16 17:18:57 +0200: Memory Usage (482620K) : Executing rule Cnt.c
2026-08-16 17:18:58 +0200: Memory Usage (482876K) : Executing rule Cnt.c.digibnd
2026-08-16 17:18:58 +0200: Memory Usage (484028K) : Executing rule Cnt.c.SRAM
2026-08-16 17:18:58 +0200: Memory Usage (484028K) : Executing rule Cnt.d
2026-08-16 17:18:58 +0200: Memory Usage (484156K) : Executing rule Cnt.e
2026-08-16 17:18:58 +0200: Memory Usage (484148K) : Executing rule Cnt.g1
2026-08-16 17:18:58 +0200: Memory Usage (484532K) : Executing rule Cnt.g2
2026-08-16 17:18:58 +0200: Memory Usage (485044K) : Starting 5.15. ContBar table
2026-08-16 17:18:58 +0200: Memory Usage (485044K) : Executing rule CntB.a
2026-08-16 17:18:58 +0200: Memory Usage (485180K) : Executing rule CntB.a1
2026-08-16 17:18:58 +0200: Memory Usage (485180K) : Executing rule CntB.b1
2026-08-16 17:18:58 +0200: Memory Usage (485180K) : Executing rule CntB.h1
2026-08-16 17:18:58 +0200: Memory Usage (485180K) : Starting 6.1.3 NPN Substrate-Tie table
2026-08-16 17:18:58 +0200: Memory Usage (485180K) : Executing rule npn13G2.bR 
2026-08-16 17:18:58 +0200: Memory Usage (485180K) : Executing rule npn13G2L.cR 
2026-08-16 17:18:58 +0200: Memory Usage (485180K) : Executing rule npn13G2V.cR 
2026-08-16 17:18:58 +0200: Memory Usage (485180K) : Starting 6.7 Schottky diode table
2026-08-16 17:18:58 +0200: Memory Usage (485180K) : Executing rule Sdiod.b
2026-08-16 17:18:58 +0200: Memory Usage (485180K) : Executing rule Sdiod.c
2026-08-16 17:18:58 +0200: Memory Usage (485180K) : Executing rule Sdiod.d
2026-08-16 17:18:58 +0200: Memory Usage (485180K) : Executing rule Sdiod.e
2026-08-16 17:18:58 +0200: Memory Usage (485180K) : Starting 7.2 Latch-up table
2026-08-16 17:18:58 +0200: Memory Usage (485180K) : Executing rule LU.b
2026-08-16 17:18:59 +0200: Memory Usage (485180K) : Starting 5.16. Metal1 table
2026-08-16 17:18:59 +0200: Memory Usage (485180K) : Executing rule M1.a
2026-08-16 17:18:59 +0200: Memory Usage (485180K) : Executing rule M1.b
2026-08-16 17:18:59 +0200: Memory Usage (485180K) : Executing rule M1.e
2026-08-16 17:18:59 +0200: Memory Usage (486076K) : Executing rule M1.f
2026-08-16 17:19:00 +0200: Memory Usage (486076K) : Executing rule M1.g
2026-08-16 17:19:00 +0200: Memory Usage (486076K) : Executing rule M1.i
2026-08-16 17:19:00 +0200: Memory Usage (486204K) : Starting 5.17 Metaln table
2026-08-16 17:19:00 +0200: Memory Usage (486204K) : Executing rule M2.a
2026-08-16 17:19:00 +0200: Memory Usage (486204K) : Executing rule M2.b
2026-08-16 17:19:00 +0200: Memory Usage (486204K) : Executing rule M2.e
2026-08-16 17:19:00 +0200: Memory Usage (486204K) : Executing rule M2.f
2026-08-16 17:19:00 +0200: Memory Usage (486204K) : Executing rule M2.g
2026-08-16 17:19:00 +0200: Memory Usage (486204K) : Executing rule M2.i
2026-08-16 17:19:00 +0200: Memory Usage (486332K) : Executing rule M3.a
2026-08-16 17:19:00 +0200: Memory Usage (486332K) : Executing rule M3.b
2026-08-16 17:19:00 +0200: Memory Usage (486332K) : Executing rule M3.e
2026-08-16 17:19:00 +0200: Memory Usage (486332K) : Executing rule M3.f
2026-08-16 17:19:00 +0200: Memory Usage (486332K) : Executing rule M3.g
2026-08-16 17:19:00 +0200: Memory Usage (486332K) : Executing rule M3.i
2026-08-16 17:19:00 +0200: Memory Usage (486460K) : Executing rule M4.a
2026-08-16 17:19:00 +0200: Memory Usage (486460K) : Executing rule M4.b
2026-08-16 17:19:00 +0200: Memory Usage (486460K) : Executing rule M4.e
2026-08-16 17:19:00 +0200: Memory Usage (486460K) : Executing rule M4.f
2026-08-16 17:19:00 +0200: Memory Usage (486460K) : Executing rule M4.g
2026-08-16 17:19:00 +0200: Memory Usage (486588K) : Executing rule M4.i
2026-08-16 17:19:00 +0200: Memory Usage (486588K) : Executing rule M5.a
2026-08-16 17:19:00 +0200: Memory Usage (486588K) : Executing rule M5.b
2026-08-16 17:19:00 +0200: Memory Usage (486588K) : Executing rule M5.e
2026-08-16 17:19:00 +0200: Memory Usage (486588K) : Executing rule M5.f
2026-08-16 17:19:00 +0200: Memory Usage (486716K) : Executing rule M5.g
2026-08-16 17:19:00 +0200: Memory Usage (486844K) : Executing rule M5.i
2026-08-16 17:19:00 +0200: Memory Usage (486972K) : Starting 5.18 Metaln:filler table
2026-08-16 17:19:00 +0200: Memory Usage (486972K) : Executing rule M1Fil.c
2026-08-16 17:19:00 +0200: Memory Usage (486972K) : Executing rule M1Fil.a2
2026-08-16 17:19:00 +0200: Memory Usage (487100K) : Executing rule M2Fil.c
2026-08-16 17:19:00 +0200: Memory Usage (487100K) : Executing rule M2Fil.a2
2026-08-16 17:19:00 +0200: Memory Usage (487228K) : Executing rule M3Fil.c
2026-08-16 17:19:00 +0200: Memory Usage (487228K) : Executing rule M3Fil.a2
2026-08-16 17:19:00 +0200: Memory Usage (487356K) : Executing rule M4Fil.c
2026-08-16 17:19:00 +0200: Memory Usage (487484K) : Executing rule M4Fil.a2
2026-08-16 17:19:00 +0200: Memory Usage (487484K) : Executing rule M5Fil.c
2026-08-16 17:19:00 +0200: Memory Usage (487612K) : Executing rule M5Fil.a2
2026-08-16 17:19:00 +0200: Memory Usage (487612K) : Starting 5.19. Via1 table
2026-08-16 17:19:00 +0200: Memory Usage (487612K) : Starting 5.19. Via1 table derivations
2026-08-16 17:19:00 +0200: Memory Usage (487740K) : Executing rule V1.a
2026-08-16 17:19:00 +0200: Memory Usage (487868K) : Executing rule V1.b
2026-08-16 17:19:00 +0200: Memory Usage (487996K) : Executing rule V1.c
2026-08-16 17:19:00 +0200: Memory Usage (488124K) : Starting 5.20. Vian table
2026-08-16 17:19:00 +0200: Memory Usage (488124K) : Executing rule V2.a
2026-08-16 17:19:00 +0200: Memory Usage (488252K) : Executing rule V2.b
2026-08-16 17:19:00 +0200: Memory Usage (488380K) : Executing rule V2.c
2026-08-16 17:19:00 +0200: Memory Usage (488508K) : Executing rule V3.a
2026-08-16 17:19:00 +0200: Memory Usage (488636K) : Executing rule V3.b
2026-08-16 17:19:00 +0200: Memory Usage (488636K) : Executing rule V3.c
2026-08-16 17:19:00 +0200: Memory Usage (488764K) : Executing rule V4.a
2026-08-16 17:19:00 +0200: Memory Usage (489020K) : Executing rule V4.b
2026-08-16 17:19:00 +0200: Memory Usage (489020K) : Executing rule V4.c
2026-08-16 17:19:00 +0200: Memory Usage (489148K) : Starting 5.21. TopVia1 table
2026-08-16 17:19:00 +0200: Memory Usage (489276K) : Executing rule TV1.a
2026-08-16 17:19:00 +0200: Memory Usage (489404K) : Executing rule TV1.b
2026-08-16 17:19:00 +0200: Memory Usage (489532K) : Executing rule TV1.c
2026-08-16 17:19:00 +0200: Memory Usage (489660K) : Executing rule TV1.d
2026-08-16 17:19:00 +0200: Memory Usage (489788K) : Starting 5.22. TopMetal1 table
2026-08-16 17:19:00 +0200: Memory Usage (489788K) : Executing rule TM1.a
2026-08-16 17:19:00 +0200: Memory Usage (489788K) : Executing rule TM1.b
2026-08-16 17:19:00 +0200: Memory Usage (489916K) : Starting 5.23 TopMetal1:filler table
2026-08-16 17:19:00 +0200: Memory Usage (489916K) : Executing rule TM1Fil.c
2026-08-16 17:19:00 +0200: Memory Usage (490044K) : Executing rule TM1Fil.a1
2026-08-16 17:19:00 +0200: Memory Usage (490172K) : Starting 5.24. TopVia2 table
2026-08-16 17:19:00 +0200: Memory Usage (490172K) : Executing rule TV2.a
2026-08-16 17:19:00 +0200: Memory Usage (490428K) : Executing rule TV2.b
2026-08-16 17:19:00 +0200: Memory Usage (490556K) : Executing rule TV2.c
2026-08-16 17:19:00 +0200: Memory Usage (490556K) : Executing rule TV2.d
2026-08-16 17:19:00 +0200: Memory Usage (490684K) : Starting 5.25. TopMetal2 table
2026-08-16 17:19:00 +0200: Memory Usage (490684K) : Executing rule TM2.a
2026-08-16 17:19:00 +0200: Memory Usage (490812K) : Executing rule TM2.b
2026-08-16 17:19:00 +0200: Memory Usage (490940K) : Executing rule TM2.bR
2026-08-16 17:19:00 +0200: Memory Usage (491196K) : Starting 5.26 TopMetal2:filler table
2026-08-16 17:19:00 +0200: Memory Usage (491196K) : Executing rule TM2Fil.c
2026-08-16 17:19:00 +0200: Memory Usage (491324K) : Executing rule TM2Fil.a1
2026-08-16 17:19:00 +0200: Memory Usage (491452K) : Starting 5.27. Passiv table
2026-08-16 17:19:00 +0200: Memory Usage (491452K) : Executing rule Pas.a
2026-08-16 17:19:00 +0200: Memory Usage (491580K) : Executing rule Pas.b
2026-08-16 17:19:00 +0200: Memory Usage (491708K) : Executing rule Pas.c
2026-08-16 17:19:00 +0200: Memory Usage (492092K) : Starting 6.9.2 Copper Pillar table
2026-08-16 17:19:00 +0200: Memory Usage (492092K) : Executing rule Padc.a
2026-08-16 17:19:00 +0200: Memory Usage (492348K) : Executing rule Padc.b
2026-08-16 17:19:00 +0200: Memory Usage (492476K) : Executing rule Padc.c
2026-08-16 17:19:00 +0200: Memory Usage (492732K) : Executing rule Padb.f
2026-08-16 17:19:00 +0200: Memory Usage (493116K) : Starting 6.9 Pad table
2026-08-16 17:19:00 +0200: Memory Usage (493116K) : Executing rule Pad.m
2026-08-16 17:19:00 +0200: Memory Usage (493372K) : Executing rule Pad.fR_M1
2026-08-16 17:19:00 +0200: Memory Usage (493884K) : Executing rule Pad.fR_M2
2026-08-16 17:19:00 +0200: Memory Usage (494140K) : Executing rule Pad.fR_M3
2026-08-16 17:19:00 +0200: Memory Usage (494140K) : Executing rule Pad.fR_M4
2026-08-16 17:19:00 +0200: Memory Usage (494140K) : Executing rule Pad.fR_M5
2026-08-16 17:19:00 +0200: Memory Usage (494140K) : Executing rule Pad.fR_TM1
2026-08-16 17:19:00 +0200: Memory Usage (494140K) : Executing rule Pad.fR_TM2
2026-08-16 17:19:00 +0200: Memory Usage (494140K) : Executing rule Pad.i
2026-08-16 17:19:00 +0200: Memory Usage (494140K) : Starting 6.9.1 Solder Bump
2026-08-16 17:19:00 +0200: Memory Usage (494140K) : Executing rule Padb.a
2026-08-16 17:19:00 +0200: Memory Usage (494140K) : Executing rule Padb.b
2026-08-16 17:19:00 +0200: Memory Usage (494140K) : Executing rule Padb.c
2026-08-16 17:19:00 +0200: Memory Usage (494140K) : Executing rule Padb.f
2026-08-16 17:19:00 +0200: Memory Usage (494140K) : Executing rule Padb.d
2026-08-16 17:19:00 +0200: Memory Usage (494140K) : Starting 6.10 Sealring table
2026-08-16 17:19:00 +0200: Memory Usage (494140K) : Executing rule Seal.l
2026-08-16 17:19:00 +0200: Memory Usage (494140K) : Executing rule Seal.n
2026-08-16 17:19:00 +0200: Memory Usage (494140K) : Executing rule seal.b_metal1
2026-08-16 17:19:00 +0200: Memory Usage (494140K) : Executing rule seal.b_metal2
2026-08-16 17:19:00 +0200: Memory Usage (494140K) : Executing rule seal.b_metal3
2026-08-16 17:19:00 +0200: Memory Usage (494140K) : Executing rule seal.b_metal4
2026-08-16 17:19:00 +0200: Memory Usage (494140K) : Executing rule seal.b_metal5
2026-08-16 17:19:00 +0200: Memory Usage (494140K) : Executing rule seal.b_topmetal1
2026-08-16 17:19:00 +0200: Memory Usage (494140K) : Executing rule seal.b_topmetal2
2026-08-16 17:19:00 +0200: Memory Usage (494140K) : Executing rule seal.b_activ
2026-08-16 17:19:00 +0200: Memory Usage (494140K) : Executing rule seal.b_psd
2026-08-16 17:19:00 +0200: Memory Usage (494140K) : Executing rule Seal.k
2026-08-16 17:19:00 +0200: Memory Usage (494140K) : Executing rule Seal.m
2026-08-16 17:19:00 +0200: Memory Usage (494140K) : Starting 6.11 MIM table
2026-08-16 17:19:00 +0200: Memory Usage (494140K) : Executing rule MIM.c
2026-08-16 17:19:00 +0200: Memory Usage (494140K) : Executing rule MIM.d
2026-08-16 17:19:00 +0200: Memory Usage (494140K) : Executing rule MIM.gR
2026-08-16 17:19:00 +0200: Memory Usage (494140K) : Starting 7.3 Metal Slits table
2026-08-16 17:19:00 +0200: Memory Usage (494140K) : Executing rule Slt.e1_M1
2026-08-16 17:19:00 +0200: Memory Usage (494140K) : Executing rule Slt.e1_M2
2026-08-16 17:19:00 +0200: Memory Usage (494140K) : Executing rule Slt.e1_M3
2026-08-16 17:19:00 +0200: Memory Usage (494140K) : Executing rule Slt.e1_M4
2026-08-16 17:19:00 +0200: Memory Usage (494140K) : Executing rule Slt.e1_M5
2026-08-16 17:19:00 +0200: Memory Usage (494140K) : Executing rule Slt.e1_TM1
2026-08-16 17:19:00 +0200: Memory Usage (494140K) : Executing rule Slt.e1_TM2
2026-08-16 17:19:00 +0200: Memory Usage (494140K) : Starting 9.1. LBE table
2026-08-16 17:19:00 +0200: Memory Usage (494140K) : Executing rule LBE.a
2026-08-16 17:19:00 +0200: Memory Usage (494140K) : Executing rule LBE.b
2026-08-16 17:19:00 +0200: Memory Usage (494140K) : Executing rule LBE.b1
2026-08-16 17:19:00 +0200: Memory Usage (494140K) : Executing rule LBE.c
2026-08-16 17:19:00 +0200: Memory Usage (494140K) : Executing rule LBE.d
2026-08-16 17:19:00 +0200: Memory Usage (494140K) : Executing rule LBE.h
2026-08-16 17:19:00 +0200: Memory Usage (494140K) : Starting 7.4. PIN table
2026-08-16 17:19:00 +0200: Memory Usage (494140K) : Executing rule Pin.a
2026-08-16 17:19:00 +0200: Memory Usage (494140K) : Executing rule Pin.b
2026-08-16 17:19:00 +0200: Memory Usage (494140K) : Executing rule Pin.e
2026-08-16 17:19:00 +0200: Memory Usage (494012K) : Executing rule Pin.f_M2
2026-08-16 17:19:00 +0200: Memory Usage (494012K) : Executing rule Pin.f_M3
2026-08-16 17:19:00 +0200: Memory Usage (494012K) : Executing rule Pin.f_M4
2026-08-16 17:19:00 +0200: Memory Usage (494012K) : Executing rule Pin.f_M5
2026-08-16 17:19:00 +0200: Memory Usage (494012K) : Executing rule Pin.g
2026-08-16 17:19:00 +0200: Memory Usage (494012K) : Executing rule Pin.h
2026-08-16 17:19:00 +0200: Memory Usage (494012K) : Starting 3.1. offgrid table
2026-08-16 17:19:00 +0200: Memory Usage (494012K) : Executing rule activ_drw_Offgrid
2026-08-16 17:19:00 +0200: Memory Usage (494012K) : Executing rule activ_mask_Offgrid
2026-08-16 17:19:00 +0200: Memory Usage (494012K) : Executing rule activ_filler_Offgrid
2026-08-16 17:19:00 +0200: Memory Usage (494012K) : Executing rule activ_opc_Offgrid
2026-08-16 17:19:00 +0200: Memory Usage (494012K) : Executing rule activ_iopc_Offgrid
2026-08-16 17:19:00 +0200: Memory Usage (494012K) : Executing rule biwind_drw_Offgrid
2026-08-16 17:19:00 +0200: Memory Usage (494012K) : Executing rule biwind_opc_Offgrid
2026-08-16 17:19:00 +0200: Memory Usage (494012K) : Executing rule pemwind_drw_Offgrid
2026-08-16 17:19:00 +0200: Memory Usage (494012K) : Executing rule gatpoly_drw_Offgrid
2026-08-16 17:19:00 +0200: Memory Usage (494012K) : Executing rule gatpoly_filler_Offgrid
2026-08-16 17:19:01 +0200: Memory Usage (494140K) : Executing rule gatpoly_opc_Offgrid
2026-08-16 17:19:01 +0200: Memory Usage (494140K) : Executing rule gatpoly_iopc_Offgrid
2026-08-16 17:19:01 +0200: Memory Usage (494268K) : Executing rule gatpoly_noqrc_Offgrid
2026-08-16 17:19:01 +0200: Memory Usage (494780K) : Executing rule cont_drw_Offgrid
2026-08-16 17:19:01 +0200: Memory Usage (501820K) : Executing rule cont_opc_Offgrid
2026-08-16 17:19:01 +0200: Memory Usage (501820K) : Executing rule nsd_drw_Offgrid
2026-08-16 17:19:01 +0200: Memory Usage (501820K) : Executing rule nsd_block_Offgrid
2026-08-16 17:19:01 +0200: Memory Usage (501820K) : Executing rule metal1_drw_Offgrid
2026-08-16 17:19:01 +0200: Memory Usage (501820K) : Executing rule metal1_mask_Offgrid
2026-08-16 17:19:01 +0200: Memory Usage (501820K) : Executing rule metal1_filler_Offgrid
2026-08-16 17:19:01 +0200: Memory Usage (501820K) : Executing rule metal1_slit_Offgrid
2026-08-16 17:19:01 +0200: Memory Usage (501820K) : Executing rule metal1_opc_Offgrid
2026-08-16 17:19:01 +0200: Memory Usage (501820K) : Executing rule metal1_noqrc_Offgrid
2026-08-16 17:19:01 +0200: Memory Usage (501820K) : Executing rule metal1_res_Offgrid
2026-08-16 17:19:01 +0200: Memory Usage (501820K) : Executing rule metal1_iprobe_Offgrid
2026-08-16 17:19:01 +0200: Memory Usage (501820K) : Executing rule metal1_diffprb_Offgrid
2026-08-16 17:19:01 +0200: Memory Usage (501820K) : Executing rule passiv_drw_Offgrid
2026-08-16 17:19:01 +0200: Memory Usage (501948K) : Executing rule passiv_pillar_Offgrid
2026-08-16 17:19:01 +0200: Memory Usage (501948K) : Executing rule passiv_sbump_Offgrid
2026-08-16 17:19:01 +0200: Memory Usage (501948K) : Executing rule passiv_pdl_Offgrid
2026-08-16 17:19:01 +0200: Memory Usage (501948K) : Executing rule metal2_drw_Offgrid
2026-08-16 17:19:01 +0200: Memory Usage (501948K) : Executing rule metal2_mask_Offgrid
2026-08-16 17:19:01 +0200: Memory Usage (502076K) : Executing rule metal2_filler_Offgrid
2026-08-16 17:19:01 +0200: Memory Usage (502076K) : Executing rule metal2_slit_Offgrid
2026-08-16 17:19:01 +0200: Memory Usage (502076K) : Executing rule metal2_opc_Offgrid
2026-08-16 17:19:01 +0200: Memory Usage (502076K) : Executing rule metal2_noqrc_Offgrid
2026-08-16 17:19:01 +0200: Memory Usage (502204K) : Executing rule metal2_res_Offgrid
2026-08-16 17:19:01 +0200: Memory Usage (502204K) : Executing rule metal2_iprobe_Offgrid
2026-08-16 17:19:01 +0200: Memory Usage (502204K) : Executing rule metal2_diffprb_Offgrid
2026-08-16 17:19:01 +0200: Memory Usage (502204K) : Executing rule baspoly_drw_Offgrid
2026-08-16 17:19:01 +0200: Memory Usage (502332K) : Executing rule psd_drw_Offgrid
2026-08-16 17:19:01 +0200: Memory Usage (502332K) : Executing rule nldb_drw_Offgrid
2026-08-16 17:19:01 +0200: Memory Usage (502332K) : Executing rule via1_drw_Offgrid
2026-08-16 17:19:01 +0200: Memory Usage (502332K) : Executing rule backmetal1_drw_Offgrid
2026-08-16 17:19:01 +0200: Memory Usage (502332K) : Executing rule backmetal1_mask_Offgrid
2026-08-16 17:19:01 +0200: Memory Usage (502332K) : Executing rule backmetal1_filler_Offgrid
2026-08-16 17:19:01 +0200: Memory Usage (502332K) : Executing rule backmetal1_slit_Offgrid
2026-08-16 17:19:01 +0200: Memory Usage (502332K) : Executing rule backmetal1_opc_Offgrid
2026-08-16 17:19:01 +0200: Memory Usage (502332K) : Executing rule backmetal1_noqrc_Offgrid
2026-08-16 17:19:01 +0200: Memory Usage (502332K) : Executing rule backmetal1_res_Offgrid
2026-08-16 17:19:01 +0200: Memory Usage (502332K) : Executing rule backmetal1_iprobe_Offgrid
2026-08-16 17:19:01 +0200: Memory Usage (502332K) : Executing rule backmetal1_diffprb_Offgrid
2026-08-16 17:19:01 +0200: Memory Usage (502332K) : Executing rule backpassiv_drw_Offgrid
2026-08-16 17:19:01 +0200: Memory Usage (502332K) : Executing rule salblock_drw_Offgrid
2026-08-16 17:19:01 +0200: Memory Usage (502332K) : Executing rule via2_drw_Offgrid
2026-08-16 17:19:01 +0200: Memory Usage (502332K) : Executing rule metal3_drw_Offgrid
2026-08-16 17:19:02 +0200: Memory Usage (502332K) : Executing rule metal3_mask_Offgrid
2026-08-16 17:19:02 +0200: Memory Usage (502332K) : Executing rule metal3_filler_Offgrid
2026-08-16 17:19:02 +0200: Memory Usage (502332K) : Executing rule metal3_slit_Offgrid
2026-08-16 17:19:02 +0200: Memory Usage (502332K) : Executing rule metal3_opc_Offgrid
2026-08-16 17:19:02 +0200: Memory Usage (502332K) : Executing rule metal3_noqrc_Offgrid
2026-08-16 17:19:02 +0200: Memory Usage (502332K) : Executing rule metal3_res_Offgrid
2026-08-16 17:19:02 +0200: Memory Usage (502332K) : Executing rule metal3_iprobe_Offgrid
2026-08-16 17:19:02 +0200: Memory Usage (502332K) : Executing rule metal3_diffprb_Offgrid
2026-08-16 17:19:02 +0200: Memory Usage (502332K) : Executing rule nwell_drw_Offgrid
2026-08-16 17:19:02 +0200: Memory Usage (502332K) : Executing rule nbulay_drw_Offgrid
2026-08-16 17:19:02 +0200: Memory Usage (502332K) : Executing rule nbulay_block_Offgrid
2026-08-16 17:19:02 +0200: Memory Usage (502332K) : Executing rule pwell_drw_Offgrid
2026-08-16 17:19:02 +0200: Memory Usage (502332K) : Executing rule pwell_block_Offgrid
2026-08-16 17:19:02 +0200: Memory Usage (502332K) : Executing rule emwind_drw_Offgrid
2026-08-16 17:19:02 +0200: Memory Usage (502460K) : Executing rule emwind_opc_Offgrid
2026-08-16 17:19:02 +0200: Memory Usage (502460K) : Executing rule deepco_drw_Offgrid
2026-08-16 17:19:02 +0200: Memory Usage (502460K) : Executing rule mim_drw_Offgrid
2026-08-16 17:19:02 +0200: Memory Usage (502460K) : Executing rule substrate_drw_Offgrid
2026-08-16 17:19:02 +0200: Memory Usage (502460K) : Executing rule ic_drw_Offgrid
2026-08-16 17:19:02 +0200: Memory Usage (502588K) : Executing rule via3_drw_Offgrid
2026-08-16 17:19:02 +0200: Memory Usage (502588K) : Executing rule pldb_drw_Offgrid
2026-08-16 17:19:02 +0200: Memory Usage (502588K) : Executing rule metal4_drw_Offgrid
2026-08-16 17:19:02 +0200: Memory Usage (502588K) : Executing rule metal4_mask_Offgrid
2026-08-16 17:19:02 +0200: Memory Usage (502588K) : Executing rule metal4_filler_Offgrid
2026-08-16 17:19:02 +0200: Memory Usage (502588K) : Executing rule metal4_slit_Offgrid
2026-08-16 17:19:02 +0200: Memory Usage (502588K) : Executing rule metal4_opc_Offgrid
2026-08-16 17:19:02 +0200: Memory Usage (502588K) : Executing rule metal4_noqrc_Offgrid
2026-08-16 17:19:02 +0200: Memory Usage (502588K) : Executing rule metal4_res_Offgrid
2026-08-16 17:19:02 +0200: Memory Usage (502588K) : Executing rule metal4_iprobe_Offgrid
2026-08-16 17:19:02 +0200: Memory Usage (502588K) : Executing rule metal4_diffprb_Offgrid
2026-08-16 17:19:02 +0200: Memory Usage (502588K) : Executing rule via4_drw_Offgrid
2026-08-16 17:19:02 +0200: Memory Usage (502588K) : Executing rule metal5_drw_Offgrid
2026-08-16 17:19:02 +0200: Memory Usage (502588K) : Executing rule metal5_mask_Offgrid
2026-08-16 17:19:02 +0200: Memory Usage (502588K) : Executing rule metal5_filler_Offgrid
2026-08-16 17:19:02 +0200: Memory Usage (502588K) : Executing rule metal5_slit_Offgrid
2026-08-16 17:19:02 +0200: Memory Usage (502588K) : Executing rule metal5_opc_Offgrid
2026-08-16 17:19:02 +0200: Memory Usage (502588K) : Executing rule metal5_noqrc_Offgrid
2026-08-16 17:19:02 +0200: Memory Usage (502588K) : Executing rule metal5_res_Offgrid
2026-08-16 17:19:02 +0200: Memory Usage (502588K) : Executing rule metal5_iprobe_Offgrid
2026-08-16 17:19:02 +0200: Memory Usage (502588K) : Executing rule metal5_diffprb_Offgrid
2026-08-16 17:19:02 +0200: Memory Usage (502588K) : Executing rule prboundary_drw_Offgrid
2026-08-16 17:19:02 +0200: Memory Usage (502588K) : Executing rule exchange0_drw_Offgrid
2026-08-16 17:19:02 +0200: Memory Usage (502588K) : Executing rule exchange1_drw_Offgrid
2026-08-16 17:19:02 +0200: Memory Usage (502588K) : Executing rule exchange2_drw_Offgrid
2026-08-16 17:19:02 +0200: Memory Usage (502588K) : Executing rule exchange3_drw_Offgrid
2026-08-16 17:19:02 +0200: Memory Usage (502588K) : Executing rule exchange4_drw_Offgrid
2026-08-16 17:19:02 +0200: Memory Usage (502588K) : Executing rule isonwell_drw_Offgrid
2026-08-16 17:19:02 +0200: Memory Usage (502588K) : Executing rule thickgateox_drw_Offgrid
2026-08-16 17:19:02 +0200: Memory Usage (502588K) : Executing rule pempoly_drw_Offgrid
2026-08-16 17:19:02 +0200: Memory Usage (502588K) : Executing rule fbe_drw_Offgrid
2026-08-16 17:19:02 +0200: Memory Usage (502588K) : Executing rule empoly_drw_Offgrid
2026-08-16 17:19:02 +0200: Memory Usage (502588K) : Executing rule ldmos_drw_Offgrid
2026-08-16 17:19:02 +0200: Memory Usage (502588K) : Executing rule pbiwind_drw_Offgrid
2026-08-16 17:19:02 +0200: Memory Usage (502588K) : Executing rule colopen_drw_Offgrid
2026-08-16 17:19:02 +0200: Memory Usage (502588K) : Executing rule extblock_drw_Offgrid
2026-08-16 17:19:02 +0200: Memory Usage (502588K) : Executing rule nldd_drw_Offgrid
2026-08-16 17:19:02 +0200: Memory Usage (502588K) : Executing rule pldd_drw_Offgrid
2026-08-16 17:19:02 +0200: Memory Usage (502588K) : Executing rule next_drw_Offgrid
2026-08-16 17:19:02 +0200: Memory Usage (502588K) : Executing rule pext_drw_Offgrid
2026-08-16 17:19:02 +0200: Memory Usage (502588K) : Executing rule nexthv_drw_Offgrid
2026-08-16 17:19:02 +0200: Memory Usage (502588K) : Executing rule pexthv_drw_Offgrid
2026-08-16 17:19:02 +0200: Memory Usage (502588K) : Executing rule graphgate_drw_Offgrid
2026-08-16 17:19:02 +0200: Memory Usage (502588K) : Executing rule mempad_drw_Offgrid
2026-08-16 17:19:02 +0200: Memory Usage (502588K) : Executing rule topvia1_drw_Offgrid
2026-08-16 17:19:02 +0200: Memory Usage (502716K) : Executing rule topmetal1_drw_Offgrid
2026-08-16 17:19:02 +0200: Memory Usage (502716K) : Executing rule topmetal1_mask_Offgrid
2026-08-16 17:19:02 +0200: Memory Usage (502844K) : Executing rule topmetal1_filler_Offgrid
2026-08-16 17:19:02 +0200: Memory Usage (503356K) : Executing rule topmetal1_slit_Offgrid
2026-08-16 17:19:02 +0200: Memory Usage (503868K) : Executing rule topmetal1_noqrc_Offgrid
2026-08-16 17:19:02 +0200: Memory Usage (504380K) : Executing rule topmetal1_res_Offgrid
2026-08-16 17:19:02 +0200: Memory Usage (505020K) : Executing rule topmetal1_iprobe_Offgrid
2026-08-16 17:19:02 +0200: Memory Usage (505532K) : Executing rule topmetal1_diffprb_Offgrid
2026-08-16 17:19:02 +0200: Memory Usage (506044K) : Executing rule inldpwl_drw_Offgrid
2026-08-16 17:19:02 +0200: Memory Usage (506428K) : Executing rule polyres_drw_Offgrid
2026-08-16 17:19:02 +0200: Memory Usage (506428K) : Executing rule vmim_drw_Offgrid
2026-08-16 17:19:02 +0200: Memory Usage (506428K) : Executing rule nbulaycut_drw_Offgrid
2026-08-16 17:19:02 +0200: Memory Usage (506428K) : Executing rule antmetal1_drw_Offgrid
2026-08-16 17:19:02 +0200: Memory Usage (506428K) : Executing rule topvia2_drw_Offgrid
2026-08-16 17:19:02 +0200: Memory Usage (506428K) : Executing rule topmetal2_drw_Offgrid
2026-08-16 17:19:02 +0200: Memory Usage (506428K) : Executing rule topmetal2_mask_Offgrid
2026-08-16 17:19:02 +0200: Memory Usage (506428K) : Executing rule topmetal2_filler_Offgrid
2026-08-16 17:19:02 +0200: Memory Usage (506428K) : Executing rule topmetal2_slit_Offgrid
2026-08-16 17:19:02 +0200: Memory Usage (506428K) : Executing rule topmetal2_noqrc_Offgrid
2026-08-16 17:19:02 +0200: Memory Usage (506428K) : Executing rule topmetal2_res_Offgrid
2026-08-16 17:19:02 +0200: Memory Usage (506428K) : Executing rule topmetal2_iprobe_Offgrid
2026-08-16 17:19:02 +0200: Memory Usage (506428K) : Executing rule topmetal2_diffprb_Offgrid
2026-08-16 17:19:02 +0200: Memory Usage (506428K) : Executing rule snsring_drw_Offgrid
2026-08-16 17:19:02 +0200: Memory Usage (506428K) : Executing rule sensor_drw_Offgrid
2026-08-16 17:19:02 +0200: Memory Usage (506428K) : Executing rule snsarms_drw_Offgrid
2026-08-16 17:19:02 +0200: Memory Usage (506428K) : Executing rule snscmosvia_drw_Offgrid
2026-08-16 17:19:02 +0200: Memory Usage (506428K) : Executing rule colwind_drw_Offgrid
2026-08-16 17:19:02 +0200: Memory Usage (506428K) : Executing rule flm_drw_Offgrid
2026-08-16 17:19:02 +0200: Memory Usage (506428K) : Executing rule hafniumox_drw_Offgrid
2026-08-16 17:19:02 +0200: Memory Usage (506428K) : Executing rule memvia_drw_Offgrid
2026-08-16 17:19:02 +0200: Memory Usage (506428K) : Executing rule thinfilmres_drw_Offgrid
2026-08-16 17:19:02 +0200: Memory Usage (506428K) : Executing rule rfmem_drw_Offgrid
2026-08-16 17:19:02 +0200: Memory Usage (506428K) : Executing rule snsbotvia_drw_Offgrid
2026-08-16 17:19:02 +0200: Memory Usage (506428K) : Executing rule snstopvia_drw_Offgrid
2026-08-16 17:19:03 +0200: Memory Usage (506428K) : Executing rule deepvia_drw_Offgrid
2026-08-16 17:19:03 +0200: Memory Usage (506428K) : Executing rule fgetch_drw_Offgrid
2026-08-16 17:19:03 +0200: Memory Usage (506428K) : Executing rule ctrgat_drw_Offgrid
2026-08-16 17:19:03 +0200: Memory Usage (506428K) : Executing rule fgimp_drw_Offgrid
2026-08-16 17:19:03 +0200: Memory Usage (506428K) : Executing rule emwihv_drw_Offgrid
2026-08-16 17:19:03 +0200: Memory Usage (506428K) : Executing rule lbe_drw_Offgrid
2026-08-16 17:19:03 +0200: Memory Usage (506428K) : Executing rule alcustop_drw_Offgrid
2026-08-16 17:19:03 +0200: Memory Usage (506428K) : Starting 3.2. angle table
2026-08-16 17:19:03 +0200: Memory Usage (506428K) : Executing rule activ_drw_Acute
2026-08-16 17:19:03 +0200: Memory Usage (506428K) : Executing rule activ_pin_Acute
2026-08-16 17:19:03 +0200: Memory Usage (506428K) : Executing rule activ_mask_Acute
2026-08-16 17:19:03 +0200: Memory Usage (506428K) : Executing rule activ_filler_Acute
2026-08-16 17:19:03 +0200: Memory Usage (506428K) : Executing rule activ_nofill_Acute
2026-08-16 17:19:03 +0200: Memory Usage (506428K) : Executing rule activ_opc_Acute
2026-08-16 17:19:03 +0200: Memory Usage (506428K) : Executing rule activ_iopc_Acute
2026-08-16 17:19:03 +0200: Memory Usage (506428K) : Executing rule activ_noqrc_Acute
2026-08-16 17:19:03 +0200: Memory Usage (506428K) : Executing rule biwind_drw_Acute
2026-08-16 17:19:03 +0200: Memory Usage (506428K) : Executing rule biwind_opc_Acute
2026-08-16 17:19:03 +0200: Memory Usage (506428K) : Executing rule pemwind_drw_Acute
2026-08-16 17:19:03 +0200: Memory Usage (506428K) : Executing rule gatpoly_drw_Acute
2026-08-16 17:19:03 +0200: Memory Usage (506428K) : Executing rule gatpoly_pin_Acute
2026-08-16 17:19:03 +0200: Memory Usage (506428K) : Executing rule gatpoly_filler_Acute
2026-08-16 17:19:03 +0200: Memory Usage (506428K) : Executing rule gatpoly_nofill_Acute
2026-08-16 17:19:03 +0200: Memory Usage (506428K) : Executing rule gatpoly_opc_Acute
2026-08-16 17:19:03 +0200: Memory Usage (506428K) : Executing rule gatpoly_iopc_Acute
2026-08-16 17:19:03 +0200: Memory Usage (506428K) : Executing rule gatpoly_noqrc_Acute
2026-08-16 17:19:03 +0200: Memory Usage (506428K) : Executing rule cont_drw_Acute
2026-08-16 17:19:03 +0200: Memory Usage (506428K) : Executing rule cont_opc_Acute
2026-08-16 17:19:03 +0200: Memory Usage (506428K) : Executing rule nsd_drw_Acute
2026-08-16 17:19:03 +0200: Memory Usage (506428K) : Executing rule nsd_block_Acute
2026-08-16 17:19:03 +0200: Memory Usage (506428K) : Executing rule metal1_drw_Acute
2026-08-16 17:19:03 +0200: Memory Usage (506428K) : Executing rule metal1_pin_Acute
2026-08-16 17:19:03 +0200: Memory Usage (506428K) : Executing rule metal1_mask_Acute
2026-08-16 17:19:03 +0200: Memory Usage (506428K) : Executing rule metal1_filler_Acute
2026-08-16 17:19:03 +0200: Memory Usage (506428K) : Executing rule metal1_nofill_Acute
2026-08-16 17:19:03 +0200: Memory Usage (506428K) : Executing rule metal1_slit_Acute
2026-08-16 17:19:03 +0200: Memory Usage (506428K) : Executing rule metal1_opc_Acute
2026-08-16 17:19:03 +0200: Memory Usage (506428K) : Executing rule metal1_noqrc_Acute
2026-08-16 17:19:03 +0200: Memory Usage (506428K) : Executing rule metal1_res_Acute
2026-08-16 17:19:03 +0200: Memory Usage (506428K) : Executing rule metal1_iprobe_Acute
2026-08-16 17:19:03 +0200: Memory Usage (506428K) : Executing rule metal1_diffprb_Acute
2026-08-16 17:19:03 +0200: Memory Usage (506428K) : Executing rule passiv_drw_Acute
2026-08-16 17:19:03 +0200: Memory Usage (506428K) : Executing rule passiv_pin_Acute
2026-08-16 17:19:03 +0200: Memory Usage (506428K) : Executing rule passiv_pillar_Acute
2026-08-16 17:19:03 +0200: Memory Usage (506428K) : Executing rule passiv_sbump_Acute
2026-08-16 17:19:04 +0200: Memory Usage (506428K) : Executing rule passiv_pdl_Acute
2026-08-16 17:19:04 +0200: Memory Usage (506428K) : Executing rule metal2_drw_Acute
2026-08-16 17:19:04 +0200: Memory Usage (506428K) : Executing rule metal2_pin_Acute
2026-08-16 17:19:04 +0200: Memory Usage (506428K) : Executing rule metal2_mask_Acute
2026-08-16 17:19:04 +0200: Memory Usage (506428K) : Executing rule metal2_filler_Acute
2026-08-16 17:19:04 +0200: Memory Usage (506428K) : Executing rule metal2_nofill_Acute
2026-08-16 17:19:04 +0200: Memory Usage (506428K) : Executing rule metal2_slit_Acute
2026-08-16 17:19:04 +0200: Memory Usage (506428K) : Executing rule metal2_opc_Acute
2026-08-16 17:19:04 +0200: Memory Usage (506428K) : Executing rule metal2_noqrc_Acute
2026-08-16 17:19:04 +0200: Memory Usage (506428K) : Executing rule metal2_res_Acute
2026-08-16 17:19:04 +0200: Memory Usage (506428K) : Executing rule metal2_iprobe_Acute
2026-08-16 17:19:04 +0200: Memory Usage (506428K) : Executing rule metal2_diffprb_Acute
2026-08-16 17:19:04 +0200: Memory Usage (506428K) : Executing rule baspoly_drw_Acute
2026-08-16 17:19:04 +0200: Memory Usage (506428K) : Executing rule baspoly_pin_Acute
2026-08-16 17:19:04 +0200: Memory Usage (506428K) : Executing rule psd_drw_Acute
2026-08-16 17:19:04 +0200: Memory Usage (506428K) : Executing rule nldb_drw_Acute
2026-08-16 17:19:04 +0200: Memory Usage (506428K) : Executing rule via1_drw_Acute
2026-08-16 17:19:04 +0200: Memory Usage (506428K) : Executing rule backmetal1_drw_Acute
2026-08-16 17:19:04 +0200: Memory Usage (506556K) : Executing rule backmetal1_pin_Acute
2026-08-16 17:19:04 +0200: Memory Usage (506556K) : Executing rule backmetal1_mask_Acute
2026-08-16 17:19:04 +0200: Memory Usage (506556K) : Executing rule backmetal1_filler_Acute
2026-08-16 17:19:04 +0200: Memory Usage (506556K) : Executing rule backmetal1_nofill_Acute
2026-08-16 17:19:04 +0200: Memory Usage (506684K) : Executing rule backmetal1_slit_Acute
2026-08-16 17:19:04 +0200: Memory Usage (506684K) : Executing rule backmetal1_opc_Acute
2026-08-16 17:19:04 +0200: Memory Usage (506684K) : Executing rule backmetal1_noqrc_Acute
2026-08-16 17:19:04 +0200: Memory Usage (506684K) : Executing rule backmetal1_res_Acute
2026-08-16 17:19:04 +0200: Memory Usage (506812K) : Executing rule backmetal1_iprobe_Acute
2026-08-16 17:19:04 +0200: Memory Usage (506812K) : Executing rule backmetal1_diffprb_Acute
2026-08-16 17:19:04 +0200: Memory Usage (506812K) : Executing rule backpassiv_drw_Acute
2026-08-16 17:19:04 +0200: Memory Usage (506940K) : Executing rule salblock_drw_Acute
2026-08-16 17:19:04 +0200: Memory Usage (506940K) : Executing rule via2_drw_Acute
2026-08-16 17:19:04 +0200: Memory Usage (506940K) : Executing rule metal3_drw_Acute
2026-08-16 17:19:04 +0200: Memory Usage (506940K) : Executing rule metal3_pin_Acute
2026-08-16 17:19:04 +0200: Memory Usage (506940K) : Executing rule metal3_mask_Acute
2026-08-16 17:19:04 +0200: Memory Usage (506940K) : Executing rule metal3_filler_Acute
2026-08-16 17:19:04 +0200: Memory Usage (506940K) : Executing rule metal3_nofill_Acute
2026-08-16 17:19:04 +0200: Memory Usage (506940K) : Executing rule metal3_slit_Acute
2026-08-16 17:19:04 +0200: Memory Usage (506940K) : Executing rule metal3_opc_Acute
2026-08-16 17:19:04 +0200: Memory Usage (506940K) : Executing rule metal3_noqrc_Acute
2026-08-16 17:19:04 +0200: Memory Usage (506940K) : Executing rule metal3_res_Acute
2026-08-16 17:19:04 +0200: Memory Usage (506940K) : Executing rule metal3_iprobe_Acute
2026-08-16 17:19:04 +0200: Memory Usage (506940K) : Executing rule metal3_diffprb_Acute
2026-08-16 17:19:04 +0200: Memory Usage (506940K) : Executing rule nwell_drw_Acute
2026-08-16 17:19:04 +0200: Memory Usage (506940K) : Executing rule nwell_pin_Acute
2026-08-16 17:19:04 +0200: Memory Usage (506940K) : Executing rule nbulay_drw_Acute
2026-08-16 17:19:04 +0200: Memory Usage (506940K) : Executing rule nbulay_pin_Acute
2026-08-16 17:19:04 +0200: Memory Usage (506940K) : Executing rule nbulay_block_Acute
2026-08-16 17:19:04 +0200: Memory Usage (506940K) : Executing rule pwell_drw_Acute
2026-08-16 17:19:04 +0200: Memory Usage (506940K) : Executing rule pwell_pin_Acute
2026-08-16 17:19:04 +0200: Memory Usage (506940K) : Executing rule pwell_block_Acute
2026-08-16 17:19:04 +0200: Memory Usage (506940K) : Executing rule emwind_drw_Acute
2026-08-16 17:19:04 +0200: Memory Usage (506940K) : Executing rule emwind_opc_Acute
2026-08-16 17:19:04 +0200: Memory Usage (506940K) : Executing rule deepco_drw_Acute
2026-08-16 17:19:04 +0200: Memory Usage (506940K) : Executing rule mim_drw_Acute
2026-08-16 17:19:04 +0200: Memory Usage (506940K) : Executing rule substrate_drw_Acute
2026-08-16 17:19:04 +0200: Memory Usage (506940K) : Executing rule ic_drw_Acute
2026-08-16 17:19:04 +0200: Memory Usage (506940K) : Executing rule via3_drw_Acute
2026-08-16 17:19:04 +0200: Memory Usage (506940K) : Executing rule pldb_drw_Acute
2026-08-16 17:19:04 +0200: Memory Usage (506940K) : Executing rule metal4_drw_Acute
2026-08-16 17:19:04 +0200: Memory Usage (506940K) : Executing rule metal4_pin_Acute
2026-08-16 17:19:04 +0200: Memory Usage (506940K) : Executing rule metal4_mask_Acute
2026-08-16 17:19:04 +0200: Memory Usage (506940K) : Executing rule metal4_filler_Acute
2026-08-16 17:19:04 +0200: Memory Usage (506940K) : Executing rule metal4_nofill_Acute
2026-08-16 17:19:04 +0200: Memory Usage (506940K) : Executing rule metal4_slit_Acute
2026-08-16 17:19:04 +0200: Memory Usage (506940K) : Executing rule metal4_opc_Acute
2026-08-16 17:19:04 +0200: Memory Usage (506940K) : Executing rule metal4_noqrc_Acute
2026-08-16 17:19:04 +0200: Memory Usage (506940K) : Executing rule metal4_res_Acute
2026-08-16 17:19:04 +0200: Memory Usage (506940K) : Executing rule metal4_iprobe_Acute
2026-08-16 17:19:04 +0200: Memory Usage (506940K) : Executing rule metal4_diffprb_Acute
2026-08-16 17:19:04 +0200: Memory Usage (506940K) : Executing rule via4_drw_Acute
2026-08-16 17:19:04 +0200: Memory Usage (506940K) : Executing rule metal5_drw_Acute
2026-08-16 17:19:04 +0200: Memory Usage (506940K) : Executing rule metal5_pin_Acute
2026-08-16 17:19:04 +0200: Memory Usage (506940K) : Executing rule metal5_mask_Acute
2026-08-16 17:19:04 +0200: Memory Usage (506940K) : Executing rule metal5_filler_Acute
2026-08-16 17:19:04 +0200: Memory Usage (506940K) : Executing rule metal5_nofill_Acute
2026-08-16 17:19:04 +0200: Memory Usage (506940K) : Executing rule metal5_slit_Acute
2026-08-16 17:19:04 +0200: Memory Usage (506940K) : Executing rule metal5_opc_Acute
2026-08-16 17:19:04 +0200: Memory Usage (506940K) : Executing rule metal5_noqrc_Acute
2026-08-16 17:19:04 +0200: Memory Usage (506940K) : Executing rule metal5_res_Acute
2026-08-16 17:19:04 +0200: Memory Usage (506940K) : Executing rule metal5_iprobe_Acute
2026-08-16 17:19:04 +0200: Memory Usage (506940K) : Executing rule metal5_diffprb_Acute
2026-08-16 17:19:04 +0200: Memory Usage (506940K) : Executing rule prboundary_drw_Acute
2026-08-16 17:19:04 +0200: Memory Usage (506940K) : Executing rule exchange0_drw_Acute
2026-08-16 17:19:04 +0200: Memory Usage (506940K) : Executing rule exchange0_pin_Acute
2026-08-16 17:19:04 +0200: Memory Usage (506940K) : Executing rule exchange1_drw_Acute
2026-08-16 17:19:04 +0200: Memory Usage (506940K) : Executing rule exchange1_pin_Acute
2026-08-16 17:19:04 +0200: Memory Usage (506940K) : Executing rule exchange2_drw_Acute
2026-08-16 17:19:04 +0200: Memory Usage (506940K) : Executing rule exchange2_pin_Acute
2026-08-16 17:19:04 +0200: Memory Usage (506940K) : Executing rule exchange3_drw_Acute
2026-08-16 17:19:04 +0200: Memory Usage (506940K) : Executing rule exchange3_pin_Acute
2026-08-16 17:19:04 +0200: Memory Usage (506940K) : Executing rule exchange4_drw_Acute
2026-08-16 17:19:04 +0200: Memory Usage (506940K) : Executing rule exchange4_pin_Acute
2026-08-16 17:19:04 +0200: Memory Usage (506940K) : Executing rule isonwell_drw_Acute
2026-08-16 17:19:04 +0200: Memory Usage (506940K) : Executing rule thickgateox_drw_Acute
2026-08-16 17:19:05 +0200: Memory Usage (506940K) : Executing rule pempoly_drw_Acute
2026-08-16 17:19:05 +0200: Memory Usage (506940K) : Executing rule fbe_drw_Acute
2026-08-16 17:19:05 +0200: Memory Usage (506940K) : Executing rule empoly_drw_Acute
2026-08-16 17:19:05 +0200: Memory Usage (506940K) : Executing rule ldmos_drw_Acute
2026-08-16 17:19:05 +0200: Memory Usage (506940K) : Executing rule pbiwind_drw_Acute
2026-08-16 17:19:05 +0200: Memory Usage (506940K) : Executing rule colopen_drw_Acute
2026-08-16 17:19:05 +0200: Memory Usage (506940K) : Executing rule extblock_drw_Acute
2026-08-16 17:19:05 +0200: Memory Usage (506940K) : Executing rule nldd_drw_Acute
2026-08-16 17:19:05 +0200: Memory Usage (506940K) : Executing rule pldd_drw_Acute
2026-08-16 17:19:05 +0200: Memory Usage (506940K) : Executing rule next_drw_Acute
2026-08-16 17:19:05 +0200: Memory Usage (506940K) : Executing rule pext_drw_Acute
2026-08-16 17:19:05 +0200: Memory Usage (506940K) : Executing rule nexthv_drw_Acute
2026-08-16 17:19:05 +0200: Memory Usage (506940K) : Executing rule pexthv_drw_Acute
2026-08-16 17:19:05 +0200: Memory Usage (506940K) : Executing rule graphgate_drw_Acute
2026-08-16 17:19:05 +0200: Memory Usage (506940K) : Executing rule mempad_drw_Acute
2026-08-16 17:19:05 +0200: Memory Usage (506940K) : Executing rule topvia1_drw_Acute
2026-08-16 17:19:05 +0200: Memory Usage (506940K) : Executing rule topmetal1_drw_Acute
2026-08-16 17:19:05 +0200: Memory Usage (506940K) : Executing rule topmetal1_pin_Acute
2026-08-16 17:19:05 +0200: Memory Usage (506940K) : Executing rule topmetal1_mask_Acute
2026-08-16 17:19:05 +0200: Memory Usage (506940K) : Executing rule topmetal1_filler_Acute
2026-08-16 17:19:05 +0200: Memory Usage (506940K) : Executing rule topmetal1_nofill_Acute
2026-08-16 17:19:05 +0200: Memory Usage (506940K) : Executing rule topmetal1_slit_Acute
2026-08-16 17:19:05 +0200: Memory Usage (506940K) : Executing rule topmetal1_noqrc_Acute
2026-08-16 17:19:05 +0200: Memory Usage (506940K) : Executing rule topmetal1_res_Acute
2026-08-16 17:19:05 +0200: Memory Usage (506940K) : Executing rule topmetal1_iprobe_Acute
2026-08-16 17:19:05 +0200: Memory Usage (506940K) : Executing rule topmetal1_diffprb_Acute
2026-08-16 17:19:05 +0200: Memory Usage (506940K) : Executing rule inldpwl_drw_Acute
2026-08-16 17:19:05 +0200: Memory Usage (506940K) : Executing rule polyres_drw_Acute
2026-08-16 17:19:05 +0200: Memory Usage (506940K) : Executing rule polyres_pin_Acute
2026-08-16 17:19:05 +0200: Memory Usage (506940K) : Executing rule vmim_drw_Acute
2026-08-16 17:19:05 +0200: Memory Usage (506940K) : Executing rule nbulaycut_drw_Acute
2026-08-16 17:19:05 +0200: Memory Usage (506940K) : Executing rule antmetal1_drw_Acute
2026-08-16 17:19:05 +0200: Memory Usage (506940K) : Executing rule topvia2_drw_Acute
2026-08-16 17:19:05 +0200: Memory Usage (506940K) : Executing rule topmetal2_drw_Acute
2026-08-16 17:19:05 +0200: Memory Usage (506940K) : Executing rule topmetal2_pin_Acute
2026-08-16 17:19:05 +0200: Memory Usage (506940K) : Executing rule topmetal2_mask_Acute
2026-08-16 17:19:05 +0200: Memory Usage (506940K) : Executing rule topmetal2_filler_Acute
2026-08-16 17:19:05 +0200: Memory Usage (506940K) : Executing rule topmetal2_nofill_Acute
2026-08-16 17:19:05 +0200: Memory Usage (506940K) : Executing rule topmetal2_slit_Acute
2026-08-16 17:19:05 +0200: Memory Usage (506940K) : Executing rule topmetal2_noqrc_Acute
2026-08-16 17:19:05 +0200: Memory Usage (506940K) : Executing rule topmetal2_res_Acute
2026-08-16 17:19:05 +0200: Memory Usage (506940K) : Executing rule topmetal2_iprobe_Acute
2026-08-16 17:19:05 +0200: Memory Usage (506940K) : Executing rule topmetal2_diffprb_Acute
2026-08-16 17:19:05 +0200: Memory Usage (506940K) : Executing rule snsring_drw_Acute
2026-08-16 17:19:05 +0200: Memory Usage (506940K) : Executing rule sensor_drw_Acute
2026-08-16 17:19:05 +0200: Memory Usage (506940K) : Executing rule snsarms_drw_Acute
2026-08-16 17:19:05 +0200: Memory Usage (506940K) : Executing rule snscmosvia_drw_Acute
2026-08-16 17:19:05 +0200: Memory Usage (506940K) : Executing rule colwind_drw_Acute
2026-08-16 17:19:05 +0200: Memory Usage (506940K) : Executing rule flm_drw_Acute
2026-08-16 17:19:05 +0200: Memory Usage (506940K) : Executing rule hafniumox_drw_Acute
2026-08-16 17:19:05 +0200: Memory Usage (506940K) : Executing rule memvia_drw_Acute
2026-08-16 17:19:05 +0200: Memory Usage (506940K) : Executing rule thinfilmres_drw_Acute
2026-08-16 17:19:05 +0200: Memory Usage (506940K) : Executing rule rfmem_drw_Acute
2026-08-16 17:19:05 +0200: Memory Usage (506940K) : Executing rule snsbotvia_drw_Acute
2026-08-16 17:19:05 +0200: Memory Usage (506940K) : Executing rule snstopvia_drw_Acute
2026-08-16 17:19:05 +0200: Memory Usage (506940K) : Executing rule deepvia_drw_Acute
2026-08-16 17:19:05 +0200: Memory Usage (506940K) : Executing rule fgetch_drw_Acute
2026-08-16 17:19:05 +0200: Memory Usage (506940K) : Executing rule ctrgat_drw_Acute
2026-08-16 17:19:05 +0200: Memory Usage (506940K) : Executing rule fgimp_drw_Acute
2026-08-16 17:19:05 +0200: Memory Usage (506940K) : Executing rule emwihv_drw_Acute
2026-08-16 17:19:05 +0200: Memory Usage (506940K) : Executing rule lbe_drw_Acute
2026-08-16 17:19:05 +0200: Memory Usage (506940K) : Executing rule alcustop_drw_Acute
2026-08-16 17:19:05 +0200: Memory Usage (506940K) : Executing rule cont_drw_Angle90
2026-08-16 17:19:06 +0200: Memory Usage (522472K) : Executing rule via1_drw_Angle90
2026-08-16 17:19:06 +0200: Memory Usage (522600K) : Executing rule via2_drw_Angle90
2026-08-16 17:19:06 +0200: Memory Usage (522600K) : Executing rule via3_drw_Angle90
2026-08-16 17:19:06 +0200: Memory Usage (522600K) : Executing rule via4_drw_Angle90
2026-08-16 17:19:06 +0200: Memory Usage (522600K) : Executing rule vmim_drw_Angle90
2026-08-16 17:19:06 +0200: Memory Usage (522600K) : Executing rule topvia1_drw_Angle90
2026-08-16 17:19:06 +0200: Memory Usage (522600K) : Executing rule topvia2_drw_Angle90
2026-08-16 17:19:06 +0200: Memory Usage (522600K) : Executing rule gatpoly_drw_Angle45
2026-08-16 17:19:06 +0200: Memory Usage (522600K) : Executing rule activ_drw_Angle45
2026-08-16 17:19:06 +0200: Memory Usage (522728K) : Executing rule metal1_drw_Angle45
2026-08-16 17:19:06 +0200: Memory Usage (522856K) : Executing rule metal2_drw_Angle45
2026-08-16 17:19:06 +0200: Memory Usage (522856K) : Executing rule metal3_drw_Angle45
2026-08-16 17:19:06 +0200: Memory Usage (522856K) : Executing rule metal4_drw_Angle45
2026-08-16 17:19:06 +0200: Memory Usage (522856K) : Executing rule metal5_drw_Angle45
2026-08-16 17:19:06 +0200: Memory Usage (522856K) : Executing rule topmetal1_drw_Angle45
2026-08-16 17:19:06 +0200: Memory Usage (522856K) : Executing rule topmetal2_drw_Angle45
2026-08-16 17:19:06 +0200: Memory Usage (522856K) : Starting 3.2. FORBIDDEN table
2026-08-16 17:19:06 +0200: Memory Usage (522856K) : Executing rule forbidden.biwind
2026-08-16 17:19:06 +0200: Memory Usage (522856K) : Executing rule forbidden.pemwind
2026-08-16 17:19:06 +0200: Memory Usage (522856K) : Executing rule forbidden.baspoly
2026-08-16 17:19:06 +0200: Memory Usage (522856K) : Executing rule forbidden.deepco
2026-08-16 17:19:06 +0200: Memory Usage (522856K) : Executing rule forbidden.pempoly
2026-08-16 17:19:06 +0200: Memory Usage (522856K) : Executing rule forbidden.empoly
2026-08-16 17:19:06 +0200: Memory Usage (522856K) : Executing rule forbidden.ldmos
2026-08-16 17:19:06 +0200: Memory Usage (522856K) : Executing rule forbidden.pbiwind
2026-08-16 17:19:06 +0200: Memory Usage (522856K) : Executing rule forbidden.nodrc
2026-08-16 17:19:06 +0200: Memory Usage (522856K) : Executing rule forbidden.flash
2026-08-16 17:19:06 +0200: Memory Usage (522856K) : Executing rule forbidden.colwind
2026-08-16 17:19:06 +0200: Memory Usage (522856K) : KLayout DRC run for tables 'main' completed in 10.69 seconds
16-Aug-2026 17:19:07 | INFO    | Running IHP-SG13G2 density checks on design /foss/designs/sg13g2_stdcell_hv/work/drc/shared_rail.gds, topcell: shared_rail
2026-08-16 17:19:09 +0200: Memory Usage (452876K) : Starting running IHP-SG13G2 Klayout DRC Density runset on /foss/designs/sg13g2_stdcell_hv/work/drc/shared_rail.gds
2026-08-16 17:19:09 +0200: Memory Usage (452876K) : Ruby Version for klayout: 3.2.3
2026-08-16 17:19:09 +0200: Memory Usage (454632K) : Loading database to memory is complete.
2026-08-16 17:19:09 +0200: Memory Usage (454632K) : IHP-SG13G2 Klayout DRC Density runset output at: /foss/designs/sg13g2_stdcell_hv/work/drc/shared_rail_run/shared_rail_shared_rail_density.lyrdb
2026-08-16 17:19:09 +0200: Memory Usage (454632K) : Evaluate switches.
2026-08-16 17:19:09 +0200: Memory Usage (454632K) : Configured KLayout worker thread(s): 8.
2026-08-16 17:19:09 +0200: Memory Usage (454632K) : Deep mode enabled: reading layers and preparing general derivations.
2026-08-16 17:19:09 +0200: Memory Usage (454632K) : PreCheck DRC enabled: false
2026-08-16 17:19:09 +0200: Memory Usage (454632K) : Density sanity checks enabled: false
2026-08-16 17:19:09 +0200: Memory Usage (454632K) : Read in polygons from layers.
2026-08-16 17:19:09 +0200: Memory Usage (455992K) : activ_drw has 1280 polygons
2026-08-16 17:19:09 +0200: Memory Usage (456248K) : activ_mask has 0 polygons
2026-08-16 17:19:09 +0200: Memory Usage (456248K) : activ_filler has 0 polygons
2026-08-16 17:19:09 +0200: Memory Usage (456248K) : gatpoly_drw has 1424 polygons
2026-08-16 17:19:09 +0200: Memory Usage (456376K) : gatpoly_filler has 0 polygons
2026-08-16 17:19:09 +0200: Memory Usage (456504K) : metal1_drw has 4176 polygons
2026-08-16 17:19:09 +0200: Memory Usage (456632K) : metal1_filler has 0 polygons
2026-08-16 17:19:09 +0200: Memory Usage (456760K) : metal1_slit has 0 polygons
2026-08-16 17:19:09 +0200: Memory Usage (456760K) : metal2_drw has 8 polygons
2026-08-16 17:19:09 +0200: Memory Usage (456760K) : metal2_filler has 0 polygons
2026-08-16 17:19:09 +0200: Memory Usage (456888K) : metal2_slit has 0 polygons
2026-08-16 17:19:09 +0200: Memory Usage (456888K) : metal3_drw has 0 polygons
2026-08-16 17:19:09 +0200: Memory Usage (456888K) : metal3_filler has 0 polygons
2026-08-16 17:19:09 +0200: Memory Usage (457016K) : metal3_slit has 0 polygons
2026-08-16 17:19:09 +0200: Memory Usage (457016K) : metal4_drw has 0 polygons
2026-08-16 17:19:09 +0200: Memory Usage (457016K) : metal4_filler has 0 polygons
2026-08-16 17:19:09 +0200: Memory Usage (457144K) : metal4_slit has 0 polygons
2026-08-16 17:19:09 +0200: Memory Usage (457144K) : metal5_drw has 0 polygons
2026-08-16 17:19:09 +0200: Memory Usage (457144K) : metal5_filler has 0 polygons
2026-08-16 17:19:09 +0200: Memory Usage (457272K) : metal5_slit has 0 polygons
2026-08-16 17:19:09 +0200: Memory Usage (457272K) : topmetal1_drw has 0 polygons
2026-08-16 17:19:09 +0200: Memory Usage (457272K) : topmetal1_filler has 0 polygons
2026-08-16 17:19:09 +0200: Memory Usage (457400K) : topmetal1_slit has 0 polygons
2026-08-16 17:19:09 +0200: Memory Usage (457400K) : topmetal2_drw has 0 polygons
2026-08-16 17:19:09 +0200: Memory Usage (457400K) : topmetal2_filler has 0 polygons
2026-08-16 17:19:09 +0200: Memory Usage (457528K) : topmetal2_slit has 0 polygons
2026-08-16 17:19:09 +0200: Memory Usage (457528K) : lbe_drw has 0 polygons
2026-08-16 17:19:09 +0200: Memory Usage (457528K) : prboundary_drw has 0 polygons
2026-08-16 17:19:09 +0200: Memory Usage (457656K) : edgeseal_bound has 0 polygons
2026-08-16 17:19:09 +0200: Memory Usage (457656K) : Loaded TECH DRC rules values from /foss/pdks/ihp-sg13g2/libs.tech/klayout/python/sg13g2_pycell_lib/sg13g2_tech_mod.json
2026-08-16 17:19:09 +0200: Memory Usage (457656K) : Loaded default DRC rules values from /foss/pdks/ihp-sg13g2/libs.tech/klayout/tech/drc/rule_decks/sg13g2_tech_default.json
2026-08-16 17:19:09 +0200: Memory Usage (457656K) : The following rules values were missing in tech json and default values were used:
2026-08-16 17:19:09 +0200: Memory Usage (457656K) :   - NW_f1_digibnd
2026-08-16 17:19:09 +0200: Memory Usage (457656K) :   - Cnt_c_digibnd
2026-08-16 17:19:09 +0200: Memory Usage (457656K) :   - Cnt_c_sram
2026-08-16 17:19:09 +0200: Memory Usage (457656K) :   - Sdiod_b
2026-08-16 17:19:09 +0200: Memory Usage (457656K) :   - Sdiod_c
2026-08-16 17:19:09 +0200: Memory Usage (458928K) : Density sanity markers are disabled (set -rd density_sanity=true to enable).
2026-08-16 17:19:09 +0200: Memory Usage (458928K) : No prBoundary found. Using layout extent for chip area: 12787.235999999999 um^2.
2026-08-16 17:19:09 +0200: Memory Usage (458928K) : Using bbox (-0.27,-0.42;434.67,28.98) for density window origin.
2026-08-16 17:19:09 +0200: Memory Usage (459056K) : Total area of the design is 12787.235999999999 um^2.
2026-08-16 17:19:09 +0200: Memory Usage (459056K) : Starting density IHP-SG13G2 derivations.
2026-08-16 17:19:09 +0200: Memory Usage (459952K) : Starting IHP-SG13G2 DENSITY DRC rules.
2026-08-16 17:19:09 +0200: Memory Usage (459952K) : Computing activ area and density...
2026-08-16 17:19:09 +0200: Memory Usage (460908K) : Executing rule AFil.g
2026-08-16 17:19:09 +0200: Memory Usage (460908K) : Executing rule AFil.g1
2026-08-16 17:19:09 +0200: Memory Usage (460908K) : Executing rule AFil.g2
2026-08-16 17:19:09 +0200: Memory Usage (461804K) : Executing rule AFil.g3
2026-08-16 17:19:09 +0200: Memory Usage (462572K) : Computing poly area and density...
2026-08-16 17:19:09 +0200: Memory Usage (462572K) : Executing rule GFil.g
2026-08-16 17:19:09 +0200: Memory Usage (462572K) : Computing metal1 area and density...
2026-08-16 17:19:09 +0200: Memory Usage (462828K) : Executing rule M1.j
2026-08-16 17:19:09 +0200: Memory Usage (462828K) : Executing rule M1.k
2026-08-16 17:19:09 +0200: Memory Usage (462828K) : Computing metal2 area and density...
2026-08-16 17:19:09 +0200: Memory Usage (462828K) : Computing metal3 area and density...
2026-08-16 17:19:09 +0200: Memory Usage (462828K) : Computing metal4 area and density...
2026-08-16 17:19:09 +0200: Memory Usage (462828K) : Computing metal5 area and density...
2026-08-16 17:19:09 +0200: Memory Usage (462828K) : Executing rule M2.j
2026-08-16 17:19:09 +0200: Memory Usage (462828K) : Executing rule M2.k
2026-08-16 17:19:09 +0200: Memory Usage (462828K) : Executing rule M3.j
2026-08-16 17:19:09 +0200: Memory Usage (462828K) : Executing rule M3.k
2026-08-16 17:19:09 +0200: Memory Usage (462828K) : Executing rule M4.j
2026-08-16 17:19:09 +0200: Memory Usage (462828K) : Executing rule M4.k
2026-08-16 17:19:09 +0200: Memory Usage (462828K) : Executing rule M5.j
2026-08-16 17:19:09 +0200: Memory Usage (462828K) : Executing rule M5.k
2026-08-16 17:19:09 +0200: Memory Usage (462828K) : Executing rule M1Fil.h
2026-08-16 17:19:09 +0200: Memory Usage (463212K) : Executing rule M1Fil.k
2026-08-16 17:19:09 +0200: Memory Usage (463340K) : Executing rule M2Fil.h
2026-08-16 17:19:09 +0200: Memory Usage (463340K) : Executing rule M2Fil.k
2026-08-16 17:19:09 +0200: Memory Usage (463468K) : Executing rule M3Fil.h
2026-08-16 17:19:09 +0200: Memory Usage (463596K) : Executing rule M3Fil.k
2026-08-16 17:19:09 +0200: Memory Usage (463724K) : Executing rule M4Fil.h
2026-08-16 17:19:09 +0200: Memory Usage (463980K) : Executing rule M4Fil.k
2026-08-16 17:19:09 +0200: Memory Usage (464108K) : Executing rule M5Fil.h
2026-08-16 17:19:09 +0200: Memory Usage (464236K) : Executing rule M5Fil.k
2026-08-16 17:19:09 +0200: Memory Usage (464364K) : Computing TopMetal1 area and density...
2026-08-16 17:19:09 +0200: Memory Usage (464364K) : Executing rule TM1.c
2026-08-16 17:19:09 +0200: Memory Usage (464364K) : Executing rule TM1.d
2026-08-16 17:19:09 +0200: Memory Usage (464364K) : Computing TopMetal2 area and density...
2026-08-16 17:19:09 +0200: Memory Usage (464364K) : Executing rule TM2.c
2026-08-16 17:19:09 +0200: Memory Usage (464492K) : Executing rule TM2.d
2026-08-16 17:19:09 +0200: Memory Usage (464492K) : Computing LBE area and density...
2026-08-16 17:19:09 +0200: Memory Usage (464492K) : Executing rule LBE.i
2026-08-16 17:19:09 +0200: Memory Usage (464492K) : Executing rule Slt.i_M1
2026-08-16 17:19:09 +0200: Memory Usage (466668K) : Executing rule Slt.i_M2
2026-08-16 17:19:09 +0200: Memory Usage (466668K) : Executing rule Slt.i_M3
2026-08-16 17:19:09 +0200: Memory Usage (466668K) : Executing rule Slt.i_M4
2026-08-16 17:19:09 +0200: Memory Usage (466668K) : Executing rule Slt.i_M5
2026-08-16 17:19:09 +0200: Memory Usage (466796K) : Executing rule Slt.i_TM1
2026-08-16 17:19:09 +0200: Memory Usage (466796K) : Executing rule Slt.i_TM2
2026-08-16 17:19:09 +0200: Memory Usage (466796K) : ##################################################
2026-08-16 17:19:09 +0200: Memory Usage (466796K) :                  Density Report                 #
2026-08-16 17:19:09 +0200: Memory Usage (466796K) : ##################################################
2026-08-16 17:19:09 +0200: Memory Usage (466796K) : 
2026-08-16 17:19:09 +0200: Memory Usage (466796K) : Layer areas and percentages (units: um^2)
2026-08-16 17:19:09 +0200: Memory Usage (466796K) : --------------------------------------------------
2026-08-16 17:19:09 +0200: Memory Usage (466796K) : 
2026-08-16 17:19:09 +0200: Memory Usage (466796K) : Total Area     = 12787.24 um^2
2026-08-16 17:19:09 +0200: Memory Usage (466796K) : 
2026-08-16 17:19:09 +0200: Memory Usage (466796K) : Activ      Area      = 5330.41 µm²
2026-08-16 17:19:09 +0200: Memory Usage (466796K) : Activ      Density % = 41.69%  [Min = 35.00%,  Max = 55.00%]
2026-08-16 17:19:09 +0200: Memory Usage (466796K) : 
2026-08-16 17:19:09 +0200: Memory Usage (466796K) : GatPoly    Area      = 4001.54 µm²
2026-08-16 17:19:09 +0200: Memory Usage (466796K) : GatPoly    Density % = 31.29%  [Min = 15.00%]
2026-08-16 17:19:09 +0200: Memory Usage (466796K) : 
2026-08-16 17:19:09 +0200: Memory Usage (466796K) : Metal1     Area      = 4399.11 µm²
2026-08-16 17:19:09 +0200: Memory Usage (466796K) : Metal1     Density % = 34.40%  [Min = 35.00%,  Max = 60.00%]
2026-08-16 17:19:09 +0200: Memory Usage (466796K) : 
2026-08-16 17:19:09 +0200: Memory Usage (466796K) : Metal2     Area      = 16.39 µm²
2026-08-16 17:19:09 +0200: Memory Usage (466796K) : Metal2     Density % =  0.13%  [Min = 35.00%,  Max = 60.00%]
2026-08-16 17:19:09 +0200: Memory Usage (466796K) : 
2026-08-16 17:19:09 +0200: Memory Usage (466796K) : Metal3     Area      =  0.00 µm²
2026-08-16 17:19:09 +0200: Memory Usage (466796K) : Metal3     Density % =  0.00%  [Min = 35.00%,  Max = 60.00%]
2026-08-16 17:19:09 +0200: Memory Usage (466796K) : 
2026-08-16 17:19:09 +0200: Memory Usage (466796K) : Metal4     Area      =  0.00 µm²
2026-08-16 17:19:09 +0200: Memory Usage (466796K) : Metal4     Density % =  0.00%  [Min = 35.00%,  Max = 60.00%]
2026-08-16 17:19:09 +0200: Memory Usage (466796K) : 
2026-08-16 17:19:09 +0200: Memory Usage (466796K) : Metal5     Area      =  0.00 µm²
2026-08-16 17:19:09 +0200: Memory Usage (466796K) : Metal5     Density % =  0.00%  [Min = 35.00%,  Max = 60.00%]
2026-08-16 17:19:09 +0200: Memory Usage (466796K) : 
2026-08-16 17:19:09 +0200: Memory Usage (466796K) : TopMetal1  Area      =  0.00 µm²
2026-08-16 17:19:09 +0200: Memory Usage (466796K) : TopMetal1  Density % =  0.00%  [Min = 25.00%,  Max = 70.00%]
2026-08-16 17:19:09 +0200: Memory Usage (466796K) : 
2026-08-16 17:19:09 +0200: Memory Usage (466796K) : TopMetal2  Area      =  0.00 µm²
2026-08-16 17:19:09 +0200: Memory Usage (466796K) : TopMetal2  Density % =  0.00%  [Min = 25.00%,  Max = 70.00%]
2026-08-16 17:19:09 +0200: Memory Usage (466796K) : 
2026-08-16 17:19:09 +0200: Memory Usage (466796K) : LBE        Area      =  0.00 µm²
2026-08-16 17:19:09 +0200: Memory Usage (466796K) : LBE        Density % =  0.00%  [Max = 20.00%]
2026-08-16 17:19:09 +0200: Memory Usage (466796K) : 
2026-08-16 17:19:09 +0200: Memory Usage (466796K) : KLayout DRC run for density table completed in 0.34 seconds
16-Aug-2026 17:19:10 | INFO    | Completed running Density checks.
16-Aug-2026 17:19:10 | INFO    | Running IHP-SG13G2 sg13g2_maximal checks on design /foss/designs/sg13g2_stdcell_hv/work/drc/shared_rail.gds, topcell: shared_rail
ERROR: Signal number: 11
Address: 0x10
Program Version: KLayout 0.30.9 (2026-07-27 r62708771)

Backtrace:
/foss/tools/klayout/libklayout_lay.so.0 +0x30fd4f lay::enable_signal_handler_gui(bool) [??:?]
/lib/x86_64-linux-gnu/libc.so.6 +0x45330 __restore_rt [libc_sigaction.c:?]
/lib/x86_64-linux-gnu/libstdc++.so.6 +0xd4452 std::_Rb_tree_insert_and_rebalance(bool, std::_Rb_tree_node_base*, std::_Rb_tree_node_base*, std::_Rb_tree_node_base&) [??:?]
/foss/tools/klayout/libklayout_db.so.0 +0x8286ee std::pair<std::_Rb_tree_iterator<db::polygon<int> >, bool> std::_Rb_tree<db::polygon<int>, db::polygon<int>, std::_Identity<db::polygon<int> >, std::less<db::polygon<int> >, std::allocator<db::polygon<int> > >::_M_insert_unique<db::polygon<int> const&>(db::polygon<int> const&) [??:?]
/foss/tools/klayout/libklayout_db.so.0 +0x8450ba db::CompoundRegionProcessingOperationNode::processed(db::Layout*, db::object_with_properties<db::polygon_ref<db::polygon<int>, db::disp_trans<int> > > const&, db::complex_trans<int, int, double> const&, std::vector<db::object_with_properties<db::polygon_ref<db::polygon<int>, db::disp_trans<int> > >, std::allocator<db::object_with_properties<db::polygon_ref<db::polygon<int>, db::disp_trans<int> > > > >&) const [??:?]
/foss/tools/klayout/libklayout_db.so.0 +0x868418 void db::CompoundRegionProcessingOperationNode::implement_compute_local<db::object_with_properties<db::polygon_ref<db::polygon<int>, db::disp_trans<int> > > >(db::CompoundRegionOperationCache*, db::Layout*, db::Cell*, db::shape_interactions<db::object_with_properties<db::polygon_ref<db::polygon<int>, db::disp_trans<int> > >, db::object_with_properties<db::polygon_ref<db::polygon<int>, db::disp_trans<int> > > > const&, std::vector<std::unordered_set<db::object_with_properties<db::polygon_ref<db::polygon<int>, db::disp_trans<int> > >, std::hash<db::object_with_properties<db::polygon_ref<db::polygon<int>, db::disp_trans<int> > > >, std::equal_to<db::object_with_properties<db::polygon_ref<db::polygon<int>, db::disp_trans<int> > > >, std::allocator<db::object_with_properties<db::polygon_ref<db::polygon<int>, db::disp_trans<int> > > > >, std::allocator<std::unordered_set<db::object_with_properties<db::polygon_ref<db::polygon<int>, db::disp_trans<int> > >, std::hash<db::object_with_properties<db::polygon_ref<db::p [olygon<int>, db::disp_trans<int> > > >, std::equal_to<db::object_with_properties<db::polygon_ref<db::polygon<int>, db::disp_trans<int> > > >, std::allocator<db::object_with_properties<db::polygon_ref<db::polygon<int>, db::disp_trans<int> > > > > > >&, db::LocalProcessorBase const*) const]
/foss/tools/klayout/libklayout_db.so.0 +0x8654c6 void db::CompoundRegionOperationNode::implement_compute_local<db::object_with_properties<db::polygon_ref<db::polygon<int>, db::disp_trans<int> > >, db::object_with_properties<db::polygon_ref<db::polygon<int>, db::disp_trans<int> > >, db::object_with_properties<db::polygon_ref<db::polygon<int>, db::disp_trans<int> > > >(db::CompoundRegionOperationCache*, db::Layout*, db::Cell*, db::shape_interactions<db::object_with_properties<db::polygon_ref<db::polygon<int>, db::disp_trans<int> > >, db::object_with_properties<db::polygon_ref<db::polygon<int>, db::disp_trans<int> > > > const&, std::vector<std::unordered_set<db::object_with_properties<db::polygon_ref<db::polygon<int>, db::disp_trans<int> > >, std::hash<db::object_with_properties<db::polygon_ref<db::polygon<int>, db::disp_trans<int> > > >, std::equal_to<db::object_with_properties<db::polygon_ref<db::polygon<int>, db::disp_trans<int> > > >, std::allocator<db::object_with_properties<db::polygon_ref<db::polygon<int>, db::disp_trans<int> > > > >, std::allocator<s [td::unordered_set<db::object_with_properties<db::polygon_ref<db::polygon<int>, db::disp_trans<int> > >, std::hash<db::object_with_properties<db::polygon_ref<db::polygon<int>, db::disp_trans<int> > > >, std::equal_to<db::object_with_properties<db::polygon_ref<db::polygon<int>, db::disp_trans<int> > > >, std::allocator<db::object_with_properties<db::polygon_ref<db::polygon<int>, db::disp_trans<int> > > > > > >&, db::LocalProcessorBase const*) const]
/foss/tools/klayout/libklayout_db.so.0 +0x86900c db::CompoundRegionCountFilterNode::do_compute_local(db::CompoundRegionOperationCache*, db::Layout*, db::Cell*, db::shape_interactions<db::object_with_properties<db::polygon_ref<db::polygon<int>, db::disp_trans<int> > >, db::object_with_properties<db::polygon_ref<db::polygon<int>, db::disp_trans<int> > > > const&, std::vector<std::unordered_set<db::object_with_properties<db::polygon_ref<db::polygon<int>, db::disp_trans<int> > >, std::hash<db::object_with_properties<db::polygon_ref<db::polygon<int>, db::disp_trans<int> > > >, std::equal_to<db::object_with_properties<db::polygon_ref<db::polygon<int>, db::disp_trans<int> > > >, std::allocator<db::object_with_properties<db::polygon_ref<db::polygon<int>, db::disp_trans<int> > > > >, std::allocator<std::unordered_set<db::object_with_properties<db::polygon_ref<db::polygon<int>, db::disp_trans<int> > >, std::hash<db::object_with_properties<db::polygon_ref<db::polygon<int>, db::disp_trans<int> > > >, std::equal_to<db::object_with_properties<db::polygon_ref<db::polygo [n<int>, db::disp_trans<int> > > >, std::allocator<db::object_with_properties<db::polygon_ref<db::polygon<int>, db::disp_trans<int> > > > > > >&, db::LocalProcessorBase const*) const]
/foss/tools/klayout/libklayout_db.so.0 +0x8654c6 void db::CompoundRegionOperationNode::implement_compute_local<db::object_with_properties<db::polygon_ref<db::polygon<int>, db::disp_trans<int> > >, db::object_with_properties<db::polygon_ref<db::polygon<int>, db::disp_trans<int> > >, db::object_with_properties<db::polygon_ref<db::polygon<int>, db::disp_trans<int> > > >(db::CompoundRegionOperationCache*, db::Layout*, db::Cell*, db::shape_interactions<db::object_with_properties<db::polygon_ref<db::polygon<int>, db::disp_trans<int> > >, db::object_with_properties<db::polygon_ref<db::polygon<int>, db::disp_trans<int> > > > const&, std::vector<std::unordered_set<db::object_with_properties<db::polygon_ref<db::polygon<int>, db::disp_trans<int> > >, std::hash<db::object_with_properties<db::polygon_ref<db::polygon<int>, db::disp_trans<int> > > >, std::equal_to<db::object_with_properties<db::polygon_ref<db::polygon<int>, db::disp_trans<int> > > >, std::allocator<db::object_with_properties<db::polygon_ref<db::polygon<int>, db::disp_trans<int> > > > >, std::allocator<s [td::unordered_set<db::object_with_properties<db::polygon_ref<db::polygon<int>, db::disp_trans<int> > >, std::hash<db::object_with_properties<db::polygon_ref<db::polygon<int>, db::disp_trans<int> > > >, std::equal_to<db::object_with_properties<db::polygon_ref<db::polygon<int>, db::disp_trans<int> > > >, std::allocator<db::object_with_properties<db::polygon_ref<db::polygon<int>, db::disp_trans<int> > > > > > >&, db::LocalProcessorBase const*) const]
/foss/tools/klayout/libklayout_db.so.0 +0x867315 bool db::CompoundRegionOperationNode::compute_local_bool<db::polygon_ref<db::polygon<int>, db::disp_trans<int> > >(db::CompoundRegionOperationCache*, db::Layout*, db::Cell*, db::shape_interactions<db::object_with_properties<db::polygon_ref<db::polygon<int>, db::disp_trans<int> > >, db::object_with_properties<db::polygon_ref<db::polygon<int>, db::disp_trans<int> > > > const&, db::LocalProcessorBase const*) const [??:?]
/foss/tools/klayout/libklayout_db.so.0 +0x867604 db::CompoundRegionLogicalBoolOperationNode::do_compute_local(db::CompoundRegionOperationCache*, db::Layout*, db::Cell*, db::shape_interactions<db::object_with_properties<db::polygon_ref<db::polygon<int>, db::disp_trans<int> > >, db::object_with_properties<db::polygon_ref<db::polygon<int>, db::disp_trans<int> > > > const&, std::vector<std::unordered_set<db::object_with_properties<db::polygon_ref<db::polygon<int>, db::disp_trans<int> > >, std::hash<db::object_with_properties<db::polygon_ref<db::polygon<int>, db::disp_trans<int> > > >, std::equal_to<db::object_with_properties<db::polygon_ref<db::polygon<int>, db::disp_trans<int> > > >, std::allocator<db::object_with_properties<db::polygon_ref<db::polygon<int>, db::disp_trans<int> > > > >, std::allocator<std::unordered_set<db::object_with_properties<db::polygon_ref<db::polygon<int>, db::disp_trans<int> > >, std::hash<db::object_with_properties<db::polygon_ref<db::polygon<int>, db::disp_trans<int> > > >, std::equal_to<db::object_with_properties<db::polygon_ref<d [b::polygon<int>, db::disp_trans<int> > > >, std::allocator<db::object_with_properties<db::polygon_ref<db::polygon<int>, db::disp_trans<int> > > > > > >&, db::LocalProcessorBase const*) const]
/foss/tools/klayout/libklayout_db.so.0 +0x8654c6 void db::CompoundRegionOperationNode::implement_compute_local<db::object_with_properties<db::polygon_ref<db::polygon<int>, db::disp_trans<int> > >, db::object_with_properties<db::polygon_ref<db::polygon<int>, db::disp_trans<int> > >, db::object_with_properties<db::polygon_ref<db::polygon<int>, db::disp_trans<int> > > >(db::CompoundRegionOperationCache*, db::Layout*, db::Cell*, db::shape_interactions<db::object_with_properties<db::polygon_ref<db::polygon<int>, db::disp_trans<int> > >, db::object_with_properties<db::polygon_ref<db::polygon<int>, db::disp_trans<int> > > > const&, std::vector<std::unordered_set<db::object_with_properties<db::polygon_ref<db::polygon<int>, db::disp_trans<int> > >, std::hash<db::object_with_properties<db::polygon_ref<db::polygon<int>, db::disp_trans<int> > > >, std::equal_to<db::object_with_properties<db::polygon_ref<db::polygon<int>, db::disp_trans<int> > > >, std::allocator<db::object_with_properties<db::polygon_ref<db::polygon<int>, db::disp_trans<int> > > > >, std::allocator<s [td::unordered_set<db::object_with_properties<db::polygon_ref<db::polygon<int>, db::disp_trans<int> > >, std::hash<db::object_with_properties<db::polygon_ref<db::polygon<int>, db::disp_trans<int> > > >, std::equal_to<db::object_with_properties<db::polygon_ref<db::polygon<int>, db::disp_trans<int> > > >, std::allocator<db::object_with_properties<db::polygon_ref<db::polygon<int>, db::disp_trans<int> > > > > > >&, db::LocalProcessorBase const*) const]
/foss/tools/klayout/libklayout_db.so.0 +0x867315 bool db::CompoundRegionOperationNode::compute_local_bool<db::polygon_ref<db::polygon<int>, db::disp_trans<int> > >(db::CompoundRegionOperationCache*, db::Layout*, db::Cell*, db::shape_interactions<db::object_with_properties<db::polygon_ref<db::polygon<int>, db::disp_trans<int> > >, db::object_with_properties<db::polygon_ref<db::polygon<int>, db::disp_trans<int> > > > const&, db::LocalProcessorBase const*) const [??:?]
/foss/tools/klayout/libklayout_db.so.0 +0x867604 db::CompoundRegionLogicalBoolOperationNode::do_compute_local(db::CompoundRegionOperationCache*, db::Layout*, db::Cell*, db::shape_interactions<db::object_with_properties<db::polygon_ref<db::polygon<int>, db::disp_trans<int> > >, db::object_with_properties<db::polygon_ref<db::polygon<int>, db::disp_trans<int> > > > const&, std::vector<std::unordered_set<db::object_with_properties<db::polygon_ref<db::polygon<int>, db::disp_trans<int> > >, std::hash<db::object_with_properties<db::polygon_ref<db::polygon<int>, db::disp_trans<int> > > >, std::equal_to<db::object_with_properties<db::polygon_ref<db::polygon<int>, db::disp_trans<int> > > >, std::allocator<db::object_with_properties<db::polygon_ref<db::polygon<int>, db::disp_trans<int> > > > >, std::allocator<std::unordered_set<db::object_with_properties<db::polygon_ref<db::polygon<int>, db::disp_trans<int> > >, std::hash<db::object_with_properties<db::polygon_ref<db::polygon<int>, db::disp_trans<int> > > >, std::equal_to<db::object_with_properties<db::polygon_ref<d [b::polygon<int>, db::disp_trans<int> > > >, std::allocator<db::object_with_properties<db::polygon_ref<db::polygon<int>, db::disp_trans<int> > > > > > >&, db::LocalProcessorBase const*) const]
/foss/tools/klayout/libklayout_db.so.0 +0x8654c6 void db::CompoundRegionOperationNode::implement_compute_local<db::object_with_properties<db::polygon_ref<db::polygon<int>, db::disp_trans<int> > >, db::object_with_properties<db::polygon_ref<db::polygon<int>, db::disp_trans<int> > >, db::object_with_properties<db::polygon_ref<db::polygon<int>, db::disp_trans<int> > > >(db::CompoundRegionOperationCache*, db::Layout*, db::Cell*, db::shape_interactions<db::object_with_properties<db::polygon_ref<db::polygon<int>, db::disp_trans<int> > >, db::object_with_properties<db::polygon_ref<db::polygon<int>, db::disp_trans<int> > > > const&, std::vector<std::unordered_set<db::object_with_properties<db::polygon_ref<db::polygon<int>, db::disp_trans<int> > >, std::hash<db::object_with_properties<db::polygon_ref<db::polygon<int>, db::disp_trans<int> > > >, std::equal_to<db::object_with_properties<db::polygon_ref<db::polygon<int>, db::disp_trans<int> > > >, std::allocator<db::object_with_properties<db::polygon_ref<db::polygon<int>, db::disp_trans<int> > > > >, std::allocator<s [td::unordered_set<db::object_with_properties<db::polygon_ref<db::polygon<int>, db::disp_trans<int> > >, std::hash<db::object_with_properties<db::polygon_ref<db::polygon<int>, db::disp_trans<int> > > >, std::equal_to<db::object_with_properties<db::polygon_ref<db::polygon<int>, db::disp_trans<int> > > >, std::allocator<db::object_with_properties<db::polygon_ref<db::polygon<int>, db::disp_trans<int> > > > > > >&, db::LocalProcessorBase const*) const]
/foss/tools/klayout/libklayout_db.so.0 +0x1a2665d db::DeepRegion* db::shape_collection_processed_impl<db::polygon<int>, db::polygon<int>, db::DeepRegion>(db::DeepLayer const&, db::shape_collection_processor<db::polygon<int>, db::polygon<int> > const&) [??:?]
/foss/tools/klayout/libklayout_db.so.0 +0x174a0aa db::local_operation<db::object_with_properties<db::polygon_ref<db::polygon<int>, db::disp_trans<int> > >, db::object_with_properties<db::polygon_ref<db::polygon<int>, db::disp_trans<int> > >, db::object_with_properties<db::polygon_ref<db::polygon<int>, db::disp_trans<int> > > >::compute_local(db::Layout*, db::Cell*, db::shape_interactions<db::object_with_properties<db::polygon_ref<db::polygon<int>, db::disp_trans<int> > >, db::object_with_properties<db::polygon_ref<db::polygon<int>, db::disp_trans<int> > > > const&, std::vector<std::unordered_set<db::object_with_properties<db::polygon_ref<db::polygon<int>, db::disp_trans<int> > >, std::hash<db::object_with_properties<db::polygon_ref<db::polygon<int>, db::disp_trans<int> > > >, std::equal_to<db::object_with_properties<db::polygon_ref<db::polygon<int>, db::disp_trans<int> > > >, std::allocator<db::object_with_properties<db::polygon_ref<db::polygon<int>, db::disp_trans<int> > > > >, std::allocator<std::unordered_set<db::object_with_properties<db::polygon_ref<d [b::polygon<int>, db::disp_trans<int> > >, std::hash<db::object_with_properties<db::polygon_ref<db::polygon<int>, db::disp_trans<int> > > >, std::equal_to<db::object_with_properties<db::polygon_ref<db::polygon<int>, db::disp_trans<int> > > >, std::allocator<db::object_with_properties<db::polygon_ref<db::polygon<int>, db::disp_trans<int> > > > > > >&, db::LocalProcessorBase const*) const]
/foss/tools/klayout/libklayout_db.so.0 +0x19fc550 db::local_processor<db::object_with_properties<db::polygon_ref<db::polygon<int>, db::disp_trans<int> > >, db::object_with_properties<db::polygon_ref<db::polygon<int>, db::disp_trans<int> > >, db::object_with_properties<db::polygon_ref<db::polygon<int>, db::disp_trans<int> > > >::compute_local_cell(db::local_processor_contexts<db::object_with_properties<db::polygon_ref<db::polygon<int>, db::disp_trans<int> > >, db::object_with_properties<db::polygon_ref<db::polygon<int>, db::disp_trans<int> > >, db::object_with_properties<db::polygon_ref<db::polygon<int>, db::disp_trans<int> > > > const&, db::Cell*, db::Cell const*, db::local_operation<db::object_with_properties<db::polygon_ref<db::polygon<int>, db::disp_trans<int> > >, db::object_with_properties<db::polygon_ref<db::polygon<int>, db::disp_trans<int> > >, db::object_with_properties<db::polygon_ref<db::polygon<int>, db::disp_trans<int> > > > const*, std::pair<std::set<db::array<db::CellInst, db::simple_trans<int> >, std::less<db::array<db::CellInst, db::simple [_trans<int> > >, std::allocator<db::array<db::CellInst, db::simple_trans<int> > > >, std::map<unsigned int, std::set<db::object_with_properties<db::polygon_ref<db::polygon<int>, db::disp_trans<int> > >, std::less<db::object_with_properties<db::polygon_ref<db::polygon<int>, db::disp_trans<int> > > >, std::allocator<db::object_with_properties<db::polygon_ref<db::polygon<int>, db::disp_trans<int> > > > >, std::less<unsigned int>, std::allocator<std::pair<unsigned int const, std::set<db::object_with_properties<db::polygon_ref<db::polygon<int>, db::disp_trans<int> > >, std::less<db::object_with_properties<db::polygon_ref<db::polygon<int>, db::disp_trans<int> > > >, std::allocator<db::object_with_properties<db::polygon_ref<db::polygon<int>, db::disp_trans<int> > > > > > > > > const&, std::vector<std::unordered_set<db::object_with_properties<db::polygon_ref<db::polygon<int>, db::disp_trans<int> > >, std::hash<db::object_with_properties<db::polygon_ref<db::polygon<int>, db::disp_trans<int> > > >, std::equal_to<db::]
/foss/tools/klayout/libklayout_db.so.0 +0x97060c db::local_processor_cell_contexts<db::object_with_properties<db::polygon_ref<db::polygon<int>, db::disp_trans<int> > >, db::object_with_properties<db::polygon_ref<db::polygon<int>, db::disp_trans<int> > >, db::object_with_properties<db::polygon_ref<db::polygon<int>, db::disp_trans<int> > > >::compute_results(db::local_processor_contexts<db::object_with_properties<db::polygon_ref<db::polygon<int>, db::disp_trans<int> > >, db::object_with_properties<db::polygon_ref<db::polygon<int>, db::disp_trans<int> > >, db::object_with_properties<db::polygon_ref<db::polygon<int>, db::disp_trans<int> > > > const&, db::Cell*, db::local_operation<db::object_with_properties<db::polygon_ref<db::polygon<int>, db::disp_trans<int> > >, db::object_with_properties<db::polygon_ref<db::polygon<int>, db::disp_trans<int> > >, db::object_with_properties<db::polygon_ref<db::polygon<int>, db::disp_trans<int> > > > const*, std::vector<unsigned int, std::allocator<unsigned int> > const&, db::local_processor<db::object_with_properties<db::po [lygon_ref<db::polygon<int>, db::disp_trans<int> > >, db::object_with_properties<db::polygon_ref<db::polygon<int>, db::disp_trans<int> > >, db::object_with_properties<db::polygon_ref<db::polygon<int>, db::disp_trans<int> > > > const*)]
/foss/tools/klayout/libklayout_db.so.0 +0x17f3598 db::local_processor_result_computation_task<db::object_with_properties<db::polygon_ref<db::polygon<int>, db::disp_trans<int> > >, db::object_with_properties<db::polygon_ref<db::polygon<int>, db::disp_trans<int> > >, db::object_with_properties<db::polygon_ref<db::polygon<int>, db::disp_trans<int> > > >::perform() [??:?]
/foss/tools/klayout/libklayout_tl.so.0 +0xe81a0 tl::Worker::run() [??:?]
/lib/x86_64-linux-gnu/libQt6Core.so.6 +0x27c48d QThreadStorageData::set(void*) [??:?]
/lib/x86_64-linux-gnu/libc.so.6 +0x9caa4 start_thread [pthread_create.c:447]
/lib/x86_64-linux-gnu/libc.so.6 +0x129c6c clone3 [clone3.S:80]

Crash log written to /headless/.klayout/klayout_crash.logTraceback (most recent call last):
  File "/foss/pdks/ihp-sg13g2/libs.tech/klayout/tech/drc/run_drc.py", line 958, in <module>
    res = main(run_dir, args)
          ^^^^^^^^^^^^^^^^^^^
  File "/foss/pdks/ihp-sg13g2/libs.tech/klayout/tech/drc/run_drc.py", line 795, in main
    return run_single_processor(args, rule_deck_full_path, layout_path, switches, run_dir)
           ^^^^^^^^^^^^^^^^^^^^^^^^^^^^^^^^^^^^^^^^^^^^^^^^^^^^^^^^^^^^^^^^^^^^^^^^^^^^^^^
  File "/foss/pdks/ihp-sg13g2/libs.tech/klayout/tech/drc/run_drc.py", line 753, in run_single_processor
    run_check_by_flag(not args.disable_extra_rules, "sg13g2_maximal")
  File "/foss/pdks/ihp-sg13g2/libs.tech/klayout/tech/drc/run_drc.py", line 726, in run_check_by_flag
    result_dbs.append(run_check(drc_path, [name], layout_path, run_dir, switches))
                      ^^^^^^^^^^^^^^^^^^^^^^^^^^^^^^^^^^^^^^^^^^^^^^^^^^^^^^^^^^^
  File "/foss/pdks/ihp-sg13g2/libs.tech/klayout/tech/drc/run_drc.py", line 614, in run_check
    check_call(run_cmd, shell=True)
  File "/usr/lib/python3.12/subprocess.py", line 413, in check_call
    raise CalledProcessError(retcode, cmd)
subprocess.CalledProcessError: Command 'klayout -b -r '/foss/pdks/ihp-sg13g2/libs.tech/klayout/tech/drc/rule_decks/sg13g2_maximal.drc' -rd threads='8' -rd drc_json_default='/foss/pdks/ihp-sg13g2/libs.tech/klayout/tech/drc/rule_decks/sg13g2_tech_default.json' -rd drc_json='/foss/pdks/ihp-sg13g2/libs.tech/klayout/python/sg13g2_pycell_lib/sg13g2_tech_mod.json' -rd run_mode='deep' -rd precheck_drc='false' -rd disable_extra_rules='false' -rd no_feol='false' -rd no_beol='false' -rd no_offgrid='false' -rd no_angle='false' -rd density_sanity='false' -rd density='true' -rd no_forbidden='false' -rd no_pin='false' -rd no_recommended='false' -rd topcell='shared_rail' -rd input='/foss/designs/sg13g2_stdcell_hv/work/drc/shared_rail.gds' -rd report='/foss/designs/sg13g2_stdcell_hv/work/drc/shared_rail_run/shared_rail_shared_rail_sg13g2_maximal.lyrdb' -rd log='/foss/designs/sg13g2_stdcell_hv/work/drc/shared_rail_run/shared_rail_shared_rail_sg13g2_maximal.log' -rd tables="sg13g2_maximal"' returned non-zero exit status 11.
